# Blender v3.5.0 OBJ File: 'models.blend'
# www.blender.org
mtllib p_stand.mtl
o p_stand
v 0.156000 0.025616 0.104500
v 0.156000 0.026482 0.106000
v 0.154000 0.025616 0.104500
v 0.154000 0.026482 0.106000
v 0.156000 0.025616 0.107500
v 0.154000 0.025616 0.107500
v 0.156000 0.023884 0.107500
v 0.154000 0.023884 0.107500
v 0.156000 0.023018 0.106000
v 0.154000 0.023018 0.106000
v 0.156000 0.023884 0.104500
v 0.154000 0.023884 0.104500
v 0.156000 0.024257 0.102889
v 0.155650 0.024228 0.102539
v 0.156000 0.024750 0.102850
v 0.155650 0.024750 0.102500
v 0.155650 0.025272 0.102539
v 0.155650 0.023718 0.102656
v 0.156000 0.023777 0.103004
v 0.155650 0.023231 0.102847
v 0.156000 0.023320 0.103193
v 0.155650 0.022778 0.103108
v 0.156000 0.022898 0.103452
v 0.155650 0.022369 0.103434
v 0.156000 0.022523 0.103773
v 0.155650 0.022014 0.103818
v 0.156000 0.022202 0.104148
v 0.155650 0.021719 0.104250
v 0.156000 0.021943 0.104570
v 0.155650 0.021492 0.104721
v 0.156000 0.021754 0.105027
v 0.155650 0.021338 0.105221
v 0.156000 0.021639 0.105507
v 0.155650 0.021260 0.105738
v 0.156000 0.021600 0.106000
v 0.155650 0.021260 0.106262
v 0.156000 0.021639 0.106493
v 0.155650 0.021338 0.106779
v 0.156000 0.021754 0.106973
v 0.155650 0.021492 0.107279
v 0.156000 0.021943 0.107430
v 0.155650 0.021719 0.107750
v 0.156000 0.022202 0.107852
v 0.155650 0.022014 0.108182
v 0.156000 0.022523 0.108227
v 0.155650 0.022369 0.108566
v 0.156000 0.022898 0.108548
v 0.155650 0.022778 0.108892
v 0.156000 0.023320 0.108807
v 0.155650 0.023231 0.109153
v 0.156000 0.023777 0.108996
v 0.155650 0.023718 0.109345
v 0.156000 0.024257 0.109111
v 0.155650 0.024228 0.109461
v 0.156000 0.024750 0.109150
v 0.155650 0.024750 0.109500
v 0.155650 0.025272 0.109461
v 0.156000 0.025243 0.109111
v 0.155650 0.025782 0.109345
v 0.156000 0.025723 0.108996
v 0.155650 0.026269 0.109153
v 0.156000 0.026180 0.108807
v 0.155650 0.026722 0.108892
v 0.156000 0.026602 0.108548
v 0.155650 0.027131 0.108566
v 0.156000 0.026977 0.108227
v 0.155650 0.027486 0.108182
v 0.156000 0.027298 0.107852
v 0.155650 0.027781 0.107750
v 0.156000 0.027557 0.107430
v 0.155650 0.028008 0.107279
v 0.156000 0.027746 0.106973
v 0.155650 0.028162 0.106779
v 0.156000 0.027861 0.106493
v 0.155650 0.028240 0.106262
v 0.156000 0.027900 0.106000
v 0.155650 0.028240 0.105738
v 0.156000 0.027861 0.105507
v 0.155650 0.028162 0.105221
v 0.156000 0.027746 0.105027
v 0.155650 0.028008 0.104721
v 0.156000 0.027557 0.104570
v 0.155650 0.027781 0.104250
v 0.156000 0.027298 0.104148
v 0.155650 0.027486 0.103818
v 0.156000 0.026977 0.103773
v 0.155650 0.027131 0.103434
v 0.156000 0.026602 0.103452
v 0.155650 0.026722 0.103108
v 0.156000 0.026180 0.103193
v 0.155650 0.026269 0.102847
v 0.156000 0.025723 0.103004
v 0.155650 0.025782 0.102656
v 0.156000 0.025243 0.102889
v 0.152000 0.025272 0.102539
v 0.152000 0.024750 0.102500
v 0.152000 0.024228 0.102539
v 0.152000 0.023718 0.102656
v 0.152000 0.023231 0.102847
v 0.152000 0.022778 0.103108
v 0.152000 0.022369 0.103434
v 0.152000 0.022014 0.103818
v 0.152000 0.021719 0.104250
v 0.152000 0.021492 0.104721
v 0.152000 0.021338 0.105221
v 0.152000 0.021260 0.105738
v 0.152000 0.021260 0.106262
v 0.152000 0.021338 0.106779
v 0.152000 0.021492 0.107279
v 0.152000 0.021719 0.107750
v 0.152000 0.022014 0.108182
v 0.152000 0.022369 0.108566
v 0.152000 0.022778 0.108892
v 0.152000 0.023231 0.109153
v 0.152000 0.023718 0.109345
v 0.152000 0.024228 0.109461
v 0.152000 0.024750 0.109500
v 0.152000 0.025272 0.109461
v 0.152000 0.025782 0.109345
v 0.152000 0.026269 0.109153
v 0.152000 0.026722 0.108892
v 0.152000 0.027131 0.108566
v 0.152000 0.027486 0.108182
v 0.152000 0.027781 0.107750
v 0.152000 0.028008 0.107279
v 0.152000 0.028162 0.106779
v 0.152000 0.028240 0.106262
v 0.152000 0.028240 0.105738
v 0.152000 0.028162 0.105221
v 0.152000 0.028008 0.104721
v 0.152000 0.027781 0.104250
v 0.152000 0.027486 0.103818
v 0.152000 0.027131 0.103434
v 0.152000 0.026722 0.103108
v 0.152000 0.026269 0.102847
v 0.152000 0.025782 0.102656
v 0.156000 0.013616 0.104500
v 0.156000 0.014482 0.106000
v 0.154000 0.013616 0.104500
v 0.154000 0.014482 0.106000
v 0.156000 0.013616 0.107500
v 0.154000 0.013616 0.107500
v 0.156000 0.011884 0.107500
v 0.154000 0.011884 0.107500
v 0.156000 0.011018 0.106000
v 0.154000 0.011018 0.106000
v 0.156000 0.011884 0.104500
v 0.154000 0.011884 0.104500
v 0.156000 0.012257 0.102889
v 0.155650 0.012228 0.102539
v 0.156000 0.012750 0.102850
v 0.155650 0.012750 0.102500
v 0.155650 0.013272 0.102539
v 0.155650 0.011718 0.102656
v 0.156000 0.011777 0.103004
v 0.155650 0.011231 0.102847
v 0.156000 0.011320 0.103193
v 0.155650 0.010778 0.103108
v 0.156000 0.010898 0.103452
v 0.155650 0.010369 0.103434
v 0.156000 0.010523 0.103773
v 0.155650 0.010014 0.103818
v 0.156000 0.010202 0.104148
v 0.155650 0.009719 0.104250
v 0.156000 0.009943 0.104570
v 0.155650 0.009492 0.104721
v 0.156000 0.009754 0.105027
v 0.155650 0.009338 0.105221
v 0.156000 0.009639 0.105507
v 0.155650 0.009260 0.105738
v 0.156000 0.009600 0.106000
v 0.155650 0.009260 0.106262
v 0.156000 0.009639 0.106493
v 0.155650 0.009338 0.106779
v 0.156000 0.009754 0.106973
v 0.155650 0.009492 0.107279
v 0.156000 0.009943 0.107430
v 0.155650 0.009719 0.107750
v 0.156000 0.010202 0.107852
v 0.155650 0.010014 0.108182
v 0.156000 0.010523 0.108227
v 0.155650 0.010369 0.108566
v 0.156000 0.010898 0.108548
v 0.155650 0.010778 0.108892
v 0.156000 0.011320 0.108807
v 0.155650 0.011231 0.109153
v 0.156000 0.011777 0.108996
v 0.155650 0.011718 0.109345
v 0.156000 0.012257 0.109111
v 0.155650 0.012228 0.109461
v 0.156000 0.012750 0.109150
v 0.155650 0.012750 0.109500
v 0.155650 0.013272 0.109461
v 0.156000 0.013243 0.109111
v 0.155650 0.013782 0.109345
v 0.156000 0.013723 0.108996
v 0.155650 0.014269 0.109153
v 0.156000 0.014180 0.108807
v 0.155650 0.014722 0.108892
v 0.156000 0.014602 0.108548
v 0.155650 0.015131 0.108566
v 0.156000 0.014977 0.108227
v 0.155650 0.015486 0.108182
v 0.156000 0.015298 0.107852
v 0.155650 0.015781 0.107750
v 0.156000 0.015557 0.107430
v 0.155650 0.016008 0.107279
v 0.156000 0.015746 0.106973
v 0.155650 0.016162 0.106779
v 0.156000 0.015861 0.106493
v 0.155650 0.016240 0.106262
v 0.156000 0.015900 0.106000
v 0.155650 0.016240 0.105738
v 0.156000 0.015861 0.105507
v 0.155650 0.016162 0.105221
v 0.156000 0.015746 0.105027
v 0.155650 0.016008 0.104721
v 0.156000 0.015557 0.104570
v 0.155650 0.015781 0.104250
v 0.156000 0.015298 0.104148
v 0.155650 0.015486 0.103818
v 0.156000 0.014977 0.103773
v 0.155650 0.015131 0.103434
v 0.156000 0.014602 0.103452
v 0.155650 0.014722 0.103108
v 0.156000 0.014180 0.103193
v 0.155650 0.014269 0.102847
v 0.156000 0.013723 0.103004
v 0.155650 0.013782 0.102656
v 0.156000 0.013243 0.102889
v 0.152000 0.013272 0.102539
v 0.152000 0.012750 0.102500
v 0.152000 0.012228 0.102539
v 0.152000 0.011718 0.102656
v 0.152000 0.011231 0.102847
v 0.152000 0.010778 0.103108
v 0.152000 0.010369 0.103434
v 0.152000 0.010014 0.103818
v 0.152000 0.009719 0.104250
v 0.152000 0.009492 0.104721
v 0.152000 0.009338 0.105221
v 0.152000 0.009260 0.105738
v 0.152000 0.009260 0.106262
v 0.152000 0.009338 0.106779
v 0.152000 0.009492 0.107279
v 0.152000 0.009719 0.107750
v 0.152000 0.010014 0.108182
v 0.152000 0.010369 0.108566
v 0.152000 0.010778 0.108892
v 0.152000 0.011231 0.109153
v 0.152000 0.011718 0.109345
v 0.152000 0.012228 0.109461
v 0.152000 0.012750 0.109500
v 0.152000 0.013272 0.109461
v 0.152000 0.013782 0.109345
v 0.152000 0.014269 0.109153
v 0.152000 0.014722 0.108892
v 0.152000 0.015131 0.108566
v 0.152000 0.015486 0.108182
v 0.152000 0.015781 0.107750
v 0.152000 0.016008 0.107279
v 0.152000 0.016162 0.106779
v 0.152000 0.016240 0.106262
v 0.152000 0.016240 0.105738
v 0.152000 0.016162 0.105221
v 0.152000 0.016008 0.104721
v 0.152000 0.015781 0.104250
v 0.152000 0.015486 0.103818
v 0.152000 0.015131 0.103434
v 0.152000 0.014722 0.103108
v 0.152000 0.014269 0.102847
v 0.152000 0.013782 0.102656
v 0.156000 0.025616 0.064500
v 0.156000 0.026482 0.066000
v 0.154000 0.025616 0.064500
v 0.154000 0.026482 0.066000
v 0.156000 0.025616 0.067500
v 0.154000 0.025616 0.067500
v 0.156000 0.023884 0.067500
v 0.154000 0.023884 0.067500
v 0.156000 0.023018 0.066000
v 0.154000 0.023018 0.066000
v 0.156000 0.023884 0.064500
v 0.154000 0.023884 0.064500
v 0.156000 0.024257 0.062889
v 0.155650 0.024228 0.062539
v 0.156000 0.024750 0.062850
v 0.155650 0.024750 0.062500
v 0.155650 0.025272 0.062539
v 0.155650 0.023718 0.062656
v 0.156000 0.023777 0.063004
v 0.155650 0.023231 0.062847
v 0.156000 0.023320 0.063193
v 0.155650 0.022778 0.063108
v 0.156000 0.022898 0.063452
v 0.155650 0.022369 0.063434
v 0.156000 0.022523 0.063773
v 0.155650 0.022014 0.063818
v 0.156000 0.022202 0.064148
v 0.155650 0.021719 0.064250
v 0.156000 0.021943 0.064570
v 0.155650 0.021492 0.064721
v 0.156000 0.021754 0.065027
v 0.155650 0.021338 0.065221
v 0.156000 0.021639 0.065507
v 0.155650 0.021260 0.065738
v 0.156000 0.021600 0.066000
v 0.155650 0.021260 0.066262
v 0.156000 0.021639 0.066493
v 0.155650 0.021338 0.066779
v 0.156000 0.021754 0.066973
v 0.155650 0.021492 0.067279
v 0.156000 0.021943 0.067430
v 0.155650 0.021719 0.067750
v 0.156000 0.022202 0.067852
v 0.155650 0.022014 0.068182
v 0.156000 0.022523 0.068227
v 0.155650 0.022369 0.068566
v 0.156000 0.022898 0.068548
v 0.155650 0.022778 0.068892
v 0.156000 0.023320 0.068807
v 0.155650 0.023231 0.069153
v 0.156000 0.023777 0.068996
v 0.155650 0.023718 0.069345
v 0.156000 0.024257 0.069111
v 0.155650 0.024228 0.069461
v 0.156000 0.024750 0.069150
v 0.155650 0.024750 0.069500
v 0.155650 0.025272 0.069461
v 0.156000 0.025243 0.069111
v 0.155650 0.025782 0.069345
v 0.156000 0.025723 0.068996
v 0.155650 0.026269 0.069153
v 0.156000 0.026180 0.068807
v 0.155650 0.026722 0.068892
v 0.156000 0.026602 0.068548
v 0.155650 0.027131 0.068566
v 0.156000 0.026977 0.068227
v 0.155650 0.027486 0.068182
v 0.156000 0.027298 0.067852
v 0.155650 0.027781 0.067750
v 0.156000 0.027557 0.067430
v 0.155650 0.028008 0.067279
v 0.156000 0.027746 0.066973
v 0.155650 0.028162 0.066779
v 0.156000 0.027861 0.066493
v 0.155650 0.028240 0.066262
v 0.156000 0.027900 0.066000
v 0.155650 0.028240 0.065738
v 0.156000 0.027861 0.065507
v 0.155650 0.028162 0.065221
v 0.156000 0.027746 0.065027
v 0.155650 0.028008 0.064721
v 0.156000 0.027557 0.064570
v 0.155650 0.027781 0.064250
v 0.156000 0.027298 0.064148
v 0.155650 0.027486 0.063818
v 0.156000 0.026977 0.063773
v 0.155650 0.027131 0.063434
v 0.156000 0.026602 0.063452
v 0.155650 0.026722 0.063108
v 0.156000 0.026180 0.063193
v 0.155650 0.026269 0.062847
v 0.156000 0.025723 0.063004
v 0.155650 0.025782 0.062656
v 0.156000 0.025243 0.062889
v 0.152000 0.025272 0.062539
v 0.152000 0.024750 0.062500
v 0.152000 0.024228 0.062539
v 0.152000 0.023718 0.062656
v 0.152000 0.023231 0.062847
v 0.152000 0.022778 0.063108
v 0.152000 0.022369 0.063434
v 0.152000 0.022014 0.063818
v 0.152000 0.021719 0.064250
v 0.152000 0.021492 0.064721
v 0.152000 0.021338 0.065221
v 0.152000 0.021260 0.065738
v 0.152000 0.021260 0.066262
v 0.152000 0.021338 0.066779
v 0.152000 0.021492 0.067279
v 0.152000 0.021719 0.067750
v 0.152000 0.022014 0.068182
v 0.152000 0.022369 0.068566
v 0.152000 0.022778 0.068892
v 0.152000 0.023231 0.069153
v 0.152000 0.023718 0.069345
v 0.152000 0.024228 0.069461
v 0.152000 0.024750 0.069500
v 0.152000 0.025272 0.069461
v 0.152000 0.025782 0.069345
v 0.152000 0.026269 0.069153
v 0.152000 0.026722 0.068892
v 0.152000 0.027131 0.068566
v 0.152000 0.027486 0.068182
v 0.152000 0.027781 0.067750
v 0.152000 0.028008 0.067279
v 0.152000 0.028162 0.066779
v 0.152000 0.028240 0.066262
v 0.152000 0.028240 0.065738
v 0.152000 0.028162 0.065221
v 0.152000 0.028008 0.064721
v 0.152000 0.027781 0.064250
v 0.152000 0.027486 0.063818
v 0.152000 0.027131 0.063434
v 0.152000 0.026722 0.063108
v 0.152000 0.026269 0.062847
v 0.152000 0.025782 0.062656
v 0.156000 0.013616 0.064500
v 0.156000 0.014482 0.066000
v 0.154000 0.013616 0.064500
v 0.154000 0.014482 0.066000
v 0.156000 0.013616 0.067500
v 0.154000 0.013616 0.067500
v 0.156000 0.011884 0.067500
v 0.154000 0.011884 0.067500
v 0.156000 0.011018 0.066000
v 0.154000 0.011018 0.066000
v 0.156000 0.011884 0.064500
v 0.154000 0.011884 0.064500
v 0.156000 0.012257 0.062889
v 0.155650 0.012228 0.062539
v 0.156000 0.012750 0.062850
v 0.155650 0.012750 0.062500
v 0.155650 0.013272 0.062539
v 0.155650 0.011718 0.062656
v 0.156000 0.011777 0.063004
v 0.155650 0.011231 0.062847
v 0.156000 0.011320 0.063193
v 0.155650 0.010778 0.063108
v 0.156000 0.010898 0.063452
v 0.155650 0.010369 0.063434
v 0.156000 0.010523 0.063773
v 0.155650 0.010014 0.063818
v 0.156000 0.010202 0.064148
v 0.155650 0.009719 0.064250
v 0.156000 0.009943 0.064570
v 0.155650 0.009492 0.064721
v 0.156000 0.009754 0.065027
v 0.155650 0.009338 0.065221
v 0.156000 0.009639 0.065507
v 0.155650 0.009260 0.065738
v 0.156000 0.009600 0.066000
v 0.155650 0.009260 0.066262
v 0.156000 0.009639 0.066493
v 0.155650 0.009338 0.066779
v 0.156000 0.009754 0.066973
v 0.155650 0.009492 0.067279
v 0.156000 0.009943 0.067430
v 0.155650 0.009719 0.067750
v 0.156000 0.010202 0.067852
v 0.155650 0.010014 0.068182
v 0.156000 0.010523 0.068227
v 0.155650 0.010369 0.068566
v 0.156000 0.010898 0.068548
v 0.155650 0.010778 0.068892
v 0.156000 0.011320 0.068807
v 0.155650 0.011231 0.069153
v 0.156000 0.011777 0.068996
v 0.155650 0.011718 0.069345
v 0.156000 0.012257 0.069111
v 0.155650 0.012228 0.069461
v 0.156000 0.012750 0.069150
v 0.155650 0.012750 0.069500
v 0.155650 0.013272 0.069461
v 0.156000 0.013243 0.069111
v 0.155650 0.013782 0.069345
v 0.156000 0.013723 0.068996
v 0.155650 0.014269 0.069153
v 0.156000 0.014180 0.068807
v 0.155650 0.014722 0.068892
v 0.156000 0.014602 0.068548
v 0.155650 0.015131 0.068566
v 0.156000 0.014977 0.068227
v 0.155650 0.015486 0.068182
v 0.156000 0.015298 0.067852
v 0.155650 0.015781 0.067750
v 0.156000 0.015557 0.067430
v 0.155650 0.016008 0.067279
v 0.156000 0.015746 0.066973
v 0.155650 0.016162 0.066779
v 0.156000 0.015861 0.066493
v 0.155650 0.016240 0.066262
v 0.156000 0.015900 0.066000
v 0.155650 0.016240 0.065738
v 0.156000 0.015861 0.065507
v 0.155650 0.016162 0.065221
v 0.156000 0.015746 0.065027
v 0.155650 0.016008 0.064721
v 0.156000 0.015557 0.064570
v 0.155650 0.015781 0.064250
v 0.156000 0.015298 0.064148
v 0.155650 0.015486 0.063818
v 0.156000 0.014977 0.063773
v 0.155650 0.015131 0.063434
v 0.156000 0.014602 0.063452
v 0.155650 0.014722 0.063108
v 0.156000 0.014180 0.063193
v 0.155650 0.014269 0.062847
v 0.156000 0.013723 0.063004
v 0.155650 0.013782 0.062656
v 0.156000 0.013243 0.062889
v 0.152000 0.013272 0.062539
v 0.152000 0.012750 0.062500
v 0.152000 0.012228 0.062539
v 0.152000 0.011718 0.062656
v 0.152000 0.011231 0.062847
v 0.152000 0.010778 0.063108
v 0.152000 0.010369 0.063434
v 0.152000 0.010014 0.063818
v 0.152000 0.009719 0.064250
v 0.152000 0.009492 0.064721
v 0.152000 0.009338 0.065221
v 0.152000 0.009260 0.065738
v 0.152000 0.009260 0.066262
v 0.152000 0.009338 0.066779
v 0.152000 0.009492 0.067279
v 0.152000 0.009719 0.067750
v 0.152000 0.010014 0.068182
v 0.152000 0.010369 0.068566
v 0.152000 0.010778 0.068892
v 0.152000 0.011231 0.069153
v 0.152000 0.011718 0.069345
v 0.152000 0.012228 0.069461
v 0.152000 0.012750 0.069500
v 0.152000 0.013272 0.069461
v 0.152000 0.013782 0.069345
v 0.152000 0.014269 0.069153
v 0.152000 0.014722 0.068892
v 0.152000 0.015131 0.068566
v 0.152000 0.015486 0.068182
v 0.152000 0.015781 0.067750
v 0.152000 0.016008 0.067279
v 0.152000 0.016162 0.066779
v 0.152000 0.016240 0.066262
v 0.152000 0.016240 0.065738
v 0.152000 0.016162 0.065221
v 0.152000 0.016008 0.064721
v 0.152000 0.015781 0.064250
v 0.152000 0.015486 0.063818
v 0.152000 0.015131 0.063434
v 0.152000 0.014722 0.063108
v 0.152000 0.014269 0.062847
v 0.152000 0.013782 0.062656
v -0.006000 0.025616 0.107500
v -0.006000 0.026482 0.106000
v -0.004000 0.025616 0.107500
v -0.004000 0.026482 0.106000
v -0.006000 0.025616 0.104500
v -0.004000 0.025616 0.104500
v -0.006000 0.023884 0.104500
v -0.004000 0.023884 0.104500
v -0.006000 0.023018 0.106000
v -0.004000 0.023018 0.106000
v -0.006000 0.023884 0.107500
v -0.004000 0.023884 0.107500
v -0.006000 0.024257 0.109111
v -0.005650 0.024228 0.109461
v -0.006000 0.024750 0.109150
v -0.005650 0.024750 0.109500
v -0.005650 0.025272 0.109461
v -0.005650 0.023718 0.109345
v -0.006000 0.023777 0.108996
v -0.005650 0.023231 0.109153
v -0.006000 0.023320 0.108807
v -0.005650 0.022778 0.108892
v -0.006000 0.022898 0.108548
v -0.005650 0.022369 0.108566
v -0.006000 0.022523 0.108227
v -0.005650 0.022014 0.108182
v -0.006000 0.022202 0.107852
v -0.005650 0.021719 0.107750
v -0.006000 0.021943 0.107430
v -0.005650 0.021492 0.107279
v -0.006000 0.021754 0.106973
v -0.005650 0.021338 0.106779
v -0.006000 0.021639 0.106493
v -0.005650 0.021260 0.106262
v -0.006000 0.021600 0.106000
v -0.005650 0.021260 0.105738
v -0.006000 0.021639 0.105507
v -0.005650 0.021338 0.105221
v -0.006000 0.021754 0.105027
v -0.005650 0.021492 0.104721
v -0.006000 0.021943 0.104570
v -0.005650 0.021719 0.104250
v -0.006000 0.022202 0.104148
v -0.005650 0.022014 0.103818
v -0.006000 0.022523 0.103773
v -0.005650 0.022369 0.103434
v -0.006000 0.022898 0.103452
v -0.005650 0.022778 0.103108
v -0.006000 0.023320 0.103193
v -0.005650 0.023231 0.102847
v -0.006000 0.023777 0.103004
v -0.005650 0.023718 0.102656
v -0.006000 0.024257 0.102889
v -0.005650 0.024228 0.102539
v -0.006000 0.024750 0.102850
v -0.005650 0.024750 0.102500
v -0.005650 0.025272 0.102539
v -0.006000 0.025243 0.102889
v -0.005650 0.025782 0.102656
v -0.006000 0.025723 0.103004
v -0.005650 0.026269 0.102847
v -0.006000 0.026180 0.103193
v -0.005650 0.026722 0.103108
v -0.006000 0.026602 0.103452
v -0.005650 0.027131 0.103434
v -0.006000 0.026977 0.103773
v -0.005650 0.027486 0.103818
v -0.006000 0.027298 0.104148
v -0.005650 0.027781 0.104250
v -0.006000 0.027557 0.104570
v -0.005650 0.028008 0.104721
v -0.006000 0.027746 0.105027
v -0.005650 0.028162 0.105221
v -0.006000 0.027861 0.105507
v -0.005650 0.028240 0.105738
v -0.006000 0.027900 0.106000
v -0.005650 0.028240 0.106262
v -0.006000 0.027861 0.106493
v -0.005650 0.028162 0.106779
v -0.006000 0.027746 0.106973
v -0.005650 0.028008 0.107279
v -0.006000 0.027557 0.107430
v -0.005650 0.027781 0.107750
v -0.006000 0.027298 0.107852
v -0.005650 0.027486 0.108182
v -0.006000 0.026977 0.108227
v -0.005650 0.027131 0.108566
v -0.006000 0.026602 0.108548
v -0.005650 0.026722 0.108892
v -0.006000 0.026180 0.108807
v -0.005650 0.026269 0.109153
v -0.006000 0.025723 0.108996
v -0.005650 0.025782 0.109345
v -0.006000 0.025243 0.109111
v -0.002000 0.025272 0.109461
v -0.002000 0.024750 0.109500
v -0.002000 0.024228 0.109461
v -0.002000 0.023718 0.109345
v -0.002000 0.023231 0.109153
v -0.002000 0.022778 0.108892
v -0.002000 0.022369 0.108566
v -0.002000 0.022014 0.108182
v -0.002000 0.021719 0.107750
v -0.002000 0.021492 0.107279
v -0.002000 0.021338 0.106779
v -0.002000 0.021260 0.106262
v -0.002000 0.021260 0.105738
v -0.002000 0.021338 0.105221
v -0.002000 0.021492 0.104721
v -0.002000 0.021719 0.104250
v -0.002000 0.022014 0.103818
v -0.002000 0.022369 0.103434
v -0.002000 0.022778 0.103108
v -0.002000 0.023231 0.102847
v -0.002000 0.023718 0.102656
v -0.002000 0.024228 0.102539
v -0.002000 0.024750 0.102500
v -0.002000 0.025272 0.102539
v -0.002000 0.025782 0.102656
v -0.002000 0.026269 0.102847
v -0.002000 0.026722 0.103108
v -0.002000 0.027131 0.103434
v -0.002000 0.027486 0.103818
v -0.002000 0.027781 0.104250
v -0.002000 0.028008 0.104721
v -0.002000 0.028162 0.105221
v -0.002000 0.028240 0.105738
v -0.002000 0.028240 0.106262
v -0.002000 0.028162 0.106779
v -0.002000 0.028008 0.107279
v -0.002000 0.027781 0.107750
v -0.002000 0.027486 0.108182
v -0.002000 0.027131 0.108566
v -0.002000 0.026722 0.108892
v -0.002000 0.026269 0.109153
v -0.002000 0.025782 0.109345
v -0.006000 0.013616 0.107500
v -0.006000 0.014482 0.106000
v -0.004000 0.013616 0.107500
v -0.004000 0.014482 0.106000
v -0.006000 0.013616 0.104500
v -0.004000 0.013616 0.104500
v -0.006000 0.011884 0.104500
v -0.004000 0.011884 0.104500
v -0.006000 0.011018 0.106000
v -0.004000 0.011018 0.106000
v -0.006000 0.011884 0.107500
v -0.004000 0.011884 0.107500
v -0.006000 0.012257 0.109111
v -0.005650 0.012228 0.109461
v -0.006000 0.012750 0.109150
v -0.005650 0.012750 0.109500
v -0.005650 0.013272 0.109461
v -0.005650 0.011718 0.109345
v -0.006000 0.011777 0.108996
v -0.005650 0.011231 0.109153
v -0.006000 0.011320 0.108807
v -0.005650 0.010778 0.108892
v -0.006000 0.010898 0.108548
v -0.005650 0.010369 0.108566
v -0.006000 0.010523 0.108227
v -0.005650 0.010014 0.108182
v -0.006000 0.010202 0.107852
v -0.005650 0.009719 0.107750
v -0.006000 0.009943 0.107430
v -0.005650 0.009492 0.107279
v -0.006000 0.009754 0.106973
v -0.005650 0.009338 0.106779
v -0.006000 0.009639 0.106493
v -0.005650 0.009260 0.106262
v -0.006000 0.009600 0.106000
v -0.005650 0.009260 0.105738
v -0.006000 0.009639 0.105507
v -0.005650 0.009338 0.105221
v -0.006000 0.009754 0.105027
v -0.005650 0.009492 0.104721
v -0.006000 0.009943 0.104570
v -0.005650 0.009719 0.104250
v -0.006000 0.010202 0.104148
v -0.005650 0.010014 0.103818
v -0.006000 0.010523 0.103773
v -0.005650 0.010369 0.103434
v -0.006000 0.010898 0.103452
v -0.005650 0.010778 0.103108
v -0.006000 0.011320 0.103193
v -0.005650 0.011231 0.102847
v -0.006000 0.011777 0.103004
v -0.005650 0.011718 0.102656
v -0.006000 0.012257 0.102889
v -0.005650 0.012228 0.102539
v -0.006000 0.012750 0.102850
v -0.005650 0.012750 0.102500
v -0.005650 0.013272 0.102539
v -0.006000 0.013243 0.102889
v -0.005650 0.013782 0.102656
v -0.006000 0.013723 0.103004
v -0.005650 0.014269 0.102847
v -0.006000 0.014180 0.103193
v -0.005650 0.014722 0.103108
v -0.006000 0.014602 0.103452
v -0.005650 0.015131 0.103434
v -0.006000 0.014977 0.103773
v -0.005650 0.015486 0.103818
v -0.006000 0.015298 0.104148
v -0.005650 0.015781 0.104250
v -0.006000 0.015557 0.104570
v -0.005650 0.016008 0.104721
v -0.006000 0.015746 0.105027
v -0.005650 0.016162 0.105221
v -0.006000 0.015861 0.105507
v -0.005650 0.016240 0.105738
v -0.006000 0.015900 0.106000
v -0.005650 0.016240 0.106262
v -0.006000 0.015861 0.106493
v -0.005650 0.016162 0.106779
v -0.006000 0.015746 0.106973
v -0.005650 0.016008 0.107279
v -0.006000 0.015557 0.107430
v -0.005650 0.015781 0.107750
v -0.006000 0.015298 0.107852
v -0.005650 0.015486 0.108182
v -0.006000 0.014977 0.108227
v -0.005650 0.015131 0.108566
v -0.006000 0.014602 0.108548
v -0.005650 0.014722 0.108892
v -0.006000 0.014180 0.108807
v -0.005650 0.014269 0.109153
v -0.006000 0.013723 0.108996
v -0.005650 0.013782 0.109345
v -0.006000 0.013243 0.109111
v -0.002000 0.013272 0.109461
v -0.002000 0.012750 0.109500
v -0.002000 0.012228 0.109461
v -0.002000 0.011718 0.109345
v -0.002000 0.011231 0.109153
v -0.002000 0.010778 0.108892
v -0.002000 0.010369 0.108566
v -0.002000 0.010014 0.108182
v -0.002000 0.009719 0.107750
v -0.002000 0.009492 0.107279
v -0.002000 0.009338 0.106779
v -0.002000 0.009260 0.106262
v -0.002000 0.009260 0.105738
v -0.002000 0.009338 0.105221
v -0.002000 0.009492 0.104721
v -0.002000 0.009719 0.104250
v -0.002000 0.010014 0.103818
v -0.002000 0.010369 0.103434
v -0.002000 0.010778 0.103108
v -0.002000 0.011231 0.102847
v -0.002000 0.011718 0.102656
v -0.002000 0.012228 0.102539
v -0.002000 0.012750 0.102500
v -0.002000 0.013272 0.102539
v -0.002000 0.013782 0.102656
v -0.002000 0.014269 0.102847
v -0.002000 0.014722 0.103108
v -0.002000 0.015131 0.103434
v -0.002000 0.015486 0.103818
v -0.002000 0.015781 0.104250
v -0.002000 0.016008 0.104721
v -0.002000 0.016162 0.105221
v -0.002000 0.016240 0.105738
v -0.002000 0.016240 0.106262
v -0.002000 0.016162 0.106779
v -0.002000 0.016008 0.107279
v -0.002000 0.015781 0.107750
v -0.002000 0.015486 0.108182
v -0.002000 0.015131 0.108566
v -0.002000 0.014722 0.108892
v -0.002000 0.014269 0.109153
v -0.002000 0.013782 0.109345
v -0.006000 0.013616 0.067500
v -0.006000 0.014482 0.066000
v -0.004000 0.013616 0.067500
v -0.004000 0.014482 0.066000
v -0.006000 0.013616 0.064500
v -0.004000 0.013616 0.064500
v -0.006000 0.011884 0.064500
v -0.004000 0.011884 0.064500
v -0.006000 0.011018 0.066000
v -0.004000 0.011018 0.066000
v -0.006000 0.011884 0.067500
v -0.004000 0.011884 0.067500
v -0.006000 0.012257 0.069111
v -0.005650 0.012228 0.069461
v -0.006000 0.012750 0.069150
v -0.005650 0.012750 0.069500
v -0.005650 0.013272 0.069461
v -0.005650 0.011718 0.069345
v -0.006000 0.011777 0.068996
v -0.005650 0.011231 0.069153
v -0.006000 0.011320 0.068807
v -0.005650 0.010778 0.068892
v -0.006000 0.010898 0.068548
v -0.005650 0.010369 0.068566
v -0.006000 0.010523 0.068227
v -0.005650 0.010014 0.068182
v -0.006000 0.010202 0.067852
v -0.005650 0.009719 0.067750
v -0.006000 0.009943 0.067430
v -0.005650 0.009492 0.067279
v -0.006000 0.009754 0.066973
v -0.005650 0.009338 0.066779
v -0.006000 0.009639 0.066493
v -0.005650 0.009260 0.066262
v -0.006000 0.009600 0.066000
v -0.005650 0.009260 0.065738
v -0.006000 0.009639 0.065507
v -0.005650 0.009338 0.065221
v -0.006000 0.009754 0.065027
v -0.005650 0.009492 0.064721
v -0.006000 0.009943 0.064570
v -0.005650 0.009719 0.064250
v -0.006000 0.010202 0.064148
v -0.005650 0.010014 0.063818
v -0.006000 0.010523 0.063773
v -0.005650 0.010369 0.063434
v -0.006000 0.010898 0.063452
v -0.005650 0.010778 0.063108
v -0.006000 0.011320 0.063193
v -0.005650 0.011231 0.062847
v -0.006000 0.011777 0.063004
v -0.005650 0.011718 0.062656
v -0.006000 0.012257 0.062889
v -0.005650 0.012228 0.062539
v -0.006000 0.012750 0.062850
v -0.005650 0.012750 0.062500
v -0.005650 0.013272 0.062539
v -0.006000 0.013243 0.062889
v -0.005650 0.013782 0.062656
v -0.006000 0.013723 0.063004
v -0.005650 0.014269 0.062847
v -0.006000 0.014180 0.063193
v -0.005650 0.014722 0.063108
v -0.006000 0.014602 0.063452
v -0.005650 0.015131 0.063434
v -0.006000 0.014977 0.063773
v -0.005650 0.015486 0.063818
v -0.006000 0.015298 0.064148
v -0.005650 0.015781 0.064250
v -0.006000 0.015557 0.064570
v -0.005650 0.016008 0.064721
v -0.006000 0.015746 0.065027
v -0.005650 0.016162 0.065221
v -0.006000 0.015861 0.065507
v -0.005650 0.016240 0.065738
v -0.006000 0.015900 0.066000
v -0.005650 0.016240 0.066262
v -0.006000 0.015861 0.066493
v -0.005650 0.016162 0.066779
v -0.006000 0.015746 0.066973
v -0.005650 0.016008 0.067279
v -0.006000 0.015557 0.067430
v -0.005650 0.015781 0.067750
v -0.006000 0.015298 0.067852
v -0.005650 0.015486 0.068182
v -0.006000 0.014977 0.068227
v -0.005650 0.015131 0.068566
v -0.006000 0.014602 0.068548
v -0.005650 0.014722 0.068892
v -0.006000 0.014180 0.068807
v -0.005650 0.014269 0.069153
v -0.006000 0.013723 0.068996
v -0.005650 0.013782 0.069345
v -0.006000 0.013243 0.069111
v -0.002000 0.013272 0.069461
v -0.002000 0.012750 0.069500
v -0.002000 0.012228 0.069461
v -0.002000 0.011718 0.069345
v -0.002000 0.011231 0.069153
v -0.002000 0.010778 0.068892
v -0.002000 0.010369 0.068566
v -0.002000 0.010014 0.068182
v -0.002000 0.009719 0.067750
v -0.002000 0.009492 0.067279
v -0.002000 0.009338 0.066779
v -0.002000 0.009260 0.066262
v -0.002000 0.009260 0.065738
v -0.002000 0.009338 0.065221
v -0.002000 0.009492 0.064721
v -0.002000 0.009719 0.064250
v -0.002000 0.010014 0.063818
v -0.002000 0.010369 0.063434
v -0.002000 0.010778 0.063108
v -0.002000 0.011231 0.062847
v -0.002000 0.011718 0.062656
v -0.002000 0.012228 0.062539
v -0.002000 0.012750 0.062500
v -0.002000 0.013272 0.062539
v -0.002000 0.013782 0.062656
v -0.002000 0.014269 0.062847
v -0.002000 0.014722 0.063108
v -0.002000 0.015131 0.063434
v -0.002000 0.015486 0.063818
v -0.002000 0.015781 0.064250
v -0.002000 0.016008 0.064721
v -0.002000 0.016162 0.065221
v -0.002000 0.016240 0.065738
v -0.002000 0.016240 0.066262
v -0.002000 0.016162 0.066779
v -0.002000 0.016008 0.067279
v -0.002000 0.015781 0.067750
v -0.002000 0.015486 0.068182
v -0.002000 0.015131 0.068566
v -0.002000 0.014722 0.068892
v -0.002000 0.014269 0.069153
v -0.002000 0.013782 0.069345
v -0.006000 0.025616 0.067500
v -0.006000 0.026482 0.066000
v -0.004000 0.025616 0.067500
v -0.004000 0.026482 0.066000
v -0.006000 0.025616 0.064500
v -0.004000 0.025616 0.064500
v -0.006000 0.023884 0.064500
v -0.004000 0.023884 0.064500
v -0.006000 0.023018 0.066000
v -0.004000 0.023018 0.066000
v -0.006000 0.023884 0.067500
v -0.004000 0.023884 0.067500
v -0.006000 0.024257 0.069111
v -0.005650 0.024228 0.069461
v -0.006000 0.024750 0.069150
v -0.005650 0.024750 0.069500
v -0.005650 0.025272 0.069461
v -0.005650 0.023718 0.069345
v -0.006000 0.023777 0.068996
v -0.005650 0.023231 0.069153
v -0.006000 0.023320 0.068807
v -0.005650 0.022778 0.068892
v -0.006000 0.022898 0.068548
v -0.005650 0.022369 0.068566
v -0.006000 0.022523 0.068227
v -0.005650 0.022014 0.068182
v -0.006000 0.022202 0.067852
v -0.005650 0.021719 0.067750
v -0.006000 0.021943 0.067430
v -0.005650 0.021492 0.067279
v -0.006000 0.021754 0.066973
v -0.005650 0.021338 0.066779
v -0.006000 0.021639 0.066493
v -0.005650 0.021260 0.066262
v -0.006000 0.021600 0.066000
v -0.005650 0.021260 0.065738
v -0.006000 0.021639 0.065507
v -0.005650 0.021338 0.065221
v -0.006000 0.021754 0.065027
v -0.005650 0.021492 0.064721
v -0.006000 0.021943 0.064570
v -0.005650 0.021719 0.064250
v -0.006000 0.022202 0.064148
v -0.005650 0.022014 0.063818
v -0.006000 0.022523 0.063773
v -0.005650 0.022369 0.063434
v -0.006000 0.022898 0.063452
v -0.005650 0.022778 0.063108
v -0.006000 0.023320 0.063193
v -0.005650 0.023231 0.062847
v -0.006000 0.023777 0.063004
v -0.005650 0.023718 0.062656
v -0.006000 0.024257 0.062889
v -0.005650 0.024228 0.062539
v -0.006000 0.024750 0.062850
v -0.005650 0.024750 0.062500
v -0.005650 0.025272 0.062539
v -0.006000 0.025243 0.062889
v -0.005650 0.025782 0.062656
v -0.006000 0.025723 0.063004
v -0.005650 0.026269 0.062847
v -0.006000 0.026180 0.063193
v -0.005650 0.026722 0.063108
v -0.006000 0.026602 0.063452
v -0.005650 0.027131 0.063434
v -0.006000 0.026977 0.063773
v -0.005650 0.027486 0.063818
v -0.006000 0.027298 0.064148
v -0.005650 0.027781 0.064250
v -0.006000 0.027557 0.064570
v -0.005650 0.028008 0.064721
v -0.006000 0.027746 0.065027
v -0.005650 0.028162 0.065221
v -0.006000 0.027861 0.065507
v -0.005650 0.028240 0.065738
v -0.006000 0.027900 0.066000
v -0.005650 0.028240 0.066262
v -0.006000 0.027861 0.066493
v -0.005650 0.028162 0.066779
v -0.006000 0.027746 0.066973
v -0.005650 0.028008 0.067279
v -0.006000 0.027557 0.067430
v -0.005650 0.027781 0.067750
v -0.006000 0.027298 0.067852
v -0.005650 0.027486 0.068182
v -0.006000 0.026977 0.068227
v -0.005650 0.027131 0.068566
v -0.006000 0.026602 0.068548
v -0.005650 0.026722 0.068892
v -0.006000 0.026180 0.068807
v -0.005650 0.026269 0.069153
v -0.006000 0.025723 0.068996
v -0.005650 0.025782 0.069345
v -0.006000 0.025243 0.069111
v -0.002000 0.025272 0.069461
v -0.002000 0.024750 0.069500
v -0.002000 0.024228 0.069461
v -0.002000 0.023718 0.069345
v -0.002000 0.023231 0.069153
v -0.002000 0.022778 0.068892
v -0.002000 0.022369 0.068566
v -0.002000 0.022014 0.068182
v -0.002000 0.021719 0.067750
v -0.002000 0.021492 0.067279
v -0.002000 0.021338 0.066779
v -0.002000 0.021260 0.066262
v -0.002000 0.021260 0.065738
v -0.002000 0.021338 0.065221
v -0.002000 0.021492 0.064721
v -0.002000 0.021719 0.064250
v -0.002000 0.022014 0.063818
v -0.002000 0.022369 0.063434
v -0.002000 0.022778 0.063108
v -0.002000 0.023231 0.062847
v -0.002000 0.023718 0.062656
v -0.002000 0.024228 0.062539
v -0.002000 0.024750 0.062500
v -0.002000 0.025272 0.062539
v -0.002000 0.025782 0.062656
v -0.002000 0.026269 0.062847
v -0.002000 0.026722 0.063108
v -0.002000 0.027131 0.063434
v -0.002000 0.027486 0.063818
v -0.002000 0.027781 0.064250
v -0.002000 0.028008 0.064721
v -0.002000 0.028162 0.065221
v -0.002000 0.028240 0.065738
v -0.002000 0.028240 0.066262
v -0.002000 0.028162 0.066779
v -0.002000 0.028008 0.067279
v -0.002000 0.027781 0.067750
v -0.002000 0.027486 0.068182
v -0.002000 0.027131 0.068566
v -0.002000 0.026722 0.068892
v -0.002000 0.026269 0.069153
v -0.002000 0.025782 0.069345
v 0.006000 0.004750 0.114000
v 0.006000 0.028750 0.110000
v 0.006000 0.032750 0.114000
v 0.006000 0.028750 0.056000
v 0.006000 0.032750 0.010000
v 0.006000 0.008750 0.056000
v 0.006000 0.004750 0.010000
v 0.006000 0.008750 0.110000
v 0.006000 -0.003250 0.010000
v 0.006000 -0.003250 0.000000
v 0.006000 0.040750 0.000000
v 0.006000 0.040750 0.010000
v -0.002000 0.016462 0.066534
v -0.006000 0.016462 0.066534
v -0.002000 0.016500 0.066000
v -0.006000 0.016500 0.066000
v -0.002000 0.016462 0.065466
v -0.006000 0.016462 0.065466
v -0.002000 0.016348 0.064944
v -0.006000 0.016348 0.064944
v -0.002000 0.016161 0.064442
v -0.006000 0.016161 0.064442
v -0.002000 0.015905 0.063973
v -0.006000 0.015905 0.063973
v -0.002000 0.015584 0.063544
v -0.006000 0.015584 0.063544
v -0.002000 0.015206 0.063166
v -0.006000 0.015206 0.063166
v -0.002000 0.014777 0.062845
v -0.006000 0.014777 0.062845
v -0.002000 0.014308 0.062589
v -0.006000 0.014308 0.062589
v -0.002000 0.013806 0.062402
v -0.006000 0.013806 0.062402
v -0.002000 0.013284 0.062288
v -0.006000 0.013284 0.062288
v -0.002000 0.012750 0.062250
v -0.006000 0.012750 0.062250
v -0.002000 0.012216 0.062288
v -0.006000 0.012216 0.062288
v -0.002000 0.011694 0.062402
v -0.006000 0.011694 0.062402
v -0.002000 0.011192 0.062589
v -0.006000 0.011192 0.062589
v -0.002000 0.010723 0.062845
v -0.006000 0.010723 0.062845
v -0.002000 0.010294 0.063166
v -0.006000 0.010294 0.063166
v -0.002000 0.009916 0.063544
v -0.006000 0.009916 0.063544
v -0.002000 0.009595 0.063973
v -0.006000 0.009595 0.063973
v -0.002000 0.009339 0.064442
v -0.006000 0.009339 0.064442
v -0.002000 0.009152 0.064944
v -0.006000 0.009152 0.064944
v -0.002000 0.009038 0.065466
v -0.006000 0.009038 0.065466
v -0.002000 0.009000 0.066000
v -0.006000 0.009000 0.066000
v -0.002000 0.009038 0.066534
v -0.006000 0.009038 0.066534
v -0.002000 0.009152 0.067056
v -0.006000 0.009152 0.067056
v -0.002000 0.009339 0.067558
v -0.006000 0.009339 0.067558
v -0.002000 0.009595 0.068027
v -0.006000 0.009595 0.068027
v -0.002000 0.009916 0.068456
v -0.006000 0.009916 0.068456
v -0.002000 0.010294 0.068834
v -0.006000 0.010294 0.068834
v -0.002000 0.010723 0.069155
v -0.006000 0.010723 0.069155
v -0.002000 0.011192 0.069411
v -0.006000 0.011192 0.069411
v -0.002000 0.011694 0.069598
v -0.006000 0.011694 0.069598
v -0.002000 0.012216 0.069712
v -0.006000 0.012216 0.069712
v -0.002000 0.012750 0.069750
v -0.006000 0.012750 0.069750
v -0.002000 0.013284 0.069712
v -0.006000 0.013284 0.069712
v -0.002000 0.013806 0.069598
v -0.006000 0.013806 0.069598
v -0.002000 0.014308 0.069411
v -0.006000 0.014308 0.069411
v -0.002000 0.014777 0.069155
v -0.006000 0.014777 0.069155
v -0.002000 0.015206 0.068834
v -0.006000 0.015206 0.068834
v -0.002000 0.015584 0.068456
v -0.006000 0.015584 0.068456
v -0.002000 0.015905 0.068027
v -0.006000 0.015905 0.068027
v -0.002000 0.016161 0.067558
v -0.006000 0.016161 0.067558
v -0.002000 0.016348 0.067056
v -0.006000 0.016348 0.067056
v -0.002000 0.028462 0.106534
v -0.006000 0.028462 0.106534
v -0.002000 0.028500 0.106000
v -0.006000 0.028500 0.106000
v -0.002000 0.028462 0.105466
v -0.006000 0.028462 0.105466
v -0.002000 0.028348 0.104944
v -0.006000 0.028348 0.104944
v -0.002000 0.028161 0.104442
v -0.006000 0.028161 0.104442
v -0.002000 0.027905 0.103973
v -0.006000 0.027905 0.103973
v -0.002000 0.027584 0.103544
v -0.006000 0.027584 0.103544
v -0.002000 0.027206 0.103166
v -0.006000 0.027206 0.103166
v -0.002000 0.026777 0.102845
v -0.006000 0.026777 0.102845
v -0.002000 0.026308 0.102589
v -0.006000 0.026308 0.102589
v -0.002000 0.025806 0.102402
v -0.006000 0.025806 0.102402
v -0.002000 0.025284 0.102288
v -0.006000 0.025284 0.102288
v -0.002000 0.024750 0.102250
v -0.006000 0.024750 0.102250
v -0.002000 0.024216 0.102288
v -0.006000 0.024216 0.102288
v -0.002000 0.023694 0.102402
v -0.006000 0.023694 0.102402
v -0.002000 0.023192 0.102589
v -0.006000 0.023192 0.102589
v -0.002000 0.022723 0.102845
v -0.006000 0.022723 0.102845
v -0.002000 0.022294 0.103166
v -0.006000 0.022294 0.103166
v -0.002000 0.021916 0.103544
v -0.006000 0.021916 0.103544
v -0.002000 0.021595 0.103973
v -0.006000 0.021595 0.103973
v -0.002000 0.021339 0.104442
v -0.006000 0.021339 0.104442
v -0.002000 0.021152 0.104944
v -0.006000 0.021152 0.104944
v -0.002000 0.021038 0.105466
v -0.006000 0.021038 0.105466
v -0.002000 0.021000 0.106000
v -0.006000 0.021000 0.106000
v -0.002000 0.021038 0.106534
v -0.006000 0.021038 0.106534
v -0.002000 0.021152 0.107056
v -0.006000 0.021152 0.107056
v -0.002000 0.021339 0.107558
v -0.006000 0.021339 0.107558
v -0.002000 0.021595 0.108027
v -0.006000 0.021595 0.108027
v -0.002000 0.021916 0.108456
v -0.006000 0.021916 0.108456
v -0.002000 0.022294 0.108834
v -0.006000 0.022294 0.108834
v -0.002000 0.022723 0.109155
v -0.006000 0.022723 0.109155
v -0.002000 0.023192 0.109411
v -0.006000 0.023192 0.109411
v -0.002000 0.023694 0.109598
v -0.006000 0.023694 0.109598
v -0.002000 0.024216 0.109712
v -0.006000 0.024216 0.109712
v -0.002000 0.024750 0.109750
v -0.006000 0.024750 0.109750
v -0.002000 0.025284 0.109712
v -0.006000 0.025284 0.109712
v -0.002000 0.025806 0.109598
v -0.006000 0.025806 0.109598
v -0.002000 0.026308 0.109411
v -0.006000 0.026308 0.109411
v -0.002000 0.026777 0.109155
v -0.006000 0.026777 0.109155
v -0.002000 0.027206 0.108834
v -0.006000 0.027206 0.108834
v -0.002000 0.027584 0.108456
v -0.006000 0.027584 0.108456
v -0.002000 0.027905 0.108027
v -0.006000 0.027905 0.108027
v -0.002000 0.028161 0.107558
v -0.006000 0.028161 0.107558
v -0.002000 0.028348 0.107056
v -0.006000 0.028348 0.107056
v -0.002000 0.028462 0.066534
v -0.006000 0.028462 0.066534
v -0.002000 0.028500 0.066000
v -0.006000 0.028500 0.066000
v -0.002000 0.028462 0.065466
v -0.006000 0.028462 0.065466
v -0.002000 0.028348 0.064944
v -0.006000 0.028348 0.064944
v -0.002000 0.028161 0.064442
v -0.006000 0.028161 0.064442
v -0.002000 0.027905 0.063973
v -0.006000 0.027905 0.063973
v -0.002000 0.027584 0.063544
v -0.006000 0.027584 0.063544
v -0.002000 0.027206 0.063166
v -0.006000 0.027206 0.063166
v -0.002000 0.026777 0.062845
v -0.006000 0.026777 0.062845
v -0.002000 0.026308 0.062589
v -0.006000 0.026308 0.062589
v -0.002000 0.025806 0.062402
v -0.006000 0.025806 0.062402
v -0.002000 0.025284 0.062288
v -0.006000 0.025284 0.062288
v -0.002000 0.024750 0.062250
v -0.006000 0.024750 0.062250
v -0.002000 0.024216 0.062288
v -0.006000 0.024216 0.062288
v -0.002000 0.023694 0.062402
v -0.006000 0.023694 0.062402
v -0.002000 0.023192 0.062589
v -0.006000 0.023192 0.062589
v -0.002000 0.022723 0.062845
v -0.006000 0.022723 0.062845
v -0.002000 0.022294 0.063166
v -0.006000 0.022294 0.063166
v -0.002000 0.021916 0.063544
v -0.006000 0.021916 0.063544
v -0.002000 0.021595 0.063973
v -0.006000 0.021595 0.063973
v -0.002000 0.021339 0.064442
v -0.006000 0.021339 0.064442
v -0.002000 0.021152 0.064944
v -0.006000 0.021152 0.064944
v -0.002000 0.021038 0.065466
v -0.006000 0.021038 0.065466
v -0.002000 0.021000 0.066000
v -0.006000 0.021000 0.066000
v -0.002000 0.021038 0.066534
v -0.006000 0.021038 0.066534
v -0.002000 0.021152 0.067056
v -0.006000 0.021152 0.067056
v -0.002000 0.021339 0.067558
v -0.006000 0.021339 0.067558
v -0.002000 0.021595 0.068027
v -0.006000 0.021595 0.068027
v -0.002000 0.021916 0.068456
v -0.006000 0.021916 0.068456
v -0.002000 0.022294 0.068834
v -0.006000 0.022294 0.068834
v -0.002000 0.022723 0.069155
v -0.006000 0.022723 0.069155
v -0.002000 0.023192 0.069411
v -0.006000 0.023192 0.069411
v -0.002000 0.023694 0.069598
v -0.006000 0.023694 0.069598
v -0.002000 0.024216 0.069712
v -0.006000 0.024216 0.069712
v -0.002000 0.024750 0.069750
v -0.006000 0.024750 0.069750
v -0.002000 0.025284 0.069712
v -0.006000 0.025284 0.069712
v -0.002000 0.025806 0.069598
v -0.006000 0.025806 0.069598
v -0.002000 0.026308 0.069411
v -0.006000 0.026308 0.069411
v -0.002000 0.026777 0.069155
v -0.006000 0.026777 0.069155
v -0.002000 0.027206 0.068834
v -0.006000 0.027206 0.068834
v -0.002000 0.027584 0.068456
v -0.006000 0.027584 0.068456
v -0.002000 0.027905 0.068027
v -0.006000 0.027905 0.068027
v -0.002000 0.028161 0.067558
v -0.006000 0.028161 0.067558
v -0.002000 0.028348 0.067056
v -0.006000 0.028348 0.067056
v -0.002000 0.016462 0.106534
v -0.006000 0.016462 0.106534
v -0.002000 0.016500 0.106000
v -0.006000 0.016500 0.106000
v -0.002000 0.016462 0.105466
v -0.006000 0.016462 0.105466
v -0.002000 0.016348 0.104944
v -0.006000 0.016348 0.104944
v -0.002000 0.016161 0.104442
v -0.006000 0.016161 0.104442
v -0.002000 0.015905 0.103973
v -0.006000 0.015905 0.103973
v -0.002000 0.015584 0.103544
v -0.006000 0.015584 0.103544
v -0.002000 0.015206 0.103166
v -0.006000 0.015206 0.103166
v -0.002000 0.014777 0.102845
v -0.006000 0.014777 0.102845
v -0.002000 0.014308 0.102589
v -0.006000 0.014308 0.102589
v -0.002000 0.013806 0.102402
v -0.006000 0.013806 0.102402
v -0.002000 0.013284 0.102288
v -0.006000 0.013284 0.102288
v -0.002000 0.012750 0.102250
v -0.006000 0.012750 0.102250
v -0.002000 0.012216 0.102288
v -0.006000 0.012216 0.102288
v -0.002000 0.011694 0.102402
v -0.006000 0.011694 0.102402
v -0.002000 0.011192 0.102589
v -0.006000 0.011192 0.102589
v -0.002000 0.010723 0.102845
v -0.006000 0.010723 0.102845
v -0.002000 0.010294 0.103166
v -0.006000 0.010294 0.103166
v -0.002000 0.009916 0.103544
v -0.006000 0.009916 0.103544
v -0.002000 0.009595 0.103973
v -0.006000 0.009595 0.103973
v -0.002000 0.009339 0.104442
v -0.006000 0.009339 0.104442
v -0.002000 0.009152 0.104944
v -0.006000 0.009152 0.104944
v -0.002000 0.009038 0.105466
v -0.006000 0.009038 0.105466
v -0.002000 0.009000 0.106000
v -0.006000 0.009000 0.106000
v -0.002000 0.009038 0.106534
v -0.006000 0.009038 0.106534
v -0.002000 0.009152 0.107056
v -0.006000 0.009152 0.107056
v -0.002000 0.009339 0.107558
v -0.006000 0.009339 0.107558
v -0.002000 0.009595 0.108027
v -0.006000 0.009595 0.108027
v -0.002000 0.009916 0.108456
v -0.006000 0.009916 0.108456
v -0.002000 0.010294 0.108834
v -0.006000 0.010294 0.108834
v -0.002000 0.010723 0.109155
v -0.006000 0.010723 0.109155
v -0.002000 0.011192 0.109411
v -0.006000 0.011192 0.109411
v -0.002000 0.011694 0.109598
v -0.006000 0.011694 0.109598
v -0.002000 0.012216 0.109712
v -0.006000 0.012216 0.109712
v -0.002000 0.012750 0.109750
v -0.006000 0.012750 0.109750
v -0.002000 0.013284 0.109712
v -0.006000 0.013284 0.109712
v -0.002000 0.013806 0.109598
v -0.006000 0.013806 0.109598
v -0.002000 0.014308 0.109411
v -0.006000 0.014308 0.109411
v -0.002000 0.014777 0.109155
v -0.006000 0.014777 0.109155
v -0.002000 0.015206 0.108834
v -0.006000 0.015206 0.108834
v -0.002000 0.015584 0.108456
v -0.006000 0.015584 0.108456
v -0.002000 0.015905 0.108027
v -0.006000 0.015905 0.108027
v -0.002000 0.016161 0.107558
v -0.006000 0.016161 0.107558
v -0.002000 0.016348 0.107056
v -0.006000 0.016348 0.107056
v -0.000342 0.017014 0.170165
v -0.000334 0.017022 0.170000
v -0.000334 0.010886 0.170000
v -0.000342 0.017014 0.169835
v -0.000359 0.010886 0.169711
v -0.000367 0.016991 0.169671
v -0.000408 0.016954 0.169511
v -0.000434 0.010886 0.169430
v -0.000464 0.016906 0.169356
v -0.000557 0.010886 0.169167
v -0.000534 0.016850 0.169208
v -0.000618 0.016788 0.169070
v -0.000724 0.010886 0.168929
v -0.000712 0.016725 0.168943
v -0.000816 0.016662 0.168828
v -0.000930 0.010886 0.168723
v -0.000930 0.016602 0.168723
v -0.001058 0.016543 0.168626
v -0.001167 0.010886 0.168557
v -0.001198 0.016488 0.168540
v -0.001347 0.016441 0.168467
v -0.001430 0.010886 0.168434
v -0.001505 0.016402 0.168409
v -0.001711 0.010886 0.168359
v -0.001669 0.016373 0.168368
v -0.001835 0.016356 0.168343
v -0.002000 0.010886 0.168334
v -0.002000 0.016350 0.168334
v -0.002165 0.016356 0.168343
v -0.002289 0.010886 0.168359
v -0.002331 0.016373 0.168368
v -0.002495 0.016402 0.168409
v -0.002570 0.010886 0.168434
v -0.002653 0.016441 0.168467
v -0.002833 0.010886 0.168557
v -0.002802 0.016488 0.168540
v -0.002942 0.016543 0.168626
v -0.003070 0.010886 0.168723
v -0.003070 0.016602 0.168723
v -0.003184 0.016662 0.168828
v -0.003276 0.010886 0.168929
v -0.003288 0.016725 0.168943
v -0.003382 0.016788 0.169070
v -0.003443 0.010886 0.169167
v -0.003466 0.016850 0.169208
v -0.003536 0.016906 0.169356
v -0.003566 0.010886 0.169430
v -0.003592 0.016954 0.169511
v -0.003641 0.010886 0.169711
v -0.003633 0.016991 0.169671
v -0.003658 0.017014 0.169835
v -0.003666 0.010886 0.170000
v -0.003666 0.017022 0.170000
v -0.003658 0.017014 0.170165
v -0.003641 0.010886 0.170289
v -0.003633 0.016991 0.170329
v -0.003592 0.016954 0.170489
v -0.003566 0.010886 0.170570
v -0.003536 0.016906 0.170644
v -0.003443 0.010886 0.170833
v -0.003466 0.016850 0.170792
v -0.003382 0.016788 0.170930
v -0.003276 0.010886 0.171071
v -0.003288 0.016725 0.171057
v -0.003184 0.016662 0.171172
v -0.003070 0.010886 0.171277
v -0.003070 0.016602 0.171277
v -0.002942 0.016543 0.171374
v -0.002833 0.010886 0.171443
v -0.002802 0.016488 0.171460
v -0.002653 0.016441 0.171533
v -0.002570 0.010886 0.171566
v -0.002495 0.016402 0.171591
v -0.002289 0.010886 0.171641
v -0.002331 0.016373 0.171632
v -0.002165 0.016356 0.171657
v -0.002000 0.010886 0.171666
v -0.002000 0.016350 0.171666
v -0.001835 0.016356 0.171657
v -0.001711 0.010886 0.171641
v -0.001669 0.016373 0.171632
v -0.001505 0.016402 0.171591
v -0.001430 0.010886 0.171566
v -0.001347 0.016441 0.171533
v -0.001167 0.010886 0.171443
v -0.001198 0.016488 0.171460
v -0.001058 0.016543 0.171374
v -0.000930 0.010886 0.171277
v -0.000930 0.016602 0.171277
v -0.000816 0.016662 0.171172
v -0.000724 0.010886 0.171071
v -0.000712 0.016725 0.171057
v -0.000618 0.016788 0.170930
v -0.000557 0.010886 0.170833
v -0.000534 0.016850 0.170792
v -0.000464 0.016906 0.170644
v -0.000434 0.010886 0.170570
v -0.000408 0.016954 0.170489
v -0.000359 0.010886 0.170289
v -0.000367 0.016991 0.170329
v -0.001711 0.004750 0.168359
v -0.002000 0.004750 0.168334
v -0.002289 0.004750 0.168359
v -0.002570 0.004750 0.168434
v -0.002833 0.004750 0.168557
v -0.001430 0.004750 0.168434
v -0.001167 0.004750 0.168557
v -0.000929 0.004750 0.168724
v -0.000724 0.004750 0.168929
v -0.000557 0.004750 0.169167
v -0.000434 0.004750 0.169430
v -0.000359 0.004750 0.169711
v -0.000334 0.004750 0.170000
v -0.000359 0.004750 0.170289
v -0.000434 0.004750 0.170570
v -0.000557 0.004750 0.170833
v -0.000724 0.004750 0.171071
v -0.000929 0.004750 0.171276
v -0.001167 0.004750 0.171443
v -0.001430 0.004750 0.171566
v -0.001711 0.004750 0.171641
v -0.002000 0.004750 0.171666
v -0.002289 0.004750 0.171641
v -0.002570 0.004750 0.171566
v -0.002833 0.004750 0.171443
v -0.003071 0.004750 0.171276
v -0.003276 0.004750 0.171071
v -0.003443 0.004750 0.170833
v -0.003566 0.004750 0.170570
v -0.003641 0.004750 0.170289
v -0.003666 0.004750 0.170000
v -0.003641 0.004750 0.169711
v -0.003566 0.004750 0.169430
v -0.003443 0.004750 0.169167
v -0.003276 0.004750 0.168929
v -0.003071 0.004750 0.168724
v -0.003658 0.057986 0.157165
v -0.003666 0.057978 0.157000
v -0.003666 0.064114 0.157000
v -0.003658 0.057986 0.156835
v -0.003641 0.064114 0.156711
v -0.003633 0.058009 0.156671
v -0.003592 0.058046 0.156511
v -0.003566 0.064114 0.156430
v -0.003536 0.058094 0.156356
v -0.003443 0.064114 0.156167
v -0.003466 0.058150 0.156208
v -0.003382 0.058212 0.156070
v -0.003276 0.064114 0.155929
v -0.003288 0.058275 0.155943
v -0.003184 0.058338 0.155828
v -0.003070 0.064114 0.155723
v -0.003070 0.058398 0.155723
v -0.002942 0.058457 0.155626
v -0.002833 0.064114 0.155557
v -0.002802 0.058512 0.155540
v -0.002653 0.058560 0.155467
v -0.002570 0.064114 0.155434
v -0.002495 0.058598 0.155409
v -0.002289 0.064114 0.155359
v -0.002331 0.058627 0.155368
v -0.002165 0.058644 0.155343
v -0.002000 0.064114 0.155334
v -0.002000 0.058650 0.155334
v -0.001835 0.058644 0.155343
v -0.001711 0.064114 0.155359
v -0.001669 0.058627 0.155368
v -0.001505 0.058598 0.155409
v -0.001430 0.064114 0.155434
v -0.001347 0.058560 0.155467
v -0.001167 0.064114 0.155557
v -0.001198 0.058512 0.155540
v -0.001058 0.058457 0.155626
v -0.000930 0.064114 0.155723
v -0.000930 0.058398 0.155723
v -0.000816 0.058338 0.155828
v -0.000724 0.064114 0.155929
v -0.000712 0.058275 0.155943
v -0.000618 0.058212 0.156070
v -0.000557 0.064114 0.156167
v -0.000534 0.058150 0.156208
v -0.000464 0.058094 0.156356
v -0.000434 0.064114 0.156430
v -0.000408 0.058046 0.156511
v -0.000359 0.064114 0.156711
v -0.000367 0.058009 0.156671
v -0.000342 0.057986 0.156835
v -0.000334 0.064114 0.157000
v -0.000334 0.057978 0.157000
v -0.000342 0.057986 0.157165
v -0.000359 0.064114 0.157289
v -0.000367 0.058009 0.157329
v -0.000408 0.058046 0.157489
v -0.000434 0.064114 0.157570
v -0.000464 0.058094 0.157644
v -0.000557 0.064114 0.157833
v -0.000534 0.058150 0.157792
v -0.000618 0.058212 0.157930
v -0.000724 0.064114 0.158071
v -0.000712 0.058275 0.158057
v -0.000816 0.058338 0.158172
v -0.000930 0.064114 0.158277
v -0.000930 0.058398 0.158277
v -0.001058 0.058457 0.158374
v -0.001167 0.064114 0.158443
v -0.001198 0.058512 0.158460
v -0.001347 0.058560 0.158533
v -0.001430 0.064114 0.158566
v -0.001505 0.058598 0.158591
v -0.001711 0.064114 0.158641
v -0.001669 0.058627 0.158632
v -0.001835 0.058644 0.158657
v -0.002000 0.064114 0.158666
v -0.002000 0.058650 0.158666
v -0.002165 0.058644 0.158657
v -0.002289 0.064114 0.158641
v -0.002331 0.058627 0.158632
v -0.002495 0.058598 0.158591
v -0.002570 0.064114 0.158566
v -0.002653 0.058560 0.158533
v -0.002833 0.064114 0.158443
v -0.002802 0.058512 0.158460
v -0.002942 0.058457 0.158374
v -0.003070 0.064114 0.158277
v -0.003070 0.058398 0.158277
v -0.003184 0.058338 0.158172
v -0.003276 0.064114 0.158071
v -0.003288 0.058275 0.158057
v -0.003382 0.058212 0.157930
v -0.003443 0.064114 0.157833
v -0.003466 0.058150 0.157792
v -0.003536 0.058094 0.157644
v -0.003566 0.064114 0.157570
v -0.003592 0.058046 0.157489
v -0.003641 0.064114 0.157289
v -0.003633 0.058009 0.157329
v -0.001711 0.070250 0.158641
v -0.002000 0.070250 0.158666
v -0.002289 0.070250 0.158641
v -0.002570 0.070250 0.158566
v -0.002833 0.070250 0.158443
v -0.001430 0.070250 0.158566
v -0.001167 0.070250 0.158443
v -0.000929 0.070250 0.158276
v -0.000724 0.070250 0.158071
v -0.000557 0.070250 0.157833
v -0.000434 0.070250 0.157570
v -0.000359 0.070250 0.157289
v -0.000334 0.070250 0.157000
v -0.000359 0.070250 0.156711
v -0.000434 0.070250 0.156430
v -0.000557 0.070250 0.156167
v -0.000724 0.070250 0.155929
v -0.000929 0.070250 0.155724
v -0.001167 0.070250 0.155557
v -0.001430 0.070250 0.155434
v -0.001711 0.070250 0.155359
v -0.002000 0.070250 0.155334
v -0.002289 0.070250 0.155359
v -0.002570 0.070250 0.155434
v -0.002833 0.070250 0.155557
v -0.003071 0.070250 0.155724
v -0.003276 0.070250 0.155929
v -0.003443 0.070250 0.156167
v -0.003566 0.070250 0.156430
v -0.003641 0.070250 0.156711
v -0.003666 0.070250 0.157000
v -0.003641 0.070250 0.157289
v -0.003566 0.070250 0.157570
v -0.003443 0.070250 0.157833
v -0.003276 0.070250 0.158071
v -0.003071 0.070250 0.158276
v -0.003625 0.021750 0.170287
v -0.003642 0.020501 0.170163
v -0.003650 0.021750 0.170000
v -0.003650 0.020493 0.170000
v -0.003642 0.020501 0.169837
v -0.003550 0.021750 0.170564
v -0.003577 0.020559 0.170484
v -0.003617 0.020524 0.170325
v -0.003522 0.020606 0.170638
v -0.003429 0.021750 0.170825
v -0.003452 0.020661 0.170784
v -0.003369 0.020721 0.170921
v -0.003264 0.021750 0.171061
v -0.003275 0.020783 0.171047
v -0.003172 0.020844 0.171161
v -0.003061 0.021750 0.171264
v -0.003059 0.020904 0.171265
v -0.002932 0.020961 0.171361
v -0.002825 0.021750 0.171429
v -0.002794 0.021015 0.171446
v -0.002646 0.021061 0.171518
v -0.002564 0.021750 0.171550
v -0.002490 0.021099 0.171575
v -0.002287 0.021750 0.171625
v -0.002328 0.021127 0.171617
v -0.002164 0.021144 0.171642
v -0.002000 0.021750 0.171650
v -0.002000 0.021150 0.171650
v -0.001836 0.021144 0.171642
v -0.001713 0.021750 0.171625
v -0.001672 0.021127 0.171617
v -0.001510 0.021099 0.171575
v -0.001436 0.021750 0.171550
v -0.001354 0.021061 0.171518
v -0.001175 0.021750 0.171429
v -0.001206 0.021015 0.171446
v -0.001068 0.020961 0.171361
v -0.000939 0.021750 0.171264
v -0.000941 0.020904 0.171265
v -0.000828 0.020844 0.171161
v -0.000736 0.021750 0.171061
v -0.000725 0.020783 0.171047
v -0.000631 0.020721 0.170921
v -0.000571 0.021750 0.170825
v -0.000548 0.020661 0.170784
v -0.000478 0.020606 0.170638
v -0.000450 0.021750 0.170564
v -0.000423 0.020559 0.170484
v -0.000375 0.021750 0.170287
v -0.000383 0.020524 0.170325
v -0.000358 0.020501 0.170163
v -0.000350 0.021750 0.170000
v -0.000350 0.020493 0.170000
v -0.000358 0.020501 0.169837
v -0.000375 0.021750 0.169713
v -0.000383 0.020524 0.169675
v -0.000423 0.020559 0.169516
v -0.000450 0.021750 0.169436
v -0.000478 0.020606 0.169362
v -0.000571 0.021750 0.169175
v -0.000548 0.020661 0.169216
v -0.000631 0.020721 0.169079
v -0.000736 0.021750 0.168939
v -0.000725 0.020783 0.168953
v -0.000828 0.020844 0.168839
v -0.000939 0.021750 0.168736
v -0.000941 0.020904 0.168735
v -0.001068 0.020961 0.168639
v -0.001175 0.021750 0.168571
v -0.001206 0.021015 0.168554
v -0.001354 0.021061 0.168482
v -0.001436 0.021750 0.168450
v -0.001510 0.021099 0.168425
v -0.001713 0.021750 0.168375
v -0.001672 0.021127 0.168383
v -0.001836 0.021144 0.168358
v -0.002000 0.021750 0.168350
v -0.002000 0.021150 0.168350
v -0.002164 0.021144 0.168358
v -0.002287 0.021750 0.168375
v -0.002328 0.021127 0.168383
v -0.002490 0.021099 0.168425
v -0.002564 0.021750 0.168450
v -0.002646 0.021061 0.168482
v -0.002825 0.021750 0.168571
v -0.002794 0.021015 0.168554
v -0.002932 0.020961 0.168639
v -0.003061 0.021750 0.168736
v -0.003059 0.020904 0.168735
v -0.003172 0.020844 0.168839
v -0.003264 0.021750 0.168939
v -0.003275 0.020783 0.168953
v -0.003369 0.020721 0.169079
v -0.003429 0.021750 0.169175
v -0.003452 0.020661 0.169216
v -0.003522 0.020606 0.169362
v -0.003550 0.021750 0.169436
v -0.003577 0.020559 0.169516
v -0.003625 0.021750 0.169713
v -0.003617 0.020524 0.169675
v -0.006000 0.033482 0.138732
v 0.002000 0.033482 0.138732
v -0.006000 0.033227 0.138434
v 0.002000 0.033227 0.138434
v -0.006000 0.033022 0.138099
v 0.002000 0.033022 0.138099
v -0.006000 0.032872 0.137737
v 0.002000 0.032872 0.137737
v -0.006000 0.032781 0.137356
v 0.002000 0.032781 0.137356
v -0.006000 0.032750 0.136964
v 0.002000 0.032750 0.136964
v 0.002000 0.032750 0.118000
v -0.006000 0.032750 0.010000
v 0.002000 0.036018 0.141268
v -0.006000 0.036018 0.141268
v 0.002000 0.036316 0.141523
v -0.006000 0.036316 0.141523
v 0.002000 0.036651 0.141728
v -0.006000 0.036651 0.141728
v 0.002000 0.037013 0.141878
v -0.006000 0.037013 0.141878
v 0.002000 0.037394 0.141969
v -0.006000 0.037394 0.141969
v 0.002000 0.037786 0.142000
v -0.006000 0.037786 0.142000
v 0.002000 0.064250 0.142000
v -0.006000 0.064250 0.142000
v -0.006000 0.036018 0.166732
v 0.002000 0.036018 0.166732
v -0.006000 0.036316 0.166477
v 0.002000 0.036316 0.166477
v -0.006000 0.036651 0.166272
v 0.002000 0.036651 0.166272
v -0.006000 0.037013 0.166122
v 0.002000 0.037013 0.166122
v -0.006000 0.037394 0.166031
v 0.002000 0.037394 0.166031
v -0.006000 0.037786 0.166000
v 0.002000 0.037786 0.166000
v -0.002000 0.053850 0.166000
v -0.002417 0.053886 0.166000
v -0.002821 0.053995 0.166000
v 0.002000 0.070250 0.166000
v 0.000400 0.056250 0.166000
v 0.000364 0.055833 0.166000
v 0.000255 0.055429 0.166000
v -0.006000 0.070250 0.166000
v -0.002000 0.058650 0.166000
v -0.001583 0.058614 0.166000
v -0.001179 0.058505 0.166000
v -0.004400 0.056250 0.166000
v -0.004364 0.056667 0.166000
v -0.004255 0.057071 0.166000
v -0.004078 0.057450 0.166000
v -0.003839 0.057793 0.166000
v -0.003543 0.058089 0.166000
v -0.003200 0.058328 0.166000
v -0.002821 0.058505 0.166000
v -0.002417 0.058614 0.166000
v -0.000800 0.058328 0.166000
v -0.000457 0.058089 0.166000
v -0.000161 0.057793 0.166000
v 0.000078 0.057450 0.166000
v 0.000255 0.057071 0.166000
v 0.000364 0.056667 0.166000
v 0.000078 0.055050 0.166000
v -0.000161 0.054707 0.166000
v -0.000457 0.054411 0.166000
v -0.000800 0.054172 0.166000
v -0.001179 0.053995 0.166000
v -0.001583 0.053886 0.166000
v -0.003200 0.054172 0.166000
v -0.003543 0.054411 0.166000
v -0.003839 0.054707 0.166000
v -0.004078 0.055050 0.166000
v -0.004255 0.055429 0.166000
v -0.004364 0.055833 0.166000
v 0.002000 0.033482 0.169268
v -0.006000 0.033482 0.169268
v 0.002000 0.033227 0.169566
v -0.006000 0.033227 0.169566
v 0.002000 0.033022 0.169901
v -0.006000 0.033022 0.169901
v 0.002000 0.032872 0.170263
v -0.006000 0.032872 0.170263
v 0.002000 0.032781 0.170644
v -0.006000 0.032781 0.170644
v 0.002000 0.032750 0.171036
v -0.006000 0.032750 0.171036
v 0.002000 0.032750 0.180000
v -0.006000 0.032750 0.180000
v -0.004364 0.056667 0.150000
v -0.004364 0.056667 0.158000
v -0.004400 0.056250 0.150000
v -0.004400 0.056250 0.158000
v -0.004364 0.055833 0.150000
v -0.004364 0.055833 0.158000
v -0.004255 0.055429 0.150000
v -0.004255 0.055429 0.158000
v -0.004078 0.055050 0.150000
v -0.004078 0.055050 0.158000
v -0.003839 0.054707 0.150000
v -0.003839 0.054707 0.158000
v -0.003543 0.054411 0.150000
v -0.003543 0.054411 0.158000
v -0.003200 0.054172 0.150000
v -0.003200 0.054172 0.158000
v -0.002821 0.053995 0.150000
v -0.002821 0.053995 0.158000
v -0.002417 0.053886 0.150000
v -0.002417 0.053886 0.158000
v -0.002000 0.053850 0.150000
v -0.002000 0.053850 0.158000
v -0.001583 0.053886 0.150000
v -0.001583 0.053886 0.158000
v -0.001179 0.053995 0.150000
v -0.001179 0.053995 0.158000
v -0.000800 0.054172 0.150000
v -0.000800 0.054172 0.158000
v -0.000457 0.054411 0.150000
v -0.000457 0.054411 0.158000
v -0.000161 0.054707 0.150000
v -0.000161 0.054707 0.158000
v 0.000078 0.055050 0.150000
v 0.000078 0.055050 0.158000
v 0.000255 0.055429 0.150000
v 0.000255 0.055429 0.158000
v 0.000364 0.055833 0.150000
v 0.000364 0.055833 0.158000
v 0.000400 0.056250 0.150000
v 0.000400 0.056250 0.158000
v 0.000364 0.056667 0.150000
v 0.000364 0.056667 0.158000
v 0.000255 0.057071 0.150000
v 0.000255 0.057071 0.158000
v 0.000078 0.057450 0.150000
v 0.000078 0.057450 0.158000
v -0.000161 0.057793 0.150000
v -0.000161 0.057793 0.158000
v -0.004255 0.057071 0.158000
v -0.004255 0.057071 0.150000
v -0.004078 0.057450 0.158000
v -0.004078 0.057450 0.150000
v -0.003839 0.057793 0.158000
v -0.003839 0.057793 0.150000
v -0.003543 0.058089 0.150000
v -0.003200 0.058328 0.150000
v -0.002821 0.058505 0.150000
v -0.002417 0.058614 0.150000
v -0.002000 0.058650 0.150000
v -0.001583 0.058614 0.150000
v -0.001179 0.058505 0.150000
v -0.000800 0.058328 0.150000
v -0.000457 0.058089 0.150000
v -0.000457 0.058089 0.158000
v -0.003543 0.058089 0.158000
v -0.004364 0.019167 0.164000
v -0.004364 0.019167 0.172000
v -0.004400 0.018750 0.164000
v -0.004400 0.018750 0.172000
v -0.004364 0.018333 0.164000
v -0.004364 0.018333 0.172000
v -0.004255 0.017929 0.164000
v -0.004255 0.017929 0.172000
v -0.004078 0.017550 0.164000
v -0.004078 0.017550 0.172000
v -0.003839 0.017207 0.164000
v -0.003839 0.017207 0.172000
v -0.003839 0.017207 0.180000
v -0.003543 0.016911 0.172000
v -0.003543 0.016911 0.180000
v -0.003200 0.016672 0.180000
v -0.003200 0.016672 0.172000
v -0.002821 0.016495 0.180000
v -0.004255 0.019571 0.172000
v -0.004255 0.019571 0.164000
v -0.004078 0.019950 0.172000
v -0.004078 0.019950 0.164000
v -0.003839 0.020293 0.172000
v -0.003839 0.020293 0.164000
v -0.003543 0.020589 0.164000
v -0.003200 0.020828 0.164000
v -0.002821 0.021005 0.164000
v -0.002417 0.021114 0.164000
v -0.002000 0.021150 0.164000
v -0.001583 0.021114 0.164000
v -0.001179 0.021005 0.164000
v -0.000800 0.020828 0.164000
v -0.000457 0.020589 0.164000
v -0.000161 0.020293 0.164000
v -0.000161 0.020293 0.172000
v 0.000078 0.019950 0.172000
v 0.000078 0.019950 0.180000
v 0.000255 0.019571 0.180000
v 0.000255 0.019571 0.172000
v 0.000364 0.019167 0.180000
v 0.000364 0.019167 0.172000
v 0.000400 0.018750 0.180000
v 0.000400 0.018750 0.172000
v 0.000364 0.018333 0.180000
v 0.000364 0.018333 0.172000
v 0.000255 0.017929 0.180000
v 0.000255 0.017929 0.172000
v 0.000078 0.017550 0.180000
v 0.000078 0.017550 0.172000
v -0.000161 0.017207 0.180000
v -0.000161 0.017207 0.172000
v -0.000457 0.016911 0.180000
v -0.000457 0.016911 0.172000
v -0.000161 0.017207 0.164000
v -0.000457 0.016911 0.164000
v -0.000800 0.016672 0.164000
v -0.001179 0.016495 0.164000
v -0.001583 0.016386 0.164000
v -0.002000 0.016350 0.164000
v -0.002417 0.016386 0.164000
v -0.002821 0.016495 0.164000
v -0.003200 0.016672 0.164000
v -0.003543 0.016911 0.164000
v 0.000078 0.019950 0.164000
v 0.000255 0.019571 0.164000
v 0.000364 0.019167 0.164000
v 0.000400 0.018750 0.164000
v 0.000364 0.018333 0.164000
v 0.000255 0.017929 0.164000
v 0.000078 0.017550 0.164000
v -0.004364 0.018333 0.180000
v -0.004400 0.018750 0.180000
v -0.004364 0.019167 0.180000
v -0.004255 0.019571 0.180000
v -0.004078 0.019950 0.180000
v -0.003839 0.020293 0.180000
v -0.003543 0.020589 0.180000
v -0.003543 0.020589 0.172000
v -0.004255 0.017929 0.180000
v -0.004078 0.017550 0.180000
v -0.002417 0.016386 0.180000
v -0.002821 0.016495 0.172000
v -0.002000 0.016350 0.180000
v -0.002417 0.016386 0.172000
v -0.001583 0.016386 0.180000
v -0.002000 0.016350 0.172000
v -0.001179 0.016495 0.180000
v -0.001583 0.016386 0.172000
v -0.000800 0.016672 0.180000
v -0.001179 0.016495 0.172000
v -0.000800 0.016672 0.172000
v -0.000161 0.020293 0.180000
v -0.000457 0.020589 0.172000
v -0.000457 0.020589 0.180000
v -0.000800 0.020828 0.180000
v -0.000800 0.020828 0.172000
v -0.001179 0.021005 0.180000
v -0.001583 0.021114 0.180000
v -0.001179 0.021005 0.172000
v -0.002000 0.021150 0.180000
v -0.001583 0.021114 0.172000
v -0.002417 0.021114 0.180000
v -0.002000 0.021150 0.172000
v -0.002821 0.021005 0.180000
v -0.002417 0.021114 0.172000
v -0.003200 0.020828 0.180000
v -0.002821 0.021005 0.172000
v -0.003200 0.020828 0.172000
v 0.002000 0.004750 0.118000
v 0.002000 0.004750 0.180000
v 0.002000 0.070250 0.148000
v -0.006000 0.004750 0.180000
v -0.006000 0.070250 0.148000
v 0.001970 0.037847 0.010000
v 0.001970 0.037847 0.005000
v 0.002000 0.037500 0.010000
v 0.002000 0.037500 0.005000
v 0.001970 0.037153 0.010000
v 0.001970 0.037153 0.005000
v 0.001879 0.036816 0.010000
v 0.001879 0.036816 0.005000
v 0.001732 0.036500 0.010000
v 0.001732 0.036500 0.005000
v 0.001532 0.036214 0.010000
v 0.001532 0.036214 0.005000
v 0.001286 0.035968 0.010000
v 0.001286 0.035968 0.005000
v 0.001000 0.035768 0.010000
v 0.001000 0.035768 0.005000
v 0.000684 0.035621 0.010000
v 0.000684 0.035621 0.005000
v 0.000347 0.035530 0.010000
v 0.000347 0.035530 0.005000
v 0.000000 0.035500 0.010000
v 0.000000 0.035500 0.005000
v -0.000347 0.035530 0.010000
v -0.000347 0.035530 0.005000
v -0.000684 0.035621 0.010000
v -0.000684 0.035621 0.005000
v -0.001000 0.035768 0.010000
v -0.001000 0.035768 0.005000
v -0.001286 0.035968 0.010000
v -0.001286 0.035968 0.005000
v -0.001532 0.036214 0.010000
v -0.001532 0.036214 0.005000
v -0.001732 0.036500 0.010000
v -0.001732 0.036500 0.005000
v -0.001879 0.036816 0.010000
v -0.001879 0.036816 0.005000
v -0.001970 0.037153 0.010000
v -0.001970 0.037153 0.005000
v -0.002000 0.037500 0.010000
v -0.002000 0.037500 0.005000
v -0.001970 0.037847 0.010000
v -0.001970 0.037847 0.005000
v -0.001879 0.038184 0.010000
v -0.001879 0.038184 0.005000
v -0.001732 0.038500 0.010000
v -0.001732 0.038500 0.005000
v -0.001532 0.038786 0.010000
v -0.001532 0.038786 0.005000
v -0.001286 0.039032 0.010000
v -0.001286 0.039032 0.005000
v -0.001000 0.039232 0.010000
v -0.001000 0.039232 0.005000
v -0.000684 0.039379 0.010000
v -0.000684 0.039379 0.005000
v -0.000347 0.039470 0.010000
v -0.000347 0.039470 0.005000
v 0.000000 0.039500 0.010000
v 0.000000 0.039500 0.005000
v 0.000347 0.039470 0.010000
v 0.000347 0.039470 0.005000
v 0.000684 0.039379 0.010000
v 0.000684 0.039379 0.005000
v 0.001000 0.039232 0.010000
v 0.001000 0.039232 0.005000
v 0.001286 0.039032 0.010000
v 0.001286 0.039032 0.005000
v 0.001532 0.038786 0.010000
v 0.001532 0.038786 0.005000
v 0.001732 0.038500 0.010000
v 0.001732 0.038500 0.005000
v 0.001879 0.038184 0.010000
v 0.001879 0.038184 0.005000
v 0.001970 0.037153 0.000000
v 0.002000 0.037500 0.000000
v 0.001970 0.037847 0.000000
v 0.001879 0.038184 0.000000
v 0.001732 0.038500 0.000000
v 0.001532 0.038786 0.000000
v 0.001286 0.039032 0.000000
v 0.001000 0.039232 0.000000
v 0.000684 0.039379 0.000000
v 0.000347 0.039470 0.000000
v 0.000000 0.039500 0.000000
v -0.000347 0.039470 0.000000
v -0.000684 0.039379 0.000000
v -0.001000 0.039232 0.000000
v -0.001286 0.039032 0.000000
v -0.001532 0.038786 0.000000
v -0.001732 0.038500 0.000000
v -0.001879 0.038184 0.000000
v -0.001970 0.037847 0.000000
v -0.002000 0.037500 0.000000
v -0.001970 0.037153 0.000000
v -0.001879 0.036816 0.000000
v -0.001732 0.036500 0.000000
v -0.001532 0.036214 0.000000
v -0.001286 0.035968 0.000000
v -0.001000 0.035768 0.000000
v -0.000684 0.035621 0.000000
v -0.000347 0.035530 0.000000
v 0.000000 0.035500 0.000000
v 0.000347 0.035530 0.000000
v 0.000684 0.035621 0.000000
v 0.001000 0.035768 0.000000
v 0.001286 0.035968 0.000000
v 0.001532 0.036214 0.000000
v 0.001732 0.036500 0.000000
v 0.001879 0.036816 0.000000
v 0.001970 0.000347 0.010000
v 0.001970 0.000347 0.005000
v 0.002000 -0.000000 0.010000
v 0.002000 -0.000000 0.005000
v 0.001970 -0.000347 0.010000
v 0.001970 -0.000347 0.005000
v 0.001879 -0.000684 0.010000
v 0.001879 -0.000684 0.005000
v 0.001732 -0.001000 0.010000
v 0.001732 -0.001000 0.005000
v 0.001532 -0.001286 0.010000
v 0.001532 -0.001286 0.005000
v 0.001286 -0.001532 0.010000
v 0.001286 -0.001532 0.005000
v 0.001000 -0.001732 0.010000
v 0.001000 -0.001732 0.005000
v 0.000684 -0.001879 0.010000
v 0.000684 -0.001879 0.005000
v 0.000347 -0.001970 0.010000
v 0.000347 -0.001970 0.005000
v -0.000000 -0.002000 0.010000
v -0.000000 -0.002000 0.005000
v -0.000347 -0.001970 0.010000
v -0.000347 -0.001970 0.005000
v -0.000684 -0.001879 0.010000
v -0.000684 -0.001879 0.005000
v -0.001000 -0.001732 0.010000
v -0.001000 -0.001732 0.005000
v -0.001286 -0.001532 0.010000
v -0.001286 -0.001532 0.005000
v -0.001532 -0.001286 0.010000
v -0.001532 -0.001286 0.005000
v -0.001732 -0.001000 0.010000
v -0.001732 -0.001000 0.005000
v -0.001879 -0.000684 0.010000
v -0.001879 -0.000684 0.005000
v -0.001970 -0.000347 0.010000
v -0.001970 -0.000347 0.005000
v -0.002000 0.000000 0.010000
v -0.002000 0.000000 0.005000
v -0.001970 0.000347 0.010000
v -0.001970 0.000347 0.005000
v -0.001879 0.000684 0.010000
v -0.001879 0.000684 0.005000
v -0.001732 0.001000 0.010000
v -0.001732 0.001000 0.005000
v -0.001532 0.001286 0.010000
v -0.001532 0.001286 0.005000
v -0.001286 0.001532 0.010000
v -0.001286 0.001532 0.005000
v -0.001000 0.001732 0.010000
v -0.001000 0.001732 0.005000
v -0.000684 0.001879 0.010000
v -0.000684 0.001879 0.005000
v -0.000347 0.001970 0.010000
v -0.000347 0.001970 0.005000
v 0.000000 0.002000 0.010000
v 0.000000 0.002000 0.005000
v 0.000347 0.001970 0.010000
v 0.000347 0.001970 0.005000
v 0.000684 0.001879 0.010000
v 0.000684 0.001879 0.005000
v 0.001000 0.001732 0.010000
v 0.001000 0.001732 0.005000
v 0.001286 0.001532 0.010000
v 0.001286 0.001532 0.005000
v 0.001532 0.001286 0.010000
v 0.001532 0.001286 0.005000
v 0.001732 0.001000 0.010000
v 0.001732 0.001000 0.005000
v 0.001879 0.000684 0.010000
v 0.001879 0.000684 0.005000
v 0.001970 -0.000347 0.000000
v 0.002000 -0.000000 0.000000
v 0.001970 0.000347 0.000000
v 0.001879 0.000684 0.000000
v 0.001732 0.001000 0.000000
v 0.001532 0.001286 0.000000
v 0.001286 0.001532 0.000000
v 0.001000 0.001732 0.000000
v 0.000684 0.001879 0.000000
v 0.000347 0.001970 0.000000
v 0.000000 0.002000 0.000000
v -0.000347 0.001970 0.000000
v -0.000684 0.001879 0.000000
v -0.001000 0.001732 0.000000
v -0.001286 0.001532 0.000000
v -0.001532 0.001286 0.000000
v -0.001732 0.001000 0.000000
v -0.001879 0.000684 0.000000
v -0.001970 0.000347 0.000000
v -0.002000 0.000000 0.000000
v -0.001970 -0.000347 0.000000
v -0.001879 -0.000684 0.000000
v -0.001732 -0.001000 0.000000
v -0.001532 -0.001286 0.000000
v -0.001286 -0.001532 0.000000
v -0.001000 -0.001732 0.000000
v -0.000684 -0.001879 0.000000
v -0.000347 -0.001970 0.000000
v -0.000000 -0.002000 0.000000
v 0.000347 -0.001970 0.000000
v 0.000684 -0.001879 0.000000
v 0.001000 -0.001732 0.000000
v 0.001286 -0.001532 0.000000
v 0.001532 -0.001286 0.000000
v 0.001732 -0.001000 0.000000
v 0.001879 -0.000684 0.000000
v -0.006000 0.004750 0.010000
v -0.006000 -0.003250 0.010000
v -0.005963 -0.003719 0.010000
v -0.005853 -0.004177 0.010000
v -0.005673 -0.004612 0.010000
v -0.005427 -0.005013 0.010000
v -0.005121 -0.005371 0.010000
v -0.004763 -0.005677 0.010000
v -0.004362 -0.005923 0.010000
v -0.003927 -0.006103 0.010000
v -0.003469 -0.006213 0.010000
v -0.003000 -0.006250 0.010000
v 0.003000 -0.006250 0.010000
v 0.003469 -0.006213 0.010000
v 0.003927 -0.006103 0.010000
v 0.004362 -0.005923 0.010000
v 0.004763 -0.005677 0.010000
v 0.005121 -0.005371 0.010000
v 0.005427 -0.005013 0.010000
v 0.005673 -0.004612 0.010000
v 0.005853 -0.004177 0.010000
v 0.005963 -0.003719 0.010000
v 0.005963 0.041219 0.010000
v 0.005853 0.041677 0.010000
v 0.005673 0.042112 0.010000
v 0.005427 0.042513 0.010000
v 0.005121 0.042871 0.010000
v 0.004763 0.043177 0.010000
v 0.004362 0.043423 0.010000
v 0.003927 0.043603 0.010000
v 0.003469 0.043713 0.010000
v 0.003000 0.043750 0.010000
v -0.003000 0.043750 0.010000
v -0.003469 0.043713 0.010000
v -0.003927 0.043603 0.010000
v -0.004362 0.043423 0.010000
v -0.004763 0.043177 0.010000
v -0.005121 0.042871 0.010000
v -0.005427 0.042513 0.010000
v -0.005673 0.042112 0.010000
v -0.005853 0.041677 0.010000
v -0.005963 0.041219 0.010000
v -0.006000 0.040750 0.010000
v 0.005963 -0.003719 0.000000
v 0.005853 -0.004177 0.000000
v 0.005673 -0.004612 0.000000
v 0.005427 -0.005013 0.000000
v 0.005121 -0.005371 0.000000
v 0.004763 -0.005677 0.000000
v 0.004362 -0.005923 0.000000
v 0.003927 -0.006103 0.000000
v 0.003469 -0.006213 0.000000
v 0.003000 -0.006250 0.000000
v -0.003000 -0.006250 0.000000
v -0.003469 -0.006213 0.000000
v -0.003927 -0.006103 0.000000
v -0.004362 -0.005923 0.000000
v -0.004763 -0.005677 0.000000
v -0.005121 -0.005371 0.000000
v -0.005427 -0.005013 0.000000
v -0.005673 -0.004612 0.000000
v -0.005853 -0.004177 0.000000
v -0.005963 -0.003719 0.000000
v -0.006000 -0.003250 0.000000
v -0.006000 0.040750 0.000000
v -0.004763 0.043177 0.000000
v -0.004362 0.043423 0.000000
v -0.005963 0.041219 0.000000
v -0.005853 0.041677 0.000000
v -0.005673 0.042112 0.000000
v -0.005427 0.042513 0.000000
v -0.005121 0.042871 0.000000
v -0.003927 0.043603 0.000000
v -0.003469 0.043713 0.000000
v -0.003000 0.043750 0.000000
v 0.003000 0.043750 0.000000
v 0.003469 0.043713 0.000000
v 0.003927 0.043603 0.000000
v 0.004362 0.043423 0.000000
v 0.004763 0.043177 0.000000
v 0.005121 0.042871 0.000000
v 0.005427 0.042513 0.000000
v 0.005673 0.042112 0.000000
v 0.005853 0.041677 0.000000
v 0.005963 0.041219 0.000000
v 0.144000 -0.003250 0.010000
v 0.144000 0.004750 0.010000
v 0.144000 -0.003250 -0.000000
v 0.144000 0.032750 0.010000
v 0.144000 0.040750 -0.000000
v 0.144000 0.040750 0.010000
v 0.144000 0.004750 0.114000
v 0.144000 0.008750 0.056000
v 0.144000 0.028750 0.056000
v 0.144000 0.032750 0.114000
v 0.144000 0.028750 0.110000
v 0.144000 0.008750 0.110000
v 0.152000 0.021038 0.106534
v 0.156000 0.021038 0.106534
v 0.152000 0.021000 0.106000
v 0.156000 0.021000 0.106000
v 0.152000 0.021038 0.105466
v 0.156000 0.021038 0.105466
v 0.152000 0.021152 0.104944
v 0.156000 0.021152 0.104944
v 0.152000 0.021339 0.104442
v 0.156000 0.021339 0.104442
v 0.152000 0.021595 0.103973
v 0.156000 0.021595 0.103973
v 0.152000 0.021916 0.103544
v 0.156000 0.021916 0.103544
v 0.152000 0.022294 0.103166
v 0.156000 0.022294 0.103166
v 0.152000 0.022723 0.102845
v 0.156000 0.022723 0.102845
v 0.152000 0.023192 0.102589
v 0.156000 0.023192 0.102589
v 0.152000 0.023694 0.102402
v 0.156000 0.023694 0.102402
v 0.152000 0.024216 0.102288
v 0.156000 0.024216 0.102288
v 0.152000 0.024750 0.102250
v 0.156000 0.024750 0.102250
v 0.152000 0.025284 0.102288
v 0.156000 0.025284 0.102288
v 0.152000 0.025806 0.102402
v 0.156000 0.025806 0.102402
v 0.152000 0.026308 0.102589
v 0.156000 0.026308 0.102589
v 0.152000 0.026777 0.102845
v 0.156000 0.026777 0.102845
v 0.152000 0.027206 0.103166
v 0.156000 0.027206 0.103166
v 0.152000 0.027584 0.103544
v 0.156000 0.027584 0.103544
v 0.152000 0.027905 0.103973
v 0.156000 0.027905 0.103973
v 0.152000 0.028161 0.104442
v 0.156000 0.028161 0.104442
v 0.152000 0.028348 0.104944
v 0.156000 0.028348 0.104944
v 0.152000 0.028462 0.105466
v 0.156000 0.028462 0.105466
v 0.152000 0.028500 0.106000
v 0.156000 0.028500 0.106000
v 0.152000 0.028462 0.106534
v 0.156000 0.028462 0.106534
v 0.152000 0.028348 0.107056
v 0.156000 0.028348 0.107056
v 0.152000 0.028161 0.107558
v 0.156000 0.028161 0.107558
v 0.152000 0.027905 0.108027
v 0.156000 0.027905 0.108027
v 0.152000 0.027584 0.108456
v 0.156000 0.027584 0.108456
v 0.152000 0.027206 0.108834
v 0.156000 0.027206 0.108834
v 0.152000 0.026777 0.109155
v 0.156000 0.026777 0.109155
v 0.152000 0.026308 0.109411
v 0.156000 0.026308 0.109411
v 0.152000 0.025806 0.109598
v 0.156000 0.025806 0.109598
v 0.152000 0.025284 0.109712
v 0.156000 0.025284 0.109712
v 0.152000 0.024750 0.109750
v 0.156000 0.024750 0.109750
v 0.152000 0.024216 0.109712
v 0.156000 0.024216 0.109712
v 0.152000 0.023694 0.109598
v 0.156000 0.023694 0.109598
v 0.152000 0.023192 0.109411
v 0.156000 0.023192 0.109411
v 0.152000 0.022723 0.109155
v 0.156000 0.022723 0.109155
v 0.152000 0.022294 0.108834
v 0.156000 0.022294 0.108834
v 0.152000 0.021916 0.108456
v 0.156000 0.021916 0.108456
v 0.152000 0.021595 0.108027
v 0.156000 0.021595 0.108027
v 0.152000 0.021339 0.107558
v 0.156000 0.021339 0.107558
v 0.152000 0.021152 0.107056
v 0.156000 0.021152 0.107056
v 0.152000 0.009038 0.066534
v 0.156000 0.009038 0.066534
v 0.152000 0.009000 0.066000
v 0.156000 0.009000 0.066000
v 0.152000 0.009038 0.065466
v 0.156000 0.009038 0.065466
v 0.152000 0.009152 0.064944
v 0.156000 0.009152 0.064944
v 0.152000 0.009339 0.064442
v 0.156000 0.009339 0.064442
v 0.152000 0.009595 0.063973
v 0.156000 0.009595 0.063973
v 0.152000 0.009916 0.063544
v 0.156000 0.009916 0.063544
v 0.152000 0.010294 0.063166
v 0.156000 0.010294 0.063166
v 0.152000 0.010723 0.062845
v 0.156000 0.010723 0.062845
v 0.152000 0.011192 0.062589
v 0.156000 0.011192 0.062589
v 0.152000 0.011694 0.062402
v 0.156000 0.011694 0.062402
v 0.152000 0.012216 0.062288
v 0.156000 0.012216 0.062288
v 0.152000 0.012750 0.062250
v 0.156000 0.012750 0.062250
v 0.152000 0.013284 0.062288
v 0.156000 0.013284 0.062288
v 0.152000 0.013806 0.062402
v 0.156000 0.013806 0.062402
v 0.152000 0.014308 0.062589
v 0.156000 0.014308 0.062589
v 0.152000 0.014777 0.062845
v 0.156000 0.014777 0.062845
v 0.152000 0.015206 0.063166
v 0.156000 0.015206 0.063166
v 0.152000 0.015584 0.063544
v 0.156000 0.015584 0.063544
v 0.152000 0.015905 0.063973
v 0.156000 0.015905 0.063973
v 0.152000 0.016161 0.064442
v 0.156000 0.016161 0.064442
v 0.152000 0.016348 0.064944
v 0.156000 0.016348 0.064944
v 0.152000 0.016462 0.065466
v 0.156000 0.016462 0.065466
v 0.152000 0.016500 0.066000
v 0.156000 0.016500 0.066000
v 0.152000 0.016462 0.066534
v 0.156000 0.016462 0.066534
v 0.152000 0.016348 0.067056
v 0.156000 0.016348 0.067056
v 0.152000 0.016161 0.067558
v 0.156000 0.016161 0.067558
v 0.152000 0.015905 0.068027
v 0.156000 0.015905 0.068027
v 0.152000 0.015584 0.068456
v 0.156000 0.015584 0.068456
v 0.152000 0.015206 0.068834
v 0.156000 0.015206 0.068834
v 0.152000 0.014777 0.069155
v 0.156000 0.014777 0.069155
v 0.152000 0.014308 0.069411
v 0.156000 0.014308 0.069411
v 0.152000 0.013806 0.069598
v 0.156000 0.013806 0.069598
v 0.152000 0.013284 0.069712
v 0.156000 0.013284 0.069712
v 0.152000 0.012750 0.069750
v 0.156000 0.012750 0.069750
v 0.152000 0.012216 0.069712
v 0.156000 0.012216 0.069712
v 0.152000 0.011694 0.069598
v 0.156000 0.011694 0.069598
v 0.152000 0.011192 0.069411
v 0.156000 0.011192 0.069411
v 0.152000 0.010723 0.069155
v 0.156000 0.010723 0.069155
v 0.152000 0.010294 0.068834
v 0.156000 0.010294 0.068834
v 0.152000 0.009916 0.068456
v 0.156000 0.009916 0.068456
v 0.152000 0.009595 0.068027
v 0.156000 0.009595 0.068027
v 0.152000 0.009339 0.067558
v 0.156000 0.009339 0.067558
v 0.152000 0.009152 0.067056
v 0.156000 0.009152 0.067056
v 0.152000 0.009038 0.106534
v 0.156000 0.009038 0.106534
v 0.152000 0.009000 0.106000
v 0.156000 0.009000 0.106000
v 0.152000 0.009038 0.105466
v 0.156000 0.009038 0.105466
v 0.152000 0.009152 0.104944
v 0.156000 0.009152 0.104944
v 0.152000 0.009339 0.104442
v 0.156000 0.009339 0.104442
v 0.152000 0.009595 0.103973
v 0.156000 0.009595 0.103973
v 0.152000 0.009916 0.103544
v 0.156000 0.009916 0.103544
v 0.152000 0.010294 0.103166
v 0.156000 0.010294 0.103166
v 0.152000 0.010723 0.102845
v 0.156000 0.010723 0.102845
v 0.152000 0.011192 0.102589
v 0.156000 0.011192 0.102589
v 0.152000 0.011694 0.102402
v 0.156000 0.011694 0.102402
v 0.152000 0.012216 0.102288
v 0.156000 0.012216 0.102288
v 0.152000 0.012750 0.102250
v 0.156000 0.012750 0.102250
v 0.152000 0.013284 0.102288
v 0.156000 0.013284 0.102288
v 0.152000 0.013806 0.102402
v 0.156000 0.013806 0.102402
v 0.152000 0.014308 0.102589
v 0.156000 0.014308 0.102589
v 0.152000 0.014777 0.102845
v 0.156000 0.014777 0.102845
v 0.152000 0.015206 0.103166
v 0.156000 0.015206 0.103166
v 0.152000 0.015584 0.103544
v 0.156000 0.015584 0.103544
v 0.152000 0.015905 0.103973
v 0.156000 0.015905 0.103973
v 0.152000 0.016161 0.104442
v 0.156000 0.016161 0.104442
v 0.152000 0.016348 0.104944
v 0.156000 0.016348 0.104944
v 0.152000 0.016462 0.105466
v 0.156000 0.016462 0.105466
v 0.152000 0.016500 0.106000
v 0.156000 0.016500 0.106000
v 0.152000 0.016462 0.106534
v 0.156000 0.016462 0.106534
v 0.152000 0.016348 0.107056
v 0.156000 0.016348 0.107056
v 0.152000 0.016161 0.107558
v 0.156000 0.016161 0.107558
v 0.152000 0.015905 0.108027
v 0.156000 0.015905 0.108027
v 0.152000 0.015584 0.108456
v 0.156000 0.015584 0.108456
v 0.152000 0.015206 0.108834
v 0.156000 0.015206 0.108834
v 0.152000 0.014777 0.109155
v 0.156000 0.014777 0.109155
v 0.152000 0.014308 0.109411
v 0.156000 0.014308 0.109411
v 0.152000 0.013806 0.109598
v 0.156000 0.013806 0.109598
v 0.152000 0.013284 0.109712
v 0.156000 0.013284 0.109712
v 0.152000 0.012750 0.109750
v 0.156000 0.012750 0.109750
v 0.152000 0.012216 0.109712
v 0.156000 0.012216 0.109712
v 0.152000 0.011694 0.109598
v 0.156000 0.011694 0.109598
v 0.152000 0.011192 0.109411
v 0.156000 0.011192 0.109411
v 0.152000 0.010723 0.109155
v 0.156000 0.010723 0.109155
v 0.152000 0.010294 0.108834
v 0.156000 0.010294 0.108834
v 0.152000 0.009916 0.108456
v 0.156000 0.009916 0.108456
v 0.152000 0.009595 0.108027
v 0.156000 0.009595 0.108027
v 0.152000 0.009339 0.107558
v 0.156000 0.009339 0.107558
v 0.152000 0.009152 0.107056
v 0.156000 0.009152 0.107056
v 0.152000 0.021038 0.066534
v 0.156000 0.021038 0.066534
v 0.152000 0.021000 0.066000
v 0.156000 0.021000 0.066000
v 0.152000 0.021038 0.065466
v 0.156000 0.021038 0.065466
v 0.152000 0.021152 0.064944
v 0.156000 0.021152 0.064944
v 0.152000 0.021339 0.064442
v 0.156000 0.021339 0.064442
v 0.152000 0.021595 0.063973
v 0.156000 0.021595 0.063973
v 0.152000 0.021916 0.063544
v 0.156000 0.021916 0.063544
v 0.152000 0.022294 0.063166
v 0.156000 0.022294 0.063166
v 0.152000 0.022723 0.062845
v 0.156000 0.022723 0.062845
v 0.152000 0.023192 0.062589
v 0.156000 0.023192 0.062589
v 0.152000 0.023694 0.062402
v 0.156000 0.023694 0.062402
v 0.152000 0.024216 0.062288
v 0.156000 0.024216 0.062288
v 0.152000 0.024750 0.062250
v 0.156000 0.024750 0.062250
v 0.152000 0.025284 0.062288
v 0.156000 0.025284 0.062288
v 0.152000 0.025806 0.062402
v 0.156000 0.025806 0.062402
v 0.152000 0.026308 0.062589
v 0.156000 0.026308 0.062589
v 0.152000 0.026777 0.062845
v 0.156000 0.026777 0.062845
v 0.152000 0.027206 0.063166
v 0.156000 0.027206 0.063166
v 0.152000 0.027584 0.063544
v 0.156000 0.027584 0.063544
v 0.152000 0.027905 0.063973
v 0.156000 0.027905 0.063973
v 0.152000 0.028161 0.064442
v 0.156000 0.028161 0.064442
v 0.152000 0.028348 0.064944
v 0.156000 0.028348 0.064944
v 0.152000 0.028462 0.065466
v 0.156000 0.028462 0.065466
v 0.152000 0.028500 0.066000
v 0.156000 0.028500 0.066000
v 0.152000 0.028462 0.066534
v 0.156000 0.028462 0.066534
v 0.152000 0.028348 0.067056
v 0.156000 0.028348 0.067056
v 0.152000 0.028161 0.067558
v 0.156000 0.028161 0.067558
v 0.152000 0.027905 0.068027
v 0.156000 0.027905 0.068027
v 0.152000 0.027584 0.068456
v 0.156000 0.027584 0.068456
v 0.152000 0.027206 0.068834
v 0.156000 0.027206 0.068834
v 0.152000 0.026777 0.069155
v 0.156000 0.026777 0.069155
v 0.152000 0.026308 0.069411
v 0.156000 0.026308 0.069411
v 0.152000 0.025806 0.069598
v 0.156000 0.025806 0.069598
v 0.152000 0.025284 0.069712
v 0.156000 0.025284 0.069712
v 0.152000 0.024750 0.069750
v 0.156000 0.024750 0.069750
v 0.152000 0.024216 0.069712
v 0.156000 0.024216 0.069712
v 0.152000 0.023694 0.069598
v 0.156000 0.023694 0.069598
v 0.152000 0.023192 0.069411
v 0.156000 0.023192 0.069411
v 0.152000 0.022723 0.069155
v 0.156000 0.022723 0.069155
v 0.152000 0.022294 0.068834
v 0.156000 0.022294 0.068834
v 0.152000 0.021916 0.068456
v 0.156000 0.021916 0.068456
v 0.152000 0.021595 0.068027
v 0.156000 0.021595 0.068027
v 0.152000 0.021339 0.067558
v 0.156000 0.021339 0.067558
v 0.152000 0.021152 0.067056
v 0.156000 0.021152 0.067056
v 0.150342 0.057986 0.157165
v 0.150334 0.057978 0.157000
v 0.150334 0.064114 0.157000
v 0.150342 0.057986 0.156835
v 0.150359 0.064114 0.156711
v 0.150367 0.058009 0.156671
v 0.150408 0.058046 0.156511
v 0.150434 0.064114 0.156430
v 0.150464 0.058094 0.156356
v 0.150557 0.064114 0.156167
v 0.150534 0.058150 0.156208
v 0.150618 0.058212 0.156070
v 0.150724 0.064114 0.155929
v 0.150712 0.058275 0.155943
v 0.150816 0.058338 0.155828
v 0.150930 0.064114 0.155723
v 0.150930 0.058398 0.155723
v 0.151058 0.058457 0.155626
v 0.151167 0.064114 0.155557
v 0.151198 0.058512 0.155540
v 0.151347 0.058560 0.155467
v 0.151430 0.064114 0.155434
v 0.151505 0.058598 0.155409
v 0.151711 0.064114 0.155359
v 0.151669 0.058627 0.155368
v 0.151835 0.058644 0.155343
v 0.152000 0.064114 0.155334
v 0.152000 0.058650 0.155334
v 0.152165 0.058644 0.155343
v 0.152289 0.064114 0.155359
v 0.152331 0.058627 0.155368
v 0.152495 0.058598 0.155409
v 0.152570 0.064114 0.155434
v 0.152653 0.058560 0.155467
v 0.152833 0.064114 0.155557
v 0.152802 0.058512 0.155540
v 0.152942 0.058457 0.155626
v 0.153070 0.064114 0.155723
v 0.153070 0.058398 0.155723
v 0.153184 0.058338 0.155828
v 0.153276 0.064114 0.155929
v 0.153288 0.058275 0.155943
v 0.153382 0.058212 0.156070
v 0.153443 0.064114 0.156167
v 0.153466 0.058150 0.156208
v 0.153536 0.058094 0.156356
v 0.153566 0.064114 0.156430
v 0.153592 0.058046 0.156511
v 0.153641 0.064114 0.156711
v 0.153633 0.058009 0.156671
v 0.153658 0.057986 0.156835
v 0.153666 0.064114 0.157000
v 0.153666 0.057978 0.157000
v 0.153658 0.057986 0.157165
v 0.153641 0.064114 0.157289
v 0.153633 0.058009 0.157329
v 0.153592 0.058046 0.157489
v 0.153566 0.064114 0.157570
v 0.153536 0.058094 0.157644
v 0.153443 0.064114 0.157833
v 0.153466 0.058150 0.157792
v 0.153382 0.058212 0.157930
v 0.153276 0.064114 0.158071
v 0.153288 0.058275 0.158057
v 0.153184 0.058338 0.158172
v 0.153070 0.064114 0.158277
v 0.153070 0.058398 0.158277
v 0.152942 0.058457 0.158374
v 0.152833 0.064114 0.158443
v 0.152802 0.058512 0.158460
v 0.152653 0.058560 0.158533
v 0.152570 0.064114 0.158566
v 0.152495 0.058598 0.158591
v 0.152289 0.064114 0.158641
v 0.152331 0.058627 0.158632
v 0.152165 0.058644 0.158657
v 0.152000 0.064114 0.158666
v 0.152000 0.058650 0.158666
v 0.151835 0.058644 0.158657
v 0.151711 0.064114 0.158641
v 0.151669 0.058627 0.158632
v 0.151505 0.058598 0.158591
v 0.151430 0.064114 0.158566
v 0.151347 0.058560 0.158533
v 0.151167 0.064114 0.158443
v 0.151198 0.058512 0.158460
v 0.151058 0.058457 0.158374
v 0.150930 0.064114 0.158277
v 0.150930 0.058398 0.158277
v 0.150816 0.058338 0.158172
v 0.150724 0.064114 0.158071
v 0.150712 0.058275 0.158057
v 0.150618 0.058212 0.157930
v 0.150557 0.064114 0.157833
v 0.150534 0.058150 0.157792
v 0.150464 0.058094 0.157644
v 0.150434 0.064114 0.157570
v 0.150408 0.058046 0.157489
v 0.150359 0.064114 0.157289
v 0.150367 0.058009 0.157329
v 0.152289 0.070250 0.158641
v 0.152000 0.070250 0.158666
v 0.151711 0.070250 0.158641
v 0.151430 0.070250 0.158566
v 0.151167 0.070250 0.158443
v 0.152570 0.070250 0.158566
v 0.152833 0.070250 0.158443
v 0.153071 0.070250 0.158276
v 0.153276 0.070250 0.158071
v 0.153443 0.070250 0.157833
v 0.153566 0.070250 0.157570
v 0.153641 0.070250 0.157289
v 0.153666 0.070250 0.157000
v 0.153641 0.070250 0.156711
v 0.153566 0.070250 0.156430
v 0.153443 0.070250 0.156167
v 0.153276 0.070250 0.155929
v 0.153071 0.070250 0.155724
v 0.152833 0.070250 0.155557
v 0.152570 0.070250 0.155434
v 0.152289 0.070250 0.155359
v 0.152000 0.070250 0.155334
v 0.151711 0.070250 0.155359
v 0.151430 0.070250 0.155434
v 0.151167 0.070250 0.155557
v 0.150929 0.070250 0.155724
v 0.150724 0.070250 0.155929
v 0.150557 0.070250 0.156167
v 0.150434 0.070250 0.156430
v 0.150359 0.070250 0.156711
v 0.150334 0.070250 0.157000
v 0.150359 0.070250 0.157289
v 0.150434 0.070250 0.157570
v 0.150557 0.070250 0.157833
v 0.150724 0.070250 0.158071
v 0.150929 0.070250 0.158276
v 0.153658 0.017014 0.171165
v 0.153666 0.017022 0.171000
v 0.153666 0.010886 0.171000
v 0.153658 0.017014 0.170835
v 0.153641 0.010886 0.170711
v 0.153633 0.016991 0.170671
v 0.153592 0.016954 0.170511
v 0.153566 0.010886 0.170430
v 0.153536 0.016906 0.170356
v 0.153443 0.010886 0.170167
v 0.153466 0.016850 0.170208
v 0.153382 0.016788 0.170070
v 0.153276 0.010886 0.169929
v 0.153288 0.016725 0.169943
v 0.153184 0.016662 0.169828
v 0.153070 0.010886 0.169723
v 0.153070 0.016602 0.169723
v 0.152942 0.016543 0.169626
v 0.152833 0.010886 0.169557
v 0.152802 0.016488 0.169540
v 0.152653 0.016441 0.169467
v 0.152570 0.010886 0.169434
v 0.152495 0.016402 0.169409
v 0.152289 0.010886 0.169359
v 0.152331 0.016373 0.169368
v 0.152165 0.016356 0.169343
v 0.152000 0.010886 0.169334
v 0.152000 0.016350 0.169334
v 0.151835 0.016356 0.169343
v 0.151711 0.010886 0.169359
v 0.151669 0.016373 0.169368
v 0.151505 0.016402 0.169409
v 0.151430 0.010886 0.169434
v 0.151347 0.016441 0.169467
v 0.151167 0.010886 0.169557
v 0.151198 0.016488 0.169540
v 0.151058 0.016543 0.169626
v 0.150930 0.010886 0.169723
v 0.150930 0.016602 0.169723
v 0.150816 0.016662 0.169828
v 0.150724 0.010886 0.169929
v 0.150712 0.016725 0.169943
v 0.150618 0.016788 0.170070
v 0.150557 0.010886 0.170167
v 0.150534 0.016850 0.170208
v 0.150464 0.016906 0.170356
v 0.150434 0.010886 0.170430
v 0.150408 0.016954 0.170511
v 0.150359 0.010886 0.170711
v 0.150367 0.016991 0.170671
v 0.150342 0.017014 0.170835
v 0.150334 0.010886 0.171000
v 0.150334 0.017022 0.171000
v 0.150342 0.017014 0.171165
v 0.150359 0.010886 0.171289
v 0.150367 0.016991 0.171329
v 0.150408 0.016954 0.171489
v 0.150434 0.010886 0.171570
v 0.150464 0.016906 0.171644
v 0.150557 0.010886 0.171833
v 0.150534 0.016850 0.171792
v 0.150618 0.016788 0.171930
v 0.150724 0.010886 0.172071
v 0.150712 0.016725 0.172057
v 0.150816 0.016662 0.172172
v 0.150930 0.010886 0.172277
v 0.150930 0.016602 0.172277
v 0.151058 0.016543 0.172374
v 0.151167 0.010886 0.172443
v 0.151198 0.016488 0.172460
v 0.151347 0.016441 0.172533
v 0.151430 0.010886 0.172566
v 0.151505 0.016402 0.172591
v 0.151711 0.010886 0.172641
v 0.151669 0.016373 0.172632
v 0.151835 0.016356 0.172657
v 0.152000 0.010886 0.172666
v 0.152000 0.016350 0.172666
v 0.152165 0.016356 0.172657
v 0.152289 0.010886 0.172641
v 0.152331 0.016373 0.172632
v 0.152495 0.016402 0.172591
v 0.152570 0.010886 0.172566
v 0.152653 0.016441 0.172533
v 0.152833 0.010886 0.172443
v 0.152802 0.016488 0.172460
v 0.152942 0.016543 0.172374
v 0.153070 0.010886 0.172277
v 0.153070 0.016602 0.172277
v 0.153184 0.016662 0.172172
v 0.153276 0.010886 0.172071
v 0.153288 0.016725 0.172057
v 0.153382 0.016788 0.171930
v 0.153443 0.010886 0.171833
v 0.153466 0.016850 0.171792
v 0.153536 0.016906 0.171644
v 0.153566 0.010886 0.171570
v 0.153592 0.016954 0.171489
v 0.153641 0.010886 0.171289
v 0.153633 0.016991 0.171329
v 0.152289 0.004750 0.169359
v 0.152000 0.004750 0.169334
v 0.151711 0.004750 0.169359
v 0.151430 0.004750 0.169434
v 0.151167 0.004750 0.169557
v 0.152570 0.004750 0.169434
v 0.152833 0.004750 0.169557
v 0.153071 0.004750 0.169724
v 0.153276 0.004750 0.169929
v 0.153443 0.004750 0.170167
v 0.153566 0.004750 0.170430
v 0.153641 0.004750 0.170711
v 0.153666 0.004750 0.171000
v 0.153641 0.004750 0.171289
v 0.153566 0.004750 0.171570
v 0.153443 0.004750 0.171833
v 0.153276 0.004750 0.172071
v 0.153071 0.004750 0.172276
v 0.152833 0.004750 0.172443
v 0.152570 0.004750 0.172566
v 0.152289 0.004750 0.172641
v 0.152000 0.004750 0.172666
v 0.151711 0.004750 0.172641
v 0.151430 0.004750 0.172566
v 0.151167 0.004750 0.172443
v 0.150929 0.004750 0.172276
v 0.150724 0.004750 0.172071
v 0.150557 0.004750 0.171833
v 0.150434 0.004750 0.171570
v 0.150359 0.004750 0.171289
v 0.150334 0.004750 0.171000
v 0.150359 0.004750 0.170711
v 0.150434 0.004750 0.170430
v 0.150557 0.004750 0.170167
v 0.150724 0.004750 0.169929
v 0.150929 0.004750 0.169724
v 0.148000 0.033482 0.138732
v 0.156000 0.033482 0.138732
v 0.148000 0.033227 0.138434
v 0.156000 0.033227 0.138434
v 0.148000 0.033022 0.138099
v 0.156000 0.033022 0.138099
v 0.148000 0.032872 0.137737
v 0.156000 0.032872 0.137737
v 0.148000 0.032781 0.137356
v 0.156000 0.032781 0.137356
v 0.148000 0.032750 0.136964
v 0.156000 0.032750 0.136964
v 0.148000 0.032750 0.118000
v 0.156000 0.032750 0.010000
v 0.156000 0.036018 0.141268
v 0.148000 0.036018 0.141268
v 0.156000 0.036316 0.141523
v 0.148000 0.036316 0.141523
v 0.156000 0.036651 0.141728
v 0.148000 0.036651 0.141728
v 0.156000 0.037013 0.141878
v 0.148000 0.037013 0.141878
v 0.156000 0.037394 0.141969
v 0.148000 0.037394 0.141969
v 0.156000 0.037786 0.142000
v 0.148000 0.037786 0.142000
v 0.156000 0.064250 0.142000
v 0.148000 0.064250 0.142000
v 0.156000 0.033482 0.169268
v 0.148000 0.033482 0.169268
v 0.156000 0.033227 0.169566
v 0.148000 0.033227 0.169566
v 0.156000 0.033022 0.169901
v 0.148000 0.033022 0.169901
v 0.156000 0.032872 0.170263
v 0.148000 0.032872 0.170263
v 0.156000 0.032781 0.170644
v 0.148000 0.032781 0.170644
v 0.156000 0.032750 0.171036
v 0.148000 0.032750 0.171036
v 0.156000 0.032750 0.180000
v 0.148000 0.032750 0.180000
v 0.148000 0.036018 0.166732
v 0.156000 0.036018 0.166732
v 0.148000 0.036316 0.166477
v 0.156000 0.036316 0.166477
v 0.148000 0.036651 0.166272
v 0.156000 0.036651 0.166272
v 0.148000 0.037013 0.166122
v 0.156000 0.037013 0.166122
v 0.148000 0.037394 0.166031
v 0.156000 0.037394 0.166031
v 0.148000 0.037786 0.166000
v 0.156000 0.037786 0.166000
v 0.152000 0.053850 0.166000
v 0.151583 0.053886 0.166000
v 0.151179 0.053995 0.166000
v 0.156000 0.070250 0.166000
v 0.154400 0.056250 0.166000
v 0.154364 0.055833 0.166000
v 0.154255 0.055429 0.166000
v 0.148000 0.070250 0.166000
v 0.152000 0.058650 0.166000
v 0.152417 0.058614 0.166000
v 0.152821 0.058505 0.166000
v 0.149600 0.056250 0.166000
v 0.149636 0.056667 0.166000
v 0.149745 0.057071 0.166000
v 0.149922 0.057450 0.166000
v 0.150162 0.057793 0.166000
v 0.150457 0.058089 0.166000
v 0.150800 0.058328 0.166000
v 0.151179 0.058505 0.166000
v 0.151583 0.058614 0.166000
v 0.153200 0.058328 0.166000
v 0.153543 0.058089 0.166000
v 0.153839 0.057793 0.166000
v 0.154078 0.057450 0.166000
v 0.154255 0.057071 0.166000
v 0.154364 0.056667 0.166000
v 0.154078 0.055050 0.166000
v 0.153839 0.054707 0.166000
v 0.153543 0.054411 0.166000
v 0.153200 0.054172 0.166000
v 0.152821 0.053995 0.166000
v 0.152417 0.053886 0.166000
v 0.150800 0.054172 0.166000
v 0.150457 0.054411 0.166000
v 0.150162 0.054707 0.166000
v 0.149922 0.055050 0.166000
v 0.149745 0.055429 0.166000
v 0.149636 0.055833 0.166000
v 0.149636 0.056667 0.150000
v 0.149636 0.056667 0.158000
v 0.149600 0.056250 0.150000
v 0.149600 0.056250 0.158000
v 0.149636 0.055833 0.150000
v 0.149636 0.055833 0.158000
v 0.149745 0.055429 0.150000
v 0.149745 0.055429 0.158000
v 0.149922 0.055050 0.150000
v 0.149922 0.055050 0.158000
v 0.150162 0.054707 0.150000
v 0.150162 0.054707 0.158000
v 0.150457 0.054411 0.150000
v 0.150457 0.054411 0.158000
v 0.150800 0.054172 0.150000
v 0.150800 0.054172 0.158000
v 0.151179 0.053995 0.150000
v 0.151179 0.053995 0.158000
v 0.151583 0.053886 0.150000
v 0.151583 0.053886 0.158000
v 0.152000 0.053850 0.150000
v 0.152000 0.053850 0.158000
v 0.152417 0.053886 0.150000
v 0.152417 0.053886 0.158000
v 0.152821 0.053995 0.150000
v 0.152821 0.053995 0.158000
v 0.153200 0.054172 0.150000
v 0.153200 0.054172 0.158000
v 0.153543 0.054411 0.150000
v 0.153543 0.054411 0.158000
v 0.153839 0.054707 0.150000
v 0.153839 0.054707 0.158000
v 0.154078 0.055050 0.150000
v 0.154078 0.055050 0.158000
v 0.154255 0.055429 0.150000
v 0.154255 0.055429 0.158000
v 0.154364 0.055833 0.150000
v 0.154364 0.055833 0.158000
v 0.154400 0.056250 0.150000
v 0.154400 0.056250 0.158000
v 0.154364 0.056667 0.150000
v 0.154364 0.056667 0.158000
v 0.154255 0.057071 0.150000
v 0.154255 0.057071 0.158000
v 0.154078 0.057450 0.150000
v 0.154078 0.057450 0.158000
v 0.153839 0.057793 0.150000
v 0.153839 0.057793 0.158000
v 0.149745 0.057071 0.158000
v 0.149745 0.057071 0.150000
v 0.149922 0.057450 0.158000
v 0.149922 0.057450 0.150000
v 0.150162 0.057793 0.158000
v 0.150162 0.057793 0.150000
v 0.150457 0.058089 0.150000
v 0.150800 0.058328 0.150000
v 0.151179 0.058505 0.150000
v 0.151583 0.058614 0.150000
v 0.152000 0.058650 0.150000
v 0.152417 0.058614 0.150000
v 0.152821 0.058505 0.150000
v 0.153200 0.058328 0.150000
v 0.153543 0.058089 0.150000
v 0.153543 0.058089 0.158000
v 0.150457 0.058089 0.158000
v 0.147000 -0.006250 -0.000000
v 0.147000 -0.006250 0.010000
v 0.146531 -0.006213 -0.000000
v 0.146531 -0.006213 0.010000
v 0.146073 -0.006103 -0.000000
v 0.146073 -0.006103 0.010000
v 0.145638 -0.005923 -0.000000
v 0.145638 -0.005923 0.010000
v 0.145237 -0.005677 -0.000000
v 0.145237 -0.005677 0.010000
v 0.144879 -0.005371 -0.000000
v 0.144879 -0.005371 0.010000
v 0.144573 -0.005013 -0.000000
v 0.144573 -0.005013 0.010000
v 0.144327 -0.004612 -0.000000
v 0.144327 -0.004612 0.010000
v 0.144147 -0.004177 -0.000000
v 0.144147 -0.004177 0.010000
v 0.144037 -0.003719 -0.000000
v 0.144037 -0.003719 0.010000
v 0.148714 -0.001532 0.010000
v 0.148468 -0.001286 0.010000
v 0.148268 -0.001000 0.010000
v 0.153000 -0.006250 0.010000
v 0.150000 -0.002000 0.010000
v 0.149653 -0.001970 0.010000
v 0.149316 -0.001879 0.010000
v 0.153469 -0.006213 0.010000
v 0.151286 -0.001532 0.010000
v 0.151000 -0.001732 0.010000
v 0.150684 -0.001879 0.010000
v 0.153927 -0.006103 0.010000
v 0.154362 -0.005923 0.010000
v 0.154763 -0.005677 0.010000
v 0.155121 -0.005371 0.010000
v 0.155427 -0.005013 0.010000
v 0.155673 -0.004612 0.010000
v 0.155853 -0.004177 0.010000
v 0.155963 -0.003719 0.010000
v 0.156000 -0.003250 0.010000
v 0.156000 0.004750 0.010000
v 0.151970 0.000347 0.010000
v 0.152000 -0.000000 0.010000
v 0.151970 -0.000347 0.010000
v 0.150000 0.002000 0.010000
v 0.150347 0.001970 0.010000
v 0.150684 0.001879 0.010000
v 0.148030 0.000347 0.010000
v 0.148121 0.000684 0.010000
v 0.148268 0.001000 0.010000
v 0.151879 -0.000684 0.010000
v 0.151732 -0.001000 0.010000
v 0.151532 -0.001286 0.010000
v 0.150347 -0.001970 0.010000
v 0.149000 -0.001732 0.010000
v 0.148121 -0.000684 0.010000
v 0.148030 -0.000347 0.010000
v 0.148000 -0.000000 0.010000
v 0.148468 0.001286 0.010000
v 0.148714 0.001532 0.010000
v 0.149000 0.001732 0.010000
v 0.149316 0.001879 0.010000
v 0.149653 0.001970 0.010000
v 0.151000 0.001732 0.010000
v 0.151286 0.001532 0.010000
v 0.151532 0.001286 0.010000
v 0.151732 0.001000 0.010000
v 0.151879 0.000684 0.010000
v 0.156000 -0.003250 -0.000000
v 0.155963 -0.003719 -0.000000
v 0.155853 -0.004177 -0.000000
v 0.155673 -0.004612 -0.000000
v 0.155427 -0.005013 -0.000000
v 0.155121 -0.005371 -0.000000
v 0.154763 -0.005677 -0.000000
v 0.154362 -0.005923 -0.000000
v 0.153927 -0.006103 -0.000000
v 0.153469 -0.006213 -0.000000
v 0.153000 -0.006250 -0.000000
v 0.156000 0.040750 -0.000000
v 0.156000 0.040750 0.010000
v 0.156000 0.004750 0.180000
v 0.156000 0.070250 0.148000
v 0.148000 -0.000000 -0.000000
v 0.148030 -0.000347 -0.000000
v 0.148121 -0.000684 -0.000000
v 0.148030 0.000347 -0.000000
v 0.148121 0.000684 -0.000000
v 0.148121 0.036816 -0.000000
v 0.148030 0.037153 -0.000000
v 0.145237 0.043177 -0.000000
v 0.145638 0.043423 -0.000000
v 0.144037 0.041219 -0.000000
v 0.144147 0.041677 -0.000000
v 0.144327 0.042112 -0.000000
v 0.144573 0.042513 -0.000000
v 0.144879 0.042871 -0.000000
v 0.148000 0.037500 -0.000000
v 0.146073 0.043603 -0.000000
v 0.146531 0.043713 -0.000000
v 0.147000 0.043750 -0.000000
v 0.148030 0.037847 -0.000000
v 0.148121 0.038184 -0.000000
v 0.148268 0.038500 -0.000000
v 0.148468 0.038786 -0.000000
v 0.148714 0.039032 -0.000000
v 0.149000 0.039232 -0.000000
v 0.149316 0.039379 -0.000000
v 0.149653 0.039470 -0.000000
v 0.150000 0.039500 -0.000000
v 0.153000 0.043750 -0.000000
v 0.150347 0.039470 -0.000000
v 0.150684 0.039379 -0.000000
v 0.153469 0.043713 -0.000000
v 0.151000 0.039232 -0.000000
v 0.151286 0.039032 -0.000000
v 0.151532 0.038786 -0.000000
v 0.151732 0.038500 -0.000000
v 0.151879 0.038184 -0.000000
v 0.151970 0.037847 -0.000000
v 0.152000 0.037500 -0.000000
v 0.153927 0.043603 -0.000000
v 0.154362 0.043423 -0.000000
v 0.151970 0.037153 -0.000000
v 0.154763 0.043177 -0.000000
v 0.155121 0.042871 -0.000000
v 0.155427 0.042513 -0.000000
v 0.155673 0.042112 -0.000000
v 0.155853 0.041677 -0.000000
v 0.155963 0.041219 -0.000000
v 0.151879 0.000684 -0.000000
v 0.151879 0.036816 -0.000000
v 0.151970 0.000347 -0.000000
v 0.152000 -0.000000 -0.000000
v 0.151970 -0.000347 -0.000000
v 0.151879 -0.000684 -0.000000
v 0.151732 -0.001000 -0.000000
v 0.151532 -0.001286 -0.000000
v 0.151286 -0.001532 -0.000000
v 0.151000 -0.001732 -0.000000
v 0.150684 -0.001879 -0.000000
v 0.150347 -0.001970 -0.000000
v 0.150000 -0.002000 -0.000000
v 0.149653 -0.001970 -0.000000
v 0.149316 -0.001879 -0.000000
v 0.149000 -0.001732 -0.000000
v 0.148714 -0.001532 -0.000000
v 0.148468 -0.001286 -0.000000
v 0.148268 -0.001000 -0.000000
v 0.148268 0.036500 -0.000000
v 0.148268 0.001000 -0.000000
v 0.148468 0.036214 -0.000000
v 0.148468 0.001286 -0.000000
v 0.148714 0.001532 -0.000000
v 0.148714 0.035968 -0.000000
v 0.149000 0.001732 -0.000000
v 0.149000 0.035768 -0.000000
v 0.149316 0.001879 -0.000000
v 0.149316 0.035621 -0.000000
v 0.149653 0.001970 -0.000000
v 0.149653 0.035530 -0.000000
v 0.150000 0.002000 -0.000000
v 0.150000 0.035500 -0.000000
v 0.150347 0.035530 -0.000000
v 0.150347 0.001970 -0.000000
v 0.150684 0.035621 -0.000000
v 0.150684 0.001879 -0.000000
v 0.151000 0.035768 -0.000000
v 0.151000 0.001732 -0.000000
v 0.151286 0.035968 -0.000000
v 0.151286 0.001532 -0.000000
v 0.151532 0.036214 -0.000000
v 0.151532 0.001286 -0.000000
v 0.151732 0.001000 -0.000000
v 0.151732 0.036500 -0.000000
v 0.144037 0.041219 0.010000
v 0.144147 0.041677 0.010000
v 0.144327 0.042112 0.010000
v 0.144573 0.042513 0.010000
v 0.144879 0.042871 0.010000
v 0.145237 0.043177 0.010000
v 0.145638 0.043423 0.010000
v 0.146073 0.043603 0.010000
v 0.146531 0.043713 0.010000
v 0.147000 0.043750 0.010000
v 0.153000 0.043750 0.010000
v 0.148714 0.039032 0.010000
v 0.149000 0.039232 0.010000
v 0.149316 0.039379 0.010000
v 0.148030 0.037153 0.010000
v 0.148000 0.037500 0.010000
v 0.148030 0.037847 0.010000
v 0.150000 0.035500 0.010000
v 0.149653 0.035530 0.010000
v 0.149316 0.035621 0.010000
v 0.151970 0.037153 0.010000
v 0.151879 0.036816 0.010000
v 0.151732 0.036500 0.010000
v 0.155963 0.041219 0.010000
v 0.151286 0.039032 0.010000
v 0.151532 0.038786 0.010000
v 0.151732 0.038500 0.010000
v 0.155853 0.041677 0.010000
v 0.155673 0.042112 0.010000
v 0.155427 0.042513 0.010000
v 0.155121 0.042871 0.010000
v 0.154763 0.043177 0.010000
v 0.154362 0.043423 0.010000
v 0.153927 0.043603 0.010000
v 0.153469 0.043713 0.010000
v 0.150000 0.039500 0.010000
v 0.150347 0.039470 0.010000
v 0.150684 0.039379 0.010000
v 0.151970 0.037847 0.010000
v 0.152000 0.037500 0.010000
v 0.151532 0.036214 0.010000
v 0.151286 0.035968 0.010000
v 0.151000 0.035768 0.010000
v 0.150684 0.035621 0.010000
v 0.150347 0.035530 0.010000
v 0.149000 0.035768 0.010000
v 0.148714 0.035968 0.010000
v 0.148468 0.036214 0.010000
v 0.148268 0.036500 0.010000
v 0.148121 0.036816 0.010000
v 0.148121 0.038184 0.010000
v 0.148268 0.038500 0.010000
v 0.148468 0.038786 0.010000
v 0.149653 0.039470 0.010000
v 0.151000 0.039232 0.010000
v 0.151879 0.038184 0.010000
v 0.149636 0.019167 0.164000
v 0.149636 0.019167 0.172000
v 0.149600 0.018750 0.164000
v 0.149600 0.018750 0.172000
v 0.149636 0.018333 0.164000
v 0.149636 0.018333 0.172000
v 0.149745 0.017929 0.164000
v 0.149745 0.017929 0.172000
v 0.149922 0.017550 0.164000
v 0.149922 0.017550 0.172000
v 0.150162 0.017207 0.164000
v 0.150162 0.017207 0.172000
v 0.150162 0.017207 0.180000
v 0.150457 0.016911 0.180000
v 0.149745 0.019571 0.172000
v 0.149745 0.019571 0.164000
v 0.149922 0.019950 0.172000
v 0.149922 0.019950 0.164000
v 0.150162 0.020293 0.172000
v 0.150162 0.020293 0.164000
v 0.150457 0.020589 0.172000
v 0.150457 0.020589 0.164000
v 0.150800 0.020828 0.172000
v 0.150800 0.020828 0.164000
v 0.151179 0.021005 0.172000
v 0.151179 0.021005 0.164000
v 0.151583 0.021114 0.172000
v 0.151583 0.021114 0.164000
v 0.152000 0.021150 0.172000
v 0.152000 0.021150 0.164000
v 0.152417 0.021114 0.172000
v 0.152417 0.021114 0.164000
v 0.152821 0.021005 0.172000
v 0.152821 0.021005 0.164000
v 0.153200 0.020828 0.172000
v 0.153200 0.020828 0.164000
v 0.153543 0.020589 0.172000
v 0.153543 0.020589 0.164000
v 0.153839 0.020293 0.172000
v 0.153839 0.020293 0.164000
v 0.154078 0.019950 0.172000
v 0.154078 0.019950 0.164000
v 0.154255 0.019571 0.172000
v 0.154255 0.019571 0.164000
v 0.154364 0.019167 0.172000
v 0.154364 0.019167 0.164000
v 0.154400 0.018750 0.172000
v 0.154400 0.018750 0.164000
v 0.154364 0.018333 0.172000
v 0.154364 0.018333 0.164000
v 0.154255 0.017929 0.172000
v 0.154255 0.017929 0.164000
v 0.154078 0.017550 0.172000
v 0.154078 0.017550 0.164000
v 0.153839 0.017207 0.172000
v 0.153839 0.017207 0.164000
v 0.153543 0.016911 0.164000
v 0.153200 0.016672 0.164000
v 0.152821 0.016495 0.164000
v 0.152417 0.016386 0.164000
v 0.152000 0.016350 0.164000
v 0.151583 0.016386 0.164000
v 0.151179 0.016495 0.164000
v 0.150800 0.016672 0.164000
v 0.150457 0.016911 0.164000
v 0.149636 0.018333 0.180000
v 0.149600 0.018750 0.180000
v 0.149636 0.019167 0.180000
v 0.149745 0.019571 0.180000
v 0.149922 0.019950 0.180000
v 0.150162 0.020293 0.180000
v 0.150457 0.020589 0.180000
v 0.150800 0.020828 0.180000
v 0.151179 0.021005 0.180000
v 0.151583 0.021114 0.180000
v 0.152000 0.021150 0.180000
v 0.152417 0.021114 0.180000
v 0.152821 0.021005 0.180000
v 0.153200 0.020828 0.180000
v 0.153543 0.020589 0.180000
v 0.153839 0.020293 0.180000
v 0.154078 0.019950 0.180000
v 0.154255 0.019571 0.180000
v 0.154364 0.019167 0.180000
v 0.154400 0.018750 0.180000
v 0.154364 0.018333 0.180000
v 0.154255 0.017929 0.180000
v 0.154078 0.017550 0.180000
v 0.153839 0.017207 0.180000
v 0.149745 0.017929 0.180000
v 0.149922 0.017550 0.180000
v 0.150800 0.016672 0.180000
v 0.150457 0.016911 0.172000
v 0.151179 0.016495 0.180000
v 0.151583 0.016386 0.180000
v 0.152000 0.016350 0.180000
v 0.152417 0.016386 0.180000
v 0.152821 0.016495 0.180000
v 0.153200 0.016672 0.180000
v 0.153543 0.016911 0.180000
v 0.153543 0.016911 0.172000
v 0.148000 0.004750 0.118000
v 0.148000 0.004750 0.180000
v 0.148000 0.070250 0.148000
v 0.151970 0.037847 0.005000
v 0.152000 0.037500 0.005000
v 0.151970 0.037153 0.005000
v 0.151879 0.036816 0.005000
v 0.151732 0.036500 0.005000
v 0.151532 0.036214 0.005000
v 0.151286 0.035968 0.005000
v 0.151000 0.035768 0.005000
v 0.150684 0.035621 0.005000
v 0.150347 0.035530 0.005000
v 0.150000 0.035500 0.005000
v 0.149653 0.035530 0.005000
v 0.149316 0.035621 0.005000
v 0.149000 0.035768 0.005000
v 0.148714 0.035968 0.005000
v 0.148468 0.036214 0.005000
v 0.148268 0.036500 0.005000
v 0.148121 0.036816 0.005000
v 0.148030 0.037153 0.005000
v 0.148000 0.037500 0.005000
v 0.148030 0.037847 0.005000
v 0.148121 0.038184 0.005000
v 0.148268 0.038500 0.005000
v 0.148468 0.038786 0.005000
v 0.148714 0.039032 0.005000
v 0.149000 0.039232 0.005000
v 0.149316 0.039379 0.005000
v 0.149653 0.039470 0.005000
v 0.150000 0.039500 0.005000
v 0.150347 0.039470 0.005000
v 0.150684 0.039379 0.005000
v 0.151000 0.039232 0.005000
v 0.151286 0.039032 0.005000
v 0.151532 0.038786 0.005000
v 0.151732 0.038500 0.005000
v 0.151879 0.038184 0.005000
v 0.151970 0.000347 0.005000
v 0.152000 -0.000000 0.005000
v 0.151970 -0.000347 0.005000
v 0.151879 -0.000684 0.005000
v 0.151732 -0.001000 0.005000
v 0.151532 -0.001286 0.005000
v 0.151286 -0.001532 0.005000
v 0.151000 -0.001732 0.005000
v 0.150684 -0.001879 0.005000
v 0.150347 -0.001970 0.005000
v 0.150000 -0.002000 0.005000
v 0.149653 -0.001970 0.005000
v 0.149316 -0.001879 0.005000
v 0.149000 -0.001732 0.005000
v 0.148714 -0.001532 0.005000
v 0.148468 -0.001286 0.005000
v 0.148268 -0.001000 0.005000
v 0.148121 -0.000684 0.005000
v 0.148030 -0.000347 0.005000
v 0.148000 -0.000000 0.005000
v 0.148030 0.000347 0.005000
v 0.148121 0.000684 0.005000
v 0.148268 0.001000 0.005000
v 0.148468 0.001286 0.005000
v 0.148714 0.001532 0.005000
v 0.149000 0.001732 0.005000
v 0.149316 0.001879 0.005000
v 0.149653 0.001970 0.005000
v 0.150000 0.002000 0.005000
v 0.150347 0.001970 0.005000
v 0.150684 0.001879 0.005000
v 0.151000 0.001732 0.005000
v 0.151286 0.001532 0.005000
v 0.151532 0.001286 0.005000
v 0.151732 0.001000 0.005000
v 0.151879 0.000684 0.005000
v 0.018000 0.008750 0.062000
v 0.012000 0.008750 0.056000
v 0.018000 0.028750 0.062000
v 0.012000 0.028750 0.056000
v 0.132000 0.028750 0.062000
v 0.138000 0.028750 0.056000
v 0.132000 0.008750 0.062000
v 0.138000 0.008750 0.056000
vn 0.0000 -0.8660 0.5000
vn 0.0000 -0.8660 -0.5000
vn 0.0000 0.0000 -1.0000
vn 0.0000 0.8660 -0.5000
vn 0.0000 0.8660 0.5000
vn 0.0000 0.0000 1.0000
vn 1.0000 0.0000 0.0000
vn 0.7080 -0.0554 -0.7041
vn 0.7061 -0.0529 -0.7061
vn 0.7061 0.0529 -0.7061
vn 0.7044 -0.1579 -0.6920
vn 0.7098 -0.1644 -0.6850
vn 0.7029 -0.2599 -0.6622
vn 0.7113 -0.2690 -0.6494
vn 0.7015 -0.3563 -0.6172
vn 0.7127 -0.3666 -0.5981
vn 0.7003 -0.4451 -0.5581
vn 0.7138 -0.4548 -0.5325
vn 0.6993 -0.5240 -0.4862
vn 0.7148 -0.5317 -0.4542
vn 0.6985 -0.5913 -0.4031
vn 0.7155 -0.5956 -0.3650
vn 0.6979 -0.6453 -0.3108
vn 0.7161 -0.6448 -0.2671
vn 0.6974 -0.6849 -0.2112
vn 0.7165 -0.6783 -0.1628
vn 0.6971 -0.7090 -0.1069
vn 0.7167 -0.6952 -0.0547
vn 0.6970 -0.7171 0.0000
vn 0.7167 -0.6952 0.0547
vn 0.6971 -0.7090 0.1069
vn 0.7165 -0.6783 0.1628
vn 0.6974 -0.6849 0.2113
vn 0.7161 -0.6448 0.2671
vn 0.6979 -0.6453 0.3108
vn 0.7155 -0.5956 0.3650
vn 0.6985 -0.5913 0.4031
vn 0.7148 -0.5318 0.4542
vn 0.6993 -0.5240 0.4862
vn 0.7138 -0.4548 0.5325
vn 0.7003 -0.4451 0.5581
vn 0.7127 -0.3665 0.5981
vn 0.7015 -0.3563 0.6172
vn 0.7113 -0.2690 0.6494
vn 0.7029 -0.2599 0.6621
vn 0.7098 -0.1644 0.6850
vn 0.7044 -0.1579 0.6920
vn 0.7080 -0.0554 0.7041
vn 0.7061 -0.0529 0.7061
vn 0.7061 0.0529 0.7061
vn 0.7080 0.0554 0.7041
vn 0.7044 0.1579 0.6920
vn 0.7098 0.1644 0.6850
vn 0.7029 0.2599 0.6621
vn 0.7113 0.2690 0.6494
vn 0.7015 0.3563 0.6172
vn 0.7127 0.3665 0.5981
vn 0.7003 0.4451 0.5581
vn 0.7138 0.4548 0.5325
vn 0.6993 0.5240 0.4862
vn 0.7148 0.5318 0.4542
vn 0.6985 0.5913 0.4031
vn 0.7155 0.5956 0.3650
vn 0.6979 0.6453 0.3108
vn 0.7161 0.6448 0.2671
vn 0.6974 0.6848 0.2112
vn 0.7165 0.6783 0.1629
vn 0.6971 0.7090 0.1069
vn 0.7167 0.6952 0.0547
vn 0.6970 0.7171 0.0000
vn 0.7167 0.6952 -0.0547
vn 0.6971 0.7090 -0.1069
vn 0.7165 0.6783 -0.1628
vn 0.6974 0.6849 -0.2112
vn 0.7161 0.6448 -0.2671
vn 0.6978 0.6453 -0.3108
vn 0.7155 0.5956 -0.3650
vn 0.6985 0.5913 -0.4031
vn 0.7148 0.5318 -0.4542
vn 0.6993 0.5240 -0.4862
vn 0.7138 0.4548 -0.5325
vn 0.7003 0.4451 -0.5581
vn 0.7127 0.3665 -0.5981
vn 0.7015 0.3563 -0.6172
vn 0.7113 0.2690 -0.6494
vn 0.7029 0.2599 -0.6621
vn 0.7098 0.1644 -0.6850
vn 0.7044 0.1579 -0.6920
vn 0.7080 0.0554 -0.7041
vn 0.0000 0.0747 -0.9972
vn 0.0000 -0.0747 -0.9972
vn 0.0000 -0.2225 -0.9749
vn 0.0000 -0.3653 -0.9309
vn 0.0000 -0.5000 -0.8660
vn 0.0000 -0.6235 -0.7818
vn 0.0000 -0.7331 -0.6802
vn 0.0000 -0.7330 -0.6802
vn 0.0000 -0.8262 -0.5633
vn 0.0000 -0.9010 -0.4339
vn 0.0000 -0.9556 -0.2947
vn 0.0000 -0.9556 -0.2948
vn 0.0000 -0.9888 -0.1490
vn 0.0000 -1.0000 0.0000
vn 0.0000 -0.9888 0.1490
vn 0.0000 -0.9556 0.2948
vn 0.0000 -0.9010 0.4339
vn 0.0000 -0.8262 0.5633
vn 0.0000 -0.7330 0.6802
vn 0.0000 -0.7331 0.6802
vn 0.0000 -0.6235 0.7818
vn 0.0000 -0.5000 0.8660
vn 0.0000 -0.3653 0.9309
vn 0.0000 -0.2225 0.9749
vn 0.0000 -0.0747 0.9972
vn 0.0000 0.0747 0.9972
vn 0.0000 0.2225 0.9749
vn 0.0000 0.3653 0.9309
vn 0.0000 0.5000 0.8660
vn 0.0000 0.6235 0.7818
vn 0.0000 0.7331 0.6802
vn 0.0000 0.7330 0.6802
vn 0.0000 0.8262 0.5633
vn 0.0000 0.9010 0.4339
vn 0.0000 0.9556 0.2948
vn 0.0000 0.9888 0.1490
vn 0.0000 1.0000 0.0000
vn 0.0000 0.9888 -0.1490
vn 0.0000 0.9556 -0.2948
vn 0.0000 0.9010 -0.4339
vn 0.0000 0.8262 -0.5633
vn 0.0000 0.7330 -0.6802
vn 0.0000 0.7331 -0.6802
vn 0.0000 0.6235 -0.7818
vn 0.0000 0.5000 -0.8660
vn 0.0000 0.3653 -0.9309
vn 0.0000 0.2225 -0.9749
vn 0.7029 -0.2599 -0.6621
vn 0.7127 -0.3665 -0.5981
vn 0.7165 -0.6783 0.1629
vn 0.6974 -0.6848 0.2112
vn 0.6978 -0.6453 0.3108
vn 0.7156 -0.5956 0.3650
vn 0.6974 0.6849 0.2113
vn 0.7165 0.6783 0.1628
vn 0.6974 0.6849 -0.2113
vn 0.7148 0.5317 -0.4542
vn 0.7127 0.3666 -0.5981
vn 0.7080 -0.0554 -0.7040
vn 0.7098 -0.1645 -0.6850
vn 0.7148 -0.5318 -0.4542
vn 0.7156 -0.5956 -0.3650
vn 0.6978 -0.6453 -0.3108
vn 0.6974 -0.6849 -0.2113
vn 0.7167 -0.6953 0.0547
vn 0.6974 -0.6849 0.2112
vn 0.7029 -0.2599 0.6622
vn 0.7098 -0.1645 0.6850
vn 0.7080 -0.0554 0.7040
vn 0.7080 0.0554 0.7040
vn 0.7044 0.1580 0.6920
vn 0.7097 0.1645 0.6850
vn 0.7029 0.2599 0.6622
vn 0.7156 0.5956 0.3650
vn 0.6974 0.6849 0.2112
vn 0.7167 0.6953 0.0547
vn 0.6974 0.6848 -0.2113
vn 0.7156 0.5956 -0.3650
vn 0.7098 0.1645 -0.6850
vn 0.7044 0.1580 -0.6920
vn 0.7080 0.0554 -0.7040
vn 0.0000 -0.9556 0.2947
vn 0.6974 -0.6848 -0.2112
vn 0.7165 -0.6783 -0.1629
vn 0.7003 -0.4450 0.5581
vn 0.7097 -0.1645 0.6850
vn -1.0000 0.0000 0.0000
vn -0.7080 -0.0554 0.7041
vn -0.7061 -0.0529 0.7061
vn -0.7061 0.0529 0.7061
vn -0.7044 -0.1579 0.6920
vn -0.7097 -0.1645 0.6850
vn -0.7029 -0.2599 0.6621
vn -0.7113 -0.2690 0.6494
vn -0.7015 -0.3563 0.6172
vn -0.7127 -0.3665 0.5981
vn -0.7003 -0.4451 0.5581
vn -0.7138 -0.4548 0.5325
vn -0.6993 -0.5240 0.4862
vn -0.7148 -0.5318 0.4542
vn -0.6985 -0.5913 0.4031
vn -0.7155 -0.5956 0.3650
vn -0.6978 -0.6453 0.3108
vn -0.7161 -0.6448 0.2671
vn -0.6974 -0.6849 0.2113
vn -0.7165 -0.6783 0.1628
vn -0.6971 -0.7090 0.1069
vn -0.7167 -0.6952 0.0547
vn -0.6970 -0.7171 0.0000
vn -0.7167 -0.6952 -0.0547
vn -0.6971 -0.7090 -0.1069
vn -0.7165 -0.6783 -0.1628
vn -0.6974 -0.6849 -0.2112
vn -0.7161 -0.6448 -0.2671
vn -0.6978 -0.6453 -0.3108
vn -0.7155 -0.5956 -0.3650
vn -0.6985 -0.5913 -0.4031
vn -0.7148 -0.5318 -0.4542
vn -0.6993 -0.5240 -0.4862
vn -0.7138 -0.4548 -0.5325
vn -0.7003 -0.4451 -0.5581
vn -0.7127 -0.3665 -0.5981
vn -0.7015 -0.3563 -0.6172
vn -0.7113 -0.2690 -0.6494
vn -0.7029 -0.2599 -0.6622
vn -0.7097 -0.1645 -0.6850
vn -0.7044 -0.1579 -0.6920
vn -0.7080 -0.0554 -0.7041
vn -0.7061 -0.0529 -0.7061
vn -0.7061 0.0529 -0.7061
vn -0.7080 0.0554 -0.7041
vn -0.7044 0.1579 -0.6920
vn -0.7097 0.1645 -0.6850
vn -0.7029 0.2599 -0.6622
vn -0.7113 0.2690 -0.6494
vn -0.7015 0.3563 -0.6172
vn -0.7127 0.3665 -0.5981
vn -0.7003 0.4451 -0.5581
vn -0.7138 0.4548 -0.5326
vn -0.6993 0.5240 -0.4862
vn -0.7148 0.5318 -0.4542
vn -0.6985 0.5913 -0.4031
vn -0.7155 0.5956 -0.3650
vn -0.6978 0.6453 -0.3108
vn -0.7161 0.6448 -0.2671
vn -0.6974 0.6849 -0.2112
vn -0.7165 0.6783 -0.1628
vn -0.6971 0.7090 -0.1069
vn -0.7167 0.6952 -0.0547
vn -0.6970 0.7171 0.0000
vn -0.7167 0.6952 0.0547
vn -0.6971 0.7090 0.1069
vn -0.7165 0.6783 0.1629
vn -0.6974 0.6848 0.2112
vn -0.7161 0.6448 0.2671
vn -0.6978 0.6453 0.3108
vn -0.7155 0.5956 0.3650
vn -0.6985 0.5913 0.4031
vn -0.7148 0.5318 0.4542
vn -0.6993 0.5240 0.4862
vn -0.7138 0.4548 0.5325
vn -0.7003 0.4451 0.5581
vn -0.7127 0.3665 0.5981
vn -0.7015 0.3563 0.6172
vn -0.7113 0.2690 0.6494
vn -0.7029 0.2599 0.6621
vn -0.7097 0.1645 0.6850
vn -0.7044 0.1579 0.6920
vn -0.7080 0.0554 0.7041
vn -0.7156 -0.5956 0.3650
vn -0.7003 -0.4450 -0.5581
vn -0.7029 -0.2599 -0.6621
vn -0.7098 -0.1645 -0.6850
vn -0.7029 0.2599 -0.6621
vn -0.7138 0.4548 -0.5325
vn -0.6979 0.6453 -0.3108
vn -0.6974 0.6849 -0.2113
vn -0.7165 0.6783 0.1628
vn -0.6974 0.6849 0.2113
vn -0.7156 0.5956 0.3650
vn -0.7080 -0.0554 0.7040
vn -0.7029 -0.2599 0.6622
vn -0.6979 -0.6453 0.3108
vn -0.6974 -0.6849 0.2112
vn -0.7165 -0.6783 0.1629
vn -0.7156 -0.5956 -0.3650
vn -0.7098 -0.1644 -0.6850
vn -0.7044 -0.1580 -0.6920
vn -0.7080 -0.0554 -0.7040
vn -0.7080 0.0554 -0.7040
vn -0.7098 0.1644 -0.6850
vn -0.7156 0.5956 -0.3650
vn -0.6974 0.6848 -0.2113
vn -0.6979 0.6453 0.3108
vn -0.7029 0.2599 0.6622
vn -0.7080 0.0554 0.7040
vn -0.7044 -0.1580 0.6920
vn -0.7098 -0.1645 0.6850
vn -0.6974 -0.6849 -0.2113
vn -0.6974 0.6849 0.2112
vn 0.0000 -0.9975 -0.0713
vn 0.0000 -0.9975 0.0713
vn 0.0000 -0.9771 0.2126
vn 0.0000 -0.9369 0.3495
vn 0.0000 -0.9370 0.3495
vn 0.0000 -0.8777 0.4793
vn 0.0000 -0.8005 0.5993
vn 0.0000 -0.7071 0.7071
vn 0.0000 -0.5993 0.8005
vn 0.0000 -0.4793 0.8777
vn 0.0000 -0.3495 0.9370
vn 0.0000 -0.2126 0.9771
vn 0.0000 -0.0713 0.9975
vn 0.0000 0.0713 0.9975
vn 0.0000 0.2126 0.9771
vn 0.0000 0.3495 0.9370
vn 0.0000 0.4793 0.8777
vn 0.0000 0.5993 0.8005
vn 0.0000 0.7071 0.7071
vn 0.0000 0.8005 0.5993
vn 0.0000 0.8777 0.4793
vn 0.0000 0.9370 0.3495
vn 0.0000 0.9771 0.2126
vn 0.0000 0.9975 0.0713
vn 0.0000 0.9975 -0.0713
vn 0.0000 0.9771 -0.2126
vn 0.0000 0.9370 -0.3495
vn 0.0000 0.8777 -0.4793
vn 0.0000 0.8005 -0.5993
vn 0.0000 0.7071 -0.7071
vn 0.0000 0.5993 -0.8005
vn 0.0000 0.4792 -0.8777
vn 0.0000 0.3495 -0.9369
vn 0.0000 0.2126 -0.9771
vn 0.0000 0.0713 -0.9975
vn 0.0000 -0.0713 -0.9975
vn 0.0000 -0.2126 -0.9771
vn 0.0000 -0.3495 -0.9369
vn 0.0000 -0.4792 -0.8777
vn 0.0000 -0.5993 -0.8005
vn 0.0000 -0.7071 -0.7071
vn 0.0000 -0.8005 -0.5993
vn 0.0000 -0.8777 -0.4793
vn 0.0000 -0.9370 -0.3495
vn 0.0000 -0.9369 -0.3495
vn 0.0000 -0.9771 -0.2126
vn 0.0000 -0.4792 0.8777
vn 0.0000 -0.3495 0.9369
vn 0.0000 0.3495 0.9369
vn 0.0000 0.4792 0.8777
vn 0.0000 0.8777 0.4792
vn 0.0000 0.9369 0.3495
vn 0.0000 0.9369 -0.3495
vn 0.0000 0.8777 -0.4792
vn 0.0000 -0.8777 -0.4792
vn 0.0000 0.4793 -0.8777
vn 0.0000 -0.4793 -0.8777
vn -0.9987 0.0000 -0.0507
vn -0.9987 0.0000 0.0507
vn -0.9962 0.0010 0.0872
vn -0.9888 -0.0003 0.1492
vn -0.9696 0.0003 0.2449
vn -0.9659 0.0008 0.2588
vn -0.9406 -0.0004 0.3395
vn -0.9063 0.0008 0.4226
vn -0.9018 0.0005 0.4322
vn -0.8553 -0.0003 0.5181
vn -0.8191 0.0010 0.5736
vn -0.8028 0.0001 0.5962
vn -0.7434 -0.0002 0.6689
vn -0.7069 0.0011 0.7073
vn -0.6762 -0.0000 0.7368
vn -0.6036 -0.0000 0.7973
vn -0.5734 0.0010 0.8193
vn -0.5251 -0.0003 0.8511
vn -0.4387 0.0003 0.8986
vn -0.4226 0.0010 0.9063
vn -0.3434 -0.0004 0.9392
vn -0.2588 0.0009 0.9659
vn -0.2471 0.0004 0.9690
vn -0.1506 -0.0004 0.9886
vn -0.0871 0.0011 0.9962
vn -0.0514 0.0000 0.9987
vn 0.0514 0.0000 0.9987
vn 0.0871 0.0011 0.9962
vn 0.1506 -0.0004 0.9886
vn 0.2471 0.0004 0.9690
vn 0.2588 0.0009 0.9659
vn 0.3434 -0.0004 0.9392
vn 0.4226 0.0010 0.9063
vn 0.4387 0.0003 0.8986
vn 0.5251 -0.0003 0.8511
vn 0.5734 0.0010 0.8193
vn 0.6036 -0.0000 0.7973
vn 0.6762 -0.0000 0.7368
vn 0.7069 0.0011 0.7073
vn 0.7434 -0.0002 0.6689
vn 0.8028 0.0001 0.5962
vn 0.8191 0.0010 0.5736
vn 0.8553 -0.0003 0.5181
vn 0.9018 0.0005 0.4322
vn 0.9063 0.0008 0.4226
vn 0.9406 -0.0004 0.3395
vn 0.9659 0.0008 0.2588
vn 0.9696 0.0003 0.2448
vn 0.9888 -0.0003 0.1492
vn 0.9962 0.0010 0.0872
vn 0.9987 0.0000 0.0507
vn 0.9987 0.0000 -0.0507
vn 0.9962 0.0010 -0.0872
vn 0.9888 -0.0003 -0.1492
vn 0.9696 0.0003 -0.2448
vn 0.9659 0.0008 -0.2588
vn 0.9406 -0.0004 -0.3396
vn 0.9063 0.0008 -0.4226
vn 0.9018 0.0005 -0.4322
vn 0.8553 -0.0003 -0.5182
vn 0.8192 0.0010 -0.5735
vn 0.8027 0.0001 -0.5964
vn 0.7434 -0.0002 -0.6689
vn 0.7070 0.0011 -0.7072
vn 0.6762 -0.0000 -0.7368
vn 0.6035 -0.0000 -0.7973
vn 0.5734 0.0010 -0.8193
vn 0.5251 -0.0003 -0.8511
vn 0.4385 0.0003 -0.8987
vn 0.4226 0.0010 -0.9063
vn 0.3435 -0.0004 -0.9392
vn 0.2588 0.0009 -0.9659
vn 0.2473 0.0004 -0.9689
vn 0.1504 -0.0004 -0.9886
vn 0.0871 0.0011 -0.9962
vn 0.0515 0.0000 -0.9987
vn -0.0515 0.0000 -0.9987
vn -0.0871 0.0011 -0.9962
vn -0.1504 -0.0004 -0.9886
vn -0.2473 0.0004 -0.9689
vn -0.2588 0.0009 -0.9659
vn -0.3435 -0.0004 -0.9392
vn -0.4226 0.0010 -0.9063
vn -0.4385 0.0003 -0.8987
vn -0.5251 -0.0003 -0.8511
vn -0.5734 0.0010 -0.8193
vn -0.6035 -0.0000 -0.7973
vn -0.6762 -0.0000 -0.7368
vn -0.7070 0.0011 -0.7072
vn -0.7434 -0.0002 -0.6689
vn -0.8027 0.0001 -0.5964
vn -0.8192 0.0010 -0.5735
vn -0.8553 -0.0003 -0.5182
vn -0.9018 0.0005 -0.4322
vn -0.9063 0.0008 -0.4226
vn -0.9406 -0.0004 -0.3396
vn -0.9659 0.0008 -0.2588
vn -0.9696 0.0003 -0.2448
vn -0.9888 -0.0003 -0.1492
vn -0.9962 0.0010 -0.0872
vn -0.0871 0.0000 0.9962
vn 0.0871 0.0000 0.9962
vn 0.2588 0.0000 0.9659
vn 0.4226 0.0000 0.9063
vn 0.4227 0.0000 0.9063
vn 0.5734 0.0000 0.8193
vn -0.2588 0.0000 0.9659
vn -0.4226 0.0000 0.9063
vn -0.4227 0.0000 0.9063
vn -0.5734 0.0000 0.8193
vn -0.5736 0.0000 0.8191
vn -0.7070 -0.0000 0.7072
vn -0.7071 0.0000 0.7071
vn -0.8191 0.0000 0.5736
vn -0.9063 0.0000 0.4226
vn -0.9659 0.0000 0.2588
vn -0.9962 0.0000 0.0871
vn -0.9962 0.0000 0.0872
vn -0.9962 0.0000 -0.0872
vn -0.9659 0.0000 -0.2588
vn -0.9063 0.0000 -0.4226
vn -0.8192 0.0000 -0.5735
vn -0.8191 0.0000 -0.5736
vn -0.7072 0.0000 -0.7070
vn -0.7069 -0.0000 -0.7073
vn -0.5736 0.0000 -0.8191
vn -0.5734 0.0000 -0.8193
vn -0.4226 0.0000 -0.9063
vn -0.4227 0.0000 -0.9063
vn -0.2588 0.0000 -0.9659
vn -0.2587 0.0000 -0.9660
vn -0.0873 0.0000 -0.9962
vn -0.0871 0.0000 -0.9962
vn 0.0871 0.0000 -0.9962
vn 0.0873 0.0000 -0.9962
vn 0.2587 0.0000 -0.9660
vn 0.2588 0.0000 -0.9659
vn 0.4227 0.0000 -0.9063
vn 0.4226 0.0000 -0.9063
vn 0.5734 0.0000 -0.8193
vn 0.5736 0.0000 -0.8191
vn 0.7069 -0.0000 -0.7073
vn 0.7072 0.0000 -0.7070
vn 0.8191 0.0000 -0.5736
vn 0.8192 0.0000 -0.5735
vn 0.9063 0.0000 -0.4226
vn 0.9659 0.0000 -0.2588
vn 0.9962 0.0000 -0.0872
vn 0.9962 0.0000 0.0872
vn 0.9962 0.0000 0.0871
vn 0.9659 0.0000 0.2588
vn 0.9063 0.0000 0.4226
vn 0.8191 0.0000 0.5736
vn 0.7071 0.0000 0.7071
vn 0.7070 -0.0000 0.7072
vn 0.5736 0.0000 0.8191
vn 0.9962 -0.0010 0.0872
vn 0.9888 0.0003 0.1492
vn 0.9696 -0.0003 0.2448
vn 0.9659 -0.0008 0.2588
vn 0.9406 0.0004 0.3395
vn 0.9063 -0.0008 0.4227
vn 0.9018 -0.0005 0.4322
vn 0.8553 0.0003 0.5181
vn 0.8192 -0.0010 0.5736
vn 0.8027 -0.0001 0.5964
vn 0.7434 0.0002 0.6689
vn 0.7070 -0.0011 0.7072
vn 0.6035 0.0000 0.7973
vn 0.5734 -0.0010 0.8193
vn 0.5251 0.0003 0.8510
vn 0.4385 -0.0003 0.8987
vn 0.4226 -0.0010 0.9063
vn 0.3435 0.0004 0.9392
vn 0.2588 -0.0009 0.9659
vn 0.2472 -0.0004 0.9690
vn 0.1505 0.0004 0.9886
vn 0.0872 -0.0011 0.9962
vn 0.0513 0.0000 0.9987
vn -0.0513 0.0000 0.9987
vn -0.0872 -0.0011 0.9962
vn -0.1505 0.0004 0.9886
vn -0.2472 -0.0004 0.9690
vn -0.2588 -0.0009 0.9659
vn -0.3435 0.0004 0.9392
vn -0.4226 -0.0010 0.9063
vn -0.4385 -0.0003 0.8987
vn -0.5251 0.0003 0.8510
vn -0.5734 -0.0010 0.8193
vn -0.6035 0.0000 0.7973
vn -0.7070 -0.0011 0.7072
vn -0.7434 0.0002 0.6688
vn -0.8027 -0.0001 0.5964
vn -0.8192 -0.0010 0.5736
vn -0.8553 0.0003 0.5181
vn -0.9018 -0.0005 0.4322
vn -0.9063 -0.0008 0.4227
vn -0.9406 0.0004 0.3395
vn -0.9659 -0.0008 0.2588
vn -0.9696 -0.0003 0.2448
vn -0.9888 0.0003 0.1492
vn -0.9962 -0.0010 0.0872
vn -0.9962 -0.0010 -0.0872
vn -0.9888 0.0003 -0.1492
vn -0.9696 -0.0003 -0.2448
vn -0.9659 -0.0008 -0.2588
vn -0.9406 0.0004 -0.3396
vn -0.9063 -0.0008 -0.4226
vn -0.9018 -0.0005 -0.4322
vn -0.8553 0.0003 -0.5181
vn -0.8191 -0.0010 -0.5736
vn -0.8028 -0.0001 -0.5963
vn -0.7434 0.0002 -0.6688
vn -0.7069 -0.0011 -0.7073
vn -0.6761 0.0000 -0.7368
vn -0.6036 0.0000 -0.7973
vn -0.5734 -0.0010 -0.8193
vn -0.5251 0.0003 -0.8511
vn -0.4386 -0.0003 -0.8987
vn -0.4227 -0.0010 -0.9063
vn -0.3435 0.0004 -0.9392
vn -0.2588 -0.0009 -0.9659
vn -0.2470 -0.0004 -0.9690
vn -0.1504 0.0004 -0.9886
vn -0.0872 -0.0011 -0.9962
vn 0.0872 -0.0011 -0.9962
vn 0.1504 0.0004 -0.9886
vn 0.2470 -0.0004 -0.9690
vn 0.2588 -0.0009 -0.9659
vn 0.3435 0.0004 -0.9392
vn 0.4227 -0.0010 -0.9063
vn 0.4386 -0.0003 -0.8987
vn 0.5251 0.0003 -0.8511
vn 0.5734 -0.0010 -0.8193
vn 0.6036 0.0000 -0.7973
vn 0.6761 0.0000 -0.7368
vn 0.7069 -0.0011 -0.7073
vn 0.7434 0.0002 -0.6688
vn 0.8028 -0.0001 -0.5963
vn 0.8191 -0.0010 -0.5736
vn 0.8553 0.0003 -0.5181
vn 0.9018 -0.0005 -0.4322
vn 0.9063 -0.0008 -0.4226
vn 0.9406 0.0004 -0.3396
vn 0.9659 -0.0008 -0.2588
vn 0.9696 -0.0003 -0.2448
vn 0.9888 0.0003 -0.1492
vn 0.9962 -0.0010 -0.0872
vn -0.0872 0.0000 -0.9962
vn 0.0872 0.0000 -0.9962
vn -0.7071 0.0000 -0.7071
vn -0.8192 0.0000 -0.5736
vn -0.8192 0.0000 0.5736
vn -0.7069 0.0000 0.7073
vn -0.0872 0.0000 0.9962
vn 0.0872 0.0000 0.9962
vn 0.7069 0.0000 0.7073
vn 0.8192 0.0000 0.5736
vn 0.8192 0.0000 -0.5736
vn 0.7071 0.0000 -0.7071
vn 0.9962 -0.0048 -0.0872
vn 0.9659 -0.0042 -0.2588
vn 0.9697 -0.0017 -0.2444
vn 0.9888 0.0015 -0.1493
vn 0.9405 0.0018 -0.3399
vn 0.9063 -0.0044 -0.4226
vn 0.9021 -0.0026 -0.4316
vn 0.8550 0.0017 -0.5186
vn 0.8191 -0.0055 -0.5736
vn 0.8029 -0.0008 -0.5962
vn 0.7430 0.0009 -0.6693
vn 0.7071 -0.0069 -0.7071
vn 0.6759 0.0003 -0.7370
vn 0.6033 0.0001 -0.7975
vn 0.5735 -0.0074 -0.8191
vn 0.5242 0.0022 -0.8516
vn 0.4389 -0.0025 -0.8985
vn 0.4226 -0.0077 -0.9063
vn 0.3428 0.0033 -0.9394
vn 0.2588 -0.0073 -0.9659
vn 0.2473 -0.0035 -0.9689
vn 0.1501 0.0033 -0.9887
vn 0.0871 -0.0097 -0.9962
vn 0.0513 0.0000 -0.9987
vn -0.0513 0.0000 -0.9987
vn -0.0871 -0.0097 -0.9962
vn -0.1501 0.0033 -0.9887
vn -0.2473 -0.0035 -0.9689
vn -0.2588 -0.0073 -0.9659
vn -0.3428 0.0033 -0.9394
vn -0.4226 -0.0077 -0.9063
vn -0.4390 -0.0025 -0.8985
vn -0.5242 0.0022 -0.8516
vn -0.5735 -0.0074 -0.8191
vn -0.6033 0.0001 -0.7975
vn -0.6759 0.0003 -0.7370
vn -0.7071 -0.0069 -0.7071
vn -0.7430 0.0009 -0.6693
vn -0.8029 -0.0008 -0.5962
vn -0.8191 -0.0055 -0.5736
vn -0.8550 0.0017 -0.5186
vn -0.9021 -0.0026 -0.4316
vn -0.9063 -0.0044 -0.4226
vn -0.9405 0.0018 -0.3399
vn -0.9659 -0.0042 -0.2588
vn -0.9697 -0.0017 -0.2444
vn -0.9888 0.0015 -0.1493
vn -0.9962 -0.0048 -0.0872
vn -0.9962 -0.0048 0.0872
vn -0.9888 0.0015 0.1493
vn -0.9697 -0.0017 0.2444
vn -0.9659 -0.0042 0.2588
vn -0.9404 0.0018 0.3400
vn -0.9063 -0.0044 0.4226
vn -0.9020 -0.0026 0.4316
vn -0.8550 0.0017 0.5187
vn -0.8192 -0.0055 0.5735
vn -0.8028 -0.0008 0.5963
vn -0.7432 0.0009 0.6691
vn -0.7071 -0.0069 0.7071
vn -0.6757 0.0004 0.7372
vn -0.6035 0.0001 0.7974
vn -0.5735 -0.0074 0.8192
vn -0.5244 0.0022 0.8515
vn -0.4390 -0.0025 0.8985
vn -0.4226 -0.0077 0.9063
vn -0.3425 0.0033 0.9395
vn -0.2588 -0.0073 0.9659
vn -0.2475 -0.0035 0.9689
vn -0.1502 0.0033 0.9886
vn -0.0872 -0.0097 0.9961
vn 0.0872 -0.0097 0.9961
vn 0.1502 0.0033 0.9886
vn 0.2475 -0.0035 0.9689
vn 0.2588 -0.0073 0.9659
vn 0.3425 0.0033 0.9395
vn 0.4226 -0.0077 0.9063
vn 0.4390 -0.0025 0.8985
vn 0.5244 0.0022 0.8515
vn 0.5735 -0.0074 0.8192
vn 0.6035 0.0001 0.7974
vn 0.6757 0.0004 0.7372
vn 0.7071 -0.0069 0.7071
vn 0.7432 0.0009 0.6691
vn 0.8028 -0.0008 0.5963
vn 0.8192 -0.0055 0.5735
vn 0.8550 0.0017 0.5187
vn 0.9020 -0.0026 0.4316
vn 0.9063 -0.0044 0.4226
vn 0.9404 0.0018 0.3400
vn 0.9659 -0.0042 0.2588
vn 0.9697 -0.0017 0.2444
vn 0.9888 0.0015 0.1493
vn 0.9962 -0.0048 0.0872
vn 0.0000 0.7604 -0.6494
vn 0.0000 0.8526 -0.5225
vn 0.0000 0.9239 -0.3827
vn 0.0000 0.9724 -0.2334
vn 0.0000 0.9969 -0.0785
vn 0.0000 0.6495 -0.7604
vn 0.0000 0.5225 -0.8526
vn 0.0000 0.3827 -0.9239
vn 0.0000 0.2335 -0.9724
vn 0.0000 0.0784 -0.9969
vn 0.0000 0.6495 0.7604
vn 0.0000 0.5225 0.8526
vn 0.0000 0.3827 0.9239
vn 0.0000 0.2335 0.9724
vn 0.0000 0.0784 0.9969
vn -0.0001 0.0000 1.0000
vn 0.0001 0.0000 1.0000
vn 0.0000 0.7604 0.6494
vn 0.0000 0.8526 0.5225
vn 0.0000 0.9239 0.3827
vn 0.0000 0.9724 0.2334
vn 0.0000 0.9969 0.0785
vn 0.9962 -0.0872 0.0000
vn 0.9962 0.0872 0.0000
vn 0.9659 0.2588 0.0000
vn 0.9063 0.4226 0.0000
vn 0.8192 0.5736 0.0000
vn 0.7071 0.7071 0.0000
vn 0.5736 0.8192 0.0000
vn 0.4226 0.9063 0.0000
vn 0.2588 0.9659 0.0000
vn 0.0872 0.9962 0.0000
vn -0.0872 0.9962 0.0000
vn -0.2588 0.9659 0.0000
vn -0.4226 0.9063 0.0000
vn -0.5736 0.8192 0.0000
vn -0.7071 0.7071 0.0000
vn -0.8192 0.5736 0.0000
vn -0.9063 0.4226 0.0000
vn -0.9659 0.2588 0.0000
vn -0.9962 0.0872 0.0000
vn -0.9962 -0.0872 0.0000
vn -0.9659 -0.2588 0.0000
vn -0.9063 -0.4226 0.0000
vn -0.8192 -0.5736 0.0000
vn -0.7311 -0.6822 0.0000
vn -0.7250 -0.6888 -0.0023
vn -0.7299 -0.6836 0.0000
vn -0.7071 -0.7071 -0.0010
vn 0.9659 -0.2588 0.0000
vn 0.9063 -0.4226 0.0000
vn 0.8192 -0.5736 0.0000
vn 0.7311 -0.6823 0.0000
vn 0.7123 -0.7019 0.0010
vn 0.7071 -0.7071 0.0013
vn 0.6905 -0.7234 0.0007
vn 0.6708 -0.7417 0.0003
vn 0.6503 -0.7597 -0.0000
vn 0.6243 -0.7812 0.0000
vn 0.5930 -0.8052 0.0007
vn 0.5736 -0.8191 0.0015
vn 0.5580 -0.8299 0.0008
vn 0.5164 -0.8564 -0.0001
vn 0.4689 -0.8833 0.0001
vn 0.4194 -0.9078 0.0015
vn 0.4226 -0.9063 0.0013
vn 0.3642 -0.9313 -0.0001
vn 0.3043 -0.9526 0.0001
vn 0.2588 -0.9659 0.0016
vn 0.2380 -0.9713 0.0007
vn 0.1710 -0.9853 -0.0003
vn 0.1049 -0.9945 0.0007
vn 0.0872 -0.9962 0.0016
vn 0.0361 -0.9993 0.0000
vn -0.0361 -0.9993 0.0000
vn -0.0872 -0.9962 0.0016
vn -0.1049 -0.9945 0.0007
vn -0.1710 -0.9853 -0.0003
vn -0.2380 -0.9713 0.0007
vn -0.2588 -0.9659 0.0016
vn -0.3043 -0.9526 0.0001
vn -0.3642 -0.9313 -0.0001
vn -0.4193 -0.9079 0.0013
vn -0.4226 -0.9063 0.0014
vn -0.4689 -0.8833 0.0001
vn -0.5164 -0.8564 -0.0001
vn -0.5580 -0.8299 0.0008
vn -0.5736 -0.8191 0.0015
vn -0.5930 -0.8052 0.0007
vn -0.6243 -0.7812 0.0000
vn -0.6503 -0.7597 -0.0000
vn -0.6708 -0.7417 0.0003
vn -0.6905 -0.7234 0.0007
vn -0.7188 -0.6953 0.0016
vn -0.7071 -0.7071 0.0012
vn 0.7299 -0.6836 0.0000
vn 0.7250 -0.6888 -0.0023
vn -0.5736 -0.8191 -0.0011
vn -0.6087 -0.7934 0.0000
vn -0.6514 -0.7587 0.0000
vn -0.6499 -0.7600 0.0003
vn -0.6249 -0.7807 -0.0005
vn -0.6053 -0.7959 -0.0122
vn -0.4226 -0.9063 -0.0011
vn -0.4688 -0.8833 -0.0001
vn -0.5164 -0.8564 0.0001
vn -0.2588 -0.9659 -0.0012
vn -0.3043 -0.9526 -0.0001
vn -0.3642 -0.9313 0.0001
vn -0.0872 -0.9962 -0.0012
vn -0.1049 -0.9945 -0.0005
vn -0.1710 -0.9853 0.0002
vn 0.0872 -0.9962 -0.0012
vn 0.2588 -0.9659 -0.0012
vn 0.2380 -0.9713 -0.0005
vn 0.1710 -0.9853 0.0002
vn 0.4226 -0.9063 -0.0010
vn 0.3642 -0.9313 0.0001
vn 0.3043 -0.9526 -0.0001
vn 0.5736 -0.8191 -0.0011
vn 0.5578 -0.8300 -0.0006
vn 0.5164 -0.8563 0.0001
vn 0.7071 -0.7071 -0.0010
vn 0.6898 -0.7240 -0.0006
vn 0.6706 -0.7418 -0.0002
vn 0.6514 -0.7587 0.0000
vn 0.6499 -0.7600 0.0002
vn 0.6249 -0.7807 -0.0005
vn 0.6053 -0.7959 -0.0122
vn 0.6087 -0.7934 0.0000
vn 0.4688 -0.8833 -0.0001
vn 0.4192 -0.9079 -0.0011
vn 0.1049 -0.9945 -0.0005
vn -0.2380 -0.9713 -0.0005
vn -0.4191 -0.9080 -0.0009
vn -0.5578 -0.8300 -0.0006
vn -0.6706 -0.7418 -0.0002
vn -0.6898 -0.7240 -0.0006
vn 0.7311 0.6822 0.0000
vn 0.7209 0.6931 -0.0019
vn 0.7299 0.6836 0.0000
vn 0.6822 0.7312 -0.0018
vn 0.6087 0.7934 0.0000
vn 0.5736 0.8192 -0.0010
vn 0.5577 0.8300 -0.0005
vn 0.5200 0.8542 0.0000
vn 0.5160 0.8566 0.0005
vn 0.4693 0.8831 -0.0007
vn 0.4723 0.8814 0.0000
vn 0.4226 0.9063 -0.0009
vn 0.7280 -0.6856 0.0000
vn 0.7088 -0.7054 0.0013
vn 0.7071 -0.7071 0.0014
vn 0.6836 -0.7298 0.0006
vn 0.6641 -0.7477 0.0002
vn 0.6440 -0.7650 -0.0000
vn 0.6184 -0.7859 0.0001
vn 0.5877 -0.8091 0.0010
vn 0.5736 -0.8192 0.0017
vn 0.5525 -0.8335 0.0007
vn 0.5112 -0.8594 -0.0001
vn 0.4643 -0.8857 0.0002
vn 0.4226 -0.9063 0.0018
vn 0.4151 -0.9098 0.0013
vn 0.3605 -0.9328 -0.0002
vn 0.3013 -0.9535 0.0002
vn 0.2588 -0.9659 0.0020
vn 0.2356 -0.9719 0.0007
vn 0.1692 -0.9856 -0.0004
vn 0.1038 -0.9946 0.0010
vn 0.0872 -0.9962 0.0019
vn 0.0357 -0.9994 0.0000
vn -0.0357 -0.9994 0.0000
vn -0.0872 -0.9962 0.0019
vn -0.1038 -0.9946 0.0010
vn -0.1692 -0.9856 -0.0004
vn -0.2356 -0.9719 0.0007
vn -0.2588 -0.9659 0.0020
vn -0.3013 -0.9535 0.0002
vn -0.3605 -0.9328 -0.0002
vn -0.4151 -0.9098 0.0013
vn -0.4226 -0.9063 0.0018
vn -0.4643 -0.8857 0.0002
vn -0.5112 -0.8594 -0.0001
vn -0.5525 -0.8335 0.0007
vn -0.5736 -0.8192 0.0017
vn -0.5877 -0.8091 0.0010
vn -0.6184 -0.7859 0.0001
vn -0.6440 -0.7650 -0.0000
vn -0.6641 -0.7477 0.0002
vn -0.6836 -0.7298 0.0006
vn -0.7114 -0.7028 0.0015
vn -0.7071 -0.7071 0.0014
vn -0.7280 -0.6856 0.0000
vn -0.6087 0.7934 0.0000
vn -0.5957 0.8032 -0.0031
vn -0.6244 0.7811 -0.0001
vn -0.6502 0.7598 0.0001
vn -0.6729 0.7398 -0.0012
vn -0.7021 0.7120 -0.0041
vn -0.7071 0.7071 -0.0047
vn -0.7209 0.6930 -0.0019
vn -0.7311 0.6822 0.0000
vn -0.7133 0.7009 0.0011
vn -0.7071 0.7071 0.0015
vn -0.6910 0.7229 0.0009
vn -0.6708 0.7416 0.0003
vn -0.6503 0.7597 -0.0000
vn -0.6243 0.7812 0.0000
vn -0.5932 0.8051 0.0008
vn -0.5736 0.8192 0.0017
vn -0.5581 0.8298 0.0009
vn -0.5164 0.8564 -0.0001
vn -0.4689 0.8833 0.0001
vn -0.4226 0.9063 0.0017
vn -0.4194 0.9078 0.0015
vn -0.3642 0.9313 -0.0002
vn -0.3043 0.9526 0.0001
vn -0.2588 0.9659 0.0020
vn -0.2381 0.9712 0.0008
vn -0.1710 0.9853 -0.0004
vn -0.1049 0.9945 0.0009
vn -0.0872 0.9962 0.0020
vn -0.0360 0.9994 0.0000
vn 0.0360 0.9994 0.0000
vn 0.0872 0.9962 0.0020
vn 0.1049 0.9945 0.0009
vn 0.1710 0.9853 -0.0004
vn 0.2381 0.9712 0.0008
vn 0.2588 0.9659 0.0020
vn 0.3043 0.9526 0.0001
vn 0.3642 0.9313 -0.0002
vn 0.4194 0.9078 0.0015
vn 0.4226 0.9063 0.0017
vn 0.4689 0.8833 0.0001
vn 0.5164 0.8564 -0.0001
vn 0.5581 0.8298 0.0009
vn 0.5736 0.8192 0.0017
vn 0.5932 0.8051 0.0008
vn 0.6243 0.7812 0.0000
vn 0.6503 0.7597 -0.0000
vn 0.6708 0.7416 0.0003
vn 0.6910 0.7229 0.0009
vn 0.7231 0.6907 0.0021
vn 0.7071 0.7071 0.0015
vn 0.7071 -0.7071 0.0000
vn 0.6230 -0.7822 0.0000
vn 0.6189 -0.7855 -0.0005
vn 0.6439 -0.7651 0.0001
vn 0.6652 -0.7466 -0.0007
vn 0.6912 -0.7227 -0.0028
vn 0.7071 -0.7071 -0.0044
vn 0.7173 -0.6968 -0.0021
vn 0.2588 0.9659 -0.0011
vn 0.3072 0.9516 0.0000
vn 0.3693 0.9293 0.0000
vn 0.3636 0.9315 0.0013
vn 0.3047 0.9524 -0.0010
vn 0.0872 0.9962 -0.0010
vn 0.1048 0.9945 -0.0005
vn 0.1507 0.9886 0.0000
vn 0.1700 0.9854 0.0046
vn 0.1930 0.9812 0.0000
vn 0.2380 0.9713 -0.0004
vn -0.0872 0.9962 -0.0010
vn -0.2588 0.9659 -0.0011
vn -0.2380 0.9713 -0.0004
vn -0.1930 0.9812 0.0000
vn -0.1700 0.9854 0.0046
vn -0.1507 0.9886 0.0000
vn -0.1048 0.9945 -0.0005
vn -0.4226 0.9063 -0.0009
vn -0.3693 0.9293 0.0000
vn -0.3072 0.9516 0.0000
vn -0.3047 0.9524 -0.0010
vn -0.3636 0.9315 0.0013
vn -0.5736 0.8192 -0.0010
vn -0.5577 0.8300 -0.0005
vn -0.5200 0.8542 0.0000
vn -0.5160 0.8566 0.0005
vn -0.4693 0.8831 -0.0007
vn -0.7071 -0.7071 0.0000
vn -0.7071 -0.7071 -0.0044
vn -0.6912 -0.7227 -0.0028
vn -0.6652 -0.7466 -0.0007
vn -0.6439 -0.7651 0.0001
vn -0.6189 -0.7855 -0.0005
vn -0.6230 -0.7822 0.0000
vn -0.5873 -0.8094 -0.0006
vn -0.5736 -0.8192 -0.0010
vn -0.5522 -0.8337 -0.0004
vn -0.5175 -0.8557 0.0000
vn -0.5107 -0.8597 0.0007
vn -0.4650 -0.8853 -0.0013
vn -0.4702 -0.8826 0.0000
vn -0.4226 -0.9063 -0.0010
vn -0.2588 -0.9659 -0.0011
vn -0.3058 -0.9521 0.0000
vn -0.3674 -0.9301 0.0000
vn -0.3598 -0.9330 0.0015
vn -0.3019 -0.9533 -0.0016
vn -0.0872 -0.9962 -0.0010
vn -0.1038 -0.9946 -0.0005
vn -0.1503 -0.9886 0.0000
vn -0.1682 -0.9857 0.0043
vn -0.1921 -0.9814 0.0000
vn -0.2355 -0.9719 -0.0004
vn 0.0872 -0.9962 -0.0010
vn 0.2588 -0.9659 -0.0011
vn 0.2355 -0.9719 -0.0004
vn 0.1921 -0.9814 0.0000
vn 0.1682 -0.9857 0.0043
vn 0.1503 -0.9886 0.0000
vn 0.1038 -0.9946 -0.0005
vn 0.4147 -0.9099 -0.0007
vn 0.3674 -0.9301 0.0000
vn 0.3597 -0.9330 0.0015
vn 0.3019 -0.9533 -0.0016
vn 0.5736 -0.8192 -0.0010
vn 0.5522 -0.8337 -0.0004
vn 0.5175 -0.8557 0.0000
vn 0.5107 -0.8597 0.0007
vn 0.4650 -0.8853 -0.0013
vn -0.4723 0.8814 0.0000
vn -0.4191 0.9079 -0.0010
vn 0.4190 0.9080 -0.0008
vn 0.5957 0.8032 -0.0031
vn 0.6244 0.7811 -0.0001
vn 0.6502 0.7598 0.0001
vn 0.6729 0.7398 -0.0012
vn 0.7021 0.7120 -0.0041
vn 0.5873 -0.8094 -0.0006
vn -0.4147 -0.9099 -0.0007
vn -0.7173 -0.6967 -0.0021
vn 0.4702 -0.8826 0.0000
vn 0.3058 -0.9521 0.0000
vn 0.0002 0.0000 1.0000
vn -0.0002 0.0000 1.0000
vn -0.0004 0.0000 1.0000
vn 0.5736 -0.8192 0.0000
vn 0.4226 -0.9063 0.0000
vn 0.2588 -0.9659 0.0000
vn 0.0872 -0.9962 0.0000
vn -0.0872 -0.9962 0.0000
vn -0.2588 -0.9659 0.0000
vn -0.4226 -0.9063 0.0000
vn -0.5736 -0.8192 0.0000
vn 0.9969 -0.0785 0.0000
vn 0.9724 -0.2334 0.0000
vn 0.9239 -0.3827 0.0000
vn 0.8526 -0.5225 0.0000
vn 0.7604 -0.6494 0.0000
vn 0.6494 -0.7604 0.0000
vn 0.5225 -0.8526 0.0000
vn 0.3827 -0.9239 0.0000
vn 0.2334 -0.9724 0.0000
vn 0.0785 -0.9969 0.0000
vn -0.0785 -0.9969 0.0000
vn -0.2334 -0.9724 0.0000
vn -0.3827 -0.9239 0.0000
vn -0.5225 -0.8526 0.0000
vn -0.6494 -0.7604 0.0000
vn -0.7604 -0.6494 0.0000
vn -0.8526 -0.5225 0.0000
vn -0.9239 -0.3827 0.0000
vn -0.9724 -0.2334 0.0000
vn -0.9969 -0.0785 0.0000
vn -0.9969 0.0785 0.0000
vn -0.9724 0.2334 0.0000
vn -0.9239 0.3827 0.0000
vn -0.8526 0.5225 0.0000
vn -0.7604 0.6494 0.0000
vn -0.6494 0.7604 0.0000
vn -0.5225 0.8526 0.0000
vn -0.3827 0.9239 0.0000
vn -0.2334 0.9724 0.0000
vn -0.0785 0.9969 0.0000
vn 0.0785 0.9969 0.0000
vn 0.2334 0.9724 0.0000
vn 0.3827 0.9239 0.0000
vn 0.5225 0.8526 0.0000
vn 0.6494 0.7604 0.0000
vn 0.7604 0.6494 0.0000
vn 0.8526 0.5225 0.0000
vn 0.9239 0.3827 0.0000
vn 0.9724 0.2334 0.0000
vn 0.9969 0.0785 0.0000
vn 1.0000 -0.0001 0.0000
vn 1.0000 0.0001 0.0000
vn 0.0000 -0.8777 0.4792
vn 0.0000 0.3495 -0.9370
vn 0.0000 -0.3495 -0.9370
vn 0.9987 0.0000 -0.0508
vn 0.9987 0.0000 0.0508
vn 0.9888 0.0003 0.1491
vn 0.9406 0.0004 0.3396
vn 0.8553 0.0003 0.5182
vn 0.7434 0.0002 0.6688
vn 0.6761 0.0000 0.7368
vn 0.4227 -0.0010 0.9063
vn -0.3434 0.0004 0.9392
vn -0.4227 -0.0010 0.9063
vn -0.5252 0.0003 0.8510
vn -0.6761 0.0000 0.7368
vn -0.9406 0.0004 0.3396
vn -0.7435 0.0002 -0.6688
vn -0.6760 0.0000 -0.7369
vn -0.5251 0.0003 -0.8510
vn 0.7435 0.0002 -0.6688
vn 0.8553 0.0003 -0.5182
vn 0.9888 0.0003 -0.1491
vn 0.5733 0.0000 -0.8193
vn 0.5733 0.0000 0.8193
vn 0.5736 -0.0000 0.8192
vn 0.5736 -0.0000 -0.8192
vn -0.9696 0.0003 0.2448
vn -0.9406 -0.0004 0.3396
vn -0.9063 0.0008 0.4227
vn -0.9018 0.0005 0.4321
vn -0.8554 -0.0003 0.5180
vn -0.8027 0.0001 0.5964
vn -0.7434 -0.0002 0.6688
vn -0.7070 0.0011 0.7072
vn -0.5252 -0.0003 0.8510
vn -0.4386 0.0003 0.8987
vn -0.4227 0.0010 0.9063
vn -0.3433 -0.0004 0.9392
vn -0.2474 0.0004 0.9689
vn -0.1504 -0.0004 0.9886
vn -0.0872 0.0011 0.9962
vn 0.0872 0.0011 0.9962
vn 0.1504 -0.0004 0.9886
vn 0.2474 0.0004 0.9689
vn 0.3433 -0.0004 0.9392
vn 0.4227 0.0010 0.9063
vn 0.4386 0.0003 0.8987
vn 0.5251 -0.0003 0.8510
vn 0.7070 0.0011 0.7072
vn 0.7434 -0.0002 0.6688
vn 0.8027 0.0001 0.5964
vn 0.9018 0.0005 0.4321
vn 0.9063 0.0008 0.4227
vn 0.9406 -0.0004 0.3396
vn 0.9888 -0.0003 0.1491
vn 0.9888 -0.0003 -0.1491
vn 0.8552 -0.0003 -0.5182
vn 0.8028 0.0001 -0.5963
vn 0.7069 0.0011 -0.7073
vn 0.5251 -0.0003 -0.8510
vn 0.4387 0.0003 -0.8986
vn 0.2471 0.0004 -0.9690
vn 0.0872 0.0011 -0.9962
vn 0.0514 0.0000 -0.9987
vn -0.0514 0.0000 -0.9987
vn -0.0872 0.0011 -0.9962
vn -0.1505 -0.0004 -0.9886
vn -0.2471 0.0004 -0.9690
vn -0.3434 -0.0004 -0.9392
vn -0.4387 0.0003 -0.8986
vn -0.5251 -0.0003 -0.8510
vn -0.7069 0.0011 -0.7073
vn -0.8028 0.0001 -0.5963
vn -0.0873 0.0000 0.9962
vn -0.0870 0.0000 0.9962
vn 0.0870 0.0000 0.9962
vn 0.0873 0.0000 0.9962
vn -0.8192 0.0000 0.5735
vn -0.9063 0.0000 -0.4227
vn -0.5735 0.0000 -0.8192
vn 0.9063 0.0000 -0.4227
vn 0.8192 0.0000 0.5735
vn 0.9962 -0.0871 0.0000
vn 0.9962 0.0871 0.0000
vn 0.9659 0.2589 0.0000
vn 0.8192 0.5735 0.0000
vn 0.8191 0.5736 0.0000
vn -0.8191 0.5736 0.0000
vn -0.8192 0.5735 0.0000
vn -0.9063 0.4227 0.0000
vn -0.9659 0.2589 0.0000
vn -0.9962 0.0871 0.0000
vn -0.9962 -0.0871 0.0000
vn -0.9659 -0.2589 0.0000
vn -0.9063 -0.4227 0.0000
vn -0.8192 -0.5735 0.0000
vn -0.8191 -0.5736 0.0000
vn -0.7311 -0.6823 0.0000
vn -0.7247 -0.6891 -0.0023
vn -0.7298 -0.6836 0.0000
vn 0.9659 -0.2589 0.0000
vn 0.8192 -0.5735 0.0000
vn 0.8191 -0.5736 0.0000
vn 0.7311 -0.6822 0.0000
vn 0.7125 -0.7017 0.0010
vn 0.6904 -0.7234 0.0008
vn 0.6707 -0.7417 0.0003
vn 0.6244 -0.7811 0.0000
vn 0.5929 -0.8053 0.0007
vn 0.5578 -0.8300 0.0008
vn 0.5163 -0.8564 -0.0001
vn 0.4195 -0.9078 0.0015
vn 0.3044 -0.9525 0.0001
vn 0.2381 -0.9713 0.0007
vn -0.3643 -0.9313 -0.0001
vn -0.4192 -0.9079 0.0013
vn -0.4688 -0.8833 0.0001
vn -0.5165 -0.8563 -0.0001
vn -0.5577 -0.8300 0.0008
vn -0.5931 -0.8051 0.0007
vn -0.6502 -0.7598 -0.0000
vn -0.6707 -0.7417 0.0003
vn -0.6904 -0.7234 0.0007
vn -0.7187 -0.6953 0.0016
vn 0.7247 -0.6891 -0.0023
vn -0.5736 -0.8192 -0.0011
vn -0.6513 -0.7588 0.0000
vn -0.6054 -0.7958 -0.0122
vn -0.5165 -0.8563 0.0001
vn -0.3044 -0.9526 -0.0001
vn 0.3044 -0.9526 -0.0001
vn 0.5577 -0.8301 -0.0006
vn 0.5164 -0.8564 0.0001
vn 0.6899 -0.7239 -0.0006
vn 0.6705 -0.7419 -0.0002
vn 0.6516 -0.7586 0.0000
vn 0.6499 -0.7600 0.0003
vn 0.4689 -0.8833 -0.0001
vn 0.4193 -0.9079 -0.0011
vn -0.2379 -0.9713 -0.0005
vn -0.4190 -0.9080 -0.0009
vn -0.5577 -0.8300 -0.0006
vn -0.6707 -0.7417 -0.0002
vn -0.6899 -0.7239 -0.0006
vn -0.2335 -0.9724 0.0000
vn -0.6495 -0.7604 0.0000
vn -0.7604 -0.6495 0.0000
vn -0.8527 -0.5225 0.0000
vn -0.8526 -0.5226 0.0000
vn -0.9239 -0.3826 0.0000
vn -0.9969 -0.0784 0.0000
vn 0.9969 -0.0784 0.0000
vn 0.9724 -0.2335 0.0000
vn 0.9239 -0.3826 0.0000
vn 0.6495 -0.7604 0.0000
vn 1.0000 0.0002 0.0000
vn 1.0000 -0.0002 0.0000
vn 1.0000 -0.0004 0.0000
vn 1.0000 0.0006 0.0000
vn -0.9969 0.0784 0.0000
vn -0.9239 0.3826 0.0000
vn -0.8526 0.5226 0.0000
vn -0.8527 0.5225 0.0000
vn -0.7604 0.6495 0.0000
vn -0.6495 0.7604 0.0000
vn -0.2335 0.9724 0.0000
vn 0.9969 0.0784 0.0000
vn 0.9724 0.2335 0.0000
vn 0.9239 0.3826 0.0000
vn 0.6495 0.7604 0.0000
vn 0.7247 0.6891 -0.0023
vn 0.7071 0.7071 -0.0010
vn -0.7124 0.7017 0.0010
vn -0.7071 0.7071 0.0013
vn -0.6904 0.7234 0.0007
vn -0.6706 0.7418 0.0003
vn -0.6502 0.7598 -0.0000
vn -0.5931 0.8051 0.0007
vn -0.5736 0.8191 0.0015
vn -0.5578 0.8300 0.0008
vn -0.5165 0.8563 -0.0001
vn -0.4688 0.8833 0.0001
vn -0.4226 0.9063 0.0013
vn -0.3643 0.9313 -0.0001
vn -0.2588 0.9659 0.0016
vn -0.2380 0.9713 0.0007
vn -0.1710 0.9853 -0.0003
vn -0.1049 0.9945 0.0007
vn -0.0872 0.9962 0.0016
vn 0.0872 0.9962 0.0016
vn 0.1049 0.9945 0.0007
vn 0.1710 0.9853 -0.0003
vn 0.2380 0.9713 0.0007
vn 0.2588 0.9659 0.0016
vn 0.3044 0.9525 0.0001
vn 0.3642 0.9313 -0.0001
vn 0.4193 0.9078 0.0013
vn 0.4226 0.9063 0.0014
vn 0.5163 0.8564 -0.0001
vn 0.5578 0.8299 0.0008
vn 0.5736 0.8191 0.0015
vn 0.5929 0.8053 0.0007
vn 0.6504 0.7596 -0.0000
vn 0.6706 0.7418 0.0003
vn 0.6905 0.7234 0.0008
vn 0.7187 0.6953 0.0016
vn 0.7071 0.7071 0.0012
vn -0.7298 0.6836 0.0000
vn -0.7247 0.6891 -0.0023
vn 0.5736 0.8191 -0.0011
vn 0.6516 0.7585 0.0000
vn 0.6499 0.7600 0.0003
vn 0.6250 0.7807 -0.0005
vn 0.6054 0.7959 -0.0122
vn 0.4226 0.9063 -0.0011
vn 0.4689 0.8833 -0.0001
vn 0.5164 0.8564 0.0001
vn 0.2588 0.9659 -0.0012
vn 0.3044 0.9526 -0.0001
vn 0.3642 0.9313 0.0001
vn 0.0872 0.9962 -0.0012
vn 0.1710 0.9853 0.0002
vn -0.0872 0.9962 -0.0012
vn -0.2588 0.9659 -0.0012
vn -0.2380 0.9713 -0.0005
vn -0.1710 0.9853 0.0002
vn -0.4226 0.9063 -0.0010
vn -0.3642 0.9313 0.0001
vn -0.3044 0.9526 -0.0001
vn -0.5736 0.8192 -0.0011
vn -0.5577 0.8301 -0.0006
vn -0.5165 0.8563 0.0001
vn -0.7071 0.7071 -0.0010
vn -0.6899 0.7239 -0.0006
vn -0.6707 0.7417 -0.0002
vn -0.6514 0.7588 0.0000
vn -0.6499 0.7600 0.0003
vn -0.6249 0.7807 -0.0005
vn -0.6055 0.7958 -0.0122
vn -0.6088 0.7934 0.0000
vn -0.4688 0.8833 -0.0001
vn -0.4191 0.9079 -0.0011
vn 0.2380 0.9713 -0.0005
vn 0.4191 0.9080 -0.0009
vn 0.5577 0.8300 -0.0006
vn 0.6704 0.7420 -0.0002
vn 0.6899 0.7239 -0.0006
vn -1.0000 -0.0001 0.0000
vn -0.5736 0.8191 0.0000
vn 0.5736 0.8191 0.0000
vn 0.5736 -0.8191 0.0000
vn -0.5736 -0.8191 0.0000
usemtl N9_aluminum_machined
s off
f 1//1 2//1 3//1
f 3//1 2//1 4//1
f 2//2 5//2 4//2
f 4//2 5//2 6//2
f 5//3 7//3 6//3
f 6//3 7//3 8//3
f 7//4 9//4 8//4
f 8//4 9//4 10//4
f 9//5 11//5 10//5
f 10//5 11//5 12//5
f 11//6 1//6 12//6
f 12//6 1//6 3//6
f 3//7 4//7 12//7
f 12//7 4//7 10//7
f 10//7 4//7 6//7
f 10//7 6//7 8//7
f 13//8 14//8 15//8
f 15//9 14//9 16//9
f 15//10 16//10 17//10
f 14//11 13//11 18//11
f 18//12 13//12 19//12
f 18//13 19//13 20//13
f 20//14 19//14 21//14
f 20//15 21//15 22//15
f 22//16 21//16 23//16
f 22//17 23//17 24//17
f 24//18 23//18 25//18
f 24//19 25//19 26//19
f 26//20 25//20 27//20
f 26//21 27//21 28//21
f 28//22 27//22 29//22
f 28//23 29//23 30//23
f 30//24 29//24 31//24
f 30//25 31//25 32//25
f 32//26 31//26 33//26
f 32//27 33//27 34//27
f 34//28 33//28 35//28
f 34//29 35//29 36//29
f 36//30 35//30 37//30
f 36//31 37//31 38//31
f 38//32 37//32 39//32
f 38//33 39//33 40//33
f 40//34 39//34 41//34
f 40//35 41//35 42//35
f 42//36 41//36 43//36
f 42//37 43//37 44//37
f 44//38 43//38 45//38
f 44//39 45//39 46//39
f 46//40 45//40 47//40
f 46//41 47//41 48//41
f 48//42 47//42 49//42
f 48//43 49//43 50//43
f 50//44 49//44 51//44
f 50//45 51//45 52//45
f 52//46 51//46 53//46
f 52//47 53//47 54//47
f 54//48 53//48 55//48
f 54//49 55//49 56//49
f 56//50 55//50 57//50
f 57//51 55//51 58//51
f 57//52 58//52 59//52
f 59//53 58//53 60//53
f 59//54 60//54 61//54
f 61//55 60//55 62//55
f 61//56 62//56 63//56
f 63//57 62//57 64//57
f 63//58 64//58 65//58
f 65//59 64//59 66//59
f 65//60 66//60 67//60
f 67//61 66//61 68//61
f 67//62 68//62 69//62
f 69//63 68//63 70//63
f 69//64 70//64 71//64
f 71//65 70//65 72//65
f 71//66 72//66 73//66
f 73//67 72//67 74//67
f 73//68 74//68 75//68
f 75//69 74//69 76//69
f 75//70 76//70 77//70
f 77//71 76//71 78//71
f 77//72 78//72 79//72
f 79//73 78//73 80//73
f 79//74 80//74 81//74
f 81//75 80//75 82//75
f 81//76 82//76 83//76
f 83//77 82//77 84//77
f 83//78 84//78 85//78
f 85//79 84//79 86//79
f 85//80 86//80 87//80
f 87//81 86//81 88//81
f 87//82 88//82 89//82
f 89//83 88//83 90//83
f 89//84 90//84 91//84
f 91//85 90//85 92//85
f 91//86 92//86 93//86
f 93//87 92//87 94//87
f 93//88 94//88 17//88
f 17//89 94//89 15//89
f 95//90 17//90 96//90
f 96//90 17//90 16//90
f 96//91 16//91 97//91
f 97//91 16//91 14//91
f 97//92 14//92 98//92
f 98//92 14//92 18//92
f 98//93 18//93 99//93
f 99//93 18//93 20//93
f 99//94 20//94 100//94
f 100//94 20//94 22//94
f 100//95 22//95 101//95
f 101//95 22//95 24//95
f 101//96 24//96 102//96
f 102//97 24//97 26//97
f 102//98 26//98 103//98
f 103//98 26//98 28//98
f 103//99 28//99 104//99
f 104//99 28//99 30//99
f 104//100 30//100 105//100
f 105//101 30//101 32//101
f 105//102 32//102 106//102
f 106//102 32//102 34//102
f 106//103 34//103 107//103
f 107//103 34//103 36//103
f 107//104 36//104 108//104
f 108//104 36//104 38//104
f 108//105 38//105 109//105
f 109//105 38//105 40//105
f 109//106 40//106 110//106
f 110//106 40//106 42//106
f 110//107 42//107 111//107
f 111//107 42//107 44//107
f 111//108 44//108 112//108
f 112//109 44//109 46//109
f 112//110 46//110 113//110
f 113//110 46//110 48//110
f 113//111 48//111 114//111
f 114//111 48//111 50//111
f 114//112 50//112 115//112
f 115//112 50//112 52//112
f 115//113 52//113 116//113
f 116//113 52//113 54//113
f 116//114 54//114 117//114
f 117//114 54//114 56//114
f 117//115 56//115 118//115
f 118//115 56//115 57//115
f 118//116 57//116 119//116
f 119//116 57//116 59//116
f 119//117 59//117 120//117
f 120//117 59//117 61//117
f 120//118 61//118 121//118
f 121//118 61//118 63//118
f 121//119 63//119 122//119
f 122//119 63//119 65//119
f 122//120 65//120 123//120
f 123//121 65//121 67//121
f 123//122 67//122 124//122
f 124//122 67//122 69//122
f 124//123 69//123 125//123
f 125//123 69//123 71//123
f 125//124 71//124 126//124
f 126//124 71//124 73//124
f 126//125 73//125 127//125
f 127//125 73//125 75//125
f 127//126 75//126 128//126
f 128//126 75//126 77//126
f 128//127 77//127 129//127
f 129//127 77//127 79//127
f 129//128 79//128 130//128
f 130//128 79//128 81//128
f 130//129 81//129 131//129
f 131//129 81//129 83//129
f 131//130 83//130 132//130
f 132//130 83//130 85//130
f 132//131 85//131 133//131
f 133//132 85//132 87//132
f 133//133 87//133 134//133
f 134//133 87//133 89//133
f 134//134 89//134 135//134
f 135//134 89//134 91//134
f 135//135 91//135 136//135
f 136//135 91//135 93//135
f 136//136 93//136 95//136
f 95//136 93//136 17//136
f 94//7 1//7 15//7
f 15//7 1//7 11//7
f 15//7 11//7 13//7
f 13//7 11//7 19//7
f 19//7 11//7 21//7
f 21//7 11//7 23//7
f 23//7 11//7 25//7
f 25//7 11//7 27//7
f 27//7 11//7 29//7
f 29//7 11//7 9//7
f 29//7 9//7 31//7
f 31//7 9//7 33//7
f 33//7 9//7 35//7
f 35//7 9//7 37//7
f 37//7 9//7 39//7
f 39//7 9//7 41//7
f 41//7 9//7 7//7
f 41//7 7//7 43//7
f 43//7 7//7 45//7
f 45//7 7//7 47//7
f 47//7 7//7 49//7
f 49//7 7//7 51//7
f 51//7 7//7 53//7
f 53//7 7//7 55//7
f 55//7 7//7 5//7
f 55//7 5//7 58//7
f 58//7 5//7 60//7
f 60//7 5//7 62//7
f 62//7 5//7 64//7
f 64//7 5//7 66//7
f 66//7 5//7 68//7
f 68//7 5//7 70//7
f 70//7 5//7 2//7
f 70//7 2//7 72//7
f 72//7 2//7 74//7
f 74//7 2//7 76//7
f 76//7 2//7 78//7
f 78//7 2//7 80//7
f 80//7 2//7 82//7
f 82//7 2//7 1//7
f 82//7 1//7 84//7
f 84//7 1//7 86//7
f 86//7 1//7 88//7
f 88//7 1//7 90//7
f 90//7 1//7 92//7
f 92//7 1//7 94//7
f 137//1 138//1 139//1
f 139//1 138//1 140//1
f 138//2 141//2 140//2
f 140//2 141//2 142//2
f 141//3 143//3 142//3
f 142//3 143//3 144//3
f 143//4 145//4 144//4
f 144//4 145//4 146//4
f 145//5 147//5 146//5
f 146//5 147//5 148//5
f 147//6 137//6 148//6
f 148//6 137//6 139//6
f 139//7 140//7 148//7
f 148//7 140//7 146//7
f 146//7 140//7 142//7
f 146//7 142//7 144//7
f 149//8 150//8 151//8
f 151//9 150//9 152//9
f 151//10 152//10 153//10
f 150//11 149//11 154//11
f 154//12 149//12 155//12
f 154//137 155//137 156//137
f 156//14 155//14 157//14
f 156//15 157//15 158//15
f 158//138 157//138 159//138
f 158//17 159//17 160//17
f 160//18 159//18 161//18
f 160//19 161//19 162//19
f 162//20 161//20 163//20
f 162//21 163//21 164//21
f 164//22 163//22 165//22
f 164//23 165//23 166//23
f 166//24 165//24 167//24
f 166//25 167//25 168//25
f 168//26 167//26 169//26
f 168//27 169//27 170//27
f 170//28 169//28 171//28
f 170//29 171//29 172//29
f 172//30 171//30 173//30
f 172//31 173//31 174//31
f 174//139 173//139 175//139
f 174//140 175//140 176//140
f 176//34 175//34 177//34
f 176//141 177//141 178//141
f 178//142 177//142 179//142
f 178//37 179//37 180//37
f 180//38 179//38 181//38
f 180//39 181//39 182//39
f 182//40 181//40 183//40
f 182//41 183//41 184//41
f 184//42 183//42 185//42
f 184//43 185//43 186//43
f 186//44 185//44 187//44
f 186//45 187//45 188//45
f 188//46 187//46 189//46
f 188//47 189//47 190//47
f 190//48 189//48 191//48
f 190//49 191//49 192//49
f 192//50 191//50 193//50
f 193//51 191//51 194//51
f 193//52 194//52 195//52
f 195//53 194//53 196//53
f 195//54 196//54 197//54
f 197//55 196//55 198//55
f 197//56 198//56 199//56
f 199//57 198//57 200//57
f 199//58 200//58 201//58
f 201//59 200//59 202//59
f 201//60 202//60 203//60
f 203//61 202//61 204//61
f 203//62 204//62 205//62
f 205//63 204//63 206//63
f 205//64 206//64 207//64
f 207//65 206//65 208//65
f 207//143 208//143 209//143
f 209//144 208//144 210//144
f 209//68 210//68 211//68
f 211//69 210//69 212//69
f 211//70 212//70 213//70
f 213//71 212//71 214//71
f 213//72 214//72 215//72
f 215//73 214//73 216//73
f 215//145 216//145 217//145
f 217//75 216//75 218//75
f 217//76 218//76 219//76
f 219//77 218//77 220//77
f 219//78 220//78 221//78
f 221//146 220//146 222//146
f 221//80 222//80 223//80
f 223//81 222//81 224//81
f 223//82 224//82 225//82
f 225//147 224//147 226//147
f 225//84 226//84 227//84
f 227//85 226//85 228//85
f 227//86 228//86 229//86
f 229//87 228//87 230//87
f 229//88 230//88 153//88
f 153//89 230//89 151//89
f 231//90 153//90 232//90
f 232//90 153//90 152//90
f 232//91 152//91 233//91
f 233//91 152//91 150//91
f 233//92 150//92 234//92
f 234//92 150//92 154//92
f 234//93 154//93 235//93
f 235//93 154//93 156//93
f 235//94 156//94 236//94
f 236//94 156//94 158//94
f 236//95 158//95 237//95
f 237//95 158//95 160//95
f 237//96 160//96 238//96
f 238//96 160//96 162//96
f 238//98 162//98 239//98
f 239//98 162//98 164//98
f 239//99 164//99 240//99
f 240//99 164//99 166//99
f 240//101 166//101 241//101
f 241//101 166//101 168//101
f 241//102 168//102 242//102
f 242//102 168//102 170//102
f 242//103 170//103 243//103
f 243//103 170//103 172//103
f 243//104 172//104 244//104
f 244//104 172//104 174//104
f 244//105 174//105 245//105
f 245//105 174//105 176//105
f 245//106 176//106 246//106
f 246//106 176//106 178//106
f 246//107 178//107 247//107
f 247//107 178//107 180//107
f 247//109 180//109 248//109
f 248//108 180//108 182//108
f 248//110 182//110 249//110
f 249//110 182//110 184//110
f 249//111 184//111 250//111
f 250//111 184//111 186//111
f 250//112 186//112 251//112
f 251//112 186//112 188//112
f 251//113 188//113 252//113
f 252//113 188//113 190//113
f 252//114 190//114 253//114
f 253//114 190//114 192//114
f 253//115 192//115 254//115
f 254//115 192//115 193//115
f 254//116 193//116 255//116
f 255//116 193//116 195//116
f 255//117 195//117 256//117
f 256//117 195//117 197//117
f 256//118 197//118 257//118
f 257//118 197//118 199//118
f 257//119 199//119 258//119
f 258//119 199//119 201//119
f 258//120 201//120 259//120
f 259//120 201//120 203//120
f 259//122 203//122 260//122
f 260//122 203//122 205//122
f 260//123 205//123 261//123
f 261//123 205//123 207//123
f 261//124 207//124 262//124
f 262//124 207//124 209//124
f 262//125 209//125 263//125
f 263//125 209//125 211//125
f 263//126 211//126 264//126
f 264//126 211//126 213//126
f 264//127 213//127 265//127
f 265//127 213//127 215//127
f 265//128 215//128 266//128
f 266//128 215//128 217//128
f 266//129 217//129 267//129
f 267//129 217//129 219//129
f 267//130 219//130 268//130
f 268//130 219//130 221//130
f 268//132 221//132 269//132
f 269//132 221//132 223//132
f 269//133 223//133 270//133
f 270//133 223//133 225//133
f 270//134 225//134 271//134
f 271//134 225//134 227//134
f 271//135 227//135 272//135
f 272//135 227//135 229//135
f 272//136 229//136 231//136
f 231//136 229//136 153//136
f 230//7 137//7 151//7
f 151//7 137//7 147//7
f 151//7 147//7 149//7
f 149//7 147//7 155//7
f 155//7 147//7 157//7
f 157//7 147//7 159//7
f 159//7 147//7 161//7
f 161//7 147//7 163//7
f 163//7 147//7 165//7
f 165//7 147//7 145//7
f 165//7 145//7 167//7
f 167//7 145//7 169//7
f 169//7 145//7 171//7
f 171//7 145//7 173//7
f 173//7 145//7 175//7
f 175//7 145//7 177//7
f 177//7 145//7 143//7
f 177//7 143//7 179//7
f 179//7 143//7 181//7
f 181//7 143//7 183//7
f 183//7 143//7 185//7
f 185//7 143//7 187//7
f 187//7 143//7 189//7
f 189//7 143//7 191//7
f 191//7 143//7 141//7
f 191//7 141//7 194//7
f 194//7 141//7 196//7
f 196//7 141//7 198//7
f 198//7 141//7 200//7
f 200//7 141//7 202//7
f 202//7 141//7 204//7
f 204//7 141//7 206//7
f 206//7 141//7 138//7
f 206//7 138//7 208//7
f 208//7 138//7 210//7
f 210//7 138//7 212//7
f 212//7 138//7 214//7
f 214//7 138//7 216//7
f 216//7 138//7 218//7
f 218//7 138//7 137//7
f 218//7 137//7 220//7
f 220//7 137//7 222//7
f 222//7 137//7 224//7
f 224//7 137//7 226//7
f 226//7 137//7 228//7
f 228//7 137//7 230//7
f 273//1 274//1 275//1
f 275//1 274//1 276//1
f 274//2 277//2 276//2
f 276//2 277//2 278//2
f 277//3 279//3 278//3
f 278//3 279//3 280//3
f 279//4 281//4 280//4
f 280//4 281//4 282//4
f 281//5 283//5 282//5
f 282//5 283//5 284//5
f 283//6 273//6 284//6
f 284//6 273//6 275//6
f 275//7 276//7 284//7
f 284//7 276//7 282//7
f 282//7 276//7 278//7
f 282//7 278//7 280//7
f 285//148 286//148 287//148
f 287//9 286//9 288//9
f 287//10 288//10 289//10
f 286//11 285//11 290//11
f 290//149 285//149 291//149
f 290//137 291//137 292//137
f 292//14 291//14 293//14
f 292//15 293//15 294//15
f 294//138 293//138 295//138
f 294//17 295//17 296//17
f 296//18 295//18 297//18
f 296//19 297//19 298//19
f 298//150 297//150 299//150
f 298//21 299//21 300//21
f 300//151 299//151 301//151
f 300//152 301//152 302//152
f 302//24 301//24 303//24
f 302//153 303//153 304//153
f 304//26 303//26 305//26
f 304//27 305//27 306//27
f 306//28 305//28 307//28
f 306//29 307//29 308//29
f 308//154 307//154 309//154
f 308//31 309//31 310//31
f 310//32 309//32 311//32
f 310//155 311//155 312//155
f 312//34 311//34 313//34
f 312//35 313//35 314//35
f 314//36 313//36 315//36
f 314//37 315//37 316//37
f 316//38 315//38 317//38
f 316//39 317//39 318//39
f 318//40 317//40 319//40
f 318//41 319//41 320//41
f 320//42 319//42 321//42
f 320//43 321//43 322//43
f 322//44 321//44 323//44
f 322//156 323//156 324//156
f 324//157 323//157 325//157
f 324//47 325//47 326//47
f 326//158 325//158 327//158
f 326//49 327//49 328//49
f 328//50 327//50 329//50
f 329//159 327//159 330//159
f 329//160 330//160 331//160
f 331//161 330//161 332//161
f 331//162 332//162 333//162
f 333//55 332//55 334//55
f 333//56 334//56 335//56
f 335//57 334//57 336//57
f 335//58 336//58 337//58
f 337//59 336//59 338//59
f 337//60 338//60 339//60
f 339//61 338//61 340//61
f 339//62 340//62 341//62
f 341//163 340//163 342//163
f 341//64 342//64 343//64
f 343//65 342//65 344//65
f 343//164 344//164 345//164
f 345//67 344//67 346//67
f 345//68 346//68 347//68
f 347//165 346//165 348//165
f 347//70 348//70 349//70
f 349//71 348//71 350//71
f 349//72 350//72 351//72
f 351//73 350//73 352//73
f 351//166 352//166 353//166
f 353//75 352//75 354//75
f 353//76 354//76 355//76
f 355//167 354//167 356//167
f 355//78 356//78 357//78
f 357//79 356//79 358//79
f 357//80 358//80 359//80
f 359//81 358//81 360//81
f 359//82 360//82 361//82
f 361//83 360//83 362//83
f 361//84 362//84 363//84
f 363//85 362//85 364//85
f 363//86 364//86 365//86
f 365//168 364//168 366//168
f 365//169 366//169 289//169
f 289//170 366//170 287//170
f 367//90 289//90 368//90
f 368//90 289//90 288//90
f 368//91 288//91 369//91
f 369//91 288//91 286//91
f 369//92 286//92 370//92
f 370//92 286//92 290//92
f 370//93 290//93 371//93
f 371//93 290//93 292//93
f 371//94 292//94 372//94
f 372//94 292//94 294//94
f 372//95 294//95 373//95
f 373//95 294//95 296//95
f 373//96 296//96 374//96
f 374//97 296//97 298//97
f 374//98 298//98 375//98
f 375//98 298//98 300//98
f 375//99 300//99 376//99
f 376//99 300//99 302//99
f 376//101 302//101 377//101
f 377//101 302//101 304//101
f 377//102 304//102 378//102
f 378//102 304//102 306//102
f 378//103 306//103 379//103
f 379//103 306//103 308//103
f 379//104 308//104 380//104
f 380//104 308//104 310//104
f 380//105 310//105 381//105
f 381//171 310//171 312//171
f 381//106 312//106 382//106
f 382//106 312//106 314//106
f 382//107 314//107 383//107
f 383//107 314//107 316//107
f 383//108 316//108 384//108
f 384//109 316//109 318//109
f 384//110 318//110 385//110
f 385//110 318//110 320//110
f 385//111 320//111 386//111
f 386//111 320//111 322//111
f 386//112 322//112 387//112
f 387//112 322//112 324//112
f 387//113 324//113 388//113
f 388//113 324//113 326//113
f 388//114 326//114 389//114
f 389//114 326//114 328//114
f 389//115 328//115 390//115
f 390//115 328//115 329//115
f 390//116 329//116 391//116
f 391//116 329//116 331//116
f 391//117 331//117 392//117
f 392//117 331//117 333//117
f 392//118 333//118 393//118
f 393//118 333//118 335//118
f 393//119 335//119 394//119
f 394//119 335//119 337//119
f 394//120 337//120 395//120
f 395//121 337//121 339//121
f 395//122 339//122 396//122
f 396//122 339//122 341//122
f 396//123 341//123 397//123
f 397//123 341//123 343//123
f 397//124 343//124 398//124
f 398//124 343//124 345//124
f 398//125 345//125 399//125
f 399//125 345//125 347//125
f 399//126 347//126 400//126
f 400//126 347//126 349//126
f 400//127 349//127 401//127
f 401//127 349//127 351//127
f 401//128 351//128 402//128
f 402//128 351//128 353//128
f 402//129 353//129 403//129
f 403//129 353//129 355//129
f 403//130 355//130 404//130
f 404//130 355//130 357//130
f 404//131 357//131 405//131
f 405//132 357//132 359//132
f 405//133 359//133 406//133
f 406//133 359//133 361//133
f 406//134 361//134 407//134
f 407//134 361//134 363//134
f 407//135 363//135 408//135
f 408//135 363//135 365//135
f 408//136 365//136 367//136
f 367//136 365//136 289//136
f 366//7 273//7 287//7
f 287//7 273//7 283//7
f 287//7 283//7 285//7
f 285//7 283//7 291//7
f 291//7 283//7 293//7
f 293//7 283//7 295//7
f 295//7 283//7 297//7
f 297//7 283//7 299//7
f 299//7 283//7 301//7
f 301//7 283//7 281//7
f 301//7 281//7 303//7
f 303//7 281//7 305//7
f 305//7 281//7 307//7
f 307//7 281//7 309//7
f 309//7 281//7 311//7
f 311//7 281//7 313//7
f 313//7 281//7 279//7
f 313//7 279//7 315//7
f 315//7 279//7 317//7
f 317//7 279//7 319//7
f 319//7 279//7 321//7
f 321//7 279//7 323//7
f 323//7 279//7 325//7
f 325//7 279//7 327//7
f 327//7 279//7 277//7
f 327//7 277//7 330//7
f 330//7 277//7 332//7
f 332//7 277//7 334//7
f 334//7 277//7 336//7
f 336//7 277//7 338//7
f 338//7 277//7 340//7
f 340//7 277//7 342//7
f 342//7 277//7 274//7
f 342//7 274//7 344//7
f 344//7 274//7 346//7
f 346//7 274//7 348//7
f 348//7 274//7 350//7
f 350//7 274//7 352//7
f 352//7 274//7 354//7
f 354//7 274//7 273//7
f 354//7 273//7 356//7
f 356//7 273//7 358//7
f 358//7 273//7 360//7
f 360//7 273//7 362//7
f 362//7 273//7 364//7
f 364//7 273//7 366//7
f 409//1 410//1 411//1
f 411//1 410//1 412//1
f 410//2 413//2 412//2
f 412//2 413//2 414//2
f 413//3 415//3 414//3
f 414//3 415//3 416//3
f 415//4 417//4 416//4
f 416//4 417//4 418//4
f 417//5 419//5 418//5
f 418//5 419//5 420//5
f 419//6 409//6 420//6
f 420//6 409//6 411//6
f 411//7 412//7 420//7
f 420//7 412//7 418//7
f 418//7 412//7 414//7
f 418//7 414//7 416//7
f 421//148 422//148 423//148
f 423//9 422//9 424//9
f 423//10 424//10 425//10
f 422//11 421//11 426//11
f 426//149 421//149 427//149
f 426//137 427//137 428//137
f 428//14 427//14 429//14
f 428//15 429//15 430//15
f 430//138 429//138 431//138
f 430//17 431//17 432//17
f 432//18 431//18 433//18
f 432//19 433//19 434//19
f 434//150 433//150 435//150
f 434//21 435//21 436//21
f 436//151 435//151 437//151
f 436//152 437//152 438//152
f 438//24 437//24 439//24
f 438//172 439//172 440//172
f 440//173 439//173 441//173
f 440//27 441//27 442//27
f 442//28 441//28 443//28
f 442//29 443//29 444//29
f 444//154 443//154 445//154
f 444//31 445//31 446//31
f 446//139 445//139 447//139
f 446//155 447//155 448//155
f 448//34 447//34 449//34
f 448//35 449//35 450//35
f 450//142 449//142 451//142
f 450//37 451//37 452//37
f 452//38 451//38 453//38
f 452//39 453//39 454//39
f 454//40 453//40 455//40
f 454//174 455//174 456//174
f 456//42 455//42 457//42
f 456//43 457//43 458//43
f 458//44 457//44 459//44
f 458//156 459//156 460//156
f 460//175 459//175 461//175
f 460//47 461//47 462//47
f 462//158 461//158 463//158
f 462//49 463//49 464//49
f 464//50 463//50 465//50
f 465//159 463//159 466//159
f 465//160 466//160 467//160
f 467//161 466//161 468//161
f 467//162 468//162 469//162
f 469//55 468//55 470//55
f 469//56 470//56 471//56
f 471//57 470//57 472//57
f 471//58 472//58 473//58
f 473//59 472//59 474//59
f 473//60 474//60 475//60
f 475//61 474//61 476//61
f 475//62 476//62 477//62
f 477//63 476//63 478//63
f 477//64 478//64 479//64
f 479//65 478//65 480//65
f 479//143 480//143 481//143
f 481//144 480//144 482//144
f 481//68 482//68 483//68
f 483//165 482//165 484//165
f 483//70 484//70 485//70
f 485//71 484//71 486//71
f 485//72 486//72 487//72
f 487//73 486//73 488//73
f 487//166 488//166 489//166
f 489//75 488//75 490//75
f 489//76 490//76 491//76
f 491//77 490//77 492//77
f 491//78 492//78 493//78
f 493//79 492//79 494//79
f 493//80 494//80 495//80
f 495//81 494//81 496//81
f 495//82 496//82 497//82
f 497//83 496//83 498//83
f 497//84 498//84 499//84
f 499//85 498//85 500//85
f 499//86 500//86 501//86
f 501//168 500//168 502//168
f 501//169 502//169 425//169
f 425//170 502//170 423//170
f 503//90 425//90 504//90
f 504//90 425//90 424//90
f 504//91 424//91 505//91
f 505//91 424//91 422//91
f 505//92 422//92 506//92
f 506//92 422//92 426//92
f 506//93 426//93 507//93
f 507//93 426//93 428//93
f 507//94 428//94 508//94
f 508//94 428//94 430//94
f 508//95 430//95 509//95
f 509//95 430//95 432//95
f 509//96 432//96 510//96
f 510//96 432//96 434//96
f 510//98 434//98 511//98
f 511//98 434//98 436//98
f 511//99 436//99 512//99
f 512//99 436//99 438//99
f 512//101 438//101 513//101
f 513//101 438//101 440//101
f 513//102 440//102 514//102
f 514//102 440//102 442//102
f 514//103 442//103 515//103
f 515//103 442//103 444//103
f 515//104 444//104 516//104
f 516//104 444//104 446//104
f 516//105 446//105 517//105
f 517//105 446//105 448//105
f 517//106 448//106 518//106
f 518//106 448//106 450//106
f 518//107 450//107 519//107
f 519//107 450//107 452//107
f 519//109 452//109 520//109
f 520//108 452//108 454//108
f 520//110 454//110 521//110
f 521//110 454//110 456//110
f 521//111 456//111 522//111
f 522//111 456//111 458//111
f 522//112 458//112 523//112
f 523//112 458//112 460//112
f 523//113 460//113 524//113
f 524//113 460//113 462//113
f 524//114 462//114 525//114
f 525//114 462//114 464//114
f 525//115 464//115 526//115
f 526//115 464//115 465//115
f 526//116 465//116 527//116
f 527//116 465//116 467//116
f 527//117 467//117 528//117
f 528//117 467//117 469//117
f 528//118 469//118 529//118
f 529//118 469//118 471//118
f 529//119 471//119 530//119
f 530//119 471//119 473//119
f 530//120 473//120 531//120
f 531//120 473//120 475//120
f 531//122 475//122 532//122
f 532//122 475//122 477//122
f 532//123 477//123 533//123
f 533//123 477//123 479//123
f 533//124 479//124 534//124
f 534//124 479//124 481//124
f 534//125 481//125 535//125
f 535//125 481//125 483//125
f 535//126 483//126 536//126
f 536//126 483//126 485//126
f 536//127 485//127 537//127
f 537//127 485//127 487//127
f 537//128 487//128 538//128
f 538//128 487//128 489//128
f 538//129 489//129 539//129
f 539//129 489//129 491//129
f 539//130 491//130 540//130
f 540//130 491//130 493//130
f 540//132 493//132 541//132
f 541//132 493//132 495//132
f 541//133 495//133 542//133
f 542//133 495//133 497//133
f 542//134 497//134 543//134
f 543//134 497//134 499//134
f 543//135 499//135 544//135
f 544//135 499//135 501//135
f 544//136 501//136 503//136
f 503//136 501//136 425//136
f 502//7 409//7 423//7
f 423//7 409//7 419//7
f 423//7 419//7 421//7
f 421//7 419//7 427//7
f 427//7 419//7 429//7
f 429//7 419//7 431//7
f 431//7 419//7 433//7
f 433//7 419//7 435//7
f 435//7 419//7 437//7
f 437//7 419//7 417//7
f 437//7 417//7 439//7
f 439//7 417//7 441//7
f 441//7 417//7 443//7
f 443//7 417//7 445//7
f 445//7 417//7 447//7
f 447//7 417//7 449//7
f 449//7 417//7 415//7
f 449//7 415//7 451//7
f 451//7 415//7 453//7
f 453//7 415//7 455//7
f 455//7 415//7 457//7
f 457//7 415//7 459//7
f 459//7 415//7 461//7
f 461//7 415//7 463//7
f 463//7 415//7 413//7
f 463//7 413//7 466//7
f 466//7 413//7 468//7
f 468//7 413//7 470//7
f 470//7 413//7 472//7
f 472//7 413//7 474//7
f 474//7 413//7 476//7
f 476//7 413//7 478//7
f 478//7 413//7 410//7
f 478//7 410//7 480//7
f 480//7 410//7 482//7
f 482//7 410//7 484//7
f 484//7 410//7 486//7
f 486//7 410//7 488//7
f 488//7 410//7 490//7
f 490//7 410//7 409//7
f 490//7 409//7 492//7
f 492//7 409//7 494//7
f 494//7 409//7 496//7
f 496//7 409//7 498//7
f 498//7 409//7 500//7
f 500//7 409//7 502//7
f 545//2 546//2 547//2
f 547//2 546//2 548//2
f 546//1 549//1 548//1
f 548//1 549//1 550//1
f 549//6 551//6 550//6
f 550//6 551//6 552//6
f 551//5 553//5 552//5
f 552//5 553//5 554//5
f 553//4 555//4 554//4
f 554//4 555//4 556//4
f 555//3 545//3 556//3
f 556//3 545//3 547//3
f 547//176 548//176 556//176
f 556//176 548//176 554//176
f 554//176 548//176 550//176
f 554//176 550//176 552//176
f 557//177 558//177 559//177
f 559//178 558//178 560//178
f 559//179 560//179 561//179
f 558//180 557//180 562//180
f 562//181 557//181 563//181
f 562//182 563//182 564//182
f 564//183 563//183 565//183
f 564//184 565//184 566//184
f 566//185 565//185 567//185
f 566//186 567//186 568//186
f 568//187 567//187 569//187
f 568//188 569//188 570//188
f 570//189 569//189 571//189
f 570//190 571//190 572//190
f 572//191 571//191 573//191
f 572//192 573//192 574//192
f 574//193 573//193 575//193
f 574//194 575//194 576//194
f 576//195 575//195 577//195
f 576//196 577//196 578//196
f 578//197 577//197 579//197
f 578//198 579//198 580//198
f 580//199 579//199 581//199
f 580//200 581//200 582//200
f 582//201 581//201 583//201
f 582//202 583//202 584//202
f 584//203 583//203 585//203
f 584//204 585//204 586//204
f 586//205 585//205 587//205
f 586//206 587//206 588//206
f 588//207 587//207 589//207
f 588//208 589//208 590//208
f 590//209 589//209 591//209
f 590//210 591//210 592//210
f 592//211 591//211 593//211
f 592//212 593//212 594//212
f 594//213 593//213 595//213
f 594//214 595//214 596//214
f 596//215 595//215 597//215
f 596//216 597//216 598//216
f 598//217 597//217 599//217
f 598//218 599//218 600//218
f 600//219 599//219 601//219
f 601//220 599//220 602//220
f 601//221 602//221 603//221
f 603//222 602//222 604//222
f 603//223 604//223 605//223
f 605//224 604//224 606//224
f 605//225 606//225 607//225
f 607//226 606//226 608//226
f 607//227 608//227 609//227
f 609//228 608//228 610//228
f 609//229 610//229 611//229
f 611//230 610//230 612//230
f 611//231 612//231 613//231
f 613//232 612//232 614//232
f 613//233 614//233 615//233
f 615//234 614//234 616//234
f 615//235 616//235 617//235
f 617//236 616//236 618//236
f 617//237 618//237 619//237
f 619//238 618//238 620//238
f 619//239 620//239 621//239
f 621//240 620//240 622//240
f 621//241 622//241 623//241
f 623//242 622//242 624//242
f 623//243 624//243 625//243
f 625//244 624//244 626//244
f 625//245 626//245 627//245
f 627//246 626//246 628//246
f 627//247 628//247 629//247
f 629//248 628//248 630//248
f 629//249 630//249 631//249
f 631//250 630//250 632//250
f 631//251 632//251 633//251
f 633//252 632//252 634//252
f 633//253 634//253 635//253
f 635//254 634//254 636//254
f 635//255 636//255 637//255
f 637//256 636//256 638//256
f 637//257 638//257 561//257
f 561//258 638//258 559//258
f 639//115 561//115 640//115
f 640//115 561//115 560//115
f 640//114 560//114 641//114
f 641//114 560//114 558//114
f 641//113 558//113 642//113
f 642//113 558//113 562//113
f 642//112 562//112 643//112
f 643//112 562//112 564//112
f 643//111 564//111 644//111
f 644//111 564//111 566//111
f 644//110 566//110 645//110
f 645//110 566//110 568//110
f 645//109 568//109 646//109
f 646//108 568//108 570//108
f 646//107 570//107 647//107
f 647//107 570//107 572//107
f 647//106 572//106 648//106
f 648//106 572//106 574//106
f 648//105 574//105 649//105
f 649//105 574//105 576//105
f 649//104 576//104 650//104
f 650//104 576//104 578//104
f 650//103 578//103 651//103
f 651//103 578//103 580//103
f 651//102 580//102 652//102
f 652//102 580//102 582//102
f 652//100 582//100 653//100
f 653//101 582//101 584//101
f 653//99 584//99 654//99
f 654//99 584//99 586//99
f 654//98 586//98 655//98
f 655//98 586//98 588//98
f 655//97 588//97 656//97
f 656//96 588//96 590//96
f 656//95 590//95 657//95
f 657//95 590//95 592//95
f 657//94 592//94 658//94
f 658//94 592//94 594//94
f 658//93 594//93 659//93
f 659//93 594//93 596//93
f 659//92 596//92 660//92
f 660//92 596//92 598//92
f 660//91 598//91 661//91
f 661//91 598//91 600//91
f 661//90 600//90 662//90
f 662//90 600//90 601//90
f 662//136 601//136 663//136
f 663//136 601//136 603//136
f 663//135 603//135 664//135
f 664//135 603//135 605//135
f 664//134 605//134 665//134
f 665//134 605//134 607//134
f 665//133 607//133 666//133
f 666//133 607//133 609//133
f 666//132 609//132 667//132
f 667//131 609//131 611//131
f 667//130 611//130 668//130
f 668//130 611//130 613//130
f 668//129 613//129 669//129
f 669//129 613//129 615//129
f 669//128 615//128 670//128
f 670//128 615//128 617//128
f 670//127 617//127 671//127
f 671//127 617//127 619//127
f 671//126 619//126 672//126
f 672//126 619//126 621//126
f 672//125 621//125 673//125
f 673//125 621//125 623//125
f 673//124 623//124 674//124
f 674//124 623//124 625//124
f 674//123 625//123 675//123
f 675//123 625//123 627//123
f 675//122 627//122 676//122
f 676//122 627//122 629//122
f 676//121 629//121 677//121
f 677//120 629//120 631//120
f 677//119 631//119 678//119
f 678//119 631//119 633//119
f 678//118 633//118 679//118
f 679//118 633//118 635//118
f 679//117 635//117 680//117
f 680//117 635//117 637//117
f 680//116 637//116 639//116
f 639//116 637//116 561//116
f 638//176 545//176 559//176
f 559//176 545//176 555//176
f 559//176 555//176 557//176
f 557//176 555//176 563//176
f 563//176 555//176 565//176
f 565//176 555//176 567//176
f 567//176 555//176 569//176
f 569//176 555//176 571//176
f 571//176 555//176 573//176
f 573//176 555//176 553//176
f 573//176 553//176 575//176
f 575//176 553//176 577//176
f 577//176 553//176 579//176
f 579//176 553//176 581//176
f 581//176 553//176 583//176
f 583//176 553//176 585//176
f 585//176 553//176 551//176
f 585//176 551//176 587//176
f 587//176 551//176 589//176
f 589//176 551//176 591//176
f 591//176 551//176 593//176
f 593//176 551//176 595//176
f 595//176 551//176 597//176
f 597//176 551//176 599//176
f 599//176 551//176 549//176
f 599//176 549//176 602//176
f 602//176 549//176 604//176
f 604//176 549//176 606//176
f 606//176 549//176 608//176
f 608//176 549//176 610//176
f 610//176 549//176 612//176
f 612//176 549//176 614//176
f 614//176 549//176 546//176
f 614//176 546//176 616//176
f 616//176 546//176 618//176
f 618//176 546//176 620//176
f 620//176 546//176 622//176
f 622//176 546//176 624//176
f 624//176 546//176 626//176
f 626//176 546//176 545//176
f 626//176 545//176 628//176
f 628//176 545//176 630//176
f 630//176 545//176 632//176
f 632//176 545//176 634//176
f 634//176 545//176 636//176
f 636//176 545//176 638//176
f 681//2 682//2 683//2
f 683//2 682//2 684//2
f 682//1 685//1 684//1
f 684//1 685//1 686//1
f 685//6 687//6 686//6
f 686//6 687//6 688//6
f 687//5 689//5 688//5
f 688//5 689//5 690//5
f 689//4 691//4 690//4
f 690//4 691//4 692//4
f 691//3 681//3 692//3
f 692//3 681//3 683//3
f 683//176 684//176 692//176
f 692//176 684//176 690//176
f 690//176 684//176 686//176
f 690//176 686//176 688//176
f 693//177 694//177 695//177
f 695//178 694//178 696//178
f 695//179 696//179 697//179
f 694//180 693//180 698//180
f 698//181 693//181 699//181
f 698//182 699//182 700//182
f 700//183 699//183 701//183
f 700//184 701//184 702//184
f 702//185 701//185 703//185
f 702//186 703//186 704//186
f 704//187 703//187 705//187
f 704//188 705//188 706//188
f 706//189 705//189 707//189
f 706//190 707//190 708//190
f 708//259 707//259 709//259
f 708//192 709//192 710//192
f 710//193 709//193 711//193
f 710//194 711//194 712//194
f 712//195 711//195 713//195
f 712//196 713//196 714//196
f 714//197 713//197 715//197
f 714//198 715//198 716//198
f 716//199 715//199 717//199
f 716//200 717//200 718//200
f 718//201 717//201 719//201
f 718//202 719//202 720//202
f 720//203 719//203 721//203
f 720//204 721//204 722//204
f 722//205 721//205 723//205
f 722//206 723//206 724//206
f 724//207 723//207 725//207
f 724//208 725//208 726//208
f 726//209 725//209 727//209
f 726//260 727//260 728//260
f 728//211 727//211 729//211
f 728//212 729//212 730//212
f 730//213 729//213 731//213
f 730//261 731//261 732//261
f 732//262 731//262 733//262
f 732//216 733//216 734//216
f 734//217 733//217 735//217
f 734//218 735//218 736//218
f 736//219 735//219 737//219
f 737//220 735//220 738//220
f 737//221 738//221 739//221
f 739//222 738//222 740//222
f 739//263 740//263 741//263
f 741//224 740//224 742//224
f 741//225 742//225 743//225
f 743//226 742//226 744//226
f 743//227 744//227 745//227
f 745//264 744//264 746//264
f 745//229 746//229 747//229
f 747//230 746//230 748//230
f 747//231 748//231 749//231
f 749//232 748//232 750//232
f 749//265 750//265 751//265
f 751//234 750//234 752//234
f 751//266 752//266 753//266
f 753//236 752//236 754//236
f 753//237 754//237 755//237
f 755//238 754//238 756//238
f 755//239 756//239 757//239
f 757//240 756//240 758//240
f 757//241 758//241 759//241
f 759//267 758//267 760//267
f 759//268 760//268 761//268
f 761//244 760//244 762//244
f 761//245 762//245 763//245
f 763//269 762//269 764//269
f 763//247 764//247 765//247
f 765//248 764//248 766//248
f 765//249 766//249 767//249
f 767//250 766//250 768//250
f 767//251 768//251 769//251
f 769//252 768//252 770//252
f 769//253 770//253 771//253
f 771//254 770//254 772//254
f 771//255 772//255 773//255
f 773//256 772//256 774//256
f 773//257 774//257 697//257
f 697//258 774//258 695//258
f 775//115 697//115 776//115
f 776//115 697//115 696//115
f 776//114 696//114 777//114
f 777//114 696//114 694//114
f 777//113 694//113 778//113
f 778//113 694//113 698//113
f 778//112 698//112 779//112
f 779//112 698//112 700//112
f 779//111 700//111 780//111
f 780//111 700//111 702//111
f 780//110 702//110 781//110
f 781//110 702//110 704//110
f 781//109 704//109 782//109
f 782//109 704//109 706//109
f 782//107 706//107 783//107
f 783//107 706//107 708//107
f 783//106 708//106 784//106
f 784//106 708//106 710//106
f 784//105 710//105 785//105
f 785//105 710//105 712//105
f 785//104 712//104 786//104
f 786//104 712//104 714//104
f 786//103 714//103 787//103
f 787//103 714//103 716//103
f 787//102 716//102 788//102
f 788//102 716//102 718//102
f 788//101 718//101 789//101
f 789//101 718//101 720//101
f 789//99 720//99 790//99
f 790//99 720//99 722//99
f 790//98 722//98 791//98
f 791//98 722//98 724//98
f 791//96 724//96 792//96
f 792//96 724//96 726//96
f 792//95 726//95 793//95
f 793//95 726//95 728//95
f 793//94 728//94 794//94
f 794//94 728//94 730//94
f 794//93 730//93 795//93
f 795//93 730//93 732//93
f 795//92 732//92 796//92
f 796//92 732//92 734//92
f 796//91 734//91 797//91
f 797//91 734//91 736//91
f 797//90 736//90 798//90
f 798//90 736//90 737//90
f 798//136 737//136 799//136
f 799//136 737//136 739//136
f 799//135 739//135 800//135
f 800//135 739//135 741//135
f 800//134 741//134 801//134
f 801//134 741//134 743//134
f 801//133 743//133 802//133
f 802//133 743//133 745//133
f 802//132 745//132 803//132
f 803//132 745//132 747//132
f 803//130 747//130 804//130
f 804//130 747//130 749//130
f 804//129 749//129 805//129
f 805//129 749//129 751//129
f 805//128 751//128 806//128
f 806//128 751//128 753//128
f 806//127 753//127 807//127
f 807//127 753//127 755//127
f 807//126 755//126 808//126
f 808//126 755//126 757//126
f 808//125 757//125 809//125
f 809//125 757//125 759//125
f 809//124 759//124 810//124
f 810//124 759//124 761//124
f 810//123 761//123 811//123
f 811//123 761//123 763//123
f 811//122 763//122 812//122
f 812//122 763//122 765//122
f 812//120 765//120 813//120
f 813//120 765//120 767//120
f 813//119 767//119 814//119
f 814//119 767//119 769//119
f 814//118 769//118 815//118
f 815//118 769//118 771//118
f 815//117 771//117 816//117
f 816//117 771//117 773//117
f 816//116 773//116 775//116
f 775//116 773//116 697//116
f 774//176 681//176 695//176
f 695//176 681//176 691//176
f 695//176 691//176 693//176
f 693//176 691//176 699//176
f 699//176 691//176 701//176
f 701//176 691//176 703//176
f 703//176 691//176 705//176
f 705//176 691//176 707//176
f 707//176 691//176 709//176
f 709//176 691//176 689//176
f 709//176 689//176 711//176
f 711//176 689//176 713//176
f 713//176 689//176 715//176
f 715//176 689//176 717//176
f 717//176 689//176 719//176
f 719//176 689//176 721//176
f 721//176 689//176 687//176
f 721//176 687//176 723//176
f 723//176 687//176 725//176
f 725//176 687//176 727//176
f 727//176 687//176 729//176
f 729//176 687//176 731//176
f 731//176 687//176 733//176
f 733//176 687//176 735//176
f 735//176 687//176 685//176
f 735//176 685//176 738//176
f 738//176 685//176 740//176
f 740//176 685//176 742//176
f 742//176 685//176 744//176
f 744//176 685//176 746//176
f 746//176 685//176 748//176
f 748//176 685//176 750//176
f 750//176 685//176 682//176
f 750//176 682//176 752//176
f 752//176 682//176 754//176
f 754//176 682//176 756//176
f 756//176 682//176 758//176
f 758//176 682//176 760//176
f 760//176 682//176 762//176
f 762//176 682//176 681//176
f 762//176 681//176 764//176
f 764//176 681//176 766//176
f 766//176 681//176 768//176
f 768//176 681//176 770//176
f 770//176 681//176 772//176
f 772//176 681//176 774//176
f 817//2 818//2 819//2
f 819//2 818//2 820//2
f 818//1 821//1 820//1
f 820//1 821//1 822//1
f 821//6 823//6 822//6
f 822//6 823//6 824//6
f 823//5 825//5 824//5
f 824//5 825//5 826//5
f 825//4 827//4 826//4
f 826//4 827//4 828//4
f 827//3 817//3 828//3
f 828//3 817//3 819//3
f 819//176 820//176 828//176
f 828//176 820//176 826//176
f 826//176 820//176 822//176
f 826//176 822//176 824//176
f 829//270 830//270 831//270
f 831//178 830//178 832//178
f 831//179 832//179 833//179
f 830//180 829//180 834//180
f 834//181 829//181 835//181
f 834//271 835//271 836//271
f 836//183 835//183 837//183
f 836//184 837//184 838//184
f 838//185 837//185 839//185
f 838//186 839//186 840//186
f 840//187 839//187 841//187
f 840//188 841//188 842//188
f 842//189 841//189 843//189
f 842//190 843//190 844//190
f 844//259 843//259 845//259
f 844//272 845//272 846//272
f 846//193 845//193 847//193
f 846//273 847//273 848//273
f 848//274 847//274 849//274
f 848//196 849//196 850//196
f 850//197 849//197 851//197
f 850//198 851//198 852//198
f 852//199 851//199 853//199
f 852//200 853//200 854//200
f 854//201 853//201 855//201
f 854//202 855//202 856//202
f 856//203 855//203 857//203
f 856//204 857//204 858//204
f 858//275 857//275 859//275
f 858//206 859//206 860//206
f 860//207 859//207 861//207
f 860//208 861//208 862//208
f 862//209 861//209 863//209
f 862//210 863//210 864//210
f 864//211 863//211 865//211
f 864//212 865//212 866//212
f 866//213 865//213 867//213
f 866//261 867//261 868//261
f 868//276 867//276 869//276
f 868//277 869//277 870//277
f 870//278 869//278 871//278
f 870//218 871//218 872//218
f 872//219 871//219 873//219
f 873//279 871//279 874//279
f 873//221 874//221 875//221
f 875//280 874//280 876//280
f 875//263 876//263 877//263
f 877//224 876//224 878//224
f 877//225 878//225 879//225
f 879//226 878//226 880//226
f 879//227 880//227 881//227
f 881//264 880//264 882//264
f 881//229 882//229 883//229
f 883//230 882//230 884//230
f 883//231 884//231 885//231
f 885//281 884//281 886//281
f 885//233 886//233 887//233
f 887//234 886//234 888//234
f 887//282 888//282 889//282
f 889//236 888//236 890//236
f 889//237 890//237 891//237
f 891//238 890//238 892//238
f 891//239 892//239 893//239
f 893//240 892//240 894//240
f 893//241 894//241 895//241
f 895//267 894//267 896//267
f 895//268 896//268 897//268
f 897//244 896//244 898//244
f 897//283 898//283 899//283
f 899//269 898//269 900//269
f 899//247 900//247 901//247
f 901//248 900//248 902//248
f 901//249 902//249 903//249
f 903//250 902//250 904//250
f 903//251 904//251 905//251
f 905//252 904//252 906//252
f 905//253 906//253 907//253
f 907//254 906//254 908//254
f 907//284 908//284 909//284
f 909//256 908//256 910//256
f 909//257 910//257 833//257
f 833//285 910//285 831//285
f 911//115 833//115 912//115
f 912//115 833//115 832//115
f 912//114 832//114 913//114
f 913//114 832//114 830//114
f 913//113 830//113 914//113
f 914//113 830//113 834//113
f 914//112 834//112 915//112
f 915//112 834//112 836//112
f 915//111 836//111 916//111
f 916//111 836//111 838//111
f 916//110 838//110 917//110
f 917//110 838//110 840//110
f 917//109 840//109 918//109
f 918//109 840//109 842//109
f 918//107 842//107 919//107
f 919//107 842//107 844//107
f 919//106 844//106 920//106
f 920//106 844//106 846//106
f 920//105 846//105 921//105
f 921//105 846//105 848//105
f 921//104 848//104 922//104
f 922//104 848//104 850//104
f 922//103 850//103 923//103
f 923//103 850//103 852//103
f 923//102 852//102 924//102
f 924//102 852//102 854//102
f 924//101 854//101 925//101
f 925//101 854//101 856//101
f 925//99 856//99 926//99
f 926//99 856//99 858//99
f 926//98 858//98 927//98
f 927//98 858//98 860//98
f 927//96 860//96 928//96
f 928//96 860//96 862//96
f 928//95 862//95 929//95
f 929//95 862//95 864//95
f 929//94 864//94 930//94
f 930//94 864//94 866//94
f 930//93 866//93 931//93
f 931//93 866//93 868//93
f 931//92 868//92 932//92
f 932//92 868//92 870//92
f 932//91 870//91 933//91
f 933//91 870//91 872//91
f 933//90 872//90 934//90
f 934//90 872//90 873//90
f 934//136 873//136 935//136
f 935//136 873//136 875//136
f 935//135 875//135 936//135
f 936//135 875//135 877//135
f 936//134 877//134 937//134
f 937//134 877//134 879//134
f 937//133 879//133 938//133
f 938//133 879//133 881//133
f 938//132 881//132 939//132
f 939//132 881//132 883//132
f 939//130 883//130 940//130
f 940//130 883//130 885//130
f 940//129 885//129 941//129
f 941//129 885//129 887//129
f 941//128 887//128 942//128
f 942//128 887//128 889//128
f 942//127 889//127 943//127
f 943//127 889//127 891//127
f 943//126 891//126 944//126
f 944//126 891//126 893//126
f 944//125 893//125 945//125
f 945//125 893//125 895//125
f 945//124 895//124 946//124
f 946//124 895//124 897//124
f 946//123 897//123 947//123
f 947//123 897//123 899//123
f 947//122 899//122 948//122
f 948//122 899//122 901//122
f 948//120 901//120 949//120
f 949//120 901//120 903//120
f 949//119 903//119 950//119
f 950//119 903//119 905//119
f 950//118 905//118 951//118
f 951//118 905//118 907//118
f 951//117 907//117 952//117
f 952//117 907//117 909//117
f 952//116 909//116 911//116
f 911//116 909//116 833//116
f 910//176 817//176 831//176
f 831//176 817//176 827//176
f 831//176 827//176 829//176
f 829//176 827//176 835//176
f 835//176 827//176 837//176
f 837//176 827//176 839//176
f 839//176 827//176 841//176
f 841//176 827//176 843//176
f 843//176 827//176 845//176
f 845//176 827//176 825//176
f 845//176 825//176 847//176
f 847//176 825//176 849//176
f 849//176 825//176 851//176
f 851//176 825//176 853//176
f 853//176 825//176 855//176
f 855//176 825//176 857//176
f 857//176 825//176 823//176
f 857//176 823//176 859//176
f 859//176 823//176 861//176
f 861//176 823//176 863//176
f 863//176 823//176 865//176
f 865//176 823//176 867//176
f 867//176 823//176 869//176
f 869//176 823//176 871//176
f 871//176 823//176 821//176
f 871//176 821//176 874//176
f 874//176 821//176 876//176
f 876//176 821//176 878//176
f 878//176 821//176 880//176
f 880//176 821//176 882//176
f 882//176 821//176 884//176
f 884//176 821//176 886//176
f 886//176 821//176 818//176
f 886//176 818//176 888//176
f 888//176 818//176 890//176
f 890//176 818//176 892//176
f 892//176 818//176 894//176
f 894//176 818//176 896//176
f 896//176 818//176 898//176
f 898//176 818//176 817//176
f 898//176 817//176 900//176
f 900//176 817//176 902//176
f 902//176 817//176 904//176
f 904//176 817//176 906//176
f 906//176 817//176 908//176
f 908//176 817//176 910//176
f 953//2 954//2 955//2
f 955//2 954//2 956//2
f 954//1 957//1 956//1
f 956//1 957//1 958//1
f 957//6 959//6 958//6
f 958//6 959//6 960//6
f 959//5 961//5 960//5
f 960//5 961//5 962//5
f 961//4 963//4 962//4
f 962//4 963//4 964//4
f 963//3 953//3 964//3
f 964//3 953//3 955//3
f 955//176 956//176 964//176
f 964//176 956//176 962//176
f 962//176 956//176 958//176
f 962//176 958//176 960//176
f 965//270 966//270 967//270
f 967//178 966//178 968//178
f 967//179 968//179 969//179
f 966//286 965//286 970//286
f 970//287 965//287 971//287
f 970//271 971//271 972//271
f 972//183 971//183 973//183
f 972//184 973//184 974//184
f 974//185 973//185 975//185
f 974//186 975//186 976//186
f 976//187 975//187 977//187
f 976//188 977//188 978//188
f 978//189 977//189 979//189
f 978//190 979//190 980//190
f 980//191 979//191 981//191
f 980//272 981//272 982//272
f 982//193 981//193 983//193
f 982//273 983//273 984//273
f 984//195 983//195 985//195
f 984//196 985//196 986//196
f 986//197 985//197 987//197
f 986//198 987//198 988//198
f 988//199 987//199 989//199
f 988//200 989//200 990//200
f 990//201 989//201 991//201
f 990//288 991//288 992//288
f 992//203 991//203 993//203
f 992//204 993//204 994//204
f 994//275 993//275 995//275
f 994//206 995//206 996//206
f 996//207 995//207 997//207
f 996//208 997//208 998//208
f 998//209 997//209 999//209
f 998//210 999//210 1000//210
f 1000//211 999//211 1001//211
f 1000//212 1001//212 1002//212
f 1002//213 1001//213 1003//213
f 1002//261 1003//261 1004//261
f 1004//276 1003//276 1005//276
f 1004//277 1005//277 1006//277
f 1006//278 1005//278 1007//278
f 1006//218 1007//218 1008//218
f 1008//219 1007//219 1009//219
f 1009//279 1007//279 1010//279
f 1009//221 1010//221 1011//221
f 1011//280 1010//280 1012//280
f 1011//263 1012//263 1013//263
f 1013//224 1012//224 1014//224
f 1013//225 1014//225 1015//225
f 1015//226 1014//226 1016//226
f 1015//227 1016//227 1017//227
f 1017//264 1016//264 1018//264
f 1017//229 1018//229 1019//229
f 1019//230 1018//230 1020//230
f 1019//231 1020//231 1021//231
f 1021//281 1020//281 1022//281
f 1021//233 1022//233 1023//233
f 1023//234 1022//234 1024//234
f 1023//235 1024//235 1025//235
f 1025//236 1024//236 1026//236
f 1025//237 1026//237 1027//237
f 1027//238 1026//238 1028//238
f 1027//239 1028//239 1029//239
f 1029//240 1028//240 1030//240
f 1029//241 1030//241 1031//241
f 1031//242 1030//242 1032//242
f 1031//289 1032//289 1033//289
f 1033//244 1032//244 1034//244
f 1033//283 1034//283 1035//283
f 1035//269 1034//269 1036//269
f 1035//247 1036//247 1037//247
f 1037//248 1036//248 1038//248
f 1037//249 1038//249 1039//249
f 1039//250 1038//250 1040//250
f 1039//251 1040//251 1041//251
f 1041//252 1040//252 1042//252
f 1041//253 1042//253 1043//253
f 1043//254 1042//254 1044//254
f 1043//284 1044//284 1045//284
f 1045//256 1044//256 1046//256
f 1045//257 1046//257 969//257
f 969//285 1046//285 967//285
f 1047//115 969//115 1048//115
f 1048//115 969//115 968//115
f 1048//114 968//114 1049//114
f 1049//114 968//114 966//114
f 1049//113 966//113 1050//113
f 1050//113 966//113 970//113
f 1050//112 970//112 1051//112
f 1051//112 970//112 972//112
f 1051//111 972//111 1052//111
f 1052//111 972//111 974//111
f 1052//110 974//110 1053//110
f 1053//110 974//110 976//110
f 1053//109 976//109 1054//109
f 1054//108 976//108 978//108
f 1054//107 978//107 1055//107
f 1055//107 978//107 980//107
f 1055//106 980//106 1056//106
f 1056//106 980//106 982//106
f 1056//105 982//105 1057//105
f 1057//171 982//171 984//171
f 1057//104 984//104 1058//104
f 1058//104 984//104 986//104
f 1058//103 986//103 1059//103
f 1059//103 986//103 988//103
f 1059//102 988//102 1060//102
f 1060//102 988//102 990//102
f 1060//101 990//101 1061//101
f 1061//101 990//101 992//101
f 1061//99 992//99 1062//99
f 1062//99 992//99 994//99
f 1062//98 994//98 1063//98
f 1063//98 994//98 996//98
f 1063//97 996//97 1064//97
f 1064//96 996//96 998//96
f 1064//95 998//95 1065//95
f 1065//95 998//95 1000//95
f 1065//94 1000//94 1066//94
f 1066//94 1000//94 1002//94
f 1066//93 1002//93 1067//93
f 1067//93 1002//93 1004//93
f 1067//92 1004//92 1068//92
f 1068//92 1004//92 1006//92
f 1068//91 1006//91 1069//91
f 1069//91 1006//91 1008//91
f 1069//90 1008//90 1070//90
f 1070//90 1008//90 1009//90
f 1070//136 1009//136 1071//136
f 1071//136 1009//136 1011//136
f 1071//135 1011//135 1072//135
f 1072//135 1011//135 1013//135
f 1072//134 1013//134 1073//134
f 1073//134 1013//134 1015//134
f 1073//133 1015//133 1074//133
f 1074//133 1015//133 1017//133
f 1074//132 1017//132 1075//132
f 1075//131 1017//131 1019//131
f 1075//130 1019//130 1076//130
f 1076//130 1019//130 1021//130
f 1076//129 1021//129 1077//129
f 1077//129 1021//129 1023//129
f 1077//128 1023//128 1078//128
f 1078//128 1023//128 1025//128
f 1078//127 1025//127 1079//127
f 1079//127 1025//127 1027//127
f 1079//126 1027//126 1080//126
f 1080//126 1027//126 1029//126
f 1080//125 1029//125 1081//125
f 1081//125 1029//125 1031//125
f 1081//124 1031//124 1082//124
f 1082//124 1031//124 1033//124
f 1082//123 1033//123 1083//123
f 1083//123 1033//123 1035//123
f 1083//122 1035//122 1084//122
f 1084//122 1035//122 1037//122
f 1084//121 1037//121 1085//121
f 1085//120 1037//120 1039//120
f 1085//119 1039//119 1086//119
f 1086//119 1039//119 1041//119
f 1086//118 1041//118 1087//118
f 1087//118 1041//118 1043//118
f 1087//117 1043//117 1088//117
f 1088//117 1043//117 1045//117
f 1088//116 1045//116 1047//116
f 1047//116 1045//116 969//116
f 1046//176 953//176 967//176
f 967//176 953//176 963//176
f 967//176 963//176 965//176
f 965//176 963//176 971//176
f 971//176 963//176 973//176
f 973//176 963//176 975//176
f 975//176 963//176 977//176
f 977//176 963//176 979//176
f 979//176 963//176 981//176
f 981//176 963//176 961//176
f 981//176 961//176 983//176
f 983//176 961//176 985//176
f 985//176 961//176 987//176
f 987//176 961//176 989//176
f 989//176 961//176 991//176
f 991//176 961//176 993//176
f 993//176 961//176 959//176
f 993//176 959//176 995//176
f 995//176 959//176 997//176
f 997//176 959//176 999//176
f 999//176 959//176 1001//176
f 1001//176 959//176 1003//176
f 1003//176 959//176 1005//176
f 1005//176 959//176 1007//176
f 1007//176 959//176 957//176
f 1007//176 957//176 1010//176
f 1010//176 957//176 1012//176
f 1012//176 957//176 1014//176
f 1014//176 957//176 1016//176
f 1016//176 957//176 1018//176
f 1018//176 957//176 1020//176
f 1020//176 957//176 1022//176
f 1022//176 957//176 954//176
f 1022//176 954//176 1024//176
f 1024//176 954//176 1026//176
f 1026//176 954//176 1028//176
f 1028//176 954//176 1030//176
f 1030//176 954//176 1032//176
f 1032//176 954//176 1034//176
f 1034//176 954//176 953//176
f 1034//176 953//176 1036//176
f 1036//176 953//176 1038//176
f 1038//176 953//176 1040//176
f 1040//176 953//176 1042//176
f 1042//176 953//176 1044//176
f 1044//176 953//176 1046//176
f 1089//7 1090//7 1091//7
f 1091//7 1090//7 1092//7
f 1091//7 1092//7 1093//7
f 1093//7 1092//7 1094//7
f 1093//7 1094//7 1095//7
f 1095//7 1094//7 1089//7
f 1089//7 1094//7 1096//7
f 1089//7 1096//7 1090//7
f 1097//7 1098//7 1095//7
f 1095//7 1098//7 1099//7
f 1095//7 1099//7 1093//7
f 1093//7 1099//7 1100//7
f 1101//290 1102//290 1103//290
f 1103//290 1102//290 1104//290
f 1103//291 1104//291 1105//291
f 1105//291 1104//291 1106//291
f 1105//292 1106//292 1107//292
f 1107//292 1106//292 1108//292
f 1107//293 1108//293 1109//293
f 1109//294 1108//294 1110//294
f 1109//295 1110//295 1111//295
f 1111//295 1110//295 1112//295
f 1111//296 1112//296 1113//296
f 1113//296 1112//296 1114//296
f 1113//297 1114//297 1115//297
f 1115//297 1114//297 1116//297
f 1115//298 1116//298 1117//298
f 1117//298 1116//298 1118//298
f 1117//299 1118//299 1119//299
f 1119//299 1118//299 1120//299
f 1119//300 1120//300 1121//300
f 1121//300 1120//300 1122//300
f 1121//301 1122//301 1123//301
f 1123//301 1122//301 1124//301
f 1123//302 1124//302 1125//302
f 1125//302 1124//302 1126//302
f 1125//303 1126//303 1127//303
f 1127//303 1126//303 1128//303
f 1127//304 1128//304 1129//304
f 1129//304 1128//304 1130//304
f 1129//305 1130//305 1131//305
f 1131//305 1130//305 1132//305
f 1131//306 1132//306 1133//306
f 1133//306 1132//306 1134//306
f 1133//307 1134//307 1135//307
f 1135//307 1134//307 1136//307
f 1135//308 1136//308 1137//308
f 1137//308 1136//308 1138//308
f 1137//309 1138//309 1139//309
f 1139//309 1138//309 1140//309
f 1139//310 1140//310 1141//310
f 1141//310 1140//310 1142//310
f 1141//311 1142//311 1143//311
f 1143//311 1142//311 1144//311
f 1143//312 1144//312 1145//312
f 1145//312 1144//312 1146//312
f 1145//313 1146//313 1147//313
f 1147//313 1146//313 1148//313
f 1147//314 1148//314 1149//314
f 1149//314 1148//314 1150//314
f 1149//315 1150//315 1151//315
f 1151//315 1150//315 1152//315
f 1151//316 1152//316 1153//316
f 1153//316 1152//316 1154//316
f 1153//317 1154//317 1155//317
f 1155//317 1154//317 1156//317
f 1155//318 1156//318 1157//318
f 1157//318 1156//318 1158//318
f 1157//319 1158//319 1159//319
f 1159//319 1158//319 1160//319
f 1159//320 1160//320 1161//320
f 1161//320 1160//320 1162//320
f 1161//321 1162//321 1163//321
f 1163//321 1162//321 1164//321
f 1163//322 1164//322 1165//322
f 1165//322 1164//322 1166//322
f 1165//323 1166//323 1167//323
f 1167//323 1166//323 1168//323
f 1167//324 1168//324 1169//324
f 1169//324 1168//324 1170//324
f 1169//325 1170//325 1171//325
f 1171//325 1170//325 1172//325
f 1171//326 1172//326 1173//326
f 1173//326 1172//326 1174//326
f 1173//327 1174//327 1175//327
f 1175//327 1174//327 1176//327
f 1175//328 1176//328 1177//328
f 1177//328 1176//328 1178//328
f 1177//329 1178//329 1179//329
f 1179//329 1178//329 1180//329
f 1179//330 1180//330 1181//330
f 1181//330 1180//330 1182//330
f 1181//331 1182//331 1183//331
f 1183//331 1182//331 1184//331
f 1183//332 1184//332 1185//332
f 1185//332 1184//332 1186//332
f 1185//333 1186//333 1187//333
f 1187//334 1186//334 1188//334
f 1187//335 1188//335 1101//335
f 1101//335 1188//335 1102//335
f 1105//176 943//176 1103//176
f 1103//176 943//176 944//176
f 1103//176 944//176 1101//176
f 1101//176 944//176 945//176
f 1101//176 945//176 1187//176
f 1187//176 945//176 946//176
f 1187//176 946//176 1185//176
f 1185//176 946//176 947//176
f 1185//176 947//176 1183//176
f 1183//176 947//176 948//176
f 1183//176 948//176 1181//176
f 1181//176 948//176 949//176
f 1181//176 949//176 1179//176
f 1179//176 949//176 950//176
f 1179//176 950//176 1177//176
f 1177//176 950//176 951//176
f 1177//176 951//176 1175//176
f 1175//176 951//176 952//176
f 1175//176 952//176 1173//176
f 1173//176 952//176 911//176
f 1173//176 911//176 1171//176
f 1171//176 911//176 912//176
f 1171//176 912//176 1169//176
f 1169//176 912//176 1167//176
f 1167//176 912//176 913//176
f 1167//176 913//176 1165//176
f 1165//176 913//176 914//176
f 1165//176 914//176 1163//176
f 1163//176 914//176 915//176
f 1163//176 915//176 1161//176
f 1161//176 915//176 916//176
f 1161//176 916//176 1159//176
f 1159//176 916//176 917//176
f 1159//176 917//176 1157//176
f 1157//176 917//176 918//176
f 1157//176 918//176 1155//176
f 1155//176 918//176 919//176
f 1155//176 919//176 1153//176
f 1153//176 919//176 920//176
f 1153//176 920//176 1151//176
f 1151//176 920//176 921//176
f 1151//176 921//176 1149//176
f 1149//176 921//176 922//176
f 1149//176 922//176 1147//176
f 1147//176 922//176 923//176
f 1147//176 923//176 1145//176
f 1145//176 923//176 924//176
f 1145//176 924//176 1143//176
f 1143//176 924//176 925//176
f 1143//176 925//176 1141//176
f 1141//176 925//176 926//176
f 1141//176 926//176 1139//176
f 1139//176 926//176 927//176
f 1139//176 927//176 1137//176
f 1137//176 927//176 928//176
f 1137//176 928//176 1135//176
f 1135//176 928//176 929//176
f 1135//176 929//176 1133//176
f 1133//176 929//176 930//176
f 1133//176 930//176 1131//176
f 1131//176 930//176 931//176
f 1131//176 931//176 1129//176
f 1129//176 931//176 932//176
f 1129//176 932//176 1127//176
f 1127//176 932//176 933//176
f 1127//176 933//176 1125//176
f 1125//176 933//176 1123//176
f 1123//176 933//176 934//176
f 1123//176 934//176 1121//176
f 1121//176 934//176 935//176
f 1121//176 935//176 1119//176
f 1119//176 935//176 936//176
f 1119//176 936//176 1117//176
f 1117//176 936//176 937//176
f 1117//176 937//176 1115//176
f 1115//176 937//176 938//176
f 1115//176 938//176 1113//176
f 1113//176 938//176 939//176
f 1113//176 939//176 1111//176
f 1111//176 939//176 940//176
f 1111//176 940//176 1109//176
f 1109//176 940//176 941//176
f 1109//176 941//176 1107//176
f 1107//176 941//176 942//176
f 1107//176 942//176 1105//176
f 1105//176 942//176 943//176
f 1189//290 1190//290 1191//290
f 1191//290 1190//290 1192//290
f 1191//291 1192//291 1193//291
f 1193//291 1192//291 1194//291
f 1193//292 1194//292 1195//292
f 1195//292 1194//292 1196//292
f 1195//294 1196//294 1197//294
f 1197//294 1196//294 1198//294
f 1197//295 1198//295 1199//295
f 1199//295 1198//295 1200//295
f 1199//296 1200//296 1201//296
f 1201//296 1200//296 1202//296
f 1201//297 1202//297 1203//297
f 1203//297 1202//297 1204//297
f 1203//298 1204//298 1205//298
f 1205//298 1204//298 1206//298
f 1205//336 1206//336 1207//336
f 1207//299 1206//299 1208//299
f 1207//337 1208//337 1209//337
f 1209//337 1208//337 1210//337
f 1209//301 1210//301 1211//301
f 1211//301 1210//301 1212//301
f 1211//302 1212//302 1213//302
f 1213//302 1212//302 1214//302
f 1213//303 1214//303 1215//303
f 1215//303 1214//303 1216//303
f 1215//304 1216//304 1217//304
f 1217//304 1216//304 1218//304
f 1217//338 1218//338 1219//338
f 1219//338 1218//338 1220//338
f 1219//339 1220//339 1221//339
f 1221//306 1220//306 1222//306
f 1221//307 1222//307 1223//307
f 1223//307 1222//307 1224//307
f 1223//308 1224//308 1225//308
f 1225//308 1224//308 1226//308
f 1225//309 1226//309 1227//309
f 1227//309 1226//309 1228//309
f 1227//340 1228//340 1229//340
f 1229//340 1228//340 1230//340
f 1229//341 1230//341 1231//341
f 1231//341 1230//341 1232//341
f 1231//312 1232//312 1233//312
f 1233//312 1232//312 1234//312
f 1233//313 1234//313 1235//313
f 1235//313 1234//313 1236//313
f 1235//314 1236//314 1237//314
f 1237//314 1236//314 1238//314
f 1237//315 1238//315 1239//315
f 1239//315 1238//315 1240//315
f 1239//342 1240//342 1241//342
f 1241//342 1240//342 1242//342
f 1241//343 1242//343 1243//343
f 1243//343 1242//343 1244//343
f 1243//318 1244//318 1245//318
f 1245//318 1244//318 1246//318
f 1245//319 1246//319 1247//319
f 1247//319 1246//319 1248//319
f 1247//320 1248//320 1249//320
f 1249//320 1248//320 1250//320
f 1249//321 1250//321 1251//321
f 1251//321 1250//321 1252//321
f 1251//322 1252//322 1253//322
f 1253//322 1252//322 1254//322
f 1253//323 1254//323 1255//323
f 1255//323 1254//323 1256//323
f 1255//324 1256//324 1257//324
f 1257//324 1256//324 1258//324
f 1257//325 1258//325 1259//325
f 1259//325 1258//325 1260//325
f 1259//326 1260//326 1261//326
f 1261//326 1260//326 1262//326
f 1261//327 1262//327 1263//327
f 1263//327 1262//327 1264//327
f 1263//328 1264//328 1265//328
f 1265//328 1264//328 1266//328
f 1265//329 1266//329 1267//329
f 1267//329 1266//329 1268//329
f 1267//330 1268//330 1269//330
f 1269//330 1268//330 1270//330
f 1269//331 1270//331 1271//331
f 1271//331 1270//331 1272//331
f 1271//344 1272//344 1273//344
f 1273//344 1272//344 1274//344
f 1273//333 1274//333 1275//333
f 1275//333 1274//333 1276//333
f 1275//335 1276//335 1189//335
f 1189//335 1276//335 1190//335
f 1193//176 671//176 1191//176
f 1191//176 671//176 672//176
f 1191//176 672//176 1189//176
f 1189//176 672//176 673//176
f 1189//176 673//176 1275//176
f 1275//176 673//176 674//176
f 1275//176 674//176 1273//176
f 1273//176 674//176 675//176
f 1273//176 675//176 1271//176
f 1271//176 675//176 676//176
f 1271//176 676//176 1269//176
f 1269//176 676//176 677//176
f 1269//176 677//176 1267//176
f 1267//176 677//176 678//176
f 1267//176 678//176 1265//176
f 1265//176 678//176 679//176
f 1265//176 679//176 1263//176
f 1263//176 679//176 680//176
f 1263//176 680//176 1261//176
f 1261//176 680//176 639//176
f 1261//176 639//176 1259//176
f 1259//176 639//176 640//176
f 1259//176 640//176 1257//176
f 1257//176 640//176 1255//176
f 1255//176 640//176 641//176
f 1255//176 641//176 1253//176
f 1253//176 641//176 642//176
f 1253//176 642//176 1251//176
f 1251//176 642//176 643//176
f 1251//176 643//176 1249//176
f 1249//176 643//176 644//176
f 1249//176 644//176 1247//176
f 1247//176 644//176 645//176
f 1247//176 645//176 1245//176
f 1245//176 645//176 646//176
f 1245//176 646//176 1243//176
f 1243//176 646//176 647//176
f 1243//176 647//176 1241//176
f 1241//176 647//176 648//176
f 1241//176 648//176 1239//176
f 1239//176 648//176 649//176
f 1239//176 649//176 1237//176
f 1237//176 649//176 650//176
f 1237//176 650//176 1235//176
f 1235//176 650//176 651//176
f 1235//176 651//176 1233//176
f 1233//176 651//176 652//176
f 1233//176 652//176 1231//176
f 1231//176 652//176 653//176
f 1231//176 653//176 1229//176
f 1229//176 653//176 654//176
f 1229//176 654//176 1227//176
f 1227//176 654//176 655//176
f 1227//176 655//176 1225//176
f 1225//176 655//176 656//176
f 1225//176 656//176 1223//176
f 1223//176 656//176 657//176
f 1223//176 657//176 1221//176
f 1221//176 657//176 658//176
f 1221//176 658//176 1219//176
f 1219//176 658//176 659//176
f 1219//176 659//176 1217//176
f 1217//176 659//176 660//176
f 1217//176 660//176 1215//176
f 1215//176 660//176 661//176
f 1215//176 661//176 1213//176
f 1213//176 661//176 1211//176
f 1211//176 661//176 662//176
f 1211//176 662//176 1209//176
f 1209//176 662//176 663//176
f 1209//176 663//176 1207//176
f 1207//176 663//176 664//176
f 1207//176 664//176 1205//176
f 1205//176 664//176 665//176
f 1205//176 665//176 1203//176
f 1203//176 665//176 666//176
f 1203//176 666//176 1201//176
f 1201//176 666//176 667//176
f 1201//176 667//176 1199//176
f 1199//176 667//176 668//176
f 1199//176 668//176 1197//176
f 1197//176 668//176 669//176
f 1197//176 669//176 1195//176
f 1195//176 669//176 670//176
f 1195//176 670//176 1193//176
f 1193//176 670//176 671//176
f 1277//290 1278//290 1279//290
f 1279//290 1278//290 1280//290
f 1279//291 1280//291 1281//291
f 1281//291 1280//291 1282//291
f 1281//292 1282//292 1283//292
f 1283//292 1282//292 1284//292
f 1283//294 1284//294 1285//294
f 1285//294 1284//294 1286//294
f 1285//295 1286//295 1287//295
f 1287//295 1286//295 1288//295
f 1287//296 1288//296 1289//296
f 1289//296 1288//296 1290//296
f 1289//297 1290//297 1291//297
f 1291//297 1290//297 1292//297
f 1291//298 1292//298 1293//298
f 1293//298 1292//298 1294//298
f 1293//299 1294//299 1295//299
f 1295//299 1294//299 1296//299
f 1295//300 1296//300 1297//300
f 1297//300 1296//300 1298//300
f 1297//301 1298//301 1299//301
f 1299//301 1298//301 1300//301
f 1299//302 1300//302 1301//302
f 1301//302 1300//302 1302//302
f 1301//303 1302//303 1303//303
f 1303//303 1302//303 1304//303
f 1303//304 1304//304 1305//304
f 1305//304 1304//304 1306//304
f 1305//305 1306//305 1307//305
f 1307//305 1306//305 1308//305
f 1307//306 1308//306 1309//306
f 1309//306 1308//306 1310//306
f 1309//307 1310//307 1311//307
f 1311//307 1310//307 1312//307
f 1311//308 1312//308 1313//308
f 1313//308 1312//308 1314//308
f 1313//309 1314//309 1315//309
f 1315//309 1314//309 1316//309
f 1315//340 1316//340 1317//340
f 1317//340 1316//340 1318//340
f 1317//341 1318//341 1319//341
f 1319//341 1318//341 1320//341
f 1319//312 1320//312 1321//312
f 1321//312 1320//312 1322//312
f 1321//313 1322//313 1323//313
f 1323//313 1322//313 1324//313
f 1323//314 1324//314 1325//314
f 1325//314 1324//314 1326//314
f 1325//315 1326//315 1327//315
f 1327//315 1326//315 1328//315
f 1327//342 1328//342 1329//342
f 1329//342 1328//342 1330//342
f 1329//343 1330//343 1331//343
f 1331//343 1330//343 1332//343
f 1331//318 1332//318 1333//318
f 1333//318 1332//318 1334//318
f 1333//319 1334//319 1335//319
f 1335//319 1334//319 1336//319
f 1335//320 1336//320 1337//320
f 1337//320 1336//320 1338//320
f 1337//345 1338//345 1339//345
f 1339//321 1338//321 1340//321
f 1339//322 1340//322 1341//322
f 1341//322 1340//322 1342//322
f 1341//323 1342//323 1343//323
f 1343//323 1342//323 1344//323
f 1343//324 1344//324 1345//324
f 1345//324 1344//324 1346//324
f 1345//325 1346//325 1347//325
f 1347//325 1346//325 1348//325
f 1347//326 1348//326 1349//326
f 1349//326 1348//326 1350//326
f 1349//327 1350//327 1351//327
f 1351//327 1350//327 1352//327
f 1351//346 1352//346 1353//346
f 1353//328 1352//328 1354//328
f 1353//329 1354//329 1355//329
f 1355//329 1354//329 1356//329
f 1355//330 1356//330 1357//330
f 1357//330 1356//330 1358//330
f 1357//331 1358//331 1359//331
f 1359//331 1358//331 1360//331
f 1359//332 1360//332 1361//332
f 1361//332 1360//332 1362//332
f 1361//333 1362//333 1363//333
f 1363//333 1362//333 1364//333
f 1363//335 1364//335 1277//335
f 1277//335 1364//335 1278//335
f 1281//176 1079//176 1279//176
f 1279//176 1079//176 1080//176
f 1279//176 1080//176 1277//176
f 1277//176 1080//176 1081//176
f 1277//176 1081//176 1363//176
f 1363//176 1081//176 1082//176
f 1363//176 1082//176 1361//176
f 1361//176 1082//176 1083//176
f 1361//176 1083//176 1359//176
f 1359//176 1083//176 1084//176
f 1359//176 1084//176 1357//176
f 1357//176 1084//176 1085//176
f 1357//176 1085//176 1355//176
f 1355//176 1085//176 1086//176
f 1355//176 1086//176 1353//176
f 1353//176 1086//176 1087//176
f 1353//176 1087//176 1351//176
f 1351//176 1087//176 1088//176
f 1351//176 1088//176 1349//176
f 1349//176 1088//176 1047//176
f 1349//176 1047//176 1347//176
f 1347//176 1047//176 1048//176
f 1347//176 1048//176 1345//176
f 1345//176 1048//176 1343//176
f 1343//176 1048//176 1049//176
f 1343//176 1049//176 1341//176
f 1341//176 1049//176 1050//176
f 1341//176 1050//176 1339//176
f 1339//176 1050//176 1051//176
f 1339//176 1051//176 1337//176
f 1337//176 1051//176 1052//176
f 1337//176 1052//176 1335//176
f 1335//176 1052//176 1053//176
f 1335//176 1053//176 1333//176
f 1333//176 1053//176 1054//176
f 1333//176 1054//176 1331//176
f 1331//176 1054//176 1055//176
f 1331//176 1055//176 1329//176
f 1329//176 1055//176 1056//176
f 1329//176 1056//176 1327//176
f 1327//176 1056//176 1057//176
f 1327//176 1057//176 1325//176
f 1325//176 1057//176 1058//176
f 1325//176 1058//176 1323//176
f 1323//176 1058//176 1059//176
f 1323//176 1059//176 1321//176
f 1321//176 1059//176 1060//176
f 1321//176 1060//176 1319//176
f 1319//176 1060//176 1061//176
f 1319//176 1061//176 1317//176
f 1317//176 1061//176 1062//176
f 1317//176 1062//176 1315//176
f 1315//176 1062//176 1063//176
f 1315//176 1063//176 1313//176
f 1313//176 1063//176 1064//176
f 1313//176 1064//176 1311//176
f 1311//176 1064//176 1065//176
f 1311//176 1065//176 1309//176
f 1309//176 1065//176 1066//176
f 1309//176 1066//176 1307//176
f 1307//176 1066//176 1067//176
f 1307//176 1067//176 1305//176
f 1305//176 1067//176 1068//176
f 1305//176 1068//176 1303//176
f 1303//176 1068//176 1069//176
f 1303//176 1069//176 1301//176
f 1301//176 1069//176 1299//176
f 1299//176 1069//176 1070//176
f 1299//176 1070//176 1297//176
f 1297//176 1070//176 1071//176
f 1297//176 1071//176 1295//176
f 1295//176 1071//176 1072//176
f 1295//176 1072//176 1293//176
f 1293//176 1072//176 1073//176
f 1293//176 1073//176 1291//176
f 1291//176 1073//176 1074//176
f 1291//176 1074//176 1289//176
f 1289//176 1074//176 1075//176
f 1289//176 1075//176 1287//176
f 1287//176 1075//176 1076//176
f 1287//176 1076//176 1285//176
f 1285//176 1076//176 1077//176
f 1285//176 1077//176 1283//176
f 1283//176 1077//176 1078//176
f 1283//176 1078//176 1281//176
f 1281//176 1078//176 1079//176
f 1365//290 1366//290 1367//290
f 1367//290 1366//290 1368//290
f 1367//291 1368//291 1369//291
f 1369//291 1368//291 1370//291
f 1369//292 1370//292 1371//292
f 1371//292 1370//292 1372//292
f 1371//293 1372//293 1373//293
f 1373//294 1372//294 1374//294
f 1373//295 1374//295 1375//295
f 1375//295 1374//295 1376//295
f 1375//296 1376//296 1377//296
f 1377//296 1376//296 1378//296
f 1377//297 1378//297 1379//297
f 1379//297 1378//297 1380//297
f 1379//298 1380//298 1381//298
f 1381//298 1380//298 1382//298
f 1381//336 1382//336 1383//336
f 1383//336 1382//336 1384//336
f 1383//337 1384//337 1385//337
f 1385//337 1384//337 1386//337
f 1385//301 1386//301 1387//301
f 1387//301 1386//301 1388//301
f 1387//302 1388//302 1389//302
f 1389//302 1388//302 1390//302
f 1389//303 1390//303 1391//303
f 1391//303 1390//303 1392//303
f 1391//304 1392//304 1393//304
f 1393//304 1392//304 1394//304
f 1393//338 1394//338 1395//338
f 1395//338 1394//338 1396//338
f 1395//339 1396//339 1397//339
f 1397//339 1396//339 1398//339
f 1397//307 1398//307 1399//307
f 1399//307 1398//307 1400//307
f 1399//308 1400//308 1401//308
f 1401//308 1400//308 1402//308
f 1401//309 1402//309 1403//309
f 1403//309 1402//309 1404//309
f 1403//310 1404//310 1405//310
f 1405//310 1404//310 1406//310
f 1405//311 1406//311 1407//311
f 1407//311 1406//311 1408//311
f 1407//312 1408//312 1409//312
f 1409//312 1408//312 1410//312
f 1409//313 1410//313 1411//313
f 1411//313 1410//313 1412//313
f 1411//314 1412//314 1413//314
f 1413//314 1412//314 1414//314
f 1413//315 1414//315 1415//315
f 1415//315 1414//315 1416//315
f 1415//316 1416//316 1417//316
f 1417//316 1416//316 1418//316
f 1417//343 1418//343 1419//343
f 1419//343 1418//343 1420//343
f 1419//318 1420//318 1421//318
f 1421//318 1420//318 1422//318
f 1421//319 1422//319 1423//319
f 1423//319 1422//319 1424//319
f 1423//320 1424//320 1425//320
f 1425//320 1424//320 1426//320
f 1425//321 1426//321 1427//321
f 1427//321 1426//321 1428//321
f 1427//322 1428//322 1429//322
f 1429//322 1428//322 1430//322
f 1429//323 1430//323 1431//323
f 1431//323 1430//323 1432//323
f 1431//324 1432//324 1433//324
f 1433//324 1432//324 1434//324
f 1433//325 1434//325 1435//325
f 1435//325 1434//325 1436//325
f 1435//326 1436//326 1437//326
f 1437//326 1436//326 1438//326
f 1437//327 1438//327 1439//327
f 1439//327 1438//327 1440//327
f 1439//328 1440//328 1441//328
f 1441//328 1440//328 1442//328
f 1441//329 1442//329 1443//329
f 1443//329 1442//329 1444//329
f 1443//330 1444//330 1445//330
f 1445//330 1444//330 1446//330
f 1445//331 1446//331 1447//331
f 1447//331 1446//331 1448//331
f 1447//344 1448//344 1449//344
f 1449//344 1448//344 1450//344
f 1449//333 1450//333 1451//333
f 1451//334 1450//334 1452//334
f 1451//335 1452//335 1365//335
f 1365//335 1452//335 1366//335
f 1369//176 807//176 1367//176
f 1367//176 807//176 808//176
f 1367//176 808//176 1365//176
f 1365//176 808//176 809//176
f 1365//176 809//176 1451//176
f 1451//176 809//176 810//176
f 1451//176 810//176 1449//176
f 1449//176 810//176 811//176
f 1449//176 811//176 1447//176
f 1447//176 811//176 812//176
f 1447//176 812//176 1445//176
f 1445//176 812//176 813//176
f 1445//176 813//176 1443//176
f 1443//176 813//176 814//176
f 1443//176 814//176 1441//176
f 1441//176 814//176 815//176
f 1441//176 815//176 1439//176
f 1439//176 815//176 816//176
f 1439//176 816//176 1437//176
f 1437//176 816//176 775//176
f 1437//176 775//176 1435//176
f 1435//176 775//176 776//176
f 1435//176 776//176 1433//176
f 1433//176 776//176 1431//176
f 1431//176 776//176 777//176
f 1431//176 777//176 1429//176
f 1429//176 777//176 778//176
f 1429//176 778//176 1427//176
f 1427//176 778//176 779//176
f 1427//176 779//176 1425//176
f 1425//176 779//176 780//176
f 1425//176 780//176 1423//176
f 1423//176 780//176 781//176
f 1423//176 781//176 1421//176
f 1421//176 781//176 782//176
f 1421//176 782//176 1419//176
f 1419//176 782//176 783//176
f 1419//176 783//176 1417//176
f 1417//176 783//176 784//176
f 1417//176 784//176 1415//176
f 1415//176 784//176 785//176
f 1415//176 785//176 1413//176
f 1413//176 785//176 786//176
f 1413//176 786//176 1411//176
f 1411//176 786//176 787//176
f 1411//176 787//176 1409//176
f 1409//176 787//176 788//176
f 1409//176 788//176 1407//176
f 1407//176 788//176 789//176
f 1407//176 789//176 1405//176
f 1405//176 789//176 790//176
f 1405//176 790//176 1403//176
f 1403//176 790//176 791//176
f 1403//176 791//176 1401//176
f 1401//176 791//176 792//176
f 1401//176 792//176 1399//176
f 1399//176 792//176 793//176
f 1399//176 793//176 1397//176
f 1397//176 793//176 794//176
f 1397//176 794//176 1395//176
f 1395//176 794//176 795//176
f 1395//176 795//176 1393//176
f 1393//176 795//176 796//176
f 1393//176 796//176 1391//176
f 1391//176 796//176 797//176
f 1391//176 797//176 1389//176
f 1389//176 797//176 1387//176
f 1387//176 797//176 798//176
f 1387//176 798//176 1385//176
f 1385//176 798//176 799//176
f 1385//176 799//176 1383//176
f 1383//176 799//176 800//176
f 1383//176 800//176 1381//176
f 1381//176 800//176 801//176
f 1381//176 801//176 1379//176
f 1379//176 801//176 802//176
f 1379//176 802//176 1377//176
f 1377//176 802//176 803//176
f 1377//176 803//176 1375//176
f 1375//176 803//176 804//176
f 1375//176 804//176 1373//176
f 1373//176 804//176 805//176
f 1373//176 805//176 1371//176
f 1371//176 805//176 806//176
f 1371//176 806//176 1369//176
f 1369//176 806//176 807//176
f 1453//347 1454//347 1455//347
f 1455//348 1454//348 1456//348
f 1455//349 1456//349 1457//349
f 1457//350 1456//350 1458//350
f 1457//351 1458//351 1459//351
f 1457//352 1459//352 1460//352
f 1460//353 1459//353 1461//353
f 1460//354 1461//354 1462//354
f 1462//355 1461//355 1463//355
f 1462//356 1463//356 1464//356
f 1462//357 1464//357 1465//357
f 1465//358 1464//358 1466//358
f 1465//359 1466//359 1467//359
f 1465//360 1467//360 1468//360
f 1468//361 1467//361 1469//361
f 1468//362 1469//362 1470//362
f 1468//363 1470//363 1471//363
f 1471//364 1470//364 1472//364
f 1471//365 1472//365 1473//365
f 1471//366 1473//366 1474//366
f 1474//367 1473//367 1475//367
f 1474//368 1475//368 1476//368
f 1476//369 1475//369 1477//369
f 1476//370 1477//370 1478//370
f 1476//371 1478//371 1479//371
f 1479//372 1478//372 1480//372
f 1479//373 1480//373 1481//373
f 1479//374 1481//374 1482//374
f 1482//375 1481//375 1483//375
f 1482//376 1483//376 1484//376
f 1482//377 1484//377 1485//377
f 1485//378 1484//378 1486//378
f 1485//379 1486//379 1487//379
f 1487//380 1486//380 1488//380
f 1487//381 1488//381 1489//381
f 1487//382 1489//382 1490//382
f 1490//383 1489//383 1491//383
f 1490//384 1491//384 1492//384
f 1490//385 1492//385 1493//385
f 1493//386 1492//386 1494//386
f 1493//387 1494//387 1495//387
f 1493//388 1495//388 1496//388
f 1496//389 1495//389 1497//389
f 1496//390 1497//390 1498//390
f 1496//391 1498//391 1499//391
f 1499//392 1498//392 1500//392
f 1499//393 1500//393 1501//393
f 1501//394 1500//394 1502//394
f 1501//395 1502//395 1503//395
f 1501//396 1503//396 1504//396
f 1504//397 1503//397 1505//397
f 1504//398 1505//398 1506//398
f 1504//399 1506//399 1507//399
f 1507//400 1506//400 1508//400
f 1507//401 1508//401 1509//401
f 1507//402 1509//402 1510//402
f 1510//403 1509//403 1511//403
f 1510//404 1511//404 1512//404
f 1512//405 1511//405 1513//405
f 1512//406 1513//406 1514//406
f 1512//407 1514//407 1515//407
f 1515//408 1514//408 1516//408
f 1515//409 1516//409 1517//409
f 1515//410 1517//410 1518//410
f 1518//411 1517//411 1519//411
f 1518//412 1519//412 1520//412
f 1518//413 1520//413 1521//413
f 1521//414 1520//414 1522//414
f 1521//415 1522//415 1523//415
f 1521//416 1523//416 1524//416
f 1524//417 1523//417 1525//417
f 1524//418 1525//418 1526//418
f 1526//419 1525//419 1527//419
f 1526//420 1527//420 1528//420
f 1526//421 1528//421 1529//421
f 1529//422 1528//422 1530//422
f 1529//423 1530//423 1531//423
f 1529//424 1531//424 1532//424
f 1532//425 1531//425 1533//425
f 1532//426 1533//426 1534//426
f 1532//427 1534//427 1535//427
f 1535//428 1534//428 1536//428
f 1535//429 1536//429 1537//429
f 1537//430 1536//430 1538//430
f 1537//431 1538//431 1539//431
f 1537//432 1539//432 1540//432
f 1540//433 1539//433 1541//433
f 1540//434 1541//434 1542//434
f 1540//435 1542//435 1543//435
f 1543//436 1542//436 1544//436
f 1543//437 1544//437 1545//437
f 1543//438 1545//438 1546//438
f 1546//439 1545//439 1547//439
f 1546//440 1547//440 1548//440
f 1546//441 1548//441 1549//441
f 1549//442 1548//442 1550//442
f 1549//443 1550//443 1551//443
f 1551//444 1550//444 1552//444
f 1551//445 1552//445 1453//445
f 1551//446 1453//446 1455//446
f 1553//447 1476//447 1554//447
f 1554//447 1476//447 1479//447
f 1554//448 1479//448 1555//448
f 1555//448 1479//448 1482//448
f 1555//449 1482//449 1556//449
f 1556//449 1482//449 1485//449
f 1556//450 1485//450 1557//450
f 1557//451 1485//451 1487//451
f 1557//452 1487//452 1490//452
f 1476//453 1553//453 1474//453
f 1474//453 1553//453 1558//453
f 1474//454 1558//454 1471//454
f 1471//455 1558//455 1559//455
f 1471//456 1559//456 1468//456
f 1468//457 1559//457 1560//457
f 1468//458 1560//458 1465//458
f 1465//459 1560//459 1561//459
f 1465//460 1561//460 1462//460
f 1462//460 1561//460 1562//460
f 1462//461 1562//461 1460//461
f 1460//461 1562//461 1563//461
f 1460//462 1563//462 1457//462
f 1457//462 1563//462 1564//462
f 1457//463 1564//463 1455//463
f 1455//464 1564//464 1565//464
f 1455//465 1565//465 1551//465
f 1551//465 1565//465 1566//465
f 1551//466 1566//466 1549//466
f 1549//466 1566//466 1567//466
f 1549//467 1567//467 1546//467
f 1546//467 1567//467 1568//467
f 1546//468 1568//468 1543//468
f 1543//469 1568//469 1569//469
f 1543//470 1569//470 1570//470
f 1543//471 1570//471 1540//471
f 1540//472 1570//472 1571//472
f 1540//473 1571//473 1537//473
f 1537//474 1571//474 1535//474
f 1571//475 1572//475 1535//475
f 1535//476 1572//476 1532//476
f 1572//477 1573//477 1532//477
f 1532//478 1573//478 1529//478
f 1573//479 1574//479 1529//479
f 1529//480 1574//480 1526//480
f 1574//481 1575//481 1526//481
f 1526//482 1575//482 1524//482
f 1575//483 1576//483 1524//483
f 1524//484 1576//484 1521//484
f 1576//485 1577//485 1521//485
f 1521//486 1577//486 1518//486
f 1577//487 1578//487 1518//487
f 1518//488 1578//488 1515//488
f 1578//489 1579//489 1515//489
f 1515//490 1579//490 1512//490
f 1579//491 1580//491 1512//491
f 1512//492 1580//492 1510//492
f 1580//492 1581//492 1510//492
f 1510//493 1581//493 1507//493
f 1581//493 1582//493 1507//493
f 1507//494 1582//494 1504//494
f 1582//494 1583//494 1504//494
f 1504//495 1583//495 1501//495
f 1583//496 1584//496 1501//496
f 1501//497 1584//497 1499//497
f 1584//497 1585//497 1499//497
f 1499//498 1585//498 1496//498
f 1585//498 1586//498 1496//498
f 1496//499 1586//499 1493//499
f 1586//499 1587//499 1493//499
f 1493//500 1587//500 1588//500
f 1493//501 1588//501 1490//501
f 1490//502 1588//502 1557//502
f 1589//398 1590//398 1591//398
f 1591//397 1590//397 1592//397
f 1591//503 1592//503 1593//503
f 1593//504 1592//504 1594//504
f 1593//505 1594//505 1595//505
f 1593//506 1595//506 1596//506
f 1596//507 1595//507 1597//507
f 1596//508 1597//508 1598//508
f 1598//509 1597//509 1599//509
f 1598//510 1599//510 1600//510
f 1598//511 1600//511 1601//511
f 1601//512 1600//512 1602//512
f 1601//513 1602//513 1603//513
f 1601//514 1603//514 1604//514
f 1604//384 1603//384 1605//384
f 1604//515 1605//515 1606//515
f 1604//516 1606//516 1607//516
f 1607//517 1606//517 1608//517
f 1607//518 1608//518 1609//518
f 1607//519 1609//519 1610//519
f 1610//520 1609//520 1611//520
f 1610//521 1611//521 1612//521
f 1612//522 1611//522 1613//522
f 1612//523 1613//523 1614//523
f 1612//524 1614//524 1615//524
f 1615//525 1614//525 1616//525
f 1615//526 1616//526 1617//526
f 1615//527 1617//527 1618//527
f 1618//528 1617//528 1619//528
f 1618//529 1619//529 1620//529
f 1618//530 1620//530 1621//530
f 1621//531 1620//531 1622//531
f 1621//532 1622//532 1623//532
f 1623//533 1622//533 1624//533
f 1623//534 1624//534 1625//534
f 1623//535 1625//535 1626//535
f 1626//536 1625//536 1627//536
f 1626//361 1627//361 1628//361
f 1626//537 1628//537 1629//537
f 1629//538 1628//538 1630//538
f 1629//539 1630//539 1631//539
f 1629//540 1631//540 1632//540
f 1632//541 1631//541 1633//541
f 1632//542 1633//542 1634//542
f 1632//543 1634//543 1635//543
f 1635//544 1634//544 1636//544
f 1635//545 1636//545 1637//545
f 1637//546 1636//546 1638//546
f 1637//547 1638//547 1639//547
f 1637//548 1639//548 1640//548
f 1640//348 1639//348 1641//348
f 1640//347 1641//347 1642//347
f 1640//549 1642//549 1643//549
f 1643//550 1642//550 1644//550
f 1643//551 1644//551 1645//551
f 1643//552 1645//552 1646//552
f 1646//553 1645//553 1647//553
f 1646//554 1647//554 1648//554
f 1648//555 1647//555 1649//555
f 1648//556 1649//556 1650//556
f 1648//557 1650//557 1651//557
f 1651//558 1650//558 1652//558
f 1651//559 1652//559 1653//559
f 1651//560 1653//560 1654//560
f 1654//561 1653//561 1655//561
f 1654//562 1655//562 1656//562
f 1654//563 1656//563 1657//563
f 1657//564 1656//564 1658//564
f 1657//565 1658//565 1659//565
f 1657//566 1659//566 1660//566
f 1660//567 1659//567 1661//567
f 1660//568 1661//568 1662//568
f 1662//569 1661//569 1663//569
f 1662//570 1663//570 1664//570
f 1662//571 1664//571 1665//571
f 1665//423 1664//423 1666//423
f 1665//422 1666//422 1667//422
f 1665//572 1667//572 1668//572
f 1668//573 1667//573 1669//573
f 1668//574 1669//574 1670//574
f 1668//575 1670//575 1671//575
f 1671//576 1670//576 1672//576
f 1671//577 1672//577 1673//577
f 1673//578 1672//578 1674//578
f 1673//579 1674//579 1675//579
f 1673//580 1675//580 1676//580
f 1676//581 1675//581 1677//581
f 1676//582 1677//582 1678//582
f 1676//583 1678//583 1679//583
f 1679//584 1678//584 1680//584
f 1679//585 1680//585 1681//585
f 1679//586 1681//586 1682//586
f 1682//587 1681//587 1683//587
f 1682//588 1683//588 1684//588
f 1682//589 1684//589 1685//589
f 1685//590 1684//590 1686//590
f 1685//591 1686//591 1687//591
f 1687//592 1686//592 1688//592
f 1687//593 1688//593 1589//593
f 1687//594 1589//594 1591//594
f 1689//479 1662//479 1690//479
f 1690//595 1662//595 1665//595
f 1690//596 1665//596 1691//596
f 1691//480 1665//480 1668//480
f 1691//483 1668//483 1692//483
f 1692//483 1668//483 1671//483
f 1692//484 1671//484 1693//484
f 1693//485 1671//485 1673//485
f 1693//486 1673//486 1676//486
f 1662//476 1689//476 1660//476
f 1660//476 1689//476 1694//476
f 1660//475 1694//475 1657//475
f 1657//474 1694//474 1695//474
f 1657//473 1695//473 1654//473
f 1654//472 1695//472 1696//472
f 1654//471 1696//471 1651//471
f 1651//597 1696//597 1697//597
f 1651//598 1697//598 1648//598
f 1648//469 1697//469 1698//469
f 1648//467 1698//467 1646//467
f 1646//467 1698//467 1699//467
f 1646//466 1699//466 1643//466
f 1643//466 1699//466 1700//466
f 1643//465 1700//465 1640//465
f 1640//465 1700//465 1701//465
f 1640//464 1701//464 1637//464
f 1637//464 1701//464 1702//464
f 1637//462 1702//462 1635//462
f 1635//462 1702//462 1703//462
f 1635//461 1703//461 1632//461
f 1632//461 1703//461 1704//461
f 1632//599 1704//599 1629//599
f 1629//599 1704//599 1705//599
f 1629//459 1705//459 1706//459
f 1629//600 1706//600 1626//600
f 1626//457 1706//457 1707//457
f 1626//456 1707//456 1623//456
f 1623//454 1707//454 1621//454
f 1707//454 1708//454 1621//454
f 1621//453 1708//453 1618//453
f 1708//453 1709//453 1618//453
f 1618//601 1709//601 1615//601
f 1709//447 1710//447 1615//447
f 1615//448 1710//448 1612//448
f 1710//602 1711//602 1612//602
f 1612//449 1711//449 1610//449
f 1711//449 1712//449 1610//449
f 1610//450 1712//450 1607//450
f 1712//450 1713//450 1607//450
f 1607//452 1713//452 1604//452
f 1713//502 1714//502 1604//502
f 1604//603 1714//603 1601//603
f 1714//500 1715//500 1601//500
f 1601//604 1715//604 1598//604
f 1715//604 1716//604 1598//604
f 1598//498 1716//498 1596//498
f 1716//498 1717//498 1596//498
f 1596//497 1717//497 1593//497
f 1717//497 1718//497 1593//497
f 1593//495 1718//495 1591//495
f 1718//495 1719//495 1591//495
f 1591//494 1719//494 1687//494
f 1719//494 1720//494 1687//494
f 1687//493 1720//493 1685//493
f 1720//493 1721//493 1685//493
f 1685//492 1721//492 1682//492
f 1721//492 1722//492 1682//492
f 1682//490 1722//490 1679//490
f 1722//605 1723//605 1679//605
f 1679//606 1723//606 1724//606
f 1679//488 1724//488 1676//488
f 1676//487 1724//487 1693//487
f 1725//607 1726//607 1727//607
f 1727//398 1726//398 1728//398
f 1727//397 1728//397 1729//397
f 1730//608 1731//608 1725//608
f 1725//609 1731//609 1732//609
f 1725//610 1732//610 1726//610
f 1731//611 1730//611 1733//611
f 1733//612 1730//612 1734//612
f 1733//613 1734//613 1735//613
f 1735//614 1734//614 1736//614
f 1736//615 1734//615 1737//615
f 1736//616 1737//616 1738//616
f 1738//617 1737//617 1739//617
f 1739//618 1737//618 1740//618
f 1739//619 1740//619 1741//619
f 1741//620 1740//620 1742//620
f 1742//621 1740//621 1743//621
f 1742//622 1743//622 1744//622
f 1744//623 1743//623 1745//623
f 1745//624 1743//624 1746//624
f 1745//625 1746//625 1747//625
f 1747//626 1746//626 1748//626
f 1747//627 1748//627 1749//627
f 1749//628 1748//628 1750//628
f 1750//629 1748//629 1751//629
f 1750//630 1751//630 1752//630
f 1752//631 1751//631 1753//631
f 1753//632 1751//632 1754//632
f 1753//633 1754//633 1755//633
f 1755//634 1754//634 1756//634
f 1756//635 1754//635 1757//635
f 1756//636 1757//636 1758//636
f 1758//637 1757//637 1759//637
f 1758//638 1759//638 1760//638
f 1760//639 1759//639 1761//639
f 1761//640 1759//640 1762//640
f 1761//641 1762//641 1763//641
f 1763//642 1762//642 1764//642
f 1764//643 1762//643 1765//643
f 1764//644 1765//644 1766//644
f 1766//645 1765//645 1767//645
f 1767//646 1765//646 1768//646
f 1767//647 1768//647 1769//647
f 1769//648 1768//648 1770//648
f 1770//649 1768//649 1771//649
f 1770//650 1771//650 1772//650
f 1772//651 1771//651 1773//651
f 1772//652 1773//652 1774//652
f 1774//653 1773//653 1775//653
f 1775//654 1773//654 1776//654
f 1775//347 1776//347 1777//347
f 1777//348 1776//348 1778//348
f 1778//655 1776//655 1779//655
f 1778//656 1779//656 1780//656
f 1780//657 1779//657 1781//657
f 1781//658 1779//658 1782//658
f 1781//659 1782//659 1783//659
f 1783//660 1782//660 1784//660
f 1783//661 1784//661 1785//661
f 1785//662 1784//662 1786//662
f 1786//663 1784//663 1787//663
f 1786//664 1787//664 1788//664
f 1788//665 1787//665 1789//665
f 1789//666 1787//666 1790//666
f 1789//667 1790//667 1791//667
f 1791//668 1790//668 1792//668
f 1792//669 1790//669 1793//669
f 1792//670 1793//670 1794//670
f 1794//671 1793//671 1795//671
f 1795//672 1793//672 1796//672
f 1795//673 1796//673 1797//673
f 1797//674 1796//674 1798//674
f 1797//675 1798//675 1799//675
f 1799//676 1798//676 1800//676
f 1800//677 1798//677 1801//677
f 1800//526 1801//526 1802//526
f 1802//525 1801//525 1803//525
f 1803//678 1801//678 1804//678
f 1803//679 1804//679 1805//679
f 1805//680 1804//680 1806//680
f 1806//681 1804//681 1807//681
f 1806//682 1807//682 1808//682
f 1808//683 1807//683 1809//683
f 1808//684 1809//684 1810//684
f 1810//685 1809//685 1811//685
f 1811//686 1809//686 1812//686
f 1811//687 1812//687 1813//687
f 1813//688 1812//688 1814//688
f 1814//689 1812//689 1815//689
f 1814//690 1815//690 1816//690
f 1816//691 1815//691 1817//691
f 1817//692 1815//692 1818//692
f 1817//693 1818//693 1819//693
f 1819//694 1818//694 1820//694
f 1820//695 1818//695 1821//695
f 1820//696 1821//696 1822//696
f 1822//697 1821//697 1823//697
f 1822//698 1823//698 1824//698
f 1824//699 1823//699 1729//699
f 1729//700 1823//700 1727//700
f 1823//103 1779//103 1727//103
f 1727//103 1779//103 1776//103
f 1727//103 1776//103 1725//103
f 1725//103 1776//103 1773//103
f 1725//103 1773//103 1730//103
f 1730//103 1773//103 1771//103
f 1730//103 1771//103 1734//103
f 1734//103 1771//103 1768//103
f 1734//103 1768//103 1737//103
f 1737//103 1768//103 1765//103
f 1737//103 1765//103 1740//103
f 1740//103 1765//103 1762//103
f 1740//103 1762//103 1743//103
f 1743//103 1762//103 1759//103
f 1743//103 1759//103 1746//103
f 1746//103 1759//103 1757//103
f 1746//103 1757//103 1748//103
f 1748//103 1757//103 1754//103
f 1748//103 1754//103 1751//103
f 1779//103 1823//103 1782//103
f 1782//103 1823//103 1821//103
f 1782//103 1821//103 1784//103
f 1784//103 1821//103 1818//103
f 1784//103 1818//103 1787//103
f 1787//103 1818//103 1815//103
f 1787//103 1815//103 1790//103
f 1790//103 1815//103 1812//103
f 1790//103 1812//103 1793//103
f 1793//103 1812//103 1809//103
f 1793//103 1809//103 1796//103
f 1796//103 1809//103 1807//103
f 1796//103 1807//103 1798//103
f 1798//103 1807//103 1804//103
f 1798//103 1804//103 1801//103
f 1825//701 1826//701 1827//701
f 1827//701 1826//701 1828//701
f 1827//702 1828//702 1829//702
f 1829//702 1828//702 1830//702
f 1829//703 1830//703 1831//703
f 1831//703 1830//703 1832//703
f 1831//704 1832//704 1833//704
f 1833//704 1832//704 1834//704
f 1833//705 1834//705 1835//705
f 1835//705 1834//705 1836//705
f 1836//126 1837//126 1835//126
f 1835//126 1837//126 1838//126
f 1838//126 1837//126 1093//126
f 1093//126 1837//126 1091//126
f 1839//706 1840//706 1841//706
f 1841//706 1840//706 1842//706
f 1841//707 1842//707 1843//707
f 1843//707 1842//707 1844//707
f 1843//708 1844//708 1845//708
f 1845//708 1844//708 1846//708
f 1845//709 1846//709 1847//709
f 1847//709 1846//709 1848//709
f 1847//710 1848//710 1849//710
f 1849//710 1848//710 1850//710
f 1849//3 1850//3 1851//3
f 1851//3 1850//3 1852//3
f 1853//711 1854//711 1855//711
f 1855//711 1854//711 1856//711
f 1855//712 1856//712 1857//712
f 1857//712 1856//712 1858//712
f 1857//713 1858//713 1859//713
f 1859//713 1858//713 1860//713
f 1859//714 1860//714 1861//714
f 1861//714 1860//714 1862//714
f 1861//715 1862//715 1863//715
f 1863//715 1862//715 1864//715
f 1864//6 1865//6 1863//6
f 1863//6 1865//6 1866//6
f 1863//6 1866//6 1867//6
f 1868//6 1869//6 1864//6
f 1864//6 1869//6 1870//6
f 1864//716 1870//716 1871//716
f 1872//6 1873//6 1868//6
f 1868//6 1873//6 1874//6
f 1868//6 1874//6 1875//6
f 1863//6 1876//6 1872//6
f 1872//6 1876//6 1877//6
f 1872//717 1877//717 1878//717
f 1878//6 1879//6 1872//6
f 1872//716 1879//716 1880//716
f 1872//6 1880//6 1881//6
f 1881//6 1882//6 1872//6
f 1872//6 1882//6 1883//6
f 1872//6 1883//6 1884//6
f 1884//6 1873//6 1872//6
f 1875//6 1885//6 1868//6
f 1868//6 1885//6 1886//6
f 1868//6 1886//6 1887//6
f 1887//6 1888//6 1868//6
f 1868//6 1888//6 1889//6
f 1868//716 1889//716 1890//716
f 1890//6 1869//6 1868//6
f 1871//6 1891//6 1864//6
f 1864//6 1891//6 1892//6
f 1864//6 1892//6 1893//6
f 1893//716 1894//716 1864//716
f 1864//717 1894//717 1895//717
f 1864//6 1895//6 1896//6
f 1896//6 1865//6 1864//6
f 1867//716 1897//716 1863//716
f 1863//717 1897//717 1898//717
f 1863//6 1898//6 1899//6
f 1899//6 1900//6 1863//6
f 1863//6 1900//6 1901//6
f 1863//717 1901//717 1902//717
f 1902//6 1876//6 1863//6
f 1903//718 1904//718 1905//718
f 1905//718 1904//718 1906//718
f 1905//719 1906//719 1907//719
f 1907//719 1906//719 1908//719
f 1907//720 1908//720 1909//720
f 1909//720 1908//720 1910//720
f 1909//721 1910//721 1911//721
f 1911//721 1910//721 1912//721
f 1911//722 1912//722 1913//722
f 1913//722 1912//722 1914//722
f 1913//126 1914//126 1915//126
f 1915//126 1914//126 1916//126
f 1826//319 1825//319 1839//319
f 1839//319 1825//319 1840//319
f 1854//308 1853//308 1903//308
f 1903//308 1853//308 1904//308
f 1917//723 1918//723 1919//723
f 1919//723 1918//723 1920//723
f 1919//724 1920//724 1921//724
f 1921//724 1920//724 1922//724
f 1921//725 1922//725 1923//725
f 1923//725 1922//725 1924//725
f 1923//726 1924//726 1925//726
f 1925//726 1924//726 1926//726
f 1925//727 1926//727 1927//727
f 1927//727 1926//727 1928//727
f 1927//728 1928//728 1929//728
f 1929//728 1928//728 1930//728
f 1929//729 1930//729 1931//729
f 1931//729 1930//729 1932//729
f 1931//730 1932//730 1933//730
f 1933//730 1932//730 1934//730
f 1933//731 1934//731 1935//731
f 1935//731 1934//731 1936//731
f 1935//732 1936//732 1937//732
f 1937//732 1936//732 1938//732
f 1937//733 1938//733 1939//733
f 1939//733 1938//733 1940//733
f 1939//734 1940//734 1941//734
f 1941//734 1940//734 1942//734
f 1941//735 1942//735 1943//735
f 1943//735 1942//735 1944//735
f 1943//736 1944//736 1945//736
f 1945//736 1944//736 1946//736
f 1945//737 1946//737 1947//737
f 1947//737 1946//737 1948//737
f 1947//738 1948//738 1949//738
f 1949//738 1948//738 1950//738
f 1949//739 1950//739 1951//739
f 1951//739 1950//739 1952//739
f 1951//740 1952//740 1953//740
f 1953//740 1952//740 1954//740
f 1953//741 1954//741 1955//741
f 1955//741 1954//741 1956//741
f 1955//742 1956//742 1957//742
f 1957//742 1956//742 1958//742
f 1957//743 1958//743 1959//743
f 1959//743 1958//743 1960//743
f 1959//744 1960//744 1961//744
f 1961//744 1960//744 1962//744
f 1961//745 1962//745 1963//745
f 1963//745 1962//745 1964//745
f 1963//746 1964//746 1641//746
f 1641//747 1964//747 1642//747
f 1642//748 1964//748 1887//748
f 1642//749 1887//749 1886//749
f 1918//750 1917//750 1965//750
f 1965//750 1917//750 1966//750
f 1965//751 1966//751 1967//751
f 1967//751 1966//751 1968//751
f 1967//752 1968//752 1969//752
f 1969//752 1968//752 1970//752
f 1969//753 1970//753 1590//753
f 1590//754 1970//754 1592//754
f 1592//755 1970//755 1971//755
f 1592//756 1971//756 1594//756
f 1594//757 1971//757 1595//757
f 1595//758 1971//758 1597//758
f 1597//759 1971//759 1599//759
f 1599//760 1971//760 1600//760
f 1600//761 1971//761 1972//761
f 1600//762 1972//762 1602//762
f 1602//763 1972//763 1603//763
f 1603//764 1972//764 1605//764
f 1605//765 1972//765 1606//765
f 1606//766 1972//766 1973//766
f 1606//767 1973//767 1608//767
f 1608//768 1973//768 1609//768
f 1609//769 1973//769 1974//769
f 1609//770 1974//770 1611//770
f 1611//771 1974//771 1613//771
f 1613//772 1974//772 1614//772
f 1614//773 1974//773 1975//773
f 1614//774 1975//774 1616//774
f 1616//775 1975//775 1617//775
f 1617//776 1975//776 1976//776
f 1617//777 1976//777 1619//777
f 1619//778 1976//778 1620//778
f 1620//779 1976//779 1622//779
f 1622//780 1976//780 1977//780
f 1622//781 1977//781 1624//781
f 1624//782 1977//782 1625//782
f 1625//783 1977//783 1627//783
f 1627//784 1977//784 1978//784
f 1627//785 1978//785 1628//785
f 1628//786 1978//786 1630//786
f 1630//787 1978//787 1631//787
f 1631//788 1978//788 1979//788
f 1631//789 1979//789 1633//789
f 1633//790 1979//790 1634//790
f 1634//791 1979//791 1636//791
f 1636//792 1979//792 1638//792
f 1638//793 1979//793 1639//793
f 1639//794 1979//794 1641//794
f 1641//795 1979//795 1963//795
f 1902//724 1922//724 1876//724
f 1876//724 1922//724 1920//724
f 1876//723 1920//723 1877//723
f 1877//723 1920//723 1918//723
f 1877//750 1918//750 1878//750
f 1878//750 1918//750 1965//750
f 1878//751 1965//751 1879//751
f 1879//751 1965//751 1967//751
f 1879//752 1967//752 1880//752
f 1880//752 1967//752 1969//752
f 1880//796 1969//796 1589//796
f 1589//797 1969//797 1590//797
f 1922//725 1902//725 1924//725
f 1924//725 1902//725 1901//725
f 1924//726 1901//726 1926//726
f 1926//726 1901//726 1900//726
f 1926//727 1900//727 1928//727
f 1928//727 1900//727 1899//727
f 1928//728 1899//728 1930//728
f 1930//728 1899//728 1898//728
f 1930//729 1898//729 1932//729
f 1932//729 1898//729 1897//729
f 1932//730 1897//730 1934//730
f 1934//730 1897//730 1867//730
f 1934//731 1867//731 1936//731
f 1936//731 1867//731 1866//731
f 1936//732 1866//732 1938//732
f 1938//732 1866//732 1865//732
f 1938//733 1865//733 1940//733
f 1940//733 1865//733 1896//733
f 1940//734 1896//734 1942//734
f 1942//734 1896//734 1895//734
f 1942//735 1895//735 1944//735
f 1944//735 1895//735 1894//735
f 1944//736 1894//736 1946//736
f 1946//736 1894//736 1893//736
f 1946//737 1893//737 1948//737
f 1948//737 1893//737 1892//737
f 1948//738 1892//738 1950//738
f 1950//738 1892//738 1891//738
f 1950//739 1891//739 1952//739
f 1952//739 1891//739 1871//739
f 1952//740 1871//740 1954//740
f 1954//740 1871//740 1870//740
f 1954//741 1870//741 1956//741
f 1956//741 1870//741 1869//741
f 1956//742 1869//742 1958//742
f 1958//742 1869//742 1890//742
f 1958//743 1890//743 1960//743
f 1960//743 1890//743 1889//743
f 1960//744 1889//744 1962//744
f 1962//744 1889//744 1888//744
f 1962//745 1888//745 1964//745
f 1964//745 1888//745 1887//745
f 1885//798 1650//798 1886//798
f 1886//799 1650//799 1980//799
f 1886//800 1980//800 1645//800
f 1645//801 1980//801 1647//801
f 1647//802 1980//802 1649//802
f 1649//803 1980//803 1650//803
f 1875//804 1655//804 1885//804
f 1885//805 1655//805 1653//805
f 1885//806 1653//806 1652//806
f 1874//807 1659//807 1875//807
f 1875//808 1659//808 1658//808
f 1875//809 1658//809 1656//809
f 1873//810 1664//810 1874//810
f 1874//811 1664//811 1663//811
f 1874//812 1663//812 1661//812
f 1884//813 1667//813 1873//813
f 1873//774 1667//774 1666//774
f 1873//775 1666//775 1664//775
f 1883//814 1672//814 1884//814
f 1884//815 1672//815 1670//815
f 1884//816 1670//816 1669//816
f 1882//817 1675//817 1883//817
f 1883//818 1675//818 1674//818
f 1883//819 1674//819 1672//819
f 1881//820 1681//820 1882//820
f 1882//821 1681//821 1680//821
f 1882//822 1680//822 1678//822
f 1880//823 1589//823 1881//823
f 1881//824 1589//824 1688//824
f 1881//825 1688//825 1686//825
f 1881//826 1686//826 1981//826
f 1981//827 1686//827 1684//827
f 1981//828 1684//828 1683//828
f 1683//829 1681//829 1981//829
f 1981//830 1681//830 1881//830
f 1678//831 1677//831 1882//831
f 1882//832 1677//832 1675//832
f 1669//833 1667//833 1884//833
f 1661//834 1659//834 1874//834
f 1656//835 1655//835 1875//835
f 1652//836 1650//836 1885//836
f 1645//837 1644//837 1886//837
f 1886//838 1644//838 1642//838
f 1921//6 1953//6 1919//6
f 1919//6 1953//6 1955//6
f 1919//6 1955//6 1917//6
f 1917//6 1955//6 1957//6
f 1917//6 1957//6 1966//6
f 1966//6 1957//6 1959//6
f 1966//6 1959//6 1968//6
f 1968//6 1959//6 1961//6
f 1968//6 1961//6 1970//6
f 1970//6 1961//6 1963//6
f 1970//6 1963//6 1971//6
f 1971//6 1963//6 1979//6
f 1971//6 1979//6 1972//6
f 1972//6 1979//6 1978//6
f 1972//6 1978//6 1973//6
f 1973//6 1978//6 1977//6
f 1973//6 1977//6 1974//6
f 1974//6 1977//6 1976//6
f 1974//6 1976//6 1975//6
f 1953//6 1921//6 1951//6
f 1951//6 1921//6 1923//6
f 1951//6 1923//6 1949//6
f 1949//6 1923//6 1925//6
f 1949//6 1925//6 1947//6
f 1947//6 1925//6 1927//6
f 1947//6 1927//6 1945//6
f 1945//6 1927//6 1929//6
f 1945//6 1929//6 1943//6
f 1943//6 1929//6 1931//6
f 1943//6 1931//6 1941//6
f 1941//6 1931//6 1933//6
f 1941//6 1933//6 1939//6
f 1939//6 1933//6 1935//6
f 1939//6 1935//6 1937//6
f 1982//723 1983//723 1984//723
f 1984//723 1983//723 1985//723
f 1984//724 1985//724 1986//724
f 1986//724 1985//724 1987//724
f 1986//725 1987//725 1988//725
f 1988//725 1987//725 1989//725
f 1988//726 1989//726 1990//726
f 1990//726 1989//726 1991//726
f 1990//727 1991//727 1992//727
f 1992//727 1991//727 1993//727
f 1992//839 1993//839 1505//839
f 1505//840 1993//840 1506//840
f 1506//841 1993//841 1994//841
f 1506//842 1994//842 1995//842
f 1995//728 1994//728 1996//728
f 1995//843 1996//843 1514//843
f 1514//844 1996//844 1997//844
f 1514//845 1997//845 1516//845
f 1516//846 1997//846 1998//846
f 1516//847 1998//847 1517//847
f 1517//848 1998//848 1519//848
f 1519//849 1998//849 1997//849
f 1519//850 1997//850 1999//850
f 1983//750 1982//750 2000//750
f 2000//750 1982//750 2001//750
f 2000//751 2001//751 2002//751
f 2002//751 2001//751 2003//751
f 2002//752 2003//752 2004//752
f 2004//752 2003//752 2005//752
f 2004//851 2005//851 1728//851
f 1728//852 2005//852 1729//852
f 1729//853 2005//853 2006//853
f 1729//854 2006//854 1824//854
f 1824//855 2006//855 1822//855
f 1822//856 2006//856 1820//856
f 1820//857 2006//857 1819//857
f 1819//858 2006//858 1817//858
f 1817//859 2006//859 2007//859
f 1817//860 2007//860 1816//860
f 1816//861 2007//861 1814//861
f 1814//862 2007//862 1813//862
f 1813//863 2007//863 2008//863
f 1813//864 2008//864 1811//864
f 1811//865 2008//865 1810//865
f 1810//866 2008//866 1808//866
f 1808//867 2008//867 2009//867
f 1808//868 2009//868 1806//868
f 1806//869 2009//869 1805//869
f 1805//870 2009//870 1803//870
f 1803//871 2009//871 2010//871
f 1803//872 2010//872 1802//872
f 1802//873 2010//873 1800//873
f 1800//874 2010//874 2011//874
f 1800//875 2011//875 1799//875
f 1799//876 2011//876 1797//876
f 1797//877 2011//877 1795//877
f 1795//878 2011//878 2012//878
f 1795//879 2012//879 1794//879
f 1794//880 2012//880 1792//880
f 1792//881 2012//881 1791//881
f 1791//882 2012//882 2013//882
f 1791//883 2013//883 1789//883
f 1789//884 2013//884 1788//884
f 1788//885 2013//885 1786//885
f 1786//886 2013//886 2014//886
f 1786//887 2014//887 1785//887
f 1785//888 2014//888 1783//888
f 1783//889 2014//889 1781//889
f 1781//890 2014//890 1780//890
f 1780//891 2014//891 1778//891
f 1778//892 2014//892 1777//892
f 1777//893 2014//893 2015//893
f 1777//894 2015//894 2016//894
f 2016//745 2015//745 2017//745
f 2016//745 2017//745 2018//745
f 2018//744 2017//744 2019//744
f 2019//744 2017//744 2020//744
f 2019//743 2020//743 2021//743
f 2021//743 2020//743 2022//743
f 2021//742 2022//742 2023//742
f 2023//742 2022//742 2024//742
f 2023//741 2024//741 2025//741
f 2025//741 2024//741 2026//741
f 2025//740 2026//740 2027//740
f 2027//740 2026//740 2028//740
f 2027//739 2028//739 2029//739
f 2029//739 2028//739 2030//739
f 2029//738 2030//738 2031//738
f 2031//738 2030//738 2032//738
f 2031//737 2032//737 2033//737
f 2033//737 2032//737 2034//737
f 2033//895 2034//895 1545//895
f 1545//896 2034//896 1547//896
f 1547//897 2034//897 1548//897
f 1548//898 2034//898 1550//898
f 1550//899 2034//899 1552//899
f 1552//900 2034//900 1453//900
f 1453//901 2034//901 2032//901
f 1453//902 2032//902 1454//902
f 1454//903 2032//903 2035//903
f 1454//904 2035//904 1456//904
f 1456//905 2035//905 2036//905
f 1456//906 2036//906 1458//906
f 1458//907 2036//907 1459//907
f 1459//908 2036//908 1461//908
f 1461//909 2036//909 1463//909
f 1463//910 2036//910 1464//910
f 1464//911 2036//911 2037//911
f 1464//912 2037//912 1466//912
f 1466//913 2037//913 1467//913
f 1467//914 2037//914 1469//914
f 1469//915 2037//915 2038//915
f 1469//916 2038//916 1470//916
f 1470//917 2038//917 1472//917
f 1472//918 2038//918 1473//918
f 1473//919 2038//919 2039//919
f 1473//920 2039//920 1475//920
f 1475//921 2039//921 1477//921
f 1477//922 2039//922 1478//922
f 1478//923 2039//923 2040//923
f 1478//924 2040//924 1480//924
f 1480//925 2040//925 1481//925
f 1481//926 2040//926 2041//926
f 1481//927 2041//927 1483//927
f 1483//928 2041//928 1484//928
f 1484//929 2041//929 1486//929
f 1486//930 2041//930 2042//930
f 1486//931 2042//931 1488//931
f 1488//932 2042//932 1489//932
f 1489//933 2042//933 1491//933
f 1491//934 2042//934 2043//934
f 1491//935 2043//935 1492//935
f 1492//936 2043//936 1494//936
f 1494//937 2043//937 1495//937
f 1495//938 2043//938 2044//938
f 1495//939 2044//939 1497//939
f 1497//940 2044//940 1498//940
f 1498//941 2044//941 1500//941
f 1500//942 2044//942 1502//942
f 1502//943 2044//943 1503//943
f 1503//944 2044//944 1505//944
f 1505//945 2044//945 1992//945
f 2015//745 2045//745 2017//745
f 2017//744 2045//744 2020//744
f 2045//744 2046//744 2020//744
f 2020//743 2046//743 2022//743
f 2046//743 2047//743 2022//743
f 2022//742 2047//742 2024//742
f 2047//742 2048//742 2024//742
f 2024//741 2048//741 2026//741
f 2048//741 2049//741 2026//741
f 2026//740 2049//740 2028//740
f 2049//740 2050//740 2028//740
f 2028//739 2050//739 2030//739
f 2050//739 2051//739 2030//739
f 2030//738 2051//738 2032//738
f 2051//738 2035//738 2032//738
f 2052//724 1987//724 2053//724
f 2053//724 1987//724 1985//724
f 2053//723 1985//723 2054//723
f 2054//723 1985//723 1983//723
f 2054//750 1983//750 2055//750
f 2055//750 1983//750 2000//750
f 2055//751 2000//751 2056//751
f 2056//751 2000//751 2002//751
f 2056//752 2002//752 2057//752
f 2057//752 2002//752 2004//752
f 2057//946 2004//946 2058//946
f 2058//946 2004//946 2059//946
f 2058//947 2059//947 1735//947
f 1735//948 2059//948 1733//948
f 1733//949 2059//949 1731//949
f 1731//950 2059//950 1732//950
f 1732//951 2059//951 1726//951
f 1726//952 2059//952 2004//952
f 1726//953 2004//953 1728//953
f 1987//725 2052//725 1989//725
f 1989//725 2052//725 2060//725
f 1989//726 2060//726 1991//726
f 1991//726 2060//726 2061//726
f 1991//727 2061//727 1993//727
f 1993//727 2061//727 1994//727
f 2062//954 1523//954 1999//954
f 1999//955 1523//955 2063//955
f 1999//956 2063//956 1520//956
f 1520//957 2063//957 1522//957
f 1522//958 2063//958 1523//958
f 2064//959 1528//959 2062//959
f 2062//960 1528//960 1527//960
f 2062//961 1527//961 2065//961
f 2065//962 1527//962 1525//962
f 2065//963 1525//963 2062//963
f 2062//964 1525//964 1523//964
f 2066//965 1531//965 2064//965
f 2064//924 1531//924 2067//924
f 2064//925 2067//925 1528//925
f 1528//925 2067//925 1530//925
f 1530//924 2067//924 1531//924
f 2068//966 1536//966 2066//966
f 2066//967 1536//967 1534//967
f 2066//968 1534//968 2069//968
f 2069//969 1534//969 1533//969
f 2069//970 1533//970 2066//970
f 2066//971 1533//971 1531//971
f 2070//972 1539//972 2068//972
f 2068//973 1539//973 2071//973
f 2068//974 2071//974 1536//974
f 1536//975 2071//975 1538//975
f 1538//976 2071//976 1539//976
f 2033//977 1545//977 2070//977
f 2070//978 1545//978 1544//978
f 2070//979 1544//979 2072//979
f 2072//980 1544//980 1542//980
f 2072//981 1542//981 1541//981
f 2018//745 2073//745 2016//745
f 2016//982 2073//982 2074//982
f 2016//983 2074//983 1775//983
f 1775//984 2074//984 1774//984
f 1774//985 2074//985 1772//985
f 1772//986 2074//986 1770//986
f 1770//987 2074//987 1769//987
f 1769//988 2074//988 2075//988
f 1769//989 2075//989 1767//989
f 1767//990 2075//990 2076//990
f 1767//991 2076//991 1766//991
f 1766//992 2076//992 2077//992
f 1766//993 2077//993 1764//993
f 1764//994 2077//994 1763//994
f 1763//995 2077//995 2076//995
f 1763//996 2076//996 2078//996
f 2073//982 2075//982 2074//982
f 2079//997 1758//997 2078//997
f 2078//998 1758//998 2080//998
f 2078//999 2080//999 1761//999
f 1761//1000 2080//1000 1760//1000
f 1760//1001 2080//1001 1758//1001
f 2081//1002 1753//1002 2079//1002
f 2079//1003 1753//1003 1755//1003
f 2079//1004 1755//1004 2082//1004
f 2082//1005 1755//1005 1756//1005
f 2082//1006 1756//1006 2079//1006
f 2079//1007 1756//1007 1758//1007
f 2083//1008 1750//1008 2081//1008
f 2081//872 1750//872 2084//872
f 2081//873 2084//873 1753//873
f 1753//873 2084//873 1752//873
f 1752//872 2084//872 1750//872
f 2085//1009 1745//1009 2083//1009
f 2083//1010 1745//1010 1747//1010
f 2083//1011 1747//1011 2086//1011
f 2086//1012 1747//1012 1749//1012
f 2086//1013 1749//1013 2083//1013
f 2083//1014 1749//1014 1750//1014
f 2087//817 1741//817 2085//817
f 2085//1015 1741//1015 1742//1015
f 2085//1016 1742//1016 2088//1016
f 2088//1017 1742//1017 1744//1017
f 2088//1018 1744//1018 1745//1018
f 2058//1019 1736//1019 2087//1019
f 2087//1020 1736//1020 1738//1020
f 2087//1021 1738//1021 2089//1021
f 2089//1022 1738//1022 1739//1022
f 2089//1023 1739//1023 1741//1023
f 2072//1024 1541//1024 2070//1024
f 2070//1025 1541//1025 1539//1025
f 1520//1026 1519//1026 1999//1026
f 1514//1027 1513//1027 1995//1027
f 1995//1028 1513//1028 1511//1028
f 1995//1029 1511//1029 1509//1029
f 1509//1030 1508//1030 1995//1030
f 1995//1031 1508//1031 1506//1031
f 1735//1032 1736//1032 2058//1032
f 1761//1033 1763//1033 2078//1033
f 1775//1034 1777//1034 2016//1034
f 2087//1035 2089//1035 1741//1035
f 2085//1036 2088//1036 1745//1036
f 1986//6 2049//6 1984//6
f 1984//6 2049//6 2048//6
f 1984//6 2048//6 1982//6
f 1982//6 2048//6 2047//6
f 1982//6 2047//6 2001//6
f 2001//6 2047//6 2046//6
f 2001//6 2046//6 2003//6
f 2003//6 2046//6 2045//6
f 2003//6 2045//6 2005//6
f 2005//6 2045//6 2015//6
f 2005//6 2015//6 2006//6
f 2006//6 2015//6 2014//6
f 2006//6 2014//6 2007//6
f 2007//6 2014//6 2013//6
f 2007//6 2013//6 2008//6
f 2008//6 2013//6 2012//6
f 2008//6 2012//6 2009//6
f 2009//6 2012//6 2011//6
f 2009//6 2011//6 2010//6
f 2049//6 1986//6 2050//6
f 2050//6 1986//6 1988//6
f 2050//6 1988//6 2051//6
f 2051//6 1988//6 1990//6
f 2051//6 1990//6 2035//6
f 2035//6 1990//6 1992//6
f 2035//6 1992//6 2036//6
f 2036//6 1992//6 2044//6
f 2036//6 2044//6 2037//6
f 2037//6 2044//6 2043//6
f 2037//6 2043//6 2038//6
f 2038//6 2043//6 2042//6
f 2038//6 2042//6 2039//6
f 2039//6 2042//6 2041//6
f 2039//6 2041//6 2040//6
f 2090//500 1089//500 1837//500
f 1837//500 1089//500 1091//500
f 1837//7 1836//7 2090//7
f 2090//7 1836//7 1834//7
f 2090//7 1834//7 1832//7
f 2090//7 1832//7 2091//7
f 2091//7 1832//7 1830//7
f 2091//7 1830//7 1828//7
f 1826//7 1903//7 1828//7
f 1828//7 1903//7 1905//7
f 1828//7 1905//7 2091//7
f 2091//7 1905//7 1907//7
f 2091//7 1907//7 1909//7
f 1903//7 1826//7 1854//7
f 1854//7 1826//7 1839//7
f 1854//7 1839//7 1856//7
f 1856//7 1839//7 1841//7
f 1856//7 1841//7 1858//7
f 1858//7 1841//7 1843//7
f 1858//7 1843//7 1860//7
f 1860//7 1843//7 1845//7
f 1860//7 1845//7 1862//7
f 1862//7 1845//7 1847//7
f 1862//7 1847//7 1864//7
f 1864//7 1847//7 1849//7
f 1864//7 1849//7 1851//7
f 1851//7 2092//7 1864//7
f 1864//7 2092//7 1868//7
f 1909//7 1911//7 2091//7
f 2091//7 1911//7 1913//7
f 2091//7 1913//7 1915//7
f 1915//6 2023//6 2091//6
f 2091//717 2023//717 2025//717
f 2091//717 2025//717 2027//717
f 1916//6 2081//6 1915//6
f 1915//6 2081//6 2079//6
f 1915//6 2079//6 2078//6
f 2093//6 2053//6 1916//6
f 1916//1037 2053//1037 2054//1037
f 1916//716 2054//716 2055//716
f 2091//6 2064//6 2093//6
f 2093//6 2064//6 2062//6
f 2093//6 2062//6 1999//6
f 2055//1038 2056//1038 1916//1038
f 1916//717 2056//717 2057//717
f 1916//716 2057//716 2058//716
f 2058//6 2087//6 1916//6
f 1916//6 2087//6 2085//6
f 1916//6 2085//6 2083//6
f 2083//6 2081//6 1916//6
f 2078//6 2076//6 1915//6
f 1915//6 2076//6 2075//6
f 1915//717 2075//717 2073//717
f 2073//716 2018//716 1915//716
f 1915//717 2018//717 2019//717
f 1915//717 2019//717 2021//717
f 2021//1039 2023//1039 1915//1039
f 2027//6 2029//6 2091//6
f 2091//716 2029//716 2031//716
f 2091//6 2031//6 2033//6
f 2033//717 2070//717 2091//717
f 2091//6 2070//6 2068//6
f 2091//6 2068//6 2066//6
f 2066//6 2064//6 2091//6
f 1999//6 1997//6 2093//6
f 2093//716 1997//716 1996//716
f 2093//6 1996//6 1994//6
f 1994//717 2061//717 2093//717
f 2093//6 2061//6 2060//6
f 2093//716 2060//716 2052//716
f 2052//6 2053//6 2093//6
f 2092//126 1701//126 1868//126
f 1868//126 1701//126 1700//126
f 1868//126 1700//126 1699//126
f 2094//126 1710//126 2092//126
f 2092//126 1710//126 1709//126
f 2092//126 1709//126 1708//126
f 1872//126 1719//126 2094//126
f 2094//126 1719//126 1718//126
f 2094//126 1718//126 1717//126
f 1868//126 1690//126 1872//126
f 1872//126 1690//126 1691//126
f 1872//126 1691//126 1692//126
f 1692//126 1693//126 1872//126
f 1872//126 1693//126 1724//126
f 1872//126 1724//126 1723//126
f 1723//126 1722//126 1872//126
f 1872//126 1722//126 1721//126
f 1872//126 1721//126 1720//126
f 1720//126 1719//126 1872//126
f 1717//126 1716//126 2094//126
f 2094//126 1716//126 1715//126
f 2094//126 1715//126 1714//126
f 1714//126 1713//126 2094//126
f 2094//126 1713//126 1712//126
f 2094//126 1712//126 1711//126
f 1711//126 1710//126 2094//126
f 1708//126 1707//126 2092//126
f 2092//126 1707//126 1706//126
f 2092//126 1706//126 1705//126
f 1705//126 1704//126 2092//126
f 2092//126 1704//126 1703//126
f 2092//126 1703//126 1702//126
f 1702//126 1701//126 2092//126
f 1699//126 1698//126 1868//126
f 1868//126 1698//126 1697//126
f 1868//126 1697//126 1696//126
f 1696//126 1695//126 1868//126
f 1868//126 1695//126 1694//126
f 1868//126 1694//126 1689//126
f 1689//126 1690//126 1868//126
f 1851//319 1852//319 2092//319
f 2092//319 1852//319 2094//319
f 2095//742 2096//742 2097//742
f 2097//742 2096//742 2098//742
f 2097//741 2098//741 2099//741
f 2099//741 2098//741 2100//741
f 2099//740 2100//740 2101//740
f 2101//740 2100//740 2102//740
f 2101//739 2102//739 2103//739
f 2103//739 2102//739 2104//739
f 2103//738 2104//738 2105//738
f 2105//738 2104//738 2106//738
f 2105//737 2106//737 2107//737
f 2107//737 2106//737 2108//737
f 2107//736 2108//736 2109//736
f 2109//736 2108//736 2110//736
f 2109//735 2110//735 2111//735
f 2111//735 2110//735 2112//735
f 2111//734 2112//734 2113//734
f 2113//734 2112//734 2114//734
f 2113//733 2114//733 2115//733
f 2115//733 2114//733 2116//733
f 2115//732 2116//732 2117//732
f 2117//732 2116//732 2118//732
f 2117//731 2118//731 2119//731
f 2119//731 2118//731 2120//731
f 2119//730 2120//730 2121//730
f 2121//730 2120//730 2122//730
f 2121//729 2122//729 2123//729
f 2123//729 2122//729 2124//729
f 2123//728 2124//728 2125//728
f 2125//728 2124//728 2126//728
f 2125//727 2126//727 2127//727
f 2127//727 2126//727 2128//727
f 2127//726 2128//726 2129//726
f 2129//726 2128//726 2130//726
f 2129//725 2130//725 2131//725
f 2131//725 2130//725 2132//725
f 2131//724 2132//724 2133//724
f 2133//724 2132//724 2134//724
f 2133//723 2134//723 2135//723
f 2135//723 2134//723 2136//723
f 2135//750 2136//750 2137//750
f 2137//750 2136//750 2138//750
f 2137//751 2138//751 2139//751
f 2139//751 2138//751 2140//751
f 2139//752 2140//752 2141//752
f 2141//752 2140//752 2142//752
f 2141//946 2142//946 2143//946
f 2143//946 2142//946 2144//946
f 2143//1040 2144//1040 2145//1040
f 2145//1040 2144//1040 2146//1040
f 2145//1041 2146//1041 2147//1041
f 2147//1041 2146//1041 2148//1041
f 2147//1042 2148//1042 2149//1042
f 2149//1042 2148//1042 2150//1042
f 2149//1043 2150//1043 2151//1043
f 2151//1043 2150//1043 2152//1043
f 2151//1044 2152//1044 2153//1044
f 2153//1044 2152//1044 2154//1044
f 2153//1045 2154//1045 2155//1045
f 2155//1045 2154//1045 2156//1045
f 2155//1046 2156//1046 2157//1046
f 2157//1046 2156//1046 2158//1046
f 2157//1047 2158//1047 2159//1047
f 2159//1047 2158//1047 2160//1047
f 2159//982 2160//982 2161//982
f 2161//982 2160//982 2162//982
f 2161//745 2162//745 2163//745
f 2163//745 2162//745 2164//745
f 2163//744 2164//744 2165//744
f 2165//744 2164//744 2166//744
f 2165//743 2166//743 2095//743
f 2095//743 2166//743 2096//743
f 2167//741 2100//741 2168//741
f 2168//741 2100//741 2098//741
f 2168//742 2098//742 2169//742
f 2169//742 2098//742 2096//742
f 2169//743 2096//743 2170//743
f 2170//743 2096//743 2166//743
f 2170//744 2166//744 2171//744
f 2171//744 2166//744 2164//744
f 2171//745 2164//745 2172//745
f 2172//745 2164//745 2162//745
f 2172//982 2162//982 2173//982
f 2173//982 2162//982 2160//982
f 2173//1047 2160//1047 2174//1047
f 2174//1047 2160//1047 2158//1047
f 2174//1046 2158//1046 2175//1046
f 2175//1046 2158//1046 2156//1046
f 2175//1045 2156//1045 2176//1045
f 2176//1045 2156//1045 2154//1045
f 2176//1044 2154//1044 2177//1044
f 2177//1044 2154//1044 2152//1044
f 2177//1043 2152//1043 2178//1043
f 2178//1043 2152//1043 2150//1043
f 2178//1042 2150//1042 2179//1042
f 2179//1042 2150//1042 2148//1042
f 2179//1041 2148//1041 2180//1041
f 2180//1041 2148//1041 2146//1041
f 2180//1040 2146//1040 2181//1040
f 2181//1040 2146//1040 2144//1040
f 2181//946 2144//946 2182//946
f 2182//946 2144//946 2142//946
f 2182//752 2142//752 2183//752
f 2183//752 2142//752 2140//752
f 2183//751 2140//751 2184//751
f 2184//751 2140//751 2138//751
f 2184//750 2138//750 2185//750
f 2185//750 2138//750 2136//750
f 2185//723 2136//723 2186//723
f 2186//723 2136//723 2134//723
f 2186//724 2134//724 2187//724
f 2187//724 2134//724 2132//724
f 2187//725 2132//725 2188//725
f 2188//725 2132//725 2130//725
f 2188//726 2130//726 2189//726
f 2189//726 2130//726 2128//726
f 2189//727 2128//727 2190//727
f 2190//727 2128//727 2126//727
f 2190//728 2126//728 2191//728
f 2191//728 2126//728 2124//728
f 2191//729 2124//729 2192//729
f 2192//729 2124//729 2122//729
f 2192//730 2122//730 2193//730
f 2193//730 2122//730 2120//730
f 2193//731 2120//731 2194//731
f 2194//731 2120//731 2118//731
f 2194//732 2118//732 2195//732
f 2195//732 2118//732 2116//732
f 2195//733 2116//733 2196//733
f 2196//733 2116//733 2114//733
f 2196//734 2114//734 2197//734
f 2197//734 2114//734 2112//734
f 2197//735 2112//735 2198//735
f 2198//735 2112//735 2110//735
f 2198//736 2110//736 2199//736
f 2199//736 2110//736 2108//736
f 2199//737 2108//737 2200//737
f 2200//737 2108//737 2106//737
f 2200//738 2106//738 2201//738
f 2201//738 2106//738 2104//738
f 2201//739 2104//739 2202//739
f 2202//739 2104//739 2102//739
f 2202//740 2102//740 2167//740
f 2167//740 2102//740 2100//740
f 2203//742 2204//742 2205//742
f 2205//742 2204//742 2206//742
f 2205//741 2206//741 2207//741
f 2207//741 2206//741 2208//741
f 2207//740 2208//740 2209//740
f 2209//740 2208//740 2210//740
f 2209//739 2210//739 2211//739
f 2211//739 2210//739 2212//739
f 2211//738 2212//738 2213//738
f 2213//738 2212//738 2214//738
f 2213//737 2214//737 2215//737
f 2215//737 2214//737 2216//737
f 2215//736 2216//736 2217//736
f 2217//736 2216//736 2218//736
f 2217//735 2218//735 2219//735
f 2219//735 2218//735 2220//735
f 2219//734 2220//734 2221//734
f 2221//734 2220//734 2222//734
f 2221//733 2222//733 2223//733
f 2223//733 2222//733 2224//733
f 2223//732 2224//732 2225//732
f 2225//732 2224//732 2226//732
f 2225//731 2226//731 2227//731
f 2227//731 2226//731 2228//731
f 2227//730 2228//730 2229//730
f 2229//730 2228//730 2230//730
f 2229//729 2230//729 2231//729
f 2231//729 2230//729 2232//729
f 2231//728 2232//728 2233//728
f 2233//728 2232//728 2234//728
f 2233//727 2234//727 2235//727
f 2235//727 2234//727 2236//727
f 2235//726 2236//726 2237//726
f 2237//726 2236//726 2238//726
f 2237//725 2238//725 2239//725
f 2239//725 2238//725 2240//725
f 2239//724 2240//724 2241//724
f 2241//724 2240//724 2242//724
f 2241//723 2242//723 2243//723
f 2243//723 2242//723 2244//723
f 2243//750 2244//750 2245//750
f 2245//750 2244//750 2246//750
f 2245//751 2246//751 2247//751
f 2247//751 2246//751 2248//751
f 2247//752 2248//752 2249//752
f 2249//752 2248//752 2250//752
f 2249//946 2250//946 2251//946
f 2251//946 2250//946 2252//946
f 2251//1040 2252//1040 2253//1040
f 2253//1040 2252//1040 2254//1040
f 2253//1041 2254//1041 2255//1041
f 2255//1041 2254//1041 2256//1041
f 2255//1042 2256//1042 2257//1042
f 2257//1042 2256//1042 2258//1042
f 2257//1043 2258//1043 2259//1043
f 2259//1043 2258//1043 2260//1043
f 2259//1044 2260//1044 2261//1044
f 2261//1044 2260//1044 2262//1044
f 2261//1045 2262//1045 2263//1045
f 2263//1045 2262//1045 2264//1045
f 2263//1046 2264//1046 2265//1046
f 2265//1046 2264//1046 2266//1046
f 2265//1047 2266//1047 2267//1047
f 2267//1047 2266//1047 2268//1047
f 2267//982 2268//982 2269//982
f 2269//982 2268//982 2270//982
f 2269//745 2270//745 2271//745
f 2271//745 2270//745 2272//745
f 2271//744 2272//744 2273//744
f 2273//744 2272//744 2274//744
f 2273//743 2274//743 2203//743
f 2203//743 2274//743 2204//743
f 2275//741 2208//741 2276//741
f 2276//741 2208//741 2206//741
f 2276//742 2206//742 2277//742
f 2277//742 2206//742 2204//742
f 2277//743 2204//743 2278//743
f 2278//743 2204//743 2274//743
f 2278//744 2274//744 2279//744
f 2279//744 2274//744 2272//744
f 2279//745 2272//745 2280//745
f 2280//745 2272//745 2270//745
f 2280//982 2270//982 2281//982
f 2281//982 2270//982 2268//982
f 2281//1047 2268//1047 2282//1047
f 2282//1047 2268//1047 2266//1047
f 2282//1046 2266//1046 2283//1046
f 2283//1046 2266//1046 2264//1046
f 2283//1045 2264//1045 2284//1045
f 2284//1045 2264//1045 2262//1045
f 2284//1044 2262//1044 2285//1044
f 2285//1044 2262//1044 2260//1044
f 2285//1043 2260//1043 2286//1043
f 2286//1043 2260//1043 2258//1043
f 2286//1042 2258//1042 2287//1042
f 2287//1042 2258//1042 2256//1042
f 2287//1041 2256//1041 2288//1041
f 2288//1041 2256//1041 2254//1041
f 2288//1040 2254//1040 2289//1040
f 2289//1040 2254//1040 2252//1040
f 2289//946 2252//946 2290//946
f 2290//946 2252//946 2250//946
f 2290//752 2250//752 2291//752
f 2291//752 2250//752 2248//752
f 2291//751 2248//751 2292//751
f 2292//751 2248//751 2246//751
f 2292//750 2246//750 2293//750
f 2293//750 2246//750 2244//750
f 2293//723 2244//723 2294//723
f 2294//723 2244//723 2242//723
f 2294//724 2242//724 2295//724
f 2295//724 2242//724 2240//724
f 2295//725 2240//725 2296//725
f 2296//725 2240//725 2238//725
f 2296//726 2238//726 2297//726
f 2297//726 2238//726 2236//726
f 2297//727 2236//727 2298//727
f 2298//727 2236//727 2234//727
f 2298//728 2234//728 2299//728
f 2299//728 2234//728 2232//728
f 2299//729 2232//729 2300//729
f 2300//729 2232//729 2230//729
f 2300//730 2230//730 2301//730
f 2301//730 2230//730 2228//730
f 2301//731 2228//731 2302//731
f 2302//731 2228//731 2226//731
f 2302//732 2226//732 2303//732
f 2303//732 2226//732 2224//732
f 2303//733 2224//733 2304//733
f 2304//733 2224//733 2222//733
f 2304//734 2222//734 2305//734
f 2305//734 2222//734 2220//734
f 2305//735 2220//735 2306//735
f 2306//735 2220//735 2218//735
f 2306//736 2218//736 2307//736
f 2307//736 2218//736 2216//736
f 2307//737 2216//737 2308//737
f 2308//737 2216//737 2214//737
f 2308//738 2214//738 2309//738
f 2309//738 2214//738 2212//738
f 2309//739 2212//739 2310//739
f 2310//739 2212//739 2210//739
f 2310//740 2210//740 2275//740
f 2275//740 2210//740 2208//740
f 1089//103 2090//103 1095//103
f 1095//103 2090//103 2311//103
f 2311//103 2090//103 1588//103
f 2311//103 1588//103 1587//103
f 2091//103 1565//103 2090//103
f 2090//103 1565//103 1564//103
f 2090//103 1564//103 1563//103
f 2093//103 1574//103 2091//103
f 2091//103 1574//103 1573//103
f 2091//103 1573//103 1572//103
f 2311//103 1584//103 2093//103
f 2093//103 1584//103 1583//103
f 2093//103 1583//103 1582//103
f 1553//103 1554//103 2090//103
f 2090//103 1554//103 1555//103
f 2090//103 1555//103 1556//103
f 1556//103 1557//103 2090//103
f 2090//103 1557//103 1588//103
f 1587//103 1586//103 2311//103
f 2311//103 1586//103 1585//103
f 2311//103 1585//103 1584//103
f 1582//103 1581//103 2093//103
f 2093//103 1581//103 1580//103
f 2093//103 1580//103 1579//103
f 1579//103 1578//103 2093//103
f 2093//103 1578//103 1577//103
f 2093//103 1577//103 1576//103
f 1576//103 1575//103 2093//103
f 2093//103 1575//103 1574//103
f 1572//103 1571//103 2091//103
f 2091//103 1571//103 1570//103
f 2091//103 1570//103 1569//103
f 1569//103 1568//103 2091//103
f 2091//103 1568//103 1567//103
f 2091//103 1567//103 1566//103
f 1566//103 1565//103 2091//103
f 1563//103 1562//103 2090//103
f 2090//103 1562//103 1561//103
f 2090//103 1561//103 1560//103
f 1560//103 1559//103 2090//103
f 2090//103 1559//103 1558//103
f 2090//103 1558//103 1553//103
f 2312//6 2243//6 2311//6
f 2311//6 2243//6 2245//6
f 2311//6 2245//6 2247//6
f 2313//6 2231//6 2312//6
f 2312//6 2231//6 2233//6
f 2312//6 2233//6 2235//6
f 2313//6 2314//6 2231//6
f 2231//6 2314//6 2315//6
f 2231//6 2315//6 2316//6
f 2316//6 2317//6 2231//6
f 2231//6 2317//6 2318//6
f 2231//6 2318//6 2319//6
f 2319//6 2320//6 2231//6
f 2231//6 2320//6 2321//6
f 2231//6 2321//6 2322//6
f 2323//6 2223//6 2322//6
f 2322//6 2223//6 2225//6
f 2322//6 2225//6 2227//6
f 2324//6 2215//6 2323//6
f 2323//6 2215//6 2217//6
f 2323//6 2217//6 2219//6
f 2324//6 2325//6 2215//6
f 2215//6 2325//6 2326//6
f 2215//6 2326//6 2327//6
f 2327//6 2328//6 2215//6
f 2215//6 2328//6 2329//6
f 2215//6 2329//6 2330//6
f 2330//6 2331//6 2215//6
f 2215//6 2331//6 2332//6
f 2215//6 2332//6 1097//6
f 1095//6 2203//6 1097//6
f 1097//6 2203//6 2205//6
f 1097//6 2205//6 2207//6
f 2311//6 2259//6 1095//6
f 1095//6 2259//6 2261//6
f 1095//6 2261//6 2263//6
f 2207//6 2209//6 1097//6
f 1097//6 2209//6 2211//6
f 1097//6 2211//6 2213//6
f 2213//6 2215//6 1097//6
f 2219//6 2221//6 2323//6
f 2323//6 2221//6 2223//6
f 2227//6 2229//6 2322//6
f 2322//6 2229//6 2231//6
f 2235//6 2237//6 2312//6
f 2312//6 2237//6 2239//6
f 2312//6 2239//6 2241//6
f 2241//6 2243//6 2312//6
f 2247//6 2249//6 2311//6
f 2311//6 2249//6 2251//6
f 2311//6 2251//6 2253//6
f 2253//6 2255//6 2311//6
f 2311//6 2255//6 2257//6
f 2311//6 2257//6 2259//6
f 2263//6 2265//6 1095//6
f 1095//6 2265//6 2267//6
f 1095//6 2267//6 2269//6
f 2269//6 2271//6 1095//6
f 1095//6 2271//6 2273//6
f 1095//6 2273//6 2203//6
f 1093//6 2115//6 1838//6
f 1838//6 2115//6 2117//6
f 1838//6 2117//6 2119//6
f 1100//6 2099//6 1093//6
f 1093//6 2099//6 2101//6
f 1093//6 2101//6 2103//6
f 2333//6 2159//6 1100//6
f 1100//6 2159//6 2161//6
f 1100//6 2161//6 2163//6
f 2333//6 2334//6 2159//6
f 2159//6 2334//6 2335//6
f 2159//6 2335//6 2336//6
f 2336//6 2337//6 2159//6
f 2159//6 2337//6 2338//6
f 2159//6 2338//6 2339//6
f 2339//6 2340//6 2159//6
f 2159//6 2340//6 2341//6
f 2159//6 2341//6 2342//6
f 2343//6 2151//6 2342//6
f 2342//6 2151//6 2153//6
f 2342//6 2153//6 2155//6
f 2344//6 2143//6 2343//6
f 2343//6 2143//6 2145//6
f 2343//6 2145//6 2147//6
f 2344//6 2345//6 2143//6
f 2143//6 2345//6 2346//6
f 2143//6 2346//6 2347//6
f 2347//6 2348//6 2143//6
f 2143//6 2348//6 2349//6
f 2143//6 2349//6 2350//6
f 2350//6 2351//6 2143//6
f 2143//6 2351//6 2352//6
f 2143//6 2352//6 2353//6
f 1838//6 2131//6 2353//6
f 2353//6 2131//6 2133//6
f 2353//6 2133//6 2135//6
f 2095//6 2097//6 1100//6
f 1100//6 2097//6 2099//6
f 2103//6 2105//6 1093//6
f 1093//6 2105//6 2107//6
f 1093//6 2107//6 2109//6
f 2109//6 2111//6 1093//6
f 1093//6 2111//6 2113//6
f 1093//6 2113//6 2115//6
f 2119//6 2121//6 1838//6
f 1838//6 2121//6 2123//6
f 1838//6 2123//6 2125//6
f 2125//6 2127//6 1838//6
f 1838//6 2127//6 2129//6
f 1838//6 2129//6 2131//6
f 2135//6 2137//6 2353//6
f 2353//6 2137//6 2139//6
f 2353//6 2139//6 2141//6
f 2141//6 2143//6 2353//6
f 2147//6 2149//6 2343//6
f 2343//6 2149//6 2151//6
f 2155//6 2157//6 2342//6
f 2342//6 2157//6 2159//6
f 2163//6 2165//6 1100//6
f 1100//6 2165//6 2095//6
f 1098//1048 1097//1048 2354//1048
f 2354//1048 1097//1048 2332//1048
f 2354//1049 2332//1049 2355//1049
f 2355//1049 2332//1049 2331//1049
f 2355//1050 2331//1050 2356//1050
f 2356//1050 2331//1050 2330//1050
f 2356//1051 2330//1051 2357//1051
f 2357//1051 2330//1051 2329//1051
f 2357//1052 2329//1052 2358//1052
f 2358//1052 2329//1052 2328//1052
f 2358//1053 2328//1053 2359//1053
f 2359//1053 2328//1053 2327//1053
f 2359//1054 2327//1054 2360//1054
f 2360//1054 2327//1054 2326//1054
f 2360//1055 2326//1055 2361//1055
f 2361//1055 2326//1055 2325//1055
f 2361//1056 2325//1056 2362//1056
f 2362//1056 2325//1056 2324//1056
f 2362//1057 2324//1057 2363//1057
f 2363//1057 2324//1057 2323//1057
f 2323//103 2322//103 2363//103
f 2363//103 2322//103 2364//103
f 2364//1058 2322//1058 2365//1058
f 2365//1058 2322//1058 2321//1058
f 2365//1059 2321//1059 2366//1059
f 2366//1059 2321//1059 2320//1059
f 2366//1060 2320//1060 2367//1060
f 2367//1060 2320//1060 2319//1060
f 2367//1061 2319//1061 2368//1061
f 2368//1061 2319//1061 2318//1061
f 2368//1062 2318//1062 2369//1062
f 2369//1062 2318//1062 2317//1062
f 2369//1063 2317//1063 2370//1063
f 2370//1063 2317//1063 2316//1063
f 2370//1064 2316//1064 2371//1064
f 2371//1064 2316//1064 2315//1064
f 2371//1065 2315//1065 2372//1065
f 2372//1065 2315//1065 2314//1065
f 2372//1066 2314//1066 2373//1066
f 2373//1066 2314//1066 2313//1066
f 2373//1067 2313//1067 2374//1067
f 2374//1067 2313//1067 2312//1067
f 2094//176 1852//176 1872//176
f 1872//176 1852//176 1863//176
f 1863//176 1852//176 1850//176
f 1863//176 1850//176 1848//176
f 1863//176 1848//176 1861//176
f 1861//176 1848//176 1846//176
f 1861//176 1846//176 1859//176
f 1859//176 1846//176 1844//176
f 1859//176 1844//176 1857//176
f 1857//176 1844//176 1842//176
f 1857//176 1842//176 1855//176
f 1855//176 1842//176 1840//176
f 1855//176 1840//176 1853//176
f 1853//176 1840//176 1825//176
f 1853//176 1825//176 1904//176
f 1904//176 1825//176 1827//176
f 1904//176 1827//176 1906//176
f 1906//176 1827//176 1908//176
f 1908//176 1827//176 1829//176
f 1908//176 1829//176 1910//176
f 1910//176 1829//176 1831//176
f 1910//176 1831//176 1912//176
f 1912//176 1831//176 1833//176
f 1912//176 1833//176 2093//176
f 2093//176 1833//176 1440//176
f 2093//176 1440//176 1438//176
f 1440//176 1833//176 1442//176
f 1442//176 1833//176 1835//176
f 1442//176 1835//176 1250//176
f 1250//176 1835//176 1252//176
f 1252//176 1835//176 1254//176
f 1254//176 1835//176 1256//176
f 1256//176 1835//176 1258//176
f 1258//176 1835//176 1260//176
f 1260//176 1835//176 1262//176
f 1262//176 1835//176 1264//176
f 1264//176 1835//176 1266//176
f 1266//176 1835//176 1268//176
f 1268//176 1835//176 1270//176
f 1270//176 1835//176 1272//176
f 1272//176 1835//176 1274//176
f 1274//176 1835//176 1276//176
f 1276//176 1835//176 1190//176
f 1190//176 1835//176 1192//176
f 1192//176 1835//176 1194//176
f 1194//176 1835//176 1278//176
f 1194//176 1278//176 1196//176
f 1196//176 1278//176 1364//176
f 1196//176 1364//176 1198//176
f 1198//176 1364//176 1362//176
f 1198//176 1362//176 1200//176
f 1200//176 1362//176 1360//176
f 1200//176 1360//176 1202//176
f 1202//176 1360//176 1358//176
f 1202//176 1358//176 1204//176
f 1204//176 1358//176 1356//176
f 1204//176 1356//176 1206//176
f 1206//176 1356//176 1354//176
f 1206//176 1354//176 1208//176
f 1208//176 1354//176 1352//176
f 1208//176 1352//176 1210//176
f 1210//176 1352//176 1350//176
f 1210//176 1350//176 1212//176
f 1212//176 1350//176 1348//176
f 1212//176 1348//176 1214//176
f 1214//176 1348//176 1346//176
f 1214//176 1346//176 1344//176
f 1278//176 1835//176 1280//176
f 1280//176 1835//176 1838//176
f 1280//176 1838//176 1282//176
f 1282//176 1838//176 1284//176
f 1284//176 1838//176 1286//176
f 1286//176 1838//176 1288//176
f 1288//176 1838//176 1290//176
f 1290//176 1838//176 1292//176
f 1292//176 1838//176 1294//176
f 1294//176 1838//176 1296//176
f 1296//176 1838//176 1298//176
f 1298//176 1838//176 1300//176
f 1300//176 1838//176 1302//176
f 1302//176 1838//176 1304//176
f 1304//176 1838//176 1306//176
f 1306//176 1838//176 1308//176
f 1308//176 1838//176 1310//176
f 1310//176 1838//176 2311//176
f 1310//176 2311//176 1118//176
f 1118//176 2311//176 1120//176
f 1120//176 2311//176 1122//176
f 1122//176 2311//176 1124//176
f 1124//176 2311//176 1126//176
f 1126//176 2311//176 1128//176
f 1128//176 2311//176 1130//176
f 1130//176 2311//176 1132//176
f 1132//176 2311//176 1134//176
f 1134//176 2311//176 1136//176
f 1136//176 2311//176 1138//176
f 1138//176 2311//176 1140//176
f 1140//176 2311//176 1142//176
f 1142//176 2311//176 1144//176
f 1144//176 2311//176 1146//176
f 1146//176 2311//176 1148//176
f 1148//176 2311//176 1412//176
f 1148//176 1412//176 1150//176
f 1150//176 1412//176 1410//176
f 1150//176 1410//176 1408//176
f 2353//176 2375//176 1838//176
f 1838//176 2375//176 2374//176
f 1838//176 2374//176 2311//176
f 2311//176 2374//176 2312//176
f 2311//176 2093//176 1412//176
f 1412//176 2093//176 1414//176
f 1414//176 2093//176 1416//176
f 1416//176 2093//176 1418//176
f 1418//176 2093//176 1420//176
f 1420//176 2093//176 1422//176
f 1422//176 2093//176 1424//176
f 1424//176 2093//176 1426//176
f 1426//176 2093//176 1428//176
f 1428//176 2093//176 1430//176
f 1430//176 2093//176 1432//176
f 1432//176 2093//176 1434//176
f 1434//176 2093//176 1436//176
f 1436//176 2093//176 1438//176
f 1916//176 1914//176 2093//176
f 2093//176 1914//176 1912//176
f 1102//176 1326//176 1104//176
f 1104//176 1326//176 1324//176
f 1104//176 1324//176 1106//176
f 1106//176 1324//176 1322//176
f 1106//176 1322//176 1108//176
f 1108//176 1322//176 1320//176
f 1108//176 1320//176 1110//176
f 1110//176 1320//176 1318//176
f 1110//176 1318//176 1112//176
f 1112//176 1318//176 1316//176
f 1112//176 1316//176 1114//176
f 1114//176 1316//176 1314//176
f 1114//176 1314//176 1116//176
f 1116//176 1314//176 1312//176
f 1116//176 1312//176 1118//176
f 1118//176 1312//176 1310//176
f 1326//176 1102//176 1328//176
f 1328//176 1102//176 1188//176
f 1328//176 1188//176 1330//176
f 1330//176 1188//176 1186//176
f 1330//176 1186//176 1332//176
f 1332//176 1186//176 1184//176
f 1332//176 1184//176 1334//176
f 1334//176 1184//176 1182//176
f 1334//176 1182//176 1226//176
f 1226//176 1182//176 1378//176
f 1226//176 1378//176 1228//176
f 1228//176 1378//176 1376//176
f 1228//176 1376//176 1230//176
f 1230//176 1376//176 1374//176
f 1230//176 1374//176 1232//176
f 1232//176 1374//176 1372//176
f 1232//176 1372//176 1234//176
f 1234//176 1372//176 1370//176
f 1234//176 1370//176 1236//176
f 1236//176 1370//176 1368//176
f 1236//176 1368//176 1238//176
f 1238//176 1368//176 1366//176
f 1238//176 1366//176 1240//176
f 1240//176 1366//176 1452//176
f 1240//176 1452//176 1242//176
f 1242//176 1452//176 1450//176
f 1242//176 1450//176 1244//176
f 1244//176 1450//176 1448//176
f 1244//176 1448//176 1246//176
f 1246//176 1448//176 1446//176
f 1246//176 1446//176 1248//176
f 1248//176 1446//176 1444//176
f 1248//176 1444//176 1250//176
f 1250//176 1444//176 1442//176
f 1182//176 1180//176 1378//176
f 1378//176 1180//176 1380//176
f 1380//176 1180//176 1382//176
f 1382//176 1180//176 1178//176
f 1382//176 1178//176 1384//176
f 1384//176 1178//176 1176//176
f 1384//176 1176//176 1386//176
f 1386//176 1176//176 1174//176
f 1386//176 1174//176 1388//176
f 1388//176 1174//176 1172//176
f 1388//176 1172//176 1390//176
f 1390//176 1172//176 1170//176
f 1390//176 1170//176 1168//176
f 1390//176 1168//176 1392//176
f 1392//176 1168//176 1166//176
f 1392//176 1166//176 1394//176
f 1394//176 1166//176 1164//176
f 1394//176 1164//176 1396//176
f 1396//176 1164//176 1162//176
f 1396//176 1162//176 1398//176
f 1398//176 1162//176 1160//176
f 1398//176 1160//176 1400//176
f 1400//176 1160//176 1158//176
f 1400//176 1158//176 1402//176
f 1402//176 1158//176 1156//176
f 1402//176 1156//176 1404//176
f 1404//176 1156//176 1154//176
f 1404//176 1154//176 1406//176
f 1406//176 1154//176 1152//176
f 1406//176 1152//176 1408//176
f 1408//176 1152//176 1150//176
f 1226//176 1224//176 1334//176
f 1334//176 1224//176 1336//176
f 1336//176 1224//176 1222//176
f 1336//176 1222//176 1338//176
f 1338//176 1222//176 1220//176
f 1338//176 1220//176 1340//176
f 1340//176 1220//176 1218//176
f 1340//176 1218//176 1342//176
f 1342//176 1218//176 1216//176
f 1342//176 1216//176 1344//176
f 1344//176 1216//176 1214//176
f 2354//3 2355//3 1098//3
f 1098//3 2355//3 2356//3
f 1098//3 2356//3 2357//3
f 2357//3 2358//3 1098//3
f 1098//3 2358//3 2359//3
f 1098//3 2359//3 2277//3
f 2277//3 2359//3 2360//3
f 2277//3 2360//3 2276//3
f 2276//3 2360//3 2361//3
f 2276//3 2361//3 2362//3
f 2362//3 2363//3 2276//3
f 2276//3 2363//3 2275//3
f 2275//3 2363//3 2310//3
f 2310//3 2363//3 2309//3
f 2309//3 2363//3 2308//3
f 2308//3 2363//3 2307//3
f 2307//3 2363//3 2306//3
f 2306//3 2363//3 2305//3
f 2305//3 2363//3 2304//3
f 2304//3 2363//3 2303//3
f 2303//3 2363//3 2364//3
f 2303//3 2364//3 2302//3
f 2302//3 2364//3 2301//3
f 2301//3 2364//3 2300//3
f 2300//3 2364//3 2299//3
f 2299//3 2364//3 2298//3
f 2298//3 2364//3 2297//3
f 2297//3 2364//3 2296//3
f 2296//3 2364//3 2295//3
f 2295//3 2364//3 2294//3
f 2294//3 2364//3 2365//3
f 2294//3 2365//3 2366//3
f 2366//3 2367//3 2294//3
f 2294//3 2367//3 2293//3
f 2293//3 2367//3 2368//3
f 2293//3 2368//3 2374//3
f 2374//3 2368//3 2369//3
f 2374//3 2369//3 2370//3
f 2370//3 2371//3 2374//3
f 2374//3 2371//3 2372//3
f 2374//3 2372//3 2373//3
f 2293//3 2374//3 2292//3
f 2292//3 2374//3 2375//3
f 2292//3 2375//3 2188//3
f 2188//3 2375//3 2187//3
f 2187//3 2375//3 2376//3
f 2187//3 2376//3 2377//3
f 2378//3 2379//3 2375//3
f 2375//3 2379//3 2380//3
f 2375//3 2380//3 2381//3
f 2381//3 2382//3 2375//3
f 2375//3 2382//3 2376//3
f 2187//3 2377//3 2186//3
f 2186//3 2377//3 2383//3
f 2186//3 2383//3 2384//3
f 2384//3 2385//3 2186//3
f 2186//3 2385//3 2185//3
f 2185//3 2385//3 2184//3
f 2184//3 2385//3 2183//3
f 2183//3 2385//3 2182//3
f 2182//3 2385//3 2181//3
f 2181//3 2385//3 2180//3
f 2180//3 2385//3 2179//3
f 2179//3 2385//3 2178//3
f 2178//3 2385//3 2177//3
f 2177//3 2385//3 2386//3
f 2177//3 2386//3 2176//3
f 2176//3 2386//3 2175//3
f 2175//3 2386//3 2387//3
f 2175//3 2387//3 2174//3
f 2174//3 2387//3 2173//3
f 2173//3 2387//3 2172//3
f 2172//3 2387//3 2171//3
f 2171//3 2387//3 2170//3
f 2170//3 2387//3 2169//3
f 2169//3 2387//3 2168//3
f 2168//3 2387//3 2388//3
f 2168//3 2388//3 2389//3
f 2168//3 2389//3 2167//3
f 2167//3 2389//3 2390//3
f 2167//3 2390//3 1099//3
f 1099//3 2390//3 2391//3
f 1099//3 2391//3 2392//3
f 2392//3 2393//3 1099//3
f 1099//3 2393//3 2394//3
f 1099//3 2394//3 2395//3
f 1098//3 2278//3 1099//3
f 1099//3 2278//3 2202//3
f 1099//3 2202//3 2167//3
f 2188//3 2189//3 2292//3
f 2292//3 2189//3 2291//3
f 2291//3 2189//3 2190//3
f 2291//3 2190//3 2290//3
f 2290//3 2190//3 2289//3
f 2289//3 2190//3 2191//3
f 2289//3 2191//3 2288//3
f 2288//3 2191//3 2192//3
f 2288//3 2192//3 2287//3
f 2287//3 2192//3 2193//3
f 2287//3 2193//3 2286//3
f 2286//3 2193//3 2194//3
f 2286//3 2194//3 2285//3
f 2285//3 2194//3 2195//3
f 2285//3 2195//3 2196//3
f 2285//3 2196//3 2284//3
f 2284//3 2196//3 2197//3
f 2284//3 2197//3 2283//3
f 2283//3 2197//3 2198//3
f 2283//3 2198//3 2282//3
f 2282//3 2198//3 2199//3
f 2282//3 2199//3 2281//3
f 2281//3 2199//3 2200//3
f 2281//3 2200//3 2280//3
f 2280//3 2200//3 2279//3
f 2279//3 2200//3 2201//3
f 2279//3 2201//3 2278//3
f 2278//3 2201//3 2202//3
f 2277//3 2278//3 1098//3
f 2375//1068 2353//1068 2378//1068
f 2378//1068 2353//1068 2352//1068
f 2378//1069 2352//1069 2379//1069
f 2379//1069 2352//1069 2351//1069
f 2379//1070 2351//1070 2380//1070
f 2380//1070 2351//1070 2350//1070
f 2380//1071 2350//1071 2381//1071
f 2381//1071 2350//1071 2349//1071
f 2381//1072 2349//1072 2382//1072
f 2382//1072 2349//1072 2348//1072
f 2382//1073 2348//1073 2376//1073
f 2376//1073 2348//1073 2347//1073
f 2376//1074 2347//1074 2377//1074
f 2377//1074 2347//1074 2346//1074
f 2377//1075 2346//1075 2383//1075
f 2383//1075 2346//1075 2345//1075
f 2383//1076 2345//1076 2384//1076
f 2384//1076 2345//1076 2344//1076
f 2384//1077 2344//1077 2385//1077
f 2385//1077 2344//1077 2343//1077
f 2386//1078 2342//1078 2387//1078
f 2387//1078 2342//1078 2341//1078
f 2387//1079 2341//1079 2388//1079
f 2388//1079 2341//1079 2340//1079
f 2388//1080 2340//1080 2389//1080
f 2389//1080 2340//1080 2339//1080
f 2389//1081 2339//1081 2390//1081
f 2390//1081 2339//1081 2338//1081
f 2390//1082 2338//1082 2391//1082
f 2391//1082 2338//1082 2337//1082
f 2391//1083 2337//1083 2392//1083
f 2392//1083 2337//1083 2336//1083
f 2392//1084 2336//1084 2393//1084
f 2393//1084 2336//1084 2335//1084
f 2393//1085 2335//1085 2394//1085
f 2394//1085 2335//1085 2334//1085
f 2394//1086 2334//1086 2395//1086
f 2395//1086 2334//1086 2333//1086
f 2395//1087 2333//1087 1099//1087
f 1099//1087 2333//1087 1100//1087
f 2343//126 2342//126 2385//126
f 2385//126 2342//126 2386//126
f 2396//176 2397//176 2398//176
f 2398//176 2397//176 2399//176
f 2398//176 2399//176 2400//176
f 2400//176 2399//176 2401//176
f 2402//176 2403//176 2397//176
f 2397//176 2403//176 2404//176
f 2397//176 2404//176 2399//176
f 2399//176 2404//176 2405//176
f 2405//176 2404//176 2406//176
f 2405//176 2406//176 2407//176
f 2403//176 2402//176 2407//176
f 2407//176 2402//176 2405//176
f 2408//314 2409//314 2410//314
f 2410//314 2409//314 2411//314
f 2410//313 2411//313 2412//313
f 2412//313 2411//313 2413//313
f 2412//312 2413//312 2414//312
f 2414//312 2413//312 2415//312
f 2414//341 2415//341 2416//341
f 2416//311 2415//311 2417//311
f 2416//340 2417//340 2418//340
f 2418//310 2417//310 2419//310
f 2418//309 2419//309 2420//309
f 2420//309 2419//309 2421//309
f 2420//308 2421//308 2422//308
f 2422//308 2421//308 2423//308
f 2422//307 2423//307 2424//307
f 2424//307 2423//307 2425//307
f 2424//306 2425//306 2426//306
f 2426//339 2425//339 2427//339
f 2426//338 2427//338 2428//338
f 2428//338 2427//338 2429//338
f 2428//304 2429//304 2430//304
f 2430//304 2429//304 2431//304
f 2430//303 2431//303 2432//303
f 2432//303 2431//303 2433//303
f 2432//302 2433//302 2434//302
f 2434//302 2433//302 2435//302
f 2434//301 2435//301 2436//301
f 2436//301 2435//301 2437//301
f 2436//337 2437//337 2438//337
f 2438//337 2437//337 2439//337
f 2438//299 2439//299 2440//299
f 2440//336 2439//336 2441//336
f 2440//298 2441//298 2442//298
f 2442//298 2441//298 2443//298
f 2442//297 2443//297 2444//297
f 2444//297 2443//297 2445//297
f 2444//296 2445//296 2446//296
f 2446//296 2445//296 2447//296
f 2446//295 2447//295 2448//295
f 2448//295 2447//295 2449//295
f 2448//294 2449//294 2450//294
f 2450//293 2449//293 2451//293
f 2450//292 2451//292 2452//292
f 2452//292 2451//292 2453//292
f 2452//291 2453//291 2454//291
f 2454//291 2453//291 2455//291
f 2454//290 2455//290 2456//290
f 2456//290 2455//290 2457//290
f 2456//335 2457//335 2458//335
f 2458//335 2457//335 2459//335
f 2458//334 2459//334 2460//334
f 2460//333 2459//333 2461//333
f 2460//344 2461//344 2462//344
f 2462//344 2461//344 2463//344
f 2462//331 2463//331 2464//331
f 2464//331 2463//331 2465//331
f 2464//330 2465//330 2466//330
f 2466//330 2465//330 2467//330
f 2466//329 2467//329 2468//329
f 2468//329 2467//329 2469//329
f 2468//328 2469//328 2470//328
f 2470//328 2469//328 2471//328
f 2470//327 2471//327 2472//327
f 2472//327 2471//327 2473//327
f 2472//326 2473//326 2474//326
f 2474//326 2473//326 2475//326
f 2474//325 2475//325 2476//325
f 2476//325 2475//325 2477//325
f 2476//324 2477//324 2478//324
f 2478//324 2477//324 2479//324
f 2478//323 2479//323 2480//323
f 2480//323 2479//323 2481//323
f 2480//322 2481//322 2482//322
f 2482//322 2481//322 2483//322
f 2482//321 2483//321 2484//321
f 2484//321 2483//321 2485//321
f 2484//320 2485//320 2486//320
f 2486//320 2485//320 2487//320
f 2486//319 2487//319 2488//319
f 2488//319 2487//319 2489//319
f 2488//318 2489//318 2490//318
f 2490//318 2489//318 2491//318
f 2490//343 2491//343 2492//343
f 2492//343 2491//343 2493//343
f 2492//316 2493//316 2494//316
f 2494//342 2493//342 2495//342
f 2494//315 2495//315 2408//315
f 2408//315 2495//315 2409//315
f 2412//7 106//7 2410//7
f 2410//7 106//7 107//7
f 2410//7 107//7 2408//7
f 2408//7 107//7 108//7
f 2408//7 108//7 2494//7
f 2494//1088 108//1088 109//1088
f 2494//1088 109//1088 2492//1088
f 2492//7 109//7 110//7
f 2492//1088 110//1088 2490//1088
f 2490//7 110//7 111//7
f 2490//1089 111//1089 2488//1089
f 2488//7 111//7 112//7
f 2488//7 112//7 2486//7
f 2486//7 112//7 113//7
f 2486//7 113//7 2484//7
f 2484//7 113//7 114//7
f 2484//7 114//7 2482//7
f 2482//7 114//7 115//7
f 2482//1088 115//1088 2480//1088
f 2480//7 115//7 116//7
f 2480//1089 116//1089 2478//1089
f 2478//7 116//7 117//7
f 2478//1088 117//1088 2476//1088
f 2476//1089 117//1089 2474//1089
f 2474//7 117//7 118//7
f 2474//7 118//7 2472//7
f 2472//7 118//7 119//7
f 2472//7 119//7 2470//7
f 2470//7 119//7 120//7
f 2470//7 120//7 2468//7
f 2468//7 120//7 121//7
f 2468//7 121//7 2466//7
f 2466//7 121//7 122//7
f 2466//7 122//7 2464//7
f 2464//7 122//7 123//7
f 2464//7 123//7 2462//7
f 2462//7 123//7 124//7
f 2462//1089 124//1089 2460//1089
f 2460//7 124//7 125//7
f 2460//1089 125//1089 2458//1089
f 2458//1089 125//1089 126//1089
f 2458//7 126//7 2456//7
f 2456//7 126//7 127//7
f 2456//7 127//7 2454//7
f 2454//7 127//7 128//7
f 2454//7 128//7 2452//7
f 2452//7 128//7 129//7
f 2452//1088 129//1088 2450//1088
f 2450//7 129//7 130//7
f 2450//1089 130//1089 2448//1089
f 2448//7 130//7 131//7
f 2448//7 131//7 2446//7
f 2446//7 131//7 132//7
f 2446//1088 132//1088 2444//1088
f 2444//7 132//7 133//7
f 2444//7 133//7 2442//7
f 2442//7 133//7 134//7
f 2442//7 134//7 2440//7
f 2440//7 134//7 135//7
f 2440//7 135//7 2438//7
f 2438//7 135//7 136//7
f 2438//7 136//7 2436//7
f 2436//7 136//7 95//7
f 2436//7 95//7 2434//7
f 2434//7 95//7 96//7
f 2434//7 96//7 2432//7
f 2432//7 96//7 2430//7
f 2430//7 96//7 97//7
f 2430//7 97//7 2428//7
f 2428//7 97//7 98//7
f 2428//7 98//7 2426//7
f 2426//7 98//7 99//7
f 2426//7 99//7 2424//7
f 2424//7 99//7 100//7
f 2424//7 100//7 2422//7
f 2422//7 100//7 101//7
f 2422//7 101//7 2420//7
f 2420//7 101//7 102//7
f 2420//7 102//7 2418//7
f 2418//7 102//7 103//7
f 2418//7 103//7 2416//7
f 2416//7 103//7 104//7
f 2416//1088 104//1088 2414//1088
f 2414//7 104//7 105//7
f 2414//1089 105//1089 2412//1089
f 2412//7 105//7 106//7
f 2496//314 2497//314 2498//314
f 2498//314 2497//314 2499//314
f 2498//313 2499//313 2500//313
f 2500//313 2499//313 2501//313
f 2500//312 2501//312 2502//312
f 2502//312 2501//312 2503//312
f 2502//311 2503//311 2504//311
f 2504//311 2503//311 2505//311
f 2504//340 2505//340 2506//340
f 2506//310 2505//310 2507//310
f 2506//309 2507//309 2508//309
f 2508//309 2507//309 2509//309
f 2508//308 2509//308 2510//308
f 2510//308 2509//308 2511//308
f 2510//307 2511//307 2512//307
f 2512//307 2511//307 2513//307
f 2512//306 2513//306 2514//306
f 2514//306 2513//306 2515//306
f 2514//305 2515//305 2516//305
f 2516//305 2515//305 2517//305
f 2516//304 2517//304 2518//304
f 2518//304 2517//304 2519//304
f 2518//303 2519//303 2520//303
f 2520//303 2519//303 2521//303
f 2520//302 2521//302 2522//302
f 2522//302 2521//302 2523//302
f 2522//301 2523//301 2524//301
f 2524//301 2523//301 2525//301
f 2524//300 2525//300 2526//300
f 2526//300 2525//300 2527//300
f 2526//299 2527//299 2528//299
f 2528//299 2527//299 2529//299
f 2528//298 2529//298 2530//298
f 2530//298 2529//298 2531//298
f 2530//297 2531//297 2532//297
f 2532//297 2531//297 2533//297
f 2532//296 2533//296 2534//296
f 2534//296 2533//296 2535//296
f 2534//1090 2535//1090 2536//1090
f 2536//295 2535//295 2537//295
f 2536//293 2537//293 2538//293
f 2538//294 2537//294 2539//294
f 2538//292 2539//292 2540//292
f 2540//292 2539//292 2541//292
f 2540//291 2541//291 2542//291
f 2542//291 2541//291 2543//291
f 2542//290 2543//290 2544//290
f 2544//290 2543//290 2545//290
f 2544//335 2545//335 2546//335
f 2546//335 2545//335 2547//335
f 2546//333 2547//333 2548//333
f 2548//334 2547//334 2549//334
f 2548//332 2549//332 2550//332
f 2550//344 2549//344 2551//344
f 2550//331 2551//331 2552//331
f 2552//331 2551//331 2553//331
f 2552//330 2553//330 2554//330
f 2554//330 2553//330 2555//330
f 2554//329 2555//329 2556//329
f 2556//329 2555//329 2557//329
f 2556//328 2557//328 2558//328
f 2558//328 2557//328 2559//328
f 2558//327 2559//327 2560//327
f 2560//327 2559//327 2561//327
f 2560//326 2561//326 2562//326
f 2562//326 2561//326 2563//326
f 2562//325 2563//325 2564//325
f 2564//325 2563//325 2565//325
f 2564//324 2565//324 2566//324
f 2566//324 2565//324 2567//324
f 2566//323 2567//323 2568//323
f 2568//323 2567//323 2569//323
f 2568//322 2569//322 2570//322
f 2570//1091 2569//1091 2571//1091
f 2570//321 2571//321 2572//321
f 2572//321 2571//321 2573//321
f 2572//320 2573//320 2574//320
f 2574//320 2573//320 2575//320
f 2574//319 2575//319 2576//319
f 2576//319 2575//319 2577//319
f 2576//318 2577//318 2578//318
f 2578//318 2577//318 2579//318
f 2578//317 2579//317 2580//317
f 2580//343 2579//343 2581//343
f 2580//316 2581//316 2582//316
f 2582//316 2581//316 2583//316
f 2582//315 2583//315 2496//315
f 2496//315 2583//315 2497//315
f 2500//1088 514//1088 2498//1088
f 2498//7 514//7 515//7
f 2498//7 515//7 2496//7
f 2496//7 515//7 516//7
f 2496//1089 516//1089 2582//1089
f 2582//7 516//7 517//7
f 2582//1088 517//1088 2580//1088
f 2580//7 517//7 518//7
f 2580//1089 518//1089 2578//1089
f 2578//7 518//7 519//7
f 2578//7 519//7 2576//7
f 2576//7 519//7 520//7
f 2576//1089 520//1089 2574//1089
f 2574//1088 520//1088 521//1088
f 2574//7 521//7 2572//7
f 2572//7 521//7 522//7
f 2572//7 522//7 2570//7
f 2570//7 522//7 523//7
f 2570//7 523//7 2568//7
f 2568//7 523//7 524//7
f 2568//1089 524//1089 2566//1089
f 2566//7 524//7 525//7
f 2566//1088 525//1088 2564//1088
f 2564//1089 525//1089 2562//1089
f 2562//7 525//7 526//7
f 2562//7 526//7 2560//7
f 2560//7 526//7 527//7
f 2560//7 527//7 2558//7
f 2558//7 527//7 528//7
f 2558//7 528//7 2556//7
f 2556//7 528//7 529//7
f 2556//7 529//7 2554//7
f 2554//1089 529//1089 530//1089
f 2554//7 530//7 2552//7
f 2552//7 530//7 531//7
f 2552//7 531//7 2550//7
f 2550//7 531//7 532//7
f 2550//1088 532//1088 2548//1088
f 2548//7 532//7 533//7
f 2548//1089 533//1089 2546//1089
f 2546//7 533//7 534//7
f 2546//1088 534//1088 2544//1088
f 2544//7 534//7 535//7
f 2544//7 535//7 2542//7
f 2542//7 535//7 536//7
f 2542//1089 536//1089 2540//1089
f 2540//7 536//7 537//7
f 2540//1088 537//1088 2538//1088
f 2538//1089 537//1089 538//1089
f 2538//1089 538//1089 2536//1089
f 2536//7 538//7 539//7
f 2536//1088 539//1088 2534//1088
f 2534//7 539//7 540//7
f 2534//7 540//7 2532//7
f 2532//7 540//7 541//7
f 2532//1088 541//1088 2530//1088
f 2530//1089 541//1089 542//1089
f 2530//7 542//7 2528//7
f 2528//7 542//7 543//7
f 2528//7 543//7 2526//7
f 2526//7 543//7 544//7
f 2526//1089 544//1089 2524//1089
f 2524//7 544//7 503//7
f 2524//1088 503//1088 2522//1088
f 2522//7 503//7 504//7
f 2522//1089 504//1089 2520//1089
f 2520//1088 504//1088 2518//1088
f 2518//7 504//7 505//7
f 2518//7 505//7 2516//7
f 2516//7 505//7 506//7
f 2516//7 506//7 2514//7
f 2514//7 506//7 507//7
f 2514//7 507//7 2512//7
f 2512//7 507//7 508//7
f 2512//7 508//7 2510//7
f 2510//1088 508//1088 509//1088
f 2510//7 509//7 2508//7
f 2508//7 509//7 510//7
f 2508//7 510//7 2506//7
f 2506//7 510//7 511//7
f 2506//1089 511//1089 2504//1089
f 2504//7 511//7 512//7
f 2504//1088 512//1088 2502//1088
f 2502//1088 512//1088 513//1088
f 2502//1089 513//1089 2500//1089
f 2500//7 513//7 514//7
f 2584//314 2585//314 2586//314
f 2586//314 2585//314 2587//314
f 2586//313 2587//313 2588//313
f 2588//313 2587//313 2589//313
f 2588//312 2589//312 2590//312
f 2590//312 2589//312 2591//312
f 2590//311 2591//311 2592//311
f 2592//311 2591//311 2593//311
f 2592//340 2593//340 2594//340
f 2594//310 2593//310 2595//310
f 2594//309 2595//309 2596//309
f 2596//309 2595//309 2597//309
f 2596//308 2597//308 2598//308
f 2598//308 2597//308 2599//308
f 2598//307 2599//307 2600//307
f 2600//307 2599//307 2601//307
f 2600//306 2601//306 2602//306
f 2602//339 2601//339 2603//339
f 2602//338 2603//338 2604//338
f 2604//338 2603//338 2605//338
f 2604//304 2605//304 2606//304
f 2606//304 2605//304 2607//304
f 2606//303 2607//303 2608//303
f 2608//303 2607//303 2609//303
f 2608//302 2609//302 2610//302
f 2610//302 2609//302 2611//302
f 2610//301 2611//301 2612//301
f 2612//301 2611//301 2613//301
f 2612//337 2613//337 2614//337
f 2614//337 2613//337 2615//337
f 2614//336 2615//336 2616//336
f 2616//336 2615//336 2617//336
f 2616//298 2617//298 2618//298
f 2618//298 2617//298 2619//298
f 2618//297 2619//297 2620//297
f 2620//297 2619//297 2621//297
f 2620//296 2621//296 2622//296
f 2622//296 2621//296 2623//296
f 2622//1090 2623//1090 2624//1090
f 2624//295 2623//295 2625//295
f 2624//293 2625//293 2626//293
f 2626//294 2625//294 2627//294
f 2626//292 2627//292 2628//292
f 2628//292 2627//292 2629//292
f 2628//291 2629//291 2630//291
f 2630//291 2629//291 2631//291
f 2630//290 2631//290 2632//290
f 2632//290 2631//290 2633//290
f 2632//335 2633//335 2634//335
f 2634//335 2633//335 2635//335
f 2634//333 2635//333 2636//333
f 2636//334 2635//334 2637//334
f 2636//344 2637//344 2638//344
f 2638//344 2637//344 2639//344
f 2638//331 2639//331 2640//331
f 2640//331 2639//331 2641//331
f 2640//330 2641//330 2642//330
f 2642//330 2641//330 2643//330
f 2642//329 2643//329 2644//329
f 2644//329 2643//329 2645//329
f 2644//328 2645//328 2646//328
f 2646//328 2645//328 2647//328
f 2646//327 2647//327 2648//327
f 2648//327 2647//327 2649//327
f 2648//326 2649//326 2650//326
f 2650//326 2649//326 2651//326
f 2650//325 2651//325 2652//325
f 2652//325 2651//325 2653//325
f 2652//324 2653//324 2654//324
f 2654//324 2653//324 2655//324
f 2654//323 2655//323 2656//323
f 2656//323 2655//323 2657//323
f 2656//322 2657//322 2658//322
f 2658//322 2657//322 2659//322
f 2658//321 2659//321 2660//321
f 2660//321 2659//321 2661//321
f 2660//320 2661//320 2662//320
f 2662//320 2661//320 2663//320
f 2662//319 2663//319 2664//319
f 2664//319 2663//319 2665//319
f 2664//318 2665//318 2666//318
f 2666//318 2665//318 2667//318
f 2666//343 2667//343 2668//343
f 2668//343 2667//343 2669//343
f 2668//316 2669//316 2670//316
f 2670//316 2669//316 2671//316
f 2670//315 2671//315 2584//315
f 2584//315 2671//315 2585//315
f 2588//7 242//7 2586//7
f 2586//7 242//7 243//7
f 2586//7 243//7 2584//7
f 2584//7 243//7 244//7
f 2584//7 244//7 2670//7
f 2670//1088 244//1088 245//1088
f 2670//1088 245//1088 2668//1088
f 2668//7 245//7 246//7
f 2668//1088 246//1088 2666//1088
f 2666//7 246//7 247//7
f 2666//1089 247//1089 2664//1089
f 2664//7 247//7 248//7
f 2664//7 248//7 2662//7
f 2662//7 248//7 249//7
f 2662//7 249//7 2660//7
f 2660//7 249//7 250//7
f 2660//7 250//7 2658//7
f 2658//7 250//7 251//7
f 2658//1088 251//1088 2656//1088
f 2656//7 251//7 252//7
f 2656//1089 252//1089 2654//1089
f 2654//7 252//7 253//7
f 2654//1088 253//1088 2652//1088
f 2652//1089 253//1089 2650//1089
f 2650//7 253//7 254//7
f 2650//7 254//7 2648//7
f 2648//7 254//7 255//7
f 2648//7 255//7 2646//7
f 2646//7 255//7 256//7
f 2646//7 256//7 2644//7
f 2644//7 256//7 257//7
f 2644//7 257//7 2642//7
f 2642//7 257//7 258//7
f 2642//7 258//7 2640//7
f 2640//7 258//7 259//7
f 2640//7 259//7 2638//7
f 2638//7 259//7 260//7
f 2638//1089 260//1089 2636//1089
f 2636//7 260//7 261//7
f 2636//1089 261//1089 2634//1089
f 2634//1089 261//1089 262//1089
f 2634//7 262//7 2632//7
f 2632//7 262//7 263//7
f 2632//7 263//7 2630//7
f 2630//7 263//7 264//7
f 2630//7 264//7 2628//7
f 2628//7 264//7 265//7
f 2628//1088 265//1088 2626//1088
f 2626//7 265//7 266//7
f 2626//1089 266//1089 2624//1089
f 2624//7 266//7 267//7
f 2624//7 267//7 2622//7
f 2622//7 267//7 268//7
f 2622//1088 268//1088 2620//1088
f 2620//7 268//7 269//7
f 2620//7 269//7 2618//7
f 2618//7 269//7 270//7
f 2618//7 270//7 2616//7
f 2616//7 270//7 271//7
f 2616//7 271//7 2614//7
f 2614//7 271//7 272//7
f 2614//7 272//7 2612//7
f 2612//7 272//7 231//7
f 2612//7 231//7 2610//7
f 2610//7 231//7 232//7
f 2610//7 232//7 2608//7
f 2608//7 232//7 2606//7
f 2606//7 232//7 233//7
f 2606//7 233//7 2604//7
f 2604//7 233//7 234//7
f 2604//7 234//7 2602//7
f 2602//7 234//7 235//7
f 2602//7 235//7 2600//7
f 2600//7 235//7 236//7
f 2600//7 236//7 2598//7
f 2598//7 236//7 237//7
f 2598//7 237//7 2596//7
f 2596//7 237//7 238//7
f 2596//7 238//7 2594//7
f 2594//7 238//7 239//7
f 2594//7 239//7 2592//7
f 2592//7 239//7 240//7
f 2592//1088 240//1088 2590//1088
f 2590//7 240//7 241//7
f 2590//1089 241//1089 2588//1089
f 2588//7 241//7 242//7
f 2672//314 2673//314 2674//314
f 2674//314 2673//314 2675//314
f 2674//313 2675//313 2676//313
f 2676//313 2675//313 2677//313
f 2676//312 2677//312 2678//312
f 2678//312 2677//312 2679//312
f 2678//341 2679//341 2680//341
f 2680//311 2679//311 2681//311
f 2680//340 2681//340 2682//340
f 2682//310 2681//310 2683//310
f 2682//309 2683//309 2684//309
f 2684//309 2683//309 2685//309
f 2684//308 2685//308 2686//308
f 2686//308 2685//308 2687//308
f 2686//307 2687//307 2688//307
f 2688//307 2687//307 2689//307
f 2688//306 2689//306 2690//306
f 2690//306 2689//306 2691//306
f 2690//305 2691//305 2692//305
f 2692//305 2691//305 2693//305
f 2692//304 2693//304 2694//304
f 2694//304 2693//304 2695//304
f 2694//303 2695//303 2696//303
f 2696//303 2695//303 2697//303
f 2696//302 2697//302 2698//302
f 2698//302 2697//302 2699//302
f 2698//301 2699//301 2700//301
f 2700//301 2699//301 2701//301
f 2700//300 2701//300 2702//300
f 2702//300 2701//300 2703//300
f 2702//299 2703//299 2704//299
f 2704//299 2703//299 2705//299
f 2704//298 2705//298 2706//298
f 2706//298 2705//298 2707//298
f 2706//297 2707//297 2708//297
f 2708//297 2707//297 2709//297
f 2708//296 2709//296 2710//296
f 2710//296 2709//296 2711//296
f 2710//295 2711//295 2712//295
f 2712//295 2711//295 2713//295
f 2712//294 2713//294 2714//294
f 2714//293 2713//293 2715//293
f 2714//292 2715//292 2716//292
f 2716//292 2715//292 2717//292
f 2716//291 2717//291 2718//291
f 2718//291 2717//291 2719//291
f 2718//290 2719//290 2720//290
f 2720//290 2719//290 2721//290
f 2720//335 2721//335 2722//335
f 2722//335 2721//335 2723//335
f 2722//334 2723//334 2724//334
f 2724//333 2723//333 2725//333
f 2724//332 2725//332 2726//332
f 2726//332 2725//332 2727//332
f 2726//331 2727//331 2728//331
f 2728//331 2727//331 2729//331
f 2728//330 2729//330 2730//330
f 2730//330 2729//330 2731//330
f 2730//329 2731//329 2732//329
f 2732//329 2731//329 2733//329
f 2732//328 2733//328 2734//328
f 2734//328 2733//328 2735//328
f 2734//327 2735//327 2736//327
f 2736//1092 2735//1092 2737//1092
f 2736//326 2737//326 2738//326
f 2738//326 2737//326 2739//326
f 2738//325 2739//325 2740//325
f 2740//325 2739//325 2741//325
f 2740//324 2741//324 2742//324
f 2742//324 2741//324 2743//324
f 2742//323 2743//323 2744//323
f 2744//323 2743//323 2745//323
f 2744//322 2745//322 2746//322
f 2746//322 2745//322 2747//322
f 2746//321 2747//321 2748//321
f 2748//321 2747//321 2749//321
f 2748//320 2749//320 2750//320
f 2750//320 2749//320 2751//320
f 2750//319 2751//319 2752//319
f 2752//319 2751//319 2753//319
f 2752//318 2753//318 2754//318
f 2754//318 2753//318 2755//318
f 2754//317 2755//317 2756//317
f 2756//343 2755//343 2757//343
f 2756//316 2757//316 2758//316
f 2758//342 2757//342 2759//342
f 2758//315 2759//315 2672//315
f 2672//315 2759//315 2673//315
f 2676//1088 378//1088 2674//1088
f 2674//7 378//7 379//7
f 2674//7 379//7 2672//7
f 2672//7 379//7 380//7
f 2672//1089 380//1089 2758//1089
f 2758//7 380//7 381//7
f 2758//1088 381//1088 2756//1088
f 2756//7 381//7 382//7
f 2756//1089 382//1089 2754//1089
f 2754//7 382//7 383//7
f 2754//7 383//7 2752//7
f 2752//7 383//7 384//7
f 2752//1089 384//1089 2750//1089
f 2750//1088 384//1088 385//1088
f 2750//7 385//7 2748//7
f 2748//7 385//7 386//7
f 2748//7 386//7 2746//7
f 2746//7 386//7 387//7
f 2746//7 387//7 2744//7
f 2744//7 387//7 388//7
f 2744//1089 388//1089 2742//1089
f 2742//7 388//7 389//7
f 2742//1088 389//1088 2740//1088
f 2740//1089 389//1089 2738//1089
f 2738//7 389//7 390//7
f 2738//7 390//7 2736//7
f 2736//7 390//7 391//7
f 2736//7 391//7 2734//7
f 2734//7 391//7 392//7
f 2734//7 392//7 2732//7
f 2732//7 392//7 393//7
f 2732//7 393//7 2730//7
f 2730//1089 393//1089 394//1089
f 2730//7 394//7 2728//7
f 2728//7 394//7 395//7
f 2728//7 395//7 2726//7
f 2726//7 395//7 396//7
f 2726//1088 396//1088 2724//1088
f 2724//7 396//7 397//7
f 2724//1089 397//1089 2722//1089
f 2722//7 397//7 398//7
f 2722//1088 398//1088 2720//1088
f 2720//7 398//7 399//7
f 2720//7 399//7 2718//7
f 2718//7 399//7 400//7
f 2718//1089 400//1089 2716//1089
f 2716//7 400//7 401//7
f 2716//1088 401//1088 2714//1088
f 2714//1089 401//1089 402//1089
f 2714//1089 402//1089 2712//1089
f 2712//7 402//7 403//7
f 2712//1088 403//1088 2710//1088
f 2710//7 403//7 404//7
f 2710//7 404//7 2708//7
f 2708//7 404//7 405//7
f 2708//1088 405//1088 2706//1088
f 2706//1089 405//1089 406//1089
f 2706//7 406//7 2704//7
f 2704//7 406//7 407//7
f 2704//7 407//7 2702//7
f 2702//7 407//7 408//7
f 2702//1089 408//1089 2700//1089
f 2700//7 408//7 367//7
f 2700//1088 367//1088 2698//1088
f 2698//7 367//7 368//7
f 2698//1089 368//1089 2696//1089
f 2696//1088 368//1088 2694//1088
f 2694//7 368//7 369//7
f 2694//7 369//7 2692//7
f 2692//7 369//7 370//7
f 2692//7 370//7 2690//7
f 2690//7 370//7 371//7
f 2690//7 371//7 2688//7
f 2688//7 371//7 372//7
f 2688//7 372//7 2686//7
f 2686//1088 372//1088 373//1088
f 2686//7 373//7 2684//7
f 2684//7 373//7 374//7
f 2684//7 374//7 2682//7
f 2682//7 374//7 375//7
f 2682//1089 375//1089 2680//1089
f 2680//7 375//7 376//7
f 2680//1088 376//1088 2678//1088
f 2678//1088 376//1088 377//1088
f 2678//1089 377//1089 2676//1089
f 2676//7 377//7 378//7
f 2760//1093 2761//1093 2762//1093
f 2762//1094 2761//1094 2763//1094
f 2762//503 2763//503 2764//503
f 2764//1095 2763//1095 2765//1095
f 2764//505 2765//505 2766//505
f 2764//506 2766//506 2767//506
f 2767//1096 2766//1096 2768//1096
f 2767//508 2768//508 2769//508
f 2769//509 2768//509 2770//509
f 2769//1097 2770//1097 2771//1097
f 2769//511 2771//511 2772//511
f 2772//512 2771//512 2773//512
f 2772//1098 2773//1098 2774//1098
f 2772//514 2774//514 2775//514
f 2775//1099 2774//1099 2776//1099
f 2775//515 2776//515 2777//515
f 2775//516 2777//516 2778//516
f 2778//517 2777//517 2779//517
f 2778//518 2779//518 2780//518
f 2778//1100 2780//1100 2781//1100
f 2781//520 2780//520 2782//520
f 2781//521 2782//521 2783//521
f 2783//522 2782//522 2784//522
f 2783//523 2784//523 2785//523
f 2783//524 2785//524 2786//524
f 2786//525 2785//525 2787//525
f 2786//526 2787//526 2788//526
f 2786//527 2788//527 2789//527
f 2789//528 2788//528 2790//528
f 2789//529 2790//529 2791//529
f 2789//530 2791//530 2792//530
f 2792//1101 2791//1101 2793//1101
f 2792//1102 2793//1102 2794//1102
f 2794//533 2793//533 2795//533
f 2794//1103 2795//1103 2796//1103
f 2794//535 2796//535 2797//535
f 2797//536 2796//536 2798//536
f 2797//1104 2798//1104 2799//1104
f 2797//537 2799//537 2800//537
f 2800//538 2799//538 2801//538
f 2800//539 2801//539 2802//539
f 2800//540 2802//540 2803//540
f 2803//541 2802//541 2804//541
f 2803//542 2804//542 2805//542
f 2803//543 2805//543 2806//543
f 2806//1105 2805//1105 2807//1105
f 2806//545 2807//545 2808//545
f 2808//546 2807//546 2809//546
f 2808//547 2809//547 2810//547
f 2808//548 2810//548 2811//548
f 2811//348 2810//348 2812//348
f 2811//347 2812//347 2813//347
f 2811//549 2813//549 2814//549
f 2814//550 2813//550 2815//550
f 2814//551 2815//551 2816//551
f 2814//552 2816//552 2817//552
f 2817//553 2816//553 2818//553
f 2817//554 2818//554 2819//554
f 2819//555 2818//555 2820//555
f 2819//556 2820//556 2821//556
f 2819//557 2821//557 2822//557
f 2822//558 2821//558 2823//558
f 2822//1106 2823//1106 2824//1106
f 2822//560 2824//560 2825//560
f 2825//1107 2824//1107 2826//1107
f 2825//562 2826//562 2827//562
f 2825//563 2827//563 2828//563
f 2828//1108 2827//1108 2829//1108
f 2828//565 2829//565 2830//565
f 2828//566 2830//566 2831//566
f 2831//567 2830//567 2832//567
f 2831//568 2832//568 2833//568
f 2833//569 2832//569 2834//569
f 2833//570 2834//570 2835//570
f 2833//571 2835//571 2836//571
f 2836//423 2835//423 2837//423
f 2836//422 2837//422 2838//422
f 2836//572 2838//572 2839//572
f 2839//573 2838//573 2840//573
f 2839//574 2840//574 2841//574
f 2839//575 2841//575 2842//575
f 2842//576 2841//576 2843//576
f 2842//577 2843//577 2844//577
f 2844//578 2843//578 2845//578
f 2844//579 2845//579 2846//579
f 2844//580 2846//580 2847//580
f 2847//581 2846//581 2848//581
f 2847//582 2848//582 2849//582
f 2847//583 2849//583 2850//583
f 2850//1109 2849//1109 2851//1109
f 2850//585 2851//585 2852//585
f 2850//586 2852//586 2853//586
f 2853//1110 2852//1110 2854//1110
f 2853//588 2854//588 2855//588
f 2853//589 2855//589 2856//589
f 2856//590 2855//590 2857//590
f 2856//591 2857//591 2858//591
f 2858//592 2857//592 2859//592
f 2858//1111 2859//1111 2760//1111
f 2858//594 2760//594 2762//594
f 2860//595 2833//595 2861//595
f 2861//595 2833//595 2836//595
f 2861//596 2836//596 2862//596
f 2862//596 2836//596 2839//596
f 2862//483 2839//483 2863//483
f 2863//483 2839//483 2842//483
f 2863//484 2842//484 2864//484
f 2864//485 2842//485 2844//485
f 2864//1112 2844//1112 2847//1112
f 2833//476 2860//476 2831//476
f 2831//476 2860//476 2865//476
f 2831//475 2865//475 2828//475
f 2828//474 2865//474 2866//474
f 2828//473 2866//473 2825//473
f 2825//472 2866//472 2867//472
f 2825//471 2867//471 2822//471
f 2822//597 2867//597 2868//597
f 2822//598 2868//598 2819//598
f 2819//469 2868//469 2869//469
f 2819//467 2869//467 2817//467
f 2817//467 2869//467 2870//467
f 2817//466 2870//466 2814//466
f 2814//466 2870//466 2871//466
f 2814//465 2871//465 2811//465
f 2811//465 2871//465 2872//465
f 2811//464 2872//464 2808//464
f 2808//464 2872//464 2873//464
f 2808//462 2873//462 2806//462
f 2806//462 2873//462 2874//462
f 2806//461 2874//461 2803//461
f 2803//461 2874//461 2875//461
f 2803//599 2875//599 2800//599
f 2800//599 2875//599 2876//599
f 2800//459 2876//459 2877//459
f 2800//600 2877//600 2797//600
f 2797//457 2877//457 2878//457
f 2797//456 2878//456 2794//456
f 2794//454 2878//454 2792//454
f 2878//454 2879//454 2792//454
f 2792//453 2879//453 2789//453
f 2879//453 2880//453 2789//453
f 2789//601 2880//601 2786//601
f 2880//601 2881//601 2786//601
f 2786//602 2881//602 2783//602
f 2881//602 2882//602 2783//602
f 2783//449 2882//449 2781//449
f 2882//449 2883//449 2781//449
f 2781//450 2883//450 2778//450
f 2883//450 2884//450 2778//450
f 2778//1113 2884//1113 2775//1113
f 2884//1114 2885//1114 2775//1114
f 2775//603 2885//603 2772//603
f 2885//500 2886//500 2772//500
f 2772//604 2886//604 2769//604
f 2886//604 2887//604 2769//604
f 2769//498 2887//498 2767//498
f 2887//498 2888//498 2767//498
f 2767//497 2888//497 2764//497
f 2888//497 2889//497 2764//497
f 2764//495 2889//495 2762//495
f 2889//495 2890//495 2762//495
f 2762//494 2890//494 2858//494
f 2890//494 2891//494 2858//494
f 2858//493 2891//493 2856//493
f 2891//493 2892//493 2856//493
f 2856//492 2892//492 2853//492
f 2892//492 2893//492 2853//492
f 2853//490 2893//490 2850//490
f 2893//605 2894//605 2850//605
f 2850//606 2894//606 2895//606
f 2850//488 2895//488 2847//488
f 2847//1115 2895//1115 2864//1115
f 2896//347 2897//347 2898//347
f 2898//348 2897//348 2899//348
f 2898//349 2899//349 2900//349
f 2900//350 2899//350 2901//350
f 2900//1116 2901//1116 2902//1116
f 2900//352 2902//352 2903//352
f 2903//1117 2902//1117 2904//1117
f 2903//1118 2904//1118 2905//1118
f 2905//1119 2904//1119 2906//1119
f 2905//1120 2906//1120 2907//1120
f 2905//357 2907//357 2908//357
f 2908//1121 2907//1121 2909//1121
f 2908//1122 2909//1122 2910//1122
f 2908//1123 2910//1123 2911//1123
f 2911//1104 2910//1104 2912//1104
f 2911//362 2912//362 2913//362
f 2911//363 2913//363 2914//363
f 2914//1124 2913//1124 2915//1124
f 2914//1125 2915//1125 2916//1125
f 2914//1126 2916//1126 2917//1126
f 2917//1127 2916//1127 2918//1127
f 2917//368 2918//368 2919//368
f 2919//1128 2918//1128 2920//1128
f 2919//1129 2920//1129 2921//1129
f 2919//1130 2921//1130 2922//1130
f 2922//526 2921//526 2923//526
f 2922//525 2923//525 2924//525
f 2922//1131 2924//1131 2925//1131
f 2925//1132 2924//1132 2926//1132
f 2925//1133 2926//1133 2927//1133
f 2925//377 2927//377 2928//377
f 2928//1134 2927//1134 2929//1134
f 2928//1135 2929//1135 2930//1135
f 2930//1136 2929//1136 2931//1136
f 2930//1137 2931//1137 2932//1137
f 2930//382 2932//382 2933//382
f 2933//383 2932//383 2934//383
f 2933//1099 2934//1099 2935//1099
f 2933//1138 2935//1138 2936//1138
f 2936//1139 2935//1139 2937//1139
f 2936//1140 2937//1140 2938//1140
f 2936//388 2938//388 2939//388
f 2939//389 2938//389 2940//389
f 2939//1141 2940//1141 2941//1141
f 2939//1142 2941//1142 2942//1142
f 2942//1143 2941//1143 2943//1143
f 2942//393 2943//393 2944//393
f 2944//394 2943//394 2945//394
f 2944//1144 2945//1144 2946//1144
f 2944//396 2946//396 2947//396
f 2947//1094 2946//1094 2948//1094
f 2947//1093 2948//1093 2949//1093
f 2947//399 2949//399 2950//399
f 2950//1145 2949//1145 2951//1145
f 2950//401 2951//401 2952//401
f 2950//402 2952//402 2953//402
f 2953//403 2952//403 2954//403
f 2953//404 2954//404 2955//404
f 2955//405 2954//405 2956//405
f 2955//1146 2956//1146 2957//1146
f 2955//407 2957//407 2958//407
f 2958//1147 2957//1147 2959//1147
f 2958//409 2959//409 2960//409
f 2958//1148 2960//1148 2961//1148
f 2961//411 2960//411 2962//411
f 2961//581 2962//581 2963//581
f 2961//413 2963//413 2964//413
f 2964//1149 2963//1149 2965//1149
f 2964//1150 2965//1150 2966//1150
f 2964//416 2966//416 2967//416
f 2967//417 2966//417 2968//417
f 2967//418 2968//418 2969//418
f 2969//1151 2968//1151 2970//1151
f 2969//420 2970//420 2971//420
f 2969//1152 2971//1152 2972//1152
f 2972//1153 2971//1153 2973//1153
f 2972//1154 2973//1154 2974//1154
f 2972//1155 2974//1155 2975//1155
f 2975//1156 2974//1156 2976//1156
f 2975//1157 2976//1157 2977//1157
f 2975//427 2977//427 2978//427
f 2978//1158 2977//1158 2979//1158
f 2978//429 2979//429 2980//429
f 2980//1159 2979//1159 2981//1159
f 2980//1160 2981//1160 2982//1160
f 2980//432 2982//432 2983//432
f 2983//562 2982//562 2984//562
f 2983//561 2984//561 2985//561
f 2983//1161 2985//1161 2986//1161
f 2986//436 2985//436 2987//436
f 2986//1162 2987//1162 2988//1162
f 2986//438 2988//438 2989//438
f 2989//439 2988//439 2990//439
f 2989//440 2990//440 2991//440
f 2989//441 2991//441 2992//441
f 2992//442 2991//442 2993//442
f 2992//443 2993//443 2994//443
f 2994//444 2993//444 2995//444
f 2994//445 2995//445 2896//445
f 2994//446 2896//446 2898//446
f 2996//1163 2919//1163 2997//1163
f 2997//1164 2919//1164 2922//1164
f 2997//1165 2922//1165 2998//1165
f 2998//1166 2922//1166 2925//1166
f 2998//449 2925//449 2999//449
f 2999//449 2925//449 2928//449
f 2999//450 2928//450 3000//450
f 3000//451 2928//451 2930//451
f 3000//1113 2930//1113 2933//1113
f 2919//453 2996//453 2917//453
f 2917//453 2996//453 3001//453
f 2917//454 3001//454 2914//454
f 2914//455 3001//455 3002//455
f 2914//456 3002//456 2911//456
f 2911//457 3002//457 3003//457
f 2911//600 3003//600 2908//600
f 2908//459 3003//459 3004//459
f 2908//1167 3004//1167 2905//1167
f 2905//460 3004//460 3005//460
f 2905//461 3005//461 2903//461
f 2903//461 3005//461 3006//461
f 2903//462 3006//462 2900//462
f 2900//462 3006//462 3007//462
f 2900//464 3007//464 2898//464
f 2898//464 3007//464 3008//464
f 2898//465 3008//465 2994//465
f 2994//465 3008//465 3009//465
f 2994//466 3009//466 2992//466
f 2992//466 3009//466 3010//466
f 2992//1168 3010//1168 2989//1168
f 2989//467 3010//467 3011//467
f 2989//468 3011//468 2986//468
f 2986//469 3011//469 3012//469
f 2986//597 3012//597 3013//597
f 2986//471 3013//471 2983//471
f 2983//472 3013//472 3014//472
f 2983//1169 3014//1169 2980//1169
f 2980//474 3014//474 2978//474
f 3014//475 3015//475 2978//475
f 2978//477 3015//477 2975//477
f 3015//476 3016//476 2975//476
f 2975//595 3016//595 2972//595
f 3016//478 3017//478 2972//478
f 2972//481 3017//481 2969//481
f 3017//596 3018//596 2969//596
f 2969//483 3018//483 2967//483
f 3018//482 3019//482 2967//482
f 2967//484 3019//484 2964//484
f 3019//485 3020//485 2964//485
f 2964//486 3020//486 2961//486
f 3020//1115 3021//1115 2961//1115
f 2961//488 3021//488 2958//488
f 3021//606 3022//606 2958//606
f 2958//490 3022//490 2955//490
f 3022//491 3023//491 2955//491
f 2955//492 3023//492 2953//492
f 3023//1170 3024//1170 2953//1170
f 2953//493 3024//493 2950//493
f 3024//493 3025//493 2950//493
f 2950//494 3025//494 2947//494
f 3025//494 3026//494 2947//494
f 2947//495 3026//495 2944//495
f 3026//495 3027//495 2944//495
f 2944//497 3027//497 2942//497
f 3027//497 3028//497 2942//497
f 2942//498 3028//498 2939//498
f 3028//498 3029//498 2939//498
f 2939//499 3029//499 2936//499
f 3029//1171 3030//1171 2936//1171
f 2936//500 3030//500 3031//500
f 2936//603 3031//603 2933//603
f 2933//1114 3031//1114 3000//1114
f 3032//701 3033//701 3034//701
f 3034//701 3033//701 3035//701
f 3034//702 3035//702 3036//702
f 3036//702 3035//702 3037//702
f 3036//703 3037//703 3038//703
f 3038//703 3037//703 3039//703
f 3038//704 3039//704 3040//704
f 3040//704 3039//704 3041//704
f 3040//705 3041//705 3042//705
f 3042//705 3041//705 3043//705
f 3042//126 3043//126 3044//126
f 3044//126 3043//126 3045//126
f 3044//126 3045//126 2399//126
f 2399//126 2405//126 3044//126
f 3046//706 3047//706 3048//706
f 3048//706 3047//706 3049//706
f 3048//707 3049//707 3050//707
f 3050//707 3049//707 3051//707
f 3050//708 3051//708 3052//708
f 3052//708 3051//708 3053//708
f 3052//709 3053//709 3054//709
f 3054//709 3053//709 3055//709
f 3054//710 3055//710 3056//710
f 3056//710 3055//710 3057//710
f 3056//3 3057//3 3058//3
f 3058//3 3057//3 3059//3
f 3060//718 3061//718 3062//718
f 3062//718 3061//718 3063//718
f 3062//719 3063//719 3064//719
f 3064//719 3063//719 3065//719
f 3064//720 3065//720 3066//720
f 3066//720 3065//720 3067//720
f 3066//721 3067//721 3068//721
f 3068//721 3067//721 3069//721
f 3068//722 3069//722 3070//722
f 3070//722 3069//722 3071//722
f 3070//126 3071//126 3072//126
f 3072//126 3071//126 3073//126
f 3074//711 3075//711 3076//711
f 3076//711 3075//711 3077//711
f 3076//712 3077//712 3078//712
f 3078//712 3077//712 3079//712
f 3078//713 3079//713 3080//713
f 3080//713 3079//713 3081//713
f 3080//714 3081//714 3082//714
f 3082//714 3081//714 3083//714
f 3082//715 3083//715 3084//715
f 3084//715 3083//715 3085//715
f 3085//6 3086//6 3084//6
f 3084//6 3086//6 3087//6
f 3084//6 3087//6 3088//6
f 3089//6 3090//6 3085//6
f 3085//6 3090//6 3091//6
f 3085//716 3091//716 3092//716
f 3093//6 3094//6 3089//6
f 3089//6 3094//6 3095//6
f 3089//6 3095//6 3096//6
f 3084//6 3097//6 3093//6
f 3093//6 3097//6 3098//6
f 3093//717 3098//717 3099//717
f 3099//6 3100//6 3093//6
f 3093//716 3100//716 3101//716
f 3093//6 3101//6 3102//6
f 3102//6 3103//6 3093//6
f 3093//6 3103//6 3104//6
f 3093//6 3104//6 3105//6
f 3105//6 3094//6 3093//6
f 3096//6 3106//6 3089//6
f 3089//6 3106//6 3107//6
f 3089//6 3107//6 3108//6
f 3108//6 3109//6 3089//6
f 3089//6 3109//6 3110//6
f 3089//716 3110//716 3111//716
f 3111//6 3090//6 3089//6
f 3092//6 3112//6 3085//6
f 3085//6 3112//6 3113//6
f 3085//6 3113//6 3114//6
f 3114//716 3115//716 3085//716
f 3085//717 3115//717 3116//717
f 3085//6 3116//6 3117//6
f 3117//6 3086//6 3085//6
f 3088//716 3118//716 3084//716
f 3084//717 3118//717 3119//717
f 3084//6 3119//6 3120//6
f 3120//6 3121//6 3084//6
f 3084//6 3121//6 3122//6
f 3084//717 3122//717 3123//717
f 3123//6 3097//6 3084//6
f 3033//319 3032//319 3046//319
f 3046//319 3032//319 3047//319
f 3061//308 3060//308 3074//308
f 3074//308 3060//308 3075//308
f 3124//1172 3125//1172 3126//1172
f 3126//723 3125//723 3127//723
f 3126//724 3127//724 3128//724
f 3128//1173 3127//1173 3129//1173
f 3128//725 3129//725 3130//725
f 3130//1174 3129//1174 3131//1174
f 3130//726 3131//726 3132//726
f 3132//726 3131//726 3133//726
f 3132//1175 3133//1175 3134//1175
f 3134//1176 3133//1176 3135//1176
f 3134//728 3135//728 3136//728
f 3136//728 3135//728 3137//728
f 3136//729 3137//729 3138//729
f 3138//729 3137//729 3139//729
f 3138//730 3139//730 3140//730
f 3140//730 3139//730 3141//730
f 3140//731 3141//731 3142//731
f 3142//731 3141//731 3143//731
f 3142//732 3143//732 3144//732
f 3144//732 3143//732 3145//732
f 3144//733 3145//733 3146//733
f 3146//733 3145//733 3147//733
f 3146//734 3147//734 3148//734
f 3148//734 3147//734 3149//734
f 3148//735 3149//735 3150//735
f 3150//735 3149//735 3151//735
f 3150//736 3151//736 3152//736
f 3152//736 3151//736 3153//736
f 3152//737 3153//737 3154//737
f 3154//737 3153//737 3155//737
f 3154//1177 3155//1177 3156//1177
f 3156//1178 3155//1178 3157//1178
f 3156//1179 3157//1179 3158//1179
f 3158//739 3157//739 3159//739
f 3158//740 3159//740 3160//740
f 3160//1180 3159//1180 3161//1180
f 3160//741 3161//741 3162//741
f 3162//1181 3161//1181 3163//1181
f 3162//1182 3163//1182 3164//1182
f 3164//742 3163//742 3165//742
f 3164//1183 3165//1183 3166//1183
f 3166//743 3165//743 3167//743
f 3166//744 3167//744 3168//744
f 3168//1184 3167//1184 3169//1184
f 3168//1185 3169//1185 3170//1185
f 3170//1186 3169//1186 3171//1186
f 3170//1187 3171//1187 2812//1187
f 2812//1188 3171//1188 2813//1188
f 2813//1189 3171//1189 3108//1189
f 2813//749 3108//749 3107//749
f 3125//750 3124//750 3172//750
f 3172//1190 3124//1190 3173//1190
f 3172//751 3173//751 3174//751
f 3174//751 3173//751 3175//751
f 3174//1191 3175//1191 3176//1191
f 3176//1192 3175//1192 3177//1192
f 3176//1193 3177//1193 2761//1193
f 2761//1194 3177//1194 2763//1194
f 2763//755 3177//755 3178//755
f 2763//1195 3178//1195 2765//1195
f 2765//1196 3178//1196 2766//1196
f 2766//758 3178//758 2768//758
f 2768//1197 3178//1197 2770//1197
f 2770//1198 3178//1198 2771//1198
f 2771//761 3178//761 3179//761
f 2771//1199 3179//1199 2773//1199
f 2773//1200 3179//1200 2774//1200
f 2774//764 3179//764 2776//764
f 2776//1201 3179//1201 2777//1201
f 2777//766 3179//766 3180//766
f 2777//767 3180//767 2779//767
f 2779//1202 3180//1202 2780//1202
f 2780//769 3180//769 3181//769
f 2780//1203 3181//1203 2782//1203
f 2782//771 3181//771 2784//771
f 2784//772 3181//772 2785//772
f 2785//773 3181//773 3182//773
f 2785//774 3182//774 2787//774
f 2787//775 3182//775 2788//775
f 2788//776 3182//776 3183//776
f 2788//777 3183//777 2790//777
f 2790//778 3183//778 2791//778
f 2791//779 3183//779 2793//779
f 2793//780 3183//780 3184//780
f 2793//781 3184//781 2795//781
f 2795//1204 3184//1204 2796//1204
f 2796//1205 3184//1205 2798//1205
f 2798//784 3184//784 3185//784
f 2798//1206 3185//1206 2799//1206
f 2799//1207 3185//1207 2801//1207
f 2801//1208 3185//1208 2802//1208
f 2802//788 3185//788 3186//788
f 2802//1209 3186//1209 2804//1209
f 2804//790 3186//790 2805//790
f 2805//1210 3186//1210 2807//1210
f 2807//1211 3186//1211 2809//1211
f 2809//1212 3186//1212 2810//1212
f 2810//1213 3186//1213 2812//1213
f 2812//795 3186//795 3170//795
f 3123//1173 3129//1173 3097//1173
f 3097//724 3129//724 3127//724
f 3097//723 3127//723 3098//723
f 3098//1172 3127//1172 3125//1172
f 3098//750 3125//750 3099//750
f 3099//1190 3125//1190 3172//1190
f 3099//751 3172//751 3100//751
f 3100//751 3172//751 3174//751
f 3100//1191 3174//1191 3101//1191
f 3101//1192 3174//1192 3176//1192
f 3101//796 3176//796 2760//796
f 2760//1214 3176//1214 2761//1214
f 3129//725 3123//725 3131//725
f 3131//1174 3123//1174 3122//1174
f 3131//726 3122//726 3133//726
f 3133//726 3122//726 3121//726
f 3133//1175 3121//1175 3135//1175
f 3135//1176 3121//1176 3120//1176
f 3135//728 3120//728 3137//728
f 3137//728 3120//728 3119//728
f 3137//729 3119//729 3139//729
f 3139//729 3119//729 3118//729
f 3139//730 3118//730 3141//730
f 3141//730 3118//730 3088//730
f 3141//731 3088//731 3143//731
f 3143//731 3088//731 3087//731
f 3143//732 3087//732 3145//732
f 3145//732 3087//732 3086//732
f 3145//733 3086//733 3147//733
f 3147//733 3086//733 3117//733
f 3147//734 3117//734 3149//734
f 3149//734 3117//734 3116//734
f 3149//735 3116//735 3151//735
f 3151//735 3116//735 3115//735
f 3151//736 3115//736 3153//736
f 3153//736 3115//736 3114//736
f 3153//737 3114//737 3155//737
f 3155//737 3114//737 3113//737
f 3155//1177 3113//1177 3157//1177
f 3157//1178 3113//1178 3112//1178
f 3157//1179 3112//1179 3159//1179
f 3159//739 3112//739 3092//739
f 3159//740 3092//740 3161//740
f 3161//1180 3092//1180 3091//1180
f 3161//741 3091//741 3163//741
f 3163//1181 3091//1181 3090//1181
f 3163//1182 3090//1182 3165//1182
f 3165//742 3090//742 3111//742
f 3165//1183 3111//1183 3167//1183
f 3167//743 3111//743 3110//743
f 3167//744 3110//744 3169//744
f 3169//1184 3110//1184 3109//1184
f 3169//1185 3109//1185 3171//1185
f 3171//1186 3109//1186 3108//1186
f 3106//1215 2821//1215 3107//1215
f 3107//799 2821//799 3187//799
f 3107//1216 3187//1216 2816//1216
f 2816//801 3187//801 2818//801
f 2818//802 3187//802 2820//802
f 2820//1217 3187//1217 2821//1217
f 3096//804 2826//804 3106//804
f 3106//805 2826//805 2824//805
f 3106//1218 2824//1218 2823//1218
f 3095//807 2830//807 3096//807
f 3096//1219 2830//1219 2829//1219
f 3096//809 2829//809 2827//809
f 3094//810 2835//810 3095//810
f 3095//811 2835//811 2834//811
f 3095//812 2834//812 2832//812
f 3105//813 2838//813 3094//813
f 3094//774 2838//774 2837//774
f 3094//775 2837//775 2835//775
f 3104//814 2843//814 3105//814
f 3105//815 2843//815 2841//815
f 3105//816 2841//816 2840//816
f 3103//817 2846//817 3104//817
f 3104//818 2846//818 2845//818
f 3104//1220 2845//1220 2843//1220
f 3102//820 2852//820 3103//820
f 3103//1221 2852//1221 2851//1221
f 3103//1222 2851//1222 2849//1222
f 3101//823 2760//823 3102//823
f 3102//1223 2760//1223 2859//1223
f 3102//1224 2859//1224 2857//1224
f 3102//1225 2857//1225 3188//1225
f 3188//1226 2857//1226 2855//1226
f 3188//828 2855//828 2854//828
f 2854//829 2852//829 3188//829
f 3188//830 2852//830 3102//830
f 2849//1227 2848//1227 3103//1227
f 3103//1228 2848//1228 2846//1228
f 2840//833 2838//833 3105//833
f 2832//1229 2830//1229 3095//1229
f 2827//1230 2826//1230 3096//1230
f 2823//1231 2821//1231 3106//1231
f 2816//1232 2815//1232 3107//1232
f 3107//1233 2815//1233 2813//1233
f 3128//6 3160//6 3126//6
f 3126//6 3160//6 3162//6
f 3126//6 3162//6 3124//6
f 3124//6 3162//6 3164//6
f 3124//6 3164//6 3173//6
f 3173//6 3164//6 3166//6
f 3173//6 3166//6 3175//6
f 3175//6 3166//6 3168//6
f 3175//6 3168//6 3177//6
f 3177//6 3168//6 3170//6
f 3177//6 3170//6 3178//6
f 3178//6 3170//6 3186//6
f 3178//6 3186//6 3179//6
f 3179//6 3186//6 3185//6
f 3179//6 3185//6 3180//6
f 3180//6 3185//6 3184//6
f 3180//6 3184//6 3181//6
f 3181//6 3184//6 3183//6
f 3181//6 3183//6 3182//6
f 3160//6 3128//6 3158//6
f 3158//6 3128//6 3130//6
f 3158//6 3130//6 3156//6
f 3156//6 3130//6 3132//6
f 3156//6 3132//6 3154//6
f 3154//6 3132//6 3134//6
f 3154//6 3134//6 3152//6
f 3152//6 3134//6 3136//6
f 3152//6 3136//6 3150//6
f 3150//6 3136//6 3138//6
f 3150//6 3138//6 3148//6
f 3148//6 3138//6 3140//6
f 3148//6 3140//6 3146//6
f 3146//6 3140//6 3142//6
f 3146//6 3142//6 3144//6
f 3189//1058 3190//1058 3191//1058
f 3191//1058 3190//1058 3192//1058
f 3191//1234 3192//1234 3193//1234
f 3193//1059 3192//1059 3194//1059
f 3193//1060 3194//1060 3195//1060
f 3195//1060 3194//1060 3196//1060
f 3195//1061 3196//1061 3197//1061
f 3197//1061 3196//1061 3198//1061
f 3197//1235 3198//1235 3199//1235
f 3199//1062 3198//1062 3200//1062
f 3199//1063 3200//1063 3201//1063
f 3201//1236 3200//1236 3202//1236
f 3201//1237 3202//1237 3203//1237
f 3203//1238 3202//1238 3204//1238
f 3203//1239 3204//1239 3205//1239
f 3205//1065 3204//1065 3206//1065
f 3205//1066 3206//1066 3207//1066
f 3207//1066 3206//1066 3208//1066
f 3207//1067 3208//1067 2398//1067
f 2398//1240 3208//1240 2396//1240
f 3208//6 3209//6 2396//6
f 2396//6 3209//6 3210//6
f 2396//6 3210//6 3211//6
f 3208//6 3206//6 3209//6
f 3209//6 3206//6 3204//6
f 3209//6 3204//6 3202//6
f 3202//6 3200//6 3209//6
f 3209//6 3200//6 3198//6
f 3209//6 3198//6 3196//6
f 3196//6 3194//6 3209//6
f 3209//6 3194//6 3192//6
f 3209//6 3192//6 3190//6
f 3212//6 3213//6 3190//6
f 3190//6 3213//6 3214//6
f 3190//6 3214//6 3215//6
f 3216//6 3217//6 3212//6
f 3212//6 3217//6 3218//6
f 3212//6 3218//6 3219//6
f 3216//6 3220//6 3217//6
f 3217//6 3220//6 3221//6
f 3217//6 3221//6 3222//6
f 3222//6 3223//6 3217//6
f 3217//6 3223//6 3224//6
f 3217//6 3224//6 3225//6
f 3225//6 3226//6 3217//6
f 3217//6 3226//6 3227//6
f 3217//6 3227//6 3228//6
f 3229//6 3230//6 3228//6
f 3228//6 3230//6 3231//6
f 3228//6 3231//6 3232//6
f 2397//6 3233//6 3229//6
f 3229//6 3233//6 3234//6
f 3229//6 3234//6 3235//6
f 2396//6 3236//6 2397//6
f 2397//6 3236//6 3237//6
f 2397//6 3237//6 3238//6
f 3232//6 3239//6 3228//6
f 3228//6 3239//6 3240//6
f 3228//6 3240//6 3241//6
f 3241//6 3217//6 3228//6
f 3219//6 3242//6 3212//6
f 3212//6 3242//6 3213//6
f 3215//6 3243//6 3190//6
f 3190//6 3243//6 3209//6
f 3211//6 3244//6 2396//6
f 2396//6 3244//6 3245//6
f 2396//6 3245//6 3246//6
f 3246//6 3236//6 2396//6
f 3238//6 3247//6 2397//6
f 2397//6 3247//6 3248//6
f 2397//6 3248//6 3249//6
f 3249//6 3250//6 2397//6
f 2397//6 3250//6 3251//6
f 2397//6 3251//6 3233//6
f 3235//6 3252//6 3229//6
f 3229//6 3252//6 3253//6
f 3229//6 3253//6 3254//6
f 3254//6 3255//6 3229//6
f 3229//6 3255//6 3256//6
f 3229//6 3256//6 3230//6
f 3257//1241 3228//1241 3258//1241
f 3258//1048 3228//1048 3227//1048
f 3258//1242 3227//1242 3259//1242
f 3259//1049 3227//1049 3226//1049
f 3259//1050 3226//1050 3260//1050
f 3260//1243 3226//1243 3225//1243
f 3260//1051 3225//1051 3261//1051
f 3261//1051 3225//1051 3224//1051
f 3261//1052 3224//1052 3262//1052
f 3262//1052 3224//1052 3223//1052
f 3262//1053 3223//1053 3263//1053
f 3263//1244 3223//1244 3222//1244
f 3263//1054 3222//1054 3264//1054
f 3264//1054 3222//1054 3221//1054
f 3264//1055 3221//1055 3265//1055
f 3265//1055 3221//1055 3220//1055
f 3265//1056 3220//1056 3266//1056
f 3266//1056 3220//1056 3216//1056
f 3266//1057 3216//1057 3267//1057
f 3267//1057 3216//1057 3212//1057
f 3228//7 3257//7 3229//7
f 3229//7 3257//7 3268//7
f 3229//7 3268//7 3045//7
f 3045//7 3268//7 3269//7
f 3043//7 2719//7 3045//7
f 3045//7 2719//7 2717//7
f 3045//1089 2717//1089 2715//1089
f 3041//7 2645//7 3043//7
f 3043//7 2645//7 2485//7
f 3043//1088 2485//1088 2483//1088
f 3039//7 3068//7 3041//7
f 3041//7 3068//7 3270//7
f 3041//7 3270//7 2647//7
f 2647//7 3270//7 2649//7
f 2649//1088 3270//1088 2651//1088
f 2651//1089 3270//1089 2653//1089
f 2653//7 3270//7 2655//7
f 2655//7 3270//7 2657//7
f 2657//7 3270//7 2659//7
f 2659//7 3270//7 2661//7
f 2661//7 3270//7 2663//7
f 2663//7 3270//7 2665//7
f 2665//7 3270//7 2667//7
f 2667//7 3270//7 2669//7
f 2669//7 3270//7 2671//7
f 2671//7 3270//7 2585//7
f 2585//7 3270//7 2587//7
f 2587//7 3270//7 3229//7
f 2587//7 3229//7 2499//7
f 2499//7 3229//7 2501//7
f 2501//7 3229//7 2503//7
f 2503//7 3229//7 2505//7
f 2505//7 3229//7 2507//7
f 2507//7 3229//7 2509//7
f 2509//7 3229//7 2511//7
f 2511//7 3229//7 2513//7
f 2513//7 3229//7 2515//7
f 2515//7 3229//7 2517//7
f 2517//1088 3229//1088 2519//1088
f 2519//7 3229//7 2521//7
f 2521//7 3229//7 2523//7
f 2523//1089 3229//1089 2525//1089
f 2525//7 3229//7 2527//7
f 2527//7 3229//7 2529//7
f 2529//7 3229//7 3045//7
f 2529//7 3045//7 2689//7
f 2689//7 3045//7 2691//7
f 2691//7 3045//7 2693//7
f 2693//1088 3045//1088 2695//1088
f 2695//7 3045//7 2697//7
f 2697//7 3045//7 2699//7
f 2699//1089 3045//1089 2701//1089
f 2701//7 3045//7 2703//7
f 2703//7 3045//7 2705//7
f 2705//7 3045//7 2707//7
f 2707//7 3045//7 2709//7
f 2709//7 3045//7 2711//7
f 2711//7 3045//7 2713//7
f 2713//7 3045//7 2715//7
f 3068//7 3039//7 3066//7
f 3066//1088 3039//1088 3037//1088
f 3066//1245 3037//1245 3064//1245
f 3064//1088 3037//1088 3035//1088
f 3064//1089 3035//1089 3062//1089
f 3062//7 3035//7 3060//7
f 3060//1088 3035//1088 3033//1088
f 3060//7 3033//7 3075//7
f 3075//7 3033//7 3046//7
f 3075//7 3046//7 3077//7
f 3077//7 3046//7 3048//7
f 3077//7 3048//7 3079//7
f 3079//7 3048//7 3050//7
f 3079//1088 3050//1088 3081//1088
f 3081//7 3050//7 3052//7
f 3081//7 3052//7 3083//7
f 3083//7 3052//7 3054//7
f 3083//7 3054//7 3085//7
f 3085//7 3054//7 3056//7
f 3085//7 3056//7 3058//7
f 3271//7 3089//7 3058//7
f 3058//7 3089//7 3085//7
f 3068//7 3070//7 3270//7
f 3270//7 3070//7 3072//7
f 2409//7 2633//7 2411//7
f 2411//7 2633//7 2631//7
f 2411//7 2631//7 2413//7
f 2413//7 2631//7 2629//7
f 2413//7 2629//7 2415//7
f 2415//7 2629//7 2627//7
f 2415//7 2627//7 2417//7
f 2417//7 2627//7 2625//7
f 2417//7 2625//7 2419//7
f 2419//7 2625//7 2623//7
f 2419//7 2623//7 2421//7
f 2421//7 2623//7 2621//7
f 2421//7 2621//7 2753//7
f 2753//7 2621//7 2553//7
f 2753//7 2553//7 2755//7
f 2755//7 2553//7 2551//7
f 2755//7 2551//7 2757//7
f 2757//7 2551//7 2549//7
f 2757//7 2549//7 2759//7
f 2759//7 2549//7 2547//7
f 2759//7 2547//7 2673//7
f 2673//7 2547//7 2545//7
f 2673//7 2545//7 2675//7
f 2675//7 2545//7 2543//7
f 2675//7 2543//7 2677//7
f 2677//7 2543//7 2541//7
f 2677//7 2541//7 2679//7
f 2679//7 2541//7 2539//7
f 2679//7 2539//7 2681//7
f 2681//7 2539//7 2537//7
f 2681//7 2537//7 2683//7
f 2683//7 2537//7 2535//7
f 2683//7 2535//7 2685//7
f 2685//7 2535//7 2533//7
f 2685//7 2533//7 2687//7
f 2687//7 2533//7 2531//7
f 2687//7 2531//7 2689//7
f 2689//7 2531//7 2529//7
f 2633//7 2409//7 2635//7
f 2635//7 2409//7 2495//7
f 2635//7 2495//7 2637//7
f 2637//7 2495//7 2493//7
f 2637//7 2493//7 2639//7
f 2639//7 2493//7 2491//7
f 2639//7 2491//7 2641//7
f 2641//7 2491//7 2489//7
f 2641//7 2489//7 2643//7
f 2643//7 2489//7 2487//7
f 2643//7 2487//7 2645//7
f 2645//7 2487//7 2485//7
f 2483//1089 2481//1089 3043//1089
f 3043//1088 2481//1088 2479//1088
f 3043//7 2479//7 2477//7
f 2477//7 2475//7 3043//7
f 3043//1089 2475//1089 2473//1089
f 3043//1088 2473//1088 2471//1088
f 2471//1089 2469//1089 3043//1089
f 3043//7 2469//7 2467//7
f 3043//7 2467//7 2465//7
f 2465//7 2463//7 3043//7
f 3043//7 2463//7 2461//7
f 3043//7 2461//7 2459//7
f 2459//1246 2457//1246 3043//1246
f 3043//1089 2457//1089 2455//1089
f 3043//1247 2455//1247 2453//1247
f 3043//7 2453//7 2721//7
f 2721//1245 2453//1245 2451//1245
f 2721//7 2451//7 2723//7
f 2723//1088 2451//1088 2449//1088
f 2723//7 2449//7 2725//7
f 2725//7 2449//7 2447//7
f 2725//7 2447//7 2727//7
f 2727//7 2447//7 2445//7
f 2727//1089 2445//1089 2729//1089
f 2729//7 2445//7 2443//7
f 2729//7 2443//7 2731//7
f 2731//7 2443//7 2441//7
f 2731//7 2441//7 2733//7
f 2733//7 2441//7 2439//7
f 2733//7 2439//7 2735//7
f 2735//7 2439//7 2437//7
f 2735//1089 2437//1089 2737//1089
f 2737//7 2437//7 2435//7
f 2737//7 2435//7 2739//7
f 2739//7 2435//7 2433//7
f 2739//7 2433//7 2741//7
f 2741//7 2433//7 2743//7
f 2743//7 2433//7 2431//7
f 2743//7 2431//7 2745//7
f 2745//7 2431//7 2429//7
f 2745//1088 2429//1088 2747//1088
f 2747//7 2429//7 2427//7
f 2747//7 2427//7 2749//7
f 2749//7 2427//7 2425//7
f 2749//7 2425//7 2751//7
f 2751//7 2425//7 2423//7
f 2751//7 2423//7 2421//7
f 2499//7 2497//7 2587//7
f 2587//1248 2497//1248 2589//1248
f 2589//1246 2497//1246 2591//1246
f 2591//7 2497//7 2583//7
f 2591//1089 2583//1089 2593//1089
f 2593//7 2583//7 2581//7
f 2593//7 2581//7 2595//7
f 2595//7 2581//7 2579//7
f 2595//7 2579//7 2597//7
f 2597//7 2579//7 2577//7
f 2597//1089 2577//1089 2599//1089
f 2599//7 2577//7 2575//7
f 2599//7 2575//7 2601//7
f 2601//7 2575//7 2573//7
f 2601//1089 2573//1089 2603//1089
f 2603//7 2573//7 2571//7
f 2603//7 2571//7 2605//7
f 2605//7 2571//7 2569//7
f 2605//1089 2569//1089 2607//1089
f 2607//7 2569//7 2567//7
f 2607//7 2567//7 2609//7
f 2609//7 2567//7 2565//7
f 2609//7 2565//7 2563//7
f 2609//7 2563//7 2611//7
f 2611//7 2563//7 2561//7
f 2611//1088 2561//1088 2613//1088
f 2613//7 2561//7 2559//7
f 2613//7 2559//7 2615//7
f 2615//7 2559//7 2557//7
f 2615//1088 2557//1088 2617//1088
f 2617//7 2557//7 2555//7
f 2617//7 2555//7 2619//7
f 2619//7 2555//7 2553//7
f 2619//1088 2553//1088 2621//1088
f 2647//1089 2645//1089 3041//1089
f 2753//1089 2751//1089 2421//1089
f 2721//7 2719//7 3043//7
f 3191//3 3272//3 3189//3
f 3189//3 3272//3 3273//3
f 3189//3 3273//3 3274//3
f 3191//3 3193//3 3272//3
f 3272//3 3193//3 3195//3
f 3272//3 3195//3 3275//3
f 3275//3 3195//3 3197//3
f 3275//3 3197//3 2398//3
f 2398//3 3197//3 3199//3
f 2398//3 3199//3 3201//3
f 3201//3 3203//3 2398//3
f 2398//3 3203//3 3205//3
f 2398//3 3205//3 3207//3
f 3275//3 2398//3 3276//3
f 3276//3 2398//3 2400//3
f 3276//3 2400//3 3277//3
f 3277//3 2400//3 3278//3
f 3278//3 2400//3 3279//3
f 3278//3 3279//3 3280//3
f 3281//3 3282//3 2400//3
f 2400//3 3282//3 3283//3
f 2400//3 3283//3 3284//3
f 3284//3 3285//3 2400//3
f 2400//3 3285//3 3279//3
f 3278//3 3280//3 3286//3
f 3286//3 3280//3 3287//3
f 3286//3 3287//3 3288//3
f 3288//3 3289//3 3286//3
f 3286//3 3289//3 3290//3
f 3290//3 3289//3 3291//3
f 3291//3 3289//3 3292//3
f 3292//3 3289//3 3293//3
f 3293//3 3289//3 3294//3
f 3294//3 3289//3 3295//3
f 3295//3 3289//3 3296//3
f 3296//3 3289//3 3297//3
f 3297//3 3289//3 3298//3
f 3298//3 3289//3 3299//3
f 3298//3 3299//3 3300//3
f 3300//3 3299//3 3301//3
f 3301//3 3299//3 3302//3
f 3301//3 3302//3 3303//3
f 3303//3 3302//3 3304//3
f 3304//3 3302//3 3305//3
f 3305//3 3302//3 3306//3
f 3306//3 3302//3 3307//3
f 3307//3 3302//3 3308//3
f 3308//3 3302//3 3309//3
f 3309//3 3302//3 3310//3
f 3309//3 3310//3 3311//3
f 3309//3 3311//3 3312//3
f 3312//3 3311//3 3313//3
f 3312//3 3313//3 3268//3
f 3268//3 3313//3 3314//3
f 3268//3 3314//3 3315//3
f 3315//3 3316//3 3268//3
f 3268//3 3316//3 3317//3
f 3268//3 3317//3 3318//3
f 3257//3 3319//3 3268//3
f 3268//3 3319//3 3320//3
f 3268//3 3320//3 3312//3
f 3258//3 3259//3 3257//3
f 3257//3 3259//3 3260//3
f 3257//3 3260//3 3261//3
f 3261//3 3262//3 3257//3
f 3257//3 3262//3 3263//3
f 3257//3 3263//3 3321//3
f 3321//3 3263//3 3264//3
f 3321//3 3264//3 3322//3
f 3322//3 3264//3 3265//3
f 3322//3 3265//3 3266//3
f 3266//3 3267//3 3322//3
f 3322//3 3267//3 3323//3
f 3323//3 3267//3 3324//3
f 3324//3 3267//3 3325//3
f 3325//3 3267//3 3326//3
f 3326//3 3267//3 3327//3
f 3327//3 3267//3 3328//3
f 3328//3 3267//3 3329//3
f 3329//3 3267//3 3330//3
f 3330//3 3267//3 3331//3
f 3331//3 3267//3 3189//3
f 3331//3 3189//3 3332//3
f 3332//3 3189//3 3333//3
f 3333//3 3189//3 3334//3
f 3334//3 3189//3 3335//3
f 3335//3 3189//3 3336//3
f 3336//3 3189//3 3337//3
f 3337//3 3189//3 3274//3
f 3277//3 3338//3 3276//3
f 3276//3 3338//3 3339//3
f 3339//3 3338//3 3340//3
f 3339//3 3340//3 3341//3
f 3341//3 3340//3 3342//3
f 3342//3 3340//3 3343//3
f 3342//3 3343//3 3344//3
f 3344//3 3343//3 3345//3
f 3344//3 3345//3 3346//3
f 3346//3 3345//3 3347//3
f 3346//3 3347//3 3348//3
f 3348//3 3347//3 3349//3
f 3348//3 3349//3 3350//3
f 3350//3 3349//3 3351//3
f 3350//3 3351//3 3352//3
f 3350//3 3352//3 3353//3
f 3353//3 3352//3 3354//3
f 3353//3 3354//3 3355//3
f 3355//3 3354//3 3356//3
f 3355//3 3356//3 3357//3
f 3357//3 3356//3 3358//3
f 3357//3 3358//3 3359//3
f 3359//3 3358//3 3360//3
f 3359//3 3360//3 3361//3
f 3361//3 3360//3 3362//3
f 3362//3 3360//3 3363//3
f 3362//3 3363//3 3319//3
f 3319//3 3363//3 3320//3
f 3321//3 3319//3 3257//3
f 2400//1249 2401//1249 3281//1249
f 3281//1068 2401//1068 3364//1068
f 3281//1069 3364//1069 3282//1069
f 3282//1069 3364//1069 3365//1069
f 3282//1070 3365//1070 3283//1070
f 3283//1250 3365//1250 3366//1250
f 3283//1251 3366//1251 3284//1251
f 3284//1252 3366//1252 3367//1252
f 3284//1253 3367//1253 3285//1253
f 3285//1072 3367//1072 3368//1072
f 3285//1073 3368//1073 3279//1073
f 3279//1254 3368//1254 3369//1254
f 3279//1074 3369//1074 3280//1074
f 3280//1074 3369//1074 3370//1074
f 3280//1075 3370//1075 3287//1075
f 3287//1075 3370//1075 3371//1075
f 3287//1076 3371//1076 3288//1076
f 3288//1255 3371//1255 3372//1255
f 3288//1077 3372//1077 3289//1077
f 3289//1077 3372//1077 3373//1077
f 3373//126 3374//126 3289//126
f 3289//126 3374//126 3299//126
f 3372//6 3375//6 3373//6
f 3373//6 3375//6 3376//6
f 3373//6 3376//6 3377//6
f 3372//6 3371//6 3375//6
f 3375//6 3371//6 3370//6
f 3375//6 3370//6 3369//6
f 3369//6 3368//6 3375//6
f 3375//6 3368//6 3367//6
f 3375//6 3367//6 3366//6
f 3366//6 3365//6 3375//6
f 3375//6 3365//6 3364//6
f 3375//6 3364//6 2401//6
f 2399//6 3378//6 2401//6
f 2401//6 3378//6 3379//6
f 2401//6 3379//6 3380//6
f 3045//6 3381//6 2399//6
f 2399//6 3381//6 3382//6
f 2399//6 3382//6 3383//6
f 3269//6 3384//6 3045//6
f 3045//6 3384//6 3385//6
f 3045//6 3385//6 3386//6
f 3387//6 3388//6 3269//6
f 3269//6 3388//6 3389//6
f 3269//6 3389//6 3390//6
f 3387//6 3391//6 3388//6
f 3388//6 3391//6 3392//6
f 3388//6 3392//6 3393//6
f 3393//6 3394//6 3388//6
f 3388//6 3394//6 3395//6
f 3388//6 3395//6 3396//6
f 3396//6 3397//6 3388//6
f 3388//6 3397//6 3398//6
f 3388//6 3398//6 3374//6
f 3373//6 3399//6 3374//6
f 3374//6 3399//6 3400//6
f 3374//6 3400//6 3401//6
f 3402//6 3403//6 3269//6
f 3269//6 3403//6 3384//6
f 3386//6 3404//6 3045//6
f 3045//6 3404//6 3405//6
f 3045//6 3405//6 3406//6
f 3406//6 3407//6 3045//6
f 3045//6 3407//6 3408//6
f 3045//6 3408//6 3381//6
f 3383//6 3409//6 2399//6
f 2399//6 3409//6 3410//6
f 2399//6 3410//6 3411//6
f 3411//6 3412//6 2399//6
f 2399//6 3412//6 3413//6
f 2399//6 3413//6 3378//6
f 3380//6 3414//6 2401//6
f 2401//6 3414//6 3415//6
f 2401//6 3415//6 3416//6
f 3416//6 3375//6 2401//6
f 3377//6 3417//6 3373//6
f 3373//6 3417//6 3399//6
f 3401//6 3418//6 3374//6
f 3374//6 3418//6 3388//6
f 3390//6 3419//6 3269//6
f 3269//6 3419//6 3402//6
f 3269//1256 3268//1256 3387//1256
f 3387//1087 3268//1087 3318//1087
f 3387//1257 3318//1257 3391//1257
f 3391//1086 3318//1086 3317//1086
f 3391//1085 3317//1085 3392//1085
f 3392//1258 3317//1258 3316//1258
f 3392//1084 3316//1084 3393//1084
f 3393//1084 3316//1084 3315//1084
f 3393//1083 3315//1083 3394//1083
f 3394//1083 3315//1083 3314//1083
f 3394//1082 3314//1082 3395//1082
f 3395//1259 3314//1259 3313//1259
f 3395//1081 3313//1081 3396//1081
f 3396//1081 3313//1081 3311//1081
f 3396//1080 3311//1080 3397//1080
f 3397//1080 3311//1080 3310//1080
f 3397//1079 3310//1079 3398//1079
f 3398//1079 3310//1079 3302//1079
f 3398//1078 3302//1078 3374//1078
f 3374//1078 3302//1078 3299//1078
f 3420//1172 3421//1172 3422//1172
f 3422//723 3421//723 3423//723
f 3422//724 3423//724 3424//724
f 3424//1173 3423//1173 3425//1173
f 3424//725 3425//725 3426//725
f 3426//1174 3425//1174 3427//1174
f 3426//726 3427//726 3428//726
f 3428//726 3427//726 3429//726
f 3428//1175 3429//1175 3430//1175
f 3430//1176 3429//1176 3431//1176
f 3430//839 3431//839 2948//839
f 2948//1260 3431//1260 2949//1260
f 2949//841 3431//841 3432//841
f 2949//1261 3432//1261 3433//1261
f 3421//750 3420//750 3434//750
f 3434//1190 3420//1190 3435//1190
f 3434//751 3435//751 3436//751
f 3436//751 3435//751 3437//751
f 3436//1191 3437//1191 3438//1191
f 3438//1192 3437//1192 3439//1192
f 3438//946 3439//946 3440//946
f 3440//946 3439//946 3441//946
f 3440//1040 3441//1040 3442//1040
f 3442//1040 3441//1040 3443//1040
f 3442//1041 3443//1041 3444//1041
f 3444//1041 3443//1041 3445//1041
f 3444//1042 3445//1042 3446//1042
f 3446//1042 3445//1042 3447//1042
f 3446//1043 3447//1043 3448//1043
f 3448//1043 3447//1043 3449//1043
f 3448//1044 3449//1044 3450//1044
f 3450//1044 3449//1044 3451//1044
f 3450//1045 3451//1045 3452//1045
f 3452//1045 3451//1045 3453//1045
f 3452//1046 3453//1046 3454//1046
f 3454//1046 3453//1046 3455//1046
f 3454//1047 3455//1047 3456//1047
f 3456//1047 3455//1047 3457//1047
f 3456//982 3457//982 3458//982
f 3458//982 3457//982 3459//982
f 3458//1186 3459//1186 3460//1186
f 3460//1185 3459//1185 3461//1185
f 3460//1184 3461//1184 3462//1184
f 3462//744 3461//744 3463//744
f 3462//743 3463//743 3464//743
f 3464//1183 3463//1183 3465//1183
f 3464//742 3465//742 3466//742
f 3466//1182 3465//1182 3467//1182
f 3466//1181 3467//1181 3468//1181
f 3468//741 3467//741 3469//741
f 3468//1180 3469//1180 3470//1180
f 3470//740 3469//740 3471//740
f 3470//739 3471//739 3472//739
f 3472//1179 3471//1179 3473//1179
f 3472//1178 3473//1178 3474//1178
f 3474//1177 3473//1177 3475//1177
f 3474//903 3475//903 2897//903
f 2897//1262 3475//1262 2899//1262
f 2899//1263 3475//1263 3476//1263
f 2899//1264 3476//1264 2901//1264
f 2901//1265 3476//1265 2902//1265
f 2902//1266 3476//1266 2904//1266
f 2904//909 3476//909 2906//909
f 2906//1267 3476//1267 2907//1267
f 2907//1268 3476//1268 3477//1268
f 2907//1269 3477//1269 2909//1269
f 2909//1270 3477//1270 2910//1270
f 2910//1271 3477//1271 2912//1271
f 2912//916 3477//916 2913//916
f 2913//1272 3477//1272 3478//1272
f 2913//1273 3478//1273 2915//1273
f 2915//918 3478//918 2916//918
f 2916//1274 3478//1274 3479//1274
f 2916//1275 3479//1275 2918//1275
f 2918//1276 3479//1276 2920//1276
f 2920//1277 3479//1277 2921//1277
f 2921//1278 3479//1278 3480//1278
f 2921//924 3480//924 2923//924
f 2923//925 3480//925 2924//925
f 2924//1279 3480//1279 3481//1279
f 2924//1280 3481//1280 2926//1280
f 2926//1281 3481//1281 2927//1281
f 2927//1282 3481//1282 2929//1282
f 2929//1283 3481//1283 3482//1283
f 2929//1284 3482//1284 2931//1284
f 2931//1285 3482//1285 2932//1285
f 2932//1286 3482//1286 2934//1286
f 2934//1287 3482//1287 3483//1287
f 2934//935 3483//935 2935//935
f 2935//1288 3483//1288 2937//1288
f 2937//1289 3483//1289 2938//1289
f 2938//1290 3483//1290 3484//1290
f 2938//1291 3484//1291 2940//1291
f 2940//940 3484//940 2941//940
f 2941//1292 3484//1292 2943//1292
f 2943//1293 3484//1293 2945//1293
f 2945//1294 3484//1294 2946//1294
f 2946//1295 3484//1295 2948//1295
f 2948//1296 3484//1296 3430//1296
f 3485//1173 3425//1173 3486//1173
f 3486//724 3425//724 3423//724
f 3486//723 3423//723 3487//723
f 3487//1172 3423//1172 3421//1172
f 3487//750 3421//750 3488//750
f 3488//1190 3421//1190 3434//1190
f 3488//751 3434//751 3489//751
f 3489//751 3434//751 3436//751
f 3489//1191 3436//1191 3490//1191
f 3490//1192 3436//1192 3438//1192
f 3490//946 3438//946 3491//946
f 3491//946 3438//946 3440//946
f 3491//1040 3440//1040 3492//1040
f 3492//1040 3440//1040 3442//1040
f 3492//1041 3442//1041 3493//1041
f 3493//1041 3442//1041 3444//1041
f 3493//1042 3444//1042 3494//1042
f 3494//1042 3444//1042 3446//1042
f 3494//1043 3446//1043 3495//1043
f 3495//1043 3446//1043 3448//1043
f 3495//1044 3448//1044 3496//1044
f 3496//1044 3448//1044 3450//1044
f 3496//1045 3450//1045 3497//1045
f 3497//1045 3450//1045 3452//1045
f 3497//1046 3452//1046 3498//1046
f 3498//1046 3452//1046 3454//1046
f 3498//1047 3454//1047 3499//1047
f 3499//1047 3454//1047 3456//1047
f 3499//982 3456//982 3500//982
f 3500//982 3456//982 3458//982
f 3500//1186 3458//1186 3501//1186
f 3501//1185 3458//1185 3460//1185
f 3501//1184 3460//1184 3502//1184
f 3502//744 3460//744 3462//744
f 3502//743 3462//743 3503//743
f 3503//1183 3462//1183 3464//1183
f 3503//742 3464//742 3504//742
f 3504//1182 3464//1182 3466//1182
f 3504//1181 3466//1181 3505//1181
f 3505//741 3466//741 3468//741
f 3505//1180 3468//1180 3506//1180
f 3506//740 3468//740 3470//740
f 3506//739 3470//739 3507//739
f 3507//1179 3470//1179 3472//1179
f 3507//1178 3472//1178 3508//1178
f 3508//1177 3472//1177 3474//1177
f 3508//1297 3474//1297 2896//1297
f 2896//1298 3474//1298 2897//1298
f 3425//725 3485//725 3427//725
f 3427//1174 3485//1174 3509//1174
f 3427//726 3509//726 3429//726
f 3429//726 3509//726 3510//726
f 3429//1175 3510//1175 3431//1175
f 3431//1176 3510//1176 3432//1176
f 3511//1299 2957//1299 3433//1299
f 3433//843 2957//843 3512//843
f 3433//1300 3512//1300 2952//1300
f 2952//1301 3512//1301 2954//1301
f 2954//1302 3512//1302 2956//1302
f 2956//1303 3512//1303 2957//1303
f 3513//1304 2962//1304 3511//1304
f 3511//1305 2962//1305 2960//1305
f 3511//1306 2960//1306 2959//1306
f 3514//1307 2966//1307 3513//1307
f 3513//1308 2966//1308 2965//1308
f 3513//1309 2965//1309 2963//1309
f 3515//1310 2971//1310 3514//1310
f 3514//960 2971//960 2970//960
f 3514//1311 2970//1311 2968//1311
f 3516//1312 2974//1312 3515//1312
f 3515//924 2974//924 2973//924
f 3515//925 2973//925 2971//925
f 3517//1313 2979//1313 3516//1313
f 3516//1314 2979//1314 2977//1314
f 3516//1315 2977//1315 2976//1315
f 3518//1316 2982//1316 3517//1316
f 3517//1317 2982//1317 2981//1317
f 3517//1318 2981//1318 2979//1318
f 3519//1319 2988//1319 3518//1319
f 3518//1320 2988//1320 2987//1320
f 3518//1321 2987//1321 2985//1321
f 3508//1322 2896//1322 3519//1322
f 3519//1323 2896//1323 2995//1323
f 3519//1324 2995//1324 2993//1324
f 3519//1325 2993//1325 3520//1325
f 3520//1326 2993//1326 2991//1326
f 3520//1327 2991//1327 2990//1327
f 2990//1328 2988//1328 3520//1328
f 3520//1329 2988//1329 3519//1329
f 2985//1330 2984//1330 3518//1330
f 3518//1331 2984//1331 2982//1331
f 2976//971 2974//971 3516//971
f 2968//1332 2966//1332 3514//1332
f 2963//1333 2962//1333 3513//1333
f 2959//1334 2957//1334 3511//1334
f 2952//1335 2951//1335 3433//1335
f 3433//1336 2951//1336 2949//1336
f 3424//6 3469//6 3422//6
f 3422//6 3469//6 3467//6
f 3422//6 3467//6 3420//6
f 3420//6 3467//6 3465//6
f 3420//6 3465//6 3435//6
f 3435//6 3465//6 3463//6
f 3435//6 3463//6 3437//6
f 3437//6 3463//6 3461//6
f 3437//6 3461//6 3439//6
f 3439//6 3461//6 3459//6
f 3439//6 3459//6 3441//6
f 3441//6 3459//6 3457//6
f 3441//6 3457//6 3443//6
f 3443//6 3457//6 3455//6
f 3443//6 3455//6 3445//6
f 3445//6 3455//6 3453//6
f 3445//6 3453//6 3447//6
f 3447//6 3453//6 3451//6
f 3447//6 3451//6 3449//6
f 3469//6 3424//6 3471//6
f 3471//6 3424//6 3426//6
f 3471//6 3426//6 3473//6
f 3473//6 3426//6 3428//6
f 3473//6 3428//6 3475//6
f 3475//6 3428//6 3430//6
f 3475//6 3430//6 3476//6
f 3476//6 3430//6 3484//6
f 3476//6 3484//6 3477//6
f 3477//6 3484//6 3483//6
f 3477//6 3483//6 3478//6
f 3478//6 3483//6 3482//6
f 3478//6 3482//6 3479//6
f 3479//6 3482//6 3481//6
f 3479//6 3481//6 3480//6
f 3044//459 2405//459 3521//459
f 3521//459 2405//459 2402//459
f 3522//176 3038//176 3521//176
f 3521//176 3038//176 3040//176
f 3521//176 3040//176 3042//176
f 3073//176 3071//176 3522//176
f 3522//176 3071//176 3069//176
f 3522//176 3069//176 3067//176
f 3067//176 3065//176 3522//176
f 3522//176 3065//176 3063//176
f 3522//176 3063//176 3034//176
f 3034//176 3063//176 3032//176
f 3032//176 3063//176 3061//176
f 3032//176 3061//176 3047//176
f 3047//176 3061//176 3074//176
f 3047//1337 3074//1337 3049//1337
f 3049//176 3074//176 3076//176
f 3049//176 3076//176 3051//176
f 3051//176 3076//176 3078//176
f 3051//176 3078//176 3053//176
f 3053//176 3078//176 3080//176
f 3053//176 3080//176 3055//176
f 3055//176 3080//176 3082//176
f 3055//176 3082//176 3057//176
f 3057//176 3082//176 3084//176
f 3057//176 3084//176 3059//176
f 3059//176 3084//176 3523//176
f 3523//176 3084//176 3093//176
f 3034//176 3036//176 3522//176
f 3522//176 3036//176 3038//176
f 3042//176 3044//176 3521//176
f 3093//126 2890//126 3523//126
f 3523//126 2890//126 2889//126
f 3523//126 2889//126 2888//126
f 3089//126 2861//126 3093//126
f 3093//126 2861//126 2862//126
f 3093//126 2862//126 2863//126
f 3271//126 2872//126 3089//126
f 3089//126 2872//126 2871//126
f 3089//126 2871//126 2870//126
f 3523//126 2881//126 3271//126
f 3271//126 2881//126 2880//126
f 3271//126 2880//126 2879//126
f 2863//126 2864//126 3093//126
f 3093//126 2864//126 2895//126
f 3093//126 2895//126 2894//126
f 2894//126 2893//126 3093//126
f 3093//126 2893//126 2892//126
f 3093//126 2892//126 2891//126
f 2891//126 2890//126 3093//126
f 2888//126 2887//126 3523//126
f 3523//126 2887//126 2886//126
f 3523//126 2886//126 2885//126
f 2885//126 2884//126 3523//126
f 3523//126 2884//126 2883//126
f 3523//126 2883//126 2882//126
f 2882//126 2881//126 3523//126
f 2879//126 2878//126 3271//126
f 3271//126 2878//126 2877//126
f 3271//126 2877//126 2876//126
f 2876//126 2875//126 3271//126
f 3271//126 2875//126 2874//126
f 3271//126 2874//126 2873//126
f 2873//126 2872//126 3271//126
f 2870//126 2869//126 3089//126
f 3089//126 2869//126 2868//126
f 3089//126 2868//126 2867//126
f 2867//126 2866//126 3089//126
f 3089//126 2866//126 2865//126
f 3089//126 2865//126 2860//126
f 2860//126 2861//126 3089//126
f 3522//6 3486//6 3073//6
f 3073//1037 3486//1037 3487//1037
f 3073//716 3487//716 3488//716
f 3270//6 3515//6 3522//6
f 3522//6 3515//6 3514//6
f 3522//6 3514//6 3513//6
f 3072//6 3504//6 3270//6
f 3270//717 3504//717 3505//717
f 3270//717 3505//717 3506//717
f 3073//6 3495//6 3072//6
f 3072//6 3495//6 3496//6
f 3072//6 3496//6 3497//6
f 3488//1038 3489//1038 3073//1038
f 3073//717 3489//717 3490//717
f 3073//716 3490//716 3491//716
f 3491//6 3492//6 3073//6
f 3073//6 3492//6 3493//6
f 3073//6 3493//6 3494//6
f 3494//6 3495//6 3073//6
f 3497//6 3498//6 3072//6
f 3072//6 3498//6 3499//6
f 3072//717 3499//717 3500//717
f 3500//716 3501//716 3072//716
f 3072//717 3501//717 3502//717
f 3072//717 3502//717 3503//717
f 3503//1039 3504//1039 3072//1039
f 3506//6 3507//6 3270//6
f 3270//716 3507//716 3508//716
f 3270//6 3508//6 3519//6
f 3519//717 3518//717 3270//717
f 3270//6 3518//6 3517//6
f 3270//6 3517//6 3516//6
f 3516//6 3515//6 3270//6
f 3513//6 3511//6 3522//6
f 3522//716 3511//716 3433//716
f 3522//6 3433//6 3432//6
f 3432//717 3510//717 3522//717
f 3522//6 3510//6 3509//6
f 3522//716 3509//716 3485//716
f 3485//6 3486//6 3522//6
f 2402//103 2397//103 3521//103
f 3521//103 2397//103 3229//103
f 3521//103 3229//103 3003//103
f 3003//103 3229//103 3004//103
f 3004//103 3229//103 3005//103
f 3005//103 3229//103 3006//103
f 3006//103 3229//103 3007//103
f 3007//103 3229//103 3270//103
f 3007//103 3270//103 3008//103
f 3008//103 3270//103 3009//103
f 3009//103 3270//103 3010//103
f 3010//103 3270//103 3011//103
f 3011//103 3270//103 3012//103
f 3012//103 3270//103 3013//103
f 3013//103 3270//103 3014//103
f 3014//103 3270//103 3015//103
f 3015//103 3270//103 3016//103
f 3016//103 3270//103 3017//103
f 3017//103 3270//103 3522//103
f 3017//103 3522//103 3018//103
f 3018//103 3522//103 3019//103
f 3019//103 3522//103 3020//103
f 3020//103 3522//103 3021//103
f 3021//103 3522//103 3022//103
f 3022//103 3522//103 3023//103
f 3023//103 3522//103 3024//103
f 3024//103 3522//103 3025//103
f 3025//103 3522//103 3026//103
f 3026//103 3522//103 3521//103
f 3026//103 3521//103 3027//103
f 3027//103 3521//103 3028//103
f 3028//103 3521//103 3029//103
f 3029//103 3521//103 3030//103
f 3030//103 3521//103 3031//103
f 3031//103 3521//103 3000//103
f 3000//103 3521//103 2999//103
f 2999//103 3521//103 2998//103
f 2998//103 3521//103 2997//103
f 2997//103 3521//103 2996//103
f 2996//103 3521//103 3001//103
f 3001//103 3521//103 3002//103
f 3002//103 3521//103 3003//103
f 3523//319 3271//319 3059//319
f 3059//319 3271//319 3058//319
f 3402//742 3524//742 3403//742
f 3403//742 3524//742 3525//742
f 3403//741 3525//741 3384//741
f 3384//741 3525//741 3526//741
f 3384//740 3526//740 3385//740
f 3385//1180 3526//1180 3527//1180
f 3385//739 3527//739 3386//739
f 3386//1179 3527//1179 3528//1179
f 3386//738 3528//738 3404//738
f 3404//738 3528//738 3529//738
f 3404//737 3529//737 3405//737
f 3405//737 3529//737 3530//737
f 3405//1338 3530//1338 3406//1338
f 3406//1338 3530//1338 3531//1338
f 3406//735 3531//735 3407//735
f 3407//735 3531//735 3532//735
f 3407//734 3532//734 3408//734
f 3408//734 3532//734 3533//734
f 3408//733 3533//733 3381//733
f 3381//733 3533//733 3534//733
f 3381//732 3534//732 3382//732
f 3382//732 3534//732 3535//732
f 3382//731 3535//731 3383//731
f 3383//731 3535//731 3536//731
f 3383//730 3536//730 3409//730
f 3409//730 3536//730 3537//730
f 3409//1339 3537//1339 3410//1339
f 3410//1339 3537//1339 3538//1339
f 3410//728 3538//728 3411//728
f 3411//728 3538//728 3539//728
f 3411//727 3539//727 3412//727
f 3412//1176 3539//1176 3540//1176
f 3412//726 3540//726 3413//726
f 3413//726 3540//726 3541//726
f 3413//1174 3541//1174 3378//1174
f 3378//1174 3541//1174 3542//1174
f 3378//1173 3542//1173 3379//1173
f 3379//724 3542//724 3543//724
f 3379//723 3543//723 3380//723
f 3380//1172 3543//1172 3544//1172
f 3380//1190 3544//1190 3414//1190
f 3414//1190 3544//1190 3545//1190
f 3414//751 3545//751 3415//751
f 3415//751 3545//751 3546//751
f 3415//1192 3546//1192 3416//1192
f 3416//752 3546//752 3547//752
f 3416//946 3547//946 3375//946
f 3375//946 3547//946 3548//946
f 3375//1340 3548//1340 3376//1340
f 3376//1340 3548//1340 3549//1340
f 3376//1041 3549//1041 3377//1041
f 3377//1041 3549//1041 3550//1041
f 3377//1042 3550//1042 3417//1042
f 3417//1042 3550//1042 3551//1042
f 3417//1043 3551//1043 3399//1043
f 3399//1043 3551//1043 3552//1043
f 3399//1044 3552//1044 3400//1044
f 3400//1044 3552//1044 3553//1044
f 3400//1045 3553//1045 3401//1045
f 3401//1045 3553//1045 3554//1045
f 3401//1046 3554//1046 3418//1046
f 3418//1046 3554//1046 3555//1046
f 3418//1341 3555//1341 3388//1341
f 3388//1341 3555//1341 3556//1341
f 3388//982 3556//982 3389//982
f 3389//982 3556//982 3557//982
f 3389//745 3557//745 3390//745
f 3390//745 3557//745 3558//745
f 3390//1184 3558//1184 3419//1184
f 3419//744 3558//744 3559//744
f 3419//1183 3559//1183 3402//1183
f 3402//743 3559//743 3524//743
f 3312//741 3526//741 3309//741
f 3309//741 3526//741 3525//741
f 3309//742 3525//742 3308//742
f 3308//742 3525//742 3524//742
f 3308//743 3524//743 3307//743
f 3307//1183 3524//1183 3559//1183
f 3307//744 3559//744 3306//744
f 3306//1184 3559//1184 3558//1184
f 3306//745 3558//745 3305//745
f 3305//745 3558//745 3557//745
f 3305//982 3557//982 3304//982
f 3304//982 3557//982 3556//982
f 3304//1341 3556//1341 3303//1341
f 3303//1341 3556//1341 3555//1341
f 3303//1046 3555//1046 3301//1046
f 3301//1046 3555//1046 3554//1046
f 3301//1045 3554//1045 3300//1045
f 3300//1045 3554//1045 3553//1045
f 3300//1044 3553//1044 3298//1044
f 3298//1044 3553//1044 3552//1044
f 3298//1043 3552//1043 3297//1043
f 3297//1043 3552//1043 3551//1043
f 3297//1042 3551//1042 3296//1042
f 3296//1042 3551//1042 3550//1042
f 3296//1041 3550//1041 3295//1041
f 3295//1041 3550//1041 3549//1041
f 3295//1340 3549//1340 3294//1340
f 3294//1340 3549//1340 3548//1340
f 3294//946 3548//946 3293//946
f 3293//946 3548//946 3547//946
f 3293//752 3547//752 3292//752
f 3292//1192 3547//1192 3546//1192
f 3292//751 3546//751 3291//751
f 3291//751 3546//751 3545//751
f 3291//1190 3545//1190 3290//1190
f 3290//1190 3545//1190 3544//1190
f 3290//1172 3544//1172 3286//1172
f 3286//723 3544//723 3543//723
f 3286//724 3543//724 3278//724
f 3278//1173 3543//1173 3542//1173
f 3278//1174 3542//1174 3277//1174
f 3277//1174 3542//1174 3541//1174
f 3277//726 3541//726 3338//726
f 3338//726 3541//726 3540//726
f 3338//1176 3540//1176 3340//1176
f 3340//727 3540//727 3539//727
f 3340//728 3539//728 3343//728
f 3343//728 3539//728 3538//728
f 3343//1339 3538//1339 3345//1339
f 3345//1339 3538//1339 3537//1339
f 3345//730 3537//730 3347//730
f 3347//730 3537//730 3536//730
f 3347//731 3536//731 3349//731
f 3349//731 3536//731 3535//731
f 3349//732 3535//732 3351//732
f 3351//732 3535//732 3534//732
f 3351//733 3534//733 3352//733
f 3352//733 3534//733 3533//733
f 3352//734 3533//734 3354//734
f 3354//734 3533//734 3532//734
f 3354//735 3532//735 3356//735
f 3356//735 3532//735 3531//735
f 3356//1338 3531//1338 3358//1338
f 3358//1338 3531//1338 3530//1338
f 3358//737 3530//737 3360//737
f 3360//737 3530//737 3529//737
f 3360//738 3529//738 3363//738
f 3363//738 3529//738 3528//738
f 3363//1179 3528//1179 3320//1179
f 3320//739 3528//739 3527//739
f 3320//1180 3527//1180 3312//1180
f 3312//740 3527//740 3526//740
f 3230//742 3560//742 3231//742
f 3231//742 3560//742 3561//742
f 3231//741 3561//741 3232//741
f 3232//741 3561//741 3562//741
f 3232//740 3562//740 3239//740
f 3239//1180 3562//1180 3563//1180
f 3239//739 3563//739 3240//739
f 3240//1179 3563//1179 3564//1179
f 3240//738 3564//738 3241//738
f 3241//738 3564//738 3565//738
f 3241//737 3565//737 3217//737
f 3217//737 3565//737 3566//737
f 3217//1338 3566//1338 3218//1338
f 3218//1338 3566//1338 3567//1338
f 3218//735 3567//735 3219//735
f 3219//735 3567//735 3568//735
f 3219//734 3568//734 3242//734
f 3242//734 3568//734 3569//734
f 3242//733 3569//733 3213//733
f 3213//733 3569//733 3570//733
f 3213//732 3570//732 3214//732
f 3214//732 3570//732 3571//732
f 3214//731 3571//731 3215//731
f 3215//731 3571//731 3572//731
f 3215//730 3572//730 3243//730
f 3243//730 3572//730 3573//730
f 3243//1339 3573//1339 3209//1339
f 3209//1339 3573//1339 3574//1339
f 3209//728 3574//728 3210//728
f 3210//728 3574//728 3575//728
f 3210//727 3575//727 3211//727
f 3211//1176 3575//1176 3576//1176
f 3211//726 3576//726 3244//726
f 3244//726 3576//726 3577//726
f 3244//1174 3577//1174 3245//1174
f 3245//1174 3577//1174 3578//1174
f 3245//1173 3578//1173 3246//1173
f 3246//724 3578//724 3579//724
f 3246//723 3579//723 3236//723
f 3236//1172 3579//1172 3580//1172
f 3236//1190 3580//1190 3237//1190
f 3237//1190 3580//1190 3581//1190
f 3237//751 3581//751 3238//751
f 3238//751 3581//751 3582//751
f 3238//1192 3582//1192 3247//1192
f 3247//752 3582//752 3583//752
f 3247//946 3583//946 3248//946
f 3248//946 3583//946 3584//946
f 3248//1340 3584//1340 3249//1340
f 3249//1340 3584//1340 3585//1340
f 3249//1041 3585//1041 3250//1041
f 3250//1041 3585//1041 3586//1041
f 3250//1042 3586//1042 3251//1042
f 3251//1042 3586//1042 3587//1042
f 3251//1043 3587//1043 3233//1043
f 3233//1043 3587//1043 3588//1043
f 3233//1044 3588//1044 3234//1044
f 3234//1044 3588//1044 3589//1044
f 3234//1045 3589//1045 3235//1045
f 3235//1045 3589//1045 3590//1045
f 3235//1046 3590//1046 3252//1046
f 3252//1046 3590//1046 3591//1046
f 3252//1341 3591//1341 3253//1341
f 3253//1341 3591//1341 3592//1341
f 3253//982 3592//982 3254//982
f 3254//982 3592//982 3593//982
f 3254//745 3593//745 3255//745
f 3255//745 3593//745 3594//745
f 3255//1184 3594//1184 3256//1184
f 3256//744 3594//744 3595//744
f 3256//1183 3595//1183 3230//1183
f 3230//743 3595//743 3560//743
f 3323//741 3562//741 3322//741
f 3322//741 3562//741 3561//741
f 3322//742 3561//742 3321//742
f 3321//742 3561//742 3560//742
f 3321//743 3560//743 3319//743
f 3319//1183 3560//1183 3595//1183
f 3319//744 3595//744 3362//744
f 3362//1184 3595//1184 3594//1184
f 3362//745 3594//745 3361//745
f 3361//745 3594//745 3593//745
f 3361//982 3593//982 3359//982
f 3359//982 3593//982 3592//982
f 3359//1341 3592//1341 3357//1341
f 3357//1341 3592//1341 3591//1341
f 3357//1046 3591//1046 3355//1046
f 3355//1046 3591//1046 3590//1046
f 3355//1045 3590//1045 3353//1045
f 3353//1045 3590//1045 3589//1045
f 3353//1044 3589//1044 3350//1044
f 3350//1044 3589//1044 3588//1044
f 3350//1043 3588//1043 3348//1043
f 3348//1043 3588//1043 3587//1043
f 3348//1042 3587//1042 3346//1042
f 3346//1042 3587//1042 3586//1042
f 3346//1041 3586//1041 3344//1041
f 3344//1041 3586//1041 3585//1041
f 3344//1340 3585//1340 3342//1340
f 3342//1340 3585//1340 3584//1340
f 3342//946 3584//946 3341//946
f 3341//946 3584//946 3583//946
f 3341//752 3583//752 3339//752
f 3339//1192 3583//1192 3582//1192
f 3339//751 3582//751 3276//751
f 3276//751 3582//751 3581//751
f 3276//1190 3581//1190 3275//1190
f 3275//1190 3581//1190 3580//1190
f 3275//1172 3580//1172 3272//1172
f 3272//723 3580//723 3579//723
f 3272//724 3579//724 3273//724
f 3273//1173 3579//1173 3578//1173
f 3273//1174 3578//1174 3274//1174
f 3274//1174 3578//1174 3577//1174
f 3274//726 3577//726 3337//726
f 3337//726 3577//726 3576//726
f 3337//1176 3576//1176 3336//1176
f 3336//727 3576//727 3575//727
f 3336//728 3575//728 3335//728
f 3335//728 3575//728 3574//728
f 3335//1339 3574//1339 3334//1339
f 3334//1339 3574//1339 3573//1339
f 3334//730 3573//730 3333//730
f 3333//730 3573//730 3572//730
f 3333//731 3572//731 3332//731
f 3332//731 3572//731 3571//731
f 3332//732 3571//732 3331//732
f 3331//732 3571//732 3570//732
f 3331//733 3570//733 3330//733
f 3330//733 3570//733 3569//733
f 3330//734 3569//734 3329//734
f 3329//734 3569//734 3568//734
f 3329//735 3568//735 3328//735
f 3328//735 3568//735 3567//735
f 3328//1338 3567//1338 3327//1338
f 3327//1338 3567//1338 3566//1338
f 3327//737 3566//737 3326//737
f 3326//737 3566//737 3565//737
f 3326//738 3565//738 3325//738
f 3325//738 3565//738 3564//738
f 3325//1179 3564//1179 3324//1179
f 3324//739 3564//739 3563//739
f 3324//1180 3563//1180 3323//1180
f 3323//740 3563//740 3562//740
f 3189//103 3267//103 3190//103
f 3190//103 3267//103 3212//103
f 3596//606 3597//606 3598//606
f 3598//606 3597//606 3599//606
f 3600//597 3601//597 3602//597
f 3602//597 3601//597 3603//597
f 1092//3 3599//3 1094//3
f 1094//3 3599//3 3597//3
f 3601//3 2404//3 3603//3
f 3603//3 2404//3 2403//3
f 2407//6 2406//6 1096//6
f 1096//6 2406//6 1090//6
f 3603//103 2403//103 3602//103
f 3602//103 2403//103 2407//103
f 3602//103 2407//103 3596//103
f 3596//103 2407//103 1096//103
f 3596//103 1096//103 1094//103
f 1094//103 3597//103 3596//103
f 3596//3 3598//3 3602//3
f 3602//3 3598//3 3600//3
f 2404//126 3600//126 2406//126
f 2406//126 3600//126 3598//126
f 2406//126 3598//126 1090//126
f 1090//126 3598//126 1092//126
f 1092//126 3598//126 3599//126
f 2404//126 3601//126 3600//126

###north_ide_processed
###lsh 3 1
###lsh 5 4
###lsh 7 6
###lsh 9 8
###lsh 11 10
###lsh 0 2
###lsh 2 3
###lsh 11 2
###lsh 9 11
###lsh 3 5
###lsh 5 7
###lsh 7 9
###lsh 16 15
###lsh 15 13
###lsh 13 17
###lsh 17 19
###lsh 19 21
###lsh 21 23
###lsh 23 25
###lsh 25 27
###lsh 27 29
###lsh 29 31
###lsh 31 33
###lsh 33 35
###lsh 35 37
###lsh 37 39
###lsh 39 41
###lsh 41 43
###lsh 43 45
###lsh 45 47
###lsh 47 49
###lsh 49 51
###lsh 51 53
###lsh 53 55
###lsh 55 56
###lsh 56 58
###lsh 58 60
###lsh 60 62
###lsh 62 64
###lsh 64 66
###lsh 66 68
###lsh 68 70
###lsh 70 72
###lsh 72 74
###lsh 74 76
###lsh 76 78
###lsh 78 80
###lsh 80 82
###lsh 82 84
###lsh 84 86
###lsh 86 88
###lsh 88 90
###lsh 90 92
###lsh 92 16
###lsh 14 93
###lsh 0 10
###lsh 12 14
###lsh 18 12
###lsh 20 18
###lsh 22 20
###lsh 24 22
###lsh 26 24
###lsh 28 26
###lsh 10 8
###lsh 30 28
###lsh 32 30
###lsh 34 32
###lsh 36 34
###lsh 38 36
###lsh 40 38
###lsh 8 6
###lsh 42 40
###lsh 44 42
###lsh 46 44
###lsh 48 46
###lsh 50 48
###lsh 52 50
###lsh 54 52
###lsh 6 4
###lsh 57 54
###lsh 59 57
###lsh 61 59
###lsh 63 61
###lsh 65 63
###lsh 67 65
###lsh 69 67
###lsh 4 1
###lsh 71 69
###lsh 73 71
###lsh 75 73
###lsh 77 75
###lsh 79 77
###lsh 81 79
###lsh 1 0
###lsh 83 81
###lsh 85 83
###lsh 87 85
###lsh 89 87
###lsh 91 89
###lsh 93 91
###lsh 139 137
###lsh 141 140
###lsh 143 142
###lsh 145 144
###lsh 147 146
###lsh 136 138
###lsh 138 139
###lsh 147 138
###lsh 145 147
###lsh 139 141
###lsh 141 143
###lsh 143 145
###lsh 152 151
###lsh 151 149
###lsh 149 153
###lsh 153 155
###lsh 155 157
###lsh 157 159
###lsh 159 161
###lsh 161 163
###lsh 163 165
###lsh 165 167
###lsh 167 169
###lsh 169 171
###lsh 171 173
###lsh 173 175
###lsh 175 177
###lsh 177 179
###lsh 179 181
###lsh 181 183
###lsh 183 185
###lsh 185 187
###lsh 187 189
###lsh 189 191
###lsh 191 192
###lsh 192 194
###lsh 194 196
###lsh 196 198
###lsh 198 200
###lsh 200 202
###lsh 202 204
###lsh 204 206
###lsh 206 208
###lsh 208 210
###lsh 210 212
###lsh 212 214
###lsh 214 216
###lsh 216 218
###lsh 218 220
###lsh 220 222
###lsh 222 224
###lsh 224 226
###lsh 226 228
###lsh 228 152
###lsh 150 229
###lsh 136 146
###lsh 148 150
###lsh 154 148
###lsh 156 154
###lsh 158 156
###lsh 160 158
###lsh 162 160
###lsh 164 162
###lsh 146 144
###lsh 166 164
###lsh 168 166
###lsh 170 168
###lsh 172 170
###lsh 174 172
###lsh 176 174
###lsh 144 142
###lsh 178 176
###lsh 180 178
###lsh 182 180
###lsh 184 182
###lsh 186 184
###lsh 188 186
###lsh 190 188
###lsh 142 140
###lsh 193 190
###lsh 195 193
###lsh 197 195
###lsh 199 197
###lsh 201 199
###lsh 203 201
###lsh 205 203
###lsh 140 137
###lsh 207 205
###lsh 209 207
###lsh 211 209
###lsh 213 211
###lsh 215 213
###lsh 217 215
###lsh 137 136
###lsh 219 217
###lsh 221 219
###lsh 223 221
###lsh 225 223
###lsh 227 225
###lsh 229 227
###lsh 275 273
###lsh 277 276
###lsh 279 278
###lsh 281 280
###lsh 283 282
###lsh 272 274
###lsh 274 275
###lsh 283 274
###lsh 281 283
###lsh 275 277
###lsh 277 279
###lsh 279 281
###lsh 288 287
###lsh 287 285
###lsh 285 289
###lsh 289 291
###lsh 291 293
###lsh 293 295
###lsh 295 297
###lsh 297 299
###lsh 299 301
###lsh 301 303
###lsh 303 305
###lsh 305 307
###lsh 307 309
###lsh 309 311
###lsh 311 313
###lsh 313 315
###lsh 315 317
###lsh 317 319
###lsh 319 321
###lsh 321 323
###lsh 323 325
###lsh 325 327
###lsh 327 328
###lsh 328 330
###lsh 330 332
###lsh 332 334
###lsh 334 336
###lsh 336 338
###lsh 338 340
###lsh 340 342
###lsh 342 344
###lsh 344 346
###lsh 346 348
###lsh 348 350
###lsh 350 352
###lsh 352 354
###lsh 354 356
###lsh 356 358
###lsh 358 360
###lsh 360 362
###lsh 362 364
###lsh 364 288
###lsh 286 365
###lsh 272 282
###lsh 284 286
###lsh 290 284
###lsh 292 290
###lsh 294 292
###lsh 296 294
###lsh 298 296
###lsh 300 298
###lsh 282 280
###lsh 302 300
###lsh 304 302
###lsh 306 304
###lsh 308 306
###lsh 310 308
###lsh 312 310
###lsh 280 278
###lsh 314 312
###lsh 316 314
###lsh 318 316
###lsh 320 318
###lsh 322 320
###lsh 324 322
###lsh 326 324
###lsh 278 276
###lsh 329 326
###lsh 331 329
###lsh 333 331
###lsh 335 333
###lsh 337 335
###lsh 339 337
###lsh 341 339
###lsh 276 273
###lsh 343 341
###lsh 345 343
###lsh 347 345
###lsh 349 347
###lsh 351 349
###lsh 353 351
###lsh 273 272
###lsh 355 353
###lsh 357 355
###lsh 359 357
###lsh 361 359
###lsh 363 361
###lsh 365 363
###lsh 411 409
###lsh 413 412
###lsh 415 414
###lsh 417 416
###lsh 419 418
###lsh 408 410
###lsh 410 411
###lsh 419 410
###lsh 417 419
###lsh 411 413
###lsh 413 415
###lsh 415 417
###lsh 424 423
###lsh 423 421
###lsh 421 425
###lsh 425 427
###lsh 427 429
###lsh 429 431
###lsh 431 433
###lsh 433 435
###lsh 435 437
###lsh 437 439
###lsh 439 441
###lsh 441 443
###lsh 443 445
###lsh 445 447
###lsh 447 449
###lsh 449 451
###lsh 451 453
###lsh 453 455
###lsh 455 457
###lsh 457 459
###lsh 459 461
###lsh 461 463
###lsh 463 464
###lsh 464 466
###lsh 466 468
###lsh 468 470
###lsh 470 472
###lsh 472 474
###lsh 474 476
###lsh 476 478
###lsh 478 480
###lsh 480 482
###lsh 482 484
###lsh 484 486
###lsh 486 488
###lsh 488 490
###lsh 490 492
###lsh 492 494
###lsh 494 496
###lsh 496 498
###lsh 498 500
###lsh 500 424
###lsh 422 501
###lsh 408 418
###lsh 420 422
###lsh 426 420
###lsh 428 426
###lsh 430 428
###lsh 432 430
###lsh 434 432
###lsh 436 434
###lsh 418 416
###lsh 438 436
###lsh 440 438
###lsh 442 440
###lsh 444 442
###lsh 446 444
###lsh 448 446
###lsh 416 414
###lsh 450 448
###lsh 452 450
###lsh 454 452
###lsh 456 454
###lsh 458 456
###lsh 460 458
###lsh 462 460
###lsh 414 412
###lsh 465 462
###lsh 467 465
###lsh 469 467
###lsh 471 469
###lsh 473 471
###lsh 475 473
###lsh 477 475
###lsh 412 409
###lsh 479 477
###lsh 481 479
###lsh 483 481
###lsh 485 483
###lsh 487 485
###lsh 489 487
###lsh 409 408
###lsh 491 489
###lsh 493 491
###lsh 495 493
###lsh 497 495
###lsh 499 497
###lsh 501 499
###lsh 547 545
###lsh 549 548
###lsh 551 550
###lsh 553 552
###lsh 555 554
###lsh 544 546
###lsh 546 547
###lsh 555 546
###lsh 553 555
###lsh 547 549
###lsh 549 551
###lsh 551 553
###lsh 560 559
###lsh 559 557
###lsh 557 561
###lsh 561 563
###lsh 563 565
###lsh 565 567
###lsh 567 569
###lsh 569 571
###lsh 571 573
###lsh 573 575
###lsh 575 577
###lsh 577 579
###lsh 579 581
###lsh 581 583
###lsh 583 585
###lsh 585 587
###lsh 587 589
###lsh 589 591
###lsh 591 593
###lsh 593 595
###lsh 595 597
###lsh 597 599
###lsh 599 600
###lsh 600 602
###lsh 602 604
###lsh 604 606
###lsh 606 608
###lsh 608 610
###lsh 610 612
###lsh 612 614
###lsh 614 616
###lsh 616 618
###lsh 618 620
###lsh 620 622
###lsh 622 624
###lsh 624 626
###lsh 626 628
###lsh 628 630
###lsh 630 632
###lsh 632 634
###lsh 634 636
###lsh 636 560
###lsh 558 637
###lsh 544 554
###lsh 556 558
###lsh 562 556
###lsh 564 562
###lsh 566 564
###lsh 568 566
###lsh 570 568
###lsh 572 570
###lsh 554 552
###lsh 574 572
###lsh 576 574
###lsh 578 576
###lsh 580 578
###lsh 582 580
###lsh 584 582
###lsh 552 550
###lsh 586 584
###lsh 588 586
###lsh 590 588
###lsh 592 590
###lsh 594 592
###lsh 596 594
###lsh 598 596
###lsh 550 548
###lsh 601 598
###lsh 603 601
###lsh 605 603
###lsh 607 605
###lsh 609 607
###lsh 611 609
###lsh 613 611
###lsh 548 545
###lsh 615 613
###lsh 617 615
###lsh 619 617
###lsh 621 619
###lsh 623 621
###lsh 625 623
###lsh 545 544
###lsh 627 625
###lsh 629 627
###lsh 631 629
###lsh 633 631
###lsh 635 633
###lsh 637 635
###lsh 683 681
###lsh 685 684
###lsh 687 686
###lsh 689 688
###lsh 691 690
###lsh 680 682
###lsh 682 683
###lsh 691 682
###lsh 689 691
###lsh 683 685
###lsh 685 687
###lsh 687 689
###lsh 696 695
###lsh 695 693
###lsh 693 697
###lsh 697 699
###lsh 699 701
###lsh 701 703
###lsh 703 705
###lsh 705 707
###lsh 707 709
###lsh 709 711
###lsh 711 713
###lsh 713 715
###lsh 715 717
###lsh 717 719
###lsh 719 721
###lsh 721 723
###lsh 723 725
###lsh 725 727
###lsh 727 729
###lsh 729 731
###lsh 731 733
###lsh 733 735
###lsh 735 736
###lsh 736 738
###lsh 738 740
###lsh 740 742
###lsh 742 744
###lsh 744 746
###lsh 746 748
###lsh 748 750
###lsh 750 752
###lsh 752 754
###lsh 754 756
###lsh 756 758
###lsh 758 760
###lsh 760 762
###lsh 762 764
###lsh 764 766
###lsh 766 768
###lsh 768 770
###lsh 770 772
###lsh 772 696
###lsh 694 773
###lsh 680 690
###lsh 692 694
###lsh 698 692
###lsh 700 698
###lsh 702 700
###lsh 704 702
###lsh 706 704
###lsh 708 706
###lsh 690 688
###lsh 710 708
###lsh 712 710
###lsh 714 712
###lsh 716 714
###lsh 718 716
###lsh 720 718
###lsh 688 686
###lsh 722 720
###lsh 724 722
###lsh 726 724
###lsh 728 726
###lsh 730 728
###lsh 732 730
###lsh 734 732
###lsh 686 684
###lsh 737 734
###lsh 739 737
###lsh 741 739
###lsh 743 741
###lsh 745 743
###lsh 747 745
###lsh 749 747
###lsh 684 681
###lsh 751 749
###lsh 753 751
###lsh 755 753
###lsh 757 755
###lsh 759 757
###lsh 761 759
###lsh 681 680
###lsh 763 761
###lsh 765 763
###lsh 767 765
###lsh 769 767
###lsh 771 769
###lsh 773 771
###lsh 819 817
###lsh 821 820
###lsh 823 822
###lsh 825 824
###lsh 827 826
###lsh 816 818
###lsh 818 819
###lsh 827 818
###lsh 825 827
###lsh 819 821
###lsh 821 823
###lsh 823 825
###lsh 832 831
###lsh 831 829
###lsh 829 833
###lsh 833 835
###lsh 835 837
###lsh 837 839
###lsh 839 841
###lsh 841 843
###lsh 843 845
###lsh 845 847
###lsh 847 849
###lsh 849 851
###lsh 851 853
###lsh 853 855
###lsh 855 857
###lsh 857 859
###lsh 859 861
###lsh 861 863
###lsh 863 865
###lsh 865 867
###lsh 867 869
###lsh 869 871
###lsh 871 872
###lsh 872 874
###lsh 874 876
###lsh 876 878
###lsh 878 880
###lsh 880 882
###lsh 882 884
###lsh 884 886
###lsh 886 888
###lsh 888 890
###lsh 890 892
###lsh 892 894
###lsh 894 896
###lsh 896 898
###lsh 898 900
###lsh 900 902
###lsh 902 904
###lsh 904 906
###lsh 906 908
###lsh 908 832
###lsh 830 909
###lsh 816 826
###lsh 828 830
###lsh 834 828
###lsh 836 834
###lsh 838 836
###lsh 840 838
###lsh 842 840
###lsh 844 842
###lsh 826 824
###lsh 846 844
###lsh 848 846
###lsh 850 848
###lsh 852 850
###lsh 854 852
###lsh 856 854
###lsh 824 822
###lsh 858 856
###lsh 860 858
###lsh 862 860
###lsh 864 862
###lsh 866 864
###lsh 868 866
###lsh 870 868
###lsh 822 820
###lsh 873 870
###lsh 875 873
###lsh 877 875
###lsh 879 877
###lsh 881 879
###lsh 883 881
###lsh 885 883
###lsh 820 817
###lsh 887 885
###lsh 889 887
###lsh 891 889
###lsh 893 891
###lsh 895 893
###lsh 897 895
###lsh 817 816
###lsh 899 897
###lsh 901 899
###lsh 903 901
###lsh 905 903
###lsh 907 905
###lsh 909 907
###lsh 955 953
###lsh 957 956
###lsh 959 958
###lsh 961 960
###lsh 963 962
###lsh 952 954
###lsh 954 955
###lsh 963 954
###lsh 961 963
###lsh 955 957
###lsh 957 959
###lsh 959 961
###lsh 968 967
###lsh 967 965
###lsh 965 969
###lsh 969 971
###lsh 971 973
###lsh 973 975
###lsh 975 977
###lsh 977 979
###lsh 979 981
###lsh 981 983
###lsh 983 985
###lsh 985 987
###lsh 987 989
###lsh 989 991
###lsh 991 993
###lsh 993 995
###lsh 995 997
###lsh 997 999
###lsh 999 1001
###lsh 1001 1003
###lsh 1003 1005
###lsh 1005 1007
###lsh 1007 1008
###lsh 1008 1010
###lsh 1010 1012
###lsh 1012 1014
###lsh 1014 1016
###lsh 1016 1018
###lsh 1018 1020
###lsh 1020 1022
###lsh 1022 1024
###lsh 1024 1026
###lsh 1026 1028
###lsh 1028 1030
###lsh 1030 1032
###lsh 1032 1034
###lsh 1034 1036
###lsh 1036 1038
###lsh 1038 1040
###lsh 1040 1042
###lsh 1042 1044
###lsh 1044 968
###lsh 966 1045
###lsh 952 962
###lsh 964 966
###lsh 970 964
###lsh 972 970
###lsh 974 972
###lsh 976 974
###lsh 978 976
###lsh 980 978
###lsh 962 960
###lsh 982 980
###lsh 984 982
###lsh 986 984
###lsh 988 986
###lsh 990 988
###lsh 992 990
###lsh 960 958
###lsh 994 992
###lsh 996 994
###lsh 998 996
###lsh 1000 998
###lsh 1002 1000
###lsh 1004 1002
###lsh 1006 1004
###lsh 958 956
###lsh 1009 1006
###lsh 1011 1009
###lsh 1013 1011
###lsh 1015 1013
###lsh 1017 1015
###lsh 1019 1017
###lsh 1021 1019
###lsh 956 953
###lsh 1023 1021
###lsh 1025 1023
###lsh 1027 1025
###lsh 1029 1027
###lsh 1031 1029
###lsh 1033 1031
###lsh 953 952
###lsh 1035 1033
###lsh 1037 1035
###lsh 1039 1037
###lsh 1041 1039
###lsh 1043 1041
###lsh 1045 1043
###lsh 1102 1104
###lsh 942 943
###lsh 1100 1102
###lsh 943 944
###lsh 1186 1100
###lsh 944 945
###lsh 1184 1186
###lsh 945 946
###lsh 1182 1184
###lsh 946 947
###lsh 1180 1182
###lsh 947 948
###lsh 1178 1180
###lsh 948 949
###lsh 1176 1178
###lsh 949 950
###lsh 1174 1176
###lsh 950 951
###lsh 1172 1174
###lsh 951 910
###lsh 1170 1172
###lsh 910 911
###lsh 1168 1170
###lsh 1166 1168
###lsh 911 912
###lsh 1164 1166
###lsh 912 913
###lsh 1162 1164
###lsh 913 914
###lsh 1160 1162
###lsh 914 915
###lsh 1158 1160
###lsh 915 916
###lsh 1156 1158
###lsh 916 917
###lsh 1154 1156
###lsh 917 918
###lsh 1152 1154
###lsh 918 919
###lsh 1150 1152
###lsh 919 920
###lsh 1148 1150
###lsh 920 921
###lsh 1146 1148
###lsh 921 922
###lsh 1144 1146
###lsh 922 923
###lsh 1142 1144
###lsh 923 924
###lsh 1140 1142
###lsh 924 925
###lsh 1138 1140
###lsh 925 926
###lsh 1136 1138
###lsh 926 927
###lsh 1134 1136
###lsh 927 928
###lsh 1132 1134
###lsh 928 929
###lsh 1130 1132
###lsh 929 930
###lsh 1128 1130
###lsh 930 931
###lsh 1126 1128
###lsh 931 932
###lsh 1124 1126
###lsh 1122 1124
###lsh 932 933
###lsh 1120 1122
###lsh 933 934
###lsh 1118 1120
###lsh 934 935
###lsh 1116 1118
###lsh 935 936
###lsh 1114 1116
###lsh 936 937
###lsh 1112 1114
###lsh 937 938
###lsh 1110 1112
###lsh 938 939
###lsh 1108 1110
###lsh 939 940
###lsh 1106 1108
###lsh 940 941
###lsh 1104 1106
###lsh 941 942
###lsh 1190 1192
###lsh 670 671
###lsh 1188 1190
###lsh 671 672
###lsh 1274 1188
###lsh 672 673
###lsh 1272 1274
###lsh 673 674
###lsh 1270 1272
###lsh 674 675
###lsh 1268 1270
###lsh 675 676
###lsh 1266 1268
###lsh 676 677
###lsh 1264 1266
###lsh 677 678
###lsh 1262 1264
###lsh 678 679
###lsh 1260 1262
###lsh 679 638
###lsh 1258 1260
###lsh 638 639
###lsh 1256 1258
###lsh 1254 1256
###lsh 639 640
###lsh 1252 1254
###lsh 640 641
###lsh 1250 1252
###lsh 641 642
###lsh 1248 1250
###lsh 642 643
###lsh 1246 1248
###lsh 643 644
###lsh 1244 1246
###lsh 644 645
###lsh 1242 1244
###lsh 645 646
###lsh 1240 1242
###lsh 646 647
###lsh 1238 1240
###lsh 647 648
###lsh 1236 1238
###lsh 648 649
###lsh 1234 1236
###lsh 649 650
###lsh 1232 1234
###lsh 650 651
###lsh 1230 1232
###lsh 651 652
###lsh 1228 1230
###lsh 652 653
###lsh 1226 1228
###lsh 653 654
###lsh 1224 1226
###lsh 654 655
###lsh 1222 1224
###lsh 655 656
###lsh 1220 1222
###lsh 656 657
###lsh 1218 1220
###lsh 657 658
###lsh 1216 1218
###lsh 658 659
###lsh 1214 1216
###lsh 659 660
###lsh 1212 1214
###lsh 1210 1212
###lsh 660 661
###lsh 1208 1210
###lsh 661 662
###lsh 1206 1208
###lsh 662 663
###lsh 1204 1206
###lsh 663 664
###lsh 1202 1204
###lsh 664 665
###lsh 1200 1202
###lsh 665 666
###lsh 1198 1200
###lsh 666 667
###lsh 1196 1198
###lsh 667 668
###lsh 1194 1196
###lsh 668 669
###lsh 1192 1194
###lsh 669 670
###lsh 1278 1280
###lsh 1078 1079
###lsh 1276 1278
###lsh 1079 1080
###lsh 1362 1276
###lsh 1080 1081
###lsh 1360 1362
###lsh 1081 1082
###lsh 1358 1360
###lsh 1082 1083
###lsh 1356 1358
###lsh 1083 1084
###lsh 1354 1356
###lsh 1084 1085
###lsh 1352 1354
###lsh 1085 1086
###lsh 1350 1352
###lsh 1086 1087
###lsh 1348 1350
###lsh 1087 1046
###lsh 1346 1348
###lsh 1046 1047
###lsh 1344 1346
###lsh 1342 1344
###lsh 1047 1048
###lsh 1340 1342
###lsh 1048 1049
###lsh 1338 1340
###lsh 1049 1050
###lsh 1336 1338
###lsh 1050 1051
###lsh 1334 1336
###lsh 1051 1052
###lsh 1332 1334
###lsh 1052 1053
###lsh 1330 1332
###lsh 1053 1054
###lsh 1328 1330
###lsh 1054 1055
###lsh 1326 1328
###lsh 1055 1056
###lsh 1324 1326
###lsh 1056 1057
###lsh 1322 1324
###lsh 1057 1058
###lsh 1320 1322
###lsh 1058 1059
###lsh 1318 1320
###lsh 1059 1060
###lsh 1316 1318
###lsh 1060 1061
###lsh 1314 1316
###lsh 1061 1062
###lsh 1312 1314
###lsh 1062 1063
###lsh 1310 1312
###lsh 1063 1064
###lsh 1308 1310
###lsh 1064 1065
###lsh 1306 1308
###lsh 1065 1066
###lsh 1304 1306
###lsh 1066 1067
###lsh 1302 1304
###lsh 1067 1068
###lsh 1300 1302
###lsh 1298 1300
###lsh 1068 1069
###lsh 1296 1298
###lsh 1069 1070
###lsh 1294 1296
###lsh 1070 1071
###lsh 1292 1294
###lsh 1071 1072
###lsh 1290 1292
###lsh 1072 1073
###lsh 1288 1290
###lsh 1073 1074
###lsh 1286 1288
###lsh 1074 1075
###lsh 1284 1286
###lsh 1075 1076
###lsh 1282 1284
###lsh 1076 1077
###lsh 1280 1282
###lsh 1077 1078
###lsh 1366 1368
###lsh 806 807
###lsh 1364 1366
###lsh 807 808
###lsh 1450 1364
###lsh 808 809
###lsh 1448 1450
###lsh 809 810
###lsh 1446 1448
###lsh 810 811
###lsh 1444 1446
###lsh 811 812
###lsh 1442 1444
###lsh 812 813
###lsh 1440 1442
###lsh 813 814
###lsh 1438 1440
###lsh 814 815
###lsh 1436 1438
###lsh 815 774
###lsh 1434 1436
###lsh 774 775
###lsh 1432 1434
###lsh 1430 1432
###lsh 775 776
###lsh 1428 1430
###lsh 776 777
###lsh 1426 1428
###lsh 777 778
###lsh 1424 1426
###lsh 778 779
###lsh 1422 1424
###lsh 779 780
###lsh 1420 1422
###lsh 780 781
###lsh 1418 1420
###lsh 781 782
###lsh 1416 1418
###lsh 782 783
###lsh 1414 1416
###lsh 783 784
###lsh 1412 1414
###lsh 784 785
###lsh 1410 1412
###lsh 785 786
###lsh 1408 1410
###lsh 786 787
###lsh 1406 1408
###lsh 787 788
###lsh 1404 1406
###lsh 788 789
###lsh 1402 1404
###lsh 789 790
###lsh 1400 1402
###lsh 790 791
###lsh 1398 1400
###lsh 791 792
###lsh 1396 1398
###lsh 792 793
###lsh 1394 1396
###lsh 793 794
###lsh 1392 1394
###lsh 794 795
###lsh 1390 1392
###lsh 795 796
###lsh 1388 1390
###lsh 1386 1388
###lsh 796 797
###lsh 1384 1386
###lsh 797 798
###lsh 1382 1384
###lsh 798 799
###lsh 1380 1382
###lsh 799 800
###lsh 1378 1380
###lsh 800 801
###lsh 1376 1378
###lsh 801 802
###lsh 1374 1376
###lsh 802 803
###lsh 1372 1374
###lsh 803 804
###lsh 1370 1372
###lsh 804 805
###lsh 1368 1370
###lsh 805 806
###lsh 1726 1822
###lsh 1778 1775
###lsh 1724 1726
###lsh 1775 1772
###lsh 1729 1724
###lsh 1772 1770
###lsh 1733 1729
###lsh 1770 1767
###lsh 1736 1733
###lsh 1767 1764
###lsh 1739 1736
###lsh 1764 1761
###lsh 1742 1739
###lsh 1761 1758
###lsh 1745 1742
###lsh 1758 1756
###lsh 1747 1745
###lsh 1756 1753
###lsh 1753 1750
###lsh 1750 1747
###lsh 1781 1778
###lsh 1822 1820
###lsh 1783 1781
###lsh 1820 1817
###lsh 1786 1783
###lsh 1817 1814
###lsh 1789 1786
###lsh 1814 1811
###lsh 1792 1789
###lsh 1811 1808
###lsh 1795 1792
###lsh 1808 1806
###lsh 1797 1795
###lsh 1806 1803
###lsh 1803 1800
###lsh 1800 1797
###lsh 1090 1092
###lsh 1641 1640
###lsh 1886 1885
###lsh 1591 1589
###lsh 1593 1591
###lsh 1594 1593
###lsh 1596 1594
###lsh 1598 1596
###lsh 1599 1598
###lsh 1601 1599
###lsh 1602 1601
###lsh 1604 1602
###lsh 1605 1604
###lsh 1607 1605
###lsh 1608 1607
###lsh 1610 1608
###lsh 1612 1610
###lsh 1613 1612
###lsh 1615 1613
###lsh 1616 1615
###lsh 1618 1616
###lsh 1619 1618
###lsh 1621 1619
###lsh 1623 1621
###lsh 1624 1623
###lsh 1626 1624
###lsh 1627 1626
###lsh 1629 1627
###lsh 1630 1629
###lsh 1632 1630
###lsh 1633 1632
###lsh 1635 1633
###lsh 1637 1635
###lsh 1638 1637
###lsh 1640 1638
###lsh 1875 1901
###lsh 1876 1875
###lsh 1877 1876
###lsh 1878 1877
###lsh 1879 1878
###lsh 1589 1588
###lsh 1901 1900
###lsh 1900 1899
###lsh 1899 1898
###lsh 1898 1897
###lsh 1897 1896
###lsh 1896 1866
###lsh 1866 1865
###lsh 1865 1864
###lsh 1864 1895
###lsh 1895 1894
###lsh 1894 1893
###lsh 1893 1892
###lsh 1892 1891
###lsh 1891 1890
###lsh 1890 1870
###lsh 1870 1869
###lsh 1869 1868
###lsh 1868 1889
###lsh 1889 1888
###lsh 1888 1887
###lsh 1887 1886
###lsh 1885 1884
###lsh 1646 1644
###lsh 1648 1646
###lsh 1649 1648
###lsh 1884 1874
###lsh 1654 1652
###lsh 1652 1651
###lsh 1874 1873
###lsh 1658 1657
###lsh 1657 1655
###lsh 1873 1872
###lsh 1663 1662
###lsh 1662 1660
###lsh 1872 1883
###lsh 1666 1665
###lsh 1665 1663
###lsh 1883 1882
###lsh 1671 1669
###lsh 1669 1668
###lsh 1882 1881
###lsh 1674 1673
###lsh 1673 1671
###lsh 1881 1880
###lsh 1680 1679
###lsh 1679 1677
###lsh 1880 1879
###lsh 1588 1687
###lsh 1687 1685
###lsh 1685 1683
###lsh 1683 1682
###lsh 1682 1680
###lsh 1677 1676
###lsh 1676 1674
###lsh 1668 1666
###lsh 1660 1658
###lsh 1655 1654
###lsh 1651 1649
###lsh 1644 1643
###lsh 1643 1641
###lsh 1918 1920
###lsh 1952 1954
###lsh 1916 1918
###lsh 1954 1956
###lsh 1965 1916
###lsh 1956 1958
###lsh 1967 1965
###lsh 1958 1960
###lsh 1969 1967
###lsh 1960 1962
###lsh 1970 1969
###lsh 1962 1978
###lsh 1971 1970
###lsh 1978 1977
###lsh 1972 1971
###lsh 1977 1976
###lsh 1973 1972
###lsh 1976 1975
###lsh 1975 1974
###lsh 1974 1973
###lsh 1950 1952
###lsh 1920 1922
###lsh 1948 1950
###lsh 1922 1924
###lsh 1946 1948
###lsh 1924 1926
###lsh 1944 1946
###lsh 1926 1928
###lsh 1942 1944
###lsh 1928 1930
###lsh 1940 1942
###lsh 1930 1932
###lsh 1938 1940
###lsh 1932 1934
###lsh 1934 1936
###lsh 1936 1938
###lsh 1505 1504
###lsh 1515 1513
###lsh 1516 1515
###lsh 1518 1516
###lsh 1728 1727
###lsh 1823 1728
###lsh 1821 1823
###lsh 1819 1821
###lsh 1818 1819
###lsh 1816 1818
###lsh 1815 1816
###lsh 1813 1815
###lsh 1812 1813
###lsh 1810 1812
###lsh 1809 1810
###lsh 1807 1809
###lsh 1805 1807
###lsh 1804 1805
###lsh 1802 1804
###lsh 1801 1802
###lsh 1799 1801
###lsh 1798 1799
###lsh 1796 1798
###lsh 1794 1796
###lsh 1793 1794
###lsh 1791 1793
###lsh 1790 1791
###lsh 1788 1790
###lsh 1787 1788
###lsh 1785 1787
###lsh 1784 1785
###lsh 1782 1784
###lsh 1780 1782
###lsh 1779 1780
###lsh 1777 1779
###lsh 1776 1777
###lsh 1546 1544
###lsh 1547 1546
###lsh 1549 1547
###lsh 1551 1549
###lsh 1452 1551
###lsh 1453 1452
###lsh 1455 1453
###lsh 1457 1455
###lsh 1458 1457
###lsh 1460 1458
###lsh 1462 1460
###lsh 1463 1462
###lsh 1465 1463
###lsh 1466 1465
###lsh 1468 1466
###lsh 1469 1468
###lsh 1471 1469
###lsh 1472 1471
###lsh 1474 1472
###lsh 1476 1474
###lsh 1477 1476
###lsh 1479 1477
###lsh 1480 1479
###lsh 1482 1480
###lsh 1483 1482
###lsh 1485 1483
###lsh 1487 1485
###lsh 1488 1487
###lsh 1490 1488
###lsh 1491 1490
###lsh 1493 1491
###lsh 1494 1493
###lsh 1496 1494
###lsh 1497 1496
###lsh 1499 1497
###lsh 1501 1499
###lsh 1502 1501
###lsh 1504 1502
###lsh 1732 1734
###lsh 1730 1732
###lsh 1731 1730
###lsh 1725 1731
###lsh 1727 1725
###lsh 1521 1519
###lsh 1522 1521
###lsh 1527 1526
###lsh 1526 1524
###lsh 1524 1522
###lsh 1529 1527
###lsh 1530 1529
###lsh 1535 1533
###lsh 1533 1532
###lsh 1532 1530
###lsh 1537 1535
###lsh 1538 1537
###lsh 1544 1543
###lsh 1543 1541
###lsh 1541 1540
###lsh 1773 1774
###lsh 1771 1773
###lsh 1769 1771
###lsh 1768 1769
###lsh 1766 1768
###lsh 1765 1766
###lsh 1763 1765
###lsh 1762 1763
###lsh 1759 1760
###lsh 1757 1759
###lsh 1752 1754
###lsh 1754 1755
###lsh 1755 1757
###lsh 1751 1752
###lsh 1749 1751
###lsh 1744 1746
###lsh 1746 1748
###lsh 1748 1749
###lsh 1740 1741
###lsh 1741 1743
###lsh 1743 1744
###lsh 1735 1737
###lsh 1737 1738
###lsh 1738 1740
###lsh 1540 1538
###lsh 1519 1518
###lsh 1513 1512
###lsh 1512 1510
###lsh 1510 1508
###lsh 1508 1507
###lsh 1507 1505
###lsh 1734 1735
###lsh 1760 1762
###lsh 1774 1776
###lsh 1983 1985
###lsh 2048 2047
###lsh 1981 1983
###lsh 2047 2046
###lsh 2000 1981
###lsh 2046 2045
###lsh 2002 2000
###lsh 2045 2044
###lsh 2004 2002
###lsh 2044 2014
###lsh 2005 2004
###lsh 2014 2013
###lsh 2006 2005
###lsh 2013 2012
###lsh 2007 2006
###lsh 2012 2011
###lsh 2008 2007
###lsh 2011 2010
###lsh 2010 2009
###lsh 2009 2008
###lsh 2049 2048
###lsh 1985 1987
###lsh 2050 2049
###lsh 1987 1989
###lsh 2034 2050
###lsh 1989 1991
###lsh 2035 2034
###lsh 1991 2043
###lsh 2036 2035
###lsh 2043 2042
###lsh 2037 2036
###lsh 2042 2041
###lsh 2038 2037
###lsh 2041 2040
###lsh 2040 2039
###lsh 2039 2038
###lsh 1088 1090
###lsh 1090 1836
###lsh 1836 1835
###lsh 2089 1836
###lsh 1835 1833
###lsh 1833 1831
###lsh 1831 1829
###lsh 1829 1827
###lsh 1827 1825
###lsh 1902 1904
###lsh 1904 1906
###lsh 1906 1908
###lsh 1853 1902
###lsh 1825 1838
###lsh 1855 1853
###lsh 1838 1840
###lsh 1857 1855
###lsh 1840 1842
###lsh 1859 1857
###lsh 1842 1844
###lsh 1861 1859
###lsh 1844 1846
###lsh 1863 1861
###lsh 1846 1848
###lsh 1848 1850
###lsh 1867 1863
###lsh 1908 1910
###lsh 1910 1912
###lsh 1912 1914
###lsh 2090 1914
###lsh 2022 2024
###lsh 2024 2026
###lsh 1914 1915
###lsh 2080 2078
###lsh 2078 2077
###lsh 2052 2053
###lsh 2053 2054
###lsh 2063 2061
###lsh 2061 1998
###lsh 2054 2055
###lsh 2055 2056
###lsh 2056 2057
###lsh 2057 2086
###lsh 2086 2084
###lsh 2084 2082
###lsh 2082 2080
###lsh 2077 2075
###lsh 2075 2074
###lsh 2074 2072
###lsh 2072 2017
###lsh 2017 2018
###lsh 2018 2020
###lsh 2020 2022
###lsh 2026 2028
###lsh 2028 2030
###lsh 2030 2032
###lsh 2032 2069
###lsh 2069 2067
###lsh 2067 2065
###lsh 2065 2063
###lsh 1998 1996
###lsh 1996 1995
###lsh 1995 1993
###lsh 1993 2060
###lsh 2060 2059
###lsh 2059 2051
###lsh 2051 2052
###lsh 1867 2091
###lsh 1700 1699
###lsh 1699 1698
###lsh 1709 1708
###lsh 1708 1707
###lsh 1718 1717
###lsh 1717 1716
###lsh 1871 1867
###lsh 1689 1690
###lsh 1690 1691
###lsh 1691 1692
###lsh 1692 1723
###lsh 1723 1722
###lsh 1722 1721
###lsh 1721 1720
###lsh 1720 1719
###lsh 1719 1718
###lsh 1716 1715
###lsh 1715 1714
###lsh 1714 1713
###lsh 1713 1712
###lsh 1712 1711
###lsh 1711 1710
###lsh 1710 1709
###lsh 1707 1706
###lsh 1706 1705
###lsh 1705 1704
###lsh 1704 1703
###lsh 1703 1702
###lsh 1702 1701
###lsh 1701 1700
###lsh 1698 1697
###lsh 1697 1696
###lsh 1696 1695
###lsh 1695 1694
###lsh 1694 1693
###lsh 1693 1688
###lsh 1688 1689
###lsh 1850 1851
###lsh 2091 1850
###lsh 2093 2091
###lsh 1088 2089
###lsh 1094 1088
###lsh 1587 1586
###lsh 2089 2090
###lsh 1564 1563
###lsh 1563 1562
###lsh 2090 2092
###lsh 1573 1572
###lsh 1572 1571
###lsh 1583 1582
###lsh 1582 1581
###lsh 1552 1553
###lsh 1553 1554
###lsh 1554 1555
###lsh 1555 1556
###lsh 1556 1587
###lsh 1586 1585
###lsh 1585 1584
###lsh 1584 1583
###lsh 1581 1580
###lsh 1580 1579
###lsh 1579 1578
###lsh 1578 1577
###lsh 1577 1576
###lsh 1576 1575
###lsh 1575 1574
###lsh 1574 1573
###lsh 1571 1570
###lsh 1570 1569
###lsh 1569 1568
###lsh 1568 1567
###lsh 1567 1566
###lsh 1566 1565
###lsh 1565 1564
###lsh 1562 1561
###lsh 1561 1560
###lsh 1560 1559
###lsh 1559 1558
###lsh 1558 1557
###lsh 1557 1552
###lsh 2242 2244
###lsh 2244 2246
###lsh 2230 2232
###lsh 2232 2234
###lsh 2222 2224
###lsh 2224 2226
###lsh 2214 2216
###lsh 2216 2218
###lsh 1096 1094
###lsh 2202 2204
###lsh 2204 2206
###lsh 1094 2310
###lsh 2258 2260
###lsh 2260 2262
###lsh 2206 2208
###lsh 2208 2210
###lsh 2210 2212
###lsh 2212 2214
###lsh 2218 2220
###lsh 2220 2222
###lsh 2226 2228
###lsh 2228 2230
###lsh 2234 2236
###lsh 2236 2238
###lsh 2238 2240
###lsh 2240 2242
###lsh 2246 2248
###lsh 2248 2250
###lsh 2250 2252
###lsh 2252 2254
###lsh 2254 2256
###lsh 2256 2258
###lsh 2262 2264
###lsh 2264 2266
###lsh 2266 2268
###lsh 2268 2270
###lsh 2270 2272
###lsh 2272 2202
###lsh 1837 1092
###lsh 2114 2116
###lsh 2116 2118
###lsh 1092 1099
###lsh 2098 2100
###lsh 2100 2102
###lsh 2158 2160
###lsh 2160 2162
###lsh 2150 2152
###lsh 2152 2154
###lsh 2142 2144
###lsh 2144 2146
###lsh 2130 2132
###lsh 2132 2134
###lsh 2094 2096
###lsh 2096 2098
###lsh 2102 2104
###lsh 2104 2106
###lsh 2106 2108
###lsh 2108 2110
###lsh 2110 2112
###lsh 2112 2114
###lsh 2118 2120
###lsh 2120 2122
###lsh 2122 2124
###lsh 2124 2126
###lsh 2126 2128
###lsh 2128 2130
###lsh 2134 2136
###lsh 2136 2138
###lsh 2138 2140
###lsh 2140 2142
###lsh 2146 2148
###lsh 2148 2150
###lsh 2154 2156
###lsh 2156 2158
###lsh 2162 2164
###lsh 2164 2094
###lsh 1096 2331
###lsh 2331 2330
###lsh 2330 2329
###lsh 2329 2328
###lsh 2328 2327
###lsh 2327 2326
###lsh 2326 2325
###lsh 2325 2324
###lsh 2324 2323
###lsh 2323 2322
###lsh 2322 2321
###lsh 2321 2320
###lsh 2320 2319
###lsh 2319 2318
###lsh 2318 2317
###lsh 2317 2316
###lsh 2316 2315
###lsh 2315 2314
###lsh 2314 2313
###lsh 2313 2312
###lsh 2312 2311
###lsh 2093 1851
###lsh 1871 2093
###lsh 1862 1871
###lsh 1851 1849
###lsh 1849 1847
###lsh 1860 1862
###lsh 1847 1845
###lsh 1858 1860
###lsh 1845 1843
###lsh 1856 1858
###lsh 1843 1841
###lsh 1854 1856
###lsh 1841 1839
###lsh 1852 1854
###lsh 1839 1824
###lsh 1903 1852
###lsh 1824 1826
###lsh 1905 1903
###lsh 1907 1905
###lsh 1826 1828
###lsh 1909 1907
###lsh 1828 1830
###lsh 1911 1909
###lsh 1830 1832
###lsh 1439 1437
###lsh 1441 1439
###lsh 1832 1834
###lsh 1251 1249
###lsh 1253 1251
###lsh 1255 1253
###lsh 1257 1255
###lsh 1259 1257
###lsh 1261 1259
###lsh 1263 1261
###lsh 1265 1263
###lsh 1267 1265
###lsh 1269 1267
###lsh 1271 1269
###lsh 1273 1271
###lsh 1275 1273
###lsh 1189 1275
###lsh 1191 1189
###lsh 1193 1191
###lsh 1195 1193
###lsh 1277 1363
###lsh 1197 1195
###lsh 1363 1361
###lsh 1199 1197
###lsh 1361 1359
###lsh 1201 1199
###lsh 1359 1357
###lsh 1203 1201
###lsh 1357 1355
###lsh 1205 1203
###lsh 1355 1353
###lsh 1207 1205
###lsh 1353 1351
###lsh 1209 1207
###lsh 1351 1349
###lsh 1211 1209
###lsh 1349 1347
###lsh 1213 1211
###lsh 1347 1345
###lsh 1345 1343
###lsh 1279 1277
###lsh 1834 1837
###lsh 1281 1279
###lsh 1283 1281
###lsh 1285 1283
###lsh 1287 1285
###lsh 1289 1287
###lsh 1291 1289
###lsh 1293 1291
###lsh 1295 1293
###lsh 1297 1295
###lsh 1299 1297
###lsh 1301 1299
###lsh 1303 1301
###lsh 1305 1303
###lsh 1307 1305
###lsh 1309 1307
###lsh 1119 1117
###lsh 1121 1119
###lsh 1123 1121
###lsh 1125 1123
###lsh 1127 1125
###lsh 1129 1127
###lsh 1131 1129
###lsh 1133 1131
###lsh 1135 1133
###lsh 1137 1135
###lsh 1139 1137
###lsh 1141 1139
###lsh 1143 1141
###lsh 1145 1143
###lsh 1147 1145
###lsh 1149 1147
###lsh 1411 1409
###lsh 1409 1407
###lsh 1837 2352
###lsh 2311 2310
###lsh 2310 2092
###lsh 1413 1411
###lsh 1415 1413
###lsh 1417 1415
###lsh 1419 1417
###lsh 1421 1419
###lsh 1423 1421
###lsh 1425 1423
###lsh 1427 1425
###lsh 1429 1427
###lsh 1431 1429
###lsh 1433 1431
###lsh 1435 1433
###lsh 1437 1435
###lsh 1915 1913
###lsh 2092 1915
###lsh 1913 1911
###lsh 1103 1101
###lsh 1325 1323
###lsh 1105 1103
###lsh 1323 1321
###lsh 1107 1105
###lsh 1321 1319
###lsh 1109 1107
###lsh 1319 1317
###lsh 1111 1109
###lsh 1317 1315
###lsh 1113 1111
###lsh 1315 1313
###lsh 1115 1113
###lsh 1313 1311
###lsh 1117 1115
###lsh 1311 1309
###lsh 1327 1325
###lsh 1101 1187
###lsh 1329 1327
###lsh 1187 1185
###lsh 1331 1329
###lsh 1185 1183
###lsh 1333 1331
###lsh 1183 1181
###lsh 1227 1225
###lsh 1377 1375
###lsh 1229 1227
###lsh 1375 1373
###lsh 1231 1229
###lsh 1373 1371
###lsh 1233 1231
###lsh 1371 1369
###lsh 1235 1233
###lsh 1369 1367
###lsh 1237 1235
###lsh 1367 1365
###lsh 1239 1237
###lsh 1365 1451
###lsh 1241 1239
###lsh 1451 1449
###lsh 1243 1241
###lsh 1449 1447
###lsh 1245 1243
###lsh 1447 1445
###lsh 1247 1245
###lsh 1445 1443
###lsh 1249 1247
###lsh 1443 1441
###lsh 1181 1179
###lsh 1379 1377
###lsh 1381 1379
###lsh 1179 1177
###lsh 1383 1381
###lsh 1177 1175
###lsh 1385 1383
###lsh 1175 1173
###lsh 1387 1385
###lsh 1173 1171
###lsh 1389 1387
###lsh 1171 1169
###lsh 1169 1167
###lsh 1391 1389
###lsh 1167 1165
###lsh 1393 1391
###lsh 1165 1163
###lsh 1395 1393
###lsh 1163 1161
###lsh 1397 1395
###lsh 1161 1159
###lsh 1399 1397
###lsh 1159 1157
###lsh 1401 1399
###lsh 1157 1155
###lsh 1403 1401
###lsh 1155 1153
###lsh 1405 1403
###lsh 1153 1151
###lsh 1407 1405
###lsh 1151 1149
###lsh 1225 1223
###lsh 1335 1333
###lsh 1223 1221
###lsh 1337 1335
###lsh 1221 1219
###lsh 1339 1337
###lsh 1219 1217
###lsh 1341 1339
###lsh 1217 1215
###lsh 1343 1341
###lsh 1215 1213
###lsh 2353 2354
###lsh 1097 2353
###lsh 2354 2355
###lsh 2355 2356
###lsh 2356 2357
###lsh 2357 2358
###lsh 2358 2359
###lsh 2275 2276
###lsh 2359 2360
###lsh 2360 2361
###lsh 2361 2362
###lsh 2274 2275
###lsh 2309 2274
###lsh 2308 2309
###lsh 2307 2308
###lsh 2306 2307
###lsh 2305 2306
###lsh 2304 2305
###lsh 2303 2304
###lsh 2302 2303
###lsh 2362 2363
###lsh 2301 2302
###lsh 2300 2301
###lsh 2299 2300
###lsh 2298 2299
###lsh 2297 2298
###lsh 2296 2297
###lsh 2295 2296
###lsh 2294 2295
###lsh 2293 2294
###lsh 2363 2364
###lsh 2364 2365
###lsh 2365 2366
###lsh 2292 2293
###lsh 2366 2367
###lsh 2367 2368
###lsh 2368 2369
###lsh 2369 2370
###lsh 2370 2371
###lsh 2371 2372
###lsh 2372 2373
###lsh 2291 2292
###lsh 2373 2374
###lsh 2186 2187
###lsh 2185 2186
###lsh 2184 2185
###lsh 2183 2184
###lsh 2182 2183
###lsh 2181 2182
###lsh 2180 2181
###lsh 2179 2180
###lsh 2178 2179
###lsh 2177 2178
###lsh 2176 2177
###lsh 2175 2176
###lsh 2174 2175
###lsh 2173 2174
###lsh 2172 2173
###lsh 2171 2172
###lsh 2170 2171
###lsh 2169 2170
###lsh 2168 2169
###lsh 2167 2168
###lsh 2166 2167
###lsh 1098 1097
###lsh 2201 2166
###lsh 2187 2188
###lsh 2290 2291
###lsh 2188 2189
###lsh 2289 2290
###lsh 2288 2289
###lsh 2189 2190
###lsh 2287 2288
###lsh 2190 2191
###lsh 2286 2287
###lsh 2191 2192
###lsh 2285 2286
###lsh 2192 2193
###lsh 2284 2285
###lsh 2193 2194
###lsh 2194 2195
###lsh 2283 2284
###lsh 2195 2196
###lsh 2282 2283
###lsh 2196 2197
###lsh 2281 2282
###lsh 2197 2198
###lsh 2280 2281
###lsh 2198 2199
###lsh 2279 2280
###lsh 2278 2279
###lsh 2199 2200
###lsh 2277 2278
###lsh 2200 2201
###lsh 2276 2277
###lsh 2377 2374
###lsh 2352 2351
###lsh 2378 2377
###lsh 2351 2350
###lsh 2379 2378
###lsh 2350 2349
###lsh 2380 2379
###lsh 2349 2348
###lsh 2381 2380
###lsh 2348 2347
###lsh 2375 2381
###lsh 2347 2346
###lsh 2376 2375
###lsh 2346 2345
###lsh 2382 2376
###lsh 2345 2344
###lsh 2383 2382
###lsh 2344 2343
###lsh 2384 2383
###lsh 2343 2342
###lsh 2386 2385
###lsh 2341 2340
###lsh 2387 2386
###lsh 2340 2339
###lsh 2388 2387
###lsh 2339 2338
###lsh 2389 2388
###lsh 2338 2337
###lsh 2390 2389
###lsh 2337 2336
###lsh 2391 2390
###lsh 2336 2335
###lsh 2392 2391
###lsh 2335 2334
###lsh 2393 2392
###lsh 2334 2333
###lsh 2394 2393
###lsh 2333 2332
###lsh 1098 2394
###lsh 2332 1099
###lsh 2342 2341
###lsh 2385 2384
###lsh 2409 2411
###lsh 105 106
###lsh 2407 2409
###lsh 106 107
###lsh 2493 2407
###lsh 107 108
###lsh 2491 2493
###lsh 108 109
###lsh 2489 2491
###lsh 109 110
###lsh 2487 2489
###lsh 110 111
###lsh 2485 2487
###lsh 111 112
###lsh 2483 2485
###lsh 112 113
###lsh 2481 2483
###lsh 113 114
###lsh 2479 2481
###lsh 114 115
###lsh 2477 2479
###lsh 115 116
###lsh 2475 2477
###lsh 2473 2475
###lsh 116 117
###lsh 2471 2473
###lsh 117 118
###lsh 2469 2471
###lsh 118 119
###lsh 2467 2469
###lsh 119 120
###lsh 2465 2467
###lsh 120 121
###lsh 2463 2465
###lsh 121 122
###lsh 2461 2463
###lsh 122 123
###lsh 2459 2461
###lsh 123 124
###lsh 2457 2459
###lsh 124 125
###lsh 2455 2457
###lsh 125 126
###lsh 2453 2455
###lsh 126 127
###lsh 2451 2453
###lsh 127 128
###lsh 2449 2451
###lsh 128 129
###lsh 2447 2449
###lsh 129 130
###lsh 2445 2447
###lsh 130 131
###lsh 2443 2445
###lsh 131 132
###lsh 2441 2443
###lsh 132 133
###lsh 2439 2441
###lsh 133 134
###lsh 2437 2439
###lsh 134 135
###lsh 2435 2437
###lsh 135 94
###lsh 2433 2435
###lsh 94 95
###lsh 2431 2433
###lsh 2429 2431
###lsh 95 96
###lsh 2427 2429
###lsh 96 97
###lsh 2425 2427
###lsh 97 98
###lsh 2423 2425
###lsh 98 99
###lsh 2421 2423
###lsh 99 100
###lsh 2419 2421
###lsh 100 101
###lsh 2417 2419
###lsh 101 102
###lsh 2415 2417
###lsh 102 103
###lsh 2413 2415
###lsh 103 104
###lsh 2411 2413
###lsh 104 105
###lsh 2497 2499
###lsh 513 514
###lsh 2495 2497
###lsh 514 515
###lsh 2581 2495
###lsh 515 516
###lsh 2579 2581
###lsh 516 517
###lsh 2577 2579
###lsh 517 518
###lsh 2575 2577
###lsh 518 519
###lsh 2573 2575
###lsh 519 520
###lsh 2571 2573
###lsh 520 521
###lsh 2569 2571
###lsh 521 522
###lsh 2567 2569
###lsh 522 523
###lsh 2565 2567
###lsh 523 524
###lsh 2563 2565
###lsh 2561 2563
###lsh 524 525
###lsh 2559 2561
###lsh 525 526
###lsh 2557 2559
###lsh 526 527
###lsh 2555 2557
###lsh 527 528
###lsh 2553 2555
###lsh 528 529
###lsh 2551 2553
###lsh 529 530
###lsh 2549 2551
###lsh 530 531
###lsh 2547 2549
###lsh 531 532
###lsh 2545 2547
###lsh 532 533
###lsh 2543 2545
###lsh 533 534
###lsh 2541 2543
###lsh 534 535
###lsh 2539 2541
###lsh 535 536
###lsh 2537 2539
###lsh 536 537
###lsh 2535 2537
###lsh 537 538
###lsh 2533 2535
###lsh 538 539
###lsh 2531 2533
###lsh 539 540
###lsh 2529 2531
###lsh 540 541
###lsh 2527 2529
###lsh 541 542
###lsh 2525 2527
###lsh 542 543
###lsh 2523 2525
###lsh 543 502
###lsh 2521 2523
###lsh 502 503
###lsh 2519 2521
###lsh 2517 2519
###lsh 503 504
###lsh 2515 2517
###lsh 504 505
###lsh 2513 2515
###lsh 505 506
###lsh 2511 2513
###lsh 506 507
###lsh 2509 2511
###lsh 507 508
###lsh 2507 2509
###lsh 508 509
###lsh 2505 2507
###lsh 509 510
###lsh 2503 2505
###lsh 510 511
###lsh 2501 2503
###lsh 511 512
###lsh 2499 2501
###lsh 512 513
###lsh 2585 2587
###lsh 241 242
###lsh 2583 2585
###lsh 242 243
###lsh 2669 2583
###lsh 243 244
###lsh 2667 2669
###lsh 244 245
###lsh 2665 2667
###lsh 245 246
###lsh 2663 2665
###lsh 246 247
###lsh 2661 2663
###lsh 247 248
###lsh 2659 2661
###lsh 248 249
###lsh 2657 2659
###lsh 249 250
###lsh 2655 2657
###lsh 250 251
###lsh 2653 2655
###lsh 251 252
###lsh 2651 2653
###lsh 2649 2651
###lsh 252 253
###lsh 2647 2649
###lsh 253 254
###lsh 2645 2647
###lsh 254 255
###lsh 2643 2645
###lsh 255 256
###lsh 2641 2643
###lsh 256 257
###lsh 2639 2641
###lsh 257 258
###lsh 2637 2639
###lsh 258 259
###lsh 2635 2637
###lsh 259 260
###lsh 2633 2635
###lsh 260 261
###lsh 2631 2633
###lsh 261 262
###lsh 2629 2631
###lsh 262 263
###lsh 2627 2629
###lsh 263 264
###lsh 2625 2627
###lsh 264 265
###lsh 2623 2625
###lsh 265 266
###lsh 2621 2623
###lsh 266 267
###lsh 2619 2621
###lsh 267 268
###lsh 2617 2619
###lsh 268 269
###lsh 2615 2617
###lsh 269 270
###lsh 2613 2615
###lsh 270 271
###lsh 2611 2613
###lsh 271 230
###lsh 2609 2611
###lsh 230 231
###lsh 2607 2609
###lsh 2605 2607
###lsh 231 232
###lsh 2603 2605
###lsh 232 233
###lsh 2601 2603
###lsh 233 234
###lsh 2599 2601
###lsh 234 235
###lsh 2597 2599
###lsh 235 236
###lsh 2595 2597
###lsh 236 237
###lsh 2593 2595
###lsh 237 238
###lsh 2591 2593
###lsh 238 239
###lsh 2589 2591
###lsh 239 240
###lsh 2587 2589
###lsh 240 241
###lsh 2673 2675
###lsh 377 378
###lsh 2671 2673
###lsh 378 379
###lsh 2757 2671
###lsh 379 380
###lsh 2755 2757
###lsh 380 381
###lsh 2753 2755
###lsh 381 382
###lsh 2751 2753
###lsh 382 383
###lsh 2749 2751
###lsh 383 384
###lsh 2747 2749
###lsh 384 385
###lsh 2745 2747
###lsh 385 386
###lsh 2743 2745
###lsh 386 387
###lsh 2741 2743
###lsh 387 388
###lsh 2739 2741
###lsh 2737 2739
###lsh 388 389
###lsh 2735 2737
###lsh 389 390
###lsh 2733 2735
###lsh 390 391
###lsh 2731 2733
###lsh 391 392
###lsh 2729 2731
###lsh 392 393
###lsh 2727 2729
###lsh 393 394
###lsh 2725 2727
###lsh 394 395
###lsh 2723 2725
###lsh 395 396
###lsh 2721 2723
###lsh 396 397
###lsh 2719 2721
###lsh 397 398
###lsh 2717 2719
###lsh 398 399
###lsh 2715 2717
###lsh 399 400
###lsh 2713 2715
###lsh 400 401
###lsh 2711 2713
###lsh 401 402
###lsh 2709 2711
###lsh 402 403
###lsh 2707 2709
###lsh 403 404
###lsh 2705 2707
###lsh 404 405
###lsh 2703 2705
###lsh 405 406
###lsh 2701 2703
###lsh 406 407
###lsh 2699 2701
###lsh 407 366
###lsh 2697 2699
###lsh 366 367
###lsh 2695 2697
###lsh 2693 2695
###lsh 367 368
###lsh 2691 2693
###lsh 368 369
###lsh 2689 2691
###lsh 369 370
###lsh 2687 2689
###lsh 370 371
###lsh 2685 2687
###lsh 371 372
###lsh 2683 2685
###lsh 372 373
###lsh 2681 2683
###lsh 373 374
###lsh 2679 2681
###lsh 374 375
###lsh 2677 2679
###lsh 375 376
###lsh 2675 2677
###lsh 376 377
###lsh 2398 2404
###lsh 2812 2811
###lsh 3107 3106
###lsh 2762 2760
###lsh 2764 2762
###lsh 2765 2764
###lsh 2767 2765
###lsh 2769 2767
###lsh 2770 2769
###lsh 2772 2770
###lsh 2773 2772
###lsh 2775 2773
###lsh 2776 2775
###lsh 2778 2776
###lsh 2779 2778
###lsh 2781 2779
###lsh 2783 2781
###lsh 2784 2783
###lsh 2786 2784
###lsh 2787 2786
###lsh 2789 2787
###lsh 2790 2789
###lsh 2792 2790
###lsh 2794 2792
###lsh 2795 2794
###lsh 2797 2795
###lsh 2798 2797
###lsh 2800 2798
###lsh 2801 2800
###lsh 2803 2801
###lsh 2804 2803
###lsh 2806 2804
###lsh 2808 2806
###lsh 2809 2808
###lsh 2811 2809
###lsh 3096 3122
###lsh 3097 3096
###lsh 3098 3097
###lsh 3099 3098
###lsh 3100 3099
###lsh 2760 2759
###lsh 3122 3121
###lsh 3121 3120
###lsh 3120 3119
###lsh 3119 3118
###lsh 3118 3117
###lsh 3117 3087
###lsh 3087 3086
###lsh 3086 3085
###lsh 3085 3116
###lsh 3116 3115
###lsh 3115 3114
###lsh 3114 3113
###lsh 3113 3112
###lsh 3112 3111
###lsh 3111 3091
###lsh 3091 3090
###lsh 3090 3089
###lsh 3089 3110
###lsh 3110 3109
###lsh 3109 3108
###lsh 3108 3107
###lsh 3106 3105
###lsh 2817 2815
###lsh 2819 2817
###lsh 2820 2819
###lsh 3105 3095
###lsh 2825 2823
###lsh 2823 2822
###lsh 3095 3094
###lsh 2829 2828
###lsh 2828 2826
###lsh 3094 3093
###lsh 2834 2833
###lsh 2833 2831
###lsh 3093 3104
###lsh 2837 2836
###lsh 2836 2834
###lsh 3104 3103
###lsh 2842 2840
###lsh 2840 2839
###lsh 3103 3102
###lsh 2845 2844
###lsh 2844 2842
###lsh 3102 3101
###lsh 2851 2850
###lsh 2850 2848
###lsh 3101 3100
###lsh 2759 2858
###lsh 2858 2856
###lsh 2856 2854
###lsh 2854 2853
###lsh 2853 2851
###lsh 2848 2847
###lsh 2847 2845
###lsh 2839 2837
###lsh 2831 2829
###lsh 2826 2825
###lsh 2822 2820
###lsh 2815 2814
###lsh 2814 2812
###lsh 3125 3127
###lsh 3159 3161
###lsh 3123 3125
###lsh 3161 3163
###lsh 3172 3123
###lsh 3163 3165
###lsh 3174 3172
###lsh 3165 3167
###lsh 3176 3174
###lsh 3167 3169
###lsh 3177 3176
###lsh 3169 3185
###lsh 3178 3177
###lsh 3185 3184
###lsh 3179 3178
###lsh 3184 3183
###lsh 3180 3179
###lsh 3183 3182
###lsh 3182 3181
###lsh 3181 3180
###lsh 3157 3159
###lsh 3127 3129
###lsh 3155 3157
###lsh 3129 3131
###lsh 3153 3155
###lsh 3131 3133
###lsh 3151 3153
###lsh 3133 3135
###lsh 3149 3151
###lsh 3135 3137
###lsh 3147 3149
###lsh 3137 3139
###lsh 3145 3147
###lsh 3139 3141
###lsh 3141 3143
###lsh 3143 3145
###lsh 2395 3207
###lsh 3207 3205
###lsh 3205 3203
###lsh 3203 3201
###lsh 3201 3199
###lsh 3199 3197
###lsh 3197 3195
###lsh 3195 3193
###lsh 3193 3191
###lsh 3191 3189
###lsh 2396 2395
###lsh 3227 3226
###lsh 3226 3225
###lsh 3225 3224
###lsh 3224 3223
###lsh 3223 3222
###lsh 3222 3221
###lsh 3221 3220
###lsh 3220 3219
###lsh 3219 3215
###lsh 3215 3211
###lsh 3228 3227
###lsh 3044 3042
###lsh 2718 2716
###lsh 2716 2714
###lsh 3042 3040
###lsh 2484 2482
###lsh 3040 3038
###lsh 2648 2646
###lsh 2650 2648
###lsh 2652 2650
###lsh 2654 2652
###lsh 2656 2654
###lsh 2658 2656
###lsh 2660 2658
###lsh 2662 2660
###lsh 2664 2662
###lsh 2666 2664
###lsh 2668 2666
###lsh 2670 2668
###lsh 2584 2670
###lsh 2586 2584
###lsh 2500 2498
###lsh 2502 2500
###lsh 2504 2502
###lsh 2506 2504
###lsh 2508 2506
###lsh 2510 2508
###lsh 2512 2510
###lsh 2514 2512
###lsh 2516 2514
###lsh 2518 2516
###lsh 2520 2518
###lsh 2522 2520
###lsh 2524 2522
###lsh 2526 2524
###lsh 2528 2526
###lsh 2690 2688
###lsh 2692 2690
###lsh 2694 2692
###lsh 2696 2694
###lsh 2698 2696
###lsh 2700 2698
###lsh 2702 2700
###lsh 2704 2702
###lsh 2706 2704
###lsh 2708 2706
###lsh 2710 2708
###lsh 2712 2710
###lsh 2714 2712
###lsh 3065 3067
###lsh 3038 3036
###lsh 3063 3065
###lsh 3036 3034
###lsh 3061 3063
###lsh 3059 3061
###lsh 3034 3032
###lsh 3074 3059
###lsh 3032 3045
###lsh 3076 3074
###lsh 3045 3047
###lsh 3078 3076
###lsh 3047 3049
###lsh 3080 3078
###lsh 3049 3051
###lsh 3082 3080
###lsh 3051 3053
###lsh 3084 3082
###lsh 3053 3055
###lsh 3055 3057
###lsh 3088 3084
###lsh 3067 3069
###lsh 3069 3071
###lsh 2410 2408
###lsh 2632 2630
###lsh 2412 2410
###lsh 2630 2628
###lsh 2414 2412
###lsh 2628 2626
###lsh 2416 2414
###lsh 2626 2624
###lsh 2418 2416
###lsh 2624 2622
###lsh 2420 2418
###lsh 2622 2620
###lsh 2754 2752
###lsh 2552 2550
###lsh 2756 2754
###lsh 2550 2548
###lsh 2758 2756
###lsh 2548 2546
###lsh 2672 2758
###lsh 2546 2544
###lsh 2674 2672
###lsh 2544 2542
###lsh 2676 2674
###lsh 2542 2540
###lsh 2678 2676
###lsh 2540 2538
###lsh 2680 2678
###lsh 2538 2536
###lsh 2682 2680
###lsh 2536 2534
###lsh 2684 2682
###lsh 2534 2532
###lsh 2686 2684
###lsh 2532 2530
###lsh 2688 2686
###lsh 2530 2528
###lsh 2634 2632
###lsh 2408 2494
###lsh 2636 2634
###lsh 2494 2492
###lsh 2638 2636
###lsh 2492 2490
###lsh 2640 2638
###lsh 2490 2488
###lsh 2642 2640
###lsh 2488 2486
###lsh 2644 2642
###lsh 2486 2484
###lsh 2482 2480
###lsh 2480 2478
###lsh 2478 2476
###lsh 2476 2474
###lsh 2474 2472
###lsh 2472 2470
###lsh 2470 2468
###lsh 2468 2466
###lsh 2466 2464
###lsh 2464 2462
###lsh 2462 2460
###lsh 2460 2458
###lsh 2458 2456
###lsh 2456 2454
###lsh 2454 2452
###lsh 2452 2450
###lsh 2722 2720
###lsh 2450 2448
###lsh 2724 2722
###lsh 2448 2446
###lsh 2726 2724
###lsh 2446 2444
###lsh 2728 2726
###lsh 2444 2442
###lsh 2730 2728
###lsh 2442 2440
###lsh 2732 2730
###lsh 2440 2438
###lsh 2734 2732
###lsh 2438 2436
###lsh 2736 2734
###lsh 2436 2434
###lsh 2738 2736
###lsh 2434 2432
###lsh 2740 2738
###lsh 2742 2740
###lsh 2432 2430
###lsh 2744 2742
###lsh 2430 2428
###lsh 2746 2744
###lsh 2428 2426
###lsh 2748 2746
###lsh 2426 2424
###lsh 2750 2748
###lsh 2424 2422
###lsh 2422 2420
###lsh 2498 2496
###lsh 2588 2586
###lsh 2590 2588
###lsh 2496 2582
###lsh 2592 2590
###lsh 2582 2580
###lsh 2594 2592
###lsh 2580 2578
###lsh 2596 2594
###lsh 2578 2576
###lsh 2598 2596
###lsh 2576 2574
###lsh 2600 2598
###lsh 2574 2572
###lsh 2602 2600
###lsh 2572 2570
###lsh 2604 2602
###lsh 2570 2568
###lsh 2606 2604
###lsh 2568 2566
###lsh 2608 2606
###lsh 2566 2564
###lsh 2564 2562
###lsh 2610 2608
###lsh 2562 2560
###lsh 2612 2610
###lsh 2560 2558
###lsh 2614 2612
###lsh 2558 2556
###lsh 2616 2614
###lsh 2556 2554
###lsh 2618 2616
###lsh 2554 2552
###lsh 2620 2618
###lsh 2646 2644
###lsh 2752 2750
###lsh 2720 2718
###lsh 3188 3190
###lsh 3190 3192
###lsh 3192 3194
###lsh 3194 3196
###lsh 3196 3198
###lsh 3198 3200
###lsh 3200 3202
###lsh 3202 3204
###lsh 3204 3206
###lsh 3206 2397
###lsh 2397 2399
###lsh 3267 3256
###lsh 3257 3258
###lsh 3256 3257
###lsh 3258 3259
###lsh 3259 3260
###lsh 3260 3261
###lsh 3261 3262
###lsh 3262 3263
###lsh 3263 3264
###lsh 3264 3265
###lsh 3265 3266
###lsh 3280 2399
###lsh 3281 3280
###lsh 3282 3281
###lsh 3283 3282
###lsh 3284 3283
###lsh 3278 3284
###lsh 3279 3278
###lsh 3286 3279
###lsh 3287 3286
###lsh 3288 3287
###lsh 3298 3288
###lsh 3372 3371
###lsh 3371 3370
###lsh 3370 3369
###lsh 3369 3368
###lsh 3368 3367
###lsh 3367 3366
###lsh 3366 3365
###lsh 3365 3364
###lsh 3364 3363
###lsh 3363 2400
###lsh 2400 2398
###lsh 2398 3044
###lsh 3044 3268
###lsh 3373 3372
###lsh 3386 3268
###lsh 3267 3317
###lsh 3390 3386
###lsh 3317 3316
###lsh 3391 3390
###lsh 3316 3315
###lsh 3392 3391
###lsh 3315 3314
###lsh 3393 3392
###lsh 3314 3313
###lsh 3394 3393
###lsh 3313 3312
###lsh 3395 3394
###lsh 3312 3310
###lsh 3396 3395
###lsh 3310 3309
###lsh 3397 3396
###lsh 3309 3301
###lsh 3373 3397
###lsh 3301 3298
###lsh 2948 2947
###lsh 2898 2896
###lsh 2900 2898
###lsh 2901 2900
###lsh 2903 2901
###lsh 2905 2903
###lsh 2906 2905
###lsh 2908 2906
###lsh 2909 2908
###lsh 2911 2909
###lsh 2912 2911
###lsh 2914 2912
###lsh 2915 2914
###lsh 2917 2915
###lsh 2919 2917
###lsh 2920 2919
###lsh 2922 2920
###lsh 2923 2922
###lsh 2925 2923
###lsh 2926 2925
###lsh 2928 2926
###lsh 2930 2928
###lsh 2931 2930
###lsh 2933 2931
###lsh 2934 2933
###lsh 2936 2934
###lsh 2937 2936
###lsh 2939 2937
###lsh 2940 2939
###lsh 2942 2940
###lsh 2944 2942
###lsh 2945 2944
###lsh 2947 2945
###lsh 2896 2895
###lsh 2953 2951
###lsh 2955 2953
###lsh 2956 2955
###lsh 2961 2959
###lsh 2959 2958
###lsh 2965 2964
###lsh 2964 2962
###lsh 2970 2969
###lsh 2969 2967
###lsh 2973 2972
###lsh 2972 2970
###lsh 2978 2976
###lsh 2976 2975
###lsh 2981 2980
###lsh 2980 2978
###lsh 2987 2986
###lsh 2986 2984
###lsh 2895 2994
###lsh 2994 2992
###lsh 2992 2990
###lsh 2990 2989
###lsh 2989 2987
###lsh 2984 2983
###lsh 2983 2981
###lsh 2975 2973
###lsh 2967 2965
###lsh 2962 2961
###lsh 2958 2956
###lsh 2951 2950
###lsh 2950 2948
###lsh 3421 3423
###lsh 3468 3466
###lsh 3419 3421
###lsh 3466 3464
###lsh 3434 3419
###lsh 3464 3462
###lsh 3436 3434
###lsh 3462 3460
###lsh 3438 3436
###lsh 3460 3458
###lsh 3440 3438
###lsh 3458 3456
###lsh 3442 3440
###lsh 3456 3454
###lsh 3444 3442
###lsh 3454 3452
###lsh 3446 3444
###lsh 3452 3450
###lsh 3450 3448
###lsh 3448 3446
###lsh 3470 3468
###lsh 3423 3425
###lsh 3472 3470
###lsh 3425 3427
###lsh 3474 3472
###lsh 3427 3429
###lsh 3475 3474
###lsh 3429 3483
###lsh 3476 3475
###lsh 3483 3482
###lsh 3477 3476
###lsh 3482 3481
###lsh 3478 3477
###lsh 3481 3480
###lsh 3480 3479
###lsh 3479 3478
###lsh 3043 2404
###lsh 2404 2401
###lsh 3037 3039
###lsh 3039 3041
###lsh 3072 3070
###lsh 3070 3068
###lsh 3068 3066
###lsh 3066 3064
###lsh 3064 3062
###lsh 3031 3033
###lsh 3062 3060
###lsh 3046 3031
###lsh 3060 3073
###lsh 3048 3046
###lsh 3073 3075
###lsh 3050 3048
###lsh 3075 3077
###lsh 3052 3050
###lsh 3077 3079
###lsh 3054 3052
###lsh 3079 3081
###lsh 3056 3054
###lsh 3081 3083
###lsh 3058 3056
###lsh 3083 3092
###lsh 3033 3035
###lsh 3035 3037
###lsh 3041 3043
###lsh 3043 3520
###lsh 3522 3092
###lsh 2889 2888
###lsh 2888 2887
###lsh 3092 3088
###lsh 2860 2861
###lsh 2861 2862
###lsh 3088 3270
###lsh 2871 2870
###lsh 2870 2869
###lsh 2880 2879
###lsh 2879 2878
###lsh 2862 2863
###lsh 2863 2894
###lsh 2894 2893
###lsh 2893 2892
###lsh 2892 2891
###lsh 2891 2890
###lsh 2890 2889
###lsh 2887 2886
###lsh 2886 2885
###lsh 2885 2884
###lsh 2884 2883
###lsh 2883 2882
###lsh 2882 2881
###lsh 2881 2880
###lsh 2878 2877
###lsh 2877 2876
###lsh 2876 2875
###lsh 2875 2874
###lsh 2874 2873
###lsh 2873 2872
###lsh 2872 2871
###lsh 2869 2868
###lsh 2868 2867
###lsh 2867 2866
###lsh 2866 2865
###lsh 2865 2864
###lsh 2864 2859
###lsh 2859 2860
###lsh 3072 3521
###lsh 3485 3486
###lsh 3486 3487
###lsh 3514 3513
###lsh 3513 3512
###lsh 3269 3071
###lsh 3503 3504
###lsh 3504 3505
###lsh 3071 3072
###lsh 3494 3495
###lsh 3495 3496
###lsh 3487 3488
###lsh 3488 3489
###lsh 3489 3490
###lsh 3490 3491
###lsh 3491 3492
###lsh 3492 3493
###lsh 3493 3494
###lsh 3496 3497
###lsh 3497 3498
###lsh 3498 3499
###lsh 3499 3500
###lsh 3500 3501
###lsh 3501 3502
###lsh 3502 3503
###lsh 3505 3506
###lsh 3506 3507
###lsh 3507 3518
###lsh 3518 3517
###lsh 3517 3516
###lsh 3516 3515
###lsh 3515 3514
###lsh 3512 3510
###lsh 3510 3432
###lsh 3432 3431
###lsh 3431 3509
###lsh 3509 3508
###lsh 3508 3484
###lsh 3484 3485
###lsh 2401 2396
###lsh 3520 2401
###lsh 2396 3228
###lsh 3003 3002
###lsh 3004 3003
###lsh 3005 3004
###lsh 3006 3005
###lsh 3228 3269
###lsh 3007 3006
###lsh 3008 3007
###lsh 3009 3008
###lsh 3010 3009
###lsh 3011 3010
###lsh 3012 3011
###lsh 3013 3012
###lsh 3014 3013
###lsh 3015 3014
###lsh 3016 3015
###lsh 3269 3521
###lsh 3017 3016
###lsh 3018 3017
###lsh 3019 3018
###lsh 3020 3019
###lsh 3021 3020
###lsh 3022 3021
###lsh 3023 3022
###lsh 3024 3023
###lsh 3025 3024
###lsh 3521 3520
###lsh 3026 3025
###lsh 3027 3026
###lsh 3028 3027
###lsh 3029 3028
###lsh 3030 3029
###lsh 2999 3030
###lsh 2998 2999
###lsh 2997 2998
###lsh 2996 2997
###lsh 2995 2996
###lsh 3000 2995
###lsh 3001 3000
###lsh 3002 3001
###lsh 3522 3270
###lsh 3058 3522
###lsh 3270 3057
###lsh 3057 3058
###lsh 3402 3401
###lsh 3383 3402
###lsh 3384 3383
###lsh 3385 3384
###lsh 3403 3385
###lsh 3404 3403
###lsh 3405 3404
###lsh 3406 3405
###lsh 3407 3406
###lsh 3380 3407
###lsh 3381 3380
###lsh 3382 3381
###lsh 3408 3382
###lsh 3409 3408
###lsh 3410 3409
###lsh 3411 3410
###lsh 3412 3411
###lsh 3377 3412
###lsh 3378 3377
###lsh 3379 3378
###lsh 3413 3379
###lsh 3414 3413
###lsh 3415 3414
###lsh 3374 3415
###lsh 3375 3374
###lsh 3376 3375
###lsh 3416 3376
###lsh 3398 3416
###lsh 3399 3398
###lsh 3400 3399
###lsh 3417 3400
###lsh 3387 3417
###lsh 3388 3387
###lsh 3389 3388
###lsh 3418 3389
###lsh 3401 3418
###lsh 3308 3311
###lsh 3307 3308
###lsh 3306 3307
###lsh 3305 3306
###lsh 3304 3305
###lsh 3303 3304
###lsh 3302 3303
###lsh 3300 3302
###lsh 3299 3300
###lsh 3297 3299
###lsh 3296 3297
###lsh 3295 3296
###lsh 3294 3295
###lsh 3293 3294
###lsh 3292 3293
###lsh 3291 3292
###lsh 3290 3291
###lsh 3289 3290
###lsh 3285 3289
###lsh 3277 3285
###lsh 3276 3277
###lsh 3337 3276
###lsh 3339 3337
###lsh 3342 3339
###lsh 3344 3342
###lsh 3346 3344
###lsh 3348 3346
###lsh 3350 3348
###lsh 3351 3350
###lsh 3353 3351
###lsh 3355 3353
###lsh 3357 3355
###lsh 3359 3357
###lsh 3362 3359
###lsh 3319 3362
###lsh 3311 3319
###lsh 3230 3229
###lsh 3231 3230
###lsh 3238 3231
###lsh 3239 3238
###lsh 3240 3239
###lsh 3216 3240
###lsh 3217 3216
###lsh 3218 3217
###lsh 3241 3218
###lsh 3212 3241
###lsh 3213 3212
###lsh 3214 3213
###lsh 3242 3214
###lsh 3208 3242
###lsh 3209 3208
###lsh 3210 3209
###lsh 3243 3210
###lsh 3244 3243
###lsh 3245 3244
###lsh 3235 3245
###lsh 3236 3235
###lsh 3237 3236
###lsh 3246 3237
###lsh 3247 3246
###lsh 3248 3247
###lsh 3249 3248
###lsh 3250 3249
###lsh 3232 3250
###lsh 3233 3232
###lsh 3234 3233
###lsh 3251 3234
###lsh 3252 3251
###lsh 3253 3252
###lsh 3254 3253
###lsh 3255 3254
###lsh 3229 3255
###lsh 3321 3322
###lsh 3320 3321
###lsh 3318 3320
###lsh 3361 3318
###lsh 3360 3361
###lsh 3358 3360
###lsh 3356 3358
###lsh 3354 3356
###lsh 3352 3354
###lsh 3349 3352
###lsh 3347 3349
###lsh 3345 3347
###lsh 3343 3345
###lsh 3341 3343
###lsh 3340 3341
###lsh 3338 3340
###lsh 3275 3338
###lsh 3274 3275
###lsh 3271 3274
###lsh 3272 3271
###lsh 3273 3272
###lsh 3336 3273
###lsh 3335 3336
###lsh 3334 3335
###lsh 3333 3334
###lsh 3332 3333
###lsh 3331 3332
###lsh 3330 3331
###lsh 3329 3330
###lsh 3328 3329
###lsh 3327 3328
###lsh 3326 3327
###lsh 3325 3326
###lsh 3324 3325
###lsh 3323 3324
###lsh 3322 3323
###lsh 3188 3266
###lsh 3211 3189
###lsh 1093 1091
###lsh 3598 3596
###lsh 3602 3600
###lsh 2403 2402
###lsh 2406 2405
###lsh 1089 1095
###lsh 3602 2402
###lsh 3601 3602
###lsh 2402 2406
###lsh 2406 1095
###lsh 1095 1093
###lsh 1093 3596
###lsh 3596 3595
###lsh 3595 3597
###lsh 3601 3595
###lsh 3599 3601
###lsh 2405 2403
###lsh 3599 3597
###lsh 1089 2405
###lsh 1091 1089
###lsh 3597 3598
###lsh 3598 1091
###lsh 2403 3600
###lsh 3600 3599
###lsm 2 1
###lsm 3 4
###lsm 5 6
###lsm 7 8
###lsm 9 10
###lsm 11 0
###lsm 11 3
###lsm 9 3
###lsm 9 5
###lsm 14 13
###lsm 14 15
###lsm 13 12
###lsm 17 12
###lsm 17 18
###lsm 19 18
###lsm 19 20
###lsm 21 20
###lsm 21 22
###lsm 23 22
###lsm 23 24
###lsm 25 24
###lsm 25 26
###lsm 27 26
###lsm 27 28
###lsm 29 28
###lsm 29 30
###lsm 31 30
###lsm 31 32
###lsm 33 32
###lsm 33 34
###lsm 35 34
###lsm 35 36
###lsm 37 36
###lsm 37 38
###lsm 39 38
###lsm 39 40
###lsm 41 40
###lsm 41 42
###lsm 43 42
###lsm 43 44
###lsm 45 44
###lsm 45 46
###lsm 47 46
###lsm 47 48
###lsm 49 48
###lsm 49 50
###lsm 51 50
###lsm 51 52
###lsm 53 52
###lsm 53 54
###lsm 55 54
###lsm 56 54
###lsm 56 57
###lsm 58 57
###lsm 58 59
###lsm 60 59
###lsm 60 61
###lsm 62 61
###lsm 62 63
###lsm 64 63
###lsm 64 65
###lsm 66 65
###lsm 66 67
###lsm 68 67
###lsm 68 69
###lsm 70 69
###lsm 70 71
###lsm 72 71
###lsm 72 73
###lsm 74 73
###lsm 74 75
###lsm 76 75
###lsm 76 77
###lsm 78 77
###lsm 78 79
###lsm 80 79
###lsm 80 81
###lsm 82 81
###lsm 82 83
###lsm 84 83
###lsm 84 85
###lsm 86 85
###lsm 86 87
###lsm 88 87
###lsm 88 89
###lsm 90 89
###lsm 90 91
###lsm 92 91
###lsm 92 93
###lsm 16 93
###lsm 14 16
###lsm 95 16
###lsm 95 15
###lsm 96 15
###lsm 96 13
###lsm 97 13
###lsm 97 17
###lsm 98 17
###lsm 98 19
###lsm 99 19
###lsm 99 21
###lsm 100 21
###lsm 100 23
###lsm 101 23
###lsm 101 25
###lsm 102 25
###lsm 102 27
###lsm 103 27
###lsm 103 29
###lsm 104 29
###lsm 104 31
###lsm 105 31
###lsm 105 33
###lsm 106 33
###lsm 106 35
###lsm 107 35
###lsm 107 37
###lsm 108 37
###lsm 108 39
###lsm 109 39
###lsm 109 41
###lsm 110 41
###lsm 110 43
###lsm 111 43
###lsm 111 45
###lsm 112 45
###lsm 112 47
###lsm 113 47
###lsm 113 49
###lsm 114 49
###lsm 114 51
###lsm 115 51
###lsm 115 53
###lsm 116 53
###lsm 116 55
###lsm 117 55
###lsm 117 56
###lsm 118 56
###lsm 118 58
###lsm 119 58
###lsm 119 60
###lsm 120 60
###lsm 120 62
###lsm 121 62
###lsm 121 64
###lsm 122 64
###lsm 122 66
###lsm 123 66
###lsm 123 68
###lsm 124 68
###lsm 124 70
###lsm 125 70
###lsm 125 72
###lsm 126 72
###lsm 126 74
###lsm 127 74
###lsm 127 76
###lsm 128 76
###lsm 128 78
###lsm 129 78
###lsm 129 80
###lsm 130 80
###lsm 130 82
###lsm 131 82
###lsm 131 84
###lsm 132 84
###lsm 132 86
###lsm 133 86
###lsm 133 88
###lsm 134 88
###lsm 134 90
###lsm 135 90
###lsm 135 92
###lsm 94 92
###lsm 16 94
###lsm 14 0
###lsm 14 10
###lsm 12 10
###lsm 18 10
###lsm 20 10
###lsm 22 10
###lsm 24 10
###lsm 26 10
###lsm 28 10
###lsm 28 8
###lsm 30 8
###lsm 32 8
###lsm 34 8
###lsm 36 8
###lsm 38 8
###lsm 40 8
###lsm 40 6
###lsm 42 6
###lsm 44 6
###lsm 46 6
###lsm 48 6
###lsm 50 6
###lsm 52 6
###lsm 54 6
###lsm 54 4
###lsm 57 4
###lsm 59 4
###lsm 61 4
###lsm 63 4
###lsm 65 4
###lsm 67 4
###lsm 69 4
###lsm 69 1
###lsm 71 1
###lsm 73 1
###lsm 75 1
###lsm 77 1
###lsm 79 1
###lsm 81 1
###lsm 81 0
###lsm 83 0
###lsm 85 0
###lsm 87 0
###lsm 89 0
###lsm 91 0
###lsm 0 93
###lsm 138 137
###lsm 139 140
###lsm 141 142
###lsm 143 144
###lsm 145 146
###lsm 147 136
###lsm 147 139
###lsm 145 139
###lsm 145 141
###lsm 150 149
###lsm 150 151
###lsm 149 148
###lsm 153 148
###lsm 153 154
###lsm 155 154
###lsm 155 156
###lsm 157 156
###lsm 157 158
###lsm 159 158
###lsm 159 160
###lsm 161 160
###lsm 161 162
###lsm 163 162
###lsm 163 164
###lsm 165 164
###lsm 165 166
###lsm 167 166
###lsm 167 168
###lsm 169 168
###lsm 169 170
###lsm 171 170
###lsm 171 172
###lsm 173 172
###lsm 173 174
###lsm 175 174
###lsm 175 176
###lsm 177 176
###lsm 177 178
###lsm 179 178
###lsm 179 180
###lsm 181 180
###lsm 181 182
###lsm 183 182
###lsm 183 184
###lsm 185 184
###lsm 185 186
###lsm 187 186
###lsm 187 188
###lsm 189 188
###lsm 189 190
###lsm 191 190
###lsm 192 190
###lsm 192 193
###lsm 194 193
###lsm 194 195
###lsm 196 195
###lsm 196 197
###lsm 198 197
###lsm 198 199
###lsm 200 199
###lsm 200 201
###lsm 202 201
###lsm 202 203
###lsm 204 203
###lsm 204 205
###lsm 206 205
###lsm 206 207
###lsm 208 207
###lsm 208 209
###lsm 210 209
###lsm 210 211
###lsm 212 211
###lsm 212 213
###lsm 214 213
###lsm 214 215
###lsm 216 215
###lsm 216 217
###lsm 218 217
###lsm 218 219
###lsm 220 219
###lsm 220 221
###lsm 222 221
###lsm 222 223
###lsm 224 223
###lsm 224 225
###lsm 226 225
###lsm 226 227
###lsm 228 227
###lsm 228 229
###lsm 152 229
###lsm 150 152
###lsm 231 152
###lsm 231 151
###lsm 232 151
###lsm 232 149
###lsm 233 149
###lsm 233 153
###lsm 234 153
###lsm 234 155
###lsm 235 155
###lsm 235 157
###lsm 236 157
###lsm 236 159
###lsm 237 159
###lsm 237 161
###lsm 238 161
###lsm 238 163
###lsm 239 163
###lsm 239 165
###lsm 240 165
###lsm 240 167
###lsm 241 167
###lsm 241 169
###lsm 242 169
###lsm 242 171
###lsm 243 171
###lsm 243 173
###lsm 244 173
###lsm 244 175
###lsm 245 175
###lsm 245 177
###lsm 246 177
###lsm 246 179
###lsm 247 179
###lsm 247 181
###lsm 248 181
###lsm 248 183
###lsm 249 183
###lsm 249 185
###lsm 250 185
###lsm 250 187
###lsm 251 187
###lsm 251 189
###lsm 252 189
###lsm 252 191
###lsm 253 191
###lsm 253 192
###lsm 254 192
###lsm 254 194
###lsm 255 194
###lsm 255 196
###lsm 256 196
###lsm 256 198
###lsm 257 198
###lsm 257 200
###lsm 258 200
###lsm 258 202
###lsm 259 202
###lsm 259 204
###lsm 260 204
###lsm 260 206
###lsm 261 206
###lsm 261 208
###lsm 262 208
###lsm 262 210
###lsm 263 210
###lsm 263 212
###lsm 264 212
###lsm 264 214
###lsm 265 214
###lsm 265 216
###lsm 266 216
###lsm 266 218
###lsm 267 218
###lsm 267 220
###lsm 268 220
###lsm 268 222
###lsm 269 222
###lsm 269 224
###lsm 270 224
###lsm 270 226
###lsm 271 226
###lsm 271 228
###lsm 230 228
###lsm 152 230
###lsm 150 136
###lsm 150 146
###lsm 148 146
###lsm 154 146
###lsm 156 146
###lsm 158 146
###lsm 160 146
###lsm 162 146
###lsm 164 146
###lsm 164 144
###lsm 166 144
###lsm 168 144
###lsm 170 144
###lsm 172 144
###lsm 174 144
###lsm 176 144
###lsm 176 142
###lsm 178 142
###lsm 180 142
###lsm 182 142
###lsm 184 142
###lsm 186 142
###lsm 188 142
###lsm 190 142
###lsm 190 140
###lsm 193 140
###lsm 195 140
###lsm 197 140
###lsm 199 140
###lsm 201 140
###lsm 203 140
###lsm 205 140
###lsm 205 137
###lsm 207 137
###lsm 209 137
###lsm 211 137
###lsm 213 137
###lsm 215 137
###lsm 217 137
###lsm 217 136
###lsm 219 136
###lsm 221 136
###lsm 223 136
###lsm 225 136
###lsm 227 136
###lsm 136 229
###lsm 274 273
###lsm 275 276
###lsm 277 278
###lsm 279 280
###lsm 281 282
###lsm 283 272
###lsm 283 275
###lsm 281 275
###lsm 281 277
###lsm 286 285
###lsm 286 287
###lsm 285 284
###lsm 289 284
###lsm 289 290
###lsm 291 290
###lsm 291 292
###lsm 293 292
###lsm 293 294
###lsm 295 294
###lsm 295 296
###lsm 297 296
###lsm 297 298
###lsm 299 298
###lsm 299 300
###lsm 301 300
###lsm 301 302
###lsm 303 302
###lsm 303 304
###lsm 305 304
###lsm 305 306
###lsm 307 306
###lsm 307 308
###lsm 309 308
###lsm 309 310
###lsm 311 310
###lsm 311 312
###lsm 313 312
###lsm 313 314
###lsm 315 314
###lsm 315 316
###lsm 317 316
###lsm 317 318
###lsm 319 318
###lsm 319 320
###lsm 321 320
###lsm 321 322
###lsm 323 322
###lsm 323 324
###lsm 325 324
###lsm 325 326
###lsm 327 326
###lsm 328 326
###lsm 328 329
###lsm 330 329
###lsm 330 331
###lsm 332 331
###lsm 332 333
###lsm 334 333
###lsm 334 335
###lsm 336 335
###lsm 336 337
###lsm 338 337
###lsm 338 339
###lsm 340 339
###lsm 340 341
###lsm 342 341
###lsm 342 343
###lsm 344 343
###lsm 344 345
###lsm 346 345
###lsm 346 347
###lsm 348 347
###lsm 348 349
###lsm 350 349
###lsm 350 351
###lsm 352 351
###lsm 352 353
###lsm 354 353
###lsm 354 355
###lsm 356 355
###lsm 356 357
###lsm 358 357
###lsm 358 359
###lsm 360 359
###lsm 360 361
###lsm 362 361
###lsm 362 363
###lsm 364 363
###lsm 364 365
###lsm 288 365
###lsm 286 288
###lsm 367 288
###lsm 367 287
###lsm 368 287
###lsm 368 285
###lsm 369 285
###lsm 369 289
###lsm 370 289
###lsm 370 291
###lsm 371 291
###lsm 371 293
###lsm 372 293
###lsm 372 295
###lsm 373 295
###lsm 373 297
###lsm 374 297
###lsm 374 299
###lsm 375 299
###lsm 375 301
###lsm 376 301
###lsm 376 303
###lsm 377 303
###lsm 377 305
###lsm 378 305
###lsm 378 307
###lsm 379 307
###lsm 379 309
###lsm 380 309
###lsm 380 311
###lsm 381 311
###lsm 381 313
###lsm 382 313
###lsm 382 315
###lsm 383 315
###lsm 383 317
###lsm 384 317
###lsm 384 319
###lsm 385 319
###lsm 385 321
###lsm 386 321
###lsm 386 323
###lsm 387 323
###lsm 387 325
###lsm 388 325
###lsm 388 327
###lsm 389 327
###lsm 389 328
###lsm 390 328
###lsm 390 330
###lsm 391 330
###lsm 391 332
###lsm 392 332
###lsm 392 334
###lsm 393 334
###lsm 393 336
###lsm 394 336
###lsm 394 338
###lsm 395 338
###lsm 395 340
###lsm 396 340
###lsm 396 342
###lsm 397 342
###lsm 397 344
###lsm 398 344
###lsm 398 346
###lsm 399 346
###lsm 399 348
###lsm 400 348
###lsm 400 350
###lsm 401 350
###lsm 401 352
###lsm 402 352
###lsm 402 354
###lsm 403 354
###lsm 403 356
###lsm 404 356
###lsm 404 358
###lsm 405 358
###lsm 405 360
###lsm 406 360
###lsm 406 362
###lsm 407 362
###lsm 407 364
###lsm 366 364
###lsm 288 366
###lsm 286 272
###lsm 286 282
###lsm 284 282
###lsm 290 282
###lsm 292 282
###lsm 294 282
###lsm 296 282
###lsm 298 282
###lsm 300 282
###lsm 300 280
###lsm 302 280
###lsm 304 280
###lsm 306 280
###lsm 308 280
###lsm 310 280
###lsm 312 280
###lsm 312 278
###lsm 314 278
###lsm 316 278
###lsm 318 278
###lsm 320 278
###lsm 322 278
###lsm 324 278
###lsm 326 278
###lsm 326 276
###lsm 329 276
###lsm 331 276
###lsm 333 276
###lsm 335 276
###lsm 337 276
###lsm 339 276
###lsm 341 276
###lsm 341 273
###lsm 343 273
###lsm 345 273
###lsm 347 273
###lsm 349 273
###lsm 351 273
###lsm 353 273
###lsm 353 272
###lsm 355 272
###lsm 357 272
###lsm 359 272
###lsm 361 272
###lsm 363 272
###lsm 272 365
###lsm 410 409
###lsm 411 412
###lsm 413 414
###lsm 415 416
###lsm 417 418
###lsm 419 408
###lsm 419 411
###lsm 417 411
###lsm 417 413
###lsm 422 421
###lsm 422 423
###lsm 421 420
###lsm 425 420
###lsm 425 426
###lsm 427 426
###lsm 427 428
###lsm 429 428
###lsm 429 430
###lsm 431 430
###lsm 431 432
###lsm 433 432
###lsm 433 434
###lsm 435 434
###lsm 435 436
###lsm 437 436
###lsm 437 438
###lsm 439 438
###lsm 439 440
###lsm 441 440
###lsm 441 442
###lsm 443 442
###lsm 443 444
###lsm 445 444
###lsm 445 446
###lsm 447 446
###lsm 447 448
###lsm 449 448
###lsm 449 450
###lsm 451 450
###lsm 451 452
###lsm 453 452
###lsm 453 454
###lsm 455 454
###lsm 455 456
###lsm 457 456
###lsm 457 458
###lsm 459 458
###lsm 459 460
###lsm 461 460
###lsm 461 462
###lsm 463 462
###lsm 464 462
###lsm 464 465
###lsm 466 465
###lsm 466 467
###lsm 468 467
###lsm 468 469
###lsm 470 469
###lsm 470 471
###lsm 472 471
###lsm 472 473
###lsm 474 473
###lsm 474 475
###lsm 476 475
###lsm 476 477
###lsm 478 477
###lsm 478 479
###lsm 480 479
###lsm 480 481
###lsm 482 481
###lsm 482 483
###lsm 484 483
###lsm 484 485
###lsm 486 485
###lsm 486 487
###lsm 488 487
###lsm 488 489
###lsm 490 489
###lsm 490 491
###lsm 492 491
###lsm 492 493
###lsm 494 493
###lsm 494 495
###lsm 496 495
###lsm 496 497
###lsm 498 497
###lsm 498 499
###lsm 500 499
###lsm 500 501
###lsm 424 501
###lsm 422 424
###lsm 503 424
###lsm 503 423
###lsm 504 423
###lsm 504 421
###lsm 505 421
###lsm 505 425
###lsm 506 425
###lsm 506 427
###lsm 507 427
###lsm 507 429
###lsm 508 429
###lsm 508 431
###lsm 509 431
###lsm 509 433
###lsm 510 433
###lsm 510 435
###lsm 511 435
###lsm 511 437
###lsm 512 437
###lsm 512 439
###lsm 513 439
###lsm 513 441
###lsm 514 441
###lsm 514 443
###lsm 515 443
###lsm 515 445
###lsm 516 445
###lsm 516 447
###lsm 517 447
###lsm 517 449
###lsm 518 449
###lsm 518 451
###lsm 519 451
###lsm 519 453
###lsm 520 453
###lsm 520 455
###lsm 521 455
###lsm 521 457
###lsm 522 457
###lsm 522 459
###lsm 523 459
###lsm 523 461
###lsm 524 461
###lsm 524 463
###lsm 525 463
###lsm 525 464
###lsm 526 464
###lsm 526 466
###lsm 527 466
###lsm 527 468
###lsm 528 468
###lsm 528 470
###lsm 529 470
###lsm 529 472
###lsm 530 472
###lsm 530 474
###lsm 531 474
###lsm 531 476
###lsm 532 476
###lsm 532 478
###lsm 533 478
###lsm 533 480
###lsm 534 480
###lsm 534 482
###lsm 535 482
###lsm 535 484
###lsm 536 484
###lsm 536 486
###lsm 537 486
###lsm 537 488
###lsm 538 488
###lsm 538 490
###lsm 539 490
###lsm 539 492
###lsm 540 492
###lsm 540 494
###lsm 541 494
###lsm 541 496
###lsm 542 496
###lsm 542 498
###lsm 543 498
###lsm 543 500
###lsm 502 500
###lsm 424 502
###lsm 422 408
###lsm 422 418
###lsm 420 418
###lsm 426 418
###lsm 428 418
###lsm 430 418
###lsm 432 418
###lsm 434 418
###lsm 436 418
###lsm 436 416
###lsm 438 416
###lsm 440 416
###lsm 442 416
###lsm 444 416
###lsm 446 416
###lsm 448 416
###lsm 448 414
###lsm 450 414
###lsm 452 414
###lsm 454 414
###lsm 456 414
###lsm 458 414
###lsm 460 414
###lsm 462 414
###lsm 462 412
###lsm 465 412
###lsm 467 412
###lsm 469 412
###lsm 471 412
###lsm 473 412
###lsm 475 412
###lsm 477 412
###lsm 477 409
###lsm 479 409
###lsm 481 409
###lsm 483 409
###lsm 485 409
###lsm 487 409
###lsm 489 409
###lsm 489 408
###lsm 491 408
###lsm 493 408
###lsm 495 408
###lsm 497 408
###lsm 499 408
###lsm 408 501
###lsm 546 545
###lsm 547 548
###lsm 549 550
###lsm 551 552
###lsm 553 554
###lsm 555 544
###lsm 555 547
###lsm 553 547
###lsm 553 549
###lsm 558 557
###lsm 558 559
###lsm 557 556
###lsm 561 556
###lsm 561 562
###lsm 563 562
###lsm 563 564
###lsm 565 564
###lsm 565 566
###lsm 567 566
###lsm 567 568
###lsm 569 568
###lsm 569 570
###lsm 571 570
###lsm 571 572
###lsm 573 572
###lsm 573 574
###lsm 575 574
###lsm 575 576
###lsm 577 576
###lsm 577 578
###lsm 579 578
###lsm 579 580
###lsm 581 580
###lsm 581 582
###lsm 583 582
###lsm 583 584
###lsm 585 584
###lsm 585 586
###lsm 587 586
###lsm 587 588
###lsm 589 588
###lsm 589 590
###lsm 591 590
###lsm 591 592
###lsm 593 592
###lsm 593 594
###lsm 595 594
###lsm 595 596
###lsm 597 596
###lsm 597 598
###lsm 599 598
###lsm 600 598
###lsm 600 601
###lsm 602 601
###lsm 602 603
###lsm 604 603
###lsm 604 605
###lsm 606 605
###lsm 606 607
###lsm 608 607
###lsm 608 609
###lsm 610 609
###lsm 610 611
###lsm 612 611
###lsm 612 613
###lsm 614 613
###lsm 614 615
###lsm 616 615
###lsm 616 617
###lsm 618 617
###lsm 618 619
###lsm 620 619
###lsm 620 621
###lsm 622 621
###lsm 622 623
###lsm 624 623
###lsm 624 625
###lsm 626 625
###lsm 626 627
###lsm 628 627
###lsm 628 629
###lsm 630 629
###lsm 630 631
###lsm 632 631
###lsm 632 633
###lsm 634 633
###lsm 634 635
###lsm 636 635
###lsm 636 637
###lsm 560 637
###lsm 558 560
###lsm 639 560
###lsm 639 559
###lsm 640 559
###lsm 640 557
###lsm 641 557
###lsm 641 561
###lsm 642 561
###lsm 642 563
###lsm 643 563
###lsm 643 565
###lsm 644 565
###lsm 644 567
###lsm 645 567
###lsm 645 569
###lsm 646 569
###lsm 646 571
###lsm 647 571
###lsm 647 573
###lsm 648 573
###lsm 648 575
###lsm 649 575
###lsm 649 577
###lsm 650 577
###lsm 650 579
###lsm 651 579
###lsm 651 581
###lsm 652 581
###lsm 652 583
###lsm 653 583
###lsm 653 585
###lsm 654 585
###lsm 654 587
###lsm 655 587
###lsm 655 589
###lsm 656 589
###lsm 656 591
###lsm 657 591
###lsm 657 593
###lsm 658 593
###lsm 658 595
###lsm 659 595
###lsm 659 597
###lsm 660 597
###lsm 660 599
###lsm 661 599
###lsm 661 600
###lsm 662 600
###lsm 662 602
###lsm 663 602
###lsm 663 604
###lsm 664 604
###lsm 664 606
###lsm 665 606
###lsm 665 608
###lsm 666 608
###lsm 666 610
###lsm 667 610
###lsm 667 612
###lsm 668 612
###lsm 668 614
###lsm 669 614
###lsm 669 616
###lsm 670 616
###lsm 670 618
###lsm 671 618
###lsm 671 620
###lsm 672 620
###lsm 672 622
###lsm 673 622
###lsm 673 624
###lsm 674 624
###lsm 674 626
###lsm 675 626
###lsm 675 628
###lsm 676 628
###lsm 676 630
###lsm 677 630
###lsm 677 632
###lsm 678 632
###lsm 678 634
###lsm 679 634
###lsm 679 636
###lsm 638 636
###lsm 560 638
###lsm 558 544
###lsm 558 554
###lsm 556 554
###lsm 562 554
###lsm 564 554
###lsm 566 554
###lsm 568 554
###lsm 570 554
###lsm 572 554
###lsm 572 552
###lsm 574 552
###lsm 576 552
###lsm 578 552
###lsm 580 552
###lsm 582 552
###lsm 584 552
###lsm 584 550
###lsm 586 550
###lsm 588 550
###lsm 590 550
###lsm 592 550
###lsm 594 550
###lsm 596 550
###lsm 598 550
###lsm 598 548
###lsm 601 548
###lsm 603 548
###lsm 605 548
###lsm 607 548
###lsm 609 548
###lsm 611 548
###lsm 613 548
###lsm 613 545
###lsm 615 545
###lsm 617 545
###lsm 619 545
###lsm 621 545
###lsm 623 545
###lsm 625 545
###lsm 625 544
###lsm 627 544
###lsm 629 544
###lsm 631 544
###lsm 633 544
###lsm 635 544
###lsm 544 637
###lsm 682 681
###lsm 683 684
###lsm 685 686
###lsm 687 688
###lsm 689 690
###lsm 691 680
###lsm 691 683
###lsm 689 683
###lsm 689 685
###lsm 694 693
###lsm 694 695
###lsm 693 692
###lsm 697 692
###lsm 697 698
###lsm 699 698
###lsm 699 700
###lsm 701 700
###lsm 701 702
###lsm 703 702
###lsm 703 704
###lsm 705 704
###lsm 705 706
###lsm 707 706
###lsm 707 708
###lsm 709 708
###lsm 709 710
###lsm 711 710
###lsm 711 712
###lsm 713 712
###lsm 713 714
###lsm 715 714
###lsm 715 716
###lsm 717 716
###lsm 717 718
###lsm 719 718
###lsm 719 720
###lsm 721 720
###lsm 721 722
###lsm 723 722
###lsm 723 724
###lsm 725 724
###lsm 725 726
###lsm 727 726
###lsm 727 728
###lsm 729 728
###lsm 729 730
###lsm 731 730
###lsm 731 732
###lsm 733 732
###lsm 733 734
###lsm 735 734
###lsm 736 734
###lsm 736 737
###lsm 738 737
###lsm 738 739
###lsm 740 739
###lsm 740 741
###lsm 742 741
###lsm 742 743
###lsm 744 743
###lsm 744 745
###lsm 746 745
###lsm 746 747
###lsm 748 747
###lsm 748 749
###lsm 750 749
###lsm 750 751
###lsm 752 751
###lsm 752 753
###lsm 754 753
###lsm 754 755
###lsm 756 755
###lsm 756 757
###lsm 758 757
###lsm 758 759
###lsm 760 759
###lsm 760 761
###lsm 762 761
###lsm 762 763
###lsm 764 763
###lsm 764 765
###lsm 766 765
###lsm 766 767
###lsm 768 767
###lsm 768 769
###lsm 770 769
###lsm 770 771
###lsm 772 771
###lsm 772 773
###lsm 696 773
###lsm 694 696
###lsm 775 696
###lsm 775 695
###lsm 776 695
###lsm 776 693
###lsm 777 693
###lsm 777 697
###lsm 778 697
###lsm 778 699
###lsm 779 699
###lsm 779 701
###lsm 780 701
###lsm 780 703
###lsm 781 703
###lsm 781 705
###lsm 782 705
###lsm 782 707
###lsm 783 707
###lsm 783 709
###lsm 784 709
###lsm 784 711
###lsm 785 711
###lsm 785 713
###lsm 786 713
###lsm 786 715
###lsm 787 715
###lsm 787 717
###lsm 788 717
###lsm 788 719
###lsm 789 719
###lsm 789 721
###lsm 790 721
###lsm 790 723
###lsm 791 723
###lsm 791 725
###lsm 792 725
###lsm 792 727
###lsm 793 727
###lsm 793 729
###lsm 794 729
###lsm 794 731
###lsm 795 731
###lsm 795 733
###lsm 796 733
###lsm 796 735
###lsm 797 735
###lsm 797 736
###lsm 798 736
###lsm 798 738
###lsm 799 738
###lsm 799 740
###lsm 800 740
###lsm 800 742
###lsm 801 742
###lsm 801 744
###lsm 802 744
###lsm 802 746
###lsm 803 746
###lsm 803 748
###lsm 804 748
###lsm 804 750
###lsm 805 750
###lsm 805 752
###lsm 806 752
###lsm 806 754
###lsm 807 754
###lsm 807 756
###lsm 808 756
###lsm 808 758
###lsm 809 758
###lsm 809 760
###lsm 810 760
###lsm 810 762
###lsm 811 762
###lsm 811 764
###lsm 812 764
###lsm 812 766
###lsm 813 766
###lsm 813 768
###lsm 814 768
###lsm 814 770
###lsm 815 770
###lsm 815 772
###lsm 774 772
###lsm 696 774
###lsm 694 680
###lsm 694 690
###lsm 692 690
###lsm 698 690
###lsm 700 690
###lsm 702 690
###lsm 704 690
###lsm 706 690
###lsm 708 690
###lsm 708 688
###lsm 710 688
###lsm 712 688
###lsm 714 688
###lsm 716 688
###lsm 718 688
###lsm 720 688
###lsm 720 686
###lsm 722 686
###lsm 724 686
###lsm 726 686
###lsm 728 686
###lsm 730 686
###lsm 732 686
###lsm 734 686
###lsm 734 684
###lsm 737 684
###lsm 739 684
###lsm 741 684
###lsm 743 684
###lsm 745 684
###lsm 747 684
###lsm 749 684
###lsm 749 681
###lsm 751 681
###lsm 753 681
###lsm 755 681
###lsm 757 681
###lsm 759 681
###lsm 761 681
###lsm 761 680
###lsm 763 680
###lsm 765 680
###lsm 767 680
###lsm 769 680
###lsm 771 680
###lsm 680 773
###lsm 818 817
###lsm 819 820
###lsm 821 822
###lsm 823 824
###lsm 825 826
###lsm 827 816
###lsm 827 819
###lsm 825 819
###lsm 825 821
###lsm 830 829
###lsm 830 831
###lsm 829 828
###lsm 833 828
###lsm 833 834
###lsm 835 834
###lsm 835 836
###lsm 837 836
###lsm 837 838
###lsm 839 838
###lsm 839 840
###lsm 841 840
###lsm 841 842
###lsm 843 842
###lsm 843 844
###lsm 845 844
###lsm 845 846
###lsm 847 846
###lsm 847 848
###lsm 849 848
###lsm 849 850
###lsm 851 850
###lsm 851 852
###lsm 853 852
###lsm 853 854
###lsm 855 854
###lsm 855 856
###lsm 857 856
###lsm 857 858
###lsm 859 858
###lsm 859 860
###lsm 861 860
###lsm 861 862
###lsm 863 862
###lsm 863 864
###lsm 865 864
###lsm 865 866
###lsm 867 866
###lsm 867 868
###lsm 869 868
###lsm 869 870
###lsm 871 870
###lsm 872 870
###lsm 872 873
###lsm 874 873
###lsm 874 875
###lsm 876 875
###lsm 876 877
###lsm 878 877
###lsm 878 879
###lsm 880 879
###lsm 880 881
###lsm 882 881
###lsm 882 883
###lsm 884 883
###lsm 884 885
###lsm 886 885
###lsm 886 887
###lsm 888 887
###lsm 888 889
###lsm 890 889
###lsm 890 891
###lsm 892 891
###lsm 892 893
###lsm 894 893
###lsm 894 895
###lsm 896 895
###lsm 896 897
###lsm 898 897
###lsm 898 899
###lsm 900 899
###lsm 900 901
###lsm 902 901
###lsm 902 903
###lsm 904 903
###lsm 904 905
###lsm 906 905
###lsm 906 907
###lsm 908 907
###lsm 908 909
###lsm 832 909
###lsm 830 832
###lsm 911 832
###lsm 911 831
###lsm 912 831
###lsm 912 829
###lsm 913 829
###lsm 913 833
###lsm 914 833
###lsm 914 835
###lsm 915 835
###lsm 915 837
###lsm 916 837
###lsm 916 839
###lsm 917 839
###lsm 917 841
###lsm 918 841
###lsm 918 843
###lsm 919 843
###lsm 919 845
###lsm 920 845
###lsm 920 847
###lsm 921 847
###lsm 921 849
###lsm 922 849
###lsm 922 851
###lsm 923 851
###lsm 923 853
###lsm 924 853
###lsm 924 855
###lsm 925 855
###lsm 925 857
###lsm 926 857
###lsm 926 859
###lsm 927 859
###lsm 927 861
###lsm 928 861
###lsm 928 863
###lsm 929 863
###lsm 929 865
###lsm 930 865
###lsm 930 867
###lsm 931 867
###lsm 931 869
###lsm 932 869
###lsm 932 871
###lsm 933 871
###lsm 933 872
###lsm 934 872
###lsm 934 874
###lsm 935 874
###lsm 935 876
###lsm 936 876
###lsm 936 878
###lsm 937 878
###lsm 937 880
###lsm 938 880
###lsm 938 882
###lsm 939 882
###lsm 939 884
###lsm 940 884
###lsm 940 886
###lsm 941 886
###lsm 941 888
###lsm 942 888
###lsm 942 890
###lsm 943 890
###lsm 943 892
###lsm 944 892
###lsm 944 894
###lsm 945 894
###lsm 945 896
###lsm 946 896
###lsm 946 898
###lsm 947 898
###lsm 947 900
###lsm 948 900
###lsm 948 902
###lsm 949 902
###lsm 949 904
###lsm 950 904
###lsm 950 906
###lsm 951 906
###lsm 951 908
###lsm 910 908
###lsm 832 910
###lsm 830 816
###lsm 830 826
###lsm 828 826
###lsm 834 826
###lsm 836 826
###lsm 838 826
###lsm 840 826
###lsm 842 826
###lsm 844 826
###lsm 844 824
###lsm 846 824
###lsm 848 824
###lsm 850 824
###lsm 852 824
###lsm 854 824
###lsm 856 824
###lsm 856 822
###lsm 858 822
###lsm 860 822
###lsm 862 822
###lsm 864 822
###lsm 866 822
###lsm 868 822
###lsm 870 822
###lsm 870 820
###lsm 873 820
###lsm 875 820
###lsm 877 820
###lsm 879 820
###lsm 881 820
###lsm 883 820
###lsm 885 820
###lsm 885 817
###lsm 887 817
###lsm 889 817
###lsm 891 817
###lsm 893 817
###lsm 895 817
###lsm 897 817
###lsm 897 816
###lsm 899 816
###lsm 901 816
###lsm 903 816
###lsm 905 816
###lsm 907 816
###lsm 816 909
###lsm 954 953
###lsm 955 956
###lsm 957 958
###lsm 959 960
###lsm 961 962
###lsm 963 952
###lsm 963 955
###lsm 961 955
###lsm 961 957
###lsm 966 965
###lsm 966 967
###lsm 965 964
###lsm 969 964
###lsm 969 970
###lsm 971 970
###lsm 971 972
###lsm 973 972
###lsm 973 974
###lsm 975 974
###lsm 975 976
###lsm 977 976
###lsm 977 978
###lsm 979 978
###lsm 979 980
###lsm 981 980
###lsm 981 982
###lsm 983 982
###lsm 983 984
###lsm 985 984
###lsm 985 986
###lsm 987 986
###lsm 987 988
###lsm 989 988
###lsm 989 990
###lsm 991 990
###lsm 991 992
###lsm 993 992
###lsm 993 994
###lsm 995 994
###lsm 995 996
###lsm 997 996
###lsm 997 998
###lsm 999 998
###lsm 999 1000
###lsm 1001 1000
###lsm 1001 1002
###lsm 1003 1002
###lsm 1003 1004
###lsm 1005 1004
###lsm 1005 1006
###lsm 1007 1006
###lsm 1008 1006
###lsm 1008 1009
###lsm 1010 1009
###lsm 1010 1011
###lsm 1012 1011
###lsm 1012 1013
###lsm 1014 1013
###lsm 1014 1015
###lsm 1016 1015
###lsm 1016 1017
###lsm 1018 1017
###lsm 1018 1019
###lsm 1020 1019
###lsm 1020 1021
###lsm 1022 1021
###lsm 1022 1023
###lsm 1024 1023
###lsm 1024 1025
###lsm 1026 1025
###lsm 1026 1027
###lsm 1028 1027
###lsm 1028 1029
###lsm 1030 1029
###lsm 1030 1031
###lsm 1032 1031
###lsm 1032 1033
###lsm 1034 1033
###lsm 1034 1035
###lsm 1036 1035
###lsm 1036 1037
###lsm 1038 1037
###lsm 1038 1039
###lsm 1040 1039
###lsm 1040 1041
###lsm 1042 1041
###lsm 1042 1043
###lsm 1044 1043
###lsm 1044 1045
###lsm 968 1045
###lsm 966 968
###lsm 1047 968
###lsm 1047 967
###lsm 1048 967
###lsm 1048 965
###lsm 1049 965
###lsm 1049 969
###lsm 1050 969
###lsm 1050 971
###lsm 1051 971
###lsm 1051 973
###lsm 1052 973
###lsm 1052 975
###lsm 1053 975
###lsm 1053 977
###lsm 1054 977
###lsm 1054 979
###lsm 1055 979
###lsm 1055 981
###lsm 1056 981
###lsm 1056 983
###lsm 1057 983
###lsm 1057 985
###lsm 1058 985
###lsm 1058 987
###lsm 1059 987
###lsm 1059 989
###lsm 1060 989
###lsm 1060 991
###lsm 1061 991
###lsm 1061 993
###lsm 1062 993
###lsm 1062 995
###lsm 1063 995
###lsm 1063 997
###lsm 1064 997
###lsm 1064 999
###lsm 1065 999
###lsm 1065 1001
###lsm 1066 1001
###lsm 1066 1003
###lsm 1067 1003
###lsm 1067 1005
###lsm 1068 1005
###lsm 1068 1007
###lsm 1069 1007
###lsm 1069 1008
###lsm 1070 1008
###lsm 1070 1010
###lsm 1071 1010
###lsm 1071 1012
###lsm 1072 1012
###lsm 1072 1014
###lsm 1073 1014
###lsm 1073 1016
###lsm 1074 1016
###lsm 1074 1018
###lsm 1075 1018
###lsm 1075 1020
###lsm 1076 1020
###lsm 1076 1022
###lsm 1077 1022
###lsm 1077 1024
###lsm 1078 1024
###lsm 1078 1026
###lsm 1079 1026
###lsm 1079 1028
###lsm 1080 1028
###lsm 1080 1030
###lsm 1081 1030
###lsm 1081 1032
###lsm 1082 1032
###lsm 1082 1034
###lsm 1083 1034
###lsm 1083 1036
###lsm 1084 1036
###lsm 1084 1038
###lsm 1085 1038
###lsm 1085 1040
###lsm 1086 1040
###lsm 1086 1042
###lsm 1087 1042
###lsm 1087 1044
###lsm 1046 1044
###lsm 968 1046
###lsm 966 952
###lsm 966 962
###lsm 964 962
###lsm 970 962
###lsm 972 962
###lsm 974 962
###lsm 976 962
###lsm 978 962
###lsm 980 962
###lsm 980 960
###lsm 982 960
###lsm 984 960
###lsm 986 960
###lsm 988 960
###lsm 990 960
###lsm 992 960
###lsm 992 958
###lsm 994 958
###lsm 996 958
###lsm 998 958
###lsm 1000 958
###lsm 1002 958
###lsm 1004 958
###lsm 1006 958
###lsm 1006 956
###lsm 1009 956
###lsm 1011 956
###lsm 1013 956
###lsm 1015 956
###lsm 1017 956
###lsm 1019 956
###lsm 1021 956
###lsm 1021 953
###lsm 1023 953
###lsm 1025 953
###lsm 1027 953
###lsm 1029 953
###lsm 1031 953
###lsm 1033 953
###lsm 1033 952
###lsm 1035 952
###lsm 1037 952
###lsm 1039 952
###lsm 1041 952
###lsm 1043 952
###lsm 952 1045
###lsm 1090 1089
###lsm 1090 1091
###lsm 1092 1091
###lsm 1092 1093
###lsm 1094 1093
###lsm 1088 1093
###lsm 1088 1095
###lsm 1089 1088
###lsm 1094 1097
###lsm 1094 1098
###lsm 1092 1094
###lsm 1092 1098
###lsm 1102 1101
###lsm 1102 1103
###lsm 1104 1103
###lsm 1104 1105
###lsm 1106 1105
###lsm 1106 1107
###lsm 1108 1107
###lsm 1108 1109
###lsm 1110 1109
###lsm 1110 1111
###lsm 1112 1111
###lsm 1112 1113
###lsm 1114 1113
###lsm 1114 1115
###lsm 1116 1115
###lsm 1116 1117
###lsm 1118 1117
###lsm 1118 1119
###lsm 1120 1119
###lsm 1120 1121
###lsm 1122 1121
###lsm 1122 1123
###lsm 1124 1123
###lsm 1124 1125
###lsm 1126 1125
###lsm 1126 1127
###lsm 1128 1127
###lsm 1128 1129
###lsm 1130 1129
###lsm 1130 1131
###lsm 1132 1131
###lsm 1132 1133
###lsm 1134 1133
###lsm 1134 1135
###lsm 1136 1135
###lsm 1136 1137
###lsm 1138 1137
###lsm 1138 1139
###lsm 1140 1139
###lsm 1140 1141
###lsm 1142 1141
###lsm 1142 1143
###lsm 1144 1143
###lsm 1144 1145
###lsm 1146 1145
###lsm 1146 1147
###lsm 1148 1147
###lsm 1148 1149
###lsm 1150 1149
###lsm 1150 1151
###lsm 1152 1151
###lsm 1152 1153
###lsm 1154 1153
###lsm 1154 1155
###lsm 1156 1155
###lsm 1156 1157
###lsm 1158 1157
###lsm 1158 1159
###lsm 1160 1159
###lsm 1160 1161
###lsm 1162 1161
###lsm 1162 1163
###lsm 1164 1163
###lsm 1164 1165
###lsm 1166 1165
###lsm 1166 1167
###lsm 1168 1167
###lsm 1168 1169
###lsm 1170 1169
###lsm 1170 1171
###lsm 1172 1171
###lsm 1172 1173
###lsm 1174 1173
###lsm 1174 1175
###lsm 1176 1175
###lsm 1176 1177
###lsm 1178 1177
###lsm 1178 1179
###lsm 1180 1179
###lsm 1180 1181
###lsm 1182 1181
###lsm 1182 1183
###lsm 1184 1183
###lsm 1184 1185
###lsm 1186 1185
###lsm 1186 1187
###lsm 1100 1187
###lsm 1101 1100
###lsm 1102 942
###lsm 1102 943
###lsm 1100 943
###lsm 1100 944
###lsm 1186 944
###lsm 1186 945
###lsm 1184 945
###lsm 1184 946
###lsm 1182 946
###lsm 1182 947
###lsm 1180 947
###lsm 1180 948
###lsm 1178 948
###lsm 1178 949
###lsm 1176 949
###lsm 1176 950
###lsm 1174 950
###lsm 1174 951
###lsm 1172 951
###lsm 1172 910
###lsm 1170 910
###lsm 1170 911
###lsm 1168 911
###lsm 1166 911
###lsm 1166 912
###lsm 1164 912
###lsm 1164 913
###lsm 1162 913
###lsm 1162 914
###lsm 1160 914
###lsm 1160 915
###lsm 1158 915
###lsm 1158 916
###lsm 1156 916
###lsm 1156 917
###lsm 1154 917
###lsm 1154 918
###lsm 1152 918
###lsm 1152 919
###lsm 1150 919
###lsm 1150 920
###lsm 1148 920
###lsm 1148 921
###lsm 1146 921
###lsm 1146 922
###lsm 1144 922
###lsm 1144 923
###lsm 1142 923
###lsm 1142 924
###lsm 1140 924
###lsm 1140 925
###lsm 1138 925
###lsm 1138 926
###lsm 1136 926
###lsm 1136 927
###lsm 1134 927
###lsm 1134 928
###lsm 1132 928
###lsm 1132 929
###lsm 1130 929
###lsm 1130 930
###lsm 1128 930
###lsm 1128 931
###lsm 1126 931
###lsm 1126 932
###lsm 1124 932
###lsm 1122 932
###lsm 1122 933
###lsm 1120 933
###lsm 1120 934
###lsm 1118 934
###lsm 1118 935
###lsm 1116 935
###lsm 1116 936
###lsm 1114 936
###lsm 1114 937
###lsm 1112 937
###lsm 1112 938
###lsm 1110 938
###lsm 1110 939
###lsm 1108 939
###lsm 1108 940
###lsm 1106 940
###lsm 1106 941
###lsm 1104 941
###lsm 942 1104
###lsm 1190 1189
###lsm 1190 1191
###lsm 1192 1191
###lsm 1192 1193
###lsm 1194 1193
###lsm 1194 1195
###lsm 1196 1195
###lsm 1196 1197
###lsm 1198 1197
###lsm 1198 1199
###lsm 1200 1199
###lsm 1200 1201
###lsm 1202 1201
###lsm 1202 1203
###lsm 1204 1203
###lsm 1204 1205
###lsm 1206 1205
###lsm 1206 1207
###lsm 1208 1207
###lsm 1208 1209
###lsm 1210 1209
###lsm 1210 1211
###lsm 1212 1211
###lsm 1212 1213
###lsm 1214 1213
###lsm 1214 1215
###lsm 1216 1215
###lsm 1216 1217
###lsm 1218 1217
###lsm 1218 1219
###lsm 1220 1219
###lsm 1220 1221
###lsm 1222 1221
###lsm 1222 1223
###lsm 1224 1223
###lsm 1224 1225
###lsm 1226 1225
###lsm 1226 1227
###lsm 1228 1227
###lsm 1228 1229
###lsm 1230 1229
###lsm 1230 1231
###lsm 1232 1231
###lsm 1232 1233
###lsm 1234 1233
###lsm 1234 1235
###lsm 1236 1235
###lsm 1236 1237
###lsm 1238 1237
###lsm 1238 1239
###lsm 1240 1239
###lsm 1240 1241
###lsm 1242 1241
###lsm 1242 1243
###lsm 1244 1243
###lsm 1244 1245
###lsm 1246 1245
###lsm 1246 1247
###lsm 1248 1247
###lsm 1248 1249
###lsm 1250 1249
###lsm 1250 1251
###lsm 1252 1251
###lsm 1252 1253
###lsm 1254 1253
###lsm 1254 1255
###lsm 1256 1255
###lsm 1256 1257
###lsm 1258 1257
###lsm 1258 1259
###lsm 1260 1259
###lsm 1260 1261
###lsm 1262 1261
###lsm 1262 1263
###lsm 1264 1263
###lsm 1264 1265
###lsm 1266 1265
###lsm 1266 1267
###lsm 1268 1267
###lsm 1268 1269
###lsm 1270 1269
###lsm 1270 1271
###lsm 1272 1271
###lsm 1272 1273
###lsm 1274 1273
###lsm 1274 1275
###lsm 1188 1275
###lsm 1189 1188
###lsm 1190 670
###lsm 1190 671
###lsm 1188 671
###lsm 1188 672
###lsm 1274 672
###lsm 1274 673
###lsm 1272 673
###lsm 1272 674
###lsm 1270 674
###lsm 1270 675
###lsm 1268 675
###lsm 1268 676
###lsm 1266 676
###lsm 1266 677
###lsm 1264 677
###lsm 1264 678
###lsm 1262 678
###lsm 1262 679
###lsm 1260 679
###lsm 1260 638
###lsm 1258 638
###lsm 1258 639
###lsm 1256 639
###lsm 1254 639
###lsm 1254 640
###lsm 1252 640
###lsm 1252 641
###lsm 1250 641
###lsm 1250 642
###lsm 1248 642
###lsm 1248 643
###lsm 1246 643
###lsm 1246 644
###lsm 1244 644
###lsm 1244 645
###lsm 1242 645
###lsm 1242 646
###lsm 1240 646
###lsm 1240 647
###lsm 1238 647
###lsm 1238 648
###lsm 1236 648
###lsm 1236 649
###lsm 1234 649
###lsm 1234 650
###lsm 1232 650
###lsm 1232 651
###lsm 1230 651
###lsm 1230 652
###lsm 1228 652
###lsm 1228 653
###lsm 1226 653
###lsm 1226 654
###lsm 1224 654
###lsm 1224 655
###lsm 1222 655
###lsm 1222 656
###lsm 1220 656
###lsm 1220 657
###lsm 1218 657
###lsm 1218 658
###lsm 1216 658
###lsm 1216 659
###lsm 1214 659
###lsm 1214 660
###lsm 1212 660
###lsm 1210 660
###lsm 1210 661
###lsm 1208 661
###lsm 1208 662
###lsm 1206 662
###lsm 1206 663
###lsm 1204 663
###lsm 1204 664
###lsm 1202 664
###lsm 1202 665
###lsm 1200 665
###lsm 1200 666
###lsm 1198 666
###lsm 1198 667
###lsm 1196 667
###lsm 1196 668
###lsm 1194 668
###lsm 1194 669
###lsm 1192 669
###lsm 670 1192
###lsm 1278 1277
###lsm 1278 1279
###lsm 1280 1279
###lsm 1280 1281
###lsm 1282 1281
###lsm 1282 1283
###lsm 1284 1283
###lsm 1284 1285
###lsm 1286 1285
###lsm 1286 1287
###lsm 1288 1287
###lsm 1288 1289
###lsm 1290 1289
###lsm 1290 1291
###lsm 1292 1291
###lsm 1292 1293
###lsm 1294 1293
###lsm 1294 1295
###lsm 1296 1295
###lsm 1296 1297
###lsm 1298 1297
###lsm 1298 1299
###lsm 1300 1299
###lsm 1300 1301
###lsm 1302 1301
###lsm 1302 1303
###lsm 1304 1303
###lsm 1304 1305
###lsm 1306 1305
###lsm 1306 1307
###lsm 1308 1307
###lsm 1308 1309
###lsm 1310 1309
###lsm 1310 1311
###lsm 1312 1311
###lsm 1312 1313
###lsm 1314 1313
###lsm 1314 1315
###lsm 1316 1315
###lsm 1316 1317
###lsm 1318 1317
###lsm 1318 1319
###lsm 1320 1319
###lsm 1320 1321
###lsm 1322 1321
###lsm 1322 1323
###lsm 1324 1323
###lsm 1324 1325
###lsm 1326 1325
###lsm 1326 1327
###lsm 1328 1327
###lsm 1328 1329
###lsm 1330 1329
###lsm 1330 1331
###lsm 1332 1331
###lsm 1332 1333
###lsm 1334 1333
###lsm 1334 1335
###lsm 1336 1335
###lsm 1336 1337
###lsm 1338 1337
###lsm 1338 1339
###lsm 1340 1339
###lsm 1340 1341
###lsm 1342 1341
###lsm 1342 1343
###lsm 1344 1343
###lsm 1344 1345
###lsm 1346 1345
###lsm 1346 1347
###lsm 1348 1347
###lsm 1348 1349
###lsm 1350 1349
###lsm 1350 1351
###lsm 1352 1351
###lsm 1352 1353
###lsm 1354 1353
###lsm 1354 1355
###lsm 1356 1355
###lsm 1356 1357
###lsm 1358 1357
###lsm 1358 1359
###lsm 1360 1359
###lsm 1360 1361
###lsm 1362 1361
###lsm 1362 1363
###lsm 1276 1363
###lsm 1277 1276
###lsm 1278 1078
###lsm 1278 1079
###lsm 1276 1079
###lsm 1276 1080
###lsm 1362 1080
###lsm 1362 1081
###lsm 1360 1081
###lsm 1360 1082
###lsm 1358 1082
###lsm 1358 1083
###lsm 1356 1083
###lsm 1356 1084
###lsm 1354 1084
###lsm 1354 1085
###lsm 1352 1085
###lsm 1352 1086
###lsm 1350 1086
###lsm 1350 1087
###lsm 1348 1087
###lsm 1348 1046
###lsm 1346 1046
###lsm 1346 1047
###lsm 1344 1047
###lsm 1342 1047
###lsm 1342 1048
###lsm 1340 1048
###lsm 1340 1049
###lsm 1338 1049
###lsm 1338 1050
###lsm 1336 1050
###lsm 1336 1051
###lsm 1334 1051
###lsm 1334 1052
###lsm 1332 1052
###lsm 1332 1053
###lsm 1330 1053
###lsm 1330 1054
###lsm 1328 1054
###lsm 1328 1055
###lsm 1326 1055
###lsm 1326 1056
###lsm 1324 1056
###lsm 1324 1057
###lsm 1322 1057
###lsm 1322 1058
###lsm 1320 1058
###lsm 1320 1059
###lsm 1318 1059
###lsm 1318 1060
###lsm 1316 1060
###lsm 1316 1061
###lsm 1314 1061
###lsm 1314 1062
###lsm 1312 1062
###lsm 1312 1063
###lsm 1310 1063
###lsm 1310 1064
###lsm 1308 1064
###lsm 1308 1065
###lsm 1306 1065
###lsm 1306 1066
###lsm 1304 1066
###lsm 1304 1067
###lsm 1302 1067
###lsm 1302 1068
###lsm 1300 1068
###lsm 1298 1068
###lsm 1298 1069
###lsm 1296 1069
###lsm 1296 1070
###lsm 1294 1070
###lsm 1294 1071
###lsm 1292 1071
###lsm 1292 1072
###lsm 1290 1072
###lsm 1290 1073
###lsm 1288 1073
###lsm 1288 1074
###lsm 1286 1074
###lsm 1286 1075
###lsm 1284 1075
###lsm 1284 1076
###lsm 1282 1076
###lsm 1282 1077
###lsm 1280 1077
###lsm 1078 1280
###lsm 1366 1365
###lsm 1366 1367
###lsm 1368 1367
###lsm 1368 1369
###lsm 1370 1369
###lsm 1370 1371
###lsm 1372 1371
###lsm 1372 1373
###lsm 1374 1373
###lsm 1374 1375
###lsm 1376 1375
###lsm 1376 1377
###lsm 1378 1377
###lsm 1378 1379
###lsm 1380 1379
###lsm 1380 1381
###lsm 1382 1381
###lsm 1382 1383
###lsm 1384 1383
###lsm 1384 1385
###lsm 1386 1385
###lsm 1386 1387
###lsm 1388 1387
###lsm 1388 1389
###lsm 1390 1389
###lsm 1390 1391
###lsm 1392 1391
###lsm 1392 1393
###lsm 1394 1393
###lsm 1394 1395
###lsm 1396 1395
###lsm 1396 1397
###lsm 1398 1397
###lsm 1398 1399
###lsm 1400 1399
###lsm 1400 1401
###lsm 1402 1401
###lsm 1402 1403
###lsm 1404 1403
###lsm 1404 1405
###lsm 1406 1405
###lsm 1406 1407
###lsm 1408 1407
###lsm 1408 1409
###lsm 1410 1409
###lsm 1410 1411
###lsm 1412 1411
###lsm 1412 1413
###lsm 1414 1413
###lsm 1414 1415
###lsm 1416 1415
###lsm 1416 1417
###lsm 1418 1417
###lsm 1418 1419
###lsm 1420 1419
###lsm 1420 1421
###lsm 1422 1421
###lsm 1422 1423
###lsm 1424 1423
###lsm 1424 1425
###lsm 1426 1425
###lsm 1426 1427
###lsm 1428 1427
###lsm 1428 1429
###lsm 1430 1429
###lsm 1430 1431
###lsm 1432 1431
###lsm 1432 1433
###lsm 1434 1433
###lsm 1434 1435
###lsm 1436 1435
###lsm 1436 1437
###lsm 1438 1437
###lsm 1438 1439
###lsm 1440 1439
###lsm 1440 1441
###lsm 1442 1441
###lsm 1442 1443
###lsm 1444 1443
###lsm 1444 1445
###lsm 1446 1445
###lsm 1446 1447
###lsm 1448 1447
###lsm 1448 1449
###lsm 1450 1449
###lsm 1450 1451
###lsm 1364 1451
###lsm 1365 1364
###lsm 1366 806
###lsm 1366 807
###lsm 1364 807
###lsm 1364 808
###lsm 1450 808
###lsm 1450 809
###lsm 1448 809
###lsm 1448 810
###lsm 1446 810
###lsm 1446 811
###lsm 1444 811
###lsm 1444 812
###lsm 1442 812
###lsm 1442 813
###lsm 1440 813
###lsm 1440 814
###lsm 1438 814
###lsm 1438 815
###lsm 1436 815
###lsm 1436 774
###lsm 1434 774
###lsm 1434 775
###lsm 1432 775
###lsm 1430 775
###lsm 1430 776
###lsm 1428 776
###lsm 1428 777
###lsm 1426 777
###lsm 1426 778
###lsm 1424 778
###lsm 1424 779
###lsm 1422 779
###lsm 1422 780
###lsm 1420 780
###lsm 1420 781
###lsm 1418 781
###lsm 1418 782
###lsm 1416 782
###lsm 1416 783
###lsm 1414 783
###lsm 1414 784
###lsm 1412 784
###lsm 1412 785
###lsm 1410 785
###lsm 1410 786
###lsm 1408 786
###lsm 1408 787
###lsm 1406 787
###lsm 1406 788
###lsm 1404 788
###lsm 1404 789
###lsm 1402 789
###lsm 1402 790
###lsm 1400 790
###lsm 1400 791
###lsm 1398 791
###lsm 1398 792
###lsm 1396 792
###lsm 1396 793
###lsm 1394 793
###lsm 1394 794
###lsm 1392 794
###lsm 1392 795
###lsm 1390 795
###lsm 1390 796
###lsm 1388 796
###lsm 1386 796
###lsm 1386 797
###lsm 1384 797
###lsm 1384 798
###lsm 1382 798
###lsm 1382 799
###lsm 1380 799
###lsm 1380 800
###lsm 1378 800
###lsm 1378 801
###lsm 1376 801
###lsm 1376 802
###lsm 1374 802
###lsm 1374 803
###lsm 1372 803
###lsm 1372 804
###lsm 1370 804
###lsm 1370 805
###lsm 1368 805
###lsm 806 1368
###lsm 1454 1453
###lsm 1454 1455
###lsm 1456 1455
###lsm 1456 1457
###lsm 1456 1458
###lsm 1459 1458
###lsm 1459 1460
###lsm 1461 1460
###lsm 1461 1462
###lsm 1461 1463
###lsm 1464 1463
###lsm 1464 1465
###lsm 1464 1466
###lsm 1467 1466
###lsm 1467 1468
###lsm 1467 1469
###lsm 1470 1469
###lsm 1470 1471
###lsm 1470 1472
###lsm 1473 1472
###lsm 1473 1474
###lsm 1475 1474
###lsm 1475 1476
###lsm 1475 1477
###lsm 1478 1477
###lsm 1478 1479
###lsm 1478 1480
###lsm 1481 1480
###lsm 1481 1482
###lsm 1481 1483
###lsm 1484 1483
###lsm 1484 1485
###lsm 1486 1485
###lsm 1486 1487
###lsm 1486 1488
###lsm 1489 1488
###lsm 1489 1490
###lsm 1489 1491
###lsm 1492 1491
###lsm 1492 1493
###lsm 1492 1494
###lsm 1495 1494
###lsm 1495 1496
###lsm 1495 1497
###lsm 1498 1497
###lsm 1498 1499
###lsm 1500 1499
###lsm 1500 1501
###lsm 1500 1502
###lsm 1503 1502
###lsm 1503 1504
###lsm 1503 1505
###lsm 1506 1505
###lsm 1506 1507
###lsm 1506 1508
###lsm 1509 1508
###lsm 1509 1510
###lsm 1511 1510
###lsm 1511 1512
###lsm 1511 1513
###lsm 1514 1513
###lsm 1514 1515
###lsm 1514 1516
###lsm 1517 1516
###lsm 1517 1518
###lsm 1517 1519
###lsm 1520 1519
###lsm 1520 1521
###lsm 1520 1522
###lsm 1523 1522
###lsm 1523 1524
###lsm 1525 1524
###lsm 1525 1526
###lsm 1525 1527
###lsm 1528 1527
###lsm 1528 1529
###lsm 1528 1530
###lsm 1531 1530
###lsm 1531 1532
###lsm 1531 1533
###lsm 1534 1533
###lsm 1534 1535
###lsm 1536 1535
###lsm 1536 1537
###lsm 1536 1538
###lsm 1539 1538
###lsm 1539 1540
###lsm 1539 1541
###lsm 1542 1541
###lsm 1542 1543
###lsm 1542 1544
###lsm 1545 1544
###lsm 1545 1546
###lsm 1545 1547
###lsm 1548 1547
###lsm 1548 1549
###lsm 1550 1549
###lsm 1550 1551
###lsm 1550 1452
###lsm 1452 1454
###lsm 1553 1475
###lsm 1475 1478
###lsm 1553 1478
###lsm 1554 1478
###lsm 1478 1481
###lsm 1554 1481
###lsm 1555 1481
###lsm 1481 1484
###lsm 1555 1484
###lsm 1556 1484
###lsm 1484 1486
###lsm 1556 1486
###lsm 1486 1489
###lsm 1475 1552
###lsm 1473 1475
###lsm 1473 1552
###lsm 1473 1557
###lsm 1470 1473
###lsm 1470 1557
###lsm 1470 1558
###lsm 1467 1470
###lsm 1467 1558
###lsm 1467 1559
###lsm 1464 1467
###lsm 1464 1559
###lsm 1464 1560
###lsm 1461 1464
###lsm 1461 1560
###lsm 1461 1561
###lsm 1459 1461
###lsm 1459 1561
###lsm 1459 1562
###lsm 1456 1459
###lsm 1456 1562
###lsm 1456 1563
###lsm 1454 1456
###lsm 1454 1563
###lsm 1454 1564
###lsm 1550 1454
###lsm 1550 1564
###lsm 1550 1565
###lsm 1548 1550
###lsm 1548 1565
###lsm 1548 1566
###lsm 1545 1548
###lsm 1545 1566
###lsm 1545 1567
###lsm 1542 1545
###lsm 1542 1567
###lsm 1542 1568
###lsm 1542 1569
###lsm 1539 1542
###lsm 1539 1569
###lsm 1539 1570
###lsm 1536 1539
###lsm 1536 1570
###lsm 1534 1536
###lsm 1534 1570
###lsm 1534 1571
###lsm 1531 1534
###lsm 1531 1571
###lsm 1531 1572
###lsm 1528 1531
###lsm 1528 1572
###lsm 1528 1573
###lsm 1525 1528
###lsm 1525 1573
###lsm 1525 1574
###lsm 1523 1525
###lsm 1523 1574
###lsm 1523 1575
###lsm 1520 1523
###lsm 1520 1575
###lsm 1520 1576
###lsm 1517 1520
###lsm 1517 1576
###lsm 1517 1577
###lsm 1514 1517
###lsm 1514 1577
###lsm 1514 1578
###lsm 1511 1514
###lsm 1511 1578
###lsm 1511 1579
###lsm 1509 1511
###lsm 1509 1579
###lsm 1509 1580
###lsm 1506 1509
###lsm 1506 1580
###lsm 1506 1581
###lsm 1503 1506
###lsm 1503 1581
###lsm 1503 1582
###lsm 1500 1503
###lsm 1500 1582
###lsm 1500 1583
###lsm 1498 1500
###lsm 1498 1583
###lsm 1498 1584
###lsm 1495 1498
###lsm 1495 1584
###lsm 1495 1585
###lsm 1492 1495
###lsm 1492 1585
###lsm 1492 1586
###lsm 1492 1587
###lsm 1489 1492
###lsm 1489 1587
###lsm 1556 1489
###lsm 1590 1589
###lsm 1590 1591
###lsm 1592 1591
###lsm 1592 1593
###lsm 1592 1594
###lsm 1595 1594
###lsm 1595 1596
###lsm 1597 1596
###lsm 1597 1598
###lsm 1597 1599
###lsm 1600 1599
###lsm 1600 1601
###lsm 1600 1602
###lsm 1603 1602
###lsm 1603 1604
###lsm 1603 1605
###lsm 1606 1605
###lsm 1606 1607
###lsm 1606 1608
###lsm 1609 1608
###lsm 1609 1610
###lsm 1611 1610
###lsm 1611 1612
###lsm 1611 1613
###lsm 1614 1613
###lsm 1614 1615
###lsm 1614 1616
###lsm 1617 1616
###lsm 1617 1618
###lsm 1617 1619
###lsm 1620 1619
###lsm 1620 1621
###lsm 1622 1621
###lsm 1622 1623
###lsm 1622 1624
###lsm 1625 1624
###lsm 1625 1626
###lsm 1625 1627
###lsm 1628 1627
###lsm 1628 1629
###lsm 1628 1630
###lsm 1631 1630
###lsm 1631 1632
###lsm 1631 1633
###lsm 1634 1633
###lsm 1634 1635
###lsm 1636 1635
###lsm 1636 1637
###lsm 1636 1638
###lsm 1639 1638
###lsm 1639 1640
###lsm 1639 1641
###lsm 1642 1641
###lsm 1642 1643
###lsm 1642 1644
###lsm 1645 1644
###lsm 1645 1646
###lsm 1647 1646
###lsm 1647 1648
###lsm 1647 1649
###lsm 1650 1649
###lsm 1650 1651
###lsm 1650 1652
###lsm 1653 1652
###lsm 1653 1654
###lsm 1653 1655
###lsm 1656 1655
###lsm 1656 1657
###lsm 1656 1658
###lsm 1659 1658
###lsm 1659 1660
###lsm 1661 1660
###lsm 1661 1662
###lsm 1661 1663
###lsm 1664 1663
###lsm 1664 1665
###lsm 1664 1666
###lsm 1667 1666
###lsm 1667 1668
###lsm 1667 1669
###lsm 1670 1669
###lsm 1670 1671
###lsm 1672 1671
###lsm 1672 1673
###lsm 1672 1674
###lsm 1675 1674
###lsm 1675 1676
###lsm 1675 1677
###lsm 1678 1677
###lsm 1678 1679
###lsm 1678 1680
###lsm 1681 1680
###lsm 1681 1682
###lsm 1681 1683
###lsm 1684 1683
###lsm 1684 1685
###lsm 1686 1685
###lsm 1686 1687
###lsm 1686 1588
###lsm 1588 1590
###lsm 1689 1661
###lsm 1661 1664
###lsm 1689 1664
###lsm 1690 1664
###lsm 1664 1667
###lsm 1690 1667
###lsm 1691 1667
###lsm 1667 1670
###lsm 1691 1670
###lsm 1692 1670
###lsm 1670 1672
###lsm 1692 1672
###lsm 1672 1675
###lsm 1661 1688
###lsm 1659 1661
###lsm 1659 1688
###lsm 1659 1693
###lsm 1656 1659
###lsm 1656 1693
###lsm 1656 1694
###lsm 1653 1656
###lsm 1653 1694
###lsm 1653 1695
###lsm 1650 1653
###lsm 1650 1695
###lsm 1650 1696
###lsm 1647 1650
###lsm 1647 1696
###lsm 1647 1697
###lsm 1645 1647
###lsm 1645 1697
###lsm 1645 1698
###lsm 1642 1645
###lsm 1642 1698
###lsm 1642 1699
###lsm 1639 1642
###lsm 1639 1699
###lsm 1639 1700
###lsm 1636 1639
###lsm 1636 1700
###lsm 1636 1701
###lsm 1634 1636
###lsm 1634 1701
###lsm 1634 1702
###lsm 1631 1634
###lsm 1631 1702
###lsm 1631 1703
###lsm 1628 1631
###lsm 1628 1703
###lsm 1628 1704
###lsm 1628 1705
###lsm 1625 1628
###lsm 1625 1705
###lsm 1625 1706
###lsm 1622 1625
###lsm 1622 1706
###lsm 1620 1622
###lsm 1620 1706
###lsm 1620 1707
###lsm 1617 1620
###lsm 1617 1707
###lsm 1617 1708
###lsm 1614 1617
###lsm 1614 1708
###lsm 1614 1709
###lsm 1611 1614
###lsm 1611 1709
###lsm 1611 1710
###lsm 1609 1611
###lsm 1609 1710
###lsm 1609 1711
###lsm 1606 1609
###lsm 1606 1711
###lsm 1606 1712
###lsm 1603 1606
###lsm 1603 1712
###lsm 1603 1713
###lsm 1600 1603
###lsm 1600 1713
###lsm 1600 1714
###lsm 1597 1600
###lsm 1597 1714
###lsm 1597 1715
###lsm 1595 1597
###lsm 1595 1715
###lsm 1595 1716
###lsm 1592 1595
###lsm 1592 1716
###lsm 1592 1717
###lsm 1590 1592
###lsm 1590 1717
###lsm 1590 1718
###lsm 1686 1590
###lsm 1686 1718
###lsm 1686 1719
###lsm 1684 1686
###lsm 1684 1719
###lsm 1684 1720
###lsm 1681 1684
###lsm 1681 1720
###lsm 1681 1721
###lsm 1678 1681
###lsm 1678 1721
###lsm 1678 1722
###lsm 1678 1723
###lsm 1675 1678
###lsm 1675 1723
###lsm 1692 1675
###lsm 1726 1725
###lsm 1726 1727
###lsm 1724 1730
###lsm 1724 1731
###lsm 1725 1724
###lsm 1730 1729
###lsm 1732 1729
###lsm 1732 1733
###lsm 1734 1733
###lsm 1735 1733
###lsm 1735 1736
###lsm 1737 1736
###lsm 1738 1736
###lsm 1738 1739
###lsm 1740 1739
###lsm 1741 1739
###lsm 1741 1742
###lsm 1743 1742
###lsm 1744 1742
###lsm 1744 1745
###lsm 1746 1745
###lsm 1746 1747
###lsm 1748 1747
###lsm 1749 1747
###lsm 1749 1750
###lsm 1751 1750
###lsm 1752 1750
###lsm 1752 1753
###lsm 1754 1753
###lsm 1755 1753
###lsm 1755 1756
###lsm 1757 1756
###lsm 1757 1758
###lsm 1759 1758
###lsm 1760 1758
###lsm 1760 1761
###lsm 1762 1761
###lsm 1763 1761
###lsm 1763 1764
###lsm 1765 1764
###lsm 1766 1764
###lsm 1766 1767
###lsm 1768 1767
###lsm 1769 1767
###lsm 1769 1770
###lsm 1771 1770
###lsm 1771 1772
###lsm 1773 1772
###lsm 1774 1772
###lsm 1774 1775
###lsm 1776 1775
###lsm 1777 1775
###lsm 1777 1778
###lsm 1779 1778
###lsm 1780 1778
###lsm 1780 1781
###lsm 1782 1781
###lsm 1782 1783
###lsm 1784 1783
###lsm 1785 1783
###lsm 1785 1786
###lsm 1787 1786
###lsm 1788 1786
###lsm 1788 1789
###lsm 1790 1789
###lsm 1791 1789
###lsm 1791 1792
###lsm 1793 1792
###lsm 1794 1792
###lsm 1794 1795
###lsm 1796 1795
###lsm 1796 1797
###lsm 1798 1797
###lsm 1799 1797
###lsm 1799 1800
###lsm 1801 1800
###lsm 1802 1800
###lsm 1802 1803
###lsm 1804 1803
###lsm 1805 1803
###lsm 1805 1806
###lsm 1807 1806
###lsm 1807 1808
###lsm 1809 1808
###lsm 1810 1808
###lsm 1810 1811
###lsm 1812 1811
###lsm 1813 1811
###lsm 1813 1814
###lsm 1815 1814
###lsm 1816 1814
###lsm 1816 1817
###lsm 1818 1817
###lsm 1819 1817
###lsm 1819 1820
###lsm 1821 1820
###lsm 1821 1822
###lsm 1823 1822
###lsm 1728 1822
###lsm 1726 1728
###lsm 1726 1778
###lsm 1726 1775
###lsm 1724 1775
###lsm 1724 1772
###lsm 1729 1772
###lsm 1729 1770
###lsm 1733 1770
###lsm 1733 1767
###lsm 1736 1767
###lsm 1736 1764
###lsm 1739 1764
###lsm 1739 1761
###lsm 1742 1761
###lsm 1742 1758
###lsm 1745 1758
###lsm 1745 1756
###lsm 1747 1756
###lsm 1747 1753
###lsm 1778 1822
###lsm 1781 1822
###lsm 1781 1820
###lsm 1783 1820
###lsm 1783 1817
###lsm 1786 1817
###lsm 1786 1814
###lsm 1789 1814
###lsm 1789 1811
###lsm 1792 1811
###lsm 1792 1808
###lsm 1795 1808
###lsm 1795 1806
###lsm 1797 1806
###lsm 1797 1803
###lsm 1826 1825
###lsm 1826 1827
###lsm 1828 1827
###lsm 1828 1829
###lsm 1830 1829
###lsm 1830 1831
###lsm 1832 1831
###lsm 1832 1833
###lsm 1834 1833
###lsm 1834 1835
###lsm 1834 1836
###lsm 1837 1836
###lsm 1092 1836
###lsm 1840 1839
###lsm 1840 1841
###lsm 1842 1841
###lsm 1842 1843
###lsm 1844 1843
###lsm 1844 1845
###lsm 1846 1845
###lsm 1846 1847
###lsm 1848 1847
###lsm 1848 1849
###lsm 1850 1849
###lsm 1854 1853
###lsm 1854 1855
###lsm 1856 1855
###lsm 1856 1857
###lsm 1858 1857
###lsm 1858 1859
###lsm 1860 1859
###lsm 1860 1861
###lsm 1862 1861
###lsm 1862 1863
###lsm 1862 1864
###lsm 1862 1865
###lsm 1863 1868
###lsm 1863 1869
###lsm 1867 1872
###lsm 1867 1873
###lsm 1871 1875
###lsm 1871 1876
###lsm 1871 1877
###lsm 1871 1878
###lsm 1871 1879
###lsm 1871 1880
###lsm 1871 1881
###lsm 1871 1882
###lsm 1872 1871
###lsm 1871 1883
###lsm 1867 1874
###lsm 1867 1884
###lsm 1867 1885
###lsm 1867 1886
###lsm 1867 1887
###lsm 1867 1888
###lsm 1868 1867
###lsm 1867 1889
###lsm 1863 1870
###lsm 1863 1890
###lsm 1863 1891
###lsm 1863 1892
###lsm 1863 1893
###lsm 1863 1894
###lsm 1864 1863
###lsm 1863 1895
###lsm 1862 1866
###lsm 1862 1896
###lsm 1862 1897
###lsm 1862 1898
###lsm 1862 1899
###lsm 1862 1900
###lsm 1875 1862
###lsm 1862 1901
###lsm 1904 1903
###lsm 1904 1905
###lsm 1906 1905
###lsm 1906 1907
###lsm 1908 1907
###lsm 1908 1909
###lsm 1910 1909
###lsm 1910 1911
###lsm 1912 1911
###lsm 1912 1913
###lsm 1914 1913
###lsm 1825 1824
###lsm 1838 1824
###lsm 1839 1838
###lsm 1853 1852
###lsm 1902 1852
###lsm 1903 1902
###lsm 1918 1917
###lsm 1918 1919
###lsm 1920 1919
###lsm 1920 1921
###lsm 1922 1921
###lsm 1922 1923
###lsm 1924 1923
###lsm 1924 1925
###lsm 1926 1925
###lsm 1926 1927
###lsm 1928 1927
###lsm 1928 1929
###lsm 1930 1929
###lsm 1930 1931
###lsm 1932 1931
###lsm 1932 1933
###lsm 1934 1933
###lsm 1934 1935
###lsm 1936 1935
###lsm 1936 1937
###lsm 1938 1937
###lsm 1938 1939
###lsm 1940 1939
###lsm 1940 1941
###lsm 1942 1941
###lsm 1942 1943
###lsm 1944 1943
###lsm 1944 1945
###lsm 1946 1945
###lsm 1946 1947
###lsm 1948 1947
###lsm 1948 1949
###lsm 1950 1949
###lsm 1950 1951
###lsm 1952 1951
###lsm 1952 1953
###lsm 1954 1953
###lsm 1954 1955
###lsm 1956 1955
###lsm 1956 1957
###lsm 1958 1957
###lsm 1958 1959
###lsm 1960 1959
###lsm 1960 1961
###lsm 1962 1961
###lsm 1962 1963
###lsm 1640 1963
###lsm 1641 1963
###lsm 1641 1886
###lsm 1917 1916
###lsm 1964 1916
###lsm 1964 1965
###lsm 1966 1965
###lsm 1966 1967
###lsm 1968 1967
###lsm 1968 1969
###lsm 1589 1969
###lsm 1591 1969
###lsm 1591 1970
###lsm 1593 1970
###lsm 1594 1970
###lsm 1596 1970
###lsm 1598 1970
###lsm 1599 1970
###lsm 1599 1971
###lsm 1601 1971
###lsm 1602 1971
###lsm 1604 1971
###lsm 1605 1971
###lsm 1605 1972
###lsm 1607 1972
###lsm 1608 1972
###lsm 1608 1973
###lsm 1610 1973
###lsm 1612 1973
###lsm 1613 1973
###lsm 1613 1974
###lsm 1615 1974
###lsm 1616 1974
###lsm 1616 1975
###lsm 1618 1975
###lsm 1619 1975
###lsm 1621 1975
###lsm 1621 1976
###lsm 1623 1976
###lsm 1624 1976
###lsm 1626 1976
###lsm 1626 1977
###lsm 1627 1977
###lsm 1629 1977
###lsm 1630 1977
###lsm 1630 1978
###lsm 1632 1978
###lsm 1633 1978
###lsm 1635 1978
###lsm 1637 1978
###lsm 1638 1978
###lsm 1640 1978
###lsm 1962 1640
###lsm 1875 1921
###lsm 1921 1919
###lsm 1875 1919
###lsm 1876 1919
###lsm 1919 1917
###lsm 1876 1917
###lsm 1877 1917
###lsm 1917 1964
###lsm 1877 1964
###lsm 1878 1964
###lsm 1964 1966
###lsm 1878 1966
###lsm 1879 1966
###lsm 1966 1968
###lsm 1879 1968
###lsm 1588 1968
###lsm 1968 1589
###lsm 1921 1901
###lsm 1923 1921
###lsm 1923 1901
###lsm 1923 1900
###lsm 1925 1923
###lsm 1925 1900
###lsm 1925 1899
###lsm 1927 1925
###lsm 1927 1899
###lsm 1927 1898
###lsm 1929 1927
###lsm 1929 1898
###lsm 1929 1897
###lsm 1931 1929
###lsm 1931 1897
###lsm 1931 1896
###lsm 1933 1931
###lsm 1933 1896
###lsm 1933 1866
###lsm 1935 1933
###lsm 1935 1866
###lsm 1935 1865
###lsm 1937 1935
###lsm 1937 1865
###lsm 1937 1864
###lsm 1939 1937
###lsm 1939 1864
###lsm 1939 1895
###lsm 1941 1939
###lsm 1941 1895
###lsm 1941 1894
###lsm 1943 1941
###lsm 1943 1894
###lsm 1943 1893
###lsm 1945 1943
###lsm 1945 1893
###lsm 1945 1892
###lsm 1947 1945
###lsm 1947 1892
###lsm 1947 1891
###lsm 1949 1947
###lsm 1949 1891
###lsm 1949 1890
###lsm 1951 1949
###lsm 1951 1890
###lsm 1951 1870
###lsm 1953 1951
###lsm 1953 1870
###lsm 1953 1869
###lsm 1955 1953
###lsm 1955 1869
###lsm 1955 1868
###lsm 1957 1955
###lsm 1957 1868
###lsm 1957 1889
###lsm 1959 1957
###lsm 1959 1889
###lsm 1959 1888
###lsm 1961 1959
###lsm 1961 1888
###lsm 1961 1887
###lsm 1963 1961
###lsm 1963 1887
###lsm 1886 1963
###lsm 1885 1649
###lsm 1885 1979
###lsm 1644 1979
###lsm 1646 1979
###lsm 1648 1979
###lsm 1979 1649
###lsm 1884 1654
###lsm 1884 1652
###lsm 1874 1658
###lsm 1874 1657
###lsm 1873 1663
###lsm 1873 1662
###lsm 1872 1666
###lsm 1872 1665
###lsm 1663 1872
###lsm 1883 1671
###lsm 1883 1669
###lsm 1882 1674
###lsm 1882 1673
###lsm 1671 1882
###lsm 1881 1680
###lsm 1881 1679
###lsm 1879 1588
###lsm 1880 1588
###lsm 1880 1687
###lsm 1880 1685
###lsm 1980 1685
###lsm 1980 1683
###lsm 1980 1682
###lsm 1980 1680
###lsm 1680 1880
###lsm 1880 1980
###lsm 1881 1677
###lsm 1881 1676
###lsm 1674 1881
###lsm 1666 1883
###lsm 1883 1668
###lsm 1658 1873
###lsm 1873 1660
###lsm 1654 1874
###lsm 1874 1655
###lsm 1649 1884
###lsm 1884 1651
###lsm 1885 1644
###lsm 1885 1643
###lsm 1641 1885
###lsm 1918 1952
###lsm 1918 1954
###lsm 1916 1954
###lsm 1916 1956
###lsm 1965 1956
###lsm 1965 1958
###lsm 1967 1958
###lsm 1967 1960
###lsm 1969 1960
###lsm 1969 1962
###lsm 1970 1962
###lsm 1970 1978
###lsm 1971 1978
###lsm 1971 1977
###lsm 1972 1977
###lsm 1972 1976
###lsm 1973 1976
###lsm 1973 1975
###lsm 1952 1920
###lsm 1950 1920
###lsm 1950 1922
###lsm 1948 1922
###lsm 1948 1924
###lsm 1946 1924
###lsm 1946 1926
###lsm 1944 1926
###lsm 1944 1928
###lsm 1942 1928
###lsm 1942 1930
###lsm 1940 1930
###lsm 1940 1932
###lsm 1938 1932
###lsm 1938 1934
###lsm 1983 1982
###lsm 1983 1984
###lsm 1985 1984
###lsm 1985 1986
###lsm 1987 1986
###lsm 1987 1988
###lsm 1989 1988
###lsm 1989 1990
###lsm 1991 1990
###lsm 1991 1992
###lsm 1504 1992
###lsm 1505 1992
###lsm 1505 1993
###lsm 1994 1993
###lsm 1994 1995
###lsm 1513 1995
###lsm 1513 1996
###lsm 1515 1996
###lsm 1515 1997
###lsm 1516 1997
###lsm 1518 1997
###lsm 1997 1996
###lsm 1518 1996
###lsm 1982 1981
###lsm 1999 1981
###lsm 1999 2000
###lsm 2001 2000
###lsm 2001 2002
###lsm 2003 2002
###lsm 2003 2004
###lsm 1727 2004
###lsm 1728 2004
###lsm 1728 2005
###lsm 1823 2005
###lsm 1821 2005
###lsm 1819 2005
###lsm 1818 2005
###lsm 1816 2005
###lsm 1816 2006
###lsm 1815 2006
###lsm 1813 2006
###lsm 1812 2006
###lsm 1812 2007
###lsm 1810 2007
###lsm 1809 2007
###lsm 1807 2007
###lsm 1807 2008
###lsm 1805 2008
###lsm 1804 2008
###lsm 1802 2008
###lsm 1802 2009
###lsm 1801 2009
###lsm 1799 2009
###lsm 1799 2010
###lsm 1798 2010
###lsm 1796 2010
###lsm 1794 2010
###lsm 1794 2011
###lsm 1793 2011
###lsm 1791 2011
###lsm 1790 2011
###lsm 1790 2012
###lsm 1788 2012
###lsm 1787 2012
###lsm 1785 2012
###lsm 1785 2013
###lsm 1784 2013
###lsm 1782 2013
###lsm 1780 2013
###lsm 1779 2013
###lsm 1777 2013
###lsm 1776 2013
###lsm 1776 2014
###lsm 2015 2014
###lsm 2015 2016
###lsm 2017 2016
###lsm 2018 2016
###lsm 2018 2019
###lsm 2020 2019
###lsm 2020 2021
###lsm 2022 2021
###lsm 2022 2023
###lsm 2024 2023
###lsm 2024 2025
###lsm 2026 2025
###lsm 2026 2027
###lsm 2028 2027
###lsm 2028 2029
###lsm 2030 2029
###lsm 2030 2031
###lsm 2032 2031
###lsm 2032 2033
###lsm 1544 2033
###lsm 1546 2033
###lsm 1547 2033
###lsm 1549 2033
###lsm 1551 2033
###lsm 1452 2033
###lsm 2033 2031
###lsm 1452 2031
###lsm 1453 2031
###lsm 1453 2034
###lsm 1455 2034
###lsm 1455 2035
###lsm 1457 2035
###lsm 1458 2035
###lsm 1460 2035
###lsm 1462 2035
###lsm 1463 2035
###lsm 1463 2036
###lsm 1465 2036
###lsm 1466 2036
###lsm 1468 2036
###lsm 1468 2037
###lsm 1469 2037
###lsm 1471 2037
###lsm 1472 2037
###lsm 1472 2038
###lsm 1474 2038
###lsm 1476 2038
###lsm 1477 2038
###lsm 1477 2039
###lsm 1479 2039
###lsm 1480 2039
###lsm 1480 2040
###lsm 1482 2040
###lsm 1483 2040
###lsm 1485 2040
###lsm 1485 2041
###lsm 1487 2041
###lsm 1488 2041
###lsm 1490 2041
###lsm 1490 2042
###lsm 1491 2042
###lsm 1493 2042
###lsm 1494 2042
###lsm 1494 2043
###lsm 1496 2043
###lsm 1497 2043
###lsm 1499 2043
###lsm 1501 2043
###lsm 1502 2043
###lsm 1504 2043
###lsm 1991 1504
###lsm 2016 2014
###lsm 2016 2044
###lsm 2019 2016
###lsm 2019 2044
###lsm 2019 2045
###lsm 2021 2019
###lsm 2021 2045
###lsm 2021 2046
###lsm 2023 2021
###lsm 2023 2046
###lsm 2023 2047
###lsm 2025 2023
###lsm 2025 2047
###lsm 2025 2048
###lsm 2027 2025
###lsm 2027 2048
###lsm 2027 2049
###lsm 2029 2027
###lsm 2029 2049
###lsm 2029 2050
###lsm 2031 2029
###lsm 2034 2031
###lsm 2031 2050
###lsm 2052 1986
###lsm 1986 1984
###lsm 2052 1984
###lsm 2053 1984
###lsm 1984 1982
###lsm 2053 1982
###lsm 2054 1982
###lsm 1982 1999
###lsm 2054 1999
###lsm 2055 1999
###lsm 1999 2001
###lsm 2055 2001
###lsm 2056 2001
###lsm 2001 2003
###lsm 2056 2003
###lsm 2057 2003
###lsm 2057 2058
###lsm 1734 2058
###lsm 1732 2058
###lsm 1730 2058
###lsm 1731 2058
###lsm 1725 2058
###lsm 2058 2003
###lsm 1725 2003
###lsm 2003 1727
###lsm 1986 2051
###lsm 1988 1986
###lsm 1988 2051
###lsm 1988 2059
###lsm 1990 1988
###lsm 1990 2059
###lsm 1990 2060
###lsm 1992 1990
###lsm 1992 2060
###lsm 1993 1992
###lsm 1998 1522
###lsm 1998 2062
###lsm 1519 2062
###lsm 1521 2062
###lsm 2062 1522
###lsm 2061 1527
###lsm 2061 1526
###lsm 2064 1526
###lsm 2064 1524
###lsm 2061 2064
###lsm 2061 1524
###lsm 1522 2061
###lsm 2063 1530
###lsm 2063 2066
###lsm 1527 2063
###lsm 1527 2066
###lsm 1529 2066
###lsm 2066 1530
###lsm 2065 1535
###lsm 2065 1533
###lsm 2068 1533
###lsm 2068 1532
###lsm 2065 2068
###lsm 2065 1532
###lsm 1530 2065
###lsm 2067 1538
###lsm 2067 2070
###lsm 1535 2067
###lsm 1535 2070
###lsm 1537 2070
###lsm 2070 1538
###lsm 2032 1544
###lsm 2069 1544
###lsm 2069 1543
###lsm 2071 1543
###lsm 2071 1541
###lsm 2015 2017
###lsm 2015 2072
###lsm 2015 2073
###lsm 1774 2073
###lsm 1773 2073
###lsm 1771 2073
###lsm 1769 2073
###lsm 1768 2073
###lsm 1768 2074
###lsm 1766 2074
###lsm 1766 2075
###lsm 1765 2075
###lsm 1765 2076
###lsm 1763 2076
###lsm 1762 2076
###lsm 2076 2075
###lsm 1762 2075
###lsm 2074 2073
###lsm 2073 2072
###lsm 2077 1757
###lsm 2077 2079
###lsm 1760 2079
###lsm 1759 2079
###lsm 2079 1757
###lsm 2078 1752
###lsm 2078 1754
###lsm 2081 1754
###lsm 2081 1755
###lsm 2078 2081
###lsm 2078 1755
###lsm 1757 2078
###lsm 2080 1749
###lsm 2080 2083
###lsm 1752 2080
###lsm 1752 2083
###lsm 1751 2083
###lsm 2083 1749
###lsm 2082 1744
###lsm 2082 1746
###lsm 2085 1746
###lsm 2085 1748
###lsm 2082 2085
###lsm 2082 1748
###lsm 1749 2082
###lsm 2084 1740
###lsm 2084 1741
###lsm 2087 1741
###lsm 2087 1743
###lsm 2086 1735
###lsm 2086 1737
###lsm 2088 1737
###lsm 2088 1738
###lsm 2071 1540
###lsm 2069 2071
###lsm 2069 1540
###lsm 1538 2069
###lsm 1518 1998
###lsm 1998 1519
###lsm 1994 1513
###lsm 1994 1512
###lsm 1994 1510
###lsm 1994 1508
###lsm 1994 1507
###lsm 1505 1994
###lsm 1735 2057
###lsm 2057 1734
###lsm 1762 2077
###lsm 2077 1760
###lsm 1776 2015
###lsm 2015 1774
###lsm 2086 2088
###lsm 2088 1740
###lsm 1740 2086
###lsm 2084 2087
###lsm 2087 1744
###lsm 1744 2084
###lsm 1983 2048
###lsm 1983 2047
###lsm 1981 2047
###lsm 1981 2046
###lsm 2000 2046
###lsm 2000 2045
###lsm 2002 2045
###lsm 2002 2044
###lsm 2004 2044
###lsm 2004 2014
###lsm 2005 2014
###lsm 2005 2013
###lsm 2006 2013
###lsm 2006 2012
###lsm 2007 2012
###lsm 2007 2011
###lsm 2008 2011
###lsm 2008 2010
###lsm 2048 1985
###lsm 2049 1985
###lsm 2049 1987
###lsm 2050 1987
###lsm 2050 1989
###lsm 2034 1989
###lsm 2034 1991
###lsm 2035 1991
###lsm 2035 2043
###lsm 2036 2043
###lsm 2036 2042
###lsm 2037 2042
###lsm 2037 2041
###lsm 2038 2041
###lsm 2038 2040
###lsm 1836 1088
###lsm 2089 1835
###lsm 2089 1833
###lsm 2089 1831
###lsm 2090 1831
###lsm 2090 1829
###lsm 1827 1902
###lsm 1827 1904
###lsm 2090 1827
###lsm 2090 1904
###lsm 2090 1906
###lsm 1902 1825
###lsm 1853 1825
###lsm 1853 1838
###lsm 1855 1838
###lsm 1855 1840
###lsm 1857 1840
###lsm 1857 1842
###lsm 1859 1842
###lsm 1859 1844
###lsm 1861 1844
###lsm 1861 1846
###lsm 1863 1846
###lsm 1863 1848
###lsm 1863 1850
###lsm 1863 2091
###lsm 2090 1908
###lsm 2090 1910
###lsm 2090 1912
###lsm 2090 2022
###lsm 2090 2024
###lsm 1914 2080
###lsm 1914 2078
###lsm 1915 2052
###lsm 1915 2053
###lsm 2092 2063
###lsm 2092 2061
###lsm 1915 2054
###lsm 1915 2055
###lsm 1915 2056
###lsm 1915 2057
###lsm 1915 2086
###lsm 1915 2084
###lsm 2080 1915
###lsm 1915 2082
###lsm 1914 2077
###lsm 1914 2075
###lsm 1914 2074
###lsm 1914 2072
###lsm 1914 2017
###lsm 1914 2018
###lsm 2022 1914
###lsm 1914 2020
###lsm 2090 2026
###lsm 2090 2028
###lsm 2090 2030
###lsm 2090 2032
###lsm 2090 2069
###lsm 2090 2067
###lsm 2063 2090
###lsm 2090 2065
###lsm 2092 1998
###lsm 2092 1996
###lsm 2092 1995
###lsm 2092 1993
###lsm 2092 2060
###lsm 2092 2059
###lsm 2052 2092
###lsm 2092 2051
###lsm 1867 1700
###lsm 1867 1699
###lsm 2091 1709
###lsm 2091 1708
###lsm 2093 1718
###lsm 2093 1717
###lsm 1871 1689
###lsm 1871 1690
###lsm 1871 1691
###lsm 1871 1692
###lsm 1871 1723
###lsm 1871 1722
###lsm 1871 1721
###lsm 1871 1720
###lsm 1718 1871
###lsm 1871 1719
###lsm 2093 1716
###lsm 2093 1715
###lsm 2093 1714
###lsm 2093 1713
###lsm 2093 1712
###lsm 2093 1711
###lsm 1709 2093
###lsm 2093 1710
###lsm 2091 1707
###lsm 2091 1706
###lsm 2091 1705
###lsm 2091 1704
###lsm 2091 1703
###lsm 2091 1702
###lsm 1700 2091
###lsm 2091 1701
###lsm 1867 1698
###lsm 1867 1697
###lsm 1867 1696
###lsm 1867 1695
###lsm 1867 1694
###lsm 1867 1693
###lsm 1689 1867
###lsm 1867 1688
###lsm 2091 1851
###lsm 2096 2095
###lsm 2096 2097
###lsm 2098 2097
###lsm 2098 2099
###lsm 2100 2099
###lsm 2100 2101
###lsm 2102 2101
###lsm 2102 2103
###lsm 2104 2103
###lsm 2104 2105
###lsm 2106 2105
###lsm 2106 2107
###lsm 2108 2107
###lsm 2108 2109
###lsm 2110 2109
###lsm 2110 2111
###lsm 2112 2111
###lsm 2112 2113
###lsm 2114 2113
###lsm 2114 2115
###lsm 2116 2115
###lsm 2116 2117
###lsm 2118 2117
###lsm 2118 2119
###lsm 2120 2119
###lsm 2120 2121
###lsm 2122 2121
###lsm 2122 2123
###lsm 2124 2123
###lsm 2124 2125
###lsm 2126 2125
###lsm 2126 2127
###lsm 2128 2127
###lsm 2128 2129
###lsm 2130 2129
###lsm 2130 2131
###lsm 2132 2131
###lsm 2132 2133
###lsm 2134 2133
###lsm 2134 2135
###lsm 2136 2135
###lsm 2136 2137
###lsm 2138 2137
###lsm 2138 2139
###lsm 2140 2139
###lsm 2140 2141
###lsm 2142 2141
###lsm 2142 2143
###lsm 2144 2143
###lsm 2144 2145
###lsm 2146 2145
###lsm 2146 2147
###lsm 2148 2147
###lsm 2148 2149
###lsm 2150 2149
###lsm 2150 2151
###lsm 2152 2151
###lsm 2152 2153
###lsm 2154 2153
###lsm 2154 2155
###lsm 2156 2155
###lsm 2156 2157
###lsm 2158 2157
###lsm 2158 2159
###lsm 2160 2159
###lsm 2160 2161
###lsm 2162 2161
###lsm 2162 2163
###lsm 2164 2163
###lsm 2164 2165
###lsm 2094 2165
###lsm 2095 2094
###lsm 2167 2099
###lsm 2099 2097
###lsm 2167 2097
###lsm 2168 2097
###lsm 2097 2095
###lsm 2168 2095
###lsm 2169 2095
###lsm 2095 2165
###lsm 2169 2165
###lsm 2170 2165
###lsm 2165 2163
###lsm 2170 2163
###lsm 2171 2163
###lsm 2163 2161
###lsm 2171 2161
###lsm 2172 2161
###lsm 2161 2159
###lsm 2172 2159
###lsm 2173 2159
###lsm 2159 2157
###lsm 2173 2157
###lsm 2174 2157
###lsm 2157 2155
###lsm 2174 2155
###lsm 2175 2155
###lsm 2155 2153
###lsm 2175 2153
###lsm 2176 2153
###lsm 2153 2151
###lsm 2176 2151
###lsm 2177 2151
###lsm 2151 2149
###lsm 2177 2149
###lsm 2178 2149
###lsm 2149 2147
###lsm 2178 2147
###lsm 2179 2147
###lsm 2147 2145
###lsm 2179 2145
###lsm 2180 2145
###lsm 2145 2143
###lsm 2180 2143
###lsm 2181 2143
###lsm 2143 2141
###lsm 2181 2141
###lsm 2182 2141
###lsm 2141 2139
###lsm 2182 2139
###lsm 2183 2139
###lsm 2139 2137
###lsm 2183 2137
###lsm 2184 2137
###lsm 2137 2135
###lsm 2184 2135
###lsm 2185 2135
###lsm 2135 2133
###lsm 2185 2133
###lsm 2186 2133
###lsm 2133 2131
###lsm 2186 2131
###lsm 2187 2131
###lsm 2131 2129
###lsm 2187 2129
###lsm 2188 2129
###lsm 2129 2127
###lsm 2188 2127
###lsm 2189 2127
###lsm 2127 2125
###lsm 2189 2125
###lsm 2190 2125
###lsm 2125 2123
###lsm 2190 2123
###lsm 2191 2123
###lsm 2123 2121
###lsm 2191 2121
###lsm 2192 2121
###lsm 2121 2119
###lsm 2192 2119
###lsm 2193 2119
###lsm 2119 2117
###lsm 2193 2117
###lsm 2194 2117
###lsm 2117 2115
###lsm 2194 2115
###lsm 2195 2115
###lsm 2115 2113
###lsm 2195 2113
###lsm 2196 2113
###lsm 2113 2111
###lsm 2196 2111
###lsm 2197 2111
###lsm 2111 2109
###lsm 2197 2109
###lsm 2198 2109
###lsm 2109 2107
###lsm 2198 2107
###lsm 2199 2107
###lsm 2107 2105
###lsm 2199 2105
###lsm 2200 2105
###lsm 2105 2103
###lsm 2200 2103
###lsm 2201 2103
###lsm 2103 2101
###lsm 2201 2101
###lsm 2166 2101
###lsm 2101 2099
###lsm 2099 2166
###lsm 2204 2203
###lsm 2204 2205
###lsm 2206 2205
###lsm 2206 2207
###lsm 2208 2207
###lsm 2208 2209
###lsm 2210 2209
###lsm 2210 2211
###lsm 2212 2211
###lsm 2212 2213
###lsm 2214 2213
###lsm 2214 2215
###lsm 2216 2215
###lsm 2216 2217
###lsm 2218 2217
###lsm 2218 2219
###lsm 2220 2219
###lsm 2220 2221
###lsm 2222 2221
###lsm 2222 2223
###lsm 2224 2223
###lsm 2224 2225
###lsm 2226 2225
###lsm 2226 2227
###lsm 2228 2227
###lsm 2228 2229
###lsm 2230 2229
###lsm 2230 2231
###lsm 2232 2231
###lsm 2232 2233
###lsm 2234 2233
###lsm 2234 2235
###lsm 2236 2235
###lsm 2236 2237
###lsm 2238 2237
###lsm 2238 2239
###lsm 2240 2239
###lsm 2240 2241
###lsm 2242 2241
###lsm 2242 2243
###lsm 2244 2243
###lsm 2244 2245
###lsm 2246 2245
###lsm 2246 2247
###lsm 2248 2247
###lsm 2248 2249
###lsm 2250 2249
###lsm 2250 2251
###lsm 2252 2251
###lsm 2252 2253
###lsm 2254 2253
###lsm 2254 2255
###lsm 2256 2255
###lsm 2256 2257
###lsm 2258 2257
###lsm 2258 2259
###lsm 2260 2259
###lsm 2260 2261
###lsm 2262 2261
###lsm 2262 2263
###lsm 2264 2263
###lsm 2264 2265
###lsm 2266 2265
###lsm 2266 2267
###lsm 2268 2267
###lsm 2268 2269
###lsm 2270 2269
###lsm 2270 2271
###lsm 2272 2271
###lsm 2272 2273
###lsm 2202 2273
###lsm 2203 2202
###lsm 2275 2207
###lsm 2207 2205
###lsm 2275 2205
###lsm 2276 2205
###lsm 2205 2203
###lsm 2276 2203
###lsm 2277 2203
###lsm 2203 2273
###lsm 2277 2273
###lsm 2278 2273
###lsm 2273 2271
###lsm 2278 2271
###lsm 2279 2271
###lsm 2271 2269
###lsm 2279 2269
###lsm 2280 2269
###lsm 2269 2267
###lsm 2280 2267
###lsm 2281 2267
###lsm 2267 2265
###lsm 2281 2265
###lsm 2282 2265
###lsm 2265 2263
###lsm 2282 2263
###lsm 2283 2263
###lsm 2263 2261
###lsm 2283 2261
###lsm 2284 2261
###lsm 2261 2259
###lsm 2284 2259
###lsm 2285 2259
###lsm 2259 2257
###lsm 2285 2257
###lsm 2286 2257
###lsm 2257 2255
###lsm 2286 2255
###lsm 2287 2255
###lsm 2255 2253
###lsm 2287 2253
###lsm 2288 2253
###lsm 2253 2251
###lsm 2288 2251
###lsm 2289 2251
###lsm 2251 2249
###lsm 2289 2249
###lsm 2290 2249
###lsm 2249 2247
###lsm 2290 2247
###lsm 2291 2247
###lsm 2247 2245
###lsm 2291 2245
###lsm 2292 2245
###lsm 2245 2243
###lsm 2292 2243
###lsm 2293 2243
###lsm 2243 2241
###lsm 2293 2241
###lsm 2294 2241
###lsm 2241 2239
###lsm 2294 2239
###lsm 2295 2239
###lsm 2239 2237
###lsm 2295 2237
###lsm 2296 2237
###lsm 2237 2235
###lsm 2296 2235
###lsm 2297 2235
###lsm 2235 2233
###lsm 2297 2233
###lsm 2298 2233
###lsm 2233 2231
###lsm 2298 2231
###lsm 2299 2231
###lsm 2231 2229
###lsm 2299 2229
###lsm 2300 2229
###lsm 2229 2227
###lsm 2300 2227
###lsm 2301 2227
###lsm 2227 2225
###lsm 2301 2225
###lsm 2302 2225
###lsm 2225 2223
###lsm 2302 2223
###lsm 2303 2223
###lsm 2223 2221
###lsm 2303 2221
###lsm 2304 2221
###lsm 2221 2219
###lsm 2304 2219
###lsm 2305 2219
###lsm 2219 2217
###lsm 2305 2217
###lsm 2306 2217
###lsm 2217 2215
###lsm 2306 2215
###lsm 2307 2215
###lsm 2215 2213
###lsm 2307 2213
###lsm 2308 2213
###lsm 2213 2211
###lsm 2308 2211
###lsm 2309 2211
###lsm 2211 2209
###lsm 2309 2209
###lsm 2274 2209
###lsm 2209 2207
###lsm 2207 2274
###lsm 1094 2089
###lsm 2310 2089
###lsm 2310 1587
###lsm 2089 1564
###lsm 2089 1563
###lsm 2090 1573
###lsm 2090 1572
###lsm 2092 1583
###lsm 2092 1582
###lsm 2089 1553
###lsm 2089 1554
###lsm 2089 1555
###lsm 2089 1556
###lsm 1587 2089
###lsm 2310 1586
###lsm 2310 1585
###lsm 2310 1584
###lsm 1583 2310
###lsm 2092 1581
###lsm 2092 1580
###lsm 2092 1579
###lsm 2092 1578
###lsm 2092 1577
###lsm 2092 1576
###lsm 2092 1575
###lsm 2092 1574
###lsm 1573 2092
###lsm 2090 1571
###lsm 2090 1570
###lsm 2090 1569
###lsm 2090 1568
###lsm 2090 1567
###lsm 2090 1566
###lsm 1564 2090
###lsm 2090 1565
###lsm 2089 1562
###lsm 2089 1561
###lsm 2089 1560
###lsm 2089 1559
###lsm 2089 1558
###lsm 2089 1557
###lsm 1552 2089
###lsm 2310 2242
###lsm 2310 2244
###lsm 2311 2230
###lsm 2311 2232
###lsm 2230 2312
###lsm 2230 2313
###lsm 2230 2314
###lsm 2230 2315
###lsm 2230 2316
###lsm 2230 2317
###lsm 2230 2318
###lsm 2230 2319
###lsm 2230 2320
###lsm 2321 2222
###lsm 2321 2224
###lsm 2322 2214
###lsm 2322 2216
###lsm 2214 2323
###lsm 2214 2324
###lsm 2214 2325
###lsm 2214 2326
###lsm 2214 2327
###lsm 2214 2328
###lsm 2214 2329
###lsm 2214 2330
###lsm 2214 2331
###lsm 1096 2202
###lsm 1096 2204
###lsm 1094 2258
###lsm 1094 2260
###lsm 1096 2206
###lsm 1096 2208
###lsm 1096 2210
###lsm 2214 1096
###lsm 1096 2212
###lsm 2322 2218
###lsm 2322 2220
###lsm 2222 2322
###lsm 2321 2226
###lsm 2321 2228
###lsm 2230 2321
###lsm 2311 2234
###lsm 2311 2236
###lsm 2311 2238
###lsm 2242 2311
###lsm 2311 2240
###lsm 2310 2246
###lsm 2310 2248
###lsm 2310 2250
###lsm 2310 2252
###lsm 2310 2254
###lsm 2310 2256
###lsm 2258 2310
###lsm 1094 2262
###lsm 1094 2264
###lsm 1094 2266
###lsm 1094 2268
###lsm 1094 2270
###lsm 1094 2272
###lsm 2202 1094
###lsm 1837 2114
###lsm 1837 2116
###lsm 1092 2098
###lsm 1092 2100
###lsm 1099 2158
###lsm 1099 2160
###lsm 2158 2332
###lsm 2158 2333
###lsm 2158 2334
###lsm 2158 2335
###lsm 2158 2336
###lsm 2158 2337
###lsm 2158 2338
###lsm 2158 2339
###lsm 2158 2340
###lsm 2341 2150
###lsm 2341 2152
###lsm 2342 2142
###lsm 2342 2144
###lsm 2142 2343
###lsm 2142 2344
###lsm 2142 2345
###lsm 2142 2346
###lsm 2142 2347
###lsm 2142 2348
###lsm 2142 2349
###lsm 2142 2350
###lsm 2142 2351
###lsm 2352 2130
###lsm 2352 2132
###lsm 1099 2096
###lsm 2098 1099
###lsm 1092 2102
###lsm 1092 2104
###lsm 1092 2106
###lsm 1092 2108
###lsm 1092 2110
###lsm 1092 2112
###lsm 2114 1092
###lsm 1837 2118
###lsm 1837 2120
###lsm 1837 2122
###lsm 1837 2124
###lsm 1837 2126
###lsm 1837 2128
###lsm 2130 1837
###lsm 2352 2134
###lsm 2352 2136
###lsm 2352 2138
###lsm 2142 2352
###lsm 2352 2140
###lsm 2342 2146
###lsm 2342 2148
###lsm 2150 2342
###lsm 2341 2154
###lsm 2341 2156
###lsm 2158 2341
###lsm 1099 2162
###lsm 1099 2164
###lsm 2094 1099
###lsm 1097 1096
###lsm 2353 1096
###lsm 2353 2331
###lsm 2354 2331
###lsm 2354 2330
###lsm 2355 2330
###lsm 2355 2329
###lsm 2356 2329
###lsm 2356 2328
###lsm 2357 2328
###lsm 2357 2327
###lsm 2358 2327
###lsm 2358 2326
###lsm 2359 2326
###lsm 2359 2325
###lsm 2360 2325
###lsm 2360 2324
###lsm 2361 2324
###lsm 2361 2323
###lsm 2362 2323
###lsm 2362 2322
###lsm 2362 2321
###lsm 2363 2321
###lsm 2364 2321
###lsm 2364 2320
###lsm 2365 2320
###lsm 2365 2319
###lsm 2366 2319
###lsm 2366 2318
###lsm 2367 2318
###lsm 2367 2317
###lsm 2368 2317
###lsm 2368 2316
###lsm 2369 2316
###lsm 2369 2315
###lsm 2370 2315
###lsm 2370 2314
###lsm 2371 2314
###lsm 2371 2313
###lsm 2372 2313
###lsm 2372 2312
###lsm 2373 2312
###lsm 1871 1851
###lsm 1862 1851
###lsm 1862 1849
###lsm 1862 1847
###lsm 1860 1847
###lsm 1860 1845
###lsm 1858 1845
###lsm 1858 1843
###lsm 1856 1843
###lsm 1856 1841
###lsm 1854 1841
###lsm 1854 1839
###lsm 1852 1839
###lsm 1852 1824
###lsm 1903 1824
###lsm 1903 1826
###lsm 1905 1826
###lsm 1907 1826
###lsm 1907 1828
###lsm 1909 1828
###lsm 1909 1830
###lsm 1911 1830
###lsm 1911 1832
###lsm 2092 1832
###lsm 2092 1439
###lsm 1439 1832
###lsm 1441 1832
###lsm 1441 1834
###lsm 1249 1834
###lsm 1251 1834
###lsm 1253 1834
###lsm 1255 1834
###lsm 1257 1834
###lsm 1259 1834
###lsm 1261 1834
###lsm 1263 1834
###lsm 1265 1834
###lsm 1267 1834
###lsm 1269 1834
###lsm 1271 1834
###lsm 1273 1834
###lsm 1275 1834
###lsm 1189 1834
###lsm 1191 1834
###lsm 1193 1834
###lsm 1193 1277
###lsm 1195 1277
###lsm 1195 1363
###lsm 1197 1363
###lsm 1197 1361
###lsm 1199 1361
###lsm 1199 1359
###lsm 1201 1359
###lsm 1201 1357
###lsm 1203 1357
###lsm 1203 1355
###lsm 1205 1355
###lsm 1205 1353
###lsm 1207 1353
###lsm 1207 1351
###lsm 1209 1351
###lsm 1209 1349
###lsm 1211 1349
###lsm 1211 1347
###lsm 1213 1347
###lsm 1213 1345
###lsm 1277 1834
###lsm 1279 1834
###lsm 1279 1837
###lsm 1281 1837
###lsm 1283 1837
###lsm 1285 1837
###lsm 1287 1837
###lsm 1289 1837
###lsm 1291 1837
###lsm 1293 1837
###lsm 1295 1837
###lsm 1297 1837
###lsm 1299 1837
###lsm 1301 1837
###lsm 1303 1837
###lsm 1305 1837
###lsm 1307 1837
###lsm 1309 1837
###lsm 1309 2310
###lsm 1117 2310
###lsm 1119 2310
###lsm 1121 2310
###lsm 1123 2310
###lsm 1125 2310
###lsm 1127 2310
###lsm 1129 2310
###lsm 1131 2310
###lsm 1133 2310
###lsm 1135 2310
###lsm 1137 2310
###lsm 1139 2310
###lsm 1141 2310
###lsm 1143 2310
###lsm 1145 2310
###lsm 1147 2310
###lsm 1147 1411
###lsm 1149 1411
###lsm 1149 1409
###lsm 1837 2374
###lsm 1837 2373
###lsm 2310 1837
###lsm 2310 2373
###lsm 2373 2311
###lsm 1411 2310
###lsm 1411 2092
###lsm 1413 2092
###lsm 1415 2092
###lsm 1417 2092
###lsm 1419 2092
###lsm 1421 2092
###lsm 1423 2092
###lsm 1425 2092
###lsm 1427 2092
###lsm 1429 2092
###lsm 1431 2092
###lsm 1433 2092
###lsm 1435 2092
###lsm 2092 1437
###lsm 2092 1913
###lsm 1911 2092
###lsm 1103 1325
###lsm 1103 1323
###lsm 1105 1323
###lsm 1105 1321
###lsm 1107 1321
###lsm 1107 1319
###lsm 1109 1319
###lsm 1109 1317
###lsm 1111 1317
###lsm 1111 1315
###lsm 1113 1315
###lsm 1113 1313
###lsm 1115 1313
###lsm 1115 1311
###lsm 1117 1311
###lsm 1309 1117
###lsm 1325 1101
###lsm 1327 1101
###lsm 1327 1187
###lsm 1329 1187
###lsm 1329 1185
###lsm 1331 1185
###lsm 1331 1183
###lsm 1333 1183
###lsm 1333 1181
###lsm 1225 1181
###lsm 1225 1377
###lsm 1227 1377
###lsm 1227 1375
###lsm 1229 1375
###lsm 1229 1373
###lsm 1231 1373
###lsm 1231 1371
###lsm 1233 1371
###lsm 1233 1369
###lsm 1235 1369
###lsm 1235 1367
###lsm 1237 1367
###lsm 1237 1365
###lsm 1239 1365
###lsm 1239 1451
###lsm 1241 1451
###lsm 1241 1449
###lsm 1243 1449
###lsm 1243 1447
###lsm 1245 1447
###lsm 1245 1445
###lsm 1247 1445
###lsm 1247 1443
###lsm 1249 1443
###lsm 1441 1249
###lsm 1377 1181
###lsm 1377 1179
###lsm 1379 1179
###lsm 1381 1179
###lsm 1381 1177
###lsm 1383 1177
###lsm 1383 1175
###lsm 1385 1175
###lsm 1385 1173
###lsm 1387 1173
###lsm 1387 1171
###lsm 1389 1171
###lsm 1389 1169
###lsm 1389 1167
###lsm 1391 1167
###lsm 1391 1165
###lsm 1393 1165
###lsm 1393 1163
###lsm 1395 1163
###lsm 1395 1161
###lsm 1397 1161
###lsm 1397 1159
###lsm 1399 1159
###lsm 1399 1157
###lsm 1401 1157
###lsm 1401 1155
###lsm 1403 1155
###lsm 1403 1153
###lsm 1405 1153
###lsm 1405 1151
###lsm 1407 1151
###lsm 1149 1407
###lsm 1333 1225
###lsm 1333 1223
###lsm 1335 1223
###lsm 1335 1221
###lsm 1337 1221
###lsm 1337 1219
###lsm 1339 1219
###lsm 1339 1217
###lsm 1341 1217
###lsm 1341 1215
###lsm 1343 1215
###lsm 1213 1343
###lsm 1097 2354
###lsm 1097 2355
###lsm 1097 2356
###lsm 1097 2357
###lsm 1097 2358
###lsm 2276 2358
###lsm 2276 2359
###lsm 2275 2359
###lsm 2275 2360
###lsm 2275 2361
###lsm 2275 2362
###lsm 2274 2362
###lsm 2309 2362
###lsm 2308 2362
###lsm 2307 2362
###lsm 2306 2362
###lsm 2305 2362
###lsm 2304 2362
###lsm 2303 2362
###lsm 2302 2362
###lsm 2302 2363
###lsm 2301 2363
###lsm 2300 2363
###lsm 2299 2363
###lsm 2298 2363
###lsm 2297 2363
###lsm 2296 2363
###lsm 2295 2363
###lsm 2294 2363
###lsm 2293 2363
###lsm 2293 2364
###lsm 2293 2365
###lsm 2293 2366
###lsm 2292 2366
###lsm 2292 2367
###lsm 2373 2367
###lsm 2373 2368
###lsm 2373 2369
###lsm 2373 2370
###lsm 2373 2371
###lsm 2292 2373
###lsm 2291 2373
###lsm 2291 2374
###lsm 2187 2374
###lsm 2186 2374
###lsm 2186 2375
###lsm 2374 2378
###lsm 2374 2379
###lsm 2374 2380
###lsm 2374 2381
###lsm 2375 2374
###lsm 2186 2376
###lsm 2185 2376
###lsm 2185 2382
###lsm 2185 2383
###lsm 2185 2384
###lsm 2184 2384
###lsm 2183 2384
###lsm 2182 2384
###lsm 2181 2384
###lsm 2180 2384
###lsm 2179 2384
###lsm 2178 2384
###lsm 2177 2384
###lsm 2176 2384
###lsm 2176 2385
###lsm 2175 2385
###lsm 2174 2385
###lsm 2174 2386
###lsm 2173 2386
###lsm 2172 2386
###lsm 2171 2386
###lsm 2170 2386
###lsm 2169 2386
###lsm 2168 2386
###lsm 2167 2386
###lsm 2167 2387
###lsm 2167 2388
###lsm 2166 2388
###lsm 2166 2389
###lsm 1098 2389
###lsm 1098 2390
###lsm 1098 2391
###lsm 1098 2392
###lsm 1098 2393
###lsm 1098 2277
###lsm 1098 2201
###lsm 2166 1098
###lsm 2291 2187
###lsm 2291 2188
###lsm 2290 2188
###lsm 2290 2189
###lsm 2289 2189
###lsm 2288 2189
###lsm 2288 2190
###lsm 2287 2190
###lsm 2287 2191
###lsm 2286 2191
###lsm 2286 2192
###lsm 2285 2192
###lsm 2285 2193
###lsm 2284 2193
###lsm 2284 2194
###lsm 2284 2195
###lsm 2283 2195
###lsm 2283 2196
###lsm 2282 2196
###lsm 2282 2197
###lsm 2281 2197
###lsm 2281 2198
###lsm 2280 2198
###lsm 2280 2199
###lsm 2279 2199
###lsm 2278 2199
###lsm 2278 2200
###lsm 2277 2200
###lsm 2201 2277
###lsm 2277 1097
###lsm 1097 2276
###lsm 2374 2352
###lsm 2377 2352
###lsm 2377 2351
###lsm 2378 2351
###lsm 2378 2350
###lsm 2379 2350
###lsm 2379 2349
###lsm 2380 2349
###lsm 2380 2348
###lsm 2381 2348
###lsm 2381 2347
###lsm 2375 2347
###lsm 2375 2346
###lsm 2376 2346
###lsm 2376 2345
###lsm 2382 2345
###lsm 2382 2344
###lsm 2383 2344
###lsm 2383 2343
###lsm 2384 2343
###lsm 2386 2341
###lsm 2386 2340
###lsm 2387 2340
###lsm 2387 2339
###lsm 2388 2339
###lsm 2388 2338
###lsm 2389 2338
###lsm 2389 2337
###lsm 2390 2337
###lsm 2390 2336
###lsm 2391 2336
###lsm 2391 2335
###lsm 2392 2335
###lsm 2392 2334
###lsm 2393 2334
###lsm 2393 2333
###lsm 2394 2333
###lsm 2394 2332
###lsm 1098 2332
###lsm 1099 1098
###lsm 2384 2342
###lsm 2384 2341
###lsm 2341 2385
###lsm 2397 2396
###lsm 2397 2398
###lsm 2399 2398
###lsm 2396 2402
###lsm 2396 2403
###lsm 2398 2396
###lsm 2398 2403
###lsm 2404 2403
###lsm 2404 2405
###lsm 2402 2401
###lsm 2406 2401
###lsm 2404 2406
###lsm 2409 2408
###lsm 2409 2410
###lsm 2411 2410
###lsm 2411 2412
###lsm 2413 2412
###lsm 2413 2414
###lsm 2415 2414
###lsm 2415 2416
###lsm 2417 2416
###lsm 2417 2418
###lsm 2419 2418
###lsm 2419 2420
###lsm 2421 2420
###lsm 2421 2422
###lsm 2423 2422
###lsm 2423 2424
###lsm 2425 2424
###lsm 2425 2426
###lsm 2427 2426
###lsm 2427 2428
###lsm 2429 2428
###lsm 2429 2430
###lsm 2431 2430
###lsm 2431 2432
###lsm 2433 2432
###lsm 2433 2434
###lsm 2435 2434
###lsm 2435 2436
###lsm 2437 2436
###lsm 2437 2438
###lsm 2439 2438
###lsm 2439 2440
###lsm 2441 2440
###lsm 2441 2442
###lsm 2443 2442
###lsm 2443 2444
###lsm 2445 2444
###lsm 2445 2446
###lsm 2447 2446
###lsm 2447 2448
###lsm 2449 2448
###lsm 2449 2450
###lsm 2451 2450
###lsm 2451 2452
###lsm 2453 2452
###lsm 2453 2454
###lsm 2455 2454
###lsm 2455 2456
###lsm 2457 2456
###lsm 2457 2458
###lsm 2459 2458
###lsm 2459 2460
###lsm 2461 2460
###lsm 2461 2462
###lsm 2463 2462
###lsm 2463 2464
###lsm 2465 2464
###lsm 2465 2466
###lsm 2467 2466
###lsm 2467 2468
###lsm 2469 2468
###lsm 2469 2470
###lsm 2471 2470
###lsm 2471 2472
###lsm 2473 2472
###lsm 2473 2474
###lsm 2475 2474
###lsm 2475 2476
###lsm 2477 2476
###lsm 2477 2478
###lsm 2479 2478
###lsm 2479 2480
###lsm 2481 2480
###lsm 2481 2482
###lsm 2483 2482
###lsm 2483 2484
###lsm 2485 2484
###lsm 2485 2486
###lsm 2487 2486
###lsm 2487 2488
###lsm 2489 2488
###lsm 2489 2490
###lsm 2491 2490
###lsm 2491 2492
###lsm 2493 2492
###lsm 2493 2494
###lsm 2407 2494
###lsm 2408 2407
###lsm 2409 105
###lsm 2409 106
###lsm 2407 106
###lsm 2407 107
###lsm 2493 107
###lsm 2493 108
###lsm 2491 108
###lsm 2491 109
###lsm 2489 109
###lsm 2489 110
###lsm 2487 110
###lsm 2487 111
###lsm 2485 111
###lsm 2485 112
###lsm 2483 112
###lsm 2483 113
###lsm 2481 113
###lsm 2481 114
###lsm 2479 114
###lsm 2479 115
###lsm 2477 115
###lsm 2477 116
###lsm 2475 116
###lsm 2473 116
###lsm 2473 117
###lsm 2471 117
###lsm 2471 118
###lsm 2469 118
###lsm 2469 119
###lsm 2467 119
###lsm 2467 120
###lsm 2465 120
###lsm 2465 121
###lsm 2463 121
###lsm 2463 122
###lsm 2461 122
###lsm 2461 123
###lsm 2459 123
###lsm 2459 124
###lsm 2457 124
###lsm 2457 125
###lsm 2455 125
###lsm 2455 126
###lsm 2453 126
###lsm 2453 127
###lsm 2451 127
###lsm 2451 128
###lsm 2449 128
###lsm 2449 129
###lsm 2447 129
###lsm 2447 130
###lsm 2445 130
###lsm 2445 131
###lsm 2443 131
###lsm 2443 132
###lsm 2441 132
###lsm 2441 133
###lsm 2439 133
###lsm 2439 134
###lsm 2437 134
###lsm 2437 135
###lsm 2435 135
###lsm 2435 94
###lsm 2433 94
###lsm 2433 95
###lsm 2431 95
###lsm 2429 95
###lsm 2429 96
###lsm 2427 96
###lsm 2427 97
###lsm 2425 97
###lsm 2425 98
###lsm 2423 98
###lsm 2423 99
###lsm 2421 99
###lsm 2421 100
###lsm 2419 100
###lsm 2419 101
###lsm 2417 101
###lsm 2417 102
###lsm 2415 102
###lsm 2415 103
###lsm 2413 103
###lsm 2413 104
###lsm 2411 104
###lsm 105 2411
###lsm 2497 2496
###lsm 2497 2498
###lsm 2499 2498
###lsm 2499 2500
###lsm 2501 2500
###lsm 2501 2502
###lsm 2503 2502
###lsm 2503 2504
###lsm 2505 2504
###lsm 2505 2506
###lsm 2507 2506
###lsm 2507 2508
###lsm 2509 2508
###lsm 2509 2510
###lsm 2511 2510
###lsm 2511 2512
###lsm 2513 2512
###lsm 2513 2514
###lsm 2515 2514
###lsm 2515 2516
###lsm 2517 2516
###lsm 2517 2518
###lsm 2519 2518
###lsm 2519 2520
###lsm 2521 2520
###lsm 2521 2522
###lsm 2523 2522
###lsm 2523 2524
###lsm 2525 2524
###lsm 2525 2526
###lsm 2527 2526
###lsm 2527 2528
###lsm 2529 2528
###lsm 2529 2530
###lsm 2531 2530
###lsm 2531 2532
###lsm 2533 2532
###lsm 2533 2534
###lsm 2535 2534
###lsm 2535 2536
###lsm 2537 2536
###lsm 2537 2538
###lsm 2539 2538
###lsm 2539 2540
###lsm 2541 2540
###lsm 2541 2542
###lsm 2543 2542
###lsm 2543 2544
###lsm 2545 2544
###lsm 2545 2546
###lsm 2547 2546
###lsm 2547 2548
###lsm 2549 2548
###lsm 2549 2550
###lsm 2551 2550
###lsm 2551 2552
###lsm 2553 2552
###lsm 2553 2554
###lsm 2555 2554
###lsm 2555 2556
###lsm 2557 2556
###lsm 2557 2558
###lsm 2559 2558
###lsm 2559 2560
###lsm 2561 2560
###lsm 2561 2562
###lsm 2563 2562
###lsm 2563 2564
###lsm 2565 2564
###lsm 2565 2566
###lsm 2567 2566
###lsm 2567 2568
###lsm 2569 2568
###lsm 2569 2570
###lsm 2571 2570
###lsm 2571 2572
###lsm 2573 2572
###lsm 2573 2574
###lsm 2575 2574
###lsm 2575 2576
###lsm 2577 2576
###lsm 2577 2578
###lsm 2579 2578
###lsm 2579 2580
###lsm 2581 2580
###lsm 2581 2582
###lsm 2495 2582
###lsm 2496 2495
###lsm 2497 513
###lsm 2497 514
###lsm 2495 514
###lsm 2495 515
###lsm 2581 515
###lsm 2581 516
###lsm 2579 516
###lsm 2579 517
###lsm 2577 517
###lsm 2577 518
###lsm 2575 518
###lsm 2575 519
###lsm 2573 519
###lsm 2573 520
###lsm 2571 520
###lsm 2571 521
###lsm 2569 521
###lsm 2569 522
###lsm 2567 522
###lsm 2567 523
###lsm 2565 523
###lsm 2565 524
###lsm 2563 524
###lsm 2561 524
###lsm 2561 525
###lsm 2559 525
###lsm 2559 526
###lsm 2557 526
###lsm 2557 527
###lsm 2555 527
###lsm 2555 528
###lsm 2553 528
###lsm 2553 529
###lsm 2551 529
###lsm 2551 530
###lsm 2549 530
###lsm 2549 531
###lsm 2547 531
###lsm 2547 532
###lsm 2545 532
###lsm 2545 533
###lsm 2543 533
###lsm 2543 534
###lsm 2541 534
###lsm 2541 535
###lsm 2539 535
###lsm 2539 536
###lsm 2537 536
###lsm 2537 537
###lsm 2535 537
###lsm 2535 538
###lsm 2533 538
###lsm 2533 539
###lsm 2531 539
###lsm 2531 540
###lsm 2529 540
###lsm 2529 541
###lsm 2527 541
###lsm 2527 542
###lsm 2525 542
###lsm 2525 543
###lsm 2523 543
###lsm 2523 502
###lsm 2521 502
###lsm 2521 503
###lsm 2519 503
###lsm 2517 503
###lsm 2517 504
###lsm 2515 504
###lsm 2515 505
###lsm 2513 505
###lsm 2513 506
###lsm 2511 506
###lsm 2511 507
###lsm 2509 507
###lsm 2509 508
###lsm 2507 508
###lsm 2507 509
###lsm 2505 509
###lsm 2505 510
###lsm 2503 510
###lsm 2503 511
###lsm 2501 511
###lsm 2501 512
###lsm 2499 512
###lsm 513 2499
###lsm 2585 2584
###lsm 2585 2586
###lsm 2587 2586
###lsm 2587 2588
###lsm 2589 2588
###lsm 2589 2590
###lsm 2591 2590
###lsm 2591 2592
###lsm 2593 2592
###lsm 2593 2594
###lsm 2595 2594
###lsm 2595 2596
###lsm 2597 2596
###lsm 2597 2598
###lsm 2599 2598
###lsm 2599 2600
###lsm 2601 2600
###lsm 2601 2602
###lsm 2603 2602
###lsm 2603 2604
###lsm 2605 2604
###lsm 2605 2606
###lsm 2607 2606
###lsm 2607 2608
###lsm 2609 2608
###lsm 2609 2610
###lsm 2611 2610
###lsm 2611 2612
###lsm 2613 2612
###lsm 2613 2614
###lsm 2615 2614
###lsm 2615 2616
###lsm 2617 2616
###lsm 2617 2618
###lsm 2619 2618
###lsm 2619 2620
###lsm 2621 2620
###lsm 2621 2622
###lsm 2623 2622
###lsm 2623 2624
###lsm 2625 2624
###lsm 2625 2626
###lsm 2627 2626
###lsm 2627 2628
###lsm 2629 2628
###lsm 2629 2630
###lsm 2631 2630
###lsm 2631 2632
###lsm 2633 2632
###lsm 2633 2634
###lsm 2635 2634
###lsm 2635 2636
###lsm 2637 2636
###lsm 2637 2638
###lsm 2639 2638
###lsm 2639 2640
###lsm 2641 2640
###lsm 2641 2642
###lsm 2643 2642
###lsm 2643 2644
###lsm 2645 2644
###lsm 2645 2646
###lsm 2647 2646
###lsm 2647 2648
###lsm 2649 2648
###lsm 2649 2650
###lsm 2651 2650
###lsm 2651 2652
###lsm 2653 2652
###lsm 2653 2654
###lsm 2655 2654
###lsm 2655 2656
###lsm 2657 2656
###lsm 2657 2658
###lsm 2659 2658
###lsm 2659 2660
###lsm 2661 2660
###lsm 2661 2662
###lsm 2663 2662
###lsm 2663 2664
###lsm 2665 2664
###lsm 2665 2666
###lsm 2667 2666
###lsm 2667 2668
###lsm 2669 2668
###lsm 2669 2670
###lsm 2583 2670
###lsm 2584 2583
###lsm 2585 241
###lsm 2585 242
###lsm 2583 242
###lsm 2583 243
###lsm 2669 243
###lsm 2669 244
###lsm 2667 244
###lsm 2667 245
###lsm 2665 245
###lsm 2665 246
###lsm 2663 246
###lsm 2663 247
###lsm 2661 247
###lsm 2661 248
###lsm 2659 248
###lsm 2659 249
###lsm 2657 249
###lsm 2657 250
###lsm 2655 250
###lsm 2655 251
###lsm 2653 251
###lsm 2653 252
###lsm 2651 252
###lsm 2649 252
###lsm 2649 253
###lsm 2647 253
###lsm 2647 254
###lsm 2645 254
###lsm 2645 255
###lsm 2643 255
###lsm 2643 256
###lsm 2641 256
###lsm 2641 257
###lsm 2639 257
###lsm 2639 258
###lsm 2637 258
###lsm 2637 259
###lsm 2635 259
###lsm 2635 260
###lsm 2633 260
###lsm 2633 261
###lsm 2631 261
###lsm 2631 262
###lsm 2629 262
###lsm 2629 263
###lsm 2627 263
###lsm 2627 264
###lsm 2625 264
###lsm 2625 265
###lsm 2623 265
###lsm 2623 266
###lsm 2621 266
###lsm 2621 267
###lsm 2619 267
###lsm 2619 268
###lsm 2617 268
###lsm 2617 269
###lsm 2615 269
###lsm 2615 270
###lsm 2613 270
###lsm 2613 271
###lsm 2611 271
###lsm 2611 230
###lsm 2609 230
###lsm 2609 231
###lsm 2607 231
###lsm 2605 231
###lsm 2605 232
###lsm 2603 232
###lsm 2603 233
###lsm 2601 233
###lsm 2601 234
###lsm 2599 234
###lsm 2599 235
###lsm 2597 235
###lsm 2597 236
###lsm 2595 236
###lsm 2595 237
###lsm 2593 237
###lsm 2593 238
###lsm 2591 238
###lsm 2591 239
###lsm 2589 239
###lsm 2589 240
###lsm 2587 240
###lsm 241 2587
###lsm 2673 2672
###lsm 2673 2674
###lsm 2675 2674
###lsm 2675 2676
###lsm 2677 2676
###lsm 2677 2678
###lsm 2679 2678
###lsm 2679 2680
###lsm 2681 2680
###lsm 2681 2682
###lsm 2683 2682
###lsm 2683 2684
###lsm 2685 2684
###lsm 2685 2686
###lsm 2687 2686
###lsm 2687 2688
###lsm 2689 2688
###lsm 2689 2690
###lsm 2691 2690
###lsm 2691 2692
###lsm 2693 2692
###lsm 2693 2694
###lsm 2695 2694
###lsm 2695 2696
###lsm 2697 2696
###lsm 2697 2698
###lsm 2699 2698
###lsm 2699 2700
###lsm 2701 2700
###lsm 2701 2702
###lsm 2703 2702
###lsm 2703 2704
###lsm 2705 2704
###lsm 2705 2706
###lsm 2707 2706
###lsm 2707 2708
###lsm 2709 2708
###lsm 2709 2710
###lsm 2711 2710
###lsm 2711 2712
###lsm 2713 2712
###lsm 2713 2714
###lsm 2715 2714
###lsm 2715 2716
###lsm 2717 2716
###lsm 2717 2718
###lsm 2719 2718
###lsm 2719 2720
###lsm 2721 2720
###lsm 2721 2722
###lsm 2723 2722
###lsm 2723 2724
###lsm 2725 2724
###lsm 2725 2726
###lsm 2727 2726
###lsm 2727 2728
###lsm 2729 2728
###lsm 2729 2730
###lsm 2731 2730
###lsm 2731 2732
###lsm 2733 2732
###lsm 2733 2734
###lsm 2735 2734
###lsm 2735 2736
###lsm 2737 2736
###lsm 2737 2738
###lsm 2739 2738
###lsm 2739 2740
###lsm 2741 2740
###lsm 2741 2742
###lsm 2743 2742
###lsm 2743 2744
###lsm 2745 2744
###lsm 2745 2746
###lsm 2747 2746
###lsm 2747 2748
###lsm 2749 2748
###lsm 2749 2750
###lsm 2751 2750
###lsm 2751 2752
###lsm 2753 2752
###lsm 2753 2754
###lsm 2755 2754
###lsm 2755 2756
###lsm 2757 2756
###lsm 2757 2758
###lsm 2671 2758
###lsm 2672 2671
###lsm 2673 377
###lsm 2673 378
###lsm 2671 378
###lsm 2671 379
###lsm 2757 379
###lsm 2757 380
###lsm 2755 380
###lsm 2755 381
###lsm 2753 381
###lsm 2753 382
###lsm 2751 382
###lsm 2751 383
###lsm 2749 383
###lsm 2749 384
###lsm 2747 384
###lsm 2747 385
###lsm 2745 385
###lsm 2745 386
###lsm 2743 386
###lsm 2743 387
###lsm 2741 387
###lsm 2741 388
###lsm 2739 388
###lsm 2737 388
###lsm 2737 389
###lsm 2735 389
###lsm 2735 390
###lsm 2733 390
###lsm 2733 391
###lsm 2731 391
###lsm 2731 392
###lsm 2729 392
###lsm 2729 393
###lsm 2727 393
###lsm 2727 394
###lsm 2725 394
###lsm 2725 395
###lsm 2723 395
###lsm 2723 396
###lsm 2721 396
###lsm 2721 397
###lsm 2719 397
###lsm 2719 398
###lsm 2717 398
###lsm 2717 399
###lsm 2715 399
###lsm 2715 400
###lsm 2713 400
###lsm 2713 401
###lsm 2711 401
###lsm 2711 402
###lsm 2709 402
###lsm 2709 403
###lsm 2707 403
###lsm 2707 404
###lsm 2705 404
###lsm 2705 405
###lsm 2703 405
###lsm 2703 406
###lsm 2701 406
###lsm 2701 407
###lsm 2699 407
###lsm 2699 366
###lsm 2697 366
###lsm 2697 367
###lsm 2695 367
###lsm 2693 367
###lsm 2693 368
###lsm 2691 368
###lsm 2691 369
###lsm 2689 369
###lsm 2689 370
###lsm 2687 370
###lsm 2687 371
###lsm 2685 371
###lsm 2685 372
###lsm 2683 372
###lsm 2683 373
###lsm 2681 373
###lsm 2681 374
###lsm 2679 374
###lsm 2679 375
###lsm 2677 375
###lsm 2677 376
###lsm 2675 376
###lsm 377 2675
###lsm 2761 2760
###lsm 2761 2762
###lsm 2763 2762
###lsm 2763 2764
###lsm 2763 2765
###lsm 2766 2765
###lsm 2766 2767
###lsm 2768 2767
###lsm 2768 2769
###lsm 2768 2770
###lsm 2771 2770
###lsm 2771 2772
###lsm 2771 2773
###lsm 2774 2773
###lsm 2774 2775
###lsm 2774 2776
###lsm 2777 2776
###lsm 2777 2778
###lsm 2777 2779
###lsm 2780 2779
###lsm 2780 2781
###lsm 2782 2781
###lsm 2782 2783
###lsm 2782 2784
###lsm 2785 2784
###lsm 2785 2786
###lsm 2785 2787
###lsm 2788 2787
###lsm 2788 2789
###lsm 2788 2790
###lsm 2791 2790
###lsm 2791 2792
###lsm 2793 2792
###lsm 2793 2794
###lsm 2793 2795
###lsm 2796 2795
###lsm 2796 2797
###lsm 2796 2798
###lsm 2799 2798
###lsm 2799 2800
###lsm 2799 2801
###lsm 2802 2801
###lsm 2802 2803
###lsm 2802 2804
###lsm 2805 2804
###lsm 2805 2806
###lsm 2807 2806
###lsm 2807 2808
###lsm 2807 2809
###lsm 2810 2809
###lsm 2810 2811
###lsm 2810 2812
###lsm 2813 2812
###lsm 2813 2814
###lsm 2813 2815
###lsm 2816 2815
###lsm 2816 2817
###lsm 2818 2817
###lsm 2818 2819
###lsm 2818 2820
###lsm 2821 2820
###lsm 2821 2822
###lsm 2821 2823
###lsm 2824 2823
###lsm 2824 2825
###lsm 2824 2826
###lsm 2827 2826
###lsm 2827 2828
###lsm 2827 2829
###lsm 2830 2829
###lsm 2830 2831
###lsm 2832 2831
###lsm 2832 2833
###lsm 2832 2834
###lsm 2835 2834
###lsm 2835 2836
###lsm 2835 2837
###lsm 2838 2837
###lsm 2838 2839
###lsm 2838 2840
###lsm 2841 2840
###lsm 2841 2842
###lsm 2843 2842
###lsm 2843 2844
###lsm 2843 2845
###lsm 2846 2845
###lsm 2846 2847
###lsm 2846 2848
###lsm 2849 2848
###lsm 2849 2850
###lsm 2849 2851
###lsm 2852 2851
###lsm 2852 2853
###lsm 2852 2854
###lsm 2855 2854
###lsm 2855 2856
###lsm 2857 2856
###lsm 2857 2858
###lsm 2857 2759
###lsm 2759 2761
###lsm 2860 2832
###lsm 2832 2835
###lsm 2860 2835
###lsm 2861 2835
###lsm 2835 2838
###lsm 2861 2838
###lsm 2862 2838
###lsm 2838 2841
###lsm 2862 2841
###lsm 2863 2841
###lsm 2841 2843
###lsm 2863 2843
###lsm 2843 2846
###lsm 2832 2859
###lsm 2830 2832
###lsm 2830 2859
###lsm 2830 2864
###lsm 2827 2830
###lsm 2827 2864
###lsm 2827 2865
###lsm 2824 2827
###lsm 2824 2865
###lsm 2824 2866
###lsm 2821 2824
###lsm 2821 2866
###lsm 2821 2867
###lsm 2818 2821
###lsm 2818 2867
###lsm 2818 2868
###lsm 2816 2818
###lsm 2816 2868
###lsm 2816 2869
###lsm 2813 2816
###lsm 2813 2869
###lsm 2813 2870
###lsm 2810 2813
###lsm 2810 2870
###lsm 2810 2871
###lsm 2807 2810
###lsm 2807 2871
###lsm 2807 2872
###lsm 2805 2807
###lsm 2805 2872
###lsm 2805 2873
###lsm 2802 2805
###lsm 2802 2873
###lsm 2802 2874
###lsm 2799 2802
###lsm 2799 2874
###lsm 2799 2875
###lsm 2799 2876
###lsm 2796 2799
###lsm 2796 2876
###lsm 2796 2877
###lsm 2793 2796
###lsm 2793 2877
###lsm 2791 2793
###lsm 2791 2877
###lsm 2791 2878
###lsm 2788 2791
###lsm 2788 2878
###lsm 2788 2879
###lsm 2785 2788
###lsm 2785 2879
###lsm 2785 2880
###lsm 2782 2785
###lsm 2782 2880
###lsm 2782 2881
###lsm 2780 2782
###lsm 2780 2881
###lsm 2780 2882
###lsm 2777 2780
###lsm 2777 2882
###lsm 2777 2883
###lsm 2774 2777
###lsm 2774 2883
###lsm 2774 2884
###lsm 2771 2774
###lsm 2771 2884
###lsm 2771 2885
###lsm 2768 2771
###lsm 2768 2885
###lsm 2768 2886
###lsm 2766 2768
###lsm 2766 2886
###lsm 2766 2887
###lsm 2763 2766
###lsm 2763 2887
###lsm 2763 2888
###lsm 2761 2763
###lsm 2761 2888
###lsm 2761 2889
###lsm 2857 2761
###lsm 2857 2889
###lsm 2857 2890
###lsm 2855 2857
###lsm 2855 2890
###lsm 2855 2891
###lsm 2852 2855
###lsm 2852 2891
###lsm 2852 2892
###lsm 2849 2852
###lsm 2849 2892
###lsm 2849 2893
###lsm 2849 2894
###lsm 2846 2849
###lsm 2846 2894
###lsm 2863 2846
###lsm 2897 2896
###lsm 2897 2898
###lsm 2899 2898
###lsm 2899 2900
###lsm 2899 2901
###lsm 2902 2901
###lsm 2902 2903
###lsm 2904 2903
###lsm 2904 2905
###lsm 2904 2906
###lsm 2907 2906
###lsm 2907 2908
###lsm 2907 2909
###lsm 2910 2909
###lsm 2910 2911
###lsm 2910 2912
###lsm 2913 2912
###lsm 2913 2914
###lsm 2913 2915
###lsm 2916 2915
###lsm 2916 2917
###lsm 2918 2917
###lsm 2918 2919
###lsm 2918 2920
###lsm 2921 2920
###lsm 2921 2922
###lsm 2921 2923
###lsm 2924 2923
###lsm 2924 2925
###lsm 2924 2926
###lsm 2927 2926
###lsm 2927 2928
###lsm 2929 2928
###lsm 2929 2930
###lsm 2929 2931
###lsm 2932 2931
###lsm 2932 2933
###lsm 2932 2934
###lsm 2935 2934
###lsm 2935 2936
###lsm 2935 2937
###lsm 2938 2937
###lsm 2938 2939
###lsm 2938 2940
###lsm 2941 2940
###lsm 2941 2942
###lsm 2943 2942
###lsm 2943 2944
###lsm 2943 2945
###lsm 2946 2945
###lsm 2946 2947
###lsm 2946 2948
###lsm 2949 2948
###lsm 2949 2950
###lsm 2949 2951
###lsm 2952 2951
###lsm 2952 2953
###lsm 2954 2953
###lsm 2954 2955
###lsm 2954 2956
###lsm 2957 2956
###lsm 2957 2958
###lsm 2957 2959
###lsm 2960 2959
###lsm 2960 2961
###lsm 2960 2962
###lsm 2963 2962
###lsm 2963 2964
###lsm 2963 2965
###lsm 2966 2965
###lsm 2966 2967
###lsm 2968 2967
###lsm 2968 2969
###lsm 2968 2970
###lsm 2971 2970
###lsm 2971 2972
###lsm 2971 2973
###lsm 2974 2973
###lsm 2974 2975
###lsm 2974 2976
###lsm 2977 2976
###lsm 2977 2978
###lsm 2979 2978
###lsm 2979 2980
###lsm 2979 2981
###lsm 2982 2981
###lsm 2982 2983
###lsm 2982 2984
###lsm 2985 2984
###lsm 2985 2986
###lsm 2985 2987
###lsm 2988 2987
###lsm 2988 2989
###lsm 2988 2990
###lsm 2991 2990
###lsm 2991 2992
###lsm 2993 2992
###lsm 2993 2994
###lsm 2993 2895
###lsm 2895 2897
###lsm 2996 2918
###lsm 2918 2921
###lsm 2996 2921
###lsm 2997 2921
###lsm 2921 2924
###lsm 2997 2924
###lsm 2998 2924
###lsm 2924 2927
###lsm 2998 2927
###lsm 2999 2927
###lsm 2927 2929
###lsm 2999 2929
###lsm 2929 2932
###lsm 2918 2995
###lsm 2916 2918
###lsm 2916 2995
###lsm 2916 3000
###lsm 2913 2916
###lsm 2913 3000
###lsm 2913 3001
###lsm 2910 2913
###lsm 2910 3001
###lsm 2910 3002
###lsm 2907 2910
###lsm 2907 3002
###lsm 2907 3003
###lsm 2904 2907
###lsm 2904 3003
###lsm 2904 3004
###lsm 2902 2904
###lsm 2902 3004
###lsm 2902 3005
###lsm 2899 2902
###lsm 2899 3005
###lsm 2899 3006
###lsm 2897 2899
###lsm 2897 3006
###lsm 2897 3007
###lsm 2993 2897
###lsm 2993 3007
###lsm 2993 3008
###lsm 2991 2993
###lsm 2991 3008
###lsm 2991 3009
###lsm 2988 2991
###lsm 2988 3009
###lsm 2988 3010
###lsm 2985 2988
###lsm 2985 3010
###lsm 2985 3011
###lsm 2985 3012
###lsm 2982 2985
###lsm 2982 3012
###lsm 2982 3013
###lsm 2979 2982
###lsm 2979 3013
###lsm 2977 2979
###lsm 2977 3013
###lsm 2977 3014
###lsm 2974 2977
###lsm 2974 3014
###lsm 2974 3015
###lsm 2971 2974
###lsm 2971 3015
###lsm 2971 3016
###lsm 2968 2971
###lsm 2968 3016
###lsm 2968 3017
###lsm 2966 2968
###lsm 2966 3017
###lsm 2966 3018
###lsm 2963 2966
###lsm 2963 3018
###lsm 2963 3019
###lsm 2960 2963
###lsm 2960 3019
###lsm 2960 3020
###lsm 2957 2960
###lsm 2957 3020
###lsm 2957 3021
###lsm 2954 2957
###lsm 2954 3021
###lsm 2954 3022
###lsm 2952 2954
###lsm 2952 3022
###lsm 2952 3023
###lsm 2949 2952
###lsm 2949 3023
###lsm 2949 3024
###lsm 2946 2949
###lsm 2946 3024
###lsm 2946 3025
###lsm 2943 2946
###lsm 2943 3025
###lsm 2943 3026
###lsm 2941 2943
###lsm 2941 3026
###lsm 2941 3027
###lsm 2938 2941
###lsm 2938 3027
###lsm 2938 3028
###lsm 2935 2938
###lsm 2935 3028
###lsm 2935 3029
###lsm 2935 3030
###lsm 2932 2935
###lsm 2932 3030
###lsm 2999 2932
###lsm 3033 3032
###lsm 3033 3034
###lsm 3035 3034
###lsm 3035 3036
###lsm 3037 3036
###lsm 3037 3038
###lsm 3039 3038
###lsm 3039 3040
###lsm 3041 3040
###lsm 3041 3042
###lsm 3043 3042
###lsm 3043 3044
###lsm 3043 2398
###lsm 3047 3046
###lsm 3047 3048
###lsm 3049 3048
###lsm 3049 3050
###lsm 3051 3050
###lsm 3051 3052
###lsm 3053 3052
###lsm 3053 3054
###lsm 3055 3054
###lsm 3055 3056
###lsm 3057 3056
###lsm 3061 3060
###lsm 3061 3062
###lsm 3063 3062
###lsm 3063 3064
###lsm 3065 3064
###lsm 3065 3066
###lsm 3067 3066
###lsm 3067 3068
###lsm 3069 3068
###lsm 3069 3070
###lsm 3071 3070
###lsm 3075 3074
###lsm 3075 3076
###lsm 3077 3076
###lsm 3077 3078
###lsm 3079 3078
###lsm 3079 3080
###lsm 3081 3080
###lsm 3081 3082
###lsm 3083 3082
###lsm 3083 3084
###lsm 3083 3085
###lsm 3083 3086
###lsm 3084 3089
###lsm 3084 3090
###lsm 3088 3093
###lsm 3088 3094
###lsm 3092 3096
###lsm 3092 3097
###lsm 3092 3098
###lsm 3092 3099
###lsm 3092 3100
###lsm 3092 3101
###lsm 3092 3102
###lsm 3092 3103
###lsm 3093 3092
###lsm 3092 3104
###lsm 3088 3095
###lsm 3088 3105
###lsm 3088 3106
###lsm 3088 3107
###lsm 3088 3108
###lsm 3088 3109
###lsm 3089 3088
###lsm 3088 3110
###lsm 3084 3091
###lsm 3084 3111
###lsm 3084 3112
###lsm 3084 3113
###lsm 3084 3114
###lsm 3084 3115
###lsm 3085 3084
###lsm 3084 3116
###lsm 3083 3087
###lsm 3083 3117
###lsm 3083 3118
###lsm 3083 3119
###lsm 3083 3120
###lsm 3083 3121
###lsm 3096 3083
###lsm 3083 3122
###lsm 3032 3031
###lsm 3045 3031
###lsm 3046 3045
###lsm 3060 3059
###lsm 3073 3059
###lsm 3074 3073
###lsm 3125 3124
###lsm 3125 3126
###lsm 3127 3126
###lsm 3127 3128
###lsm 3129 3128
###lsm 3129 3130
###lsm 3131 3130
###lsm 3131 3132
###lsm 3133 3132
###lsm 3133 3134
###lsm 3135 3134
###lsm 3135 3136
###lsm 3137 3136
###lsm 3137 3138
###lsm 3139 3138
###lsm 3139 3140
###lsm 3141 3140
###lsm 3141 3142
###lsm 3143 3142
###lsm 3143 3144
###lsm 3145 3144
###lsm 3145 3146
###lsm 3147 3146
###lsm 3147 3148
###lsm 3149 3148
###lsm 3149 3150
###lsm 3151 3150
###lsm 3151 3152
###lsm 3153 3152
###lsm 3153 3154
###lsm 3155 3154
###lsm 3155 3156
###lsm 3157 3156
###lsm 3157 3158
###lsm 3159 3158
###lsm 3159 3160
###lsm 3161 3160
###lsm 3161 3162
###lsm 3163 3162
###lsm 3163 3164
###lsm 3165 3164
###lsm 3165 3166
###lsm 3167 3166
###lsm 3167 3168
###lsm 3169 3168
###lsm 3169 3170
###lsm 2811 3170
###lsm 2812 3170
###lsm 2812 3107
###lsm 3124 3123
###lsm 3171 3123
###lsm 3171 3172
###lsm 3173 3172
###lsm 3173 3174
###lsm 3175 3174
###lsm 3175 3176
###lsm 2760 3176
###lsm 2762 3176
###lsm 2762 3177
###lsm 2764 3177
###lsm 2765 3177
###lsm 2767 3177
###lsm 2769 3177
###lsm 2770 3177
###lsm 2770 3178
###lsm 2772 3178
###lsm 2773 3178
###lsm 2775 3178
###lsm 2776 3178
###lsm 2776 3179
###lsm 2778 3179
###lsm 2779 3179
###lsm 2779 3180
###lsm 2781 3180
###lsm 2783 3180
###lsm 2784 3180
###lsm 2784 3181
###lsm 2786 3181
###lsm 2787 3181
###lsm 2787 3182
###lsm 2789 3182
###lsm 2790 3182
###lsm 2792 3182
###lsm 2792 3183
###lsm 2794 3183
###lsm 2795 3183
###lsm 2797 3183
###lsm 2797 3184
###lsm 2798 3184
###lsm 2800 3184
###lsm 2801 3184
###lsm 2801 3185
###lsm 2803 3185
###lsm 2804 3185
###lsm 2806 3185
###lsm 2808 3185
###lsm 2809 3185
###lsm 2811 3185
###lsm 3169 2811
###lsm 3096 3128
###lsm 3128 3126
###lsm 3096 3126
###lsm 3097 3126
###lsm 3126 3124
###lsm 3097 3124
###lsm 3098 3124
###lsm 3124 3171
###lsm 3098 3171
###lsm 3099 3171
###lsm 3171 3173
###lsm 3099 3173
###lsm 3100 3173
###lsm 3173 3175
###lsm 3100 3175
###lsm 2759 3175
###lsm 3175 2760
###lsm 3128 3122
###lsm 3130 3128
###lsm 3130 3122
###lsm 3130 3121
###lsm 3132 3130
###lsm 3132 3121
###lsm 3132 3120
###lsm 3134 3132
###lsm 3134 3120
###lsm 3134 3119
###lsm 3136 3134
###lsm 3136 3119
###lsm 3136 3118
###lsm 3138 3136
###lsm 3138 3118
###lsm 3138 3117
###lsm 3140 3138
###lsm 3140 3117
###lsm 3140 3087
###lsm 3142 3140
###lsm 3142 3087
###lsm 3142 3086
###lsm 3144 3142
###lsm 3144 3086
###lsm 3144 3085
###lsm 3146 3144
###lsm 3146 3085
###lsm 3146 3116
###lsm 3148 3146
###lsm 3148 3116
###lsm 3148 3115
###lsm 3150 3148
###lsm 3150 3115
###lsm 3150 3114
###lsm 3152 3150
###lsm 3152 3114
###lsm 3152 3113
###lsm 3154 3152
###lsm 3154 3113
###lsm 3154 3112
###lsm 3156 3154
###lsm 3156 3112
###lsm 3156 3111
###lsm 3158 3156
###lsm 3158 3111
###lsm 3158 3091
###lsm 3160 3158
###lsm 3160 3091
###lsm 3160 3090
###lsm 3162 3160
###lsm 3162 3090
###lsm 3162 3089
###lsm 3164 3162
###lsm 3164 3089
###lsm 3164 3110
###lsm 3166 3164
###lsm 3166 3110
###lsm 3166 3109
###lsm 3168 3166
###lsm 3168 3109
###lsm 3168 3108
###lsm 3170 3168
###lsm 3170 3108
###lsm 3107 3170
###lsm 3106 2820
###lsm 3106 3186
###lsm 2815 3186
###lsm 2817 3186
###lsm 2819 3186
###lsm 3186 2820
###lsm 3105 2825
###lsm 3105 2823
###lsm 3095 2829
###lsm 3095 2828
###lsm 3094 2834
###lsm 3094 2833
###lsm 3093 2837
###lsm 3093 2836
###lsm 2834 3093
###lsm 3104 2842
###lsm 3104 2840
###lsm 3103 2845
###lsm 3103 2844
###lsm 2842 3103
###lsm 3102 2851
###lsm 3102 2850
###lsm 3100 2759
###lsm 3101 2759
###lsm 3101 2858
###lsm 3101 2856
###lsm 3187 2856
###lsm 3187 2854
###lsm 3187 2853
###lsm 3187 2851
###lsm 2851 3101
###lsm 3101 3187
###lsm 3102 2848
###lsm 3102 2847
###lsm 2845 3102
###lsm 2837 3104
###lsm 3104 2839
###lsm 2829 3094
###lsm 3094 2831
###lsm 2825 3095
###lsm 3095 2826
###lsm 2820 3105
###lsm 3105 2822
###lsm 3106 2815
###lsm 3106 2814
###lsm 2812 3106
###lsm 3125 3159
###lsm 3125 3161
###lsm 3123 3161
###lsm 3123 3163
###lsm 3172 3163
###lsm 3172 3165
###lsm 3174 3165
###lsm 3174 3167
###lsm 3176 3167
###lsm 3176 3169
###lsm 3177 3169
###lsm 3177 3185
###lsm 3178 3185
###lsm 3178 3184
###lsm 3179 3184
###lsm 3179 3183
###lsm 3180 3183
###lsm 3180 3182
###lsm 3159 3127
###lsm 3157 3127
###lsm 3157 3129
###lsm 3155 3129
###lsm 3155 3131
###lsm 3153 3131
###lsm 3153 3133
###lsm 3151 3133
###lsm 3151 3135
###lsm 3149 3135
###lsm 3149 3137
###lsm 3147 3137
###lsm 3147 3139
###lsm 3145 3139
###lsm 3145 3141
###lsm 3190 3189
###lsm 3190 3191
###lsm 3192 3191
###lsm 3192 3193
###lsm 3194 3193
###lsm 3194 3195
###lsm 3196 3195
###lsm 3196 3197
###lsm 3198 3197
###lsm 3198 3199
###lsm 3200 3199
###lsm 3200 3201
###lsm 3202 3201
###lsm 3202 3203
###lsm 3204 3203
###lsm 3204 3205
###lsm 3206 3205
###lsm 3206 3207
###lsm 2397 3207
###lsm 2395 2397
###lsm 2395 3208
###lsm 2395 3209
###lsm 3208 3207
###lsm 3208 3205
###lsm 3208 3203
###lsm 3208 3201
###lsm 3208 3199
###lsm 3208 3197
###lsm 3208 3195
###lsm 3208 3193
###lsm 3208 3191
###lsm 3189 3212
###lsm 3189 3213
###lsm 3211 3216
###lsm 3211 3217
###lsm 3216 3215
###lsm 3216 3219
###lsm 3216 3220
###lsm 3216 3221
###lsm 3216 3222
###lsm 3216 3223
###lsm 3216 3224
###lsm 3216 3225
###lsm 3216 3226
###lsm 3227 3229
###lsm 3227 3230
###lsm 3228 3232
###lsm 3228 3233
###lsm 2396 3235
###lsm 2396 3236
###lsm 3227 3231
###lsm 3227 3238
###lsm 3227 3239
###lsm 3216 3227
###lsm 3227 3240
###lsm 3211 3218
###lsm 3211 3241
###lsm 3212 3211
###lsm 3189 3214
###lsm 3189 3242
###lsm 3208 3189
###lsm 2395 3210
###lsm 2395 3243
###lsm 2395 3244
###lsm 3235 2395
###lsm 2395 3245
###lsm 2396 3237
###lsm 2396 3246
###lsm 2396 3247
###lsm 2396 3248
###lsm 2396 3249
###lsm 2396 3250
###lsm 3232 2396
###lsm 3228 3234
###lsm 3228 3251
###lsm 3228 3252
###lsm 3228 3253
###lsm 3228 3254
###lsm 3228 3255
###lsm 3229 3228
###lsm 3257 3227
###lsm 3257 3226
###lsm 3258 3226
###lsm 3258 3225
###lsm 3259 3225
###lsm 3259 3224
###lsm 3260 3224
###lsm 3260 3223
###lsm 3261 3223
###lsm 3261 3222
###lsm 3262 3222
###lsm 3262 3221
###lsm 3263 3221
###lsm 3263 3220
###lsm 3264 3220
###lsm 3264 3219
###lsm 3265 3219
###lsm 3265 3215
###lsm 3266 3215
###lsm 3227 3256
###lsm 3228 3256
###lsm 3228 3267
###lsm 3044 3267
###lsm 3044 2718
###lsm 3044 2716
###lsm 3042 2644
###lsm 3042 2484
###lsm 3040 3067
###lsm 3040 3269
###lsm 2646 3269
###lsm 2648 3269
###lsm 2650 3269
###lsm 2652 3269
###lsm 2654 3269
###lsm 2656 3269
###lsm 2658 3269
###lsm 2660 3269
###lsm 2662 3269
###lsm 2664 3269
###lsm 2666 3269
###lsm 2668 3269
###lsm 2670 3269
###lsm 2584 3269
###lsm 2586 3269
###lsm 2586 3228
###lsm 2498 3228
###lsm 2500 3228
###lsm 2502 3228
###lsm 2504 3228
###lsm 2506 3228
###lsm 2508 3228
###lsm 2510 3228
###lsm 2512 3228
###lsm 2514 3228
###lsm 2516 3228
###lsm 2518 3228
###lsm 2520 3228
###lsm 2522 3228
###lsm 2524 3228
###lsm 2526 3228
###lsm 2528 3228
###lsm 3228 3044
###lsm 2528 3044
###lsm 2688 3044
###lsm 2690 3044
###lsm 2692 3044
###lsm 2694 3044
###lsm 2696 3044
###lsm 2698 3044
###lsm 2700 3044
###lsm 2702 3044
###lsm 2704 3044
###lsm 2706 3044
###lsm 2708 3044
###lsm 2710 3044
###lsm 2712 3044
###lsm 3044 2714
###lsm 3067 3038
###lsm 3065 3038
###lsm 3065 3036
###lsm 3063 3036
###lsm 3063 3034
###lsm 3061 3034
###lsm 3059 3034
###lsm 3059 3032
###lsm 3074 3032
###lsm 3074 3045
###lsm 3076 3045
###lsm 3076 3047
###lsm 3078 3047
###lsm 3078 3049
###lsm 3080 3049
###lsm 3080 3051
###lsm 3082 3051
###lsm 3082 3053
###lsm 3084 3053
###lsm 3084 3055
###lsm 3057 3088
###lsm 3084 3057
###lsm 3269 3067
###lsm 3269 3069
###lsm 2410 2632
###lsm 2410 2630
###lsm 2412 2630
###lsm 2412 2628
###lsm 2414 2628
###lsm 2414 2626
###lsm 2416 2626
###lsm 2416 2624
###lsm 2418 2624
###lsm 2418 2622
###lsm 2420 2622
###lsm 2420 2620
###lsm 2752 2620
###lsm 2752 2552
###lsm 2754 2552
###lsm 2754 2550
###lsm 2756 2550
###lsm 2756 2548
###lsm 2758 2548
###lsm 2758 2546
###lsm 2672 2546
###lsm 2672 2544
###lsm 2674 2544
###lsm 2674 2542
###lsm 2676 2542
###lsm 2676 2540
###lsm 2678 2540
###lsm 2678 2538
###lsm 2680 2538
###lsm 2680 2536
###lsm 2682 2536
###lsm 2682 2534
###lsm 2684 2534
###lsm 2684 2532
###lsm 2686 2532
###lsm 2686 2530
###lsm 2688 2530
###lsm 2528 2688
###lsm 2632 2408
###lsm 2634 2408
###lsm 2634 2494
###lsm 2636 2494
###lsm 2636 2492
###lsm 2638 2492
###lsm 2638 2490
###lsm 2640 2490
###lsm 2640 2488
###lsm 2642 2488
###lsm 2642 2486
###lsm 2644 2486
###lsm 2484 2644
###lsm 3042 2482
###lsm 3042 2480
###lsm 3042 2478
###lsm 3042 2476
###lsm 3042 2474
###lsm 3042 2472
###lsm 3042 2470
###lsm 3042 2468
###lsm 3042 2466
###lsm 3042 2464
###lsm 3042 2462
###lsm 3042 2460
###lsm 3042 2458
###lsm 3042 2456
###lsm 3042 2454
###lsm 3042 2452
###lsm 2720 2452
###lsm 2720 2450
###lsm 2722 2450
###lsm 2722 2448
###lsm 2724 2448
###lsm 2724 2446
###lsm 2726 2446
###lsm 2726 2444
###lsm 2728 2444
###lsm 2728 2442
###lsm 2730 2442
###lsm 2730 2440
###lsm 2732 2440
###lsm 2732 2438
###lsm 2734 2438
###lsm 2734 2436
###lsm 2736 2436
###lsm 2736 2434
###lsm 2738 2434
###lsm 2738 2432
###lsm 2740 2432
###lsm 2742 2432
###lsm 2742 2430
###lsm 2744 2430
###lsm 2744 2428
###lsm 2746 2428
###lsm 2746 2426
###lsm 2748 2426
###lsm 2748 2424
###lsm 2750 2424
###lsm 2750 2422
###lsm 2586 2498
###lsm 2586 2496
###lsm 2588 2496
###lsm 2590 2496
###lsm 2590 2582
###lsm 2592 2582
###lsm 2592 2580
###lsm 2594 2580
###lsm 2594 2578
###lsm 2596 2578
###lsm 2596 2576
###lsm 2598 2576
###lsm 2598 2574
###lsm 2600 2574
###lsm 2600 2572
###lsm 2602 2572
###lsm 2602 2570
###lsm 2604 2570
###lsm 2604 2568
###lsm 2606 2568
###lsm 2606 2566
###lsm 2608 2566
###lsm 2608 2564
###lsm 2608 2562
###lsm 2610 2562
###lsm 2610 2560
###lsm 2612 2560
###lsm 2612 2558
###lsm 2614 2558
###lsm 2614 2556
###lsm 2616 2556
###lsm 2616 2554
###lsm 2618 2554
###lsm 2618 2552
###lsm 2552 2620
###lsm 2644 3040
###lsm 3040 2646
###lsm 2750 2420
###lsm 2420 2752
###lsm 2718 3042
###lsm 3042 2720
###lsm 3188 3271
###lsm 3188 3272
###lsm 3271 3190
###lsm 3271 3192
###lsm 3271 3194
###lsm 3274 3194
###lsm 3274 3196
###lsm 2397 3196
###lsm 2397 3198
###lsm 2397 3200
###lsm 2397 3202
###lsm 2397 3204
###lsm 3274 2397
###lsm 3275 2397
###lsm 3275 2399
###lsm 3276 2399
###lsm 3277 2399
###lsm 3277 3278
###lsm 2399 3281
###lsm 2399 3282
###lsm 2399 3283
###lsm 2399 3284
###lsm 3278 2399
###lsm 3277 3279
###lsm 3285 3279
###lsm 3285 3286
###lsm 3285 3287
###lsm 3285 3288
###lsm 3289 3288
###lsm 3290 3288
###lsm 3291 3288
###lsm 3292 3288
###lsm 3293 3288
###lsm 3294 3288
###lsm 3295 3288
###lsm 3296 3288
###lsm 3297 3288
###lsm 3297 3298
###lsm 3299 3298
###lsm 3300 3298
###lsm 3300 3301
###lsm 3302 3301
###lsm 3303 3301
###lsm 3304 3301
###lsm 3305 3301
###lsm 3306 3301
###lsm 3307 3301
###lsm 3308 3301
###lsm 3308 3309
###lsm 3308 3310
###lsm 3311 3310
###lsm 3311 3312
###lsm 3267 3312
###lsm 3267 3313
###lsm 3267 3314
###lsm 3267 3315
###lsm 3267 3316
###lsm 3267 3318
###lsm 3267 3319
###lsm 3311 3267
###lsm 3256 3258
###lsm 3256 3259
###lsm 3256 3260
###lsm 3256 3261
###lsm 3256 3262
###lsm 3320 3262
###lsm 3320 3263
###lsm 3321 3263
###lsm 3321 3264
###lsm 3321 3265
###lsm 3321 3266
###lsm 3322 3266
###lsm 3323 3266
###lsm 3324 3266
###lsm 3325 3266
###lsm 3326 3266
###lsm 3327 3266
###lsm 3328 3266
###lsm 3329 3266
###lsm 3330 3266
###lsm 3330 3188
###lsm 3331 3188
###lsm 3332 3188
###lsm 3333 3188
###lsm 3334 3188
###lsm 3335 3188
###lsm 3336 3188
###lsm 3188 3273
###lsm 3275 3276
###lsm 3275 3337
###lsm 3338 3337
###lsm 3338 3339
###lsm 3340 3339
###lsm 3341 3339
###lsm 3341 3342
###lsm 3343 3342
###lsm 3343 3344
###lsm 3345 3344
###lsm 3345 3346
###lsm 3347 3346
###lsm 3347 3348
###lsm 3349 3348
###lsm 3349 3350
###lsm 3349 3351
###lsm 3352 3351
###lsm 3352 3353
###lsm 3354 3353
###lsm 3354 3355
###lsm 3356 3355
###lsm 3356 3357
###lsm 3358 3357
###lsm 3358 3359
###lsm 3360 3359
###lsm 3361 3359
###lsm 3361 3362
###lsm 3318 3362
###lsm 3319 3318
###lsm 3318 3256
###lsm 3256 3320
###lsm 2399 2400
###lsm 3280 2400
###lsm 3280 3363
###lsm 3281 3363
###lsm 3281 3364
###lsm 3282 3364
###lsm 3282 3365
###lsm 3283 3365
###lsm 3283 3366
###lsm 3284 3366
###lsm 3284 3367
###lsm 3278 3367
###lsm 3278 3368
###lsm 3279 3368
###lsm 3279 3369
###lsm 3286 3369
###lsm 3286 3370
###lsm 3287 3370
###lsm 3287 3371
###lsm 3288 3371
###lsm 3288 3372
###lsm 3288 3373
###lsm 3372 3374
###lsm 3372 3375
###lsm 3374 3371
###lsm 3374 3370
###lsm 3374 3369
###lsm 3374 3368
###lsm 3374 3367
###lsm 3374 3366
###lsm 3374 3365
###lsm 3374 3364
###lsm 3374 3363
###lsm 2400 3377
###lsm 2400 3378
###lsm 2398 3380
###lsm 2398 3381
###lsm 3044 3383
###lsm 3044 3384
###lsm 3268 3387
###lsm 3268 3388
###lsm 3387 3386
###lsm 3387 3390
###lsm 3387 3391
###lsm 3387 3392
###lsm 3387 3393
###lsm 3387 3394
###lsm 3387 3395
###lsm 3387 3396
###lsm 3387 3397
###lsm 3373 3398
###lsm 3373 3399
###lsm 3268 3402
###lsm 3383 3268
###lsm 3044 3385
###lsm 3044 3403
###lsm 3044 3404
###lsm 3044 3405
###lsm 3044 3406
###lsm 3044 3407
###lsm 3380 3044
###lsm 2398 3382
###lsm 2398 3408
###lsm 2398 3409
###lsm 2398 3410
###lsm 2398 3411
###lsm 2398 3412
###lsm 3377 2398
###lsm 2400 3379
###lsm 2400 3413
###lsm 2400 3414
###lsm 3374 2400
###lsm 2400 3415
###lsm 3372 3376
###lsm 3372 3416
###lsm 3398 3372
###lsm 3373 3400
###lsm 3373 3417
###lsm 3387 3373
###lsm 3268 3389
###lsm 3268 3418
###lsm 3401 3268
###lsm 3268 3267
###lsm 3386 3267
###lsm 3386 3317
###lsm 3390 3317
###lsm 3390 3316
###lsm 3391 3316
###lsm 3391 3315
###lsm 3392 3315
###lsm 3392 3314
###lsm 3393 3314
###lsm 3393 3313
###lsm 3394 3313
###lsm 3394 3312
###lsm 3395 3312
###lsm 3395 3310
###lsm 3396 3310
###lsm 3396 3309
###lsm 3397 3309
###lsm 3397 3301
###lsm 3373 3301
###lsm 3298 3373
###lsm 3421 3420
###lsm 3421 3422
###lsm 3423 3422
###lsm 3423 3424
###lsm 3425 3424
###lsm 3425 3426
###lsm 3427 3426
###lsm 3427 3428
###lsm 3429 3428
###lsm 3429 3430
###lsm 2947 3430
###lsm 2948 3430
###lsm 2948 3431
###lsm 3420 3419
###lsm 3433 3419
###lsm 3433 3434
###lsm 3435 3434
###lsm 3435 3436
###lsm 3437 3436
###lsm 3437 3438
###lsm 3439 3438
###lsm 3439 3440
###lsm 3441 3440
###lsm 3441 3442
###lsm 3443 3442
###lsm 3443 3444
###lsm 3445 3444
###lsm 3445 3446
###lsm 3447 3446
###lsm 3447 3448
###lsm 3449 3448
###lsm 3449 3450
###lsm 3451 3450
###lsm 3451 3452
###lsm 3453 3452
###lsm 3453 3454
###lsm 3455 3454
###lsm 3455 3456
###lsm 3457 3456
###lsm 3457 3458
###lsm 3459 3458
###lsm 3459 3460
###lsm 3461 3460
###lsm 3461 3462
###lsm 3463 3462
###lsm 3463 3464
###lsm 3465 3464
###lsm 3465 3466
###lsm 3467 3466
###lsm 3467 3468
###lsm 3469 3468
###lsm 3469 3470
###lsm 3471 3470
###lsm 3471 3472
###lsm 3473 3472
###lsm 3473 3474
###lsm 2896 3474
###lsm 2898 3474
###lsm 2898 3475
###lsm 2900 3475
###lsm 2901 3475
###lsm 2903 3475
###lsm 2905 3475
###lsm 2906 3475
###lsm 2906 3476
###lsm 2908 3476
###lsm 2909 3476
###lsm 2911 3476
###lsm 2912 3476
###lsm 2912 3477
###lsm 2914 3477
###lsm 2915 3477
###lsm 2915 3478
###lsm 2917 3478
###lsm 2919 3478
###lsm 2920 3478
###lsm 2920 3479
###lsm 2922 3479
###lsm 2923 3479
###lsm 2923 3480
###lsm 2925 3480
###lsm 2926 3480
###lsm 2928 3480
###lsm 2928 3481
###lsm 2930 3481
###lsm 2931 3481
###lsm 2933 3481
###lsm 2933 3482
###lsm 2934 3482
###lsm 2936 3482
###lsm 2937 3482
###lsm 2937 3483
###lsm 2939 3483
###lsm 2940 3483
###lsm 2942 3483
###lsm 2944 3483
###lsm 2945 3483
###lsm 2947 3483
###lsm 3429 2947
###lsm 3485 3424
###lsm 3424 3422
###lsm 3485 3422
###lsm 3486 3422
###lsm 3422 3420
###lsm 3486 3420
###lsm 3487 3420
###lsm 3420 3433
###lsm 3487 3433
###lsm 3488 3433
###lsm 3433 3435
###lsm 3488 3435
###lsm 3489 3435
###lsm 3435 3437
###lsm 3489 3437
###lsm 3490 3437
###lsm 3437 3439
###lsm 3490 3439
###lsm 3491 3439
###lsm 3439 3441
###lsm 3491 3441
###lsm 3492 3441
###lsm 3441 3443
###lsm 3492 3443
###lsm 3493 3443
###lsm 3443 3445
###lsm 3493 3445
###lsm 3494 3445
###lsm 3445 3447
###lsm 3494 3447
###lsm 3495 3447
###lsm 3447 3449
###lsm 3495 3449
###lsm 3496 3449
###lsm 3449 3451
###lsm 3496 3451
###lsm 3497 3451
###lsm 3451 3453
###lsm 3497 3453
###lsm 3498 3453
###lsm 3453 3455
###lsm 3498 3455
###lsm 3499 3455
###lsm 3455 3457
###lsm 3499 3457
###lsm 3500 3457
###lsm 3457 3459
###lsm 3500 3459
###lsm 3501 3459
###lsm 3459 3461
###lsm 3501 3461
###lsm 3502 3461
###lsm 3461 3463
###lsm 3502 3463
###lsm 3503 3463
###lsm 3463 3465
###lsm 3503 3465
###lsm 3504 3465
###lsm 3465 3467
###lsm 3504 3467
###lsm 3505 3467
###lsm 3467 3469
###lsm 3505 3469
###lsm 3506 3469
###lsm 3469 3471
###lsm 3506 3471
###lsm 3507 3471
###lsm 3471 3473
###lsm 3507 3473
###lsm 2895 3473
###lsm 3473 2896
###lsm 3424 3484
###lsm 3426 3424
###lsm 3426 3484
###lsm 3426 3508
###lsm 3428 3426
###lsm 3428 3508
###lsm 3428 3509
###lsm 3430 3428
###lsm 3430 3509
###lsm 3431 3430
###lsm 3432 2956
###lsm 3432 3511
###lsm 2951 3511
###lsm 2953 3511
###lsm 2955 3511
###lsm 3511 2956
###lsm 3510 2961
###lsm 3510 2959
###lsm 3512 2965
###lsm 3512 2964
###lsm 3513 2970
###lsm 3513 2969
###lsm 3514 2973
###lsm 3514 2972
###lsm 2970 3514
###lsm 3515 2978
###lsm 3515 2976
###lsm 3516 2981
###lsm 3516 2980
###lsm 2978 3516
###lsm 3517 2987
###lsm 3517 2986
###lsm 3507 2895
###lsm 3518 2895
###lsm 3518 2994
###lsm 3518 2992
###lsm 3519 2992
###lsm 3519 2990
###lsm 3519 2989
###lsm 3519 2987
###lsm 2987 3518
###lsm 3518 3519
###lsm 3517 2984
###lsm 3517 2983
###lsm 2981 3517
###lsm 2973 3515
###lsm 3515 2975
###lsm 2965 3513
###lsm 3513 2967
###lsm 2961 3512
###lsm 3512 2962
###lsm 2956 3510
###lsm 3510 2958
###lsm 3432 2951
###lsm 3432 2950
###lsm 2948 3432
###lsm 3421 3468
###lsm 3421 3466
###lsm 3419 3466
###lsm 3419 3464
###lsm 3434 3464
###lsm 3434 3462
###lsm 3436 3462
###lsm 3436 3460
###lsm 3438 3460
###lsm 3438 3458
###lsm 3440 3458
###lsm 3440 3456
###lsm 3442 3456
###lsm 3442 3454
###lsm 3444 3454
###lsm 3444 3452
###lsm 3446 3452
###lsm 3446 3450
###lsm 3468 3423
###lsm 3470 3423
###lsm 3470 3425
###lsm 3472 3425
###lsm 3472 3427
###lsm 3474 3427
###lsm 3474 3429
###lsm 3475 3429
###lsm 3475 3483
###lsm 3476 3483
###lsm 3476 3482
###lsm 3477 3482
###lsm 3477 3481
###lsm 3478 3481
###lsm 3478 3480
###lsm 3520 2404
###lsm 3520 3037
###lsm 3520 3039
###lsm 3521 3070
###lsm 3521 3068
###lsm 3521 3066
###lsm 3521 3064
###lsm 3521 3062
###lsm 3033 3062
###lsm 3031 3062
###lsm 3031 3060
###lsm 3046 3060
###lsm 3046 3073
###lsm 3048 3073
###lsm 3048 3075
###lsm 3050 3075
###lsm 3050 3077
###lsm 3052 3077
###lsm 3052 3079
###lsm 3054 3079
###lsm 3054 3081
###lsm 3056 3081
###lsm 3056 3083
###lsm 3058 3083
###lsm 3522 3083
###lsm 3521 3033
###lsm 3521 3035
###lsm 3037 3521
###lsm 3520 3041
###lsm 3522 2889
###lsm 3522 2888
###lsm 3092 2860
###lsm 3092 2861
###lsm 3088 2871
###lsm 3088 2870
###lsm 3270 2880
###lsm 3270 2879
###lsm 3092 2862
###lsm 3092 2863
###lsm 3092 2894
###lsm 3092 2893
###lsm 3092 2892
###lsm 3092 2891
###lsm 2889 3092
###lsm 3092 2890
###lsm 3522 2887
###lsm 3522 2886
###lsm 3522 2885
###lsm 3522 2884
###lsm 3522 2883
###lsm 3522 2882
###lsm 2880 3522
###lsm 3522 2881
###lsm 3270 2878
###lsm 3270 2877
###lsm 3270 2876
###lsm 3270 2875
###lsm 3270 2874
###lsm 3270 2873
###lsm 2871 3270
###lsm 3270 2872
###lsm 3088 2869
###lsm 3088 2868
###lsm 3088 2867
###lsm 3088 2866
###lsm 3088 2865
###lsm 3088 2864
###lsm 2860 3088
###lsm 3088 2859
###lsm 3072 3485
###lsm 3072 3486
###lsm 3521 3514
###lsm 3521 3513
###lsm 3269 3503
###lsm 3269 3504
###lsm 3071 3494
###lsm 3071 3495
###lsm 3072 3487
###lsm 3072 3488
###lsm 3072 3489
###lsm 3072 3490
###lsm 3072 3491
###lsm 3072 3492
###lsm 3494 3072
###lsm 3072 3493
###lsm 3071 3496
###lsm 3071 3497
###lsm 3071 3498
###lsm 3071 3499
###lsm 3071 3500
###lsm 3071 3501
###lsm 3503 3071
###lsm 3071 3502
###lsm 3269 3505
###lsm 3269 3506
###lsm 3269 3507
###lsm 3269 3518
###lsm 3269 3517
###lsm 3269 3516
###lsm 3514 3269
###lsm 3269 3515
###lsm 3521 3512
###lsm 3521 3510
###lsm 3521 3432
###lsm 3521 3431
###lsm 3521 3509
###lsm 3521 3508
###lsm 3485 3521
###lsm 3521 3484
###lsm 3520 2396
###lsm 3520 3228
###lsm 3002 3228
###lsm 3003 3228
###lsm 3004 3228
###lsm 3005 3228
###lsm 3006 3228
###lsm 3006 3269
###lsm 3007 3269
###lsm 3008 3269
###lsm 3009 3269
###lsm 3010 3269
###lsm 3011 3269
###lsm 3012 3269
###lsm 3013 3269
###lsm 3014 3269
###lsm 3015 3269
###lsm 3016 3269
###lsm 3016 3521
###lsm 3017 3521
###lsm 3018 3521
###lsm 3019 3521
###lsm 3020 3521
###lsm 3021 3521
###lsm 3022 3521
###lsm 3023 3521
###lsm 3024 3521
###lsm 3025 3521
###lsm 3025 3520
###lsm 3026 3520
###lsm 3027 3520
###lsm 3028 3520
###lsm 3029 3520
###lsm 3030 3520
###lsm 2999 3520
###lsm 2998 3520
###lsm 2997 3520
###lsm 2996 3520
###lsm 2995 3520
###lsm 3000 3520
###lsm 3001 3520
###lsm 3520 3002
###lsm 3058 3270
###lsm 3402 3523
###lsm 3402 3524
###lsm 3383 3524
###lsm 3383 3525
###lsm 3384 3525
###lsm 3384 3526
###lsm 3385 3526
###lsm 3385 3527
###lsm 3403 3527
###lsm 3403 3528
###lsm 3404 3528
###lsm 3404 3529
###lsm 3405 3529
###lsm 3405 3530
###lsm 3406 3530
###lsm 3406 3531
###lsm 3407 3531
###lsm 3407 3532
###lsm 3380 3532
###lsm 3380 3533
###lsm 3381 3533
###lsm 3381 3534
###lsm 3382 3534
###lsm 3382 3535
###lsm 3408 3535
###lsm 3408 3536
###lsm 3409 3536
###lsm 3409 3537
###lsm 3410 3537
###lsm 3410 3538
###lsm 3411 3538
###lsm 3411 3539
###lsm 3412 3539
###lsm 3412 3540
###lsm 3377 3540
###lsm 3377 3541
###lsm 3378 3541
###lsm 3378 3542
###lsm 3379 3542
###lsm 3379 3543
###lsm 3413 3543
###lsm 3413 3544
###lsm 3414 3544
###lsm 3414 3545
###lsm 3415 3545
###lsm 3415 3546
###lsm 3374 3546
###lsm 3374 3547
###lsm 3375 3547
###lsm 3375 3548
###lsm 3376 3548
###lsm 3376 3549
###lsm 3416 3549
###lsm 3416 3550
###lsm 3398 3550
###lsm 3398 3551
###lsm 3399 3551
###lsm 3399 3552
###lsm 3400 3552
###lsm 3400 3553
###lsm 3417 3553
###lsm 3417 3554
###lsm 3387 3554
###lsm 3387 3555
###lsm 3388 3555
###lsm 3388 3556
###lsm 3389 3556
###lsm 3389 3557
###lsm 3418 3557
###lsm 3418 3558
###lsm 3401 3558
###lsm 3523 3401
###lsm 3308 3525
###lsm 3525 3524
###lsm 3308 3524
###lsm 3307 3524
###lsm 3524 3523
###lsm 3307 3523
###lsm 3306 3523
###lsm 3523 3558
###lsm 3306 3558
###lsm 3305 3558
###lsm 3558 3557
###lsm 3305 3557
###lsm 3304 3557
###lsm 3557 3556
###lsm 3304 3556
###lsm 3303 3556
###lsm 3556 3555
###lsm 3303 3555
###lsm 3302 3555
###lsm 3555 3554
###lsm 3302 3554
###lsm 3300 3554
###lsm 3554 3553
###lsm 3300 3553
###lsm 3299 3553
###lsm 3553 3552
###lsm 3299 3552
###lsm 3297 3552
###lsm 3552 3551
###lsm 3297 3551
###lsm 3296 3551
###lsm 3551 3550
###lsm 3296 3550
###lsm 3295 3550
###lsm 3550 3549
###lsm 3295 3549
###lsm 3294 3549
###lsm 3549 3548
###lsm 3294 3548
###lsm 3293 3548
###lsm 3548 3547
###lsm 3293 3547
###lsm 3292 3547
###lsm 3547 3546
###lsm 3292 3546
###lsm 3291 3546
###lsm 3546 3545
###lsm 3291 3545
###lsm 3290 3545
###lsm 3545 3544
###lsm 3290 3544
###lsm 3289 3544
###lsm 3544 3543
###lsm 3289 3543
###lsm 3285 3543
###lsm 3543 3542
###lsm 3285 3542
###lsm 3277 3542
###lsm 3542 3541
###lsm 3277 3541
###lsm 3276 3541
###lsm 3541 3540
###lsm 3276 3540
###lsm 3337 3540
###lsm 3540 3539
###lsm 3337 3539
###lsm 3339 3539
###lsm 3539 3538
###lsm 3339 3538
###lsm 3342 3538
###lsm 3538 3537
###lsm 3342 3537
###lsm 3344 3537
###lsm 3537 3536
###lsm 3344 3536
###lsm 3346 3536
###lsm 3536 3535
###lsm 3346 3535
###lsm 3348 3535
###lsm 3535 3534
###lsm 3348 3534
###lsm 3350 3534
###lsm 3534 3533
###lsm 3350 3533
###lsm 3351 3533
###lsm 3533 3532
###lsm 3351 3532
###lsm 3353 3532
###lsm 3532 3531
###lsm 3353 3531
###lsm 3355 3531
###lsm 3531 3530
###lsm 3355 3530
###lsm 3357 3530
###lsm 3530 3529
###lsm 3357 3529
###lsm 3359 3529
###lsm 3529 3528
###lsm 3359 3528
###lsm 3362 3528
###lsm 3528 3527
###lsm 3362 3527
###lsm 3319 3527
###lsm 3527 3526
###lsm 3319 3526
###lsm 3311 3526
###lsm 3526 3525
###lsm 3525 3311
###lsm 3230 3559
###lsm 3230 3560
###lsm 3231 3560
###lsm 3231 3561
###lsm 3238 3561
###lsm 3238 3562
###lsm 3239 3562
###lsm 3239 3563
###lsm 3240 3563
###lsm 3240 3564
###lsm 3216 3564
###lsm 3216 3565
###lsm 3217 3565
###lsm 3217 3566
###lsm 3218 3566
###lsm 3218 3567
###lsm 3241 3567
###lsm 3241 3568
###lsm 3212 3568
###lsm 3212 3569
###lsm 3213 3569
###lsm 3213 3570
###lsm 3214 3570
###lsm 3214 3571
###lsm 3242 3571
###lsm 3242 3572
###lsm 3208 3572
###lsm 3208 3573
###lsm 3209 3573
###lsm 3209 3574
###lsm 3210 3574
###lsm 3210 3575
###lsm 3243 3575
###lsm 3243 3576
###lsm 3244 3576
###lsm 3244 3577
###lsm 3245 3577
###lsm 3245 3578
###lsm 3235 3578
###lsm 3235 3579
###lsm 3236 3579
###lsm 3236 3580
###lsm 3237 3580
###lsm 3237 3581
###lsm 3246 3581
###lsm 3246 3582
###lsm 3247 3582
###lsm 3247 3583
###lsm 3248 3583
###lsm 3248 3584
###lsm 3249 3584
###lsm 3249 3585
###lsm 3250 3585
###lsm 3250 3586
###lsm 3232 3586
###lsm 3232 3587
###lsm 3233 3587
###lsm 3233 3588
###lsm 3234 3588
###lsm 3234 3589
###lsm 3251 3589
###lsm 3251 3590
###lsm 3252 3590
###lsm 3252 3591
###lsm 3253 3591
###lsm 3253 3592
###lsm 3254 3592
###lsm 3254 3593
###lsm 3255 3593
###lsm 3255 3594
###lsm 3229 3594
###lsm 3559 3229
###lsm 3321 3561
###lsm 3561 3560
###lsm 3321 3560
###lsm 3320 3560
###lsm 3560 3559
###lsm 3320 3559
###lsm 3318 3559
###lsm 3559 3594
###lsm 3318 3594
###lsm 3361 3594
###lsm 3594 3593
###lsm 3361 3593
###lsm 3360 3593
###lsm 3593 3592
###lsm 3360 3592
###lsm 3358 3592
###lsm 3592 3591
###lsm 3358 3591
###lsm 3356 3591
###lsm 3591 3590
###lsm 3356 3590
###lsm 3354 3590
###lsm 3590 3589
###lsm 3354 3589
###lsm 3352 3589
###lsm 3589 3588
###lsm 3352 3588
###lsm 3349 3588
###lsm 3588 3587
###lsm 3349 3587
###lsm 3347 3587
###lsm 3587 3586
###lsm 3347 3586
###lsm 3345 3586
###lsm 3586 3585
###lsm 3345 3585
###lsm 3343 3585
###lsm 3585 3584
###lsm 3343 3584
###lsm 3341 3584
###lsm 3584 3583
###lsm 3341 3583
###lsm 3340 3583
###lsm 3583 3582
###lsm 3340 3582
###lsm 3338 3582
###lsm 3582 3581
###lsm 3338 3581
###lsm 3275 3581
###lsm 3581 3580
###lsm 3275 3580
###lsm 3274 3580
###lsm 3580 3579
###lsm 3274 3579
###lsm 3271 3579
###lsm 3579 3578
###lsm 3271 3578
###lsm 3272 3578
###lsm 3578 3577
###lsm 3272 3577
###lsm 3273 3577
###lsm 3577 3576
###lsm 3273 3576
###lsm 3336 3576
###lsm 3576 3575
###lsm 3336 3575
###lsm 3335 3575
###lsm 3575 3574
###lsm 3335 3574
###lsm 3334 3574
###lsm 3574 3573
###lsm 3334 3573
###lsm 3333 3573
###lsm 3573 3572
###lsm 3333 3572
###lsm 3332 3572
###lsm 3572 3571
###lsm 3332 3571
###lsm 3331 3571
###lsm 3571 3570
###lsm 3331 3570
###lsm 3330 3570
###lsm 3570 3569
###lsm 3330 3569
###lsm 3329 3569
###lsm 3569 3568
###lsm 3329 3568
###lsm 3328 3568
###lsm 3568 3567
###lsm 3328 3567
###lsm 3327 3567
###lsm 3567 3566
###lsm 3327 3566
###lsm 3326 3566
###lsm 3566 3565
###lsm 3326 3565
###lsm 3325 3565
###lsm 3565 3564
###lsm 3325 3564
###lsm 3324 3564
###lsm 3564 3563
###lsm 3324 3563
###lsm 3323 3563
###lsm 3563 3562
###lsm 3323 3562
###lsm 3322 3562
###lsm 3562 3561
###lsm 3561 3322
###lsm 3189 3188
###lsm 3189 3266
###lsm 3266 3211
###lsm 3597 3596
###lsm 3601 3600
###lsm 1093 3598
###lsm 3602 2403
###lsm 1095 2405
###lsm 3601 2402
###lsm 3601 2406
###lsm 3595 2406
###lsm 3595 1095
###lsm 3595 1093
###lsm 3601 3597
###lsm 2405 3599
###lsm 2405 3597
###lsm 1089 3597
###lsm 1091 3597
###lsm 3599 2403
###fch 0 1
###fch 2 3
###fch 4 5
###fch 6 7
###fch 8 9
###fch 10 11
###fch 12 13 14 15
###fch 16 17 18 19 20 21 22 23 24 25 26 27 28 29 30 31 32 33 34 35 36 37 38 39 40 41 42 43 44 45 46 47 48 49 50 51 52 53 54 55 56 57 58 59 60 61 62 63 64 65 66 67 68 69 70 71 72 73 74 75 76 77 78 79 80 81 82 83 84 85 86 87 88 89 90 91 92 93 94 95 96 97
###fch 98 99 100 101 102 103 104 105 106 107 108 109 110 111 112 113 114 115 116 117 118 119 120 121 122 123 124 125 126 127 128 129 130 131 132 133 134 135 136 137 138 139 140 141 142 143 144 145 146 147 148 149 150 151 152 153 154 155 156 157 158 159 160 161 162 163 164 165 166 167 168 169 170 171 172 173 174 175 176 177 178 179 180 181
###fch 182 183 184 185 186 187 188 189 190 191 192 193 194 195 196 197 198 199 200 201 202 203 204 205 206 207 208 209 210 211 212 213 214 215 216 217 218 219 220 221 222 223 224 225 226 227
###fch 228 229
###fch 230 231
###fch 232 233
###fch 234 235
###fch 236 237
###fch 238 239
###fch 240 241 242 243
###fch 256 257 258 259 260 261 262 263 264 265 266 267 268 269 270 271 272 273 274 275 276 277 278 279 280 281 282 283 284 285 286 287 288 289 290 291 292 293 294 295 296 297 298 299 300 301 302 303 304 305 306 307 308 309 310 311 312 313 314 315 316 317 318 319 320 321 322 323 324 325 244 245 246 247 248 249 250 251 252 253 254 255
###fch 326 327 328 329 330 331 332 333 334 335 336 337 338 339 340 341 342 343 344 345 346 347 348 349 350 351 352 353 354 355 356 357 358 359 360 361 362 363 364 365 366 367 368 369 370 371 372 373 374 375 376 377 378 379 380 381 382 383 384 385 386 387 388 389 390 391 392 393 394 395 396 397 398 399 400 401 402 403 404 405 406 407 408 409
###fch 410 411 412 413 414 415 416 417 418 419 420 421 422 423 424 425 426 427 428 429 430 431 432 433 434 435 436 437 438 439 440 441 442 443 444 445 446 447 448 449 450 451 452 453 454 455
###fch 456 457
###fch 458 459
###fch 460 461
###fch 462 463
###fch 464 465
###fch 466 467
###fch 468 469 470 471
###fch 512 513 514 515 516 517 518 519 520 521 522 523 524 525 526 527 528 529 530 531 532 533 534 535 536 537 538 539 540 541 542 543 544 545 546 547 548 549 550 551 552 553 472 473 474 475 476 477 478 479 480 481 482 483 484 485 486 487 488 489 490 491 492 493 494 495 496 497 498 499 500 501 502 503 504 505 506 507 508 509 510 511
###fch 554 555 556 557 558 559 560 561 562 563 564 565 566 567 568 569 570 571 572 573 574 575 576 577 578 579 580 581 582 583 584 585 586 587 588 589 590 591 592 593 594 595 596 597 598 599 600 601 602 603 604 605 606 607 608 609 610 611 612 613 614 615 616 617 618 619 620 621 622 623 624 625 626 627 628 629 630 631 632 633 634 635 636 637
###fch 640 641 642 643 644 645 646 647 648 649 650 651 652 653 654 655 656 657 658 659 660 661 662 663 664 665 666 667 668 669 670 671 672 673 674 675 676 677 678 679 680 681 682 683 638 639
###fch 684 685
###fch 686 687
###fch 688 689
###fch 690 691
###fch 692 693
###fch 694 695
###fch 696 697 698 699
###fch 768 769 770 771 772 773 774 775 776 777 778 779 780 781 700 701 702 703 704 705 706 707 708 709 710 711 712 713 714 715 716 717 718 719 720 721 722 723 724 725 726 727 728 729 730 731 732 733 734 735 736 737 738 739 740 741 742 743 744 745 746 747 748 749 750 751 752 753 754 755 756 757 758 759 760 761 762 763 764 765 766 767
###fch 782 783 784 785 786 787 788 789 790 791 792 793 794 795 796 797 798 799 800 801 802 803 804 805 806 807 808 809 810 811 812 813 814 815 816 817 818 819 820 821 822 823 824 825 826 827 828 829 830 831 832 833 834 835 836 837 838 839 840 841 842 843 844 845 846 847 848 849 850 851 852 853 854 855 856 857 858 859 860 861 862 863 864 865
###fch 896 897 898 899 900 901 902 903 904 905 906 907 908 909 910 911 866 867 868 869 870 871 872 873 874 875 876 877 878 879 880 881 882 883 884 885 886 887 888 889 890 891 892 893 894 895
###fch 912 913
###fch 914 915
###fch 916 917
###fch 918 919
###fch 920 921
###fch 922 923
###fch 924 925 926 927
###fch 928 929 930 931 932 933 934 935 936 937 938 939 940 941 942 943 944 945 946 947 948 949 950 951 952 953 954 955 956 957 958 959 960 961 962 963 964 965 966 967 968 969 970 971 972 973 974 975 976 977 978 979 980 981 982 983 984 985 986 987 988 989 990 991 992 993 994 995 996 997 998 999 1000 1001 1002 1003 1004 1005 1006 1007 1008 1009
###fch 1024 1025 1026 1027 1028 1029 1030 1031 1032 1033 1034 1035 1036 1037 1038 1039 1040 1041 1042 1043 1044 1045 1046 1047 1048 1049 1050 1051 1052 1053 1054 1055 1056 1057 1058 1059 1060 1061 1062 1063 1064 1065 1066 1067 1068 1069 1070 1071 1072 1073 1074 1075 1076 1077 1078 1079 1080 1081 1082 1083 1084 1085 1086 1087 1088 1089 1090 1091 1092 1093 1010 1011 1012 1013 1014 1015 1016 1017 1018 1019 1020 1021 1022 1023
###fch 1094 1095 1096 1097 1098 1099 1100 1101 1102 1103 1104 1105 1106 1107 1108 1109 1110 1111 1112 1113 1114 1115 1116 1117 1118 1119 1120 1121 1122 1123 1124 1125 1126 1127 1128 1129 1130 1131 1132 1133 1134 1135 1136 1137 1138 1139
###fch 1140 1141
###fch 1142 1143
###fch 1144 1145
###fch 1146 1147
###fch 1148 1149
###fch 1150 1151
###fch 1152 1153 1154 1155
###fch 1156 1157 1158 1159 1160 1161 1162 1163 1164 1165 1166 1167 1168 1169 1170 1171 1172 1173 1174 1175 1176 1177 1178 1179 1180 1181 1182 1183 1184 1185 1186 1187 1188 1189 1190 1191 1192 1193 1194 1195 1196 1197 1198 1199 1200 1201 1202 1203 1204 1205 1206 1207 1208 1209 1210 1211 1212 1213 1214 1215 1216 1217 1218 1219 1220 1221 1222 1223 1224 1225 1226 1227 1228 1229 1230 1231 1232 1233 1234 1235 1236 1237
###fch 1280 1281 1282 1283 1284 1285 1286 1287 1288 1289 1290 1291 1292 1293 1294 1295 1296 1297 1298 1299 1300 1301 1302 1303 1304 1305 1306 1307 1308 1309 1310 1311 1312 1313 1314 1315 1316 1317 1318 1319 1320 1321 1238 1239 1240 1241 1242 1243 1244 1245 1246 1247 1248 1249 1250 1251 1252 1253 1254 1255 1256 1257 1258 1259 1260 1261 1262 1263 1264 1265 1266 1267 1268 1269 1270 1271 1272 1273 1274 1275 1276 1277 1278 1279
###fch 1322 1323 1324 1325 1326 1327 1328 1329 1330 1331 1332 1333 1334 1335 1336 1337 1338 1339 1340 1341 1342 1343 1344 1345 1346 1347 1348 1349 1350 1351 1352 1353 1354 1355 1356 1357 1358 1359 1360 1361 1362 1363 1364 1365 1366 1367
###fch 1368 1369
###fch 1370 1371
###fch 1372 1373
###fch 1374 1375
###fch 1376 1377
###fch 1378 1379
###fch 1380 1381 1382 1383
###fch 1384 1385 1386 1387 1388 1389 1390 1391 1392 1393 1394 1395 1396 1397 1398 1399 1400 1401 1402 1403 1404 1405 1406 1407 1408 1409 1410 1411 1412 1413 1414 1415 1416 1417 1418 1419 1420 1421 1422 1423 1424 1425 1426 1427 1428 1429 1430 1431 1432 1433 1434 1435 1436 1437 1438 1439 1440 1441 1442 1443 1444 1445 1446 1447 1448 1449 1450 1451 1452 1453 1454 1455 1456 1457 1458 1459 1460 1461 1462 1463 1464 1465
###fch 1536 1537 1538 1539 1540 1541 1542 1543 1544 1545 1546 1547 1548 1549 1466 1467 1468 1469 1470 1471 1472 1473 1474 1475 1476 1477 1478 1479 1480 1481 1482 1483 1484 1485 1486 1487 1488 1489 1490 1491 1492 1493 1494 1495 1496 1497 1498 1499 1500 1501 1502 1503 1504 1505 1506 1507 1508 1509 1510 1511 1512 1513 1514 1515 1516 1517 1518 1519 1520 1521 1522 1523 1524 1525 1526 1527 1528 1529 1530 1531 1532 1533 1534 1535
###fch 1550 1551 1552 1553 1554 1555 1556 1557 1558 1559 1560 1561 1562 1563 1564 1565 1566 1567 1568 1569 1570 1571 1572 1573 1574 1575 1576 1577 1578 1579 1580 1581 1582 1583 1584 1585 1586 1587 1588 1589 1590 1591 1592 1593 1594 1595
###fch 1596 1597
###fch 1598 1599
###fch 1600 1601
###fch 1602 1603
###fch 1604 1605
###fch 1606 1607
###fch 1608 1609 1610 1611
###fch 1612 1613 1614 1615 1616 1617 1618 1619 1620 1621 1622 1623 1624 1625 1626 1627 1628 1629 1630 1631 1632 1633 1634 1635 1636 1637 1638 1639 1640 1641 1642 1643 1644 1645 1646 1647 1648 1649 1650 1651 1652 1653 1654 1655 1656 1657 1658 1659 1660 1661 1662 1663 1664 1665 1666 1667 1668 1669 1670 1671 1672 1673 1674 1675 1676 1677 1678 1679 1680 1681 1682 1683 1684 1685 1686 1687 1688 1689 1690 1691 1692 1693
###fch 1694 1695 1696 1697 1698 1699 1700 1701 1702 1703 1704 1705 1706 1707 1708 1709 1710 1711 1712 1713 1714 1715 1716 1717 1718 1719 1720 1721 1722 1723 1724 1725 1726 1727 1728 1729 1730 1731 1732 1733 1734 1735 1736 1737 1738 1739 1740 1741 1742 1743 1744 1745 1746 1747 1748 1749 1750 1751 1752 1753 1754 1755 1756 1757 1758 1759 1760 1761 1762 1763 1764 1765 1766 1767 1768 1769 1770 1771 1772 1773 1774 1775 1776 1777
###fch 1792 1793 1794 1795 1796 1797 1798 1799 1800 1801 1802 1803 1804 1805 1806 1807 1808 1809 1810 1811 1812 1813 1814 1815 1816 1817 1818 1819 1820 1821 1822 1823 1778 1779 1780 1781 1782 1783 1784 1785 1786 1787 1788 1789 1790 1791
###fch 1836 1837 1838 1839 1840 1841 1842 1843 1844 1845 1846 1847 1848 1849 1850 1851 1852 1853 1854 1855 1856 1857 1858 1859 1860 1861 1862 1863 1864 1865 1866 1867 1868 1869 1870 1871 1872 1873 1874 1875 1876 1877 1878 1879 1880 1881 1882 1883 1884 1885 1886 1887 1888 1889 1890 1891 1892 1893 1894 1895 1896 1897 1898 1899 1900 1901 1902 1903 1904 1905 1906 1907 1908 1909 1910 1911 1912 1913 1914 1915 1916 1917 1918 1919 1920 1921 1922 1923
###fch 1924 1925 1926 1927 1928 1929 1930 1931 1932 1933 1934 1935 1936 1937 1938 1939 1940 1941 1942 1943 1944 1945 1946 1947 1948 1949 1950 1951 1952 1953 1954 1955 1956 1957 1958 1959 1960 1961 1962 1963 1964 1965 1966 1967 1968 1969 1970 1971 1972 1973 1974 1975 1976 1977 1978 1979 1980 1981 1982 1983 1984 1985 1986 1987 1988 1989 1990 1991 1992 1993 1994 1995 1996 1997 1998 1999 2000 2001 2002 2003 2004 2005 2006 2007 2008 2009
###fch 2048 2049 2050 2051 2052 2053 2054 2055 2056 2057 2058 2059 2060 2061 2062 2063 2064 2065 2066 2067 2068 2069 2070 2071 2072 2073 2074 2075 2076 2077 2078 2079 2080 2081 2082 2083 2084 2085 2086 2087 2088 2089 2090 2091 2092 2093 2094 2095 2096 2097 2010 2011 2012 2013 2014 2015 2016 2017 2018 2019 2020 2021 2022 2023 2024 2025 2026 2027 2028 2029 2030 2031 2032 2033 2034 2035 2036 2037 2038 2039 2040 2041 2042 2043 2044 2045 2046 2047
###fch 2098 2099 2100 2101 2102 2103 2104 2105 2106 2107 2108 2109 2110 2111 2112 2113 2114 2115 2116 2117 2118 2119 2120 2121 2122 2123 2124 2125 2126 2127 2128 2129 2130 2131 2132 2133 2134 2135 2136 2137 2138 2139 2140 2141 2142 2143 2144 2145 2146 2147 2148 2149 2150 2151 2152 2153 2154 2155 2156 2157 2158 2159 2160 2161 2162 2163 2164 2165 2166 2167 2168 2169 2170 2171 2172 2173 2174 2175 2176 2177 2178 2179 2180 2181 2182 2183
###fch 2184 2185 2186 2187 2188 2189 2190 2191 2192 2193 2194 2195 2196 2197 2198 2199 2200 2201 2202 2203 2204 2205 2206 2207 2208 2209 2210 2211 2212 2213 2214 2215 2216 2217 2218 2219 2220 2221 2222 2223 2224 2225 2226 2227 2228 2229 2230 2231 2232 2233 2234 2235 2236 2237 2238 2239 2240 2241 2242 2243 2244 2245 2246 2247 2248 2249 2250 2251 2252 2253 2254 2255 2256 2257 2258 2259 2260 2261 2262 2263 2264 2265 2266 2267 2268 2269 2270 2271
###fch 2304 2305 2306 2307 2308 2309 2310 2311 2312 2313 2314 2315 2316 2317 2318 2319 2320 2321 2322 2323 2324 2325 2326 2327 2328 2329 2330 2331 2332 2333 2334 2335 2336 2337 2338 2339 2340 2341 2342 2343 2344 2345 2346 2347 2348 2349 2350 2351 2352 2353 2354 2355 2356 2357 2272 2273 2274 2275 2276 2277 2278 2279 2280 2281 2282 2283 2284 2285 2286 2287 2288 2289 2290 2291 2292 2293 2294 2295 2296 2297 2298 2299 2300 2301 2302 2303
###fch 2358 2359 2360 2361 2362 2363 2364 2365 2366 2367 2368 2369 2370 2371 2372 2373 2374 2375 2376 2377 2378 2379 2380 2381 2382 2383 2384 2385 2386 2387 2388 2389 2390 2391 2392 2393 2394 2395 2396 2397 2398 2399 2400 2401 2402 2403 2404 2405 2406 2407 2408 2409 2410 2411 2412 2413 2414 2415 2416 2417 2418 2419 2420 2421 2422 2423 2424 2425 2426 2427 2428 2429 2430 2431 2432 2433 2434 2435 2436 2437 2438 2439 2440 2441 2442 2443 2444 2445
###fch 2446 2447 2448 2449 2450 2451 2452 2453 2454 2455 2456 2457 2458 2459 2460 2461 2462 2463 2464 2465 2466 2467 2468 2469 2470 2471 2472 2473 2474 2475 2476 2477 2478 2479 2480 2481 2482 2483 2484 2485 2486 2487 2488 2489 2490 2491 2492 2493 2494 2495 2496 2497 2498 2499 2500 2501 2502 2503 2504 2505 2506 2507 2508 2509 2510 2511 2512 2513 2514 2515 2516 2517 2518 2519 2520 2521 2522 2523 2524 2525 2526 2527 2528 2529 2530 2531
###fch 2560 2561 2562 2563 2564 2565 2566 2567 2568 2569 2570 2571 2572 2573 2574 2575 2576 2577 2578 2579 2580 2581 2582 2583 2584 2585 2586 2587 2588 2589 2590 2591 2592 2593 2594 2595 2596 2597 2598 2599 2600 2601 2602 2603 2604 2605 2606 2607 2608 2609 2610 2611 2612 2613 2614 2615 2616 2617 2618 2619 2620 2621 2622 2623 2624 2625 2626 2627 2628 2629 2630 2631 2632 2633 2634 2635 2636 2637 2638 2639 2640 2641 2642 2643 2644 2645 2646 2647 2648 2649 2650 2651 2652 2653 2654 2655 2656 2657 2658 2659 2660 2661 2662 2663 2664 2665 2666 2667 2668 2669 2670 2671 2672 2673 2674 2675 2676 2677 2678 2679 2680 2681 2682 2683 2684 2685 2686 2687 2688 2689 2690 2691 2692 2693 2694 2695 2696 2697 2698 2699 2700 2701 2702 2703 2532 2533 2534 2535 2536 2537 2538 2539 2540 2541 2542 2543 2544 2545 2546 2547 2548 2549 2550 2551 2552 2553 2554 2555 2556 2557 2558 2559
###fch 2704 2705 2706 2707 2708 2709 2710 2711 2712 2713 2714 2715 2716 2717 2718 2719 2720 2721 2722 2723 2724 2725 2726 2727 2728 2729 2730 2731 2732 2733 2734 2735 2736 2737 2738 2739 2740 2741 2742 2743 2744 2745 2746 2747 2748 2749 2750 2751 2752 2753 2754 2755 2756 2757 2758 2759 2760 2761 2762 2763 2764 2765 2766 2767 2768 2769 2770 2771 2772 2773 2774 2775 2776 2777 2778 2779 2780 2781 2782 2783 2784 2785 2786 2787 2788 2789 2790 2791 2792 2793 2794 2795 2796 2797 2798 2799 2800 2801 2802 2803 2804 2805 2806 2807 2808 2809 2810 2811 2812 2813 2814 2815 2816 2817 2818 2819 2820 2821 2822 2823 2824 2825 2826 2827 2828 2829 2830 2831 2832 2833 2834 2835 2836 2837 2838 2839 2840 2841 2842 2843 2844 2845 2846 2847 2848 2849 2850 2851 2852 2853 2854 2855 2856 2857 2858 2859 2860 2861 2862 2863 2864 2865 2866 2867 2868 2869 2870 2871 2872 2873 2874 2875
###fch 2876 2877 2878 2879 2880 2881 2882 2883 2884 2885 2886 2887 2888 2889 2890 2891 2892 2893 2894 2895 2896 2897 2898 2899 2900 2901 2902 2903 2904 2905 2906 2907 2908 2909 2910 2911 2912 2913 2914 2915 2916 2917 2918 2919 2920 2921 2922 2923 2924 2925 2926 2927 2928 2929 2930 2931 2932 2933 2934 2935 2936 2937 2938 2939 2940 2941 2942 2943 2944 2945 2946 2947 2948 2949 2950 2951 2952 2953 2954 2955 2956 2957 2958 2959 2960 2961 2962 2963 2964 2965 2966 2967 2968 2969 2970 2971 2972 2973 2974 2975
###fch 2976 2977 2978 2979 2980 2981 2982 2983 2984 2985 2986 2987 2988 2989 2990 2991 2992 2993 2994 2995 2996 2997 2998 2999 3000 3001 3002 3003 3004 3005 3006 3007 3008 3009
###fch 3010 3011 3012 3013 3014 3015 3016 3017 3018 3019 3020 3021 3022 3023 3024 3025 3026 3027 3028 3029 3030 3031 3032 3033 3098 3099 3034 3035
###fch 3072 3073 3074 3075 3076 3077 3078 3079 3080 3081 3082 3083 3084 3085 3086 3087 3088 3089 3090 3091 3092 3093 3094 3095 3096 3097 3100 3101 3036 3037 3038 3039 3040 3041 3042 3043 3044 3045 3046 3047 3048 3049 3050 3051 3052 3053 3054 3055 3056 3057 3058 3059 3060 3061 3062 3063 3064 3065 3066 3067 3068 3069 3070 3071
###fch 3102 3103 3104 3105 3106 3107 3108 3109 3110 3111 3112 3113 3114 3115 3116 3117 3118 3119 3120 3121 3122 3123 3124 3125 3126 3127 3128 3129 3130 3131 3132 3133 3134 3135 3136 3137 3138 3139 3140 3141 3142 3143 3144 3145 3146 3147 3148 3149 3150 3151 3152 3153 3154 3155 3156 3157 3158 3159 3160 3161 3162 3163 3164 3165 3166 3167 3168 3169 3170 3171 3172 3173 3174 3175 3176 3177 3178 3179 3180 3181 3182 3183 3184 3185 3186 3187 3188 3189 3190 3191 3192 3193 3194 3195 3196 3197 3198 3199 3200 3201 3202 3203 3204 3205 3206 3207 3208 3209 3210 3211 3212 3213 3214 3215 3216 3217 3218 3219 3220 3221 3222 3223 3224 3225 3226 3227 3228 3229 3230 3231 3232 3233 3234 3235 3236 3237 3238 3239 3240 3241 3242 3243 3244 3245 3246 3247 3248 3249 3250 3251 3252 3253 3254 3255 3256 3257 3258 3259 3260 3261 3262 3263 3264 3265 3266 3267 3268 3269 3270 3271 3272 3273 3274 3275 3276 3277 3278 3279 3280 3281 3282 3283 3284 3285 3286 3287 3288 3289 3290 3291 3292 3293 3294 3295 3296 3297
###fch 3328 3329 3330 3331 3298 3299 3300 3301 3302 3303 3304 3305 3306 3307 3308 3309 3310 3311 3312 3313 3314 3315 3316 3317 3318 3319 3320 3321 3322 3323 3324 3325 3326 3327
###fch 3332 3333 3334 3335 3336 3337 3338 3339 3340 3341 3342 3343 3344 3345 3346 3347 3348 3349 3350 3351 3352 3353 3354 3355 3356 3357 3358 3359 3360 3361 3362 3363 3364 3365 3366 3367 3368 3369 3370 3371 3372 3373 3374 3375 3376 3377 3378 3379 3380 3381 3382 3383 3384 3385 3386 3387 3388 3389 3390 3391 3392 3393 3394 3395 3396 3397 3398 3399 3400 3401 3402 3403 3404 3405 3406 3407 3408 3409 3410 3411 3412 3413 3414 3415 3416 3417 3418 3419 3420 3421 3422 3423 3424 3425 3426 3427 3428 3429 3430 3431 3432 3433 3434 3435 3436 3437 3438 3439 3440 3441 3442 3443 3444 3445 3446 3447 3448 3449 3450 3451 3452 3453 3454 3455 3456 3457 3458 3459 3460 3461 3462 3463 3464 3465 3466 3467 3468 3469 3470 3471 3472 3473 3474 3475 3476 3477 3478 3479 3480 3481 3482 3483 3484 3485 3486 3487 3488 3489 3490 3491 3492 3493 3494 3495 3496 3497 3498 3499 3500 3501 3502 3503 3504 3505 3506 3507 3508 3509 3510 3511 3512 3513 3514 3515 3516 3517 3518 3519 3520 3521 3522 3523 3524 3525 3526 3527 3528 3529 3530 3531 3532 3533 3534 3535 3536 3537 3538 3539 3540 3541 3542 3543 3544 3545 3546 3547 3548 3549 3550 3551 3552 3553 3554 3555 3556 3557 3558 3559 3560 3561 3562 3563 3564 3565 3566 3567 3568 3569 3570 3571 3572 3573 3574 3575 3576 3577 3578 3579 3580 3581 3582 3583 3584 3585 3586 3587 3588 3589 3590 3591 3592 3593 3594 3595 3596 3597 3598 3599 3600 3601 3602 3603 3604 3605 3606 3607
###fch 3608 3609 3610 3611 3612 3613 3614 3615 3616 3617 3618 3619 3620 3621 3622 3623 3624 3625 3626 3627 3628 3629 3630 3631 3632 3633 3634 3635 3636 3637 3638 3639 3640 3641
###fch 3642 3643
###fch 3648 3649 3650 3651 3652 3653 3654 3655 3656 3657 3658 3659 3660 3661 3662 3663 3664 3665 3666 3667 3668 3669 3670 3671 3672 3644 3645 3646 3647
###fch 3712 3673 3674 3675 3676 3677 3678 3679 3680 3681 3682 3683 3684 3685 3686 3687 3688 3689 3690 3691 3692 3693 3694 3695 3696 3697 3698 3699 3700 3701 3702 3703 3704 3705 3706 3707 3708 3709 3710 3711
###fch 3713 3714 3715 3716 3717 3718 3719 3720 3721 3722 3723 3724 3725 3726 3727 3728 3729 3730 3731 3732 3733 3734 3735 3736 3737 3738 3739 3740 3741 3742 3743 3744 3745 3746 3747 3748 3749 3750 3751 3752
###fch 3753 3754
###fch 3755 3756 3757 3758 3759 3760 3761 3762 3763 3764 3765 3766 3767 3768 3769 3770 3771 3772 3773 3774 3775 3776 3777 3778 3779 3780 3781 3782 3783 3784 3785 3786 3787 3788 3789 3790 3791 3792 3793 3794 3795 3796 3797 3798 3799 3800 3801 3802 3803 3804 3805 3806 3807 3808 3809 3810 3811 3812 3813 3814 3815 3816 3817 3818 3819 3820 3821 3822 3823 3824 3825 3826 3827 3828 3829 3830 3831 3832 3833 3834 3835 3836 3837 3838 3839 3840 3841 3842 3843 3844 3845 3846 3847 3848 3849 3850 3851 3852 3853 3854 3855 3856 3857 3858 3859 3860 3861 3862 3863 3864 3865 3866 3867 3868 3869 3870 3871 3872 3873 3874 3875 3876 3877 3878 3879 3880 3881 3882 3883 3884 3885 3886 3887 3888 3889 3890 3891 3892 3893 3894 3895 3896 3897 3898
###fch 3899 3900 3901 3902 3903 3904 3905 3906 3907 3908 3909 3910 3911 3912 3913 3914 3915 3916 3917 3918 3919 3920 3921 3922 3923 3924 3925 3926 3927 3928 3929 3930 3931 3932 3933 3934 3935 3936 3937 3938 3939 3940 3941 3942 3943 3944 3945 3946 3947 3948 3949 3950 3951 3952 3953 3954 3955 3956 3957 3958 3959 3960 3961 3962 3963 3964 3965 3966 3967 3968 3969 3970 3971 3972 3973 3974 3975 3976 3977 3978 3979 3980 3981 3982 3983 3984 3985 3986 3987 3988 3989 3990 3991 3992 3993 3994 3995 3996 3997 3998 3999 4000 4001 4002 4003 4004 4005 4006 4007 4008 4009 4010 4011 4012 4013 4014 4015 4016 4017 4018 4019 4020 4021 4022 4023 4024 4025 4026 4027 4028 4029 4030 4031 4032 4033 4034 4035 4036 4037 4038 4039 4040 4041 4042
###fch 4043 4044 4045 4046 4047 4048 4049 4050 4051 4052 4053 4054 4055 4056 4057 4058 4059 4060 4061 4062 4063 4064 4065 4066 4067 4068 4069 4070 4071 4072 4073 4074 4075 4076 4077 4078 4079 4080 4081 4082 4083 4084
###fch 4096 4097 4098 4099 4100 4101 4102 4103 4104 4105 4106 4107 4108 4109 4110 4111 4112 4113 4114 4115 4116 4117 4118 4119 4120 4121 4122 4123 4124 4125 4126 4127 4128 4129 4130 4131 4132 4133 4134 4135 4136 4137 4138 4139 4140 4141 4142 4143 4144 4085 4086 4087 4088 4089 4090 4091 4092 4093 4094 4095
###fch 4145 4146 4147 4148 4149 4150 4151 4152 4153 4154 4155 4156 4157 4158 4159 4160 4161 4162 4163 4164 4165 4166 4167 4168 4169 4170 4171 4172 4173 4174 4175 4176 4177 4178 4179 4180 4181 4182 4183 4184 4185 4186 4187 4188 4189 4190 4191 4192 4193 4194 4195 4196 4197 4198 4199 4200 4201 4202 4203 4204
###fch 4464 4465 4466 4467 4468 4469 4470 4471 4472 4473 4474 4475 4476 4477 4478 4479 4480 4481 4482 4483 4484 4485 4486 4487 4488 4489 4490 4491 4492 4493 4494 4495 4496 4497 4498 4499 4500 4501 4502 4503 4504 4505 4506 4507 4508 4509 4510 4511 4512 4513 4514 4515 4516 4517 4518 4519 4520 4521 4522 4523 4524 4525 4526 4527 4528 4529 4530 4531 4532 4533 4534 4535 4536 4537 4538 4539 4540 4541 4542 4543 4544 4545 4546 4547 4548 4549 4550 4551 4552 4553 4554 4555 4556 4557 4558 4559 4560 4561 4562 4563 4564 4565 4566 4567 4568 4569 4570 4571 4572 4573 4574 4575 4576 4577 4578 4579 4580 4581
###fch 4205 4206 4207 4208 4209 4210 4211 4212 4213 4214 4215 4216 4217 4218 4219 4220 4221 4222 4223 4224 4225 4226 4227 4228 4229 4230 4231 4232 4233 4234 4235 4236 4237 4238 4239 4240 4241 4242 4243 4244 4245 4246 4247 4248 4249 4250 4251 4252 4253 4254 4255 4256 4257 4258 4259 4260 4261 4262 4263 4264 4265 4266 4267 4268 4269 4270 4271 4272 4273 4274 4275 4276 4277 4278 4279 4280 4281 4282 4283 4284 4285 4286 4287 4288 4289 4290 4291 4292 4293 4294 4295 4296 4297 4298 4299 4300 4301 4302 4303 4304 4305 4306 4307 4308 4309 4310 4311 4312 4313 4314 4315 4316 4317 4318 4319 4320 4321 4322 4323 4324 4325 4326 4327 4328 4329 4330 4331 4332 4333 4334 4335 4336 4337 4338 4339 4340 4341 4342 4343 4344 4345 4346 4347 4348 4349 4350 4351 4352 4353 4354 4355 4356 4357 4358 4359 4360 4361 4362 4363 4364 4365 4366 4367 4368 4369 4370 4371 4372 4373 4374 4375 4376 4377 4378 4379 4380 4381 4382 4383 4384 4385 4386 4387 4388 4389 4390 4391 4392 4393 4394 4395 4396 4397 4398 4399 4400 4401 4402 4403 4404 4405 4406 4407 4408 4409 4410 4411 4412 4413 4414 4415 4416 4417 4418 4419 4420 4421 4422 4423 4424 4425 4426 4427 4428 4429 4430 4431 4432 4433 4434 4435 4436 4437 4438 4439 4440 4441 4442 4443 4444 4445 4446 4447 4448 4449 4450 4451 4452 4453 4454 4455 4456 4457 4458 4459 4460 4461 4462 4463 4582 4583 4584 4585 4586 4587 4588 4589 4590 4591 4592 4593 4594 4595 4596 4597 4598 4599 4600 4601 4602 4603 4604 4605 4606 4607 4608 4609 4610 4611 4612 4613 4614 4615 4616 4617 4618 4619 4620 4621 4622 4623 1824 1825 1826 1827 1828 1829 1830 1831 1832 1833 1834 1835
###fch 4636 4637 4638 4639 4640 4641 4642 4643 4644 4645 4646 4647 4648 4649 4650 4651 4652 4653 4654 4655 4656 4657 4658 4659 4660 4661 4662 4663 4664 4665 4666 4667 4668 4669 4670 4671 4672 4673 4674 4675 4676 4677 4678 4679 4680 4681 4682 4683 4684 4685 4686 4687 4688 4689 4690 4691 4692 4693 4694 4695 4696 4697 4698 4699 4700 4701 4702 4703 4704 4705 4706 4707 4708 4709 4710 4711 4712 4713 4714 4715 4716 4717 4718 4719 4720 4721 4722 4723
###fch 4724 4725 4726 4727 4728 4729 4730 4731 4732 4733 4734 4735 4736 4737 4738 4739 4740 4741 4742 4743 4744 4745 4746 4747 4748 4749 4750 4751 4752 4753 4754 4755 4756 4757 4758 4759 4760 4761 4762 4763 4764 4765 4766 4767 4768 4769 4770 4771 4772 4773 4774 4775 4776 4777 4778 4779 4780 4781 4782 4783 4784 4785 4786 4787 4788 4789 4790 4791 4792 4793 4794 4795 4796 4797 4798 4799 4800 4801 4802 4803 4804 4805 4806 4807 4808 4809
###fch 4864 4865 4866 4867 4868 4869 4870 4871 4872 4873 4874 4875 4876 4877 4878 4879 4880 4881 4882 4883 4884 4885 4886 4887 4888 4889 4890 4891 4892 4893 4894 4895 4896 4897 4810 4811 4812 4813 4814 4815 4816 4817 4818 4819 4820 4821 4822 4823 4824 4825 4826 4827 4828 4829 4830 4831 4832 4833 4834 4835 4836 4837 4838 4839 4840 4841 4842 4843 4844 4845 4846 4847 4848 4849 4850 4851 4852 4853 4854 4855 4856 4857 4858 4859 4860 4861 4862 4863
###fch 4898 4899 4900 4901 4902 4903 4904 4905 4906 4907 4908 4909 4910 4911 4912 4913 4914 4915 4916 4917 4918 4919 4920 4921 4922 4923 4924 4925 4926 4927 4928 4929 4930 4931 4932 4933 4934 4935 4936 4937 4938 4939 4940 4941 4942 4943 4944 4945 4946 4947 4948 4949 4950 4951 4952 4953 4954 4955 4956 4957 4958 4959 4960 4961 4962 4963 4964 4965 4966 4967 4968 4969 4970 4971 4972 4973 4974 4975 4976 4977 4978 4979 4980 4981 4982 4983
###fch 4984 4985 4986 4987 4988 4989 4990 4991 4992 4993 4994 4995 4996 4997 4998 4999 5000 5001 5002 5003 5004 5005 5006 5007 5008 5009 5010 5011 5012 5013 5014 5015 5016 5017 5018 5019 5020 5021 5022 5023 5024 5025 5026 5027 5028 5029 5030 5031 5032 5033 5034 5035 5036 5037 5038 5039 5040 5041 5042 5043 5044 5045 5046 5047 5048 5049 5050 5051 5052 5053 5054 5055 5056 5057 5058 5059 5060 5061 5062 5063 5064 5065 5066 5067 5068 5069 5070 5071
###fch 5120 5121 5122 5123 5124 5125 5126 5127 5128 5129 5130 5131 5132 5133 5134 5135 5136 5137 5138 5139 5140 5141 5142 5143 5144 5145 5146 5147 5148 5149 5150 5151 5152 5153 5154 5155 5156 5157 5072 5073 5074 5075 5076 5077 5078 5079 5080 5081 5082 5083 5084 5085 5086 5087 5088 5089 5090 5091 5092 5093 5094 5095 5096 5097 5098 5099 5100 5101 5102 5103 5104 5105 5106 5107 5108 5109 5110 5111 5112 5113 5114 5115 5116 5117 5118 5119
###fch 5158 5159 5160 5161 5162 5163 5164 5165 5166 5167 5168 5169 5170 5171 5172 5173 5174 5175 5176 5177 5178 5179 5180 5181 5182 5183 5184 5185 5186 5187 5188 5189 5190 5191 5192 5193 5194 5195 5196 5197 5198 5199 5200 5201 5202 5203 5204 5205 5206 5207 5208 5209 5210 5211 5212 5213 5214 5215 5216 5217 5218 5219 5220 5221 5222 5223 5224 5225 5226 5227 5228 5229 5230 5231 5232 5233 5234 5235 5236 5237 5238 5239 5240 5241 5242 5243 5244 5245
###fch 5246 5247 5248 5249 5250 5251 5252 5253 5254 5255 5256 5257 5258 5259 5260 5261 5262 5263 5264 5265 5266 5267 5268 5269 5270 5271 5272 5273 5274 5275 5276 5277 5278 5279 5280 5281 5282 5283 5284 5285 5286 5287 5288 5289 5290 5291 5292 5293 5294 5295 5296 5297 5298 5299 5300 5301 5302 5303 5304 5305 5306 5307 5308 5309 5310 5311 5312 5313 5314 5315 5316 5317 5318 5319 5320 5321 5322 5323 5324 5325 5326 5327 5328 5329 5330 5331
###fch 5332 5333 5334 5335 5336 5337 5338 5339 5340 5341 5342 5343 5344 5345 5346 5347 5348 5349 5350 5351 5352 5353 5354 5355 5356 5357 5358 5359 5360 5361 5362 5363 5364 5365 5366 5367 5368 5369 5370 5371 5372 5373 5374 5375 5376 5377 5378 5379 5380 5381 5382 5383 5384 5385 5386 5387 5388 5389 5390 5391 5392 5393 5394 5395 5396 5397 5398 5399 5400 5401 5402 5403 5404 5405 5406 5407 5408 5409 5410 5411 5412 5413 5414 5415 5416 5417 5418 5419 5420 5421 5422 5423 5424 5425 5426 5427 5428 5429 5430 5431 5432 5433 5434 5435 5436 5437 5438 5439 5440 5441 5442 5443 5444 5445 5446 5447 5448 5449 5450 5451 5452 5453 5454 5455 5456 5457 5458 5459 5460 5461 5462 5463 5464 5465 5466 5467 5468 5469 5470 5471 5472 5473 5474 5475 5476 5477 5478 5479 5480 5481 5482 5483 5484 5485 5486 5487 5488 5489 5490 5491 5492 5493 5494 5495 5496 5497 5498 5499 5500 5501 5502 5503
###fch 5632 5633 5634 5635 5636 5637 5638 5639 5640 5641 5642 5643 5644 5645 5646 5647 5648 5649 5650 5651 5652 5653 5654 5655 5656 5657 5658 5659 5660 5661 5662 5663 5664 5665 5666 5667 5668 5669 5670 5671 5672 5673 5674 5675 5504 5505 5506 5507 5508 5509 5510 5511 5512 5513 5514 5515 5516 5517 5518 5519 5520 5521 5522 5523 5524 5525 5526 5527 5528 5529 5530 5531 5532 5533 5534 5535 5536 5537 5538 5539 5540 5541 5542 5543 5544 5545 5546 5547 5548 5549 5550 5551 5552 5553 5554 5555 5556 5557 5558 5559 5560 5561 5562 5563 5564 5565 5566 5567 5568 5569 5570 5571 5572 5573 5574 5575 5576 5577 5578 5579 5580 5581 5582 5583 5584 5585 5586 5587 5588 5589 5590 5591 5592 5593 5594 5595 5596 5597 5598 5599 5600 5601 5602 5603 5604 5605 5606 5607 5608 5609 5610 5611 5612 5613 5614 5615 5616 5617 5618 5619 5620 5621 5622 5623 5624 5625 5626 5627 5628 5629 5630 5631
###fch 5696 5697 5698 5699 5764 5765 5700 5701 5676 5677 5678 5679 5680 5681 5682 5683 5684 5685 5686 5687 5688 5689 5690 5691 5692 5693 5694 5695
###fch 5702 5703 5704 5705 5706 5707 5708 5709 5710 5711 5712 5713 5714 5715 5716 5717 5718 5719 5720 5721 5722 5723 5724 5725 5726 5727 5728 5729 5730 5731 5732 5733 5734 5735 5736 5737 5738 5739 5740 5741 5742 5743 5744 5745 5746 5747 5748 5749 5750 5751 5752 5753 5754 5755 5756 5757 5758 5759 5760 5761 5762 5763 5766 5767
###fch 5768 5769 5770 5771 5772 5773 5774 5775 5776 5777 5778 5779 5780 5781 5782 5783 5784 5785 5786 5787 5788 5789 5790 5791 5792 5793 5794 5795 5796 5797 5798 5799 5800 5801 5802 5803 5804 5805 5806 5807 5808 5809 5810 5811 5812 5813 5814 5815 5816 5817 5818 5819 5820 5821 5822 5823 5824 5825 5826 5827 5828 5829 5830 5831 5832 5833 5834 5835 5836 5837 5838 5839 5840 5841 5842 5843 5844 5845 5846 5847 5848 5849 5850 5851 5852 5853 5854 5855 5856 5857 5858 5859 5860 5861 5862 5863 5864 5865 5866 5867 5868 5869 5870 5871 5872 5873 5874 5875 5876 5877 5878 5879 5880 5881 5882 5883 5884 5885 5886 5887 5888 5889 5890 5891 5892 5893 5894 5895 5896 5897 5898 5899 5900 5901 5902 5903 5904 5905 5906 5907 5908 5909 5910 5911 5912 5913 5914 5915 5916 5917 5918 5919 5920 5921 5922 5923 5924 5925 5926 5927 5928 5929 5930 5931 5932 5933 5934 5935 5936 5937 5938 5939 5940 5941 5942 5943 5944 5945 5946 5947 5948 5949 5950 5951 5952 5953 5954 5955 5956 5957 5958 5959 5960 5961 5962 5963
###fch 5964 5965 5966 5967 5968 5969 5970 5971 5972 5973 5974 5975 5976 5977 5978 5979 5980 5981 5982 5983 5984 5985 5986 5987 5988 5989 5990 5991 5992 5993 5994 5995 5996 5997
###fch 6018 6019 6020 6021 6022 6023 6024 6025 6026 6027 6028 6029 6030 6031 6032 6033 6034 6035 6036 6037 6038 6039 6040 6041 6042 6043 6044 6045 6046 6047 6048 6049 6050 6051 6052 6053 6054 6055 6056 6057 6058 6059 6060 6061 6062 6063 6064 6065 6066 6067 6068 6069 6070 6071 6072 6073 6074 6075 6076 6077
###fch 6400 6401 6402 6403 6404 6405 6406 6407 6408 6409 6410 6411 6412 6413 6414 6415 6416 6417 6418 6419 6420 6421 6422 6423 6424 6425 6426 6427 6428 6429 6430 6431 6432 6315 6316 6317 6318 6319 6320 6321 6322 6323 6324 6325 6326 6327 6328 6329 6330 6331 6332 6333 6334 6335 6336 6337 6338 6339 6340 6341 6342 6343 6344 6345 6346 6347 6348 6349 6350 6351 6352 6353 6354 6355 6356 6357 6358 6359 6360 6361 6362 6363 6364 6365 6366 6367 6368 6369 6370 6371 6372 6373 6374 6375 6376 6377 6378 6379 6380 6381 6382 6383 6384 6385 6386 6387 6388 6389 6390 6391 6392 6393 6394 6395 6396 6397 6398 6399
###fch 6455 6456 6457 6458 6459 6460 6461 6462 6463 6464 6465 6466 6467 6468 6469 6470 6471 6472 6473 6474 6475 6476 6477 6478 6479 6480 6481 6482 6483 6484 6485 6486 6487 6488 6489 6490 6491 6492 6493 6494 6495 6496 6497 6498 6499 6500 6501 6502 6503 6504 6505 6506 6507 6508 6509 6510 6511 6512 6513 6514
###fch 6656 6657 6658 6659 6660 6661 6662 6663 6664 6665 6666 6667 6668 6669 6670 6671 6672 6673 6674 6675 6676 6677 6678 6679 6680 6681 6682 6683 6684 6685 6686 6687 6688 6689 6690 6691 6692 6693 6694 6695 6696 6697 6698 6699 6700 6701 6702 6703 6704 6705 6706 6707 6708 6709 6710 6711 6712 6713 6714 6715 6716 6717 6718 6719 6720 6721 6722 6723 6724 6725 6726 6727 6728 6729 6730 6535 6536 6537 6538 6539 6540 6541 6542 6543 6544 6545 6546 6547 6548 6549 6550 6551 6552 6553 6554 6555 6556 6557 6558 6559 6560 6561 6562 6563 6564 6565 6566 6567 6568 6569 6570 6571 6572 6573 6574 6575 6576 6577 6578 6579 6580 6581 6582 6583 6584 6585 6586 6587 6588 6589 6590 6591 6592 6593 6594 6595 6596 6597 6598 6599 6600 6601 6602 6603 6604 6605 6606 6607 6608 6609 6610 6611 6612 6613 6614 6615 6616 6617 6618 6619 6620 6621 6622 6623 6624 6625 6626 6627 6628 6629 6630 6631 6632 6633 6634 6635 6636 6637 6638 6639 6640 6641 6642 6643 6644 6645 6646 6647 6648 6649 6650 6651 6652 6653 6654 6655
###fch 6731 6732 6733 6734 6735 6736 6737 6738 6739 6740 6741 6742 6743 6744 6745 6746 6747 6748 6749 6750 6751 6752 6753 6754 6755 6756 6757 6758 6759 6760 6761 6762 6763 6764
###fch 6765 6766
###fch 6784 6785 6786 6787 6788 6789 6790 6791 6792 6793 6794 6795 6767 6768 6769 6770 6771 6772 6773 6774 6775 6776 6777 6778 6779 6780 6781 6782 6783
###fch 6796 6797 6798 6799 6800 6801 6802 6803 6804 6805 6806 6807 6808 6809 6810 6811 6812 6813 6814 6815 6816 6817 6818 6819 6820 6821 6822 6823 6824 6825 6826 6827 6828 6829 6830 6831 6832 6833 6834 6835
###fch 6836 6837 6838 6839 6840 6841 6842 6843 6844 6845 6846 6847 6848 6849 6850 6851 6852 6853 6854 6855 6856 6857 6858 6859 6860 6861 6862 6863 6864 6865 6866 6867 6868 6869 6870 6871 6872 6873 6874 6875
###fch 6912 6913 6914 6915 6916 6917 6876 6877 6878 6879 6880 6881 6882 6883 6884 6885 6886 6887 6888 6889 6890 6891 6892 6893 6894 6895 6896 6897 6898 6899 6900 6901 6902 6903 6904 6905 6906 6907 6908 6909 6910 6911
###fch 6918 6919
###fch 6920 6921 6922 6923 6924 6925 6926 6927 6928 6929 6930 6931 6932 6933 6934 6935 6936 6937 6938 6939 6940 6941 6942 6943 6944 6945 6946 6947 6948 6949 6950 6951 6952 6953 6954 6955 6956 6957 6958 6959 6960 6961 6962 6963 6964 6965 6966 6967 6968 6969 6970 6971 6972 6973 6974 6975 6976 6977 6978 6979 6980 6981 6982 6983 6984 6985 6986 6987 6988 6989 6990 6991 6992 6993 6994 6995 6996 6997 6998 6999 7000 7001 7002 7003 7004 7005 7006 7007 7008 7009 7010 7011 7012 7013 7014 7015 7016 7017 7018 7019 7020 7021 7022 7023 7024 7025 7026 7027 7028 7029 7030 7031 7032 7033 7034 7035 7036 7037 7038 7039 7040 7041 7042 7043 7044 7045 7046 7047 7048 7049 7050 7051 7052 7053 7054 7055 7056 7057 7058 7059 7060 7061 7062 7063
###fch 7168 7169 7170 7171 7172 7173 7174 7175 7176 7177 7178 7179 7180 7181 7182 7183 7184 7185 7186 7187 7188 7189 7190 7191 7192 7193 7194 7195 7196 7197 7198 7199 7200 7201 7202 7203 7204 7205 7206 7207 7064 7065 7066 7067 7068 7069 7070 7071 7072 7073 7074 7075 7076 7077 7078 7079 7080 7081 7082 7083 7084 7085 7086 7087 7088 7089 7090 7091 7092 7093 7094 7095 7096 7097 7098 7099 7100 7101 7102 7103 7104 7105 7106 7107 7108 7109 7110 7111 7112 7113 7114 7115 7116 7117 7118 7119 7120 7121 7122 7123 7124 7125 7126 7127 7128 7129 7130 7131 7132 7133 7134 7135 7136 7137 7138 7139 7140 7141 7142 7143 7144 7145 7146 7147 7148 7149 7150 7151 7152 7153 7154 7155 7156 7157 7158 7159 7160 7161 7162 7163 7164 7165 7166 7167
###fch 6144 6145 6146 6147 6148 6149 6150 6151 6152 6153 6154 6155 6156 6157 6158 6159 6160 6161 6162 6163 6164 6165 6166 6167 6168 6169 6170 6171 6172 6173 6174 6175 6176 6177 6178 6179 6180 6181 6182 6183 7208 7209 6184 6185 6186 6187 6188 6189 6190 6191 6192 6193 6194 6195 6196 6197 6198 6199 6200 6201 6202 6203 6204 6205 6206 6207 6208 6209 6210 6211 6212 6213 6214 6215 6216 6217 6218 6219 6220 6221 6222 6223 6224 6225 6226 6227 6228 6229 6230 6231 6232 6233 6234 6235 6236 6237 6238 6239 6240 6241 6242 6243 6244 6245 6246 6247 6248 6249 6250 6251 6252 6253 6254 6255 6256 6257 6258 6259 6260 6261 6262 6263 6264 6265 6266 6267 6268 6269 6270 6271 6272 6273 6274 6275 6276 6277 6278 6279 6280 6281 6282 6283 6284 6285 6286 6287 6288 6289 6290 6291 6292 6293 6294 6295 6296 6297 6298 6299 6300 6301 6302 6303 6304 6305 6306 6307 6308 6309 6310 6311 6312 6313 6314 6433 6434 6435 6436 6437 6438 6439 6440 6441 6442 6443 6444 6445 6446 6447 6448 6449 6450 6451 6452 6453 6454 6515 6516 6517 6518 6519 6520 6521 6522 6523 6524 6525 6526 6527 6528 6529 6530 6531 6532 6533 6534 4624 4625 4626 4627 4628 4629 4630 4631 4632 4633 4634 4635 5998 5999 6000 6001 6002 6003 6004 6005 6006 6007 6008 6009 6010 6011 6012 6013 6014 6015 6016 6017 6078 6079 6080 6081 6082 6083 6084 6085 6086 6087 6088 6089 6090 6091 6092 6093 6094 6095 6096 6097 6098 6099 6100 6101 6102 6103 6104 6105 6106 6107 6108 6109 6110 6111 6112 6113 6114 6115 6116 6117 6118 6119 6120 6121 6122 6123 6124 6125 6126 6127 6128 6129 6130 6131 6132 6133 6134 6135 6136 6137 6138 6139 6140 6141 6142 6143
###fch 7210 7211
###fch 7212 7213
###fch 7214 7215
###fch 7216 7217
###fch 7218 7219
###fch 7220 7221 7222 7223 7224 7225
###fch 7226 7227
###fch 7232 7233 7228 7229 7230 7231
###cch 12 14 93 91 89 87 85 83 81 79 77 75 73 71 69 67 65 63 61 59 57 54 52 50 48 46 44 42 40 38 36 34 32 30 28 26 24 22 20 18
###cch 148 150 229 227 225 223 221 219 217 215 213 211 209 207 205 203 201 199 197 195 193 190 188 186 184 182 180 178 176 174 172 170 168 166 164 162 160 158 156 154
###cch 284 286 365 363 361 359 357 355 353 351 349 347 345 343 341 339 337 335 333 331 329 326 324 322 320 318 316 314 312 310 308 306 304 302 300 298 296 294 292 290
###cch 420 422 501 499 497 495 493 491 489 487 485 483 481 479 477 475 473 471 469 467 465 462 460 458 456 454 452 450 448 446 444 442 440 438 436 434 432 430 428 426
###cch 2408 2410 2412 2414 2416 2418 2420 2422 2424 2426 2428 2430 2432 2434 2436 2438 2440 2442 2444 2446 2448 2450 2452 2454 2456 2458 2460 2462 2464 2466 2468 2470 2472 2474 2476 2478 2480 2482 2484 2486 2488 2490 2492 2494
###cch 2496 2498 2500 2502 2504 2506 2508 2510 2512 2514 2516 2518 2520 2522 2524 2526 2528 2530 2532 2534 2536 2538 2540 2542 2544 2546 2548 2550 2552 2554 2556 2558 2560 2562 2564 2566 2568 2570 2572 2574 2576 2578 2580 2582
###cch 2584 2586 2588 2590 2592 2594 2596 2598 2600 2602 2604 2606 2608 2610 2612 2614 2616 2618 2620 2622 2624 2626 2628 2630 2632 2634 2636 2638 2640 2642 2644 2646 2648 2650 2652 2654 2656 2658 2660 2662 2664 2666 2668 2670
###cch 2672 2674 2676 2678 2680 2682 2684 2686 2688 2690 2692 2694 2696 2698 2700 2702 2704 2706 2708 2710 2712 2714 2716 2718 2720 2722 2724 2726 2728 2730 2732 2734 2736 2738 2740 2742 2744 2746 2748 2750 2752 2754 2756 2758
###cch 3032 3034 3036 3038 3040 3042
###cch 3045 3047 3049 3051 3053 3055
###cch 3059 3061 3063 3065 3067 3069
###cch 3074 3076 3078 3080 3082 3084
###cch 13 15 16 92 90 88 86 84 82 80 78 76 74 72 70 68 66 64 62 60 58 56 55 53 51 49 47 45 43 41 39 37 35 33 31 29 27 25 23 21 19 17
###cch 149 151 152 228 226 224 222 220 218 216 214 212 210 208 206 204 202 200 198 196 194 192 191 189 187 185 183 181 179 177 175 173 171 169 167 165 163 161 159 157 155 153
###cch 285 287 288 364 362 360 358 356 354 352 350 348 346 344 342 340 338 336 334 332 330 328 327 325 323 321 319 317 315 313 311 309 307 305 303 301 299 297 295 293 291 289
###cch 421 423 424 500 498 496 494 492 490 488 486 484 482 480 478 476 474 472 470 468 466 464 463 461 459 457 455 453 451 449 447 445 443 441 439 437 435 433 431 429 427 425
###cch 94 95 96 97 98 99 100 101 102 103 104 105 106 107 108 109 110 111 112 113 114 115 116 117 118 119 120 121 122 123 124 125 126 127 128 129 130 131 132 133 134 135
###cch 230 231 232 233 234 235 236 237 238 239 240 241 242 243 244 245 246 247 248 249 250 251 252 253 254 255 256 257 258 259 260 261 262 263 264 265 266 267 268 269 270 271
###cch 366 367 368 369 370 371 372 373 374 375 376 377 378 379 380 381 382 383 384 385 386 387 388 389 390 391 392 393 394 395 396 397 398 399 400 401 402 403 404 405 406 407
###cch 502 503 504 505 506 507 508 509 510 511 512 513 514 515 516 517 518 519 520 521 522 523 524 525 526 527 528 529 530 531 532 533 534 535 536 537 538 539 540 541 542 543
###cch 2407 2409 2411 2413 2415 2417 2419 2421 2423 2425 2427 2429 2431 2433 2435 2437 2439 2441 2443 2445 2447 2449 2451 2453 2455 2457 2459 2461 2463 2465 2467 2469 2471 2473 2475 2477 2479 2481 2483 2485 2487 2489 2491 2493
###cch 2495 2497 2499 2501 2503 2505 2507 2509 2511 2513 2515 2517 2519 2521 2523 2525 2527 2529 2531 2533 2535 2537 2539 2541 2543 2545 2547 2549 2551 2553 2555 2557 2559 2561 2563 2565 2567 2569 2571 2573 2575 2577 2579 2581
###cch 2583 2585 2587 2589 2591 2593 2595 2597 2599 2601 2603 2605 2607 2609 2611 2613 2615 2617 2619 2621 2623 2625 2627 2629 2631 2633 2635 2637 2639 2641 2643 2645 2647 2649 2651 2653 2655 2657 2659 2661 2663 2665 2667 2669
###cch 2671 2673 2675 2677 2679 2681 2683 2685 2687 2689 2691 2693 2695 2697 2699 2701 2703 2705 2707 2709 2711 2713 2715 2717 2719 2721 2723 2725 2727 2729 2731 2733 2735 2737 2739 2741 2743 2745 2747 2749 2751 2753 2755 2757
###cch 556 637 633 629 625 621 617 613 609 605 601 596 592 588 584 580 576 572 568 564
###cch 692 694 773 771 769 767 765 763 761 759 757 755 753 751 749 747 745 743 741 739 737 734 732 730 728 726 724 722 720 718 716 714 712 710 708 706 704 702 700 698
###cch 828 909 905 901 897 893 889 885 881 877 873 868 864 860 856 852 848 844 840 836
###cch 964 966 1045 1043 1041 1039 1037 1035 1033 1031 1029 1027 1025 1023 1021 1019 1017 1015 1013 1011 1009 1006 1004 1002 1000 998 996 994 992 990 988 986 984 982 980 978 976 974 972 970
###cch 1101 1187 1185 1183 1181 1179 1177 1175 1173 1171 1169 1167 1165 1163 1161 1159 1157 1155 1153 1151 1149 1147 1145 1143 1141 1139 1137 1135 1133 1131 1129 1127 1125 1123 1121 1119 1117 1115 1113 1111 1109 1107 1105 1103
###cch 1189 1275 1273 1271 1269 1267 1265 1263 1261 1259 1257 1255 1253 1251 1249 1247 1245 1243 1241 1239 1237 1235 1233 1231 1229 1227 1225 1223 1221 1219 1217 1215 1213 1211 1209 1207 1205 1203 1201 1199 1197 1195 1193 1191
###cch 1277 1363 1361 1359 1357 1355 1353 1351 1349 1347 1345 1343 1341 1339 1337 1335 1333 1331 1329 1327 1325 1323 1321 1319 1317 1315 1313 1311 1309 1307 1305 1303 1301 1299 1297 1295 1293 1291 1289 1287 1285 1283 1281 1279
###cch 1365 1451 1449 1447 1445 1443 1441 1439 1437 1435 1433 1431 1429 1427 1425 1423 1421 1419 1417 1415 1413 1411 1409 1407 1405 1403 1401 1399 1397 1395 1393 1391 1389 1387 1385 1383 1381 1379 1377 1375 1373 1371 1369 1367
###cch 1824 1826 1828 1830 1832 1834
###cch 1839 1841 1843 1845 1847 1849
###cch 1852 1854 1856 1858 1860 1862
###cch 1903 1905 1907 1909 1911 1913
###cch 557 560 634 630 626 622 618 614 610 606 602 599 595 591 587 583 579 575 571 567 563
###cch 597 600 604 608 612 616 620 624 628 632 636 559 561 565 569 573 577 581 585 589 593
###cch 693 695 696 772 770 768 766 764 762 760 758 756 754 752 750 748 746 744 742 740 738 736 735 733 731 729 727 725 723 721 719 717 715 713 711 709 707 705 703 701 699 697
###cch 829 832 906 902 898 894 890 886 882 878 874 871 867 863 859 855 851 847 843 839 835
###cch 869 872 876 880 884 888 892 896 900 904 908 831 833 837 841 845 849 853 857 861 865
###cch 965 967 968 1044 1042 1040 1038 1036 1034 1032 1030 1028 1026 1024 1022 1020 1018 1016 1014 1012 1010 1008 1007 1005 1003 1001 999 997 995 993 991 989 987 985 983 981 979 977 975 973 971 969
###cch 638 640 642 644 646 648 650 652 654 656 658 660 662 664 666 668 670 672 674 676 678
###cch 659 661 663 665 667 669 671 673 675 677 679 639 641 643 645 647 649 651 653 655 657
###cch 774 775 776 777 778 779 780 781 782 783 784 785 786 787 788 789 790 791 792 793 794 795 796 797 798 799 800 801 802 803 804 805 806 807 808 809 810 811 812 813 814 815
###cch 910 912 914 916 918 920 922 924 926 928 930 932 934 936 938 940 942 944 946 948 950
###cch 931 933 935 937 939 941 943 945 947 949 951 911 913 915 917 919 921 923 925 927 929
###cch 1046 1047 1048 1049 1050 1051 1052 1053 1054 1055 1056 1057 1058 1059 1060 1061 1062 1063 1064 1065 1066 1067 1068 1069 1070 1071 1072 1073 1074 1075 1076 1077 1078 1079 1080 1081 1082 1083 1084 1085 1086 1087
###cch 1100 1104 1108 1112 1116 1120 1124 1128 1132 1136 1140 1144 1148 1152 1156 1160 1164 1168 1172 1176 1180 1184
###cch 1122 1126 1130 1134 1138 1142 1146 1150 1154 1158 1162 1166 1170 1174 1178 1182 1186 1102 1106 1110 1114 1118
###cch 1188 1274 1272 1270 1268 1266 1264 1262 1260 1258 1256 1254 1252 1250 1248 1246 1244 1242 1240 1238 1236 1234 1232 1230 1228 1226 1224 1222 1220 1218 1216 1214 1212 1210 1208 1206 1204 1202 1200 1198 1196 1194 1192 1190
###cch 1276 1362 1360 1358 1356 1354 1352 1350 1348 1346 1344 1342 1340 1338 1336 1334 1332 1330 1328 1326 1324 1322 1320 1318 1316 1314 1312 1310 1308 1306 1304 1302 1300 1298 1296 1294 1292 1290 1288 1286 1284 1282 1280 1278
###cch 1364 1366 1368 1370 1372 1374 1376 1378 1380 1382 1384 1386 1388 1390 1392 1394 1396 1398 1400 1402 1404 1406 1408 1410 1412 1414 1416 1418 1420 1422 1424 1426 1428 1430 1432 1434 1436 1438 1440 1442 1444 1446 1448 1450
###cch 1825 1827 1829 1831 1833 1835
###cch 1838 1840 1842 1844 1846 1848
###cch 1853 1855 1857 1859 1861 1863
###cch 1902 1904 1906 1908 1910 1912
###cch 3031 3033 3035 3037 3039 3041
###cch 3046 3048 3050 3052 3054 3056
###cch 3060 3062 3064 3066 3068 3070
###cch 3073 3075 3077 3079 3081 3083
###cch 1552 1553 1554 1555 1556 1587 1586 1585 1584 1583 1582 1581 1580 1579 1578 1577 1576 1575 1574 1573 1572 1571 1570 1569 1568 1567 1566 1565 1564 1563 1562 1561 1560 1559 1558 1557
###cch 2995 2996 2997 2998 2999 3030 3029 3028 3027 3026 3025 3024 3023 3022 3021 3020 3019 3018 3017 3016 3015 3014 3013 3012 3011 3010 3009 3008 3007 3006 3005 3004 3003 3002 3001 3000
###cch 1454 1550 1548 1545 1542 1539 1536 1534 1531 1528 1525 1523 1520 1517 1514 1511 1509 1506 1503 1500 1498 1495 1492 1489 1486 1484 1481 1478 1475 1473 1470 1467 1464 1461 1459 1456
###cch 2897 2993 2991 2988 2985 2982 2979 2977 2974 2971 2968 2966 2963 2960 2957 2954 2952 2949 2946 2943 2941 2938 2935 2932 2929 2927 2924 2921 2918 2916 2913 2910 2907 2904 2902 2899
###cch 1590 1592 1595 1597 1600 1603 1606 1609 1611 1614 1617 1620 1622 1625 1628 1631 1634 1636 1639 1642 1645 1647 1650 1653 1656 1659 1661 1664 1667 1670 1672 1675 1678 1681 1684 1686
###cch 2761 2763 2766 2768 2771 2774 2777 2780 2782 2785 2788 2791 2793 2796 2799 2802 2805 2807 2810 2813 2816 2818 2821 2824 2827 2830 2832 2835 2838 2841 2843 2846 2849 2852 2855 2857
###cch 1688 1689 1690 1691 1692 1723 1722 1721 1720 1719 1718 1717 1716 1715 1714 1713 1712 1711 1710 1709 1708 1707 1706 1705 1704 1703 1702 1701 1700 1699 1698 1697 1696 1695 1694 1693
###cch 2859 2860 2861 2862 2863 2894 2893 2892 2891 2890 2889 2888 2887 2886 2885 2884 2883 2882 2881 2880 2879 2878 2877 2876 2875 2874 2873 2872 2871 2870 2869 2868 2867 2866 2865 2864
###cch 1724 1729 1733 1736 1739 1742 1745 1747 1750 1753 1756 1758 1761 1764 1767 1770 1772 1775 1778 1781 1783 1786 1789 1792 1795 1797 1800 1803 1806 1808 1811 1814 1817 1820 1822 1726
###cch 1096 2331 2330 2329 2328 2327 2326 2325 2324 2323 2322
###cch 2094 2164 2162 2160 2158 2156 2154 2152 2150 2148 2146 2144 2142 2140 2138 2136 2134 2132 2130 2128 2126 2124 2122 2120 2118 2116 2114 2112 2110 2108 2106 2104 2102 2100 2098 2096
###cch 2202 2204 2206 2208 2210 2212 2214 2216 2218 2220 2222 2224 2226 2228 2230 2232 2234 2236 2238 2240 2242 2244 2246 2248 2250 2252 2254 2256 2258 2260 2262 2264 2266 2268 2270 2272
###cch 2311 2312 2313 2314 2315 2316 2317 2318 2319 2320 2321
###cch 2332 2333 2334 2335 2336 2337 2338 2339 2340 2341
###cch 2342 2343 2344 2345 2346 2347 2348 2349 2350 2351 2352
###cch 2400 3363 3364 3365 3366 3367 3368 3369 3370 3371 3372
###cch 3189 3191 3193 3195 3197 3199 3201 3203 3205 3207 2395
###cch 3208 3242 3214 3213 3212 3241 3218 3217 3216 3240 3239 3238 3231 3230 3229 3255 3254 3253 3252 3251 3234 3233 3232 3250 3249 3248 3247 3246 3237 3236 3235 3245 3244 3243 3210 3209
###cch 3211 3215 3219 3220 3221 3222 3223 3224 3225 3226 3227
###cch 3373 3397 3396 3395 3394 3393 3392 3391 3390 3386 3268
###cch 3374 3415 3414 3413 3379 3378 3377 3412 3411 3410 3409 3408 3382 3381 3380 3407 3406 3405 3404 3403 3385 3384 3383 3402 3401 3418 3389 3388 3387 3417 3400 3399 3398 3416 3376 3375
###cch 1097 2353 2354 2355 2356 2357 2358 2359 2360 2361 2362
###cch 1098 2394 2393 2392 2391 2390 2389 2388 2387 2386 2385
###cch 2166 2201 2200 2199 2198 2197 2196 2195 2194 2193 2192 2191 2190 2189 2188 2187 2186 2185 2184 2183 2182 2181 2180 2179 2178 2177 2176 2175 2174 2173 2172 2171 2170 2169 2168 2167
###cch 2274 2275 2276 2277 2278 2279 2280 2281 2282 2283 2284 2285 2286 2287 2288 2289 2290 2291 2292 2293 2294 2295 2296 2297 2298 2299 2300 2301 2302 2303 2304 2305 2306 2307 2308 2309
###cch 2363 2364 2365 2366 2367 2368 2369 2370 2371 2372 2373
###cch 2374 2377 2378 2379 2380 2381 2375 2376 2382 2383 2384
###cch 2397 3206 3204 3202 3200 3198 3196 3194 3192 3190 3188
###cch 2399 3280 3281 3282 3283 3284 3278 3279 3286 3287 3288
###cch 3256 3257 3258 3259 3260 3261 3262 3263 3264 3265 3266
###cch 3267 3317 3316 3315 3314 3313 3312 3310 3309 3301 3298
###cch 3271 3272 3273 3336 3335 3334 3333 3332 3331 3330 3329 3328 3327 3326 3325 3324 3323 3322 3321 3320 3318 3361 3360 3358 3356 3354 3352 3349 3347 3345 3343 3341 3340 3338 3275 3274
###cch 3277 3285 3289 3290 3291 3292 3293 3294 3295 3296 3297 3299 3300 3302 3303 3304 3305 3306 3307 3308 3311 3319 3362 3359 3357 3355 3353 3351 3350 3348 3346 3344 3342 3339 3337 3276
###cch 1864 1865 1866 1896 1897 1898 1899 1900 1901 1875 1876 1877 1878 1879 1880 1881 1882 1883 1872 1873 1874 1884 1885 1886 1887 1888 1889 1868 1869 1870 1890 1891 1892 1893 1894 1895
###cch 3085 3086 3087 3117 3118 3119 3120 3121 3122 3096 3097 3098 3099 3100 3101 3102 3103 3104 3093 3094 3095 3105 3106 3107 3108 3109 3110 3089 3090 3091 3111 3112 3113 3114 3115 3116
###cch 1993 2060 2059 2051 2052 2053 2054 2055 2056 2057 2086 2084 2082 2080 2078 2077 2075 2074 2072 2017 2018 2020 2022 2024 2026 2028 2030 2032 2069 2067 2065 2063 2061 1998 1996 1995
###cch 3431 3432 3510 3512 3513 3514 3515 3516 3517 3518 3507 3506 3505 3504 3503 3502 3501 3500 3499 3498 3497 3496 3495 3494 3493 3492 3491 3490 3489 3488 3487 3486 3485 3484 3508 3509
###cch 1916 1965 1967 1969 1970 1971 1972 1973 1974 1975 1976 1977 1978 1962 1960 1958 1956 1954 1952 1950 1948 1946 1944 1942 1940 1938 1936 1934 1932 1930 1928 1926 1924 1922 1920 1918
###cch 3123 3172 3174 3176 3177 3178 3179 3180 3181 3182 3183 3184 3185 3169 3167 3165 3163 3161 3159 3157 3155 3153 3151 3149 3147 3145 3143 3141 3139 3137 3135 3133 3131 3129 3127 3125
###cch 1917 1964 1966 1968 1980
###cch 1917 1919 1921 1923 1925 1927 1929 1931 1933 1935 1937 1939 1941 1943 1945 1947 1949 1951 1953 1955 1957 1959 1961 1963 1979
###cch 3124 3171 3173 3175 3187
###cch 3124 3126 3128 3130 3132 3134 3136 3138 3140 3142 3144 3146 3148 3150 3152 3154 3156 3158 3160 3162 3164 3166 3168 3170 3186
###cch 1981 2000 2002 2004 2005 2006 2007 2008 2009 2010 2011 2012 2013 2014 2044 2045 2046 2047 2048 2049 2050 2034 2035 2036 2037 2038 2039 2040 2041 2042 2043 1991 1989 1987 1985 1983
###cch 3419 3434 3436 3438 3440 3442 3444 3446 3448 3450 3452 3454 3456 3458 3460 3462 3464 3466 3468 3470 3472 3474 3475 3476 3477 3478 3479 3480 3481 3482 3483 3429 3427 3425 3423 3421
###cch 1982 1999 2001 2003 2058 2088 2087 2085 2083 2081 2079 2076 2073 2015 2016 2019 2021 2023 2025 2027 2029 2031 2033 2071 2070 2068 2066 2064 2062 1997 1994 1992 1990 1988 1986 1984
###cch 3420 3433 3435 3437 3439 3441 3443 3445 3447 3449 3451 3453 3455 3457 3459 3461 3463 3465 3467 3469 3471 3473 3519
###cch 3420 3422 3424 3426 3428 3430 3511
###cch 2095 2165 2163 2161 2159 2157 2155 2153 2151 2149 2147 2145 2143 2141 2139 2137 2135 2133 2131 2129 2127 2125 2123 2121 2119 2117 2115 2113 2111 2109 2107 2105 2103 2101 2099 2097
###cch 2203 2205 2207 2209 2211 2213 2215 2217 2219 2221 2223 2225 2227 2229 2231 2233 2235 2237 2239 2241 2243 2245 2247 2249 2251 2253 2255 2257 2259 2261 2263 2265 2267 2269 2271 2273
###cch 3523 3558 3557 3556 3555 3554 3553 3552 3551 3550 3549 3548 3547 3546 3545 3544 3543 3542 3541 3540 3539 3538 3537 3536 3535 3534 3533 3532 3531 3530 3529 3528 3527 3526 3525 3524
###cch 3559 3560 3561 3562 3563 3564 3565 3566 3567 3568 3569 3570 3571 3572 3573 3574 3575 3576 3577 3578 3579 3580 3581 3582 3583 3584 3585 3586 3587 3588 3589 3590 3591 3592 3593 3594
