# Blender v3.5.0 OBJ File: 'models.blend'
# www.blender.org
mtllib pump_body.mtl
o pump_body.001_pump_body.002
v 0.010181 0.025580 -0.005580
v 0.010166 0.025580 -0.005406
v 0.010166 0.025580 -0.005754
v 0.010121 0.025580 -0.005922
v 0.010121 0.025580 -0.005238
v 0.010047 0.025580 -0.006080
v 0.010047 0.025580 -0.005080
v 0.009947 0.025580 -0.006223
v 0.009947 0.025580 -0.004937
v 0.009824 0.025580 -0.006346
v 0.009824 0.025580 -0.004814
v 0.009681 0.025580 -0.006446
v 0.009681 0.025580 -0.004714
v 0.009523 0.025580 -0.006520
v 0.009523 0.025580 -0.004640
v 0.009355 0.025580 -0.006565
v 0.009355 0.025580 -0.004595
v 0.009181 0.025580 -0.006580
v 0.009181 0.025580 -0.004580
v 0.009007 0.025580 -0.006565
v 0.009007 0.025580 -0.004595
v 0.008839 0.025580 -0.006520
v 0.008839 0.025580 -0.004640
v 0.008681 0.025580 -0.006446
v 0.008681 0.025580 -0.004714
v 0.008538 0.025580 -0.006346
v 0.008538 0.025580 -0.004814
v 0.008415 0.025580 -0.006223
v 0.008415 0.025580 -0.004937
v 0.008315 0.025580 -0.006080
v 0.008315 0.025580 -0.005080
v 0.008241 0.025580 -0.005922
v 0.008241 0.025580 -0.005238
v 0.008196 0.025580 -0.005754
v 0.008196 0.025580 -0.005406
v 0.008181 0.025580 -0.005580
v 0.010166 0.022247 -0.005754
v 0.010181 0.022247 -0.005580
v 0.010166 0.022247 -0.005406
v 0.010121 0.022247 -0.005238
v 0.010047 0.022247 -0.005080
v 0.009947 0.022247 -0.004937
v 0.009824 0.022247 -0.004814
v 0.009681 0.022247 -0.004714
v 0.009523 0.022247 -0.004640
v 0.009355 0.022247 -0.004595
v 0.009181 0.022247 -0.004580
v 0.009007 0.022247 -0.004595
v 0.008839 0.022247 -0.004640
v 0.008681 0.022247 -0.004714
v 0.008538 0.022247 -0.004814
v 0.008415 0.022247 -0.004937
v 0.008315 0.022247 -0.005080
v 0.008241 0.022247 -0.005238
v 0.008196 0.022247 -0.005406
v 0.008181 0.022247 -0.005580
v 0.008196 0.022247 -0.005754
v 0.008241 0.022247 -0.005922
v 0.008315 0.022247 -0.006080
v 0.008415 0.022247 -0.006223
v 0.008538 0.022247 -0.006346
v 0.008681 0.022247 -0.006446
v 0.008839 0.022247 -0.006520
v 0.009007 0.022247 -0.006565
v 0.009181 0.022247 -0.006580
v 0.009355 0.022247 -0.006565
v 0.009523 0.022247 -0.006520
v 0.009681 0.022247 -0.006446
v 0.009824 0.022247 -0.006346
v 0.009947 0.022247 -0.006223
v 0.010047 0.022247 -0.006080
v 0.010121 0.022247 -0.005922
v 0.010166 0.005580 -0.005406
v 0.010166 0.008913 -0.005406
v 0.010181 0.005580 -0.005580
v 0.010181 0.008913 -0.005580
v 0.010166 0.005580 -0.005754
v 0.010166 0.008913 -0.005754
v 0.010121 0.005580 -0.005922
v 0.010121 0.008913 -0.005922
v 0.010047 0.005580 -0.006080
v 0.010047 0.008913 -0.006080
v 0.009947 0.005580 -0.006223
v 0.009947 0.008913 -0.006223
v 0.009824 0.005580 -0.006346
v 0.009824 0.008913 -0.006346
v 0.009681 0.005580 -0.006446
v 0.009681 0.008913 -0.006446
v 0.009523 0.005580 -0.006520
v 0.009523 0.008913 -0.006520
v 0.009355 0.005580 -0.006565
v 0.009355 0.008913 -0.006565
v 0.009181 0.005580 -0.006580
v 0.009181 0.008913 -0.006580
v 0.009007 0.005580 -0.006565
v 0.009007 0.008913 -0.006565
v 0.008839 0.005580 -0.006520
v 0.008839 0.008913 -0.006520
v 0.008681 0.005580 -0.006446
v 0.008681 0.008913 -0.006446
v 0.008538 0.005580 -0.006346
v 0.008538 0.008913 -0.006346
v 0.008415 0.005580 -0.006223
v 0.008415 0.008913 -0.006223
v 0.008315 0.005580 -0.006080
v 0.008315 0.008913 -0.006080
v 0.008241 0.005580 -0.005922
v 0.008241 0.008913 -0.005922
v 0.008196 0.005580 -0.005754
v 0.008196 0.008913 -0.005754
v 0.008181 0.005580 -0.005580
v 0.008181 0.008913 -0.005580
v 0.008196 0.005580 -0.005406
v 0.008196 0.008913 -0.005406
v 0.008241 0.005580 -0.005238
v 0.008241 0.008913 -0.005238
v 0.008315 0.005580 -0.005080
v 0.008315 0.008913 -0.005080
v 0.008415 0.005580 -0.004937
v 0.008415 0.008913 -0.004937
v 0.008538 0.005580 -0.004814
v 0.008538 0.008913 -0.004814
v 0.008681 0.005580 -0.004714
v 0.008681 0.008913 -0.004714
v 0.008839 0.005580 -0.004640
v 0.008839 0.008913 -0.004640
v 0.009007 0.005580 -0.004595
v 0.009007 0.008913 -0.004595
v 0.009181 0.005580 -0.004580
v 0.009181 0.008913 -0.004580
v 0.009355 0.005580 -0.004595
v 0.009355 0.008913 -0.004595
v 0.009523 0.005580 -0.004640
v 0.009523 0.008913 -0.004640
v 0.009681 0.005580 -0.004714
v 0.009681 0.008913 -0.004714
v 0.009824 0.005580 -0.004814
v 0.009824 0.008913 -0.004814
v 0.009947 0.005580 -0.004937
v 0.009947 0.008913 -0.004937
v 0.010047 0.005580 -0.005080
v 0.010047 0.008913 -0.005080
v 0.010121 0.005580 -0.005238
v 0.010121 0.008913 -0.005238
v 0.010181 0.018913 -0.005580
v 0.010166 0.018913 -0.005406
v 0.010121 0.018913 -0.005238
v 0.010047 0.018913 -0.005080
v 0.009947 0.018913 -0.004937
v 0.009824 0.018913 -0.004814
v 0.009681 0.018913 -0.004714
v 0.009523 0.018913 -0.004640
v 0.009355 0.018913 -0.004595
v 0.009181 0.018913 -0.004580
v 0.009007 0.018913 -0.004595
v 0.008839 0.018913 -0.004640
v 0.008681 0.018913 -0.004714
v 0.008538 0.018913 -0.004814
v 0.008415 0.018913 -0.004937
v 0.008315 0.018913 -0.005080
v 0.008241 0.018913 -0.005238
v 0.008196 0.018913 -0.005406
v 0.008181 0.018913 -0.005580
v 0.008196 0.018913 -0.005754
v 0.008241 0.018913 -0.005922
v 0.008315 0.018913 -0.006080
v 0.008415 0.018913 -0.006223
v 0.008538 0.018913 -0.006346
v 0.008681 0.018913 -0.006446
v 0.008839 0.018913 -0.006520
v 0.009007 0.018913 -0.006565
v 0.009181 0.018913 -0.006580
v 0.009355 0.018913 -0.006565
v 0.009523 0.018913 -0.006520
v 0.009681 0.018913 -0.006446
v 0.009824 0.018913 -0.006346
v 0.009947 0.018913 -0.006223
v 0.010047 0.018913 -0.006080
v 0.010121 0.018913 -0.005922
v 0.010166 0.018913 -0.005754
v 0.010181 0.015580 -0.005580
v 0.010166 0.015580 -0.005406
v 0.010121 0.015580 -0.005238
v 0.010047 0.015580 -0.005080
v 0.009947 0.015580 -0.004937
v 0.009824 0.015580 -0.004814
v 0.009681 0.015580 -0.004714
v 0.009523 0.015580 -0.004640
v 0.009355 0.015580 -0.004595
v 0.009181 0.015580 -0.004580
v 0.009007 0.015580 -0.004595
v 0.008839 0.015580 -0.004640
v 0.008681 0.015580 -0.004714
v 0.008538 0.015580 -0.004814
v 0.008415 0.015580 -0.004937
v 0.008315 0.015580 -0.005080
v 0.008241 0.015580 -0.005238
v 0.008196 0.015580 -0.005406
v 0.008181 0.015580 -0.005580
v 0.008196 0.015580 -0.005754
v 0.008241 0.015580 -0.005922
v 0.008315 0.015580 -0.006080
v 0.008415 0.015580 -0.006223
v 0.008538 0.015580 -0.006346
v 0.008681 0.015580 -0.006446
v 0.008839 0.015580 -0.006520
v 0.009007 0.015580 -0.006565
v 0.009181 0.015580 -0.006580
v 0.009355 0.015580 -0.006565
v 0.009523 0.015580 -0.006520
v 0.009681 0.015580 -0.006446
v 0.009824 0.015580 -0.006346
v 0.009947 0.015580 -0.006223
v 0.010047 0.015580 -0.006080
v 0.010121 0.015580 -0.005922
v 0.010166 0.015580 -0.005754
v 0.010181 0.012247 -0.005580
v 0.010166 0.012247 -0.005406
v 0.010121 0.012247 -0.005238
v 0.010047 0.012247 -0.005080
v 0.009947 0.012247 -0.004937
v 0.009824 0.012247 -0.004814
v 0.009681 0.012247 -0.004714
v 0.009523 0.012247 -0.004640
v 0.009355 0.012247 -0.004595
v 0.009181 0.012247 -0.004580
v 0.009007 0.012247 -0.004595
v 0.008839 0.012247 -0.004640
v 0.008681 0.012247 -0.004714
v 0.008538 0.012247 -0.004814
v 0.008415 0.012247 -0.004937
v 0.008315 0.012247 -0.005080
v 0.008241 0.012247 -0.005238
v 0.008196 0.012247 -0.005406
v 0.008181 0.012247 -0.005580
v 0.008196 0.012247 -0.005754
v 0.008241 0.012247 -0.005922
v 0.008315 0.012247 -0.006080
v 0.008415 0.012247 -0.006223
v 0.008538 0.012247 -0.006346
v 0.008681 0.012247 -0.006446
v 0.008839 0.012247 -0.006520
v 0.009007 0.012247 -0.006565
v 0.009181 0.012247 -0.006580
v 0.009355 0.012247 -0.006565
v 0.009523 0.012247 -0.006520
v 0.009681 0.012247 -0.006446
v 0.009824 0.012247 -0.006346
v 0.009947 0.012247 -0.006223
v 0.010047 0.012247 -0.006080
v 0.010121 0.012247 -0.005922
v 0.010166 0.012247 -0.005754
v -0.008181 0.025580 -0.005580
v -0.008196 0.025580 -0.005406
v -0.008196 0.025580 -0.005754
v -0.008241 0.025580 -0.005922
v -0.008241 0.025580 -0.005238
v -0.008315 0.025580 -0.006080
v -0.008315 0.025580 -0.005080
v -0.008415 0.025580 -0.006223
v -0.008415 0.025580 -0.004937
v -0.008538 0.025580 -0.006346
v -0.008538 0.025580 -0.004814
v -0.008681 0.025580 -0.006446
v -0.008681 0.025580 -0.004714
v -0.008839 0.025580 -0.006520
v -0.008839 0.025580 -0.004640
v -0.009007 0.025580 -0.006565
v -0.009007 0.025580 -0.004595
v -0.009181 0.025580 -0.006580
v -0.009181 0.025580 -0.004580
v -0.009355 0.025580 -0.006565
v -0.009355 0.025580 -0.004595
v -0.009523 0.025580 -0.006520
v -0.009523 0.025580 -0.004640
v -0.009681 0.025580 -0.006446
v -0.009681 0.025580 -0.004714
v -0.009824 0.025580 -0.006346
v -0.009824 0.025580 -0.004814
v -0.009947 0.025580 -0.006223
v -0.009947 0.025580 -0.004937
v -0.010047 0.025580 -0.006080
v -0.010047 0.025580 -0.005080
v -0.010121 0.025580 -0.005922
v -0.010121 0.025580 -0.005238
v -0.010166 0.025580 -0.005754
v -0.010166 0.025580 -0.005406
v -0.010181 0.025580 -0.005580
v -0.008181 0.005580 -0.005580
v -0.008196 0.005580 -0.005754
v -0.008196 0.005580 -0.005406
v -0.008241 0.005580 -0.005238
v -0.008241 0.005580 -0.005922
v -0.008315 0.005580 -0.005080
v -0.008315 0.005580 -0.006080
v -0.008415 0.005580 -0.004937
v -0.008415 0.005580 -0.006223
v -0.008538 0.005580 -0.004814
v -0.008538 0.005580 -0.006346
v -0.008681 0.005580 -0.004714
v -0.008681 0.005580 -0.006446
v -0.008839 0.005580 -0.004640
v -0.008839 0.005580 -0.006520
v -0.009007 0.005580 -0.004595
v -0.009007 0.005580 -0.006565
v -0.009181 0.005580 -0.004580
v -0.009181 0.005580 -0.006580
v -0.009355 0.005580 -0.004595
v -0.009355 0.005580 -0.006565
v -0.009523 0.005580 -0.004640
v -0.009523 0.005580 -0.006520
v -0.009681 0.005580 -0.004714
v -0.009681 0.005580 -0.006446
v -0.009824 0.005580 -0.004814
v -0.009824 0.005580 -0.006346
v -0.009947 0.005580 -0.004937
v -0.009947 0.005580 -0.006223
v -0.010047 0.005580 -0.005080
v -0.010047 0.005580 -0.006080
v -0.010121 0.005580 -0.005238
v -0.010121 0.005580 -0.005922
v -0.010166 0.005580 -0.005406
v -0.010166 0.005580 -0.005754
v -0.010181 0.005580 -0.005580
v -0.008196 0.022247 -0.005754
v -0.008181 0.022247 -0.005580
v -0.008196 0.022247 -0.005406
v -0.008241 0.022247 -0.005238
v -0.008315 0.022247 -0.005080
v -0.008415 0.022247 -0.004937
v -0.008538 0.022247 -0.004814
v -0.008681 0.022247 -0.004714
v -0.008839 0.022247 -0.004640
v -0.009007 0.022247 -0.004595
v -0.009181 0.022247 -0.004580
v -0.009355 0.022247 -0.004595
v -0.009523 0.022247 -0.004640
v -0.009681 0.022247 -0.004714
v -0.009824 0.022247 -0.004814
v -0.009947 0.022247 -0.004937
v -0.010047 0.022247 -0.005080
v -0.010121 0.022247 -0.005238
v -0.010166 0.022247 -0.005406
v -0.010181 0.022247 -0.005580
v -0.010166 0.022247 -0.005754
v -0.010121 0.022247 -0.005922
v -0.010047 0.022247 -0.006080
v -0.009947 0.022247 -0.006223
v -0.009824 0.022247 -0.006346
v -0.009681 0.022247 -0.006446
v -0.009523 0.022247 -0.006520
v -0.009355 0.022247 -0.006565
v -0.009181 0.022247 -0.006580
v -0.009007 0.022247 -0.006565
v -0.008839 0.022247 -0.006520
v -0.008681 0.022247 -0.006446
v -0.008538 0.022247 -0.006346
v -0.008415 0.022247 -0.006223
v -0.008315 0.022247 -0.006080
v -0.008241 0.022247 -0.005922
v -0.008196 0.008913 -0.005406
v -0.008181 0.008913 -0.005580
v -0.008196 0.008913 -0.005754
v -0.008241 0.008913 -0.005922
v -0.008315 0.008913 -0.006080
v -0.008415 0.008913 -0.006223
v -0.008538 0.008913 -0.006346
v -0.008681 0.008913 -0.006446
v -0.008839 0.008913 -0.006520
v -0.009007 0.008913 -0.006565
v -0.009181 0.008913 -0.006580
v -0.009355 0.008913 -0.006565
v -0.009523 0.008913 -0.006520
v -0.009681 0.008913 -0.006446
v -0.009824 0.008913 -0.006346
v -0.009947 0.008913 -0.006223
v -0.010047 0.008913 -0.006080
v -0.010121 0.008913 -0.005922
v -0.010166 0.008913 -0.005754
v -0.010181 0.008913 -0.005580
v -0.010166 0.008913 -0.005406
v -0.010121 0.008913 -0.005238
v -0.010047 0.008913 -0.005080
v -0.009947 0.008913 -0.004937
v -0.009824 0.008913 -0.004814
v -0.009681 0.008913 -0.004714
v -0.009523 0.008913 -0.004640
v -0.009355 0.008913 -0.004595
v -0.009181 0.008913 -0.004580
v -0.009007 0.008913 -0.004595
v -0.008839 0.008913 -0.004640
v -0.008681 0.008913 -0.004714
v -0.008538 0.008913 -0.004814
v -0.008415 0.008913 -0.004937
v -0.008315 0.008913 -0.005080
v -0.008241 0.008913 -0.005238
v -0.008181 0.018913 -0.005580
v -0.008196 0.018913 -0.005406
v -0.008241 0.018913 -0.005238
v -0.008315 0.018913 -0.005080
v -0.008415 0.018913 -0.004937
v -0.008538 0.018913 -0.004814
v -0.008681 0.018913 -0.004714
v -0.008839 0.018913 -0.004640
v -0.009007 0.018913 -0.004595
v -0.009181 0.018913 -0.004580
v -0.009355 0.018913 -0.004595
v -0.009523 0.018913 -0.004640
v -0.009681 0.018913 -0.004714
v -0.009824 0.018913 -0.004814
v -0.009947 0.018913 -0.004937
v -0.010047 0.018913 -0.005080
v -0.010121 0.018913 -0.005238
v -0.010166 0.018913 -0.005406
v -0.010181 0.018913 -0.005580
v -0.010166 0.018913 -0.005754
v -0.010121 0.018913 -0.005922
v -0.010047 0.018913 -0.006080
v -0.009947 0.018913 -0.006223
v -0.009824 0.018913 -0.006346
v -0.009681 0.018913 -0.006446
v -0.009523 0.018913 -0.006520
v -0.009355 0.018913 -0.006565
v -0.009181 0.018913 -0.006580
v -0.009007 0.018913 -0.006565
v -0.008839 0.018913 -0.006520
v -0.008681 0.018913 -0.006446
v -0.008538 0.018913 -0.006346
v -0.008415 0.018913 -0.006223
v -0.008315 0.018913 -0.006080
v -0.008241 0.018913 -0.005922
v -0.008196 0.018913 -0.005754
v -0.008181 0.015580 -0.005580
v -0.008196 0.015580 -0.005406
v -0.008241 0.015580 -0.005238
v -0.008315 0.015580 -0.005080
v -0.008415 0.015580 -0.004937
v -0.008538 0.015580 -0.004814
v -0.008681 0.015580 -0.004714
v -0.008839 0.015580 -0.004640
v -0.009007 0.015580 -0.004595
v -0.009181 0.015580 -0.004580
v -0.009355 0.015580 -0.004595
v -0.009523 0.015580 -0.004640
v -0.009681 0.015580 -0.004714
v -0.009824 0.015580 -0.004814
v -0.009947 0.015580 -0.004937
v -0.010047 0.015580 -0.005080
v -0.010121 0.015580 -0.005238
v -0.010166 0.015580 -0.005406
v -0.010181 0.015580 -0.005580
v -0.010166 0.015580 -0.005754
v -0.010121 0.015580 -0.005922
v -0.010047 0.015580 -0.006080
v -0.009947 0.015580 -0.006223
v -0.009824 0.015580 -0.006346
v -0.009681 0.015580 -0.006446
v -0.009523 0.015580 -0.006520
v -0.009355 0.015580 -0.006565
v -0.009181 0.015580 -0.006580
v -0.009007 0.015580 -0.006565
v -0.008839 0.015580 -0.006520
v -0.008681 0.015580 -0.006446
v -0.008538 0.015580 -0.006346
v -0.008415 0.015580 -0.006223
v -0.008315 0.015580 -0.006080
v -0.008241 0.015580 -0.005922
v -0.008196 0.015580 -0.005754
v -0.008181 0.012247 -0.005580
v -0.008196 0.012247 -0.005406
v -0.008241 0.012247 -0.005238
v -0.008315 0.012247 -0.005080
v -0.008415 0.012247 -0.004937
v -0.008538 0.012247 -0.004814
v -0.008681 0.012247 -0.004714
v -0.008839 0.012247 -0.004640
v -0.009007 0.012247 -0.004595
v -0.009181 0.012247 -0.004580
v -0.009355 0.012247 -0.004595
v -0.009523 0.012247 -0.004640
v -0.009681 0.012247 -0.004714
v -0.009824 0.012247 -0.004814
v -0.009947 0.012247 -0.004937
v -0.010047 0.012247 -0.005080
v -0.010121 0.012247 -0.005238
v -0.010166 0.012247 -0.005406
v -0.010181 0.012247 -0.005580
v -0.010166 0.012247 -0.005754
v -0.010121 0.012247 -0.005922
v -0.010047 0.012247 -0.006080
v -0.009947 0.012247 -0.006223
v -0.009824 0.012247 -0.006346
v -0.009681 0.012247 -0.006446
v -0.009523 0.012247 -0.006520
v -0.009355 0.012247 -0.006565
v -0.009181 0.012247 -0.006580
v -0.009007 0.012247 -0.006565
v -0.008839 0.012247 -0.006520
v -0.008681 0.012247 -0.006446
v -0.008538 0.012247 -0.006346
v -0.008415 0.012247 -0.006223
v -0.008315 0.012247 -0.006080
v -0.008241 0.012247 -0.005922
v -0.008196 0.012247 -0.005754
v -0.005250 0.005080 -0.013580
v -0.005250 0.004080 -0.013580
v -0.005676 0.005080 -0.013610
v -0.005719 0.004080 -0.013617
v -0.006093 0.005080 -0.013701
v -0.006177 0.004080 -0.013727
v -0.006494 0.005080 -0.013850
v -0.006612 0.004080 -0.013907
v -0.006869 0.005080 -0.014054
v -0.007013 0.004080 -0.014153
v -0.007211 0.005080 -0.014310
v -0.007371 0.004080 -0.014459
v -0.007514 0.005080 -0.014611
v -0.007677 0.004080 -0.014817
v -0.007770 0.005080 -0.014953
v -0.007923 0.004080 -0.015218
v -0.007976 0.005080 -0.015327
v -0.008103 0.004080 -0.015653
v -0.008126 0.005080 -0.015727
v -0.008195 0.005080 -0.016007
v -0.008213 0.004080 -0.016111
v -0.008236 0.005080 -0.016292
v -0.008250 0.004080 -0.016580
v -0.008250 0.005080 -0.016580
v 0.005250 0.005080 -0.013580
v 0.005250 0.004080 -0.013580
v -0.007343 0.005080 -0.016308
v 0.007343 0.005080 -0.016308
v 0.007770 0.005080 -0.014953
v 0.007976 0.005080 -0.015327
v 0.008126 0.005080 -0.015727
v 0.006518 0.005080 -0.016828
v -0.006518 0.005080 -0.016828
v 0.005657 0.005080 -0.017285
v -0.005657 0.005080 -0.017285
v 0.004763 0.005080 -0.017676
v -0.004763 0.005080 -0.017676
v 0.003843 0.005080 -0.017999
v -0.003843 0.005080 -0.017999
v 0.002901 0.005080 -0.018252
v -0.002901 0.005080 -0.018252
v 0.001943 0.005080 -0.018434
v -0.001943 0.005080 -0.018434
v 0.000974 0.005080 -0.018543
v -0.000974 0.005080 -0.018543
v 0.000000 0.005080 -0.018580
v 0.007514 0.005080 -0.014611
v 0.007211 0.005080 -0.014310
v 0.006869 0.005080 -0.014054
v 0.006494 0.005080 -0.013850
v 0.006093 0.005080 -0.013701
v 0.005676 0.005080 -0.013610
v 0.008250 0.005080 -0.016580
v 0.008250 0.004080 -0.016580
v 0.008236 0.005080 -0.016292
v 0.008213 0.004080 -0.016111
v 0.008195 0.005080 -0.016007
v 0.008103 0.004080 -0.015653
v 0.007923 0.004080 -0.015218
v 0.007677 0.004080 -0.014817
v 0.007371 0.004080 -0.014459
v 0.007013 0.004080 -0.014153
v 0.006612 0.004080 -0.013907
v 0.006177 0.004080 -0.013727
v 0.005719 0.004080 -0.013617
v -0.008250 0.005080 -0.101580
v -0.008250 0.004080 -0.101580
v -0.008213 0.005080 -0.102049
v -0.008213 0.004080 -0.102049
v -0.008103 0.005080 -0.102507
v -0.008103 0.004080 -0.102507
v -0.007923 0.005080 -0.102942
v -0.007923 0.004080 -0.102942
v -0.007677 0.005080 -0.103343
v -0.007677 0.004080 -0.103343
v -0.007371 0.005080 -0.103701
v -0.007371 0.004080 -0.103701
v -0.007013 0.005080 -0.104007
v -0.007013 0.004080 -0.104007
v -0.006612 0.005080 -0.104253
v -0.006612 0.004080 -0.104253
v -0.006177 0.005080 -0.104433
v -0.006177 0.004080 -0.104433
v -0.005719 0.005080 -0.104543
v -0.005719 0.004080 -0.104543
v -0.005250 0.005080 -0.104580
v -0.005250 0.004080 -0.104580
v 0.005250 0.005080 -0.104580
v 0.005250 0.004080 -0.104580
v 0.005719 0.005080 -0.104543
v 0.005719 0.004080 -0.104543
v 0.006177 0.005080 -0.104433
v 0.006177 0.004080 -0.104433
v 0.006612 0.005080 -0.104253
v 0.006612 0.004080 -0.104253
v 0.007013 0.005080 -0.104007
v 0.007013 0.004080 -0.104007
v 0.007371 0.005080 -0.103701
v 0.007371 0.004080 -0.103701
v 0.007677 0.005080 -0.103343
v 0.007677 0.004080 -0.103343
v 0.007923 0.005080 -0.102942
v 0.007923 0.004080 -0.102942
v 0.008103 0.005080 -0.102507
v 0.008103 0.004080 -0.102507
v 0.008213 0.005080 -0.102049
v 0.008213 0.004080 -0.102049
v 0.008250 0.005080 -0.101580
v 0.008250 0.004080 -0.101580
v -0.004250 0.004080 -0.104580
v 0.004250 0.004080 -0.104580
v -0.004250 -0.002920 -0.104580
v 0.004250 -0.002920 -0.104580
v -0.005549 0.004080 -0.045330
v -0.005399 0.004080 -0.045116
v -0.005000 0.004080 -0.044781
v -0.005214 0.004080 -0.044931
v -0.004250 0.004080 -0.044580
v -0.004510 0.004080 -0.044603
v -0.004763 0.004080 -0.044670
v 0.005000 0.004080 -0.044781
v 0.004763 0.004080 -0.044670
v 0.004510 0.004080 -0.044603
v 0.005399 0.004080 -0.045116
v 0.005214 0.004080 -0.044931
v 0.005549 0.004080 -0.045330
v 0.005750 0.004080 -0.046080
v 0.005727 0.004080 -0.045820
v 0.005660 0.004080 -0.045567
v 0.005750 0.004080 -0.103080
v 0.005727 0.004080 -0.103340
v 0.005660 0.004080 -0.103593
v 0.005549 0.004080 -0.103830
v 0.005399 0.004080 -0.104044
v 0.005214 0.004080 -0.104229
v 0.005000 0.004080 -0.104379
v 0.004763 0.004080 -0.104490
v 0.004510 0.004080 -0.104557
v 0.004250 0.004080 -0.044580
v -0.005660 0.004080 -0.045567
v -0.005727 0.004080 -0.045820
v -0.005750 0.004080 -0.046080
v -0.005750 0.004080 -0.103080
v -0.005727 0.004080 -0.103340
v -0.005660 0.004080 -0.103593
v -0.005549 0.004080 -0.103830
v -0.005399 0.004080 -0.104044
v -0.005214 0.004080 -0.104229
v -0.005000 0.004080 -0.104379
v -0.004763 0.004080 -0.104490
v -0.004510 0.004080 -0.104557
v -0.004510 0.000580 -0.104557
v -0.004763 0.000580 -0.104490
v -0.005000 0.000580 -0.104379
v -0.005214 0.000580 -0.104229
v -0.005399 0.000580 -0.104044
v -0.005549 0.000580 -0.103830
v -0.005660 0.000580 -0.103593
v -0.005727 0.000580 -0.103340
v -0.005750 -0.002920 -0.103080
v -0.005727 -0.002920 -0.103340
v -0.005660 -0.002920 -0.103593
v -0.005549 -0.002920 -0.103830
v -0.005399 -0.002920 -0.104044
v -0.005214 -0.002920 -0.104229
v -0.005000 -0.002920 -0.104379
v -0.004763 -0.002920 -0.104490
v -0.004510 -0.002920 -0.104557
v -0.005750 -0.002920 -0.046080
v -0.005727 0.000580 -0.045820
v -0.005660 0.000580 -0.045567
v -0.005549 0.000580 -0.045330
v -0.005399 0.000580 -0.045116
v -0.005214 0.000580 -0.044931
v -0.005000 0.000580 -0.044781
v -0.004763 0.000580 -0.044670
v -0.004510 0.000580 -0.044603
v -0.004250 -0.002920 -0.044580
v -0.004510 -0.002920 -0.044603
v -0.004763 -0.002920 -0.044670
v -0.005000 -0.002920 -0.044781
v -0.005214 -0.002920 -0.044931
v -0.005399 -0.002920 -0.045116
v -0.005549 -0.002920 -0.045330
v -0.005660 -0.002920 -0.045567
v -0.005727 -0.002920 -0.045820
v 0.004250 -0.002920 -0.044580
v 0.004510 0.000580 -0.044603
v 0.004763 0.000580 -0.044670
v 0.005000 0.000580 -0.044781
v 0.005214 0.000580 -0.044931
v 0.005399 0.000580 -0.045116
v 0.005549 0.000580 -0.045330
v 0.005660 0.000580 -0.045567
v 0.005727 0.000580 -0.045820
v 0.005750 -0.002920 -0.046080
v 0.005727 -0.002920 -0.045820
v 0.005660 -0.002920 -0.045567
v 0.005549 -0.002920 -0.045330
v 0.005399 -0.002920 -0.045116
v 0.005214 -0.002920 -0.044931
v 0.005000 -0.002920 -0.044781
v 0.004763 -0.002920 -0.044670
v 0.004510 -0.002920 -0.044603
v 0.005750 -0.002920 -0.103080
v 0.022250 -0.101920 -0.107580
v 0.022250 -0.101920 0.019420
v -0.022250 -0.101920 -0.107580
v -0.022250 -0.101920 0.019420
v 0.005727 0.000580 -0.103340
v 0.005660 0.000580 -0.103593
v 0.005549 0.000580 -0.103830
v 0.005399 0.000580 -0.104044
v 0.005214 0.000580 -0.104229
v 0.005000 0.000580 -0.104379
v 0.004763 0.000580 -0.104490
v 0.004510 0.000580 -0.104557
v 0.004510 -0.002920 -0.104557
v 0.004763 -0.002920 -0.104490
v 0.005000 -0.002920 -0.104379
v 0.005214 -0.002920 -0.104229
v 0.005399 -0.002920 -0.104044
v 0.005549 -0.002920 -0.103830
v 0.005660 -0.002920 -0.103593
v 0.005727 -0.002920 -0.103340
v 0.009556 0.027280 -0.004080
v 0.009556 0.027280 -0.005205
v 0.009556 0.026280 -0.004080
v 0.009556 0.026280 -0.005205
v 0.010681 0.027280 -0.005205
v 0.010681 0.026280 -0.005205
v 0.010681 0.027280 -0.005955
v 0.010681 0.026280 -0.005955
v 0.009556 0.027280 -0.005955
v 0.009556 0.026280 -0.005955
v 0.009556 0.027280 -0.007080
v 0.009556 0.026280 -0.007080
v 0.008806 0.027280 -0.007080
v 0.008806 0.026280 -0.007080
v 0.008806 0.027280 -0.005955
v 0.008806 0.026280 -0.005955
v 0.007681 0.027280 -0.005955
v 0.007681 0.026280 -0.005955
v 0.007681 0.027280 -0.005205
v 0.007681 0.026280 -0.005205
v 0.008806 0.027280 -0.005205
v 0.008806 0.026280 -0.005205
v 0.008806 0.027280 -0.004080
v 0.008806 0.026280 -0.004080
v 0.009622 0.026780 -0.002866
v 0.009407 0.026867 -0.002847
v 0.009181 0.026780 -0.002830
v 0.008955 0.026867 -0.002847
v 0.008740 0.026780 -0.002866
v 0.008508 0.026867 -0.002922
v 0.008310 0.026780 -0.002972
v 0.008079 0.026867 -0.003069
v 0.007903 0.026780 -0.003145
v 0.007681 0.026867 -0.003284
v 0.007529 0.026780 -0.003382
v 0.007324 0.026867 -0.003562
v 0.007198 0.026780 -0.003675
v 0.007017 0.026867 -0.003896
v 0.006918 0.026780 -0.004018
v 0.006769 0.026867 -0.004275
v 0.006696 0.026780 -0.004401
v 0.006587 0.026867 -0.004690
v 0.006540 0.026780 -0.004815
v 0.006476 0.026867 -0.005129
v 0.006451 0.026780 -0.005249
v 0.006439 0.026867 -0.005580
v 0.006433 0.026780 -0.005691
v 0.006476 0.026867 -0.006031
v 0.006487 0.026780 -0.006130
v 0.006587 0.026867 -0.006470
v 0.006610 0.026780 -0.006555
v 0.006769 0.026867 -0.006885
v 0.006799 0.026780 -0.006955
v 0.007017 0.026867 -0.007264
v 0.007051 0.026780 -0.007319
v 0.007324 0.026867 -0.007598
v 0.007357 0.026780 -0.007638
v 0.007681 0.026867 -0.007876
v 0.007711 0.026780 -0.007904
v 0.008079 0.026867 -0.008091
v 0.008103 0.026780 -0.008110
v 0.008508 0.026867 -0.008238
v 0.008523 0.026780 -0.008250
v 0.008955 0.026867 -0.008313
v 0.008960 0.026780 -0.008321
v 0.009407 0.026867 -0.008313
v 0.009402 0.026780 -0.008321
v 0.009839 0.026780 -0.008250
v 0.009854 0.026867 -0.008238
v 0.010259 0.026780 -0.008110
v 0.010283 0.026867 -0.008091
v 0.010651 0.026780 -0.007904
v 0.010681 0.026867 -0.007876
v 0.011005 0.026780 -0.007638
v 0.011038 0.026867 -0.007598
v 0.011311 0.026780 -0.007319
v 0.011345 0.026867 -0.007264
v 0.011563 0.026780 -0.006955
v 0.011593 0.026867 -0.006885
v 0.011752 0.026780 -0.006555
v 0.011775 0.026867 -0.006470
v 0.011875 0.026780 -0.006130
v 0.011886 0.026867 -0.006031
v 0.011929 0.026780 -0.005691
v 0.011923 0.026867 -0.005580
v 0.011911 0.026780 -0.005249
v 0.011886 0.026867 -0.005129
v 0.011822 0.026780 -0.004815
v 0.011775 0.026867 -0.004690
v 0.011665 0.026780 -0.004401
v 0.011593 0.026867 -0.004275
v 0.011444 0.026780 -0.004018
v 0.011345 0.026867 -0.003896
v 0.011164 0.026780 -0.003675
v 0.011038 0.026867 -0.003562
v 0.010833 0.026780 -0.003382
v 0.010681 0.026867 -0.003284
v 0.010459 0.026780 -0.003145
v 0.010283 0.026867 -0.003069
v 0.010052 0.026780 -0.002972
v 0.009854 0.026867 -0.002922
v 0.006965 0.027280 -0.005971
v 0.006876 0.027272 -0.005965
v 0.006931 0.027280 -0.005580
v 0.006844 0.027272 -0.005580
v 0.006876 0.027272 -0.005195
v 0.006760 0.027250 -0.005580
v 0.006793 0.027250 -0.005182
v 0.006681 0.027213 -0.005580
v 0.006715 0.027213 -0.005169
v 0.006610 0.027163 -0.005580
v 0.006645 0.027163 -0.005157
v 0.006548 0.027101 -0.005580
v 0.006584 0.027101 -0.005147
v 0.006498 0.027030 -0.005580
v 0.006535 0.027030 -0.005138
v 0.006461 0.026951 -0.005580
v 0.006498 0.026951 -0.005132
v 0.006971 0.027272 -0.006339
v 0.007067 0.027280 -0.006350
v 0.007126 0.027272 -0.006692
v 0.007232 0.027280 -0.006705
v 0.007337 0.027272 -0.007015
v 0.007457 0.027280 -0.007026
v 0.007598 0.027272 -0.007299
v 0.007735 0.027280 -0.007304
v 0.007903 0.027272 -0.007536
v 0.008056 0.027280 -0.007529
v 0.008242 0.027272 -0.007720
v 0.008411 0.027280 -0.007694
v 0.008607 0.027272 -0.007845
v 0.008790 0.027280 -0.007796
v 0.008988 0.027272 -0.007909
v 0.009181 0.027280 -0.007830
v 0.009374 0.027272 -0.007909
v 0.009572 0.027280 -0.007796
v 0.009755 0.027272 -0.007845
v 0.009951 0.027280 -0.007694
v 0.010120 0.027272 -0.007720
v 0.010306 0.027280 -0.007529
v 0.010459 0.027272 -0.007536
v 0.010627 0.027280 -0.007304
v 0.010764 0.027272 -0.007299
v 0.010905 0.027280 -0.007026
v 0.011025 0.027272 -0.007015
v 0.011130 0.027280 -0.006705
v 0.011236 0.027272 -0.006692
v 0.011295 0.027280 -0.006350
v 0.011391 0.027272 -0.006339
v 0.011397 0.027280 -0.005971
v 0.011486 0.027272 -0.005965
v 0.011431 0.027280 -0.005580
v 0.011518 0.027272 -0.005580
v 0.011486 0.027272 -0.005195
v 0.011569 0.027250 -0.005182
v 0.011471 0.027250 -0.004794
v 0.011546 0.027213 -0.004768
v 0.011380 0.027213 -0.004390
v 0.011442 0.027163 -0.004356
v 0.011210 0.027163 -0.004001
v 0.011259 0.027101 -0.003963
v 0.010964 0.027101 -0.003643
v 0.010998 0.027030 -0.003606
v 0.010648 0.027030 -0.003334
v 0.010669 0.026951 -0.003303
v 0.010274 0.026951 -0.003089
v 0.011397 0.027280 -0.005189
v 0.011391 0.027272 -0.004821
v 0.011310 0.027250 -0.004428
v 0.011154 0.027213 -0.004044
v 0.010923 0.027163 -0.003688
v 0.010621 0.027101 -0.003376
v 0.010259 0.027030 -0.003123
v 0.009849 0.026951 -0.002943
v 0.011295 0.027280 -0.004810
v 0.011236 0.027272 -0.004468
v 0.011092 0.027250 -0.004093
v 0.010874 0.027213 -0.003741
v 0.010587 0.027163 -0.003427
v 0.010239 0.027101 -0.003169
v 0.009840 0.027030 -0.002979
v 0.009406 0.026951 -0.002869
v 0.011130 0.027280 -0.004455
v 0.011025 0.027272 -0.004145
v 0.010821 0.027250 -0.003799
v 0.010548 0.027213 -0.003487
v 0.010214 0.027163 -0.003225
v 0.009827 0.027101 -0.003028
v 0.009403 0.027030 -0.002906
v 0.008956 0.026951 -0.002869
v 0.010905 0.027280 -0.004134
v 0.010764 0.027272 -0.003861
v 0.010505 0.027250 -0.003553
v 0.010185 0.027213 -0.003291
v 0.009812 0.027163 -0.003087
v 0.009398 0.027101 -0.002956
v 0.008959 0.027030 -0.002906
v 0.008513 0.026951 -0.002943
v 0.010627 0.027280 -0.003856
v 0.010459 0.027272 -0.003624
v 0.010153 0.027250 -0.003363
v 0.009795 0.027213 -0.003156
v 0.009393 0.027163 -0.003017
v 0.008964 0.027101 -0.002956
v 0.008522 0.027030 -0.002979
v 0.008088 0.026951 -0.003089
v 0.010306 0.027280 -0.003631
v 0.010120 0.027272 -0.003440
v 0.009775 0.027250 -0.003233
v 0.009387 0.027213 -0.003089
v 0.008969 0.027163 -0.003017
v 0.008535 0.027101 -0.003028
v 0.008103 0.027030 -0.003123
v 0.007693 0.026951 -0.003303
v 0.009951 0.027280 -0.003466
v 0.009755 0.027272 -0.003315
v 0.009381 0.027250 -0.003167
v 0.008975 0.027213 -0.003089
v 0.008550 0.027163 -0.003087
v 0.008123 0.027101 -0.003169
v 0.007714 0.027030 -0.003334
v 0.007339 0.026951 -0.003579
v 0.009572 0.027280 -0.003364
v 0.009374 0.027272 -0.003251
v 0.008981 0.027250 -0.003167
v 0.008567 0.027213 -0.003156
v 0.008148 0.027163 -0.003225
v 0.007741 0.027101 -0.003376
v 0.007364 0.027030 -0.003606
v 0.007035 0.026951 -0.003909
v 0.009181 0.027280 -0.003330
v 0.008988 0.027272 -0.003251
v 0.008587 0.027250 -0.003233
v 0.008177 0.027213 -0.003291
v 0.007775 0.027163 -0.003427
v 0.007398 0.027101 -0.003643
v 0.007064 0.027030 -0.003932
v 0.006789 0.026951 -0.004285
v 0.008790 0.027280 -0.003364
v 0.008607 0.027272 -0.003315
v 0.008208 0.027250 -0.003363
v 0.007814 0.027213 -0.003487
v 0.007439 0.027163 -0.003688
v 0.007103 0.027101 -0.003963
v 0.006821 0.027030 -0.004303
v 0.006609 0.026951 -0.004697
v 0.008411 0.027280 -0.003466
v 0.008242 0.027272 -0.003440
v 0.007857 0.027250 -0.003553
v 0.007488 0.027213 -0.003741
v 0.007152 0.027163 -0.004001
v 0.006865 0.027101 -0.004327
v 0.006643 0.027030 -0.004709
v 0.008056 0.027280 -0.003631
v 0.007903 0.027272 -0.003624
v 0.007541 0.027250 -0.003799
v 0.007208 0.027213 -0.004044
v 0.006920 0.027163 -0.004356
v 0.006691 0.027101 -0.004725
v 0.007735 0.027280 -0.003856
v 0.007598 0.027272 -0.003861
v 0.007270 0.027250 -0.004093
v 0.006982 0.027213 -0.004390
v 0.006749 0.027163 -0.004745
v 0.007457 0.027280 -0.004134
v 0.007337 0.027272 -0.004145
v 0.007052 0.027250 -0.004428
v 0.006816 0.027213 -0.004768
v 0.007232 0.027280 -0.004455
v 0.007126 0.027272 -0.004468
v 0.006891 0.027250 -0.004794
v 0.007067 0.027280 -0.004810
v 0.006971 0.027272 -0.004821
v 0.006965 0.027280 -0.005189
v 0.006498 0.026951 -0.006028
v 0.006609 0.026951 -0.006463
v 0.006789 0.026951 -0.006875
v 0.007035 0.026951 -0.007251
v 0.007339 0.026951 -0.007581
v 0.007693 0.026951 -0.007857
v 0.008088 0.026951 -0.008071
v 0.008513 0.026951 -0.008217
v 0.008956 0.026951 -0.008291
v 0.009406 0.026951 -0.008291
v 0.009849 0.026951 -0.008217
v 0.010274 0.026951 -0.008071
v 0.010669 0.026951 -0.007857
v 0.011023 0.026951 -0.007581
v 0.011327 0.026951 -0.007251
v 0.011573 0.026951 -0.006875
v 0.011753 0.026951 -0.006463
v 0.011864 0.026951 -0.006028
v 0.011901 0.026951 -0.005580
v 0.011864 0.026951 -0.005132
v 0.011753 0.026951 -0.004697
v 0.011573 0.026951 -0.004285
v 0.011327 0.026951 -0.003909
v 0.011023 0.026951 -0.003579
v 0.006535 0.027030 -0.006022
v 0.006643 0.027030 -0.006451
v 0.006821 0.027030 -0.006857
v 0.007064 0.027030 -0.007228
v 0.007364 0.027030 -0.007554
v 0.007714 0.027030 -0.007826
v 0.008103 0.027030 -0.008037
v 0.008522 0.027030 -0.008181
v 0.008959 0.027030 -0.008254
v 0.009403 0.027030 -0.008254
v 0.009840 0.027030 -0.008181
v 0.010259 0.027030 -0.008037
v 0.010648 0.027030 -0.007826
v 0.010998 0.027030 -0.007554
v 0.011298 0.027030 -0.007228
v 0.011541 0.027030 -0.006857
v 0.011719 0.027030 -0.006451
v 0.011827 0.027030 -0.006022
v 0.011864 0.027030 -0.005580
v 0.011827 0.027030 -0.005138
v 0.011719 0.027030 -0.004709
v 0.011541 0.027030 -0.004303
v 0.011298 0.027030 -0.003932
v 0.006584 0.027101 -0.006013
v 0.006691 0.027101 -0.006435
v 0.006865 0.027101 -0.006833
v 0.007103 0.027101 -0.007197
v 0.007398 0.027101 -0.007517
v 0.007741 0.027101 -0.007784
v 0.008123 0.027101 -0.007991
v 0.008535 0.027101 -0.008132
v 0.008964 0.027101 -0.008204
v 0.009398 0.027101 -0.008204
v 0.009827 0.027101 -0.008132
v 0.010239 0.027101 -0.007991
v 0.010621 0.027101 -0.007784
v 0.010964 0.027101 -0.007517
v 0.011259 0.027101 -0.007197
v 0.011497 0.027101 -0.006833
v 0.011671 0.027101 -0.006435
v 0.011778 0.027101 -0.006013
v 0.011814 0.027101 -0.005580
v 0.011778 0.027101 -0.005147
v 0.011671 0.027101 -0.004725
v 0.011497 0.027101 -0.004327
v 0.006645 0.027163 -0.006003
v 0.006749 0.027163 -0.006415
v 0.006920 0.027163 -0.006804
v 0.007152 0.027163 -0.007159
v 0.007439 0.027163 -0.007472
v 0.007775 0.027163 -0.007733
v 0.008148 0.027163 -0.007935
v 0.008550 0.027163 -0.008073
v 0.008969 0.027163 -0.008143
v 0.009393 0.027163 -0.008143
v 0.009812 0.027163 -0.008073
v 0.010214 0.027163 -0.007935
v 0.010587 0.027163 -0.007733
v 0.010923 0.027163 -0.007472
v 0.011210 0.027163 -0.007159
v 0.011442 0.027163 -0.006804
v 0.011613 0.027163 -0.006415
v 0.011717 0.027163 -0.006003
v 0.011752 0.027163 -0.005580
v 0.011717 0.027163 -0.005157
v 0.011613 0.027163 -0.004745
v 0.006715 0.027213 -0.005991
v 0.006816 0.027213 -0.006392
v 0.006982 0.027213 -0.006770
v 0.007208 0.027213 -0.007116
v 0.007488 0.027213 -0.007419
v 0.007814 0.027213 -0.007673
v 0.008177 0.027213 -0.007869
v 0.008567 0.027213 -0.008004
v 0.008975 0.027213 -0.008071
v 0.009387 0.027213 -0.008071
v 0.009795 0.027213 -0.008004
v 0.010185 0.027213 -0.007869
v 0.010548 0.027213 -0.007673
v 0.010874 0.027213 -0.007419
v 0.011154 0.027213 -0.007116
v 0.011380 0.027213 -0.006770
v 0.011546 0.027213 -0.006392
v 0.011647 0.027213 -0.005991
v 0.011681 0.027213 -0.005580
v 0.011647 0.027213 -0.005169
v 0.006793 0.027250 -0.005978
v 0.006891 0.027250 -0.006366
v 0.007052 0.027250 -0.006732
v 0.007270 0.027250 -0.007067
v 0.007541 0.027250 -0.007361
v 0.007857 0.027250 -0.007607
v 0.008208 0.027250 -0.007797
v 0.008587 0.027250 -0.007927
v 0.008981 0.027250 -0.007993
v 0.009381 0.027250 -0.007993
v 0.009775 0.027250 -0.007927
v 0.010153 0.027250 -0.007797
v 0.010505 0.027250 -0.007607
v 0.010821 0.027250 -0.007361
v 0.011092 0.027250 -0.007067
v 0.011310 0.027250 -0.006732
v 0.011471 0.027250 -0.006366
v 0.011569 0.027250 -0.005978
v 0.011602 0.027250 -0.005580
v 0.009622 0.025580 -0.002866
v 0.009181 0.025580 -0.002830
v 0.008740 0.025580 -0.002866
v 0.010052 0.025580 -0.002972
v 0.010459 0.025580 -0.003145
v 0.010833 0.025580 -0.003382
v 0.011164 0.025580 -0.003675
v 0.011444 0.025580 -0.004018
v 0.011665 0.025580 -0.004401
v 0.011822 0.025580 -0.004815
v 0.011911 0.025580 -0.005249
v 0.011929 0.025580 -0.005691
v 0.011875 0.025580 -0.006130
v 0.011752 0.025580 -0.006555
v 0.011563 0.025580 -0.006955
v 0.011311 0.025580 -0.007319
v 0.011005 0.025580 -0.007638
v 0.010651 0.025580 -0.007904
v 0.010259 0.025580 -0.008110
v 0.009839 0.025580 -0.008250
v 0.009402 0.025580 -0.008321
v 0.008960 0.025580 -0.008321
v 0.008523 0.025580 -0.008250
v 0.008103 0.025580 -0.008110
v 0.007711 0.025580 -0.007904
v 0.007357 0.025580 -0.007638
v 0.007051 0.025580 -0.007319
v 0.006799 0.025580 -0.006955
v 0.006610 0.025580 -0.006555
v 0.006487 0.025580 -0.006130
v 0.006433 0.025580 -0.005691
v 0.006451 0.025580 -0.005249
v 0.006540 0.025580 -0.004815
v 0.006696 0.025580 -0.004401
v 0.006918 0.025580 -0.004018
v 0.007198 0.025580 -0.003675
v 0.007529 0.025580 -0.003382
v 0.007903 0.025580 -0.003145
v 0.008310 0.025580 -0.002972
v -0.010330 0.018080 0.002312
v -0.010314 0.017598 0.002333
v -0.010299 0.017477 0.002331
v -0.010267 0.017112 0.002395
v -0.010204 0.016883 0.002385
v -0.010187 0.016629 0.002497
v -0.010049 0.016307 0.002475
v -0.010074 0.016158 0.002637
v -0.009834 0.015756 0.002599
v -0.009928 0.015709 0.002813
v -0.009564 0.015240 0.002755
v -0.009751 0.015287 0.003018
v -0.009546 0.014897 0.003244
v -0.009241 0.014764 0.002941
v -0.009318 0.014546 0.003485
v -0.008871 0.014337 0.003154
v -0.009060 0.014227 0.003742
v -0.008460 0.013965 0.003392
v -0.008769 0.013936 0.004017
v -0.008446 0.013680 0.004302
v -0.008012 0.013653 0.003650
v -0.008094 0.013465 0.004593
v -0.007535 0.013405 0.003926
v -0.007717 0.013296 0.004881
v -0.007036 0.013225 0.004214
v -0.007321 0.013176 0.005162
v -0.006522 0.013116 0.004511
v -0.006913 0.013104 0.005429
v -0.006000 0.013080 0.004812
v -0.006500 0.013080 0.005678
v -0.006078 0.013104 0.005911
v -0.005478 0.013116 0.005114
v -0.005642 0.013176 0.006131
v -0.004964 0.013225 0.005411
v -0.005201 0.013296 0.006334
v -0.004465 0.013405 0.005699
v -0.004763 0.013465 0.006516
v -0.003988 0.013653 0.005974
v -0.004336 0.013680 0.006675
v -0.003927 0.013936 0.006812
v -0.003540 0.013965 0.006232
v -0.003543 0.014227 0.006928
v -0.003129 0.014337 0.006470
v -0.003192 0.014546 0.007022
v -0.002759 0.014764 0.006684
v -0.002869 0.014897 0.007099
v -0.002436 0.015240 0.006870
v -0.002570 0.015287 0.007163
v -0.002304 0.015709 0.007214
v -0.002166 0.015756 0.007026
v -0.002079 0.016158 0.007253
v -0.001951 0.016307 0.007150
v -0.001901 0.016629 0.007280
v -0.001796 0.016883 0.007240
v -0.001773 0.017112 0.007299
v -0.001701 0.017477 0.007294
v -0.001696 0.017598 0.007309
v -0.001670 0.018080 0.007312
v -0.001696 0.018562 0.007309
v -0.001701 0.018683 0.007294
v -0.001773 0.019048 0.007299
v -0.001796 0.019277 0.007240
v -0.001901 0.019531 0.007280
v -0.001951 0.019853 0.007150
v -0.002079 0.020002 0.007253
v -0.002166 0.020404 0.007026
v -0.002304 0.020451 0.007214
v -0.002436 0.020920 0.006870
v -0.002570 0.020873 0.007163
v -0.002869 0.021263 0.007099
v -0.002759 0.021396 0.006684
v -0.003192 0.021614 0.007022
v -0.003129 0.021823 0.006470
v -0.003543 0.021933 0.006928
v -0.003540 0.022195 0.006232
v -0.003927 0.022224 0.006812
v -0.004336 0.022480 0.006675
v -0.003988 0.022507 0.005974
v -0.004763 0.022695 0.006516
v -0.004465 0.022755 0.005699
v -0.005201 0.022864 0.006334
v -0.004964 0.022935 0.005411
v -0.005642 0.022984 0.006131
v -0.005478 0.023044 0.005114
v -0.006078 0.023056 0.005911
v -0.006000 0.023080 0.004812
v -0.006500 0.023080 0.005678
v -0.006913 0.023056 0.005429
v -0.006522 0.023044 0.004511
v -0.007321 0.022984 0.005162
v -0.007036 0.022935 0.004214
v -0.007717 0.022864 0.004881
v -0.007535 0.022755 0.003926
v -0.008094 0.022695 0.004593
v -0.008012 0.022507 0.003650
v -0.008446 0.022480 0.004302
v -0.008769 0.022224 0.004017
v -0.008460 0.022195 0.003392
v -0.009060 0.021933 0.003742
v -0.008871 0.021823 0.003154
v -0.009318 0.021614 0.003485
v -0.009241 0.021396 0.002941
v -0.009546 0.021263 0.003244
v -0.009564 0.020920 0.002755
v -0.009751 0.020873 0.003018
v -0.009928 0.020451 0.002813
v -0.009834 0.020404 0.002599
v -0.010074 0.020002 0.002637
v -0.010049 0.019853 0.002475
v -0.010187 0.019531 0.002497
v -0.010204 0.019277 0.002385
v -0.010267 0.019048 0.002395
v -0.010299 0.018683 0.002331
v -0.010314 0.018562 0.002333
v -0.003185 0.018080 0.006437
v -0.003217 0.018564 0.006419
v -0.003310 0.019038 0.006365
v -0.003464 0.019490 0.006276
v -0.003674 0.019911 0.006155
v -0.003937 0.020291 0.006004
v -0.004245 0.020621 0.005825
v -0.004593 0.020895 0.005625
v -0.004972 0.021105 0.005406
v -0.005374 0.021249 0.005174
v -0.005790 0.021321 0.004934
v -0.006210 0.021321 0.004691
v -0.006626 0.021249 0.004451
v -0.007028 0.021105 0.004219
v -0.007407 0.020895 0.004000
v -0.007755 0.020621 0.003799
v -0.008063 0.020291 0.003621
v -0.008326 0.019911 0.003470
v -0.008536 0.019490 0.003348
v -0.008690 0.019038 0.003259
v -0.008783 0.018564 0.003205
v -0.008815 0.018080 0.003187
v -0.008783 0.017596 0.003205
v -0.008690 0.017122 0.003259
v -0.008536 0.016670 0.003348
v -0.008326 0.016249 0.003470
v -0.008063 0.015869 0.003621
v -0.007755 0.015539 0.003799
v -0.007407 0.015265 0.004000
v -0.007028 0.015055 0.004219
v -0.006626 0.014911 0.004451
v -0.006210 0.014839 0.004691
v -0.005790 0.014839 0.004934
v -0.005374 0.014911 0.005174
v -0.004972 0.015055 0.005406
v -0.004593 0.015265 0.005625
v -0.004245 0.015539 0.005825
v -0.003937 0.015869 0.006004
v -0.003674 0.016249 0.006155
v -0.003464 0.016670 0.006276
v -0.003310 0.017122 0.006365
v -0.003217 0.017596 0.006419
v -0.005783 0.017596 -0.001991
v -0.005815 0.018080 -0.002009
v -0.005783 0.018564 -0.001991
v -0.005690 0.019038 -0.001937
v -0.005536 0.019490 -0.001848
v -0.005326 0.019911 -0.001726
v -0.005063 0.020291 -0.001575
v -0.004755 0.020621 -0.001397
v -0.004407 0.020895 -0.001196
v -0.004028 0.021105 -0.000978
v -0.003626 0.021249 -0.000745
v -0.003210 0.021321 -0.000505
v -0.002790 0.021321 -0.000262
v -0.002374 0.021249 -0.000022
v -0.001972 0.021105 0.000210
v -0.001593 0.020895 0.000429
v -0.001245 0.020621 0.000629
v -0.000937 0.020291 0.000807
v -0.000674 0.019911 0.000959
v 0.000000 0.019612 0.000152
v -0.000464 0.019490 0.001080
v 0.000000 0.019324 0.000425
v -0.000310 0.019038 0.001169
v 0.000000 0.018714 0.000795
v 0.000000 0.019023 0.000640
v -0.005690 0.017122 -0.001937
v -0.005536 0.016670 -0.001848
v -0.005326 0.016249 -0.001726
v -0.005063 0.015869 -0.001575
v -0.004755 0.015539 -0.001397
v -0.004407 0.015265 -0.001196
v -0.004028 0.015055 -0.000978
v -0.003626 0.014911 -0.000745
v -0.003210 0.014839 -0.000505
v -0.002790 0.014839 -0.000262
v -0.002374 0.014911 -0.000022
v -0.001972 0.015055 0.000210
v -0.001593 0.015265 0.000429
v -0.001245 0.015539 0.000629
v -0.000937 0.015869 0.000807
v -0.000674 0.016249 0.000959
v -0.000000 0.016548 0.000152
v -0.000464 0.016670 0.001080
v -0.000000 0.016836 0.000425
v -0.000000 0.017446 0.000795
v -0.000310 0.017122 0.001169
v -0.000000 0.017137 0.000640
v -0.000000 0.017761 0.000889
v -0.000217 0.017596 0.001223
v -0.000000 0.017603 0.000850
v 0.000000 0.018399 0.000889
v 0.000000 0.018239 0.000912
v -0.000185 0.018080 0.001241
v -0.000000 0.018080 0.000920
v -0.000000 0.017921 0.000912
v -0.000217 0.018564 0.001223
v 0.000000 0.018557 0.000850
v -0.000463 0.014863 -0.005704
v 0.000000 0.014830 -0.005580
v -0.000000 0.014846 -0.004943
v -0.000000 0.014892 -0.004312
v -0.000000 0.014970 -0.003693
v -0.000000 0.015077 -0.003093
v -0.000000 0.015214 -0.002516
v -0.000000 0.015378 -0.001969
v -0.000000 0.015568 -0.001456
v -0.000000 0.015782 -0.000984
v -0.000000 0.016018 -0.000555
v -0.000000 0.016274 -0.000175
v -0.000916 0.014962 -0.005825
v -0.001350 0.015124 -0.005942
v -0.001757 0.015346 -0.006051
v -0.002128 0.015624 -0.006150
v -0.002456 0.015952 -0.006238
v -0.002734 0.016323 -0.006313
v -0.002956 0.016730 -0.006372
v -0.003118 0.017164 -0.006416
v -0.003217 0.017617 -0.006442
v -0.003250 0.018080 -0.006451
v -0.003217 0.018543 -0.006442
v -0.003118 0.018996 -0.006416
v -0.002956 0.019430 -0.006372
v -0.002734 0.019837 -0.006313
v -0.002456 0.020208 -0.006238
v -0.002128 0.020536 -0.006150
v -0.001757 0.020814 -0.006051
v -0.001350 0.021036 -0.005942
v -0.000916 0.021198 -0.005825
v -0.000463 0.021297 -0.005704
v 0.000000 0.021330 -0.005580
v 0.000000 0.021314 -0.004943
v 0.000000 0.021268 -0.004312
v 0.000000 0.021190 -0.003693
v 0.000000 0.021083 -0.003093
v 0.000000 0.020946 -0.002516
v 0.000000 0.020782 -0.001969
v 0.000000 0.020592 -0.001456
v 0.000000 0.020378 -0.000984
v 0.000000 0.020142 -0.000555
v 0.000000 0.019886 -0.000175
v 0.003214 0.017596 -0.017580
v 0.003214 0.017596 -0.011580
v 0.003250 0.018080 -0.017580
v 0.003250 0.018080 -0.011580
v 0.003214 0.018564 -0.017580
v 0.003214 0.018564 -0.011580
v 0.003106 0.019038 -0.017580
v 0.003106 0.019038 -0.011580
v 0.002928 0.019490 -0.017580
v 0.002928 0.019490 -0.011580
v 0.002685 0.019911 -0.017580
v 0.002685 0.019911 -0.011580
v 0.002382 0.020291 -0.017580
v 0.002382 0.020291 -0.011580
v 0.002026 0.020621 -0.017580
v 0.002026 0.020621 -0.011580
v 0.001625 0.020895 -0.017580
v 0.001625 0.020895 -0.011580
v 0.001187 0.021105 -0.017580
v 0.001187 0.021105 -0.011580
v 0.000723 0.021249 -0.017580
v 0.000723 0.021249 -0.011580
v 0.000243 0.021321 -0.017580
v 0.000243 0.021321 -0.011580
v -0.000243 0.021321 -0.017580
v -0.000243 0.021321 -0.011580
v -0.000723 0.021249 -0.017580
v -0.000723 0.021249 -0.011580
v -0.001187 0.021105 -0.017580
v -0.001187 0.021105 -0.011580
v -0.001625 0.020895 -0.017580
v -0.001625 0.020895 -0.011580
v -0.002026 0.020621 -0.017580
v -0.002026 0.020621 -0.011580
v -0.002382 0.020291 -0.017580
v -0.002382 0.020291 -0.011580
v -0.002685 0.019911 -0.017580
v -0.002685 0.019911 -0.011580
v -0.002928 0.019490 -0.017580
v -0.002928 0.019490 -0.011580
v -0.003106 0.019038 -0.017580
v -0.003106 0.019038 -0.011580
v -0.003214 0.018564 -0.017580
v -0.003214 0.018564 -0.011580
v -0.003250 0.018080 -0.017580
v -0.003250 0.018080 -0.011580
v -0.003214 0.017596 -0.017580
v -0.003214 0.017596 -0.011580
v -0.003106 0.017122 -0.017580
v -0.003106 0.017122 -0.011580
v -0.002928 0.016670 -0.017580
v -0.002928 0.016670 -0.011580
v -0.002685 0.016249 -0.017580
v -0.002685 0.016249 -0.011580
v -0.002382 0.015869 -0.017580
v -0.002382 0.015869 -0.011580
v -0.002026 0.015539 -0.017580
v -0.002026 0.015539 -0.011580
v -0.001625 0.015265 -0.017580
v -0.001625 0.015265 -0.011580
v -0.001187 0.015055 -0.017580
v -0.001187 0.015055 -0.011580
v -0.000723 0.014911 -0.017580
v -0.000723 0.014911 -0.011580
v -0.000243 0.014839 -0.017580
v -0.000243 0.014839 -0.011580
v 0.000243 0.014839 -0.017580
v 0.000243 0.014839 -0.011580
v 0.000723 0.014911 -0.017580
v 0.000723 0.014911 -0.011580
v 0.001187 0.015055 -0.017580
v 0.001187 0.015055 -0.011580
v 0.001625 0.015265 -0.017580
v 0.001625 0.015265 -0.011580
v 0.002026 0.015539 -0.017580
v 0.002026 0.015539 -0.011580
v 0.002382 0.015869 -0.017580
v 0.002382 0.015869 -0.011580
v 0.002685 0.016249 -0.017580
v 0.002685 0.016249 -0.011580
v 0.002928 0.016670 -0.017580
v 0.002928 0.016670 -0.011580
v 0.003106 0.017122 -0.017580
v 0.003106 0.017122 -0.011580
v 0.000463 0.014863 -0.005704
v 0.000463 0.021297 -0.005704
v 0.000916 0.021198 -0.005825
v 0.001350 0.021036 -0.005942
v 0.001757 0.020814 -0.006051
v 0.002128 0.020536 -0.006150
v 0.002456 0.020208 -0.006238
v 0.002734 0.019837 -0.006313
v 0.002956 0.019430 -0.006372
v 0.003118 0.018996 -0.006416
v 0.003217 0.018543 -0.006442
v 0.003250 0.018080 -0.006451
v 0.003217 0.017617 -0.006442
v 0.003118 0.017164 -0.006416
v 0.002956 0.016730 -0.006372
v 0.002734 0.016323 -0.006313
v 0.002456 0.015952 -0.006238
v 0.002128 0.015624 -0.006150
v 0.001757 0.015346 -0.006051
v 0.001350 0.015124 -0.005942
v 0.000916 0.014962 -0.005825
v 0.001670 0.018080 0.007312
v 0.001696 0.017598 0.007309
v 0.001701 0.017477 0.007294
v 0.001773 0.017112 0.007299
v 0.001796 0.016883 0.007240
v 0.001901 0.016629 0.007280
v 0.001951 0.016307 0.007150
v 0.002079 0.016158 0.007253
v 0.002166 0.015756 0.007026
v 0.002304 0.015709 0.007214
v 0.002436 0.015240 0.006870
v 0.002570 0.015287 0.007163
v 0.002869 0.014897 0.007099
v 0.002759 0.014764 0.006684
v 0.003192 0.014546 0.007022
v 0.003129 0.014337 0.006470
v 0.003543 0.014227 0.006928
v 0.003540 0.013965 0.006232
v 0.003927 0.013936 0.006812
v 0.004336 0.013680 0.006675
v 0.003988 0.013653 0.005974
v 0.004763 0.013465 0.006516
v 0.004465 0.013405 0.005699
v 0.005201 0.013296 0.006334
v 0.004964 0.013225 0.005411
v 0.005642 0.013176 0.006131
v 0.005478 0.013116 0.005114
v 0.006078 0.013104 0.005911
v 0.006000 0.013080 0.004812
v 0.006500 0.013080 0.005678
v 0.006913 0.013104 0.005429
v 0.006522 0.013116 0.004511
v 0.007321 0.013176 0.005162
v 0.007036 0.013225 0.004214
v 0.007717 0.013296 0.004881
v 0.007535 0.013405 0.003926
v 0.008094 0.013465 0.004593
v 0.008012 0.013653 0.003650
v 0.008446 0.013680 0.004302
v 0.008769 0.013936 0.004017
v 0.008460 0.013965 0.003392
v 0.009060 0.014227 0.003742
v 0.008871 0.014337 0.003154
v 0.009318 0.014546 0.003485
v 0.009241 0.014764 0.002941
v 0.009546 0.014897 0.003244
v 0.009564 0.015240 0.002755
v 0.009751 0.015287 0.003018
v 0.009928 0.015709 0.002813
v 0.009834 0.015756 0.002599
v 0.010074 0.016158 0.002637
v 0.010049 0.016307 0.002475
v 0.010187 0.016629 0.002497
v 0.010204 0.016883 0.002385
v 0.010267 0.017112 0.002395
v 0.010299 0.017477 0.002331
v 0.010314 0.017598 0.002333
v 0.010330 0.018080 0.002312
v 0.010314 0.018562 0.002333
v 0.010299 0.018683 0.002331
v 0.010267 0.019048 0.002395
v 0.010204 0.019277 0.002385
v 0.010187 0.019531 0.002497
v 0.010049 0.019853 0.002475
v 0.010074 0.020002 0.002637
v 0.009834 0.020404 0.002599
v 0.009928 0.020451 0.002813
v 0.009564 0.020920 0.002755
v 0.009751 0.020873 0.003018
v 0.009546 0.021263 0.003244
v 0.009241 0.021396 0.002941
v 0.009318 0.021614 0.003485
v 0.008871 0.021823 0.003154
v 0.009060 0.021933 0.003742
v 0.008460 0.022195 0.003392
v 0.008769 0.022224 0.004017
v 0.008446 0.022480 0.004302
v 0.008012 0.022507 0.003650
v 0.008094 0.022695 0.004593
v 0.007535 0.022755 0.003926
v 0.007717 0.022864 0.004881
v 0.007036 0.022935 0.004214
v 0.007321 0.022984 0.005162
v 0.006522 0.023044 0.004511
v 0.006913 0.023056 0.005429
v 0.006000 0.023080 0.004812
v 0.006500 0.023080 0.005678
v 0.006078 0.023056 0.005911
v 0.005478 0.023044 0.005114
v 0.005642 0.022984 0.006131
v 0.004964 0.022935 0.005411
v 0.005201 0.022864 0.006334
v 0.004465 0.022755 0.005699
v 0.004763 0.022695 0.006516
v 0.003988 0.022507 0.005974
v 0.004336 0.022480 0.006675
v 0.003927 0.022224 0.006812
v 0.003540 0.022195 0.006232
v 0.003543 0.021933 0.006928
v 0.003129 0.021823 0.006470
v 0.003192 0.021614 0.007022
v 0.002759 0.021396 0.006684
v 0.002869 0.021263 0.007099
v 0.002436 0.020920 0.006870
v 0.002570 0.020873 0.007163
v 0.002304 0.020451 0.007214
v 0.002166 0.020404 0.007026
v 0.002079 0.020002 0.007253
v 0.001951 0.019853 0.007150
v 0.001901 0.019531 0.007280
v 0.001796 0.019277 0.007240
v 0.001773 0.019048 0.007299
v 0.001701 0.018683 0.007294
v 0.001696 0.018562 0.007309
v 0.008815 0.018080 0.003187
v 0.008783 0.018564 0.003205
v 0.008690 0.019038 0.003259
v 0.008536 0.019490 0.003348
v 0.008326 0.019911 0.003470
v 0.008063 0.020291 0.003621
v 0.007755 0.020621 0.003799
v 0.007407 0.020895 0.004000
v 0.007028 0.021105 0.004219
v 0.006626 0.021249 0.004451
v 0.006210 0.021321 0.004691
v 0.005790 0.021321 0.004934
v 0.005374 0.021249 0.005174
v 0.004972 0.021105 0.005406
v 0.004593 0.020895 0.005625
v 0.004245 0.020621 0.005825
v 0.003937 0.020291 0.006004
v 0.003674 0.019911 0.006155
v 0.003464 0.019490 0.006276
v 0.003310 0.019038 0.006365
v 0.003217 0.018564 0.006419
v 0.003185 0.018080 0.006437
v 0.003217 0.017596 0.006419
v 0.003310 0.017122 0.006365
v 0.003464 0.016670 0.006276
v 0.003674 0.016249 0.006155
v 0.003937 0.015869 0.006004
v 0.004245 0.015539 0.005825
v 0.004593 0.015265 0.005625
v 0.004972 0.015055 0.005406
v 0.005374 0.014911 0.005174
v 0.005790 0.014839 0.004934
v 0.006210 0.014839 0.004691
v 0.006626 0.014911 0.004451
v 0.007028 0.015055 0.004219
v 0.007407 0.015265 0.004000
v 0.007755 0.015539 0.003799
v 0.008063 0.015869 0.003621
v 0.008326 0.016249 0.003470
v 0.008536 0.016670 0.003348
v 0.008690 0.017122 0.003259
v 0.008783 0.017596 0.003205
v 0.000185 0.018080 0.001241
v 0.000217 0.017596 0.001223
v 0.000310 0.017122 0.001169
v 0.000674 0.016249 0.000959
v 0.000464 0.016670 0.001080
v 0.000937 0.015869 0.000807
v 0.001245 0.015539 0.000629
v 0.001593 0.015265 0.000429
v 0.001972 0.015055 0.000210
v 0.002374 0.014911 -0.000022
v 0.002790 0.014839 -0.000262
v 0.003210 0.014839 -0.000505
v 0.003626 0.014911 -0.000745
v 0.004028 0.015055 -0.000978
v 0.004407 0.015265 -0.001196
v 0.004755 0.015539 -0.001397
v 0.005063 0.015869 -0.001575
v 0.005326 0.016249 -0.001726
v 0.005536 0.016670 -0.001848
v 0.005690 0.017122 -0.001937
v 0.005783 0.017596 -0.001991
v 0.005815 0.018080 -0.002009
v 0.005783 0.018564 -0.001991
v 0.005690 0.019038 -0.001937
v 0.005536 0.019490 -0.001848
v 0.005326 0.019911 -0.001726
v 0.005063 0.020291 -0.001575
v 0.004755 0.020621 -0.001397
v 0.004407 0.020895 -0.001196
v 0.004028 0.021105 -0.000978
v 0.003626 0.021249 -0.000745
v 0.003210 0.021321 -0.000505
v 0.002790 0.021321 -0.000262
v 0.002374 0.021249 -0.000022
v 0.001972 0.021105 0.000210
v 0.001593 0.020895 0.000429
v 0.001245 0.020621 0.000629
v 0.000937 0.020291 0.000807
v 0.000674 0.019911 0.000959
v 0.000464 0.019490 0.001080
v 0.000310 0.019038 0.001169
v 0.000217 0.018564 0.001223
v 0.005000 0.018080 -0.017580
v 0.004976 0.017598 -0.017590
v 0.004964 0.017477 -0.017580
v 0.004904 0.017112 -0.017620
v 0.004855 0.016883 -0.017580
v 0.004784 0.016629 -0.017668
v 0.004675 0.016307 -0.017580
v 0.004616 0.016158 -0.017733
v 0.004427 0.015756 -0.017580
v 0.004401 0.015709 -0.017812
v 0.004115 0.015240 -0.017580
v 0.004145 0.015287 -0.017901
v 0.003855 0.014897 -0.017995
v 0.003743 0.014764 -0.017580
v 0.003537 0.014546 -0.018090
v 0.003316 0.014337 -0.017580
v 0.003185 0.014227 -0.018183
v 0.002840 0.013965 -0.017580
v 0.002796 0.013936 -0.018275
v 0.002373 0.013680 -0.018361
v 0.002324 0.013653 -0.017580
v 0.001923 0.013465 -0.018437
v 0.001773 0.013405 -0.017580
v 0.001452 0.013296 -0.018498
v 0.001197 0.013225 -0.017580
v 0.000969 0.013176 -0.018543
v 0.000603 0.013116 -0.017580
v 0.000482 0.013104 -0.018571
v -0.000000 0.013080 -0.017580
v -0.000000 0.013080 -0.018580
v -0.000482 0.013104 -0.018571
v -0.000603 0.013116 -0.017580
v -0.000969 0.013176 -0.018543
v -0.001197 0.013225 -0.017580
v -0.001452 0.013296 -0.018498
v -0.001773 0.013405 -0.017580
v -0.001923 0.013465 -0.018437
v -0.002324 0.013653 -0.017580
v -0.002373 0.013680 -0.018361
v -0.002796 0.013936 -0.018275
v -0.002840 0.013965 -0.017580
v -0.003185 0.014227 -0.018183
v -0.003316 0.014337 -0.017580
v -0.003537 0.014546 -0.018090
v -0.003743 0.014764 -0.017580
v -0.003855 0.014897 -0.017995
v -0.004115 0.015240 -0.017580
v -0.004145 0.015287 -0.017901
v -0.004401 0.015709 -0.017812
v -0.004427 0.015756 -0.017580
v -0.004616 0.016158 -0.017733
v -0.004675 0.016307 -0.017580
v -0.004784 0.016629 -0.017668
v -0.004855 0.016883 -0.017580
v -0.004904 0.017112 -0.017620
v -0.004964 0.017477 -0.017580
v -0.004976 0.017598 -0.017590
v -0.005000 0.018080 -0.017580
v -0.004976 0.018562 -0.017590
v -0.004964 0.018683 -0.017580
v -0.004904 0.019048 -0.017620
v -0.004855 0.019277 -0.017580
v -0.004784 0.019531 -0.017668
v -0.004675 0.019853 -0.017580
v -0.004616 0.020002 -0.017733
v -0.004427 0.020404 -0.017580
v -0.004401 0.020451 -0.017812
v -0.004115 0.020920 -0.017580
v -0.004145 0.020873 -0.017901
v -0.003855 0.021263 -0.017995
v -0.003743 0.021396 -0.017580
v -0.003537 0.021614 -0.018090
v -0.003316 0.021823 -0.017580
v -0.003185 0.021933 -0.018183
v -0.002840 0.022195 -0.017580
v -0.002796 0.022224 -0.018275
v -0.002373 0.022480 -0.018361
v -0.002324 0.022507 -0.017580
v -0.001923 0.022695 -0.018437
v -0.001773 0.022755 -0.017580
v -0.001452 0.022864 -0.018498
v -0.001197 0.022935 -0.017580
v -0.000969 0.022984 -0.018543
v -0.000603 0.023044 -0.017580
v -0.000482 0.023056 -0.018571
v 0.000000 0.023080 -0.017580
v 0.000000 0.023080 -0.018580
v 0.000482 0.023056 -0.018571
v 0.000603 0.023044 -0.017580
v 0.000969 0.022984 -0.018543
v 0.001197 0.022935 -0.017580
v 0.001452 0.022864 -0.018498
v 0.001773 0.022755 -0.017580
v 0.001923 0.022695 -0.018437
v 0.002324 0.022507 -0.017580
v 0.002373 0.022480 -0.018361
v 0.002796 0.022224 -0.018275
v 0.002840 0.022195 -0.017580
v 0.003185 0.021933 -0.018183
v 0.003316 0.021823 -0.017580
v 0.003537 0.021614 -0.018090
v 0.003743 0.021396 -0.017580
v 0.003855 0.021263 -0.017995
v 0.004115 0.020920 -0.017580
v 0.004145 0.020873 -0.017901
v 0.004401 0.020451 -0.017812
v 0.004427 0.020404 -0.017580
v 0.004616 0.020002 -0.017733
v 0.004675 0.019853 -0.017580
v 0.004784 0.019531 -0.017668
v 0.004855 0.019277 -0.017580
v 0.004904 0.019048 -0.017620
v 0.004964 0.018683 -0.017580
v 0.004976 0.018562 -0.017590
v -0.000983 0.024580 0.007383
v 0.000000 0.024580 0.007420
v -0.000000 0.025580 0.006420
v 0.000983 0.024580 0.007383
v 0.000942 0.025580 0.006383
v 0.001961 0.024580 0.007271
v 0.001877 0.025580 0.006272
v 0.002927 0.024580 0.007086
v 0.002801 0.025580 0.006088
v 0.003877 0.024580 0.006829
v 0.003708 0.025580 0.005833
v 0.004804 0.024580 0.006500
v 0.004592 0.025580 0.005507
v 0.005704 0.024580 0.006102
v 0.005448 0.025580 0.005112
v 0.006571 0.024580 0.005637
v 0.006270 0.025580 0.004652
v 0.007400 0.024580 0.005108
v 0.007053 0.025580 0.004128
v 0.008188 0.024580 0.004518
v 0.007793 0.025580 0.003545
v 0.008928 0.024580 0.003870
v 0.008485 0.025580 0.002905
v 0.009617 0.024580 0.003167
v 0.009125 0.025580 0.002213
v 0.010251 0.024580 0.002415
v 0.009708 0.025580 0.001473
v 0.010826 0.024580 0.001617
v 0.010232 0.025580 0.000690
v 0.011339 0.024580 0.000777
v 0.010692 0.025580 -0.000132
v 0.011788 0.024580 -0.000098
v 0.011087 0.025580 -0.000988
v 0.012169 0.024580 -0.001006
v 0.011413 0.025580 -0.001872
v 0.012480 0.024580 -0.001939
v 0.011668 0.025580 -0.002779
v 0.012719 0.024580 -0.002893
v 0.011852 0.025580 -0.003703
v 0.012886 0.024580 -0.003863
v 0.011963 0.025580 -0.004638
v 0.012979 0.024580 -0.004842
v 0.012000 0.025580 -0.005580
v 0.012998 0.024580 -0.005826
v 0.011963 0.025580 -0.006522
v 0.012942 0.024580 -0.006808
v 0.011852 0.025580 -0.007457
v 0.012812 0.024580 -0.007784
v 0.011668 0.025580 -0.008381
v 0.012609 0.024580 -0.008746
v 0.011413 0.025580 -0.009288
v 0.012333 0.024580 -0.009691
v 0.011087 0.025580 -0.010172
v 0.011987 0.024580 -0.010612
v 0.010692 0.025580 -0.011028
v 0.011572 0.024580 -0.011504
v 0.010232 0.025580 -0.011850
v 0.011091 0.024580 -0.012362
v 0.010546 0.024580 -0.013181
v 0.009708 0.025580 -0.012633
v 0.009941 0.024580 -0.013957
v 0.009125 0.025580 -0.013373
v 0.009279 0.024580 -0.014685
v 0.008485 0.025580 -0.014065
v 0.008564 0.024580 -0.015361
v 0.007793 0.025580 -0.014705
v 0.007800 0.024580 -0.015980
v 0.007053 0.025580 -0.015288
v 0.006991 0.024580 -0.016540
v 0.006270 0.025580 -0.015812
v 0.006142 0.024580 -0.017038
v 0.005448 0.025580 -0.016272
v 0.005258 0.024580 -0.017469
v 0.004592 0.025580 -0.016667
v 0.004343 0.024580 -0.017833
v 0.003708 0.025580 -0.016993
v 0.003404 0.024580 -0.018126
v 0.002801 0.025580 -0.017248
v 0.002446 0.024580 -0.018348
v 0.001877 0.025580 -0.017432
v 0.001473 0.024580 -0.018496
v 0.000942 0.025580 -0.017543
v 0.000492 0.024580 -0.018571
v -0.000000 0.025580 -0.017580
v -0.000492 0.024580 -0.018571
v -0.000942 0.025580 -0.017543
v -0.001473 0.024580 -0.018496
v -0.001877 0.025580 -0.017432
v -0.002446 0.024580 -0.018348
v -0.002801 0.025580 -0.017248
v -0.003404 0.024580 -0.018126
v -0.003708 0.025580 -0.016993
v -0.004343 0.024580 -0.017833
v -0.004592 0.025580 -0.016667
v -0.005258 0.024580 -0.017469
v -0.005448 0.025580 -0.016272
v -0.006142 0.024580 -0.017038
v -0.006270 0.025580 -0.015812
v -0.006991 0.024580 -0.016540
v -0.007053 0.025580 -0.015288
v -0.007800 0.024580 -0.015980
v -0.007793 0.025580 -0.014705
v -0.008564 0.024580 -0.015361
v -0.008485 0.025580 -0.014065
v -0.009279 0.024580 -0.014685
v -0.009125 0.025580 -0.013373
v -0.009941 0.024580 -0.013957
v -0.009708 0.025580 -0.012633
v -0.010546 0.024580 -0.013181
v -0.010232 0.025580 -0.011850
v -0.011091 0.024580 -0.012362
v -0.011572 0.024580 -0.011504
v -0.010692 0.025580 -0.011028
v -0.011987 0.024580 -0.010612
v -0.011087 0.025580 -0.010172
v -0.012333 0.024580 -0.009691
v -0.011413 0.025580 -0.009288
v -0.012609 0.024580 -0.008746
v -0.011668 0.025580 -0.008381
v -0.012812 0.024580 -0.007784
v -0.011852 0.025580 -0.007457
v -0.012942 0.024580 -0.006808
v -0.011963 0.025580 -0.006522
v -0.012998 0.024580 -0.005826
v -0.012000 0.025580 -0.005580
v -0.012979 0.024580 -0.004842
v -0.011963 0.025580 -0.004638
v -0.012886 0.024580 -0.003863
v -0.011852 0.025580 -0.003703
v -0.012719 0.024580 -0.002893
v -0.011668 0.025580 -0.002779
v -0.012480 0.024580 -0.001939
v -0.011413 0.025580 -0.001872
v -0.012169 0.024580 -0.001006
v -0.011087 0.025580 -0.000988
v -0.011788 0.024580 -0.000098
v -0.010692 0.025580 -0.000132
v -0.011339 0.024580 0.000777
v -0.010232 0.025580 0.000690
v -0.010826 0.024580 0.001617
v -0.009708 0.025580 0.001473
v -0.010251 0.024580 0.002415
v -0.009125 0.025580 0.002213
v -0.009617 0.024580 0.003167
v -0.008485 0.025580 0.002905
v -0.008928 0.024580 0.003870
v -0.007793 0.025580 0.003545
v -0.008188 0.024580 0.004518
v -0.007053 0.025580 0.004128
v -0.007400 0.024580 0.005108
v -0.006270 0.025580 0.004652
v -0.006571 0.024580 0.005637
v -0.005448 0.025580 0.005112
v -0.005704 0.024580 0.006102
v -0.004592 0.025580 0.005507
v -0.004804 0.024580 0.006500
v -0.003708 0.025580 0.005833
v -0.003877 0.024580 0.006829
v -0.002801 0.025580 0.006088
v -0.002927 0.024580 0.007086
v -0.001877 0.025580 0.006272
v -0.001961 0.024580 0.007271
v -0.000942 0.025580 0.006383
v -0.006799 0.025580 -0.006955
v -0.007051 0.025580 -0.007319
v -0.007357 0.025580 -0.007638
v -0.007711 0.025580 -0.007904
v -0.008103 0.025580 -0.008110
v -0.008523 0.025580 -0.008250
v -0.008960 0.025580 -0.008321
v -0.009402 0.025580 -0.008321
v -0.009839 0.025580 -0.008250
v -0.010259 0.025580 -0.008110
v -0.010651 0.025580 -0.007904
v -0.011005 0.025580 -0.007638
v -0.011311 0.025580 -0.007319
v -0.011563 0.025580 -0.006955
v -0.011752 0.025580 -0.006555
v -0.011875 0.025580 -0.006130
v -0.011929 0.025580 -0.005691
v -0.011911 0.025580 -0.005249
v -0.011822 0.025580 -0.004815
v -0.011665 0.025580 -0.004401
v -0.011444 0.025580 -0.004018
v -0.011164 0.025580 -0.003675
v -0.010833 0.025580 -0.003382
v -0.010459 0.025580 -0.003145
v -0.010052 0.025580 -0.002972
v -0.009622 0.025580 -0.002866
v -0.009181 0.025580 -0.002830
v -0.008740 0.025580 -0.002866
v -0.008310 0.025580 -0.002972
v -0.007903 0.025580 -0.003145
v -0.007529 0.025580 -0.003382
v -0.007198 0.025580 -0.003675
v -0.006918 0.025580 -0.004018
v -0.006696 0.025580 -0.004401
v -0.006610 0.025580 -0.006555
v -0.006487 0.025580 -0.006130
v -0.006433 0.025580 -0.005691
v -0.006451 0.025580 -0.005249
v -0.006540 0.025580 -0.004815
v -0.019250 -0.018920 0.019420
v -0.019250 -0.063920 0.019420
v -0.019250 -0.018920 0.000420
v -0.019250 -0.063920 0.000420
v 0.019250 -0.063920 0.019420
v 0.019250 -0.063920 0.000420
v 0.019250 -0.018920 0.019420
v 0.019250 -0.018920 0.000420
v -0.017760 -0.017397 -0.107580
v -0.017760 -0.017397 -0.102058
v -0.017500 -0.017420 -0.107580
v -0.017500 -0.017420 -0.102058
v -0.017240 -0.017397 -0.107580
v -0.017240 -0.017397 -0.102058
v -0.016987 -0.017330 -0.107580
v -0.016987 -0.017330 -0.102058
v -0.016750 -0.017219 -0.107580
v -0.016750 -0.017219 -0.102058
v -0.016536 -0.017069 -0.107580
v -0.016536 -0.017069 -0.102058
v -0.016351 -0.016884 -0.107580
v -0.016351 -0.016884 -0.102058
v -0.016201 -0.016670 -0.107580
v -0.016201 -0.016670 -0.102058
v -0.016090 -0.016433 -0.107580
v -0.016090 -0.016433 -0.102058
v -0.016023 -0.016180 -0.107580
v -0.016023 -0.016180 -0.102058
v -0.016000 -0.015920 -0.107580
v -0.016000 -0.015920 -0.102058
v -0.016023 -0.015660 -0.107580
v -0.016023 -0.015660 -0.102058
v -0.016090 -0.015407 -0.107580
v -0.016090 -0.015407 -0.102058
v -0.016201 -0.015170 -0.107580
v -0.016201 -0.015170 -0.102058
v -0.016351 -0.014956 -0.107580
v -0.016351 -0.014956 -0.102058
v -0.016536 -0.014771 -0.107580
v -0.016536 -0.014771 -0.102058
v -0.016750 -0.014621 -0.107580
v -0.016750 -0.014621 -0.102058
v -0.016987 -0.014510 -0.107580
v -0.016987 -0.014510 -0.102058
v -0.017240 -0.014443 -0.107580
v -0.017240 -0.014443 -0.102058
v -0.017500 -0.014420 -0.107580
v -0.017500 -0.014420 -0.102058
v -0.017760 -0.014443 -0.107580
v -0.017760 -0.014443 -0.102058
v -0.018013 -0.014510 -0.107580
v -0.018013 -0.014510 -0.102058
v -0.018250 -0.014621 -0.107580
v -0.018250 -0.014621 -0.102058
v -0.018464 -0.014771 -0.107580
v -0.018464 -0.014771 -0.102058
v -0.018649 -0.014956 -0.107580
v -0.018649 -0.014956 -0.102058
v -0.018799 -0.015170 -0.107580
v -0.018799 -0.015170 -0.102058
v -0.018910 -0.015407 -0.107580
v -0.018910 -0.015407 -0.102058
v -0.018977 -0.015660 -0.107580
v -0.018977 -0.015660 -0.102058
v -0.019000 -0.015920 -0.107580
v -0.019000 -0.015920 -0.102058
v -0.018977 -0.016180 -0.107580
v -0.018977 -0.016180 -0.102058
v -0.018910 -0.016433 -0.107580
v -0.018910 -0.016433 -0.102058
v -0.018799 -0.016670 -0.107580
v -0.018799 -0.016670 -0.102058
v -0.018649 -0.016884 -0.107580
v -0.018649 -0.016884 -0.102058
v -0.018464 -0.017069 -0.107580
v -0.018464 -0.017069 -0.102058
v -0.018250 -0.017219 -0.107580
v -0.018250 -0.017219 -0.102058
v -0.018013 -0.017330 -0.107580
v -0.018013 -0.017330 -0.102058
v -0.017240 -0.017397 0.019420
v -0.017240 -0.017397 0.013898
v -0.017500 -0.017420 0.019420
v -0.017500 -0.017420 0.013898
v -0.017760 -0.017397 0.019420
v -0.017760 -0.017397 0.013898
v -0.018013 -0.017330 0.019420
v -0.018013 -0.017330 0.013898
v -0.018250 -0.017219 0.019420
v -0.018250 -0.017219 0.013898
v -0.018464 -0.017069 0.019420
v -0.018464 -0.017069 0.013898
v -0.018649 -0.016884 0.019420
v -0.018649 -0.016884 0.013898
v -0.018799 -0.016670 0.019420
v -0.018799 -0.016670 0.013898
v -0.018910 -0.016433 0.019420
v -0.018910 -0.016433 0.013898
v -0.018977 -0.016180 0.019420
v -0.018977 -0.016180 0.013898
v -0.019000 -0.015920 0.019420
v -0.019000 -0.015920 0.013898
v -0.018977 -0.015660 0.019420
v -0.018977 -0.015660 0.013898
v -0.018910 -0.015407 0.019420
v -0.018910 -0.015407 0.013898
v -0.018799 -0.015170 0.019420
v -0.018799 -0.015170 0.013898
v -0.018649 -0.014956 0.019420
v -0.018649 -0.014956 0.013898
v -0.018464 -0.014771 0.019420
v -0.018464 -0.014771 0.013898
v -0.018250 -0.014621 0.019420
v -0.018250 -0.014621 0.013898
v -0.018013 -0.014510 0.019420
v -0.018013 -0.014510 0.013898
v -0.017760 -0.014443 0.019420
v -0.017760 -0.014443 0.013898
v -0.017500 -0.014420 0.019420
v -0.017500 -0.014420 0.013898
v -0.017240 -0.014443 0.019420
v -0.017240 -0.014443 0.013898
v -0.016987 -0.014510 0.019420
v -0.016987 -0.014510 0.013898
v -0.016750 -0.014621 0.019420
v -0.016750 -0.014621 0.013898
v -0.016536 -0.014771 0.019420
v -0.016536 -0.014771 0.013898
v -0.016351 -0.014956 0.019420
v -0.016351 -0.014956 0.013898
v -0.016201 -0.015170 0.019420
v -0.016201 -0.015170 0.013898
v -0.016090 -0.015407 0.019420
v -0.016090 -0.015407 0.013898
v -0.016023 -0.015660 0.019420
v -0.016023 -0.015660 0.013898
v -0.016000 -0.015920 0.019420
v -0.016000 -0.015920 0.013898
v -0.016023 -0.016180 0.019420
v -0.016023 -0.016180 0.013898
v -0.016090 -0.016433 0.019420
v -0.016090 -0.016433 0.013898
v -0.016201 -0.016670 0.019420
v -0.016201 -0.016670 0.013898
v -0.016351 -0.016884 0.019420
v -0.016351 -0.016884 0.013898
v -0.016536 -0.017069 0.019420
v -0.016536 -0.017069 0.013898
v -0.016750 -0.017219 0.019420
v -0.016750 -0.017219 0.013898
v -0.016987 -0.017330 0.019420
v -0.016987 -0.017330 0.013898
v -0.017500 -0.017420 -0.096537
v -0.017240 -0.017397 -0.096537
v -0.016987 -0.017330 -0.096537
v -0.016750 -0.017219 -0.096537
v -0.016536 -0.017069 -0.096537
v -0.016351 -0.016884 -0.096537
v -0.016201 -0.016670 -0.096537
v -0.016090 -0.016433 -0.096537
v -0.016023 -0.016180 -0.096537
v -0.016000 -0.015920 -0.096537
v -0.016023 -0.015660 -0.096537
v -0.016090 -0.015407 -0.096537
v -0.016201 -0.015170 -0.096537
v -0.016351 -0.014956 -0.096537
v -0.016536 -0.014771 -0.096537
v -0.016750 -0.014621 -0.096537
v -0.016987 -0.014510 -0.096537
v -0.017240 -0.014443 -0.096537
v -0.017500 -0.014420 -0.096537
v -0.017760 -0.014443 -0.096537
v -0.018013 -0.014510 -0.096537
v -0.018250 -0.014621 -0.096537
v -0.018464 -0.014771 -0.096537
v -0.018649 -0.014956 -0.096537
v -0.018799 -0.015170 -0.096537
v -0.018910 -0.015407 -0.096537
v -0.018977 -0.015660 -0.096537
v -0.019000 -0.015920 -0.096537
v -0.018977 -0.016180 -0.096537
v -0.018910 -0.016433 -0.096537
v -0.018799 -0.016670 -0.096537
v -0.018649 -0.016884 -0.096537
v -0.018464 -0.017069 -0.096537
v -0.018250 -0.017219 -0.096537
v -0.018013 -0.017330 -0.096537
v -0.017760 -0.017397 -0.096537
v -0.017500 -0.017420 -0.091015
v -0.017240 -0.017397 -0.091015
v -0.016987 -0.017330 -0.091015
v -0.016750 -0.017219 -0.091015
v -0.016536 -0.017069 -0.091015
v -0.016351 -0.016884 -0.091015
v -0.016201 -0.016670 -0.091015
v -0.016090 -0.016433 -0.091015
v -0.016023 -0.016180 -0.091015
v -0.016000 -0.015920 -0.091015
v -0.016023 -0.015660 -0.091015
v -0.016090 -0.015407 -0.091015
v -0.016201 -0.015170 -0.091015
v -0.016351 -0.014956 -0.091015
v -0.016536 -0.014771 -0.091015
v -0.016750 -0.014621 -0.091015
v -0.016987 -0.014510 -0.091015
v -0.017240 -0.014443 -0.091015
v -0.017500 -0.014420 -0.091015
v -0.017760 -0.014443 -0.091015
v -0.018013 -0.014510 -0.091015
v -0.018250 -0.014621 -0.091015
v -0.018464 -0.014771 -0.091015
v -0.018649 -0.014956 -0.091015
v -0.018799 -0.015170 -0.091015
v -0.018910 -0.015407 -0.091015
v -0.018977 -0.015660 -0.091015
v -0.019000 -0.015920 -0.091015
v -0.018977 -0.016180 -0.091015
v -0.018910 -0.016433 -0.091015
v -0.018799 -0.016670 -0.091015
v -0.018649 -0.016884 -0.091015
v -0.018464 -0.017069 -0.091015
v -0.018250 -0.017219 -0.091015
v -0.018013 -0.017330 -0.091015
v -0.017760 -0.017397 -0.091015
v -0.017500 -0.017420 -0.085493
v -0.017240 -0.017397 -0.085493
v -0.016987 -0.017330 -0.085493
v -0.016750 -0.017219 -0.085493
v -0.016536 -0.017069 -0.085493
v -0.016351 -0.016884 -0.085493
v -0.016201 -0.016670 -0.085493
v -0.016090 -0.016433 -0.085493
v -0.016023 -0.016180 -0.085493
v -0.016000 -0.015920 -0.085493
v -0.016023 -0.015660 -0.085493
v -0.016090 -0.015407 -0.085493
v -0.016201 -0.015170 -0.085493
v -0.016351 -0.014956 -0.085493
v -0.016536 -0.014771 -0.085493
v -0.016750 -0.014621 -0.085493
v -0.016987 -0.014510 -0.085493
v -0.017240 -0.014443 -0.085493
v -0.017500 -0.014420 -0.085493
v -0.017760 -0.014443 -0.085493
v -0.018013 -0.014510 -0.085493
v -0.018250 -0.014621 -0.085493
v -0.018464 -0.014771 -0.085493
v -0.018649 -0.014956 -0.085493
v -0.018799 -0.015170 -0.085493
v -0.018910 -0.015407 -0.085493
v -0.018977 -0.015660 -0.085493
v -0.019000 -0.015920 -0.085493
v -0.018977 -0.016180 -0.085493
v -0.018910 -0.016433 -0.085493
v -0.018799 -0.016670 -0.085493
v -0.018649 -0.016884 -0.085493
v -0.018464 -0.017069 -0.085493
v -0.018250 -0.017219 -0.085493
v -0.018013 -0.017330 -0.085493
v -0.017760 -0.017397 -0.085493
v -0.017500 -0.017420 -0.079971
v -0.017240 -0.017397 -0.079971
v -0.016987 -0.017330 -0.079971
v -0.016750 -0.017219 -0.079971
v -0.016536 -0.017069 -0.079971
v -0.016351 -0.016884 -0.079971
v -0.016201 -0.016670 -0.079971
v -0.016090 -0.016433 -0.079971
v -0.016023 -0.016180 -0.079971
v -0.016000 -0.015920 -0.079971
v -0.016023 -0.015660 -0.079971
v -0.016090 -0.015407 -0.079971
v -0.016201 -0.015170 -0.079971
v -0.016351 -0.014956 -0.079971
v -0.016536 -0.014771 -0.079971
v -0.016750 -0.014621 -0.079971
v -0.016987 -0.014510 -0.079971
v -0.017240 -0.014443 -0.079971
v -0.017500 -0.014420 -0.079971
v -0.017760 -0.014443 -0.079971
v -0.018013 -0.014510 -0.079971
v -0.018250 -0.014621 -0.079971
v -0.018464 -0.014771 -0.079971
v -0.018649 -0.014956 -0.079971
v -0.018799 -0.015170 -0.079971
v -0.018910 -0.015407 -0.079971
v -0.018977 -0.015660 -0.079971
v -0.019000 -0.015920 -0.079971
v -0.018977 -0.016180 -0.079971
v -0.018910 -0.016433 -0.079971
v -0.018799 -0.016670 -0.079971
v -0.018649 -0.016884 -0.079971
v -0.018464 -0.017069 -0.079971
v -0.018250 -0.017219 -0.079971
v -0.018013 -0.017330 -0.079971
v -0.017760 -0.017397 -0.079971
v -0.017500 -0.017420 -0.074450
v -0.017240 -0.017397 -0.074450
v -0.016987 -0.017330 -0.074450
v -0.016750 -0.017219 -0.074450
v -0.016536 -0.017069 -0.074450
v -0.016351 -0.016884 -0.074450
v -0.016201 -0.016670 -0.074450
v -0.016090 -0.016433 -0.074450
v -0.016023 -0.016180 -0.074450
v -0.016000 -0.015920 -0.074450
v -0.016023 -0.015660 -0.074450
v -0.016090 -0.015407 -0.074450
v -0.016201 -0.015170 -0.074450
v -0.016351 -0.014956 -0.074450
v -0.016536 -0.014771 -0.074450
v -0.016750 -0.014621 -0.074450
v -0.016987 -0.014510 -0.074450
v -0.017240 -0.014443 -0.074450
v -0.017500 -0.014420 -0.074450
v -0.017760 -0.014443 -0.074450
v -0.018013 -0.014510 -0.074450
v -0.018250 -0.014621 -0.074450
v -0.018464 -0.014771 -0.074450
v -0.018649 -0.014956 -0.074450
v -0.018799 -0.015170 -0.074450
v -0.018910 -0.015407 -0.074450
v -0.018977 -0.015660 -0.074450
v -0.019000 -0.015920 -0.074450
v -0.018977 -0.016180 -0.074450
v -0.018910 -0.016433 -0.074450
v -0.018799 -0.016670 -0.074450
v -0.018649 -0.016884 -0.074450
v -0.018464 -0.017069 -0.074450
v -0.018250 -0.017219 -0.074450
v -0.018013 -0.017330 -0.074450
v -0.017760 -0.017397 -0.074450
v -0.017500 -0.017420 -0.068928
v -0.017240 -0.017397 -0.068928
v -0.016987 -0.017330 -0.068928
v -0.016750 -0.017219 -0.068928
v -0.016536 -0.017069 -0.068928
v -0.016351 -0.016884 -0.068928
v -0.016201 -0.016670 -0.068928
v -0.016090 -0.016433 -0.068928
v -0.016023 -0.016180 -0.068928
v -0.016000 -0.015920 -0.068928
v -0.016023 -0.015660 -0.068928
v -0.016090 -0.015407 -0.068928
v -0.016201 -0.015170 -0.068928
v -0.016351 -0.014956 -0.068928
v -0.016536 -0.014771 -0.068928
v -0.016750 -0.014621 -0.068928
v -0.016987 -0.014510 -0.068928
v -0.017240 -0.014443 -0.068928
v -0.017500 -0.014420 -0.068928
v -0.017760 -0.014443 -0.068928
v -0.018013 -0.014510 -0.068928
v -0.018250 -0.014621 -0.068928
v -0.018464 -0.014771 -0.068928
v -0.018649 -0.014956 -0.068928
v -0.018799 -0.015170 -0.068928
v -0.018910 -0.015407 -0.068928
v -0.018977 -0.015660 -0.068928
v -0.019000 -0.015920 -0.068928
v -0.018977 -0.016180 -0.068928
v -0.018910 -0.016433 -0.068928
v -0.018799 -0.016670 -0.068928
v -0.018649 -0.016884 -0.068928
v -0.018464 -0.017069 -0.068928
v -0.018250 -0.017219 -0.068928
v -0.018013 -0.017330 -0.068928
v -0.017760 -0.017397 -0.068928
v -0.017500 -0.017420 -0.063406
v -0.017240 -0.017397 -0.063406
v -0.016987 -0.017330 -0.063406
v -0.016750 -0.017219 -0.063406
v -0.016536 -0.017069 -0.063406
v -0.016351 -0.016884 -0.063406
v -0.016201 -0.016670 -0.063406
v -0.016090 -0.016433 -0.063406
v -0.016023 -0.016180 -0.063406
v -0.016000 -0.015920 -0.063406
v -0.016023 -0.015660 -0.063406
v -0.016090 -0.015407 -0.063406
v -0.016201 -0.015170 -0.063406
v -0.016351 -0.014956 -0.063406
v -0.016536 -0.014771 -0.063406
v -0.016750 -0.014621 -0.063406
v -0.016987 -0.014510 -0.063406
v -0.017240 -0.014443 -0.063406
v -0.017500 -0.014420 -0.063406
v -0.017760 -0.014443 -0.063406
v -0.018013 -0.014510 -0.063406
v -0.018250 -0.014621 -0.063406
v -0.018464 -0.014771 -0.063406
v -0.018649 -0.014956 -0.063406
v -0.018799 -0.015170 -0.063406
v -0.018910 -0.015407 -0.063406
v -0.018977 -0.015660 -0.063406
v -0.019000 -0.015920 -0.063406
v -0.018977 -0.016180 -0.063406
v -0.018910 -0.016433 -0.063406
v -0.018799 -0.016670 -0.063406
v -0.018649 -0.016884 -0.063406
v -0.018464 -0.017069 -0.063406
v -0.018250 -0.017219 -0.063406
v -0.018013 -0.017330 -0.063406
v -0.017760 -0.017397 -0.063406
v -0.017500 -0.017420 -0.057884
v -0.017240 -0.017397 -0.057884
v -0.016987 -0.017330 -0.057884
v -0.016750 -0.017219 -0.057884
v -0.016536 -0.017069 -0.057884
v -0.016351 -0.016884 -0.057884
v -0.016201 -0.016670 -0.057884
v -0.016090 -0.016433 -0.057884
v -0.016023 -0.016180 -0.057884
v -0.016000 -0.015920 -0.057884
v -0.016023 -0.015660 -0.057884
v -0.016090 -0.015407 -0.057884
v -0.016201 -0.015170 -0.057884
v -0.016351 -0.014956 -0.057884
v -0.016536 -0.014771 -0.057884
v -0.016750 -0.014621 -0.057884
v -0.016987 -0.014510 -0.057884
v -0.017240 -0.014443 -0.057884
v -0.017500 -0.014420 -0.057884
v -0.017760 -0.014443 -0.057884
v -0.018013 -0.014510 -0.057884
v -0.018250 -0.014621 -0.057884
v -0.018464 -0.014771 -0.057884
v -0.018649 -0.014956 -0.057884
v -0.018799 -0.015170 -0.057884
v -0.018910 -0.015407 -0.057884
v -0.018977 -0.015660 -0.057884
v -0.019000 -0.015920 -0.057884
v -0.018977 -0.016180 -0.057884
v -0.018910 -0.016433 -0.057884
v -0.018799 -0.016670 -0.057884
v -0.018649 -0.016884 -0.057884
v -0.018464 -0.017069 -0.057884
v -0.018250 -0.017219 -0.057884
v -0.018013 -0.017330 -0.057884
v -0.017760 -0.017397 -0.057884
v -0.017500 -0.017420 -0.052363
v -0.017240 -0.017397 -0.052363
v -0.016987 -0.017330 -0.052363
v -0.016750 -0.017219 -0.052363
v -0.016536 -0.017069 -0.052363
v -0.016351 -0.016884 -0.052363
v -0.016201 -0.016670 -0.052363
v -0.016090 -0.016433 -0.052363
v -0.016023 -0.016180 -0.052363
v -0.016000 -0.015920 -0.052363
v -0.016023 -0.015660 -0.052363
v -0.016090 -0.015407 -0.052363
v -0.016201 -0.015170 -0.052363
v -0.016351 -0.014956 -0.052363
v -0.016536 -0.014771 -0.052363
v -0.016750 -0.014621 -0.052363
v -0.016987 -0.014510 -0.052363
v -0.017240 -0.014443 -0.052363
v -0.017500 -0.014420 -0.052363
v -0.017760 -0.014443 -0.052363
v -0.018013 -0.014510 -0.052363
v -0.018250 -0.014621 -0.052363
v -0.018464 -0.014771 -0.052363
v -0.018649 -0.014956 -0.052363
v -0.018799 -0.015170 -0.052363
v -0.018910 -0.015407 -0.052363
v -0.018977 -0.015660 -0.052363
v -0.019000 -0.015920 -0.052363
v -0.018977 -0.016180 -0.052363
v -0.018910 -0.016433 -0.052363
v -0.018799 -0.016670 -0.052363
v -0.018649 -0.016884 -0.052363
v -0.018464 -0.017069 -0.052363
v -0.018250 -0.017219 -0.052363
v -0.018013 -0.017330 -0.052363
v -0.017760 -0.017397 -0.052363
v -0.017500 -0.017420 -0.046841
v -0.017240 -0.017397 -0.046841
v -0.016987 -0.017330 -0.046841
v -0.016750 -0.017219 -0.046841
v -0.016536 -0.017069 -0.046841
v -0.016351 -0.016884 -0.046841
v -0.016201 -0.016670 -0.046841
v -0.016090 -0.016433 -0.046841
v -0.016023 -0.016180 -0.046841
v -0.016000 -0.015920 -0.046841
v -0.016023 -0.015660 -0.046841
v -0.016090 -0.015407 -0.046841
v -0.016201 -0.015170 -0.046841
v -0.016351 -0.014956 -0.046841
v -0.016536 -0.014771 -0.046841
v -0.016750 -0.014621 -0.046841
v -0.016987 -0.014510 -0.046841
v -0.017240 -0.014443 -0.046841
v -0.017500 -0.014420 -0.046841
v -0.017760 -0.014443 -0.046841
v -0.018013 -0.014510 -0.046841
v -0.018250 -0.014621 -0.046841
v -0.018464 -0.014771 -0.046841
v -0.018649 -0.014956 -0.046841
v -0.018799 -0.015170 -0.046841
v -0.018910 -0.015407 -0.046841
v -0.018977 -0.015660 -0.046841
v -0.019000 -0.015920 -0.046841
v -0.018977 -0.016180 -0.046841
v -0.018910 -0.016433 -0.046841
v -0.018799 -0.016670 -0.046841
v -0.018649 -0.016884 -0.046841
v -0.018464 -0.017069 -0.046841
v -0.018250 -0.017219 -0.046841
v -0.018013 -0.017330 -0.046841
v -0.017760 -0.017397 -0.046841
v -0.017500 -0.017420 -0.041319
v -0.017240 -0.017397 -0.041319
v -0.016987 -0.017330 -0.041319
v -0.016750 -0.017219 -0.041319
v -0.016536 -0.017069 -0.041319
v -0.016351 -0.016884 -0.041319
v -0.016201 -0.016670 -0.041319
v -0.016090 -0.016433 -0.041319
v -0.016023 -0.016180 -0.041319
v -0.016000 -0.015920 -0.041319
v -0.016023 -0.015660 -0.041319
v -0.016090 -0.015407 -0.041319
v -0.016201 -0.015170 -0.041319
v -0.016351 -0.014956 -0.041319
v -0.016536 -0.014771 -0.041319
v -0.016750 -0.014621 -0.041319
v -0.016987 -0.014510 -0.041319
v -0.017240 -0.014443 -0.041319
v -0.017500 -0.014420 -0.041319
v -0.017760 -0.014443 -0.041319
v -0.018013 -0.014510 -0.041319
v -0.018250 -0.014621 -0.041319
v -0.018464 -0.014771 -0.041319
v -0.018649 -0.014956 -0.041319
v -0.018799 -0.015170 -0.041319
v -0.018910 -0.015407 -0.041319
v -0.018977 -0.015660 -0.041319
v -0.019000 -0.015920 -0.041319
v -0.018977 -0.016180 -0.041319
v -0.018910 -0.016433 -0.041319
v -0.018799 -0.016670 -0.041319
v -0.018649 -0.016884 -0.041319
v -0.018464 -0.017069 -0.041319
v -0.018250 -0.017219 -0.041319
v -0.018013 -0.017330 -0.041319
v -0.017760 -0.017397 -0.041319
v -0.017500 -0.017420 -0.035797
v -0.017240 -0.017397 -0.035797
v -0.016987 -0.017330 -0.035797
v -0.016750 -0.017219 -0.035797
v -0.016536 -0.017069 -0.035797
v -0.016351 -0.016884 -0.035797
v -0.016201 -0.016670 -0.035797
v -0.016090 -0.016433 -0.035797
v -0.016023 -0.016180 -0.035797
v -0.016000 -0.015920 -0.035797
v -0.016023 -0.015660 -0.035797
v -0.016090 -0.015407 -0.035797
v -0.016201 -0.015170 -0.035797
v -0.016351 -0.014956 -0.035797
v -0.016536 -0.014771 -0.035797
v -0.016750 -0.014621 -0.035797
v -0.016987 -0.014510 -0.035797
v -0.017240 -0.014443 -0.035797
v -0.017500 -0.014420 -0.035797
v -0.017760 -0.014443 -0.035797
v -0.018013 -0.014510 -0.035797
v -0.018250 -0.014621 -0.035797
v -0.018464 -0.014771 -0.035797
v -0.018649 -0.014956 -0.035797
v -0.018799 -0.015170 -0.035797
v -0.018910 -0.015407 -0.035797
v -0.018977 -0.015660 -0.035797
v -0.019000 -0.015920 -0.035797
v -0.018977 -0.016180 -0.035797
v -0.018910 -0.016433 -0.035797
v -0.018799 -0.016670 -0.035797
v -0.018649 -0.016884 -0.035797
v -0.018464 -0.017069 -0.035797
v -0.018250 -0.017219 -0.035797
v -0.018013 -0.017330 -0.035797
v -0.017760 -0.017397 -0.035797
v -0.017500 -0.017420 -0.030276
v -0.017240 -0.017397 -0.030276
v -0.016987 -0.017330 -0.030276
v -0.016750 -0.017219 -0.030276
v -0.016536 -0.017069 -0.030276
v -0.016351 -0.016884 -0.030276
v -0.016201 -0.016670 -0.030276
v -0.016090 -0.016433 -0.030276
v -0.016023 -0.016180 -0.030276
v -0.016000 -0.015920 -0.030276
v -0.016023 -0.015660 -0.030276
v -0.016090 -0.015407 -0.030276
v -0.016201 -0.015170 -0.030276
v -0.016351 -0.014956 -0.030276
v -0.016536 -0.014771 -0.030276
v -0.016750 -0.014621 -0.030276
v -0.016987 -0.014510 -0.030276
v -0.017240 -0.014443 -0.030276
v -0.017500 -0.014420 -0.030276
v -0.017760 -0.014443 -0.030276
v -0.018013 -0.014510 -0.030276
v -0.018250 -0.014621 -0.030276
v -0.018464 -0.014771 -0.030276
v -0.018649 -0.014956 -0.030276
v -0.018799 -0.015170 -0.030276
v -0.018910 -0.015407 -0.030276
v -0.018977 -0.015660 -0.030276
v -0.019000 -0.015920 -0.030276
v -0.018977 -0.016180 -0.030276
v -0.018910 -0.016433 -0.030276
v -0.018799 -0.016670 -0.030276
v -0.018649 -0.016884 -0.030276
v -0.018464 -0.017069 -0.030276
v -0.018250 -0.017219 -0.030276
v -0.018013 -0.017330 -0.030276
v -0.017760 -0.017397 -0.030276
v -0.017500 -0.017420 -0.024754
v -0.017240 -0.017397 -0.024754
v -0.016987 -0.017330 -0.024754
v -0.016750 -0.017219 -0.024754
v -0.016536 -0.017069 -0.024754
v -0.016351 -0.016884 -0.024754
v -0.016201 -0.016670 -0.024754
v -0.016090 -0.016433 -0.024754
v -0.016023 -0.016180 -0.024754
v -0.016000 -0.015920 -0.024754
v -0.016023 -0.015660 -0.024754
v -0.016090 -0.015407 -0.024754
v -0.016201 -0.015170 -0.024754
v -0.016351 -0.014956 -0.024754
v -0.016536 -0.014771 -0.024754
v -0.016750 -0.014621 -0.024754
v -0.016987 -0.014510 -0.024754
v -0.017240 -0.014443 -0.024754
v -0.017500 -0.014420 -0.024754
v -0.017760 -0.014443 -0.024754
v -0.018013 -0.014510 -0.024754
v -0.018250 -0.014621 -0.024754
v -0.018464 -0.014771 -0.024754
v -0.018649 -0.014956 -0.024754
v -0.018799 -0.015170 -0.024754
v -0.018910 -0.015407 -0.024754
v -0.018977 -0.015660 -0.024754
v -0.019000 -0.015920 -0.024754
v -0.018977 -0.016180 -0.024754
v -0.018910 -0.016433 -0.024754
v -0.018799 -0.016670 -0.024754
v -0.018649 -0.016884 -0.024754
v -0.018464 -0.017069 -0.024754
v -0.018250 -0.017219 -0.024754
v -0.018013 -0.017330 -0.024754
v -0.017760 -0.017397 -0.024754
v -0.017500 -0.017420 -0.019232
v -0.017240 -0.017397 -0.019232
v -0.016987 -0.017330 -0.019232
v -0.016750 -0.017219 -0.019232
v -0.016536 -0.017069 -0.019232
v -0.016351 -0.016884 -0.019232
v -0.016201 -0.016670 -0.019232
v -0.016090 -0.016433 -0.019232
v -0.016023 -0.016180 -0.019232
v -0.016000 -0.015920 -0.019232
v -0.016023 -0.015660 -0.019232
v -0.016090 -0.015407 -0.019232
v -0.016201 -0.015170 -0.019232
v -0.016351 -0.014956 -0.019232
v -0.016536 -0.014771 -0.019232
v -0.016750 -0.014621 -0.019232
v -0.016987 -0.014510 -0.019232
v -0.017240 -0.014443 -0.019232
v -0.017500 -0.014420 -0.019232
v -0.017760 -0.014443 -0.019232
v -0.018013 -0.014510 -0.019232
v -0.018250 -0.014621 -0.019232
v -0.018464 -0.014771 -0.019232
v -0.018649 -0.014956 -0.019232
v -0.018799 -0.015170 -0.019232
v -0.018910 -0.015407 -0.019232
v -0.018977 -0.015660 -0.019232
v -0.019000 -0.015920 -0.019232
v -0.018977 -0.016180 -0.019232
v -0.018910 -0.016433 -0.019232
v -0.018799 -0.016670 -0.019232
v -0.018649 -0.016884 -0.019232
v -0.018464 -0.017069 -0.019232
v -0.018250 -0.017219 -0.019232
v -0.018013 -0.017330 -0.019232
v -0.017760 -0.017397 -0.019232
v -0.017500 -0.017420 -0.013710
v -0.017240 -0.017397 -0.013710
v -0.016987 -0.017330 -0.013710
v -0.016750 -0.017219 -0.013710
v -0.016536 -0.017069 -0.013710
v -0.016351 -0.016884 -0.013710
v -0.016201 -0.016670 -0.013710
v -0.016090 -0.016433 -0.013710
v -0.016023 -0.016180 -0.013710
v -0.016000 -0.015920 -0.013710
v -0.016023 -0.015660 -0.013710
v -0.016090 -0.015407 -0.013710
v -0.016201 -0.015170 -0.013710
v -0.016351 -0.014956 -0.013710
v -0.016536 -0.014771 -0.013710
v -0.016750 -0.014621 -0.013710
v -0.016987 -0.014510 -0.013710
v -0.017240 -0.014443 -0.013710
v -0.017500 -0.014420 -0.013710
v -0.017760 -0.014443 -0.013710
v -0.018013 -0.014510 -0.013710
v -0.018250 -0.014621 -0.013710
v -0.018464 -0.014771 -0.013710
v -0.018649 -0.014956 -0.013710
v -0.018799 -0.015170 -0.013710
v -0.018910 -0.015407 -0.013710
v -0.018977 -0.015660 -0.013710
v -0.019000 -0.015920 -0.013710
v -0.018977 -0.016180 -0.013710
v -0.018910 -0.016433 -0.013710
v -0.018799 -0.016670 -0.013710
v -0.018649 -0.016884 -0.013710
v -0.018464 -0.017069 -0.013710
v -0.018250 -0.017219 -0.013710
v -0.018013 -0.017330 -0.013710
v -0.017760 -0.017397 -0.013710
v -0.017500 -0.017420 -0.008189
v -0.017240 -0.017397 -0.008189
v -0.016987 -0.017330 -0.008189
v -0.016750 -0.017219 -0.008189
v -0.016536 -0.017069 -0.008189
v -0.016351 -0.016884 -0.008189
v -0.016201 -0.016670 -0.008189
v -0.016090 -0.016433 -0.008189
v -0.016023 -0.016180 -0.008189
v -0.016000 -0.015920 -0.008189
v -0.016023 -0.015660 -0.008189
v -0.016090 -0.015407 -0.008189
v -0.016201 -0.015170 -0.008189
v -0.016351 -0.014956 -0.008189
v -0.016536 -0.014771 -0.008189
v -0.016750 -0.014621 -0.008189
v -0.016987 -0.014510 -0.008189
v -0.017240 -0.014443 -0.008189
v -0.017500 -0.014420 -0.008189
v -0.017760 -0.014443 -0.008189
v -0.018013 -0.014510 -0.008189
v -0.018250 -0.014621 -0.008189
v -0.018464 -0.014771 -0.008189
v -0.018649 -0.014956 -0.008189
v -0.018799 -0.015170 -0.008189
v -0.018910 -0.015407 -0.008189
v -0.018977 -0.015660 -0.008189
v -0.019000 -0.015920 -0.008189
v -0.018977 -0.016180 -0.008189
v -0.018910 -0.016433 -0.008189
v -0.018799 -0.016670 -0.008189
v -0.018649 -0.016884 -0.008189
v -0.018464 -0.017069 -0.008189
v -0.018250 -0.017219 -0.008189
v -0.018013 -0.017330 -0.008189
v -0.017760 -0.017397 -0.008189
v -0.017500 -0.017420 -0.002667
v -0.017240 -0.017397 -0.002667
v -0.016987 -0.017330 -0.002667
v -0.016750 -0.017219 -0.002667
v -0.016536 -0.017069 -0.002667
v -0.016351 -0.016884 -0.002667
v -0.016201 -0.016670 -0.002667
v -0.016090 -0.016433 -0.002667
v -0.016023 -0.016180 -0.002667
v -0.016000 -0.015920 -0.002667
v -0.016023 -0.015660 -0.002667
v -0.016090 -0.015407 -0.002667
v -0.016201 -0.015170 -0.002667
v -0.016351 -0.014956 -0.002667
v -0.016536 -0.014771 -0.002667
v -0.016750 -0.014621 -0.002667
v -0.016987 -0.014510 -0.002667
v -0.017240 -0.014443 -0.002667
v -0.017500 -0.014420 -0.002667
v -0.017760 -0.014443 -0.002667
v -0.018013 -0.014510 -0.002667
v -0.018250 -0.014621 -0.002667
v -0.018464 -0.014771 -0.002667
v -0.018649 -0.014956 -0.002667
v -0.018799 -0.015170 -0.002667
v -0.018910 -0.015407 -0.002667
v -0.018977 -0.015660 -0.002667
v -0.019000 -0.015920 -0.002667
v -0.018977 -0.016180 -0.002667
v -0.018910 -0.016433 -0.002667
v -0.018799 -0.016670 -0.002667
v -0.018649 -0.016884 -0.002667
v -0.018464 -0.017069 -0.002667
v -0.018250 -0.017219 -0.002667
v -0.018013 -0.017330 -0.002667
v -0.017760 -0.017397 -0.002667
v -0.017500 -0.017420 0.002855
v -0.017240 -0.017397 0.002855
v -0.016987 -0.017330 0.002855
v -0.016750 -0.017219 0.002855
v -0.016536 -0.017069 0.002855
v -0.016351 -0.016884 0.002855
v -0.016201 -0.016670 0.002855
v -0.016090 -0.016433 0.002855
v -0.016023 -0.016180 0.002855
v -0.016000 -0.015920 0.002855
v -0.016023 -0.015660 0.002855
v -0.016090 -0.015407 0.002855
v -0.016201 -0.015170 0.002855
v -0.016351 -0.014956 0.002855
v -0.016536 -0.014771 0.002855
v -0.016750 -0.014621 0.002855
v -0.016987 -0.014510 0.002855
v -0.017240 -0.014443 0.002855
v -0.017500 -0.014420 0.002855
v -0.017760 -0.014443 0.002855
v -0.018013 -0.014510 0.002855
v -0.018250 -0.014621 0.002855
v -0.018464 -0.014771 0.002855
v -0.018649 -0.014956 0.002855
v -0.018799 -0.015170 0.002855
v -0.018910 -0.015407 0.002855
v -0.018977 -0.015660 0.002855
v -0.019000 -0.015920 0.002855
v -0.018977 -0.016180 0.002855
v -0.018910 -0.016433 0.002855
v -0.018799 -0.016670 0.002855
v -0.018649 -0.016884 0.002855
v -0.018464 -0.017069 0.002855
v -0.018250 -0.017219 0.002855
v -0.018013 -0.017330 0.002855
v -0.017760 -0.017397 0.002855
v -0.017500 -0.017420 0.008377
v -0.017240 -0.017397 0.008377
v -0.016987 -0.017330 0.008377
v -0.016750 -0.017219 0.008377
v -0.016536 -0.017069 0.008377
v -0.016351 -0.016884 0.008377
v -0.016201 -0.016670 0.008377
v -0.016090 -0.016433 0.008377
v -0.016023 -0.016180 0.008377
v -0.016000 -0.015920 0.008377
v -0.016023 -0.015660 0.008377
v -0.016090 -0.015407 0.008377
v -0.016201 -0.015170 0.008377
v -0.016351 -0.014956 0.008377
v -0.016536 -0.014771 0.008377
v -0.016750 -0.014621 0.008377
v -0.016987 -0.014510 0.008377
v -0.017240 -0.014443 0.008377
v -0.017500 -0.014420 0.008377
v -0.017760 -0.014443 0.008377
v -0.018013 -0.014510 0.008377
v -0.018250 -0.014621 0.008377
v -0.018464 -0.014771 0.008377
v -0.018649 -0.014956 0.008377
v -0.018799 -0.015170 0.008377
v -0.018910 -0.015407 0.008377
v -0.018977 -0.015660 0.008377
v -0.019000 -0.015920 0.008377
v -0.018977 -0.016180 0.008377
v -0.018910 -0.016433 0.008377
v -0.018799 -0.016670 0.008377
v -0.018649 -0.016884 0.008377
v -0.018464 -0.017069 0.008377
v -0.018250 -0.017219 0.008377
v -0.018013 -0.017330 0.008377
v -0.017760 -0.017397 0.008377
v 0.017240 -0.017397 -0.107580
v 0.017240 -0.017397 -0.102058
v 0.017500 -0.017420 -0.107580
v 0.017500 -0.017420 -0.102058
v 0.017760 -0.017397 -0.107580
v 0.017760 -0.017397 -0.102058
v 0.018013 -0.017330 -0.107580
v 0.018013 -0.017330 -0.102058
v 0.018250 -0.017219 -0.107580
v 0.018250 -0.017219 -0.102058
v 0.018464 -0.017069 -0.107580
v 0.018464 -0.017069 -0.102058
v 0.018649 -0.016884 -0.107580
v 0.018649 -0.016884 -0.102058
v 0.018799 -0.016670 -0.107580
v 0.018799 -0.016670 -0.102058
v 0.018910 -0.016433 -0.107580
v 0.018910 -0.016433 -0.102058
v 0.018977 -0.016180 -0.107580
v 0.018977 -0.016180 -0.102058
v 0.019000 -0.015920 -0.107580
v 0.019000 -0.015920 -0.102058
v 0.018977 -0.015660 -0.107580
v 0.018977 -0.015660 -0.102058
v 0.018910 -0.015407 -0.107580
v 0.018910 -0.015407 -0.102058
v 0.018799 -0.015170 -0.107580
v 0.018799 -0.015170 -0.102058
v 0.018649 -0.014956 -0.107580
v 0.018649 -0.014956 -0.102058
v 0.018464 -0.014771 -0.107580
v 0.018464 -0.014771 -0.102058
v 0.018250 -0.014621 -0.107580
v 0.018250 -0.014621 -0.102058
v 0.018013 -0.014510 -0.107580
v 0.018013 -0.014510 -0.102058
v 0.017760 -0.014443 -0.107580
v 0.017760 -0.014443 -0.102058
v 0.017500 -0.014420 -0.107580
v 0.017500 -0.014420 -0.102058
v 0.017240 -0.014443 -0.107580
v 0.017240 -0.014443 -0.102058
v 0.016987 -0.014510 -0.107580
v 0.016987 -0.014510 -0.102058
v 0.016750 -0.014621 -0.107580
v 0.016750 -0.014621 -0.102058
v 0.016536 -0.014771 -0.107580
v 0.016536 -0.014771 -0.102058
v 0.016351 -0.014956 -0.107580
v 0.016351 -0.014956 -0.102058
v 0.016201 -0.015170 -0.107580
v 0.016201 -0.015170 -0.102058
v 0.016090 -0.015407 -0.107580
v 0.016090 -0.015407 -0.102058
v 0.016023 -0.015660 -0.107580
v 0.016023 -0.015660 -0.102058
v 0.016000 -0.015920 -0.107580
v 0.016000 -0.015920 -0.102058
v 0.016023 -0.016180 -0.107580
v 0.016023 -0.016180 -0.102058
v 0.016090 -0.016433 -0.107580
v 0.016090 -0.016433 -0.102058
v 0.016201 -0.016670 -0.107580
v 0.016201 -0.016670 -0.102058
v 0.016351 -0.016884 -0.107580
v 0.016351 -0.016884 -0.102058
v 0.016536 -0.017069 -0.107580
v 0.016536 -0.017069 -0.102058
v 0.016750 -0.017219 -0.107580
v 0.016750 -0.017219 -0.102058
v 0.016987 -0.017330 -0.107580
v 0.016987 -0.017330 -0.102058
v 0.017760 -0.017397 0.019420
v 0.017760 -0.017397 0.013898
v 0.017500 -0.017420 0.019420
v 0.017500 -0.017420 0.013898
v 0.017240 -0.017397 0.019420
v 0.017240 -0.017397 0.013898
v 0.016987 -0.017330 0.019420
v 0.016987 -0.017330 0.013898
v 0.016750 -0.017219 0.019420
v 0.016750 -0.017219 0.013898
v 0.016536 -0.017069 0.019420
v 0.016536 -0.017069 0.013898
v 0.016351 -0.016884 0.019420
v 0.016351 -0.016884 0.013898
v 0.016201 -0.016670 0.019420
v 0.016201 -0.016670 0.013898
v 0.016090 -0.016433 0.019420
v 0.016090 -0.016433 0.013898
v 0.016023 -0.016180 0.019420
v 0.016023 -0.016180 0.013898
v 0.016000 -0.015920 0.019420
v 0.016000 -0.015920 0.013898
v 0.016023 -0.015660 0.019420
v 0.016023 -0.015660 0.013898
v 0.016090 -0.015407 0.019420
v 0.016090 -0.015407 0.013898
v 0.016201 -0.015170 0.019420
v 0.016201 -0.015170 0.013898
v 0.016351 -0.014956 0.019420
v 0.016351 -0.014956 0.013898
v 0.016536 -0.014771 0.019420
v 0.016536 -0.014771 0.013898
v 0.016750 -0.014621 0.019420
v 0.016750 -0.014621 0.013898
v 0.016987 -0.014510 0.019420
v 0.016987 -0.014510 0.013898
v 0.017240 -0.014443 0.019420
v 0.017240 -0.014443 0.013898
v 0.017500 -0.014420 0.019420
v 0.017500 -0.014420 0.013898
v 0.017760 -0.014443 0.019420
v 0.017760 -0.014443 0.013898
v 0.018013 -0.014510 0.019420
v 0.018013 -0.014510 0.013898
v 0.018250 -0.014621 0.019420
v 0.018250 -0.014621 0.013898
v 0.018464 -0.014771 0.019420
v 0.018464 -0.014771 0.013898
v 0.018649 -0.014956 0.019420
v 0.018649 -0.014956 0.013898
v 0.018799 -0.015170 0.019420
v 0.018799 -0.015170 0.013898
v 0.018910 -0.015407 0.019420
v 0.018910 -0.015407 0.013898
v 0.018977 -0.015660 0.019420
v 0.018977 -0.015660 0.013898
v 0.019000 -0.015920 0.019420
v 0.019000 -0.015920 0.013898
v 0.018977 -0.016180 0.019420
v 0.018977 -0.016180 0.013898
v 0.018910 -0.016433 0.019420
v 0.018910 -0.016433 0.013898
v 0.018799 -0.016670 0.019420
v 0.018799 -0.016670 0.013898
v 0.018649 -0.016884 0.019420
v 0.018649 -0.016884 0.013898
v 0.018464 -0.017069 0.019420
v 0.018464 -0.017069 0.013898
v 0.018250 -0.017219 0.019420
v 0.018250 -0.017219 0.013898
v 0.018013 -0.017330 0.019420
v 0.018013 -0.017330 0.013898
v 0.017500 -0.017420 -0.096537
v 0.017760 -0.017397 -0.096537
v 0.018013 -0.017330 -0.096537
v 0.018250 -0.017219 -0.096537
v 0.018464 -0.017069 -0.096537
v 0.018649 -0.016884 -0.096537
v 0.018799 -0.016670 -0.096537
v 0.018910 -0.016433 -0.096537
v 0.018977 -0.016180 -0.096537
v 0.019000 -0.015920 -0.096537
v 0.018977 -0.015660 -0.096537
v 0.018910 -0.015407 -0.096537
v 0.018799 -0.015170 -0.096537
v 0.018649 -0.014956 -0.096537
v 0.018464 -0.014771 -0.096537
v 0.018250 -0.014621 -0.096537
v 0.018013 -0.014510 -0.096537
v 0.017760 -0.014443 -0.096537
v 0.017500 -0.014420 -0.096537
v 0.017240 -0.014443 -0.096537
v 0.016987 -0.014510 -0.096537
v 0.016750 -0.014621 -0.096537
v 0.016536 -0.014771 -0.096537
v 0.016351 -0.014956 -0.096537
v 0.016201 -0.015170 -0.096537
v 0.016090 -0.015407 -0.096537
v 0.016023 -0.015660 -0.096537
v 0.016000 -0.015920 -0.096537
v 0.016023 -0.016180 -0.096537
v 0.016090 -0.016433 -0.096537
v 0.016201 -0.016670 -0.096537
v 0.016351 -0.016884 -0.096537
v 0.016536 -0.017069 -0.096537
v 0.016750 -0.017219 -0.096537
v 0.016987 -0.017330 -0.096537
v 0.017240 -0.017397 -0.096537
v 0.017500 -0.017420 -0.091015
v 0.017760 -0.017397 -0.091015
v 0.018013 -0.017330 -0.091015
v 0.018250 -0.017219 -0.091015
v 0.018464 -0.017069 -0.091015
v 0.018649 -0.016884 -0.091015
v 0.018799 -0.016670 -0.091015
v 0.018910 -0.016433 -0.091015
v 0.018977 -0.016180 -0.091015
v 0.019000 -0.015920 -0.091015
v 0.018977 -0.015660 -0.091015
v 0.018910 -0.015407 -0.091015
v 0.018799 -0.015170 -0.091015
v 0.018649 -0.014956 -0.091015
v 0.018464 -0.014771 -0.091015
v 0.018250 -0.014621 -0.091015
v 0.018013 -0.014510 -0.091015
v 0.017760 -0.014443 -0.091015
v 0.017500 -0.014420 -0.091015
v 0.017240 -0.014443 -0.091015
v 0.016987 -0.014510 -0.091015
v 0.016750 -0.014621 -0.091015
v 0.016536 -0.014771 -0.091015
v 0.016351 -0.014956 -0.091015
v 0.016201 -0.015170 -0.091015
v 0.016090 -0.015407 -0.091015
v 0.016023 -0.015660 -0.091015
v 0.016000 -0.015920 -0.091015
v 0.016023 -0.016180 -0.091015
v 0.016090 -0.016433 -0.091015
v 0.016201 -0.016670 -0.091015
v 0.016351 -0.016884 -0.091015
v 0.016536 -0.017069 -0.091015
v 0.016750 -0.017219 -0.091015
v 0.016987 -0.017330 -0.091015
v 0.017240 -0.017397 -0.091015
v 0.017500 -0.017420 -0.085493
v 0.017760 -0.017397 -0.085493
v 0.018013 -0.017330 -0.085493
v 0.018250 -0.017219 -0.085493
v 0.018464 -0.017069 -0.085493
v 0.018649 -0.016884 -0.085493
v 0.018799 -0.016670 -0.085493
v 0.018910 -0.016433 -0.085493
v 0.018977 -0.016180 -0.085493
v 0.019000 -0.015920 -0.085493
v 0.018977 -0.015660 -0.085493
v 0.018910 -0.015407 -0.085493
v 0.018799 -0.015170 -0.085493
v 0.018649 -0.014956 -0.085493
v 0.018464 -0.014771 -0.085493
v 0.018250 -0.014621 -0.085493
v 0.018013 -0.014510 -0.085493
v 0.017760 -0.014443 -0.085493
v 0.017500 -0.014420 -0.085493
v 0.017240 -0.014443 -0.085493
v 0.016987 -0.014510 -0.085493
v 0.016750 -0.014621 -0.085493
v 0.016536 -0.014771 -0.085493
v 0.016351 -0.014956 -0.085493
v 0.016201 -0.015170 -0.085493
v 0.016090 -0.015407 -0.085493
v 0.016023 -0.015660 -0.085493
v 0.016000 -0.015920 -0.085493
v 0.016023 -0.016180 -0.085493
v 0.016090 -0.016433 -0.085493
v 0.016201 -0.016670 -0.085493
v 0.016351 -0.016884 -0.085493
v 0.016536 -0.017069 -0.085493
v 0.016750 -0.017219 -0.085493
v 0.016987 -0.017330 -0.085493
v 0.017240 -0.017397 -0.085493
v 0.017500 -0.017420 -0.079971
v 0.017760 -0.017397 -0.079971
v 0.018013 -0.017330 -0.079971
v 0.018250 -0.017219 -0.079971
v 0.018464 -0.017069 -0.079971
v 0.018649 -0.016884 -0.079971
v 0.018799 -0.016670 -0.079971
v 0.018910 -0.016433 -0.079971
v 0.018977 -0.016180 -0.079971
v 0.019000 -0.015920 -0.079971
v 0.018977 -0.015660 -0.079971
v 0.018910 -0.015407 -0.079971
v 0.018799 -0.015170 -0.079971
v 0.018649 -0.014956 -0.079971
v 0.018464 -0.014771 -0.079971
v 0.018250 -0.014621 -0.079971
v 0.018013 -0.014510 -0.079971
v 0.017760 -0.014443 -0.079971
v 0.017500 -0.014420 -0.079971
v 0.017240 -0.014443 -0.079971
v 0.016987 -0.014510 -0.079971
v 0.016750 -0.014621 -0.079971
v 0.016536 -0.014771 -0.079971
v 0.016351 -0.014956 -0.079971
v 0.016201 -0.015170 -0.079971
v 0.016090 -0.015407 -0.079971
v 0.016023 -0.015660 -0.079971
v 0.016000 -0.015920 -0.079971
v 0.016023 -0.016180 -0.079971
v 0.016090 -0.016433 -0.079971
v 0.016201 -0.016670 -0.079971
v 0.016351 -0.016884 -0.079971
v 0.016536 -0.017069 -0.079971
v 0.016750 -0.017219 -0.079971
v 0.016987 -0.017330 -0.079971
v 0.017240 -0.017397 -0.079971
v 0.017500 -0.017420 -0.074450
v 0.017760 -0.017397 -0.074450
v 0.018013 -0.017330 -0.074450
v 0.018250 -0.017219 -0.074450
v 0.018464 -0.017069 -0.074450
v 0.018649 -0.016884 -0.074450
v 0.018799 -0.016670 -0.074450
v 0.018910 -0.016433 -0.074450
v 0.018977 -0.016180 -0.074450
v 0.019000 -0.015920 -0.074450
v 0.018977 -0.015660 -0.074450
v 0.018910 -0.015407 -0.074450
v 0.018799 -0.015170 -0.074450
v 0.018649 -0.014956 -0.074450
v 0.018464 -0.014771 -0.074450
v 0.018250 -0.014621 -0.074450
v 0.018013 -0.014510 -0.074450
v 0.017760 -0.014443 -0.074450
v 0.017500 -0.014420 -0.074450
v 0.017240 -0.014443 -0.074450
v 0.016987 -0.014510 -0.074450
v 0.016750 -0.014621 -0.074450
v 0.016536 -0.014771 -0.074450
v 0.016351 -0.014956 -0.074450
v 0.016201 -0.015170 -0.074450
v 0.016090 -0.015407 -0.074450
v 0.016023 -0.015660 -0.074450
v 0.016000 -0.015920 -0.074450
v 0.016023 -0.016180 -0.074450
v 0.016090 -0.016433 -0.074450
v 0.016201 -0.016670 -0.074450
v 0.016351 -0.016884 -0.074450
v 0.016536 -0.017069 -0.074450
v 0.016750 -0.017219 -0.074450
v 0.016987 -0.017330 -0.074450
v 0.017240 -0.017397 -0.074450
v 0.017500 -0.017420 -0.068928
v 0.017760 -0.017397 -0.068928
v 0.018013 -0.017330 -0.068928
v 0.018250 -0.017219 -0.068928
v 0.018464 -0.017069 -0.068928
v 0.018649 -0.016884 -0.068928
v 0.018799 -0.016670 -0.068928
v 0.018910 -0.016433 -0.068928
v 0.018977 -0.016180 -0.068928
v 0.019000 -0.015920 -0.068928
v 0.018977 -0.015660 -0.068928
v 0.018910 -0.015407 -0.068928
v 0.018799 -0.015170 -0.068928
v 0.018649 -0.014956 -0.068928
v 0.018464 -0.014771 -0.068928
v 0.018250 -0.014621 -0.068928
v 0.018013 -0.014510 -0.068928
v 0.017760 -0.014443 -0.068928
v 0.017500 -0.014420 -0.068928
v 0.017240 -0.014443 -0.068928
v 0.016987 -0.014510 -0.068928
v 0.016750 -0.014621 -0.068928
v 0.016536 -0.014771 -0.068928
v 0.016351 -0.014956 -0.068928
v 0.016201 -0.015170 -0.068928
v 0.016090 -0.015407 -0.068928
v 0.016023 -0.015660 -0.068928
v 0.016000 -0.015920 -0.068928
v 0.016023 -0.016180 -0.068928
v 0.016090 -0.016433 -0.068928
v 0.016201 -0.016670 -0.068928
v 0.016351 -0.016884 -0.068928
v 0.016536 -0.017069 -0.068928
v 0.016750 -0.017219 -0.068928
v 0.016987 -0.017330 -0.068928
v 0.017240 -0.017397 -0.068928
v 0.017500 -0.017420 -0.063406
v 0.017760 -0.017397 -0.063406
v 0.018013 -0.017330 -0.063406
v 0.018250 -0.017219 -0.063406
v 0.018464 -0.017069 -0.063406
v 0.018649 -0.016884 -0.063406
v 0.018799 -0.016670 -0.063406
v 0.018910 -0.016433 -0.063406
v 0.018977 -0.016180 -0.063406
v 0.019000 -0.015920 -0.063406
v 0.018977 -0.015660 -0.063406
v 0.018910 -0.015407 -0.063406
v 0.018799 -0.015170 -0.063406
v 0.018649 -0.014956 -0.063406
v 0.018464 -0.014771 -0.063406
v 0.018250 -0.014621 -0.063406
v 0.018013 -0.014510 -0.063406
v 0.017760 -0.014443 -0.063406
v 0.017500 -0.014420 -0.063406
v 0.017240 -0.014443 -0.063406
v 0.016987 -0.014510 -0.063406
v 0.016750 -0.014621 -0.063406
v 0.016536 -0.014771 -0.063406
v 0.016351 -0.014956 -0.063406
v 0.016201 -0.015170 -0.063406
v 0.016090 -0.015407 -0.063406
v 0.016023 -0.015660 -0.063406
v 0.016000 -0.015920 -0.063406
v 0.016023 -0.016180 -0.063406
v 0.016090 -0.016433 -0.063406
v 0.016201 -0.016670 -0.063406
v 0.016351 -0.016884 -0.063406
v 0.016536 -0.017069 -0.063406
v 0.016750 -0.017219 -0.063406
v 0.016987 -0.017330 -0.063406
v 0.017240 -0.017397 -0.063406
v 0.017500 -0.017420 -0.057884
v 0.017760 -0.017397 -0.057884
v 0.018013 -0.017330 -0.057884
v 0.018250 -0.017219 -0.057884
v 0.018464 -0.017069 -0.057884
v 0.018649 -0.016884 -0.057884
v 0.018799 -0.016670 -0.057884
v 0.018910 -0.016433 -0.057884
v 0.018977 -0.016180 -0.057884
v 0.019000 -0.015920 -0.057884
v 0.018977 -0.015660 -0.057884
v 0.018910 -0.015407 -0.057884
v 0.018799 -0.015170 -0.057884
v 0.018649 -0.014956 -0.057884
v 0.018464 -0.014771 -0.057884
v 0.018250 -0.014621 -0.057884
v 0.018013 -0.014510 -0.057884
v 0.017760 -0.014443 -0.057884
v 0.017500 -0.014420 -0.057884
v 0.017240 -0.014443 -0.057884
v 0.016987 -0.014510 -0.057884
v 0.016750 -0.014621 -0.057884
v 0.016536 -0.014771 -0.057884
v 0.016351 -0.014956 -0.057884
v 0.016201 -0.015170 -0.057884
v 0.016090 -0.015407 -0.057884
v 0.016023 -0.015660 -0.057884
v 0.016000 -0.015920 -0.057884
v 0.016023 -0.016180 -0.057884
v 0.016090 -0.016433 -0.057884
v 0.016201 -0.016670 -0.057884
v 0.016351 -0.016884 -0.057884
v 0.016536 -0.017069 -0.057884
v 0.016750 -0.017219 -0.057884
v 0.016987 -0.017330 -0.057884
v 0.017240 -0.017397 -0.057884
v 0.017500 -0.017420 -0.052363
v 0.017760 -0.017397 -0.052363
v 0.018013 -0.017330 -0.052363
v 0.018250 -0.017219 -0.052363
v 0.018464 -0.017069 -0.052363
v 0.018649 -0.016884 -0.052363
v 0.018799 -0.016670 -0.052363
v 0.018910 -0.016433 -0.052363
v 0.018977 -0.016180 -0.052363
v 0.019000 -0.015920 -0.052363
v 0.018977 -0.015660 -0.052363
v 0.018910 -0.015407 -0.052363
v 0.018799 -0.015170 -0.052363
v 0.018649 -0.014956 -0.052363
v 0.018464 -0.014771 -0.052363
v 0.018250 -0.014621 -0.052363
v 0.018013 -0.014510 -0.052363
v 0.017760 -0.014443 -0.052363
v 0.017500 -0.014420 -0.052363
v 0.017240 -0.014443 -0.052363
v 0.016987 -0.014510 -0.052363
v 0.016750 -0.014621 -0.052363
v 0.016536 -0.014771 -0.052363
v 0.016351 -0.014956 -0.052363
v 0.016201 -0.015170 -0.052363
v 0.016090 -0.015407 -0.052363
v 0.016023 -0.015660 -0.052363
v 0.016000 -0.015920 -0.052363
v 0.016023 -0.016180 -0.052363
v 0.016090 -0.016433 -0.052363
v 0.016201 -0.016670 -0.052363
v 0.016351 -0.016884 -0.052363
v 0.016536 -0.017069 -0.052363
v 0.016750 -0.017219 -0.052363
v 0.016987 -0.017330 -0.052363
v 0.017240 -0.017397 -0.052363
v 0.017500 -0.017420 -0.046841
v 0.017760 -0.017397 -0.046841
v 0.018013 -0.017330 -0.046841
v 0.018250 -0.017219 -0.046841
v 0.018464 -0.017069 -0.046841
v 0.018649 -0.016884 -0.046841
v 0.018799 -0.016670 -0.046841
v 0.018910 -0.016433 -0.046841
v 0.018977 -0.016180 -0.046841
v 0.019000 -0.015920 -0.046841
v 0.018977 -0.015660 -0.046841
v 0.018910 -0.015407 -0.046841
v 0.018799 -0.015170 -0.046841
v 0.018649 -0.014956 -0.046841
v 0.018464 -0.014771 -0.046841
v 0.018250 -0.014621 -0.046841
v 0.018013 -0.014510 -0.046841
v 0.017760 -0.014443 -0.046841
v 0.017500 -0.014420 -0.046841
v 0.017240 -0.014443 -0.046841
v 0.016987 -0.014510 -0.046841
v 0.016750 -0.014621 -0.046841
v 0.016536 -0.014771 -0.046841
v 0.016351 -0.014956 -0.046841
v 0.016201 -0.015170 -0.046841
v 0.016090 -0.015407 -0.046841
v 0.016023 -0.015660 -0.046841
v 0.016000 -0.015920 -0.046841
v 0.016023 -0.016180 -0.046841
v 0.016090 -0.016433 -0.046841
v 0.016201 -0.016670 -0.046841
v 0.016351 -0.016884 -0.046841
v 0.016536 -0.017069 -0.046841
v 0.016750 -0.017219 -0.046841
v 0.016987 -0.017330 -0.046841
v 0.017240 -0.017397 -0.046841
v 0.017500 -0.017420 -0.041319
v 0.017760 -0.017397 -0.041319
v 0.018013 -0.017330 -0.041319
v 0.018250 -0.017219 -0.041319
v 0.018464 -0.017069 -0.041319
v 0.018649 -0.016884 -0.041319
v 0.018799 -0.016670 -0.041319
v 0.018910 -0.016433 -0.041319
v 0.018977 -0.016180 -0.041319
v 0.019000 -0.015920 -0.041319
v 0.018977 -0.015660 -0.041319
v 0.018910 -0.015407 -0.041319
v 0.018799 -0.015170 -0.041319
v 0.018649 -0.014956 -0.041319
v 0.018464 -0.014771 -0.041319
v 0.018250 -0.014621 -0.041319
v 0.018013 -0.014510 -0.041319
v 0.017760 -0.014443 -0.041319
v 0.017500 -0.014420 -0.041319
v 0.017240 -0.014443 -0.041319
v 0.016987 -0.014510 -0.041319
v 0.016750 -0.014621 -0.041319
v 0.016536 -0.014771 -0.041319
v 0.016351 -0.014956 -0.041319
v 0.016201 -0.015170 -0.041319
v 0.016090 -0.015407 -0.041319
v 0.016023 -0.015660 -0.041319
v 0.016000 -0.015920 -0.041319
v 0.016023 -0.016180 -0.041319
v 0.016090 -0.016433 -0.041319
v 0.016201 -0.016670 -0.041319
v 0.016351 -0.016884 -0.041319
v 0.016536 -0.017069 -0.041319
v 0.016750 -0.017219 -0.041319
v 0.016987 -0.017330 -0.041319
v 0.017240 -0.017397 -0.041319
v 0.017500 -0.017420 -0.035797
v 0.017760 -0.017397 -0.035797
v 0.018013 -0.017330 -0.035797
v 0.018250 -0.017219 -0.035797
v 0.018464 -0.017069 -0.035797
v 0.018649 -0.016884 -0.035797
v 0.018799 -0.016670 -0.035797
v 0.018910 -0.016433 -0.035797
v 0.018977 -0.016180 -0.035797
v 0.019000 -0.015920 -0.035797
v 0.018977 -0.015660 -0.035797
v 0.018910 -0.015407 -0.035797
v 0.018799 -0.015170 -0.035797
v 0.018649 -0.014956 -0.035797
v 0.018464 -0.014771 -0.035797
v 0.018250 -0.014621 -0.035797
v 0.018013 -0.014510 -0.035797
v 0.017760 -0.014443 -0.035797
v 0.017500 -0.014420 -0.035797
v 0.017240 -0.014443 -0.035797
v 0.016987 -0.014510 -0.035797
v 0.016750 -0.014621 -0.035797
v 0.016536 -0.014771 -0.035797
v 0.016351 -0.014956 -0.035797
v 0.016201 -0.015170 -0.035797
v 0.016090 -0.015407 -0.035797
v 0.016023 -0.015660 -0.035797
v 0.016000 -0.015920 -0.035797
v 0.016023 -0.016180 -0.035797
v 0.016090 -0.016433 -0.035797
v 0.016201 -0.016670 -0.035797
v 0.016351 -0.016884 -0.035797
v 0.016536 -0.017069 -0.035797
v 0.016750 -0.017219 -0.035797
v 0.016987 -0.017330 -0.035797
v 0.017240 -0.017397 -0.035797
v 0.017500 -0.017420 -0.030276
v 0.017760 -0.017397 -0.030276
v 0.018013 -0.017330 -0.030276
v 0.018250 -0.017219 -0.030276
v 0.018464 -0.017069 -0.030276
v 0.018649 -0.016884 -0.030276
v 0.018799 -0.016670 -0.030276
v 0.018910 -0.016433 -0.030276
v 0.018977 -0.016180 -0.030276
v 0.019000 -0.015920 -0.030276
v 0.018977 -0.015660 -0.030276
v 0.018910 -0.015407 -0.030276
v 0.018799 -0.015170 -0.030276
v 0.018649 -0.014956 -0.030276
v 0.018464 -0.014771 -0.030276
v 0.018250 -0.014621 -0.030276
v 0.018013 -0.014510 -0.030276
v 0.017760 -0.014443 -0.030276
v 0.017500 -0.014420 -0.030276
v 0.017240 -0.014443 -0.030276
v 0.016987 -0.014510 -0.030276
v 0.016750 -0.014621 -0.030276
v 0.016536 -0.014771 -0.030276
v 0.016351 -0.014956 -0.030276
v 0.016201 -0.015170 -0.030276
v 0.016090 -0.015407 -0.030276
v 0.016023 -0.015660 -0.030276
v 0.016000 -0.015920 -0.030276
v 0.016023 -0.016180 -0.030276
v 0.016090 -0.016433 -0.030276
v 0.016201 -0.016670 -0.030276
v 0.016351 -0.016884 -0.030276
v 0.016536 -0.017069 -0.030276
v 0.016750 -0.017219 -0.030276
v 0.016987 -0.017330 -0.030276
v 0.017240 -0.017397 -0.030276
v 0.017500 -0.017420 -0.024754
v 0.017760 -0.017397 -0.024754
v 0.018013 -0.017330 -0.024754
v 0.018250 -0.017219 -0.024754
v 0.018464 -0.017069 -0.024754
v 0.018649 -0.016884 -0.024754
v 0.018799 -0.016670 -0.024754
v 0.018910 -0.016433 -0.024754
v 0.018977 -0.016180 -0.024754
v 0.019000 -0.015920 -0.024754
v 0.018977 -0.015660 -0.024754
v 0.018910 -0.015407 -0.024754
v 0.018799 -0.015170 -0.024754
v 0.018649 -0.014956 -0.024754
v 0.018464 -0.014771 -0.024754
v 0.018250 -0.014621 -0.024754
v 0.018013 -0.014510 -0.024754
v 0.017760 -0.014443 -0.024754
v 0.017500 -0.014420 -0.024754
v 0.017240 -0.014443 -0.024754
v 0.016987 -0.014510 -0.024754
v 0.016750 -0.014621 -0.024754
v 0.016536 -0.014771 -0.024754
v 0.016351 -0.014956 -0.024754
v 0.016201 -0.015170 -0.024754
v 0.016090 -0.015407 -0.024754
v 0.016023 -0.015660 -0.024754
v 0.016000 -0.015920 -0.024754
v 0.016023 -0.016180 -0.024754
v 0.016090 -0.016433 -0.024754
v 0.016201 -0.016670 -0.024754
v 0.016351 -0.016884 -0.024754
v 0.016536 -0.017069 -0.024754
v 0.016750 -0.017219 -0.024754
v 0.016987 -0.017330 -0.024754
v 0.017240 -0.017397 -0.024754
v 0.017500 -0.017420 -0.019232
v 0.017760 -0.017397 -0.019232
v 0.018013 -0.017330 -0.019232
v 0.018250 -0.017219 -0.019232
v 0.018464 -0.017069 -0.019232
v 0.018649 -0.016884 -0.019232
v 0.018799 -0.016670 -0.019232
v 0.018910 -0.016433 -0.019232
v 0.018977 -0.016180 -0.019232
v 0.019000 -0.015920 -0.019232
v 0.018977 -0.015660 -0.019232
v 0.018910 -0.015407 -0.019232
v 0.018799 -0.015170 -0.019232
v 0.018649 -0.014956 -0.019232
v 0.018464 -0.014771 -0.019232
v 0.018250 -0.014621 -0.019232
v 0.018013 -0.014510 -0.019232
v 0.017760 -0.014443 -0.019232
v 0.017500 -0.014420 -0.019232
v 0.017240 -0.014443 -0.019232
v 0.016987 -0.014510 -0.019232
v 0.016750 -0.014621 -0.019232
v 0.016536 -0.014771 -0.019232
v 0.016351 -0.014956 -0.019232
v 0.016201 -0.015170 -0.019232
v 0.016090 -0.015407 -0.019232
v 0.016023 -0.015660 -0.019232
v 0.016000 -0.015920 -0.019232
v 0.016023 -0.016180 -0.019232
v 0.016090 -0.016433 -0.019232
v 0.016201 -0.016670 -0.019232
v 0.016351 -0.016884 -0.019232
v 0.016536 -0.017069 -0.019232
v 0.016750 -0.017219 -0.019232
v 0.016987 -0.017330 -0.019232
v 0.017240 -0.017397 -0.019232
v 0.017500 -0.017420 -0.013710
v 0.017760 -0.017397 -0.013710
v 0.018013 -0.017330 -0.013710
v 0.018250 -0.017219 -0.013710
v 0.018464 -0.017069 -0.013710
v 0.018649 -0.016884 -0.013710
v 0.018799 -0.016670 -0.013710
v 0.018910 -0.016433 -0.013710
v 0.018977 -0.016180 -0.013710
v 0.019000 -0.015920 -0.013710
v 0.018977 -0.015660 -0.013710
v 0.018910 -0.015407 -0.013710
v 0.018799 -0.015170 -0.013710
v 0.018649 -0.014956 -0.013710
v 0.018464 -0.014771 -0.013710
v 0.018250 -0.014621 -0.013710
v 0.018013 -0.014510 -0.013710
v 0.017760 -0.014443 -0.013710
v 0.017500 -0.014420 -0.013710
v 0.017240 -0.014443 -0.013710
v 0.016987 -0.014510 -0.013710
v 0.016750 -0.014621 -0.013710
v 0.016536 -0.014771 -0.013710
v 0.016351 -0.014956 -0.013710
v 0.016201 -0.015170 -0.013710
v 0.016090 -0.015407 -0.013710
v 0.016023 -0.015660 -0.013710
v 0.016000 -0.015920 -0.013710
v 0.016023 -0.016180 -0.013710
v 0.016090 -0.016433 -0.013710
v 0.016201 -0.016670 -0.013710
v 0.016351 -0.016884 -0.013710
v 0.016536 -0.017069 -0.013710
v 0.016750 -0.017219 -0.013710
v 0.016987 -0.017330 -0.013710
v 0.017240 -0.017397 -0.013710
v 0.017500 -0.017420 -0.008189
v 0.017760 -0.017397 -0.008189
v 0.018013 -0.017330 -0.008189
v 0.018250 -0.017219 -0.008189
v 0.018464 -0.017069 -0.008189
v 0.018649 -0.016884 -0.008189
v 0.018799 -0.016670 -0.008189
v 0.018910 -0.016433 -0.008189
v 0.018977 -0.016180 -0.008189
v 0.019000 -0.015920 -0.008189
v 0.018977 -0.015660 -0.008189
v 0.018910 -0.015407 -0.008189
v 0.018799 -0.015170 -0.008189
v 0.018649 -0.014956 -0.008189
v 0.018464 -0.014771 -0.008189
v 0.018250 -0.014621 -0.008189
v 0.018013 -0.014510 -0.008189
v 0.017760 -0.014443 -0.008189
v 0.017500 -0.014420 -0.008189
v 0.017240 -0.014443 -0.008189
v 0.016987 -0.014510 -0.008189
v 0.016750 -0.014621 -0.008189
v 0.016536 -0.014771 -0.008189
v 0.016351 -0.014956 -0.008189
v 0.016201 -0.015170 -0.008189
v 0.016090 -0.015407 -0.008189
v 0.016023 -0.015660 -0.008189
v 0.016000 -0.015920 -0.008189
v 0.016023 -0.016180 -0.008189
v 0.016090 -0.016433 -0.008189
v 0.016201 -0.016670 -0.008189
v 0.016351 -0.016884 -0.008189
v 0.016536 -0.017069 -0.008189
v 0.016750 -0.017219 -0.008189
v 0.016987 -0.017330 -0.008189
v 0.017240 -0.017397 -0.008189
v 0.017500 -0.017420 -0.002667
v 0.017760 -0.017397 -0.002667
v 0.018013 -0.017330 -0.002667
v 0.018250 -0.017219 -0.002667
v 0.018464 -0.017069 -0.002667
v 0.018649 -0.016884 -0.002667
v 0.018799 -0.016670 -0.002667
v 0.018910 -0.016433 -0.002667
v 0.018977 -0.016180 -0.002667
v 0.019000 -0.015920 -0.002667
v 0.018977 -0.015660 -0.002667
v 0.018910 -0.015407 -0.002667
v 0.018799 -0.015170 -0.002667
v 0.018649 -0.014956 -0.002667
v 0.018464 -0.014771 -0.002667
v 0.018250 -0.014621 -0.002667
v 0.018013 -0.014510 -0.002667
v 0.017760 -0.014443 -0.002667
v 0.017500 -0.014420 -0.002667
v 0.017240 -0.014443 -0.002667
v 0.016987 -0.014510 -0.002667
v 0.016750 -0.014621 -0.002667
v 0.016536 -0.014771 -0.002667
v 0.016351 -0.014956 -0.002667
v 0.016201 -0.015170 -0.002667
v 0.016090 -0.015407 -0.002667
v 0.016023 -0.015660 -0.002667
v 0.016000 -0.015920 -0.002667
v 0.016023 -0.016180 -0.002667
v 0.016090 -0.016433 -0.002667
v 0.016201 -0.016670 -0.002667
v 0.016351 -0.016884 -0.002667
v 0.016536 -0.017069 -0.002667
v 0.016750 -0.017219 -0.002667
v 0.016987 -0.017330 -0.002667
v 0.017240 -0.017397 -0.002667
v 0.017500 -0.017420 0.002855
v 0.017760 -0.017397 0.002855
v 0.018013 -0.017330 0.002855
v 0.018250 -0.017219 0.002855
v 0.018464 -0.017069 0.002855
v 0.018649 -0.016884 0.002855
v 0.018799 -0.016670 0.002855
v 0.018910 -0.016433 0.002855
v 0.018977 -0.016180 0.002855
v 0.019000 -0.015920 0.002855
v 0.018977 -0.015660 0.002855
v 0.018910 -0.015407 0.002855
v 0.018799 -0.015170 0.002855
v 0.018649 -0.014956 0.002855
v 0.018464 -0.014771 0.002855
v 0.018250 -0.014621 0.002855
v 0.018013 -0.014510 0.002855
v 0.017760 -0.014443 0.002855
v 0.017500 -0.014420 0.002855
v 0.017240 -0.014443 0.002855
v 0.016987 -0.014510 0.002855
v 0.016750 -0.014621 0.002855
v 0.016536 -0.014771 0.002855
v 0.016351 -0.014956 0.002855
v 0.016201 -0.015170 0.002855
v 0.016090 -0.015407 0.002855
v 0.016023 -0.015660 0.002855
v 0.016000 -0.015920 0.002855
v 0.016023 -0.016180 0.002855
v 0.016090 -0.016433 0.002855
v 0.016201 -0.016670 0.002855
v 0.016351 -0.016884 0.002855
v 0.016536 -0.017069 0.002855
v 0.016750 -0.017219 0.002855
v 0.016987 -0.017330 0.002855
v 0.017240 -0.017397 0.002855
v 0.017500 -0.017420 0.008377
v 0.017760 -0.017397 0.008377
v 0.018013 -0.017330 0.008377
v 0.018250 -0.017219 0.008377
v 0.018464 -0.017069 0.008377
v 0.018649 -0.016884 0.008377
v 0.018799 -0.016670 0.008377
v 0.018910 -0.016433 0.008377
v 0.018977 -0.016180 0.008377
v 0.019000 -0.015920 0.008377
v 0.018977 -0.015660 0.008377
v 0.018910 -0.015407 0.008377
v 0.018799 -0.015170 0.008377
v 0.018649 -0.014956 0.008377
v 0.018464 -0.014771 0.008377
v 0.018250 -0.014621 0.008377
v 0.018013 -0.014510 0.008377
v 0.017760 -0.014443 0.008377
v 0.017500 -0.014420 0.008377
v 0.017240 -0.014443 0.008377
v 0.016987 -0.014510 0.008377
v 0.016750 -0.014621 0.008377
v 0.016536 -0.014771 0.008377
v 0.016351 -0.014956 0.008377
v 0.016201 -0.015170 0.008377
v 0.016090 -0.015407 0.008377
v 0.016023 -0.015660 0.008377
v 0.016000 -0.015920 0.008377
v 0.016023 -0.016180 0.008377
v 0.016090 -0.016433 0.008377
v 0.016201 -0.016670 0.008377
v 0.016351 -0.016884 0.008377
v 0.016536 -0.017069 0.008377
v 0.016750 -0.017219 0.008377
v 0.016987 -0.017330 0.008377
v 0.017240 -0.017397 0.008377
v -0.008861 0.005080 -0.015092
v -0.009547 0.005080 -0.014404
v -0.010179 0.005080 -0.013666
v -0.010754 0.005080 -0.012884
v -0.011270 0.005080 -0.012060
v -0.011722 0.005080 -0.011201
v -0.012109 0.005080 -0.010310
v -0.012428 0.005080 -0.009392
v -0.012678 0.005080 -0.008454
v -0.012858 0.005080 -0.007499
v -0.012965 0.005080 -0.006534
v -0.013000 0.005080 -0.005563
v -0.012962 0.005080 -0.004592
v -0.012853 0.005080 -0.003627
v -0.012671 0.005080 -0.002673
v -0.012418 0.005080 -0.001735
v -0.012097 0.005080 -0.000819
v -0.011707 0.005080 0.000071
v -0.011253 0.005080 0.000930
v -0.010735 0.005080 0.001752
v -0.010158 0.005080 0.002533
v -0.009524 0.005080 0.003269
v -0.008836 0.005080 0.003955
v -0.008100 0.005080 0.004588
v -0.007318 0.005080 0.005165
v -0.006495 0.005080 0.005681
v -0.005636 0.005080 0.006135
v -0.004746 0.005080 0.006523
v -0.003829 0.005080 0.006843
v -0.002890 0.005080 0.007095
v -0.001936 0.005080 0.007275
v -0.000971 0.005080 0.007384
v 0.000000 0.005080 0.007420
v 0.000971 0.005080 0.007384
v 0.001936 0.005080 0.007275
v 0.002890 0.005080 0.007095
v 0.003829 0.005080 0.006843
v 0.004746 0.005080 0.006523
v 0.005636 0.005080 0.006135
v 0.006495 0.005080 0.005681
v 0.007318 0.005080 0.005165
v 0.008100 0.005080 0.004588
v 0.008836 0.005080 0.003955
v 0.009524 0.005080 0.003269
v 0.010158 0.005080 0.002533
v 0.010735 0.005080 0.001752
v 0.011253 0.005080 0.000930
v 0.011707 0.005080 0.000071
v 0.012097 0.005080 -0.000819
v 0.012418 0.005080 -0.001735
v 0.012671 0.005080 -0.002673
v 0.012853 0.005080 -0.003627
v 0.012962 0.005080 -0.004592
v 0.013000 0.005080 -0.005563
v 0.012965 0.005080 -0.006534
v 0.012858 0.005080 -0.007499
v 0.012678 0.005080 -0.008454
v 0.012428 0.005080 -0.009392
v 0.012109 0.005080 -0.010310
v 0.011722 0.005080 -0.011201
v 0.011270 0.005080 -0.012060
v 0.010754 0.005080 -0.012884
v 0.010179 0.005080 -0.013666
v 0.009547 0.005080 -0.014404
v 0.008861 0.005080 -0.015092
v 0.022250 0.005080 0.019420
v -0.022250 0.005080 0.019420
v 0.022250 0.005080 -0.107580
v -0.022250 0.005080 -0.107580
v -0.011397 0.027280 -0.005189
v -0.010681 0.027280 -0.005205
v -0.011431 0.027280 -0.005580
v -0.010681 0.027280 -0.005955
v -0.011397 0.027280 -0.005971
v -0.011295 0.027280 -0.006350
v -0.011130 0.027280 -0.006705
v -0.010905 0.027280 -0.007026
v -0.010627 0.027280 -0.007304
v -0.009556 0.027280 -0.007080
v -0.010306 0.027280 -0.007529
v -0.009951 0.027280 -0.007694
v -0.009572 0.027280 -0.007796
v -0.009181 0.027280 -0.007830
v -0.008806 0.027280 -0.007080
v -0.008790 0.027280 -0.007796
v -0.008411 0.027280 -0.007694
v -0.008056 0.027280 -0.007529
v -0.007735 0.027280 -0.007304
v -0.007681 0.027280 -0.005955
v -0.007457 0.027280 -0.007026
v -0.007232 0.027280 -0.006705
v -0.007067 0.027280 -0.006350
v -0.006965 0.027280 -0.005971
v -0.006931 0.027280 -0.005580
v -0.007681 0.027280 -0.005205
v -0.006965 0.027280 -0.005189
v -0.007067 0.027280 -0.004810
v -0.007232 0.027280 -0.004455
v -0.007457 0.027280 -0.004134
v -0.007735 0.027280 -0.003856
v -0.008806 0.027280 -0.004080
v -0.008056 0.027280 -0.003631
v -0.008411 0.027280 -0.003466
v -0.008790 0.027280 -0.003364
v -0.009181 0.027280 -0.003330
v -0.009556 0.027280 -0.004080
v -0.009572 0.027280 -0.003364
v -0.009951 0.027280 -0.003466
v -0.010306 0.027280 -0.003631
v -0.010627 0.027280 -0.003856
v -0.010905 0.027280 -0.004134
v -0.011130 0.027280 -0.004455
v -0.011295 0.027280 -0.004810
v -0.008806 0.027280 -0.005205
v -0.009556 0.027280 -0.005205
v -0.009556 0.027280 -0.005955
v -0.008806 0.027280 -0.005955
v -0.009070 0.026780 -0.002832
v -0.009512 0.026780 -0.002850
v -0.009946 0.026780 -0.002939
v -0.010360 0.026780 -0.003096
v -0.010743 0.026780 -0.003317
v -0.011086 0.026780 -0.003597
v -0.011379 0.026780 -0.003928
v -0.011616 0.026780 -0.004302
v -0.011789 0.026780 -0.004709
v -0.011895 0.026780 -0.005139
v -0.011931 0.026780 -0.005580
v -0.011895 0.026780 -0.006021
v -0.011789 0.026780 -0.006451
v -0.011616 0.026780 -0.006858
v -0.011379 0.026780 -0.007232
v -0.011086 0.026780 -0.007563
v -0.010743 0.026780 -0.007843
v -0.010360 0.026780 -0.008064
v -0.009946 0.026780 -0.008221
v -0.009512 0.026780 -0.008310
v -0.009070 0.026780 -0.008328
v -0.008631 0.026780 -0.008274
v -0.008206 0.026780 -0.008151
v -0.007806 0.026780 -0.007962
v -0.007442 0.026780 -0.007710
v -0.007123 0.026780 -0.007404
v -0.006857 0.026780 -0.007050
v -0.006651 0.026780 -0.006658
v -0.006511 0.026780 -0.006238
v -0.006440 0.026780 -0.005801
v -0.006440 0.026780 -0.005359
v -0.006511 0.026780 -0.004922
v -0.006651 0.026780 -0.004502
v -0.006857 0.026780 -0.004110
v -0.007123 0.026780 -0.003756
v -0.007442 0.026780 -0.003450
v -0.007806 0.026780 -0.003198
v -0.008206 0.026780 -0.003009
v -0.008631 0.026780 -0.002886
v -0.011923 0.026867 -0.005580
v -0.011886 0.026867 -0.005129
v -0.011775 0.026867 -0.004690
v -0.011593 0.026867 -0.004275
v -0.011345 0.026867 -0.003896
v -0.011038 0.026867 -0.003562
v -0.010681 0.026867 -0.003284
v -0.010283 0.026867 -0.003069
v -0.009854 0.026867 -0.002922
v -0.009407 0.026867 -0.002847
v -0.008955 0.026867 -0.002847
v -0.008508 0.026867 -0.002922
v -0.008079 0.026867 -0.003069
v -0.007681 0.026867 -0.003284
v -0.007324 0.026867 -0.003562
v -0.007017 0.026867 -0.003896
v -0.006769 0.026867 -0.004275
v -0.006587 0.026867 -0.004690
v -0.006476 0.026867 -0.005129
v -0.006439 0.026867 -0.005580
v -0.006476 0.026867 -0.006031
v -0.006587 0.026867 -0.006470
v -0.006769 0.026867 -0.006885
v -0.007017 0.026867 -0.007264
v -0.007324 0.026867 -0.007598
v -0.007681 0.026867 -0.007876
v -0.008079 0.026867 -0.008091
v -0.008508 0.026867 -0.008238
v -0.008955 0.026867 -0.008313
v -0.009407 0.026867 -0.008313
v -0.009854 0.026867 -0.008238
v -0.010283 0.026867 -0.008091
v -0.010681 0.026867 -0.007876
v -0.011038 0.026867 -0.007598
v -0.011345 0.026867 -0.007264
v -0.011593 0.026867 -0.006885
v -0.011775 0.026867 -0.006470
v -0.011886 0.026867 -0.006031
v -0.011486 0.027272 -0.005965
v -0.011518 0.027272 -0.005580
v -0.011486 0.027272 -0.005195
v -0.011602 0.027250 -0.005580
v -0.011569 0.027250 -0.005182
v -0.011681 0.027213 -0.005580
v -0.011647 0.027213 -0.005169
v -0.011752 0.027163 -0.005580
v -0.011717 0.027163 -0.005157
v -0.011814 0.027101 -0.005580
v -0.011778 0.027101 -0.005147
v -0.011864 0.027030 -0.005580
v -0.011827 0.027030 -0.005138
v -0.011901 0.026951 -0.005580
v -0.011864 0.026951 -0.005132
v -0.011391 0.027272 -0.006339
v -0.011236 0.027272 -0.006692
v -0.011025 0.027272 -0.007015
v -0.010764 0.027272 -0.007299
v -0.010459 0.027272 -0.007536
v -0.010120 0.027272 -0.007720
v -0.009755 0.027272 -0.007845
v -0.009374 0.027272 -0.007909
v -0.008988 0.027272 -0.007909
v -0.008607 0.027272 -0.007845
v -0.008242 0.027272 -0.007720
v -0.007903 0.027272 -0.007536
v -0.007598 0.027272 -0.007299
v -0.007337 0.027272 -0.007015
v -0.007126 0.027272 -0.006692
v -0.006971 0.027272 -0.006339
v -0.006876 0.027272 -0.005965
v -0.006844 0.027272 -0.005580
v -0.006876 0.027272 -0.005195
v -0.006793 0.027250 -0.005182
v -0.006891 0.027250 -0.004794
v -0.006816 0.027213 -0.004768
v -0.006982 0.027213 -0.004390
v -0.006920 0.027163 -0.004356
v -0.007152 0.027163 -0.004001
v -0.007103 0.027101 -0.003963
v -0.007398 0.027101 -0.003643
v -0.007364 0.027030 -0.003606
v -0.007714 0.027030 -0.003334
v -0.007693 0.026951 -0.003303
v -0.008088 0.026951 -0.003089
v -0.006971 0.027272 -0.004821
v -0.007052 0.027250 -0.004428
v -0.007208 0.027213 -0.004044
v -0.007439 0.027163 -0.003688
v -0.007741 0.027101 -0.003376
v -0.008103 0.027030 -0.003123
v -0.008513 0.026951 -0.002943
v -0.007126 0.027272 -0.004468
v -0.007270 0.027250 -0.004093
v -0.007488 0.027213 -0.003741
v -0.007775 0.027163 -0.003427
v -0.008123 0.027101 -0.003169
v -0.008522 0.027030 -0.002979
v -0.008956 0.026951 -0.002869
v -0.007337 0.027272 -0.004145
v -0.007541 0.027250 -0.003799
v -0.007814 0.027213 -0.003487
v -0.008148 0.027163 -0.003225
v -0.008535 0.027101 -0.003028
v -0.008959 0.027030 -0.002906
v -0.009406 0.026951 -0.002869
v -0.007598 0.027272 -0.003861
v -0.007857 0.027250 -0.003553
v -0.008177 0.027213 -0.003291
v -0.008550 0.027163 -0.003087
v -0.008964 0.027101 -0.002956
v -0.009403 0.027030 -0.002906
v -0.009849 0.026951 -0.002943
v -0.007903 0.027272 -0.003624
v -0.008208 0.027250 -0.003363
v -0.008567 0.027213 -0.003156
v -0.008969 0.027163 -0.003017
v -0.009398 0.027101 -0.002956
v -0.009840 0.027030 -0.002979
v -0.010274 0.026951 -0.003089
v -0.008242 0.027272 -0.003440
v -0.008587 0.027250 -0.003233
v -0.008975 0.027213 -0.003089
v -0.009393 0.027163 -0.003017
v -0.009827 0.027101 -0.003028
v -0.010259 0.027030 -0.003123
v -0.010669 0.026951 -0.003303
v -0.008607 0.027272 -0.003315
v -0.008981 0.027250 -0.003167
v -0.009387 0.027213 -0.003089
v -0.009812 0.027163 -0.003087
v -0.010239 0.027101 -0.003169
v -0.010648 0.027030 -0.003334
v -0.011023 0.026951 -0.003579
v -0.008988 0.027272 -0.003251
v -0.009381 0.027250 -0.003167
v -0.009795 0.027213 -0.003156
v -0.010214 0.027163 -0.003225
v -0.010621 0.027101 -0.003376
v -0.010998 0.027030 -0.003606
v -0.011327 0.026951 -0.003909
v -0.009374 0.027272 -0.003251
v -0.009775 0.027250 -0.003233
v -0.010185 0.027213 -0.003291
v -0.010587 0.027163 -0.003427
v -0.010964 0.027101 -0.003643
v -0.011298 0.027030 -0.003932
v -0.011573 0.026951 -0.004285
v -0.009755 0.027272 -0.003315
v -0.010153 0.027250 -0.003363
v -0.010548 0.027213 -0.003487
v -0.010923 0.027163 -0.003688
v -0.011259 0.027101 -0.003963
v -0.011541 0.027030 -0.004303
v -0.011753 0.026951 -0.004697
v -0.010120 0.027272 -0.003440
v -0.010505 0.027250 -0.003553
v -0.010874 0.027213 -0.003741
v -0.011210 0.027163 -0.004001
v -0.011497 0.027101 -0.004327
v -0.011719 0.027030 -0.004709
v -0.010459 0.027272 -0.003624
v -0.010821 0.027250 -0.003799
v -0.011154 0.027213 -0.004044
v -0.011442 0.027163 -0.004356
v -0.011671 0.027101 -0.004725
v -0.010764 0.027272 -0.003861
v -0.011092 0.027250 -0.004093
v -0.011380 0.027213 -0.004390
v -0.011613 0.027163 -0.004745
v -0.011025 0.027272 -0.004145
v -0.011310 0.027250 -0.004428
v -0.011546 0.027213 -0.004768
v -0.011236 0.027272 -0.004468
v -0.011471 0.027250 -0.004794
v -0.011391 0.027272 -0.004821
v -0.011864 0.026951 -0.006028
v -0.011753 0.026951 -0.006463
v -0.011573 0.026951 -0.006875
v -0.011327 0.026951 -0.007251
v -0.011023 0.026951 -0.007581
v -0.010669 0.026951 -0.007857
v -0.010274 0.026951 -0.008071
v -0.009849 0.026951 -0.008217
v -0.009406 0.026951 -0.008291
v -0.008956 0.026951 -0.008291
v -0.008513 0.026951 -0.008217
v -0.008088 0.026951 -0.008071
v -0.007693 0.026951 -0.007857
v -0.007339 0.026951 -0.007581
v -0.007035 0.026951 -0.007251
v -0.006789 0.026951 -0.006875
v -0.006609 0.026951 -0.006463
v -0.006498 0.026951 -0.006028
v -0.006461 0.026951 -0.005580
v -0.006498 0.026951 -0.005132
v -0.006609 0.026951 -0.004697
v -0.006789 0.026951 -0.004285
v -0.007035 0.026951 -0.003909
v -0.007339 0.026951 -0.003579
v -0.011827 0.027030 -0.006022
v -0.011719 0.027030 -0.006451
v -0.011541 0.027030 -0.006857
v -0.011298 0.027030 -0.007228
v -0.010998 0.027030 -0.007554
v -0.010648 0.027030 -0.007826
v -0.010259 0.027030 -0.008037
v -0.009840 0.027030 -0.008181
v -0.009403 0.027030 -0.008254
v -0.008959 0.027030 -0.008254
v -0.008522 0.027030 -0.008181
v -0.008103 0.027030 -0.008037
v -0.007714 0.027030 -0.007826
v -0.007364 0.027030 -0.007554
v -0.007064 0.027030 -0.007228
v -0.006821 0.027030 -0.006857
v -0.006643 0.027030 -0.006451
v -0.006535 0.027030 -0.006022
v -0.006498 0.027030 -0.005580
v -0.006535 0.027030 -0.005138
v -0.006643 0.027030 -0.004709
v -0.006821 0.027030 -0.004303
v -0.007064 0.027030 -0.003932
v -0.011778 0.027101 -0.006013
v -0.011671 0.027101 -0.006435
v -0.011497 0.027101 -0.006833
v -0.011259 0.027101 -0.007197
v -0.010964 0.027101 -0.007517
v -0.010621 0.027101 -0.007784
v -0.010239 0.027101 -0.007991
v -0.009827 0.027101 -0.008132
v -0.009398 0.027101 -0.008204
v -0.008964 0.027101 -0.008204
v -0.008535 0.027101 -0.008132
v -0.008123 0.027101 -0.007991
v -0.007741 0.027101 -0.007784
v -0.007398 0.027101 -0.007517
v -0.007103 0.027101 -0.007197
v -0.006865 0.027101 -0.006833
v -0.006691 0.027101 -0.006435
v -0.006584 0.027101 -0.006013
v -0.006548 0.027101 -0.005580
v -0.006584 0.027101 -0.005147
v -0.006691 0.027101 -0.004725
v -0.006865 0.027101 -0.004327
v -0.011717 0.027163 -0.006003
v -0.011613 0.027163 -0.006415
v -0.011442 0.027163 -0.006804
v -0.011210 0.027163 -0.007159
v -0.010923 0.027163 -0.007472
v -0.010587 0.027163 -0.007733
v -0.010214 0.027163 -0.007935
v -0.009812 0.027163 -0.008073
v -0.009393 0.027163 -0.008143
v -0.008969 0.027163 -0.008143
v -0.008550 0.027163 -0.008073
v -0.008148 0.027163 -0.007935
v -0.007775 0.027163 -0.007733
v -0.007439 0.027163 -0.007472
v -0.007152 0.027163 -0.007159
v -0.006920 0.027163 -0.006804
v -0.006749 0.027163 -0.006415
v -0.006645 0.027163 -0.006003
v -0.006610 0.027163 -0.005580
v -0.006645 0.027163 -0.005157
v -0.006749 0.027163 -0.004745
v -0.011647 0.027213 -0.005991
v -0.011546 0.027213 -0.006392
v -0.011380 0.027213 -0.006770
v -0.011154 0.027213 -0.007116
v -0.010874 0.027213 -0.007419
v -0.010548 0.027213 -0.007673
v -0.010185 0.027213 -0.007869
v -0.009795 0.027213 -0.008004
v -0.009387 0.027213 -0.008071
v -0.008975 0.027213 -0.008071
v -0.008567 0.027213 -0.008004
v -0.008177 0.027213 -0.007869
v -0.007814 0.027213 -0.007673
v -0.007488 0.027213 -0.007419
v -0.007208 0.027213 -0.007116
v -0.006982 0.027213 -0.006770
v -0.006816 0.027213 -0.006392
v -0.006715 0.027213 -0.005991
v -0.006681 0.027213 -0.005580
v -0.006715 0.027213 -0.005169
v -0.011569 0.027250 -0.005978
v -0.011471 0.027250 -0.006366
v -0.011310 0.027250 -0.006732
v -0.011092 0.027250 -0.007067
v -0.010821 0.027250 -0.007361
v -0.010505 0.027250 -0.007607
v -0.010153 0.027250 -0.007797
v -0.009775 0.027250 -0.007927
v -0.009381 0.027250 -0.007993
v -0.008981 0.027250 -0.007993
v -0.008587 0.027250 -0.007927
v -0.008208 0.027250 -0.007797
v -0.007857 0.027250 -0.007607
v -0.007541 0.027250 -0.007361
v -0.007270 0.027250 -0.007067
v -0.007052 0.027250 -0.006732
v -0.006891 0.027250 -0.006366
v -0.006793 0.027250 -0.005978
v -0.006760 0.027250 -0.005580
v -0.009556 0.026280 -0.004080
v -0.008806 0.026280 -0.004080
v -0.009556 0.026280 -0.005205
v -0.008806 0.026280 -0.005205
v -0.009556 0.026280 -0.005955
v -0.008806 0.026280 -0.005955
v -0.009556 0.026280 -0.007080
v -0.008806 0.026280 -0.007080
v -0.007681 0.026280 -0.005205
v -0.007681 0.026280 -0.005955
v -0.010681 0.026280 -0.005955
v -0.010681 0.026280 -0.005205
vn 0.0000 -1.0000 0.0000
vn -0.9962 0.0000 0.0872
vn -0.9962 0.0000 -0.0872
vn -0.9659 0.0000 -0.2588
vn -0.9063 0.0000 -0.4226
vn -0.8192 0.0000 -0.5736
vn -0.8191 0.0000 -0.5736
vn -0.7071 0.0000 -0.7071
vn -0.5736 0.0000 -0.8192
vn -0.4226 0.0000 -0.9063
vn -0.2588 0.0000 -0.9659
vn -0.0872 0.0000 -0.9962
vn 0.0872 0.0000 -0.9962
vn 0.2588 0.0000 -0.9659
vn 0.4226 0.0000 -0.9063
vn 0.5736 0.0000 -0.8192
vn 0.7071 0.0000 -0.7071
vn 0.8192 0.0000 -0.5736
vn 0.8191 0.0000 -0.5736
vn 0.9063 0.0000 -0.4226
vn 0.9659 0.0000 -0.2588
vn 0.9962 0.0000 -0.0872
vn 0.9962 0.0000 0.0872
vn 0.9659 0.0000 0.2588
vn 0.9063 0.0000 0.4226
vn 0.8192 0.0000 0.5736
vn 0.8191 0.0000 0.5736
vn 0.7071 0.0000 0.7071
vn 0.5736 0.0000 0.8192
vn 0.4226 0.0000 0.9063
vn 0.2588 0.0000 0.9659
vn 0.0871 0.0000 0.9962
vn 0.0872 0.0000 0.9962
vn -0.0872 0.0000 0.9962
vn -0.0871 0.0000 0.9962
vn -0.2588 0.0000 0.9659
vn -0.4226 0.0000 0.9063
vn -0.5736 0.0000 0.8192
vn -0.7071 0.0000 0.7071
vn -0.8192 0.0000 0.5736
vn -0.9063 0.0000 0.4226
vn -0.9659 0.0000 0.2588
vn 0.0000 1.0000 0.0000
vn 0.0712 0.0000 -0.9975
vn 0.0785 0.0031 -0.9969
vn 0.2121 -0.0028 -0.9772
vn 0.2334 0.0056 -0.9724
vn 0.3488 -0.0050 -0.9372
vn 0.3827 0.0074 -0.9239
vn 0.4783 -0.0065 -0.8782
vn 0.5225 0.0086 -0.8526
vn 0.5982 -0.0074 -0.8013
vn 0.6494 0.0092 -0.7604
vn 0.7059 -0.0076 -0.7082
vn 0.7604 0.0091 -0.6494
vn 0.7994 -0.0072 -0.6008
vn 0.8526 0.0084 -0.5225
vn 0.8766 -0.0062 -0.4812
vn 0.9361 -0.0045 -0.3518
vn 0.9713 0.0047 -0.2379
vn 0.9723 0.0064 -0.2334
vn 0.9896 -0.0032 -0.1436
vn 0.9969 0.0088 -0.0785
vn 0.9988 0.0000 -0.0480
vn 0.0000 0.0000 -1.0000
vn -0.9988 0.0000 -0.0480
vn -0.9969 0.0088 -0.0785
vn -0.9361 -0.0045 -0.3518
vn -0.9239 0.0071 -0.3827
vn -0.8766 -0.0062 -0.4812
vn -0.8526 0.0084 -0.5225
vn -0.7994 -0.0072 -0.6008
vn -0.7604 0.0091 -0.6494
vn -0.7059 -0.0076 -0.7082
vn -0.6494 0.0092 -0.7604
vn -0.5982 -0.0074 -0.8013
vn -0.5225 0.0086 -0.8526
vn -0.4783 -0.0065 -0.8782
vn -0.3827 0.0074 -0.9239
vn -0.3488 -0.0050 -0.9372
vn -0.2334 0.0056 -0.9724
vn -0.2121 -0.0028 -0.9772
vn -0.0785 0.0031 -0.9969
vn -0.0712 0.0000 -0.9975
vn 0.9969 0.0000 0.0785
vn -1.0000 0.0000 0.0000
vn 0.0000 0.0000 1.0000
vn 1.0000 0.0000 0.0000
vn 0.0805 -0.0151 0.9966
vn 0.0000 0.1917 0.9814
vn -0.0805 -0.0151 0.9966
vn -0.1615 0.1915 0.9681
vn -0.2393 -0.0146 0.9708
vn -0.3187 0.1907 0.9285
vn -0.3919 -0.0134 0.9199
vn -0.4673 0.1893 0.8636
vn -0.5345 -0.0117 0.8451
vn -0.6033 0.1874 0.7752
vn -0.6631 -0.0095 0.7485
vn -0.7230 0.1850 0.6656
vn -0.7746 -0.0066 0.6324
vn -0.8232 0.1820 0.5378
vn -0.8660 -0.0032 0.5000
vn -0.9011 0.1785 0.3953
vn -0.9350 0.0007 0.3546
vn -0.9545 0.1745 0.2417
vn -0.9798 0.0053 0.2000
vn -0.9821 0.1698 0.0814
vn -0.9991 0.0104 0.0403
vn -0.9830 0.1646 -0.0815
vn -0.9926 0.0161 -0.1205
vn -0.9571 0.1589 -0.2424
vn -0.9603 0.0223 -0.2781
vn -0.9050 0.1526 -0.3970
vn -0.9031 0.0291 -0.4285
vn -0.8282 0.1457 -0.5411
vn -0.8224 0.0365 -0.5677
vn -0.7286 0.1383 -0.6708
vn -0.7205 0.0444 -0.6920
vn -0.6090 0.1302 -0.7824
vn -0.5999 0.0529 -0.7983
vn -0.4724 0.1216 -0.8730
vn -0.4638 0.0619 -0.8838
vn -0.3226 0.1124 -0.9398
vn -0.3159 0.0715 -0.9461
vn -0.1637 0.1026 -0.9812
vn -0.1599 0.0816 -0.9838
vn 0.0000 0.0923 -0.9957
vn 0.1599 0.0816 -0.9838
vn 0.1637 0.1026 -0.9812
vn 0.3159 0.0715 -0.9461
vn 0.3226 0.1124 -0.9398
vn 0.4639 0.0619 -0.8837
vn 0.4724 0.1216 -0.8730
vn 0.5999 0.0529 -0.7983
vn 0.6090 0.1302 -0.7824
vn 0.7205 0.0444 -0.6920
vn 0.7287 0.1383 -0.6708
vn 0.8224 0.0365 -0.5677
vn 0.8282 0.1457 -0.5411
vn 0.9031 0.0291 -0.4285
vn 0.9050 0.1526 -0.3970
vn 0.9603 0.0223 -0.2781
vn 0.9571 0.1589 -0.2424
vn 0.9926 0.0161 -0.1205
vn 0.9830 0.1646 -0.0815
vn 0.9991 0.0104 0.0403
vn 0.9821 0.1698 0.0814
vn 0.9798 0.0053 0.2000
vn 0.9545 0.1744 0.2417
vn 0.9350 0.0007 0.3546
vn 0.9011 0.1785 0.3953
vn 0.8660 -0.0032 0.5000
vn 0.8232 0.1820 0.5378
vn 0.7746 -0.0066 0.6324
vn 0.7230 0.1850 0.6656
vn 0.6631 -0.0095 0.7485
vn 0.6033 0.1874 0.7752
vn 0.5344 -0.0117 0.8451
vn 0.4673 0.1893 0.8636
vn 0.3919 -0.0134 0.9199
vn 0.3187 0.1907 0.9285
vn 0.2393 -0.0146 0.9708
vn 0.1615 0.1915 0.9681
vn -0.0854 0.9963 -0.0075
vn -0.0872 0.9962 -0.0072
vn -0.0872 0.9962 0.0072
vn -0.2588 0.9657 0.0214
vn -0.4223 0.9058 0.0350
vn -0.5729 0.8182 0.0475
vn -0.7059 0.7059 0.0585
vn -0.8173 0.5723 0.0677
vn -0.9038 0.4214 0.0749
vn -0.9628 0.2580 0.0798
vn -0.0864 0.9960 -0.0219
vn -0.0814 0.9964 -0.0218
vn -0.0830 0.9959 -0.0364
vn -0.0752 0.9965 -0.0351
vn -0.0770 0.9958 -0.0503
vn -0.0671 0.9966 -0.0470
vn -0.0685 0.9957 -0.0631
vn -0.0573 0.9967 -0.0574
vn -0.0578 0.9956 -0.0743
vn -0.0461 0.9968 -0.0659
vn -0.0452 0.9955 -0.0834
vn -0.0338 0.9968 -0.0725
vn -0.0310 0.9954 -0.0903
vn -0.0206 0.9968 -0.0769
vn -0.0158 0.9954 -0.0944
vn -0.0069 0.9968 -0.0792
vn 0.0000 0.9954 -0.0959
vn 0.0069 0.9968 -0.0792
vn 0.0158 0.9954 -0.0944
vn 0.0206 0.9968 -0.0769
vn 0.0310 0.9954 -0.0903
vn 0.0338 0.9968 -0.0724
vn 0.0452 0.9955 -0.0834
vn 0.0461 0.9968 -0.0659
vn 0.0578 0.9956 -0.0743
vn 0.0573 0.9967 -0.0574
vn 0.0685 0.9957 -0.0631
vn 0.0671 0.9966 -0.0470
vn 0.0770 0.9958 -0.0503
vn 0.0752 0.9965 -0.0351
vn 0.0830 0.9959 -0.0364
vn 0.0814 0.9964 -0.0218
vn 0.0864 0.9960 -0.0219
vn 0.0854 0.9963 -0.0075
vn 0.0872 0.9962 -0.0072
vn 0.0872 0.9962 0.0072
vn 0.2588 0.9657 0.0214
vn 0.2517 0.9657 0.0637
vn 0.4108 0.9058 0.1040
vn 0.3881 0.9058 0.1702
vn 0.5265 0.8182 0.2309
vn 0.4813 0.8182 0.3145
vn 0.5930 0.7059 0.3874
vn 0.5211 0.7059 0.4797
vn 0.6033 0.5722 0.5554
vn 0.5037 0.5723 0.6471
vn 0.5570 0.4214 0.7156
vn 0.4316 0.4214 0.7976
vn 0.4599 0.2580 0.8497
vn 0.3137 0.2580 0.9138
vn 0.0854 0.9963 0.0075
vn 0.0864 0.9960 0.0219
vn 0.2378 0.9657 0.1043
vn 0.3548 0.9058 0.2318
vn 0.4813 0.8182 0.3144
vn 0.4230 0.8182 0.3894
vn 0.4351 0.7059 0.5589
vn 0.5037 0.5722 0.6472
vn 0.3903 0.5723 0.7212
vn 0.2945 0.4214 0.8577
vn 0.1590 0.2580 0.9530
vn 0.0814 0.9964 0.0218
vn 0.0830 0.9959 0.0364
vn 0.2174 0.9657 0.1420
vn 0.3118 0.9058 0.2870
vn 0.3531 0.8182 0.4537
vn 0.4351 0.7059 0.5590
vn 0.3371 0.7059 0.6230
vn 0.2663 0.5723 0.7756
vn 0.1493 0.4214 0.8945
vn 0.0000 0.2580 0.9661
vn 0.0752 0.9965 0.0351
vn 0.0770 0.9958 0.0503
vn 0.1910 0.9657 0.1759
vn 0.2603 0.9058 0.3344
vn 0.3531 0.8182 0.4536
vn 0.2736 0.8182 0.5056
vn 0.2300 0.7059 0.6699
vn 0.1350 0.5723 0.8089
vn 0.0000 0.4214 0.9069
vn -0.1590 0.2580 0.9530
vn 0.0671 0.9966 0.0470
vn 0.0685 0.9957 0.0631
vn 0.1910 0.9657 0.1758
vn 0.1595 0.9657 0.2049
vn 0.2017 0.9058 0.3727
vn 0.1867 0.8182 0.5437
vn 0.2300 0.7059 0.6700
vn 0.1166 0.7059 0.6986
vn 0.1350 0.5722 0.8089
vn 0.0000 0.5723 0.8201
vn -0.1493 0.4214 0.8945
vn -0.3137 0.2580 0.9138
vn 0.0573 0.9967 0.0574
vn 0.0578 0.9956 0.0743
vn 0.1236 0.9657 0.2284
vn 0.1376 0.9058 0.4008
vn 0.0946 0.8182 0.5670
vn 0.1166 0.7059 0.6987
vn 0.0000 0.7059 0.7083
vn 0.0000 0.5722 0.8201
vn -0.1350 0.5723 0.8089
vn -0.2944 0.4214 0.8577
vn -0.4598 0.2580 0.8497
vn 0.0461 0.9968 0.0659
vn 0.0452 0.9955 0.0834
vn 0.1236 0.9657 0.2283
vn 0.0843 0.9657 0.2456
vn 0.0698 0.9058 0.4180
vn 0.0946 0.8182 0.5671
vn 0.0000 0.8182 0.5749
vn 0.0000 0.7059 0.7084
vn -0.1166 0.7059 0.6986
vn -0.1350 0.5722 0.8089
vn -0.2663 0.5723 0.7756
vn -0.2945 0.4214 0.8577
vn -0.4316 0.4214 0.7976
vn -0.5934 0.2580 0.7624
vn 0.0338 0.9968 0.0724
vn 0.0310 0.9954 0.0903
vn 0.0427 0.9657 0.2562
vn 0.0000 0.9058 0.4238
vn -0.0946 0.8183 0.5670
vn -0.1166 0.7059 0.6987
vn -0.2300 0.7059 0.6699
vn -0.2663 0.5722 0.7757
vn -0.3903 0.5723 0.7212
vn -0.5570 0.4214 0.7156
vn -0.7108 0.2580 0.6543
vn 0.0206 0.9968 0.0769
vn 0.0158 0.9954 0.0944
vn 0.0427 0.9657 0.2561
vn 0.0000 0.9657 0.2597
vn -0.0698 0.9058 0.4180
vn -0.0946 0.8182 0.5671
vn -0.1867 0.8182 0.5437
vn -0.2300 0.7059 0.6700
vn -0.3371 0.7059 0.6229
vn -0.5037 0.5723 0.6471
vn -0.5570 0.4214 0.7157
vn -0.6672 0.4214 0.6142
vn -0.8088 0.2580 0.5284
vn 0.0069 0.9968 0.0791
vn 0.0000 0.9954 0.0959
vn -0.0427 0.9657 0.2561
vn -0.1376 0.9058 0.4008
vn -0.2736 0.8182 0.5056
vn -0.3371 0.7059 0.6230
vn -0.4351 0.7059 0.5589
vn -0.5037 0.5722 0.6472
vn -0.6034 0.5723 0.5554
vn -0.7592 0.4214 0.4960
vn -0.8848 0.2580 0.3881
vn -0.0069 0.9968 0.0791
vn -0.0158 0.9954 0.0944
vn -0.0843 0.9657 0.2456
vn -0.2017 0.9058 0.3727
vn -0.3531 0.8182 0.4537
vn -0.4350 0.7059 0.5590
vn -0.5211 0.7059 0.4797
vn -0.6033 0.5723 0.5554
vn -0.6865 0.5723 0.4485
vn -0.8305 0.4214 0.3643
vn -0.9366 0.2580 0.2372
vn -0.0206 0.9968 0.0769
vn -0.0310 0.9954 0.0903
vn -0.1236 0.9657 0.2284
vn -0.2603 0.9058 0.3344
vn -0.4230 0.8182 0.3893
vn -0.5211 0.7059 0.4798
vn -0.5930 0.7059 0.3874
vn -0.6865 0.5723 0.4486
vn -0.7510 0.5723 0.3294
vn -0.8791 0.4214 0.2226
vn -0.0338 0.9968 0.0725
vn -0.0452 0.9955 0.0834
vn -0.1236 0.9657 0.2283
vn -0.1595 0.9657 0.2049
vn -0.3118 0.9058 0.2871
vn -0.4813 0.8182 0.3144
vn -0.6487 0.7059 0.2845
vn -0.7950 0.5723 0.2013
vn -0.0461 0.9968 0.0659
vn -0.0578 0.9956 0.0743
vn -0.1910 0.9657 0.1758
vn -0.3118 0.9058 0.2870
vn -0.3548 0.9058 0.2318
vn -0.5265 0.8182 0.2309
vn -0.6866 0.7059 0.1739
vn -0.0573 0.9967 0.0574
vn -0.0685 0.9957 0.0631
vn -0.1910 0.9657 0.1759
vn -0.2174 0.9657 0.1420
vn -0.3881 0.9058 0.1703
vn -0.5573 0.8182 0.1411
vn -0.0671 0.9966 0.0470
vn -0.0770 0.9958 0.0503
vn -0.2378 0.9657 0.1043
vn -0.3881 0.9058 0.1702
vn -0.4108 0.9058 0.1040
vn -0.0752 0.9965 0.0351
vn -0.0830 0.9959 0.0364
vn -0.2517 0.9657 0.0638
vn -0.0814 0.9964 0.0218
vn -0.0864 0.9960 0.0219
vn -0.2517 0.9657 0.0637
vn -0.0854 0.9963 0.0075
vn -0.9628 0.2580 -0.0798
vn -0.9366 0.2580 -0.2372
vn -0.8848 0.2580 -0.3881
vn -0.8088 0.2580 -0.5285
vn -0.8088 0.2580 -0.5284
vn -0.7108 0.2580 -0.6543
vn -0.5934 0.2580 -0.7624
vn -0.4598 0.2580 -0.8497
vn -0.3137 0.2580 -0.9138
vn -0.1590 0.2580 -0.9530
vn 0.0000 0.2580 -0.9661
vn 0.1590 0.2580 -0.9530
vn 0.3137 0.2580 -0.9138
vn 0.4598 0.2580 -0.8497
vn 0.5934 0.2580 -0.7624
vn 0.7108 0.2580 -0.6544
vn 0.7108 0.2580 -0.6543
vn 0.8088 0.2580 -0.5284
vn 0.8848 0.2580 -0.3881
vn 0.9366 0.2580 -0.2372
vn 0.9628 0.2580 -0.0798
vn 0.9628 0.2580 0.0798
vn 0.9366 0.2580 0.2372
vn 0.8848 0.2580 0.3881
vn 0.8088 0.2580 0.5284
vn 0.7108 0.2580 0.6544
vn 0.7108 0.2580 0.6543
vn 0.5934 0.2580 0.7624
vn 0.4598 0.2580 0.8497
vn -0.9038 0.4214 -0.0749
vn -0.8791 0.4214 -0.2226
vn -0.8305 0.4214 -0.3643
vn -0.7592 0.4214 -0.4960
vn -0.6672 0.4214 -0.6142
vn -0.5570 0.4214 -0.7156
vn -0.5570 0.4214 -0.7157
vn -0.4316 0.4214 -0.7975
vn -0.4316 0.4214 -0.7976
vn -0.2945 0.4214 -0.8577
vn -0.1493 0.4214 -0.8945
vn 0.0000 0.4214 -0.9069
vn 0.1493 0.4214 -0.8945
vn 0.2945 0.4214 -0.8577
vn 0.2944 0.4214 -0.8577
vn 0.4316 0.4214 -0.7976
vn 0.5570 0.4214 -0.7156
vn 0.5570 0.4214 -0.7157
vn 0.6672 0.4214 -0.6142
vn 0.7592 0.4214 -0.4960
vn 0.8305 0.4214 -0.3643
vn 0.8791 0.4214 -0.2226
vn 0.9038 0.4214 -0.0749
vn 0.9038 0.4214 0.0749
vn 0.8791 0.4215 0.2226
vn 0.8791 0.4214 0.2226
vn 0.8305 0.4214 0.3643
vn 0.7592 0.4214 0.4960
vn 0.6672 0.4214 0.6142
vn 0.5570 0.4214 0.7157
vn -0.8173 0.5723 -0.0677
vn -0.7950 0.5723 -0.2013
vn -0.7510 0.5723 -0.3294
vn -0.6865 0.5723 -0.4485
vn -0.6033 0.5723 -0.5554
vn -0.5037 0.5723 -0.6471
vn -0.5037 0.5722 -0.6472
vn -0.3903 0.5723 -0.7212
vn -0.2663 0.5723 -0.7756
vn -0.1350 0.5723 -0.8089
vn -0.1350 0.5722 -0.8089
vn 0.0000 0.5723 -0.8201
vn 0.0000 0.5722 -0.8201
vn 0.1350 0.5723 -0.8089
vn 0.1350 0.5722 -0.8089
vn 0.2663 0.5723 -0.7756
vn 0.3903 0.5723 -0.7212
vn 0.5037 0.5723 -0.6471
vn 0.5037 0.5722 -0.6472
vn 0.6034 0.5723 -0.5554
vn 0.6033 0.5722 -0.5555
vn 0.6865 0.5723 -0.4485
vn 0.7510 0.5723 -0.3294
vn 0.7950 0.5722 -0.2013
vn 0.7950 0.5723 -0.2013
vn 0.8173 0.5723 -0.0677
vn 0.8173 0.5722 -0.0677
vn 0.8173 0.5723 0.0677
vn 0.7950 0.5723 0.2013
vn 0.7510 0.5723 0.3294
vn 0.6865 0.5723 0.4485
vn 0.6034 0.5723 0.5554
vn -0.7059 0.7059 -0.0585
vn -0.6867 0.7059 -0.1739
vn -0.6866 0.7059 -0.1739
vn -0.6487 0.7059 -0.2845
vn -0.5930 0.7059 -0.3874
vn -0.5211 0.7059 -0.4797
vn -0.5211 0.7059 -0.4798
vn -0.4351 0.7059 -0.5590
vn -0.3371 0.7059 -0.6230
vn -0.2300 0.7059 -0.6699
vn -0.2300 0.7059 -0.6700
vn -0.1166 0.7059 -0.6986
vn -0.1166 0.7059 -0.6987
vn 0.0000 0.7059 -0.7083
vn 0.1166 0.7059 -0.6987
vn 0.2300 0.7059 -0.6699
vn 0.2300 0.7059 -0.6700
vn 0.3371 0.7059 -0.6230
vn 0.4351 0.7059 -0.5589
vn 0.4351 0.7059 -0.5590
vn 0.5211 0.7059 -0.4797
vn 0.5930 0.7059 -0.3874
vn 0.6487 0.7059 -0.2845
vn 0.6487 0.7059 -0.2846
vn 0.6866 0.7059 -0.1739
vn 0.7059 0.7059 -0.0585
vn 0.7059 0.7059 0.0585
vn 0.6867 0.7059 0.1739
vn 0.6866 0.7059 0.1739
vn 0.6487 0.7059 0.2845
vn -0.5729 0.8182 -0.0475
vn -0.5573 0.8182 -0.1411
vn -0.5265 0.8182 -0.2310
vn -0.5265 0.8182 -0.2309
vn -0.4813 0.8182 -0.3144
vn -0.4230 0.8182 -0.3893
vn -0.3531 0.8182 -0.4537
vn -0.3531 0.8182 -0.4536
vn -0.2736 0.8182 -0.5056
vn -0.1867 0.8183 -0.5437
vn -0.1867 0.8182 -0.5438
vn -0.0946 0.8182 -0.5670
vn 0.0000 0.8182 -0.5749
vn 0.0946 0.8182 -0.5670
vn 0.0946 0.8182 -0.5671
vn 0.1867 0.8182 -0.5437
vn 0.2736 0.8182 -0.5056
vn 0.3531 0.8182 -0.4537
vn 0.4230 0.8182 -0.3894
vn 0.4230 0.8182 -0.3893
vn 0.4813 0.8182 -0.3145
vn 0.4813 0.8182 -0.3144
vn 0.5265 0.8182 -0.2309
vn 0.5573 0.8182 -0.1411
vn 0.5729 0.8182 -0.0475
vn 0.5729 0.8182 0.0475
vn 0.5573 0.8182 0.1411
vn -0.4223 0.9058 -0.0350
vn -0.4108 0.9058 -0.1040
vn -0.3881 0.9058 -0.1702
vn -0.3548 0.9058 -0.2318
vn -0.3118 0.9058 -0.2870
vn -0.2603 0.9058 -0.3344
vn -0.2017 0.9058 -0.3727
vn -0.1376 0.9058 -0.4008
vn -0.0698 0.9058 -0.4180
vn 0.0000 0.9058 -0.4238
vn 0.0000 0.9057 -0.4238
vn 0.0698 0.9058 -0.4180
vn 0.1376 0.9058 -0.4008
vn 0.2017 0.9058 -0.3727
vn 0.2603 0.9058 -0.3344
vn 0.3118 0.9058 -0.2871
vn 0.3118 0.9058 -0.2870
vn 0.3548 0.9058 -0.2318
vn 0.3881 0.9058 -0.1703
vn 0.3881 0.9058 -0.1702
vn 0.4108 0.9058 -0.1040
vn 0.4223 0.9058 -0.0350
vn 0.4223 0.9058 0.0350
vn -0.2588 0.9657 -0.0214
vn -0.2517 0.9657 -0.0637
vn -0.2378 0.9657 -0.1043
vn -0.2174 0.9657 -0.1420
vn -0.1910 0.9657 -0.1759
vn -0.1910 0.9657 -0.1758
vn -0.1595 0.9657 -0.2049
vn -0.1595 0.9657 -0.2048
vn -0.1236 0.9657 -0.2284
vn -0.1236 0.9657 -0.2283
vn -0.0843 0.9657 -0.2456
vn -0.0843 0.9657 -0.2455
vn -0.0427 0.9657 -0.2562
vn 0.0000 0.9657 -0.2597
vn 0.0000 0.9657 -0.2596
vn 0.0427 0.9657 -0.2562
vn 0.0843 0.9657 -0.2456
vn 0.1236 0.9657 -0.2284
vn 0.1595 0.9657 -0.2049
vn 0.1595 0.9657 -0.2048
vn 0.1910 0.9657 -0.1758
vn 0.1910 0.9657 -0.1759
vn 0.2174 0.9657 -0.1420
vn 0.2378 0.9657 -0.1043
vn 0.2517 0.9657 -0.0637
vn 0.2588 0.9657 -0.0214
vn 0.0805 0.0000 0.9968
vn -0.0805 0.0000 0.9968
vn -0.2393 0.0000 0.9709
vn 0.2393 0.0000 0.9709
vn 0.3920 0.0000 0.9200
vn 0.5345 0.0000 0.8452
vn 0.6631 0.0000 0.7485
vn 0.7746 0.0000 0.6324
vn 0.8660 0.0000 0.5000
vn 0.9350 0.0000 0.3546
vn 0.9798 0.0000 0.2000
vn 0.9992 0.0000 0.0403
vn 0.9927 0.0000 -0.1205
vn 0.9605 0.0000 -0.2782
vn 0.9035 0.0000 -0.4287
vn 0.8230 0.0000 -0.5681
vn 0.7212 0.0000 -0.6927
vn 0.6007 0.0000 -0.7994
vn 0.4647 0.0000 -0.8855
vn 0.3167 0.0000 -0.9485
vn 0.1604 0.0000 -0.9871
vn 0.1604 0.0000 -0.9870
vn -0.1604 0.0000 -0.9870
vn -0.1604 0.0000 -0.9871
vn -0.3167 0.0000 -0.9485
vn -0.4647 0.0000 -0.8855
vn -0.6007 0.0000 -0.7994
vn -0.7212 0.0000 -0.6927
vn -0.8230 0.0000 -0.5681
vn -0.9035 0.0000 -0.4287
vn -0.9605 0.0000 -0.2782
vn -0.9927 0.0000 -0.1205
vn -0.9992 0.0000 0.0403
vn -0.9798 0.0000 0.2000
vn -0.9350 0.0000 0.3546
vn -0.8660 0.0000 0.5000
vn -0.7746 0.0000 0.6324
vn -0.6631 0.0000 0.7485
vn -0.5345 0.0000 0.8452
vn -0.3920 0.0000 0.9200
vn 0.5502 0.0540 0.8333
vn 0.9680 0.1223 0.2189
vn 0.7483 0.1773 0.6392
vn 0.8947 0.2288 0.3836
vn 0.8379 0.3308 0.4342
vn 0.7657 0.4100 0.4957
vn 0.7889 0.4291 0.4399
vn 0.7362 0.5173 0.4364
vn 0.7009 0.5958 0.3921
vn -0.7796 0.2288 -0.5831
vn -0.6736 0.1223 -0.7289
vn -0.9967 0.0540 -0.0599
vn -0.6735 -0.1223 -0.7290
vn -0.7796 -0.2288 -0.5831
vn -0.7950 -0.3308 -0.5085
vn -0.6900 -0.5958 -0.4109
vn 0.7767 -0.2962 0.5559
vn 0.8947 -0.2288 0.3836
vn 0.7483 -0.1773 0.6392
vn 0.9681 -0.1223 0.2189
vn 0.5502 -0.0540 0.8333
vn -0.8535 -0.1708 -0.4923
vn 0.6736 0.1223 -0.7289
vn -0.8947 0.2288 0.3836
vn -0.7483 0.1773 0.6392
vn -0.9680 0.1223 0.2189
vn -0.5502 0.0540 0.8333
vn -0.9681 -0.1223 0.2189
vn -0.8947 -0.2288 0.3836
vn 0.9277 -0.1773 -0.3285
vn 0.6735 -0.1223 -0.7290
vn 0.9967 -0.0540 -0.0599
vn 0.8593 -0.1225 -0.4966
vn -0.8932 0.0540 -0.4464
vn -0.9478 0.1223 0.2944
vn -0.9677 0.1773 -0.1794
vn -0.9666 0.2288 0.1152
vn 0.9506 0.2962 -0.0930
vn 0.9478 0.1223 0.2944
vn 0.8932 0.0540 -0.4464
vn 0.8932 -0.0540 -0.4464
vn 0.9478 -0.1223 0.2945
vn 0.9677 -0.1773 -0.1794
vn 0.9666 -0.2288 0.1152
vn 0.9506 -0.2962 -0.0931
vn 0.9427 -0.3308 0.0429
vn 0.9031 -0.4291 0.0135
vn 0.8557 -0.5173 -0.0098
vn 0.8030 -0.5958 0.0109
vn 0.1468 -0.9892 0.0055
vn 0.0604 -0.9982 -0.0051
vn 0.0498 -0.9988 0.0000
vn -0.0498 -0.9988 0.0000
vn -0.0604 -0.9982 -0.0051
vn -0.1468 -0.9892 0.0055
vn -0.1802 -0.9836 -0.0076
vn -0.2420 -0.9703 0.0077
vn -0.2975 -0.9547 -0.0090
vn -0.3373 -0.9414 0.0065
vn -0.4104 -0.9119 -0.0083
vn -0.4320 -0.9019 0.0040
vn -0.5181 -0.8553 -0.0031
vn -0.5173 -0.8558 -0.0024
vn -0.5988 -0.8009 0.0051
vn -0.6167 -0.7871 -0.0111
vn -0.6733 -0.7393 0.0099
vn -0.7070 -0.7070 -0.0179
vn -0.7427 -0.6695 0.0126
vn -0.7871 -0.6166 -0.0163
vn -0.8030 -0.5958 0.0109
vn -0.8548 -0.5190 -0.0053
vn -0.8557 -0.5173 -0.0098
vn -0.9031 -0.4291 0.0135
vn -0.9109 -0.4100 -0.0464
vn -0.9427 -0.3308 0.0429
vn -0.9506 -0.2962 -0.0931
vn -0.9666 -0.2288 0.1152
vn -0.9677 -0.1773 -0.1794
vn -0.9478 -0.1223 0.2945
vn -0.8932 -0.0540 -0.4464
vn 0.0872 0.9962 0.0000
vn -0.0872 0.9962 0.0000
vn -0.2588 0.9659 0.0000
vn -0.4226 0.9063 0.0000
vn -0.5736 0.8192 0.0000
vn -0.7071 0.7071 0.0000
vn -0.8192 0.5736 0.0000
vn -0.8191 0.5736 0.0000
vn -0.9063 0.4226 0.0000
vn -0.9659 0.2588 0.0000
vn -0.9962 0.0872 0.0000
vn -0.9962 -0.0872 0.0000
vn -0.9659 -0.2588 0.0000
vn -0.9063 -0.4226 0.0000
vn -0.8191 -0.5736 0.0000
vn -0.8192 -0.5736 0.0000
vn -0.7071 -0.7071 0.0000
vn -0.5736 -0.8192 0.0000
vn -0.4226 -0.9063 0.0000
vn -0.2588 -0.9659 0.0000
vn -0.0872 -0.9962 0.0000
vn 0.0872 -0.9962 0.0000
vn 0.2588 -0.9659 0.0000
vn 0.4226 -0.9063 0.0000
vn 0.5736 -0.8192 0.0000
vn 0.7071 -0.7071 0.0000
vn 0.8191 -0.5736 0.0000
vn 0.8192 -0.5736 0.0000
vn 0.9063 -0.4226 0.0000
vn 0.9659 -0.2588 0.0000
vn 0.9962 -0.0872 0.0000
vn 0.9962 0.0872 0.0000
vn 0.9659 0.2588 0.0000
vn 0.9063 0.4226 0.0000
vn 0.8192 0.5736 0.0000
vn 0.8191 0.5736 0.0000
vn 0.7071 0.7071 0.0000
vn 0.5736 0.8192 0.0000
vn 0.4226 0.9063 0.0000
vn 0.2588 0.9659 0.0000
vn 0.9962 0.0871 0.0000
vn 0.9962 -0.0871 0.0000
vn -0.9962 -0.0871 0.0000
vn -0.9962 0.0871 0.0000
vn 0.0001 0.0000 1.0000
vn -0.0001 0.0000 1.0000
vn -0.0001 0.0000 -1.0000
vn -0.0007 0.0000 -1.0000
vn 0.0001 0.0000 -1.0000
vn 0.0002 0.0000 -1.0000
vn -0.0002 0.0000 -1.0000
vn 0.0007 0.0000 -1.0000
vn 0.0805 -0.0056 0.9967
vn -0.0403 0.0056 0.9992
vn -0.0805 -0.0056 0.9967
vn -0.2000 0.0056 0.9798
vn -0.2393 -0.0056 0.9709
vn -0.3546 0.0056 0.9350
vn -0.3920 -0.0056 0.9200
vn -0.5000 0.0056 0.8660
vn -0.5345 -0.0056 0.8452
vn -0.6324 0.0056 0.7746
vn -0.6631 -0.0056 0.7485
vn -0.7485 0.0056 0.6631
vn -0.7746 -0.0056 0.6324
vn -0.8452 0.0056 0.5345
vn -0.8660 -0.0056 0.5000
vn -0.9200 0.0056 0.3920
vn -0.9350 -0.0056 0.3546
vn -0.9709 0.0056 0.2393
vn -0.9798 -0.0056 0.2000
vn -0.9967 0.0056 0.0805
vn -0.9992 -0.0056 0.0403
vn -0.9967 0.0056 -0.0805
vn -0.9927 -0.0056 -0.1205
vn -0.9709 0.0056 -0.2393
vn -0.9605 -0.0056 -0.2782
vn -0.9200 0.0056 -0.3920
vn -0.9034 -0.0056 -0.4287
vn -0.8452 0.0056 -0.5345
vn -0.8230 -0.0056 -0.5681
vn -0.7485 0.0056 -0.6631
vn -0.7212 -0.0056 -0.6927
vn -0.6324 0.0056 -0.7746
vn -0.6007 -0.0056 -0.7994
vn -0.5000 0.0056 -0.8660
vn -0.4647 -0.0056 -0.8854
vn -0.3546 0.0056 -0.9350
vn -0.3167 -0.0056 -0.9485
vn -0.2000 0.0056 -0.9798
vn -0.1604 -0.0056 -0.9870
vn -0.0403 0.0056 -0.9992
vn 0.0000 -0.0056 -1.0000
vn 0.1205 0.0056 -0.9927
vn 0.1604 -0.0056 -0.9870
vn 0.2782 0.0056 -0.9605
vn 0.3167 -0.0056 -0.9485
vn 0.4287 0.0056 -0.9034
vn 0.4647 -0.0056 -0.8854
vn 0.5681 0.0056 -0.8230
vn 0.6007 -0.0056 -0.7994
vn 0.6927 0.0056 -0.7212
vn 0.7212 -0.0056 -0.6927
vn 0.7994 0.0056 -0.6007
vn 0.8230 -0.0056 -0.5681
vn 0.8854 0.0056 -0.4647
vn 0.9034 -0.0056 -0.4287
vn 0.9485 0.0056 -0.3167
vn 0.9605 -0.0056 -0.2782
vn 0.9870 0.0056 -0.1604
vn 0.9927 -0.0056 -0.1205
vn 1.0000 0.0056 0.0000
vn 0.9992 -0.0056 0.0403
vn 0.9870 0.0056 0.1604
vn 0.9798 -0.0056 0.2000
vn 0.9485 0.0056 0.3167
vn 0.9350 -0.0056 0.3546
vn 0.8854 0.0056 0.4647
vn 0.8660 -0.0056 0.5000
vn 0.7994 0.0056 0.6007
vn 0.7746 -0.0056 0.6324
vn 0.6927 0.0056 0.7212
vn 0.6631 -0.0056 0.7485
vn 0.5681 0.0056 0.8230
vn 0.5345 -0.0056 0.8452
vn 0.4287 0.0056 0.9034
vn 0.3920 -0.0056 0.9200
vn 0.2782 0.0056 0.9605
vn 0.2393 -0.0056 0.9709
vn 0.1205 0.0056 0.9927
vn -0.9930 0.0869 -0.0802
vn -0.9930 0.0869 0.0802
vn -0.9918 0.0975 0.0822
vn -0.9681 0.0765 0.2386
vn -0.9638 0.1076 0.2441
vn -0.9179 0.0666 0.3911
vn -0.9095 0.1171 0.3990
vn -0.8438 0.0573 0.5336
vn -0.8305 0.1260 0.5426
vn -0.7476 0.0486 0.6623
vn -0.7291 0.1343 0.6711
vn -0.6319 0.0404 0.7740
vn -0.6080 0.1420 0.7811
vn -0.4997 0.0327 0.8656
vn -0.4706 0.1492 0.8696
vn -0.3545 0.0256 0.9347
vn -0.3207 0.1558 0.9343
vn -0.2000 0.0191 0.9796
vn -0.1624 0.1618 0.9734
vn -0.0403 0.0132 0.9991
vn 0.0000 0.1673 0.9859
vn 0.1205 0.0078 0.9927
vn 0.1621 0.1722 0.9716
vn 0.2782 0.0029 0.9605
vn 0.3196 0.1765 0.9310
vn 0.4287 -0.0013 0.9034
vn 0.4681 0.1803 0.8651
vn 0.5681 -0.0050 0.8230
vn 0.6038 0.1836 0.7757
vn 0.6927 -0.0081 0.7212
vn 0.7228 0.1863 0.6654
vn 0.7994 -0.0107 0.6007
vn 0.8222 0.1884 0.5371
vn 0.8854 -0.0127 0.4647
vn 0.8991 0.1901 0.3944
vn 0.9484 -0.0141 0.3166
vn 0.9515 0.1911 0.2410
vn 0.9869 -0.0149 0.1604
vn 0.9781 0.1917 0.0810
vn 0.9999 -0.0152 0.0000
vn 0.9781 0.1917 -0.0810
vn 0.9869 -0.0149 -0.1604
vn 0.9515 0.1911 -0.2410
vn 0.9484 -0.0141 -0.3166
vn 0.8991 0.1901 -0.3944
vn 0.8854 -0.0127 -0.4647
vn 0.8222 0.1884 -0.5371
vn 0.7994 -0.0107 -0.6007
vn 0.7228 0.1863 -0.6654
vn 0.6927 -0.0081 -0.7212
vn 0.6038 0.1836 -0.7757
vn 0.5681 -0.0050 -0.8230
vn 0.4681 0.1803 -0.8651
vn 0.4287 -0.0013 -0.9034
vn 0.3196 0.1765 -0.9310
vn 0.2782 0.0029 -0.9605
vn 0.1621 0.1722 -0.9716
vn 0.1205 0.0078 -0.9927
vn 0.0000 0.1673 -0.9859
vn -0.0403 0.0132 -0.9991
vn -0.1624 0.1618 -0.9734
vn -0.2000 0.0191 -0.9796
vn -0.3207 0.1558 -0.9343
vn -0.3545 0.0256 -0.9347
vn -0.4706 0.1492 -0.8696
vn -0.4997 0.0327 -0.8656
vn -0.6080 0.1420 -0.7811
vn -0.6319 0.0404 -0.7740
vn -0.7291 0.1343 -0.6711
vn -0.7476 0.0486 -0.6623
vn -0.8305 0.1260 -0.5426
vn -0.8438 0.0573 -0.5336
vn -0.9095 0.1171 -0.3990
vn -0.9179 0.0666 -0.3911
vn -0.9638 0.1076 -0.2441
vn -0.9681 0.0765 -0.2386
vn -0.9918 0.0975 -0.0822
vn -0.8173 0.5722 0.0677
vn -0.0338 0.9968 -0.0724
vn 0.0338 0.9968 -0.0725
vn 0.6033 0.5723 0.5554
vn 0.4316 0.4214 0.7975
vn 0.4230 0.8182 0.3893
vn 0.5211 0.7059 0.4798
vn 0.3903 0.5722 0.7212
vn 0.1867 0.8183 0.5437
vn 0.1867 0.8182 0.5438
vn 0.0338 0.9968 0.0725
vn -0.0946 0.8182 0.5670
vn -0.7108 0.2580 0.6544
vn -0.0427 0.9657 0.2562
vn -0.4351 0.7059 0.5590
vn -0.6033 0.5722 0.5554
vn -0.4230 0.8182 0.3894
vn -0.0338 0.9968 0.0724
vn -0.4813 0.8182 0.3145
vn -0.7950 0.5722 0.2013
vn -0.7108 0.2580 -0.6544
vn -0.4599 0.2580 -0.8497
vn 0.8088 0.2580 0.5285
vn -0.4316 0.4215 -0.7975
vn -0.6034 0.5723 -0.5554
vn 0.2663 0.5722 -0.7756
vn 0.6865 0.5723 -0.4486
vn -0.4351 0.7059 -0.5589
vn 0.1166 0.7059 -0.6986
vn 0.4350 0.7059 -0.5590
vn 0.5211 0.7059 -0.4798
vn 0.6867 0.7059 -0.1739
vn -0.4813 0.8182 -0.3145
vn -0.4230 0.8182 -0.3894
vn -0.1867 0.8182 -0.5437
vn -0.0946 0.8182 -0.5671
vn 0.0946 0.8183 -0.5670
vn 0.5265 0.8182 0.2310
vn 0.4224 0.9058 -0.0350
vn 0.0427 0.9657 -0.2561
vn 0.1236 0.9657 -0.2283
vn 0.2517 0.9657 -0.0638
vn 0.9239 0.0071 -0.3827
vn -0.9896 -0.0032 -0.1436
vn -0.9723 0.0064 -0.2334
vn -0.9713 0.0047 -0.2379
vn 0.9724 0.0000 0.2334
vn 0.9239 0.0000 0.3827
vn 0.8526 0.0000 0.5225
vn 0.7604 0.0000 0.6494
vn 0.7604 0.0000 0.6495
vn 0.6495 0.0000 0.7604
vn 0.5225 0.0000 0.8526
vn 0.5225 0.0000 0.8527
vn 0.3827 0.0000 0.9239
vn 0.2334 0.0000 0.9724
vn 0.2335 0.0000 0.9724
vn 0.0785 0.0000 0.9969
vn -0.0785 0.0000 0.9969
vn -0.2335 0.0000 0.9724
vn -0.2334 0.0000 0.9724
vn -0.3827 0.0000 0.9239
vn -0.5225 0.0000 0.8527
vn -0.5225 0.0000 0.8526
vn -0.6495 0.0000 0.7604
vn -0.7604 0.0000 0.6495
vn -0.7604 0.0000 0.6494
vn -0.8526 0.0000 0.5225
vn -0.9239 0.0000 0.3827
vn -0.9724 0.0000 0.2334
vn -0.9969 0.0000 0.0785
vn 0.4227 0.0000 0.9063
vn 0.5735 0.0000 0.8192
vn 0.5736 0.0000 0.8191
vn 0.5736 0.0000 -0.8191
vn 0.0871 0.0000 -0.9962
vn -0.0871 0.0000 -0.9962
vn -0.5736 0.0000 -0.8191
vn -0.8191 0.0000 0.5736
vn -0.5736 0.0000 0.8191
vn -0.5735 0.0000 0.8192
vn -0.4227 0.0000 0.9063
vn 0.7767 0.2962 0.5559
vn 0.7376 0.5190 0.4320
vn 0.6735 0.6166 0.4076
vn 0.6495 0.6695 0.3604
vn 0.6033 0.7070 0.3690
vn 0.5881 0.7393 0.3281
vn 0.5285 0.7871 0.3179
vn 0.5211 0.8009 0.2949
vn 0.4477 0.8552 0.2611
vn 0.4465 0.8558 0.2613
vn 0.3761 0.9019 0.2126
vn 0.3512 0.9119 0.2124
vn 0.2954 0.9414 0.1630
vn 0.2532 0.9547 0.1565
vn 0.2134 0.9703 0.1143
vn 0.1523 0.9836 0.0967
vn 0.1299 0.9892 0.0686
vn 0.0497 0.9982 0.0346
vn 0.0432 0.9988 0.0249
vn -0.0432 0.9988 -0.0249
vn -0.0549 0.9982 -0.0257
vn -0.1244 0.9892 -0.0782
vn -0.1599 0.9836 -0.0836
vn -0.2057 0.9703 -0.1277
vn -0.2621 0.9547 -0.1410
vn -0.2889 0.9414 -0.1743
vn -0.3596 0.9119 -0.1980
vn -0.3722 0.9019 -0.2194
vn -0.4503 0.8553 -0.2564
vn -0.4492 0.8558 -0.2566
vn -0.5160 0.8009 -0.3038
vn -0.5396 0.7871 -0.2988
vn -0.5781 0.7393 -0.3452
vn -0.6212 0.7070 -0.3380
vn -0.6369 0.6695 -0.3823
vn -0.6898 0.6166 -0.3794
vn -0.6900 0.5958 -0.4109
vn -0.7429 0.5190 -0.4228
vn -0.7460 0.5173 -0.4194
vn -0.7754 0.4291 -0.4633
vn -0.8121 0.4100 -0.4153
vn -0.7950 0.3308 -0.5085
vn -0.8698 0.2962 -0.3947
vn -0.9277 0.1773 -0.3285
vn -0.9967 -0.0540 -0.0599
vn -0.9277 -0.1773 -0.3285
vn -0.8698 -0.2962 -0.3947
vn -0.8121 -0.4100 -0.4153
vn -0.7754 -0.4291 -0.4633
vn -0.7460 -0.5173 -0.4194
vn -0.7429 -0.5190 -0.4228
vn -0.6898 -0.6166 -0.3794
vn -0.6369 -0.6695 -0.3823
vn -0.6212 -0.7070 -0.3380
vn -0.5781 -0.7393 -0.3452
vn -0.5396 -0.7871 -0.2988
vn -0.5160 -0.8009 -0.3038
vn -0.4500 -0.8552 -0.2571
vn -0.4495 -0.8558 -0.2560
vn -0.3722 -0.9019 -0.2194
vn -0.3596 -0.9119 -0.1980
vn -0.2889 -0.9414 -0.1743
vn -0.2621 -0.9547 -0.1410
vn -0.2057 -0.9702 -0.1277
vn -0.1599 -0.9836 -0.0836
vn -0.1244 -0.9892 -0.0782
vn -0.0549 -0.9982 -0.0257
vn -0.0432 -0.9988 -0.0249
vn 0.0432 -0.9988 0.0249
vn 0.0497 -0.9982 0.0346
vn 0.1299 -0.9892 0.0686
vn 0.1523 -0.9836 0.0967
vn 0.2134 -0.9703 0.1143
vn 0.2532 -0.9547 0.1565
vn 0.2954 -0.9414 0.1630
vn 0.3512 -0.9119 0.2124
vn 0.3761 -0.9019 0.2126
vn 0.4472 -0.8553 0.2617
vn 0.4468 -0.8558 0.2607
vn 0.5211 -0.8009 0.2949
vn 0.5285 -0.7871 0.3179
vn 0.5881 -0.7393 0.3281
vn 0.6033 -0.7070 0.3690
vn 0.6495 -0.6695 0.3604
vn 0.6735 -0.6166 0.4076
vn 0.7009 -0.5958 0.3921
vn 0.7376 -0.5190 0.4320
vn 0.7362 -0.5173 0.4364
vn 0.7889 -0.4291 0.4399
vn 0.7657 -0.4100 0.4957
vn 0.8379 -0.3308 0.4342
vn -0.5000 -0.0000 0.8660
vn 0.8636 0.0747 0.4986
vn 0.8636 -0.0747 0.4986
vn 0.8443 -0.2225 0.4875
vn 0.8062 -0.3653 0.4654
vn 0.7500 -0.5000 0.4330
vn 0.6771 -0.6235 0.3909
vn 0.5890 -0.7331 0.3401
vn 0.4879 -0.8262 0.2817
vn 0.4878 -0.8262 0.2817
vn 0.3758 -0.9010 0.2169
vn 0.2553 -0.9556 0.1474
vn 0.1291 -0.9888 0.0745
vn -0.1291 -0.9888 -0.0745
vn -0.2553 -0.9556 -0.1474
vn -0.3758 -0.9010 -0.2169
vn -0.4878 -0.8262 -0.2817
vn -0.5890 -0.7331 -0.3401
vn -0.6771 -0.6235 -0.3909
vn -0.7500 -0.5000 -0.4330
vn -0.7419 -0.5146 -0.4299
vn -0.7722 -0.4527 -0.4458
vn -0.7860 -0.4248 -0.4491
vn -0.7905 -0.4084 -0.4564
vn -0.8055 -0.3653 -0.4665
vn -0.8147 -0.3391 -0.4704
vn -0.8396 -0.2452 -0.4847
vn -0.8393 -0.2435 -0.4860
vn -0.8162 -0.3363 -0.4699
vn 0.8443 0.2225 0.4875
vn 0.8062 0.3653 0.4654
vn 0.7500 0.5000 0.4330
vn 0.6771 0.6235 0.3909
vn 0.5890 0.7331 0.3401
vn 0.4878 0.8262 0.2817
vn 0.3758 0.9010 0.2169
vn 0.2553 0.9556 0.1474
vn 0.1291 0.9888 0.0745
vn -0.1291 0.9888 -0.0745
vn -0.2553 0.9556 -0.1474
vn -0.3758 0.9010 -0.2169
vn -0.4878 0.8262 -0.2817
vn -0.5890 0.7331 -0.3401
vn -0.6771 0.6235 -0.3909
vn -0.7407 0.5181 -0.4277
vn -0.7627 0.4709 -0.4434
vn -0.7860 0.4248 -0.4491
vn -0.7905 0.4084 -0.4564
vn -0.8055 0.3653 -0.4665
vn -0.7500 0.5000 -0.4330
vn -0.8437 0.2225 -0.4885
vn -0.8396 0.2452 -0.4847
vn -0.8147 0.3391 -0.4704
vn -0.8162 0.3363 -0.4699
vn -0.8393 0.2435 -0.4860
vn -0.8630 0.0747 -0.4997
vn -0.8594 0.1236 -0.4962
vn -0.8531 0.1721 -0.4925
vn -0.8535 0.1708 -0.4923
vn -0.8593 0.1225 -0.4966
vn -0.8630 -0.0747 -0.4997
vn -0.8631 -0.0737 -0.4997
vn -0.8658 -0.0245 -0.4999
vn -0.8658 0.0245 -0.4998
vn -0.8437 -0.2225 -0.4885
vn -0.8531 -0.1721 -0.4925
vn -0.8594 -0.1236 -0.4962
vn -0.8593 -0.1225 -0.4966
vn 0.0614 0.9974 0.0371
vn 0.0008 1.0000 -0.0013
vn -0.0435 0.9988 -0.0245
vn -0.1254 0.9894 -0.0734
vn -0.1285 0.9888 -0.0755
vn -0.2117 0.9698 -0.1215
vn -0.2542 0.9556 -0.1492
vn -0.2929 0.9412 -0.1684
vn -0.3687 0.9046 -0.2139
vn -0.3748 0.9010 -0.2186
vn -0.4470 0.8569 -0.2568
vn -0.4863 0.8262 -0.2844
vn -0.5170 0.8026 -0.2976
vn -0.5802 0.7418 -0.3362
vn -0.5874 0.7330 -0.3430
vn -0.6440 0.6699 -0.3695
vn -0.6744 0.6235 -0.3955
vn -0.6966 0.5949 -0.4010
vn -0.7417 0.5150 -0.4296
vn 0.1298 0.9888 0.0732
vn 0.1837 0.9771 0.1077
vn 0.2560 0.9556 0.1461
vn 0.3022 0.9368 0.1761
vn 0.3765 0.9010 0.2157
vn 0.4146 0.8775 0.2409
vn 0.4886 0.8262 0.2804
vn 0.5186 0.8004 0.3008
vn 0.5897 0.7331 0.3389
vn 0.6119 0.7070 0.3546
vn 0.6777 0.6235 0.3899
vn 0.6929 0.5992 0.4012
vn 0.7505 0.5000 0.4321
vn 0.7597 0.4792 0.4395
vn 0.8066 0.3653 0.4647
vn 0.8112 0.3494 0.4690
vn 0.8446 0.2225 0.4870
vn 0.8461 0.2125 0.4888
vn 0.8638 0.0747 0.4983
vn 0.8638 0.0713 0.4987
vn 0.8638 -0.0713 0.4987
vn 0.8638 -0.0747 0.4983
vn 0.8461 -0.2125 0.4888
vn 0.8446 -0.2225 0.4870
vn 0.8112 -0.3494 0.4690
vn 0.8066 -0.3653 0.4647
vn 0.7597 -0.4792 0.4395
vn 0.7505 -0.5000 0.4321
vn 0.6929 -0.5992 0.4012
vn 0.6777 -0.6235 0.3899
vn 0.6119 -0.7070 0.3546
vn 0.5897 -0.7331 0.3389
vn 0.5186 -0.8004 0.3008
vn 0.4886 -0.8262 0.2804
vn 0.4146 -0.8775 0.2409
vn 0.3765 -0.9010 0.2156
vn 0.3022 -0.9368 0.1761
vn 0.2560 -0.9556 0.1461
vn 0.1837 -0.9771 0.1077
vn 0.1298 -0.9888 0.0732
vn 0.0614 -0.9974 0.0371
vn 0.0008 -1.0000 -0.0013
vn -0.0435 -0.9988 -0.0245
vn -0.1254 -0.9894 -0.0734
vn -0.1285 -0.9888 -0.0755
vn -0.2117 -0.9698 -0.1214
vn -0.2542 -0.9556 -0.1492
vn -0.2929 -0.9412 -0.1684
vn -0.3687 -0.9046 -0.2139
vn -0.3748 -0.9010 -0.2185
vn -0.4470 -0.8569 -0.2568
vn -0.4863 -0.8262 -0.2844
vn -0.5170 -0.8026 -0.2976
vn -0.5802 -0.7418 -0.3362
vn -0.5874 -0.7330 -0.3430
vn -0.6440 -0.6699 -0.3695
vn -0.6744 -0.6235 -0.3955
vn -0.6966 -0.5949 -0.4010
vn -0.7417 -0.5150 -0.4296
vn -0.8631 0.0737 -0.4997
vn -0.9972 0.0747 0.0000
vn -0.9972 -0.0747 0.0000
vn -0.9749 -0.2225 0.0000
vn -0.9309 -0.3653 0.0000
vn -0.8660 -0.5000 0.0000
vn -0.7818 -0.6235 0.0000
vn -0.6802 -0.7331 0.0000
vn -0.5633 -0.8262 0.0000
vn -0.4339 -0.9010 0.0000
vn -0.2948 -0.9556 0.0000
vn -0.1490 -0.9888 0.0000
vn 0.1490 -0.9888 0.0000
vn 0.2948 -0.9556 0.0000
vn 0.4339 -0.9010 0.0000
vn 0.5633 -0.8262 0.0000
vn 0.6802 -0.7331 0.0000
vn 0.7818 -0.6235 0.0000
vn 0.8660 -0.5000 0.0000
vn 0.9309 -0.3653 0.0000
vn 0.9749 -0.2225 0.0000
vn 0.9972 -0.0747 0.0000
vn 0.9972 0.0747 0.0000
vn 0.9749 0.2225 0.0000
vn 0.9309 0.3653 0.0000
vn 0.8660 0.5000 0.0000
vn 0.7818 0.6235 0.0000
vn 0.6802 0.7331 0.0000
vn 0.5633 0.8262 0.0000
vn 0.4339 0.9010 0.0000
vn 0.2948 0.9556 0.0000
vn 0.1490 0.9888 0.0000
vn -0.1490 0.9888 0.0000
vn -0.2948 0.9556 0.0000
vn -0.4339 0.9010 0.0000
vn -0.5633 0.8262 0.0000
vn -0.6802 0.7331 0.0000
vn -0.7818 0.6235 0.0000
vn -0.8660 0.5000 0.0000
vn -0.9309 0.3653 0.0000
vn -0.9749 0.2225 0.0000
vn -0.0717 0.9974 -0.0014
vn 0.0000 1.0000 0.0015
vn 0.0717 0.9974 -0.0014
vn 0.1490 0.9888 0.0015
vn 0.2129 0.9771 -0.0014
vn 0.2948 0.9556 0.0015
vn 0.3498 0.9368 -0.0014
vn 0.4339 0.9010 0.0015
vn 0.4795 0.8775 -0.0013
vn 0.5633 0.8262 0.0014
vn 0.5995 0.8004 -0.0012
vn 0.6802 0.7331 0.0013
vn 0.7073 0.7070 -0.0011
vn 0.7818 0.6235 0.0012
vn 0.8006 0.5992 -0.0010
vn 0.8660 0.5000 0.0010
vn 0.8777 0.4792 -0.0008
vn 0.9309 0.3653 0.0008
vn 0.9370 0.3494 -0.0006
vn 0.9749 0.2225 0.0006
vn 0.9772 0.2125 -0.0003
vn 0.9972 0.0747 0.0003
vn 0.9975 0.0713 0.0000
vn 0.9975 -0.0713 0.0000
vn 0.9972 -0.0747 0.0003
vn 0.9772 -0.2125 -0.0003
vn 0.9749 -0.2225 0.0006
vn 0.9370 -0.3494 -0.0006
vn 0.9309 -0.3653 0.0008
vn 0.8777 -0.4792 -0.0008
vn 0.8660 -0.5000 0.0010
vn 0.8006 -0.5992 -0.0010
vn 0.7818 -0.6235 0.0012
vn 0.7073 -0.7070 -0.0011
vn 0.6802 -0.7331 0.0013
vn 0.5995 -0.8004 -0.0012
vn 0.5633 -0.8262 0.0014
vn 0.4795 -0.8775 -0.0013
vn 0.4339 -0.9010 0.0015
vn 0.3498 -0.9368 -0.0014
vn 0.2948 -0.9556 0.0015
vn 0.2129 -0.9771 -0.0014
vn 0.1490 -0.9888 0.0015
vn 0.0717 -0.9974 -0.0014
vn 0.0000 -1.0000 0.0015
vn -0.0717 -0.9974 -0.0014
vn -0.1490 -0.9888 0.0015
vn -0.2129 -0.9771 -0.0014
vn -0.2948 -0.9556 0.0015
vn -0.3498 -0.9368 -0.0014
vn -0.4339 -0.9010 0.0015
vn -0.4795 -0.8775 -0.0013
vn -0.5633 -0.8262 0.0014
vn -0.5995 -0.8004 -0.0012
vn -0.6802 -0.7331 0.0013
vn -0.7073 -0.7070 -0.0011
vn -0.7818 -0.6235 0.0012
vn -0.8006 -0.5992 -0.0010
vn -0.8660 -0.5000 0.0010
vn -0.8777 -0.4792 -0.0008
vn -0.9309 -0.3653 0.0008
vn -0.9370 -0.3494 -0.0006
vn -0.9749 -0.2225 0.0006
vn -0.9772 -0.2125 -0.0003
vn -0.9972 -0.0747 0.0003
vn -0.9975 -0.0713 0.0000
vn -0.9975 0.0713 0.0000
vn -0.9972 0.0747 0.0003
vn -0.9772 0.2125 -0.0003
vn -0.9749 0.2225 0.0006
vn -0.9370 0.3494 -0.0006
vn -0.9309 0.3653 0.0008
vn -0.8777 0.4792 -0.0008
vn -0.8660 0.5000 0.0010
vn -0.8006 0.5992 -0.0010
vn -0.7818 0.6235 0.0012
vn -0.7073 0.7070 -0.0011
vn -0.6802 0.7331 0.0013
vn -0.5995 0.8004 -0.0012
vn -0.5633 0.8262 0.0014
vn -0.4795 0.8775 -0.0013
vn -0.4339 0.9010 0.0015
vn -0.3498 0.9368 -0.0014
vn -0.2948 0.9556 0.0015
vn -0.2129 0.9771 -0.0014
vn -0.1490 0.9888 0.0015
vn 0.9967 0.0540 -0.0599
vn 0.9277 0.1773 -0.3285
vn 0.7796 0.2288 -0.5831
vn 0.8698 0.2962 -0.3947
vn 0.7950 0.3308 -0.5085
vn 0.8121 0.4100 -0.4153
vn 0.7754 0.4291 -0.4633
vn 0.7460 0.5173 -0.4194
vn 0.7429 0.5190 -0.4228
vn 0.6900 0.5958 -0.4109
vn 0.6898 0.6166 -0.3794
vn 0.6369 0.6695 -0.3823
vn 0.6212 0.7070 -0.3380
vn 0.5781 0.7393 -0.3452
vn 0.5396 0.7871 -0.2988
vn 0.5160 0.8009 -0.3038
vn 0.4500 0.8552 -0.2571
vn 0.4495 0.8558 -0.2560
vn 0.3722 0.9019 -0.2194
vn 0.3596 0.9119 -0.1980
vn 0.2889 0.9414 -0.1743
vn 0.2621 0.9547 -0.1410
vn 0.2057 0.9703 -0.1277
vn 0.1599 0.9836 -0.0836
vn 0.1244 0.9892 -0.0782
vn 0.0549 0.9982 -0.0257
vn 0.0432 0.9988 -0.0249
vn -0.0432 0.9988 0.0249
vn -0.0497 0.9982 0.0346
vn -0.1299 0.9892 0.0686
vn -0.1523 0.9836 0.0967
vn -0.2134 0.9703 0.1143
vn -0.2532 0.9547 0.1565
vn -0.2954 0.9414 0.1630
vn -0.3512 0.9119 0.2124
vn -0.3761 0.9019 0.2126
vn -0.4472 0.8553 0.2617
vn -0.4468 0.8558 0.2607
vn -0.5211 0.8009 0.2949
vn -0.5285 0.7871 0.3179
vn -0.5881 0.7393 0.3281
vn -0.6033 0.7070 0.3690
vn -0.6495 0.6695 0.3604
vn -0.6735 0.6166 0.4076
vn -0.7009 0.5958 0.3921
vn -0.7376 0.5190 0.4320
vn -0.7362 0.5173 0.4364
vn -0.7889 0.4291 0.4399
vn -0.7657 0.4100 0.4957
vn -0.8379 0.3308 0.4342
vn -0.7767 0.2962 0.5559
vn -0.5502 -0.0540 0.8333
vn -0.7483 -0.1773 0.6392
vn -0.7767 -0.2962 0.5559
vn -0.8379 -0.3308 0.4342
vn -0.7657 -0.4100 0.4957
vn -0.7889 -0.4291 0.4399
vn -0.7362 -0.5173 0.4364
vn -0.7376 -0.5190 0.4320
vn -0.7009 -0.5958 0.3921
vn -0.6735 -0.6166 0.4076
vn -0.6495 -0.6695 0.3604
vn -0.6033 -0.7070 0.3690
vn -0.5881 -0.7393 0.3281
vn -0.5285 -0.7871 0.3179
vn -0.5211 -0.8009 0.2949
vn -0.4477 -0.8552 0.2611
vn -0.4465 -0.8558 0.2613
vn -0.3761 -0.9019 0.2126
vn -0.3512 -0.9119 0.2124
vn -0.2954 -0.9414 0.1630
vn -0.2532 -0.9547 0.1565
vn -0.2134 -0.9703 0.1143
vn -0.1523 -0.9836 0.0967
vn -0.1299 -0.9892 0.0686
vn -0.0497 -0.9982 0.0346
vn -0.0432 -0.9988 0.0249
vn 0.0432 -0.9988 -0.0249
vn 0.0549 -0.9982 -0.0257
vn 0.1244 -0.9892 -0.0782
vn 0.1599 -0.9836 -0.0836
vn 0.2057 -0.9702 -0.1277
vn 0.2621 -0.9547 -0.1410
vn 0.2889 -0.9414 -0.1743
vn 0.3596 -0.9119 -0.1980
vn 0.3722 -0.9019 -0.2194
vn 0.4503 -0.8553 -0.2564
vn 0.4492 -0.8558 -0.2566
vn 0.5160 -0.8009 -0.3038
vn 0.5396 -0.7871 -0.2988
vn 0.5781 -0.7393 -0.3452
vn 0.6212 -0.7070 -0.3380
vn 0.6369 -0.6695 -0.3823
vn 0.6898 -0.6166 -0.3794
vn 0.6900 -0.5958 -0.4109
vn 0.7429 -0.5190 -0.4228
vn 0.7460 -0.5173 -0.4194
vn 0.7754 -0.4291 -0.4633
vn 0.8121 -0.4100 -0.4153
vn 0.7950 -0.3308 -0.5085
vn 0.8698 -0.2962 -0.3947
vn 0.7796 -0.2288 -0.5831
vn 0.5000 0.0000 0.8660
vn 0.8630 0.0747 -0.4997
vn 0.8631 0.0737 -0.4997
vn 0.8658 0.0245 -0.4998
vn 0.8658 -0.0245 -0.4999
vn 0.8437 0.2225 -0.4885
vn 0.8531 0.1721 -0.4925
vn 0.8594 0.1236 -0.4962
vn 0.8593 0.1225 -0.4966
vn 0.8535 0.1708 -0.4923
vn 0.8055 0.3653 -0.4665
vn 0.8147 0.3391 -0.4704
vn 0.8396 0.2452 -0.4847
vn 0.8393 0.2435 -0.4860
vn 0.8162 0.3363 -0.4699
vn 0.7500 0.5000 -0.4330
vn 0.7419 0.5146 -0.4299
vn 0.7722 0.4527 -0.4458
vn 0.7860 0.4248 -0.4491
vn 0.7905 0.4084 -0.4564
vn 0.6771 0.6235 -0.3909
vn 0.5890 0.7331 -0.3401
vn 0.4878 0.8262 -0.2817
vn 0.3758 0.9010 -0.2169
vn 0.2553 0.9556 -0.1474
vn 0.1291 0.9888 -0.0745
vn -0.1291 0.9888 0.0745
vn -0.2553 0.9556 0.1474
vn -0.3758 0.9010 0.2169
vn -0.4878 0.8262 0.2817
vn -0.4879 0.8262 0.2817
vn -0.5890 0.7331 0.3401
vn -0.6771 0.6235 0.3909
vn -0.7500 0.5000 0.4330
vn -0.8062 0.3653 0.4654
vn -0.8443 0.2225 0.4875
vn -0.8636 0.0747 0.4986
vn -0.8636 -0.0747 0.4986
vn -0.8443 -0.2225 0.4875
vn -0.8062 -0.3653 0.4654
vn -0.7500 -0.5000 0.4330
vn -0.6771 -0.6235 0.3909
vn -0.5890 -0.7330 0.3401
vn -0.5890 -0.7331 0.3401
vn -0.4878 -0.8262 0.2817
vn -0.3758 -0.9010 0.2169
vn -0.2553 -0.9556 0.1474
vn -0.1291 -0.9888 0.0745
vn 0.1291 -0.9888 -0.0745
vn 0.2553 -0.9556 -0.1474
vn 0.3758 -0.9010 -0.2169
vn 0.4878 -0.8262 -0.2817
vn 0.5890 -0.7331 -0.3401
vn 0.6771 -0.6235 -0.3909
vn 0.7407 -0.5181 -0.4277
vn 0.7627 -0.4709 -0.4434
vn 0.7860 -0.4248 -0.4491
vn 0.7905 -0.4084 -0.4564
vn 0.8055 -0.3653 -0.4665
vn 0.7500 -0.5000 -0.4330
vn 0.8437 -0.2225 -0.4885
vn 0.8396 -0.2452 -0.4847
vn 0.8147 -0.3391 -0.4704
vn 0.8162 -0.3363 -0.4699
vn 0.8393 -0.2435 -0.4860
vn 0.8630 -0.0747 -0.4997
vn 0.8594 -0.1236 -0.4962
vn 0.8531 -0.1721 -0.4925
vn 0.8535 -0.1708 -0.4923
vn 0.0435 0.9988 -0.0245
vn -0.0008 1.0000 -0.0013
vn -0.0614 0.9974 0.0371
vn -0.1298 0.9888 0.0732
vn -0.1837 0.9771 0.1077
vn -0.2560 0.9556 0.1461
vn -0.3022 0.9368 0.1761
vn -0.3765 0.9010 0.2157
vn -0.4146 0.8775 0.2409
vn -0.4886 0.8262 0.2804
vn -0.5186 0.8004 0.3008
vn -0.5897 0.7331 0.3389
vn -0.6119 0.7070 0.3546
vn -0.6777 0.6235 0.3899
vn -0.6929 0.5992 0.4011
vn -0.7505 0.5000 0.4321
vn -0.7597 0.4792 0.4395
vn -0.8066 0.3653 0.4647
vn -0.8112 0.3494 0.4690
vn -0.8446 0.2225 0.4870
vn -0.8461 0.2125 0.4888
vn -0.8638 0.0747 0.4983
vn -0.8638 0.0713 0.4987
vn -0.8638 -0.0713 0.4987
vn -0.8638 -0.0747 0.4983
vn -0.8461 -0.2125 0.4888
vn -0.8446 -0.2225 0.4870
vn -0.8112 -0.3494 0.4690
vn -0.8066 -0.3653 0.4647
vn -0.7597 -0.4792 0.4395
vn -0.7505 -0.5000 0.4321
vn -0.6929 -0.5992 0.4012
vn -0.6777 -0.6235 0.3899
vn -0.6119 -0.7070 0.3546
vn -0.5897 -0.7331 0.3389
vn -0.5186 -0.8004 0.3008
vn -0.4886 -0.8262 0.2804
vn -0.4146 -0.8775 0.2409
vn -0.3765 -0.9010 0.2156
vn -0.3022 -0.9368 0.1761
vn -0.2560 -0.9556 0.1461
vn -0.1837 -0.9771 0.1077
vn -0.1298 -0.9888 0.0732
vn -0.0614 -0.9974 0.0371
vn -0.0008 -1.0000 -0.0013
vn 0.0435 -0.9988 -0.0245
vn 0.1254 -0.9894 -0.0734
vn 0.1285 -0.9888 -0.0755
vn 0.2117 -0.9698 -0.1214
vn 0.2542 -0.9556 -0.1492
vn 0.2929 -0.9412 -0.1684
vn 0.3687 -0.9046 -0.2139
vn 0.3748 -0.9010 -0.2185
vn 0.4470 -0.8569 -0.2568
vn 0.4863 -0.8262 -0.2844
vn 0.5170 -0.8026 -0.2976
vn 0.5802 -0.7418 -0.3362
vn 0.5874 -0.7330 -0.3430
vn 0.6440 -0.6699 -0.3695
vn 0.6744 -0.6235 -0.3955
vn 0.6966 -0.5949 -0.4010
vn 0.7417 -0.5150 -0.4296
vn 0.1254 0.9894 -0.0734
vn 0.1285 0.9888 -0.0755
vn 0.2117 0.9698 -0.1215
vn 0.2542 0.9556 -0.1492
vn 0.2929 0.9412 -0.1684
vn 0.3687 0.9046 -0.2139
vn 0.3748 0.9010 -0.2186
vn 0.4470 0.8569 -0.2568
vn 0.4863 0.8262 -0.2844
vn 0.5170 0.8026 -0.2976
vn 0.5802 0.7418 -0.3362
vn 0.5874 0.7330 -0.3430
vn 0.6440 0.6699 -0.3695
vn 0.6744 0.6235 -0.3955
vn 0.6966 0.5949 -0.4010
vn 0.7417 0.5150 -0.4296
vn 0.8631 -0.0737 -0.4997
vn -0.9506 0.2962 -0.0930
vn -0.9427 0.3308 0.0429
vn -0.9109 0.4100 -0.0464
vn -0.9031 0.4291 0.0135
vn -0.8557 0.5173 -0.0098
vn -0.8548 0.5190 -0.0053
vn -0.8030 0.5958 0.0109
vn -0.7871 0.6166 -0.0163
vn -0.7427 0.6695 0.0126
vn -0.7070 0.7070 -0.0179
vn -0.6733 0.7393 0.0099
vn -0.6167 0.7871 -0.0111
vn -0.5988 0.8009 0.0051
vn -0.5182 0.8552 -0.0023
vn -0.5173 0.8558 -0.0030
vn -0.4320 0.9019 0.0040
vn -0.4104 0.9119 -0.0083
vn -0.3373 0.9414 0.0065
vn -0.2975 0.9547 -0.0090
vn -0.2420 0.9703 0.0077
vn -0.1802 0.9836 -0.0076
vn -0.1468 0.9892 0.0055
vn -0.0604 0.9982 -0.0051
vn -0.0498 0.9988 0.0000
vn 0.0498 0.9988 0.0000
vn 0.0604 0.9982 -0.0051
vn 0.1468 0.9892 0.0055
vn 0.1802 0.9836 -0.0076
vn 0.2420 0.9703 0.0077
vn 0.2975 0.9547 -0.0090
vn 0.3373 0.9414 0.0065
vn 0.4104 0.9119 -0.0083
vn 0.4320 0.9019 0.0040
vn 0.5181 0.8553 -0.0031
vn 0.5173 0.8558 -0.0024
vn 0.5988 0.8009 0.0051
vn 0.6167 0.7871 -0.0111
vn 0.6733 0.7393 0.0099
vn 0.7070 0.7070 -0.0179
vn 0.7427 0.6695 0.0126
vn 0.7871 0.6166 -0.0163
vn 0.8030 0.5958 0.0109
vn 0.8548 0.5190 -0.0053
vn 0.8557 0.5173 -0.0098
vn 0.9031 0.4291 0.0135
vn 0.9109 0.4100 -0.0464
vn 0.9427 0.3308 0.0429
vn 0.9666 0.2288 0.1152
vn 0.9677 0.1773 -0.1794
vn 0.9109 -0.4100 -0.0464
vn 0.8548 -0.5190 -0.0053
vn 0.7871 -0.6166 -0.0163
vn 0.7427 -0.6695 0.0126
vn 0.7070 -0.7070 -0.0179
vn 0.6733 -0.7393 0.0099
vn 0.6167 -0.7871 -0.0111
vn 0.5988 -0.8009 0.0051
vn 0.5182 -0.8552 -0.0023
vn 0.5173 -0.8558 -0.0030
vn 0.4320 -0.9019 0.0040
vn 0.4104 -0.9119 -0.0083
vn 0.3373 -0.9414 0.0065
vn 0.2975 -0.9547 -0.0090
vn 0.2420 -0.9703 0.0077
vn 0.1802 -0.9836 -0.0076
vn -0.0268 0.7069 0.7069
vn 0.0268 0.7069 0.7069
vn 0.0278 0.7073 0.7063
vn 0.0802 0.7064 0.7032
vn 0.0830 0.7078 0.7015
vn 0.1332 0.7060 0.6956
vn 0.1377 0.7082 0.6924
vn 0.1856 0.7056 0.6838
vn 0.1915 0.7086 0.6791
vn 0.2369 0.7053 0.6682
vn 0.2441 0.7089 0.6617
vn 0.2868 0.7050 0.6486
vn 0.2951 0.7092 0.6402
vn 0.3352 0.7047 0.6253
vn 0.3443 0.7095 0.6149
vn 0.3816 0.7045 0.5984
vn 0.3914 0.7097 0.5857
vn 0.4259 0.7043 0.5680
vn 0.4360 0.7099 0.5531
vn 0.4678 0.7041 0.5342
vn 0.4780 0.7101 0.5170
vn 0.5069 0.7040 0.4974
vn 0.5170 0.7102 0.4779
vn 0.5432 0.7039 0.4577
vn 0.5528 0.7103 0.4358
vn 0.5763 0.7038 0.4154
vn 0.5852 0.7103 0.3910
vn 0.6061 0.7038 0.3706
vn 0.6141 0.7104 0.3439
vn 0.6324 0.7038 0.3237
vn 0.6392 0.7103 0.2947
vn 0.6550 0.7038 0.2749
vn 0.6604 0.7103 0.2436
vn 0.6738 0.7039 0.2246
vn 0.6776 0.7102 0.1911
vn 0.6888 0.7040 0.1730
vn 0.6906 0.7100 0.1374
vn 0.6998 0.7042 0.1204
vn 0.6995 0.7099 0.0828
vn 0.7067 0.7043 0.0671
vn 0.7040 0.7097 0.0277
vn 0.7095 0.7046 0.0134
vn 0.7042 0.7094 -0.0277
vn 0.7083 0.7048 -0.0403
vn 0.7002 0.7091 -0.0829
vn 0.7029 0.7051 -0.0937
vn 0.6918 0.7088 -0.1376
vn 0.6935 0.7054 -0.1465
vn 0.6793 0.7085 -0.1916
vn 0.6801 0.7058 -0.1984
vn 0.6625 0.7081 -0.2444
vn 0.6628 0.7061 -0.2492
vn 0.6417 0.7076 -0.2958
vn 0.6417 0.7066 -0.2984
vn 0.6169 0.7072 -0.3455
vn 0.6169 0.7070 -0.3458
vn 0.5892 0.7067 -0.3917
vn 0.5876 0.7075 -0.3926
vn 0.5582 0.7063 -0.4354
vn 0.5547 0.7079 -0.4373
vn 0.5240 0.7059 -0.4766
vn 0.5183 0.7083 -0.4791
vn 0.4867 0.7055 -0.5151
vn 0.4789 0.7087 -0.5181
vn 0.4465 0.7052 -0.5507
vn 0.4366 0.7090 -0.5538
vn 0.4038 0.7049 -0.5832
vn 0.3916 0.7093 -0.5861
vn 0.3587 0.7046 -0.6123
vn 0.3443 0.7096 -0.6148
vn 0.3114 0.7044 -0.6378
vn 0.2949 0.7098 -0.6397
vn 0.2624 0.7042 -0.6597
vn 0.2437 0.7100 -0.6607
vn 0.2118 0.7041 -0.6778
vn 0.1911 0.7101 -0.6776
vn 0.1599 0.7039 -0.6920
vn 0.1373 0.7102 -0.6904
vn 0.1071 0.7039 -0.7022
vn 0.0827 0.7103 -0.6990
vn 0.0537 0.7038 -0.7084
vn 0.0276 0.7104 -0.7033
vn 0.0000 0.7038 -0.7104
vn -0.0276 0.7104 -0.7033
vn -0.0537 0.7038 -0.7084
vn -0.0827 0.7103 -0.6990
vn -0.1071 0.7039 -0.7022
vn -0.1373 0.7102 -0.6904
vn -0.1599 0.7039 -0.6920
vn -0.1911 0.7101 -0.6776
vn -0.2118 0.7041 -0.6778
vn -0.2437 0.7100 -0.6607
vn -0.2624 0.7042 -0.6597
vn -0.2949 0.7098 -0.6397
vn -0.3114 0.7044 -0.6378
vn -0.3443 0.7096 -0.6148
vn -0.3587 0.7046 -0.6123
vn -0.3916 0.7093 -0.5861
vn -0.4038 0.7049 -0.5832
vn -0.4366 0.7090 -0.5538
vn -0.4465 0.7052 -0.5507
vn -0.4789 0.7087 -0.5181
vn -0.4867 0.7055 -0.5151
vn -0.5183 0.7083 -0.4791
vn -0.5240 0.7059 -0.4766
vn -0.5547 0.7079 -0.4373
vn -0.5582 0.7063 -0.4354
vn -0.5876 0.7075 -0.3926
vn -0.5892 0.7067 -0.3917
vn -0.6169 0.7070 -0.3458
vn -0.6169 0.7072 -0.3455
vn -0.6417 0.7066 -0.2984
vn -0.6417 0.7076 -0.2958
vn -0.6628 0.7061 -0.2492
vn -0.6625 0.7081 -0.2444
vn -0.6801 0.7058 -0.1984
vn -0.6793 0.7085 -0.1916
vn -0.6935 0.7054 -0.1465
vn -0.6918 0.7088 -0.1376
vn -0.7029 0.7051 -0.0937
vn -0.7002 0.7091 -0.0829
vn -0.7083 0.7048 -0.0403
vn -0.7042 0.7094 -0.0277
vn -0.7095 0.7046 0.0134
vn -0.7040 0.7097 0.0277
vn -0.7067 0.7043 0.0671
vn -0.6995 0.7099 0.0828
vn -0.6998 0.7042 0.1204
vn -0.6906 0.7100 0.1374
vn -0.6888 0.7040 0.1730
vn -0.6776 0.7102 0.1911
vn -0.6738 0.7039 0.2246
vn -0.6604 0.7103 0.2436
vn -0.6550 0.7038 0.2749
vn -0.6392 0.7103 0.2947
vn -0.6324 0.7038 0.3237
vn -0.6141 0.7104 0.3439
vn -0.6061 0.7038 0.3706
vn -0.5852 0.7103 0.3910
vn -0.5763 0.7038 0.4154
vn -0.5528 0.7103 0.4358
vn -0.5432 0.7039 0.4577
vn -0.5170 0.7102 0.4779
vn -0.5069 0.7040 0.4974
vn -0.4780 0.7101 0.5170
vn -0.4678 0.7041 0.5342
vn -0.4360 0.7099 0.5531
vn -0.4259 0.7043 0.5680
vn -0.3914 0.7097 0.5857
vn -0.3816 0.7045 0.5984
vn -0.3443 0.7095 0.6149
vn -0.3352 0.7047 0.6253
vn -0.2951 0.7092 0.6402
vn -0.2868 0.7050 0.6486
vn -0.2441 0.7089 0.6617
vn -0.2369 0.7053 0.6682
vn -0.1915 0.7086 0.6791
vn -0.1856 0.7056 0.6838
vn -0.1377 0.7082 0.6924
vn -0.1332 0.7060 0.6956
vn -0.0830 0.7078 0.7015
vn -0.0802 0.7064 0.7032
vn -0.0278 0.7073 0.7063
vn -0.6538 -0.0005 -0.7567
vn -0.6298 0.0005 -0.7767
vn -0.5954 -0.0005 -0.8034
vn -0.5693 0.0005 -0.8222
vn -0.5335 -0.0005 -0.8458
vn -0.5055 0.0005 -0.8629
vn -0.4686 -0.0005 -0.8834
vn -0.4387 0.0005 -0.8986
vn -0.4010 -0.0005 -0.9161
vn -0.4103 -0.0007 -0.9119
vn -0.4007 -0.0005 -0.9162
vn -0.6868 0.0005 -0.7269
vn -0.7085 -0.0004 -0.7057
vn -0.7398 0.0005 -0.6729
vn -0.7592 -0.0004 -0.6508
vn -0.7885 0.0005 -0.6150
vn -0.8057 -0.0004 -0.5923
vn -0.8328 0.0004 -0.5536
vn -0.8477 -0.0004 -0.5305
vn -0.8723 0.0004 -0.4890
vn -0.8849 -0.0004 -0.4658
vn -0.9068 0.0004 -0.4217
vn -0.9172 -0.0004 -0.3984
vn -0.9360 0.0004 -0.3519
vn -0.9444 -0.0004 -0.3288
vn -0.9600 0.0004 -0.2801
vn -0.9663 -0.0004 -0.2573
vn -0.9784 0.0004 -0.2067
vn -0.9828 -0.0004 -0.1845
vn -0.9912 0.0004 -0.1321
vn -0.9939 -0.0004 -0.1106
vn -0.9984 0.0004 -0.0567
vn -0.9993 -0.0004 -0.0361
vn -0.9998 0.0004 0.0189
vn -0.9993 -0.0004 0.0387
vn -0.9955 0.0004 0.0945
vn -0.9936 -0.0003 0.1132
vn -0.9855 0.0004 0.1695
vn -0.9824 -0.0003 0.1870
vn -0.9699 0.0003 0.2436
vn -0.9656 -0.0003 0.2599
vn -0.9487 0.0003 0.3162
vn -0.9435 -0.0003 0.3312
vn -0.9221 0.0003 0.3871
vn -0.9162 -0.0003 0.4008
vn -0.8901 0.0003 0.4557
vn -0.8837 -0.0003 0.4681
vn -0.8531 0.0003 0.5217
vn -0.8463 -0.0003 0.5327
vn -0.8131 0.0002 0.5821
vn -0.8048 -0.0005 0.5935
vn -0.8041 -0.0006 0.5944
vn -0.7938 -0.0002 0.6082
vn -0.7859 -0.0000 0.6183
vn -0.7785 0.0000 0.6276
vn -0.7692 -0.0002 0.6390
vn -0.7574 -0.0008 0.6530
vn -0.7575 -0.0008 0.6528
vn -0.7425 -0.0000 0.6699
vn -0.7259 0.0001 0.6878
vn -0.7070 -0.0008 0.7072
vn -0.7066 -0.0008 0.7076
vn -0.6854 0.0002 0.7281
vn -0.6625 -0.0002 0.7490
vn -0.6518 -0.0010 0.7584
vn -0.6366 0.0000 0.7712
vn -0.6074 -0.0000 0.7944
vn -0.5934 -0.0010 0.8049
vn -0.5779 0.0001 0.8161
vn -0.5482 0.0001 0.8364
vn -0.5316 -0.0011 0.8470
vn -0.5168 -0.0000 0.8561
vn -0.4830 0.0000 0.8756
vn -0.4669 -0.0011 0.8843
vn -0.4502 0.0001 0.8929
vn -0.4179 0.0001 0.9085
vn -0.3996 -0.0010 0.9167
vn -0.3842 -0.0000 0.9232
vn -0.3496 0.0000 0.9369
vn -0.3300 -0.0010 0.9440
vn -0.3174 -0.0002 0.9483
vn -0.2879 0.0002 0.9577
vn -0.2589 -0.0008 0.9659
vn -0.2586 -0.0008 0.9660
vn -0.2327 0.0000 0.9725
vn -0.2089 -0.0000 0.9779
vn -0.1869 -0.0007 0.9824
vn -0.1858 -0.0008 0.9826
vn -0.1688 -0.0002 0.9857
vn -0.1543 0.0000 0.9880
vn -0.1425 -0.0000 0.9898
vn -0.1300 -0.0002 0.9915
vn -0.1101 -0.0006 0.9939
vn -0.1119 -0.0006 0.9937
vn -0.1019 -0.0000 0.9948
vn -0.0378 0.0000 0.9993
vn -0.0374 0.0000 0.9993
vn 0.0374 0.0000 0.9993
vn 0.1119 -0.0006 0.9937
vn 0.1019 -0.0000 0.9948
vn 0.0378 0.0000 0.9993
vn 0.1858 -0.0008 0.9826
vn 0.1688 -0.0002 0.9857
vn 0.1543 0.0000 0.9880
vn 0.2586 -0.0008 0.9660
vn 0.2327 0.0000 0.9725
vn 0.2089 -0.0000 0.9779
vn 0.3300 -0.0010 0.9440
vn 0.3174 -0.0002 0.9483
vn 0.2879 0.0002 0.9577
vn 0.3996 -0.0010 0.9167
vn 0.3842 -0.0000 0.9232
vn 0.3496 0.0000 0.9369
vn 0.4669 -0.0011 0.8843
vn 0.4502 0.0001 0.8929
vn 0.4179 0.0001 0.9085
vn 0.5316 -0.0011 0.8470
vn 0.5168 -0.0000 0.8561
vn 0.4830 0.0000 0.8756
vn 0.5934 -0.0010 0.8049
vn 0.5779 0.0001 0.8161
vn 0.5482 0.0001 0.8364
vn 0.6518 -0.0010 0.7584
vn 0.6366 0.0000 0.7712
vn 0.6074 -0.0000 0.7944
vn 0.7066 -0.0008 0.7076
vn 0.6854 0.0002 0.7281
vn 0.6625 -0.0002 0.7490
vn 0.7575 -0.0008 0.6528
vn 0.7425 -0.0000 0.6699
vn 0.7259 0.0001 0.6878
vn 0.8041 -0.0006 0.5944
vn 0.7938 -0.0002 0.6082
vn 0.7859 -0.0000 0.6183
vn 0.8463 -0.0003 0.5327
vn 0.8112 0.0003 0.5847
vn 0.8214 0.0010 0.5703
vn 0.8036 0.0004 0.5952
vn 0.7933 0.0001 0.6088
vn 0.7860 0.0000 0.6183
vn 0.7790 0.0003 0.6271
vn 0.7704 0.0011 0.6376
vn 0.7647 0.0022 0.6444
vn 0.7576 0.0010 0.6527
vn 0.7422 -0.0003 0.6702
vn 0.7263 0.0005 0.6874
vn 0.7138 0.0031 0.7004
vn 0.7074 0.0014 0.7068
vn 0.6851 -0.0007 0.7284
vn 0.6634 0.0020 0.7483
vn 0.6587 0.0039 0.7524
vn 0.6363 -0.0008 0.7714
vn 0.6079 0.0015 0.7940
vn 0.6000 0.0049 0.8000
vn 0.5776 -0.0014 0.8163
vn 0.5483 0.0008 0.8363
vn 0.5377 0.0056 0.8431
vn 0.5168 -0.0009 0.8561
vn 0.4829 0.0012 0.8756
vn 0.4724 0.0057 0.8813
vn 0.4504 -0.0012 0.8928
vn 0.4178 0.0003 0.9086
vn 0.4044 0.0051 0.9146
vn 0.3844 -0.0004 0.9232
vn 0.3493 0.0005 0.9370
vn 0.3341 0.0043 0.9425
vn 0.3174 0.0002 0.9483
vn 0.2881 -0.0004 0.9576
vn 0.2619 0.0031 0.9651
vn 0.2578 0.0021 0.9662
vn 0.2329 -0.0002 0.9725
vn 0.2086 0.0002 0.9780
vn 0.1881 0.0023 0.9821
vn 0.1853 0.0018 0.9827
vn 0.1685 0.0003 0.9857
vn 0.1544 -0.0000 0.9880
vn 0.1422 0.0001 0.9898
vn 0.1273 0.0006 0.9919
vn 0.1133 0.0013 0.9936
vn 0.1085 0.0007 0.9941
vn 0.8531 0.0003 0.5217
vn 0.8837 -0.0003 0.4681
vn 0.8901 0.0003 0.4557
vn 0.9162 -0.0003 0.4008
vn 0.9221 0.0003 0.3871
vn 0.9435 -0.0003 0.3312
vn 0.9487 0.0003 0.3162
vn 0.9656 -0.0003 0.2599
vn 0.9699 0.0003 0.2436
vn 0.9824 -0.0003 0.1870
vn 0.9855 0.0004 0.1695
vn 0.9936 -0.0003 0.1132
vn 0.9955 0.0004 0.0945
vn 0.9993 -0.0004 0.0387
vn 0.9998 0.0004 0.0189
vn 0.9993 -0.0004 -0.0361
vn 0.9984 0.0004 -0.0567
vn 0.9939 -0.0004 -0.1106
vn 0.9912 0.0004 -0.1321
vn 0.9828 -0.0004 -0.1845
vn 0.9784 0.0004 -0.2067
vn 0.9663 -0.0004 -0.2573
vn 0.9600 0.0004 -0.2801
vn 0.9444 -0.0004 -0.3288
vn 0.9360 0.0004 -0.3519
vn 0.9172 -0.0004 -0.3984
vn 0.9068 0.0004 -0.4217
vn 0.8849 -0.0004 -0.4658
vn 0.8723 0.0004 -0.4890
vn 0.8477 -0.0004 -0.5305
vn 0.8328 0.0004 -0.5536
vn 0.8057 -0.0004 -0.5923
vn 0.7885 0.0005 -0.6150
vn 0.7592 -0.0004 -0.6508
vn 0.7398 0.0005 -0.6729
vn 0.7085 -0.0004 -0.7057
vn 0.6868 0.0005 -0.7269
vn 0.6538 -0.0005 -0.7567
vn 0.6298 0.0005 -0.7767
vn 0.5954 -0.0005 -0.8034
vn 0.5693 0.0005 -0.8222
vn 0.5335 -0.0005 -0.8458
vn 0.5055 0.0005 -0.8629
vn 0.4686 -0.0005 -0.8834
vn 0.4387 0.0005 -0.8986
vn 0.4010 -0.0005 -0.9161
vn 0.4103 -0.0007 -0.9119
vn 0.4007 -0.0005 -0.9162
vn 0.3830 -0.0002 -0.9237
vn 0.3715 -0.0000 -0.9284
vn 0.3604 -0.0000 -0.9328
vn 0.3467 -0.0002 -0.9380
vn 0.3312 -0.0008 -0.9435
vn 0.3293 -0.0007 -0.9442
vn 0.3081 0.0000 -0.9514
vn 0.2848 0.0000 -0.9586
vn 0.2596 -0.0009 -0.9657
vn 0.2587 -0.0008 -0.9660
vn 0.2295 0.0002 -0.9733
vn 0.1993 -0.0002 -0.9799
vn 0.1865 -0.0010 -0.9825
vn 0.1657 0.0000 -0.9862
vn 0.1289 -0.0000 -0.9917
vn 0.1123 -0.0011 -0.9937
vn 0.0924 0.0001 -0.9957
vn 0.0566 0.0001 -0.9984
vn 0.0375 -0.0011 -0.9993
vn 0.0195 0.0000 -0.9998
vn -0.0195 0.0000 -0.9998
vn -0.0375 -0.0011 -0.9993
vn -0.0566 0.0001 -0.9984
vn -0.0924 0.0001 -0.9957
vn -0.1123 -0.0011 -0.9937
vn -0.1289 -0.0000 -0.9917
vn -0.1657 0.0000 -0.9862
vn -0.1865 -0.0010 -0.9825
vn -0.1993 -0.0002 -0.9799
vn -0.2295 0.0002 -0.9733
vn -0.2596 -0.0008 -0.9657
vn -0.2588 -0.0009 -0.9659
vn -0.2848 0.0000 -0.9586
vn -0.3081 0.0000 -0.9514
vn -0.3312 -0.0008 -0.9435
vn -0.3296 -0.0009 -0.9441
vn -0.3467 -0.0002 -0.9380
vn -0.3604 -0.0000 -0.9328
vn -0.3715 -0.0000 -0.9284
vn -0.3830 -0.0002 -0.9237
vn -0.1133 0.0012 0.9936
vn -0.0274 0.0051 0.9996
vn -0.1273 0.0006 0.9919
vn -0.1422 0.0001 0.9898
vn -0.1544 -0.0000 0.9880
vn -0.1685 0.0003 0.9857
vn -0.1853 0.0018 0.9827
vn -0.1881 0.0023 0.9821
vn -0.2086 0.0002 0.9780
vn -0.2329 -0.0002 0.9725
vn -0.2578 0.0021 0.9662
vn -0.2619 0.0031 0.9651
vn -0.2881 -0.0004 0.9576
vn -0.3174 0.0002 0.9483
vn -0.3341 0.0043 0.9425
vn -0.3493 0.0005 0.9370
vn -0.3844 -0.0004 0.9232
vn -0.4044 0.0051 0.9146
vn -0.4178 0.0003 0.9086
vn -0.4504 -0.0012 0.8928
vn -0.4724 0.0057 0.8813
vn -0.4829 0.0012 0.8756
vn -0.5168 -0.0009 0.8561
vn -0.5377 0.0056 0.8431
vn -0.5483 0.0008 0.8363
vn -0.5776 -0.0014 0.8163
vn -0.6000 0.0049 0.8000
vn -0.6079 0.0015 0.7940
vn -0.6363 -0.0008 0.7714
vn -0.6587 0.0039 0.7524
vn -0.6634 0.0020 0.7483
vn -0.6851 -0.0007 0.7284
vn -0.7074 0.0014 0.7068
vn -0.7138 0.0031 0.7004
vn -0.7263 0.0005 0.6874
vn -0.7422 -0.0003 0.6702
vn -0.7576 0.0010 0.6527
vn -0.7647 0.0022 0.6444
vn -0.7704 0.0011 0.6376
vn -0.7790 0.0003 0.6271
vn -0.7860 0.0000 0.6183
vn -0.7933 0.0001 0.6088
vn -0.8036 0.0004 0.5952
vn -0.8112 0.0007 0.5847
vn -0.3695 0.0019 -0.9292
vn -0.3756 0.0012 -0.9268
vn -0.3850 0.0005 -0.9229
vn -0.2982 0.0028 -0.9545
vn -0.3092 0.0010 -0.9510
vn -0.3281 -0.0002 -0.9447
vn -0.2252 0.0035 -0.9743
vn -0.2310 0.0019 -0.9730
vn -0.2577 -0.0004 -0.9662
vn -0.1508 0.0049 -0.9885
vn -0.1660 0.0006 -0.9861
vn -0.1988 -0.0006 -0.9800
vn -0.0756 0.0053 -0.9971
vn -0.0924 -0.0000 -0.9957
vn -0.1287 -0.0005 -0.9917
vn 0.0000 0.0062 -1.0000
vn -0.0195 -0.0002 -0.9998
vn -0.0565 -0.0004 -0.9984
vn 0.0756 0.0053 -0.9971
vn 0.0565 -0.0004 -0.9984
vn 0.0195 -0.0002 -0.9998
vn 0.1508 0.0049 -0.9885
vn 0.1287 -0.0005 -0.9917
vn 0.0924 -0.0000 -0.9957
vn 0.2252 0.0035 -0.9743
vn 0.1988 -0.0006 -0.9800
vn 0.1660 0.0006 -0.9861
vn 0.2982 0.0028 -0.9545
vn 0.2857 0.0009 -0.9583
vn 0.2577 -0.0004 -0.9662
vn 0.3695 0.0019 -0.9292
vn 0.3635 0.0013 -0.9316
vn 0.3465 0.0001 -0.9380
vn 0.3930 0.0001 -0.9195
vn 0.3850 0.0005 -0.9229
vn 0.3756 0.0012 -0.9268
vn 0.3281 -0.0002 -0.9447
vn 0.3092 0.0010 -0.9510
vn 0.2310 0.0019 -0.9730
vn -0.2857 0.0009 -0.9583
vn -0.3465 0.0001 -0.9380
vn -0.3635 0.0013 -0.9316
vn -0.3930 0.0001 -0.9195
vn 0.8048 -0.0005 0.5935
vn 0.7785 0.0000 0.6276
vn 0.7692 -0.0002 0.6390
vn 0.7574 -0.0008 0.6530
vn 0.7070 -0.0008 0.7072
vn 0.2589 -0.0008 0.9659
vn 0.1869 -0.0007 0.9824
vn 0.1425 -0.0000 0.9898
vn 0.1299 -0.0002 0.9915
vn 0.1101 -0.0006 0.9939
usemtl N9_aluminum_machined
s off
f 1//1 2//1 3//1
f 3//1 2//1 4//1
f 4//1 2//1 5//1
f 4//1 5//1 6//1
f 6//1 5//1 7//1
f 6//1 7//1 8//1
f 8//1 7//1 9//1
f 8//1 9//1 10//1
f 10//1 9//1 11//1
f 10//1 11//1 12//1
f 12//1 11//1 13//1
f 12//1 13//1 14//1
f 14//1 13//1 15//1
f 14//1 15//1 16//1
f 16//1 15//1 17//1
f 16//1 17//1 18//1
f 18//1 17//1 19//1
f 18//1 19//1 20//1
f 20//1 19//1 21//1
f 20//1 21//1 22//1
f 22//1 21//1 23//1
f 22//1 23//1 24//1
f 24//1 23//1 25//1
f 24//1 25//1 26//1
f 26//1 25//1 27//1
f 26//1 27//1 28//1
f 28//1 27//1 29//1
f 28//1 29//1 30//1
f 30//1 29//1 31//1
f 30//1 31//1 32//1
f 32//1 31//1 33//1
f 32//1 33//1 34//1
f 34//1 33//1 35//1
f 34//1 35//1 36//1
f 3//2 37//2 1//2
f 1//2 37//2 38//2
f 1//3 38//3 2//3
f 2//3 38//3 39//3
f 2//4 39//4 5//4
f 5//4 39//4 40//4
f 5//5 40//5 7//5
f 7//5 40//5 41//5
f 7//6 41//6 9//6
f 9//7 41//7 42//7
f 9//8 42//8 11//8
f 11//8 42//8 43//8
f 11//9 43//9 13//9
f 13//9 43//9 44//9
f 13//10 44//10 15//10
f 15//10 44//10 45//10
f 15//11 45//11 17//11
f 17//11 45//11 46//11
f 17//12 46//12 19//12
f 19//12 46//12 47//12
f 19//13 47//13 21//13
f 21//13 47//13 48//13
f 21//14 48//14 23//14
f 23//14 48//14 49//14
f 23//15 49//15 25//15
f 25//15 49//15 50//15
f 25//16 50//16 27//16
f 27//16 50//16 51//16
f 27//17 51//17 29//17
f 29//17 51//17 52//17
f 29//18 52//18 31//18
f 31//19 52//19 53//19
f 31//20 53//20 33//20
f 33//20 53//20 54//20
f 33//21 54//21 35//21
f 35//21 54//21 55//21
f 35//22 55//22 36//22
f 36//22 55//22 56//22
f 36//23 56//23 34//23
f 34//23 56//23 57//23
f 34//24 57//24 32//24
f 32//24 57//24 58//24
f 32//25 58//25 30//25
f 30//25 58//25 59//25
f 30//26 59//26 28//26
f 28//27 59//27 60//27
f 28//28 60//28 26//28
f 26//28 60//28 61//28
f 26//29 61//29 24//29
f 24//29 61//29 62//29
f 24//30 62//30 22//30
f 22//30 62//30 63//30
f 22//31 63//31 20//31
f 20//31 63//31 64//31
f 20//32 64//32 18//32
f 18//33 64//33 65//33
f 18//34 65//34 16//34
f 16//35 65//35 66//35
f 16//36 66//36 14//36
f 14//36 66//36 67//36
f 14//37 67//37 12//37
f 12//37 67//37 68//37
f 12//38 68//38 10//38
f 10//38 68//38 69//38
f 10//39 69//39 8//39
f 8//39 69//39 70//39
f 8//40 70//40 6//40
f 6//40 70//40 71//40
f 6//41 71//41 4//41
f 4//41 71//41 72//41
f 4//42 72//42 3//42
f 3//42 72//42 37//42
f 73//3 74//3 75//3
f 75//3 74//3 76//3
f 75//2 76//2 77//2
f 77//2 76//2 78//2
f 77//42 78//42 79//42
f 79//42 78//42 80//42
f 79//41 80//41 81//41
f 81//41 80//41 82//41
f 81//40 82//40 83//40
f 83//40 82//40 84//40
f 83//39 84//39 85//39
f 85//39 84//39 86//39
f 85//38 86//38 87//38
f 87//38 86//38 88//38
f 87//37 88//37 89//37
f 89//37 88//37 90//37
f 89//36 90//36 91//36
f 91//36 90//36 92//36
f 91//34 92//34 93//34
f 93//34 92//34 94//34
f 93//33 94//33 95//33
f 95//33 94//33 96//33
f 95//31 96//31 97//31
f 97//31 96//31 98//31
f 97//30 98//30 99//30
f 99//30 98//30 100//30
f 99//29 100//29 101//29
f 101//29 100//29 102//29
f 101//28 102//28 103//28
f 103//28 102//28 104//28
f 103//26 104//26 105//26
f 105//26 104//26 106//26
f 105//25 106//25 107//25
f 107//25 106//25 108//25
f 107//24 108//24 109//24
f 109//24 108//24 110//24
f 109//23 110//23 111//23
f 111//23 110//23 112//23
f 111//22 112//22 113//22
f 113//22 112//22 114//22
f 113//21 114//21 115//21
f 115//21 114//21 116//21
f 115//20 116//20 117//20
f 117//20 116//20 118//20
f 117//18 118//18 119//18
f 119//19 118//19 120//19
f 119//17 120//17 121//17
f 121//17 120//17 122//17
f 121//16 122//16 123//16
f 123//16 122//16 124//16
f 123//15 124//15 125//15
f 125//15 124//15 126//15
f 125//14 126//14 127//14
f 127//14 126//14 128//14
f 127//13 128//13 129//13
f 129//13 128//13 130//13
f 129//12 130//12 131//12
f 131//12 130//12 132//12
f 131//11 132//11 133//11
f 133//11 132//11 134//11
f 133//10 134//10 135//10
f 135//10 134//10 136//10
f 135//9 136//9 137//9
f 137//9 136//9 138//9
f 137//8 138//8 139//8
f 139//8 138//8 140//8
f 139//7 140//7 141//7
f 141//6 140//6 142//6
f 141//5 142//5 143//5
f 143//5 142//5 144//5
f 143//4 144//4 73//4
f 73//4 144//4 74//4
f 38//3 145//3 39//3
f 39//3 145//3 146//3
f 39//4 146//4 40//4
f 40//4 146//4 147//4
f 40//5 147//5 41//5
f 41//5 147//5 148//5
f 41//6 148//6 42//6
f 42//7 148//7 149//7
f 42//8 149//8 43//8
f 43//8 149//8 150//8
f 43//9 150//9 44//9
f 44//9 150//9 151//9
f 44//10 151//10 45//10
f 45//10 151//10 152//10
f 45//11 152//11 46//11
f 46//11 152//11 153//11
f 46//12 153//12 47//12
f 47//12 153//12 154//12
f 47//13 154//13 48//13
f 48//13 154//13 155//13
f 48//14 155//14 49//14
f 49//14 155//14 156//14
f 49//15 156//15 50//15
f 50//15 156//15 157//15
f 50//16 157//16 51//16
f 51//16 157//16 158//16
f 51//17 158//17 52//17
f 52//17 158//17 159//17
f 52//19 159//19 53//19
f 53//18 159//18 160//18
f 53//20 160//20 54//20
f 54//20 160//20 161//20
f 54//21 161//21 55//21
f 55//21 161//21 162//21
f 55//22 162//22 56//22
f 56//22 162//22 163//22
f 56//23 163//23 57//23
f 57//23 163//23 164//23
f 57//24 164//24 58//24
f 58//24 164//24 165//24
f 58//25 165//25 59//25
f 59//25 165//25 166//25
f 59//26 166//26 60//26
f 60//26 166//26 167//26
f 60//28 167//28 61//28
f 61//28 167//28 168//28
f 61//29 168//29 62//29
f 62//29 168//29 169//29
f 62//30 169//30 63//30
f 63//30 169//30 170//30
f 63//31 170//31 64//31
f 64//31 170//31 171//31
f 64//33 171//33 65//33
f 65//33 171//33 172//33
f 65//34 172//34 66//34
f 66//34 172//34 173//34
f 66//36 173//36 67//36
f 67//36 173//36 174//36
f 67//37 174//37 68//37
f 68//37 174//37 175//37
f 68//38 175//38 69//38
f 69//38 175//38 176//38
f 69//39 176//39 70//39
f 70//39 176//39 177//39
f 70//40 177//40 71//40
f 71//40 177//40 178//40
f 71//41 178//41 72//41
f 72//41 178//41 179//41
f 72//42 179//42 37//42
f 37//42 179//42 180//42
f 37//2 180//2 38//2
f 38//2 180//2 145//2
f 145//3 181//3 146//3
f 146//3 181//3 182//3
f 146//4 182//4 147//4
f 147//4 182//4 183//4
f 147//5 183//5 148//5
f 148//5 183//5 184//5
f 148//6 184//6 149//6
f 149//6 184//6 185//6
f 149//8 185//8 150//8
f 150//8 185//8 186//8
f 150//9 186//9 151//9
f 151//9 186//9 187//9
f 151//10 187//10 152//10
f 152//10 187//10 188//10
f 152//11 188//11 153//11
f 153//11 188//11 189//11
f 153//12 189//12 154//12
f 154//12 189//12 190//12
f 154//13 190//13 155//13
f 155//13 190//13 191//13
f 155//14 191//14 156//14
f 156//14 191//14 192//14
f 156//15 192//15 157//15
f 157//15 192//15 193//15
f 157//16 193//16 158//16
f 158//16 193//16 194//16
f 158//17 194//17 159//17
f 159//17 194//17 195//17
f 159//18 195//18 160//18
f 160//18 195//18 196//18
f 160//20 196//20 161//20
f 161//20 196//20 197//20
f 161//21 197//21 162//21
f 162//21 197//21 198//21
f 162//22 198//22 163//22
f 163//22 198//22 199//22
f 163//23 199//23 164//23
f 164//23 199//23 200//23
f 164//24 200//24 165//24
f 165//24 200//24 201//24
f 165//25 201//25 166//25
f 166//25 201//25 202//25
f 166//26 202//26 167//26
f 167//26 202//26 203//26
f 167//28 203//28 168//28
f 168//28 203//28 204//28
f 168//29 204//29 169//29
f 169//29 204//29 205//29
f 169//30 205//30 170//30
f 170//30 205//30 206//30
f 170//31 206//31 171//31
f 171//31 206//31 207//31
f 171//33 207//33 172//33
f 172//33 207//33 208//33
f 172//34 208//34 173//34
f 173//34 208//34 209//34
f 173//36 209//36 174//36
f 174//36 209//36 210//36
f 174//37 210//37 175//37
f 175//37 210//37 211//37
f 175//38 211//38 176//38
f 176//38 211//38 212//38
f 176//39 212//39 177//39
f 177//39 212//39 213//39
f 177//40 213//40 178//40
f 178//40 213//40 214//40
f 178//41 214//41 179//41
f 179//41 214//41 215//41
f 179//42 215//42 180//42
f 180//42 215//42 216//42
f 180//2 216//2 145//2
f 145//2 216//2 181//2
f 181//3 217//3 182//3
f 182//3 217//3 218//3
f 182//4 218//4 183//4
f 183//4 218//4 219//4
f 183//5 219//5 184//5
f 184//5 219//5 220//5
f 184//6 220//6 185//6
f 185//6 220//6 221//6
f 185//8 221//8 186//8
f 186//8 221//8 222//8
f 186//9 222//9 187//9
f 187//9 222//9 223//9
f 187//10 223//10 188//10
f 188//10 223//10 224//10
f 188//11 224//11 189//11
f 189//11 224//11 225//11
f 189//12 225//12 190//12
f 190//12 225//12 226//12
f 190//13 226//13 191//13
f 191//13 226//13 227//13
f 191//14 227//14 192//14
f 192//14 227//14 228//14
f 192//15 228//15 193//15
f 193//15 228//15 229//15
f 193//16 229//16 194//16
f 194//16 229//16 230//16
f 194//17 230//17 195//17
f 195//17 230//17 231//17
f 195//18 231//18 196//18
f 196//18 231//18 232//18
f 196//20 232//20 197//20
f 197//20 232//20 233//20
f 197//21 233//21 198//21
f 198//21 233//21 234//21
f 198//22 234//22 199//22
f 199//22 234//22 235//22
f 199//23 235//23 200//23
f 200//23 235//23 236//23
f 200//24 236//24 201//24
f 201//24 236//24 237//24
f 201//25 237//25 202//25
f 202//25 237//25 238//25
f 202//26 238//26 203//26
f 203//26 238//26 239//26
f 203//28 239//28 204//28
f 204//28 239//28 240//28
f 204//29 240//29 205//29
f 205//29 240//29 241//29
f 205//30 241//30 206//30
f 206//30 241//30 242//30
f 206//31 242//31 207//31
f 207//31 242//31 243//31
f 207//32 243//32 208//32
f 208//33 243//33 244//33
f 208//34 244//34 209//34
f 209//35 244//35 245//35
f 209//36 245//36 210//36
f 210//36 245//36 246//36
f 210//37 246//37 211//37
f 211//37 246//37 247//37
f 211//38 247//38 212//38
f 212//38 247//38 248//38
f 212//39 248//39 213//39
f 213//39 248//39 249//39
f 213//40 249//40 214//40
f 214//40 249//40 250//40
f 214//41 250//41 215//41
f 215//41 250//41 251//41
f 215//42 251//42 216//42
f 216//42 251//42 252//42
f 216//2 252//2 181//2
f 181//2 252//2 217//2
f 217//3 76//3 218//3
f 218//3 76//3 74//3
f 218//4 74//4 219//4
f 219//4 74//4 144//4
f 219//5 144//5 220//5
f 220//5 144//5 142//5
f 220//6 142//6 221//6
f 221//6 142//6 140//6
f 221//8 140//8 222//8
f 222//8 140//8 138//8
f 222//9 138//9 223//9
f 223//9 138//9 136//9
f 223//10 136//10 224//10
f 224//10 136//10 134//10
f 224//11 134//11 225//11
f 225//11 134//11 132//11
f 225//12 132//12 226//12
f 226//12 132//12 130//12
f 226//13 130//13 227//13
f 227//13 130//13 128//13
f 227//14 128//14 228//14
f 228//14 128//14 126//14
f 228//15 126//15 229//15
f 229//15 126//15 124//15
f 229//16 124//16 230//16
f 230//16 124//16 122//16
f 230//17 122//17 231//17
f 231//17 122//17 120//17
f 231//18 120//18 232//18
f 232//18 120//18 118//18
f 232//20 118//20 233//20
f 233//20 118//20 116//20
f 233//21 116//21 234//21
f 234//21 116//21 114//21
f 234//22 114//22 235//22
f 235//22 114//22 112//22
f 235//23 112//23 236//23
f 236//23 112//23 110//23
f 236//24 110//24 237//24
f 237//24 110//24 108//24
f 237//25 108//25 238//25
f 238//25 108//25 106//25
f 238//26 106//26 239//26
f 239//26 106//26 104//26
f 239//28 104//28 240//28
f 240//28 104//28 102//28
f 240//29 102//29 241//29
f 241//29 102//29 100//29
f 241//30 100//30 242//30
f 242//30 100//30 98//30
f 242//31 98//31 243//31
f 243//31 98//31 96//31
f 243//33 96//33 244//33
f 244//33 96//33 94//33
f 244//34 94//34 245//34
f 245//34 94//34 92//34
f 245//36 92//36 246//36
f 246//36 92//36 90//36
f 246//37 90//37 247//37
f 247//37 90//37 88//37
f 247//38 88//38 248//38
f 248//38 88//38 86//38
f 248//39 86//39 249//39
f 249//39 86//39 84//39
f 249//40 84//40 250//40
f 250//40 84//40 82//40
f 250//41 82//41 251//41
f 251//41 82//41 80//41
f 251//42 80//42 252//42
f 252//42 80//42 78//42
f 252//2 78//2 217//2
f 217//2 78//2 76//2
f 75//43 77//43 73//43
f 73//43 77//43 143//43
f 143//43 77//43 79//43
f 143//43 79//43 141//43
f 141//43 79//43 81//43
f 141//43 81//43 139//43
f 139//43 81//43 83//43
f 139//43 83//43 137//43
f 137//43 83//43 85//43
f 137//43 85//43 135//43
f 135//43 85//43 87//43
f 135//43 87//43 133//43
f 133//43 87//43 89//43
f 133//43 89//43 131//43
f 131//43 89//43 91//43
f 131//43 91//43 129//43
f 129//43 91//43 93//43
f 129//43 93//43 127//43
f 127//43 93//43 95//43
f 127//43 95//43 125//43
f 125//43 95//43 97//43
f 125//43 97//43 123//43
f 123//43 97//43 99//43
f 123//43 99//43 121//43
f 121//43 99//43 101//43
f 121//43 101//43 119//43
f 119//43 101//43 103//43
f 119//43 103//43 117//43
f 117//43 103//43 105//43
f 117//43 105//43 115//43
f 115//43 105//43 107//43
f 115//43 107//43 113//43
f 113//43 107//43 109//43
f 113//43 109//43 111//43
f 253//1 254//1 255//1
f 255//1 254//1 256//1
f 256//1 254//1 257//1
f 256//1 257//1 258//1
f 258//1 257//1 259//1
f 258//1 259//1 260//1
f 260//1 259//1 261//1
f 260//1 261//1 262//1
f 262//1 261//1 263//1
f 262//1 263//1 264//1
f 264//1 263//1 265//1
f 264//1 265//1 266//1
f 266//1 265//1 267//1
f 266//1 267//1 268//1
f 268//1 267//1 269//1
f 268//1 269//1 270//1
f 270//1 269//1 271//1
f 270//1 271//1 272//1
f 272//1 271//1 273//1
f 272//1 273//1 274//1
f 274//1 273//1 275//1
f 274//1 275//1 276//1
f 276//1 275//1 277//1
f 276//1 277//1 278//1
f 278//1 277//1 279//1
f 278//1 279//1 280//1
f 280//1 279//1 281//1
f 280//1 281//1 282//1
f 282//1 281//1 283//1
f 282//1 283//1 284//1
f 284//1 283//1 285//1
f 284//1 285//1 286//1
f 286//1 285//1 287//1
f 286//1 287//1 288//1
f 289//43 290//43 291//43
f 291//43 290//43 292//43
f 292//43 290//43 293//43
f 292//43 293//43 294//43
f 294//43 293//43 295//43
f 294//43 295//43 296//43
f 296//43 295//43 297//43
f 296//43 297//43 298//43
f 298//43 297//43 299//43
f 298//43 299//43 300//43
f 300//43 299//43 301//43
f 300//43 301//43 302//43
f 302//43 301//43 303//43
f 302//43 303//43 304//43
f 304//43 303//43 305//43
f 304//43 305//43 306//43
f 306//43 305//43 307//43
f 306//43 307//43 308//43
f 308//43 307//43 309//43
f 308//43 309//43 310//43
f 310//43 309//43 311//43
f 310//43 311//43 312//43
f 312//43 311//43 313//43
f 312//43 313//43 314//43
f 314//43 313//43 315//43
f 314//43 315//43 316//43
f 316//43 315//43 317//43
f 316//43 317//43 318//43
f 318//43 317//43 319//43
f 318//43 319//43 320//43
f 320//43 319//43 321//43
f 320//43 321//43 322//43
f 322//43 321//43 323//43
f 322//43 323//43 324//43
f 255//2 325//2 253//2
f 253//2 325//2 326//2
f 253//3 326//3 254//3
f 254//3 326//3 327//3
f 254//4 327//4 257//4
f 257//4 327//4 328//4
f 257//5 328//5 259//5
f 259//5 328//5 329//5
f 259//6 329//6 261//6
f 261//7 329//7 330//7
f 261//8 330//8 263//8
f 263//8 330//8 331//8
f 263//9 331//9 265//9
f 265//9 331//9 332//9
f 265//10 332//10 267//10
f 267//10 332//10 333//10
f 267//11 333//11 269//11
f 269//11 333//11 334//11
f 269//12 334//12 271//12
f 271//12 334//12 335//12
f 271//13 335//13 273//13
f 273//13 335//13 336//13
f 273//14 336//14 275//14
f 275//14 336//14 337//14
f 275//15 337//15 277//15
f 277//15 337//15 338//15
f 277//16 338//16 279//16
f 279//16 338//16 339//16
f 279//17 339//17 281//17
f 281//17 339//17 340//17
f 281//18 340//18 283//18
f 283//19 340//19 341//19
f 283//20 341//20 285//20
f 285//20 341//20 342//20
f 285//21 342//21 287//21
f 287//21 342//21 343//21
f 287//22 343//22 288//22
f 288//22 343//22 344//22
f 288//23 344//23 286//23
f 286//23 344//23 345//23
f 286//24 345//24 284//24
f 284//24 345//24 346//24
f 284//25 346//25 282//25
f 282//25 346//25 347//25
f 282//26 347//26 280//26
f 280//27 347//27 348//27
f 280//28 348//28 278//28
f 278//28 348//28 349//28
f 278//29 349//29 276//29
f 276//29 349//29 350//29
f 276//30 350//30 274//30
f 274//30 350//30 351//30
f 274//31 351//31 272//31
f 272//31 351//31 352//31
f 272//32 352//32 270//32
f 270//33 352//33 353//33
f 270//34 353//34 268//34
f 268//35 353//35 354//35
f 268//36 354//36 266//36
f 266//36 354//36 355//36
f 266//37 355//37 264//37
f 264//37 355//37 356//37
f 264//38 356//38 262//38
f 262//38 356//38 357//38
f 262//39 357//39 260//39
f 260//39 357//39 358//39
f 260//40 358//40 258//40
f 258//40 358//40 359//40
f 258//41 359//41 256//41
f 256//41 359//41 360//41
f 256//42 360//42 255//42
f 255//42 360//42 325//42
f 291//3 361//3 289//3
f 289//3 361//3 362//3
f 289//2 362//2 290//2
f 290//2 362//2 363//2
f 290//42 363//42 293//42
f 293//42 363//42 364//42
f 293//41 364//41 295//41
f 295//41 364//41 365//41
f 295//40 365//40 297//40
f 297//40 365//40 366//40
f 297//39 366//39 299//39
f 299//39 366//39 367//39
f 299//38 367//38 301//38
f 301//38 367//38 368//38
f 301//37 368//37 303//37
f 303//37 368//37 369//37
f 303//36 369//36 305//36
f 305//36 369//36 370//36
f 305//34 370//34 307//34
f 307//34 370//34 371//34
f 307//33 371//33 309//33
f 309//33 371//33 372//33
f 309//31 372//31 311//31
f 311//31 372//31 373//31
f 311//30 373//30 313//30
f 313//30 373//30 374//30
f 313//29 374//29 315//29
f 315//29 374//29 375//29
f 315//28 375//28 317//28
f 317//28 375//28 376//28
f 317//26 376//26 319//26
f 319//26 376//26 377//26
f 319//25 377//25 321//25
f 321//25 377//25 378//25
f 321//24 378//24 323//24
f 323//24 378//24 379//24
f 323//23 379//23 324//23
f 324//23 379//23 380//23
f 324//22 380//22 322//22
f 322//22 380//22 381//22
f 322//21 381//21 320//21
f 320//21 381//21 382//21
f 320//20 382//20 318//20
f 318//20 382//20 383//20
f 318//18 383//18 316//18
f 316//19 383//19 384//19
f 316//17 384//17 314//17
f 314//17 384//17 385//17
f 314//16 385//16 312//16
f 312//16 385//16 386//16
f 312//15 386//15 310//15
f 310//15 386//15 387//15
f 310//14 387//14 308//14
f 308//14 387//14 388//14
f 308//13 388//13 306//13
f 306//13 388//13 389//13
f 306//12 389//12 304//12
f 304//12 389//12 390//12
f 304//11 390//11 302//11
f 302//11 390//11 391//11
f 302//10 391//10 300//10
f 300//10 391//10 392//10
f 300//9 392//9 298//9
f 298//9 392//9 393//9
f 298//8 393//8 296//8
f 296//8 393//8 394//8
f 296//7 394//7 294//7
f 294//6 394//6 395//6
f 294//5 395//5 292//5
f 292//5 395//5 396//5
f 292//4 396//4 291//4
f 291//4 396//4 361//4
f 326//3 397//3 327//3
f 327//3 397//3 398//3
f 327//4 398//4 328//4
f 328//4 398//4 399//4
f 328//5 399//5 329//5
f 329//5 399//5 400//5
f 329//6 400//6 330//6
f 330//7 400//7 401//7
f 330//8 401//8 331//8
f 331//8 401//8 402//8
f 331//9 402//9 332//9
f 332//9 402//9 403//9
f 332//10 403//10 333//10
f 333//10 403//10 404//10
f 333//11 404//11 334//11
f 334//11 404//11 405//11
f 334//12 405//12 335//12
f 335//12 405//12 406//12
f 335//13 406//13 336//13
f 336//13 406//13 407//13
f 336//14 407//14 337//14
f 337//14 407//14 408//14
f 337//15 408//15 338//15
f 338//15 408//15 409//15
f 338//16 409//16 339//16
f 339//16 409//16 410//16
f 339//17 410//17 340//17
f 340//17 410//17 411//17
f 340//19 411//19 341//19
f 341//18 411//18 412//18
f 341//20 412//20 342//20
f 342//20 412//20 413//20
f 342//21 413//21 343//21
f 343//21 413//21 414//21
f 343//22 414//22 344//22
f 344//22 414//22 415//22
f 344//23 415//23 345//23
f 345//23 415//23 416//23
f 345//24 416//24 346//24
f 346//24 416//24 417//24
f 346//25 417//25 347//25
f 347//25 417//25 418//25
f 347//26 418//26 348//26
f 348//26 418//26 419//26
f 348//28 419//28 349//28
f 349//28 419//28 420//28
f 349//29 420//29 350//29
f 350//29 420//29 421//29
f 350//30 421//30 351//30
f 351//30 421//30 422//30
f 351//31 422//31 352//31
f 352//31 422//31 423//31
f 352//33 423//33 353//33
f 353//33 423//33 424//33
f 353//34 424//34 354//34
f 354//34 424//34 425//34
f 354//36 425//36 355//36
f 355//36 425//36 426//36
f 355//37 426//37 356//37
f 356//37 426//37 427//37
f 356//38 427//38 357//38
f 357//38 427//38 428//38
f 357//39 428//39 358//39
f 358//39 428//39 429//39
f 358//40 429//40 359//40
f 359//40 429//40 430//40
f 359//41 430//41 360//41
f 360//41 430//41 431//41
f 360//42 431//42 325//42
f 325//42 431//42 432//42
f 325//2 432//2 326//2
f 326//2 432//2 397//2
f 397//3 433//3 398//3
f 398//3 433//3 434//3
f 398//4 434//4 399//4
f 399//4 434//4 435//4
f 399//5 435//5 400//5
f 400//5 435//5 436//5
f 400//6 436//6 401//6
f 401//6 436//6 437//6
f 401//8 437//8 402//8
f 402//8 437//8 438//8
f 402//9 438//9 403//9
f 403//9 438//9 439//9
f 403//10 439//10 404//10
f 404//10 439//10 440//10
f 404//11 440//11 405//11
f 405//11 440//11 441//11
f 405//12 441//12 406//12
f 406//12 441//12 442//12
f 406//13 442//13 407//13
f 407//13 442//13 443//13
f 407//14 443//14 408//14
f 408//14 443//14 444//14
f 408//15 444//15 409//15
f 409//15 444//15 445//15
f 409//16 445//16 410//16
f 410//16 445//16 446//16
f 410//17 446//17 411//17
f 411//17 446//17 447//17
f 411//18 447//18 412//18
f 412//18 447//18 448//18
f 412//20 448//20 413//20
f 413//20 448//20 449//20
f 413//21 449//21 414//21
f 414//21 449//21 450//21
f 414//22 450//22 415//22
f 415//22 450//22 451//22
f 415//23 451//23 416//23
f 416//23 451//23 452//23
f 416//24 452//24 417//24
f 417//24 452//24 453//24
f 417//25 453//25 418//25
f 418//25 453//25 454//25
f 418//26 454//26 419//26
f 419//26 454//26 455//26
f 419//28 455//28 420//28
f 420//28 455//28 456//28
f 420//29 456//29 421//29
f 421//29 456//29 457//29
f 421//30 457//30 422//30
f 422//30 457//30 458//30
f 422//31 458//31 423//31
f 423//31 458//31 459//31
f 423//33 459//33 424//33
f 424//33 459//33 460//33
f 424//34 460//34 425//34
f 425//34 460//34 461//34
f 425//36 461//36 426//36
f 426//36 461//36 462//36
f 426//37 462//37 427//37
f 427//37 462//37 463//37
f 427//38 463//38 428//38
f 428//38 463//38 464//38
f 428//39 464//39 429//39
f 429//39 464//39 465//39
f 429//40 465//40 430//40
f 430//40 465//40 466//40
f 430//41 466//41 431//41
f 431//41 466//41 467//41
f 431//42 467//42 432//42
f 432//42 467//42 468//42
f 432//2 468//2 397//2
f 397//2 468//2 433//2
f 433//3 469//3 434//3
f 434//3 469//3 470//3
f 434//4 470//4 435//4
f 435//4 470//4 471//4
f 435//5 471//5 436//5
f 436//5 471//5 472//5
f 436//6 472//6 437//6
f 437//6 472//6 473//6
f 437//8 473//8 438//8
f 438//8 473//8 474//8
f 438//9 474//9 439//9
f 439//9 474//9 475//9
f 439//10 475//10 440//10
f 440//10 475//10 476//10
f 440//11 476//11 441//11
f 441//11 476//11 477//11
f 441//12 477//12 442//12
f 442//12 477//12 478//12
f 442//13 478//13 443//13
f 443//13 478//13 479//13
f 443//14 479//14 444//14
f 444//14 479//14 480//14
f 444//15 480//15 445//15
f 445//15 480//15 481//15
f 445//16 481//16 446//16
f 446//16 481//16 482//16
f 446//17 482//17 447//17
f 447//17 482//17 483//17
f 447//18 483//18 448//18
f 448//18 483//18 484//18
f 448//20 484//20 449//20
f 449//20 484//20 485//20
f 449//21 485//21 450//21
f 450//21 485//21 486//21
f 450//22 486//22 451//22
f 451//22 486//22 487//22
f 451//23 487//23 452//23
f 452//23 487//23 488//23
f 452//24 488//24 453//24
f 453//24 488//24 489//24
f 453//25 489//25 454//25
f 454//25 489//25 490//25
f 454//26 490//26 455//26
f 455//26 490//26 491//26
f 455//28 491//28 456//28
f 456//28 491//28 492//28
f 456//29 492//29 457//29
f 457//29 492//29 493//29
f 457//30 493//30 458//30
f 458//30 493//30 494//30
f 458//31 494//31 459//31
f 459//31 494//31 495//31
f 459//32 495//32 460//32
f 460//33 495//33 496//33
f 460//34 496//34 461//34
f 461//35 496//35 497//35
f 461//36 497//36 462//36
f 462//36 497//36 498//36
f 462//37 498//37 463//37
f 463//37 498//37 499//37
f 463//38 499//38 464//38
f 464//38 499//38 500//38
f 464//39 500//39 465//39
f 465//39 500//39 501//39
f 465//40 501//40 466//40
f 466//40 501//40 502//40
f 466//41 502//41 467//41
f 467//41 502//41 503//41
f 467//42 503//42 468//42
f 468//42 503//42 504//42
f 468//2 504//2 433//2
f 433//2 504//2 469//2
f 469//3 362//3 470//3
f 470//3 362//3 361//3
f 470//4 361//4 471//4
f 471//4 361//4 396//4
f 471//5 396//5 472//5
f 472//5 396//5 395//5
f 472//6 395//6 473//6
f 473//6 395//6 394//6
f 473//8 394//8 474//8
f 474//8 394//8 393//8
f 474//9 393//9 475//9
f 475//9 393//9 392//9
f 475//10 392//10 476//10
f 476//10 392//10 391//10
f 476//11 391//11 477//11
f 477//11 391//11 390//11
f 477//12 390//12 478//12
f 478//12 390//12 389//12
f 478//13 389//13 479//13
f 479//13 389//13 388//13
f 479//14 388//14 480//14
f 480//14 388//14 387//14
f 480//15 387//15 481//15
f 481//15 387//15 386//15
f 481//16 386//16 482//16
f 482//16 386//16 385//16
f 482//17 385//17 483//17
f 483//17 385//17 384//17
f 483//18 384//18 484//18
f 484//18 384//18 383//18
f 484//20 383//20 485//20
f 485//20 383//20 382//20
f 485//21 382//21 486//21
f 486//21 382//21 381//21
f 486//22 381//22 487//22
f 487//22 381//22 380//22
f 487//23 380//23 488//23
f 488//23 380//23 379//23
f 488//24 379//24 489//24
f 489//24 379//24 378//24
f 489//25 378//25 490//25
f 490//25 378//25 377//25
f 490//26 377//26 491//26
f 491//26 377//26 376//26
f 491//28 376//28 492//28
f 492//28 376//28 375//28
f 492//29 375//29 493//29
f 493//29 375//29 374//29
f 493//30 374//30 494//30
f 494//30 374//30 373//30
f 494//31 373//31 495//31
f 495//31 373//31 372//31
f 495//33 372//33 496//33
f 496//33 372//33 371//33
f 496//34 371//34 497//34
f 497//34 371//34 370//34
f 497//36 370//36 498//36
f 498//36 370//36 369//36
f 498//37 369//37 499//37
f 499//37 369//37 368//37
f 499//38 368//38 500//38
f 500//38 368//38 367//38
f 500//39 367//39 501//39
f 501//39 367//39 366//39
f 501//40 366//40 502//40
f 502//40 366//40 365//40
f 502//41 365//41 503//41
f 503//41 365//41 364//41
f 503//42 364//42 504//42
f 504//42 364//42 363//42
f 504//2 363//2 469//2
f 469//2 363//2 362//2
f 505//44 506//44 507//44
f 507//45 506//45 508//45
f 507//46 508//46 509//46
f 509//47 508//47 510//47
f 509//48 510//48 511//48
f 511//49 510//49 512//49
f 511//50 512//50 513//50
f 513//51 512//51 514//51
f 513//52 514//52 515//52
f 515//53 514//53 516//53
f 515//54 516//54 517//54
f 517//55 516//55 518//55
f 517//56 518//56 519//56
f 519//57 518//57 520//57
f 519//58 520//58 521//58
f 521//59 522//59 523//59
f 523//60 522//60 524//60
f 524//61 522//61 525//61
f 524//62 525//62 526//62
f 526//63 525//63 527//63
f 526//64 527//64 528//64
f 505//65 529//65 506//65
f 506//65 529//65 530//65
f 507//1 509//1 505//1
f 505//1 509//1 511//1
f 505//1 511//1 513//1
f 513//1 515//1 505//1
f 505//1 515//1 517//1
f 505//1 517//1 519//1
f 521//1 531//1 519//1
f 519//1 531//1 532//1
f 519//1 532//1 533//1
f 533//1 532//1 534//1
f 534//1 532//1 535//1
f 521//1 523//1 531//1
f 532//1 531//1 536//1
f 536//1 531//1 537//1
f 536//1 537//1 538//1
f 538//1 537//1 539//1
f 538//1 539//1 540//1
f 540//1 539//1 541//1
f 540//1 541//1 542//1
f 542//1 541//1 543//1
f 542//1 543//1 544//1
f 544//1 543//1 545//1
f 544//1 545//1 546//1
f 546//1 545//1 547//1
f 546//1 547//1 548//1
f 548//1 547//1 549//1
f 548//1 549//1 550//1
f 551//1 529//1 533//1
f 533//1 529//1 505//1
f 533//1 505//1 519//1
f 551//1 552//1 529//1
f 529//1 552//1 553//1
f 529//1 553//1 554//1
f 554//1 555//1 529//1
f 529//1 555//1 556//1
f 557//66 558//66 559//66
f 559//67 558//67 560//67
f 535//68 562//68 534//68
f 534//69 562//69 563//69
f 534//70 563//70 533//70
f 533//71 563//71 564//71
f 533//72 564//72 551//72
f 551//73 564//73 565//73
f 551//74 565//74 552//74
f 552//75 565//75 566//75
f 552//76 566//76 553//76
f 553//77 566//77 567//77
f 553//78 567//78 554//78
f 554//79 567//79 568//79
f 554//80 568//80 555//80
f 555//81 568//81 569//81
f 555//82 569//82 556//82
f 556//83 569//83 530//83
f 556//84 530//84 529//84
f 572//85 571//85 573//85
f 525//43 522//43 527//43
f 611//43 609//43 613//43
f 613//43 609//43 607//43
f 642//43 593//43 615//43
f 591//43 655//43 614//43
f 577//43 575//43 571//43
f 571//43 575//43 573//43
f 710//1 711//1 712//1
f 712//1 711//1 713//1
f 729//43 728//43 709//43
f 709//43 728//43 727//43
f 709//43 727//43 726//43
f 726//43 725//43 709//43
f 709//43 722//43 617//43
f 709//43 617//43 691//43
f 691//43 617//43 616//43
f 691//43 616//43 682//43
f 682//43 616//43 664//43
f 682//43 664//43 673//43
f 667//43 666//43 664//43
f 664//43 666//43 665//43
f 690//43 689//43 673//43
f 673//43 689//43 688//43
f 709//43 691//43 700//43
f 700//43 703//43 702//43
f 700//43 702//43 701//43
f 730//86 731//86 732//86
f 732//86 731//86 733//86
f 731//65 734//65 733//65
f 733//65 734//65 735//65
f 734//86 736//86 735//86
f 735//86 736//86 737//86
f 736//87 738//87 737//87
f 737//87 738//87 739//87
f 738//86 740//86 739//86
f 739//86 740//86 741//86
f 740//87 742//87 741//87
f 741//87 742//87 743//87
f 742//88 744//88 743//88
f 743//88 744//88 745//88
f 744//87 746//87 745//87
f 745//87 746//87 747//87
f 746//88 748//88 747//88
f 747//88 748//88 749//88
f 748//65 750//65 749//65
f 749//65 750//65 751//65
f 750//88 752//88 751//88
f 751//88 752//88 753//88
f 752//65 730//65 753//65
f 753//65 730//65 732//65
f 753//43 732//43 751//43
f 751//43 732//43 733//43
f 751//43 733//43 745//43
f 745//43 733//43 739//43
f 745//43 739//43 743//43
f 743//43 739//43 741//43
f 733//43 735//43 739//43
f 739//43 735//43 737//43
f 745//43 747//43 751//43
f 751//43 747//43 749//43
f 754//89 755//89 756//89
f 756//90 755//90 757//90
f 756//91 757//91 758//91
f 758//92 757//92 759//92
f 758//93 759//93 760//93
f 760//94 759//94 761//94
f 760//95 761//95 762//95
f 762//96 761//96 763//96
f 762//97 763//97 764//97
f 764//98 763//98 765//98
f 764//99 765//99 766//99
f 766//100 765//100 767//100
f 766//101 767//101 768//101
f 768//102 767//102 769//102
f 768//103 769//103 770//103
f 770//104 769//104 771//104
f 770//105 771//105 772//105
f 772//106 771//106 773//106
f 772//107 773//107 774//107
f 774//108 773//108 775//108
f 774//109 775//109 776//109
f 776//110 775//110 777//110
f 776//111 777//111 778//111
f 778//112 777//112 779//112
f 778//113 779//113 780//113
f 780//114 779//114 781//114
f 780//115 781//115 782//115
f 782//116 781//116 783//116
f 782//117 783//117 784//117
f 784//118 783//118 785//118
f 784//119 785//119 786//119
f 786//120 785//120 787//120
f 786//121 787//121 788//121
f 788//122 787//122 789//122
f 788//123 789//123 790//123
f 790//124 789//124 791//124
f 790//125 791//125 792//125
f 792//126 791//126 793//126
f 792//127 793//127 794//127
f 794//128 793//128 795//128
f 794//128 795//128 796//128
f 796//129 795//129 797//129
f 797//130 795//130 798//130
f 797//131 798//131 799//131
f 799//132 798//132 800//132
f 799//133 800//133 801//133
f 801//134 800//134 802//134
f 801//135 802//135 803//135
f 803//136 802//136 804//136
f 803//137 804//137 805//137
f 805//138 804//138 806//138
f 805//139 806//139 807//139
f 807//140 806//140 808//140
f 807//141 808//141 809//141
f 809//142 808//142 810//142
f 809//143 810//143 811//143
f 811//144 810//144 812//144
f 811//145 812//145 813//145
f 813//146 812//146 814//146
f 813//147 814//147 815//147
f 815//148 814//148 816//148
f 815//149 816//149 817//149
f 817//150 816//150 818//150
f 817//151 818//151 819//151
f 819//152 818//152 820//152
f 819//153 820//153 821//153
f 821//154 820//154 822//154
f 821//155 822//155 823//155
f 823//156 822//156 824//156
f 823//157 824//157 825//157
f 825//158 824//158 826//158
f 825//159 826//159 827//159
f 827//160 826//160 828//160
f 827//161 828//161 829//161
f 829//162 828//162 830//162
f 829//163 830//163 754//163
f 754//164 830//164 755//164
f 831//165 832//165 833//165
f 833//166 832//166 834//166
f 833//167 834//167 835//167
f 835//168 834//168 836//168
f 835//168 836//168 837//168
f 837//169 836//169 838//169
f 837//169 838//169 839//169
f 839//170 838//170 840//170
f 839//170 840//170 841//170
f 841//171 840//171 842//171
f 841//171 842//171 843//171
f 843//172 842//172 844//172
f 843//172 844//172 845//172
f 845//173 844//173 846//173
f 845//173 846//173 847//173
f 847//174 846//174 775//174
f 847//174 775//174 773//174
f 832//175 831//175 848//175
f 848//176 831//176 849//176
f 848//177 849//177 850//177
f 850//178 849//178 851//178
f 850//179 851//179 852//179
f 852//180 851//180 853//180
f 852//181 853//181 854//181
f 854//182 853//182 855//182
f 854//183 855//183 856//183
f 856//184 855//184 857//184
f 856//185 857//185 858//185
f 858//186 857//186 859//186
f 858//187 859//187 860//187
f 860//188 859//188 861//188
f 860//189 861//189 862//189
f 862//190 861//190 863//190
f 862//191 863//191 864//191
f 864//192 863//192 865//192
f 864//193 865//193 866//193
f 866//194 865//194 867//194
f 866//195 867//195 868//195
f 868//196 867//196 869//196
f 868//197 869//197 870//197
f 870//198 869//198 871//198
f 870//199 871//199 872//199
f 872//200 871//200 873//200
f 872//201 873//201 874//201
f 874//202 873//202 875//202
f 874//203 875//203 876//203
f 876//204 875//204 877//204
f 876//205 877//205 878//205
f 878//206 877//206 879//206
f 878//207 879//207 880//207
f 880//208 879//208 881//208
f 880//209 881//209 882//209
f 882//210 881//210 883//210
f 882//211 883//211 884//211
f 884//212 883//212 885//212
f 884//213 885//213 886//213
f 886//214 885//214 887//214
f 886//215 887//215 888//215
f 888//216 887//216 889//216
f 888//217 889//217 890//217
f 890//218 889//218 891//218
f 890//219 891//219 892//219
f 892//220 891//220 893//220
f 892//221 893//221 894//221
f 894//222 893//222 895//222
f 894//223 895//223 828//223
f 828//224 895//224 830//224
f 881//225 896//225 883//225
f 883//226 896//226 897//226
f 883//212 897//212 885//212
f 885//227 897//227 898//227
f 885//214 898//214 887//214
f 887//228 898//228 899//228
f 887//229 899//229 889//229
f 889//230 899//230 900//230
f 889//218 900//218 891//218
f 891//231 900//231 901//231
f 891//232 901//232 893//232
f 893//233 901//233 902//233
f 893//222 902//222 895//222
f 895//234 902//234 903//234
f 895//224 903//224 830//224
f 830//235 903//235 755//235
f 896//236 904//236 897//236
f 897//237 904//237 905//237
f 897//227 905//227 898//227
f 898//238 905//238 906//238
f 898//228 906//228 899//228
f 899//239 906//239 907//239
f 899//230 907//230 900//230
f 900//240 907//240 908//240
f 900//241 908//241 901//241
f 901//242 908//242 909//242
f 901//233 909//233 902//233
f 902//243 909//243 910//243
f 902//234 910//234 903//234
f 903//244 910//244 911//244
f 903//235 911//235 755//235
f 755//245 911//245 757//245
f 904//246 912//246 905//246
f 905//247 912//247 913//247
f 905//238 913//238 906//238
f 906//248 913//248 914//248
f 906//239 914//239 907//239
f 907//249 914//249 915//249
f 907//250 915//250 908//250
f 908//251 915//251 916//251
f 908//242 916//242 909//242
f 909//252 916//252 917//252
f 909//243 917//243 910//243
f 910//253 917//253 918//253
f 910//244 918//244 911//244
f 911//254 918//254 919//254
f 911//245 919//245 757//245
f 757//255 919//255 759//255
f 912//256 920//256 913//256
f 913//257 920//257 921//257
f 913//258 921//258 914//258
f 914//259 921//259 922//259
f 914//249 922//249 915//249
f 915//260 922//260 923//260
f 915//251 923//251 916//251
f 916//261 923//261 924//261
f 916//262 924//262 917//262
f 917//263 924//263 925//263
f 917//264 925//264 918//264
f 918//265 925//265 926//265
f 918//254 926//254 919//254
f 919//266 926//266 927//266
f 919//255 927//255 759//255
f 759//267 927//267 761//267
f 920//268 928//268 921//268
f 921//269 928//269 929//269
f 921//259 929//259 922//259
f 922//270 929//270 930//270
f 922//260 930//260 923//260
f 923//271 930//271 931//271
f 923//261 931//261 924//261
f 924//272 931//272 932//272
f 924//273 932//273 925//273
f 925//274 932//274 933//274
f 925//275 933//275 926//275
f 926//276 933//276 934//276
f 926//266 934//266 927//266
f 927//277 934//277 935//277
f 927//267 935//267 761//267
f 761//278 935//278 763//278
f 928//279 936//279 929//279
f 929//280 936//280 937//280
f 929//281 937//281 930//281
f 930//282 937//282 938//282
f 930//271 938//271 931//271
f 931//283 938//283 939//283
f 931//284 939//284 932//284
f 932//285 939//285 940//285
f 932//286 940//286 933//286
f 933//287 940//287 941//287
f 933//288 941//288 934//288
f 934//289 941//289 942//289
f 934//290 942//290 935//290
f 935//291 942//291 943//291
f 935//278 943//278 763//278
f 763//292 943//292 765//292
f 936//293 944//293 937//293
f 937//294 944//294 945//294
f 937//282 945//282 938//282
f 938//295 945//295 946//295
f 938//283 946//283 939//283
f 939//296 946//296 947//296
f 939//285 947//285 940//285
f 940//297 947//297 948//297
f 940//298 948//298 941//298
f 941//299 948//299 949//299
f 941//300 949//300 942//300
f 942//301 949//301 950//301
f 942//291 950//291 943//291
f 943//302 950//302 951//302
f 943//292 951//292 765//292
f 765//303 951//303 767//303
f 944//304 952//304 945//304
f 945//305 952//305 953//305
f 945//306 953//306 946//306
f 946//307 953//307 954//307
f 946//296 954//296 947//296
f 947//308 954//308 955//308
f 947//309 955//309 948//309
f 948//310 955//310 956//310
f 948//311 956//311 949//311
f 949//312 956//312 957//312
f 949//301 957//301 950//301
f 950//313 957//313 958//313
f 950//314 958//314 951//314
f 951//315 958//315 959//315
f 951//303 959//303 767//303
f 767//316 959//316 769//316
f 952//317 960//317 953//317
f 953//318 960//318 961//318
f 953//307 961//307 954//307
f 954//319 961//319 962//319
f 954//308 962//308 955//308
f 955//320 962//320 963//320
f 955//310 963//310 956//310
f 956//321 963//321 964//321
f 956//322 964//322 957//322
f 957//323 964//323 965//323
f 957//324 965//324 958//324
f 958//325 965//325 966//325
f 958//315 966//315 959//315
f 959//326 966//326 967//326
f 959//316 967//316 769//316
f 769//327 967//327 771//327
f 960//328 968//328 961//328
f 961//329 968//329 969//329
f 961//319 969//319 962//319
f 962//330 969//330 970//330
f 962//320 970//320 963//320
f 963//331 970//331 971//331
f 963//321 971//321 964//321
f 964//332 971//332 972//332
f 964//333 972//333 965//333
f 965//334 972//334 973//334
f 965//335 973//335 966//335
f 966//336 973//336 974//336
f 966//326 974//326 967//326
f 967//337 974//337 975//337
f 967//327 975//327 771//327
f 771//338 975//338 773//338
f 968//339 976//339 969//339
f 969//340 976//340 977//340
f 969//330 977//330 970//330
f 970//341 977//341 978//341
f 970//331 978//331 971//331
f 971//342 978//342 979//342
f 971//332 979//332 972//332
f 972//343 979//343 980//343
f 972//344 980//344 973//344
f 973//345 980//345 981//345
f 973//346 981//346 974//346
f 974//347 981//347 982//347
f 974//337 982//337 975//337
f 975//348 982//348 847//348
f 975//338 847//338 773//338
f 976//349 983//349 977//349
f 977//350 983//350 984//350
f 977//351 984//351 978//351
f 978//352 984//352 985//352
f 978//342 985//342 979//342
f 979//353 985//353 986//353
f 979//343 986//343 980//343
f 980//354 986//354 987//354
f 980//345 987//345 981//345
f 981//355 987//355 988//355
f 981//347 988//347 982//347
f 982//356 988//356 845//356
f 982//348 845//348 847//348
f 983//357 989//357 984//357
f 984//358 989//358 990//358
f 984//352 990//352 985//352
f 985//359 990//359 991//359
f 985//360 991//360 986//360
f 986//361 991//361 992//361
f 986//354 992//354 987//354
f 987//362 992//362 993//362
f 987//355 993//355 988//355
f 988//363 993//363 843//363
f 988//356 843//356 845//356
f 989//364 994//364 990//364
f 990//365 994//365 995//365
f 990//366 995//366 991//366
f 991//367 995//367 996//367
f 991//361 996//361 992//361
f 992//368 996//368 997//368
f 992//362 997//362 993//362
f 993//369 997//369 841//369
f 993//363 841//363 843//363
f 994//370 998//370 995//370
f 995//371 998//371 999//371
f 995//367 999//367 996//367
f 996//372 999//372 1000//372
f 996//373 1000//373 997//373
f 997//374 1000//374 839//374
f 997//369 839//369 841//369
f 998//375 1001//375 999//375
f 999//376 1001//376 1002//376
f 999//372 1002//372 1000//372
f 1000//377 1002//377 837//377
f 1000//374 837//374 839//374
f 1001//378 1003//378 1002//378
f 1002//379 1003//379 835//379
f 1002//380 835//380 837//380
f 1003//381 833//381 835//381
f 775//382 846//382 777//382
f 777//382 846//382 1004//382
f 777//383 1004//383 779//383
f 779//383 1004//383 1005//383
f 779//384 1005//384 781//384
f 781//384 1005//384 1006//384
f 781//385 1006//385 783//385
f 783//386 1006//386 1007//386
f 783//387 1007//387 785//387
f 785//387 1007//387 1008//387
f 785//388 1008//388 787//388
f 787//388 1008//388 1009//388
f 787//389 1009//389 789//389
f 789//389 1009//389 1010//389
f 789//390 1010//390 791//390
f 791//390 1010//390 1011//390
f 791//391 1011//391 793//391
f 793//391 1011//391 1012//391
f 793//392 1012//392 795//392
f 795//392 1012//392 1013//392
f 795//393 1013//393 798//393
f 798//393 1013//393 1014//393
f 798//394 1014//394 800//394
f 800//394 1014//394 1015//394
f 800//395 1015//395 802//395
f 802//395 1015//395 1016//395
f 802//396 1016//396 804//396
f 804//396 1016//396 1017//396
f 804//397 1017//397 806//397
f 806//398 1017//398 1018//398
f 806//399 1018//399 808//399
f 808//399 1018//399 1019//399
f 808//400 1019//400 810//400
f 810//400 1019//400 1020//400
f 810//401 1020//401 812//401
f 812//401 1020//401 1021//401
f 812//402 1021//402 814//402
f 814//402 1021//402 1022//402
f 814//403 1022//403 816//403
f 816//403 1022//403 1023//403
f 816//404 1023//404 818//404
f 818//404 1023//404 1024//404
f 818//405 1024//405 820//405
f 820//405 1024//405 1025//405
f 820//406 1025//406 822//406
f 822//406 1025//406 1026//406
f 822//407 1026//407 824//407
f 824//408 1026//408 1027//408
f 824//409 1027//409 826//409
f 826//409 1027//409 894//409
f 826//410 894//410 828//410
f 846//411 844//411 1004//411
f 1004//411 844//411 1028//411
f 1004//412 1028//412 1005//412
f 1005//412 1028//412 1029//412
f 1005//413 1029//413 1006//413
f 1006//413 1029//413 1030//413
f 1006//414 1030//414 1007//414
f 1007//414 1030//414 1031//414
f 1007//415 1031//415 1008//415
f 1008//415 1031//415 1032//415
f 1008//416 1032//416 1009//416
f 1009//417 1032//417 1033//417
f 1009//418 1033//418 1010//418
f 1010//419 1033//419 1034//419
f 1010//420 1034//420 1011//420
f 1011//420 1034//420 1035//420
f 1011//421 1035//421 1012//421
f 1012//421 1035//421 1036//421
f 1012//422 1036//422 1013//422
f 1013//422 1036//422 1037//422
f 1013//423 1037//423 1014//423
f 1014//423 1037//423 1038//423
f 1014//424 1038//424 1015//424
f 1015//425 1038//425 1039//425
f 1015//426 1039//426 1016//426
f 1016//426 1039//426 1040//426
f 1016//427 1040//427 1017//427
f 1017//428 1040//428 1041//428
f 1017//429 1041//429 1018//429
f 1018//429 1041//429 1042//429
f 1018//430 1042//430 1019//430
f 1019//430 1042//430 1043//430
f 1019//431 1043//431 1020//431
f 1020//431 1043//431 1044//431
f 1020//432 1044//432 1021//432
f 1021//432 1044//432 1045//432
f 1021//433 1045//433 1022//433
f 1022//433 1045//433 1046//433
f 1022//434 1046//434 1023//434
f 1023//434 1046//434 1047//434
f 1023//435 1047//435 1024//435
f 1024//436 1047//436 1048//436
f 1024//437 1048//437 1025//437
f 1025//437 1048//437 1049//437
f 1025//438 1049//438 1026//438
f 1026//438 1049//438 1050//438
f 1026//439 1050//439 1027//439
f 1027//439 1050//439 892//439
f 1027//440 892//440 894//440
f 844//441 842//441 1028//441
f 1028//441 842//441 1051//441
f 1028//442 1051//442 1029//442
f 1029//442 1051//442 1052//442
f 1029//443 1052//443 1030//443
f 1030//443 1052//443 1053//443
f 1030//444 1053//444 1031//444
f 1031//444 1053//444 1054//444
f 1031//445 1054//445 1032//445
f 1032//445 1054//445 1055//445
f 1032//446 1055//446 1033//446
f 1033//447 1055//447 1056//447
f 1033//448 1056//448 1034//448
f 1034//448 1056//448 1057//448
f 1034//449 1057//449 1035//449
f 1035//449 1057//449 1058//449
f 1035//450 1058//450 1036//450
f 1036//451 1058//451 1059//451
f 1036//452 1059//452 1037//452
f 1037//453 1059//453 1060//453
f 1037//454 1060//454 1038//454
f 1038//455 1060//455 1061//455
f 1038//456 1061//456 1039//456
f 1039//456 1061//456 1062//456
f 1039//457 1062//457 1040//457
f 1040//457 1062//457 1063//457
f 1040//458 1063//458 1041//458
f 1041//459 1063//459 1064//459
f 1041//460 1064//460 1042//460
f 1042//461 1064//461 1065//461
f 1042//462 1065//462 1043//462
f 1043//462 1065//462 1066//462
f 1043//463 1066//463 1044//463
f 1044//463 1066//463 1067//463
f 1044//464 1067//464 1045//464
f 1045//465 1067//465 1068//465
f 1045//466 1068//466 1046//466
f 1046//467 1068//467 1069//467
f 1046//468 1069//468 1047//468
f 1047//468 1069//468 1070//468
f 1047//469 1070//469 1048//469
f 1048//469 1070//469 1071//469
f 1048//470 1071//470 1049//470
f 1049//470 1071//470 1072//470
f 1049//471 1072//471 1050//471
f 1050//471 1072//471 890//471
f 1050//472 890//472 892//472
f 842//473 840//473 1051//473
f 1051//473 840//473 1073//473
f 1051//474 1073//474 1052//474
f 1052//475 1073//475 1074//475
f 1052//476 1074//476 1053//476
f 1053//476 1074//476 1075//476
f 1053//477 1075//477 1054//477
f 1054//477 1075//477 1076//477
f 1054//478 1076//478 1055//478
f 1055//479 1076//479 1077//479
f 1055//480 1077//480 1056//480
f 1056//480 1077//480 1078//480
f 1056//481 1078//481 1057//481
f 1057//481 1078//481 1079//481
f 1057//482 1079//482 1058//482
f 1058//483 1079//483 1080//483
f 1058//484 1080//484 1059//484
f 1059//485 1080//485 1081//485
f 1059//486 1081//486 1060//486
f 1060//486 1081//486 1082//486
f 1060//487 1082//487 1061//487
f 1061//487 1082//487 1083//487
f 1061//488 1083//488 1062//488
f 1062//489 1083//489 1084//489
f 1062//490 1084//490 1063//490
f 1063//490 1084//490 1085//490
f 1063//491 1085//491 1064//491
f 1064//492 1085//492 1086//492
f 1064//493 1086//493 1065//493
f 1065//493 1086//493 1087//493
f 1065//494 1087//494 1066//494
f 1066//494 1087//494 1088//494
f 1066//495 1088//495 1067//495
f 1067//496 1088//496 1089//496
f 1067//497 1089//497 1068//497
f 1068//497 1089//497 1090//497
f 1068//498 1090//498 1069//498
f 1069//498 1090//498 1091//498
f 1069//499 1091//499 1070//499
f 1070//499 1091//499 1092//499
f 1070//500 1092//500 1071//500
f 1071//501 1092//501 1093//501
f 1071//502 1093//502 1072//502
f 1072//502 1093//502 888//502
f 1072//217 888//217 890//217
f 840//503 838//503 1073//503
f 1073//503 838//503 1094//503
f 1073//504 1094//504 1074//504
f 1074//504 1094//504 1095//504
f 1074//505 1095//505 1075//505
f 1075//506 1095//506 1096//506
f 1075//507 1096//507 1076//507
f 1076//507 1096//507 1097//507
f 1076//508 1097//508 1077//508
f 1077//508 1097//508 1098//508
f 1077//509 1098//509 1078//509
f 1078//510 1098//510 1099//510
f 1078//511 1099//511 1079//511
f 1079//511 1099//511 1100//511
f 1079//512 1100//512 1080//512
f 1080//513 1100//513 1101//513
f 1080//514 1101//514 1081//514
f 1081//514 1101//514 1102//514
f 1081//515 1102//515 1082//515
f 1082//515 1102//515 1103//515
f 1082//516 1103//516 1083//516
f 1083//517 1103//517 1104//517
f 1083//518 1104//518 1084//518
f 1084//518 1104//518 1105//518
f 1084//519 1105//519 1085//519
f 1085//519 1105//519 1106//519
f 1085//520 1106//520 1086//520
f 1086//520 1106//520 1107//520
f 1086//521 1107//521 1087//521
f 1087//522 1107//522 1108//522
f 1087//523 1108//523 1088//523
f 1088//524 1108//524 1109//524
f 1088//525 1109//525 1089//525
f 1089//525 1109//525 1110//525
f 1089//526 1110//526 1090//526
f 1090//526 1110//526 1111//526
f 1090//527 1111//527 1091//527
f 1091//527 1111//527 1112//527
f 1091//528 1112//528 1092//528
f 1092//528 1112//528 1113//528
f 1092//529 1113//529 1093//529
f 1093//529 1113//529 886//529
f 1093//215 886//215 888//215
f 838//530 836//530 1094//530
f 1094//530 836//530 1114//530
f 1094//531 1114//531 1095//531
f 1095//531 1114//531 1115//531
f 1095//532 1115//532 1096//532
f 1096//532 1115//532 1116//532
f 1096//533 1116//533 1097//533
f 1097//533 1116//533 1117//533
f 1097//534 1117//534 1098//534
f 1098//534 1117//534 1118//534
f 1098//535 1118//535 1099//535
f 1099//535 1118//535 1119//535
f 1099//536 1119//536 1100//536
f 1100//536 1119//536 1120//536
f 1100//537 1120//537 1101//537
f 1101//537 1120//537 1121//537
f 1101//538 1121//538 1102//538
f 1102//538 1121//538 1122//538
f 1102//539 1122//539 1103//539
f 1103//540 1122//540 1123//540
f 1103//541 1123//541 1104//541
f 1104//541 1123//541 1124//541
f 1104//542 1124//542 1105//542
f 1105//542 1124//542 1125//542
f 1105//543 1125//543 1106//543
f 1106//543 1125//543 1126//543
f 1106//544 1126//544 1107//544
f 1107//544 1126//544 1127//544
f 1107//545 1127//545 1108//545
f 1108//546 1127//546 1128//546
f 1108//547 1128//547 1109//547
f 1109//547 1128//547 1129//547
f 1109//548 1129//548 1110//548
f 1110//549 1129//549 1130//549
f 1110//550 1130//550 1111//550
f 1111//550 1130//550 1131//550
f 1111//551 1131//551 1112//551
f 1112//551 1131//551 1132//551
f 1112//552 1132//552 1113//552
f 1113//552 1132//552 884//552
f 1113//213 884//213 886//213
f 836//553 834//553 1114//553
f 1114//553 834//553 832//553
f 1114//554 832//554 1115//554
f 1115//554 832//554 848//554
f 1115//555 848//555 1116//555
f 1116//555 848//555 850//555
f 1116//556 850//556 1117//556
f 1117//556 850//556 852//556
f 1117//557 852//557 1118//557
f 1118//558 852//558 854//558
f 1118//559 854//559 1119//559
f 1119//560 854//560 856//560
f 1119//561 856//561 1120//561
f 1120//562 856//562 858//562
f 1120//563 858//563 1121//563
f 1121//564 858//564 860//564
f 1121//565 860//565 1122//565
f 1122//565 860//565 862//565
f 1122//566 862//566 1123//566
f 1123//567 862//567 864//567
f 1123//568 864//568 1124//568
f 1124//568 864//568 866//568
f 1124//569 866//569 1125//569
f 1125//569 866//569 868//569
f 1125//570 868//570 1126//570
f 1126//570 868//570 870//570
f 1126//571 870//571 1127//571
f 1127//572 870//572 872//572
f 1127//573 872//573 1128//573
f 1128//574 872//574 874//574
f 1128//575 874//575 1129//575
f 1129//575 874//575 876//575
f 1129//576 876//576 1130//576
f 1130//576 876//576 878//576
f 1130//577 878//577 1131//577
f 1131//577 878//577 880//577
f 1131//578 880//578 1132//578
f 1132//578 880//578 882//578
f 1132//211 882//211 884//211
f 1133//579 754//579 1134//579
f 1134//579 754//579 756//579
f 1134//580 756//580 1135//580
f 1135//580 756//580 758//580
f 1135//581 758//581 760//581
f 1133//582 1136//582 754//582
f 754//582 1136//582 829//582
f 829//583 1136//583 1137//583
f 829//583 1137//583 827//583
f 827//584 1137//584 1138//584
f 827//584 1138//584 825//584
f 825//585 1138//585 1139//585
f 825//585 1139//585 823//585
f 823//586 1139//586 1140//586
f 823//586 1140//586 821//586
f 821//587 1140//587 1141//587
f 821//587 1141//587 819//587
f 819//588 1141//588 1142//588
f 819//588 1142//588 817//588
f 817//589 1142//589 1143//589
f 817//589 1143//589 815//589
f 815//590 1143//590 1144//590
f 815//590 1144//590 813//590
f 813//591 1144//591 1145//591
f 813//591 1145//591 811//591
f 811//592 1145//592 1146//592
f 811//592 1146//592 809//592
f 809//593 1146//593 1147//593
f 809//593 1147//593 807//593
f 807//594 1147//594 1148//594
f 807//594 1148//594 805//594
f 805//595 1148//595 1149//595
f 805//595 1149//595 803//595
f 803//596 1149//596 1150//596
f 803//596 1150//596 801//596
f 801//597 1150//597 1151//597
f 801//597 1151//597 799//597
f 799//598 1151//598 1152//598
f 799//598 1152//598 797//598
f 797//599 1152//599 1153//599
f 797//600 1153//600 796//600
f 796//65 1153//65 1154//65
f 796//65 1154//65 794//65
f 794//601 1154//601 1155//601
f 794//602 1155//602 792//602
f 792//603 1155//603 1156//603
f 792//603 1156//603 790//603
f 790//604 1156//604 1157//604
f 790//604 1157//604 788//604
f 788//605 1157//605 1158//605
f 788//605 1158//605 786//605
f 786//606 1158//606 1159//606
f 786//606 1159//606 784//606
f 784//607 1159//607 1160//607
f 784//607 1160//607 782//607
f 782//608 1160//608 1161//608
f 782//608 1161//608 780//608
f 780//609 1161//609 1162//609
f 780//609 1162//609 778//609
f 778//610 1162//610 1163//610
f 778//610 1163//610 776//610
f 776//611 1163//611 1164//611
f 776//611 1164//611 774//611
f 774//612 1164//612 1165//612
f 774//612 1165//612 772//612
f 772//613 1165//613 1166//613
f 772//613 1166//613 770//613
f 770//614 1166//614 1167//614
f 770//614 1167//614 768//614
f 768//615 1167//615 1168//615
f 768//615 1168//615 766//615
f 766//616 1168//616 1169//616
f 766//616 1169//616 764//616
f 764//617 1169//617 1170//617
f 764//617 1170//617 762//617
f 762//618 1170//618 1171//618
f 762//618 1171//618 760//618
f 760//581 1171//581 1135//581
f 1003//43 748//43 833//43
f 833//43 748//43 746//43
f 833//43 746//43 831//43
f 831//43 746//43 849//43
f 849//43 746//43 851//43
f 851//43 746//43 853//43
f 853//43 746//43 855//43
f 855//43 746//43 742//43
f 855//43 742//43 857//43
f 857//43 742//43 859//43
f 859//43 742//43 861//43
f 861//43 742//43 863//43
f 863//43 742//43 740//43
f 863//43 740//43 865//43
f 865//43 740//43 867//43
f 867//43 740//43 869//43
f 869//43 740//43 871//43
f 871//43 740//43 736//43
f 871//43 736//43 873//43
f 873//43 736//43 875//43
f 875//43 736//43 877//43
f 877//43 736//43 879//43
f 879//43 736//43 881//43
f 881//43 736//43 734//43
f 881//43 734//43 896//43
f 896//43 734//43 904//43
f 904//43 734//43 912//43
f 912//43 734//43 920//43
f 920//43 734//43 928//43
f 928//43 734//43 730//43
f 928//43 730//43 936//43
f 936//43 730//43 944//43
f 944//43 730//43 952//43
f 952//43 730//43 960//43
f 960//43 730//43 752//43
f 960//43 752//43 968//43
f 968//43 752//43 976//43
f 976//43 752//43 983//43
f 983//43 752//43 989//43
f 989//43 752//43 748//43
f 989//43 748//43 994//43
f 994//43 748//43 998//43
f 998//43 748//43 1001//43
f 1001//43 748//43 1003//43
f 731//43 730//43 734//43
f 752//43 750//43 748//43
f 746//43 744//43 742//43
f 740//43 738//43 736//43
f 1172//619 1173//619 1174//619
f 1174//620 1173//620 1175//620
f 1174//621 1175//621 1176//621
f 1176//622 1175//622 1177//622
f 1178//623 1177//623 1179//623
f 1178//624 1179//624 1180//624
f 1180//625 1179//625 1181//625
f 1180//626 1181//626 1182//626
f 1182//627 1183//627 1184//627
f 1225//628 1224//628 1226//628
f 1227//629 1226//629 1228//629
f 1227//630 1228//630 1229//630
f 1231//631 1230//631 1232//631
f 1233//632 1232//632 1234//632
f 1235//633 1234//633 1236//633
f 1239//634 1240//634 1241//634
f 1280//635 1281//635 1282//635
f 1282//636 1281//636 1283//636
f 1282//637 1283//637 1284//637
f 1284//638 1283//638 1285//638
f 1284//639 1285//639 1172//639
f 1384//640 1383//640 1351//640
f 1535//641 1534//641 1536//641
f 1586//642 1585//642 1587//642
f 1586//643 1587//643 1588//643
f 1588//644 1587//644 1589//644
f 1588//645 1589//645 1590//645
f 1592//646 1591//646 1593//646
f 1594//647 1593//647 1595//647
f 1643//648 1644//648 1645//648
f 1645//649 1644//649 1646//649
f 1645//650 1646//650 1533//650
f 1384//651 1730//651 1378//651
f 1731//652 1732//652 1733//652
f 1733//653 1732//653 1734//653
f 1733//654 1734//654 1735//654
f 1735//655 1734//655 1736//655
f 1782//656 1783//656 1784//656
f 1786//657 1785//657 1787//657
f 1786//658 1787//658 1788//658
f 1788//659 1789//659 1790//659
f 1790//660 1789//660 1791//660
f 1790//661 1791//661 1792//661
f 1792//662 1791//662 1793//662
f 1792//663 1793//663 1794//663
f 1794//664 1793//664 1795//664
f 1796//665 1795//665 1797//665
f 1796//666 1797//666 1798//666
f 1798//667 1799//667 1800//667
f 1814//668 1813//668 1815//668
f 1814//669 1815//669 1816//669
f 1816//670 1815//670 1817//670
f 1816//671 1817//671 1818//671
f 1816//672 1818//672 1819//672
f 1819//673 1818//673 1820//673
f 1819//674 1820//674 1821//674
f 1821//675 1820//675 1822//675
f 1821//676 1822//676 1823//676
f 1823//677 1822//677 1824//677
f 1823//678 1824//678 1825//678
f 1825//679 1824//679 1826//679
f 1825//680 1826//680 1827//680
f 1825//681 1827//681 1828//681
f 1828//682 1827//682 1829//682
f 1828//683 1829//683 1830//683
f 1830//684 1829//684 1831//684
f 1830//685 1831//685 1832//685
f 1832//686 1831//686 1833//686
f 1832//687 1833//687 1834//687
f 1834//688 1833//688 1835//688
f 1834//689 1835//689 1836//689
f 1834//690 1836//690 1837//690
f 1837//691 1836//691 1838//691
f 1837//692 1838//692 1839//692
f 1839//693 1838//693 1840//693
f 1839//694 1840//694 1841//694
f 1841//695 1840//695 1842//695
f 1841//696 1842//696 1843//696
f 1843//697 1842//697 1844//697
f 1843//698 1844//698 1731//698
f 2023//43 1969//43 2024//43
f 2024//43 1969//43 2025//43
f 2047//88 2048//88 2049//88
f 2049//88 2048//88 2050//88
f 2048//43 2051//43 2050//43
f 2050//43 2051//43 2052//43
f 2051//86 2053//86 2052//86
f 2052//86 2053//86 2054//86
f 2053//1 2047//1 2054//1
f 2054//1 2047//1 2049//1
f 2054//87 2049//87 2052//87
f 2052//87 2049//87 2050//87
f 2055//699 2056//699 2057//699
f 2057//699 2056//699 2058//699
f 2057//700 2058//700 2059//700
f 2059//700 2058//700 2060//700
f 2059//701 2060//701 2061//701
f 2061//701 2060//701 2062//701
f 2061//702 2062//702 2063//702
f 2063//702 2062//702 2064//702
f 2063//703 2064//703 2065//703
f 2065//703 2064//703 2066//703
f 2065//704 2066//704 2067//704
f 2067//704 2066//704 2068//704
f 2067//705 2068//705 2069//705
f 2069//706 2068//706 2070//706
f 2069//707 2070//707 2071//707
f 2071//707 2070//707 2072//707
f 2071//708 2072//708 2073//708
f 2073//708 2072//708 2074//708
f 2073//709 2074//709 2075//709
f 2075//709 2074//709 2076//709
f 2075//710 2076//710 2077//710
f 2077//710 2076//710 2078//710
f 2077//711 2078//711 2079//711
f 2079//711 2078//711 2080//711
f 2079//712 2080//712 2081//712
f 2081//712 2080//712 2082//712
f 2081//713 2082//713 2083//713
f 2083//714 2082//714 2084//714
f 2083//715 2084//715 2085//715
f 2085//715 2084//715 2086//715
f 2085//716 2086//716 2087//716
f 2087//716 2086//716 2088//716
f 2087//717 2088//717 2089//717
f 2089//717 2088//717 2090//717
f 2089//718 2090//718 2091//718
f 2091//718 2090//718 2092//718
f 2091//719 2092//719 2093//719
f 2093//719 2092//719 2094//719
f 2093//720 2094//720 2095//720
f 2095//720 2094//720 2096//720
f 2095//721 2096//721 2097//721
f 2097//721 2096//721 2098//721
f 2097//722 2098//722 2099//722
f 2099//722 2098//722 2100//722
f 2099//723 2100//723 2101//723
f 2101//723 2100//723 2102//723
f 2101//724 2102//724 2103//724
f 2103//724 2102//724 2104//724
f 2103//725 2104//725 2105//725
f 2105//726 2104//726 2106//726
f 2105//727 2106//727 2107//727
f 2107//727 2106//727 2108//727
f 2107//728 2108//728 2109//728
f 2109//728 2108//728 2110//728
f 2109//729 2110//729 2111//729
f 2111//729 2110//729 2112//729
f 2111//730 2112//730 2113//730
f 2113//730 2112//730 2114//730
f 2113//731 2114//731 2115//731
f 2115//731 2114//731 2116//731
f 2115//732 2116//732 2117//732
f 2117//732 2116//732 2118//732
f 2117//733 2118//733 2119//733
f 2119//734 2118//734 2120//734
f 2119//735 2120//735 2121//735
f 2121//735 2120//735 2122//735
f 2121//736 2122//736 2123//736
f 2123//736 2122//736 2124//736
f 2123//737 2124//737 2125//737
f 2125//737 2124//737 2126//737
f 2125//738 2126//738 2055//738
f 2055//738 2126//738 2056//738
f 2127//700 2128//700 2129//700
f 2129//700 2128//700 2130//700
f 2129//699 2130//699 2131//699
f 2131//699 2130//699 2132//699
f 2131//738 2132//738 2133//738
f 2133//738 2132//738 2134//738
f 2133//737 2134//737 2135//737
f 2135//737 2134//737 2136//737
f 2135//736 2136//736 2137//736
f 2137//736 2136//736 2138//736
f 2137//735 2138//735 2139//735
f 2139//735 2138//735 2140//735
f 2139//734 2140//734 2141//734
f 2141//733 2140//733 2142//733
f 2141//732 2142//732 2143//732
f 2143//732 2142//732 2144//732
f 2143//731 2144//731 2145//731
f 2145//731 2144//731 2146//731
f 2145//739 2146//739 2147//739
f 2147//730 2146//730 2148//730
f 2147//729 2148//729 2149//729
f 2149//740 2148//740 2150//740
f 2149//728 2150//728 2151//728
f 2151//728 2150//728 2152//728
f 2151//727 2152//727 2153//727
f 2153//727 2152//727 2154//727
f 2153//726 2154//726 2155//726
f 2155//725 2154//725 2156//725
f 2155//724 2156//724 2157//724
f 2157//724 2156//724 2158//724
f 2157//723 2158//723 2159//723
f 2159//723 2158//723 2160//723
f 2159//722 2160//722 2161//722
f 2161//722 2160//722 2162//722
f 2161//721 2162//721 2163//721
f 2163//721 2162//721 2164//721
f 2163//720 2164//720 2165//720
f 2165//720 2164//720 2166//720
f 2165//719 2166//719 2167//719
f 2167//719 2166//719 2168//719
f 2167//718 2168//718 2169//718
f 2169//718 2168//718 2170//718
f 2169//717 2170//717 2171//717
f 2171//717 2170//717 2172//717
f 2171//716 2172//716 2173//716
f 2173//716 2172//716 2174//716
f 2173//715 2174//715 2175//715
f 2175//715 2174//715 2176//715
f 2175//714 2176//714 2177//714
f 2177//714 2176//714 2178//714
f 2177//712 2178//712 2179//712
f 2179//712 2178//712 2180//712
f 2179//711 2180//711 2181//711
f 2181//711 2180//711 2182//711
f 2181//710 2182//710 2183//710
f 2183//710 2182//710 2184//710
f 2183//709 2184//709 2185//709
f 2185//709 2184//709 2186//709
f 2185//708 2186//708 2187//708
f 2187//708 2186//708 2188//708
f 2187//707 2188//707 2189//707
f 2189//707 2188//707 2190//707
f 2189//705 2190//705 2191//705
f 2191//705 2190//705 2192//705
f 2191//704 2192//704 2193//704
f 2193//704 2192//704 2194//704
f 2193//703 2194//703 2195//703
f 2195//703 2194//703 2196//703
f 2195//702 2196//702 2197//702
f 2197//702 2196//702 2198//702
f 2197//701 2198//701 2127//701
f 2127//701 2198//701 2128//701
f 2058//700 2199//700 2060//700
f 2060//700 2199//700 2200//700
f 2060//701 2200//701 2062//701
f 2062//701 2200//701 2201//701
f 2062//702 2201//702 2064//702
f 2064//702 2201//702 2202//702
f 2064//703 2202//703 2066//703
f 2066//703 2202//703 2203//703
f 2066//704 2203//704 2068//704
f 2068//704 2203//704 2204//704
f 2068//705 2204//705 2070//705
f 2070//705 2204//705 2205//705
f 2070//707 2205//707 2072//707
f 2072//707 2205//707 2206//707
f 2072//708 2206//708 2074//708
f 2074//708 2206//708 2207//708
f 2074//709 2207//709 2076//709
f 2076//709 2207//709 2208//709
f 2076//710 2208//710 2078//710
f 2078//710 2208//710 2209//710
f 2078//711 2209//711 2080//711
f 2080//711 2209//711 2210//711
f 2080//712 2210//712 2082//712
f 2082//712 2210//712 2211//712
f 2082//714 2211//714 2084//714
f 2084//714 2211//714 2212//714
f 2084//715 2212//715 2086//715
f 2086//715 2212//715 2213//715
f 2086//716 2213//716 2088//716
f 2088//716 2213//716 2214//716
f 2088//717 2214//717 2090//717
f 2090//717 2214//717 2215//717
f 2090//718 2215//718 2092//718
f 2092//718 2215//718 2216//718
f 2092//719 2216//719 2094//719
f 2094//719 2216//719 2217//719
f 2094//720 2217//720 2096//720
f 2096//720 2217//720 2218//720
f 2096//721 2218//721 2098//721
f 2098//721 2218//721 2219//721
f 2098//722 2219//722 2100//722
f 2100//722 2219//722 2220//722
f 2100//723 2220//723 2102//723
f 2102//723 2220//723 2221//723
f 2102//724 2221//724 2104//724
f 2104//724 2221//724 2222//724
f 2104//725 2222//725 2106//725
f 2106//726 2222//726 2223//726
f 2106//727 2223//727 2108//727
f 2108//727 2223//727 2224//727
f 2108//728 2224//728 2110//728
f 2110//728 2224//728 2225//728
f 2110//729 2225//729 2112//729
f 2112//729 2225//729 2226//729
f 2112//730 2226//730 2114//730
f 2114//730 2226//730 2227//730
f 2114//731 2227//731 2116//731
f 2116//731 2227//731 2228//731
f 2116//732 2228//732 2118//732
f 2118//732 2228//732 2229//732
f 2118//733 2229//733 2120//733
f 2120//734 2229//734 2230//734
f 2120//735 2230//735 2122//735
f 2122//735 2230//735 2231//735
f 2122//736 2231//736 2124//736
f 2124//736 2231//736 2232//736
f 2124//737 2232//737 2126//737
f 2126//737 2232//737 2233//737
f 2126//738 2233//738 2056//738
f 2056//738 2233//738 2234//738
f 2056//699 2234//699 2058//699
f 2058//699 2234//699 2199//699
f 2199//700 2235//700 2200//700
f 2200//700 2235//700 2236//700
f 2200//701 2236//701 2201//701
f 2201//701 2236//701 2237//701
f 2201//702 2237//702 2202//702
f 2202//702 2237//702 2238//702
f 2202//703 2238//703 2203//703
f 2203//703 2238//703 2239//703
f 2203//704 2239//704 2204//704
f 2204//704 2239//704 2240//704
f 2204//705 2240//705 2205//705
f 2205//705 2240//705 2241//705
f 2205//707 2241//707 2206//707
f 2206//707 2241//707 2242//707
f 2206//708 2242//708 2207//708
f 2207//708 2242//708 2243//708
f 2207//709 2243//709 2208//709
f 2208//709 2243//709 2244//709
f 2208//710 2244//710 2209//710
f 2209//710 2244//710 2245//710
f 2209//711 2245//711 2210//711
f 2210//711 2245//711 2246//711
f 2210//712 2246//712 2211//712
f 2211//712 2246//712 2247//712
f 2211//714 2247//714 2212//714
f 2212//714 2247//714 2248//714
f 2212//715 2248//715 2213//715
f 2213//715 2248//715 2249//715
f 2213//716 2249//716 2214//716
f 2214//716 2249//716 2250//716
f 2214//717 2250//717 2215//717
f 2215//717 2250//717 2251//717
f 2215//718 2251//718 2216//718
f 2216//718 2251//718 2252//718
f 2216//719 2252//719 2217//719
f 2217//719 2252//719 2253//719
f 2217//720 2253//720 2218//720
f 2218//720 2253//720 2254//720
f 2218//721 2254//721 2219//721
f 2219//721 2254//721 2255//721
f 2219//722 2255//722 2220//722
f 2220//722 2255//722 2256//722
f 2220//723 2256//723 2221//723
f 2221//723 2256//723 2257//723
f 2221//724 2257//724 2222//724
f 2222//724 2257//724 2258//724
f 2222//725 2258//725 2223//725
f 2223//726 2258//726 2259//726
f 2223//727 2259//727 2224//727
f 2224//727 2259//727 2260//727
f 2224//728 2260//728 2225//728
f 2225//728 2260//728 2261//728
f 2225//729 2261//729 2226//729
f 2226//729 2261//729 2262//729
f 2226//730 2262//730 2227//730
f 2227//730 2262//730 2263//730
f 2227//731 2263//731 2228//731
f 2228//731 2263//731 2264//731
f 2228//732 2264//732 2229//732
f 2229//732 2264//732 2265//732
f 2229//733 2265//733 2230//733
f 2230//734 2265//734 2266//734
f 2230//735 2266//735 2231//735
f 2231//735 2266//735 2267//735
f 2231//736 2267//736 2232//736
f 2232//736 2267//736 2268//736
f 2232//737 2268//737 2233//737
f 2233//737 2268//737 2269//737
f 2233//738 2269//738 2234//738
f 2234//738 2269//738 2270//738
f 2234//699 2270//699 2199//699
f 2199//699 2270//699 2235//699
f 2235//700 2271//700 2236//700
f 2236//700 2271//700 2272//700
f 2236//701 2272//701 2237//701
f 2237//701 2272//701 2273//701
f 2237//702 2273//702 2238//702
f 2238//702 2273//702 2274//702
f 2238//703 2274//703 2239//703
f 2239//703 2274//703 2275//703
f 2239//704 2275//704 2240//704
f 2240//704 2275//704 2276//704
f 2240//705 2276//705 2241//705
f 2241//706 2276//706 2277//706
f 2241//707 2277//707 2242//707
f 2242//707 2277//707 2278//707
f 2242//708 2278//708 2243//708
f 2243//708 2278//708 2279//708
f 2243//709 2279//709 2244//709
f 2244//709 2279//709 2280//709
f 2244//710 2280//710 2245//710
f 2245//710 2280//710 2281//710
f 2245//711 2281//711 2246//711
f 2246//711 2281//711 2282//711
f 2246//712 2282//712 2247//712
f 2247//712 2282//712 2283//712
f 2247//713 2283//713 2248//713
f 2248//714 2283//714 2284//714
f 2248//715 2284//715 2249//715
f 2249//715 2284//715 2285//715
f 2249//716 2285//716 2250//716
f 2250//716 2285//716 2286//716
f 2250//717 2286//717 2251//717
f 2251//717 2286//717 2287//717
f 2251//718 2287//718 2252//718
f 2252//718 2287//718 2288//718
f 2252//719 2288//719 2253//719
f 2253//719 2288//719 2289//719
f 2253//720 2289//720 2254//720
f 2254//720 2289//720 2290//720
f 2254//721 2290//721 2255//721
f 2255//721 2290//721 2291//721
f 2255//722 2291//722 2256//722
f 2256//722 2291//722 2292//722
f 2256//723 2292//723 2257//723
f 2257//723 2292//723 2293//723
f 2257//724 2293//724 2258//724
f 2258//724 2293//724 2294//724
f 2258//725 2294//725 2259//725
f 2259//726 2294//726 2295//726
f 2259//727 2295//727 2260//727
f 2260//727 2295//727 2296//727
f 2260//728 2296//728 2261//728
f 2261//728 2296//728 2297//728
f 2261//729 2297//729 2262//729
f 2262//729 2297//729 2298//729
f 2262//730 2298//730 2263//730
f 2263//730 2298//730 2299//730
f 2263//731 2299//731 2264//731
f 2264//731 2299//731 2300//731
f 2264//732 2300//732 2265//732
f 2265//732 2300//732 2301//732
f 2265//733 2301//733 2266//733
f 2266//734 2301//734 2302//734
f 2266//735 2302//735 2267//735
f 2267//735 2302//735 2303//735
f 2267//736 2303//736 2268//736
f 2268//736 2303//736 2304//736
f 2268//737 2304//737 2269//737
f 2269//737 2304//737 2305//737
f 2269//738 2305//738 2270//738
f 2270//738 2305//738 2306//738
f 2270//699 2306//699 2235//699
f 2235//699 2306//699 2271//699
f 2271//700 2307//700 2272//700
f 2272//700 2307//700 2308//700
f 2272//701 2308//701 2273//701
f 2273//701 2308//701 2309//701
f 2273//702 2309//702 2274//702
f 2274//702 2309//702 2310//702
f 2274//703 2310//703 2275//703
f 2275//703 2310//703 2311//703
f 2275//704 2311//704 2276//704
f 2276//704 2311//704 2312//704
f 2276//705 2312//705 2277//705
f 2277//705 2312//705 2313//705
f 2277//707 2313//707 2278//707
f 2278//707 2313//707 2314//707
f 2278//708 2314//708 2279//708
f 2279//708 2314//708 2315//708
f 2279//709 2315//709 2280//709
f 2280//709 2315//709 2316//709
f 2280//710 2316//710 2281//710
f 2281//710 2316//710 2317//710
f 2281//711 2317//711 2282//711
f 2282//711 2317//711 2318//711
f 2282//712 2318//712 2283//712
f 2283//712 2318//712 2319//712
f 2283//714 2319//714 2284//714
f 2284//714 2319//714 2320//714
f 2284//715 2320//715 2285//715
f 2285//715 2320//715 2321//715
f 2285//716 2321//716 2286//716
f 2286//716 2321//716 2322//716
f 2286//717 2322//717 2287//717
f 2287//717 2322//717 2323//717
f 2287//718 2323//718 2288//718
f 2288//718 2323//718 2324//718
f 2288//719 2324//719 2289//719
f 2289//719 2324//719 2325//719
f 2289//720 2325//720 2290//720
f 2290//720 2325//720 2326//720
f 2290//721 2326//721 2291//721
f 2291//721 2326//721 2327//721
f 2291//722 2327//722 2292//722
f 2292//722 2327//722 2328//722
f 2292//723 2328//723 2293//723
f 2293//723 2328//723 2329//723
f 2293//724 2329//724 2294//724
f 2294//724 2329//724 2330//724
f 2294//725 2330//725 2295//725
f 2295//726 2330//726 2331//726
f 2295//727 2331//727 2296//727
f 2296//727 2331//727 2332//727
f 2296//728 2332//728 2297//728
f 2297//728 2332//728 2333//728
f 2297//729 2333//729 2298//729
f 2298//729 2333//729 2334//729
f 2298//730 2334//730 2299//730
f 2299//730 2334//730 2335//730
f 2299//731 2335//731 2300//731
f 2300//731 2335//731 2336//731
f 2300//732 2336//732 2301//732
f 2301//732 2336//732 2337//732
f 2301//733 2337//733 2302//733
f 2302//734 2337//734 2338//734
f 2302//735 2338//735 2303//735
f 2303//735 2338//735 2339//735
f 2303//736 2339//736 2304//736
f 2304//736 2339//736 2340//736
f 2304//737 2340//737 2305//737
f 2305//737 2340//737 2341//737
f 2305//738 2341//738 2306//738
f 2306//738 2341//738 2342//738
f 2306//699 2342//699 2271//699
f 2271//699 2342//699 2307//699
f 2307//700 2343//700 2308//700
f 2308//700 2343//700 2344//700
f 2308//701 2344//701 2309//701
f 2309//701 2344//701 2345//701
f 2309//702 2345//702 2310//702
f 2310//702 2345//702 2346//702
f 2310//703 2346//703 2311//703
f 2311//703 2346//703 2347//703
f 2311//704 2347//704 2312//704
f 2312//704 2347//704 2348//704
f 2312//705 2348//705 2313//705
f 2313//705 2348//705 2349//705
f 2313//707 2349//707 2314//707
f 2314//707 2349//707 2350//707
f 2314//708 2350//708 2315//708
f 2315//708 2350//708 2351//708
f 2315//709 2351//709 2316//709
f 2316//709 2351//709 2352//709
f 2316//710 2352//710 2317//710
f 2317//710 2352//710 2353//710
f 2317//711 2353//711 2318//711
f 2318//711 2353//711 2354//711
f 2318//712 2354//712 2319//712
f 2319//712 2354//712 2355//712
f 2319//714 2355//714 2320//714
f 2320//714 2355//714 2356//714
f 2320//715 2356//715 2321//715
f 2321//715 2356//715 2357//715
f 2321//716 2357//716 2322//716
f 2322//716 2357//716 2358//716
f 2322//717 2358//717 2323//717
f 2323//717 2358//717 2359//717
f 2323//718 2359//718 2324//718
f 2324//718 2359//718 2360//718
f 2324//719 2360//719 2325//719
f 2325//719 2360//719 2361//719
f 2325//720 2361//720 2326//720
f 2326//720 2361//720 2362//720
f 2326//721 2362//721 2327//721
f 2327//721 2362//721 2363//721
f 2327//722 2363//722 2328//722
f 2328//722 2363//722 2364//722
f 2328//723 2364//723 2329//723
f 2329//723 2364//723 2365//723
f 2329//724 2365//724 2330//724
f 2330//724 2365//724 2366//724
f 2330//725 2366//725 2331//725
f 2331//726 2366//726 2367//726
f 2331//727 2367//727 2332//727
f 2332//727 2367//727 2368//727
f 2332//728 2368//728 2333//728
f 2333//728 2368//728 2369//728
f 2333//729 2369//729 2334//729
f 2334//729 2369//729 2370//729
f 2334//730 2370//730 2335//730
f 2335//730 2370//730 2371//730
f 2335//731 2371//731 2336//731
f 2336//731 2371//731 2372//731
f 2336//732 2372//732 2337//732
f 2337//732 2372//732 2373//732
f 2337//733 2373//733 2338//733
f 2338//734 2373//734 2374//734
f 2338//735 2374//735 2339//735
f 2339//735 2374//735 2375//735
f 2339//736 2375//736 2340//736
f 2340//736 2375//736 2376//736
f 2340//737 2376//737 2341//737
f 2341//737 2376//737 2377//737
f 2341//738 2377//738 2342//738
f 2342//738 2377//738 2378//738
f 2342//699 2378//699 2307//699
f 2307//699 2378//699 2343//699
f 2343//700 2379//700 2344//700
f 2344//700 2379//700 2380//700
f 2344//701 2380//701 2345//701
f 2345//701 2380//701 2381//701
f 2345//702 2381//702 2346//702
f 2346//702 2381//702 2382//702
f 2346//703 2382//703 2347//703
f 2347//703 2382//703 2383//703
f 2347//704 2383//704 2348//704
f 2348//704 2383//704 2384//704
f 2348//705 2384//705 2349//705
f 2349//705 2384//705 2385//705
f 2349//707 2385//707 2350//707
f 2350//707 2385//707 2386//707
f 2350//708 2386//708 2351//708
f 2351//708 2386//708 2387//708
f 2351//709 2387//709 2352//709
f 2352//709 2387//709 2388//709
f 2352//710 2388//710 2353//710
f 2353//710 2388//710 2389//710
f 2353//711 2389//711 2354//711
f 2354//711 2389//711 2390//711
f 2354//712 2390//712 2355//712
f 2355//712 2390//712 2391//712
f 2355//714 2391//714 2356//714
f 2356//714 2391//714 2392//714
f 2356//715 2392//715 2357//715
f 2357//715 2392//715 2393//715
f 2357//716 2393//716 2358//716
f 2358//716 2393//716 2394//716
f 2358//717 2394//717 2359//717
f 2359//717 2394//717 2395//717
f 2359//718 2395//718 2360//718
f 2360//718 2395//718 2396//718
f 2360//719 2396//719 2361//719
f 2361//719 2396//719 2397//719
f 2361//720 2397//720 2362//720
f 2362//720 2397//720 2398//720
f 2362//721 2398//721 2363//721
f 2363//721 2398//721 2399//721
f 2363//722 2399//722 2364//722
f 2364//722 2399//722 2400//722
f 2364//723 2400//723 2365//723
f 2365//723 2400//723 2401//723
f 2365//724 2401//724 2366//724
f 2366//724 2401//724 2402//724
f 2366//725 2402//725 2367//725
f 2367//726 2402//726 2403//726
f 2367//727 2403//727 2368//727
f 2368//727 2403//727 2404//727
f 2368//728 2404//728 2369//728
f 2369//728 2404//728 2405//728
f 2369//729 2405//729 2370//729
f 2370//729 2405//729 2406//729
f 2370//730 2406//730 2371//730
f 2371//730 2406//730 2407//730
f 2371//731 2407//731 2372//731
f 2372//731 2407//731 2408//731
f 2372//732 2408//732 2373//732
f 2373//732 2408//732 2409//732
f 2373//733 2409//733 2374//733
f 2374//734 2409//734 2410//734
f 2374//735 2410//735 2375//735
f 2375//735 2410//735 2411//735
f 2375//736 2411//736 2376//736
f 2376//736 2411//736 2412//736
f 2376//737 2412//737 2377//737
f 2377//737 2412//737 2413//737
f 2377//738 2413//738 2378//738
f 2378//738 2413//738 2414//738
f 2378//699 2414//699 2343//699
f 2343//699 2414//699 2379//699
f 2379//700 2415//700 2380//700
f 2380//700 2415//700 2416//700
f 2380//701 2416//701 2381//701
f 2381//701 2416//701 2417//701
f 2381//702 2417//702 2382//702
f 2382//702 2417//702 2418//702
f 2382//703 2418//703 2383//703
f 2383//703 2418//703 2419//703
f 2383//704 2419//704 2384//704
f 2384//704 2419//704 2420//704
f 2384//705 2420//705 2385//705
f 2385//706 2420//706 2421//706
f 2385//707 2421//707 2386//707
f 2386//707 2421//707 2422//707
f 2386//708 2422//708 2387//708
f 2387//708 2422//708 2423//708
f 2387//709 2423//709 2388//709
f 2388//709 2423//709 2424//709
f 2388//710 2424//710 2389//710
f 2389//710 2424//710 2425//710
f 2389//711 2425//711 2390//711
f 2390//711 2425//711 2426//711
f 2390//712 2426//712 2391//712
f 2391//712 2426//712 2427//712
f 2391//713 2427//713 2392//713
f 2392//714 2427//714 2428//714
f 2392//715 2428//715 2393//715
f 2393//715 2428//715 2429//715
f 2393//716 2429//716 2394//716
f 2394//716 2429//716 2430//716
f 2394//717 2430//717 2395//717
f 2395//717 2430//717 2431//717
f 2395//718 2431//718 2396//718
f 2396//718 2431//718 2432//718
f 2396//719 2432//719 2397//719
f 2397//719 2432//719 2433//719
f 2397//720 2433//720 2398//720
f 2398//720 2433//720 2434//720
f 2398//721 2434//721 2399//721
f 2399//721 2434//721 2435//721
f 2399//722 2435//722 2400//722
f 2400//722 2435//722 2436//722
f 2400//723 2436//723 2401//723
f 2401//723 2436//723 2437//723
f 2401//724 2437//724 2402//724
f 2402//724 2437//724 2438//724
f 2402//725 2438//725 2403//725
f 2403//726 2438//726 2439//726
f 2403//727 2439//727 2404//727
f 2404//727 2439//727 2440//727
f 2404//728 2440//728 2405//728
f 2405//728 2440//728 2441//728
f 2405//729 2441//729 2406//729
f 2406//729 2441//729 2442//729
f 2406//730 2442//730 2407//730
f 2407//730 2442//730 2443//730
f 2407//731 2443//731 2408//731
f 2408//731 2443//731 2444//731
f 2408//732 2444//732 2409//732
f 2409//732 2444//732 2445//732
f 2409//733 2445//733 2410//733
f 2410//734 2445//734 2446//734
f 2410//735 2446//735 2411//735
f 2411//735 2446//735 2447//735
f 2411//736 2447//736 2412//736
f 2412//736 2447//736 2448//736
f 2412//737 2448//737 2413//737
f 2413//737 2448//737 2449//737
f 2413//738 2449//738 2414//738
f 2414//738 2449//738 2450//738
f 2414//699 2450//699 2379//699
f 2379//699 2450//699 2415//699
f 2415//700 2451//700 2416//700
f 2416//700 2451//700 2452//700
f 2416//701 2452//701 2417//701
f 2417//701 2452//701 2453//701
f 2417//702 2453//702 2418//702
f 2418//702 2453//702 2454//702
f 2418//703 2454//703 2419//703
f 2419//703 2454//703 2455//703
f 2419//704 2455//704 2420//704
f 2420//704 2455//704 2456//704
f 2420//705 2456//705 2421//705
f 2421//705 2456//705 2457//705
f 2421//707 2457//707 2422//707
f 2422//707 2457//707 2458//707
f 2422//708 2458//708 2423//708
f 2423//708 2458//708 2459//708
f 2423//709 2459//709 2424//709
f 2424//709 2459//709 2460//709
f 2424//710 2460//710 2425//710
f 2425//710 2460//710 2461//710
f 2425//711 2461//711 2426//711
f 2426//711 2461//711 2462//711
f 2426//712 2462//712 2427//712
f 2427//712 2462//712 2463//712
f 2427//714 2463//714 2428//714
f 2428//714 2463//714 2464//714
f 2428//715 2464//715 2429//715
f 2429//715 2464//715 2465//715
f 2429//716 2465//716 2430//716
f 2430//716 2465//716 2466//716
f 2430//717 2466//717 2431//717
f 2431//717 2466//717 2467//717
f 2431//718 2467//718 2432//718
f 2432//718 2467//718 2468//718
f 2432//719 2468//719 2433//719
f 2433//719 2468//719 2469//719
f 2433//720 2469//720 2434//720
f 2434//720 2469//720 2470//720
f 2434//721 2470//721 2435//721
f 2435//721 2470//721 2471//721
f 2435//722 2471//722 2436//722
f 2436//722 2471//722 2472//722
f 2436//723 2472//723 2437//723
f 2437//723 2472//723 2473//723
f 2437//724 2473//724 2438//724
f 2438//724 2473//724 2474//724
f 2438//725 2474//725 2439//725
f 2439//726 2474//726 2475//726
f 2439//727 2475//727 2440//727
f 2440//727 2475//727 2476//727
f 2440//728 2476//728 2441//728
f 2441//728 2476//728 2477//728
f 2441//729 2477//729 2442//729
f 2442//729 2477//729 2478//729
f 2442//730 2478//730 2443//730
f 2443//730 2478//730 2479//730
f 2443//731 2479//731 2444//731
f 2444//731 2479//731 2480//731
f 2444//732 2480//732 2445//732
f 2445//732 2480//732 2481//732
f 2445//733 2481//733 2446//733
f 2446//734 2481//734 2482//734
f 2446//735 2482//735 2447//735
f 2447//735 2482//735 2483//735
f 2447//736 2483//736 2448//736
f 2448//736 2483//736 2484//736
f 2448//737 2484//737 2449//737
f 2449//737 2484//737 2485//737
f 2449//738 2485//738 2450//738
f 2450//738 2485//738 2486//738
f 2450//699 2486//699 2415//699
f 2415//699 2486//699 2451//699
f 2451//700 2487//700 2452//700
f 2452//700 2487//700 2488//700
f 2452//701 2488//701 2453//701
f 2453//701 2488//701 2489//701
f 2453//702 2489//702 2454//702
f 2454//702 2489//702 2490//702
f 2454//703 2490//703 2455//703
f 2455//703 2490//703 2491//703
f 2455//704 2491//704 2456//704
f 2456//704 2491//704 2492//704
f 2456//705 2492//705 2457//705
f 2457//705 2492//705 2493//705
f 2457//707 2493//707 2458//707
f 2458//707 2493//707 2494//707
f 2458//708 2494//708 2459//708
f 2459//708 2494//708 2495//708
f 2459//709 2495//709 2460//709
f 2460//709 2495//709 2496//709
f 2460//710 2496//710 2461//710
f 2461//710 2496//710 2497//710
f 2461//711 2497//711 2462//711
f 2462//711 2497//711 2498//711
f 2462//712 2498//712 2463//712
f 2463//712 2498//712 2499//712
f 2463//714 2499//714 2464//714
f 2464//714 2499//714 2500//714
f 2464//715 2500//715 2465//715
f 2465//715 2500//715 2501//715
f 2465//716 2501//716 2466//716
f 2466//716 2501//716 2502//716
f 2466//717 2502//717 2467//717
f 2467//717 2502//717 2503//717
f 2467//718 2503//718 2468//718
f 2468//718 2503//718 2504//718
f 2468//719 2504//719 2469//719
f 2469//719 2504//719 2505//719
f 2469//720 2505//720 2470//720
f 2470//720 2505//720 2506//720
f 2470//721 2506//721 2471//721
f 2471//721 2506//721 2507//721
f 2471//722 2507//722 2472//722
f 2472//722 2507//722 2508//722
f 2472//723 2508//723 2473//723
f 2473//723 2508//723 2509//723
f 2473//724 2509//724 2474//724
f 2474//724 2509//724 2510//724
f 2474//725 2510//725 2475//725
f 2475//726 2510//726 2511//726
f 2475//727 2511//727 2476//727
f 2476//727 2511//727 2512//727
f 2476//728 2512//728 2477//728
f 2477//728 2512//728 2513//728
f 2477//729 2513//729 2478//729
f 2478//729 2513//729 2514//729
f 2478//730 2514//730 2479//730
f 2479//730 2514//730 2515//730
f 2479//731 2515//731 2480//731
f 2480//731 2515//731 2516//731
f 2480//732 2516//732 2481//732
f 2481//732 2516//732 2517//732
f 2481//733 2517//733 2482//733
f 2482//734 2517//734 2518//734
f 2482//735 2518//735 2483//735
f 2483//735 2518//735 2519//735
f 2483//736 2519//736 2484//736
f 2484//736 2519//736 2520//736
f 2484//737 2520//737 2485//737
f 2485//737 2520//737 2521//737
f 2485//738 2521//738 2486//738
f 2486//738 2521//738 2522//738
f 2486//699 2522//699 2451//699
f 2451//699 2522//699 2487//699
f 2487//700 2523//700 2488//700
f 2488//700 2523//700 2524//700
f 2488//701 2524//701 2489//701
f 2489//701 2524//701 2525//701
f 2489//702 2525//702 2490//702
f 2490//702 2525//702 2526//702
f 2490//703 2526//703 2491//703
f 2491//703 2526//703 2527//703
f 2491//704 2527//704 2492//704
f 2492//704 2527//704 2528//704
f 2492//705 2528//705 2493//705
f 2493//705 2528//705 2529//705
f 2493//707 2529//707 2494//707
f 2494//707 2529//707 2530//707
f 2494//708 2530//708 2495//708
f 2495//708 2530//708 2531//708
f 2495//709 2531//709 2496//709
f 2496//709 2531//709 2532//709
f 2496//710 2532//710 2497//710
f 2497//710 2532//710 2533//710
f 2497//711 2533//711 2498//711
f 2498//711 2533//711 2534//711
f 2498//712 2534//712 2499//712
f 2499//712 2534//712 2535//712
f 2499//714 2535//714 2500//714
f 2500//714 2535//714 2536//714
f 2500//715 2536//715 2501//715
f 2501//715 2536//715 2537//715
f 2501//716 2537//716 2502//716
f 2502//716 2537//716 2538//716
f 2502//717 2538//717 2503//717
f 2503//717 2538//717 2539//717
f 2503//718 2539//718 2504//718
f 2504//718 2539//718 2540//718
f 2504//719 2540//719 2505//719
f 2505//719 2540//719 2541//719
f 2505//720 2541//720 2506//720
f 2506//720 2541//720 2542//720
f 2506//721 2542//721 2507//721
f 2507//721 2542//721 2543//721
f 2507//722 2543//722 2508//722
f 2508//722 2543//722 2544//722
f 2508//723 2544//723 2509//723
f 2509//723 2544//723 2545//723
f 2509//724 2545//724 2510//724
f 2510//724 2545//724 2546//724
f 2510//726 2546//726 2511//726
f 2511//726 2546//726 2547//726
f 2511//727 2547//727 2512//727
f 2512//727 2547//727 2548//727
f 2512//728 2548//728 2513//728
f 2513//728 2548//728 2549//728
f 2513//729 2549//729 2514//729
f 2514//729 2549//729 2550//729
f 2514//730 2550//730 2515//730
f 2515//730 2550//730 2551//730
f 2515//731 2551//731 2516//731
f 2516//731 2551//731 2552//731
f 2516//732 2552//732 2517//732
f 2517//732 2552//732 2553//732
f 2517//733 2553//733 2518//733
f 2518//733 2553//733 2554//733
f 2518//735 2554//735 2519//735
f 2519//735 2554//735 2555//735
f 2519//736 2555//736 2520//736
f 2520//736 2555//736 2556//736
f 2520//737 2556//737 2521//737
f 2521//737 2556//737 2557//737
f 2521//738 2557//738 2522//738
f 2522//738 2557//738 2558//738
f 2522//699 2558//699 2487//699
f 2487//699 2558//699 2523//699
f 2523//700 2559//700 2524//700
f 2524//700 2559//700 2560//700
f 2524//701 2560//701 2525//701
f 2525//701 2560//701 2561//701
f 2525//702 2561//702 2526//702
f 2526//702 2561//702 2562//702
f 2526//703 2562//703 2527//703
f 2527//703 2562//703 2563//703
f 2527//704 2563//704 2528//704
f 2528//704 2563//704 2564//704
f 2528//705 2564//705 2529//705
f 2529//705 2564//705 2565//705
f 2529//707 2565//707 2530//707
f 2530//707 2565//707 2566//707
f 2530//708 2566//708 2531//708
f 2531//708 2566//708 2567//708
f 2531//709 2567//709 2532//709
f 2532//709 2567//709 2568//709
f 2532//710 2568//710 2533//710
f 2533//710 2568//710 2569//710
f 2533//711 2569//711 2534//711
f 2534//711 2569//711 2570//711
f 2534//712 2570//712 2535//712
f 2535//712 2570//712 2571//712
f 2535//714 2571//714 2536//714
f 2536//714 2571//714 2572//714
f 2536//715 2572//715 2537//715
f 2537//715 2572//715 2573//715
f 2537//716 2573//716 2538//716
f 2538//716 2573//716 2574//716
f 2538//717 2574//717 2539//717
f 2539//717 2574//717 2575//717
f 2539//718 2575//718 2540//718
f 2540//718 2575//718 2576//718
f 2540//719 2576//719 2541//719
f 2541//719 2576//719 2577//719
f 2541//720 2577//720 2542//720
f 2542//720 2577//720 2578//720
f 2542//721 2578//721 2543//721
f 2543//721 2578//721 2579//721
f 2543//722 2579//722 2544//722
f 2544//722 2579//722 2580//722
f 2544//723 2580//723 2545//723
f 2545//723 2580//723 2581//723
f 2545//724 2581//724 2546//724
f 2546//724 2581//724 2582//724
f 2546//726 2582//726 2547//726
f 2547//726 2582//726 2583//726
f 2547//727 2583//727 2548//727
f 2548//727 2583//727 2584//727
f 2548//728 2584//728 2549//728
f 2549//728 2584//728 2585//728
f 2549//729 2585//729 2550//729
f 2550//729 2585//729 2586//729
f 2550//730 2586//730 2551//730
f 2551//730 2586//730 2587//730
f 2551//731 2587//731 2552//731
f 2552//731 2587//731 2588//731
f 2552//732 2588//732 2553//732
f 2553//732 2588//732 2589//732
f 2553//733 2589//733 2554//733
f 2554//733 2589//733 2590//733
f 2554//735 2590//735 2555//735
f 2555//735 2590//735 2591//735
f 2555//736 2591//736 2556//736
f 2556//736 2591//736 2592//736
f 2556//737 2592//737 2557//737
f 2557//737 2592//737 2593//737
f 2557//738 2593//738 2558//738
f 2558//738 2593//738 2594//738
f 2558//699 2594//699 2523//699
f 2523//699 2594//699 2559//699
f 2559//700 2595//700 2560//700
f 2560//700 2595//700 2596//700
f 2560//701 2596//701 2561//701
f 2561//701 2596//701 2597//701
f 2561//702 2597//702 2562//702
f 2562//702 2597//702 2598//702
f 2562//703 2598//703 2563//703
f 2563//703 2598//703 2599//703
f 2563//704 2599//704 2564//704
f 2564//704 2599//704 2600//704
f 2564//705 2600//705 2565//705
f 2565//705 2600//705 2601//705
f 2565//707 2601//707 2566//707
f 2566//707 2601//707 2602//707
f 2566//708 2602//708 2567//708
f 2567//708 2602//708 2603//708
f 2567//709 2603//709 2568//709
f 2568//709 2603//709 2604//709
f 2568//710 2604//710 2569//710
f 2569//710 2604//710 2605//710
f 2569//711 2605//711 2570//711
f 2570//711 2605//711 2606//711
f 2570//712 2606//712 2571//712
f 2571//712 2606//712 2607//712
f 2571//714 2607//714 2572//714
f 2572//714 2607//714 2608//714
f 2572//715 2608//715 2573//715
f 2573//715 2608//715 2609//715
f 2573//716 2609//716 2574//716
f 2574//716 2609//716 2610//716
f 2574//717 2610//717 2575//717
f 2575//717 2610//717 2611//717
f 2575//718 2611//718 2576//718
f 2576//718 2611//718 2612//718
f 2576//719 2612//719 2577//719
f 2577//719 2612//719 2613//719
f 2577//720 2613//720 2578//720
f 2578//720 2613//720 2614//720
f 2578//721 2614//721 2579//721
f 2579//721 2614//721 2615//721
f 2579//722 2615//722 2580//722
f 2580//722 2615//722 2616//722
f 2580//723 2616//723 2581//723
f 2581//723 2616//723 2617//723
f 2581//724 2617//724 2582//724
f 2582//724 2617//724 2618//724
f 2582//726 2618//726 2583//726
f 2583//726 2618//726 2619//726
f 2583//727 2619//727 2584//727
f 2584//727 2619//727 2620//727
f 2584//728 2620//728 2585//728
f 2585//728 2620//728 2621//728
f 2585//729 2621//729 2586//729
f 2586//729 2621//729 2622//729
f 2586//730 2622//730 2587//730
f 2587//730 2622//730 2623//730
f 2587//731 2623//731 2588//731
f 2588//731 2623//731 2624//731
f 2588//732 2624//732 2589//732
f 2589//732 2624//732 2625//732
f 2589//733 2625//733 2590//733
f 2590//733 2625//733 2626//733
f 2590//735 2626//735 2591//735
f 2591//735 2626//735 2627//735
f 2591//736 2627//736 2592//736
f 2592//736 2627//736 2628//736
f 2592//737 2628//737 2593//737
f 2593//737 2628//737 2629//737
f 2593//738 2629//738 2594//738
f 2594//738 2629//738 2630//738
f 2594//699 2630//699 2559//699
f 2559//699 2630//699 2595//699
f 2595//700 2631//700 2596//700
f 2596//700 2631//700 2632//700
f 2596//701 2632//701 2597//701
f 2597//701 2632//701 2633//701
f 2597//702 2633//702 2598//702
f 2598//702 2633//702 2634//702
f 2598//703 2634//703 2599//703
f 2599//703 2634//703 2635//703
f 2599//704 2635//704 2600//704
f 2600//704 2635//704 2636//704
f 2600//705 2636//705 2601//705
f 2601//705 2636//705 2637//705
f 2601//707 2637//707 2602//707
f 2602//707 2637//707 2638//707
f 2602//708 2638//708 2603//708
f 2603//708 2638//708 2639//708
f 2603//709 2639//709 2604//709
f 2604//709 2639//709 2640//709
f 2604//710 2640//710 2605//710
f 2605//710 2640//710 2641//710
f 2605//711 2641//711 2606//711
f 2606//711 2641//711 2642//711
f 2606//712 2642//712 2607//712
f 2607//712 2642//712 2643//712
f 2607//714 2643//714 2608//714
f 2608//714 2643//714 2644//714
f 2608//715 2644//715 2609//715
f 2609//715 2644//715 2645//715
f 2609//716 2645//716 2610//716
f 2610//716 2645//716 2646//716
f 2610//717 2646//717 2611//717
f 2611//717 2646//717 2647//717
f 2611//718 2647//718 2612//718
f 2612//718 2647//718 2648//718
f 2612//719 2648//719 2613//719
f 2613//719 2648//719 2649//719
f 2613//720 2649//720 2614//720
f 2614//720 2649//720 2650//720
f 2614//721 2650//721 2615//721
f 2615//721 2650//721 2651//721
f 2615//722 2651//722 2616//722
f 2616//722 2651//722 2652//722
f 2616//723 2652//723 2617//723
f 2617//723 2652//723 2653//723
f 2617//724 2653//724 2618//724
f 2618//724 2653//724 2654//724
f 2618//725 2654//725 2619//725
f 2619//726 2654//726 2655//726
f 2619//727 2655//727 2620//727
f 2620//727 2655//727 2656//727
f 2620//728 2656//728 2621//728
f 2621//728 2656//728 2657//728
f 2621//729 2657//729 2622//729
f 2622//729 2657//729 2658//729
f 2622//730 2658//730 2623//730
f 2623//730 2658//730 2659//730
f 2623//731 2659//731 2624//731
f 2624//731 2659//731 2660//731
f 2624//732 2660//732 2625//732
f 2625//732 2660//732 2661//732
f 2625//733 2661//733 2626//733
f 2626//734 2661//734 2662//734
f 2626//735 2662//735 2627//735
f 2627//735 2662//735 2663//735
f 2627//736 2663//736 2628//736
f 2628//736 2663//736 2664//736
f 2628//737 2664//737 2629//737
f 2629//737 2664//737 2665//737
f 2629//738 2665//738 2630//738
f 2630//738 2665//738 2666//738
f 2630//699 2666//699 2595//699
f 2595//699 2666//699 2631//699
f 2631//700 2667//700 2632//700
f 2632//700 2667//700 2668//700
f 2632//701 2668//701 2633//701
f 2633//701 2668//701 2669//701
f 2633//702 2669//702 2634//702
f 2634//702 2669//702 2670//702
f 2634//703 2670//703 2635//703
f 2635//703 2670//703 2671//703
f 2635//704 2671//704 2636//704
f 2636//704 2671//704 2672//704
f 2636//705 2672//705 2637//705
f 2637//705 2672//705 2673//705
f 2637//707 2673//707 2638//707
f 2638//707 2673//707 2674//707
f 2638//708 2674//708 2639//708
f 2639//708 2674//708 2675//708
f 2639//709 2675//709 2640//709
f 2640//709 2675//709 2676//709
f 2640//710 2676//710 2641//710
f 2641//710 2676//710 2677//710
f 2641//711 2677//711 2642//711
f 2642//711 2677//711 2678//711
f 2642//712 2678//712 2643//712
f 2643//712 2678//712 2679//712
f 2643//714 2679//714 2644//714
f 2644//714 2679//714 2680//714
f 2644//715 2680//715 2645//715
f 2645//715 2680//715 2681//715
f 2645//716 2681//716 2646//716
f 2646//716 2681//716 2682//716
f 2646//717 2682//717 2647//717
f 2647//717 2682//717 2683//717
f 2647//718 2683//718 2648//718
f 2648//718 2683//718 2684//718
f 2648//719 2684//719 2649//719
f 2649//719 2684//719 2685//719
f 2649//720 2685//720 2650//720
f 2650//720 2685//720 2686//720
f 2650//721 2686//721 2651//721
f 2651//721 2686//721 2687//721
f 2651//722 2687//722 2652//722
f 2652//722 2687//722 2688//722
f 2652//723 2688//723 2653//723
f 2653//723 2688//723 2689//723
f 2653//724 2689//724 2654//724
f 2654//724 2689//724 2690//724
f 2654//726 2690//726 2655//726
f 2655//726 2690//726 2691//726
f 2655//727 2691//727 2656//727
f 2656//727 2691//727 2692//727
f 2656//728 2692//728 2657//728
f 2657//728 2692//728 2693//728
f 2657//729 2693//729 2658//729
f 2658//729 2693//729 2694//729
f 2658//730 2694//730 2659//730
f 2659//730 2694//730 2695//730
f 2659//731 2695//731 2660//731
f 2660//731 2695//731 2696//731
f 2660//732 2696//732 2661//732
f 2661//732 2696//732 2697//732
f 2661//733 2697//733 2662//733
f 2662//733 2697//733 2698//733
f 2662//735 2698//735 2663//735
f 2663//735 2698//735 2699//735
f 2663//736 2699//736 2664//736
f 2664//736 2699//736 2700//736
f 2664//737 2700//737 2665//737
f 2665//737 2700//737 2701//737
f 2665//738 2701//738 2666//738
f 2666//738 2701//738 2702//738
f 2666//699 2702//699 2631//699
f 2631//699 2702//699 2667//699
f 2667//700 2703//700 2668//700
f 2668//700 2703//700 2704//700
f 2668//701 2704//701 2669//701
f 2669//701 2704//701 2705//701
f 2669//702 2705//702 2670//702
f 2670//702 2705//702 2706//702
f 2670//703 2706//703 2671//703
f 2671//703 2706//703 2707//703
f 2671//704 2707//704 2672//704
f 2672//704 2707//704 2708//704
f 2672//705 2708//705 2673//705
f 2673//705 2708//705 2709//705
f 2673//707 2709//707 2674//707
f 2674//707 2709//707 2710//707
f 2674//708 2710//708 2675//708
f 2675//708 2710//708 2711//708
f 2675//709 2711//709 2676//709
f 2676//709 2711//709 2712//709
f 2676//710 2712//710 2677//710
f 2677//710 2712//710 2713//710
f 2677//711 2713//711 2678//711
f 2678//711 2713//711 2714//711
f 2678//712 2714//712 2679//712
f 2679//712 2714//712 2715//712
f 2679//714 2715//714 2680//714
f 2680//714 2715//714 2716//714
f 2680//715 2716//715 2681//715
f 2681//715 2716//715 2717//715
f 2681//716 2717//716 2682//716
f 2682//716 2717//716 2718//716
f 2682//717 2718//717 2683//717
f 2683//717 2718//717 2719//717
f 2683//718 2719//718 2684//718
f 2684//718 2719//718 2720//718
f 2684//719 2720//719 2685//719
f 2685//719 2720//719 2721//719
f 2685//720 2721//720 2686//720
f 2686//720 2721//720 2722//720
f 2686//721 2722//721 2687//721
f 2687//721 2722//721 2723//721
f 2687//722 2723//722 2688//722
f 2688//722 2723//722 2724//722
f 2688//723 2724//723 2689//723
f 2689//723 2724//723 2725//723
f 2689//724 2725//724 2690//724
f 2690//724 2725//724 2726//724
f 2690//726 2726//726 2691//726
f 2691//726 2726//726 2727//726
f 2691//727 2727//727 2692//727
f 2692//727 2727//727 2728//727
f 2692//728 2728//728 2693//728
f 2693//728 2728//728 2729//728
f 2693//729 2729//729 2694//729
f 2694//729 2729//729 2730//729
f 2694//730 2730//730 2695//730
f 2695//730 2730//730 2731//730
f 2695//731 2731//731 2696//731
f 2696//731 2731//731 2732//731
f 2696//732 2732//732 2697//732
f 2697//732 2732//732 2733//732
f 2697//733 2733//733 2698//733
f 2698//733 2733//733 2734//733
f 2698//735 2734//735 2699//735
f 2699//735 2734//735 2735//735
f 2699//736 2735//736 2700//736
f 2700//736 2735//736 2736//736
f 2700//737 2736//737 2701//737
f 2701//737 2736//737 2737//737
f 2701//738 2737//738 2702//738
f 2702//738 2737//738 2738//738
f 2702//699 2738//699 2667//699
f 2667//699 2738//699 2703//699
f 2703//700 2739//700 2704//700
f 2704//700 2739//700 2740//700
f 2704//701 2740//701 2705//701
f 2705//701 2740//701 2741//701
f 2705//702 2741//702 2706//702
f 2706//702 2741//702 2742//702
f 2706//703 2742//703 2707//703
f 2707//703 2742//703 2743//703
f 2707//704 2743//704 2708//704
f 2708//704 2743//704 2744//704
f 2708//705 2744//705 2709//705
f 2709//705 2744//705 2745//705
f 2709//707 2745//707 2710//707
f 2710//707 2745//707 2746//707
f 2710//708 2746//708 2711//708
f 2711//708 2746//708 2747//708
f 2711//709 2747//709 2712//709
f 2712//709 2747//709 2748//709
f 2712//710 2748//710 2713//710
f 2713//710 2748//710 2749//710
f 2713//711 2749//711 2714//711
f 2714//711 2749//711 2750//711
f 2714//712 2750//712 2715//712
f 2715//712 2750//712 2751//712
f 2715//714 2751//714 2716//714
f 2716//714 2751//714 2752//714
f 2716//715 2752//715 2717//715
f 2717//715 2752//715 2753//715
f 2717//716 2753//716 2718//716
f 2718//716 2753//716 2754//716
f 2718//717 2754//717 2719//717
f 2719//717 2754//717 2755//717
f 2719//718 2755//718 2720//718
f 2720//718 2755//718 2756//718
f 2720//719 2756//719 2721//719
f 2721//719 2756//719 2757//719
f 2721//720 2757//720 2722//720
f 2722//720 2757//720 2758//720
f 2722//721 2758//721 2723//721
f 2723//721 2758//721 2759//721
f 2723//722 2759//722 2724//722
f 2724//722 2759//722 2760//722
f 2724//723 2760//723 2725//723
f 2725//723 2760//723 2761//723
f 2725//724 2761//724 2726//724
f 2726//724 2761//724 2762//724
f 2726//726 2762//726 2727//726
f 2727//726 2762//726 2763//726
f 2727//727 2763//727 2728//727
f 2728//727 2763//727 2764//727
f 2728//728 2764//728 2729//728
f 2729//728 2764//728 2765//728
f 2729//729 2765//729 2730//729
f 2730//729 2765//729 2766//729
f 2730//730 2766//730 2731//730
f 2731//730 2766//730 2767//730
f 2731//731 2767//731 2732//731
f 2732//731 2767//731 2768//731
f 2732//732 2768//732 2733//732
f 2733//732 2768//732 2769//732
f 2733//733 2769//733 2734//733
f 2734//733 2769//733 2770//733
f 2734//735 2770//735 2735//735
f 2735//735 2770//735 2771//735
f 2735//736 2771//736 2736//736
f 2736//736 2771//736 2772//736
f 2736//737 2772//737 2737//737
f 2737//737 2772//737 2773//737
f 2737//738 2773//738 2738//738
f 2738//738 2773//738 2774//738
f 2738//699 2774//699 2703//699
f 2703//699 2774//699 2739//699
f 2739//700 2775//700 2740//700
f 2740//700 2775//700 2776//700
f 2740//701 2776//701 2741//701
f 2741//701 2776//701 2777//701
f 2741//702 2777//702 2742//702
f 2742//702 2777//702 2778//702
f 2742//703 2778//703 2743//703
f 2743//703 2778//703 2779//703
f 2743//704 2779//704 2744//704
f 2744//704 2779//704 2780//704
f 2744//705 2780//705 2745//705
f 2745//705 2780//705 2781//705
f 2745//707 2781//707 2746//707
f 2746//707 2781//707 2782//707
f 2746//708 2782//708 2747//708
f 2747//708 2782//708 2783//708
f 2747//709 2783//709 2748//709
f 2748//709 2783//709 2784//709
f 2748//710 2784//710 2749//710
f 2749//710 2784//710 2785//710
f 2749//711 2785//711 2750//711
f 2750//711 2785//711 2786//711
f 2750//712 2786//712 2751//712
f 2751//712 2786//712 2787//712
f 2751//714 2787//714 2752//714
f 2752//714 2787//714 2788//714
f 2752//715 2788//715 2753//715
f 2753//715 2788//715 2789//715
f 2753//716 2789//716 2754//716
f 2754//716 2789//716 2790//716
f 2754//717 2790//717 2755//717
f 2755//717 2790//717 2791//717
f 2755//718 2791//718 2756//718
f 2756//718 2791//718 2792//718
f 2756//719 2792//719 2757//719
f 2757//719 2792//719 2793//719
f 2757//720 2793//720 2758//720
f 2758//720 2793//720 2794//720
f 2758//721 2794//721 2759//721
f 2759//721 2794//721 2795//721
f 2759//722 2795//722 2760//722
f 2760//722 2795//722 2796//722
f 2760//723 2796//723 2761//723
f 2761//723 2796//723 2797//723
f 2761//724 2797//724 2762//724
f 2762//724 2797//724 2798//724
f 2762//726 2798//726 2763//726
f 2763//726 2798//726 2799//726
f 2763//727 2799//727 2764//727
f 2764//727 2799//727 2800//727
f 2764//728 2800//728 2765//728
f 2765//728 2800//728 2801//728
f 2765//729 2801//729 2766//729
f 2766//729 2801//729 2802//729
f 2766//730 2802//730 2767//730
f 2767//730 2802//730 2803//730
f 2767//731 2803//731 2768//731
f 2768//731 2803//731 2804//731
f 2768//732 2804//732 2769//732
f 2769//732 2804//732 2805//732
f 2769//733 2805//733 2770//733
f 2770//733 2805//733 2806//733
f 2770//735 2806//735 2771//735
f 2771//735 2806//735 2807//735
f 2771//736 2807//736 2772//736
f 2772//736 2807//736 2808//736
f 2772//737 2808//737 2773//737
f 2773//737 2808//737 2809//737
f 2773//738 2809//738 2774//738
f 2774//738 2809//738 2810//738
f 2774//699 2810//699 2739//699
f 2739//699 2810//699 2775//699
f 2775//700 2811//700 2776//700
f 2776//700 2811//700 2812//700
f 2776//701 2812//701 2777//701
f 2777//701 2812//701 2813//701
f 2777//702 2813//702 2778//702
f 2778//702 2813//702 2814//702
f 2778//703 2814//703 2779//703
f 2779//703 2814//703 2815//703
f 2779//704 2815//704 2780//704
f 2780//704 2815//704 2816//704
f 2780//705 2816//705 2781//705
f 2781//705 2816//705 2817//705
f 2781//707 2817//707 2782//707
f 2782//707 2817//707 2818//707
f 2782//708 2818//708 2783//708
f 2783//708 2818//708 2819//708
f 2783//709 2819//709 2784//709
f 2784//709 2819//709 2820//709
f 2784//710 2820//710 2785//710
f 2785//710 2820//710 2821//710
f 2785//711 2821//711 2786//711
f 2786//711 2821//711 2822//711
f 2786//712 2822//712 2787//712
f 2787//712 2822//712 2823//712
f 2787//714 2823//714 2788//714
f 2788//714 2823//714 2824//714
f 2788//715 2824//715 2789//715
f 2789//715 2824//715 2825//715
f 2789//716 2825//716 2790//716
f 2790//716 2825//716 2826//716
f 2790//717 2826//717 2791//717
f 2791//717 2826//717 2827//717
f 2791//718 2827//718 2792//718
f 2792//718 2827//718 2828//718
f 2792//719 2828//719 2793//719
f 2793//719 2828//719 2829//719
f 2793//720 2829//720 2794//720
f 2794//720 2829//720 2830//720
f 2794//721 2830//721 2795//721
f 2795//721 2830//721 2831//721
f 2795//722 2831//722 2796//722
f 2796//722 2831//722 2832//722
f 2796//723 2832//723 2797//723
f 2797//723 2832//723 2833//723
f 2797//724 2833//724 2798//724
f 2798//724 2833//724 2834//724
f 2798//725 2834//725 2799//725
f 2799//726 2834//726 2835//726
f 2799//727 2835//727 2800//727
f 2800//727 2835//727 2836//727
f 2800//728 2836//728 2801//728
f 2801//728 2836//728 2837//728
f 2801//740 2837//740 2802//740
f 2802//729 2837//729 2838//729
f 2802//730 2838//730 2803//730
f 2803//739 2838//739 2839//739
f 2803//731 2839//731 2804//731
f 2804//731 2839//731 2840//731
f 2804//732 2840//732 2805//732
f 2805//732 2840//732 2841//732
f 2805//733 2841//733 2806//733
f 2806//734 2841//734 2842//734
f 2806//735 2842//735 2807//735
f 2807//735 2842//735 2843//735
f 2807//736 2843//736 2808//736
f 2808//736 2843//736 2844//736
f 2808//737 2844//737 2809//737
f 2809//737 2844//737 2845//737
f 2809//738 2845//738 2810//738
f 2810//738 2845//738 2846//738
f 2810//699 2846//699 2775//699
f 2775//699 2846//699 2811//699
f 2811//700 2847//700 2812//700
f 2812//700 2847//700 2848//700
f 2812//701 2848//701 2813//701
f 2813//701 2848//701 2849//701
f 2813//702 2849//702 2814//702
f 2814//702 2849//702 2850//702
f 2814//703 2850//703 2815//703
f 2815//703 2850//703 2851//703
f 2815//704 2851//704 2816//704
f 2816//704 2851//704 2852//704
f 2816//705 2852//705 2817//705
f 2817//705 2852//705 2853//705
f 2817//707 2853//707 2818//707
f 2818//707 2853//707 2854//707
f 2818//708 2854//708 2819//708
f 2819//708 2854//708 2855//708
f 2819//709 2855//709 2820//709
f 2820//709 2855//709 2856//709
f 2820//710 2856//710 2821//710
f 2821//710 2856//710 2857//710
f 2821//711 2857//711 2822//711
f 2822//711 2857//711 2858//711
f 2822//712 2858//712 2823//712
f 2823//712 2858//712 2859//712
f 2823//714 2859//714 2824//714
f 2824//714 2859//714 2860//714
f 2824//715 2860//715 2825//715
f 2825//715 2860//715 2861//715
f 2825//716 2861//716 2826//716
f 2826//716 2861//716 2862//716
f 2826//717 2862//717 2827//717
f 2827//717 2862//717 2863//717
f 2827//718 2863//718 2828//718
f 2828//718 2863//718 2864//718
f 2828//719 2864//719 2829//719
f 2829//719 2864//719 2865//719
f 2829//720 2865//720 2830//720
f 2830//720 2865//720 2866//720
f 2830//721 2866//721 2831//721
f 2831//721 2866//721 2867//721
f 2831//722 2867//722 2832//722
f 2832//722 2867//722 2868//722
f 2832//723 2868//723 2833//723
f 2833//723 2868//723 2869//723
f 2833//724 2869//724 2834//724
f 2834//724 2869//724 2870//724
f 2834//726 2870//726 2835//726
f 2835//726 2870//726 2871//726
f 2835//727 2871//727 2836//727
f 2836//727 2871//727 2872//727
f 2836//728 2872//728 2837//728
f 2837//728 2872//728 2873//728
f 2837//729 2873//729 2838//729
f 2838//729 2873//729 2874//729
f 2838//730 2874//730 2839//730
f 2839//730 2874//730 2875//730
f 2839//731 2875//731 2840//731
f 2840//731 2875//731 2876//731
f 2840//732 2876//732 2841//732
f 2841//732 2876//732 2877//732
f 2841//733 2877//733 2842//733
f 2842//733 2877//733 2878//733
f 2842//735 2878//735 2843//735
f 2843//735 2878//735 2879//735
f 2843//736 2879//736 2844//736
f 2844//736 2879//736 2880//736
f 2844//737 2880//737 2845//737
f 2845//737 2880//737 2881//737
f 2845//738 2881//738 2846//738
f 2846//738 2881//738 2882//738
f 2846//699 2882//699 2811//699
f 2811//699 2882//699 2847//699
f 2847//700 2883//700 2848//700
f 2848//700 2883//700 2884//700
f 2848//701 2884//701 2849//701
f 2849//701 2884//701 2885//701
f 2849//702 2885//702 2850//702
f 2850//702 2885//702 2886//702
f 2850//703 2886//703 2851//703
f 2851//703 2886//703 2887//703
f 2851//704 2887//704 2852//704
f 2852//704 2887//704 2888//704
f 2852//705 2888//705 2853//705
f 2853//705 2888//705 2889//705
f 2853//707 2889//707 2854//707
f 2854//707 2889//707 2890//707
f 2854//708 2890//708 2855//708
f 2855//708 2890//708 2891//708
f 2855//709 2891//709 2856//709
f 2856//709 2891//709 2892//709
f 2856//710 2892//710 2857//710
f 2857//710 2892//710 2893//710
f 2857//711 2893//711 2858//711
f 2858//711 2893//711 2894//711
f 2858//712 2894//712 2859//712
f 2859//712 2894//712 2895//712
f 2859//714 2895//714 2860//714
f 2860//714 2895//714 2896//714
f 2860//715 2896//715 2861//715
f 2861//715 2896//715 2897//715
f 2861//716 2897//716 2862//716
f 2862//716 2897//716 2898//716
f 2862//717 2898//717 2863//717
f 2863//717 2898//717 2899//717
f 2863//718 2899//718 2864//718
f 2864//718 2899//718 2900//718
f 2864//719 2900//719 2865//719
f 2865//719 2900//719 2901//719
f 2865//720 2901//720 2866//720
f 2866//720 2901//720 2902//720
f 2866//721 2902//721 2867//721
f 2867//721 2902//721 2903//721
f 2867//722 2903//722 2868//722
f 2868//722 2903//722 2904//722
f 2868//723 2904//723 2869//723
f 2869//723 2904//723 2905//723
f 2869//724 2905//724 2870//724
f 2870//724 2905//724 2906//724
f 2870//726 2906//726 2871//726
f 2871//726 2906//726 2907//726
f 2871//727 2907//727 2872//727
f 2872//727 2907//727 2908//727
f 2872//728 2908//728 2873//728
f 2873//728 2908//728 2909//728
f 2873//729 2909//729 2874//729
f 2874//729 2909//729 2910//729
f 2874//730 2910//730 2875//730
f 2875//730 2910//730 2911//730
f 2875//731 2911//731 2876//731
f 2876//731 2911//731 2912//731
f 2876//732 2912//732 2877//732
f 2877//732 2912//732 2913//732
f 2877//733 2913//733 2878//733
f 2878//733 2913//733 2914//733
f 2878//735 2914//735 2879//735
f 2879//735 2914//735 2915//735
f 2879//736 2915//736 2880//736
f 2880//736 2915//736 2916//736
f 2880//737 2916//737 2881//737
f 2881//737 2916//737 2917//737
f 2881//738 2917//738 2882//738
f 2882//738 2917//738 2918//738
f 2882//699 2918//699 2847//699
f 2847//699 2918//699 2883//699
f 2883//700 2130//700 2884//700
f 2884//700 2130//700 2128//700
f 2884//701 2128//701 2885//701
f 2885//701 2128//701 2198//701
f 2885//702 2198//702 2886//702
f 2886//702 2198//702 2196//702
f 2886//703 2196//703 2887//703
f 2887//703 2196//703 2194//703
f 2887//704 2194//704 2888//704
f 2888//704 2194//704 2192//704
f 2888//705 2192//705 2889//705
f 2889//705 2192//705 2190//705
f 2889//707 2190//707 2890//707
f 2890//707 2190//707 2188//707
f 2890//708 2188//708 2891//708
f 2891//708 2188//708 2186//708
f 2891//709 2186//709 2892//709
f 2892//709 2186//709 2184//709
f 2892//710 2184//710 2893//710
f 2893//710 2184//710 2182//710
f 2893//711 2182//711 2894//711
f 2894//711 2182//711 2180//711
f 2894//712 2180//712 2895//712
f 2895//712 2180//712 2178//712
f 2895//714 2178//714 2896//714
f 2896//714 2178//714 2176//714
f 2896//715 2176//715 2897//715
f 2897//715 2176//715 2174//715
f 2897//716 2174//716 2898//716
f 2898//716 2174//716 2172//716
f 2898//717 2172//717 2899//717
f 2899//717 2172//717 2170//717
f 2899//718 2170//718 2900//718
f 2900//718 2170//718 2168//718
f 2900//719 2168//719 2901//719
f 2901//719 2168//719 2166//719
f 2901//720 2166//720 2902//720
f 2902//720 2166//720 2164//720
f 2902//721 2164//721 2903//721
f 2903//721 2164//721 2162//721
f 2903//722 2162//722 2904//722
f 2904//722 2162//722 2160//722
f 2904//723 2160//723 2905//723
f 2905//723 2160//723 2158//723
f 2905//724 2158//724 2906//724
f 2906//724 2158//724 2156//724
f 2906//726 2156//726 2907//726
f 2907//726 2156//726 2154//726
f 2907//727 2154//727 2908//727
f 2908//727 2154//727 2152//727
f 2908//728 2152//728 2909//728
f 2909//728 2152//728 2150//728
f 2909//729 2150//729 2910//729
f 2910//729 2150//729 2148//729
f 2910//730 2148//730 2911//730
f 2911//730 2148//730 2146//730
f 2911//731 2146//731 2912//731
f 2912//731 2146//731 2144//731
f 2912//732 2144//732 2913//732
f 2913//732 2144//732 2142//732
f 2913//733 2142//733 2914//733
f 2914//733 2142//733 2140//733
f 2914//735 2140//735 2915//735
f 2915//735 2140//735 2138//735
f 2915//736 2138//736 2916//736
f 2916//736 2138//736 2136//736
f 2916//737 2136//737 2917//737
f 2917//737 2136//737 2134//737
f 2917//738 2134//738 2918//738
f 2918//738 2134//738 2132//738
f 2918//699 2132//699 2883//699
f 2883//699 2132//699 2130//699
f 2919//699 2920//699 2921//699
f 2921//699 2920//699 2922//699
f 2921//700 2922//700 2923//700
f 2923//700 2922//700 2924//700
f 2923//701 2924//701 2925//701
f 2925//701 2924//701 2926//701
f 2925//702 2926//702 2927//702
f 2927//702 2926//702 2928//702
f 2927//703 2928//703 2929//703
f 2929//703 2928//703 2930//703
f 2929//704 2930//704 2931//704
f 2931//704 2930//704 2932//704
f 2931//706 2932//706 2933//706
f 2933//705 2932//705 2934//705
f 2933//707 2934//707 2935//707
f 2935//707 2934//707 2936//707
f 2935//708 2936//708 2937//708
f 2937//708 2936//708 2938//708
f 2937//709 2938//709 2939//709
f 2939//709 2938//709 2940//709
f 2939//710 2940//710 2941//710
f 2941//710 2940//710 2942//710
f 2941//711 2942//711 2943//711
f 2943//711 2942//711 2944//711
f 2943//712 2944//712 2945//712
f 2945//712 2944//712 2946//712
f 2945//714 2946//714 2947//714
f 2947//713 2946//713 2948//713
f 2947//715 2948//715 2949//715
f 2949//715 2948//715 2950//715
f 2949//716 2950//716 2951//716
f 2951//716 2950//716 2952//716
f 2951//717 2952//717 2953//717
f 2953//717 2952//717 2954//717
f 2953//718 2954//718 2955//718
f 2955//718 2954//718 2956//718
f 2955//719 2956//719 2957//719
f 2957//719 2956//719 2958//719
f 2957//720 2958//720 2959//720
f 2959//720 2958//720 2960//720
f 2959//721 2960//721 2961//721
f 2961//721 2960//721 2962//721
f 2961//722 2962//722 2963//722
f 2963//722 2962//722 2964//722
f 2963//723 2964//723 2965//723
f 2965//723 2964//723 2966//723
f 2965//724 2966//724 2967//724
f 2967//724 2966//724 2968//724
f 2967//726 2968//726 2969//726
f 2969//725 2968//725 2970//725
f 2969//727 2970//727 2971//727
f 2971//727 2970//727 2972//727
f 2971//728 2972//728 2973//728
f 2973//728 2972//728 2974//728
f 2973//729 2974//729 2975//729
f 2975//729 2974//729 2976//729
f 2975//730 2976//730 2977//730
f 2977//730 2976//730 2978//730
f 2977//731 2978//731 2979//731
f 2979//731 2978//731 2980//731
f 2979//732 2980//732 2981//732
f 2981//732 2980//732 2982//732
f 2981//734 2982//734 2983//734
f 2983//733 2982//733 2984//733
f 2983//735 2984//735 2985//735
f 2985//735 2984//735 2986//735
f 2985//736 2986//736 2987//736
f 2987//736 2986//736 2988//736
f 2987//737 2988//737 2989//737
f 2989//737 2988//737 2990//737
f 2989//738 2990//738 2919//738
f 2919//738 2990//738 2920//738
f 2991//700 2992//700 2993//700
f 2993//700 2992//700 2994//700
f 2993//699 2994//699 2995//699
f 2995//699 2994//699 2996//699
f 2995//738 2996//738 2997//738
f 2997//738 2996//738 2998//738
f 2997//737 2998//737 2999//737
f 2999//737 2998//737 3000//737
f 2999//736 3000//736 3001//736
f 3001//736 3000//736 3002//736
f 3001//735 3002//735 3003//735
f 3003//735 3002//735 3004//735
f 3003//733 3004//733 3005//733
f 3005//733 3004//733 3006//733
f 3005//732 3006//732 3007//732
f 3007//732 3006//732 3008//732
f 3007//731 3008//731 3009//731
f 3009//731 3008//731 3010//731
f 3009//730 3010//730 3011//730
f 3011//730 3010//730 3012//730
f 3011//729 3012//729 3013//729
f 3013//729 3012//729 3014//729
f 3013//728 3014//728 3015//728
f 3015//728 3014//728 3016//728
f 3015//727 3016//727 3017//727
f 3017//727 3016//727 3018//727
f 3017//726 3018//726 3019//726
f 3019//726 3018//726 3020//726
f 3019//724 3020//724 3021//724
f 3021//724 3020//724 3022//724
f 3021//723 3022//723 3023//723
f 3023//723 3022//723 3024//723
f 3023//722 3024//722 3025//722
f 3025//722 3024//722 3026//722
f 3025//721 3026//721 3027//721
f 3027//721 3026//721 3028//721
f 3027//720 3028//720 3029//720
f 3029//720 3028//720 3030//720
f 3029//719 3030//719 3031//719
f 3031//719 3030//719 3032//719
f 3031//718 3032//718 3033//718
f 3033//718 3032//718 3034//718
f 3033//717 3034//717 3035//717
f 3035//717 3034//717 3036//717
f 3035//716 3036//716 3037//716
f 3037//716 3036//716 3038//716
f 3037//715 3038//715 3039//715
f 3039//715 3038//715 3040//715
f 3039//713 3040//713 3041//713
f 3041//714 3040//714 3042//714
f 3041//712 3042//712 3043//712
f 3043//712 3042//712 3044//712
f 3043//711 3044//711 3045//711
f 3045//711 3044//711 3046//711
f 3045//741 3046//741 3047//741
f 3047//710 3046//710 3048//710
f 3047//709 3048//709 3049//709
f 3049//742 3048//742 3050//742
f 3049//708 3050//708 3051//708
f 3051//708 3050//708 3052//708
f 3051//707 3052//707 3053//707
f 3053//707 3052//707 3054//707
f 3053//705 3054//705 3055//705
f 3055//706 3054//706 3056//706
f 3055//704 3056//704 3057//704
f 3057//704 3056//704 3058//704
f 3057//703 3058//703 3059//703
f 3059//703 3058//703 3060//703
f 3059//702 3060//702 3061//702
f 3061//702 3060//702 3062//702
f 3061//701 3062//701 2991//701
f 2991//701 3062//701 2992//701
f 2922//700 3063//700 2924//700
f 2924//700 3063//700 3064//700
f 2924//701 3064//701 2926//701
f 2926//701 3064//701 3065//701
f 2926//702 3065//702 2928//702
f 2928//702 3065//702 3066//702
f 2928//703 3066//703 2930//703
f 2930//703 3066//703 3067//703
f 2930//704 3067//704 2932//704
f 2932//704 3067//704 3068//704
f 2932//706 3068//706 2934//706
f 2934//705 3068//705 3069//705
f 2934//707 3069//707 2936//707
f 2936//707 3069//707 3070//707
f 2936//708 3070//708 2938//708
f 2938//708 3070//708 3071//708
f 2938//709 3071//709 2940//709
f 2940//709 3071//709 3072//709
f 2940//710 3072//710 2942//710
f 2942//710 3072//710 3073//710
f 2942//711 3073//711 2944//711
f 2944//711 3073//711 3074//711
f 2944//712 3074//712 2946//712
f 2946//712 3074//712 3075//712
f 2946//714 3075//714 2948//714
f 2948//713 3075//713 3076//713
f 2948//715 3076//715 2950//715
f 2950//715 3076//715 3077//715
f 2950//716 3077//716 2952//716
f 2952//716 3077//716 3078//716
f 2952//717 3078//717 2954//717
f 2954//717 3078//717 3079//717
f 2954//718 3079//718 2956//718
f 2956//718 3079//718 3080//718
f 2956//719 3080//719 2958//719
f 2958//719 3080//719 3081//719
f 2958//720 3081//720 2960//720
f 2960//720 3081//720 3082//720
f 2960//721 3082//721 2962//721
f 2962//721 3082//721 3083//721
f 2962//722 3083//722 2964//722
f 2964//722 3083//722 3084//722
f 2964//723 3084//723 2966//723
f 2966//723 3084//723 3085//723
f 2966//724 3085//724 2968//724
f 2968//724 3085//724 3086//724
f 2968//726 3086//726 2970//726
f 2970//726 3086//726 3087//726
f 2970//727 3087//727 2972//727
f 2972//727 3087//727 3088//727
f 2972//728 3088//728 2974//728
f 2974//728 3088//728 3089//728
f 2974//729 3089//729 2976//729
f 2976//729 3089//729 3090//729
f 2976//730 3090//730 2978//730
f 2978//730 3090//730 3091//730
f 2978//731 3091//731 2980//731
f 2980//731 3091//731 3092//731
f 2980//732 3092//732 2982//732
f 2982//732 3092//732 3093//732
f 2982//733 3093//733 2984//733
f 2984//733 3093//733 3094//733
f 2984//735 3094//735 2986//735
f 2986//735 3094//735 3095//735
f 2986//736 3095//736 2988//736
f 2988//736 3095//736 3096//736
f 2988//737 3096//737 2990//737
f 2990//737 3096//737 3097//737
f 2990//738 3097//738 2920//738
f 2920//738 3097//738 3098//738
f 2920//699 3098//699 2922//699
f 2922//699 3098//699 3063//699
f 3063//700 3099//700 3064//700
f 3064//700 3099//700 3100//700
f 3064//701 3100//701 3065//701
f 3065//701 3100//701 3101//701
f 3065//702 3101//702 3066//702
f 3066//702 3101//702 3102//702
f 3066//703 3102//703 3067//703
f 3067//703 3102//703 3103//703
f 3067//704 3103//704 3068//704
f 3068//704 3103//704 3104//704
f 3068//706 3104//706 3069//706
f 3069//705 3104//705 3105//705
f 3069//707 3105//707 3070//707
f 3070//707 3105//707 3106//707
f 3070//708 3106//708 3071//708
f 3071//708 3106//708 3107//708
f 3071//709 3107//709 3072//709
f 3072//709 3107//709 3108//709
f 3072//710 3108//710 3073//710
f 3073//710 3108//710 3109//710
f 3073//711 3109//711 3074//711
f 3074//711 3109//711 3110//711
f 3074//712 3110//712 3075//712
f 3075//712 3110//712 3111//712
f 3075//714 3111//714 3076//714
f 3076//713 3111//713 3112//713
f 3076//715 3112//715 3077//715
f 3077//715 3112//715 3113//715
f 3077//716 3113//716 3078//716
f 3078//716 3113//716 3114//716
f 3078//717 3114//717 3079//717
f 3079//717 3114//717 3115//717
f 3079//718 3115//718 3080//718
f 3080//718 3115//718 3116//718
f 3080//719 3116//719 3081//719
f 3081//719 3116//719 3117//719
f 3081//720 3117//720 3082//720
f 3082//720 3117//720 3118//720
f 3082//721 3118//721 3083//721
f 3083//721 3118//721 3119//721
f 3083//722 3119//722 3084//722
f 3084//722 3119//722 3120//722
f 3084//723 3120//723 3085//723
f 3085//723 3120//723 3121//723
f 3085//724 3121//724 3086//724
f 3086//724 3121//724 3122//724
f 3086//726 3122//726 3087//726
f 3087//726 3122//726 3123//726
f 3087//727 3123//727 3088//727
f 3088//727 3123//727 3124//727
f 3088//728 3124//728 3089//728
f 3089//728 3124//728 3125//728
f 3089//729 3125//729 3090//729
f 3090//729 3125//729 3126//729
f 3090//730 3126//730 3091//730
f 3091//730 3126//730 3127//730
f 3091//731 3127//731 3092//731
f 3092//731 3127//731 3128//731
f 3092//732 3128//732 3093//732
f 3093//732 3128//732 3129//732
f 3093//733 3129//733 3094//733
f 3094//733 3129//733 3130//733
f 3094//735 3130//735 3095//735
f 3095//735 3130//735 3131//735
f 3095//736 3131//736 3096//736
f 3096//736 3131//736 3132//736
f 3096//737 3132//737 3097//737
f 3097//737 3132//737 3133//737
f 3097//738 3133//738 3098//738
f 3098//738 3133//738 3134//738
f 3098//699 3134//699 3063//699
f 3063//699 3134//699 3099//699
f 3099//700 3135//700 3100//700
f 3100//700 3135//700 3136//700
f 3100//701 3136//701 3101//701
f 3101//701 3136//701 3137//701
f 3101//702 3137//702 3102//702
f 3102//702 3137//702 3138//702
f 3102//703 3138//703 3103//703
f 3103//703 3138//703 3139//703
f 3103//704 3139//704 3104//704
f 3104//704 3139//704 3140//704
f 3104//706 3140//706 3105//706
f 3105//705 3140//705 3141//705
f 3105//707 3141//707 3106//707
f 3106//707 3141//707 3142//707
f 3106//708 3142//708 3107//708
f 3107//708 3142//708 3143//708
f 3107//709 3143//709 3108//709
f 3108//709 3143//709 3144//709
f 3108//710 3144//710 3109//710
f 3109//710 3144//710 3145//710
f 3109//711 3145//711 3110//711
f 3110//711 3145//711 3146//711
f 3110//712 3146//712 3111//712
f 3111//712 3146//712 3147//712
f 3111//714 3147//714 3112//714
f 3112//713 3147//713 3148//713
f 3112//715 3148//715 3113//715
f 3113//715 3148//715 3149//715
f 3113//716 3149//716 3114//716
f 3114//716 3149//716 3150//716
f 3114//717 3150//717 3115//717
f 3115//717 3150//717 3151//717
f 3115//718 3151//718 3116//718
f 3116//718 3151//718 3152//718
f 3116//719 3152//719 3117//719
f 3117//719 3152//719 3153//719
f 3117//720 3153//720 3118//720
f 3118//720 3153//720 3154//720
f 3118//721 3154//721 3119//721
f 3119//721 3154//721 3155//721
f 3119//722 3155//722 3120//722
f 3120//722 3155//722 3156//722
f 3120//723 3156//723 3121//723
f 3121//723 3156//723 3157//723
f 3121//724 3157//724 3122//724
f 3122//724 3157//724 3158//724
f 3122//726 3158//726 3123//726
f 3123//725 3158//725 3159//725
f 3123//727 3159//727 3124//727
f 3124//727 3159//727 3160//727
f 3124//728 3160//728 3125//728
f 3125//728 3160//728 3161//728
f 3125//729 3161//729 3126//729
f 3126//729 3161//729 3162//729
f 3126//730 3162//730 3127//730
f 3127//730 3162//730 3163//730
f 3127//731 3163//731 3128//731
f 3128//731 3163//731 3164//731
f 3128//732 3164//732 3129//732
f 3129//732 3164//732 3165//732
f 3129//734 3165//734 3130//734
f 3130//733 3165//733 3166//733
f 3130//735 3166//735 3131//735
f 3131//735 3166//735 3167//735
f 3131//736 3167//736 3132//736
f 3132//736 3167//736 3168//736
f 3132//737 3168//737 3133//737
f 3133//737 3168//737 3169//737
f 3133//738 3169//738 3134//738
f 3134//738 3169//738 3170//738
f 3134//699 3170//699 3099//699
f 3099//699 3170//699 3135//699
f 3135//700 3171//700 3136//700
f 3136//700 3171//700 3172//700
f 3136//701 3172//701 3137//701
f 3137//701 3172//701 3173//701
f 3137//702 3173//702 3138//702
f 3138//702 3173//702 3174//702
f 3138//703 3174//703 3139//703
f 3139//703 3174//703 3175//703
f 3139//704 3175//704 3140//704
f 3140//704 3175//704 3176//704
f 3140//706 3176//706 3141//706
f 3141//705 3176//705 3177//705
f 3141//707 3177//707 3142//707
f 3142//707 3177//707 3178//707
f 3142//708 3178//708 3143//708
f 3143//708 3178//708 3179//708
f 3143//709 3179//709 3144//709
f 3144//709 3179//709 3180//709
f 3144//710 3180//710 3145//710
f 3145//710 3180//710 3181//710
f 3145//711 3181//711 3146//711
f 3146//711 3181//711 3182//711
f 3146//712 3182//712 3147//712
f 3147//712 3182//712 3183//712
f 3147//714 3183//714 3148//714
f 3148//713 3183//713 3184//713
f 3148//715 3184//715 3149//715
f 3149//715 3184//715 3185//715
f 3149//716 3185//716 3150//716
f 3150//716 3185//716 3186//716
f 3150//717 3186//717 3151//717
f 3151//717 3186//717 3187//717
f 3151//718 3187//718 3152//718
f 3152//718 3187//718 3188//718
f 3152//719 3188//719 3153//719
f 3153//719 3188//719 3189//719
f 3153//720 3189//720 3154//720
f 3154//720 3189//720 3190//720
f 3154//721 3190//721 3155//721
f 3155//721 3190//721 3191//721
f 3155//722 3191//722 3156//722
f 3156//722 3191//722 3192//722
f 3156//723 3192//723 3157//723
f 3157//723 3192//723 3193//723
f 3157//724 3193//724 3158//724
f 3158//724 3193//724 3194//724
f 3158//726 3194//726 3159//726
f 3159//726 3194//726 3195//726
f 3159//727 3195//727 3160//727
f 3160//727 3195//727 3196//727
f 3160//728 3196//728 3161//728
f 3161//728 3196//728 3197//728
f 3161//729 3197//729 3162//729
f 3162//729 3197//729 3198//729
f 3162//730 3198//730 3163//730
f 3163//730 3198//730 3199//730
f 3163//731 3199//731 3164//731
f 3164//731 3199//731 3200//731
f 3164//732 3200//732 3165//732
f 3165//732 3200//732 3201//732
f 3165//733 3201//733 3166//733
f 3166//733 3201//733 3202//733
f 3166//735 3202//735 3167//735
f 3167//735 3202//735 3203//735
f 3167//736 3203//736 3168//736
f 3168//736 3203//736 3204//736
f 3168//737 3204//737 3169//737
f 3169//737 3204//737 3205//737
f 3169//738 3205//738 3170//738
f 3170//738 3205//738 3206//738
f 3170//699 3206//699 3135//699
f 3135//699 3206//699 3171//699
f 3171//700 3207//700 3172//700
f 3172//700 3207//700 3208//700
f 3172//701 3208//701 3173//701
f 3173//701 3208//701 3209//701
f 3173//702 3209//702 3174//702
f 3174//702 3209//702 3210//702
f 3174//703 3210//703 3175//703
f 3175//703 3210//703 3211//703
f 3175//704 3211//704 3176//704
f 3176//704 3211//704 3212//704
f 3176//706 3212//706 3177//706
f 3177//705 3212//705 3213//705
f 3177//707 3213//707 3178//707
f 3178//707 3213//707 3214//707
f 3178//708 3214//708 3179//708
f 3179//708 3214//708 3215//708
f 3179//709 3215//709 3180//709
f 3180//709 3215//709 3216//709
f 3180//710 3216//710 3181//710
f 3181//710 3216//710 3217//710
f 3181//711 3217//711 3182//711
f 3182//711 3217//711 3218//711
f 3182//712 3218//712 3183//712
f 3183//712 3218//712 3219//712
f 3183//714 3219//714 3184//714
f 3184//713 3219//713 3220//713
f 3184//715 3220//715 3185//715
f 3185//715 3220//715 3221//715
f 3185//716 3221//716 3186//716
f 3186//716 3221//716 3222//716
f 3186//717 3222//717 3187//717
f 3187//717 3222//717 3223//717
f 3187//718 3223//718 3188//718
f 3188//718 3223//718 3224//718
f 3188//719 3224//719 3189//719
f 3189//719 3224//719 3225//719
f 3189//720 3225//720 3190//720
f 3190//720 3225//720 3226//720
f 3190//721 3226//721 3191//721
f 3191//721 3226//721 3227//721
f 3191//722 3227//722 3192//722
f 3192//722 3227//722 3228//722
f 3192//723 3228//723 3193//723
f 3193//723 3228//723 3229//723
f 3193//724 3229//724 3194//724
f 3194//724 3229//724 3230//724
f 3194//726 3230//726 3195//726
f 3195//726 3230//726 3231//726
f 3195//727 3231//727 3196//727
f 3196//727 3231//727 3232//727
f 3196//728 3232//728 3197//728
f 3197//728 3232//728 3233//728
f 3197//729 3233//729 3198//729
f 3198//729 3233//729 3234//729
f 3198//730 3234//730 3199//730
f 3199//730 3234//730 3235//730
f 3199//731 3235//731 3200//731
f 3200//731 3235//731 3236//731
f 3200//732 3236//732 3201//732
f 3201//732 3236//732 3237//732
f 3201//733 3237//733 3202//733
f 3202//733 3237//733 3238//733
f 3202//735 3238//735 3203//735
f 3203//735 3238//735 3239//735
f 3203//736 3239//736 3204//736
f 3204//736 3239//736 3240//736
f 3204//737 3240//737 3205//737
f 3205//737 3240//737 3241//737
f 3205//738 3241//738 3206//738
f 3206//738 3241//738 3242//738
f 3206//699 3242//699 3171//699
f 3171//699 3242//699 3207//699
f 3207//700 3243//700 3208//700
f 3208//700 3243//700 3244//700
f 3208//701 3244//701 3209//701
f 3209//701 3244//701 3245//701
f 3209//702 3245//702 3210//702
f 3210//702 3245//702 3246//702
f 3210//703 3246//703 3211//703
f 3211//703 3246//703 3247//703
f 3211//704 3247//704 3212//704
f 3212//704 3247//704 3248//704
f 3212//706 3248//706 3213//706
f 3213//705 3248//705 3249//705
f 3213//707 3249//707 3214//707
f 3214//707 3249//707 3250//707
f 3214//708 3250//708 3215//708
f 3215//708 3250//708 3251//708
f 3215//709 3251//709 3216//709
f 3216//709 3251//709 3252//709
f 3216//710 3252//710 3217//710
f 3217//710 3252//710 3253//710
f 3217//711 3253//711 3218//711
f 3218//711 3253//711 3254//711
f 3218//712 3254//712 3219//712
f 3219//712 3254//712 3255//712
f 3219//714 3255//714 3220//714
f 3220//713 3255//713 3256//713
f 3220//715 3256//715 3221//715
f 3221//715 3256//715 3257//715
f 3221//716 3257//716 3222//716
f 3222//716 3257//716 3258//716
f 3222//717 3258//717 3223//717
f 3223//717 3258//717 3259//717
f 3223//718 3259//718 3224//718
f 3224//718 3259//718 3260//718
f 3224//719 3260//719 3225//719
f 3225//719 3260//719 3261//719
f 3225//720 3261//720 3226//720
f 3226//720 3261//720 3262//720
f 3226//721 3262//721 3227//721
f 3227//721 3262//721 3263//721
f 3227//722 3263//722 3228//722
f 3228//722 3263//722 3264//722
f 3228//723 3264//723 3229//723
f 3229//723 3264//723 3265//723
f 3229//724 3265//724 3230//724
f 3230//724 3265//724 3266//724
f 3230//726 3266//726 3231//726
f 3231//726 3266//726 3267//726
f 3231//727 3267//727 3232//727
f 3232//727 3267//727 3268//727
f 3232//728 3268//728 3233//728
f 3233//728 3268//728 3269//728
f 3233//729 3269//729 3234//729
f 3234//729 3269//729 3270//729
f 3234//730 3270//730 3235//730
f 3235//730 3270//730 3271//730
f 3235//731 3271//731 3236//731
f 3236//731 3271//731 3272//731
f 3236//732 3272//732 3237//732
f 3237//732 3272//732 3273//732
f 3237//733 3273//733 3238//733
f 3238//733 3273//733 3274//733
f 3238//735 3274//735 3239//735
f 3239//735 3274//735 3275//735
f 3239//736 3275//736 3240//736
f 3240//736 3275//736 3276//736
f 3240//737 3276//737 3241//737
f 3241//737 3276//737 3277//737
f 3241//738 3277//738 3242//738
f 3242//738 3277//738 3278//738
f 3242//699 3278//699 3207//699
f 3207//699 3278//699 3243//699
f 3243//700 3279//700 3244//700
f 3244//700 3279//700 3280//700
f 3244//701 3280//701 3245//701
f 3245//701 3280//701 3281//701
f 3245//702 3281//702 3246//702
f 3246//702 3281//702 3282//702
f 3246//703 3282//703 3247//703
f 3247//703 3282//703 3283//703
f 3247//704 3283//704 3248//704
f 3248//704 3283//704 3284//704
f 3248//706 3284//706 3249//706
f 3249//705 3284//705 3285//705
f 3249//707 3285//707 3250//707
f 3250//707 3285//707 3286//707
f 3250//708 3286//708 3251//708
f 3251//708 3286//708 3287//708
f 3251//709 3287//709 3252//709
f 3252//709 3287//709 3288//709
f 3252//710 3288//710 3253//710
f 3253//710 3288//710 3289//710
f 3253//711 3289//711 3254//711
f 3254//711 3289//711 3290//711
f 3254//712 3290//712 3255//712
f 3255//712 3290//712 3291//712
f 3255//714 3291//714 3256//714
f 3256//713 3291//713 3292//713
f 3256//715 3292//715 3257//715
f 3257//715 3292//715 3293//715
f 3257//716 3293//716 3258//716
f 3258//716 3293//716 3294//716
f 3258//717 3294//717 3259//717
f 3259//717 3294//717 3295//717
f 3259//718 3295//718 3260//718
f 3260//718 3295//718 3296//718
f 3260//719 3296//719 3261//719
f 3261//719 3296//719 3297//719
f 3261//720 3297//720 3262//720
f 3262//720 3297//720 3298//720
f 3262//721 3298//721 3263//721
f 3263//721 3298//721 3299//721
f 3263//722 3299//722 3264//722
f 3264//722 3299//722 3300//722
f 3264//723 3300//723 3265//723
f 3265//723 3300//723 3301//723
f 3265//724 3301//724 3266//724
f 3266//724 3301//724 3302//724
f 3266//726 3302//726 3267//726
f 3267//725 3302//725 3303//725
f 3267//727 3303//727 3268//727
f 3268//727 3303//727 3304//727
f 3268//728 3304//728 3269//728
f 3269//728 3304//728 3305//728
f 3269//729 3305//729 3270//729
f 3270//729 3305//729 3306//729
f 3270//730 3306//730 3271//730
f 3271//730 3306//730 3307//730
f 3271//731 3307//731 3272//731
f 3272//731 3307//731 3308//731
f 3272//732 3308//732 3273//732
f 3273//732 3308//732 3309//732
f 3273//734 3309//734 3274//734
f 3274//733 3309//733 3310//733
f 3274//735 3310//735 3275//735
f 3275//735 3310//735 3311//735
f 3275//736 3311//736 3276//736
f 3276//736 3311//736 3312//736
f 3276//737 3312//737 3277//737
f 3277//737 3312//737 3313//737
f 3277//738 3313//738 3278//738
f 3278//738 3313//738 3314//738
f 3278//699 3314//699 3243//699
f 3243//699 3314//699 3279//699
f 3279//700 3315//700 3280//700
f 3280//700 3315//700 3316//700
f 3280//701 3316//701 3281//701
f 3281//701 3316//701 3317//701
f 3281//702 3317//702 3282//702
f 3282//702 3317//702 3318//702
f 3282//703 3318//703 3283//703
f 3283//703 3318//703 3319//703
f 3283//704 3319//704 3284//704
f 3284//704 3319//704 3320//704
f 3284//706 3320//706 3285//706
f 3285//705 3320//705 3321//705
f 3285//707 3321//707 3286//707
f 3286//707 3321//707 3322//707
f 3286//708 3322//708 3287//708
f 3287//708 3322//708 3323//708
f 3287//709 3323//709 3288//709
f 3288//709 3323//709 3324//709
f 3288//710 3324//710 3289//710
f 3289//710 3324//710 3325//710
f 3289//711 3325//711 3290//711
f 3290//711 3325//711 3326//711
f 3290//712 3326//712 3291//712
f 3291//712 3326//712 3327//712
f 3291//714 3327//714 3292//714
f 3292//713 3327//713 3328//713
f 3292//715 3328//715 3293//715
f 3293//715 3328//715 3329//715
f 3293//716 3329//716 3294//716
f 3294//716 3329//716 3330//716
f 3294//717 3330//717 3295//717
f 3295//717 3330//717 3331//717
f 3295//718 3331//718 3296//718
f 3296//718 3331//718 3332//718
f 3296//719 3332//719 3297//719
f 3297//719 3332//719 3333//719
f 3297//720 3333//720 3298//720
f 3298//720 3333//720 3334//720
f 3298//721 3334//721 3299//721
f 3299//721 3334//721 3335//721
f 3299//722 3335//722 3300//722
f 3300//722 3335//722 3336//722
f 3300//723 3336//723 3301//723
f 3301//723 3336//723 3337//723
f 3301//724 3337//724 3302//724
f 3302//724 3337//724 3338//724
f 3302//726 3338//726 3303//726
f 3303//726 3338//726 3339//726
f 3303//727 3339//727 3304//727
f 3304//727 3339//727 3340//727
f 3304//728 3340//728 3305//728
f 3305//728 3340//728 3341//728
f 3305//729 3341//729 3306//729
f 3306//729 3341//729 3342//729
f 3306//730 3342//730 3307//730
f 3307//730 3342//730 3343//730
f 3307//731 3343//731 3308//731
f 3308//731 3343//731 3344//731
f 3308//732 3344//732 3309//732
f 3309//732 3344//732 3345//732
f 3309//733 3345//733 3310//733
f 3310//733 3345//733 3346//733
f 3310//735 3346//735 3311//735
f 3311//735 3346//735 3347//735
f 3311//736 3347//736 3312//736
f 3312//736 3347//736 3348//736
f 3312//737 3348//737 3313//737
f 3313//737 3348//737 3349//737
f 3313//738 3349//738 3314//738
f 3314//738 3349//738 3350//738
f 3314//699 3350//699 3279//699
f 3279//699 3350//699 3315//699
f 3315//700 3351//700 3316//700
f 3316//700 3351//700 3352//700
f 3316//701 3352//701 3317//701
f 3317//701 3352//701 3353//701
f 3317//702 3353//702 3318//702
f 3318//702 3353//702 3354//702
f 3318//703 3354//703 3319//703
f 3319//703 3354//703 3355//703
f 3319//704 3355//704 3320//704
f 3320//704 3355//704 3356//704
f 3320//706 3356//706 3321//706
f 3321//705 3356//705 3357//705
f 3321//707 3357//707 3322//707
f 3322//707 3357//707 3358//707
f 3322//708 3358//708 3323//708
f 3323//708 3358//708 3359//708
f 3323//709 3359//709 3324//709
f 3324//709 3359//709 3360//709
f 3324//710 3360//710 3325//710
f 3325//710 3360//710 3361//710
f 3325//711 3361//711 3326//711
f 3326//711 3361//711 3362//711
f 3326//712 3362//712 3327//712
f 3327//712 3362//712 3363//712
f 3327//714 3363//714 3328//714
f 3328//713 3363//713 3364//713
f 3328//715 3364//715 3329//715
f 3329//715 3364//715 3365//715
f 3329//716 3365//716 3330//716
f 3330//716 3365//716 3366//716
f 3330//717 3366//717 3331//717
f 3331//717 3366//717 3367//717
f 3331//718 3367//718 3332//718
f 3332//718 3367//718 3368//718
f 3332//719 3368//719 3333//719
f 3333//719 3368//719 3369//719
f 3333//720 3369//720 3334//720
f 3334//720 3369//720 3370//720
f 3334//721 3370//721 3335//721
f 3335//721 3370//721 3371//721
f 3335//722 3371//722 3336//722
f 3336//722 3371//722 3372//722
f 3336//723 3372//723 3337//723
f 3337//723 3372//723 3373//723
f 3337//724 3373//724 3338//724
f 3338//724 3373//724 3374//724
f 3338//726 3374//726 3339//726
f 3339//726 3374//726 3375//726
f 3339//727 3375//727 3340//727
f 3340//727 3375//727 3376//727
f 3340//728 3376//728 3341//728
f 3341//728 3376//728 3377//728
f 3341//729 3377//729 3342//729
f 3342//729 3377//729 3378//729
f 3342//730 3378//730 3343//730
f 3343//730 3378//730 3379//730
f 3343//731 3379//731 3344//731
f 3344//731 3379//731 3380//731
f 3344//732 3380//732 3345//732
f 3345//732 3380//732 3381//732
f 3345//733 3381//733 3346//733
f 3346//733 3381//733 3382//733
f 3346//735 3382//735 3347//735
f 3347//735 3382//735 3383//735
f 3347//736 3383//736 3348//736
f 3348//736 3383//736 3384//736
f 3348//737 3384//737 3349//737
f 3349//737 3384//737 3385//737
f 3349//738 3385//738 3350//738
f 3350//738 3385//738 3386//738
f 3350//699 3386//699 3315//699
f 3315//699 3386//699 3351//699
f 3351//700 3387//700 3352//700
f 3352//700 3387//700 3388//700
f 3352//701 3388//701 3353//701
f 3353//701 3388//701 3389//701
f 3353//702 3389//702 3354//702
f 3354//702 3389//702 3390//702
f 3354//703 3390//703 3355//703
f 3355//703 3390//703 3391//703
f 3355//704 3391//704 3356//704
f 3356//704 3391//704 3392//704
f 3356//705 3392//705 3357//705
f 3357//705 3392//705 3393//705
f 3357//707 3393//707 3358//707
f 3358//707 3393//707 3394//707
f 3358//708 3394//708 3359//708
f 3359//708 3394//708 3395//708
f 3359//709 3395//709 3360//709
f 3360//709 3395//709 3396//709
f 3360//710 3396//710 3361//710
f 3361//710 3396//710 3397//710
f 3361//711 3397//711 3362//711
f 3362//711 3397//711 3398//711
f 3362//712 3398//712 3363//712
f 3363//712 3398//712 3399//712
f 3363//714 3399//714 3364//714
f 3364//714 3399//714 3400//714
f 3364//715 3400//715 3365//715
f 3365//715 3400//715 3401//715
f 3365//716 3401//716 3366//716
f 3366//716 3401//716 3402//716
f 3366//717 3402//717 3367//717
f 3367//717 3402//717 3403//717
f 3367//718 3403//718 3368//718
f 3368//718 3403//718 3404//718
f 3368//719 3404//719 3369//719
f 3369//719 3404//719 3405//719
f 3369//720 3405//720 3370//720
f 3370//720 3405//720 3406//720
f 3370//721 3406//721 3371//721
f 3371//721 3406//721 3407//721
f 3371//722 3407//722 3372//722
f 3372//722 3407//722 3408//722
f 3372//723 3408//723 3373//723
f 3373//723 3408//723 3409//723
f 3373//724 3409//724 3374//724
f 3374//724 3409//724 3410//724
f 3374//726 3410//726 3375//726
f 3375//726 3410//726 3411//726
f 3375//727 3411//727 3376//727
f 3376//727 3411//727 3412//727
f 3376//728 3412//728 3377//728
f 3377//728 3412//728 3413//728
f 3377//729 3413//729 3378//729
f 3378//729 3413//729 3414//729
f 3378//730 3414//730 3379//730
f 3379//730 3414//730 3415//730
f 3379//731 3415//731 3380//731
f 3380//731 3415//731 3416//731
f 3380//732 3416//732 3381//732
f 3381//732 3416//732 3417//732
f 3381//733 3417//733 3382//733
f 3382//733 3417//733 3418//733
f 3382//735 3418//735 3383//735
f 3383//735 3418//735 3419//735
f 3383//736 3419//736 3384//736
f 3384//736 3419//736 3420//736
f 3384//737 3420//737 3385//737
f 3385//737 3420//737 3421//737
f 3385//738 3421//738 3386//738
f 3386//738 3421//738 3422//738
f 3386//699 3422//699 3351//699
f 3351//699 3422//699 3387//699
f 3387//700 3423//700 3388//700
f 3388//700 3423//700 3424//700
f 3388//701 3424//701 3389//701
f 3389//701 3424//701 3425//701
f 3389//702 3425//702 3390//702
f 3390//702 3425//702 3426//702
f 3390//703 3426//703 3391//703
f 3391//703 3426//703 3427//703
f 3391//704 3427//704 3392//704
f 3392//704 3427//704 3428//704
f 3392//705 3428//705 3393//705
f 3393//705 3428//705 3429//705
f 3393//707 3429//707 3394//707
f 3394//707 3429//707 3430//707
f 3394//708 3430//708 3395//708
f 3395//708 3430//708 3431//708
f 3395//709 3431//709 3396//709
f 3396//709 3431//709 3432//709
f 3396//710 3432//710 3397//710
f 3397//710 3432//710 3433//710
f 3397//711 3433//711 3398//711
f 3398//711 3433//711 3434//711
f 3398//712 3434//712 3399//712
f 3399//712 3434//712 3435//712
f 3399//714 3435//714 3400//714
f 3400//714 3435//714 3436//714
f 3400//715 3436//715 3401//715
f 3401//715 3436//715 3437//715
f 3401//716 3437//716 3402//716
f 3402//716 3437//716 3438//716
f 3402//717 3438//717 3403//717
f 3403//717 3438//717 3439//717
f 3403//718 3439//718 3404//718
f 3404//718 3439//718 3440//718
f 3404//719 3440//719 3405//719
f 3405//719 3440//719 3441//719
f 3405//720 3441//720 3406//720
f 3406//720 3441//720 3442//720
f 3406//721 3442//721 3407//721
f 3407//721 3442//721 3443//721
f 3407//722 3443//722 3408//722
f 3408//722 3443//722 3444//722
f 3408//723 3444//723 3409//723
f 3409//723 3444//723 3445//723
f 3409//724 3445//724 3410//724
f 3410//724 3445//724 3446//724
f 3410//726 3446//726 3411//726
f 3411//726 3446//726 3447//726
f 3411//727 3447//727 3412//727
f 3412//727 3447//727 3448//727
f 3412//728 3448//728 3413//728
f 3413//728 3448//728 3449//728
f 3413//729 3449//729 3414//729
f 3414//729 3449//729 3450//729
f 3414//730 3450//730 3415//730
f 3415//730 3450//730 3451//730
f 3415//731 3451//731 3416//731
f 3416//731 3451//731 3452//731
f 3416//732 3452//732 3417//732
f 3417//732 3452//732 3453//732
f 3417//733 3453//733 3418//733
f 3418//733 3453//733 3454//733
f 3418//735 3454//735 3419//735
f 3419//735 3454//735 3455//735
f 3419//736 3455//736 3420//736
f 3420//736 3455//736 3456//736
f 3420//737 3456//737 3421//737
f 3421//737 3456//737 3457//737
f 3421//738 3457//738 3422//738
f 3422//738 3457//738 3458//738
f 3422//699 3458//699 3387//699
f 3387//699 3458//699 3423//699
f 3423//700 3459//700 3424//700
f 3424//700 3459//700 3460//700
f 3424//701 3460//701 3425//701
f 3425//701 3460//701 3461//701
f 3425//702 3461//702 3426//702
f 3426//702 3461//702 3462//702
f 3426//703 3462//703 3427//703
f 3427//703 3462//703 3463//703
f 3427//704 3463//704 3428//704
f 3428//704 3463//704 3464//704
f 3428//705 3464//705 3429//705
f 3429//705 3464//705 3465//705
f 3429//707 3465//707 3430//707
f 3430//707 3465//707 3466//707
f 3430//708 3466//708 3431//708
f 3431//708 3466//708 3467//708
f 3431//709 3467//709 3432//709
f 3432//709 3467//709 3468//709
f 3432//710 3468//710 3433//710
f 3433//710 3468//710 3469//710
f 3433//711 3469//711 3434//711
f 3434//711 3469//711 3470//711
f 3434//712 3470//712 3435//712
f 3435//712 3470//712 3471//712
f 3435//714 3471//714 3436//714
f 3436//714 3471//714 3472//714
f 3436//715 3472//715 3437//715
f 3437//715 3472//715 3473//715
f 3437//716 3473//716 3438//716
f 3438//716 3473//716 3474//716
f 3438//717 3474//717 3439//717
f 3439//717 3474//717 3475//717
f 3439//718 3475//718 3440//718
f 3440//718 3475//718 3476//718
f 3440//719 3476//719 3441//719
f 3441//719 3476//719 3477//719
f 3441//720 3477//720 3442//720
f 3442//720 3477//720 3478//720
f 3442//721 3478//721 3443//721
f 3443//721 3478//721 3479//721
f 3443//722 3479//722 3444//722
f 3444//722 3479//722 3480//722
f 3444//723 3480//723 3445//723
f 3445//723 3480//723 3481//723
f 3445//724 3481//724 3446//724
f 3446//724 3481//724 3482//724
f 3446//726 3482//726 3447//726
f 3447//726 3482//726 3483//726
f 3447//727 3483//727 3448//727
f 3448//727 3483//727 3484//727
f 3448//728 3484//728 3449//728
f 3449//728 3484//728 3485//728
f 3449//729 3485//729 3450//729
f 3450//729 3485//729 3486//729
f 3450//730 3486//730 3451//730
f 3451//730 3486//730 3487//730
f 3451//731 3487//731 3452//731
f 3452//731 3487//731 3488//731
f 3452//732 3488//732 3453//732
f 3453//732 3488//732 3489//732
f 3453//733 3489//733 3454//733
f 3454//733 3489//733 3490//733
f 3454//735 3490//735 3455//735
f 3455//735 3490//735 3491//735
f 3455//736 3491//736 3456//736
f 3456//736 3491//736 3492//736
f 3456//737 3492//737 3457//737
f 3457//737 3492//737 3493//737
f 3457//738 3493//738 3458//738
f 3458//738 3493//738 3494//738
f 3458//699 3494//699 3423//699
f 3423//699 3494//699 3459//699
f 3459//700 3495//700 3460//700
f 3460//700 3495//700 3496//700
f 3460//701 3496//701 3461//701
f 3461//701 3496//701 3497//701
f 3461//702 3497//702 3462//702
f 3462//702 3497//702 3498//702
f 3462//703 3498//703 3463//703
f 3463//703 3498//703 3499//703
f 3463//704 3499//704 3464//704
f 3464//704 3499//704 3500//704
f 3464//706 3500//706 3465//706
f 3465//705 3500//705 3501//705
f 3465//707 3501//707 3466//707
f 3466//707 3501//707 3502//707
f 3466//708 3502//708 3467//708
f 3467//708 3502//708 3503//708
f 3467//709 3503//709 3468//709
f 3468//709 3503//709 3504//709
f 3468//710 3504//710 3469//710
f 3469//710 3504//710 3505//710
f 3469//711 3505//711 3470//711
f 3470//711 3505//711 3506//711
f 3470//712 3506//712 3471//712
f 3471//712 3506//712 3507//712
f 3471//714 3507//714 3472//714
f 3472//713 3507//713 3508//713
f 3472//715 3508//715 3473//715
f 3473//715 3508//715 3509//715
f 3473//716 3509//716 3474//716
f 3474//716 3509//716 3510//716
f 3474//717 3510//717 3475//717
f 3475//717 3510//717 3511//717
f 3475//718 3511//718 3476//718
f 3476//718 3511//718 3512//718
f 3476//719 3512//719 3477//719
f 3477//719 3512//719 3513//719
f 3477//720 3513//720 3478//720
f 3478//720 3513//720 3514//720
f 3478//721 3514//721 3479//721
f 3479//721 3514//721 3515//721
f 3479//722 3515//722 3480//722
f 3480//722 3515//722 3516//722
f 3480//723 3516//723 3481//723
f 3481//723 3516//723 3517//723
f 3481//724 3517//724 3482//724
f 3482//724 3517//724 3518//724
f 3482//726 3518//726 3483//726
f 3483//726 3518//726 3519//726
f 3483//727 3519//727 3484//727
f 3484//727 3519//727 3520//727
f 3484//728 3520//728 3485//728
f 3485//728 3520//728 3521//728
f 3485//729 3521//729 3486//729
f 3486//729 3521//729 3522//729
f 3486//730 3522//730 3487//730
f 3487//730 3522//730 3523//730
f 3487//731 3523//731 3488//731
f 3488//731 3523//731 3524//731
f 3488//732 3524//732 3489//732
f 3489//732 3524//732 3525//732
f 3489//733 3525//733 3490//733
f 3490//733 3525//733 3526//733
f 3490//735 3526//735 3491//735
f 3491//735 3526//735 3527//735
f 3491//736 3527//736 3492//736
f 3492//736 3527//736 3528//736
f 3492//737 3528//737 3493//737
f 3493//737 3528//737 3529//737
f 3493//738 3529//738 3494//738
f 3494//738 3529//738 3530//738
f 3494//699 3530//699 3459//699
f 3459//699 3530//699 3495//699
f 3495//700 3531//700 3496//700
f 3496//700 3531//700 3532//700
f 3496//701 3532//701 3497//701
f 3497//701 3532//701 3533//701
f 3497//702 3533//702 3498//702
f 3498//702 3533//702 3534//702
f 3498//703 3534//703 3499//703
f 3499//703 3534//703 3535//703
f 3499//704 3535//704 3500//704
f 3500//704 3535//704 3536//704
f 3500//705 3536//705 3501//705
f 3501//705 3536//705 3537//705
f 3501//707 3537//707 3502//707
f 3502//707 3537//707 3538//707
f 3502//708 3538//708 3503//708
f 3503//708 3538//708 3539//708
f 3503//709 3539//709 3504//709
f 3504//709 3539//709 3540//709
f 3504//710 3540//710 3505//710
f 3505//710 3540//710 3541//710
f 3505//711 3541//711 3506//711
f 3506//711 3541//711 3542//711
f 3506//712 3542//712 3507//712
f 3507//712 3542//712 3543//712
f 3507//714 3543//714 3508//714
f 3508//714 3543//714 3544//714
f 3508//715 3544//715 3509//715
f 3509//715 3544//715 3545//715
f 3509//716 3545//716 3510//716
f 3510//716 3545//716 3546//716
f 3510//717 3546//717 3511//717
f 3511//717 3546//717 3547//717
f 3511//718 3547//718 3512//718
f 3512//718 3547//718 3548//718
f 3512//719 3548//719 3513//719
f 3513//719 3548//719 3549//719
f 3513//720 3549//720 3514//720
f 3514//720 3549//720 3550//720
f 3514//721 3550//721 3515//721
f 3515//721 3550//721 3551//721
f 3515//722 3551//722 3516//722
f 3516//722 3551//722 3552//722
f 3516//723 3552//723 3517//723
f 3517//723 3552//723 3553//723
f 3517//724 3553//724 3518//724
f 3518//724 3553//724 3554//724
f 3518//726 3554//726 3519//726
f 3519//726 3554//726 3555//726
f 3519//727 3555//727 3520//727
f 3520//727 3555//727 3556//727
f 3520//728 3556//728 3521//728
f 3521//728 3556//728 3557//728
f 3521//729 3557//729 3522//729
f 3522//729 3557//729 3558//729
f 3522//730 3558//730 3523//730
f 3523//730 3558//730 3559//730
f 3523//731 3559//731 3524//731
f 3524//731 3559//731 3560//731
f 3524//732 3560//732 3525//732
f 3525//732 3560//732 3561//732
f 3525//733 3561//733 3526//733
f 3526//733 3561//733 3562//733
f 3526//735 3562//735 3527//735
f 3527//735 3562//735 3563//735
f 3527//736 3563//736 3528//736
f 3528//736 3563//736 3564//736
f 3528//737 3564//737 3529//737
f 3529//737 3564//737 3565//737
f 3529//738 3565//738 3530//738
f 3530//738 3565//738 3566//738
f 3530//699 3566//699 3495//699
f 3495//699 3566//699 3531//699
f 3531//700 3567//700 3532//700
f 3532//700 3567//700 3568//700
f 3532//701 3568//701 3533//701
f 3533//701 3568//701 3569//701
f 3533//702 3569//702 3534//702
f 3534//702 3569//702 3570//702
f 3534//703 3570//703 3535//703
f 3535//703 3570//703 3571//703
f 3535//704 3571//704 3536//704
f 3536//704 3571//704 3572//704
f 3536//705 3572//705 3537//705
f 3537//705 3572//705 3573//705
f 3537//707 3573//707 3538//707
f 3538//707 3573//707 3574//707
f 3538//708 3574//708 3539//708
f 3539//708 3574//708 3575//708
f 3539//709 3575//709 3540//709
f 3540//709 3575//709 3576//709
f 3540//710 3576//710 3541//710
f 3541//710 3576//710 3577//710
f 3541//711 3577//711 3542//711
f 3542//711 3577//711 3578//711
f 3542//712 3578//712 3543//712
f 3543//712 3578//712 3579//712
f 3543//714 3579//714 3544//714
f 3544//714 3579//714 3580//714
f 3544//715 3580//715 3545//715
f 3545//715 3580//715 3581//715
f 3545//716 3581//716 3546//716
f 3546//716 3581//716 3582//716
f 3546//717 3582//717 3547//717
f 3547//717 3582//717 3583//717
f 3547//718 3583//718 3548//718
f 3548//718 3583//718 3584//718
f 3548//719 3584//719 3549//719
f 3549//719 3584//719 3585//719
f 3549//720 3585//720 3550//720
f 3550//720 3585//720 3586//720
f 3550//721 3586//721 3551//721
f 3551//721 3586//721 3587//721
f 3551//722 3587//722 3552//722
f 3552//722 3587//722 3588//722
f 3552//723 3588//723 3553//723
f 3553//723 3588//723 3589//723
f 3553//724 3589//724 3554//724
f 3554//724 3589//724 3590//724
f 3554//726 3590//726 3555//726
f 3555//726 3590//726 3591//726
f 3555//727 3591//727 3556//727
f 3556//727 3591//727 3592//727
f 3556//728 3592//728 3557//728
f 3557//728 3592//728 3593//728
f 3557//729 3593//729 3558//729
f 3558//729 3593//729 3594//729
f 3558//730 3594//730 3559//730
f 3559//730 3594//730 3595//730
f 3559//731 3595//731 3560//731
f 3560//731 3595//731 3596//731
f 3560//732 3596//732 3561//732
f 3561//732 3596//732 3597//732
f 3561//733 3597//733 3562//733
f 3562//733 3597//733 3598//733
f 3562//735 3598//735 3563//735
f 3563//735 3598//735 3599//735
f 3563//736 3599//736 3564//736
f 3564//736 3599//736 3600//736
f 3564//737 3600//737 3565//737
f 3565//737 3600//737 3601//737
f 3565//738 3601//738 3566//738
f 3566//738 3601//738 3602//738
f 3566//699 3602//699 3531//699
f 3531//699 3602//699 3567//699
f 3567//700 3603//700 3568//700
f 3568//700 3603//700 3604//700
f 3568//701 3604//701 3569//701
f 3569//701 3604//701 3605//701
f 3569//702 3605//702 3570//702
f 3570//702 3605//702 3606//702
f 3570//703 3606//703 3571//703
f 3571//703 3606//703 3607//703
f 3571//704 3607//704 3572//704
f 3572//704 3607//704 3608//704
f 3572//705 3608//705 3573//705
f 3573//705 3608//705 3609//705
f 3573//707 3609//707 3574//707
f 3574//707 3609//707 3610//707
f 3574//708 3610//708 3575//708
f 3575//708 3610//708 3611//708
f 3575//709 3611//709 3576//709
f 3576//709 3611//709 3612//709
f 3576//710 3612//710 3577//710
f 3577//710 3612//710 3613//710
f 3577//711 3613//711 3578//711
f 3578//711 3613//711 3614//711
f 3578//712 3614//712 3579//712
f 3579//712 3614//712 3615//712
f 3579//714 3615//714 3580//714
f 3580//714 3615//714 3616//714
f 3580//715 3616//715 3581//715
f 3581//715 3616//715 3617//715
f 3581//716 3617//716 3582//716
f 3582//716 3617//716 3618//716
f 3582//717 3618//717 3583//717
f 3583//717 3618//717 3619//717
f 3583//718 3619//718 3584//718
f 3584//718 3619//718 3620//718
f 3584//719 3620//719 3585//719
f 3585//719 3620//719 3621//719
f 3585//720 3621//720 3586//720
f 3586//720 3621//720 3622//720
f 3586//721 3622//721 3587//721
f 3587//721 3622//721 3623//721
f 3587//722 3623//722 3588//722
f 3588//722 3623//722 3624//722
f 3588//723 3624//723 3589//723
f 3589//723 3624//723 3625//723
f 3589//724 3625//724 3590//724
f 3590//724 3625//724 3626//724
f 3590//726 3626//726 3591//726
f 3591//726 3626//726 3627//726
f 3591//727 3627//727 3592//727
f 3592//727 3627//727 3628//727
f 3592//728 3628//728 3593//728
f 3593//728 3628//728 3629//728
f 3593//729 3629//729 3594//729
f 3594//729 3629//729 3630//729
f 3594//730 3630//730 3595//730
f 3595//730 3630//730 3631//730
f 3595//731 3631//731 3596//731
f 3596//731 3631//731 3632//731
f 3596//732 3632//732 3597//732
f 3597//732 3632//732 3633//732
f 3597//733 3633//733 3598//733
f 3598//733 3633//733 3634//733
f 3598//735 3634//735 3599//735
f 3599//735 3634//735 3635//735
f 3599//736 3635//736 3600//736
f 3600//736 3635//736 3636//736
f 3600//737 3636//737 3601//737
f 3601//737 3636//737 3637//737
f 3601//738 3637//738 3602//738
f 3602//738 3637//738 3638//738
f 3602//699 3638//699 3567//699
f 3567//699 3638//699 3603//699
f 3603//700 3639//700 3604//700
f 3604//700 3639//700 3640//700
f 3604//701 3640//701 3605//701
f 3605//701 3640//701 3641//701
f 3605//702 3641//702 3606//702
f 3606//702 3641//702 3642//702
f 3606//703 3642//703 3607//703
f 3607//703 3642//703 3643//703
f 3607//704 3643//704 3608//704
f 3608//704 3643//704 3644//704
f 3608//705 3644//705 3609//705
f 3609//705 3644//705 3645//705
f 3609//707 3645//707 3610//707
f 3610//707 3645//707 3646//707
f 3610//708 3646//708 3611//708
f 3611//708 3646//708 3647//708
f 3611//709 3647//709 3612//709
f 3612//709 3647//709 3648//709
f 3612//710 3648//710 3613//710
f 3613//710 3648//710 3649//710
f 3613//711 3649//711 3614//711
f 3614//711 3649//711 3650//711
f 3614//712 3650//712 3615//712
f 3615//712 3650//712 3651//712
f 3615//714 3651//714 3616//714
f 3616//714 3651//714 3652//714
f 3616//715 3652//715 3617//715
f 3617//715 3652//715 3653//715
f 3617//716 3653//716 3618//716
f 3618//716 3653//716 3654//716
f 3618//717 3654//717 3619//717
f 3619//717 3654//717 3655//717
f 3619//718 3655//718 3620//718
f 3620//718 3655//718 3656//718
f 3620//719 3656//719 3621//719
f 3621//719 3656//719 3657//719
f 3621//720 3657//720 3622//720
f 3622//720 3657//720 3658//720
f 3622//721 3658//721 3623//721
f 3623//721 3658//721 3659//721
f 3623//722 3659//722 3624//722
f 3624//722 3659//722 3660//722
f 3624//723 3660//723 3625//723
f 3625//723 3660//723 3661//723
f 3625//724 3661//724 3626//724
f 3626//724 3661//724 3662//724
f 3626//726 3662//726 3627//726
f 3627//726 3662//726 3663//726
f 3627//727 3663//727 3628//727
f 3628//727 3663//727 3664//727
f 3628//728 3664//728 3629//728
f 3629//728 3664//728 3665//728
f 3629//729 3665//729 3630//729
f 3630//729 3665//729 3666//729
f 3630//730 3666//730 3631//730
f 3631//730 3666//730 3667//730
f 3631//731 3667//731 3632//731
f 3632//731 3667//731 3668//731
f 3632//732 3668//732 3633//732
f 3633//732 3668//732 3669//732
f 3633//733 3669//733 3634//733
f 3634//733 3669//733 3670//733
f 3634//735 3670//735 3635//735
f 3635//735 3670//735 3671//735
f 3635//736 3671//736 3636//736
f 3636//736 3671//736 3672//736
f 3636//737 3672//737 3637//737
f 3637//737 3672//737 3673//737
f 3637//738 3673//738 3638//738
f 3638//738 3673//738 3674//738
f 3638//699 3674//699 3603//699
f 3603//699 3674//699 3639//699
f 3639//700 3675//700 3640//700
f 3640//700 3675//700 3676//700
f 3640//701 3676//701 3641//701
f 3641//701 3676//701 3677//701
f 3641//702 3677//702 3642//702
f 3642//702 3677//702 3678//702
f 3642//703 3678//703 3643//703
f 3643//703 3678//703 3679//703
f 3643//704 3679//704 3644//704
f 3644//704 3679//704 3680//704
f 3644//706 3680//706 3645//706
f 3645//705 3680//705 3681//705
f 3645//707 3681//707 3646//707
f 3646//707 3681//707 3682//707
f 3646//708 3682//708 3647//708
f 3647//708 3682//708 3683//708
f 3647//742 3683//742 3648//742
f 3648//709 3683//709 3684//709
f 3648//710 3684//710 3649//710
f 3649//741 3684//741 3685//741
f 3649//711 3685//711 3650//711
f 3650//711 3685//711 3686//711
f 3650//712 3686//712 3651//712
f 3651//712 3686//712 3687//712
f 3651//714 3687//714 3652//714
f 3652//713 3687//713 3688//713
f 3652//715 3688//715 3653//715
f 3653//715 3688//715 3689//715
f 3653//716 3689//716 3654//716
f 3654//716 3689//716 3690//716
f 3654//717 3690//717 3655//717
f 3655//717 3690//717 3691//717
f 3655//718 3691//718 3656//718
f 3656//718 3691//718 3692//718
f 3656//719 3692//719 3657//719
f 3657//719 3692//719 3693//719
f 3657//720 3693//720 3658//720
f 3658//720 3693//720 3694//720
f 3658//721 3694//721 3659//721
f 3659//721 3694//721 3695//721
f 3659//722 3695//722 3660//722
f 3660//722 3695//722 3696//722
f 3660//723 3696//723 3661//723
f 3661//723 3696//723 3697//723
f 3661//724 3697//724 3662//724
f 3662//724 3697//724 3698//724
f 3662//726 3698//726 3663//726
f 3663//726 3698//726 3699//726
f 3663//727 3699//727 3664//727
f 3664//727 3699//727 3700//727
f 3664//728 3700//728 3665//728
f 3665//728 3700//728 3701//728
f 3665//729 3701//729 3666//729
f 3666//729 3701//729 3702//729
f 3666//730 3702//730 3667//730
f 3667//730 3702//730 3703//730
f 3667//731 3703//731 3668//731
f 3668//731 3703//731 3704//731
f 3668//732 3704//732 3669//732
f 3669//732 3704//732 3705//732
f 3669//733 3705//733 3670//733
f 3670//733 3705//733 3706//733
f 3670//735 3706//735 3671//735
f 3671//735 3706//735 3707//735
f 3671//736 3707//736 3672//736
f 3672//736 3707//736 3708//736
f 3672//737 3708//737 3673//737
f 3673//737 3708//737 3709//737
f 3673//738 3709//738 3674//738
f 3674//738 3709//738 3710//738
f 3674//699 3710//699 3639//699
f 3639//699 3710//699 3675//699
f 3675//700 3711//700 3676//700
f 3676//700 3711//700 3712//700
f 3676//701 3712//701 3677//701
f 3677//701 3712//701 3713//701
f 3677//702 3713//702 3678//702
f 3678//702 3713//702 3714//702
f 3678//703 3714//703 3679//703
f 3679//703 3714//703 3715//703
f 3679//704 3715//704 3680//704
f 3680//704 3715//704 3716//704
f 3680//705 3716//705 3681//705
f 3681//705 3716//705 3717//705
f 3681//707 3717//707 3682//707
f 3682//707 3717//707 3718//707
f 3682//708 3718//708 3683//708
f 3683//708 3718//708 3719//708
f 3683//709 3719//709 3684//709
f 3684//709 3719//709 3720//709
f 3684//710 3720//710 3685//710
f 3685//710 3720//710 3721//710
f 3685//711 3721//711 3686//711
f 3686//711 3721//711 3722//711
f 3686//712 3722//712 3687//712
f 3687//712 3722//712 3723//712
f 3687//714 3723//714 3688//714
f 3688//714 3723//714 3724//714
f 3688//715 3724//715 3689//715
f 3689//715 3724//715 3725//715
f 3689//716 3725//716 3690//716
f 3690//716 3725//716 3726//716
f 3690//717 3726//717 3691//717
f 3691//717 3726//717 3727//717
f 3691//718 3727//718 3692//718
f 3692//718 3727//718 3728//718
f 3692//719 3728//719 3693//719
f 3693//719 3728//719 3729//719
f 3693//720 3729//720 3694//720
f 3694//720 3729//720 3730//720
f 3694//721 3730//721 3695//721
f 3695//721 3730//721 3731//721
f 3695//722 3731//722 3696//722
f 3696//722 3731//722 3732//722
f 3696//723 3732//723 3697//723
f 3697//723 3732//723 3733//723
f 3697//724 3733//724 3698//724
f 3698//724 3733//724 3734//724
f 3698//726 3734//726 3699//726
f 3699//726 3734//726 3735//726
f 3699//727 3735//727 3700//727
f 3700//727 3735//727 3736//727
f 3700//728 3736//728 3701//728
f 3701//728 3736//728 3737//728
f 3701//729 3737//729 3702//729
f 3702//729 3737//729 3738//729
f 3702//730 3738//730 3703//730
f 3703//730 3738//730 3739//730
f 3703//731 3739//731 3704//731
f 3704//731 3739//731 3740//731
f 3704//732 3740//732 3705//732
f 3705//732 3740//732 3741//732
f 3705//733 3741//733 3706//733
f 3706//733 3741//733 3742//733
f 3706//735 3742//735 3707//735
f 3707//735 3742//735 3743//735
f 3707//736 3743//736 3708//736
f 3708//736 3743//736 3744//736
f 3708//737 3744//737 3709//737
f 3709//737 3744//737 3745//737
f 3709//738 3745//738 3710//738
f 3710//738 3745//738 3746//738
f 3710//699 3746//699 3675//699
f 3675//699 3746//699 3711//699
f 3711//700 3747//700 3712//700
f 3712//700 3747//700 3748//700
f 3712//701 3748//701 3713//701
f 3713//701 3748//701 3749//701
f 3713//702 3749//702 3714//702
f 3714//702 3749//702 3750//702
f 3714//703 3750//703 3715//703
f 3715//703 3750//703 3751//703
f 3715//704 3751//704 3716//704
f 3716//704 3751//704 3752//704
f 3716//705 3752//705 3717//705
f 3717//705 3752//705 3753//705
f 3717//707 3753//707 3718//707
f 3718//707 3753//707 3754//707
f 3718//708 3754//708 3719//708
f 3719//708 3754//708 3755//708
f 3719//709 3755//709 3720//709
f 3720//709 3755//709 3756//709
f 3720//710 3756//710 3721//710
f 3721//710 3756//710 3757//710
f 3721//711 3757//711 3722//711
f 3722//711 3757//711 3758//711
f 3722//712 3758//712 3723//712
f 3723//712 3758//712 3759//712
f 3723//714 3759//714 3724//714
f 3724//714 3759//714 3760//714
f 3724//715 3760//715 3725//715
f 3725//715 3760//715 3761//715
f 3725//716 3761//716 3726//716
f 3726//716 3761//716 3762//716
f 3726//717 3762//717 3727//717
f 3727//717 3762//717 3763//717
f 3727//718 3763//718 3728//718
f 3728//718 3763//718 3764//718
f 3728//719 3764//719 3729//719
f 3729//719 3764//719 3765//719
f 3729//720 3765//720 3730//720
f 3730//720 3765//720 3766//720
f 3730//721 3766//721 3731//721
f 3731//721 3766//721 3767//721
f 3731//722 3767//722 3732//722
f 3732//722 3767//722 3768//722
f 3732//723 3768//723 3733//723
f 3733//723 3768//723 3769//723
f 3733//724 3769//724 3734//724
f 3734//724 3769//724 3770//724
f 3734//726 3770//726 3735//726
f 3735//726 3770//726 3771//726
f 3735//727 3771//727 3736//727
f 3736//727 3771//727 3772//727
f 3736//728 3772//728 3737//728
f 3737//728 3772//728 3773//728
f 3737//729 3773//729 3738//729
f 3738//729 3773//729 3774//729
f 3738//730 3774//730 3739//730
f 3739//730 3774//730 3775//730
f 3739//731 3775//731 3740//731
f 3740//731 3775//731 3776//731
f 3740//732 3776//732 3741//732
f 3741//732 3776//732 3777//732
f 3741//733 3777//733 3742//733
f 3742//733 3777//733 3778//733
f 3742//735 3778//735 3743//735
f 3743//735 3778//735 3779//735
f 3743//736 3779//736 3744//736
f 3744//736 3779//736 3780//736
f 3744//737 3780//737 3745//737
f 3745//737 3780//737 3781//737
f 3745//738 3781//738 3746//738
f 3746//738 3781//738 3782//738
f 3746//699 3782//699 3711//699
f 3711//699 3782//699 3747//699
f 3747//700 2994//700 3748//700
f 3748//700 2994//700 2992//700
f 3748//701 2992//701 3749//701
f 3749//701 2992//701 3062//701
f 3749//702 3062//702 3750//702
f 3750//702 3062//702 3060//702
f 3750//703 3060//703 3751//703
f 3751//703 3060//703 3058//703
f 3751//704 3058//704 3752//704
f 3752//704 3058//704 3056//704
f 3752//705 3056//705 3753//705
f 3753//705 3056//705 3054//705
f 3753//707 3054//707 3754//707
f 3754//707 3054//707 3052//707
f 3754//708 3052//708 3755//708
f 3755//708 3052//708 3050//708
f 3755//709 3050//709 3756//709
f 3756//709 3050//709 3048//709
f 3756//710 3048//710 3757//710
f 3757//710 3048//710 3046//710
f 3757//711 3046//711 3758//711
f 3758//711 3046//711 3044//711
f 3758//712 3044//712 3759//712
f 3759//712 3044//712 3042//712
f 3759//714 3042//714 3760//714
f 3760//714 3042//714 3040//714
f 3760//715 3040//715 3761//715
f 3761//715 3040//715 3038//715
f 3761//716 3038//716 3762//716
f 3762//716 3038//716 3036//716
f 3762//717 3036//717 3763//717
f 3763//717 3036//717 3034//717
f 3763//718 3034//718 3764//718
f 3764//718 3034//718 3032//718
f 3764//719 3032//719 3765//719
f 3765//719 3032//719 3030//719
f 3765//720 3030//720 3766//720
f 3766//720 3030//720 3028//720
f 3766//721 3028//721 3767//721
f 3767//721 3028//721 3026//721
f 3767//722 3026//722 3768//722
f 3768//722 3026//722 3024//722
f 3768//723 3024//723 3769//723
f 3769//723 3024//723 3022//723
f 3769//724 3022//724 3770//724
f 3770//724 3022//724 3020//724
f 3770//726 3020//726 3771//726
f 3771//726 3020//726 3018//726
f 3771//727 3018//727 3772//727
f 3772//727 3018//727 3016//727
f 3772//728 3016//728 3773//728
f 3773//728 3016//728 3014//728
f 3773//729 3014//729 3774//729
f 3774//729 3014//729 3012//729
f 3774//730 3012//730 3775//730
f 3775//730 3012//730 3010//730
f 3775//731 3010//731 3776//731
f 3776//731 3010//731 3008//731
f 3776//732 3008//732 3777//732
f 3777//732 3008//732 3006//732
f 3777//733 3006//733 3778//733
f 3778//733 3006//733 3004//733
f 3778//735 3004//735 3779//735
f 3779//735 3004//735 3002//735
f 3779//736 3002//736 3780//736
f 3780//736 3002//736 3000//736
f 3780//737 3000//737 3781//737
f 3781//737 3000//737 2998//737
f 3781//738 2998//738 3782//738
f 3782//738 2998//738 2996//738
f 3782//699 2996//699 3747//699
f 3747//699 2996//699 2994//699
f 3848//87 2051//87 711//87
f 711//87 2051//87 2048//87
f 711//87 2048//87 713//87
f 713//87 2048//87 3849//87
f 3849//87 2048//87 2047//87
f 3849//87 2047//87 2147//87
f 2147//87 2047//87 2145//87
f 2145//87 2047//87 2143//87
f 2143//87 2047//87 2141//87
f 2141//87 2047//87 2139//87
f 2139//87 2047//87 2137//87
f 2137//87 2047//87 2135//87
f 2135//87 2047//87 2133//87
f 2133//87 2047//87 2131//87
f 2131//87 2047//87 2129//87
f 2129//87 2047//87 2127//87
f 2127//87 2047//87 2197//87
f 2197//87 2047//87 2195//87
f 2195//87 2047//87 2053//87
f 2195//87 2053//87 2999//87
f 2999//87 2053//87 2997//87
f 2997//87 2053//87 2995//87
f 2995//87 2053//87 2993//87
f 2993//87 2053//87 2991//87
f 2991//87 2053//87 3061//87
f 3061//87 2053//87 3059//87
f 3059//87 2053//87 3057//87
f 3057//87 2053//87 3055//87
f 3055//87 2053//87 3053//87
f 3053//87 2053//87 3051//87
f 3051//87 2053//87 3049//87
f 3049//87 2053//87 3047//87
f 3047//87 2053//87 3848//87
f 3047//87 3848//87 3045//87
f 3045//87 3848//87 3043//87
f 3043//87 3848//87 3041//87
f 3041//87 3848//87 3039//87
f 3039//87 3848//87 3037//87
f 3037//87 3848//87 3035//87
f 3035//87 3848//87 3033//87
f 3033//87 3848//87 3031//87
f 3031//87 3848//87 3029//87
f 3029//87 3848//87 3027//87
f 3027//87 3848//87 3025//87
f 3025//87 3848//87 3023//87
f 3023//87 3848//87 3021//87
f 3021//87 3848//87 3019//87
f 3019//87 3848//87 3017//87
f 3017//743 3848//743 3015//743
f 3015//87 3848//87 2179//87
f 3015//87 2179//87 2181//87
f 3848//87 3849//87 2179//87
f 2179//744 3849//744 2177//744
f 2177//87 3849//87 2175//87
f 2175//87 3849//87 2173//87
f 2173//87 3849//87 2171//87
f 2171//87 3849//87 2169//87
f 2169//87 3849//87 2167//87
f 2167//87 3849//87 2165//87
f 2165//87 3849//87 2163//87
f 2163//87 3849//87 2161//87
f 2161//87 3849//87 2159//87
f 2159//87 3849//87 2157//87
f 2157//87 3849//87 2155//87
f 2155//87 3849//87 2153//87
f 2153//87 3849//87 2151//87
f 2151//87 3849//87 2149//87
f 2149//87 3849//87 2147//87
f 2053//87 2051//87 3848//87
f 3015//87 2181//87 3013//87
f 3013//87 2181//87 2183//87
f 3013//87 2183//87 3011//87
f 3011//87 2183//87 3009//87
f 3009//87 2183//87 2185//87
f 3009//87 2185//87 3007//87
f 3007//87 2185//87 2187//87
f 3007//87 2187//87 3005//87
f 3005//87 2187//87 2189//87
f 3005//87 2189//87 3003//87
f 3003//87 2189//87 2191//87
f 3003//87 2191//87 3001//87
f 3001//87 2191//87 2193//87
f 3001//87 2193//87 2999//87
f 2999//87 2193//87 2195//87
f 710//65 2937//65 3850//65
f 3850//745 2937//745 2939//745
f 3850//65 2939//65 2941//65
f 712//65 2069//65 710//65
f 710//65 2069//65 2981//65
f 710//65 2981//65 2983//65
f 3851//65 2113//65 712//65
f 712//65 2113//65 2115//65
f 712//65 2115//65 2117//65
f 3850//65 2079//65 3851//65
f 3851//746 2079//746 2081//746
f 3851//747 2081//747 2083//747
f 2055//747 2057//747 712//747
f 712//65 2057//65 2059//65
f 712//65 2059//65 2061//65
f 2061//65 2063//65 712//65
f 712//65 2063//65 2065//65
f 712//747 2065//747 2067//747
f 2067//65 2069//65 712//65
f 2981//65 2069//65 2979//65
f 2979//65 2069//65 2071//65
f 2979//65 2071//65 2977//65
f 2977//65 2071//65 2073//65
f 2977//65 2073//65 2975//65
f 2975//65 2073//65 2075//65
f 2975//65 2075//65 2973//65
f 2973//65 2075//65 2077//65
f 2973//65 2077//65 2971//65
f 2971//65 2077//65 2079//65
f 2971//65 2079//65 3850//65
f 2083//748 2085//748 3851//748
f 3851//745 2085//745 2087//745
f 3851//747 2087//747 2089//747
f 2089//745 2091//745 3851//745
f 3851//65 2091//65 2093//65
f 3851//65 2093//65 2095//65
f 2095//747 2097//747 3851//747
f 3851//65 2097//65 2099//65
f 3851//747 2099//747 2101//747
f 2101//745 2103//745 3851//745
f 3851//65 2103//65 2105//65
f 3851//748 2105//748 2107//748
f 2107//749 2109//749 3851//749
f 3851//65 2109//65 2111//65
f 3851//747 2111//747 2113//747
f 2117//65 2119//65 712//65
f 712//745 2119//745 2121//745
f 712//65 2121//65 2123//65
f 2123//65 2125//65 712//65
f 712//65 2125//65 2055//65
f 2919//747 2921//747 710//747
f 710//65 2921//65 2923//65
f 710//65 2923//65 2925//65
f 2925//65 2927//65 710//65
f 710//65 2927//65 2929//65
f 710//747 2929//747 2931//747
f 2931//65 2933//65 710//65
f 710//65 2933//65 2935//65
f 710//65 2935//65 2937//65
f 2941//748 2943//748 3850//748
f 3850//749 2943//749 2945//749
f 3850//65 2945//65 2947//65
f 2947//747 2949//747 3850//747
f 3850//745 2949//745 2951//745
f 3850//65 2951//65 2953//65
f 2953//745 2955//745 3850//745
f 3850//65 2955//65 2957//65
f 3850//65 2957//65 2959//65
f 2959//747 2961//747 3850//747
f 3850//745 2961//745 2963//745
f 3850//747 2963//747 2965//747
f 2965//749 2967//749 3850//749
f 3850//745 2967//745 2969//745
f 3850//750 2969//750 2971//750
f 2983//745 2985//745 710//745
f 710//65 2985//65 2987//65
f 710//65 2987//65 2989//65
f 2989//65 2919//65 710//65
f 3851//86 712//86 3849//86
f 3849//86 712//86 713//86
f 3848//88 711//88 3850//88
f 3850//88 711//88 710//88
f 3852//43 3853//43 3854//43
f 3854//43 3853//43 3855//43
f 3854//43 3855//43 3856//43
f 3856//43 3855//43 3857//43
f 3857//43 3855//43 3858//43
f 3858//43 3855//43 3859//43
f 3859//43 3855//43 3860//43
f 3860//43 3855//43 3861//43
f 3860//43 3861//43 3862//43
f 3862//43 3861//43 3863//43
f 3863//43 3861//43 3864//43
f 3864//43 3861//43 3865//43
f 3865//43 3861//43 3866//43
f 3865//43 3866//43 3867//43
f 3867//43 3866//43 3868//43
f 3868//43 3866//43 3869//43
f 3869//43 3866//43 3870//43
f 3870//43 3866//43 3871//43
f 3870//43 3871//43 3872//43
f 3872//43 3871//43 3873//43
f 3873//43 3871//43 3874//43
f 3874//43 3871//43 3875//43
f 3875//43 3871//43 3876//43
f 3876//43 3871//43 3877//43
f 3876//43 3877//43 3878//43
f 3878//43 3877//43 3879//43
f 3879//43 3877//43 3880//43
f 3880//43 3877//43 3881//43
f 3881//43 3877//43 3882//43
f 3882//43 3877//43 3883//43
f 3882//43 3883//43 3884//43
f 3884//43 3883//43 3885//43
f 3885//43 3883//43 3886//43
f 3886//43 3883//43 3887//43
f 3887//43 3883//43 3888//43
f 3887//43 3888//43 3889//43
f 3889//43 3888//43 3890//43
f 3890//43 3888//43 3891//43
f 3891//43 3888//43 3892//43
f 3892//43 3888//43 3853//43
f 3892//43 3853//43 3893//43
f 3893//43 3853//43 3894//43
f 3894//43 3853//43 3895//43
f 3895//43 3853//43 3852//43
f 3896//43 3883//43 3877//43
f 3888//43 3897//43 3853//43
f 3855//43 3898//43 3861//43
f 3866//43 3899//43 3871//43
f 2035//751 3900//751 2034//751
f 2034//752 3900//752 3901//752
f 2034//753 3901//753 2033//753
f 2033//754 3901//754 3902//754
f 2033//755 3902//755 2032//755
f 2032//756 3902//756 3903//756
f 2032//757 3903//757 2031//757
f 2031//758 3903//758 3904//758
f 2031//759 3904//759 2030//759
f 2030//760 3904//760 3905//760
f 2030//761 3905//761 2029//761
f 2029//762 3905//762 3906//762
f 2029//763 3906//763 2028//763
f 2028//764 3906//764 3907//764
f 2028//765 3907//765 2027//765
f 2027//766 3907//766 3908//766
f 2027//767 3908//767 2026//767
f 2026//768 3908//768 3909//768
f 2026//769 3909//769 2025//769
f 2025//770 3909//770 3910//770
f 2025//771 3910//771 2024//771
f 2024//772 3910//772 3911//772
f 2024//773 3911//773 2023//773
f 2023//774 3911//774 3912//774
f 2023//775 3912//775 2022//775
f 2022//776 3912//776 3913//776
f 2022//777 3913//777 2021//777
f 2021//778 3913//778 3914//778
f 2021//779 3914//779 2020//779
f 2020//780 3914//780 3915//780
f 2020//781 3915//781 2019//781
f 2019//782 3915//782 3916//782
f 2019//783 3916//783 2018//783
f 2018//784 3916//784 3917//784
f 2018//785 3917//785 2017//785
f 2017//786 3917//786 3918//786
f 2017//787 3918//787 2016//787
f 2016//788 3918//788 3919//788
f 2016//789 3919//789 2015//789
f 2015//790 3919//790 3920//790
f 2015//791 3920//791 2014//791
f 2014//792 3920//792 3921//792
f 2014//793 3921//793 2013//793
f 2013//794 3921//794 3922//794
f 2013//795 3922//795 2012//795
f 2012//796 3922//796 3923//796
f 2012//797 3923//797 2011//797
f 2011//798 3923//798 3924//798
f 2011//799 3924//799 2010//799
f 2010//800 3924//800 3925//800
f 2010//801 3925//801 2009//801
f 2009//802 3925//802 3926//802
f 2009//803 3926//803 2008//803
f 2008//804 3926//804 3927//804
f 2008//805 3927//805 2042//805
f 2042//806 3927//806 3928//806
f 2042//807 3928//807 2043//807
f 2043//808 3928//808 3929//808
f 2043//809 3929//809 2044//809
f 2044//810 3929//810 3930//810
f 2044//811 3930//811 2045//811
f 2045//812 3930//812 3931//812
f 2045//813 3931//813 2046//813
f 2046//814 3931//814 3932//814
f 2046//815 3932//815 2041//815
f 2041//816 3932//816 3933//816
f 2041//817 3933//817 2040//817
f 2040//818 3933//818 3934//818
f 2040//819 3934//819 2039//819
f 2039//820 3934//820 3935//820
f 2039//821 3935//821 2038//821
f 2038//822 3935//822 3936//822
f 2038//823 3936//823 2037//823
f 2037//824 3936//824 3937//824
f 2037//825 3937//825 2036//825
f 2036//826 3937//826 3938//826
f 2036//827 3938//827 2035//827
f 2035//828 3938//828 3900//828
f 3911//829 3910//829 3939//829
f 3939//830 3910//830 3909//830
f 3939//831 3909//831 3940//831
f 3940//832 3909//832 3908//832
f 3940//833 3908//833 3941//833
f 3941//834 3908//834 3907//834
f 3941//835 3907//835 3942//835
f 3942//836 3907//836 3906//836
f 3942//837 3906//837 3943//837
f 3943//838 3906//838 3905//838
f 3943//839 3905//839 3944//839
f 3944//840 3905//840 3904//840
f 3944//841 3904//841 3945//841
f 3945//842 3904//842 3903//842
f 3945//843 3903//843 3946//843
f 3946//844 3903//844 3902//844
f 3946//845 3902//845 3947//845
f 3947//846 3902//846 3901//846
f 3947//847 3901//847 3948//847
f 3948//848 3901//848 3900//848
f 3948//849 3900//849 3949//849
f 3949//850 3900//850 3938//850
f 3949//851 3938//851 3950//851
f 3950//852 3938//852 3937//852
f 3950//853 3937//853 3951//853
f 3951//854 3937//854 3936//854
f 3951//855 3936//855 3952//855
f 3952//856 3936//856 3935//856
f 3952//857 3935//857 3953//857
f 3953//858 3935//858 3934//858
f 3953//859 3934//859 3954//859
f 3954//860 3934//860 3933//860
f 3954//861 3933//861 3955//861
f 3955//862 3933//862 3932//862
f 3955//863 3932//863 3956//863
f 3956//864 3932//864 3931//864
f 3956//865 3931//865 3957//865
f 3957//866 3931//866 3930//866
f 3957//867 3930//867 3958//867
f 3958//868 3930//868 3929//868
f 3958//869 3929//869 3959//869
f 3959//870 3929//870 3928//870
f 3959//871 3928//871 3960//871
f 3960//872 3928//872 3927//872
f 3960//873 3927//873 3961//873
f 3961//874 3927//874 3926//874
f 3961//875 3926//875 3962//875
f 3962//876 3926//876 3925//876
f 3962//877 3925//877 3963//877
f 3963//878 3925//878 3924//878
f 3963//879 3924//879 3964//879
f 3964//880 3924//880 3923//880
f 3964//881 3923//881 3965//881
f 3965//882 3923//882 3922//882
f 3965//883 3922//883 3966//883
f 3966//884 3922//884 3921//884
f 3966//885 3921//885 3967//885
f 3967//886 3921//886 3920//886
f 3967//887 3920//887 3968//887
f 3968//888 3920//888 3919//888
f 3968//889 3919//889 3969//889
f 3969//890 3919//890 3918//890
f 3969//891 3918//891 3970//891
f 3970//892 3918//892 3917//892
f 3970//893 3917//893 3971//893
f 3971//894 3917//894 3916//894
f 3971//895 3916//895 3972//895
f 3972//896 3916//896 3915//896
f 3972//897 3915//897 3973//897
f 3973//898 3915//898 3914//898
f 3973//899 3914//899 3974//899
f 3974//900 3914//900 3913//900
f 3974//901 3913//901 3975//901
f 3975//902 3913//902 3912//902
f 3975//903 3912//903 3976//903
f 3976//904 3912//904 3911//904
f 3976//905 3911//905 3939//905
f 3856//165 3977//165 3854//165
f 3854//166 3977//166 3978//166
f 3854//167 3978//167 3979//167
f 3979//168 3978//168 3980//168
f 3979//168 3980//168 3981//168
f 3981//169 3980//169 3982//169
f 3981//169 3982//169 3983//169
f 3983//170 3982//170 3984//170
f 3983//170 3984//170 3985//170
f 3985//171 3984//171 3986//171
f 3985//171 3986//171 3987//171
f 3987//906 3986//906 3988//906
f 3987//172 3988//172 3989//172
f 3989//173 3988//173 3990//173
f 3989//173 3990//173 3991//173
f 3991//174 3990//174 3939//174
f 3991//174 3939//174 3940//174
f 3977//175 3856//175 3992//175
f 3992//176 3856//176 3857//176
f 3992//177 3857//177 3993//177
f 3993//178 3857//178 3858//178
f 3993//179 3858//179 3994//179
f 3994//180 3858//180 3859//180
f 3994//181 3859//181 3995//181
f 3995//182 3859//182 3860//182
f 3995//183 3860//183 3996//183
f 3996//184 3860//184 3862//184
f 3996//185 3862//185 3997//185
f 3997//907 3862//907 3863//907
f 3997//187 3863//187 3998//187
f 3998//188 3863//188 3864//188
f 3998//189 3864//189 3999//189
f 3999//190 3864//190 3865//190
f 3999//191 3865//191 4000//191
f 4000//192 3865//192 3867//192
f 4000//193 3867//193 4001//193
f 4001//194 3867//194 3868//194
f 4001//195 3868//195 4002//195
f 4002//908 3868//908 3869//908
f 4002//197 3869//197 4003//197
f 4003//198 3869//198 3870//198
f 4003//199 3870//199 4004//199
f 4004//200 3870//200 3872//200
f 4004//201 3872//201 4005//201
f 4005//202 3872//202 3873//202
f 4005//203 3873//203 4006//203
f 4006//204 3873//204 3874//204
f 4006//205 3874//205 4007//205
f 4007//206 3874//206 3875//206
f 4007//207 3875//207 4008//207
f 4008//208 3875//208 3876//208
f 4008//209 3876//209 4009//209
f 4009//210 3876//210 4010//210
f 4009//211 4010//211 4011//211
f 4011//212 4010//212 4012//212
f 4011//213 4012//213 4013//213
f 4013//214 4012//214 4014//214
f 4013//215 4014//215 4015//215
f 4015//229 4014//229 4016//229
f 4015//217 4016//217 4017//217
f 4017//218 4016//218 4018//218
f 4017//909 4018//909 4019//909
f 4019//220 4018//220 4020//220
f 4019//221 4020//221 4021//221
f 4021//910 4020//910 4022//910
f 4021//410 4022//410 3951//410
f 3951//224 4022//224 3950//224
f 3876//225 3878//225 4010//225
f 4010//226 3878//226 4023//226
f 4010//212 4023//212 4012//212
f 4012//227 4023//227 4024//227
f 4012//214 4024//214 4014//214
f 4014//228 4024//228 4025//228
f 4014//229 4025//229 4016//229
f 4016//911 4025//911 4026//911
f 4016//912 4026//912 4018//912
f 4018//241 4026//241 4027//241
f 4018//232 4027//232 4020//232
f 4020//233 4027//233 4028//233
f 4020//222 4028//222 4022//222
f 4022//234 4028//234 4029//234
f 4022//224 4029//224 3950//224
f 3950//235 4029//235 3949//235
f 3878//236 3879//236 4023//236
f 4023//237 3879//237 4030//237
f 4023//227 4030//227 4024//227
f 4024//238 4030//238 4031//238
f 4024//228 4031//228 4025//228
f 4025//239 4031//239 4032//239
f 4025//911 4032//911 4026//911
f 4026//240 4032//240 4033//240
f 4026//241 4033//241 4027//241
f 4027//242 4033//242 4034//242
f 4027//913 4034//913 4028//913
f 4028//243 4034//243 4035//243
f 4028//234 4035//234 4029//234
f 4029//244 4035//244 4036//244
f 4029//235 4036//235 3949//235
f 3949//245 4036//245 3948//245
f 3879//246 3880//246 4030//246
f 4030//247 3880//247 4037//247
f 4030//238 4037//238 4031//238
f 4031//248 4037//248 4038//248
f 4031//239 4038//239 4032//239
f 4032//249 4038//249 4039//249
f 4032//240 4039//240 4033//240
f 4033//251 4039//251 4040//251
f 4033//242 4040//242 4034//242
f 4034//252 4040//252 4041//252
f 4034//243 4041//243 4035//243
f 4035//253 4041//253 4042//253
f 4035//244 4042//244 4036//244
f 4036//254 4042//254 4043//254
f 4036//245 4043//245 3948//245
f 3948//255 4043//255 3947//255
f 3880//256 3881//256 4037//256
f 4037//257 3881//257 4044//257
f 4037//258 4044//258 4038//258
f 4038//259 4044//259 4045//259
f 4038//249 4045//249 4039//249
f 4039//260 4045//260 4046//260
f 4039//251 4046//251 4040//251
f 4040//914 4046//914 4047//914
f 4040//262 4047//262 4041//262
f 4041//263 4047//263 4048//263
f 4041//264 4048//264 4042//264
f 4042//265 4048//265 4049//265
f 4042//254 4049//254 4043//254
f 4043//266 4049//266 4050//266
f 4043//255 4050//255 3947//255
f 3947//267 4050//267 3946//267
f 3881//268 3882//268 4044//268
f 4044//269 3882//269 4051//269
f 4044//259 4051//259 4045//259
f 4045//270 4051//270 4052//270
f 4045//260 4052//260 4046//260
f 4046//271 4052//271 4053//271
f 4046//915 4053//915 4047//915
f 4047//272 4053//272 4054//272
f 4047//273 4054//273 4048//273
f 4048//274 4054//274 4055//274
f 4048//275 4055//275 4049//275
f 4049//276 4055//276 4056//276
f 4049//266 4056//266 4050//266
f 4050//290 4056//290 4057//290
f 4050//267 4057//267 3946//267
f 3946//278 4057//278 3945//278
f 3882//279 3884//279 4051//279
f 4051//280 3884//280 4058//280
f 4051//281 4058//281 4052//281
f 4052//282 4058//282 4059//282
f 4052//271 4059//271 4053//271
f 4053//283 4059//283 4060//283
f 4053//272 4060//272 4054//272
f 4054//285 4060//285 4061//285
f 4054//274 4061//274 4055//274
f 4055//298 4061//298 4062//298
f 4055//288 4062//288 4056//288
f 4056//289 4062//289 4063//289
f 4056//290 4063//290 4057//290
f 4057//291 4063//291 4064//291
f 4057//278 4064//278 3945//278
f 3945//292 4064//292 3944//292
f 3884//916 3885//916 4058//916
f 4058//294 3885//294 4065//294
f 4058//282 4065//282 4059//282
f 4059//295 4065//295 4066//295
f 4059//283 4066//283 4060//283
f 4060//296 4066//296 4067//296
f 4060//285 4067//285 4061//285
f 4061//917 4067//917 4068//917
f 4061//298 4068//298 4062//298
f 4062//299 4068//299 4069//299
f 4062//289 4069//289 4063//289
f 4063//301 4069//301 4070//301
f 4063//291 4070//291 4064//291
f 4064//302 4070//302 4071//302
f 4064//292 4071//292 3944//292
f 3944//918 4071//918 3943//918
f 3885//304 3886//304 4065//304
f 4065//305 3886//305 4072//305
f 4065//306 4072//306 4066//306
f 4066//307 4072//307 4073//307
f 4066//296 4073//296 4067//296
f 4067//308 4073//308 4074//308
f 4067//309 4074//309 4068//309
f 4068//310 4074//310 4075//310
f 4068//311 4075//311 4069//311
f 4069//312 4075//312 4076//312
f 4069//301 4076//301 4070//301
f 4070//313 4076//313 4077//313
f 4070//314 4077//314 4071//314
f 4071//315 4077//315 4078//315
f 4071//303 4078//303 3943//303
f 3943//316 4078//316 3942//316
f 3886//317 3887//317 4072//317
f 4072//318 3887//318 4079//318
f 4072//307 4079//307 4073//307
f 4073//919 4079//919 4080//919
f 4073//308 4080//308 4074//308
f 4074//320 4080//320 4081//320
f 4074//310 4081//310 4075//310
f 4075//321 4081//321 4082//321
f 4075//322 4082//322 4076//322
f 4076//323 4082//323 4083//323
f 4076//324 4083//324 4077//324
f 4077//335 4083//335 4084//335
f 4077//315 4084//315 4078//315
f 4078//326 4084//326 4085//326
f 4078//316 4085//316 3942//316
f 3942//327 4085//327 3941//327
f 3887//328 3889//328 4079//328
f 4079//329 3889//329 4086//329
f 4079//319 4086//319 4080//319
f 4080//330 4086//330 4087//330
f 4080//320 4087//320 4081//320
f 4081//331 4087//331 4088//331
f 4081//321 4088//321 4082//321
f 4082//332 4088//332 4089//332
f 4082//920 4089//920 4083//920
f 4083//334 4089//334 4090//334
f 4083//921 4090//921 4084//921
f 4084//336 4090//336 4091//336
f 4084//326 4091//326 4085//326
f 4085//337 4091//337 4092//337
f 4085//327 4092//327 3941//327
f 3941//338 4092//338 3940//338
f 3889//339 3890//339 4086//339
f 4086//340 3890//340 4093//340
f 4086//330 4093//330 4087//330
f 4087//341 4093//341 4094//341
f 4087//331 4094//331 4088//331
f 4088//342 4094//342 4095//342
f 4088//332 4095//332 4089//332
f 4089//922 4095//922 4096//922
f 4089//334 4096//334 4090//334
f 4090//345 4096//345 4097//345
f 4090//336 4097//336 4091//336
f 4091//347 4097//347 4098//347
f 4091//337 4098//337 4092//337
f 4092//348 4098//348 3991//348
f 4092//338 3991//338 3940//338
f 3890//923 3891//923 4093//923
f 4093//350 3891//350 4099//350
f 4093//341 4099//341 4094//341
f 4094//352 4099//352 4100//352
f 4094//342 4100//342 4095//342
f 4095//353 4100//353 4101//353
f 4095//343 4101//343 4096//343
f 4096//924 4101//924 4102//924
f 4096//345 4102//345 4097//345
f 4097//355 4102//355 4103//355
f 4097//347 4103//347 4098//347
f 4098//925 4103//925 3989//925
f 4098//348 3989//348 3991//348
f 3891//357 3892//357 4099//357
f 4099//358 3892//358 4104//358
f 4099//352 4104//352 4100//352
f 4100//359 4104//359 4105//359
f 4100//360 4105//360 4101//360
f 4101//361 4105//361 4106//361
f 4101//354 4106//354 4102//354
f 4102//362 4106//362 4107//362
f 4102//355 4107//355 4103//355
f 4103//363 4107//363 3987//363
f 4103//356 3987//356 3989//356
f 3892//364 3893//364 4104//364
f 4104//365 3893//365 4108//365
f 4104//366 4108//366 4105//366
f 4105//367 4108//367 4109//367
f 4105//361 4109//361 4106//361
f 4106//368 4109//368 4110//368
f 4106//362 4110//362 4107//362
f 4107//369 4110//369 3985//369
f 4107//363 3985//363 3987//363
f 3893//370 3894//370 4108//370
f 4108//371 3894//371 4111//371
f 4108//367 4111//367 4109//367
f 4109//372 4111//372 4112//372
f 4109//373 4112//373 4110//373
f 4110//374 4112//374 3983//374
f 4110//369 3983//369 3985//369
f 3894//375 3895//375 4111//375
f 4111//376 3895//376 4113//376
f 4111//372 4113//372 4112//372
f 4112//377 4113//377 3981//377
f 4112//374 3981//374 3983//374
f 3895//378 3852//378 4113//378
f 4113//379 3852//379 3979//379
f 4113//380 3979//380 3981//380
f 3852//381 3854//381 3979//381
f 3939//382 3990//382 3976//382
f 3976//382 3990//382 4114//382
f 3976//383 4114//383 3975//383
f 3975//383 4114//383 4115//383
f 3975//384 4115//384 3974//384
f 3974//384 4115//384 4116//384
f 3974//386 4116//386 3973//386
f 3973//386 4116//386 4117//386
f 3973//926 4117//926 3972//926
f 3972//387 4117//387 4118//387
f 3972//388 4118//388 3971//388
f 3971//388 4118//388 4119//388
f 3971//389 4119//389 3970//389
f 3970//927 4119//927 4120//927
f 3970//390 4120//390 3969//390
f 3969//390 4120//390 4121//390
f 3969//391 4121//391 3968//391
f 3968//391 4121//391 4122//391
f 3968//392 4122//392 3967//392
f 3967//392 4122//392 4123//392
f 3967//393 4123//393 3966//393
f 3966//393 4123//393 4124//393
f 3966//394 4124//394 3965//394
f 3965//394 4124//394 4125//394
f 3965//395 4125//395 3964//395
f 3964//395 4125//395 4126//395
f 3964//396 4126//396 3963//396
f 3963//396 4126//396 4127//396
f 3963//398 4127//398 3962//398
f 3962//398 4127//398 4128//398
f 3962//399 4128//399 3961//399
f 3961//399 4128//399 4129//399
f 3961//400 4129//400 3960//400
f 3960//400 4129//400 4130//400
f 3960//401 4130//401 3959//401
f 3959//401 4130//401 4131//401
f 3959//402 4131//402 3958//402
f 3958//402 4131//402 4132//402
f 3958//403 4132//403 3957//403
f 3957//403 4132//403 4133//403
f 3957//404 4133//404 3956//404
f 3956//404 4133//404 4134//404
f 3956//405 4134//405 3955//405
f 3955//405 4134//405 4135//405
f 3955//928 4135//928 3954//928
f 3954//406 4135//406 4136//406
f 3954//408 4136//408 3953//408
f 3953//408 4136//408 4137//408
f 3953//409 4137//409 3952//409
f 3952//409 4137//409 4021//409
f 3952//410 4021//410 3951//410
f 3990//411 3988//411 4114//411
f 4114//411 3988//411 4138//411
f 4114//412 4138//412 4115//412
f 4115//412 4138//412 4139//412
f 4115//413 4139//413 4116//413
f 4116//413 4139//413 4140//413
f 4116//414 4140//414 4117//414
f 4117//414 4140//414 4141//414
f 4117//415 4141//415 4118//415
f 4118//415 4141//415 4142//415
f 4118//417 4142//417 4119//417
f 4119//417 4142//417 4143//417
f 4119//419 4143//419 4120//419
f 4120//929 4143//929 4144//929
f 4120//420 4144//420 4121//420
f 4121//420 4144//420 4145//420
f 4121//421 4145//421 4122//421
f 4122//421 4145//421 4146//421
f 4122//422 4146//422 4123//422
f 4123//422 4146//422 4147//422
f 4123//423 4147//423 4124//423
f 4124//423 4147//423 4148//423
f 4124//425 4148//425 4125//425
f 4125//424 4148//424 4149//424
f 4125//426 4149//426 4126//426
f 4126//426 4149//426 4150//426
f 4126//428 4150//428 4127//428
f 4127//428 4150//428 4151//428
f 4127//429 4151//429 4128//429
f 4128//429 4151//429 4152//429
f 4128//430 4152//430 4129//430
f 4129//430 4152//430 4153//430
f 4129//431 4153//431 4130//431
f 4130//431 4153//431 4154//431
f 4130//432 4154//432 4131//432
f 4131//432 4154//432 4155//432
f 4131//433 4155//433 4132//433
f 4132//433 4155//433 4156//433
f 4132//434 4156//434 4133//434
f 4133//434 4156//434 4157//434
f 4133//436 4157//436 4134//436
f 4134//436 4157//436 4158//436
f 4134//437 4158//437 4135//437
f 4135//437 4158//437 4159//437
f 4135//438 4159//438 4136//438
f 4136//438 4159//438 4160//438
f 4136//439 4160//439 4137//439
f 4137//439 4160//439 4019//439
f 4137//221 4019//221 4021//221
f 3988//441 3986//441 4138//441
f 4138//441 3986//441 4161//441
f 4138//442 4161//442 4139//442
f 4139//442 4161//442 4162//442
f 4139//443 4162//443 4140//443
f 4140//443 4162//443 4163//443
f 4140//444 4163//444 4141//444
f 4141//444 4163//444 4164//444
f 4141//930 4164//930 4142//930
f 4142//445 4164//445 4165//445
f 4142//446 4165//446 4143//446
f 4143//447 4165//447 4166//447
f 4143//448 4166//448 4144//448
f 4144//448 4166//448 4167//448
f 4144//449 4167//449 4145//449
f 4145//449 4167//449 4168//449
f 4145//450 4168//450 4146//450
f 4146//451 4168//451 4169//451
f 4146//452 4169//452 4147//452
f 4147//453 4169//453 4170//453
f 4147//454 4170//454 4148//454
f 4148//455 4170//455 4171//455
f 4148//456 4171//456 4149//456
f 4149//931 4171//931 4172//931
f 4149//457 4172//457 4150//457
f 4150//457 4172//457 4173//457
f 4150//458 4173//458 4151//458
f 4151//459 4173//459 4174//459
f 4151//460 4174//460 4152//460
f 4152//461 4174//461 4175//461
f 4152//462 4175//462 4153//462
f 4153//932 4175//932 4176//932
f 4153//463 4176//463 4154//463
f 4154//463 4176//463 4177//463
f 4154//465 4177//465 4155//465
f 4155//465 4177//465 4178//465
f 4155//466 4178//466 4156//466
f 4156//466 4178//466 4179//466
f 4156//468 4179//468 4157//468
f 4157//468 4179//468 4180//468
f 4157//469 4180//469 4158//469
f 4158//469 4180//469 4181//469
f 4158//470 4181//470 4159//470
f 4159//470 4181//470 4182//470
f 4159//471 4182//471 4160//471
f 4160//471 4182//471 4017//471
f 4160//909 4017//909 4019//909
f 3986//473 3984//473 4161//473
f 4161//473 3984//473 4183//473
f 4161//474 4183//474 4162//474
f 4162//475 4183//475 4184//475
f 4162//476 4184//476 4163//476
f 4163//476 4184//476 4185//476
f 4163//477 4185//477 4164//477
f 4164//477 4185//477 4186//477
f 4164//478 4186//478 4165//478
f 4165//478 4186//478 4187//478
f 4165//933 4187//933 4166//933
f 4166//480 4187//480 4188//480
f 4166//481 4188//481 4167//481
f 4167//481 4188//481 4189//481
f 4167//482 4189//482 4168//482
f 4168//483 4189//483 4190//483
f 4168//484 4190//484 4169//484
f 4169//485 4190//485 4191//485
f 4169//486 4191//486 4170//486
f 4170//486 4191//486 4192//486
f 4170//934 4192//934 4171//934
f 4171//487 4192//487 4193//487
f 4171//488 4193//488 4172//488
f 4172//489 4193//489 4194//489
f 4172//490 4194//490 4173//490
f 4173//490 4194//490 4195//490
f 4173//491 4195//491 4174//491
f 4174//935 4195//935 4196//935
f 4174//493 4196//493 4175//493
f 4175//936 4196//936 4197//936
f 4175//494 4197//494 4176//494
f 4176//494 4197//494 4198//494
f 4176//495 4198//495 4177//495
f 4177//495 4198//495 4199//495
f 4177//937 4199//937 4178//937
f 4178//497 4199//497 4200//497
f 4178//498 4200//498 4179//498
f 4179//498 4200//498 4201//498
f 4179//499 4201//499 4180//499
f 4180//499 4201//499 4202//499
f 4180//501 4202//501 4181//501
f 4181//501 4202//501 4203//501
f 4181//502 4203//502 4182//502
f 4182//502 4203//502 4015//502
f 4182//217 4015//217 4017//217
f 3984//503 3982//503 4183//503
f 4183//503 3982//503 4204//503
f 4183//504 4204//504 4184//504
f 4184//504 4204//504 4205//504
f 4184//506 4205//506 4185//506
f 4185//506 4205//506 4206//506
f 4185//938 4206//938 4186//938
f 4186//507 4206//507 4207//507
f 4186//939 4207//939 4187//939
f 4187//939 4207//939 4208//939
f 4187//509 4208//509 4188//509
f 4188//510 4208//510 4209//510
f 4188//511 4209//511 4189//511
f 4189//511 4209//511 4210//511
f 4189//940 4210//940 4190//940
f 4190//940 4210//940 4211//940
f 4190//514 4211//514 4191//514
f 4191//941 4211//941 4212//941
f 4191//515 4212//515 4192//515
f 4192//515 4212//515 4213//515
f 4192//942 4213//942 4193//942
f 4193//517 4213//517 4214//517
f 4193//518 4214//518 4194//518
f 4194//518 4214//518 4215//518
f 4194//519 4215//519 4195//519
f 4195//519 4215//519 4216//519
f 4195//520 4216//520 4196//520
f 4196//520 4216//520 4217//520
f 4196//522 4217//522 4197//522
f 4197//522 4217//522 4218//522
f 4197//524 4218//524 4198//524
f 4198//524 4218//524 4219//524
f 4198//525 4219//525 4199//525
f 4199//525 4219//525 4220//525
f 4199//526 4220//526 4200//526
f 4200//526 4220//526 4221//526
f 4200//527 4221//527 4201//527
f 4201//527 4221//527 4222//527
f 4201//528 4222//528 4202//528
f 4202//528 4222//528 4223//528
f 4202//529 4223//529 4203//529
f 4203//529 4223//529 4013//529
f 4203//943 4013//943 4015//943
f 3982//530 3980//530 4204//530
f 4204//530 3980//530 4224//530
f 4204//531 4224//531 4205//531
f 4205//531 4224//531 4225//531
f 4205//532 4225//532 4206//532
f 4206//532 4225//532 4226//532
f 4206//533 4226//533 4207//533
f 4207//533 4226//533 4227//533
f 4207//534 4227//534 4208//534
f 4208//534 4227//534 4228//534
f 4208//535 4228//535 4209//535
f 4209//535 4228//535 4229//535
f 4209//536 4229//536 4210//536
f 4210//536 4229//536 4230//536
f 4210//537 4230//537 4211//537
f 4211//537 4230//537 4231//537
f 4211//538 4231//538 4212//538
f 4212//538 4231//538 4232//538
f 4212//539 4232//539 4213//539
f 4213//539 4232//539 4233//539
f 4213//541 4233//541 4214//541
f 4214//541 4233//541 4234//541
f 4214//542 4234//542 4215//542
f 4215//542 4234//542 4235//542
f 4215//543 4235//543 4216//543
f 4216//543 4235//543 4236//543
f 4216//544 4236//544 4217//544
f 4217//544 4236//544 4237//544
f 4217//546 4237//546 4218//546
f 4218//546 4237//546 4238//546
f 4218//547 4238//547 4219//547
f 4219//547 4238//547 4239//547
f 4219//548 4239//548 4220//548
f 4220//549 4239//549 4240//549
f 4220//550 4240//550 4221//550
f 4221//550 4240//550 4241//550
f 4221//551 4241//551 4222//551
f 4222//944 4241//944 4242//944
f 4222//552 4242//552 4223//552
f 4223//552 4242//552 4011//552
f 4223//213 4011//213 4013//213
f 3980//553 3978//553 4224//553
f 4224//553 3978//553 3977//553
f 4224//554 3977//554 4225//554
f 4225//554 3977//554 3992//554
f 4225//555 3992//555 4226//555
f 4226//555 3992//555 3993//555
f 4226//556 3993//556 4227//556
f 4227//556 3993//556 3994//556
f 4227//557 3994//557 4228//557
f 4228//558 3994//558 3995//558
f 4228//559 3995//559 4229//559
f 4229//560 3995//560 3996//560
f 4229//561 3996//561 4230//561
f 4230//562 3996//562 3997//562
f 4230//563 3997//563 4231//563
f 4231//564 3997//564 3998//564
f 4231//565 3998//565 4232//565
f 4232//565 3998//565 3999//565
f 4232//566 3999//566 4233//566
f 4233//566 3999//566 4000//566
f 4233//945 4000//945 4234//945
f 4234//568 4000//568 4001//568
f 4234//569 4001//569 4235//569
f 4235//569 4001//569 4002//569
f 4235//570 4002//570 4236//570
f 4236//946 4002//946 4003//946
f 4236//571 4003//571 4237//571
f 4237//572 4003//572 4004//572
f 4237//573 4004//573 4238//573
f 4238//574 4004//574 4005//574
f 4238//575 4005//575 4239//575
f 4239//575 4005//575 4006//575
f 4239//576 4006//576 4240//576
f 4240//576 4006//576 4007//576
f 4240//947 4007//947 4241//947
f 4241//577 4007//577 4008//577
f 4241//578 4008//578 4242//578
f 4242//578 4008//578 4009//578
f 4242//211 4009//211 4011//211
f 4243//43 4244//43 4245//43
f 4245//43 4244//43 4246//43
f 4245//43 4246//43 4247//43
f 4247//43 4246//43 4248//43
f 4247//43 4248//43 4249//43
f 4249//43 4248//43 4250//43
f 4246//43 4251//43 4248//43
f 4248//43 4251//43 4252//43
f 4247//43 4253//43 4245//43
f 4245//43 4253//43 4254//43
f 3888//65 3883//65 4243//65
f 4243//65 3883//65 4244//65
f 3897//88 3888//88 4245//88
f 4245//88 3888//88 4243//88
f 3853//65 3897//65 4254//65
f 4254//65 3897//65 4245//65
f 3855//88 3853//88 4253//88
f 4253//88 3853//88 4254//88
f 3898//87 3855//87 4247//87
f 4247//87 3855//87 4253//87
f 3861//88 3898//88 4249//88
f 4249//88 3898//88 4247//88
f 3866//87 3861//87 4250//87
f 4250//87 3861//87 4249//87
f 3899//86 3866//86 4248//86
f 4248//86 3866//86 4250//86
f 3871//87 3899//87 4252//87
f 4252//87 3899//87 4248//87
f 3877//86 3871//86 4251//86
f 4251//86 3871//86 4252//86
f 3896//65 3877//65 4246//65
f 4246//65 3877//65 4251//65
f 3883//86 3896//86 4244//86
f 4244//86 3896//86 4246//86
usemtl black_plastic
f 521//948 520//948 522//948
f 559//949 560//949 561//949
f 561//950 560//950 562//950
f 561//951 562//951 535//951
f 570//85 571//85 572//85
f 572//952 573//952 574//952
f 574//952 573//952 575//952
f 574//953 575//953 576//953
f 576//953 575//953 577//953
f 576//954 577//954 578//954
f 578//954 577//954 579//954
f 578//955 579//955 580//955
f 580//956 579//956 581//956
f 580//957 581//957 582//957
f 582//957 581//957 583//957
f 582//958 583//958 584//958
f 584//959 583//959 585//959
f 584//960 585//960 586//960
f 586//960 585//960 587//960
f 586//961 587//961 588//961
f 588//962 587//962 589//962
f 588//963 589//963 590//963
f 590//963 589//963 591//963
f 527//88 571//88 528//88
f 528//88 571//88 570//88
f 592//964 593//964 594//964
f 594//964 593//964 595//964
f 594//965 595//965 596//965
f 596//966 595//966 597//966
f 596//967 597//967 598//967
f 598//967 597//967 599//967
f 598//968 599//968 600//968
f 600//969 599//969 601//969
f 600//970 601//970 602//970
f 602//970 601//970 603//970
f 602//971 603//971 604//971
f 604//972 603//972 605//972
f 604//973 605//973 606//973
f 606//973 605//973 607//973
f 606//974 607//974 608//974
f 608//974 607//974 609//974
f 608//975 609//975 610//975
f 610//975 609//975 611//975
f 610//976 611//976 612//976
f 612//976 611//976 613//976
f 591//87 614//87 590//87
f 590//87 614//87 615//87
f 590//87 615//87 592//87
f 592//87 615//87 593//87
f 616//87 617//87 614//87
f 614//87 617//87 615//87
f 557//86 612//86 558//86
f 558//86 612//86 613//86
f 527//43 522//43 520//43
f 527//43 520//43 518//43
f 518//43 516//43 527//43
f 527//43 516//43 514//43
f 527//43 514//43 618//43
f 618//43 514//43 512//43
f 618//43 512//43 619//43
f 619//43 512//43 510//43
f 619//43 510//43 508//43
f 506//43 620//43 508//43
f 508//43 620//43 621//43
f 508//43 621//43 619//43
f 530//43 622//43 506//43
f 506//43 622//43 623//43
f 506//43 623//43 624//43
f 569//43 625//43 530//43
f 530//43 625//43 626//43
f 530//43 626//43 627//43
f 568//43 628//43 569//43
f 569//43 628//43 629//43
f 569//43 629//43 625//43
f 568//43 567//43 628//43
f 628//43 567//43 630//43
f 630//43 567//43 566//43
f 630//43 566//43 558//43
f 558//43 566//43 565//43
f 558//43 565//43 564//43
f 564//43 563//43 558//43
f 558//43 563//43 562//43
f 558//43 562//43 560//43
f 613//43 631//43 558//43
f 558//43 631//43 632//43
f 558//43 632//43 633//43
f 613//43 607//43 605//43
f 605//43 603//43 613//43
f 613//43 603//43 601//43
f 613//43 601//43 634//43
f 634//43 601//43 599//43
f 634//43 599//43 597//43
f 634//43 597//43 635//43
f 635//43 597//43 595//43
f 635//43 595//43 636//43
f 636//43 595//43 637//43
f 637//43 595//43 638//43
f 638//43 595//43 593//43
f 638//43 593//43 639//43
f 639//43 593//43 640//43
f 640//43 593//43 641//43
f 641//43 593//43 642//43
f 634//43 631//43 613//43
f 633//43 630//43 558//43
f 627//43 643//43 530//43
f 530//43 643//43 622//43
f 624//43 620//43 506//43
f 618//43 644//43 527//43
f 527//43 644//43 645//43
f 527//43 645//43 646//43
f 527//43 646//43 571//43
f 571//43 646//43 647//43
f 571//43 647//43 583//43
f 583//43 647//43 585//43
f 585//43 647//43 587//43
f 587//43 647//43 648//43
f 587//43 648//43 589//43
f 589//43 648//43 649//43
f 589//43 649//43 650//43
f 650//43 651//43 589//43
f 589//43 651//43 591//43
f 591//43 651//43 652//43
f 591//43 652//43 653//43
f 653//43 654//43 591//43
f 591//43 654//43 655//43
f 583//43 581//43 571//43
f 571//43 581//43 579//43
f 571//43 579//43 577//43
f 616//32 614//32 656//32
f 656//33 614//33 655//33
f 656//31 655//31 657//31
f 657//31 655//31 654//31
f 657//30 654//30 658//30
f 658//977 654//977 653//977
f 658//978 653//978 659//978
f 659//979 653//979 652//979
f 659//28 652//28 660//28
f 660//28 652//28 651//28
f 660//26 651//26 661//26
f 661//27 651//27 650//27
f 661//25 650//25 662//25
f 662//25 650//25 649//25
f 662//24 649//24 663//24
f 663//24 649//24 648//24
f 663//23 648//23 647//23
f 647//23 664//23 663//23
f 663//23 664//23 665//23
f 663//24 665//24 662//24
f 662//24 665//24 666//24
f 662//25 666//25 661//25
f 661//25 666//25 667//25
f 661//27 667//27 660//27
f 660//26 667//26 668//26
f 660//28 668//28 659//28
f 659//28 668//28 669//28
f 659//979 669//979 658//979
f 658//979 669//979 670//979
f 658//30 670//30 657//30
f 657//30 670//30 671//30
f 657//31 671//31 656//31
f 656//31 671//31 672//31
f 656//33 672//33 616//33
f 647//88 646//88 664//88
f 664//88 646//88 673//88
f 673//22 646//22 674//22
f 674//22 646//22 645//22
f 674//21 645//21 675//21
f 675//21 645//21 644//21
f 675//20 644//20 676//20
f 676//20 644//20 618//20
f 676//19 618//19 677//19
f 677//19 618//19 619//19
f 677//17 619//17 678//17
f 678//17 619//17 621//17
f 678//16 621//16 679//16
f 679//980 621//980 620//980
f 679//15 620//15 680//15
f 680//15 620//15 624//15
f 680//14 624//14 681//14
f 681//14 624//14 623//14
f 681//981 623//981 622//981
f 622//981 682//981 681//981
f 681//981 682//981 683//981
f 681//14 683//14 680//14
f 680//14 683//14 684//14
f 680//15 684//15 679//15
f 679//15 684//15 685//15
f 679//980 685//980 678//980
f 678//16 685//16 686//16
f 678//17 686//17 677//17
f 677//17 686//17 687//17
f 677//19 687//19 676//19
f 676//18 687//18 688//18
f 676//20 688//20 675//20
f 675//20 688//20 689//20
f 675//21 689//21 674//21
f 674//21 689//21 690//21
f 674//22 690//22 673//22
f 622//65 643//65 682//65
f 682//65 643//65 691//65
f 691//982 643//982 692//982
f 692//982 643//982 627//982
f 692//11 627//11 693//11
f 693//11 627//11 626//11
f 693//10 626//10 694//10
f 694//10 626//10 625//10
f 694//983 625//983 695//983
f 695//9 625//9 629//9
f 695//8 629//8 696//8
f 696//8 629//8 628//8
f 696//7 628//7 697//7
f 697//7 628//7 630//7
f 697//5 630//5 698//5
f 698//5 630//5 633//5
f 698//4 633//4 699//4
f 699//4 633//4 632//4
f 699//3 632//3 631//3
f 631//3 700//3 699//3
f 699//3 700//3 701//3
f 699//4 701//4 698//4
f 698//4 701//4 702//4
f 698//5 702//5 697//5
f 697//5 702//5 703//5
f 697//6 703//6 696//6
f 696//7 703//7 704//7
f 696//8 704//8 695//8
f 695//8 704//8 705//8
f 695//9 705//9 694//9
f 694//983 705//983 706//983
f 694//10 706//10 693//10
f 693//10 706//10 707//10
f 693//11 707//11 692//11
f 692//11 707//11 708//11
f 692//982 708//982 691//982
f 631//86 634//86 700//86
f 700//86 634//86 709//86
f 709//2 634//2 714//2
f 714//2 634//2 635//2
f 714//42 635//42 715//42
f 715//42 635//42 636//42
f 715//41 636//41 716//41
f 716//41 636//41 637//41
f 716//984 637//984 717//984
f 717//40 637//40 638//40
f 717//39 638//39 718//39
f 718//39 638//39 639//39
f 718//985 639//985 719//985
f 719//986 639//986 640//986
f 719//987 640//987 720//987
f 720//37 640//37 641//37
f 720//36 641//36 721//36
f 721//36 641//36 642//36
f 721//34 642//34 615//34
f 615//35 617//35 721//35
f 721//34 617//34 722//34
f 721//36 722//36 720//36
f 720//36 722//36 723//36
f 720//37 723//37 719//37
f 719//37 723//37 724//37
f 719//985 724//985 718//985
f 718//985 724//985 725//985
f 718//39 725//39 717//39
f 717//39 725//39 726//39
f 717//40 726//40 716//40
f 716//984 726//984 727//984
f 716//41 727//41 715//41
f 715//41 727//41 728//41
f 715//42 728//42 714//42
f 714//42 728//42 729//42
f 714//2 729//2 709//2
f 709//43 725//43 724//43
f 709//43 724//43 723//43
f 723//43 722//43 709//43
f 616//43 672//43 664//43
f 664//43 672//43 671//43
f 664//43 671//43 670//43
f 670//43 669//43 664//43
f 664//43 669//43 668//43
f 664//43 668//43 667//43
f 673//43 688//43 687//43
f 687//43 686//43 673//43
f 673//43 686//43 685//43
f 673//43 685//43 684//43
f 684//43 683//43 673//43
f 673//43 683//43 682//43
f 700//43 691//43 708//43
f 700//43 708//43 707//43
f 707//43 706//43 700//43
f 700//43 706//43 705//43
f 700//43 705//43 704//43
f 704//43 703//43 700//43
f 3850//43 3839//43 3848//43
f 3848//43 3839//43 3838//43
f 3848//43 3838//43 3837//43
f 3851//43 590//43 3850//43
f 3850//43 590//43 592//43
f 3850//43 592//43 594//43
f 3849//43 3791//43 3851//43
f 3851//43 3791//43 3790//43
f 3851//43 3790//43 3789//43
f 3848//43 3815//43 3849//43
f 3849//43 3815//43 3814//43
f 3849//43 3814//43 3813//43
f 594//43 596//43 3850//43
f 3850//43 596//43 598//43
f 3850//43 598//43 600//43
f 600//43 602//43 3850//43
f 3850//43 602//43 604//43
f 3850//43 604//43 606//43
f 606//43 608//43 3850//43
f 3850//43 608//43 610//43
f 3850//43 610//43 612//43
f 3850//43 612//43 3845//43
f 3845//43 612//43 557//43
f 3845//43 557//43 3846//43
f 3846//43 557//43 3847//43
f 3847//43 557//43 559//43
f 3847//43 559//43 561//43
f 561//43 535//43 3847//43
f 3845//43 3844//43 3850//43
f 3850//43 3844//43 3843//43
f 3850//43 3843//43 3842//43
f 3842//43 3841//43 3850//43
f 3850//43 3841//43 3840//43
f 3850//43 3840//43 3839//43
f 3837//43 3836//43 3848//43
f 3848//43 3836//43 3835//43
f 3848//43 3835//43 3834//43
f 3834//43 3833//43 3848//43
f 3848//43 3833//43 3832//43
f 3848//43 3832//43 3831//43
f 3831//43 3830//43 3848//43
f 3848//43 3830//43 3829//43
f 3848//43 3829//43 3828//43
f 3828//43 3827//43 3848//43
f 3848//43 3827//43 3826//43
f 3848//43 3826//43 3825//43
f 3825//43 3824//43 3848//43
f 3848//43 3824//43 3823//43
f 3848//43 3823//43 3822//43
f 3822//43 3821//43 3848//43
f 3848//43 3821//43 3820//43
f 3848//43 3820//43 3819//43
f 3819//43 3818//43 3848//43
f 3848//43 3818//43 3817//43
f 3848//43 3817//43 3816//43
f 3816//43 3815//43 3848//43
f 3813//43 3812//43 3849//43
f 3849//43 3812//43 3811//43
f 3849//43 3811//43 3810//43
f 3810//43 3809//43 3849//43
f 3849//43 3809//43 3808//43
f 3849//43 3808//43 3807//43
f 3807//43 3806//43 3849//43
f 3849//43 3806//43 3805//43
f 3849//43 3805//43 3804//43
f 3804//43 3803//43 3849//43
f 3849//43 3803//43 3802//43
f 3849//43 3802//43 3801//43
f 3801//43 3800//43 3849//43
f 3849//43 3800//43 3799//43
f 3849//43 3799//43 3798//43
f 3798//43 3797//43 3849//43
f 3849//43 3797//43 3796//43
f 3849//43 3796//43 3795//43
f 3795//43 3794//43 3849//43
f 3849//43 3794//43 3793//43
f 3849//43 3793//43 3792//43
f 3792//43 3791//43 3849//43
f 3789//43 3788//43 3851//43
f 3851//43 3788//43 3787//43
f 3851//43 3787//43 3786//43
f 3786//43 3785//43 3851//43
f 3851//43 3785//43 570//43
f 3851//43 570//43 572//43
f 570//43 3785//43 528//43
f 528//43 3785//43 3784//43
f 528//43 3784//43 3783//43
f 523//43 524//43 3783//43
f 3783//43 524//43 526//43
f 3783//43 526//43 528//43
f 572//43 574//43 3851//43
f 3851//43 574//43 576//43
f 3851//43 576//43 578//43
f 578//43 580//43 3851//43
f 3851//43 580//43 582//43
f 3851//43 582//43 584//43
f 584//43 586//43 3851//43
f 3851//43 586//43 588//43
f 3851//43 588//43 590//43
usemtl Delrin
f 1176//988 1177//988 1178//988
f 1182//989 1181//989 1183//989
f 1182//990 1184//990 1185//990
f 1185//991 1184//991 1186//991
f 1185//992 1186//992 1187//992
f 1187//993 1186//993 1188//993
f 1187//994 1188//994 1189//994
f 1189//995 1188//995 1190//995
f 1189//996 1190//996 1191//996
f 1189//997 1191//997 1192//997
f 1192//998 1191//998 1193//998
f 1192//999 1193//999 1194//999
f 1194//1000 1193//1000 1195//1000
f 1194//1001 1195//1001 1196//1001
f 1196//1002 1195//1002 1197//1002
f 1196//1003 1197//1003 1198//1003
f 1198//1004 1197//1004 1199//1004
f 1198//1005 1199//1005 1200//1005
f 1200//1006 1199//1006 1201//1006
f 1200//1007 1201//1007 1202//1007
f 1200//1008 1202//1008 1203//1008
f 1203//1009 1202//1009 1204//1009
f 1203//1010 1204//1010 1205//1010
f 1205//1011 1204//1011 1206//1011
f 1205//1012 1206//1012 1207//1012
f 1207//1013 1206//1013 1208//1013
f 1207//1014 1208//1014 1209//1014
f 1209//1015 1208//1015 1210//1015
f 1209//1016 1210//1016 1211//1016
f 1209//1017 1211//1017 1212//1017
f 1212//1018 1211//1018 1213//1018
f 1212//1019 1213//1019 1214//1019
f 1214//1020 1213//1020 1215//1020
f 1214//1021 1215//1021 1216//1021
f 1216//1022 1215//1022 1217//1022
f 1216//1023 1217//1023 1218//1023
f 1218//1024 1217//1024 1219//1024
f 1218//1025 1219//1025 1220//1025
f 1218//1026 1220//1026 1221//1026
f 1221//1027 1220//1027 1222//1027
f 1221//1028 1222//1028 1223//1028
f 1223//1029 1222//1029 1224//1029
f 1223//1030 1224//1030 1225//1030
f 1225//1031 1226//1031 1227//1031
f 1229//1032 1230//1032 1231//1032
f 1231//1033 1232//1033 1233//1033
f 1233//1034 1234//1034 1235//1034
f 1235//1035 1236//1035 1237//1035
f 1237//1036 1236//1036 1238//1036
f 1237//1037 1238//1037 1239//1037
f 1239//1038 1238//1038 1240//1038
f 1239//1039 1241//1039 1242//1039
f 1242//1040 1241//1040 1243//1040
f 1242//1041 1243//1041 1244//1041
f 1244//1042 1243//1042 1245//1042
f 1244//1043 1245//1043 1246//1043
f 1246//1044 1245//1044 1247//1044
f 1246//1045 1247//1045 1248//1045
f 1246//1046 1248//1046 1249//1046
f 1249//1047 1248//1047 1250//1047
f 1249//1048 1250//1048 1251//1048
f 1251//1049 1250//1049 1252//1049
f 1251//1050 1252//1050 1253//1050
f 1253//1051 1252//1051 1254//1051
f 1253//1052 1254//1052 1255//1052
f 1255//1053 1254//1053 1256//1053
f 1255//1054 1256//1054 1257//1054
f 1257//1055 1256//1055 1258//1055
f 1257//1056 1258//1056 1259//1056
f 1257//1057 1259//1057 1260//1057
f 1260//1058 1259//1058 1261//1058
f 1260//1059 1261//1059 1262//1059
f 1262//1060 1261//1060 1263//1060
f 1262//1061 1263//1061 1264//1061
f 1264//1062 1263//1062 1265//1062
f 1264//1063 1265//1063 1266//1063
f 1266//1064 1265//1064 1267//1064
f 1266//1065 1267//1065 1268//1065
f 1266//1066 1268//1066 1269//1066
f 1269//1067 1268//1067 1270//1067
f 1269//1068 1270//1068 1271//1068
f 1271//1069 1270//1069 1272//1069
f 1271//1070 1272//1070 1273//1070
f 1273//1071 1272//1071 1274//1071
f 1273//1072 1274//1072 1275//1072
f 1275//1073 1274//1073 1276//1073
f 1275//1074 1276//1074 1277//1074
f 1275//1075 1277//1075 1278//1075
f 1278//1076 1277//1076 1279//1076
f 1278//1077 1279//1077 1280//1077
f 1280//1078 1279//1078 1281//1078
f 1227//1079 1229//1079 1286//1079
f 1286//1079 1229//1079 1231//1079
f 1286//1079 1231//1079 1287//1079
f 1287//1079 1231//1079 1233//1079
f 1287//1079 1233//1079 1288//1079
f 1288//1079 1233//1079 1235//1079
f 1288//1079 1235//1079 1289//1079
f 1289//1079 1235//1079 1237//1079
f 1289//1079 1237//1079 1290//1079
f 1290//1079 1237//1079 1239//1079
f 1290//1079 1239//1079 1242//1079
f 1290//1079 1242//1079 1291//1079
f 1291//1079 1242//1079 1244//1079
f 1291//1079 1244//1079 1292//1079
f 1292//1079 1244//1079 1246//1079
f 1292//1079 1246//1079 1293//1079
f 1293//1079 1246//1079 1249//1079
f 1293//1079 1249//1079 1294//1079
f 1294//1079 1249//1079 1251//1079
f 1294//1079 1251//1079 1253//1079
f 1294//1079 1253//1079 1295//1079
f 1295//1079 1253//1079 1255//1079
f 1295//1079 1255//1079 1296//1079
f 1296//1079 1255//1079 1257//1079
f 1296//1079 1257//1079 1297//1079
f 1297//1079 1257//1079 1260//1079
f 1297//1079 1260//1079 1298//1079
f 1298//1079 1260//1079 1262//1079
f 1298//1079 1262//1079 1299//1079
f 1299//1079 1262//1079 1264//1079
f 1299//1079 1264//1079 1266//1079
f 1299//1079 1266//1079 1300//1079
f 1300//1079 1266//1079 1269//1079
f 1300//1079 1269//1079 1301//1079
f 1301//1079 1269//1079 1271//1079
f 1301//1079 1271//1079 1302//1079
f 1302//1079 1271//1079 1273//1079
f 1302//1079 1273//1079 1303//1079
f 1303//1079 1273//1079 1275//1079
f 1303//1079 1275//1079 1278//1079
f 1303//1079 1278//1079 1304//1079
f 1304//1079 1278//1079 1280//1079
f 1304//1079 1280//1079 1305//1079
f 1305//1079 1280//1079 1282//1079
f 1305//1079 1282//1079 1306//1079
f 1306//1079 1282//1079 1284//1079
f 1306//1079 1284//1079 1307//1079
f 1307//1079 1284//1079 1172//1079
f 1307//1079 1172//1079 1174//1079
f 1307//1079 1174//1079 1308//1079
f 1308//1079 1174//1079 1176//1079
f 1308//1079 1176//1079 1309//1079
f 1309//1079 1176//1079 1178//1079
f 1309//1079 1178//1079 1310//1079
f 1310//1079 1178//1079 1180//1079
f 1310//1079 1180//1079 1311//1079
f 1311//1079 1180//1079 1182//1079
f 1311//1079 1182//1079 1185//1079
f 1311//1079 1185//1079 1312//1079
f 1312//1079 1185//1079 1187//1079
f 1312//1079 1187//1079 1313//1079
f 1313//1079 1187//1079 1189//1079
f 1313//1079 1189//1079 1314//1079
f 1314//1079 1189//1079 1192//1079
f 1314//1079 1192//1079 1315//1079
f 1315//1079 1192//1079 1194//1079
f 1315//1079 1194//1079 1196//1079
f 1315//1079 1196//1079 1316//1079
f 1316//1079 1196//1079 1198//1079
f 1316//1079 1198//1079 1317//1079
f 1317//1079 1198//1079 1200//1079
f 1317//1079 1200//1079 1318//1079
f 1318//1079 1200//1079 1203//1079
f 1318//1079 1203//1079 1319//1079
f 1319//1079 1203//1079 1205//1079
f 1319//1079 1205//1079 1320//1079
f 1320//1079 1205//1079 1207//1079
f 1320//1079 1207//1079 1209//1079
f 1320//1079 1209//1079 1321//1079
f 1321//1079 1209//1079 1212//1079
f 1321//1079 1212//1079 1322//1079
f 1322//1079 1212//1079 1214//1079
f 1322//1079 1214//1079 1323//1079
f 1323//1079 1214//1079 1216//1079
f 1323//1079 1216//1079 1324//1079
f 1324//1079 1216//1079 1218//1079
f 1324//1079 1218//1079 1221//1079
f 1324//1079 1221//1079 1325//1079
f 1325//1079 1221//1079 1223//1079
f 1325//1079 1223//1079 1326//1079
f 1326//1079 1223//1079 1225//1079
f 1326//1079 1225//1079 1327//1079
f 1327//1079 1225//1079 1227//1079
f 1327//1079 1227//1079 1286//1079
f 1308//1080 1328//1080 1307//1080
f 1307//1080 1328//1080 1329//1080
f 1307//1081 1329//1081 1306//1081
f 1306//1081 1329//1081 1330//1081
f 1306//1082 1330//1082 1305//1082
f 1305//1082 1330//1082 1331//1082
f 1305//1083 1331//1083 1304//1083
f 1304//1083 1331//1083 1332//1083
f 1304//1084 1332//1084 1303//1084
f 1303//1084 1332//1084 1333//1084
f 1303//1085 1333//1085 1302//1085
f 1302//1085 1333//1085 1334//1085
f 1302//1086 1334//1086 1301//1086
f 1301//1086 1334//1086 1335//1086
f 1301//1087 1335//1087 1300//1087
f 1300//1088 1335//1088 1336//1088
f 1300//1089 1336//1089 1299//1089
f 1299//1089 1336//1089 1337//1089
f 1299//1090 1337//1090 1298//1090
f 1298//1090 1337//1090 1338//1090
f 1298//1091 1338//1091 1297//1091
f 1297//1091 1338//1091 1339//1091
f 1297//1 1339//1 1296//1
f 1296//1 1339//1 1340//1
f 1296//1092 1340//1092 1295//1092
f 1295//1092 1340//1092 1341//1092
f 1295//1093 1341//1093 1294//1093
f 1294//1093 1341//1093 1342//1093
f 1294//1094 1342//1094 1293//1094
f 1293//1094 1342//1094 1343//1094
f 1293//1095 1343//1095 1292//1095
f 1292//1095 1343//1095 1344//1095
f 1292//1096 1344//1096 1291//1096
f 1291//1096 1344//1096 1345//1096
f 1291//1097 1345//1097 1290//1097
f 1290//1097 1345//1097 1346//1097
f 1290//1098 1346//1098 1289//1098
f 1289//1099 1346//1099 1347//1099
f 1289//1100 1347//1100 1348//1100
f 1348//1101 1347//1101 1349//1101
f 1348//1102 1349//1102 1289//1102
f 1289//1103 1349//1103 1288//1103
f 1288//1104 1349//1104 1350//1104
f 1288//1105 1350//1105 1351//1105
f 1351//1106 1350//1106 1352//1106
f 1352//1107 1350//1107 1349//1107
f 1328//1108 1308//1108 1353//1108
f 1353//1108 1308//1108 1309//1108
f 1353//1109 1309//1109 1354//1109
f 1354//1109 1309//1109 1310//1109
f 1354//1110 1310//1110 1355//1110
f 1355//1110 1310//1110 1311//1110
f 1355//1111 1311//1111 1356//1111
f 1356//1111 1311//1111 1312//1111
f 1356//1112 1312//1112 1357//1112
f 1357//1112 1312//1112 1313//1112
f 1357//1113 1313//1113 1358//1113
f 1358//1113 1313//1113 1314//1113
f 1358//1114 1314//1114 1359//1114
f 1359//1114 1314//1114 1315//1114
f 1359//1115 1315//1115 1360//1115
f 1360//1115 1315//1115 1316//1115
f 1360//1116 1316//1116 1361//1116
f 1361//1116 1316//1116 1317//1116
f 1361//43 1317//43 1362//43
f 1362//43 1317//43 1318//43
f 1362//1117 1318//1117 1363//1117
f 1363//1117 1318//1117 1319//1117
f 1363//1118 1319//1118 1364//1118
f 1364//1118 1319//1118 1320//1118
f 1364//1119 1320//1119 1365//1119
f 1365//1119 1320//1119 1321//1119
f 1365//1120 1321//1120 1366//1120
f 1366//1120 1321//1120 1322//1120
f 1366//1121 1322//1121 1367//1121
f 1367//1121 1322//1121 1323//1121
f 1367//1122 1323//1122 1368//1122
f 1368//1122 1323//1122 1324//1122
f 1368//1123 1324//1123 1369//1123
f 1369//1124 1324//1124 1370//1124
f 1369//1125 1370//1125 1371//1125
f 1371//1126 1370//1126 1325//1126
f 1371//1127 1325//1127 1326//1127
f 1324//1128 1325//1128 1370//1128
f 1327//1129 1372//1129 1326//1129
f 1326//1130 1372//1130 1373//1130
f 1326//1131 1373//1131 1371//1131
f 1371//1132 1373//1132 1374//1132
f 1374//1133 1373//1133 1372//1133
f 1286//1134 1375//1134 1327//1134
f 1327//1135 1375//1135 1376//1135
f 1327//1136 1376//1136 1372//1136
f 1372//1137 1376//1137 1377//1137
f 1377//1138 1376//1138 1375//1138
f 1287//1139 1378//1139 1286//1139
f 1286//1140 1378//1140 1379//1140
f 1286//1141 1379//1141 1380//1141
f 1380//1141 1379//1141 1381//1141
f 1380//1142 1381//1142 1382//1142
f 1288//1143 1351//1143 1287//1143
f 1287//1144 1351//1144 1383//1144
f 1287//1145 1383//1145 1378//1145
f 1378//1146 1383//1146 1384//1146
f 1385//1147 1361//1147 1386//1147
f 1386//1148 1361//1148 1362//1148
f 1386//1149 1362//1149 1387//1149
f 1387//1150 1362//1150 1388//1150
f 1388//1151 1362//1151 1363//1151
f 1388//1152 1363//1152 1389//1152
f 1389//1153 1363//1153 1364//1153
f 1389//1154 1364//1154 1390//1154
f 1390//1155 1364//1155 1391//1155
f 1391//1156 1364//1156 1365//1156
f 1391//1157 1365//1157 1392//1157
f 1392//1158 1365//1158 1366//1158
f 1392//1159 1366//1159 1393//1159
f 1393//1160 1366//1160 1394//1160
f 1394//1161 1366//1161 1367//1161
f 1394//1162 1367//1162 1395//1162
f 1395//1163 1367//1163 1368//1163
f 1395//1164 1368//1164 1396//1164
f 1396//1165 1368//1165 1369//1165
f 1361//1166 1385//1166 1360//1166
f 1360//1167 1385//1167 1397//1167
f 1360//1168 1397//1168 1359//1168
f 1359//1169 1397//1169 1398//1169
f 1359//1170 1398//1170 1358//1170
f 1358//1171 1398//1171 1399//1171
f 1358//1172 1399//1172 1357//1172
f 1357//1173 1399//1173 1400//1173
f 1357//1174 1400//1174 1356//1174
f 1356//1175 1400//1175 1401//1175
f 1356//1176 1401//1176 1355//1176
f 1355//1177 1401//1177 1402//1177
f 1355//1178 1402//1178 1354//1178
f 1354//1179 1402//1179 1403//1179
f 1354//1180 1403//1180 1353//1180
f 1353//1181 1403//1181 1404//1181
f 1353//1182 1404//1182 1328//1182
f 1328//1183 1404//1183 1405//1183
f 1328//1184 1405//1184 1329//1184
f 1329//1185 1405//1185 1406//1185
f 1329//1186 1406//1186 1407//1186
f 1329//1187 1407//1187 1330//1187
f 1330//1188 1407//1188 1408//1188
f 1330//1189 1408//1189 1331//1189
f 1331//1190 1408//1190 1409//1190
f 1331//1191 1409//1191 1332//1191
f 1332//1192 1409//1192 1410//1192
f 1332//1193 1410//1193 1333//1193
f 1333//1194 1410//1194 1411//1194
f 1333//1195 1411//1195 1334//1195
f 1334//1196 1411//1196 1412//1196
f 1334//1197 1412//1197 1335//1197
f 1335//1198 1412//1198 1413//1198
f 1335//1199 1413//1199 1336//1199
f 1336//1200 1413//1200 1414//1200
f 1336//1201 1414//1201 1337//1201
f 1337//1202 1414//1202 1415//1202
f 1337//1203 1415//1203 1338//1203
f 1338//1204 1415//1204 1416//1204
f 1338//1205 1416//1205 1339//1205
f 1339//1206 1416//1206 1417//1206
f 1339//1207 1417//1207 1340//1207
f 1340//1208 1417//1208 1418//1208
f 1340//1209 1418//1209 1419//1209
f 1340//1210 1419//1210 1341//1210
f 1341//1211 1419//1211 1420//1211
f 1341//1212 1420//1212 1342//1212
f 1342//1213 1420//1213 1421//1213
f 1342//1214 1421//1214 1422//1214
f 1342//1215 1422//1215 1343//1215
f 1343//1216 1422//1216 1423//1216
f 1343//1217 1423//1217 1344//1217
f 1344//1218 1423//1218 1424//1218
f 1344//1219 1424//1219 1425//1219
f 1344//1220 1425//1220 1345//1220
f 1345//1221 1425//1221 1426//1221
f 1345//1222 1426//1222 1346//1222
f 1346//1223 1426//1223 1427//1223
f 1346//1224 1427//1224 1347//1224
f 1380//1142 1382//1142 1286//1142
f 1286//1225 1382//1225 1375//1225
f 1428//1226 1429//1226 1430//1226
f 1430//1226 1429//1226 1431//1226
f 1430//1227 1431//1227 1432//1227
f 1432//1227 1431//1227 1433//1227
f 1432//1228 1433//1228 1434//1228
f 1434//1228 1433//1228 1435//1228
f 1434//1229 1435//1229 1436//1229
f 1436//1229 1435//1229 1437//1229
f 1436//1230 1437//1230 1438//1230
f 1438//1230 1437//1230 1439//1230
f 1438//1231 1439//1231 1440//1231
f 1440//1231 1439//1231 1441//1231
f 1440//1232 1441//1232 1442//1232
f 1442//1232 1441//1232 1443//1232
f 1442//1233 1443//1233 1444//1233
f 1444//1233 1443//1233 1445//1233
f 1444//1234 1445//1234 1446//1234
f 1446//1234 1445//1234 1447//1234
f 1446//1235 1447//1235 1448//1235
f 1448//1235 1447//1235 1449//1235
f 1448//1236 1449//1236 1450//1236
f 1450//1236 1449//1236 1451//1236
f 1450//1 1451//1 1452//1
f 1452//1 1451//1 1453//1
f 1452//1237 1453//1237 1454//1237
f 1454//1237 1453//1237 1455//1237
f 1454//1238 1455//1238 1456//1238
f 1456//1238 1455//1238 1457//1238
f 1456//1239 1457//1239 1458//1239
f 1458//1239 1457//1239 1459//1239
f 1458//1240 1459//1240 1460//1240
f 1460//1240 1459//1240 1461//1240
f 1460//1241 1461//1241 1462//1241
f 1462//1241 1461//1241 1463//1241
f 1462//1242 1463//1242 1464//1242
f 1464//1242 1463//1242 1465//1242
f 1464//1243 1465//1243 1466//1243
f 1466//1243 1465//1243 1467//1243
f 1466//1244 1467//1244 1468//1244
f 1468//1244 1467//1244 1469//1244
f 1468//1245 1469//1245 1470//1245
f 1470//1245 1469//1245 1471//1245
f 1470//1246 1471//1246 1472//1246
f 1472//1246 1471//1246 1473//1246
f 1472//1247 1473//1247 1474//1247
f 1474//1247 1473//1247 1475//1247
f 1474//1248 1475//1248 1476//1248
f 1476//1248 1475//1248 1477//1248
f 1476//1249 1477//1249 1478//1249
f 1478//1249 1477//1249 1479//1249
f 1478//1250 1479//1250 1480//1250
f 1480//1250 1479//1250 1481//1250
f 1480//1251 1481//1251 1482//1251
f 1482//1251 1481//1251 1483//1251
f 1482//1252 1483//1252 1484//1252
f 1484//1252 1483//1252 1485//1252
f 1484//1253 1485//1253 1486//1253
f 1486//1253 1485//1253 1487//1253
f 1486//1254 1487//1254 1488//1254
f 1488//1254 1487//1254 1489//1254
f 1488//1255 1489//1255 1490//1255
f 1490//1255 1489//1255 1491//1255
f 1490//1256 1491//1256 1492//1256
f 1492//1256 1491//1256 1493//1256
f 1492//43 1493//43 1494//43
f 1494//43 1493//43 1495//43
f 1494//1257 1495//1257 1496//1257
f 1496//1257 1495//1257 1497//1257
f 1496//1258 1497//1258 1498//1258
f 1498//1258 1497//1258 1499//1258
f 1498//1259 1499//1259 1500//1259
f 1500//1259 1499//1259 1501//1259
f 1500//1260 1501//1260 1502//1260
f 1502//1260 1501//1260 1503//1260
f 1502//1261 1503//1261 1504//1261
f 1504//1261 1503//1261 1505//1261
f 1504//1262 1505//1262 1506//1262
f 1506//1262 1505//1262 1507//1262
f 1506//1263 1507//1263 1508//1263
f 1508//1263 1507//1263 1509//1263
f 1508//1264 1509//1264 1510//1264
f 1510//1264 1509//1264 1511//1264
f 1510//1265 1511//1265 1428//1265
f 1428//1265 1511//1265 1429//1265
f 1512//1266 1495//1266 1386//1266
f 1386//1267 1495//1267 1493//1267
f 1386//1268 1493//1268 1385//1268
f 1385//1269 1493//1269 1491//1269
f 1385//1270 1491//1270 1397//1270
f 1397//1271 1491//1271 1489//1271
f 1397//1272 1489//1272 1398//1272
f 1398//1273 1489//1273 1487//1273
f 1398//1274 1487//1274 1399//1274
f 1399//1275 1487//1275 1485//1275
f 1399//1276 1485//1276 1400//1276
f 1400//1277 1485//1277 1483//1277
f 1400//1278 1483//1278 1401//1278
f 1401//1279 1483//1279 1481//1279
f 1401//1280 1481//1280 1402//1280
f 1402//1281 1481//1281 1479//1281
f 1402//1282 1479//1282 1403//1282
f 1403//1283 1479//1283 1477//1283
f 1403//1284 1477//1284 1404//1284
f 1404//1285 1477//1285 1475//1285
f 1404//1286 1475//1286 1405//1286
f 1405//1287 1475//1287 1473//1287
f 1405//1288 1473//1288 1406//1288
f 1406//1289 1473//1289 1407//1289
f 1407//1290 1473//1290 1471//1290
f 1407//1291 1471//1291 1408//1291
f 1408//1292 1471//1292 1469//1292
f 1408//1293 1469//1293 1409//1293
f 1409//1294 1469//1294 1467//1294
f 1409//1295 1467//1295 1410//1295
f 1410//1296 1467//1296 1465//1296
f 1410//1297 1465//1297 1411//1297
f 1411//1298 1465//1298 1463//1298
f 1411//1299 1463//1299 1412//1299
f 1412//1300 1463//1300 1461//1300
f 1412//1301 1461//1301 1413//1301
f 1413//1302 1461//1302 1459//1302
f 1413//1303 1459//1303 1414//1303
f 1414//1304 1459//1304 1457//1304
f 1414//1305 1457//1305 1415//1305
f 1415//1306 1457//1306 1455//1306
f 1415//1307 1455//1307 1416//1307
f 1416//1308 1455//1308 1453//1308
f 1416//1309 1453//1309 1417//1309
f 1417//1310 1453//1310 1451//1310
f 1417//1311 1451//1311 1513//1311
f 1513//1312 1451//1312 1449//1312
f 1513//1313 1449//1313 1514//1313
f 1514//1314 1449//1314 1447//1314
f 1514//1315 1447//1315 1515//1315
f 1515//1316 1447//1316 1445//1316
f 1515//1317 1445//1317 1516//1317
f 1516//1318 1445//1318 1443//1318
f 1516//1319 1443//1319 1517//1319
f 1517//1320 1443//1320 1441//1320
f 1517//1321 1441//1321 1518//1321
f 1518//1322 1441//1322 1439//1322
f 1518//1323 1439//1323 1519//1323
f 1519//1324 1439//1324 1437//1324
f 1519//1325 1437//1325 1520//1325
f 1520//1326 1437//1326 1435//1326
f 1520//1327 1435//1327 1521//1327
f 1521//1328 1435//1328 1433//1328
f 1521//1329 1433//1329 1522//1329
f 1522//1330 1433//1330 1431//1330
f 1522//1331 1431//1331 1523//1331
f 1523//1332 1431//1332 1524//1332
f 1524//1333 1431//1333 1429//1333
f 1524//1334 1429//1334 1525//1334
f 1525//1335 1429//1335 1511//1335
f 1525//1336 1511//1336 1526//1336
f 1526//1337 1511//1337 1509//1337
f 1526//1338 1509//1338 1527//1338
f 1527//1339 1509//1339 1507//1339
f 1527//1340 1507//1340 1528//1340
f 1528//1341 1507//1341 1505//1341
f 1528//1342 1505//1342 1529//1342
f 1529//1343 1505//1343 1503//1343
f 1529//1344 1503//1344 1530//1344
f 1530//1345 1503//1345 1501//1345
f 1530//1346 1501//1346 1531//1346
f 1531//1347 1501//1347 1499//1347
f 1531//1348 1499//1348 1532//1348
f 1532//1349 1499//1349 1497//1349
f 1532//1350 1497//1350 1512//1350
f 1512//1351 1497//1351 1495//1351
f 1533//1352 1534//1352 1535//1352
f 1535//1353 1536//1353 1537//1353
f 1537//1354 1536//1354 1538//1354
f 1537//1355 1538//1355 1539//1355
f 1539//1356 1538//1356 1540//1356
f 1539//1357 1540//1357 1541//1357
f 1541//1358 1540//1358 1542//1358
f 1541//1359 1542//1359 1543//1359
f 1543//1360 1542//1360 1544//1360
f 1543//1361 1544//1361 1545//1361
f 1543//1362 1545//1362 1546//1362
f 1546//1363 1545//1363 1547//1363
f 1546//1364 1547//1364 1548//1364
f 1548//1365 1547//1365 1549//1365
f 1548//1366 1549//1366 1550//1366
f 1550//1367 1549//1367 1551//1367
f 1550//1368 1551//1368 1552//1368
f 1550//1369 1552//1369 1553//1369
f 1553//1370 1552//1370 1554//1370
f 1553//1371 1554//1371 1555//1371
f 1555//1372 1554//1372 1556//1372
f 1555//1373 1556//1373 1557//1373
f 1557//1374 1556//1374 1558//1374
f 1557//1375 1558//1375 1559//1375
f 1559//1376 1558//1376 1560//1376
f 1559//1377 1560//1377 1561//1377
f 1561//1378 1560//1378 1562//1378
f 1561//1379 1562//1379 1563//1379
f 1561//1380 1563//1380 1564//1380
f 1564//1381 1563//1381 1565//1381
f 1564//1382 1565//1382 1566//1382
f 1566//1383 1565//1383 1567//1383
f 1566//1384 1567//1384 1568//1384
f 1568//1385 1567//1385 1569//1385
f 1568//1386 1569//1386 1570//1386
f 1570//1387 1569//1387 1571//1387
f 1570//1388 1571//1388 1572//1388
f 1570//1389 1572//1389 1573//1389
f 1573//1390 1572//1390 1574//1390
f 1573//1391 1574//1391 1575//1391
f 1575//1392 1574//1392 1576//1392
f 1575//1393 1576//1393 1577//1393
f 1577//1394 1576//1394 1578//1394
f 1577//1395 1578//1395 1579//1395
f 1579//1396 1578//1396 1580//1396
f 1579//1397 1580//1397 1581//1397
f 1579//1398 1581//1398 1582//1398
f 1582//1399 1581//1399 1583//1399
f 1582//1400 1583//1400 1584//1400
f 1584//1401 1583//1401 1585//1401
f 1584//1402 1585//1402 1586//1402
f 1590//1403 1591//1403 1592//1403
f 1592//1404 1593//1404 1594//1404
f 1594//1405 1595//1405 1596//1405
f 1596//1406 1595//1406 1597//1406
f 1596//1407 1597//1407 1598//1407
f 1598//1408 1597//1408 1599//1408
f 1598//1409 1599//1409 1600//1409
f 1600//1410 1599//1410 1601//1410
f 1600//1411 1601//1411 1602//1411
f 1600//1412 1602//1412 1603//1412
f 1603//1413 1602//1413 1604//1413
f 1603//1414 1604//1414 1605//1414
f 1605//1415 1604//1415 1606//1415
f 1605//1416 1606//1416 1607//1416
f 1607//1417 1606//1417 1608//1417
f 1607//1418 1608//1418 1609//1418
f 1607//1419 1609//1419 1610//1419
f 1610//1420 1609//1420 1611//1420
f 1610//1421 1611//1421 1612//1421
f 1612//1422 1611//1422 1613//1422
f 1612//1423 1613//1423 1614//1423
f 1614//1424 1613//1424 1615//1424
f 1614//1425 1615//1425 1616//1425
f 1616//1426 1615//1426 1617//1426
f 1616//1427 1617//1427 1618//1427
f 1618//1428 1617//1428 1619//1428
f 1618//1429 1619//1429 1620//1429
f 1618//1430 1620//1430 1621//1430
f 1621//1431 1620//1431 1622//1431
f 1621//1432 1622//1432 1623//1432
f 1623//1433 1622//1433 1624//1433
f 1623//1434 1624//1434 1625//1434
f 1625//1435 1624//1435 1626//1435
f 1625//1436 1626//1436 1627//1436
f 1627//1437 1626//1437 1628//1437
f 1627//1438 1628//1438 1629//1438
f 1627//1439 1629//1439 1630//1439
f 1630//1440 1629//1440 1631//1440
f 1630//1441 1631//1441 1632//1441
f 1632//1442 1631//1442 1633//1442
f 1632//1443 1633//1443 1634//1443
f 1634//1444 1633//1444 1635//1444
f 1634//1445 1635//1445 1636//1445
f 1636//1446 1635//1446 1637//1446
f 1636//1447 1637//1447 1638//1447
f 1636//1448 1638//1448 1639//1448
f 1639//1449 1638//1449 1640//1449
f 1639//1450 1640//1450 1641//1450
f 1641//1451 1640//1451 1642//1451
f 1641//1452 1642//1452 1643//1452
f 1643//1453 1642//1453 1644//1453
f 1588//1454 1590//1454 1647//1454
f 1647//1454 1590//1454 1592//1454
f 1647//1454 1592//1454 1648//1454
f 1648//1454 1592//1454 1594//1454
f 1648//1454 1594//1454 1649//1454
f 1649//1454 1594//1454 1596//1454
f 1649//1454 1596//1454 1650//1454
f 1650//1454 1596//1454 1598//1454
f 1650//1454 1598//1454 1651//1454
f 1651//1454 1598//1454 1600//1454
f 1651//1454 1600//1454 1603//1454
f 1651//1454 1603//1454 1652//1454
f 1652//1454 1603//1454 1605//1454
f 1652//1454 1605//1454 1653//1454
f 1653//1454 1605//1454 1607//1454
f 1653//1454 1607//1454 1654//1454
f 1654//1454 1607//1454 1610//1454
f 1654//1454 1610//1454 1655//1454
f 1655//1454 1610//1454 1612//1454
f 1655//1454 1612//1454 1614//1454
f 1655//1454 1614//1454 1656//1454
f 1656//1454 1614//1454 1616//1454
f 1656//1454 1616//1454 1657//1454
f 1657//1454 1616//1454 1618//1454
f 1657//1454 1618//1454 1658//1454
f 1658//1454 1618//1454 1621//1454
f 1658//1454 1621//1454 1659//1454
f 1659//1454 1621//1454 1623//1454
f 1659//1454 1623//1454 1660//1454
f 1660//1454 1623//1454 1625//1454
f 1660//1454 1625//1454 1627//1454
f 1660//1454 1627//1454 1661//1454
f 1661//1454 1627//1454 1630//1454
f 1661//1454 1630//1454 1662//1454
f 1662//1454 1630//1454 1632//1454
f 1662//1454 1632//1454 1663//1454
f 1663//1454 1632//1454 1634//1454
f 1663//1454 1634//1454 1664//1454
f 1664//1454 1634//1454 1636//1454
f 1664//1454 1636//1454 1639//1454
f 1664//1454 1639//1454 1665//1454
f 1665//1454 1639//1454 1641//1454
f 1665//1454 1641//1454 1666//1454
f 1666//1454 1641//1454 1643//1454
f 1666//1454 1643//1454 1667//1454
f 1667//1454 1643//1454 1645//1454
f 1667//1454 1645//1454 1668//1454
f 1668//1454 1645//1454 1533//1454
f 1668//1454 1533//1454 1535//1454
f 1668//1454 1535//1454 1669//1454
f 1669//1454 1535//1454 1537//1454
f 1669//1454 1537//1454 1670//1454
f 1670//1454 1537//1454 1539//1454
f 1670//1454 1539//1454 1671//1454
f 1671//1454 1539//1454 1541//1454
f 1671//1454 1541//1454 1672//1454
f 1672//1454 1541//1454 1543//1454
f 1672//1454 1543//1454 1546//1454
f 1672//1454 1546//1454 1673//1454
f 1673//1454 1546//1454 1548//1454
f 1673//1454 1548//1454 1674//1454
f 1674//1454 1548//1454 1550//1454
f 1674//1454 1550//1454 1675//1454
f 1675//1454 1550//1454 1553//1454
f 1675//1454 1553//1454 1676//1454
f 1676//1454 1553//1454 1555//1454
f 1676//1454 1555//1454 1557//1454
f 1676//1454 1557//1454 1677//1454
f 1677//1454 1557//1454 1559//1454
f 1677//1454 1559//1454 1678//1454
f 1678//1454 1559//1454 1561//1454
f 1678//1454 1561//1454 1679//1454
f 1679//1454 1561//1454 1564//1454
f 1679//1454 1564//1454 1680//1454
f 1680//1454 1564//1454 1566//1454
f 1680//1454 1566//1454 1681//1454
f 1681//1454 1566//1454 1568//1454
f 1681//1454 1568//1454 1570//1454
f 1681//1454 1570//1454 1682//1454
f 1682//1454 1570//1454 1573//1454
f 1682//1454 1573//1454 1683//1454
f 1683//1454 1573//1454 1575//1454
f 1683//1454 1575//1454 1684//1454
f 1684//1454 1575//1454 1577//1454
f 1684//1454 1577//1454 1685//1454
f 1685//1454 1577//1454 1579//1454
f 1685//1454 1579//1454 1582//1454
f 1685//1454 1582//1454 1686//1454
f 1686//1454 1582//1454 1584//1454
f 1686//1454 1584//1454 1687//1454
f 1687//1454 1584//1454 1586//1454
f 1687//1454 1586//1454 1688//1454
f 1688//1454 1586//1454 1588//1454
f 1688//1454 1588//1454 1647//1454
f 1669//1455 1375//1455 1668//1455
f 1668//1456 1375//1456 1382//1456
f 1668//1457 1382//1457 1689//1457
f 1689//1457 1382//1457 1381//1457
f 1689//1458 1381//1458 1379//1458
f 1670//1459 1372//1459 1669//1459
f 1669//1460 1372//1460 1690//1460
f 1669//1461 1690//1461 1375//1461
f 1375//1462 1690//1462 1377//1462
f 1377//1463 1690//1463 1372//1463
f 1671//1464 1371//1464 1670//1464
f 1670//1465 1371//1465 1691//1465
f 1670//1466 1691//1466 1372//1466
f 1372//1467 1691//1467 1374//1467
f 1374//1468 1691//1468 1371//1468
f 1672//1469 1692//1469 1671//1469
f 1671//1470 1692//1470 1369//1470
f 1671//1471 1369//1471 1693//1471
f 1693//1472 1369//1472 1371//1472
f 1693//1473 1371//1473 1671//1473
f 1692//1474 1672//1474 1694//1474
f 1694//1474 1672//1474 1673//1474
f 1694//1475 1673//1475 1695//1475
f 1695//1475 1673//1475 1674//1475
f 1695//1476 1674//1476 1696//1476
f 1696//1476 1674//1476 1675//1476
f 1696//1477 1675//1477 1697//1477
f 1697//1477 1675//1477 1676//1477
f 1697//1478 1676//1478 1698//1478
f 1698//1478 1676//1478 1677//1478
f 1698//1479 1677//1479 1699//1479
f 1699//1479 1677//1479 1678//1479
f 1699//43 1678//43 1700//43
f 1700//43 1678//43 1679//43
f 1700//1480 1679//1480 1701//1480
f 1701//1480 1679//1480 1680//1480
f 1701//1481 1680//1481 1702//1481
f 1702//1481 1680//1481 1681//1481
f 1702//1482 1681//1482 1703//1482
f 1703//1482 1681//1482 1682//1482
f 1703//1483 1682//1483 1704//1483
f 1704//1484 1682//1484 1683//1484
f 1704//1485 1683//1485 1705//1485
f 1705//1485 1683//1485 1684//1485
f 1705//1486 1684//1486 1706//1486
f 1706//1486 1684//1486 1685//1486
f 1706//1487 1685//1487 1707//1487
f 1707//1487 1685//1487 1686//1487
f 1707//1488 1686//1488 1708//1488
f 1708//1488 1686//1488 1687//1488
f 1708//1489 1687//1489 1709//1489
f 1709//1489 1687//1489 1688//1489
f 1709//1490 1688//1490 1710//1490
f 1710//1490 1688//1490 1647//1490
f 1710//1491 1647//1491 1711//1491
f 1711//1491 1647//1491 1648//1491
f 1711//1492 1648//1492 1712//1492
f 1712//1492 1648//1492 1649//1492
f 1712//1493 1649//1493 1713//1493
f 1713//1493 1649//1493 1650//1493
f 1713//1494 1650//1494 1714//1494
f 1714//1494 1650//1494 1651//1494
f 1714//1495 1651//1495 1715//1495
f 1715//1495 1651//1495 1652//1495
f 1715//1496 1652//1496 1716//1496
f 1716//1497 1652//1497 1653//1497
f 1716//1498 1653//1498 1717//1498
f 1717//1498 1653//1498 1654//1498
f 1717//1499 1654//1499 1718//1499
f 1718//1499 1654//1499 1655//1499
f 1718//1500 1655//1500 1719//1500
f 1719//1500 1655//1500 1656//1500
f 1719//1501 1656//1501 1720//1501
f 1720//1501 1656//1501 1657//1501
f 1720//1 1657//1 1721//1
f 1721//1 1657//1 1658//1
f 1721//1502 1658//1502 1722//1502
f 1722//1502 1658//1502 1659//1502
f 1722//1503 1659//1503 1723//1503
f 1723//1503 1659//1503 1660//1503
f 1723//1504 1660//1504 1724//1504
f 1724//1504 1660//1504 1661//1504
f 1724//1505 1661//1505 1725//1505
f 1725//1505 1661//1505 1662//1505
f 1725//1506 1662//1506 1726//1506
f 1726//1506 1662//1506 1663//1506
f 1726//1507 1663//1507 1727//1507
f 1727//1507 1663//1507 1664//1507
f 1727//1508 1664//1508 1347//1508
f 1347//1509 1664//1509 1728//1509
f 1347//1510 1728//1510 1349//1510
f 1349//1511 1728//1511 1665//1511
f 1349//1512 1665//1512 1666//1512
f 1664//1513 1665//1513 1728//1513
f 1667//1514 1351//1514 1666//1514
f 1666//1515 1351//1515 1729//1515
f 1666//1516 1729//1516 1349//1516
f 1349//1517 1729//1517 1352//1517
f 1352//1518 1729//1518 1351//1518
f 1668//1519 1378//1519 1667//1519
f 1667//1520 1378//1520 1730//1520
f 1667//1521 1730//1521 1351//1521
f 1351//1522 1730//1522 1384//1522
f 1387//1523 1699//1523 1386//1523
f 1386//1524 1699//1524 1700//1524
f 1386//1525 1700//1525 1512//1525
f 1512//1526 1700//1526 1701//1526
f 1512//1527 1701//1527 1532//1527
f 1532//1528 1701//1528 1702//1528
f 1532//1529 1702//1529 1531//1529
f 1531//1530 1702//1530 1703//1530
f 1531//1531 1703//1531 1530//1531
f 1530//1532 1703//1532 1704//1532
f 1530//1533 1704//1533 1529//1533
f 1529//1534 1704//1534 1705//1534
f 1529//1535 1705//1535 1528//1535
f 1528//1536 1705//1536 1706//1536
f 1528//1537 1706//1537 1527//1537
f 1527//1538 1706//1538 1707//1538
f 1527//1539 1707//1539 1526//1539
f 1526//1540 1707//1540 1708//1540
f 1526//1541 1708//1541 1525//1541
f 1525//1542 1708//1542 1709//1542
f 1525//1543 1709//1543 1524//1543
f 1524//1544 1709//1544 1710//1544
f 1524//1545 1710//1545 1523//1545
f 1523//1546 1710//1546 1522//1546
f 1522//1547 1710//1547 1711//1547
f 1522//1548 1711//1548 1521//1548
f 1521//1549 1711//1549 1712//1549
f 1521//1550 1712//1550 1520//1550
f 1520//1551 1712//1551 1713//1551
f 1520//1552 1713//1552 1519//1552
f 1519//1553 1713//1553 1714//1553
f 1519//1554 1714//1554 1518//1554
f 1518//1555 1714//1555 1715//1555
f 1518//1556 1715//1556 1517//1556
f 1517//1557 1715//1557 1716//1557
f 1517//1558 1716//1558 1516//1558
f 1516//1559 1716//1559 1717//1559
f 1516//1560 1717//1560 1515//1560
f 1515//1561 1717//1561 1718//1561
f 1515//1562 1718//1562 1514//1562
f 1514//1563 1718//1563 1719//1563
f 1514//1564 1719//1564 1513//1564
f 1513//1565 1719//1565 1720//1565
f 1513//1566 1720//1566 1417//1566
f 1417//1567 1720//1567 1721//1567
f 1417//1568 1721//1568 1418//1568
f 1418//1569 1721//1569 1419//1569
f 1419//1570 1721//1570 1722//1570
f 1419//1571 1722//1571 1420//1571
f 1420//1572 1722//1572 1723//1572
f 1420//1573 1723//1573 1421//1573
f 1421//1574 1723//1574 1422//1574
f 1422//1575 1723//1575 1724//1575
f 1422//1576 1724//1576 1423//1576
f 1423//1577 1724//1577 1725//1577
f 1423//1578 1725//1578 1424//1578
f 1424//1579 1725//1579 1425//1579
f 1425//1580 1725//1580 1726//1580
f 1425//1581 1726//1581 1426//1581
f 1426//1582 1726//1582 1727//1582
f 1426//1583 1727//1583 1427//1583
f 1427//1584 1727//1584 1347//1584
f 1387//1585 1388//1585 1699//1585
f 1699//1586 1388//1586 1698//1586
f 1388//1587 1389//1587 1698//1587
f 1698//1588 1389//1588 1697//1588
f 1389//1589 1390//1589 1697//1589
f 1697//1590 1390//1590 1391//1590
f 1697//1591 1391//1591 1696//1591
f 1696//1592 1391//1592 1392//1592
f 1696//1593 1392//1593 1695//1593
f 1695//1594 1392//1594 1393//1594
f 1695//1595 1393//1595 1394//1595
f 1695//1596 1394//1596 1694//1596
f 1694//1597 1394//1597 1395//1597
f 1694//1598 1395//1598 1692//1598
f 1692//1599 1395//1599 1396//1599
f 1692//1600 1396//1600 1369//1600
f 1689//1458 1379//1458 1668//1458
f 1668//1601 1379//1601 1378//1601
f 1735//1602 1736//1602 1737//1602
f 1737//1603 1736//1603 1738//1603
f 1737//1604 1738//1604 1739//1604
f 1739//1605 1738//1605 1740//1605
f 1739//1606 1740//1606 1741//1606
f 1741//1607 1740//1607 1742//1607
f 1741//1608 1742//1608 1743//1608
f 1741//1609 1743//1609 1744//1609
f 1744//1610 1743//1610 1745//1610
f 1744//1611 1745//1611 1746//1611
f 1746//1612 1745//1612 1747//1612
f 1746//1613 1747//1613 1748//1613
f 1748//1614 1747//1614 1749//1614
f 1748//1615 1749//1615 1750//1615
f 1748//1616 1750//1616 1751//1616
f 1751//1617 1750//1617 1752//1617
f 1751//1618 1752//1618 1753//1618
f 1753//1619 1752//1619 1754//1619
f 1753//1620 1754//1620 1755//1620
f 1755//1621 1754//1621 1756//1621
f 1755//1622 1756//1622 1757//1622
f 1757//1623 1756//1623 1758//1623
f 1757//1624 1758//1624 1759//1624
f 1759//1625 1758//1625 1760//1625
f 1759//1626 1760//1626 1761//1626
f 1759//1627 1761//1627 1762//1627
f 1762//1628 1761//1628 1763//1628
f 1762//1629 1763//1629 1764//1629
f 1764//1630 1763//1630 1765//1630
f 1764//1631 1765//1631 1766//1631
f 1766//1632 1765//1632 1767//1632
f 1766//1633 1767//1633 1768//1633
f 1768//1634 1767//1634 1769//1634
f 1768//1635 1769//1635 1770//1635
f 1768//1636 1770//1636 1771//1636
f 1771//1637 1770//1637 1772//1637
f 1771//1638 1772//1638 1773//1638
f 1773//1639 1772//1639 1774//1639
f 1773//1640 1774//1640 1775//1640
f 1775//1641 1774//1641 1776//1641
f 1775//1642 1776//1642 1777//1642
f 1777//1643 1776//1643 1778//1643
f 1777//1644 1778//1644 1779//1644
f 1777//1645 1779//1645 1780//1645
f 1780//1646 1779//1646 1781//1646
f 1780//1647 1781//1647 1782//1647
f 1782//1648 1781//1648 1783//1648
f 1784//1649 1783//1649 1785//1649
f 1784//1650 1785//1650 1786//1650
f 1794//1651 1795//1651 1796//1651
f 1798//1652 1797//1652 1799//1652
f 1798//1653 1800//1653 1801//1653
f 1801//1654 1800//1654 1802//1654
f 1801//1655 1802//1655 1803//1655
f 1803//1656 1802//1656 1804//1656
f 1803//1657 1804//1657 1805//1657
f 1805//1658 1804//1658 1806//1658
f 1805//1659 1806//1659 1807//1659
f 1805//1660 1807//1660 1808//1660
f 1808//1661 1807//1661 1809//1661
f 1808//1662 1809//1662 1810//1662
f 1810//1663 1809//1663 1811//1663
f 1810//1664 1811//1664 1812//1664
f 1812//1665 1811//1665 1813//1665
f 1812//1666 1813//1666 1814//1666
f 1786//65 1788//65 1472//65
f 1472//65 1788//65 1790//65
f 1472//65 1790//65 1470//65
f 1470//65 1790//65 1792//65
f 1470//65 1792//65 1468//65
f 1468//65 1792//65 1794//65
f 1468//65 1794//65 1466//65
f 1466//65 1794//65 1796//65
f 1466//65 1796//65 1464//65
f 1464//65 1796//65 1798//65
f 1464//65 1798//65 1801//65
f 1464//65 1801//65 1462//65
f 1462//65 1801//65 1803//65
f 1462//65 1803//65 1460//65
f 1460//65 1803//65 1805//65
f 1460//65 1805//65 1458//65
f 1458//65 1805//65 1808//65
f 1458//65 1808//65 1456//65
f 1456//65 1808//65 1810//65
f 1456//65 1810//65 1812//65
f 1456//65 1812//65 1454//65
f 1454//65 1812//65 1814//65
f 1454//65 1814//65 1452//65
f 1452//65 1814//65 1816//65
f 1452//65 1816//65 1450//65
f 1450//65 1816//65 1819//65
f 1450//65 1819//65 1448//65
f 1448//65 1819//65 1821//65
f 1448//65 1821//65 1446//65
f 1446//65 1821//65 1823//65
f 1446//65 1823//65 1825//65
f 1446//65 1825//65 1444//65
f 1444//65 1825//65 1828//65
f 1444//65 1828//65 1442//65
f 1442//65 1828//65 1830//65
f 1442//65 1830//65 1440//65
f 1440//65 1830//65 1832//65
f 1440//65 1832//65 1438//65
f 1438//65 1832//65 1834//65
f 1438//65 1834//65 1837//65
f 1438//65 1837//65 1436//65
f 1436//65 1837//65 1839//65
f 1436//65 1839//65 1434//65
f 1434//65 1839//65 1841//65
f 1434//65 1841//65 1432//65
f 1432//65 1841//65 1843//65
f 1432//65 1843//65 1430//65
f 1430//65 1843//65 1731//65
f 1430//65 1731//65 1733//65
f 1430//65 1733//65 1428//65
f 1428//65 1733//65 1735//65
f 1428//65 1735//65 1510//65
f 1510//65 1735//65 1737//65
f 1510//65 1737//65 1508//65
f 1508//65 1737//65 1739//65
f 1508//65 1739//65 1506//65
f 1506//65 1739//65 1741//65
f 1506//65 1741//65 1744//65
f 1506//65 1744//65 1504//65
f 1504//65 1744//65 1746//65
f 1504//65 1746//65 1502//65
f 1502//65 1746//65 1748//65
f 1502//65 1748//65 1500//65
f 1500//65 1748//65 1751//65
f 1500//65 1751//65 1498//65
f 1498//65 1751//65 1753//65
f 1498//65 1753//65 1755//65
f 1498//65 1755//65 1496//65
f 1496//65 1755//65 1757//65
f 1496//65 1757//65 1494//65
f 1494//65 1757//65 1759//65
f 1494//65 1759//65 1492//65
f 1492//65 1759//65 1762//65
f 1492//65 1762//65 1490//65
f 1490//65 1762//65 1764//65
f 1490//65 1764//65 1488//65
f 1488//65 1764//65 1766//65
f 1488//65 1766//65 1768//65
f 1488//65 1768//65 1486//65
f 1486//65 1768//65 1771//65
f 1486//65 1771//65 1484//65
f 1484//65 1771//65 1773//65
f 1484//65 1773//65 1482//65
f 1482//65 1773//65 1775//65
f 1482//65 1775//65 1480//65
f 1480//65 1775//65 1777//65
f 1480//65 1777//65 1780//65
f 1480//65 1780//65 1478//65
f 1478//65 1780//65 1782//65
f 1478//65 1782//65 1476//65
f 1476//65 1782//65 1784//65
f 1476//65 1784//65 1474//65
f 1474//65 1784//65 1786//65
f 1474//65 1786//65 1472//65
f 1845//1667 1846//1667 1847//1667
f 1847//1668 1846//1668 1848//1668
f 1847//1669 1848//1669 1849//1669
f 1849//1670 1848//1670 1850//1670
f 1849//1671 1850//1671 1851//1671
f 1851//1672 1850//1672 1852//1672
f 1851//1673 1852//1673 1853//1673
f 1853//1674 1852//1674 1854//1674
f 1853//1675 1854//1675 1855//1675
f 1855//1676 1854//1676 1856//1676
f 1855//1677 1856//1677 1857//1677
f 1857//1678 1856//1678 1858//1678
f 1857//1679 1858//1679 1859//1679
f 1859//1680 1858//1680 1860//1680
f 1859//1681 1860//1681 1861//1681
f 1861//1682 1860//1682 1862//1682
f 1861//1683 1862//1683 1863//1683
f 1863//1684 1862//1684 1864//1684
f 1863//1685 1864//1685 1865//1685
f 1865//1686 1864//1686 1866//1686
f 1865//1687 1866//1687 1867//1687
f 1867//1688 1866//1688 1868//1688
f 1867//1689 1868//1689 1869//1689
f 1869//1690 1868//1690 1870//1690
f 1869//1691 1870//1691 1871//1691
f 1871//1692 1870//1692 1872//1692
f 1871//1693 1872//1693 1873//1693
f 1873//1694 1872//1694 1874//1694
f 1873//1695 1874//1695 1875//1695
f 1875//1696 1874//1696 1876//1696
f 1875//1697 1876//1697 1877//1697
f 1877//1698 1876//1698 1878//1698
f 1877//1699 1878//1699 1879//1699
f 1879//1700 1878//1700 1880//1700
f 1879//1701 1880//1701 1881//1701
f 1881//1702 1880//1702 1882//1702
f 1881//1703 1882//1703 1883//1703
f 1883//1704 1882//1704 1884//1704
f 1883//1705 1884//1705 1885//1705
f 1885//1706 1884//1706 1886//1706
f 1885//1707 1886//1707 1887//1707
f 1887//1708 1886//1708 1888//1708
f 1887//1709 1888//1709 1889//1709
f 1889//1710 1888//1710 1890//1710
f 1889//1711 1890//1711 1891//1711
f 1891//1712 1890//1712 1892//1712
f 1891//1713 1892//1713 1893//1713
f 1893//1714 1892//1714 1894//1714
f 1893//1715 1894//1715 1895//1715
f 1895//1716 1894//1716 1896//1716
f 1895//1717 1896//1717 1897//1717
f 1897//1718 1896//1718 1898//1718
f 1897//1719 1898//1719 1899//1719
f 1899//1720 1898//1720 1900//1720
f 1899//1721 1900//1721 1901//1721
f 1901//1722 1900//1722 1902//1722
f 1901//1723 1902//1723 1903//1723
f 1901//1724 1903//1724 1904//1724
f 1904//1725 1903//1725 1905//1725
f 1904//1726 1905//1726 1906//1726
f 1906//1727 1905//1727 1907//1727
f 1906//1728 1907//1728 1908//1728
f 1908//1729 1907//1729 1909//1729
f 1908//1730 1909//1730 1910//1730
f 1910//1731 1909//1731 1911//1731
f 1910//1732 1911//1732 1912//1732
f 1912//1733 1911//1733 1913//1733
f 1912//1734 1913//1734 1914//1734
f 1914//1735 1913//1735 1915//1735
f 1914//1736 1915//1736 1916//1736
f 1916//1737 1915//1737 1917//1737
f 1916//1738 1917//1738 1918//1738
f 1918//1739 1917//1739 1919//1739
f 1918//1740 1919//1740 1920//1740
f 1920//1741 1919//1741 1921//1741
f 1920//1742 1921//1742 1922//1742
f 1922//1743 1921//1743 1923//1743
f 1922//1744 1923//1744 1924//1744
f 1924//1745 1923//1745 1925//1745
f 1924//1746 1925//1746 1926//1746
f 1926//1747 1925//1747 1927//1747
f 1926//1748 1927//1748 1928//1748
f 1928//1749 1927//1749 1929//1749
f 1928//1750 1929//1750 1930//1750
f 1930//1751 1929//1751 1931//1751
f 1930//1752 1931//1752 1932//1752
f 1932//1753 1931//1753 1933//1753
f 1932//1754 1933//1754 1934//1754
f 1934//1755 1933//1755 1935//1755
f 1934//1756 1935//1756 1936//1756
f 1936//1757 1935//1757 1937//1757
f 1936//1758 1937//1758 1938//1758
f 1938//1759 1937//1759 1939//1759
f 1938//1760 1939//1760 1940//1760
f 1940//1761 1939//1761 1941//1761
f 1940//1762 1941//1762 1942//1762
f 1942//1763 1941//1763 1943//1763
f 1942//1764 1943//1764 1944//1764
f 1944//1765 1943//1765 1945//1765
f 1944//1766 1945//1766 1946//1766
f 1946//1767 1945//1767 1947//1767
f 1946//1768 1947//1768 1948//1768
f 1948//1769 1947//1769 1949//1769
f 1948//1770 1949//1770 1950//1770
f 1950//1771 1949//1771 1951//1771
f 1950//1772 1951//1772 1952//1772
f 1952//1773 1951//1773 1953//1773
f 1952//1774 1953//1774 1954//1774
f 1954//1775 1953//1775 1955//1775
f 1954//1776 1955//1776 1956//1776
f 1954//1777 1956//1777 1957//1777
f 1957//1778 1956//1778 1958//1778
f 1957//1779 1958//1779 1959//1779
f 1959//1780 1958//1780 1960//1780
f 1959//1781 1960//1781 1961//1781
f 1961//1782 1960//1782 1962//1782
f 1961//1783 1962//1783 1963//1783
f 1963//1784 1962//1784 1964//1784
f 1963//1785 1964//1785 1965//1785
f 1965//1786 1964//1786 1966//1786
f 1965//1787 1966//1787 1967//1787
f 1967//1788 1966//1788 1968//1788
f 1967//1789 1968//1789 1969//1789
f 1969//1790 1968//1790 1970//1790
f 1969//1791 1970//1791 1971//1791
f 1971//1792 1970//1792 1972//1792
f 1971//1793 1972//1793 1973//1793
f 1973//1794 1972//1794 1974//1794
f 1973//1795 1974//1795 1975//1795
f 1975//1796 1974//1796 1976//1796
f 1975//1797 1976//1797 1977//1797
f 1977//1798 1976//1798 1978//1798
f 1977//1799 1978//1799 1979//1799
f 1979//1800 1978//1800 1980//1800
f 1979//1801 1980//1801 1981//1801
f 1981//1802 1980//1802 1982//1802
f 1981//1803 1982//1803 1983//1803
f 1983//1804 1982//1804 1984//1804
f 1983//1805 1984//1805 1985//1805
f 1985//1806 1984//1806 1986//1806
f 1985//1807 1986//1807 1987//1807
f 1987//1808 1986//1808 1988//1808
f 1987//1809 1988//1809 1989//1809
f 1989//1810 1988//1810 1990//1810
f 1989//1811 1990//1811 1991//1811
f 1991//1812 1990//1812 1992//1812
f 1991//1813 1992//1813 1993//1813
f 1993//1814 1992//1814 1994//1814
f 1993//1815 1994//1815 1995//1815
f 1995//1816 1994//1816 1996//1816
f 1995//1817 1996//1817 1997//1817
f 1997//1818 1996//1818 1998//1818
f 1997//1819 1998//1819 1999//1819
f 1999//1820 1998//1820 2000//1820
f 1999//1821 2000//1821 2001//1821
f 2001//1822 2000//1822 2002//1822
f 2001//1823 2002//1823 2003//1823
f 2003//1824 2002//1824 2004//1824
f 2003//1825 2004//1825 2005//1825
f 2005//1826 2004//1826 2006//1826
f 2005//1827 2006//1827 2007//1827
f 2007//1828 2006//1828 1845//1828
f 2007//1829 1845//1829 1847//1829
f 1889//43 1145//43 1887//43
f 1887//43 1145//43 1144//43
f 1887//43 1144//43 1143//43
f 1891//43 1147//43 1889//43
f 1889//43 1147//43 1146//43
f 1889//43 1146//43 1145//43
f 1147//43 1891//43 1148//43
f 1148//43 1891//43 1893//43
f 1148//43 1893//43 1149//43
f 1149//43 1893//43 1150//43
f 1150//43 1893//43 1895//43
f 1150//43 1895//43 1151//43
f 1151//43 1895//43 1152//43
f 1152//43 1895//43 1897//43
f 1152//43 1897//43 1153//43
f 1153//43 1897//43 1899//43
f 1153//43 1899//43 1154//43
f 1154//43 1899//43 1901//43
f 1154//43 1901//43 1155//43
f 1155//43 1901//43 1904//43
f 1155//43 1904//43 1156//43
f 1156//43 1904//43 1906//43
f 1156//43 1906//43 1157//43
f 1157//43 1906//43 1908//43
f 1157//43 1908//43 1910//43
f 1157//43 1910//43 1158//43
f 1158//43 1910//43 1912//43
f 1158//43 1912//43 1914//43
f 1158//43 1914//43 1159//43
f 1159//43 1914//43 1916//43
f 1159//43 1916//43 1918//43
f 1918//43 1920//43 1159//43
f 1159//43 1920//43 1160//43
f 1160//43 1920//43 1922//43
f 1160//43 1922//43 1924//43
f 1924//43 1926//43 1160//43
f 1160//43 1926//43 1928//43
f 1160//43 1928//43 2008//43
f 2008//43 1928//43 1930//43
f 2008//43 1930//43 1932//43
f 1932//43 1934//43 2008//43
f 2008//43 1934//43 1936//43
f 2008//43 1936//43 2009//43
f 2009//43 1936//43 1938//43
f 2009//43 1938//43 1940//43
f 1940//43 1942//43 2009//43
f 2009//43 1942//43 2010//43
f 2010//43 1942//43 1944//43
f 2010//43 1944//43 1946//43
f 2010//43 1946//43 2011//43
f 2011//43 1946//43 1948//43
f 2011//43 1948//43 1950//43
f 2011//43 1950//43 2012//43
f 2012//43 1950//43 1952//43
f 2012//43 1952//43 2013//43
f 2013//43 1952//43 1954//43
f 2013//43 1954//43 2014//43
f 2014//43 1954//43 1957//43
f 2014//43 1957//43 2015//43
f 2015//43 1957//43 1959//43
f 2015//43 1959//43 2016//43
f 2016//43 1959//43 1961//43
f 2016//43 1961//43 2017//43
f 2017//43 1961//43 2018//43
f 2018//43 1961//43 1963//43
f 2018//43 1963//43 2019//43
f 2019//43 1963//43 2020//43
f 2020//43 1963//43 1965//43
f 2020//43 1965//43 2021//43
f 2021//43 1965//43 1967//43
f 2021//43 1967//43 2022//43
f 2022//43 1967//43 2023//43
f 2023//43 1967//43 1969//43
f 2025//43 1969//43 1971//43
f 2025//43 1971//43 2026//43
f 2026//43 1971//43 2027//43
f 2027//43 1971//43 1973//43
f 2027//43 1973//43 2028//43
f 2028//43 1973//43 2029//43
f 2029//43 1973//43 1975//43
f 2029//43 1975//43 2030//43
f 2030//43 1975//43 2031//43
f 2031//43 1975//43 1977//43
f 2031//43 1977//43 2032//43
f 2032//43 1977//43 1979//43
f 2032//43 1979//43 2033//43
f 2033//43 1979//43 2034//43
f 2034//43 1979//43 1981//43
f 2034//43 1981//43 2035//43
f 2035//43 1981//43 1983//43
f 2035//43 1983//43 2036//43
f 2036//43 1983//43 1985//43
f 2036//43 1985//43 1987//43
f 2036//43 1987//43 2037//43
f 2037//43 1987//43 1989//43
f 2037//43 1989//43 2038//43
f 2038//43 1989//43 1991//43
f 2038//43 1991//43 1993//43
f 2038//43 1993//43 2039//43
f 2039//43 1993//43 1995//43
f 2039//43 1995//43 1997//43
f 1997//43 1999//43 2039//43
f 2039//43 1999//43 2040//43
f 2040//43 1999//43 2001//43
f 2040//43 2001//43 2003//43
f 2003//43 2005//43 2040//43
f 2040//43 2005//43 2041//43
f 2041//43 2005//43 2007//43
f 2041//43 2007//43 1847//43
f 2041//43 1847//43 1166//43
f 1166//43 1847//43 1849//43
f 1166//43 1849//43 1851//43
f 1166//43 1851//43 1167//43
f 1167//43 1851//43 1853//43
f 1167//43 1853//43 1855//43
f 1855//43 1857//43 1167//43
f 1167//43 1857//43 1168//43
f 1168//43 1857//43 1859//43
f 1168//43 1859//43 1861//43
f 1861//43 1863//43 1168//43
f 1168//43 1863//43 1169//43
f 1169//43 1863//43 1865//43
f 1169//43 1865//43 1867//43
f 1169//43 1867//43 1170//43
f 1170//43 1867//43 1869//43
f 1170//43 1869//43 1171//43
f 1171//43 1869//43 1871//43
f 1171//43 1871//43 1873//43
f 1171//43 1873//43 1135//43
f 1135//43 1873//43 1875//43
f 1135//43 1875//43 1134//43
f 1134//43 1875//43 1877//43
f 1134//43 1877//43 1133//43
f 1133//43 1877//43 1136//43
f 1136//43 1877//43 1879//43
f 1136//43 1879//43 1137//43
f 1137//43 1879//43 1881//43
f 1137//43 1881//43 1138//43
f 1138//43 1881//43 1139//43
f 1139//43 1881//43 1883//43
f 1139//43 1883//43 1140//43
f 1140//43 1883//43 1141//43
f 1141//43 1883//43 1885//43
f 1141//43 1885//43 1142//43
f 1142//43 1885//43 1143//43
f 1143//43 1885//43 1887//43
f 1160//43 2008//43 1161//43
f 1161//43 2008//43 2042//43
f 1161//43 2042//43 1162//43
f 1162//43 2042//43 2043//43
f 1162//43 2043//43 1163//43
f 1163//43 2043//43 2044//43
f 1163//43 2044//43 1164//43
f 1164//43 2044//43 2045//43
f 1164//43 2045//43 1165//43
f 1165//43 2045//43 2046//43
f 1165//43 2046//43 1166//43
f 1166//43 2046//43 2041//43
f 3783//1830 1947//1830 523//1830
f 523//1831 1947//1831 1945//1831
f 523//1832 1945//1832 531//1832
f 531//1833 1945//1833 1943//1833
f 531//1834 1943//1834 537//1834
f 537//1835 1943//1835 1941//1835
f 537//1836 1941//1836 539//1836
f 539//1837 1941//1837 1939//1837
f 539//1838 1939//1838 541//1838
f 541//1839 1939//1839 1788//1839
f 541//1840 1788//1840 1787//1840
f 1947//1841 3783//1841 1949//1841
f 1949//1842 3783//1842 3784//1842
f 1949//1843 3784//1843 1951//1843
f 1951//1844 3784//1844 3785//1844
f 1951//1845 3785//1845 1953//1845
f 1953//1846 3785//1846 3786//1846
f 1953//1847 3786//1847 1955//1847
f 1955//1848 3786//1848 3787//1848
f 1955//1849 3787//1849 1956//1849
f 1956//1850 3787//1850 3788//1850
f 1956//1851 3788//1851 1958//1851
f 1958//1852 3788//1852 3789//1852
f 1958//1853 3789//1853 1960//1853
f 1960//1854 3789//1854 3790//1854
f 1960//1855 3790//1855 1962//1855
f 1962//1856 3790//1856 3791//1856
f 1962//1857 3791//1857 1964//1857
f 1964//1858 3791//1858 3792//1858
f 1964//1859 3792//1859 1966//1859
f 1966//1860 3792//1860 3793//1860
f 1966//1861 3793//1861 1968//1861
f 1968//1862 3793//1862 3794//1862
f 1968//1863 3794//1863 1970//1863
f 1970//1864 3794//1864 3795//1864
f 1970//1865 3795//1865 1972//1865
f 1972//1866 3795//1866 3796//1866
f 1972//1867 3796//1867 1974//1867
f 1974//1868 3796//1868 3797//1868
f 1974//1869 3797//1869 1976//1869
f 1976//1870 3797//1870 3798//1870
f 1976//1871 3798//1871 1978//1871
f 1978//1872 3798//1872 3799//1872
f 1978//1873 3799//1873 1980//1873
f 1980//1874 3799//1874 3800//1874
f 1980//1875 3800//1875 1982//1875
f 1982//1876 3800//1876 3801//1876
f 1982//1877 3801//1877 1984//1877
f 1984//1878 3801//1878 3802//1878
f 1984//1879 3802//1879 1172//1879
f 1172//1880 3802//1880 1173//1880
f 1173//1881 3802//1881 3803//1881
f 1173//1882 3803//1882 1175//1882
f 1175//1883 3803//1883 1177//1883
f 1177//1884 3803//1884 1179//1884
f 1179//1885 3803//1885 1181//1885
f 1181//1886 3803//1886 1183//1886
f 1183//1887 3803//1887 3804//1887
f 1183//1888 3804//1888 1184//1888
f 1184//1889 3804//1889 1186//1889
f 1186//1890 3804//1890 1188//1890
f 1188//1891 3804//1891 3805//1891
f 1188//1892 3805//1892 1190//1892
f 1190//1893 3805//1893 1191//1893
f 1191//1894 3805//1894 3806//1894
f 1191//1895 3806//1895 1193//1895
f 1193//1896 3806//1896 1195//1896
f 1195//1897 3806//1897 3807//1897
f 1195//1898 3807//1898 1197//1898
f 1197//1899 3807//1899 1199//1899
f 1199//1900 3807//1900 3808//1900
f 1199//1901 3808//1901 1201//1901
f 1201//1902 3808//1902 1202//1902
f 1202//1903 3808//1903 3809//1903
f 1202//1904 3809//1904 1204//1904
f 1204//1905 3809//1905 1206//1905
f 1206//1906 3809//1906 3810//1906
f 1206//1907 3810//1907 1208//1907
f 1208//1908 3810//1908 1210//1908
f 1210//1909 3810//1909 3811//1909
f 1210//1910 3811//1910 1211//1910
f 1211//1911 3811//1911 1213//1911
f 1213//1912 3811//1912 1215//1912
f 1215//1913 3811//1913 3812//1913
f 1215//1914 3812//1914 1217//1914
f 1217//1915 3812//1915 1219//1915
f 1219//1916 3812//1916 1220//1916
f 1220//1917 3812//1917 3813//1917
f 1220//1918 3813//1918 1222//1918
f 1222//1919 3813//1919 1224//1919
f 1224//1920 3813//1920 1226//1920
f 1226//1921 3813//1921 1228//1921
f 1228//1922 3813//1922 1229//1922
f 1229//1923 3813//1923 3814//1923
f 1229//1924 3814//1924 1845//1924
f 1845//1925 3814//1925 1846//1925
f 1846//1926 3814//1926 3815//1926
f 1846//1927 3815//1927 3816//1927
f 3817//1928 1533//1928 3816//1928
f 3816//1929 1533//1929 1848//1929
f 3816//1930 1848//1930 1846//1930
f 3818//1931 1542//1931 3817//1931
f 3817//1932 1542//1932 1540//1932
f 3817//1933 1540//1933 1538//1933
f 3819//1934 1547//1934 3818//1934
f 3818//1935 1547//1935 1545//1935
f 3818//1936 1545//1936 1544//1936
f 3820//1937 1552//1937 3819//1937
f 3819//1938 1552//1938 1551//1938
f 3819//1939 1551//1939 1549//1939
f 3821//1940 1556//1940 3820//1940
f 3820//1941 1556//1941 1554//1941
f 3820//1942 1554//1942 1552//1942
f 3822//1943 1560//1943 3821//1943
f 3821//1944 1560//1944 1558//1944
f 3821//1945 1558//1945 1556//1945
f 3823//1946 1563//1946 3822//1946
f 3822//1947 1563//1947 1562//1947
f 3822//1948 1562//1948 1560//1948
f 3824//1949 1567//1949 3823//1949
f 3823//1950 1567//1950 1565//1950
f 3823//1951 1565//1951 1563//1951
f 3825//1952 1571//1952 3824//1952
f 3824//1953 1571//1953 1569//1953
f 3824//1954 1569//1954 1567//1954
f 3826//1955 1574//1955 3825//1955
f 3825//1956 1574//1956 1572//1956
f 3825//1957 1572//1957 1571//1957
f 3827//1958 1580//1958 3826//1958
f 3826//1959 1580//1959 1578//1959
f 3826//1960 1578//1960 1576//1960
f 3828//1961 1589//1961 3827//1961
f 3827//1962 1589//1962 1587//1962
f 3827//1963 1587//1963 1585//1963
f 3829//1964 1872//1964 3828//1964
f 3828//1965 1872//1965 1870//1965
f 3828//1966 1870//1966 1590//1966
f 1590//1967 1870//1967 1591//1967
f 1591//1968 1870//1968 1593//1968
f 1593//1969 1870//1969 1595//1969
f 1595//1970 1870//1970 1597//1970
f 1597//1971 1870//1971 1599//1971
f 1599//1972 1870//1972 1868//1972
f 1599//1973 1868//1973 1601//1973
f 1601//1974 1868//1974 1602//1974
f 1602//1975 1868//1975 1604//1975
f 1604//1976 1868//1976 1866//1976
f 1604//1977 1866//1977 1606//1977
f 1606//1978 1866//1978 1608//1978
f 1608//1979 1866//1979 1609//1979
f 1609//1980 1866//1980 1864//1980
f 1609//1981 1864//1981 1611//1981
f 1611//1982 1864//1982 1613//1982
f 1613//1983 1864//1983 1862//1983
f 1613//1984 1862//1984 1615//1984
f 1615//1985 1862//1985 1617//1985
f 1617//1986 1862//1986 1860//1986
f 1617//1987 1860//1987 1619//1987
f 1619//1988 1860//1988 1620//1988
f 1620//1989 1860//1989 1858//1989
f 1620//1990 1858//1990 1622//1990
f 1622//1991 1858//1991 1624//1991
f 1624//1992 1858//1992 1856//1992
f 1624//1993 1856//1993 1626//1993
f 1626//1994 1856//1994 1628//1994
f 1628//1995 1856//1995 1854//1995
f 1628//1996 1854//1996 1629//1996
f 1629//1997 1854//1997 1631//1997
f 1631//1998 1854//1998 1852//1998
f 1631//1999 1852//1999 1633//1999
f 1633//2000 1852//2000 1635//2000
f 1635//2001 1852//2001 1637//2001
f 1637//2002 1852//2002 1850//2002
f 1637//2003 1850//2003 1638//2003
f 1638//2004 1850//2004 1640//2004
f 1640//2005 1850//2005 1642//2005
f 1642//2006 1850//2006 1644//2006
f 1644//2007 1850//2007 1646//2007
f 1646//2008 1850//2008 1848//2008
f 1646//2009 1848//2009 1533//2009
f 1872//2010 3829//2010 1874//2010
f 1874//2011 3829//2011 3830//2011
f 1874//2012 3830//2012 1876//2012
f 1876//2013 3830//2013 3831//2013
f 1876//2014 3831//2014 1878//2014
f 1878//2015 3831//2015 3832//2015
f 1878//2016 3832//2016 1880//2016
f 1880//2017 3832//2017 3833//2017
f 1880//2018 3833//2018 1882//2018
f 1882//2019 3833//2019 3834//2019
f 1882//2020 3834//2020 1884//2020
f 1884//2021 3834//2021 3835//2021
f 1884//2022 3835//2022 1886//2022
f 1886//2023 3835//2023 3836//2023
f 1886//2024 3836//2024 1888//2024
f 1888//2025 3836//2025 3837//2025
f 1888//2026 3837//2026 1890//2026
f 1890//2027 3837//2027 3838//2027
f 1890//2028 3838//2028 1892//2028
f 1892//2029 3838//2029 3839//2029
f 1892//2030 3839//2030 1894//2030
f 1894//2031 3839//2031 3840//2031
f 1894//2032 3840//2032 1896//2032
f 1896//2033 3840//2033 3841//2033
f 1896//2034 3841//2034 1898//2034
f 1898//2035 3841//2035 3842//2035
f 1898//2036 3842//2036 1900//2036
f 1900//2037 3842//2037 3843//2037
f 1900//2038 3843//2038 1902//2038
f 1902//2039 3843//2039 3844//2039
f 1902//2040 3844//2040 1903//2040
f 1903//2041 3844//2041 3845//2041
f 1903//2042 3845//2042 1905//2042
f 1905//2043 3845//2043 3846//2043
f 1905//2044 3846//2044 1907//2044
f 1907//2045 3846//2045 3847//2045
f 1907//2046 3847//2046 1909//2046
f 1909//2047 3847//2047 535//2047
f 1909//2048 535//2048 1911//2048
f 1911//2049 535//2049 532//2049
f 1911//2050 532//2050 1913//2050
f 1913//2051 532//2051 536//2051
f 1913//2052 536//2052 1915//2052
f 1915//2053 536//2053 538//2053
f 1915//2054 538//2054 1917//2054
f 1917//2055 538//2055 540//2055
f 1917//2056 540//2056 1731//2056
f 1731//2057 540//2057 1732//2057
f 1732//2058 540//2058 1734//2058
f 1734//2059 540//2059 1736//2059
f 1736//2060 540//2060 1738//2060
f 1738//2061 540//2061 1740//2061
f 1740//2062 540//2062 542//2062
f 1740//2063 542//2063 1742//2063
f 1742//2064 542//2064 1743//2064
f 1743//2065 542//2065 1745//2065
f 1745//2066 542//2066 544//2066
f 1745//2067 544//2067 1747//2067
f 1747//2068 544//2068 1749//2068
f 1749//2069 544//2069 1750//2069
f 1750//2070 544//2070 546//2070
f 1750//2071 546//2071 1752//2071
f 1752//2072 546//2072 1754//2072
f 1754//2073 546//2073 548//2073
f 1754//2074 548//2074 1756//2074
f 1756//2075 548//2075 1758//2075
f 1758//2076 548//2076 550//2076
f 1758//2077 550//2077 1760//2077
f 1760//2078 550//2078 1761//2078
f 1761//2079 550//2079 549//2079
f 1761//2080 549//2080 1763//2080
f 1763//2081 549//2081 1765//2081
f 1765//2082 549//2082 547//2082
f 1765//2083 547//2083 1767//2083
f 1767//2084 547//2084 1769//2084
f 1769//2085 547//2085 545//2085
f 1769//2086 545//2086 1770//2086
f 1770//2087 545//2087 1772//2087
f 1772//2088 545//2088 543//2088
f 1772//2089 543//2089 1774//2089
f 1774//2090 543//2090 1776//2090
f 1776//2091 543//2091 1778//2091
f 1778//2092 543//2092 541//2092
f 1778//2093 541//2093 1779//2093
f 1779//2094 541//2094 1781//2094
f 1781//2095 541//2095 1783//2095
f 1783//2096 541//2096 1785//2096
f 1785//2097 541//2097 1787//2097
f 1845//2098 2006//2098 1229//2098
f 1229//2099 2006//2099 1230//2099
f 1230//2100 2006//2100 1232//2100
f 1232//2101 2006//2101 1234//2101
f 1234//2102 2006//2102 1236//2102
f 1236//2103 2006//2103 1238//2103
f 1238//2104 2006//2104 1240//2104
f 1240//2105 2006//2105 2004//2105
f 1240//2106 2004//2106 1241//2106
f 1241//2107 2004//2107 1243//2107
f 1243//2108 2004//2108 1245//2108
f 1245//2109 2004//2109 2002//2109
f 1245//2110 2002//2110 1247//2110
f 1247//2111 2002//2111 1248//2111
f 1248//2112 2002//2112 2000//2112
f 1248//2113 2000//2113 1250//2113
f 1250//2114 2000//2114 1252//2114
f 1252//2115 2000//2115 1998//2115
f 1252//2116 1998//2116 1254//2116
f 1254//2117 1998//2117 1256//2117
f 1256//2118 1998//2118 1996//2118
f 1256//2119 1996//2119 1258//2119
f 1258//2120 1996//2120 1259//2120
f 1259//2121 1996//2121 1994//2121
f 1259//2122 1994//2122 1261//2122
f 1261//2123 1994//2123 1263//2123
f 1263//2124 1994//2124 1992//2124
f 1263//2125 1992//2125 1265//2125
f 1265//2126 1992//2126 1267//2126
f 1267//2127 1992//2127 1990//2127
f 1267//2128 1990//2128 1268//2128
f 1268//2129 1990//2129 1270//2129
f 1270//2130 1990//2130 1272//2130
f 1272//2131 1990//2131 1988//2131
f 1272//2132 1988//2132 1274//2132
f 1274//2133 1988//2133 1276//2133
f 1276//2134 1988//2134 1277//2134
f 1277//2135 1988//2135 1986//2135
f 1277//2136 1986//2136 1279//2136
f 1279//2137 1986//2137 1281//2137
f 1281//2138 1986//2138 1283//2138
f 1283//2139 1986//2139 1285//2139
f 1285//2140 1986//2140 1172//2140
f 1172//2141 1986//2141 1984//2141
f 1937//2142 1793//2142 1939//2142
f 1939//2143 1793//2143 1791//2143
f 1939//2144 1791//2144 1789//2144
f 1935//2145 1800//2145 1937//2145
f 1937//2146 1800//2146 1799//2146
f 1937//2147 1799//2147 1797//2147
f 1933//2148 1806//2148 1935//2148
f 1935//2149 1806//2149 1804//2149
f 1935//2150 1804//2150 1802//2150
f 1931//2151 1809//2151 1933//2151
f 1933//2152 1809//2152 1807//2152
f 1933//2153 1807//2153 1806//2153
f 1929//2154 1813//2154 1931//2154
f 1931//2155 1813//2155 1811//2155
f 1931//2156 1811//2156 1809//2156
f 1927//2157 1817//2157 1929//2157
f 1929//2158 1817//2158 1815//2158
f 1929//2159 1815//2159 1813//2159
f 1925//2160 1820//2160 1927//2160
f 1927//2161 1820//2161 1818//2161
f 1927//2162 1818//2162 1817//2162
f 1923//2163 1824//2163 1925//2163
f 1925//2164 1824//2164 1822//2164
f 1925//2165 1822//2165 1820//2165
f 1921//2166 1827//2166 1923//2166
f 1923//2167 1827//2167 1826//2167
f 1923//2168 1826//2168 1824//2168
f 1919//2169 1833//2169 1921//2169
f 1921//2170 1833//2170 1831//2170
f 1921//2171 1831//2171 1829//2171
f 1917//2172 1840//2172 1919//2172
f 1919//2173 1840//2173 1838//2173
f 1919//2174 1838//2174 1836//2174
f 1731//2175 1844//2175 1917//2175
f 1917//2176 1844//2176 1842//2176
f 1917//2177 1842//2177 1840//2177
f 1836//2178 1835//2178 1919//2178
f 1919//2179 1835//2179 1833//2179
f 1829//2180 1827//2180 1921//2180
f 1802//2181 1800//2181 1935//2181
f 1797//2182 1795//2182 1937//2182
f 1937//2183 1795//2183 1793//2183
f 1789//2184 1788//2184 1939//2184
f 1590//2185 1589//2185 3828//2185
f 1585//2186 1583//2186 3827//2186
f 3827//2187 1583//2187 1581//2187
f 3827//2188 1581//2188 1580//2188
f 1576//2189 1574//2189 3826//2189
f 1549//2190 1547//2190 3819//2190
f 1544//2191 1542//2191 3818//2191
f 1538//2192 1536//2192 3817//2192
f 3817//2193 1536//2193 1534//2193
f 3817//2194 1534//2194 1533//2194

###north_ide_processed
###lsh 0 2
###lsh 1 0
###lsh 4 1
###lsh 6 4
###lsh 8 6
###lsh 10 8
###lsh 12 10
###lsh 14 12
###lsh 16 14
###lsh 18 16
###lsh 20 18
###lsh 22 20
###lsh 24 22
###lsh 26 24
###lsh 28 26
###lsh 30 28
###lsh 32 30
###lsh 34 32
###lsh 35 34
###lsh 33 35
###lsh 31 33
###lsh 29 31
###lsh 27 29
###lsh 25 27
###lsh 23 25
###lsh 21 23
###lsh 19 21
###lsh 17 19
###lsh 15 17
###lsh 13 15
###lsh 11 13
###lsh 9 11
###lsh 7 9
###lsh 5 7
###lsh 3 5
###lsh 2 3
###lsh 74 76
###lsh 72 74
###lsh 142 72
###lsh 76 78
###lsh 140 142
###lsh 78 80
###lsh 138 140
###lsh 80 82
###lsh 136 138
###lsh 82 84
###lsh 134 136
###lsh 84 86
###lsh 132 134
###lsh 86 88
###lsh 130 132
###lsh 88 90
###lsh 128 130
###lsh 90 92
###lsh 126 128
###lsh 92 94
###lsh 124 126
###lsh 94 96
###lsh 122 124
###lsh 96 98
###lsh 120 122
###lsh 98 100
###lsh 118 120
###lsh 100 102
###lsh 116 118
###lsh 102 104
###lsh 114 116
###lsh 104 106
###lsh 112 114
###lsh 106 108
###lsh 108 110
###lsh 110 112
###lsh 252 254
###lsh 253 252
###lsh 256 253
###lsh 258 256
###lsh 260 258
###lsh 262 260
###lsh 264 262
###lsh 266 264
###lsh 268 266
###lsh 270 268
###lsh 272 270
###lsh 274 272
###lsh 276 274
###lsh 278 276
###lsh 280 278
###lsh 282 280
###lsh 284 282
###lsh 286 284
###lsh 287 286
###lsh 285 287
###lsh 283 285
###lsh 281 283
###lsh 279 281
###lsh 277 279
###lsh 275 277
###lsh 273 275
###lsh 271 273
###lsh 269 271
###lsh 267 269
###lsh 265 267
###lsh 263 265
###lsh 261 263
###lsh 259 261
###lsh 257 259
###lsh 255 257
###lsh 254 255
###lsh 288 290
###lsh 289 288
###lsh 292 289
###lsh 294 292
###lsh 296 294
###lsh 298 296
###lsh 300 298
###lsh 302 300
###lsh 304 302
###lsh 306 304
###lsh 308 306
###lsh 310 308
###lsh 312 310
###lsh 314 312
###lsh 316 314
###lsh 318 316
###lsh 320 318
###lsh 322 320
###lsh 323 322
###lsh 321 323
###lsh 319 321
###lsh 317 319
###lsh 315 317
###lsh 313 315
###lsh 311 313
###lsh 309 311
###lsh 307 309
###lsh 305 307
###lsh 303 305
###lsh 301 303
###lsh 299 301
###lsh 297 299
###lsh 295 297
###lsh 293 295
###lsh 291 293
###lsh 290 291
###lsh 506 508
###lsh 504 506
###lsh 508 510
###lsh 510 512
###lsh 512 514
###lsh 514 516
###lsh 516 518
###lsh 518 520
###lsh 520 522
###lsh 528 504
###lsh 533 534
###lsh 532 533
###lsh 550 532
###lsh 551 550
###lsh 552 551
###lsh 553 552
###lsh 554 553
###lsh 555 554
###lsh 528 555
###lsh 524 521
###lsh 526 524
###lsh 572 570
###lsh 732 730
###lsh 734 733
###lsh 736 735
###lsh 738 737
###lsh 740 739
###lsh 742 741
###lsh 744 743
###lsh 746 745
###lsh 748 747
###lsh 750 749
###lsh 752 751
###lsh 729 731
###lsh 752 731
###lsh 750 752
###lsh 731 732
###lsh 742 744
###lsh 738 740
###lsh 740 742
###lsh 732 734
###lsh 734 736
###lsh 736 738
###lsh 744 746
###lsh 746 748
###lsh 748 750
###lsh 747 745
###lsh 741 739
###lsh 735 733
###lsh 729 751
###lsh 730 729
###lsh 733 730
###lsh 751 749
###lsh 749 747
###lsh 745 743
###lsh 743 741
###lsh 739 737
###lsh 737 735
###lsh 1173 1172
###lsh 1226 1227
###lsh 1283 1284
###lsh 1587 1588
###lsh 1644 1645
###lsh 1732 1731
###lsh 1785 1786
###lsh 1789 1788
###lsh 1842 1843
###lsh 2049 2047
###lsh 2051 2050
###lsh 2053 2052
###lsh 2046 2048
###lsh 2053 2048
###lsh 2051 2053
###lsh 2048 2049
###lsh 2049 2051
###lsh 2050 2047
###lsh 712 710
###lsh 2047 2046
###lsh 2144 2146
###lsh 2142 2144
###lsh 2140 2142
###lsh 2138 2140
###lsh 2136 2138
###lsh 2134 2136
###lsh 2132 2134
###lsh 2130 2132
###lsh 2128 2130
###lsh 2126 2128
###lsh 2196 2126
###lsh 2194 2196
###lsh 2046 2052
###lsh 2996 2998
###lsh 2994 2996
###lsh 2992 2994
###lsh 2990 2992
###lsh 3060 2990
###lsh 3058 3060
###lsh 3056 3058
###lsh 3054 3056
###lsh 3052 3054
###lsh 3050 3052
###lsh 3048 3050
###lsh 3046 3048
###lsh 3044 3046
###lsh 3042 3044
###lsh 3040 3042
###lsh 3038 3040
###lsh 3036 3038
###lsh 3034 3036
###lsh 3032 3034
###lsh 3030 3032
###lsh 3028 3030
###lsh 3026 3028
###lsh 3024 3026
###lsh 3022 3024
###lsh 3020 3022
###lsh 3018 3020
###lsh 3016 3018
###lsh 3014 3016
###lsh 2178 2180
###lsh 2176 2178
###lsh 2174 2176
###lsh 2172 2174
###lsh 2170 2172
###lsh 2168 2170
###lsh 2166 2168
###lsh 2164 2166
###lsh 2162 2164
###lsh 2160 2162
###lsh 2158 2160
###lsh 2156 2158
###lsh 2154 2156
###lsh 2152 2154
###lsh 2150 2152
###lsh 2148 2150
###lsh 2146 2148
###lsh 2052 2050
###lsh 3012 3014
###lsh 2180 2182
###lsh 3010 3012
###lsh 3008 3010
###lsh 2182 2184
###lsh 3006 3008
###lsh 2184 2186
###lsh 3004 3006
###lsh 2186 2188
###lsh 3002 3004
###lsh 2188 2190
###lsh 3000 3002
###lsh 2190 2192
###lsh 2998 3000
###lsh 2192 2194
###lsh 2936 2938
###lsh 2938 2940
###lsh 709 711
###lsh 2980 2982
###lsh 2112 2114
###lsh 2114 2116
###lsh 2078 2080
###lsh 2080 2082
###lsh 2054 2056
###lsh 2056 2058
###lsh 2058 2060
###lsh 2060 2062
###lsh 2062 2064
###lsh 2064 2066
###lsh 2066 2068
###lsh 2978 2980
###lsh 2068 2070
###lsh 2976 2978
###lsh 2070 2072
###lsh 2974 2976
###lsh 2072 2074
###lsh 2972 2974
###lsh 2074 2076
###lsh 2970 2972
###lsh 2076 2078
###lsh 2082 2084
###lsh 2084 2086
###lsh 2086 2088
###lsh 2088 2090
###lsh 2090 2092
###lsh 2092 2094
###lsh 2094 2096
###lsh 2096 2098
###lsh 2098 2100
###lsh 2100 2102
###lsh 2102 2104
###lsh 2104 2106
###lsh 2106 2108
###lsh 2108 2110
###lsh 2110 2112
###lsh 2116 2118
###lsh 2118 2120
###lsh 2120 2122
###lsh 2122 2124
###lsh 2124 2054
###lsh 2918 2920
###lsh 2920 2922
###lsh 2922 2924
###lsh 2924 2926
###lsh 2926 2928
###lsh 2928 2930
###lsh 2930 2932
###lsh 2932 2934
###lsh 2934 2936
###lsh 2940 2942
###lsh 2942 2944
###lsh 2944 2946
###lsh 2946 2948
###lsh 2948 2950
###lsh 2950 2952
###lsh 2952 2954
###lsh 2954 2956
###lsh 2956 2958
###lsh 2958 2960
###lsh 2960 2962
###lsh 2962 2964
###lsh 2964 2966
###lsh 2966 2968
###lsh 2968 2970
###lsh 2982 2984
###lsh 2984 2986
###lsh 2986 2988
###lsh 2988 2918
###lsh 3850 711
###lsh 711 712
###lsh 712 3848
###lsh 3847 710
###lsh 710 709
###lsh 709 3849
###lsh 2023 2024
###lsh 2022 2023
###lsh 3887 3882
###lsh 4243 4242
###lsh 3896 3887
###lsh 3887 4242
###lsh 4242 4244
###lsh 3852 3896
###lsh 3896 4244
###lsh 4244 4253
###lsh 3854 3852
###lsh 3852 4253
###lsh 4253 4252
###lsh 3897 3854
###lsh 3854 4252
###lsh 4252 4246
###lsh 3860 3897
###lsh 3897 4246
###lsh 4246 4248
###lsh 3865 3860
###lsh 3860 4248
###lsh 4248 4249
###lsh 3898 3865
###lsh 3865 4249
###lsh 4249 4247
###lsh 3870 3898
###lsh 3898 4247
###lsh 4247 4251
###lsh 3876 3870
###lsh 3870 4251
###lsh 4251 4250
###lsh 3895 3876
###lsh 3876 4250
###lsh 4250 4245
###lsh 3882 3895
###lsh 4243 3882
###lsh 3895 4245
###lsh 4245 4243
###lsh 572 574
###lsh 574 576
###lsh 606 608
###lsh 608 610
###lsh 610 612
###lsh 590 613
###lsh 614 592
###lsh 615 616
###lsh 521 519
###lsh 519 517
###lsh 517 515
###lsh 515 513
###lsh 513 511
###lsh 511 509
###lsh 509 507
###lsh 507 505
###lsh 505 529
###lsh 529 568
###lsh 568 567
###lsh 567 566
###lsh 566 565
###lsh 565 564
###lsh 564 563
###lsh 563 562
###lsh 562 561
###lsh 561 559
###lsh 559 557
###lsh 557 612
###lsh 606 604
###lsh 604 602
###lsh 602 600
###lsh 600 598
###lsh 598 596
###lsh 596 594
###lsh 594 592
###lsh 570 526
###lsh 584 582
###lsh 586 584
###lsh 588 586
###lsh 590 588
###lsh 582 580
###lsh 580 578
###lsh 578 576
###lsh 613 654
###lsh 654 653
###lsh 653 652
###lsh 652 651
###lsh 651 650
###lsh 650 649
###lsh 649 648
###lsh 648 647
###lsh 647 646
###lsh 663 664
###lsh 664 665
###lsh 665 666
###lsh 646 645
###lsh 672 663
###lsh 645 644
###lsh 644 643
###lsh 643 617
###lsh 617 618
###lsh 618 620
###lsh 620 619
###lsh 619 623
###lsh 623 622
###lsh 622 621
###lsh 687 688
###lsh 688 689
###lsh 689 672
###lsh 621 642
###lsh 690 681
###lsh 642 626
###lsh 626 625
###lsh 625 624
###lsh 624 628
###lsh 628 627
###lsh 627 629
###lsh 629 632
###lsh 632 631
###lsh 631 630
###lsh 699 700
###lsh 700 701
###lsh 701 702
###lsh 630 633
###lsh 708 699
###lsh 633 634
###lsh 634 635
###lsh 635 636
###lsh 636 637
###lsh 637 638
###lsh 638 639
###lsh 639 640
###lsh 640 641
###lsh 641 614
###lsh 616 721
###lsh 724 725
###lsh 725 726
###lsh 726 727
###lsh 727 728
###lsh 728 708
###lsh 724 723
###lsh 723 722
###lsh 722 721
###lsh 615 671
###lsh 671 670
###lsh 670 669
###lsh 669 668
###lsh 668 667
###lsh 667 666
###lsh 687 686
###lsh 686 685
###lsh 685 684
###lsh 684 683
###lsh 683 682
###lsh 682 681
###lsh 690 707
###lsh 707 706
###lsh 706 705
###lsh 705 704
###lsh 704 703
###lsh 703 702
###lsh 3847 3849
###lsh 3849 3850
###lsh 589 591
###lsh 591 593
###lsh 3850 3848
###lsh 3848 3847
###lsh 593 595
###lsh 595 597
###lsh 597 599
###lsh 599 601
###lsh 601 603
###lsh 603 605
###lsh 605 607
###lsh 607 609
###lsh 609 611
###lsh 611 556
###lsh 556 558
###lsh 558 560
###lsh 560 534
###lsh 569 571
###lsh 527 569
###lsh 522 523
###lsh 523 525
###lsh 525 527
###lsh 571 573
###lsh 573 575
###lsh 575 577
###lsh 577 579
###lsh 579 581
###lsh 581 583
###lsh 583 585
###lsh 585 587
###lsh 587 589
###lsh 1229 1230
###lsh 1226 1228
###lsh 1228 1230
###lsh 1230 1232
###lsh 1232 1234
###lsh 1234 1236
###lsh 1236 1238
###lsh 1238 1241
###lsh 1241 1243
###lsh 1243 1245
###lsh 1245 1248
###lsh 1248 1250
###lsh 1250 1252
###lsh 1252 1254
###lsh 1254 1256
###lsh 1256 1259
###lsh 1259 1261
###lsh 1261 1263
###lsh 1263 1265
###lsh 1265 1268
###lsh 1268 1270
###lsh 1270 1272
###lsh 1272 1274
###lsh 1274 1277
###lsh 1277 1279
###lsh 1279 1281
###lsh 1281 1283
###lsh 1283 1171
###lsh 1171 1173
###lsh 1173 1175
###lsh 1175 1177
###lsh 1177 1179
###lsh 1179 1181
###lsh 1181 1184
###lsh 1184 1186
###lsh 1186 1188
###lsh 1188 1191
###lsh 1191 1193
###lsh 1193 1195
###lsh 1195 1197
###lsh 1197 1199
###lsh 1199 1202
###lsh 1202 1204
###lsh 1204 1206
###lsh 1206 1208
###lsh 1208 1211
###lsh 1211 1213
###lsh 1213 1215
###lsh 1215 1217
###lsh 1217 1220
###lsh 1220 1222
###lsh 1222 1224
###lsh 1224 1226
###lsh 1306 1307
###lsh 1305 1306
###lsh 1304 1305
###lsh 1303 1304
###lsh 1302 1303
###lsh 1301 1302
###lsh 1300 1301
###lsh 1299 1300
###lsh 1298 1299
###lsh 1297 1298
###lsh 1296 1297
###lsh 1295 1296
###lsh 1294 1295
###lsh 1293 1294
###lsh 1292 1293
###lsh 1291 1292
###lsh 1290 1291
###lsh 1289 1290
###lsh 1288 1289
###lsh 1287 1288
###lsh 1307 1308
###lsh 1308 1309
###lsh 1309 1310
###lsh 1310 1311
###lsh 1311 1312
###lsh 1312 1313
###lsh 1313 1314
###lsh 1314 1315
###lsh 1315 1316
###lsh 1316 1317
###lsh 1317 1318
###lsh 1318 1319
###lsh 1319 1320
###lsh 1320 1321
###lsh 1321 1322
###lsh 1322 1323
###lsh 1324 1325
###lsh 1323 1324
###lsh 1325 1326
###lsh 1326 1285
###lsh 1285 1286
###lsh 1286 1287
###lsh 1383 1377
###lsh 1533 1534
###lsh 1590 1591
###lsh 1587 1589
###lsh 1589 1591
###lsh 1591 1593
###lsh 1593 1595
###lsh 1595 1597
###lsh 1597 1599
###lsh 1599 1602
###lsh 1602 1604
###lsh 1604 1606
###lsh 1606 1609
###lsh 1609 1611
###lsh 1611 1613
###lsh 1613 1615
###lsh 1615 1617
###lsh 1617 1620
###lsh 1620 1622
###lsh 1622 1624
###lsh 1624 1626
###lsh 1626 1629
###lsh 1629 1631
###lsh 1631 1633
###lsh 1633 1635
###lsh 1635 1638
###lsh 1638 1640
###lsh 1640 1642
###lsh 1642 1644
###lsh 1644 1532
###lsh 1532 1534
###lsh 1534 1536
###lsh 1536 1538
###lsh 1538 1540
###lsh 1540 1542
###lsh 1542 1545
###lsh 1545 1547
###lsh 1547 1549
###lsh 1549 1552
###lsh 1552 1554
###lsh 1554 1556
###lsh 1556 1558
###lsh 1558 1560
###lsh 1560 1563
###lsh 1563 1565
###lsh 1565 1567
###lsh 1567 1569
###lsh 1569 1572
###lsh 1572 1574
###lsh 1574 1576
###lsh 1576 1578
###lsh 1578 1581
###lsh 1581 1583
###lsh 1583 1585
###lsh 1585 1587
###lsh 1667 1668
###lsh 1374 1381
###lsh 1381 1380
###lsh 1380 1378
###lsh 1668 1669
###lsh 1376 1374
###lsh 1371 1376
###lsh 1669 1670
###lsh 1373 1371
###lsh 1370 1373
###lsh 1670 1671
###lsh 1368 1370
###lsh 1671 1672
###lsh 1672 1673
###lsh 1673 1674
###lsh 1674 1675
###lsh 1675 1676
###lsh 1676 1677
###lsh 1677 1678
###lsh 1678 1679
###lsh 1679 1680
###lsh 1680 1681
###lsh 1681 1682
###lsh 1682 1683
###lsh 1683 1684
###lsh 1684 1685
###lsh 1685 1686
###lsh 1686 1687
###lsh 1687 1646
###lsh 1646 1647
###lsh 1647 1648
###lsh 1648 1649
###lsh 1649 1650
###lsh 1650 1651
###lsh 1651 1652
###lsh 1652 1653
###lsh 1653 1654
###lsh 1654 1655
###lsh 1655 1656
###lsh 1656 1657
###lsh 1657 1658
###lsh 1658 1659
###lsh 1659 1660
###lsh 1660 1661
###lsh 1661 1662
###lsh 1662 1663
###lsh 1348 1346
###lsh 1664 1665
###lsh 1663 1664
###lsh 1665 1666
###lsh 1351 1348
###lsh 1350 1351
###lsh 1666 1667
###lsh 1383 1350
###lsh 1420 1419
###lsh 1421 1420
###lsh 1422 1421
###lsh 1423 1422
###lsh 1424 1423
###lsh 1425 1424
###lsh 1426 1425
###lsh 1346 1426
###lsh 1388 1389
###lsh 1389 1390
###lsh 1390 1391
###lsh 1391 1392
###lsh 1392 1393
###lsh 1393 1394
###lsh 1394 1395
###lsh 1395 1368
###lsh 1378 1377
###lsh 1785 1787
###lsh 1787 1789
###lsh 1469 1471
###lsh 1789 1791
###lsh 1467 1469
###lsh 1791 1793
###lsh 1465 1467
###lsh 1793 1795
###lsh 1463 1465
###lsh 1795 1797
###lsh 1797 1800
###lsh 1461 1463
###lsh 1800 1802
###lsh 1459 1461
###lsh 1802 1804
###lsh 1457 1459
###lsh 1804 1807
###lsh 1455 1457
###lsh 1807 1809
###lsh 1809 1811
###lsh 1453 1455
###lsh 1811 1813
###lsh 1451 1453
###lsh 1813 1815
###lsh 1449 1451
###lsh 1815 1818
###lsh 1447 1449
###lsh 1818 1820
###lsh 1445 1447
###lsh 1820 1822
###lsh 1822 1824
###lsh 1443 1445
###lsh 1824 1827
###lsh 1441 1443
###lsh 1827 1829
###lsh 1439 1441
###lsh 1829 1831
###lsh 1437 1439
###lsh 1831 1833
###lsh 1833 1836
###lsh 1435 1437
###lsh 1836 1838
###lsh 1433 1435
###lsh 1838 1840
###lsh 1431 1433
###lsh 1840 1842
###lsh 1429 1431
###lsh 1842 1730
###lsh 1730 1732
###lsh 1427 1429
###lsh 1732 1734
###lsh 1509 1427
###lsh 1734 1736
###lsh 1507 1509
###lsh 1736 1738
###lsh 1505 1507
###lsh 1738 1740
###lsh 1740 1743
###lsh 1503 1505
###lsh 1743 1745
###lsh 1501 1503
###lsh 1745 1747
###lsh 1499 1501
###lsh 1747 1750
###lsh 1497 1499
###lsh 1750 1752
###lsh 1752 1754
###lsh 1495 1497
###lsh 1754 1756
###lsh 1493 1495
###lsh 1756 1758
###lsh 1491 1493
###lsh 1758 1761
###lsh 1489 1491
###lsh 1761 1763
###lsh 1487 1489
###lsh 1763 1765
###lsh 1765 1767
###lsh 1485 1487
###lsh 1767 1770
###lsh 1483 1485
###lsh 1770 1772
###lsh 1481 1483
###lsh 1772 1774
###lsh 1479 1481
###lsh 1774 1776
###lsh 1776 1779
###lsh 1477 1479
###lsh 1779 1781
###lsh 1475 1477
###lsh 1781 1783
###lsh 1473 1475
###lsh 1783 1785
###lsh 1471 1473
###lsh 1886 1888
###lsh 1144 1143
###lsh 1143 1142
###lsh 1888 1890
###lsh 1146 1145
###lsh 1145 1144
###lsh 1147 1146
###lsh 1890 1892
###lsh 1148 1147
###lsh 1149 1148
###lsh 1892 1894
###lsh 1150 1149
###lsh 1151 1150
###lsh 1894 1896
###lsh 1152 1151
###lsh 1896 1898
###lsh 1153 1152
###lsh 1898 1900
###lsh 1154 1153
###lsh 1900 1903
###lsh 1155 1154
###lsh 1903 1905
###lsh 1156 1155
###lsh 1905 1907
###lsh 1907 1909
###lsh 1157 1156
###lsh 1909 1911
###lsh 1911 1913
###lsh 1158 1157
###lsh 1913 1915
###lsh 1915 1917
###lsh 1917 1919
###lsh 1159 1158
###lsh 1919 1921
###lsh 1921 1923
###lsh 1923 1925
###lsh 1925 1927
###lsh 1927 1929
###lsh 1929 1931
###lsh 1931 1933
###lsh 1933 1935
###lsh 2008 2007
###lsh 1935 1937
###lsh 1937 1939
###lsh 1939 1941
###lsh 2009 2008
###lsh 1941 1943
###lsh 1943 1945
###lsh 2010 2009
###lsh 1945 1947
###lsh 1947 1949
###lsh 2011 2010
###lsh 1949 1951
###lsh 2012 2011
###lsh 1951 1953
###lsh 2013 2012
###lsh 1953 1956
###lsh 2014 2013
###lsh 1956 1958
###lsh 2015 2014
###lsh 1958 1960
###lsh 2016 2015
###lsh 2017 2016
###lsh 1960 1962
###lsh 2018 2017
###lsh 2019 2018
###lsh 1962 1964
###lsh 2020 2019
###lsh 1964 1966
###lsh 2021 2020
###lsh 2022 2021
###lsh 1966 1968
###lsh 1968 1970
###lsh 2025 2024
###lsh 2026 2025
###lsh 1970 1972
###lsh 2027 2026
###lsh 2028 2027
###lsh 1972 1974
###lsh 2029 2028
###lsh 2030 2029
###lsh 1974 1976
###lsh 2031 2030
###lsh 1976 1978
###lsh 2032 2031
###lsh 2033 2032
###lsh 1978 1980
###lsh 2034 2033
###lsh 1980 1982
###lsh 2035 2034
###lsh 1982 1984
###lsh 1984 1986
###lsh 2036 2035
###lsh 1986 1988
###lsh 2037 2036
###lsh 1988 1990
###lsh 1990 1992
###lsh 2038 2037
###lsh 1992 1994
###lsh 1994 1996
###lsh 1996 1998
###lsh 2039 2038
###lsh 1998 2000
###lsh 2000 2002
###lsh 2002 2004
###lsh 2040 2039
###lsh 2004 2006
###lsh 2006 1846
###lsh 1846 1848
###lsh 1848 1850
###lsh 1166 1165
###lsh 1850 1852
###lsh 1852 1854
###lsh 1854 1856
###lsh 1167 1166
###lsh 1856 1858
###lsh 1858 1860
###lsh 1860 1862
###lsh 1168 1167
###lsh 1862 1864
###lsh 1864 1866
###lsh 1169 1168
###lsh 1866 1868
###lsh 1170 1169
###lsh 1868 1870
###lsh 1870 1872
###lsh 1134 1170
###lsh 1872 1874
###lsh 1133 1134
###lsh 1874 1876
###lsh 1132 1133
###lsh 1135 1132
###lsh 1876 1878
###lsh 1136 1135
###lsh 1878 1880
###lsh 1137 1136
###lsh 1138 1137
###lsh 1880 1882
###lsh 1139 1138
###lsh 1140 1139
###lsh 1882 1884
###lsh 1141 1140
###lsh 1142 1141
###lsh 1884 1886
###lsh 1160 1159
###lsh 2007 2041
###lsh 1161 1160
###lsh 2041 2042
###lsh 1162 1161
###lsh 2042 2043
###lsh 1163 1162
###lsh 2043 2044
###lsh 1164 1163
###lsh 2044 2045
###lsh 1165 1164
###lsh 2045 2040
###lsh 522 3782
###lsh 1946 1944
###lsh 530 522
###lsh 1944 1942
###lsh 536 530
###lsh 1942 1940
###lsh 538 536
###lsh 1940 1938
###lsh 540 538
###lsh 1787 1786
###lsh 1948 1946
###lsh 3782 3783
###lsh 1950 1948
###lsh 3783 3784
###lsh 1952 1950
###lsh 3784 3785
###lsh 1954 1952
###lsh 3785 3786
###lsh 1955 1954
###lsh 3786 3787
###lsh 1957 1955
###lsh 3787 3788
###lsh 1959 1957
###lsh 3788 3789
###lsh 1961 1959
###lsh 3789 3790
###lsh 1963 1961
###lsh 3790 3791
###lsh 1965 1963
###lsh 3791 3792
###lsh 1967 1965
###lsh 3792 3793
###lsh 1969 1967
###lsh 3793 3794
###lsh 1971 1969
###lsh 3794 3795
###lsh 1973 1971
###lsh 3795 3796
###lsh 1975 1973
###lsh 3796 3797
###lsh 1977 1975
###lsh 3797 3798
###lsh 1979 1977
###lsh 3798 3799
###lsh 1981 1979
###lsh 3799 3800
###lsh 1983 1981
###lsh 3800 3801
###lsh 1172 1171
###lsh 3801 3802
###lsh 1174 1172
###lsh 1176 1174
###lsh 1178 1176
###lsh 1180 1178
###lsh 1182 1180
###lsh 3802 3803
###lsh 1183 1182
###lsh 1185 1183
###lsh 1187 1185
###lsh 3803 3804
###lsh 1189 1187
###lsh 1190 1189
###lsh 3804 3805
###lsh 1192 1190
###lsh 1194 1192
###lsh 3805 3806
###lsh 1196 1194
###lsh 1198 1196
###lsh 3806 3807
###lsh 1200 1198
###lsh 1201 1200
###lsh 3807 3808
###lsh 1203 1201
###lsh 1205 1203
###lsh 3808 3809
###lsh 1207 1205
###lsh 1209 1207
###lsh 3809 3810
###lsh 1210 1209
###lsh 1212 1210
###lsh 1214 1212
###lsh 3810 3811
###lsh 1216 1214
###lsh 1218 1216
###lsh 1219 1218
###lsh 3811 3812
###lsh 1221 1219
###lsh 1223 1221
###lsh 1225 1223
###lsh 1227 1225
###lsh 1228 1227
###lsh 3812 3813
###lsh 1845 1844
###lsh 3813 3814
###lsh 3814 3815
###lsh 3815 3816
###lsh 1847 1845
###lsh 3816 3817
###lsh 1541 1539
###lsh 1539 1537
###lsh 3817 3818
###lsh 1546 1544
###lsh 1544 1543
###lsh 3818 3819
###lsh 1551 1550
###lsh 1550 1548
###lsh 3819 3820
###lsh 1555 1553
###lsh 1553 1551
###lsh 3820 3821
###lsh 1559 1557
###lsh 1557 1555
###lsh 3821 3822
###lsh 1562 1561
###lsh 1561 1559
###lsh 3822 3823
###lsh 1566 1564
###lsh 1564 1562
###lsh 3823 3824
###lsh 1570 1568
###lsh 1568 1566
###lsh 3824 3825
###lsh 1573 1571
###lsh 1571 1570
###lsh 3825 3826
###lsh 1579 1577
###lsh 1577 1575
###lsh 3826 3827
###lsh 1588 1586
###lsh 1586 1584
###lsh 3827 3828
###lsh 1871 1869
###lsh 1590 1589
###lsh 1592 1590
###lsh 1594 1592
###lsh 1596 1594
###lsh 1598 1596
###lsh 1869 1867
###lsh 1600 1598
###lsh 1601 1600
###lsh 1603 1601
###lsh 1867 1865
###lsh 1605 1603
###lsh 1607 1605
###lsh 1608 1607
###lsh 1865 1863
###lsh 1610 1608
###lsh 1612 1610
###lsh 1863 1861
###lsh 1614 1612
###lsh 1616 1614
###lsh 1861 1859
###lsh 1618 1616
###lsh 1619 1618
###lsh 1859 1857
###lsh 1621 1619
###lsh 1623 1621
###lsh 1857 1855
###lsh 1625 1623
###lsh 1627 1625
###lsh 1855 1853
###lsh 1628 1627
###lsh 1630 1628
###lsh 1853 1851
###lsh 1632 1630
###lsh 1634 1632
###lsh 1636 1634
###lsh 1851 1849
###lsh 1637 1636
###lsh 1639 1637
###lsh 1641 1639
###lsh 1643 1641
###lsh 1645 1643
###lsh 1849 1847
###lsh 1532 1645
###lsh 1873 1871
###lsh 3828 3829
###lsh 1875 1873
###lsh 3829 3830
###lsh 1877 1875
###lsh 3830 3831
###lsh 1879 1877
###lsh 3831 3832
###lsh 1881 1879
###lsh 3832 3833
###lsh 1883 1881
###lsh 3833 3834
###lsh 1885 1883
###lsh 3834 3835
###lsh 1887 1885
###lsh 3835 3836
###lsh 1889 1887
###lsh 3836 3837
###lsh 1891 1889
###lsh 3837 3838
###lsh 1893 1891
###lsh 3838 3839
###lsh 1895 1893
###lsh 3839 3840
###lsh 1897 1895
###lsh 3840 3841
###lsh 1899 1897
###lsh 3841 3842
###lsh 1901 1899
###lsh 3842 3843
###lsh 1902 1901
###lsh 3843 3844
###lsh 1904 1902
###lsh 3844 3845
###lsh 1906 1904
###lsh 3845 3846
###lsh 1908 1906
###lsh 3846 534
###lsh 1910 1908
###lsh 534 531
###lsh 1912 1910
###lsh 531 535
###lsh 1914 1912
###lsh 535 537
###lsh 1916 1914
###lsh 537 539
###lsh 1731 1730
###lsh 1733 1731
###lsh 1735 1733
###lsh 1737 1735
###lsh 1739 1737
###lsh 539 541
###lsh 1741 1739
###lsh 1742 1741
###lsh 1744 1742
###lsh 541 543
###lsh 1746 1744
###lsh 1748 1746
###lsh 1749 1748
###lsh 543 545
###lsh 1751 1749
###lsh 1753 1751
###lsh 545 547
###lsh 1755 1753
###lsh 1757 1755
###lsh 547 549
###lsh 1759 1757
###lsh 1760 1759
###lsh 549 548
###lsh 1762 1760
###lsh 1764 1762
###lsh 548 546
###lsh 1766 1764
###lsh 1768 1766
###lsh 546 544
###lsh 1769 1768
###lsh 1771 1769
###lsh 544 542
###lsh 1773 1771
###lsh 1775 1773
###lsh 1777 1775
###lsh 542 540
###lsh 1778 1777
###lsh 1780 1778
###lsh 1782 1780
###lsh 1784 1782
###lsh 1786 1784
###lsh 1844 2005
###lsh 1229 1228
###lsh 1231 1229
###lsh 1233 1231
###lsh 1235 1233
###lsh 1237 1235
###lsh 1239 1237
###lsh 2005 2003
###lsh 1240 1239
###lsh 1242 1240
###lsh 1244 1242
###lsh 2003 2001
###lsh 1246 1244
###lsh 1247 1246
###lsh 2001 1999
###lsh 1249 1247
###lsh 1251 1249
###lsh 1999 1997
###lsh 1253 1251
###lsh 1255 1253
###lsh 1997 1995
###lsh 1257 1255
###lsh 1258 1257
###lsh 1995 1993
###lsh 1260 1258
###lsh 1262 1260
###lsh 1993 1991
###lsh 1264 1262
###lsh 1266 1264
###lsh 1991 1989
###lsh 1267 1266
###lsh 1269 1267
###lsh 1271 1269
###lsh 1989 1987
###lsh 1273 1271
###lsh 1275 1273
###lsh 1276 1275
###lsh 1987 1985
###lsh 1278 1276
###lsh 1280 1278
###lsh 1282 1280
###lsh 1284 1282
###lsh 1171 1284
###lsh 1985 1983
###lsh 1938 1936
###lsh 1792 1790
###lsh 1790 1788
###lsh 1936 1934
###lsh 1799 1798
###lsh 1798 1796
###lsh 1934 1932
###lsh 1805 1803
###lsh 1803 1801
###lsh 1932 1930
###lsh 1808 1806
###lsh 1806 1805
###lsh 1930 1928
###lsh 1812 1810
###lsh 1810 1808
###lsh 1928 1926
###lsh 1816 1814
###lsh 1814 1812
###lsh 1926 1924
###lsh 1819 1817
###lsh 1817 1816
###lsh 1924 1922
###lsh 1823 1821
###lsh 1821 1819
###lsh 1922 1920
###lsh 1826 1825
###lsh 1825 1823
###lsh 1920 1918
###lsh 1832 1830
###lsh 1830 1828
###lsh 1918 1916
###lsh 1839 1837
###lsh 1837 1835
###lsh 1730 1843
###lsh 1843 1841
###lsh 1841 1839
###lsh 1835 1834
###lsh 1834 1832
###lsh 1828 1826
###lsh 1801 1799
###lsh 1796 1794
###lsh 1794 1792
###lsh 1788 1787
###lsh 1589 1588
###lsh 1584 1582
###lsh 1582 1580
###lsh 1580 1579
###lsh 1575 1573
###lsh 1548 1546
###lsh 1543 1541
###lsh 1537 1535
###lsh 1535 1533
###lsh 1533 1532
###lsm 2 1
###lsm 3 1
###lsm 3 4
###lsm 5 4
###lsm 5 6
###lsm 7 6
###lsm 7 8
###lsm 9 8
###lsm 9 10
###lsm 11 10
###lsm 11 12
###lsm 13 12
###lsm 13 14
###lsm 15 14
###lsm 15 16
###lsm 17 16
###lsm 17 18
###lsm 19 18
###lsm 19 20
###lsm 21 20
###lsm 21 22
###lsm 23 22
###lsm 23 24
###lsm 25 24
###lsm 25 26
###lsm 27 26
###lsm 27 28
###lsm 29 28
###lsm 29 30
###lsm 31 30
###lsm 31 32
###lsm 33 32
###lsm 33 34
###lsm 0 36
###lsm 0 37
###lsm 1 37
###lsm 1 38
###lsm 4 38
###lsm 4 39
###lsm 6 39
###lsm 6 40
###lsm 8 40
###lsm 8 41
###lsm 10 41
###lsm 10 42
###lsm 12 42
###lsm 12 43
###lsm 14 43
###lsm 14 44
###lsm 16 44
###lsm 16 45
###lsm 18 45
###lsm 18 46
###lsm 20 46
###lsm 20 47
###lsm 22 47
###lsm 22 48
###lsm 24 48
###lsm 24 49
###lsm 26 49
###lsm 26 50
###lsm 28 50
###lsm 28 51
###lsm 30 51
###lsm 30 52
###lsm 32 52
###lsm 32 53
###lsm 34 53
###lsm 34 54
###lsm 35 54
###lsm 35 55
###lsm 33 55
###lsm 33 56
###lsm 31 56
###lsm 31 57
###lsm 29 57
###lsm 29 58
###lsm 27 58
###lsm 27 59
###lsm 25 59
###lsm 25 60
###lsm 23 60
###lsm 23 61
###lsm 21 61
###lsm 21 62
###lsm 19 62
###lsm 19 63
###lsm 17 63
###lsm 17 64
###lsm 15 64
###lsm 15 65
###lsm 13 65
###lsm 13 66
###lsm 11 66
###lsm 11 67
###lsm 9 67
###lsm 9 68
###lsm 7 68
###lsm 7 69
###lsm 5 69
###lsm 5 70
###lsm 3 70
###lsm 3 71
###lsm 2 71
###lsm 36 2
###lsm 74 73
###lsm 74 75
###lsm 76 75
###lsm 76 77
###lsm 78 77
###lsm 78 79
###lsm 80 79
###lsm 80 81
###lsm 82 81
###lsm 82 83
###lsm 84 83
###lsm 84 85
###lsm 86 85
###lsm 86 87
###lsm 88 87
###lsm 88 89
###lsm 90 89
###lsm 90 91
###lsm 92 91
###lsm 92 93
###lsm 94 93
###lsm 94 95
###lsm 96 95
###lsm 96 97
###lsm 98 97
###lsm 98 99
###lsm 100 99
###lsm 100 101
###lsm 102 101
###lsm 102 103
###lsm 104 103
###lsm 104 105
###lsm 106 105
###lsm 106 107
###lsm 108 107
###lsm 108 109
###lsm 110 109
###lsm 110 111
###lsm 112 111
###lsm 112 113
###lsm 114 113
###lsm 114 115
###lsm 116 115
###lsm 116 117
###lsm 118 117
###lsm 118 119
###lsm 120 119
###lsm 120 121
###lsm 122 121
###lsm 122 123
###lsm 124 123
###lsm 124 125
###lsm 126 125
###lsm 126 127
###lsm 128 127
###lsm 128 129
###lsm 130 129
###lsm 130 131
###lsm 132 131
###lsm 132 133
###lsm 134 133
###lsm 134 135
###lsm 136 135
###lsm 136 137
###lsm 138 137
###lsm 138 139
###lsm 140 139
###lsm 140 141
###lsm 142 141
###lsm 142 143
###lsm 72 143
###lsm 73 72
###lsm 38 37
###lsm 38 144
###lsm 38 145
###lsm 39 38
###lsm 39 145
###lsm 39 146
###lsm 40 39
###lsm 40 146
###lsm 40 147
###lsm 41 40
###lsm 41 147
###lsm 41 148
###lsm 42 41
###lsm 42 148
###lsm 42 149
###lsm 43 42
###lsm 43 149
###lsm 43 150
###lsm 44 43
###lsm 44 150
###lsm 44 151
###lsm 45 44
###lsm 45 151
###lsm 45 152
###lsm 46 45
###lsm 46 152
###lsm 46 153
###lsm 47 46
###lsm 47 153
###lsm 47 154
###lsm 48 47
###lsm 48 154
###lsm 48 155
###lsm 49 48
###lsm 49 155
###lsm 49 156
###lsm 50 49
###lsm 50 156
###lsm 50 157
###lsm 51 50
###lsm 51 157
###lsm 51 158
###lsm 52 51
###lsm 52 158
###lsm 52 159
###lsm 53 52
###lsm 53 159
###lsm 53 160
###lsm 54 53
###lsm 54 160
###lsm 54 161
###lsm 55 54
###lsm 55 161
###lsm 55 162
###lsm 56 55
###lsm 56 162
###lsm 56 163
###lsm 57 56
###lsm 57 163
###lsm 57 164
###lsm 58 57
###lsm 58 164
###lsm 58 165
###lsm 59 58
###lsm 59 165
###lsm 59 166
###lsm 60 59
###lsm 60 166
###lsm 60 167
###lsm 61 60
###lsm 61 167
###lsm 61 168
###lsm 62 61
###lsm 62 168
###lsm 62 169
###lsm 63 62
###lsm 63 169
###lsm 63 170
###lsm 64 63
###lsm 64 170
###lsm 64 171
###lsm 65 64
###lsm 65 171
###lsm 65 172
###lsm 66 65
###lsm 66 172
###lsm 66 173
###lsm 67 66
###lsm 67 173
###lsm 67 174
###lsm 68 67
###lsm 68 174
###lsm 68 175
###lsm 69 68
###lsm 69 175
###lsm 69 176
###lsm 70 69
###lsm 70 176
###lsm 70 177
###lsm 71 70
###lsm 71 177
###lsm 71 178
###lsm 36 71
###lsm 36 178
###lsm 36 179
###lsm 37 36
###lsm 37 179
###lsm 144 37
###lsm 145 144
###lsm 145 180
###lsm 145 181
###lsm 146 145
###lsm 146 181
###lsm 146 182
###lsm 147 146
###lsm 147 182
###lsm 147 183
###lsm 148 147
###lsm 148 183
###lsm 148 184
###lsm 149 148
###lsm 149 184
###lsm 149 185
###lsm 150 149
###lsm 150 185
###lsm 150 186
###lsm 151 150
###lsm 151 186
###lsm 151 187
###lsm 152 151
###lsm 152 187
###lsm 152 188
###lsm 153 152
###lsm 153 188
###lsm 153 189
###lsm 154 153
###lsm 154 189
###lsm 154 190
###lsm 155 154
###lsm 155 190
###lsm 155 191
###lsm 156 155
###lsm 156 191
###lsm 156 192
###lsm 157 156
###lsm 157 192
###lsm 157 193
###lsm 158 157
###lsm 158 193
###lsm 158 194
###lsm 159 158
###lsm 159 194
###lsm 159 195
###lsm 160 159
###lsm 160 195
###lsm 160 196
###lsm 161 160
###lsm 161 196
###lsm 161 197
###lsm 162 161
###lsm 162 197
###lsm 162 198
###lsm 163 162
###lsm 163 198
###lsm 163 199
###lsm 164 163
###lsm 164 199
###lsm 164 200
###lsm 165 164
###lsm 165 200
###lsm 165 201
###lsm 166 165
###lsm 166 201
###lsm 166 202
###lsm 167 166
###lsm 167 202
###lsm 167 203
###lsm 168 167
###lsm 168 203
###lsm 168 204
###lsm 169 168
###lsm 169 204
###lsm 169 205
###lsm 170 169
###lsm 170 205
###lsm 170 206
###lsm 171 170
###lsm 171 206
###lsm 171 207
###lsm 172 171
###lsm 172 207
###lsm 172 208
###lsm 173 172
###lsm 173 208
###lsm 173 209
###lsm 174 173
###lsm 174 209
###lsm 174 210
###lsm 175 174
###lsm 175 210
###lsm 175 211
###lsm 176 175
###lsm 176 211
###lsm 176 212
###lsm 177 176
###lsm 177 212
###lsm 177 213
###lsm 178 177
###lsm 178 213
###lsm 178 214
###lsm 179 178
###lsm 179 214
###lsm 179 215
###lsm 144 179
###lsm 144 215
###lsm 180 144
###lsm 181 180
###lsm 181 216
###lsm 181 217
###lsm 182 181
###lsm 182 217
###lsm 182 218
###lsm 183 182
###lsm 183 218
###lsm 183 219
###lsm 184 183
###lsm 184 219
###lsm 184 220
###lsm 185 184
###lsm 185 220
###lsm 185 221
###lsm 186 185
###lsm 186 221
###lsm 186 222
###lsm 187 186
###lsm 187 222
###lsm 187 223
###lsm 188 187
###lsm 188 223
###lsm 188 224
###lsm 189 188
###lsm 189 224
###lsm 189 225
###lsm 190 189
###lsm 190 225
###lsm 190 226
###lsm 191 190
###lsm 191 226
###lsm 191 227
###lsm 192 191
###lsm 192 227
###lsm 192 228
###lsm 193 192
###lsm 193 228
###lsm 193 229
###lsm 194 193
###lsm 194 229
###lsm 194 230
###lsm 195 194
###lsm 195 230
###lsm 195 231
###lsm 196 195
###lsm 196 231
###lsm 196 232
###lsm 197 196
###lsm 197 232
###lsm 197 233
###lsm 198 197
###lsm 198 233
###lsm 198 234
###lsm 199 198
###lsm 199 234
###lsm 199 235
###lsm 200 199
###lsm 200 235
###lsm 200 236
###lsm 201 200
###lsm 201 236
###lsm 201 237
###lsm 202 201
###lsm 202 237
###lsm 202 238
###lsm 203 202
###lsm 203 238
###lsm 203 239
###lsm 204 203
###lsm 204 239
###lsm 204 240
###lsm 205 204
###lsm 205 240
###lsm 205 241
###lsm 206 205
###lsm 206 241
###lsm 206 242
###lsm 207 206
###lsm 207 242
###lsm 207 243
###lsm 208 207
###lsm 208 243
###lsm 208 244
###lsm 209 208
###lsm 209 244
###lsm 209 245
###lsm 210 209
###lsm 210 245
###lsm 210 246
###lsm 211 210
###lsm 211 246
###lsm 211 247
###lsm 212 211
###lsm 212 247
###lsm 212 248
###lsm 213 212
###lsm 213 248
###lsm 213 249
###lsm 214 213
###lsm 214 249
###lsm 214 250
###lsm 215 214
###lsm 215 250
###lsm 215 251
###lsm 180 215
###lsm 180 251
###lsm 216 180
###lsm 217 216
###lsm 217 75
###lsm 75 73
###lsm 217 73
###lsm 218 217
###lsm 218 73
###lsm 73 143
###lsm 218 143
###lsm 219 218
###lsm 219 143
###lsm 143 141
###lsm 219 141
###lsm 220 219
###lsm 220 141
###lsm 141 139
###lsm 220 139
###lsm 221 220
###lsm 221 139
###lsm 139 137
###lsm 221 137
###lsm 222 221
###lsm 222 137
###lsm 137 135
###lsm 222 135
###lsm 223 222
###lsm 223 135
###lsm 135 133
###lsm 223 133
###lsm 224 223
###lsm 224 133
###lsm 133 131
###lsm 224 131
###lsm 225 224
###lsm 225 131
###lsm 131 129
###lsm 225 129
###lsm 226 225
###lsm 226 129
###lsm 129 127
###lsm 226 127
###lsm 227 226
###lsm 227 127
###lsm 127 125
###lsm 227 125
###lsm 228 227
###lsm 228 125
###lsm 125 123
###lsm 228 123
###lsm 229 228
###lsm 229 123
###lsm 123 121
###lsm 229 121
###lsm 230 229
###lsm 230 121
###lsm 121 119
###lsm 230 119
###lsm 231 230
###lsm 231 119
###lsm 119 117
###lsm 231 117
###lsm 232 231
###lsm 232 117
###lsm 117 115
###lsm 232 115
###lsm 233 232
###lsm 233 115
###lsm 115 113
###lsm 233 113
###lsm 234 233
###lsm 234 113
###lsm 113 111
###lsm 234 111
###lsm 235 234
###lsm 235 111
###lsm 111 109
###lsm 235 109
###lsm 236 235
###lsm 236 109
###lsm 109 107
###lsm 236 107
###lsm 237 236
###lsm 237 107
###lsm 107 105
###lsm 237 105
###lsm 238 237
###lsm 238 105
###lsm 105 103
###lsm 238 103
###lsm 239 238
###lsm 239 103
###lsm 103 101
###lsm 239 101
###lsm 240 239
###lsm 240 101
###lsm 101 99
###lsm 240 99
###lsm 241 240
###lsm 241 99
###lsm 99 97
###lsm 241 97
###lsm 242 241
###lsm 242 97
###lsm 97 95
###lsm 242 95
###lsm 243 242
###lsm 243 95
###lsm 95 93
###lsm 243 93
###lsm 244 243
###lsm 244 93
###lsm 93 91
###lsm 244 91
###lsm 245 244
###lsm 245 91
###lsm 91 89
###lsm 245 89
###lsm 246 245
###lsm 246 89
###lsm 89 87
###lsm 246 87
###lsm 247 246
###lsm 247 87
###lsm 87 85
###lsm 247 85
###lsm 248 247
###lsm 248 85
###lsm 85 83
###lsm 248 83
###lsm 249 248
###lsm 249 83
###lsm 83 81
###lsm 249 81
###lsm 250 249
###lsm 250 81
###lsm 81 79
###lsm 250 79
###lsm 251 250
###lsm 251 79
###lsm 79 77
###lsm 251 77
###lsm 216 251
###lsm 216 77
###lsm 77 75
###lsm 75 216
###lsm 72 76
###lsm 142 76
###lsm 142 78
###lsm 140 78
###lsm 140 80
###lsm 138 80
###lsm 138 82
###lsm 136 82
###lsm 136 84
###lsm 134 84
###lsm 134 86
###lsm 132 86
###lsm 132 88
###lsm 130 88
###lsm 130 90
###lsm 128 90
###lsm 128 92
###lsm 126 92
###lsm 126 94
###lsm 124 94
###lsm 124 96
###lsm 122 96
###lsm 122 98
###lsm 120 98
###lsm 120 100
###lsm 118 100
###lsm 118 102
###lsm 116 102
###lsm 116 104
###lsm 114 104
###lsm 114 106
###lsm 112 106
###lsm 112 108
###lsm 254 253
###lsm 255 253
###lsm 255 256
###lsm 257 256
###lsm 257 258
###lsm 259 258
###lsm 259 260
###lsm 261 260
###lsm 261 262
###lsm 263 262
###lsm 263 264
###lsm 265 264
###lsm 265 266
###lsm 267 266
###lsm 267 268
###lsm 269 268
###lsm 269 270
###lsm 271 270
###lsm 271 272
###lsm 273 272
###lsm 273 274
###lsm 275 274
###lsm 275 276
###lsm 277 276
###lsm 277 278
###lsm 279 278
###lsm 279 280
###lsm 281 280
###lsm 281 282
###lsm 283 282
###lsm 283 284
###lsm 285 284
###lsm 285 286
###lsm 290 289
###lsm 291 289
###lsm 291 292
###lsm 293 292
###lsm 293 294
###lsm 295 294
###lsm 295 296
###lsm 297 296
###lsm 297 298
###lsm 299 298
###lsm 299 300
###lsm 301 300
###lsm 301 302
###lsm 303 302
###lsm 303 304
###lsm 305 304
###lsm 305 306
###lsm 307 306
###lsm 307 308
###lsm 309 308
###lsm 309 310
###lsm 311 310
###lsm 311 312
###lsm 313 312
###lsm 313 314
###lsm 315 314
###lsm 315 316
###lsm 317 316
###lsm 317 318
###lsm 319 318
###lsm 319 320
###lsm 321 320
###lsm 321 322
###lsm 252 324
###lsm 252 325
###lsm 253 325
###lsm 253 326
###lsm 256 326
###lsm 256 327
###lsm 258 327
###lsm 258 328
###lsm 260 328
###lsm 260 329
###lsm 262 329
###lsm 262 330
###lsm 264 330
###lsm 264 331
###lsm 266 331
###lsm 266 332
###lsm 268 332
###lsm 268 333
###lsm 270 333
###lsm 270 334
###lsm 272 334
###lsm 272 335
###lsm 274 335
###lsm 274 336
###lsm 276 336
###lsm 276 337
###lsm 278 337
###lsm 278 338
###lsm 280 338
###lsm 280 339
###lsm 282 339
###lsm 282 340
###lsm 284 340
###lsm 284 341
###lsm 286 341
###lsm 286 342
###lsm 287 342
###lsm 287 343
###lsm 285 343
###lsm 285 344
###lsm 283 344
###lsm 283 345
###lsm 281 345
###lsm 281 346
###lsm 279 346
###lsm 279 347
###lsm 277 347
###lsm 277 348
###lsm 275 348
###lsm 275 349
###lsm 273 349
###lsm 273 350
###lsm 271 350
###lsm 271 351
###lsm 269 351
###lsm 269 352
###lsm 267 352
###lsm 267 353
###lsm 265 353
###lsm 265 354
###lsm 263 354
###lsm 263 355
###lsm 261 355
###lsm 261 356
###lsm 259 356
###lsm 259 357
###lsm 257 357
###lsm 257 358
###lsm 255 358
###lsm 255 359
###lsm 254 359
###lsm 324 254
###lsm 288 360
###lsm 288 361
###lsm 289 361
###lsm 289 362
###lsm 292 362
###lsm 292 363
###lsm 294 363
###lsm 294 364
###lsm 296 364
###lsm 296 365
###lsm 298 365
###lsm 298 366
###lsm 300 366
###lsm 300 367
###lsm 302 367
###lsm 302 368
###lsm 304 368
###lsm 304 369
###lsm 306 369
###lsm 306 370
###lsm 308 370
###lsm 308 371
###lsm 310 371
###lsm 310 372
###lsm 312 372
###lsm 312 373
###lsm 314 373
###lsm 314 374
###lsm 316 374
###lsm 316 375
###lsm 318 375
###lsm 318 376
###lsm 320 376
###lsm 320 377
###lsm 322 377
###lsm 322 378
###lsm 323 378
###lsm 323 379
###lsm 321 379
###lsm 321 380
###lsm 319 380
###lsm 319 381
###lsm 317 381
###lsm 317 382
###lsm 315 382
###lsm 315 383
###lsm 313 383
###lsm 313 384
###lsm 311 384
###lsm 311 385
###lsm 309 385
###lsm 309 386
###lsm 307 386
###lsm 307 387
###lsm 305 387
###lsm 305 388
###lsm 303 388
###lsm 303 389
###lsm 301 389
###lsm 301 390
###lsm 299 390
###lsm 299 391
###lsm 297 391
###lsm 297 392
###lsm 295 392
###lsm 295 393
###lsm 293 393
###lsm 293 394
###lsm 291 394
###lsm 291 395
###lsm 290 395
###lsm 360 290
###lsm 326 325
###lsm 326 396
###lsm 326 397
###lsm 327 326
###lsm 327 397
###lsm 327 398
###lsm 328 327
###lsm 328 398
###lsm 328 399
###lsm 329 328
###lsm 329 399
###lsm 329 400
###lsm 330 329
###lsm 330 400
###lsm 330 401
###lsm 331 330
###lsm 331 401
###lsm 331 402
###lsm 332 331
###lsm 332 402
###lsm 332 403
###lsm 333 332
###lsm 333 403
###lsm 333 404
###lsm 334 333
###lsm 334 404
###lsm 334 405
###lsm 335 334
###lsm 335 405
###lsm 335 406
###lsm 336 335
###lsm 336 406
###lsm 336 407
###lsm 337 336
###lsm 337 407
###lsm 337 408
###lsm 338 337
###lsm 338 408
###lsm 338 409
###lsm 339 338
###lsm 339 409
###lsm 339 410
###lsm 340 339
###lsm 340 410
###lsm 340 411
###lsm 341 340
###lsm 341 411
###lsm 341 412
###lsm 342 341
###lsm 342 412
###lsm 342 413
###lsm 343 342
###lsm 343 413
###lsm 343 414
###lsm 344 343
###lsm 344 414
###lsm 344 415
###lsm 345 344
###lsm 345 415
###lsm 345 416
###lsm 346 345
###lsm 346 416
###lsm 346 417
###lsm 347 346
###lsm 347 417
###lsm 347 418
###lsm 348 347
###lsm 348 418
###lsm 348 419
###lsm 349 348
###lsm 349 419
###lsm 349 420
###lsm 350 349
###lsm 350 420
###lsm 350 421
###lsm 351 350
###lsm 351 421
###lsm 351 422
###lsm 352 351
###lsm 352 422
###lsm 352 423
###lsm 353 352
###lsm 353 423
###lsm 353 424
###lsm 354 353
###lsm 354 424
###lsm 354 425
###lsm 355 354
###lsm 355 425
###lsm 355 426
###lsm 356 355
###lsm 356 426
###lsm 356 427
###lsm 357 356
###lsm 357 427
###lsm 357 428
###lsm 358 357
###lsm 358 428
###lsm 358 429
###lsm 359 358
###lsm 359 429
###lsm 359 430
###lsm 324 359
###lsm 324 430
###lsm 324 431
###lsm 325 324
###lsm 325 431
###lsm 396 325
###lsm 397 396
###lsm 397 432
###lsm 397 433
###lsm 398 397
###lsm 398 433
###lsm 398 434
###lsm 399 398
###lsm 399 434
###lsm 399 435
###lsm 400 399
###lsm 400 435
###lsm 400 436
###lsm 401 400
###lsm 401 436
###lsm 401 437
###lsm 402 401
###lsm 402 437
###lsm 402 438
###lsm 403 402
###lsm 403 438
###lsm 403 439
###lsm 404 403
###lsm 404 439
###lsm 404 440
###lsm 405 404
###lsm 405 440
###lsm 405 441
###lsm 406 405
###lsm 406 441
###lsm 406 442
###lsm 407 406
###lsm 407 442
###lsm 407 443
###lsm 408 407
###lsm 408 443
###lsm 408 444
###lsm 409 408
###lsm 409 444
###lsm 409 445
###lsm 410 409
###lsm 410 445
###lsm 410 446
###lsm 411 410
###lsm 411 446
###lsm 411 447
###lsm 412 411
###lsm 412 447
###lsm 412 448
###lsm 413 412
###lsm 413 448
###lsm 413 449
###lsm 414 413
###lsm 414 449
###lsm 414 450
###lsm 415 414
###lsm 415 450
###lsm 415 451
###lsm 416 415
###lsm 416 451
###lsm 416 452
###lsm 417 416
###lsm 417 452
###lsm 417 453
###lsm 418 417
###lsm 418 453
###lsm 418 454
###lsm 419 418
###lsm 419 454
###lsm 419 455
###lsm 420 419
###lsm 420 455
###lsm 420 456
###lsm 421 420
###lsm 421 456
###lsm 421 457
###lsm 422 421
###lsm 422 457
###lsm 422 458
###lsm 423 422
###lsm 423 458
###lsm 423 459
###lsm 424 423
###lsm 424 459
###lsm 424 460
###lsm 425 424
###lsm 425 460
###lsm 425 461
###lsm 426 425
###lsm 426 461
###lsm 426 462
###lsm 427 426
###lsm 427 462
###lsm 427 463
###lsm 428 427
###lsm 428 463
###lsm 428 464
###lsm 429 428
###lsm 429 464
###lsm 429 465
###lsm 430 429
###lsm 430 465
###lsm 430 466
###lsm 431 430
###lsm 431 466
###lsm 431 467
###lsm 396 431
###lsm 396 467
###lsm 432 396
###lsm 433 432
###lsm 433 468
###lsm 433 469
###lsm 434 433
###lsm 434 469
###lsm 434 470
###lsm 435 434
###lsm 435 470
###lsm 435 471
###lsm 436 435
###lsm 436 471
###lsm 436 472
###lsm 437 436
###lsm 437 472
###lsm 437 473
###lsm 438 437
###lsm 438 473
###lsm 438 474
###lsm 439 438
###lsm 439 474
###lsm 439 475
###lsm 440 439
###lsm 440 475
###lsm 440 476
###lsm 441 440
###lsm 441 476
###lsm 441 477
###lsm 442 441
###lsm 442 477
###lsm 442 478
###lsm 443 442
###lsm 443 478
###lsm 443 479
###lsm 444 443
###lsm 444 479
###lsm 444 480
###lsm 445 444
###lsm 445 480
###lsm 445 481
###lsm 446 445
###lsm 446 481
###lsm 446 482
###lsm 447 446
###lsm 447 482
###lsm 447 483
###lsm 448 447
###lsm 448 483
###lsm 448 484
###lsm 449 448
###lsm 449 484
###lsm 449 485
###lsm 450 449
###lsm 450 485
###lsm 450 486
###lsm 451 450
###lsm 451 486
###lsm 451 487
###lsm 452 451
###lsm 452 487
###lsm 452 488
###lsm 453 452
###lsm 453 488
###lsm 453 489
###lsm 454 453
###lsm 454 489
###lsm 454 490
###lsm 455 454
###lsm 455 490
###lsm 455 491
###lsm 456 455
###lsm 456 491
###lsm 456 492
###lsm 457 456
###lsm 457 492
###lsm 457 493
###lsm 458 457
###lsm 458 493
###lsm 458 494
###lsm 459 458
###lsm 459 494
###lsm 459 495
###lsm 460 459
###lsm 460 495
###lsm 460 496
###lsm 461 460
###lsm 461 496
###lsm 461 497
###lsm 462 461
###lsm 462 497
###lsm 462 498
###lsm 463 462
###lsm 463 498
###lsm 463 499
###lsm 464 463
###lsm 464 499
###lsm 464 500
###lsm 465 464
###lsm 465 500
###lsm 465 501
###lsm 466 465
###lsm 466 501
###lsm 466 502
###lsm 467 466
###lsm 467 502
###lsm 467 503
###lsm 432 467
###lsm 432 503
###lsm 468 432
###lsm 469 468
###lsm 469 361
###lsm 361 360
###lsm 469 360
###lsm 470 469
###lsm 470 360
###lsm 360 395
###lsm 470 395
###lsm 471 470
###lsm 471 395
###lsm 395 394
###lsm 471 394
###lsm 472 471
###lsm 472 394
###lsm 394 393
###lsm 472 393
###lsm 473 472
###lsm 473 393
###lsm 393 392
###lsm 473 392
###lsm 474 473
###lsm 474 392
###lsm 392 391
###lsm 474 391
###lsm 475 474
###lsm 475 391
###lsm 391 390
###lsm 475 390
###lsm 476 475
###lsm 476 390
###lsm 390 389
###lsm 476 389
###lsm 477 476
###lsm 477 389
###lsm 389 388
###lsm 477 388
###lsm 478 477
###lsm 478 388
###lsm 388 387
###lsm 478 387
###lsm 479 478
###lsm 479 387
###lsm 387 386
###lsm 479 386
###lsm 480 479
###lsm 480 386
###lsm 386 385
###lsm 480 385
###lsm 481 480
###lsm 481 385
###lsm 385 384
###lsm 481 384
###lsm 482 481
###lsm 482 384
###lsm 384 383
###lsm 482 383
###lsm 483 482
###lsm 483 383
###lsm 383 382
###lsm 483 382
###lsm 484 483
###lsm 484 382
###lsm 382 381
###lsm 484 381
###lsm 485 484
###lsm 485 381
###lsm 381 380
###lsm 485 380
###lsm 486 485
###lsm 486 380
###lsm 380 379
###lsm 486 379
###lsm 487 486
###lsm 487 379
###lsm 379 378
###lsm 487 378
###lsm 488 487
###lsm 488 378
###lsm 378 377
###lsm 488 377
###lsm 489 488
###lsm 489 377
###lsm 377 376
###lsm 489 376
###lsm 490 489
###lsm 490 376
###lsm 376 375
###lsm 490 375
###lsm 491 490
###lsm 491 375
###lsm 375 374
###lsm 491 374
###lsm 492 491
###lsm 492 374
###lsm 374 373
###lsm 492 373
###lsm 493 492
###lsm 493 373
###lsm 373 372
###lsm 493 372
###lsm 494 493
###lsm 494 372
###lsm 372 371
###lsm 494 371
###lsm 495 494
###lsm 495 371
###lsm 371 370
###lsm 495 370
###lsm 496 495
###lsm 496 370
###lsm 370 369
###lsm 496 369
###lsm 497 496
###lsm 497 369
###lsm 369 368
###lsm 497 368
###lsm 498 497
###lsm 498 368
###lsm 368 367
###lsm 498 367
###lsm 499 498
###lsm 499 367
###lsm 367 366
###lsm 499 366
###lsm 500 499
###lsm 500 366
###lsm 366 365
###lsm 500 365
###lsm 501 500
###lsm 501 365
###lsm 365 364
###lsm 501 364
###lsm 502 501
###lsm 502 364
###lsm 364 363
###lsm 502 363
###lsm 503 502
###lsm 503 363
###lsm 363 362
###lsm 503 362
###lsm 468 503
###lsm 468 362
###lsm 362 361
###lsm 361 468
###lsm 506 505
###lsm 506 507
###lsm 508 507
###lsm 508 509
###lsm 510 509
###lsm 510 511
###lsm 512 511
###lsm 512 513
###lsm 514 513
###lsm 514 515
###lsm 516 515
###lsm 516 517
###lsm 518 517
###lsm 518 519
###lsm 522 521
###lsm 523 521
###lsm 523 524
###lsm 525 524
###lsm 525 526
###lsm 505 504
###lsm 505 528
###lsm 504 508
###lsm 504 510
###lsm 504 512
###lsm 504 514
###lsm 504 516
###lsm 518 530
###lsm 518 531
###lsm 532 531
###lsm 533 531
###lsm 530 520
###lsm 531 530
###lsm 535 530
###lsm 535 536
###lsm 537 536
###lsm 537 538
###lsm 539 538
###lsm 539 540
###lsm 541 540
###lsm 541 542
###lsm 543 542
###lsm 543 544
###lsm 545 544
###lsm 545 546
###lsm 547 546
###lsm 547 548
###lsm 532 528
###lsm 532 504
###lsm 504 518
###lsm 518 532
###lsm 528 550
###lsm 528 551
###lsm 528 552
###lsm 528 553
###lsm 528 554
###lsm 558 557
###lsm 533 561
###lsm 533 562
###lsm 532 562
###lsm 532 563
###lsm 550 563
###lsm 550 564
###lsm 551 564
###lsm 551 565
###lsm 552 565
###lsm 552 566
###lsm 553 566
###lsm 553 567
###lsm 554 567
###lsm 554 568
###lsm 555 568
###lsm 555 529
###lsm 529 528
###lsm 612 608
###lsm 570 574
###lsm 711 710
###lsm 708 727
###lsm 708 726
###lsm 708 725
###lsm 708 616
###lsm 690 616
###lsm 690 615
###lsm 681 615
###lsm 681 663
###lsm 663 665
###lsm 672 688
###lsm 708 690
###lsm 699 701
###lsm 731 730
###lsm 732 733
###lsm 734 735
###lsm 736 737
###lsm 738 739
###lsm 740 741
###lsm 742 743
###lsm 744 745
###lsm 746 747
###lsm 748 749
###lsm 750 751
###lsm 752 729
###lsm 750 731
###lsm 750 732
###lsm 744 732
###lsm 744 738
###lsm 742 738
###lsm 738 732
###lsm 738 734
###lsm 750 744
###lsm 750 746
###lsm 755 754
###lsm 755 756
###lsm 757 756
###lsm 757 758
###lsm 759 758
###lsm 759 760
###lsm 761 760
###lsm 761 762
###lsm 763 762
###lsm 763 764
###lsm 765 764
###lsm 765 766
###lsm 767 766
###lsm 767 768
###lsm 769 768
###lsm 769 770
###lsm 771 770
###lsm 771 772
###lsm 773 772
###lsm 773 774
###lsm 775 774
###lsm 775 776
###lsm 777 776
###lsm 777 778
###lsm 779 778
###lsm 779 780
###lsm 781 780
###lsm 781 782
###lsm 783 782
###lsm 783 784
###lsm 785 784
###lsm 785 786
###lsm 787 786
###lsm 787 788
###lsm 789 788
###lsm 789 790
###lsm 791 790
###lsm 791 792
###lsm 793 792
###lsm 793 794
###lsm 795 794
###lsm 796 794
###lsm 796 797
###lsm 798 797
###lsm 798 799
###lsm 800 799
###lsm 800 801
###lsm 802 801
###lsm 802 803
###lsm 804 803
###lsm 804 805
###lsm 806 805
###lsm 806 807
###lsm 808 807
###lsm 808 809
###lsm 810 809
###lsm 810 811
###lsm 812 811
###lsm 812 813
###lsm 814 813
###lsm 814 815
###lsm 816 815
###lsm 816 817
###lsm 818 817
###lsm 818 819
###lsm 820 819
###lsm 820 821
###lsm 822 821
###lsm 822 823
###lsm 824 823
###lsm 824 825
###lsm 826 825
###lsm 826 827
###lsm 828 827
###lsm 828 829
###lsm 753 829
###lsm 754 753
###lsm 832 831
###lsm 832 833
###lsm 834 833
###lsm 834 835
###lsm 836 835
###lsm 836 837
###lsm 838 837
###lsm 838 839
###lsm 840 839
###lsm 840 841
###lsm 842 841
###lsm 842 843
###lsm 844 843
###lsm 844 845
###lsm 846 845
###lsm 846 774
###lsm 774 772
###lsm 831 830
###lsm 847 830
###lsm 847 848
###lsm 849 848
###lsm 849 850
###lsm 851 850
###lsm 851 852
###lsm 853 852
###lsm 853 854
###lsm 855 854
###lsm 855 856
###lsm 857 856
###lsm 857 858
###lsm 859 858
###lsm 859 860
###lsm 861 860
###lsm 861 862
###lsm 863 862
###lsm 863 864
###lsm 865 864
###lsm 865 866
###lsm 867 866
###lsm 867 868
###lsm 869 868
###lsm 869 870
###lsm 871 870
###lsm 871 872
###lsm 873 872
###lsm 873 874
###lsm 875 874
###lsm 875 876
###lsm 877 876
###lsm 877 878
###lsm 879 878
###lsm 879 880
###lsm 881 880
###lsm 881 882
###lsm 883 882
###lsm 883 884
###lsm 885 884
###lsm 885 886
###lsm 887 886
###lsm 887 888
###lsm 889 888
###lsm 889 890
###lsm 891 890
###lsm 891 892
###lsm 893 892
###lsm 893 894
###lsm 827 894
###lsm 829 827
###lsm 882 880
###lsm 882 895
###lsm 882 896
###lsm 884 882
###lsm 884 896
###lsm 884 897
###lsm 886 884
###lsm 886 897
###lsm 886 898
###lsm 888 886
###lsm 888 898
###lsm 888 899
###lsm 890 888
###lsm 890 899
###lsm 890 900
###lsm 892 890
###lsm 892 900
###lsm 892 901
###lsm 894 892
###lsm 894 901
###lsm 894 902
###lsm 829 894
###lsm 829 902
###lsm 754 829
###lsm 896 895
###lsm 896 903
###lsm 896 904
###lsm 897 896
###lsm 897 904
###lsm 897 905
###lsm 898 897
###lsm 898 905
###lsm 898 906
###lsm 899 898
###lsm 899 906
###lsm 899 907
###lsm 900 899
###lsm 900 907
###lsm 900 908
###lsm 901 900
###lsm 901 908
###lsm 901 909
###lsm 902 901
###lsm 902 909
###lsm 902 910
###lsm 754 902
###lsm 754 910
###lsm 756 754
###lsm 904 903
###lsm 904 911
###lsm 904 912
###lsm 905 904
###lsm 905 912
###lsm 905 913
###lsm 906 905
###lsm 906 913
###lsm 906 914
###lsm 907 906
###lsm 907 914
###lsm 907 915
###lsm 908 907
###lsm 908 915
###lsm 908 916
###lsm 909 908
###lsm 909 916
###lsm 909 917
###lsm 910 909
###lsm 910 917
###lsm 910 918
###lsm 756 910
###lsm 756 918
###lsm 758 756
###lsm 912 911
###lsm 912 919
###lsm 912 920
###lsm 913 912
###lsm 913 920
###lsm 913 921
###lsm 914 913
###lsm 914 921
###lsm 914 922
###lsm 915 914
###lsm 915 922
###lsm 915 923
###lsm 916 915
###lsm 916 923
###lsm 916 924
###lsm 917 916
###lsm 917 924
###lsm 917 925
###lsm 918 917
###lsm 918 925
###lsm 918 926
###lsm 758 918
###lsm 758 926
###lsm 760 758
###lsm 920 919
###lsm 920 927
###lsm 920 928
###lsm 921 920
###lsm 921 928
###lsm 921 929
###lsm 922 921
###lsm 922 929
###lsm 922 930
###lsm 923 922
###lsm 923 930
###lsm 923 931
###lsm 924 923
###lsm 924 931
###lsm 924 932
###lsm 925 924
###lsm 925 932
###lsm 925 933
###lsm 926 925
###lsm 926 933
###lsm 926 934
###lsm 760 926
###lsm 760 934
###lsm 762 760
###lsm 928 927
###lsm 928 935
###lsm 928 936
###lsm 929 928
###lsm 929 936
###lsm 929 937
###lsm 930 929
###lsm 930 937
###lsm 930 938
###lsm 931 930
###lsm 931 938
###lsm 931 939
###lsm 932 931
###lsm 932 939
###lsm 932 940
###lsm 933 932
###lsm 933 940
###lsm 933 941
###lsm 934 933
###lsm 934 941
###lsm 934 942
###lsm 762 934
###lsm 762 942
###lsm 764 762
###lsm 936 935
###lsm 936 943
###lsm 936 944
###lsm 937 936
###lsm 937 944
###lsm 937 945
###lsm 938 937
###lsm 938 945
###lsm 938 946
###lsm 939 938
###lsm 939 946
###lsm 939 947
###lsm 940 939
###lsm 940 947
###lsm 940 948
###lsm 941 940
###lsm 941 948
###lsm 941 949
###lsm 942 941
###lsm 942 949
###lsm 942 950
###lsm 764 942
###lsm 764 950
###lsm 766 764
###lsm 944 943
###lsm 944 951
###lsm 944 952
###lsm 945 944
###lsm 945 952
###lsm 945 953
###lsm 946 945
###lsm 946 953
###lsm 946 954
###lsm 947 946
###lsm 947 954
###lsm 947 955
###lsm 948 947
###lsm 948 955
###lsm 948 956
###lsm 949 948
###lsm 949 956
###lsm 949 957
###lsm 950 949
###lsm 950 957
###lsm 950 958
###lsm 766 950
###lsm 766 958
###lsm 768 766
###lsm 952 951
###lsm 952 959
###lsm 952 960
###lsm 953 952
###lsm 953 960
###lsm 953 961
###lsm 954 953
###lsm 954 961
###lsm 954 962
###lsm 955 954
###lsm 955 962
###lsm 955 963
###lsm 956 955
###lsm 956 963
###lsm 956 964
###lsm 957 956
###lsm 957 964
###lsm 957 965
###lsm 958 957
###lsm 958 965
###lsm 958 966
###lsm 768 958
###lsm 768 966
###lsm 770 768
###lsm 960 959
###lsm 960 967
###lsm 960 968
###lsm 961 960
###lsm 961 968
###lsm 961 969
###lsm 962 961
###lsm 962 969
###lsm 962 970
###lsm 963 962
###lsm 963 970
###lsm 963 971
###lsm 964 963
###lsm 964 971
###lsm 964 972
###lsm 965 964
###lsm 965 972
###lsm 965 973
###lsm 966 965
###lsm 966 973
###lsm 966 974
###lsm 770 966
###lsm 770 974
###lsm 772 770
###lsm 968 967
###lsm 968 975
###lsm 968 976
###lsm 969 968
###lsm 969 976
###lsm 969 977
###lsm 970 969
###lsm 970 977
###lsm 970 978
###lsm 971 970
###lsm 971 978
###lsm 971 979
###lsm 972 971
###lsm 972 979
###lsm 972 980
###lsm 973 972
###lsm 973 980
###lsm 973 981
###lsm 974 973
###lsm 974 981
###lsm 974 846
###lsm 846 772
###lsm 772 974
###lsm 976 975
###lsm 976 982
###lsm 976 983
###lsm 977 976
###lsm 977 983
###lsm 977 984
###lsm 978 977
###lsm 978 984
###lsm 978 985
###lsm 979 978
###lsm 979 985
###lsm 979 986
###lsm 980 979
###lsm 980 986
###lsm 980 987
###lsm 981 980
###lsm 981 987
###lsm 981 844
###lsm 844 846
###lsm 846 981
###lsm 983 982
###lsm 983 988
###lsm 983 989
###lsm 984 983
###lsm 984 989
###lsm 984 990
###lsm 985 984
###lsm 985 990
###lsm 985 991
###lsm 986 985
###lsm 986 991
###lsm 986 992
###lsm 987 986
###lsm 987 992
###lsm 987 842
###lsm 842 844
###lsm 844 987
###lsm 989 988
###lsm 989 993
###lsm 989 994
###lsm 990 989
###lsm 990 994
###lsm 990 995
###lsm 991 990
###lsm 991 995
###lsm 991 996
###lsm 992 991
###lsm 992 996
###lsm 992 840
###lsm 840 842
###lsm 842 992
###lsm 994 993
###lsm 994 997
###lsm 994 998
###lsm 995 994
###lsm 995 998
###lsm 995 999
###lsm 996 995
###lsm 996 999
###lsm 996 838
###lsm 838 840
###lsm 840 996
###lsm 998 997
###lsm 998 1000
###lsm 998 1001
###lsm 999 998
###lsm 999 1001
###lsm 999 836
###lsm 836 838
###lsm 838 999
###lsm 1001 1000
###lsm 1001 1002
###lsm 1001 834
###lsm 834 836
###lsm 836 1001
###lsm 832 834
###lsm 834 1002
###lsm 774 845
###lsm 776 774
###lsm 776 845
###lsm 776 1003
###lsm 778 776
###lsm 778 1003
###lsm 778 1004
###lsm 780 778
###lsm 780 1004
###lsm 780 1005
###lsm 782 780
###lsm 782 1005
###lsm 782 1006
###lsm 784 782
###lsm 784 1006
###lsm 784 1007
###lsm 786 784
###lsm 786 1007
###lsm 786 1008
###lsm 788 786
###lsm 788 1008
###lsm 788 1009
###lsm 790 788
###lsm 790 1009
###lsm 790 1010
###lsm 792 790
###lsm 792 1010
###lsm 792 1011
###lsm 794 792
###lsm 794 1011
###lsm 794 1012
###lsm 797 794
###lsm 797 1012
###lsm 797 1013
###lsm 799 797
###lsm 799 1013
###lsm 799 1014
###lsm 801 799
###lsm 801 1014
###lsm 801 1015
###lsm 803 801
###lsm 803 1015
###lsm 803 1016
###lsm 805 803
###lsm 805 1016
###lsm 805 1017
###lsm 807 805
###lsm 807 1017
###lsm 807 1018
###lsm 809 807
###lsm 809 1018
###lsm 809 1019
###lsm 811 809
###lsm 811 1019
###lsm 811 1020
###lsm 813 811
###lsm 813 1020
###lsm 813 1021
###lsm 815 813
###lsm 815 1021
###lsm 815 1022
###lsm 817 815
###lsm 817 1022
###lsm 817 1023
###lsm 819 817
###lsm 819 1023
###lsm 819 1024
###lsm 821 819
###lsm 821 1024
###lsm 821 1025
###lsm 823 821
###lsm 823 1025
###lsm 823 1026
###lsm 825 823
###lsm 825 1026
###lsm 825 893
###lsm 893 827
###lsm 827 825
###lsm 845 843
###lsm 1003 845
###lsm 1003 843
###lsm 1003 1027
###lsm 1004 1003
###lsm 1004 1027
###lsm 1004 1028
###lsm 1005 1004
###lsm 1005 1028
###lsm 1005 1029
###lsm 1006 1005
###lsm 1006 1029
###lsm 1006 1030
###lsm 1007 1006
###lsm 1007 1030
###lsm 1007 1031
###lsm 1008 1007
###lsm 1008 1031
###lsm 1008 1032
###lsm 1009 1008
###lsm 1009 1032
###lsm 1009 1033
###lsm 1010 1009
###lsm 1010 1033
###lsm 1010 1034
###lsm 1011 1010
###lsm 1011 1034
###lsm 1011 1035
###lsm 1012 1011
###lsm 1012 1035
###lsm 1012 1036
###lsm 1013 1012
###lsm 1013 1036
###lsm 1013 1037
###lsm 1014 1013
###lsm 1014 1037
###lsm 1014 1038
###lsm 1015 1014
###lsm 1015 1038
###lsm 1015 1039
###lsm 1016 1015
###lsm 1016 1039
###lsm 1016 1040
###lsm 1017 1016
###lsm 1017 1040
###lsm 1017 1041
###lsm 1018 1017
###lsm 1018 1041
###lsm 1018 1042
###lsm 1019 1018
###lsm 1019 1042
###lsm 1019 1043
###lsm 1020 1019
###lsm 1020 1043
###lsm 1020 1044
###lsm 1021 1020
###lsm 1021 1044
###lsm 1021 1045
###lsm 1022 1021
###lsm 1022 1045
###lsm 1022 1046
###lsm 1023 1022
###lsm 1023 1046
###lsm 1023 1047
###lsm 1024 1023
###lsm 1024 1047
###lsm 1024 1048
###lsm 1025 1024
###lsm 1025 1048
###lsm 1025 1049
###lsm 1026 1025
###lsm 1026 1049
###lsm 1026 891
###lsm 891 893
###lsm 893 1026
###lsm 843 841
###lsm 1027 843
###lsm 1027 841
###lsm 1027 1050
###lsm 1028 1027
###lsm 1028 1050
###lsm 1028 1051
###lsm 1029 1028
###lsm 1029 1051
###lsm 1029 1052
###lsm 1030 1029
###lsm 1030 1052
###lsm 1030 1053
###lsm 1031 1030
###lsm 1031 1053
###lsm 1031 1054
###lsm 1032 1031
###lsm 1032 1054
###lsm 1032 1055
###lsm 1033 1032
###lsm 1033 1055
###lsm 1033 1056
###lsm 1034 1033
###lsm 1034 1056
###lsm 1034 1057
###lsm 1035 1034
###lsm 1035 1057
###lsm 1035 1058
###lsm 1036 1035
###lsm 1036 1058
###lsm 1036 1059
###lsm 1037 1036
###lsm 1037 1059
###lsm 1037 1060
###lsm 1038 1037
###lsm 1038 1060
###lsm 1038 1061
###lsm 1039 1038
###lsm 1039 1061
###lsm 1039 1062
###lsm 1040 1039
###lsm 1040 1062
###lsm 1040 1063
###lsm 1041 1040
###lsm 1041 1063
###lsm 1041 1064
###lsm 1042 1041
###lsm 1042 1064
###lsm 1042 1065
###lsm 1043 1042
###lsm 1043 1065
###lsm 1043 1066
###lsm 1044 1043
###lsm 1044 1066
###lsm 1044 1067
###lsm 1045 1044
###lsm 1045 1067
###lsm 1045 1068
###lsm 1046 1045
###lsm 1046 1068
###lsm 1046 1069
###lsm 1047 1046
###lsm 1047 1069
###lsm 1047 1070
###lsm 1048 1047
###lsm 1048 1070
###lsm 1048 1071
###lsm 1049 1048
###lsm 1049 1071
###lsm 1049 889
###lsm 889 891
###lsm 891 1049
###lsm 841 839
###lsm 1050 841
###lsm 1050 839
###lsm 1050 1072
###lsm 1051 1050
###lsm 1051 1072
###lsm 1051 1073
###lsm 1052 1051
###lsm 1052 1073
###lsm 1052 1074
###lsm 1053 1052
###lsm 1053 1074
###lsm 1053 1075
###lsm 1054 1053
###lsm 1054 1075
###lsm 1054 1076
###lsm 1055 1054
###lsm 1055 1076
###lsm 1055 1077
###lsm 1056 1055
###lsm 1056 1077
###lsm 1056 1078
###lsm 1057 1056
###lsm 1057 1078
###lsm 1057 1079
###lsm 1058 1057
###lsm 1058 1079
###lsm 1058 1080
###lsm 1059 1058
###lsm 1059 1080
###lsm 1059 1081
###lsm 1060 1059
###lsm 1060 1081
###lsm 1060 1082
###lsm 1061 1060
###lsm 1061 1082
###lsm 1061 1083
###lsm 1062 1061
###lsm 1062 1083
###lsm 1062 1084
###lsm 1063 1062
###lsm 1063 1084
###lsm 1063 1085
###lsm 1064 1063
###lsm 1064 1085
###lsm 1064 1086
###lsm 1065 1064
###lsm 1065 1086
###lsm 1065 1087
###lsm 1066 1065
###lsm 1066 1087
###lsm 1066 1088
###lsm 1067 1066
###lsm 1067 1088
###lsm 1067 1089
###lsm 1068 1067
###lsm 1068 1089
###lsm 1068 1090
###lsm 1069 1068
###lsm 1069 1090
###lsm 1069 1091
###lsm 1070 1069
###lsm 1070 1091
###lsm 1070 1092
###lsm 1071 1070
###lsm 1071 1092
###lsm 1071 887
###lsm 887 889
###lsm 889 1071
###lsm 839 837
###lsm 1072 839
###lsm 1072 837
###lsm 1072 1093
###lsm 1073 1072
###lsm 1073 1093
###lsm 1073 1094
###lsm 1074 1073
###lsm 1074 1094
###lsm 1074 1095
###lsm 1075 1074
###lsm 1075 1095
###lsm 1075 1096
###lsm 1076 1075
###lsm 1076 1096
###lsm 1076 1097
###lsm 1077 1076
###lsm 1077 1097
###lsm 1077 1098
###lsm 1078 1077
###lsm 1078 1098
###lsm 1078 1099
###lsm 1079 1078
###lsm 1079 1099
###lsm 1079 1100
###lsm 1080 1079
###lsm 1080 1100
###lsm 1080 1101
###lsm 1081 1080
###lsm 1081 1101
###lsm 1081 1102
###lsm 1082 1081
###lsm 1082 1102
###lsm 1082 1103
###lsm 1083 1082
###lsm 1083 1103
###lsm 1083 1104
###lsm 1084 1083
###lsm 1084 1104
###lsm 1084 1105
###lsm 1085 1084
###lsm 1085 1105
###lsm 1085 1106
###lsm 1086 1085
###lsm 1086 1106
###lsm 1086 1107
###lsm 1087 1086
###lsm 1087 1107
###lsm 1087 1108
###lsm 1088 1087
###lsm 1088 1108
###lsm 1088 1109
###lsm 1089 1088
###lsm 1089 1109
###lsm 1089 1110
###lsm 1090 1089
###lsm 1090 1110
###lsm 1090 1111
###lsm 1091 1090
###lsm 1091 1111
###lsm 1091 1112
###lsm 1092 1091
###lsm 1092 1112
###lsm 1092 885
###lsm 885 887
###lsm 887 1092
###lsm 837 835
###lsm 1093 837
###lsm 1093 835
###lsm 1093 1113
###lsm 1094 1093
###lsm 1094 1113
###lsm 1094 1114
###lsm 1095 1094
###lsm 1095 1114
###lsm 1095 1115
###lsm 1096 1095
###lsm 1096 1115
###lsm 1096 1116
###lsm 1097 1096
###lsm 1097 1116
###lsm 1097 1117
###lsm 1098 1097
###lsm 1098 1117
###lsm 1098 1118
###lsm 1099 1098
###lsm 1099 1118
###lsm 1099 1119
###lsm 1100 1099
###lsm 1100 1119
###lsm 1100 1120
###lsm 1101 1100
###lsm 1101 1120
###lsm 1101 1121
###lsm 1102 1101
###lsm 1102 1121
###lsm 1102 1122
###lsm 1103 1102
###lsm 1103 1122
###lsm 1103 1123
###lsm 1104 1103
###lsm 1104 1123
###lsm 1104 1124
###lsm 1105 1104
###lsm 1105 1124
###lsm 1105 1125
###lsm 1106 1105
###lsm 1106 1125
###lsm 1106 1126
###lsm 1107 1106
###lsm 1107 1126
###lsm 1107 1127
###lsm 1108 1107
###lsm 1108 1127
###lsm 1108 1128
###lsm 1109 1108
###lsm 1109 1128
###lsm 1109 1129
###lsm 1110 1109
###lsm 1110 1129
###lsm 1110 1130
###lsm 1111 1110
###lsm 1111 1130
###lsm 1111 1131
###lsm 1112 1111
###lsm 1112 1131
###lsm 1112 883
###lsm 883 885
###lsm 885 1112
###lsm 835 833
###lsm 1113 835
###lsm 1113 833
###lsm 833 831
###lsm 1113 831
###lsm 1114 1113
###lsm 1114 831
###lsm 831 847
###lsm 1114 847
###lsm 1115 1114
###lsm 1115 847
###lsm 847 849
###lsm 1115 849
###lsm 1116 1115
###lsm 1116 849
###lsm 849 851
###lsm 1116 851
###lsm 1117 1116
###lsm 1117 851
###lsm 851 853
###lsm 1117 853
###lsm 1118 1117
###lsm 1118 853
###lsm 853 855
###lsm 1118 855
###lsm 1119 1118
###lsm 1119 855
###lsm 855 857
###lsm 1119 857
###lsm 1120 1119
###lsm 1120 857
###lsm 857 859
###lsm 1120 859
###lsm 1121 1120
###lsm 1121 859
###lsm 859 861
###lsm 1121 861
###lsm 1122 1121
###lsm 1122 861
###lsm 861 863
###lsm 1122 863
###lsm 1123 1122
###lsm 1123 863
###lsm 863 865
###lsm 1123 865
###lsm 1124 1123
###lsm 1124 865
###lsm 865 867
###lsm 1124 867
###lsm 1125 1124
###lsm 1125 867
###lsm 867 869
###lsm 1125 869
###lsm 1126 1125
###lsm 1126 869
###lsm 869 871
###lsm 1126 871
###lsm 1127 1126
###lsm 1127 871
###lsm 871 873
###lsm 1127 873
###lsm 1128 1127
###lsm 1128 873
###lsm 873 875
###lsm 1128 875
###lsm 1129 1128
###lsm 1129 875
###lsm 875 877
###lsm 1129 877
###lsm 1130 1129
###lsm 1130 877
###lsm 877 879
###lsm 1130 879
###lsm 1131 1130
###lsm 1131 879
###lsm 879 881
###lsm 1131 881
###lsm 881 883
###lsm 883 1131
###lsm 1133 753
###lsm 753 755
###lsm 1133 755
###lsm 1134 755
###lsm 755 757
###lsm 1134 757
###lsm 757 759
###lsm 753 1132
###lsm 753 1135
###lsm 828 753
###lsm 828 1135
###lsm 828 1136
###lsm 826 828
###lsm 826 1136
###lsm 826 1137
###lsm 824 826
###lsm 824 1137
###lsm 824 1138
###lsm 822 824
###lsm 822 1138
###lsm 822 1139
###lsm 820 822
###lsm 820 1139
###lsm 820 1140
###lsm 818 820
###lsm 818 1140
###lsm 818 1141
###lsm 816 818
###lsm 816 1141
###lsm 816 1142
###lsm 814 816
###lsm 814 1142
###lsm 814 1143
###lsm 812 814
###lsm 812 1143
###lsm 812 1144
###lsm 810 812
###lsm 810 1144
###lsm 810 1145
###lsm 808 810
###lsm 808 1145
###lsm 808 1146
###lsm 806 808
###lsm 806 1146
###lsm 806 1147
###lsm 804 806
###lsm 804 1147
###lsm 804 1148
###lsm 802 804
###lsm 802 1148
###lsm 802 1149
###lsm 800 802
###lsm 800 1149
###lsm 800 1150
###lsm 798 800
###lsm 798 1150
###lsm 798 1151
###lsm 796 798
###lsm 796 1151
###lsm 796 1152
###lsm 795 796
###lsm 795 1152
###lsm 795 1153
###lsm 793 795
###lsm 793 1153
###lsm 793 1154
###lsm 791 793
###lsm 791 1154
###lsm 791 1155
###lsm 789 791
###lsm 789 1155
###lsm 789 1156
###lsm 787 789
###lsm 787 1156
###lsm 787 1157
###lsm 785 787
###lsm 785 1157
###lsm 785 1158
###lsm 783 785
###lsm 783 1158
###lsm 783 1159
###lsm 781 783
###lsm 781 1159
###lsm 781 1160
###lsm 779 781
###lsm 779 1160
###lsm 779 1161
###lsm 777 779
###lsm 777 1161
###lsm 777 1162
###lsm 775 777
###lsm 775 1162
###lsm 775 1163
###lsm 773 775
###lsm 773 1163
###lsm 773 1164
###lsm 771 773
###lsm 771 1164
###lsm 771 1165
###lsm 769 771
###lsm 769 1165
###lsm 769 1166
###lsm 767 769
###lsm 767 1166
###lsm 767 1167
###lsm 765 767
###lsm 765 1167
###lsm 765 1168
###lsm 763 765
###lsm 763 1168
###lsm 763 1169
###lsm 761 763
###lsm 761 1169
###lsm 761 1170
###lsm 759 761
###lsm 759 1170
###lsm 1134 759
###lsm 832 1002
###lsm 832 747
###lsm 832 745
###lsm 830 832
###lsm 830 745
###lsm 848 830
###lsm 848 745
###lsm 850 848
###lsm 850 745
###lsm 852 850
###lsm 852 745
###lsm 854 852
###lsm 854 745
###lsm 854 741
###lsm 856 854
###lsm 856 741
###lsm 858 856
###lsm 858 741
###lsm 860 858
###lsm 860 741
###lsm 862 860
###lsm 862 741
###lsm 862 739
###lsm 864 862
###lsm 864 739
###lsm 866 864
###lsm 866 739
###lsm 868 866
###lsm 868 739
###lsm 870 868
###lsm 870 739
###lsm 870 735
###lsm 872 870
###lsm 872 735
###lsm 874 872
###lsm 874 735
###lsm 876 874
###lsm 876 735
###lsm 878 876
###lsm 878 735
###lsm 880 878
###lsm 880 735
###lsm 880 733
###lsm 895 880
###lsm 895 733
###lsm 903 895
###lsm 903 733
###lsm 911 903
###lsm 911 733
###lsm 919 911
###lsm 919 733
###lsm 927 919
###lsm 927 733
###lsm 927 729
###lsm 935 927
###lsm 935 729
###lsm 943 935
###lsm 943 729
###lsm 951 943
###lsm 951 729
###lsm 959 951
###lsm 959 729
###lsm 959 751
###lsm 967 959
###lsm 967 751
###lsm 975 967
###lsm 975 751
###lsm 982 975
###lsm 982 751
###lsm 988 982
###lsm 988 751
###lsm 988 747
###lsm 993 988
###lsm 993 747
###lsm 997 993
###lsm 997 747
###lsm 1000 997
###lsm 1000 747
###lsm 747 1002
###lsm 1002 1000
###lsm 729 733
###lsm 747 751
###lsm 741 745
###lsm 735 739
###lsm 1173 1174
###lsm 1175 1174
###lsm 1177 1178
###lsm 1179 1178
###lsm 1179 1180
###lsm 1281 1280
###lsm 1281 1282
###lsm 1283 1282
###lsm 1585 1586
###lsm 1587 1586
###lsm 1644 1643
###lsm 1732 1733
###lsm 1734 1733
###lsm 1789 1790
###lsm 1791 1790
###lsm 1791 1792
###lsm 1793 1792
###lsm 1795 1796
###lsm 1813 1814
###lsm 1815 1814
###lsm 1815 1816
###lsm 1815 1817
###lsm 1818 1817
###lsm 1818 1819
###lsm 1820 1819
###lsm 1820 1821
###lsm 1822 1821
###lsm 1822 1823
###lsm 1824 1823
###lsm 1824 1825
###lsm 1824 1826
###lsm 1827 1826
###lsm 1827 1828
###lsm 1829 1828
###lsm 1829 1830
###lsm 1831 1830
###lsm 1831 1832
###lsm 1833 1832
###lsm 1833 1834
###lsm 1833 1835
###lsm 1836 1835
###lsm 1836 1837
###lsm 1838 1837
###lsm 1838 1839
###lsm 1840 1839
###lsm 1840 1841
###lsm 1842 1841
###lsm 2023 1968
###lsm 2048 2047
###lsm 2049 2050
###lsm 2051 2052
###lsm 2053 2046
###lsm 2051 2048
###lsm 2056 2055
###lsm 2056 2057
###lsm 2058 2057
###lsm 2058 2059
###lsm 2060 2059
###lsm 2060 2061
###lsm 2062 2061
###lsm 2062 2063
###lsm 2064 2063
###lsm 2064 2065
###lsm 2066 2065
###lsm 2066 2067
###lsm 2068 2067
###lsm 2068 2069
###lsm 2070 2069
###lsm 2070 2071
###lsm 2072 2071
###lsm 2072 2073
###lsm 2074 2073
###lsm 2074 2075
###lsm 2076 2075
###lsm 2076 2077
###lsm 2078 2077
###lsm 2078 2079
###lsm 2080 2079
###lsm 2080 2081
###lsm 2082 2081
###lsm 2082 2083
###lsm 2084 2083
###lsm 2084 2085
###lsm 2086 2085
###lsm 2086 2087
###lsm 2088 2087
###lsm 2088 2089
###lsm 2090 2089
###lsm 2090 2091
###lsm 2092 2091
###lsm 2092 2093
###lsm 2094 2093
###lsm 2094 2095
###lsm 2096 2095
###lsm 2096 2097
###lsm 2098 2097
###lsm 2098 2099
###lsm 2100 2099
###lsm 2100 2101
###lsm 2102 2101
###lsm 2102 2103
###lsm 2104 2103
###lsm 2104 2105
###lsm 2106 2105
###lsm 2106 2107
###lsm 2108 2107
###lsm 2108 2109
###lsm 2110 2109
###lsm 2110 2111
###lsm 2112 2111
###lsm 2112 2113
###lsm 2114 2113
###lsm 2114 2115
###lsm 2116 2115
###lsm 2116 2117
###lsm 2118 2117
###lsm 2118 2119
###lsm 2120 2119
###lsm 2120 2121
###lsm 2122 2121
###lsm 2122 2123
###lsm 2124 2123
###lsm 2124 2125
###lsm 2054 2125
###lsm 2055 2054
###lsm 2128 2127
###lsm 2128 2129
###lsm 2130 2129
###lsm 2130 2131
###lsm 2132 2131
###lsm 2132 2133
###lsm 2134 2133
###lsm 2134 2135
###lsm 2136 2135
###lsm 2136 2137
###lsm 2138 2137
###lsm 2138 2139
###lsm 2140 2139
###lsm 2140 2141
###lsm 2142 2141
###lsm 2142 2143
###lsm 2144 2143
###lsm 2144 2145
###lsm 2146 2145
###lsm 2146 2147
###lsm 2148 2147
###lsm 2148 2149
###lsm 2150 2149
###lsm 2150 2151
###lsm 2152 2151
###lsm 2152 2153
###lsm 2154 2153
###lsm 2154 2155
###lsm 2156 2155
###lsm 2156 2157
###lsm 2158 2157
###lsm 2158 2159
###lsm 2160 2159
###lsm 2160 2161
###lsm 2162 2161
###lsm 2162 2163
###lsm 2164 2163
###lsm 2164 2165
###lsm 2166 2165
###lsm 2166 2167
###lsm 2168 2167
###lsm 2168 2169
###lsm 2170 2169
###lsm 2170 2171
###lsm 2172 2171
###lsm 2172 2173
###lsm 2174 2173
###lsm 2174 2175
###lsm 2176 2175
###lsm 2176 2177
###lsm 2178 2177
###lsm 2178 2179
###lsm 2180 2179
###lsm 2180 2181
###lsm 2182 2181
###lsm 2182 2183
###lsm 2184 2183
###lsm 2184 2185
###lsm 2186 2185
###lsm 2186 2187
###lsm 2188 2187
###lsm 2188 2189
###lsm 2190 2189
###lsm 2190 2191
###lsm 2192 2191
###lsm 2192 2193
###lsm 2194 2193
###lsm 2194 2195
###lsm 2196 2195
###lsm 2196 2197
###lsm 2126 2197
###lsm 2127 2126
###lsm 2059 2057
###lsm 2059 2198
###lsm 2059 2199
###lsm 2061 2059
###lsm 2061 2199
###lsm 2061 2200
###lsm 2063 2061
###lsm 2063 2200
###lsm 2063 2201
###lsm 2065 2063
###lsm 2065 2201
###lsm 2065 2202
###lsm 2067 2065
###lsm 2067 2202
###lsm 2067 2203
###lsm 2069 2067
###lsm 2069 2203
###lsm 2069 2204
###lsm 2071 2069
###lsm 2071 2204
###lsm 2071 2205
###lsm 2073 2071
###lsm 2073 2205
###lsm 2073 2206
###lsm 2075 2073
###lsm 2075 2206
###lsm 2075 2207
###lsm 2077 2075
###lsm 2077 2207
###lsm 2077 2208
###lsm 2079 2077
###lsm 2079 2208
###lsm 2079 2209
###lsm 2081 2079
###lsm 2081 2209
###lsm 2081 2210
###lsm 2083 2081
###lsm 2083 2210
###lsm 2083 2211
###lsm 2085 2083
###lsm 2085 2211
###lsm 2085 2212
###lsm 2087 2085
###lsm 2087 2212
###lsm 2087 2213
###lsm 2089 2087
###lsm 2089 2213
###lsm 2089 2214
###lsm 2091 2089
###lsm 2091 2214
###lsm 2091 2215
###lsm 2093 2091
###lsm 2093 2215
###lsm 2093 2216
###lsm 2095 2093
###lsm 2095 2216
###lsm 2095 2217
###lsm 2097 2095
###lsm 2097 2217
###lsm 2097 2218
###lsm 2099 2097
###lsm 2099 2218
###lsm 2099 2219
###lsm 2101 2099
###lsm 2101 2219
###lsm 2101 2220
###lsm 2103 2101
###lsm 2103 2220
###lsm 2103 2221
###lsm 2105 2103
###lsm 2105 2221
###lsm 2105 2222
###lsm 2107 2105
###lsm 2107 2222
###lsm 2107 2223
###lsm 2109 2107
###lsm 2109 2223
###lsm 2109 2224
###lsm 2111 2109
###lsm 2111 2224
###lsm 2111 2225
###lsm 2113 2111
###lsm 2113 2225
###lsm 2113 2226
###lsm 2115 2113
###lsm 2115 2226
###lsm 2115 2227
###lsm 2117 2115
###lsm 2117 2227
###lsm 2117 2228
###lsm 2119 2117
###lsm 2119 2228
###lsm 2119 2229
###lsm 2121 2119
###lsm 2121 2229
###lsm 2121 2230
###lsm 2123 2121
###lsm 2123 2230
###lsm 2123 2231
###lsm 2125 2123
###lsm 2125 2231
###lsm 2125 2232
###lsm 2055 2125
###lsm 2055 2232
###lsm 2055 2233
###lsm 2057 2055
###lsm 2057 2233
###lsm 2198 2057
###lsm 2199 2198
###lsm 2199 2234
###lsm 2199 2235
###lsm 2200 2199
###lsm 2200 2235
###lsm 2200 2236
###lsm 2201 2200
###lsm 2201 2236
###lsm 2201 2237
###lsm 2202 2201
###lsm 2202 2237
###lsm 2202 2238
###lsm 2203 2202
###lsm 2203 2238
###lsm 2203 2239
###lsm 2204 2203
###lsm 2204 2239
###lsm 2204 2240
###lsm 2205 2204
###lsm 2205 2240
###lsm 2205 2241
###lsm 2206 2205
###lsm 2206 2241
###lsm 2206 2242
###lsm 2207 2206
###lsm 2207 2242
###lsm 2207 2243
###lsm 2208 2207
###lsm 2208 2243
###lsm 2208 2244
###lsm 2209 2208
###lsm 2209 2244
###lsm 2209 2245
###lsm 2210 2209
###lsm 2210 2245
###lsm 2210 2246
###lsm 2211 2210
###lsm 2211 2246
###lsm 2211 2247
###lsm 2212 2211
###lsm 2212 2247
###lsm 2212 2248
###lsm 2213 2212
###lsm 2213 2248
###lsm 2213 2249
###lsm 2214 2213
###lsm 2214 2249
###lsm 2214 2250
###lsm 2215 2214
###lsm 2215 2250
###lsm 2215 2251
###lsm 2216 2215
###lsm 2216 2251
###lsm 2216 2252
###lsm 2217 2216
###lsm 2217 2252
###lsm 2217 2253
###lsm 2218 2217
###lsm 2218 2253
###lsm 2218 2254
###lsm 2219 2218
###lsm 2219 2254
###lsm 2219 2255
###lsm 2220 2219
###lsm 2220 2255
###lsm 2220 2256
###lsm 2221 2220
###lsm 2221 2256
###lsm 2221 2257
###lsm 2222 2221
###lsm 2222 2257
###lsm 2222 2258
###lsm 2223 2222
###lsm 2223 2258
###lsm 2223 2259
###lsm 2224 2223
###lsm 2224 2259
###lsm 2224 2260
###lsm 2225 2224
###lsm 2225 2260
###lsm 2225 2261
###lsm 2226 2225
###lsm 2226 2261
###lsm 2226 2262
###lsm 2227 2226
###lsm 2227 2262
###lsm 2227 2263
###lsm 2228 2227
###lsm 2228 2263
###lsm 2228 2264
###lsm 2229 2228
###lsm 2229 2264
###lsm 2229 2265
###lsm 2230 2229
###lsm 2230 2265
###lsm 2230 2266
###lsm 2231 2230
###lsm 2231 2266
###lsm 2231 2267
###lsm 2232 2231
###lsm 2232 2267
###lsm 2232 2268
###lsm 2233 2232
###lsm 2233 2268
###lsm 2233 2269
###lsm 2198 2233
###lsm 2198 2269
###lsm 2234 2198
###lsm 2235 2234
###lsm 2235 2270
###lsm 2235 2271
###lsm 2236 2235
###lsm 2236 2271
###lsm 2236 2272
###lsm 2237 2236
###lsm 2237 2272
###lsm 2237 2273
###lsm 2238 2237
###lsm 2238 2273
###lsm 2238 2274
###lsm 2239 2238
###lsm 2239 2274
###lsm 2239 2275
###lsm 2240 2239
###lsm 2240 2275
###lsm 2240 2276
###lsm 2241 2240
###lsm 2241 2276
###lsm 2241 2277
###lsm 2242 2241
###lsm 2242 2277
###lsm 2242 2278
###lsm 2243 2242
###lsm 2243 2278
###lsm 2243 2279
###lsm 2244 2243
###lsm 2244 2279
###lsm 2244 2280
###lsm 2245 2244
###lsm 2245 2280
###lsm 2245 2281
###lsm 2246 2245
###lsm 2246 2281
###lsm 2246 2282
###lsm 2247 2246
###lsm 2247 2282
###lsm 2247 2283
###lsm 2248 2247
###lsm 2248 2283
###lsm 2248 2284
###lsm 2249 2248
###lsm 2249 2284
###lsm 2249 2285
###lsm 2250 2249
###lsm 2250 2285
###lsm 2250 2286
###lsm 2251 2250
###lsm 2251 2286
###lsm 2251 2287
###lsm 2252 2251
###lsm 2252 2287
###lsm 2252 2288
###lsm 2253 2252
###lsm 2253 2288
###lsm 2253 2289
###lsm 2254 2253
###lsm 2254 2289
###lsm 2254 2290
###lsm 2255 2254
###lsm 2255 2290
###lsm 2255 2291
###lsm 2256 2255
###lsm 2256 2291
###lsm 2256 2292
###lsm 2257 2256
###lsm 2257 2292
###lsm 2257 2293
###lsm 2258 2257
###lsm 2258 2293
###lsm 2258 2294
###lsm 2259 2258
###lsm 2259 2294
###lsm 2259 2295
###lsm 2260 2259
###lsm 2260 2295
###lsm 2260 2296
###lsm 2261 2260
###lsm 2261 2296
###lsm 2261 2297
###lsm 2262 2261
###lsm 2262 2297
###lsm 2262 2298
###lsm 2263 2262
###lsm 2263 2298
###lsm 2263 2299
###lsm 2264 2263
###lsm 2264 2299
###lsm 2264 2300
###lsm 2265 2264
###lsm 2265 2300
###lsm 2265 2301
###lsm 2266 2265
###lsm 2266 2301
###lsm 2266 2302
###lsm 2267 2266
###lsm 2267 2302
###lsm 2267 2303
###lsm 2268 2267
###lsm 2268 2303
###lsm 2268 2304
###lsm 2269 2268
###lsm 2269 2304
###lsm 2269 2305
###lsm 2234 2269
###lsm 2234 2305
###lsm 2270 2234
###lsm 2271 2270
###lsm 2271 2306
###lsm 2271 2307
###lsm 2272 2271
###lsm 2272 2307
###lsm 2272 2308
###lsm 2273 2272
###lsm 2273 2308
###lsm 2273 2309
###lsm 2274 2273
###lsm 2274 2309
###lsm 2274 2310
###lsm 2275 2274
###lsm 2275 2310
###lsm 2275 2311
###lsm 2276 2275
###lsm 2276 2311
###lsm 2276 2312
###lsm 2277 2276
###lsm 2277 2312
###lsm 2277 2313
###lsm 2278 2277
###lsm 2278 2313
###lsm 2278 2314
###lsm 2279 2278
###lsm 2279 2314
###lsm 2279 2315
###lsm 2280 2279
###lsm 2280 2315
###lsm 2280 2316
###lsm 2281 2280
###lsm 2281 2316
###lsm 2281 2317
###lsm 2282 2281
###lsm 2282 2317
###lsm 2282 2318
###lsm 2283 2282
###lsm 2283 2318
###lsm 2283 2319
###lsm 2284 2283
###lsm 2284 2319
###lsm 2284 2320
###lsm 2285 2284
###lsm 2285 2320
###lsm 2285 2321
###lsm 2286 2285
###lsm 2286 2321
###lsm 2286 2322
###lsm 2287 2286
###lsm 2287 2322
###lsm 2287 2323
###lsm 2288 2287
###lsm 2288 2323
###lsm 2288 2324
###lsm 2289 2288
###lsm 2289 2324
###lsm 2289 2325
###lsm 2290 2289
###lsm 2290 2325
###lsm 2290 2326
###lsm 2291 2290
###lsm 2291 2326
###lsm 2291 2327
###lsm 2292 2291
###lsm 2292 2327
###lsm 2292 2328
###lsm 2293 2292
###lsm 2293 2328
###lsm 2293 2329
###lsm 2294 2293
###lsm 2294 2329
###lsm 2294 2330
###lsm 2295 2294
###lsm 2295 2330
###lsm 2295 2331
###lsm 2296 2295
###lsm 2296 2331
###lsm 2296 2332
###lsm 2297 2296
###lsm 2297 2332
###lsm 2297 2333
###lsm 2298 2297
###lsm 2298 2333
###lsm 2298 2334
###lsm 2299 2298
###lsm 2299 2334
###lsm 2299 2335
###lsm 2300 2299
###lsm 2300 2335
###lsm 2300 2336
###lsm 2301 2300
###lsm 2301 2336
###lsm 2301 2337
###lsm 2302 2301
###lsm 2302 2337
###lsm 2302 2338
###lsm 2303 2302
###lsm 2303 2338
###lsm 2303 2339
###lsm 2304 2303
###lsm 2304 2339
###lsm 2304 2340
###lsm 2305 2304
###lsm 2305 2340
###lsm 2305 2341
###lsm 2270 2305
###lsm 2270 2341
###lsm 2306 2270
###lsm 2307 2306
###lsm 2307 2342
###lsm 2307 2343
###lsm 2308 2307
###lsm 2308 2343
###lsm 2308 2344
###lsm 2309 2308
###lsm 2309 2344
###lsm 2309 2345
###lsm 2310 2309
###lsm 2310 2345
###lsm 2310 2346
###lsm 2311 2310
###lsm 2311 2346
###lsm 2311 2347
###lsm 2312 2311
###lsm 2312 2347
###lsm 2312 2348
###lsm 2313 2312
###lsm 2313 2348
###lsm 2313 2349
###lsm 2314 2313
###lsm 2314 2349
###lsm 2314 2350
###lsm 2315 2314
###lsm 2315 2350
###lsm 2315 2351
###lsm 2316 2315
###lsm 2316 2351
###lsm 2316 2352
###lsm 2317 2316
###lsm 2317 2352
###lsm 2317 2353
###lsm 2318 2317
###lsm 2318 2353
###lsm 2318 2354
###lsm 2319 2318
###lsm 2319 2354
###lsm 2319 2355
###lsm 2320 2319
###lsm 2320 2355
###lsm 2320 2356
###lsm 2321 2320
###lsm 2321 2356
###lsm 2321 2357
###lsm 2322 2321
###lsm 2322 2357
###lsm 2322 2358
###lsm 2323 2322
###lsm 2323 2358
###lsm 2323 2359
###lsm 2324 2323
###lsm 2324 2359
###lsm 2324 2360
###lsm 2325 2324
###lsm 2325 2360
###lsm 2325 2361
###lsm 2326 2325
###lsm 2326 2361
###lsm 2326 2362
###lsm 2327 2326
###lsm 2327 2362
###lsm 2327 2363
###lsm 2328 2327
###lsm 2328 2363
###lsm 2328 2364
###lsm 2329 2328
###lsm 2329 2364
###lsm 2329 2365
###lsm 2330 2329
###lsm 2330 2365
###lsm 2330 2366
###lsm 2331 2330
###lsm 2331 2366
###lsm 2331 2367
###lsm 2332 2331
###lsm 2332 2367
###lsm 2332 2368
###lsm 2333 2332
###lsm 2333 2368
###lsm 2333 2369
###lsm 2334 2333
###lsm 2334 2369
###lsm 2334 2370
###lsm 2335 2334
###lsm 2335 2370
###lsm 2335 2371
###lsm 2336 2335
###lsm 2336 2371
###lsm 2336 2372
###lsm 2337 2336
###lsm 2337 2372
###lsm 2337 2373
###lsm 2338 2337
###lsm 2338 2373
###lsm 2338 2374
###lsm 2339 2338
###lsm 2339 2374
###lsm 2339 2375
###lsm 2340 2339
###lsm 2340 2375
###lsm 2340 2376
###lsm 2341 2340
###lsm 2341 2376
###lsm 2341 2377
###lsm 2306 2341
###lsm 2306 2377
###lsm 2342 2306
###lsm 2343 2342
###lsm 2343 2378
###lsm 2343 2379
###lsm 2344 2343
###lsm 2344 2379
###lsm 2344 2380
###lsm 2345 2344
###lsm 2345 2380
###lsm 2345 2381
###lsm 2346 2345
###lsm 2346 2381
###lsm 2346 2382
###lsm 2347 2346
###lsm 2347 2382
###lsm 2347 2383
###lsm 2348 2347
###lsm 2348 2383
###lsm 2348 2384
###lsm 2349 2348
###lsm 2349 2384
###lsm 2349 2385
###lsm 2350 2349
###lsm 2350 2385
###lsm 2350 2386
###lsm 2351 2350
###lsm 2351 2386
###lsm 2351 2387
###lsm 2352 2351
###lsm 2352 2387
###lsm 2352 2388
###lsm 2353 2352
###lsm 2353 2388
###lsm 2353 2389
###lsm 2354 2353
###lsm 2354 2389
###lsm 2354 2390
###lsm 2355 2354
###lsm 2355 2390
###lsm 2355 2391
###lsm 2356 2355
###lsm 2356 2391
###lsm 2356 2392
###lsm 2357 2356
###lsm 2357 2392
###lsm 2357 2393
###lsm 2358 2357
###lsm 2358 2393
###lsm 2358 2394
###lsm 2359 2358
###lsm 2359 2394
###lsm 2359 2395
###lsm 2360 2359
###lsm 2360 2395
###lsm 2360 2396
###lsm 2361 2360
###lsm 2361 2396
###lsm 2361 2397
###lsm 2362 2361
###lsm 2362 2397
###lsm 2362 2398
###lsm 2363 2362
###lsm 2363 2398
###lsm 2363 2399
###lsm 2364 2363
###lsm 2364 2399
###lsm 2364 2400
###lsm 2365 2364
###lsm 2365 2400
###lsm 2365 2401
###lsm 2366 2365
###lsm 2366 2401
###lsm 2366 2402
###lsm 2367 2366
###lsm 2367 2402
###lsm 2367 2403
###lsm 2368 2367
###lsm 2368 2403
###lsm 2368 2404
###lsm 2369 2368
###lsm 2369 2404
###lsm 2369 2405
###lsm 2370 2369
###lsm 2370 2405
###lsm 2370 2406
###lsm 2371 2370
###lsm 2371 2406
###lsm 2371 2407
###lsm 2372 2371
###lsm 2372 2407
###lsm 2372 2408
###lsm 2373 2372
###lsm 2373 2408
###lsm 2373 2409
###lsm 2374 2373
###lsm 2374 2409
###lsm 2374 2410
###lsm 2375 2374
###lsm 2375 2410
###lsm 2375 2411
###lsm 2376 2375
###lsm 2376 2411
###lsm 2376 2412
###lsm 2377 2376
###lsm 2377 2412
###lsm 2377 2413
###lsm 2342 2377
###lsm 2342 2413
###lsm 2378 2342
###lsm 2379 2378
###lsm 2379 2414
###lsm 2379 2415
###lsm 2380 2379
###lsm 2380 2415
###lsm 2380 2416
###lsm 2381 2380
###lsm 2381 2416
###lsm 2381 2417
###lsm 2382 2381
###lsm 2382 2417
###lsm 2382 2418
###lsm 2383 2382
###lsm 2383 2418
###lsm 2383 2419
###lsm 2384 2383
###lsm 2384 2419
###lsm 2384 2420
###lsm 2385 2384
###lsm 2385 2420
###lsm 2385 2421
###lsm 2386 2385
###lsm 2386 2421
###lsm 2386 2422
###lsm 2387 2386
###lsm 2387 2422
###lsm 2387 2423
###lsm 2388 2387
###lsm 2388 2423
###lsm 2388 2424
###lsm 2389 2388
###lsm 2389 2424
###lsm 2389 2425
###lsm 2390 2389
###lsm 2390 2425
###lsm 2390 2426
###lsm 2391 2390
###lsm 2391 2426
###lsm 2391 2427
###lsm 2392 2391
###lsm 2392 2427
###lsm 2392 2428
###lsm 2393 2392
###lsm 2393 2428
###lsm 2393 2429
###lsm 2394 2393
###lsm 2394 2429
###lsm 2394 2430
###lsm 2395 2394
###lsm 2395 2430
###lsm 2395 2431
###lsm 2396 2395
###lsm 2396 2431
###lsm 2396 2432
###lsm 2397 2396
###lsm 2397 2432
###lsm 2397 2433
###lsm 2398 2397
###lsm 2398 2433
###lsm 2398 2434
###lsm 2399 2398
###lsm 2399 2434
###lsm 2399 2435
###lsm 2400 2399
###lsm 2400 2435
###lsm 2400 2436
###lsm 2401 2400
###lsm 2401 2436
###lsm 2401 2437
###lsm 2402 2401
###lsm 2402 2437
###lsm 2402 2438
###lsm 2403 2402
###lsm 2403 2438
###lsm 2403 2439
###lsm 2404 2403
###lsm 2404 2439
###lsm 2404 2440
###lsm 2405 2404
###lsm 2405 2440
###lsm 2405 2441
###lsm 2406 2405
###lsm 2406 2441
###lsm 2406 2442
###lsm 2407 2406
###lsm 2407 2442
###lsm 2407 2443
###lsm 2408 2407
###lsm 2408 2443
###lsm 2408 2444
###lsm 2409 2408
###lsm 2409 2444
###lsm 2409 2445
###lsm 2410 2409
###lsm 2410 2445
###lsm 2410 2446
###lsm 2411 2410
###lsm 2411 2446
###lsm 2411 2447
###lsm 2412 2411
###lsm 2412 2447
###lsm 2412 2448
###lsm 2413 2412
###lsm 2413 2448
###lsm 2413 2449
###lsm 2378 2413
###lsm 2378 2449
###lsm 2414 2378
###lsm 2415 2414
###lsm 2415 2450
###lsm 2415 2451
###lsm 2416 2415
###lsm 2416 2451
###lsm 2416 2452
###lsm 2417 2416
###lsm 2417 2452
###lsm 2417 2453
###lsm 2418 2417
###lsm 2418 2453
###lsm 2418 2454
###lsm 2419 2418
###lsm 2419 2454
###lsm 2419 2455
###lsm 2420 2419
###lsm 2420 2455
###lsm 2420 2456
###lsm 2421 2420
###lsm 2421 2456
###lsm 2421 2457
###lsm 2422 2421
###lsm 2422 2457
###lsm 2422 2458
###lsm 2423 2422
###lsm 2423 2458
###lsm 2423 2459
###lsm 2424 2423
###lsm 2424 2459
###lsm 2424 2460
###lsm 2425 2424
###lsm 2425 2460
###lsm 2425 2461
###lsm 2426 2425
###lsm 2426 2461
###lsm 2426 2462
###lsm 2427 2426
###lsm 2427 2462
###lsm 2427 2463
###lsm 2428 2427
###lsm 2428 2463
###lsm 2428 2464
###lsm 2429 2428
###lsm 2429 2464
###lsm 2429 2465
###lsm 2430 2429
###lsm 2430 2465
###lsm 2430 2466
###lsm 2431 2430
###lsm 2431 2466
###lsm 2431 2467
###lsm 2432 2431
###lsm 2432 2467
###lsm 2432 2468
###lsm 2433 2432
###lsm 2433 2468
###lsm 2433 2469
###lsm 2434 2433
###lsm 2434 2469
###lsm 2434 2470
###lsm 2435 2434
###lsm 2435 2470
###lsm 2435 2471
###lsm 2436 2435
###lsm 2436 2471
###lsm 2436 2472
###lsm 2437 2436
###lsm 2437 2472
###lsm 2437 2473
###lsm 2438 2437
###lsm 2438 2473
###lsm 2438 2474
###lsm 2439 2438
###lsm 2439 2474
###lsm 2439 2475
###lsm 2440 2439
###lsm 2440 2475
###lsm 2440 2476
###lsm 2441 2440
###lsm 2441 2476
###lsm 2441 2477
###lsm 2442 2441
###lsm 2442 2477
###lsm 2442 2478
###lsm 2443 2442
###lsm 2443 2478
###lsm 2443 2479
###lsm 2444 2443
###lsm 2444 2479
###lsm 2444 2480
###lsm 2445 2444
###lsm 2445 2480
###lsm 2445 2481
###lsm 2446 2445
###lsm 2446 2481
###lsm 2446 2482
###lsm 2447 2446
###lsm 2447 2482
###lsm 2447 2483
###lsm 2448 2447
###lsm 2448 2483
###lsm 2448 2484
###lsm 2449 2448
###lsm 2449 2484
###lsm 2449 2485
###lsm 2414 2449
###lsm 2414 2485
###lsm 2450 2414
###lsm 2451 2450
###lsm 2451 2486
###lsm 2451 2487
###lsm 2452 2451
###lsm 2452 2487
###lsm 2452 2488
###lsm 2453 2452
###lsm 2453 2488
###lsm 2453 2489
###lsm 2454 2453
###lsm 2454 2489
###lsm 2454 2490
###lsm 2455 2454
###lsm 2455 2490
###lsm 2455 2491
###lsm 2456 2455
###lsm 2456 2491
###lsm 2456 2492
###lsm 2457 2456
###lsm 2457 2492
###lsm 2457 2493
###lsm 2458 2457
###lsm 2458 2493
###lsm 2458 2494
###lsm 2459 2458
###lsm 2459 2494
###lsm 2459 2495
###lsm 2460 2459
###lsm 2460 2495
###lsm 2460 2496
###lsm 2461 2460
###lsm 2461 2496
###lsm 2461 2497
###lsm 2462 2461
###lsm 2462 2497
###lsm 2462 2498
###lsm 2463 2462
###lsm 2463 2498
###lsm 2463 2499
###lsm 2464 2463
###lsm 2464 2499
###lsm 2464 2500
###lsm 2465 2464
###lsm 2465 2500
###lsm 2465 2501
###lsm 2466 2465
###lsm 2466 2501
###lsm 2466 2502
###lsm 2467 2466
###lsm 2467 2502
###lsm 2467 2503
###lsm 2468 2467
###lsm 2468 2503
###lsm 2468 2504
###lsm 2469 2468
###lsm 2469 2504
###lsm 2469 2505
###lsm 2470 2469
###lsm 2470 2505
###lsm 2470 2506
###lsm 2471 2470
###lsm 2471 2506
###lsm 2471 2507
###lsm 2472 2471
###lsm 2472 2507
###lsm 2472 2508
###lsm 2473 2472
###lsm 2473 2508
###lsm 2473 2509
###lsm 2474 2473
###lsm 2474 2509
###lsm 2474 2510
###lsm 2475 2474
###lsm 2475 2510
###lsm 2475 2511
###lsm 2476 2475
###lsm 2476 2511
###lsm 2476 2512
###lsm 2477 2476
###lsm 2477 2512
###lsm 2477 2513
###lsm 2478 2477
###lsm 2478 2513
###lsm 2478 2514
###lsm 2479 2478
###lsm 2479 2514
###lsm 2479 2515
###lsm 2480 2479
###lsm 2480 2515
###lsm 2480 2516
###lsm 2481 2480
###lsm 2481 2516
###lsm 2481 2517
###lsm 2482 2481
###lsm 2482 2517
###lsm 2482 2518
###lsm 2483 2482
###lsm 2483 2518
###lsm 2483 2519
###lsm 2484 2483
###lsm 2484 2519
###lsm 2484 2520
###lsm 2485 2484
###lsm 2485 2520
###lsm 2485 2521
###lsm 2450 2485
###lsm 2450 2521
###lsm 2486 2450
###lsm 2487 2486
###lsm 2487 2522
###lsm 2487 2523
###lsm 2488 2487
###lsm 2488 2523
###lsm 2488 2524
###lsm 2489 2488
###lsm 2489 2524
###lsm 2489 2525
###lsm 2490 2489
###lsm 2490 2525
###lsm 2490 2526
###lsm 2491 2490
###lsm 2491 2526
###lsm 2491 2527
###lsm 2492 2491
###lsm 2492 2527
###lsm 2492 2528
###lsm 2493 2492
###lsm 2493 2528
###lsm 2493 2529
###lsm 2494 2493
###lsm 2494 2529
###lsm 2494 2530
###lsm 2495 2494
###lsm 2495 2530
###lsm 2495 2531
###lsm 2496 2495
###lsm 2496 2531
###lsm 2496 2532
###lsm 2497 2496
###lsm 2497 2532
###lsm 2497 2533
###lsm 2498 2497
###lsm 2498 2533
###lsm 2498 2534
###lsm 2499 2498
###lsm 2499 2534
###lsm 2499 2535
###lsm 2500 2499
###lsm 2500 2535
###lsm 2500 2536
###lsm 2501 2500
###lsm 2501 2536
###lsm 2501 2537
###lsm 2502 2501
###lsm 2502 2537
###lsm 2502 2538
###lsm 2503 2502
###lsm 2503 2538
###lsm 2503 2539
###lsm 2504 2503
###lsm 2504 2539
###lsm 2504 2540
###lsm 2505 2504
###lsm 2505 2540
###lsm 2505 2541
###lsm 2506 2505
###lsm 2506 2541
###lsm 2506 2542
###lsm 2507 2506
###lsm 2507 2542
###lsm 2507 2543
###lsm 2508 2507
###lsm 2508 2543
###lsm 2508 2544
###lsm 2509 2508
###lsm 2509 2544
###lsm 2509 2545
###lsm 2510 2509
###lsm 2510 2545
###lsm 2510 2546
###lsm 2511 2510
###lsm 2511 2546
###lsm 2511 2547
###lsm 2512 2511
###lsm 2512 2547
###lsm 2512 2548
###lsm 2513 2512
###lsm 2513 2548
###lsm 2513 2549
###lsm 2514 2513
###lsm 2514 2549
###lsm 2514 2550
###lsm 2515 2514
###lsm 2515 2550
###lsm 2515 2551
###lsm 2516 2515
###lsm 2516 2551
###lsm 2516 2552
###lsm 2517 2516
###lsm 2517 2552
###lsm 2517 2553
###lsm 2518 2517
###lsm 2518 2553
###lsm 2518 2554
###lsm 2519 2518
###lsm 2519 2554
###lsm 2519 2555
###lsm 2520 2519
###lsm 2520 2555
###lsm 2520 2556
###lsm 2521 2520
###lsm 2521 2556
###lsm 2521 2557
###lsm 2486 2521
###lsm 2486 2557
###lsm 2522 2486
###lsm 2523 2522
###lsm 2523 2558
###lsm 2523 2559
###lsm 2524 2523
###lsm 2524 2559
###lsm 2524 2560
###lsm 2525 2524
###lsm 2525 2560
###lsm 2525 2561
###lsm 2526 2525
###lsm 2526 2561
###lsm 2526 2562
###lsm 2527 2526
###lsm 2527 2562
###lsm 2527 2563
###lsm 2528 2527
###lsm 2528 2563
###lsm 2528 2564
###lsm 2529 2528
###lsm 2529 2564
###lsm 2529 2565
###lsm 2530 2529
###lsm 2530 2565
###lsm 2530 2566
###lsm 2531 2530
###lsm 2531 2566
###lsm 2531 2567
###lsm 2532 2531
###lsm 2532 2567
###lsm 2532 2568
###lsm 2533 2532
###lsm 2533 2568
###lsm 2533 2569
###lsm 2534 2533
###lsm 2534 2569
###lsm 2534 2570
###lsm 2535 2534
###lsm 2535 2570
###lsm 2535 2571
###lsm 2536 2535
###lsm 2536 2571
###lsm 2536 2572
###lsm 2537 2536
###lsm 2537 2572
###lsm 2537 2573
###lsm 2538 2537
###lsm 2538 2573
###lsm 2538 2574
###lsm 2539 2538
###lsm 2539 2574
###lsm 2539 2575
###lsm 2540 2539
###lsm 2540 2575
###lsm 2540 2576
###lsm 2541 2540
###lsm 2541 2576
###lsm 2541 2577
###lsm 2542 2541
###lsm 2542 2577
###lsm 2542 2578
###lsm 2543 2542
###lsm 2543 2578
###lsm 2543 2579
###lsm 2544 2543
###lsm 2544 2579
###lsm 2544 2580
###lsm 2545 2544
###lsm 2545 2580
###lsm 2545 2581
###lsm 2546 2545
###lsm 2546 2581
###lsm 2546 2582
###lsm 2547 2546
###lsm 2547 2582
###lsm 2547 2583
###lsm 2548 2547
###lsm 2548 2583
###lsm 2548 2584
###lsm 2549 2548
###lsm 2549 2584
###lsm 2549 2585
###lsm 2550 2549
###lsm 2550 2585
###lsm 2550 2586
###lsm 2551 2550
###lsm 2551 2586
###lsm 2551 2587
###lsm 2552 2551
###lsm 2552 2587
###lsm 2552 2588
###lsm 2553 2552
###lsm 2553 2588
###lsm 2553 2589
###lsm 2554 2553
###lsm 2554 2589
###lsm 2554 2590
###lsm 2555 2554
###lsm 2555 2590
###lsm 2555 2591
###lsm 2556 2555
###lsm 2556 2591
###lsm 2556 2592
###lsm 2557 2556
###lsm 2557 2592
###lsm 2557 2593
###lsm 2522 2557
###lsm 2522 2593
###lsm 2558 2522
###lsm 2559 2558
###lsm 2559 2594
###lsm 2559 2595
###lsm 2560 2559
###lsm 2560 2595
###lsm 2560 2596
###lsm 2561 2560
###lsm 2561 2596
###lsm 2561 2597
###lsm 2562 2561
###lsm 2562 2597
###lsm 2562 2598
###lsm 2563 2562
###lsm 2563 2598
###lsm 2563 2599
###lsm 2564 2563
###lsm 2564 2599
###lsm 2564 2600
###lsm 2565 2564
###lsm 2565 2600
###lsm 2565 2601
###lsm 2566 2565
###lsm 2566 2601
###lsm 2566 2602
###lsm 2567 2566
###lsm 2567 2602
###lsm 2567 2603
###lsm 2568 2567
###lsm 2568 2603
###lsm 2568 2604
###lsm 2569 2568
###lsm 2569 2604
###lsm 2569 2605
###lsm 2570 2569
###lsm 2570 2605
###lsm 2570 2606
###lsm 2571 2570
###lsm 2571 2606
###lsm 2571 2607
###lsm 2572 2571
###lsm 2572 2607
###lsm 2572 2608
###lsm 2573 2572
###lsm 2573 2608
###lsm 2573 2609
###lsm 2574 2573
###lsm 2574 2609
###lsm 2574 2610
###lsm 2575 2574
###lsm 2575 2610
###lsm 2575 2611
###lsm 2576 2575
###lsm 2576 2611
###lsm 2576 2612
###lsm 2577 2576
###lsm 2577 2612
###lsm 2577 2613
###lsm 2578 2577
###lsm 2578 2613
###lsm 2578 2614
###lsm 2579 2578
###lsm 2579 2614
###lsm 2579 2615
###lsm 2580 2579
###lsm 2580 2615
###lsm 2580 2616
###lsm 2581 2580
###lsm 2581 2616
###lsm 2581 2617
###lsm 2582 2581
###lsm 2582 2617
###lsm 2582 2618
###lsm 2583 2582
###lsm 2583 2618
###lsm 2583 2619
###lsm 2584 2583
###lsm 2584 2619
###lsm 2584 2620
###lsm 2585 2584
###lsm 2585 2620
###lsm 2585 2621
###lsm 2586 2585
###lsm 2586 2621
###lsm 2586 2622
###lsm 2587 2586
###lsm 2587 2622
###lsm 2587 2623
###lsm 2588 2587
###lsm 2588 2623
###lsm 2588 2624
###lsm 2589 2588
###lsm 2589 2624
###lsm 2589 2625
###lsm 2590 2589
###lsm 2590 2625
###lsm 2590 2626
###lsm 2591 2590
###lsm 2591 2626
###lsm 2591 2627
###lsm 2592 2591
###lsm 2592 2627
###lsm 2592 2628
###lsm 2593 2592
###lsm 2593 2628
###lsm 2593 2629
###lsm 2558 2593
###lsm 2558 2629
###lsm 2594 2558
###lsm 2595 2594
###lsm 2595 2630
###lsm 2595 2631
###lsm 2596 2595
###lsm 2596 2631
###lsm 2596 2632
###lsm 2597 2596
###lsm 2597 2632
###lsm 2597 2633
###lsm 2598 2597
###lsm 2598 2633
###lsm 2598 2634
###lsm 2599 2598
###lsm 2599 2634
###lsm 2599 2635
###lsm 2600 2599
###lsm 2600 2635
###lsm 2600 2636
###lsm 2601 2600
###lsm 2601 2636
###lsm 2601 2637
###lsm 2602 2601
###lsm 2602 2637
###lsm 2602 2638
###lsm 2603 2602
###lsm 2603 2638
###lsm 2603 2639
###lsm 2604 2603
###lsm 2604 2639
###lsm 2604 2640
###lsm 2605 2604
###lsm 2605 2640
###lsm 2605 2641
###lsm 2606 2605
###lsm 2606 2641
###lsm 2606 2642
###lsm 2607 2606
###lsm 2607 2642
###lsm 2607 2643
###lsm 2608 2607
###lsm 2608 2643
###lsm 2608 2644
###lsm 2609 2608
###lsm 2609 2644
###lsm 2609 2645
###lsm 2610 2609
###lsm 2610 2645
###lsm 2610 2646
###lsm 2611 2610
###lsm 2611 2646
###lsm 2611 2647
###lsm 2612 2611
###lsm 2612 2647
###lsm 2612 2648
###lsm 2613 2612
###lsm 2613 2648
###lsm 2613 2649
###lsm 2614 2613
###lsm 2614 2649
###lsm 2614 2650
###lsm 2615 2614
###lsm 2615 2650
###lsm 2615 2651
###lsm 2616 2615
###lsm 2616 2651
###lsm 2616 2652
###lsm 2617 2616
###lsm 2617 2652
###lsm 2617 2653
###lsm 2618 2617
###lsm 2618 2653
###lsm 2618 2654
###lsm 2619 2618
###lsm 2619 2654
###lsm 2619 2655
###lsm 2620 2619
###lsm 2620 2655
###lsm 2620 2656
###lsm 2621 2620
###lsm 2621 2656
###lsm 2621 2657
###lsm 2622 2621
###lsm 2622 2657
###lsm 2622 2658
###lsm 2623 2622
###lsm 2623 2658
###lsm 2623 2659
###lsm 2624 2623
###lsm 2624 2659
###lsm 2624 2660
###lsm 2625 2624
###lsm 2625 2660
###lsm 2625 2661
###lsm 2626 2625
###lsm 2626 2661
###lsm 2626 2662
###lsm 2627 2626
###lsm 2627 2662
###lsm 2627 2663
###lsm 2628 2627
###lsm 2628 2663
###lsm 2628 2664
###lsm 2629 2628
###lsm 2629 2664
###lsm 2629 2665
###lsm 2594 2629
###lsm 2594 2665
###lsm 2630 2594
###lsm 2631 2630
###lsm 2631 2666
###lsm 2631 2667
###lsm 2632 2631
###lsm 2632 2667
###lsm 2632 2668
###lsm 2633 2632
###lsm 2633 2668
###lsm 2633 2669
###lsm 2634 2633
###lsm 2634 2669
###lsm 2634 2670
###lsm 2635 2634
###lsm 2635 2670
###lsm 2635 2671
###lsm 2636 2635
###lsm 2636 2671
###lsm 2636 2672
###lsm 2637 2636
###lsm 2637 2672
###lsm 2637 2673
###lsm 2638 2637
###lsm 2638 2673
###lsm 2638 2674
###lsm 2639 2638
###lsm 2639 2674
###lsm 2639 2675
###lsm 2640 2639
###lsm 2640 2675
###lsm 2640 2676
###lsm 2641 2640
###lsm 2641 2676
###lsm 2641 2677
###lsm 2642 2641
###lsm 2642 2677
###lsm 2642 2678
###lsm 2643 2642
###lsm 2643 2678
###lsm 2643 2679
###lsm 2644 2643
###lsm 2644 2679
###lsm 2644 2680
###lsm 2645 2644
###lsm 2645 2680
###lsm 2645 2681
###lsm 2646 2645
###lsm 2646 2681
###lsm 2646 2682
###lsm 2647 2646
###lsm 2647 2682
###lsm 2647 2683
###lsm 2648 2647
###lsm 2648 2683
###lsm 2648 2684
###lsm 2649 2648
###lsm 2649 2684
###lsm 2649 2685
###lsm 2650 2649
###lsm 2650 2685
###lsm 2650 2686
###lsm 2651 2650
###lsm 2651 2686
###lsm 2651 2687
###lsm 2652 2651
###lsm 2652 2687
###lsm 2652 2688
###lsm 2653 2652
###lsm 2653 2688
###lsm 2653 2689
###lsm 2654 2653
###lsm 2654 2689
###lsm 2654 2690
###lsm 2655 2654
###lsm 2655 2690
###lsm 2655 2691
###lsm 2656 2655
###lsm 2656 2691
###lsm 2656 2692
###lsm 2657 2656
###lsm 2657 2692
###lsm 2657 2693
###lsm 2658 2657
###lsm 2658 2693
###lsm 2658 2694
###lsm 2659 2658
###lsm 2659 2694
###lsm 2659 2695
###lsm 2660 2659
###lsm 2660 2695
###lsm 2660 2696
###lsm 2661 2660
###lsm 2661 2696
###lsm 2661 2697
###lsm 2662 2661
###lsm 2662 2697
###lsm 2662 2698
###lsm 2663 2662
###lsm 2663 2698
###lsm 2663 2699
###lsm 2664 2663
###lsm 2664 2699
###lsm 2664 2700
###lsm 2665 2664
###lsm 2665 2700
###lsm 2665 2701
###lsm 2630 2665
###lsm 2630 2701
###lsm 2666 2630
###lsm 2667 2666
###lsm 2667 2702
###lsm 2667 2703
###lsm 2668 2667
###lsm 2668 2703
###lsm 2668 2704
###lsm 2669 2668
###lsm 2669 2704
###lsm 2669 2705
###lsm 2670 2669
###lsm 2670 2705
###lsm 2670 2706
###lsm 2671 2670
###lsm 2671 2706
###lsm 2671 2707
###lsm 2672 2671
###lsm 2672 2707
###lsm 2672 2708
###lsm 2673 2672
###lsm 2673 2708
###lsm 2673 2709
###lsm 2674 2673
###lsm 2674 2709
###lsm 2674 2710
###lsm 2675 2674
###lsm 2675 2710
###lsm 2675 2711
###lsm 2676 2675
###lsm 2676 2711
###lsm 2676 2712
###lsm 2677 2676
###lsm 2677 2712
###lsm 2677 2713
###lsm 2678 2677
###lsm 2678 2713
###lsm 2678 2714
###lsm 2679 2678
###lsm 2679 2714
###lsm 2679 2715
###lsm 2680 2679
###lsm 2680 2715
###lsm 2680 2716
###lsm 2681 2680
###lsm 2681 2716
###lsm 2681 2717
###lsm 2682 2681
###lsm 2682 2717
###lsm 2682 2718
###lsm 2683 2682
###lsm 2683 2718
###lsm 2683 2719
###lsm 2684 2683
###lsm 2684 2719
###lsm 2684 2720
###lsm 2685 2684
###lsm 2685 2720
###lsm 2685 2721
###lsm 2686 2685
###lsm 2686 2721
###lsm 2686 2722
###lsm 2687 2686
###lsm 2687 2722
###lsm 2687 2723
###lsm 2688 2687
###lsm 2688 2723
###lsm 2688 2724
###lsm 2689 2688
###lsm 2689 2724
###lsm 2689 2725
###lsm 2690 2689
###lsm 2690 2725
###lsm 2690 2726
###lsm 2691 2690
###lsm 2691 2726
###lsm 2691 2727
###lsm 2692 2691
###lsm 2692 2727
###lsm 2692 2728
###lsm 2693 2692
###lsm 2693 2728
###lsm 2693 2729
###lsm 2694 2693
###lsm 2694 2729
###lsm 2694 2730
###lsm 2695 2694
###lsm 2695 2730
###lsm 2695 2731
###lsm 2696 2695
###lsm 2696 2731
###lsm 2696 2732
###lsm 2697 2696
###lsm 2697 2732
###lsm 2697 2733
###lsm 2698 2697
###lsm 2698 2733
###lsm 2698 2734
###lsm 2699 2698
###lsm 2699 2734
###lsm 2699 2735
###lsm 2700 2699
###lsm 2700 2735
###lsm 2700 2736
###lsm 2701 2700
###lsm 2701 2736
###lsm 2701 2737
###lsm 2666 2701
###lsm 2666 2737
###lsm 2702 2666
###lsm 2703 2702
###lsm 2703 2738
###lsm 2703 2739
###lsm 2704 2703
###lsm 2704 2739
###lsm 2704 2740
###lsm 2705 2704
###lsm 2705 2740
###lsm 2705 2741
###lsm 2706 2705
###lsm 2706 2741
###lsm 2706 2742
###lsm 2707 2706
###lsm 2707 2742
###lsm 2707 2743
###lsm 2708 2707
###lsm 2708 2743
###lsm 2708 2744
###lsm 2709 2708
###lsm 2709 2744
###lsm 2709 2745
###lsm 2710 2709
###lsm 2710 2745
###lsm 2710 2746
###lsm 2711 2710
###lsm 2711 2746
###lsm 2711 2747
###lsm 2712 2711
###lsm 2712 2747
###lsm 2712 2748
###lsm 2713 2712
###lsm 2713 2748
###lsm 2713 2749
###lsm 2714 2713
###lsm 2714 2749
###lsm 2714 2750
###lsm 2715 2714
###lsm 2715 2750
###lsm 2715 2751
###lsm 2716 2715
###lsm 2716 2751
###lsm 2716 2752
###lsm 2717 2716
###lsm 2717 2752
###lsm 2717 2753
###lsm 2718 2717
###lsm 2718 2753
###lsm 2718 2754
###lsm 2719 2718
###lsm 2719 2754
###lsm 2719 2755
###lsm 2720 2719
###lsm 2720 2755
###lsm 2720 2756
###lsm 2721 2720
###lsm 2721 2756
###lsm 2721 2757
###lsm 2722 2721
###lsm 2722 2757
###lsm 2722 2758
###lsm 2723 2722
###lsm 2723 2758
###lsm 2723 2759
###lsm 2724 2723
###lsm 2724 2759
###lsm 2724 2760
###lsm 2725 2724
###lsm 2725 2760
###lsm 2725 2761
###lsm 2726 2725
###lsm 2726 2761
###lsm 2726 2762
###lsm 2727 2726
###lsm 2727 2762
###lsm 2727 2763
###lsm 2728 2727
###lsm 2728 2763
###lsm 2728 2764
###lsm 2729 2728
###lsm 2729 2764
###lsm 2729 2765
###lsm 2730 2729
###lsm 2730 2765
###lsm 2730 2766
###lsm 2731 2730
###lsm 2731 2766
###lsm 2731 2767
###lsm 2732 2731
###lsm 2732 2767
###lsm 2732 2768
###lsm 2733 2732
###lsm 2733 2768
###lsm 2733 2769
###lsm 2734 2733
###lsm 2734 2769
###lsm 2734 2770
###lsm 2735 2734
###lsm 2735 2770
###lsm 2735 2771
###lsm 2736 2735
###lsm 2736 2771
###lsm 2736 2772
###lsm 2737 2736
###lsm 2737 2772
###lsm 2737 2773
###lsm 2702 2737
###lsm 2702 2773
###lsm 2738 2702
###lsm 2739 2738
###lsm 2739 2774
###lsm 2739 2775
###lsm 2740 2739
###lsm 2740 2775
###lsm 2740 2776
###lsm 2741 2740
###lsm 2741 2776
###lsm 2741 2777
###lsm 2742 2741
###lsm 2742 2777
###lsm 2742 2778
###lsm 2743 2742
###lsm 2743 2778
###lsm 2743 2779
###lsm 2744 2743
###lsm 2744 2779
###lsm 2744 2780
###lsm 2745 2744
###lsm 2745 2780
###lsm 2745 2781
###lsm 2746 2745
###lsm 2746 2781
###lsm 2746 2782
###lsm 2747 2746
###lsm 2747 2782
###lsm 2747 2783
###lsm 2748 2747
###lsm 2748 2783
###lsm 2748 2784
###lsm 2749 2748
###lsm 2749 2784
###lsm 2749 2785
###lsm 2750 2749
###lsm 2750 2785
###lsm 2750 2786
###lsm 2751 2750
###lsm 2751 2786
###lsm 2751 2787
###lsm 2752 2751
###lsm 2752 2787
###lsm 2752 2788
###lsm 2753 2752
###lsm 2753 2788
###lsm 2753 2789
###lsm 2754 2753
###lsm 2754 2789
###lsm 2754 2790
###lsm 2755 2754
###lsm 2755 2790
###lsm 2755 2791
###lsm 2756 2755
###lsm 2756 2791
###lsm 2756 2792
###lsm 2757 2756
###lsm 2757 2792
###lsm 2757 2793
###lsm 2758 2757
###lsm 2758 2793
###lsm 2758 2794
###lsm 2759 2758
###lsm 2759 2794
###lsm 2759 2795
###lsm 2760 2759
###lsm 2760 2795
###lsm 2760 2796
###lsm 2761 2760
###lsm 2761 2796
###lsm 2761 2797
###lsm 2762 2761
###lsm 2762 2797
###lsm 2762 2798
###lsm 2763 2762
###lsm 2763 2798
###lsm 2763 2799
###lsm 2764 2763
###lsm 2764 2799
###lsm 2764 2800
###lsm 2765 2764
###lsm 2765 2800
###lsm 2765 2801
###lsm 2766 2765
###lsm 2766 2801
###lsm 2766 2802
###lsm 2767 2766
###lsm 2767 2802
###lsm 2767 2803
###lsm 2768 2767
###lsm 2768 2803
###lsm 2768 2804
###lsm 2769 2768
###lsm 2769 2804
###lsm 2769 2805
###lsm 2770 2769
###lsm 2770 2805
###lsm 2770 2806
###lsm 2771 2770
###lsm 2771 2806
###lsm 2771 2807
###lsm 2772 2771
###lsm 2772 2807
###lsm 2772 2808
###lsm 2773 2772
###lsm 2773 2808
###lsm 2773 2809
###lsm 2738 2773
###lsm 2738 2809
###lsm 2774 2738
###lsm 2775 2774
###lsm 2775 2810
###lsm 2775 2811
###lsm 2776 2775
###lsm 2776 2811
###lsm 2776 2812
###lsm 2777 2776
###lsm 2777 2812
###lsm 2777 2813
###lsm 2778 2777
###lsm 2778 2813
###lsm 2778 2814
###lsm 2779 2778
###lsm 2779 2814
###lsm 2779 2815
###lsm 2780 2779
###lsm 2780 2815
###lsm 2780 2816
###lsm 2781 2780
###lsm 2781 2816
###lsm 2781 2817
###lsm 2782 2781
###lsm 2782 2817
###lsm 2782 2818
###lsm 2783 2782
###lsm 2783 2818
###lsm 2783 2819
###lsm 2784 2783
###lsm 2784 2819
###lsm 2784 2820
###lsm 2785 2784
###lsm 2785 2820
###lsm 2785 2821
###lsm 2786 2785
###lsm 2786 2821
###lsm 2786 2822
###lsm 2787 2786
###lsm 2787 2822
###lsm 2787 2823
###lsm 2788 2787
###lsm 2788 2823
###lsm 2788 2824
###lsm 2789 2788
###lsm 2789 2824
###lsm 2789 2825
###lsm 2790 2789
###lsm 2790 2825
###lsm 2790 2826
###lsm 2791 2790
###lsm 2791 2826
###lsm 2791 2827
###lsm 2792 2791
###lsm 2792 2827
###lsm 2792 2828
###lsm 2793 2792
###lsm 2793 2828
###lsm 2793 2829
###lsm 2794 2793
###lsm 2794 2829
###lsm 2794 2830
###lsm 2795 2794
###lsm 2795 2830
###lsm 2795 2831
###lsm 2796 2795
###lsm 2796 2831
###lsm 2796 2832
###lsm 2797 2796
###lsm 2797 2832
###lsm 2797 2833
###lsm 2798 2797
###lsm 2798 2833
###lsm 2798 2834
###lsm 2799 2798
###lsm 2799 2834
###lsm 2799 2835
###lsm 2800 2799
###lsm 2800 2835
###lsm 2800 2836
###lsm 2801 2800
###lsm 2801 2836
###lsm 2801 2837
###lsm 2802 2801
###lsm 2802 2837
###lsm 2802 2838
###lsm 2803 2802
###lsm 2803 2838
###lsm 2803 2839
###lsm 2804 2803
###lsm 2804 2839
###lsm 2804 2840
###lsm 2805 2804
###lsm 2805 2840
###lsm 2805 2841
###lsm 2806 2805
###lsm 2806 2841
###lsm 2806 2842
###lsm 2807 2806
###lsm 2807 2842
###lsm 2807 2843
###lsm 2808 2807
###lsm 2808 2843
###lsm 2808 2844
###lsm 2809 2808
###lsm 2809 2844
###lsm 2809 2845
###lsm 2774 2809
###lsm 2774 2845
###lsm 2810 2774
###lsm 2811 2810
###lsm 2811 2846
###lsm 2811 2847
###lsm 2812 2811
###lsm 2812 2847
###lsm 2812 2848
###lsm 2813 2812
###lsm 2813 2848
###lsm 2813 2849
###lsm 2814 2813
###lsm 2814 2849
###lsm 2814 2850
###lsm 2815 2814
###lsm 2815 2850
###lsm 2815 2851
###lsm 2816 2815
###lsm 2816 2851
###lsm 2816 2852
###lsm 2817 2816
###lsm 2817 2852
###lsm 2817 2853
###lsm 2818 2817
###lsm 2818 2853
###lsm 2818 2854
###lsm 2819 2818
###lsm 2819 2854
###lsm 2819 2855
###lsm 2820 2819
###lsm 2820 2855
###lsm 2820 2856
###lsm 2821 2820
###lsm 2821 2856
###lsm 2821 2857
###lsm 2822 2821
###lsm 2822 2857
###lsm 2822 2858
###lsm 2823 2822
###lsm 2823 2858
###lsm 2823 2859
###lsm 2824 2823
###lsm 2824 2859
###lsm 2824 2860
###lsm 2825 2824
###lsm 2825 2860
###lsm 2825 2861
###lsm 2826 2825
###lsm 2826 2861
###lsm 2826 2862
###lsm 2827 2826
###lsm 2827 2862
###lsm 2827 2863
###lsm 2828 2827
###lsm 2828 2863
###lsm 2828 2864
###lsm 2829 2828
###lsm 2829 2864
###lsm 2829 2865
###lsm 2830 2829
###lsm 2830 2865
###lsm 2830 2866
###lsm 2831 2830
###lsm 2831 2866
###lsm 2831 2867
###lsm 2832 2831
###lsm 2832 2867
###lsm 2832 2868
###lsm 2833 2832
###lsm 2833 2868
###lsm 2833 2869
###lsm 2834 2833
###lsm 2834 2869
###lsm 2834 2870
###lsm 2835 2834
###lsm 2835 2870
###lsm 2835 2871
###lsm 2836 2835
###lsm 2836 2871
###lsm 2836 2872
###lsm 2837 2836
###lsm 2837 2872
###lsm 2837 2873
###lsm 2838 2837
###lsm 2838 2873
###lsm 2838 2874
###lsm 2839 2838
###lsm 2839 2874
###lsm 2839 2875
###lsm 2840 2839
###lsm 2840 2875
###lsm 2840 2876
###lsm 2841 2840
###lsm 2841 2876
###lsm 2841 2877
###lsm 2842 2841
###lsm 2842 2877
###lsm 2842 2878
###lsm 2843 2842
###lsm 2843 2878
###lsm 2843 2879
###lsm 2844 2843
###lsm 2844 2879
###lsm 2844 2880
###lsm 2845 2844
###lsm 2845 2880
###lsm 2845 2881
###lsm 2810 2845
###lsm 2810 2881
###lsm 2846 2810
###lsm 2847 2846
###lsm 2847 2882
###lsm 2847 2883
###lsm 2848 2847
###lsm 2848 2883
###lsm 2848 2884
###lsm 2849 2848
###lsm 2849 2884
###lsm 2849 2885
###lsm 2850 2849
###lsm 2850 2885
###lsm 2850 2886
###lsm 2851 2850
###lsm 2851 2886
###lsm 2851 2887
###lsm 2852 2851
###lsm 2852 2887
###lsm 2852 2888
###lsm 2853 2852
###lsm 2853 2888
###lsm 2853 2889
###lsm 2854 2853
###lsm 2854 2889
###lsm 2854 2890
###lsm 2855 2854
###lsm 2855 2890
###lsm 2855 2891
###lsm 2856 2855
###lsm 2856 2891
###lsm 2856 2892
###lsm 2857 2856
###lsm 2857 2892
###lsm 2857 2893
###lsm 2858 2857
###lsm 2858 2893
###lsm 2858 2894
###lsm 2859 2858
###lsm 2859 2894
###lsm 2859 2895
###lsm 2860 2859
###lsm 2860 2895
###lsm 2860 2896
###lsm 2861 2860
###lsm 2861 2896
###lsm 2861 2897
###lsm 2862 2861
###lsm 2862 2897
###lsm 2862 2898
###lsm 2863 2862
###lsm 2863 2898
###lsm 2863 2899
###lsm 2864 2863
###lsm 2864 2899
###lsm 2864 2900
###lsm 2865 2864
###lsm 2865 2900
###lsm 2865 2901
###lsm 2866 2865
###lsm 2866 2901
###lsm 2866 2902
###lsm 2867 2866
###lsm 2867 2902
###lsm 2867 2903
###lsm 2868 2867
###lsm 2868 2903
###lsm 2868 2904
###lsm 2869 2868
###lsm 2869 2904
###lsm 2869 2905
###lsm 2870 2869
###lsm 2870 2905
###lsm 2870 2906
###lsm 2871 2870
###lsm 2871 2906
###lsm 2871 2907
###lsm 2872 2871
###lsm 2872 2907
###lsm 2872 2908
###lsm 2873 2872
###lsm 2873 2908
###lsm 2873 2909
###lsm 2874 2873
###lsm 2874 2909
###lsm 2874 2910
###lsm 2875 2874
###lsm 2875 2910
###lsm 2875 2911
###lsm 2876 2875
###lsm 2876 2911
###lsm 2876 2912
###lsm 2877 2876
###lsm 2877 2912
###lsm 2877 2913
###lsm 2878 2877
###lsm 2878 2913
###lsm 2878 2914
###lsm 2879 2878
###lsm 2879 2914
###lsm 2879 2915
###lsm 2880 2879
###lsm 2880 2915
###lsm 2880 2916
###lsm 2881 2880
###lsm 2881 2916
###lsm 2881 2917
###lsm 2846 2881
###lsm 2846 2917
###lsm 2882 2846
###lsm 2883 2882
###lsm 2883 2129
###lsm 2129 2127
###lsm 2883 2127
###lsm 2884 2883
###lsm 2884 2127
###lsm 2127 2197
###lsm 2884 2197
###lsm 2885 2884
###lsm 2885 2197
###lsm 2197 2195
###lsm 2885 2195
###lsm 2886 2885
###lsm 2886 2195
###lsm 2195 2193
###lsm 2886 2193
###lsm 2887 2886
###lsm 2887 2193
###lsm 2193 2191
###lsm 2887 2191
###lsm 2888 2887
###lsm 2888 2191
###lsm 2191 2189
###lsm 2888 2189
###lsm 2889 2888
###lsm 2889 2189
###lsm 2189 2187
###lsm 2889 2187
###lsm 2890 2889
###lsm 2890 2187
###lsm 2187 2185
###lsm 2890 2185
###lsm 2891 2890
###lsm 2891 2185
###lsm 2185 2183
###lsm 2891 2183
###lsm 2892 2891
###lsm 2892 2183
###lsm 2183 2181
###lsm 2892 2181
###lsm 2893 2892
###lsm 2893 2181
###lsm 2181 2179
###lsm 2893 2179
###lsm 2894 2893
###lsm 2894 2179
###lsm 2179 2177
###lsm 2894 2177
###lsm 2895 2894
###lsm 2895 2177
###lsm 2177 2175
###lsm 2895 2175
###lsm 2896 2895
###lsm 2896 2175
###lsm 2175 2173
###lsm 2896 2173
###lsm 2897 2896
###lsm 2897 2173
###lsm 2173 2171
###lsm 2897 2171
###lsm 2898 2897
###lsm 2898 2171
###lsm 2171 2169
###lsm 2898 2169
###lsm 2899 2898
###lsm 2899 2169
###lsm 2169 2167
###lsm 2899 2167
###lsm 2900 2899
###lsm 2900 2167
###lsm 2167 2165
###lsm 2900 2165
###lsm 2901 2900
###lsm 2901 2165
###lsm 2165 2163
###lsm 2901 2163
###lsm 2902 2901
###lsm 2902 2163
###lsm 2163 2161
###lsm 2902 2161
###lsm 2903 2902
###lsm 2903 2161
###lsm 2161 2159
###lsm 2903 2159
###lsm 2904 2903
###lsm 2904 2159
###lsm 2159 2157
###lsm 2904 2157
###lsm 2905 2904
###lsm 2905 2157
###lsm 2157 2155
###lsm 2905 2155
###lsm 2906 2905
###lsm 2906 2155
###lsm 2155 2153
###lsm 2906 2153
###lsm 2907 2906
###lsm 2907 2153
###lsm 2153 2151
###lsm 2907 2151
###lsm 2908 2907
###lsm 2908 2151
###lsm 2151 2149
###lsm 2908 2149
###lsm 2909 2908
###lsm 2909 2149
###lsm 2149 2147
###lsm 2909 2147
###lsm 2910 2909
###lsm 2910 2147
###lsm 2147 2145
###lsm 2910 2145
###lsm 2911 2910
###lsm 2911 2145
###lsm 2145 2143
###lsm 2911 2143
###lsm 2912 2911
###lsm 2912 2143
###lsm 2143 2141
###lsm 2912 2141
###lsm 2913 2912
###lsm 2913 2141
###lsm 2141 2139
###lsm 2913 2139
###lsm 2914 2913
###lsm 2914 2139
###lsm 2139 2137
###lsm 2914 2137
###lsm 2915 2914
###lsm 2915 2137
###lsm 2137 2135
###lsm 2915 2135
###lsm 2916 2915
###lsm 2916 2135
###lsm 2135 2133
###lsm 2916 2133
###lsm 2917 2916
###lsm 2917 2133
###lsm 2133 2131
###lsm 2917 2131
###lsm 2882 2917
###lsm 2882 2131
###lsm 2131 2129
###lsm 2129 2882
###lsm 2920 2919
###lsm 2920 2921
###lsm 2922 2921
###lsm 2922 2923
###lsm 2924 2923
###lsm 2924 2925
###lsm 2926 2925
###lsm 2926 2927
###lsm 2928 2927
###lsm 2928 2929
###lsm 2930 2929
###lsm 2930 2931
###lsm 2932 2931
###lsm 2932 2933
###lsm 2934 2933
###lsm 2934 2935
###lsm 2936 2935
###lsm 2936 2937
###lsm 2938 2937
###lsm 2938 2939
###lsm 2940 2939
###lsm 2940 2941
###lsm 2942 2941
###lsm 2942 2943
###lsm 2944 2943
###lsm 2944 2945
###lsm 2946 2945
###lsm 2946 2947
###lsm 2948 2947
###lsm 2948 2949
###lsm 2950 2949
###lsm 2950 2951
###lsm 2952 2951
###lsm 2952 2953
###lsm 2954 2953
###lsm 2954 2955
###lsm 2956 2955
###lsm 2956 2957
###lsm 2958 2957
###lsm 2958 2959
###lsm 2960 2959
###lsm 2960 2961
###lsm 2962 2961
###lsm 2962 2963
###lsm 2964 2963
###lsm 2964 2965
###lsm 2966 2965
###lsm 2966 2967
###lsm 2968 2967
###lsm 2968 2969
###lsm 2970 2969
###lsm 2970 2971
###lsm 2972 2971
###lsm 2972 2973
###lsm 2974 2973
###lsm 2974 2975
###lsm 2976 2975
###lsm 2976 2977
###lsm 2978 2977
###lsm 2978 2979
###lsm 2980 2979
###lsm 2980 2981
###lsm 2982 2981
###lsm 2982 2983
###lsm 2984 2983
###lsm 2984 2985
###lsm 2986 2985
###lsm 2986 2987
###lsm 2988 2987
###lsm 2988 2989
###lsm 2918 2989
###lsm 2919 2918
###lsm 2992 2991
###lsm 2992 2993
###lsm 2994 2993
###lsm 2994 2995
###lsm 2996 2995
###lsm 2996 2997
###lsm 2998 2997
###lsm 2998 2999
###lsm 3000 2999
###lsm 3000 3001
###lsm 3002 3001
###lsm 3002 3003
###lsm 3004 3003
###lsm 3004 3005
###lsm 3006 3005
###lsm 3006 3007
###lsm 3008 3007
###lsm 3008 3009
###lsm 3010 3009
###lsm 3010 3011
###lsm 3012 3011
###lsm 3012 3013
###lsm 3014 3013
###lsm 3014 3015
###lsm 3016 3015
###lsm 3016 3017
###lsm 3018 3017
###lsm 3018 3019
###lsm 3020 3019
###lsm 3020 3021
###lsm 3022 3021
###lsm 3022 3023
###lsm 3024 3023
###lsm 3024 3025
###lsm 3026 3025
###lsm 3026 3027
###lsm 3028 3027
###lsm 3028 3029
###lsm 3030 3029
###lsm 3030 3031
###lsm 3032 3031
###lsm 3032 3033
###lsm 3034 3033
###lsm 3034 3035
###lsm 3036 3035
###lsm 3036 3037
###lsm 3038 3037
###lsm 3038 3039
###lsm 3040 3039
###lsm 3040 3041
###lsm 3042 3041
###lsm 3042 3043
###lsm 3044 3043
###lsm 3044 3045
###lsm 3046 3045
###lsm 3046 3047
###lsm 3048 3047
###lsm 3048 3049
###lsm 3050 3049
###lsm 3050 3051
###lsm 3052 3051
###lsm 3052 3053
###lsm 3054 3053
###lsm 3054 3055
###lsm 3056 3055
###lsm 3056 3057
###lsm 3058 3057
###lsm 3058 3059
###lsm 3060 3059
###lsm 3060 3061
###lsm 2990 3061
###lsm 2991 2990
###lsm 2923 2921
###lsm 2923 3062
###lsm 2923 3063
###lsm 2925 2923
###lsm 2925 3063
###lsm 2925 3064
###lsm 2927 2925
###lsm 2927 3064
###lsm 2927 3065
###lsm 2929 2927
###lsm 2929 3065
###lsm 2929 3066
###lsm 2931 2929
###lsm 2931 3066
###lsm 2931 3067
###lsm 2933 2931
###lsm 2933 3067
###lsm 2933 3068
###lsm 2935 2933
###lsm 2935 3068
###lsm 2935 3069
###lsm 2937 2935
###lsm 2937 3069
###lsm 2937 3070
###lsm 2939 2937
###lsm 2939 3070
###lsm 2939 3071
###lsm 2941 2939
###lsm 2941 3071
###lsm 2941 3072
###lsm 2943 2941
###lsm 2943 3072
###lsm 2943 3073
###lsm 2945 2943
###lsm 2945 3073
###lsm 2945 3074
###lsm 2947 2945
###lsm 2947 3074
###lsm 2947 3075
###lsm 2949 2947
###lsm 2949 3075
###lsm 2949 3076
###lsm 2951 2949
###lsm 2951 3076
###lsm 2951 3077
###lsm 2953 2951
###lsm 2953 3077
###lsm 2953 3078
###lsm 2955 2953
###lsm 2955 3078
###lsm 2955 3079
###lsm 2957 2955
###lsm 2957 3079
###lsm 2957 3080
###lsm 2959 2957
###lsm 2959 3080
###lsm 2959 3081
###lsm 2961 2959
###lsm 2961 3081
###lsm 2961 3082
###lsm 2963 2961
###lsm 2963 3082
###lsm 2963 3083
###lsm 2965 2963
###lsm 2965 3083
###lsm 2965 3084
###lsm 2967 2965
###lsm 2967 3084
###lsm 2967 3085
###lsm 2969 2967
###lsm 2969 3085
###lsm 2969 3086
###lsm 2971 2969
###lsm 2971 3086
###lsm 2971 3087
###lsm 2973 2971
###lsm 2973 3087
###lsm 2973 3088
###lsm 2975 2973
###lsm 2975 3088
###lsm 2975 3089
###lsm 2977 2975
###lsm 2977 3089
###lsm 2977 3090
###lsm 2979 2977
###lsm 2979 3090
###lsm 2979 3091
###lsm 2981 2979
###lsm 2981 3091
###lsm 2981 3092
###lsm 2983 2981
###lsm 2983 3092
###lsm 2983 3093
###lsm 2985 2983
###lsm 2985 3093
###lsm 2985 3094
###lsm 2987 2985
###lsm 2987 3094
###lsm 2987 3095
###lsm 2989 2987
###lsm 2989 3095
###lsm 2989 3096
###lsm 2919 2989
###lsm 2919 3096
###lsm 2919 3097
###lsm 2921 2919
###lsm 2921 3097
###lsm 3062 2921
###lsm 3063 3062
###lsm 3063 3098
###lsm 3063 3099
###lsm 3064 3063
###lsm 3064 3099
###lsm 3064 3100
###lsm 3065 3064
###lsm 3065 3100
###lsm 3065 3101
###lsm 3066 3065
###lsm 3066 3101
###lsm 3066 3102
###lsm 3067 3066
###lsm 3067 3102
###lsm 3067 3103
###lsm 3068 3067
###lsm 3068 3103
###lsm 3068 3104
###lsm 3069 3068
###lsm 3069 3104
###lsm 3069 3105
###lsm 3070 3069
###lsm 3070 3105
###lsm 3070 3106
###lsm 3071 3070
###lsm 3071 3106
###lsm 3071 3107
###lsm 3072 3071
###lsm 3072 3107
###lsm 3072 3108
###lsm 3073 3072
###lsm 3073 3108
###lsm 3073 3109
###lsm 3074 3073
###lsm 3074 3109
###lsm 3074 3110
###lsm 3075 3074
###lsm 3075 3110
###lsm 3075 3111
###lsm 3076 3075
###lsm 3076 3111
###lsm 3076 3112
###lsm 3077 3076
###lsm 3077 3112
###lsm 3077 3113
###lsm 3078 3077
###lsm 3078 3113
###lsm 3078 3114
###lsm 3079 3078
###lsm 3079 3114
###lsm 3079 3115
###lsm 3080 3079
###lsm 3080 3115
###lsm 3080 3116
###lsm 3081 3080
###lsm 3081 3116
###lsm 3081 3117
###lsm 3082 3081
###lsm 3082 3117
###lsm 3082 3118
###lsm 3083 3082
###lsm 3083 3118
###lsm 3083 3119
###lsm 3084 3083
###lsm 3084 3119
###lsm 3084 3120
###lsm 3085 3084
###lsm 3085 3120
###lsm 3085 3121
###lsm 3086 3085
###lsm 3086 3121
###lsm 3086 3122
###lsm 3087 3086
###lsm 3087 3122
###lsm 3087 3123
###lsm 3088 3087
###lsm 3088 3123
###lsm 3088 3124
###lsm 3089 3088
###lsm 3089 3124
###lsm 3089 3125
###lsm 3090 3089
###lsm 3090 3125
###lsm 3090 3126
###lsm 3091 3090
###lsm 3091 3126
###lsm 3091 3127
###lsm 3092 3091
###lsm 3092 3127
###lsm 3092 3128
###lsm 3093 3092
###lsm 3093 3128
###lsm 3093 3129
###lsm 3094 3093
###lsm 3094 3129
###lsm 3094 3130
###lsm 3095 3094
###lsm 3095 3130
###lsm 3095 3131
###lsm 3096 3095
###lsm 3096 3131
###lsm 3096 3132
###lsm 3097 3096
###lsm 3097 3132
###lsm 3097 3133
###lsm 3062 3097
###lsm 3062 3133
###lsm 3098 3062
###lsm 3099 3098
###lsm 3099 3134
###lsm 3099 3135
###lsm 3100 3099
###lsm 3100 3135
###lsm 3100 3136
###lsm 3101 3100
###lsm 3101 3136
###lsm 3101 3137
###lsm 3102 3101
###lsm 3102 3137
###lsm 3102 3138
###lsm 3103 3102
###lsm 3103 3138
###lsm 3103 3139
###lsm 3104 3103
###lsm 3104 3139
###lsm 3104 3140
###lsm 3105 3104
###lsm 3105 3140
###lsm 3105 3141
###lsm 3106 3105
###lsm 3106 3141
###lsm 3106 3142
###lsm 3107 3106
###lsm 3107 3142
###lsm 3107 3143
###lsm 3108 3107
###lsm 3108 3143
###lsm 3108 3144
###lsm 3109 3108
###lsm 3109 3144
###lsm 3109 3145
###lsm 3110 3109
###lsm 3110 3145
###lsm 3110 3146
###lsm 3111 3110
###lsm 3111 3146
###lsm 3111 3147
###lsm 3112 3111
###lsm 3112 3147
###lsm 3112 3148
###lsm 3113 3112
###lsm 3113 3148
###lsm 3113 3149
###lsm 3114 3113
###lsm 3114 3149
###lsm 3114 3150
###lsm 3115 3114
###lsm 3115 3150
###lsm 3115 3151
###lsm 3116 3115
###lsm 3116 3151
###lsm 3116 3152
###lsm 3117 3116
###lsm 3117 3152
###lsm 3117 3153
###lsm 3118 3117
###lsm 3118 3153
###lsm 3118 3154
###lsm 3119 3118
###lsm 3119 3154
###lsm 3119 3155
###lsm 3120 3119
###lsm 3120 3155
###lsm 3120 3156
###lsm 3121 3120
###lsm 3121 3156
###lsm 3121 3157
###lsm 3122 3121
###lsm 3122 3157
###lsm 3122 3158
###lsm 3123 3122
###lsm 3123 3158
###lsm 3123 3159
###lsm 3124 3123
###lsm 3124 3159
###lsm 3124 3160
###lsm 3125 3124
###lsm 3125 3160
###lsm 3125 3161
###lsm 3126 3125
###lsm 3126 3161
###lsm 3126 3162
###lsm 3127 3126
###lsm 3127 3162
###lsm 3127 3163
###lsm 3128 3127
###lsm 3128 3163
###lsm 3128 3164
###lsm 3129 3128
###lsm 3129 3164
###lsm 3129 3165
###lsm 3130 3129
###lsm 3130 3165
###lsm 3130 3166
###lsm 3131 3130
###lsm 3131 3166
###lsm 3131 3167
###lsm 3132 3131
###lsm 3132 3167
###lsm 3132 3168
###lsm 3133 3132
###lsm 3133 3168
###lsm 3133 3169
###lsm 3098 3133
###lsm 3098 3169
###lsm 3134 3098
###lsm 3135 3134
###lsm 3135 3170
###lsm 3135 3171
###lsm 3136 3135
###lsm 3136 3171
###lsm 3136 3172
###lsm 3137 3136
###lsm 3137 3172
###lsm 3137 3173
###lsm 3138 3137
###lsm 3138 3173
###lsm 3138 3174
###lsm 3139 3138
###lsm 3139 3174
###lsm 3139 3175
###lsm 3140 3139
###lsm 3140 3175
###lsm 3140 3176
###lsm 3141 3140
###lsm 3141 3176
###lsm 3141 3177
###lsm 3142 3141
###lsm 3142 3177
###lsm 3142 3178
###lsm 3143 3142
###lsm 3143 3178
###lsm 3143 3179
###lsm 3144 3143
###lsm 3144 3179
###lsm 3144 3180
###lsm 3145 3144
###lsm 3145 3180
###lsm 3145 3181
###lsm 3146 3145
###lsm 3146 3181
###lsm 3146 3182
###lsm 3147 3146
###lsm 3147 3182
###lsm 3147 3183
###lsm 3148 3147
###lsm 3148 3183
###lsm 3148 3184
###lsm 3149 3148
###lsm 3149 3184
###lsm 3149 3185
###lsm 3150 3149
###lsm 3150 3185
###lsm 3150 3186
###lsm 3151 3150
###lsm 3151 3186
###lsm 3151 3187
###lsm 3152 3151
###lsm 3152 3187
###lsm 3152 3188
###lsm 3153 3152
###lsm 3153 3188
###lsm 3153 3189
###lsm 3154 3153
###lsm 3154 3189
###lsm 3154 3190
###lsm 3155 3154
###lsm 3155 3190
###lsm 3155 3191
###lsm 3156 3155
###lsm 3156 3191
###lsm 3156 3192
###lsm 3157 3156
###lsm 3157 3192
###lsm 3157 3193
###lsm 3158 3157
###lsm 3158 3193
###lsm 3158 3194
###lsm 3159 3158
###lsm 3159 3194
###lsm 3159 3195
###lsm 3160 3159
###lsm 3160 3195
###lsm 3160 3196
###lsm 3161 3160
###lsm 3161 3196
###lsm 3161 3197
###lsm 3162 3161
###lsm 3162 3197
###lsm 3162 3198
###lsm 3163 3162
###lsm 3163 3198
###lsm 3163 3199
###lsm 3164 3163
###lsm 3164 3199
###lsm 3164 3200
###lsm 3165 3164
###lsm 3165 3200
###lsm 3165 3201
###lsm 3166 3165
###lsm 3166 3201
###lsm 3166 3202
###lsm 3167 3166
###lsm 3167 3202
###lsm 3167 3203
###lsm 3168 3167
###lsm 3168 3203
###lsm 3168 3204
###lsm 3169 3168
###lsm 3169 3204
###lsm 3169 3205
###lsm 3134 3169
###lsm 3134 3205
###lsm 3170 3134
###lsm 3171 3170
###lsm 3171 3206
###lsm 3171 3207
###lsm 3172 3171
###lsm 3172 3207
###lsm 3172 3208
###lsm 3173 3172
###lsm 3173 3208
###lsm 3173 3209
###lsm 3174 3173
###lsm 3174 3209
###lsm 3174 3210
###lsm 3175 3174
###lsm 3175 3210
###lsm 3175 3211
###lsm 3176 3175
###lsm 3176 3211
###lsm 3176 3212
###lsm 3177 3176
###lsm 3177 3212
###lsm 3177 3213
###lsm 3178 3177
###lsm 3178 3213
###lsm 3178 3214
###lsm 3179 3178
###lsm 3179 3214
###lsm 3179 3215
###lsm 3180 3179
###lsm 3180 3215
###lsm 3180 3216
###lsm 3181 3180
###lsm 3181 3216
###lsm 3181 3217
###lsm 3182 3181
###lsm 3182 3217
###lsm 3182 3218
###lsm 3183 3182
###lsm 3183 3218
###lsm 3183 3219
###lsm 3184 3183
###lsm 3184 3219
###lsm 3184 3220
###lsm 3185 3184
###lsm 3185 3220
###lsm 3185 3221
###lsm 3186 3185
###lsm 3186 3221
###lsm 3186 3222
###lsm 3187 3186
###lsm 3187 3222
###lsm 3187 3223
###lsm 3188 3187
###lsm 3188 3223
###lsm 3188 3224
###lsm 3189 3188
###lsm 3189 3224
###lsm 3189 3225
###lsm 3190 3189
###lsm 3190 3225
###lsm 3190 3226
###lsm 3191 3190
###lsm 3191 3226
###lsm 3191 3227
###lsm 3192 3191
###lsm 3192 3227
###lsm 3192 3228
###lsm 3193 3192
###lsm 3193 3228
###lsm 3193 3229
###lsm 3194 3193
###lsm 3194 3229
###lsm 3194 3230
###lsm 3195 3194
###lsm 3195 3230
###lsm 3195 3231
###lsm 3196 3195
###lsm 3196 3231
###lsm 3196 3232
###lsm 3197 3196
###lsm 3197 3232
###lsm 3197 3233
###lsm 3198 3197
###lsm 3198 3233
###lsm 3198 3234
###lsm 3199 3198
###lsm 3199 3234
###lsm 3199 3235
###lsm 3200 3199
###lsm 3200 3235
###lsm 3200 3236
###lsm 3201 3200
###lsm 3201 3236
###lsm 3201 3237
###lsm 3202 3201
###lsm 3202 3237
###lsm 3202 3238
###lsm 3203 3202
###lsm 3203 3238
###lsm 3203 3239
###lsm 3204 3203
###lsm 3204 3239
###lsm 3204 3240
###lsm 3205 3204
###lsm 3205 3240
###lsm 3205 3241
###lsm 3170 3205
###lsm 3170 3241
###lsm 3206 3170
###lsm 3207 3206
###lsm 3207 3242
###lsm 3207 3243
###lsm 3208 3207
###lsm 3208 3243
###lsm 3208 3244
###lsm 3209 3208
###lsm 3209 3244
###lsm 3209 3245
###lsm 3210 3209
###lsm 3210 3245
###lsm 3210 3246
###lsm 3211 3210
###lsm 3211 3246
###lsm 3211 3247
###lsm 3212 3211
###lsm 3212 3247
###lsm 3212 3248
###lsm 3213 3212
###lsm 3213 3248
###lsm 3213 3249
###lsm 3214 3213
###lsm 3214 3249
###lsm 3214 3250
###lsm 3215 3214
###lsm 3215 3250
###lsm 3215 3251
###lsm 3216 3215
###lsm 3216 3251
###lsm 3216 3252
###lsm 3217 3216
###lsm 3217 3252
###lsm 3217 3253
###lsm 3218 3217
###lsm 3218 3253
###lsm 3218 3254
###lsm 3219 3218
###lsm 3219 3254
###lsm 3219 3255
###lsm 3220 3219
###lsm 3220 3255
###lsm 3220 3256
###lsm 3221 3220
###lsm 3221 3256
###lsm 3221 3257
###lsm 3222 3221
###lsm 3222 3257
###lsm 3222 3258
###lsm 3223 3222
###lsm 3223 3258
###lsm 3223 3259
###lsm 3224 3223
###lsm 3224 3259
###lsm 3224 3260
###lsm 3225 3224
###lsm 3225 3260
###lsm 3225 3261
###lsm 3226 3225
###lsm 3226 3261
###lsm 3226 3262
###lsm 3227 3226
###lsm 3227 3262
###lsm 3227 3263
###lsm 3228 3227
###lsm 3228 3263
###lsm 3228 3264
###lsm 3229 3228
###lsm 3229 3264
###lsm 3229 3265
###lsm 3230 3229
###lsm 3230 3265
###lsm 3230 3266
###lsm 3231 3230
###lsm 3231 3266
###lsm 3231 3267
###lsm 3232 3231
###lsm 3232 3267
###lsm 3232 3268
###lsm 3233 3232
###lsm 3233 3268
###lsm 3233 3269
###lsm 3234 3233
###lsm 3234 3269
###lsm 3234 3270
###lsm 3235 3234
###lsm 3235 3270
###lsm 3235 3271
###lsm 3236 3235
###lsm 3236 3271
###lsm 3236 3272
###lsm 3237 3236
###lsm 3237 3272
###lsm 3237 3273
###lsm 3238 3237
###lsm 3238 3273
###lsm 3238 3274
###lsm 3239 3238
###lsm 3239 3274
###lsm 3239 3275
###lsm 3240 3239
###lsm 3240 3275
###lsm 3240 3276
###lsm 3241 3240
###lsm 3241 3276
###lsm 3241 3277
###lsm 3206 3241
###lsm 3206 3277
###lsm 3242 3206
###lsm 3243 3242
###lsm 3243 3278
###lsm 3243 3279
###lsm 3244 3243
###lsm 3244 3279
###lsm 3244 3280
###lsm 3245 3244
###lsm 3245 3280
###lsm 3245 3281
###lsm 3246 3245
###lsm 3246 3281
###lsm 3246 3282
###lsm 3247 3246
###lsm 3247 3282
###lsm 3247 3283
###lsm 3248 3247
###lsm 3248 3283
###lsm 3248 3284
###lsm 3249 3248
###lsm 3249 3284
###lsm 3249 3285
###lsm 3250 3249
###lsm 3250 3285
###lsm 3250 3286
###lsm 3251 3250
###lsm 3251 3286
###lsm 3251 3287
###lsm 3252 3251
###lsm 3252 3287
###lsm 3252 3288
###lsm 3253 3252
###lsm 3253 3288
###lsm 3253 3289
###lsm 3254 3253
###lsm 3254 3289
###lsm 3254 3290
###lsm 3255 3254
###lsm 3255 3290
###lsm 3255 3291
###lsm 3256 3255
###lsm 3256 3291
###lsm 3256 3292
###lsm 3257 3256
###lsm 3257 3292
###lsm 3257 3293
###lsm 3258 3257
###lsm 3258 3293
###lsm 3258 3294
###lsm 3259 3258
###lsm 3259 3294
###lsm 3259 3295
###lsm 3260 3259
###lsm 3260 3295
###lsm 3260 3296
###lsm 3261 3260
###lsm 3261 3296
###lsm 3261 3297
###lsm 3262 3261
###lsm 3262 3297
###lsm 3262 3298
###lsm 3263 3262
###lsm 3263 3298
###lsm 3263 3299
###lsm 3264 3263
###lsm 3264 3299
###lsm 3264 3300
###lsm 3265 3264
###lsm 3265 3300
###lsm 3265 3301
###lsm 3266 3265
###lsm 3266 3301
###lsm 3266 3302
###lsm 3267 3266
###lsm 3267 3302
###lsm 3267 3303
###lsm 3268 3267
###lsm 3268 3303
###lsm 3268 3304
###lsm 3269 3268
###lsm 3269 3304
###lsm 3269 3305
###lsm 3270 3269
###lsm 3270 3305
###lsm 3270 3306
###lsm 3271 3270
###lsm 3271 3306
###lsm 3271 3307
###lsm 3272 3271
###lsm 3272 3307
###lsm 3272 3308
###lsm 3273 3272
###lsm 3273 3308
###lsm 3273 3309
###lsm 3274 3273
###lsm 3274 3309
###lsm 3274 3310
###lsm 3275 3274
###lsm 3275 3310
###lsm 3275 3311
###lsm 3276 3275
###lsm 3276 3311
###lsm 3276 3312
###lsm 3277 3276
###lsm 3277 3312
###lsm 3277 3313
###lsm 3242 3277
###lsm 3242 3313
###lsm 3278 3242
###lsm 3279 3278
###lsm 3279 3314
###lsm 3279 3315
###lsm 3280 3279
###lsm 3280 3315
###lsm 3280 3316
###lsm 3281 3280
###lsm 3281 3316
###lsm 3281 3317
###lsm 3282 3281
###lsm 3282 3317
###lsm 3282 3318
###lsm 3283 3282
###lsm 3283 3318
###lsm 3283 3319
###lsm 3284 3283
###lsm 3284 3319
###lsm 3284 3320
###lsm 3285 3284
###lsm 3285 3320
###lsm 3285 3321
###lsm 3286 3285
###lsm 3286 3321
###lsm 3286 3322
###lsm 3287 3286
###lsm 3287 3322
###lsm 3287 3323
###lsm 3288 3287
###lsm 3288 3323
###lsm 3288 3324
###lsm 3289 3288
###lsm 3289 3324
###lsm 3289 3325
###lsm 3290 3289
###lsm 3290 3325
###lsm 3290 3326
###lsm 3291 3290
###lsm 3291 3326
###lsm 3291 3327
###lsm 3292 3291
###lsm 3292 3327
###lsm 3292 3328
###lsm 3293 3292
###lsm 3293 3328
###lsm 3293 3329
###lsm 3294 3293
###lsm 3294 3329
###lsm 3294 3330
###lsm 3295 3294
###lsm 3295 3330
###lsm 3295 3331
###lsm 3296 3295
###lsm 3296 3331
###lsm 3296 3332
###lsm 3297 3296
###lsm 3297 3332
###lsm 3297 3333
###lsm 3298 3297
###lsm 3298 3333
###lsm 3298 3334
###lsm 3299 3298
###lsm 3299 3334
###lsm 3299 3335
###lsm 3300 3299
###lsm 3300 3335
###lsm 3300 3336
###lsm 3301 3300
###lsm 3301 3336
###lsm 3301 3337
###lsm 3302 3301
###lsm 3302 3337
###lsm 3302 3338
###lsm 3303 3302
###lsm 3303 3338
###lsm 3303 3339
###lsm 3304 3303
###lsm 3304 3339
###lsm 3304 3340
###lsm 3305 3304
###lsm 3305 3340
###lsm 3305 3341
###lsm 3306 3305
###lsm 3306 3341
###lsm 3306 3342
###lsm 3307 3306
###lsm 3307 3342
###lsm 3307 3343
###lsm 3308 3307
###lsm 3308 3343
###lsm 3308 3344
###lsm 3309 3308
###lsm 3309 3344
###lsm 3309 3345
###lsm 3310 3309
###lsm 3310 3345
###lsm 3310 3346
###lsm 3311 3310
###lsm 3311 3346
###lsm 3311 3347
###lsm 3312 3311
###lsm 3312 3347
###lsm 3312 3348
###lsm 3313 3312
###lsm 3313 3348
###lsm 3313 3349
###lsm 3278 3313
###lsm 3278 3349
###lsm 3314 3278
###lsm 3315 3314
###lsm 3315 3350
###lsm 3315 3351
###lsm 3316 3315
###lsm 3316 3351
###lsm 3316 3352
###lsm 3317 3316
###lsm 3317 3352
###lsm 3317 3353
###lsm 3318 3317
###lsm 3318 3353
###lsm 3318 3354
###lsm 3319 3318
###lsm 3319 3354
###lsm 3319 3355
###lsm 3320 3319
###lsm 3320 3355
###lsm 3320 3356
###lsm 3321 3320
###lsm 3321 3356
###lsm 3321 3357
###lsm 3322 3321
###lsm 3322 3357
###lsm 3322 3358
###lsm 3323 3322
###lsm 3323 3358
###lsm 3323 3359
###lsm 3324 3323
###lsm 3324 3359
###lsm 3324 3360
###lsm 3325 3324
###lsm 3325 3360
###lsm 3325 3361
###lsm 3326 3325
###lsm 3326 3361
###lsm 3326 3362
###lsm 3327 3326
###lsm 3327 3362
###lsm 3327 3363
###lsm 3328 3327
###lsm 3328 3363
###lsm 3328 3364
###lsm 3329 3328
###lsm 3329 3364
###lsm 3329 3365
###lsm 3330 3329
###lsm 3330 3365
###lsm 3330 3366
###lsm 3331 3330
###lsm 3331 3366
###lsm 3331 3367
###lsm 3332 3331
###lsm 3332 3367
###lsm 3332 3368
###lsm 3333 3332
###lsm 3333 3368
###lsm 3333 3369
###lsm 3334 3333
###lsm 3334 3369
###lsm 3334 3370
###lsm 3335 3334
###lsm 3335 3370
###lsm 3335 3371
###lsm 3336 3335
###lsm 3336 3371
###lsm 3336 3372
###lsm 3337 3336
###lsm 3337 3372
###lsm 3337 3373
###lsm 3338 3337
###lsm 3338 3373
###lsm 3338 3374
###lsm 3339 3338
###lsm 3339 3374
###lsm 3339 3375
###lsm 3340 3339
###lsm 3340 3375
###lsm 3340 3376
###lsm 3341 3340
###lsm 3341 3376
###lsm 3341 3377
###lsm 3342 3341
###lsm 3342 3377
###lsm 3342 3378
###lsm 3343 3342
###lsm 3343 3378
###lsm 3343 3379
###lsm 3344 3343
###lsm 3344 3379
###lsm 3344 3380
###lsm 3345 3344
###lsm 3345 3380
###lsm 3345 3381
###lsm 3346 3345
###lsm 3346 3381
###lsm 3346 3382
###lsm 3347 3346
###lsm 3347 3382
###lsm 3347 3383
###lsm 3348 3347
###lsm 3348 3383
###lsm 3348 3384
###lsm 3349 3348
###lsm 3349 3384
###lsm 3349 3385
###lsm 3314 3349
###lsm 3314 3385
###lsm 3350 3314
###lsm 3351 3350
###lsm 3351 3386
###lsm 3351 3387
###lsm 3352 3351
###lsm 3352 3387
###lsm 3352 3388
###lsm 3353 3352
###lsm 3353 3388
###lsm 3353 3389
###lsm 3354 3353
###lsm 3354 3389
###lsm 3354 3390
###lsm 3355 3354
###lsm 3355 3390
###lsm 3355 3391
###lsm 3356 3355
###lsm 3356 3391
###lsm 3356 3392
###lsm 3357 3356
###lsm 3357 3392
###lsm 3357 3393
###lsm 3358 3357
###lsm 3358 3393
###lsm 3358 3394
###lsm 3359 3358
###lsm 3359 3394
###lsm 3359 3395
###lsm 3360 3359
###lsm 3360 3395
###lsm 3360 3396
###lsm 3361 3360
###lsm 3361 3396
###lsm 3361 3397
###lsm 3362 3361
###lsm 3362 3397
###lsm 3362 3398
###lsm 3363 3362
###lsm 3363 3398
###lsm 3363 3399
###lsm 3364 3363
###lsm 3364 3399
###lsm 3364 3400
###lsm 3365 3364
###lsm 3365 3400
###lsm 3365 3401
###lsm 3366 3365
###lsm 3366 3401
###lsm 3366 3402
###lsm 3367 3366
###lsm 3367 3402
###lsm 3367 3403
###lsm 3368 3367
###lsm 3368 3403
###lsm 3368 3404
###lsm 3369 3368
###lsm 3369 3404
###lsm 3369 3405
###lsm 3370 3369
###lsm 3370 3405
###lsm 3370 3406
###lsm 3371 3370
###lsm 3371 3406
###lsm 3371 3407
###lsm 3372 3371
###lsm 3372 3407
###lsm 3372 3408
###lsm 3373 3372
###lsm 3373 3408
###lsm 3373 3409
###lsm 3374 3373
###lsm 3374 3409
###lsm 3374 3410
###lsm 3375 3374
###lsm 3375 3410
###lsm 3375 3411
###lsm 3376 3375
###lsm 3376 3411
###lsm 3376 3412
###lsm 3377 3376
###lsm 3377 3412
###lsm 3377 3413
###lsm 3378 3377
###lsm 3378 3413
###lsm 3378 3414
###lsm 3379 3378
###lsm 3379 3414
###lsm 3379 3415
###lsm 3380 3379
###lsm 3380 3415
###lsm 3380 3416
###lsm 3381 3380
###lsm 3381 3416
###lsm 3381 3417
###lsm 3382 3381
###lsm 3382 3417
###lsm 3382 3418
###lsm 3383 3382
###lsm 3383 3418
###lsm 3383 3419
###lsm 3384 3383
###lsm 3384 3419
###lsm 3384 3420
###lsm 3385 3384
###lsm 3385 3420
###lsm 3385 3421
###lsm 3350 3385
###lsm 3350 3421
###lsm 3386 3350
###lsm 3387 3386
###lsm 3387 3422
###lsm 3387 3423
###lsm 3388 3387
###lsm 3388 3423
###lsm 3388 3424
###lsm 3389 3388
###lsm 3389 3424
###lsm 3389 3425
###lsm 3390 3389
###lsm 3390 3425
###lsm 3390 3426
###lsm 3391 3390
###lsm 3391 3426
###lsm 3391 3427
###lsm 3392 3391
###lsm 3392 3427
###lsm 3392 3428
###lsm 3393 3392
###lsm 3393 3428
###lsm 3393 3429
###lsm 3394 3393
###lsm 3394 3429
###lsm 3394 3430
###lsm 3395 3394
###lsm 3395 3430
###lsm 3395 3431
###lsm 3396 3395
###lsm 3396 3431
###lsm 3396 3432
###lsm 3397 3396
###lsm 3397 3432
###lsm 3397 3433
###lsm 3398 3397
###lsm 3398 3433
###lsm 3398 3434
###lsm 3399 3398
###lsm 3399 3434
###lsm 3399 3435
###lsm 3400 3399
###lsm 3400 3435
###lsm 3400 3436
###lsm 3401 3400
###lsm 3401 3436
###lsm 3401 3437
###lsm 3402 3401
###lsm 3402 3437
###lsm 3402 3438
###lsm 3403 3402
###lsm 3403 3438
###lsm 3403 3439
###lsm 3404 3403
###lsm 3404 3439
###lsm 3404 3440
###lsm 3405 3404
###lsm 3405 3440
###lsm 3405 3441
###lsm 3406 3405
###lsm 3406 3441
###lsm 3406 3442
###lsm 3407 3406
###lsm 3407 3442
###lsm 3407 3443
###lsm 3408 3407
###lsm 3408 3443
###lsm 3408 3444
###lsm 3409 3408
###lsm 3409 3444
###lsm 3409 3445
###lsm 3410 3409
###lsm 3410 3445
###lsm 3410 3446
###lsm 3411 3410
###lsm 3411 3446
###lsm 3411 3447
###lsm 3412 3411
###lsm 3412 3447
###lsm 3412 3448
###lsm 3413 3412
###lsm 3413 3448
###lsm 3413 3449
###lsm 3414 3413
###lsm 3414 3449
###lsm 3414 3450
###lsm 3415 3414
###lsm 3415 3450
###lsm 3415 3451
###lsm 3416 3415
###lsm 3416 3451
###lsm 3416 3452
###lsm 3417 3416
###lsm 3417 3452
###lsm 3417 3453
###lsm 3418 3417
###lsm 3418 3453
###lsm 3418 3454
###lsm 3419 3418
###lsm 3419 3454
###lsm 3419 3455
###lsm 3420 3419
###lsm 3420 3455
###lsm 3420 3456
###lsm 3421 3420
###lsm 3421 3456
###lsm 3421 3457
###lsm 3386 3421
###lsm 3386 3457
###lsm 3422 3386
###lsm 3423 3422
###lsm 3423 3458
###lsm 3423 3459
###lsm 3424 3423
###lsm 3424 3459
###lsm 3424 3460
###lsm 3425 3424
###lsm 3425 3460
###lsm 3425 3461
###lsm 3426 3425
###lsm 3426 3461
###lsm 3426 3462
###lsm 3427 3426
###lsm 3427 3462
###lsm 3427 3463
###lsm 3428 3427
###lsm 3428 3463
###lsm 3428 3464
###lsm 3429 3428
###lsm 3429 3464
###lsm 3429 3465
###lsm 3430 3429
###lsm 3430 3465
###lsm 3430 3466
###lsm 3431 3430
###lsm 3431 3466
###lsm 3431 3467
###lsm 3432 3431
###lsm 3432 3467
###lsm 3432 3468
###lsm 3433 3432
###lsm 3433 3468
###lsm 3433 3469
###lsm 3434 3433
###lsm 3434 3469
###lsm 3434 3470
###lsm 3435 3434
###lsm 3435 3470
###lsm 3435 3471
###lsm 3436 3435
###lsm 3436 3471
###lsm 3436 3472
###lsm 3437 3436
###lsm 3437 3472
###lsm 3437 3473
###lsm 3438 3437
###lsm 3438 3473
###lsm 3438 3474
###lsm 3439 3438
###lsm 3439 3474
###lsm 3439 3475
###lsm 3440 3439
###lsm 3440 3475
###lsm 3440 3476
###lsm 3441 3440
###lsm 3441 3476
###lsm 3441 3477
###lsm 3442 3441
###lsm 3442 3477
###lsm 3442 3478
###lsm 3443 3442
###lsm 3443 3478
###lsm 3443 3479
###lsm 3444 3443
###lsm 3444 3479
###lsm 3444 3480
###lsm 3445 3444
###lsm 3445 3480
###lsm 3445 3481
###lsm 3446 3445
###lsm 3446 3481
###lsm 3446 3482
###lsm 3447 3446
###lsm 3447 3482
###lsm 3447 3483
###lsm 3448 3447
###lsm 3448 3483
###lsm 3448 3484
###lsm 3449 3448
###lsm 3449 3484
###lsm 3449 3485
###lsm 3450 3449
###lsm 3450 3485
###lsm 3450 3486
###lsm 3451 3450
###lsm 3451 3486
###lsm 3451 3487
###lsm 3452 3451
###lsm 3452 3487
###lsm 3452 3488
###lsm 3453 3452
###lsm 3453 3488
###lsm 3453 3489
###lsm 3454 3453
###lsm 3454 3489
###lsm 3454 3490
###lsm 3455 3454
###lsm 3455 3490
###lsm 3455 3491
###lsm 3456 3455
###lsm 3456 3491
###lsm 3456 3492
###lsm 3457 3456
###lsm 3457 3492
###lsm 3457 3493
###lsm 3422 3457
###lsm 3422 3493
###lsm 3458 3422
###lsm 3459 3458
###lsm 3459 3494
###lsm 3459 3495
###lsm 3460 3459
###lsm 3460 3495
###lsm 3460 3496
###lsm 3461 3460
###lsm 3461 3496
###lsm 3461 3497
###lsm 3462 3461
###lsm 3462 3497
###lsm 3462 3498
###lsm 3463 3462
###lsm 3463 3498
###lsm 3463 3499
###lsm 3464 3463
###lsm 3464 3499
###lsm 3464 3500
###lsm 3465 3464
###lsm 3465 3500
###lsm 3465 3501
###lsm 3466 3465
###lsm 3466 3501
###lsm 3466 3502
###lsm 3467 3466
###lsm 3467 3502
###lsm 3467 3503
###lsm 3468 3467
###lsm 3468 3503
###lsm 3468 3504
###lsm 3469 3468
###lsm 3469 3504
###lsm 3469 3505
###lsm 3470 3469
###lsm 3470 3505
###lsm 3470 3506
###lsm 3471 3470
###lsm 3471 3506
###lsm 3471 3507
###lsm 3472 3471
###lsm 3472 3507
###lsm 3472 3508
###lsm 3473 3472
###lsm 3473 3508
###lsm 3473 3509
###lsm 3474 3473
###lsm 3474 3509
###lsm 3474 3510
###lsm 3475 3474
###lsm 3475 3510
###lsm 3475 3511
###lsm 3476 3475
###lsm 3476 3511
###lsm 3476 3512
###lsm 3477 3476
###lsm 3477 3512
###lsm 3477 3513
###lsm 3478 3477
###lsm 3478 3513
###lsm 3478 3514
###lsm 3479 3478
###lsm 3479 3514
###lsm 3479 3515
###lsm 3480 3479
###lsm 3480 3515
###lsm 3480 3516
###lsm 3481 3480
###lsm 3481 3516
###lsm 3481 3517
###lsm 3482 3481
###lsm 3482 3517
###lsm 3482 3518
###lsm 3483 3482
###lsm 3483 3518
###lsm 3483 3519
###lsm 3484 3483
###lsm 3484 3519
###lsm 3484 3520
###lsm 3485 3484
###lsm 3485 3520
###lsm 3485 3521
###lsm 3486 3485
###lsm 3486 3521
###lsm 3486 3522
###lsm 3487 3486
###lsm 3487 3522
###lsm 3487 3523
###lsm 3488 3487
###lsm 3488 3523
###lsm 3488 3524
###lsm 3489 3488
###lsm 3489 3524
###lsm 3489 3525
###lsm 3490 3489
###lsm 3490 3525
###lsm 3490 3526
###lsm 3491 3490
###lsm 3491 3526
###lsm 3491 3527
###lsm 3492 3491
###lsm 3492 3527
###lsm 3492 3528
###lsm 3493 3492
###lsm 3493 3528
###lsm 3493 3529
###lsm 3458 3493
###lsm 3458 3529
###lsm 3494 3458
###lsm 3495 3494
###lsm 3495 3530
###lsm 3495 3531
###lsm 3496 3495
###lsm 3496 3531
###lsm 3496 3532
###lsm 3497 3496
###lsm 3497 3532
###lsm 3497 3533
###lsm 3498 3497
###lsm 3498 3533
###lsm 3498 3534
###lsm 3499 3498
###lsm 3499 3534
###lsm 3499 3535
###lsm 3500 3499
###lsm 3500 3535
###lsm 3500 3536
###lsm 3501 3500
###lsm 3501 3536
###lsm 3501 3537
###lsm 3502 3501
###lsm 3502 3537
###lsm 3502 3538
###lsm 3503 3502
###lsm 3503 3538
###lsm 3503 3539
###lsm 3504 3503
###lsm 3504 3539
###lsm 3504 3540
###lsm 3505 3504
###lsm 3505 3540
###lsm 3505 3541
###lsm 3506 3505
###lsm 3506 3541
###lsm 3506 3542
###lsm 3507 3506
###lsm 3507 3542
###lsm 3507 3543
###lsm 3508 3507
###lsm 3508 3543
###lsm 3508 3544
###lsm 3509 3508
###lsm 3509 3544
###lsm 3509 3545
###lsm 3510 3509
###lsm 3510 3545
###lsm 3510 3546
###lsm 3511 3510
###lsm 3511 3546
###lsm 3511 3547
###lsm 3512 3511
###lsm 3512 3547
###lsm 3512 3548
###lsm 3513 3512
###lsm 3513 3548
###lsm 3513 3549
###lsm 3514 3513
###lsm 3514 3549
###lsm 3514 3550
###lsm 3515 3514
###lsm 3515 3550
###lsm 3515 3551
###lsm 3516 3515
###lsm 3516 3551
###lsm 3516 3552
###lsm 3517 3516
###lsm 3517 3552
###lsm 3517 3553
###lsm 3518 3517
###lsm 3518 3553
###lsm 3518 3554
###lsm 3519 3518
###lsm 3519 3554
###lsm 3519 3555
###lsm 3520 3519
###lsm 3520 3555
###lsm 3520 3556
###lsm 3521 3520
###lsm 3521 3556
###lsm 3521 3557
###lsm 3522 3521
###lsm 3522 3557
###lsm 3522 3558
###lsm 3523 3522
###lsm 3523 3558
###lsm 3523 3559
###lsm 3524 3523
###lsm 3524 3559
###lsm 3524 3560
###lsm 3525 3524
###lsm 3525 3560
###lsm 3525 3561
###lsm 3526 3525
###lsm 3526 3561
###lsm 3526 3562
###lsm 3527 3526
###lsm 3527 3562
###lsm 3527 3563
###lsm 3528 3527
###lsm 3528 3563
###lsm 3528 3564
###lsm 3529 3528
###lsm 3529 3564
###lsm 3529 3565
###lsm 3494 3529
###lsm 3494 3565
###lsm 3530 3494
###lsm 3531 3530
###lsm 3531 3566
###lsm 3531 3567
###lsm 3532 3531
###lsm 3532 3567
###lsm 3532 3568
###lsm 3533 3532
###lsm 3533 3568
###lsm 3533 3569
###lsm 3534 3533
###lsm 3534 3569
###lsm 3534 3570
###lsm 3535 3534
###lsm 3535 3570
###lsm 3535 3571
###lsm 3536 3535
###lsm 3536 3571
###lsm 3536 3572
###lsm 3537 3536
###lsm 3537 3572
###lsm 3537 3573
###lsm 3538 3537
###lsm 3538 3573
###lsm 3538 3574
###lsm 3539 3538
###lsm 3539 3574
###lsm 3539 3575
###lsm 3540 3539
###lsm 3540 3575
###lsm 3540 3576
###lsm 3541 3540
###lsm 3541 3576
###lsm 3541 3577
###lsm 3542 3541
###lsm 3542 3577
###lsm 3542 3578
###lsm 3543 3542
###lsm 3543 3578
###lsm 3543 3579
###lsm 3544 3543
###lsm 3544 3579
###lsm 3544 3580
###lsm 3545 3544
###lsm 3545 3580
###lsm 3545 3581
###lsm 3546 3545
###lsm 3546 3581
###lsm 3546 3582
###lsm 3547 3546
###lsm 3547 3582
###lsm 3547 3583
###lsm 3548 3547
###lsm 3548 3583
###lsm 3548 3584
###lsm 3549 3548
###lsm 3549 3584
###lsm 3549 3585
###lsm 3550 3549
###lsm 3550 3585
###lsm 3550 3586
###lsm 3551 3550
###lsm 3551 3586
###lsm 3551 3587
###lsm 3552 3551
###lsm 3552 3587
###lsm 3552 3588
###lsm 3553 3552
###lsm 3553 3588
###lsm 3553 3589
###lsm 3554 3553
###lsm 3554 3589
###lsm 3554 3590
###lsm 3555 3554
###lsm 3555 3590
###lsm 3555 3591
###lsm 3556 3555
###lsm 3556 3591
###lsm 3556 3592
###lsm 3557 3556
###lsm 3557 3592
###lsm 3557 3593
###lsm 3558 3557
###lsm 3558 3593
###lsm 3558 3594
###lsm 3559 3558
###lsm 3559 3594
###lsm 3559 3595
###lsm 3560 3559
###lsm 3560 3595
###lsm 3560 3596
###lsm 3561 3560
###lsm 3561 3596
###lsm 3561 3597
###lsm 3562 3561
###lsm 3562 3597
###lsm 3562 3598
###lsm 3563 3562
###lsm 3563 3598
###lsm 3563 3599
###lsm 3564 3563
###lsm 3564 3599
###lsm 3564 3600
###lsm 3565 3564
###lsm 3565 3600
###lsm 3565 3601
###lsm 3530 3565
###lsm 3530 3601
###lsm 3566 3530
###lsm 3567 3566
###lsm 3567 3602
###lsm 3567 3603
###lsm 3568 3567
###lsm 3568 3603
###lsm 3568 3604
###lsm 3569 3568
###lsm 3569 3604
###lsm 3569 3605
###lsm 3570 3569
###lsm 3570 3605
###lsm 3570 3606
###lsm 3571 3570
###lsm 3571 3606
###lsm 3571 3607
###lsm 3572 3571
###lsm 3572 3607
###lsm 3572 3608
###lsm 3573 3572
###lsm 3573 3608
###lsm 3573 3609
###lsm 3574 3573
###lsm 3574 3609
###lsm 3574 3610
###lsm 3575 3574
###lsm 3575 3610
###lsm 3575 3611
###lsm 3576 3575
###lsm 3576 3611
###lsm 3576 3612
###lsm 3577 3576
###lsm 3577 3612
###lsm 3577 3613
###lsm 3578 3577
###lsm 3578 3613
###lsm 3578 3614
###lsm 3579 3578
###lsm 3579 3614
###lsm 3579 3615
###lsm 3580 3579
###lsm 3580 3615
###lsm 3580 3616
###lsm 3581 3580
###lsm 3581 3616
###lsm 3581 3617
###lsm 3582 3581
###lsm 3582 3617
###lsm 3582 3618
###lsm 3583 3582
###lsm 3583 3618
###lsm 3583 3619
###lsm 3584 3583
###lsm 3584 3619
###lsm 3584 3620
###lsm 3585 3584
###lsm 3585 3620
###lsm 3585 3621
###lsm 3586 3585
###lsm 3586 3621
###lsm 3586 3622
###lsm 3587 3586
###lsm 3587 3622
###lsm 3587 3623
###lsm 3588 3587
###lsm 3588 3623
###lsm 3588 3624
###lsm 3589 3588
###lsm 3589 3624
###lsm 3589 3625
###lsm 3590 3589
###lsm 3590 3625
###lsm 3590 3626
###lsm 3591 3590
###lsm 3591 3626
###lsm 3591 3627
###lsm 3592 3591
###lsm 3592 3627
###lsm 3592 3628
###lsm 3593 3592
###lsm 3593 3628
###lsm 3593 3629
###lsm 3594 3593
###lsm 3594 3629
###lsm 3594 3630
###lsm 3595 3594
###lsm 3595 3630
###lsm 3595 3631
###lsm 3596 3595
###lsm 3596 3631
###lsm 3596 3632
###lsm 3597 3596
###lsm 3597 3632
###lsm 3597 3633
###lsm 3598 3597
###lsm 3598 3633
###lsm 3598 3634
###lsm 3599 3598
###lsm 3599 3634
###lsm 3599 3635
###lsm 3600 3599
###lsm 3600 3635
###lsm 3600 3636
###lsm 3601 3600
###lsm 3601 3636
###lsm 3601 3637
###lsm 3566 3601
###lsm 3566 3637
###lsm 3602 3566
###lsm 3603 3602
###lsm 3603 3638
###lsm 3603 3639
###lsm 3604 3603
###lsm 3604 3639
###lsm 3604 3640
###lsm 3605 3604
###lsm 3605 3640
###lsm 3605 3641
###lsm 3606 3605
###lsm 3606 3641
###lsm 3606 3642
###lsm 3607 3606
###lsm 3607 3642
###lsm 3607 3643
###lsm 3608 3607
###lsm 3608 3643
###lsm 3608 3644
###lsm 3609 3608
###lsm 3609 3644
###lsm 3609 3645
###lsm 3610 3609
###lsm 3610 3645
###lsm 3610 3646
###lsm 3611 3610
###lsm 3611 3646
###lsm 3611 3647
###lsm 3612 3611
###lsm 3612 3647
###lsm 3612 3648
###lsm 3613 3612
###lsm 3613 3648
###lsm 3613 3649
###lsm 3614 3613
###lsm 3614 3649
###lsm 3614 3650
###lsm 3615 3614
###lsm 3615 3650
###lsm 3615 3651
###lsm 3616 3615
###lsm 3616 3651
###lsm 3616 3652
###lsm 3617 3616
###lsm 3617 3652
###lsm 3617 3653
###lsm 3618 3617
###lsm 3618 3653
###lsm 3618 3654
###lsm 3619 3618
###lsm 3619 3654
###lsm 3619 3655
###lsm 3620 3619
###lsm 3620 3655
###lsm 3620 3656
###lsm 3621 3620
###lsm 3621 3656
###lsm 3621 3657
###lsm 3622 3621
###lsm 3622 3657
###lsm 3622 3658
###lsm 3623 3622
###lsm 3623 3658
###lsm 3623 3659
###lsm 3624 3623
###lsm 3624 3659
###lsm 3624 3660
###lsm 3625 3624
###lsm 3625 3660
###lsm 3625 3661
###lsm 3626 3625
###lsm 3626 3661
###lsm 3626 3662
###lsm 3627 3626
###lsm 3627 3662
###lsm 3627 3663
###lsm 3628 3627
###lsm 3628 3663
###lsm 3628 3664
###lsm 3629 3628
###lsm 3629 3664
###lsm 3629 3665
###lsm 3630 3629
###lsm 3630 3665
###lsm 3630 3666
###lsm 3631 3630
###lsm 3631 3666
###lsm 3631 3667
###lsm 3632 3631
###lsm 3632 3667
###lsm 3632 3668
###lsm 3633 3632
###lsm 3633 3668
###lsm 3633 3669
###lsm 3634 3633
###lsm 3634 3669
###lsm 3634 3670
###lsm 3635 3634
###lsm 3635 3670
###lsm 3635 3671
###lsm 3636 3635
###lsm 3636 3671
###lsm 3636 3672
###lsm 3637 3636
###lsm 3637 3672
###lsm 3637 3673
###lsm 3602 3637
###lsm 3602 3673
###lsm 3638 3602
###lsm 3639 3638
###lsm 3639 3674
###lsm 3639 3675
###lsm 3640 3639
###lsm 3640 3675
###lsm 3640 3676
###lsm 3641 3640
###lsm 3641 3676
###lsm 3641 3677
###lsm 3642 3641
###lsm 3642 3677
###lsm 3642 3678
###lsm 3643 3642
###lsm 3643 3678
###lsm 3643 3679
###lsm 3644 3643
###lsm 3644 3679
###lsm 3644 3680
###lsm 3645 3644
###lsm 3645 3680
###lsm 3645 3681
###lsm 3646 3645
###lsm 3646 3681
###lsm 3646 3682
###lsm 3647 3646
###lsm 3647 3682
###lsm 3647 3683
###lsm 3648 3647
###lsm 3648 3683
###lsm 3648 3684
###lsm 3649 3648
###lsm 3649 3684
###lsm 3649 3685
###lsm 3650 3649
###lsm 3650 3685
###lsm 3650 3686
###lsm 3651 3650
###lsm 3651 3686
###lsm 3651 3687
###lsm 3652 3651
###lsm 3652 3687
###lsm 3652 3688
###lsm 3653 3652
###lsm 3653 3688
###lsm 3653 3689
###lsm 3654 3653
###lsm 3654 3689
###lsm 3654 3690
###lsm 3655 3654
###lsm 3655 3690
###lsm 3655 3691
###lsm 3656 3655
###lsm 3656 3691
###lsm 3656 3692
###lsm 3657 3656
###lsm 3657 3692
###lsm 3657 3693
###lsm 3658 3657
###lsm 3658 3693
###lsm 3658 3694
###lsm 3659 3658
###lsm 3659 3694
###lsm 3659 3695
###lsm 3660 3659
###lsm 3660 3695
###lsm 3660 3696
###lsm 3661 3660
###lsm 3661 3696
###lsm 3661 3697
###lsm 3662 3661
###lsm 3662 3697
###lsm 3662 3698
###lsm 3663 3662
###lsm 3663 3698
###lsm 3663 3699
###lsm 3664 3663
###lsm 3664 3699
###lsm 3664 3700
###lsm 3665 3664
###lsm 3665 3700
###lsm 3665 3701
###lsm 3666 3665
###lsm 3666 3701
###lsm 3666 3702
###lsm 3667 3666
###lsm 3667 3702
###lsm 3667 3703
###lsm 3668 3667
###lsm 3668 3703
###lsm 3668 3704
###lsm 3669 3668
###lsm 3669 3704
###lsm 3669 3705
###lsm 3670 3669
###lsm 3670 3705
###lsm 3670 3706
###lsm 3671 3670
###lsm 3671 3706
###lsm 3671 3707
###lsm 3672 3671
###lsm 3672 3707
###lsm 3672 3708
###lsm 3673 3672
###lsm 3673 3708
###lsm 3673 3709
###lsm 3638 3673
###lsm 3638 3709
###lsm 3674 3638
###lsm 3675 3674
###lsm 3675 3710
###lsm 3675 3711
###lsm 3676 3675
###lsm 3676 3711
###lsm 3676 3712
###lsm 3677 3676
###lsm 3677 3712
###lsm 3677 3713
###lsm 3678 3677
###lsm 3678 3713
###lsm 3678 3714
###lsm 3679 3678
###lsm 3679 3714
###lsm 3679 3715
###lsm 3680 3679
###lsm 3680 3715
###lsm 3680 3716
###lsm 3681 3680
###lsm 3681 3716
###lsm 3681 3717
###lsm 3682 3681
###lsm 3682 3717
###lsm 3682 3718
###lsm 3683 3682
###lsm 3683 3718
###lsm 3683 3719
###lsm 3684 3683
###lsm 3684 3719
###lsm 3684 3720
###lsm 3685 3684
###lsm 3685 3720
###lsm 3685 3721
###lsm 3686 3685
###lsm 3686 3721
###lsm 3686 3722
###lsm 3687 3686
###lsm 3687 3722
###lsm 3687 3723
###lsm 3688 3687
###lsm 3688 3723
###lsm 3688 3724
###lsm 3689 3688
###lsm 3689 3724
###lsm 3689 3725
###lsm 3690 3689
###lsm 3690 3725
###lsm 3690 3726
###lsm 3691 3690
###lsm 3691 3726
###lsm 3691 3727
###lsm 3692 3691
###lsm 3692 3727
###lsm 3692 3728
###lsm 3693 3692
###lsm 3693 3728
###lsm 3693 3729
###lsm 3694 3693
###lsm 3694 3729
###lsm 3694 3730
###lsm 3695 3694
###lsm 3695 3730
###lsm 3695 3731
###lsm 3696 3695
###lsm 3696 3731
###lsm 3696 3732
###lsm 3697 3696
###lsm 3697 3732
###lsm 3697 3733
###lsm 3698 3697
###lsm 3698 3733
###lsm 3698 3734
###lsm 3699 3698
###lsm 3699 3734
###lsm 3699 3735
###lsm 3700 3699
###lsm 3700 3735
###lsm 3700 3736
###lsm 3701 3700
###lsm 3701 3736
###lsm 3701 3737
###lsm 3702 3701
###lsm 3702 3737
###lsm 3702 3738
###lsm 3703 3702
###lsm 3703 3738
###lsm 3703 3739
###lsm 3704 3703
###lsm 3704 3739
###lsm 3704 3740
###lsm 3705 3704
###lsm 3705 3740
###lsm 3705 3741
###lsm 3706 3705
###lsm 3706 3741
###lsm 3706 3742
###lsm 3707 3706
###lsm 3707 3742
###lsm 3707 3743
###lsm 3708 3707
###lsm 3708 3743
###lsm 3708 3744
###lsm 3709 3708
###lsm 3709 3744
###lsm 3709 3745
###lsm 3674 3709
###lsm 3674 3745
###lsm 3710 3674
###lsm 3711 3710
###lsm 3711 3746
###lsm 3711 3747
###lsm 3712 3711
###lsm 3712 3747
###lsm 3712 3748
###lsm 3713 3712
###lsm 3713 3748
###lsm 3713 3749
###lsm 3714 3713
###lsm 3714 3749
###lsm 3714 3750
###lsm 3715 3714
###lsm 3715 3750
###lsm 3715 3751
###lsm 3716 3715
###lsm 3716 3751
###lsm 3716 3752
###lsm 3717 3716
###lsm 3717 3752
###lsm 3717 3753
###lsm 3718 3717
###lsm 3718 3753
###lsm 3718 3754
###lsm 3719 3718
###lsm 3719 3754
###lsm 3719 3755
###lsm 3720 3719
###lsm 3720 3755
###lsm 3720 3756
###lsm 3721 3720
###lsm 3721 3756
###lsm 3721 3757
###lsm 3722 3721
###lsm 3722 3757
###lsm 3722 3758
###lsm 3723 3722
###lsm 3723 3758
###lsm 3723 3759
###lsm 3724 3723
###lsm 3724 3759
###lsm 3724 3760
###lsm 3725 3724
###lsm 3725 3760
###lsm 3725 3761
###lsm 3726 3725
###lsm 3726 3761
###lsm 3726 3762
###lsm 3727 3726
###lsm 3727 3762
###lsm 3727 3763
###lsm 3728 3727
###lsm 3728 3763
###lsm 3728 3764
###lsm 3729 3728
###lsm 3729 3764
###lsm 3729 3765
###lsm 3730 3729
###lsm 3730 3765
###lsm 3730 3766
###lsm 3731 3730
###lsm 3731 3766
###lsm 3731 3767
###lsm 3732 3731
###lsm 3732 3767
###lsm 3732 3768
###lsm 3733 3732
###lsm 3733 3768
###lsm 3733 3769
###lsm 3734 3733
###lsm 3734 3769
###lsm 3734 3770
###lsm 3735 3734
###lsm 3735 3770
###lsm 3735 3771
###lsm 3736 3735
###lsm 3736 3771
###lsm 3736 3772
###lsm 3737 3736
###lsm 3737 3772
###lsm 3737 3773
###lsm 3738 3737
###lsm 3738 3773
###lsm 3738 3774
###lsm 3739 3738
###lsm 3739 3774
###lsm 3739 3775
###lsm 3740 3739
###lsm 3740 3775
###lsm 3740 3776
###lsm 3741 3740
###lsm 3741 3776
###lsm 3741 3777
###lsm 3742 3741
###lsm 3742 3777
###lsm 3742 3778
###lsm 3743 3742
###lsm 3743 3778
###lsm 3743 3779
###lsm 3744 3743
###lsm 3744 3779
###lsm 3744 3780
###lsm 3745 3744
###lsm 3745 3780
###lsm 3745 3781
###lsm 3710 3745
###lsm 3710 3781
###lsm 3746 3710
###lsm 3747 3746
###lsm 3747 2993
###lsm 2993 2991
###lsm 3747 2991
###lsm 3748 3747
###lsm 3748 2991
###lsm 2991 3061
###lsm 3748 3061
###lsm 3749 3748
###lsm 3749 3061
###lsm 3061 3059
###lsm 3749 3059
###lsm 3750 3749
###lsm 3750 3059
###lsm 3059 3057
###lsm 3750 3057
###lsm 3751 3750
###lsm 3751 3057
###lsm 3057 3055
###lsm 3751 3055
###lsm 3752 3751
###lsm 3752 3055
###lsm 3055 3053
###lsm 3752 3053
###lsm 3753 3752
###lsm 3753 3053
###lsm 3053 3051
###lsm 3753 3051
###lsm 3754 3753
###lsm 3754 3051
###lsm 3051 3049
###lsm 3754 3049
###lsm 3755 3754
###lsm 3755 3049
###lsm 3049 3047
###lsm 3755 3047
###lsm 3756 3755
###lsm 3756 3047
###lsm 3047 3045
###lsm 3756 3045
###lsm 3757 3756
###lsm 3757 3045
###lsm 3045 3043
###lsm 3757 3043
###lsm 3758 3757
###lsm 3758 3043
###lsm 3043 3041
###lsm 3758 3041
###lsm 3759 3758
###lsm 3759 3041
###lsm 3041 3039
###lsm 3759 3039
###lsm 3760 3759
###lsm 3760 3039
###lsm 3039 3037
###lsm 3760 3037
###lsm 3761 3760
###lsm 3761 3037
###lsm 3037 3035
###lsm 3761 3035
###lsm 3762 3761
###lsm 3762 3035
###lsm 3035 3033
###lsm 3762 3033
###lsm 3763 3762
###lsm 3763 3033
###lsm 3033 3031
###lsm 3763 3031
###lsm 3764 3763
###lsm 3764 3031
###lsm 3031 3029
###lsm 3764 3029
###lsm 3765 3764
###lsm 3765 3029
###lsm 3029 3027
###lsm 3765 3027
###lsm 3766 3765
###lsm 3766 3027
###lsm 3027 3025
###lsm 3766 3025
###lsm 3767 3766
###lsm 3767 3025
###lsm 3025 3023
###lsm 3767 3023
###lsm 3768 3767
###lsm 3768 3023
###lsm 3023 3021
###lsm 3768 3021
###lsm 3769 3768
###lsm 3769 3021
###lsm 3021 3019
###lsm 3769 3019
###lsm 3770 3769
###lsm 3770 3019
###lsm 3019 3017
###lsm 3770 3017
###lsm 3771 3770
###lsm 3771 3017
###lsm 3017 3015
###lsm 3771 3015
###lsm 3772 3771
###lsm 3772 3015
###lsm 3015 3013
###lsm 3772 3013
###lsm 3773 3772
###lsm 3773 3013
###lsm 3013 3011
###lsm 3773 3011
###lsm 3774 3773
###lsm 3774 3011
###lsm 3011 3009
###lsm 3774 3009
###lsm 3775 3774
###lsm 3775 3009
###lsm 3009 3007
###lsm 3775 3007
###lsm 3776 3775
###lsm 3776 3007
###lsm 3007 3005
###lsm 3776 3005
###lsm 3777 3776
###lsm 3777 3005
###lsm 3005 3003
###lsm 3777 3003
###lsm 3778 3777
###lsm 3778 3003
###lsm 3003 3001
###lsm 3778 3001
###lsm 3779 3778
###lsm 3779 3001
###lsm 3001 2999
###lsm 3779 2999
###lsm 3780 3779
###lsm 3780 2999
###lsm 2999 2997
###lsm 3780 2997
###lsm 3781 3780
###lsm 3781 2997
###lsm 2997 2995
###lsm 3781 2995
###lsm 3746 3781
###lsm 3746 2995
###lsm 2995 2993
###lsm 2993 3746
###lsm 710 2050
###lsm 710 2047
###lsm 712 2047
###lsm 3848 2047
###lsm 3848 2046
###lsm 2146 2046
###lsm 2144 2046
###lsm 2142 2046
###lsm 2140 2046
###lsm 2138 2046
###lsm 2136 2046
###lsm 2134 2046
###lsm 2132 2046
###lsm 2130 2046
###lsm 2128 2046
###lsm 2126 2046
###lsm 2196 2046
###lsm 2194 2046
###lsm 2194 2052
###lsm 2998 2052
###lsm 2996 2052
###lsm 2994 2052
###lsm 2992 2052
###lsm 2990 2052
###lsm 3060 2052
###lsm 3058 2052
###lsm 3056 2052
###lsm 3054 2052
###lsm 3052 2052
###lsm 3050 2052
###lsm 3048 2052
###lsm 3046 2052
###lsm 3046 3847
###lsm 3044 3847
###lsm 3042 3847
###lsm 3040 3847
###lsm 3038 3847
###lsm 3036 3847
###lsm 3034 3847
###lsm 3032 3847
###lsm 3030 3847
###lsm 3028 3847
###lsm 3026 3847
###lsm 3024 3847
###lsm 3022 3847
###lsm 3020 3847
###lsm 3018 3847
###lsm 3016 3847
###lsm 3014 3847
###lsm 3014 2178
###lsm 2178 3847
###lsm 2178 3848
###lsm 2176 3848
###lsm 2174 3848
###lsm 2172 3848
###lsm 2170 3848
###lsm 2168 3848
###lsm 2166 3848
###lsm 2164 3848
###lsm 2162 3848
###lsm 2160 3848
###lsm 2158 3848
###lsm 2156 3848
###lsm 2154 3848
###lsm 2152 3848
###lsm 2150 3848
###lsm 2148 3848
###lsm 3848 2146
###lsm 2050 3847
###lsm 3847 2052
###lsm 3014 2180
###lsm 3012 2180
###lsm 3012 2182
###lsm 3010 2182
###lsm 3008 2182
###lsm 3008 2184
###lsm 3006 2184
###lsm 3006 2186
###lsm 3004 2186
###lsm 3004 2188
###lsm 3002 2188
###lsm 3002 2190
###lsm 3000 2190
###lsm 3000 2192
###lsm 2998 2192
###lsm 2194 2998
###lsm 3849 2936
###lsm 3849 2938
###lsm 709 2068
###lsm 709 2980
###lsm 711 2112
###lsm 711 2114
###lsm 3850 2078
###lsm 3850 2080
###lsm 711 2056
###lsm 711 2058
###lsm 711 2060
###lsm 711 2062
###lsm 711 2064
###lsm 2068 711
###lsm 711 2066
###lsm 2980 2068
###lsm 2978 2068
###lsm 2978 2070
###lsm 2976 2070
###lsm 2976 2072
###lsm 2974 2072
###lsm 2974 2074
###lsm 2972 2074
###lsm 2972 2076
###lsm 2970 2076
###lsm 2970 2078
###lsm 2078 3849
###lsm 3850 2082
###lsm 3850 2084
###lsm 3850 2086
###lsm 3850 2088
###lsm 3850 2090
###lsm 3850 2092
###lsm 3850 2094
###lsm 3850 2096
###lsm 3850 2098
###lsm 3850 2100
###lsm 3850 2102
###lsm 3850 2104
###lsm 3850 2106
###lsm 3850 2108
###lsm 3850 2110
###lsm 2112 3850
###lsm 711 2116
###lsm 711 2118
###lsm 711 2120
###lsm 711 2122
###lsm 711 2124
###lsm 2054 711
###lsm 709 2920
###lsm 709 2922
###lsm 709 2924
###lsm 709 2926
###lsm 709 2928
###lsm 709 2930
###lsm 709 2932
###lsm 709 2934
###lsm 2936 709
###lsm 3849 2940
###lsm 3849 2942
###lsm 3849 2944
###lsm 3849 2946
###lsm 3849 2948
###lsm 3849 2950
###lsm 3849 2952
###lsm 3849 2954
###lsm 3849 2956
###lsm 3849 2958
###lsm 3849 2960
###lsm 3849 2962
###lsm 3849 2964
###lsm 3849 2966
###lsm 3849 2968
###lsm 2970 3849
###lsm 709 2982
###lsm 709 2984
###lsm 709 2986
###lsm 2918 709
###lsm 709 2988
###lsm 3848 711
###lsm 3849 710
###lsm 3853 3852
###lsm 3853 3854
###lsm 3855 3854
###lsm 3856 3854
###lsm 3857 3854
###lsm 3858 3854
###lsm 3859 3854
###lsm 3859 3860
###lsm 3861 3860
###lsm 3862 3860
###lsm 3863 3860
###lsm 3864 3860
###lsm 3864 3865
###lsm 3866 3865
###lsm 3867 3865
###lsm 3868 3865
###lsm 3869 3865
###lsm 3869 3870
###lsm 3871 3870
###lsm 3872 3870
###lsm 3873 3870
###lsm 3874 3870
###lsm 3875 3870
###lsm 3875 3876
###lsm 3877 3876
###lsm 3878 3876
###lsm 3879 3876
###lsm 3880 3876
###lsm 3881 3876
###lsm 3881 3882
###lsm 3883 3882
###lsm 3884 3882
###lsm 3885 3882
###lsm 3886 3882
###lsm 3886 3887
###lsm 3888 3887
###lsm 3889 3887
###lsm 3890 3887
###lsm 3891 3887
###lsm 3891 3852
###lsm 3892 3852
###lsm 3893 3852
###lsm 3894 3852
###lsm 3852 3851
###lsm 3882 3876
###lsm 3852 3887
###lsm 3860 3854
###lsm 3870 3865
###lsm 2033 3899
###lsm 2033 3900
###lsm 2032 3900
###lsm 2032 3901
###lsm 2031 3901
###lsm 2031 3902
###lsm 2030 3902
###lsm 2030 3903
###lsm 2029 3903
###lsm 2029 3904
###lsm 2028 3904
###lsm 2028 3905
###lsm 2027 3905
###lsm 2027 3906
###lsm 2026 3906
###lsm 2026 3907
###lsm 2025 3907
###lsm 2025 3908
###lsm 2024 3908
###lsm 2024 3909
###lsm 2023 3909
###lsm 2023 3910
###lsm 2022 3910
###lsm 2022 3911
###lsm 2021 3911
###lsm 2021 3912
###lsm 2020 3912
###lsm 2020 3913
###lsm 2019 3913
###lsm 2019 3914
###lsm 2018 3914
###lsm 2018 3915
###lsm 2017 3915
###lsm 2017 3916
###lsm 2016 3916
###lsm 2016 3917
###lsm 2015 3917
###lsm 2015 3918
###lsm 2014 3918
###lsm 2014 3919
###lsm 2013 3919
###lsm 2013 3920
###lsm 2012 3920
###lsm 2012 3921
###lsm 2011 3921
###lsm 2011 3922
###lsm 2010 3922
###lsm 2010 3923
###lsm 2009 3923
###lsm 2009 3924
###lsm 2008 3924
###lsm 2008 3925
###lsm 2007 3925
###lsm 2007 3926
###lsm 2041 3926
###lsm 2041 3927
###lsm 2042 3927
###lsm 2042 3928
###lsm 2043 3928
###lsm 2043 3929
###lsm 2044 3929
###lsm 2044 3930
###lsm 2045 3930
###lsm 2045 3931
###lsm 2040 3931
###lsm 2040 3932
###lsm 2039 3932
###lsm 2039 3933
###lsm 2038 3933
###lsm 2038 3934
###lsm 2037 3934
###lsm 2037 3935
###lsm 2036 3935
###lsm 2036 3936
###lsm 2035 3936
###lsm 2035 3937
###lsm 2034 3937
###lsm 3899 2034
###lsm 3910 3909
###lsm 3938 3909
###lsm 3909 3908
###lsm 3938 3908
###lsm 3939 3908
###lsm 3908 3907
###lsm 3939 3907
###lsm 3940 3907
###lsm 3907 3906
###lsm 3940 3906
###lsm 3941 3906
###lsm 3906 3905
###lsm 3941 3905
###lsm 3942 3905
###lsm 3905 3904
###lsm 3942 3904
###lsm 3943 3904
###lsm 3904 3903
###lsm 3943 3903
###lsm 3944 3903
###lsm 3903 3902
###lsm 3944 3902
###lsm 3945 3902
###lsm 3902 3901
###lsm 3945 3901
###lsm 3946 3901
###lsm 3901 3900
###lsm 3946 3900
###lsm 3947 3900
###lsm 3900 3899
###lsm 3947 3899
###lsm 3948 3899
###lsm 3899 3937
###lsm 3948 3937
###lsm 3949 3937
###lsm 3937 3936
###lsm 3949 3936
###lsm 3950 3936
###lsm 3936 3935
###lsm 3950 3935
###lsm 3951 3935
###lsm 3935 3934
###lsm 3951 3934
###lsm 3952 3934
###lsm 3934 3933
###lsm 3952 3933
###lsm 3953 3933
###lsm 3933 3932
###lsm 3953 3932
###lsm 3954 3932
###lsm 3932 3931
###lsm 3954 3931
###lsm 3955 3931
###lsm 3931 3930
###lsm 3955 3930
###lsm 3956 3930
###lsm 3930 3929
###lsm 3956 3929
###lsm 3957 3929
###lsm 3929 3928
###lsm 3957 3928
###lsm 3958 3928
###lsm 3928 3927
###lsm 3958 3927
###lsm 3959 3927
###lsm 3927 3926
###lsm 3959 3926
###lsm 3960 3926
###lsm 3926 3925
###lsm 3960 3925
###lsm 3961 3925
###lsm 3925 3924
###lsm 3961 3924
###lsm 3962 3924
###lsm 3924 3923
###lsm 3962 3923
###lsm 3963 3923
###lsm 3923 3922
###lsm 3963 3922
###lsm 3964 3922
###lsm 3922 3921
###lsm 3964 3921
###lsm 3965 3921
###lsm 3921 3920
###lsm 3965 3920
###lsm 3966 3920
###lsm 3920 3919
###lsm 3966 3919
###lsm 3967 3919
###lsm 3919 3918
###lsm 3967 3918
###lsm 3968 3918
###lsm 3918 3917
###lsm 3968 3917
###lsm 3969 3917
###lsm 3917 3916
###lsm 3969 3916
###lsm 3970 3916
###lsm 3916 3915
###lsm 3970 3915
###lsm 3971 3915
###lsm 3915 3914
###lsm 3971 3914
###lsm 3972 3914
###lsm 3914 3913
###lsm 3972 3913
###lsm 3973 3913
###lsm 3913 3912
###lsm 3973 3912
###lsm 3974 3912
###lsm 3912 3911
###lsm 3974 3911
###lsm 3975 3911
###lsm 3911 3910
###lsm 3975 3910
###lsm 3910 3938
###lsm 3853 3855
###lsm 3853 3976
###lsm 3853 3977
###lsm 3978 3977
###lsm 3978 3979
###lsm 3980 3979
###lsm 3980 3981
###lsm 3982 3981
###lsm 3982 3983
###lsm 3984 3983
###lsm 3984 3985
###lsm 3986 3985
###lsm 3986 3987
###lsm 3988 3987
###lsm 3988 3989
###lsm 3990 3989
###lsm 3990 3938
###lsm 3938 3939
###lsm 3976 3855
###lsm 3991 3855
###lsm 3855 3856
###lsm 3991 3856
###lsm 3992 3856
###lsm 3856 3857
###lsm 3992 3857
###lsm 3993 3857
###lsm 3857 3858
###lsm 3993 3858
###lsm 3994 3858
###lsm 3858 3859
###lsm 3994 3859
###lsm 3995 3859
###lsm 3859 3861
###lsm 3995 3861
###lsm 3996 3861
###lsm 3861 3862
###lsm 3996 3862
###lsm 3997 3862
###lsm 3862 3863
###lsm 3997 3863
###lsm 3998 3863
###lsm 3863 3864
###lsm 3998 3864
###lsm 3999 3864
###lsm 3864 3866
###lsm 3999 3866
###lsm 4000 3866
###lsm 3866 3867
###lsm 4000 3867
###lsm 4001 3867
###lsm 3867 3868
###lsm 4001 3868
###lsm 4002 3868
###lsm 3868 3869
###lsm 4002 3869
###lsm 4003 3869
###lsm 3869 3871
###lsm 4003 3871
###lsm 4004 3871
###lsm 3871 3872
###lsm 4004 3872
###lsm 4005 3872
###lsm 3872 3873
###lsm 4005 3873
###lsm 4006 3873
###lsm 3873 3874
###lsm 4006 3874
###lsm 4007 3874
###lsm 3874 3875
###lsm 4007 3875
###lsm 4008 3875
###lsm 4008 4009
###lsm 4010 4009
###lsm 4010 4011
###lsm 4012 4011
###lsm 4012 4013
###lsm 4014 4013
###lsm 4014 4015
###lsm 4016 4015
###lsm 4016 4017
###lsm 4018 4017
###lsm 4018 4019
###lsm 4020 4019
###lsm 4020 4021
###lsm 3950 4021
###lsm 3949 3950
###lsm 3875 3877
###lsm 4009 3875
###lsm 4009 3877
###lsm 4009 4022
###lsm 4011 4009
###lsm 4011 4022
###lsm 4011 4023
###lsm 4013 4011
###lsm 4013 4023
###lsm 4013 4024
###lsm 4015 4013
###lsm 4015 4024
###lsm 4015 4025
###lsm 4017 4015
###lsm 4017 4025
###lsm 4017 4026
###lsm 4019 4017
###lsm 4019 4026
###lsm 4019 4027
###lsm 4021 4019
###lsm 4021 4027
###lsm 4021 4028
###lsm 3949 4021
###lsm 3949 4028
###lsm 3948 3949
###lsm 3877 3878
###lsm 4022 3877
###lsm 4022 3878
###lsm 4022 4029
###lsm 4023 4022
###lsm 4023 4029
###lsm 4023 4030
###lsm 4024 4023
###lsm 4024 4030
###lsm 4024 4031
###lsm 4025 4024
###lsm 4025 4031
###lsm 4025 4032
###lsm 4026 4025
###lsm 4026 4032
###lsm 4026 4033
###lsm 4027 4026
###lsm 4027 4033
###lsm 4027 4034
###lsm 4028 4027
###lsm 4028 4034
###lsm 4028 4035
###lsm 3948 4028
###lsm 3948 4035
###lsm 3947 3948
###lsm 3878 3879
###lsm 4029 3878
###lsm 4029 3879
###lsm 4029 4036
###lsm 4030 4029
###lsm 4030 4036
###lsm 4030 4037
###lsm 4031 4030
###lsm 4031 4037
###lsm 4031 4038
###lsm 4032 4031
###lsm 4032 4038
###lsm 4032 4039
###lsm 4033 4032
###lsm 4033 4039
###lsm 4033 4040
###lsm 4034 4033
###lsm 4034 4040
###lsm 4034 4041
###lsm 4035 4034
###lsm 4035 4041
###lsm 4035 4042
###lsm 3947 4035
###lsm 3947 4042
###lsm 3946 3947
###lsm 3879 3880
###lsm 4036 3879
###lsm 4036 3880
###lsm 4036 4043
###lsm 4037 4036
###lsm 4037 4043
###lsm 4037 4044
###lsm 4038 4037
###lsm 4038 4044
###lsm 4038 4045
###lsm 4039 4038
###lsm 4039 4045
###lsm 4039 4046
###lsm 4040 4039
###lsm 4040 4046
###lsm 4040 4047
###lsm 4041 4040
###lsm 4041 4047
###lsm 4041 4048
###lsm 4042 4041
###lsm 4042 4048
###lsm 4042 4049
###lsm 3946 4042
###lsm 3946 4049
###lsm 3945 3946
###lsm 3880 3881
###lsm 4043 3880
###lsm 4043 3881
###lsm 4043 4050
###lsm 4044 4043
###lsm 4044 4050
###lsm 4044 4051
###lsm 4045 4044
###lsm 4045 4051
###lsm 4045 4052
###lsm 4046 4045
###lsm 4046 4052
###lsm 4046 4053
###lsm 4047 4046
###lsm 4047 4053
###lsm 4047 4054
###lsm 4048 4047
###lsm 4048 4054
###lsm 4048 4055
###lsm 4049 4048
###lsm 4049 4055
###lsm 4049 4056
###lsm 3945 4049
###lsm 3945 4056
###lsm 3944 3945
###lsm 3881 3883
###lsm 4050 3881
###lsm 4050 3883
###lsm 4050 4057
###lsm 4051 4050
###lsm 4051 4057
###lsm 4051 4058
###lsm 4052 4051
###lsm 4052 4058
###lsm 4052 4059
###lsm 4053 4052
###lsm 4053 4059
###lsm 4053 4060
###lsm 4054 4053
###lsm 4054 4060
###lsm 4054 4061
###lsm 4055 4054
###lsm 4055 4061
###lsm 4055 4062
###lsm 4056 4055
###lsm 4056 4062
###lsm 4056 4063
###lsm 3944 4056
###lsm 3944 4063
###lsm 3943 3944
###lsm 3883 3884
###lsm 4057 3883
###lsm 4057 3884
###lsm 4057 4064
###lsm 4058 4057
###lsm 4058 4064
###lsm 4058 4065
###lsm 4059 4058
###lsm 4059 4065
###lsm 4059 4066
###lsm 4060 4059
###lsm 4060 4066
###lsm 4060 4067
###lsm 4061 4060
###lsm 4061 4067
###lsm 4061 4068
###lsm 4062 4061
###lsm 4062 4068
###lsm 4062 4069
###lsm 4063 4062
###lsm 4063 4069
###lsm 4063 4070
###lsm 3943 4063
###lsm 3943 4070
###lsm 3942 3943
###lsm 3884 3885
###lsm 4064 3884
###lsm 4064 3885
###lsm 4064 4071
###lsm 4065 4064
###lsm 4065 4071
###lsm 4065 4072
###lsm 4066 4065
###lsm 4066 4072
###lsm 4066 4073
###lsm 4067 4066
###lsm 4067 4073
###lsm 4067 4074
###lsm 4068 4067
###lsm 4068 4074
###lsm 4068 4075
###lsm 4069 4068
###lsm 4069 4075
###lsm 4069 4076
###lsm 4070 4069
###lsm 4070 4076
###lsm 4070 4077
###lsm 3942 4070
###lsm 3942 4077
###lsm 3941 3942
###lsm 3885 3886
###lsm 4071 3885
###lsm 4071 3886
###lsm 4071 4078
###lsm 4072 4071
###lsm 4072 4078
###lsm 4072 4079
###lsm 4073 4072
###lsm 4073 4079
###lsm 4073 4080
###lsm 4074 4073
###lsm 4074 4080
###lsm 4074 4081
###lsm 4075 4074
###lsm 4075 4081
###lsm 4075 4082
###lsm 4076 4075
###lsm 4076 4082
###lsm 4076 4083
###lsm 4077 4076
###lsm 4077 4083
###lsm 4077 4084
###lsm 3941 4077
###lsm 3941 4084
###lsm 3940 3941
###lsm 3886 3888
###lsm 4078 3886
###lsm 4078 3888
###lsm 4078 4085
###lsm 4079 4078
###lsm 4079 4085
###lsm 4079 4086
###lsm 4080 4079
###lsm 4080 4086
###lsm 4080 4087
###lsm 4081 4080
###lsm 4081 4087
###lsm 4081 4088
###lsm 4082 4081
###lsm 4082 4088
###lsm 4082 4089
###lsm 4083 4082
###lsm 4083 4089
###lsm 4083 4090
###lsm 4084 4083
###lsm 4084 4090
###lsm 4084 4091
###lsm 3940 4084
###lsm 3940 4091
###lsm 3939 3940
###lsm 3888 3889
###lsm 4085 3888
###lsm 4085 3889
###lsm 4085 4092
###lsm 4086 4085
###lsm 4086 4092
###lsm 4086 4093
###lsm 4087 4086
###lsm 4087 4093
###lsm 4087 4094
###lsm 4088 4087
###lsm 4088 4094
###lsm 4088 4095
###lsm 4089 4088
###lsm 4089 4095
###lsm 4089 4096
###lsm 4090 4089
###lsm 4090 4096
###lsm 4090 4097
###lsm 4091 4090
###lsm 4091 4097
###lsm 4091 3990
###lsm 3990 3939
###lsm 3939 4091
###lsm 3889 3890
###lsm 4092 3889
###lsm 4092 3890
###lsm 4092 4098
###lsm 4093 4092
###lsm 4093 4098
###lsm 4093 4099
###lsm 4094 4093
###lsm 4094 4099
###lsm 4094 4100
###lsm 4095 4094
###lsm 4095 4100
###lsm 4095 4101
###lsm 4096 4095
###lsm 4096 4101
###lsm 4096 4102
###lsm 4097 4096
###lsm 4097 4102
###lsm 4097 3988
###lsm 3988 3990
###lsm 3990 4097
###lsm 3890 3891
###lsm 4098 3890
###lsm 4098 3891
###lsm 4098 4103
###lsm 4099 4098
###lsm 4099 4103
###lsm 4099 4104
###lsm 4100 4099
###lsm 4100 4104
###lsm 4100 4105
###lsm 4101 4100
###lsm 4101 4105
###lsm 4101 4106
###lsm 4102 4101
###lsm 4102 4106
###lsm 4102 3986
###lsm 3986 3988
###lsm 3988 4102
###lsm 3891 3892
###lsm 4103 3891
###lsm 4103 3892
###lsm 4103 4107
###lsm 4104 4103
###lsm 4104 4107
###lsm 4104 4108
###lsm 4105 4104
###lsm 4105 4108
###lsm 4105 4109
###lsm 4106 4105
###lsm 4106 4109
###lsm 4106 3984
###lsm 3984 3986
###lsm 3986 4106
###lsm 3892 3893
###lsm 4107 3892
###lsm 4107 3893
###lsm 4107 4110
###lsm 4108 4107
###lsm 4108 4110
###lsm 4108 4111
###lsm 4109 4108
###lsm 4109 4111
###lsm 4109 3982
###lsm 3982 3984
###lsm 3984 4109
###lsm 3893 3894
###lsm 4110 3893
###lsm 4110 3894
###lsm 4110 4112
###lsm 4111 4110
###lsm 4111 4112
###lsm 4111 3980
###lsm 3980 3982
###lsm 3982 4111
###lsm 3894 3851
###lsm 4112 3894
###lsm 4112 3851
###lsm 4112 3978
###lsm 3978 3980
###lsm 3980 4112
###lsm 3851 3853
###lsm 3853 3978
###lsm 3978 3851
###lsm 3938 3989
###lsm 3975 3938
###lsm 3975 3989
###lsm 3975 4113
###lsm 3974 3975
###lsm 3974 4113
###lsm 3974 4114
###lsm 3973 3974
###lsm 3973 4114
###lsm 3973 4115
###lsm 3972 3973
###lsm 3972 4115
###lsm 3972 4116
###lsm 3971 3972
###lsm 3971 4116
###lsm 3971 4117
###lsm 3970 3971
###lsm 3970 4117
###lsm 3970 4118
###lsm 3969 3970
###lsm 3969 4118
###lsm 3969 4119
###lsm 3968 3969
###lsm 3968 4119
###lsm 3968 4120
###lsm 3967 3968
###lsm 3967 4120
###lsm 3967 4121
###lsm 3966 3967
###lsm 3966 4121
###lsm 3966 4122
###lsm 3965 3966
###lsm 3965 4122
###lsm 3965 4123
###lsm 3964 3965
###lsm 3964 4123
###lsm 3964 4124
###lsm 3963 3964
###lsm 3963 4124
###lsm 3963 4125
###lsm 3962 3963
###lsm 3962 4125
###lsm 3962 4126
###lsm 3961 3962
###lsm 3961 4126
###lsm 3961 4127
###lsm 3960 3961
###lsm 3960 4127
###lsm 3960 4128
###lsm 3959 3960
###lsm 3959 4128
###lsm 3959 4129
###lsm 3958 3959
###lsm 3958 4129
###lsm 3958 4130
###lsm 3957 3958
###lsm 3957 4130
###lsm 3957 4131
###lsm 3956 3957
###lsm 3956 4131
###lsm 3956 4132
###lsm 3955 3956
###lsm 3955 4132
###lsm 3955 4133
###lsm 3954 3955
###lsm 3954 4133
###lsm 3954 4134
###lsm 3953 3954
###lsm 3953 4134
###lsm 3953 4135
###lsm 3952 3953
###lsm 3952 4135
###lsm 3952 4136
###lsm 3951 3952
###lsm 3951 4136
###lsm 3951 4020
###lsm 4020 3950
###lsm 3950 3951
###lsm 3989 3987
###lsm 4113 3989
###lsm 4113 3987
###lsm 4113 4137
###lsm 4114 4113
###lsm 4114 4137
###lsm 4114 4138
###lsm 4115 4114
###lsm 4115 4138
###lsm 4115 4139
###lsm 4116 4115
###lsm 4116 4139
###lsm 4116 4140
###lsm 4117 4116
###lsm 4117 4140
###lsm 4117 4141
###lsm 4118 4117
###lsm 4118 4141
###lsm 4118 4142
###lsm 4119 4118
###lsm 4119 4142
###lsm 4119 4143
###lsm 4120 4119
###lsm 4120 4143
###lsm 4120 4144
###lsm 4121 4120
###lsm 4121 4144
###lsm 4121 4145
###lsm 4122 4121
###lsm 4122 4145
###lsm 4122 4146
###lsm 4123 4122
###lsm 4123 4146
###lsm 4123 4147
###lsm 4124 4123
###lsm 4124 4147
###lsm 4124 4148
###lsm 4125 4124
###lsm 4125 4148
###lsm 4125 4149
###lsm 4126 4125
###lsm 4126 4149
###lsm 4126 4150
###lsm 4127 4126
###lsm 4127 4150
###lsm 4127 4151
###lsm 4128 4127
###lsm 4128 4151
###lsm 4128 4152
###lsm 4129 4128
###lsm 4129 4152
###lsm 4129 4153
###lsm 4130 4129
###lsm 4130 4153
###lsm 4130 4154
###lsm 4131 4130
###lsm 4131 4154
###lsm 4131 4155
###lsm 4132 4131
###lsm 4132 4155
###lsm 4132 4156
###lsm 4133 4132
###lsm 4133 4156
###lsm 4133 4157
###lsm 4134 4133
###lsm 4134 4157
###lsm 4134 4158
###lsm 4135 4134
###lsm 4135 4158
###lsm 4135 4159
###lsm 4136 4135
###lsm 4136 4159
###lsm 4136 4018
###lsm 4018 4020
###lsm 4020 4136
###lsm 3987 3985
###lsm 4137 3987
###lsm 4137 3985
###lsm 4137 4160
###lsm 4138 4137
###lsm 4138 4160
###lsm 4138 4161
###lsm 4139 4138
###lsm 4139 4161
###lsm 4139 4162
###lsm 4140 4139
###lsm 4140 4162
###lsm 4140 4163
###lsm 4141 4140
###lsm 4141 4163
###lsm 4141 4164
###lsm 4142 4141
###lsm 4142 4164
###lsm 4142 4165
###lsm 4143 4142
###lsm 4143 4165
###lsm 4143 4166
###lsm 4144 4143
###lsm 4144 4166
###lsm 4144 4167
###lsm 4145 4144
###lsm 4145 4167
###lsm 4145 4168
###lsm 4146 4145
###lsm 4146 4168
###lsm 4146 4169
###lsm 4147 4146
###lsm 4147 4169
###lsm 4147 4170
###lsm 4148 4147
###lsm 4148 4170
###lsm 4148 4171
###lsm 4149 4148
###lsm 4149 4171
###lsm 4149 4172
###lsm 4150 4149
###lsm 4150 4172
###lsm 4150 4173
###lsm 4151 4150
###lsm 4151 4173
###lsm 4151 4174
###lsm 4152 4151
###lsm 4152 4174
###lsm 4152 4175
###lsm 4153 4152
###lsm 4153 4175
###lsm 4153 4176
###lsm 4154 4153
###lsm 4154 4176
###lsm 4154 4177
###lsm 4155 4154
###lsm 4155 4177
###lsm 4155 4178
###lsm 4156 4155
###lsm 4156 4178
###lsm 4156 4179
###lsm 4157 4156
###lsm 4157 4179
###lsm 4157 4180
###lsm 4158 4157
###lsm 4158 4180
###lsm 4158 4181
###lsm 4159 4158
###lsm 4159 4181
###lsm 4159 4016
###lsm 4016 4018
###lsm 4018 4159
###lsm 3985 3983
###lsm 4160 3985
###lsm 4160 3983
###lsm 4160 4182
###lsm 4161 4160
###lsm 4161 4182
###lsm 4161 4183
###lsm 4162 4161
###lsm 4162 4183
###lsm 4162 4184
###lsm 4163 4162
###lsm 4163 4184
###lsm 4163 4185
###lsm 4164 4163
###lsm 4164 4185
###lsm 4164 4186
###lsm 4165 4164
###lsm 4165 4186
###lsm 4165 4187
###lsm 4166 4165
###lsm 4166 4187
###lsm 4166 4188
###lsm 4167 4166
###lsm 4167 4188
###lsm 4167 4189
###lsm 4168 4167
###lsm 4168 4189
###lsm 4168 4190
###lsm 4169 4168
###lsm 4169 4190
###lsm 4169 4191
###lsm 4170 4169
###lsm 4170 4191
###lsm 4170 4192
###lsm 4171 4170
###lsm 4171 4192
###lsm 4171 4193
###lsm 4172 4171
###lsm 4172 4193
###lsm 4172 4194
###lsm 4173 4172
###lsm 4173 4194
###lsm 4173 4195
###lsm 4174 4173
###lsm 4174 4195
###lsm 4174 4196
###lsm 4175 4174
###lsm 4175 4196
###lsm 4175 4197
###lsm 4176 4175
###lsm 4176 4197
###lsm 4176 4198
###lsm 4177 4176
###lsm 4177 4198
###lsm 4177 4199
###lsm 4178 4177
###lsm 4178 4199
###lsm 4178 4200
###lsm 4179 4178
###lsm 4179 4200
###lsm 4179 4201
###lsm 4180 4179
###lsm 4180 4201
###lsm 4180 4202
###lsm 4181 4180
###lsm 4181 4202
###lsm 4181 4014
###lsm 4014 4016
###lsm 4016 4181
###lsm 3983 3981
###lsm 4182 3983
###lsm 4182 3981
###lsm 4182 4203
###lsm 4183 4182
###lsm 4183 4203
###lsm 4183 4204
###lsm 4184 4183
###lsm 4184 4204
###lsm 4184 4205
###lsm 4185 4184
###lsm 4185 4205
###lsm 4185 4206
###lsm 4186 4185
###lsm 4186 4206
###lsm 4186 4207
###lsm 4187 4186
###lsm 4187 4207
###lsm 4187 4208
###lsm 4188 4187
###lsm 4188 4208
###lsm 4188 4209
###lsm 4189 4188
###lsm 4189 4209
###lsm 4189 4210
###lsm 4190 4189
###lsm 4190 4210
###lsm 4190 4211
###lsm 4191 4190
###lsm 4191 4211
###lsm 4191 4212
###lsm 4192 4191
###lsm 4192 4212
###lsm 4192 4213
###lsm 4193 4192
###lsm 4193 4213
###lsm 4193 4214
###lsm 4194 4193
###lsm 4194 4214
###lsm 4194 4215
###lsm 4195 4194
###lsm 4195 4215
###lsm 4195 4216
###lsm 4196 4195
###lsm 4196 4216
###lsm 4196 4217
###lsm 4197 4196
###lsm 4197 4217
###lsm 4197 4218
###lsm 4198 4197
###lsm 4198 4218
###lsm 4198 4219
###lsm 4199 4198
###lsm 4199 4219
###lsm 4199 4220
###lsm 4200 4199
###lsm 4200 4220
###lsm 4200 4221
###lsm 4201 4200
###lsm 4201 4221
###lsm 4201 4222
###lsm 4202 4201
###lsm 4202 4222
###lsm 4202 4012
###lsm 4012 4014
###lsm 4014 4202
###lsm 3981 3979
###lsm 4203 3981
###lsm 4203 3979
###lsm 4203 4223
###lsm 4204 4203
###lsm 4204 4223
###lsm 4204 4224
###lsm 4205 4204
###lsm 4205 4224
###lsm 4205 4225
###lsm 4206 4205
###lsm 4206 4225
###lsm 4206 4226
###lsm 4207 4206
###lsm 4207 4226
###lsm 4207 4227
###lsm 4208 4207
###lsm 4208 4227
###lsm 4208 4228
###lsm 4209 4208
###lsm 4209 4228
###lsm 4209 4229
###lsm 4210 4209
###lsm 4210 4229
###lsm 4210 4230
###lsm 4211 4210
###lsm 4211 4230
###lsm 4211 4231
###lsm 4212 4211
###lsm 4212 4231
###lsm 4212 4232
###lsm 4213 4212
###lsm 4213 4232
###lsm 4213 4233
###lsm 4214 4213
###lsm 4214 4233
###lsm 4214 4234
###lsm 4215 4214
###lsm 4215 4234
###lsm 4215 4235
###lsm 4216 4215
###lsm 4216 4235
###lsm 4216 4236
###lsm 4217 4216
###lsm 4217 4236
###lsm 4217 4237
###lsm 4218 4217
###lsm 4218 4237
###lsm 4218 4238
###lsm 4219 4218
###lsm 4219 4238
###lsm 4219 4239
###lsm 4220 4219
###lsm 4220 4239
###lsm 4220 4240
###lsm 4221 4220
###lsm 4221 4240
###lsm 4221 4241
###lsm 4222 4221
###lsm 4222 4241
###lsm 4222 4010
###lsm 4010 4012
###lsm 4012 4222
###lsm 3979 3977
###lsm 4223 3979
###lsm 4223 3977
###lsm 3977 3976
###lsm 4223 3976
###lsm 4224 4223
###lsm 4224 3976
###lsm 3976 3991
###lsm 4224 3991
###lsm 4225 4224
###lsm 4225 3991
###lsm 3991 3992
###lsm 4225 3992
###lsm 4226 4225
###lsm 4226 3992
###lsm 3992 3993
###lsm 4226 3993
###lsm 4227 4226
###lsm 4227 3993
###lsm 3993 3994
###lsm 4227 3994
###lsm 4228 4227
###lsm 4228 3994
###lsm 3994 3995
###lsm 4228 3995
###lsm 4229 4228
###lsm 4229 3995
###lsm 3995 3996
###lsm 4229 3996
###lsm 4230 4229
###lsm 4230 3996
###lsm 3996 3997
###lsm 4230 3997
###lsm 4231 4230
###lsm 4231 3997
###lsm 3997 3998
###lsm 4231 3998
###lsm 4232 4231
###lsm 4232 3998
###lsm 3998 3999
###lsm 4232 3999
###lsm 4233 4232
###lsm 4233 3999
###lsm 3999 4000
###lsm 4233 4000
###lsm 4234 4233
###lsm 4234 4000
###lsm 4000 4001
###lsm 4234 4001
###lsm 4235 4234
###lsm 4235 4001
###lsm 4001 4002
###lsm 4235 4002
###lsm 4236 4235
###lsm 4236 4002
###lsm 4002 4003
###lsm 4236 4003
###lsm 4237 4236
###lsm 4237 4003
###lsm 4003 4004
###lsm 4237 4004
###lsm 4238 4237
###lsm 4238 4004
###lsm 4004 4005
###lsm 4238 4005
###lsm 4239 4238
###lsm 4239 4005
###lsm 4005 4006
###lsm 4239 4006
###lsm 4240 4239
###lsm 4240 4006
###lsm 4006 4007
###lsm 4240 4007
###lsm 4241 4240
###lsm 4241 4007
###lsm 4007 4008
###lsm 4241 4008
###lsm 4008 4010
###lsm 4010 4241
###lsm 4244 4243
###lsm 4244 4245
###lsm 4246 4245
###lsm 4246 4247
###lsm 4248 4247
###lsm 4247 4245
###lsm 4247 4250
###lsm 4244 4246
###lsm 4244 4252
###lsm 4242 3882
###lsm 4244 3887
###lsm 4253 3896
###lsm 4252 3852
###lsm 4246 3854
###lsm 4248 3897
###lsm 4249 3860
###lsm 4247 3865
###lsm 4251 3898
###lsm 4250 3870
###lsm 4245 3876
###lsm 4243 3895
###lsm 520 519
###lsm 521 520
###lsm 558 559
###lsm 560 559
###lsm 560 561
###lsm 561 534
###lsm 570 571
###lsm 571 572
###lsm 573 572
###lsm 573 574
###lsm 575 574
###lsm 575 576
###lsm 577 576
###lsm 577 578
###lsm 579 578
###lsm 579 580
###lsm 581 580
###lsm 581 582
###lsm 583 582
###lsm 583 584
###lsm 585 584
###lsm 585 586
###lsm 587 586
###lsm 587 588
###lsm 589 588
###lsm 527 526
###lsm 527 570
###lsm 570 569
###lsm 593 592
###lsm 593 594
###lsm 595 594
###lsm 595 596
###lsm 597 596
###lsm 597 598
###lsm 599 598
###lsm 599 600
###lsm 601 600
###lsm 601 602
###lsm 603 602
###lsm 603 604
###lsm 605 604
###lsm 605 606
###lsm 607 606
###lsm 607 608
###lsm 609 608
###lsm 609 610
###lsm 611 610
###lsm 589 590
###lsm 589 613
###lsm 589 614
###lsm 591 614
###lsm 592 591
###lsm 613 616
###lsm 614 613
###lsm 557 556
###lsm 557 611
###lsm 611 612
###lsm 526 521
###lsm 526 519
###lsm 526 517
###lsm 526 515
###lsm 526 513
###lsm 617 513
###lsm 617 511
###lsm 618 511
###lsm 618 509
###lsm 507 619
###lsm 507 620
###lsm 618 507
###lsm 505 621
###lsm 505 622
###lsm 529 624
###lsm 529 625
###lsm 568 627
###lsm 568 628
###lsm 624 568
###lsm 627 567
###lsm 627 566
###lsm 629 566
###lsm 629 565
###lsm 557 565
###lsm 557 564
###lsm 557 563
###lsm 557 562
###lsm 557 561
###lsm 557 630
###lsm 557 631
###lsm 612 606
###lsm 612 604
###lsm 612 602
###lsm 612 600
###lsm 633 600
###lsm 633 598
###lsm 633 596
###lsm 634 596
###lsm 634 594
###lsm 635 594
###lsm 636 594
###lsm 637 594
###lsm 637 592
###lsm 638 592
###lsm 639 592
###lsm 640 592
###lsm 592 641
###lsm 630 612
###lsm 612 633
###lsm 629 557
###lsm 557 632
###lsm 529 626
###lsm 529 642
###lsm 621 529
###lsm 619 505
###lsm 505 623
###lsm 526 617
###lsm 526 643
###lsm 526 644
###lsm 526 645
###lsm 570 645
###lsm 570 646
###lsm 582 646
###lsm 584 646
###lsm 586 646
###lsm 586 647
###lsm 588 647
###lsm 588 648
###lsm 588 649
###lsm 588 650
###lsm 590 650
###lsm 590 651
###lsm 590 652
###lsm 590 653
###lsm 654 590
###lsm 570 582
###lsm 570 580
###lsm 570 578
###lsm 576 570
###lsm 615 613
###lsm 655 613
###lsm 655 654
###lsm 656 654
###lsm 656 653
###lsm 657 653
###lsm 657 652
###lsm 658 652
###lsm 658 651
###lsm 659 651
###lsm 659 650
###lsm 660 650
###lsm 660 649
###lsm 661 649
###lsm 661 648
###lsm 662 648
###lsm 662 647
###lsm 662 646
###lsm 662 663
###lsm 662 664
###lsm 661 662
###lsm 661 664
###lsm 661 665
###lsm 660 661
###lsm 660 665
###lsm 660 666
###lsm 659 660
###lsm 659 666
###lsm 659 667
###lsm 658 659
###lsm 658 667
###lsm 658 668
###lsm 657 658
###lsm 657 668
###lsm 657 669
###lsm 656 657
###lsm 656 669
###lsm 656 670
###lsm 655 656
###lsm 655 670
###lsm 655 671
###lsm 615 655
###lsm 663 646
###lsm 663 645
###lsm 672 645
###lsm 673 645
###lsm 673 644
###lsm 674 644
###lsm 674 643
###lsm 675 643
###lsm 675 617
###lsm 676 617
###lsm 676 618
###lsm 677 618
###lsm 677 620
###lsm 678 620
###lsm 678 619
###lsm 679 619
###lsm 679 623
###lsm 680 623
###lsm 680 622
###lsm 680 621
###lsm 680 681
###lsm 680 682
###lsm 679 680
###lsm 679 682
###lsm 679 683
###lsm 678 679
###lsm 678 683
###lsm 678 684
###lsm 677 678
###lsm 677 684
###lsm 677 685
###lsm 676 677
###lsm 676 685
###lsm 676 686
###lsm 675 676
###lsm 675 686
###lsm 675 687
###lsm 674 675
###lsm 674 687
###lsm 674 688
###lsm 673 674
###lsm 673 688
###lsm 673 689
###lsm 672 673
###lsm 681 621
###lsm 681 642
###lsm 690 642
###lsm 691 642
###lsm 691 626
###lsm 692 626
###lsm 692 625
###lsm 693 625
###lsm 693 624
###lsm 694 624
###lsm 694 628
###lsm 695 628
###lsm 695 627
###lsm 696 627
###lsm 696 629
###lsm 697 629
###lsm 697 632
###lsm 698 632
###lsm 698 631
###lsm 698 630
###lsm 698 699
###lsm 698 700
###lsm 697 698
###lsm 697 700
###lsm 697 701
###lsm 696 697
###lsm 696 701
###lsm 696 702
###lsm 695 696
###lsm 695 702
###lsm 695 703
###lsm 694 695
###lsm 694 703
###lsm 694 704
###lsm 693 694
###lsm 693 704
###lsm 693 705
###lsm 692 693
###lsm 692 705
###lsm 692 706
###lsm 691 692
###lsm 691 706
###lsm 691 707
###lsm 690 691
###lsm 699 630
###lsm 699 633
###lsm 708 633
###lsm 713 633
###lsm 713 634
###lsm 714 634
###lsm 714 635
###lsm 715 635
###lsm 715 636
###lsm 716 636
###lsm 716 637
###lsm 717 637
###lsm 717 638
###lsm 718 638
###lsm 718 639
###lsm 719 639
###lsm 719 640
###lsm 720 640
###lsm 720 641
###lsm 614 616
###lsm 720 614
###lsm 720 616
###lsm 720 721
###lsm 719 720
###lsm 719 721
###lsm 719 722
###lsm 718 719
###lsm 718 722
###lsm 718 723
###lsm 717 718
###lsm 717 723
###lsm 717 724
###lsm 716 717
###lsm 716 724
###lsm 716 725
###lsm 715 716
###lsm 715 725
###lsm 715 726
###lsm 714 715
###lsm 714 726
###lsm 714 727
###lsm 713 714
###lsm 713 727
###lsm 713 728
###lsm 708 713
###lsm 708 724
###lsm 708 723
###lsm 721 708
###lsm 708 722
###lsm 663 615
###lsm 663 671
###lsm 663 670
###lsm 663 669
###lsm 663 668
###lsm 663 667
###lsm 666 663
###lsm 672 687
###lsm 672 686
###lsm 672 685
###lsm 672 684
###lsm 672 683
###lsm 672 682
###lsm 681 672
###lsm 699 690
###lsm 699 707
###lsm 699 706
###lsm 699 705
###lsm 699 704
###lsm 702 699
###lsm 699 703
###lsm 3847 3838
###lsm 3847 3837
###lsm 3849 589
###lsm 3849 591
###lsm 3850 3790
###lsm 3850 3789
###lsm 3848 3814
###lsm 3848 3813
###lsm 3849 593
###lsm 3849 595
###lsm 3849 597
###lsm 3849 599
###lsm 3849 601
###lsm 3849 603
###lsm 3849 605
###lsm 3849 607
###lsm 3849 609
###lsm 3849 611
###lsm 3844 611
###lsm 3844 556
###lsm 3845 556
###lsm 3846 556
###lsm 3846 558
###lsm 3846 560
###lsm 3849 3844
###lsm 3849 3843
###lsm 3849 3842
###lsm 3849 3841
###lsm 3849 3840
###lsm 3849 3839
###lsm 3838 3849
###lsm 3847 3836
###lsm 3847 3835
###lsm 3847 3834
###lsm 3847 3833
###lsm 3847 3832
###lsm 3847 3831
###lsm 3847 3830
###lsm 3847 3829
###lsm 3847 3828
###lsm 3847 3827
###lsm 3847 3826
###lsm 3847 3825
###lsm 3847 3824
###lsm 3847 3823
###lsm 3847 3822
###lsm 3847 3821
###lsm 3847 3820
###lsm 3847 3819
###lsm 3847 3818
###lsm 3847 3817
###lsm 3847 3816
###lsm 3814 3847
###lsm 3847 3815
###lsm 3848 3812
###lsm 3848 3811
###lsm 3848 3810
###lsm 3848 3809
###lsm 3848 3808
###lsm 3848 3807
###lsm 3848 3806
###lsm 3848 3805
###lsm 3848 3804
###lsm 3848 3803
###lsm 3848 3802
###lsm 3848 3801
###lsm 3848 3800
###lsm 3848 3799
###lsm 3848 3798
###lsm 3848 3797
###lsm 3848 3796
###lsm 3848 3795
###lsm 3848 3794
###lsm 3848 3793
###lsm 3848 3792
###lsm 3790 3848
###lsm 3848 3791
###lsm 3850 3788
###lsm 3850 3787
###lsm 3850 3786
###lsm 3850 3785
###lsm 3850 3784
###lsm 3850 569
###lsm 569 3784
###lsm 527 3784
###lsm 527 3783
###lsm 3782 523
###lsm 3782 525
###lsm 527 3782
###lsm 3850 571
###lsm 3850 573
###lsm 3850 575
###lsm 3850 577
###lsm 3850 579
###lsm 3850 581
###lsm 3850 583
###lsm 3850 585
###lsm 3850 587
###lsm 589 3850
###lsm 1175 1176
###lsm 1176 1177
###lsm 1181 1180
###lsm 1182 1181
###lsm 1181 1183
###lsm 1184 1183
###lsm 1184 1185
###lsm 1186 1185
###lsm 1186 1187
###lsm 1188 1187
###lsm 1188 1189
###lsm 1188 1190
###lsm 1191 1190
###lsm 1191 1192
###lsm 1193 1192
###lsm 1193 1194
###lsm 1195 1194
###lsm 1195 1196
###lsm 1197 1196
###lsm 1197 1198
###lsm 1199 1198
###lsm 1199 1200
###lsm 1199 1201
###lsm 1202 1201
###lsm 1202 1203
###lsm 1204 1203
###lsm 1204 1205
###lsm 1206 1205
###lsm 1206 1207
###lsm 1208 1207
###lsm 1208 1209
###lsm 1208 1210
###lsm 1211 1210
###lsm 1211 1212
###lsm 1213 1212
###lsm 1213 1214
###lsm 1215 1214
###lsm 1215 1216
###lsm 1217 1216
###lsm 1217 1218
###lsm 1217 1219
###lsm 1220 1219
###lsm 1220 1221
###lsm 1222 1221
###lsm 1222 1223
###lsm 1223 1224
###lsm 1224 1225
###lsm 1225 1226
###lsm 1230 1231
###lsm 1231 1232
###lsm 1232 1233
###lsm 1233 1234
###lsm 1234 1235
###lsm 1236 1235
###lsm 1236 1237
###lsm 1238 1237
###lsm 1239 1238
###lsm 1238 1240
###lsm 1241 1240
###lsm 1241 1242
###lsm 1243 1242
###lsm 1243 1244
###lsm 1245 1244
###lsm 1245 1246
###lsm 1245 1247
###lsm 1248 1247
###lsm 1248 1249
###lsm 1250 1249
###lsm 1250 1251
###lsm 1252 1251
###lsm 1252 1253
###lsm 1254 1253
###lsm 1254 1255
###lsm 1256 1255
###lsm 1256 1257
###lsm 1256 1258
###lsm 1259 1258
###lsm 1259 1260
###lsm 1261 1260
###lsm 1261 1262
###lsm 1263 1262
###lsm 1263 1264
###lsm 1265 1264
###lsm 1265 1266
###lsm 1265 1267
###lsm 1268 1267
###lsm 1268 1269
###lsm 1270 1269
###lsm 1270 1271
###lsm 1272 1271
###lsm 1272 1273
###lsm 1274 1273
###lsm 1274 1275
###lsm 1274 1276
###lsm 1277 1276
###lsm 1277 1278
###lsm 1279 1278
###lsm 1280 1279
###lsm 1285 1228
###lsm 1285 1230
###lsm 1286 1230
###lsm 1286 1232
###lsm 1287 1232
###lsm 1287 1234
###lsm 1288 1234
###lsm 1288 1236
###lsm 1289 1236
###lsm 1289 1238
###lsm 1289 1241
###lsm 1290 1241
###lsm 1290 1243
###lsm 1291 1243
###lsm 1291 1245
###lsm 1292 1245
###lsm 1292 1248
###lsm 1293 1248
###lsm 1293 1250
###lsm 1293 1252
###lsm 1294 1252
###lsm 1294 1254
###lsm 1295 1254
###lsm 1295 1256
###lsm 1296 1256
###lsm 1296 1259
###lsm 1297 1259
###lsm 1297 1261
###lsm 1298 1261
###lsm 1298 1263
###lsm 1298 1265
###lsm 1299 1265
###lsm 1299 1268
###lsm 1300 1268
###lsm 1300 1270
###lsm 1301 1270
###lsm 1301 1272
###lsm 1302 1272
###lsm 1302 1274
###lsm 1302 1277
###lsm 1303 1277
###lsm 1303 1279
###lsm 1304 1279
###lsm 1304 1281
###lsm 1305 1281
###lsm 1305 1283
###lsm 1306 1283
###lsm 1306 1171
###lsm 1306 1173
###lsm 1307 1173
###lsm 1307 1175
###lsm 1308 1175
###lsm 1308 1177
###lsm 1309 1177
###lsm 1309 1179
###lsm 1310 1179
###lsm 1310 1181
###lsm 1310 1184
###lsm 1311 1184
###lsm 1311 1186
###lsm 1312 1186
###lsm 1312 1188
###lsm 1313 1188
###lsm 1313 1191
###lsm 1314 1191
###lsm 1314 1193
###lsm 1314 1195
###lsm 1315 1195
###lsm 1315 1197
###lsm 1316 1197
###lsm 1316 1199
###lsm 1317 1199
###lsm 1317 1202
###lsm 1318 1202
###lsm 1318 1204
###lsm 1319 1204
###lsm 1319 1206
###lsm 1319 1208
###lsm 1320 1208
###lsm 1320 1211
###lsm 1321 1211
###lsm 1321 1213
###lsm 1322 1213
###lsm 1322 1215
###lsm 1323 1215
###lsm 1323 1217
###lsm 1323 1220
###lsm 1324 1220
###lsm 1324 1222
###lsm 1325 1222
###lsm 1325 1224
###lsm 1326 1224
###lsm 1326 1226
###lsm 1226 1285
###lsm 1306 1327
###lsm 1306 1328
###lsm 1305 1328
###lsm 1305 1329
###lsm 1304 1329
###lsm 1304 1330
###lsm 1303 1330
###lsm 1303 1331
###lsm 1302 1331
###lsm 1302 1332
###lsm 1301 1332
###lsm 1301 1333
###lsm 1300 1333
###lsm 1300 1334
###lsm 1299 1334
###lsm 1299 1335
###lsm 1298 1335
###lsm 1298 1336
###lsm 1297 1336
###lsm 1297 1337
###lsm 1296 1337
###lsm 1296 1338
###lsm 1295 1338
###lsm 1295 1339
###lsm 1294 1339
###lsm 1294 1340
###lsm 1293 1340
###lsm 1293 1341
###lsm 1292 1341
###lsm 1292 1342
###lsm 1291 1342
###lsm 1291 1343
###lsm 1290 1343
###lsm 1290 1344
###lsm 1289 1344
###lsm 1289 1345
###lsm 1288 1345
###lsm 1288 1346
###lsm 1347 1346
###lsm 1347 1348
###lsm 1288 1347
###lsm 1288 1348
###lsm 1287 1348
###lsm 1287 1349
###lsm 1350 1349
###lsm 1351 1349
###lsm 1349 1348
###lsm 1327 1307
###lsm 1352 1307
###lsm 1352 1308
###lsm 1353 1308
###lsm 1353 1309
###lsm 1354 1309
###lsm 1354 1310
###lsm 1355 1310
###lsm 1355 1311
###lsm 1356 1311
###lsm 1356 1312
###lsm 1357 1312
###lsm 1357 1313
###lsm 1358 1313
###lsm 1358 1314
###lsm 1359 1314
###lsm 1359 1315
###lsm 1360 1315
###lsm 1360 1316
###lsm 1361 1316
###lsm 1361 1317
###lsm 1362 1317
###lsm 1362 1318
###lsm 1363 1318
###lsm 1363 1319
###lsm 1364 1319
###lsm 1364 1320
###lsm 1365 1320
###lsm 1365 1321
###lsm 1366 1321
###lsm 1366 1322
###lsm 1367 1322
###lsm 1367 1323
###lsm 1368 1323
###lsm 1368 1369
###lsm 1370 1369
###lsm 1370 1324
###lsm 1324 1369
###lsm 1369 1323
###lsm 1325 1371
###lsm 1325 1372
###lsm 1370 1325
###lsm 1370 1372
###lsm 1373 1372
###lsm 1372 1371
###lsm 1326 1374
###lsm 1326 1375
###lsm 1371 1326
###lsm 1371 1375
###lsm 1376 1375
###lsm 1375 1374
###lsm 1285 1377
###lsm 1285 1378
###lsm 1379 1378
###lsm 1379 1380
###lsm 1287 1350
###lsm 1286 1350
###lsm 1350 1382
###lsm 1286 1382
###lsm 1377 1286
###lsm 1377 1382
###lsm 1382 1383
###lsm 1385 1360
###lsm 1360 1361
###lsm 1385 1361
###lsm 1386 1361
###lsm 1387 1361
###lsm 1361 1362
###lsm 1387 1362
###lsm 1388 1362
###lsm 1362 1363
###lsm 1388 1363
###lsm 1389 1363
###lsm 1390 1363
###lsm 1363 1364
###lsm 1390 1364
###lsm 1391 1364
###lsm 1364 1365
###lsm 1391 1365
###lsm 1392 1365
###lsm 1393 1365
###lsm 1365 1366
###lsm 1393 1366
###lsm 1394 1366
###lsm 1366 1367
###lsm 1394 1367
###lsm 1395 1367
###lsm 1367 1368
###lsm 1360 1384
###lsm 1359 1360
###lsm 1359 1384
###lsm 1359 1396
###lsm 1358 1359
###lsm 1358 1396
###lsm 1358 1397
###lsm 1357 1358
###lsm 1357 1397
###lsm 1357 1398
###lsm 1356 1357
###lsm 1356 1398
###lsm 1356 1399
###lsm 1355 1356
###lsm 1355 1399
###lsm 1355 1400
###lsm 1354 1355
###lsm 1354 1400
###lsm 1354 1401
###lsm 1353 1354
###lsm 1353 1401
###lsm 1353 1402
###lsm 1352 1353
###lsm 1352 1402
###lsm 1352 1403
###lsm 1327 1352
###lsm 1327 1403
###lsm 1327 1404
###lsm 1328 1327
###lsm 1328 1404
###lsm 1328 1405
###lsm 1328 1406
###lsm 1329 1328
###lsm 1329 1406
###lsm 1329 1407
###lsm 1330 1329
###lsm 1330 1407
###lsm 1330 1408
###lsm 1331 1330
###lsm 1331 1408
###lsm 1331 1409
###lsm 1332 1331
###lsm 1332 1409
###lsm 1332 1410
###lsm 1333 1332
###lsm 1333 1410
###lsm 1333 1411
###lsm 1334 1333
###lsm 1334 1411
###lsm 1334 1412
###lsm 1335 1334
###lsm 1335 1412
###lsm 1335 1413
###lsm 1336 1335
###lsm 1336 1413
###lsm 1336 1414
###lsm 1337 1336
###lsm 1337 1414
###lsm 1337 1415
###lsm 1338 1337
###lsm 1338 1415
###lsm 1338 1416
###lsm 1339 1338
###lsm 1339 1416
###lsm 1339 1417
###lsm 1339 1418
###lsm 1340 1339
###lsm 1340 1418
###lsm 1340 1419
###lsm 1341 1340
###lsm 1341 1419
###lsm 1341 1420
###lsm 1341 1421
###lsm 1342 1341
###lsm 1342 1421
###lsm 1342 1422
###lsm 1343 1342
###lsm 1343 1422
###lsm 1343 1423
###lsm 1343 1424
###lsm 1344 1343
###lsm 1344 1424
###lsm 1344 1425
###lsm 1345 1344
###lsm 1345 1425
###lsm 1345 1426
###lsm 1346 1345
###lsm 1379 1381
###lsm 1285 1379
###lsm 1285 1381
###lsm 1374 1285
###lsm 1429 1428
###lsm 1429 1430
###lsm 1431 1430
###lsm 1431 1432
###lsm 1433 1432
###lsm 1433 1434
###lsm 1435 1434
###lsm 1435 1436
###lsm 1437 1436
###lsm 1437 1438
###lsm 1439 1438
###lsm 1439 1440
###lsm 1441 1440
###lsm 1441 1442
###lsm 1443 1442
###lsm 1443 1444
###lsm 1445 1444
###lsm 1445 1446
###lsm 1447 1446
###lsm 1447 1448
###lsm 1449 1448
###lsm 1449 1450
###lsm 1451 1450
###lsm 1451 1452
###lsm 1453 1452
###lsm 1453 1454
###lsm 1455 1454
###lsm 1455 1456
###lsm 1457 1456
###lsm 1457 1458
###lsm 1459 1458
###lsm 1459 1460
###lsm 1461 1460
###lsm 1461 1462
###lsm 1463 1462
###lsm 1463 1464
###lsm 1465 1464
###lsm 1465 1466
###lsm 1467 1466
###lsm 1467 1468
###lsm 1469 1468
###lsm 1469 1470
###lsm 1471 1470
###lsm 1471 1472
###lsm 1473 1472
###lsm 1473 1474
###lsm 1475 1474
###lsm 1475 1476
###lsm 1477 1476
###lsm 1477 1478
###lsm 1479 1478
###lsm 1479 1480
###lsm 1481 1480
###lsm 1481 1482
###lsm 1483 1482
###lsm 1483 1484
###lsm 1485 1484
###lsm 1485 1486
###lsm 1487 1486
###lsm 1487 1488
###lsm 1489 1488
###lsm 1489 1490
###lsm 1491 1490
###lsm 1491 1492
###lsm 1493 1492
###lsm 1493 1494
###lsm 1495 1494
###lsm 1495 1496
###lsm 1497 1496
###lsm 1497 1498
###lsm 1499 1498
###lsm 1499 1500
###lsm 1501 1500
###lsm 1501 1502
###lsm 1503 1502
###lsm 1503 1504
###lsm 1505 1504
###lsm 1505 1506
###lsm 1507 1506
###lsm 1507 1508
###lsm 1509 1508
###lsm 1509 1510
###lsm 1427 1510
###lsm 1428 1427
###lsm 1385 1494
###lsm 1494 1492
###lsm 1385 1492
###lsm 1384 1385
###lsm 1384 1492
###lsm 1492 1490
###lsm 1384 1490
###lsm 1396 1384
###lsm 1396 1490
###lsm 1490 1488
###lsm 1396 1488
###lsm 1397 1396
###lsm 1397 1488
###lsm 1488 1486
###lsm 1397 1486
###lsm 1398 1397
###lsm 1398 1486
###lsm 1486 1484
###lsm 1398 1484
###lsm 1399 1398
###lsm 1399 1484
###lsm 1484 1482
###lsm 1399 1482
###lsm 1400 1399
###lsm 1400 1482
###lsm 1482 1480
###lsm 1400 1480
###lsm 1401 1400
###lsm 1401 1480
###lsm 1480 1478
###lsm 1401 1478
###lsm 1402 1401
###lsm 1402 1478
###lsm 1478 1476
###lsm 1402 1476
###lsm 1403 1402
###lsm 1403 1476
###lsm 1476 1474
###lsm 1403 1474
###lsm 1404 1403
###lsm 1404 1474
###lsm 1474 1472
###lsm 1404 1472
###lsm 1405 1404
###lsm 1405 1472
###lsm 1406 1405
###lsm 1406 1472
###lsm 1472 1470
###lsm 1406 1470
###lsm 1407 1406
###lsm 1407 1470
###lsm 1470 1468
###lsm 1407 1468
###lsm 1408 1407
###lsm 1408 1468
###lsm 1468 1466
###lsm 1408 1466
###lsm 1409 1408
###lsm 1409 1466
###lsm 1466 1464
###lsm 1409 1464
###lsm 1410 1409
###lsm 1410 1464
###lsm 1464 1462
###lsm 1410 1462
###lsm 1411 1410
###lsm 1411 1462
###lsm 1462 1460
###lsm 1411 1460
###lsm 1412 1411
###lsm 1412 1460
###lsm 1460 1458
###lsm 1412 1458
###lsm 1413 1412
###lsm 1413 1458
###lsm 1458 1456
###lsm 1413 1456
###lsm 1414 1413
###lsm 1414 1456
###lsm 1456 1454
###lsm 1414 1454
###lsm 1415 1414
###lsm 1415 1454
###lsm 1454 1452
###lsm 1415 1452
###lsm 1416 1415
###lsm 1416 1452
###lsm 1452 1450
###lsm 1416 1450
###lsm 1512 1450
###lsm 1450 1448
###lsm 1512 1448
###lsm 1513 1448
###lsm 1448 1446
###lsm 1513 1446
###lsm 1514 1446
###lsm 1446 1444
###lsm 1514 1444
###lsm 1515 1444
###lsm 1444 1442
###lsm 1515 1442
###lsm 1516 1442
###lsm 1442 1440
###lsm 1516 1440
###lsm 1517 1440
###lsm 1440 1438
###lsm 1517 1438
###lsm 1518 1438
###lsm 1438 1436
###lsm 1518 1436
###lsm 1519 1436
###lsm 1436 1434
###lsm 1519 1434
###lsm 1520 1434
###lsm 1434 1432
###lsm 1520 1432
###lsm 1521 1432
###lsm 1432 1430
###lsm 1521 1430
###lsm 1522 1430
###lsm 1523 1430
###lsm 1430 1428
###lsm 1523 1428
###lsm 1524 1428
###lsm 1428 1510
###lsm 1524 1510
###lsm 1525 1510
###lsm 1510 1508
###lsm 1525 1508
###lsm 1526 1508
###lsm 1508 1506
###lsm 1526 1506
###lsm 1527 1506
###lsm 1506 1504
###lsm 1527 1504
###lsm 1528 1504
###lsm 1504 1502
###lsm 1528 1502
###lsm 1529 1502
###lsm 1502 1500
###lsm 1529 1500
###lsm 1530 1500
###lsm 1500 1498
###lsm 1530 1498
###lsm 1531 1498
###lsm 1498 1496
###lsm 1531 1496
###lsm 1511 1496
###lsm 1496 1494
###lsm 1494 1511
###lsm 1534 1535
###lsm 1536 1535
###lsm 1536 1537
###lsm 1538 1537
###lsm 1538 1539
###lsm 1540 1539
###lsm 1540 1541
###lsm 1542 1541
###lsm 1542 1543
###lsm 1542 1544
###lsm 1545 1544
###lsm 1545 1546
###lsm 1547 1546
###lsm 1547 1548
###lsm 1549 1548
###lsm 1549 1550
###lsm 1549 1551
###lsm 1552 1551
###lsm 1552 1553
###lsm 1554 1553
###lsm 1554 1555
###lsm 1556 1555
###lsm 1556 1557
###lsm 1558 1557
###lsm 1558 1559
###lsm 1560 1559
###lsm 1560 1561
###lsm 1560 1562
###lsm 1563 1562
###lsm 1563 1564
###lsm 1565 1564
###lsm 1565 1566
###lsm 1567 1566
###lsm 1567 1568
###lsm 1569 1568
###lsm 1569 1570
###lsm 1569 1571
###lsm 1572 1571
###lsm 1572 1573
###lsm 1574 1573
###lsm 1574 1575
###lsm 1576 1575
###lsm 1576 1577
###lsm 1578 1577
###lsm 1578 1579
###lsm 1578 1580
###lsm 1581 1580
###lsm 1581 1582
###lsm 1583 1582
###lsm 1583 1584
###lsm 1584 1585
###lsm 1591 1592
###lsm 1592 1593
###lsm 1593 1594
###lsm 1595 1594
###lsm 1595 1596
###lsm 1597 1596
###lsm 1597 1598
###lsm 1599 1598
###lsm 1599 1600
###lsm 1599 1601
###lsm 1602 1601
###lsm 1602 1603
###lsm 1604 1603
###lsm 1604 1605
###lsm 1606 1605
###lsm 1606 1607
###lsm 1606 1608
###lsm 1609 1608
###lsm 1609 1610
###lsm 1611 1610
###lsm 1611 1612
###lsm 1613 1612
###lsm 1613 1614
###lsm 1615 1614
###lsm 1615 1616
###lsm 1617 1616
###lsm 1617 1618
###lsm 1617 1619
###lsm 1620 1619
###lsm 1620 1621
###lsm 1622 1621
###lsm 1622 1623
###lsm 1624 1623
###lsm 1624 1625
###lsm 1626 1625
###lsm 1626 1627
###lsm 1626 1628
###lsm 1629 1628
###lsm 1629 1630
###lsm 1631 1630
###lsm 1631 1632
###lsm 1633 1632
###lsm 1633 1634
###lsm 1635 1634
###lsm 1635 1636
###lsm 1635 1637
###lsm 1638 1637
###lsm 1638 1639
###lsm 1640 1639
###lsm 1640 1641
###lsm 1642 1641
###lsm 1643 1642
###lsm 1646 1589
###lsm 1646 1591
###lsm 1647 1591
###lsm 1647 1593
###lsm 1648 1593
###lsm 1648 1595
###lsm 1649 1595
###lsm 1649 1597
###lsm 1650 1597
###lsm 1650 1599
###lsm 1650 1602
###lsm 1651 1602
###lsm 1651 1604
###lsm 1652 1604
###lsm 1652 1606
###lsm 1653 1606
###lsm 1653 1609
###lsm 1654 1609
###lsm 1654 1611
###lsm 1654 1613
###lsm 1655 1613
###lsm 1655 1615
###lsm 1656 1615
###lsm 1656 1617
###lsm 1657 1617
###lsm 1657 1620
###lsm 1658 1620
###lsm 1658 1622
###lsm 1659 1622
###lsm 1659 1624
###lsm 1659 1626
###lsm 1660 1626
###lsm 1660 1629
###lsm 1661 1629
###lsm 1661 1631
###lsm 1662 1631
###lsm 1662 1633
###lsm 1663 1633
###lsm 1663 1635
###lsm 1663 1638
###lsm 1664 1638
###lsm 1664 1640
###lsm 1665 1640
###lsm 1665 1642
###lsm 1666 1642
###lsm 1666 1644
###lsm 1667 1644
###lsm 1667 1532
###lsm 1667 1534
###lsm 1668 1534
###lsm 1668 1536
###lsm 1669 1536
###lsm 1669 1538
###lsm 1670 1538
###lsm 1670 1540
###lsm 1671 1540
###lsm 1671 1542
###lsm 1671 1545
###lsm 1672 1545
###lsm 1672 1547
###lsm 1673 1547
###lsm 1673 1549
###lsm 1674 1549
###lsm 1674 1552
###lsm 1675 1552
###lsm 1675 1554
###lsm 1675 1556
###lsm 1676 1556
###lsm 1676 1558
###lsm 1677 1558
###lsm 1677 1560
###lsm 1678 1560
###lsm 1678 1563
###lsm 1679 1563
###lsm 1679 1565
###lsm 1680 1565
###lsm 1680 1567
###lsm 1680 1569
###lsm 1681 1569
###lsm 1681 1572
###lsm 1682 1572
###lsm 1682 1574
###lsm 1683 1574
###lsm 1683 1576
###lsm 1684 1576
###lsm 1684 1578
###lsm 1684 1581
###lsm 1685 1581
###lsm 1685 1583
###lsm 1686 1583
###lsm 1686 1585
###lsm 1687 1585
###lsm 1687 1587
###lsm 1587 1646
###lsm 1667 1374
###lsm 1667 1381
###lsm 1688 1381
###lsm 1688 1380
###lsm 1668 1371
###lsm 1668 1689
###lsm 1374 1668
###lsm 1374 1689
###lsm 1376 1689
###lsm 1689 1371
###lsm 1669 1370
###lsm 1669 1690
###lsm 1371 1669
###lsm 1371 1690
###lsm 1373 1690
###lsm 1690 1370
###lsm 1670 1691
###lsm 1670 1368
###lsm 1692 1368
###lsm 1692 1370
###lsm 1370 1670
###lsm 1670 1692
###lsm 1691 1671
###lsm 1693 1671
###lsm 1693 1672
###lsm 1694 1672
###lsm 1694 1673
###lsm 1695 1673
###lsm 1695 1674
###lsm 1696 1674
###lsm 1696 1675
###lsm 1697 1675
###lsm 1697 1676
###lsm 1698 1676
###lsm 1698 1677
###lsm 1699 1677
###lsm 1699 1678
###lsm 1700 1678
###lsm 1700 1679
###lsm 1701 1679
###lsm 1701 1680
###lsm 1702 1680
###lsm 1702 1681
###lsm 1703 1681
###lsm 1703 1682
###lsm 1704 1682
###lsm 1704 1683
###lsm 1705 1683
###lsm 1705 1684
###lsm 1706 1684
###lsm 1706 1685
###lsm 1707 1685
###lsm 1707 1686
###lsm 1708 1686
###lsm 1708 1687
###lsm 1709 1687
###lsm 1709 1646
###lsm 1710 1646
###lsm 1710 1647
###lsm 1711 1647
###lsm 1711 1648
###lsm 1712 1648
###lsm 1712 1649
###lsm 1713 1649
###lsm 1713 1650
###lsm 1714 1650
###lsm 1714 1651
###lsm 1715 1651
###lsm 1715 1652
###lsm 1716 1652
###lsm 1716 1653
###lsm 1717 1653
###lsm 1717 1654
###lsm 1718 1654
###lsm 1718 1655
###lsm 1719 1655
###lsm 1719 1656
###lsm 1720 1656
###lsm 1720 1657
###lsm 1721 1657
###lsm 1721 1658
###lsm 1722 1658
###lsm 1722 1659
###lsm 1723 1659
###lsm 1723 1660
###lsm 1724 1660
###lsm 1724 1661
###lsm 1725 1661
###lsm 1725 1662
###lsm 1726 1662
###lsm 1726 1663
###lsm 1346 1663
###lsm 1346 1727
###lsm 1348 1727
###lsm 1348 1664
###lsm 1664 1727
###lsm 1727 1663
###lsm 1665 1350
###lsm 1665 1728
###lsm 1348 1665
###lsm 1348 1728
###lsm 1351 1728
###lsm 1728 1350
###lsm 1666 1377
###lsm 1377 1729
###lsm 1666 1729
###lsm 1350 1666
###lsm 1350 1729
###lsm 1729 1383
###lsm 1385 1386
###lsm 1385 1698
###lsm 1698 1699
###lsm 1385 1699
###lsm 1511 1385
###lsm 1511 1699
###lsm 1699 1700
###lsm 1511 1700
###lsm 1531 1511
###lsm 1531 1700
###lsm 1700 1701
###lsm 1531 1701
###lsm 1530 1531
###lsm 1530 1701
###lsm 1701 1702
###lsm 1530 1702
###lsm 1529 1530
###lsm 1529 1702
###lsm 1702 1703
###lsm 1529 1703
###lsm 1528 1529
###lsm 1528 1703
###lsm 1703 1704
###lsm 1528 1704
###lsm 1527 1528
###lsm 1527 1704
###lsm 1704 1705
###lsm 1527 1705
###lsm 1526 1527
###lsm 1526 1705
###lsm 1705 1706
###lsm 1526 1706
###lsm 1525 1526
###lsm 1525 1706
###lsm 1706 1707
###lsm 1525 1707
###lsm 1524 1525
###lsm 1524 1707
###lsm 1707 1708
###lsm 1524 1708
###lsm 1523 1524
###lsm 1523 1708
###lsm 1708 1709
###lsm 1523 1709
###lsm 1522 1523
###lsm 1522 1709
###lsm 1521 1522
###lsm 1521 1709
###lsm 1709 1710
###lsm 1521 1710
###lsm 1520 1521
###lsm 1520 1710
###lsm 1710 1711
###lsm 1520 1711
###lsm 1519 1520
###lsm 1519 1711
###lsm 1711 1712
###lsm 1519 1712
###lsm 1518 1519
###lsm 1518 1712
###lsm 1712 1713
###lsm 1518 1713
###lsm 1517 1518
###lsm 1517 1713
###lsm 1713 1714
###lsm 1517 1714
###lsm 1516 1517
###lsm 1516 1714
###lsm 1714 1715
###lsm 1516 1715
###lsm 1515 1516
###lsm 1515 1715
###lsm 1715 1716
###lsm 1515 1716
###lsm 1514 1515
###lsm 1514 1716
###lsm 1716 1717
###lsm 1514 1717
###lsm 1513 1514
###lsm 1513 1717
###lsm 1717 1718
###lsm 1513 1718
###lsm 1512 1513
###lsm 1512 1718
###lsm 1718 1719
###lsm 1512 1719
###lsm 1416 1512
###lsm 1416 1719
###lsm 1719 1720
###lsm 1416 1720
###lsm 1417 1416
###lsm 1417 1720
###lsm 1418 1417
###lsm 1418 1720
###lsm 1720 1721
###lsm 1418 1721
###lsm 1419 1418
###lsm 1419 1721
###lsm 1721 1722
###lsm 1419 1722
###lsm 1420 1722
###lsm 1421 1722
###lsm 1722 1723
###lsm 1421 1723
###lsm 1422 1723
###lsm 1723 1724
###lsm 1422 1724
###lsm 1423 1724
###lsm 1424 1724
###lsm 1724 1725
###lsm 1424 1725
###lsm 1425 1725
###lsm 1725 1726
###lsm 1425 1726
###lsm 1426 1726
###lsm 1726 1346
###lsm 1386 1387
###lsm 1698 1386
###lsm 1698 1387
###lsm 1697 1698
###lsm 1387 1388
###lsm 1697 1387
###lsm 1697 1388
###lsm 1696 1697
###lsm 1696 1388
###lsm 1696 1389
###lsm 1696 1390
###lsm 1695 1696
###lsm 1695 1390
###lsm 1695 1391
###lsm 1694 1695
###lsm 1694 1391
###lsm 1694 1392
###lsm 1694 1393
###lsm 1693 1694
###lsm 1693 1393
###lsm 1693 1394
###lsm 1691 1693
###lsm 1691 1394
###lsm 1691 1395
###lsm 1368 1691
###lsm 1688 1378
###lsm 1667 1688
###lsm 1667 1378
###lsm 1377 1667
###lsm 1734 1735
###lsm 1736 1735
###lsm 1736 1737
###lsm 1738 1737
###lsm 1738 1739
###lsm 1740 1739
###lsm 1740 1741
###lsm 1740 1742
###lsm 1743 1742
###lsm 1743 1744
###lsm 1745 1744
###lsm 1745 1746
###lsm 1747 1746
###lsm 1747 1748
###lsm 1747 1749
###lsm 1750 1749
###lsm 1750 1751
###lsm 1752 1751
###lsm 1752 1753
###lsm 1754 1753
###lsm 1754 1755
###lsm 1756 1755
###lsm 1756 1757
###lsm 1758 1757
###lsm 1758 1759
###lsm 1758 1760
###lsm 1761 1760
###lsm 1761 1762
###lsm 1763 1762
###lsm 1763 1764
###lsm 1765 1764
###lsm 1765 1766
###lsm 1767 1766
###lsm 1767 1768
###lsm 1767 1769
###lsm 1770 1769
###lsm 1770 1771
###lsm 1772 1771
###lsm 1772 1773
###lsm 1774 1773
###lsm 1774 1775
###lsm 1776 1775
###lsm 1776 1777
###lsm 1776 1778
###lsm 1779 1778
###lsm 1779 1780
###lsm 1781 1780
###lsm 1782 1781
###lsm 1783 1782
###lsm 1783 1784
###lsm 1784 1785
###lsm 1793 1794
###lsm 1794 1795
###lsm 1797 1796
###lsm 1798 1797
###lsm 1797 1799
###lsm 1800 1799
###lsm 1800 1801
###lsm 1802 1801
###lsm 1802 1803
###lsm 1804 1803
###lsm 1804 1805
###lsm 1804 1806
###lsm 1807 1806
###lsm 1807 1808
###lsm 1809 1808
###lsm 1809 1810
###lsm 1811 1810
###lsm 1811 1812
###lsm 1812 1813
###lsm 1471 1787
###lsm 1471 1789
###lsm 1469 1789
###lsm 1469 1791
###lsm 1467 1791
###lsm 1467 1793
###lsm 1465 1793
###lsm 1465 1795
###lsm 1463 1795
###lsm 1463 1797
###lsm 1463 1800
###lsm 1461 1800
###lsm 1461 1802
###lsm 1459 1802
###lsm 1459 1804
###lsm 1457 1804
###lsm 1457 1807
###lsm 1455 1807
###lsm 1455 1809
###lsm 1455 1811
###lsm 1453 1811
###lsm 1453 1813
###lsm 1451 1813
###lsm 1451 1815
###lsm 1449 1815
###lsm 1449 1818
###lsm 1447 1818
###lsm 1447 1820
###lsm 1445 1820
###lsm 1445 1822
###lsm 1445 1824
###lsm 1443 1824
###lsm 1443 1827
###lsm 1441 1827
###lsm 1441 1829
###lsm 1439 1829
###lsm 1439 1831
###lsm 1437 1831
###lsm 1437 1833
###lsm 1437 1836
###lsm 1435 1836
###lsm 1435 1838
###lsm 1433 1838
###lsm 1433 1840
###lsm 1431 1840
###lsm 1431 1842
###lsm 1429 1842
###lsm 1429 1730
###lsm 1429 1732
###lsm 1427 1732
###lsm 1427 1734
###lsm 1509 1734
###lsm 1509 1736
###lsm 1507 1736
###lsm 1507 1738
###lsm 1505 1738
###lsm 1505 1740
###lsm 1505 1743
###lsm 1503 1743
###lsm 1503 1745
###lsm 1501 1745
###lsm 1501 1747
###lsm 1499 1747
###lsm 1499 1750
###lsm 1497 1750
###lsm 1497 1752
###lsm 1497 1754
###lsm 1495 1754
###lsm 1495 1756
###lsm 1493 1756
###lsm 1493 1758
###lsm 1491 1758
###lsm 1491 1761
###lsm 1489 1761
###lsm 1489 1763
###lsm 1487 1763
###lsm 1487 1765
###lsm 1487 1767
###lsm 1485 1767
###lsm 1485 1770
###lsm 1483 1770
###lsm 1483 1772
###lsm 1481 1772
###lsm 1481 1774
###lsm 1479 1774
###lsm 1479 1776
###lsm 1479 1779
###lsm 1477 1779
###lsm 1477 1781
###lsm 1475 1781
###lsm 1475 1783
###lsm 1473 1783
###lsm 1473 1785
###lsm 1785 1471
###lsm 1846 1845
###lsm 1846 1847
###lsm 1848 1847
###lsm 1848 1849
###lsm 1850 1849
###lsm 1850 1851
###lsm 1852 1851
###lsm 1852 1853
###lsm 1854 1853
###lsm 1854 1855
###lsm 1856 1855
###lsm 1856 1857
###lsm 1858 1857
###lsm 1858 1859
###lsm 1860 1859
###lsm 1860 1861
###lsm 1862 1861
###lsm 1862 1863
###lsm 1864 1863
###lsm 1864 1865
###lsm 1866 1865
###lsm 1866 1867
###lsm 1868 1867
###lsm 1868 1869
###lsm 1870 1869
###lsm 1870 1871
###lsm 1872 1871
###lsm 1872 1873
###lsm 1874 1873
###lsm 1874 1875
###lsm 1876 1875
###lsm 1876 1877
###lsm 1878 1877
###lsm 1878 1879
###lsm 1880 1879
###lsm 1880 1881
###lsm 1882 1881
###lsm 1882 1883
###lsm 1884 1883
###lsm 1884 1885
###lsm 1886 1885
###lsm 1886 1887
###lsm 1888 1887
###lsm 1888 1889
###lsm 1890 1889
###lsm 1890 1891
###lsm 1892 1891
###lsm 1892 1893
###lsm 1894 1893
###lsm 1894 1895
###lsm 1896 1895
###lsm 1896 1897
###lsm 1898 1897
###lsm 1898 1899
###lsm 1900 1899
###lsm 1900 1901
###lsm 1900 1902
###lsm 1903 1902
###lsm 1903 1904
###lsm 1905 1904
###lsm 1905 1906
###lsm 1907 1906
###lsm 1907 1908
###lsm 1909 1908
###lsm 1909 1910
###lsm 1911 1910
###lsm 1911 1912
###lsm 1913 1912
###lsm 1913 1914
###lsm 1915 1914
###lsm 1915 1916
###lsm 1917 1916
###lsm 1917 1918
###lsm 1919 1918
###lsm 1919 1920
###lsm 1921 1920
###lsm 1921 1922
###lsm 1923 1922
###lsm 1923 1924
###lsm 1925 1924
###lsm 1925 1926
###lsm 1927 1926
###lsm 1927 1928
###lsm 1929 1928
###lsm 1929 1930
###lsm 1931 1930
###lsm 1931 1932
###lsm 1933 1932
###lsm 1933 1934
###lsm 1935 1934
###lsm 1935 1936
###lsm 1937 1936
###lsm 1937 1938
###lsm 1939 1938
###lsm 1939 1940
###lsm 1941 1940
###lsm 1941 1942
###lsm 1943 1942
###lsm 1943 1944
###lsm 1945 1944
###lsm 1945 1946
###lsm 1947 1946
###lsm 1947 1948
###lsm 1949 1948
###lsm 1949 1950
###lsm 1951 1950
###lsm 1951 1952
###lsm 1953 1952
###lsm 1953 1954
###lsm 1953 1955
###lsm 1956 1955
###lsm 1956 1957
###lsm 1958 1957
###lsm 1958 1959
###lsm 1960 1959
###lsm 1960 1961
###lsm 1962 1961
###lsm 1962 1963
###lsm 1964 1963
###lsm 1964 1965
###lsm 1966 1965
###lsm 1966 1967
###lsm 1968 1967
###lsm 1968 1969
###lsm 1970 1969
###lsm 1970 1971
###lsm 1972 1971
###lsm 1972 1973
###lsm 1974 1973
###lsm 1974 1975
###lsm 1976 1975
###lsm 1976 1977
###lsm 1978 1977
###lsm 1978 1979
###lsm 1980 1979
###lsm 1980 1981
###lsm 1982 1981
###lsm 1982 1983
###lsm 1984 1983
###lsm 1984 1985
###lsm 1986 1985
###lsm 1986 1987
###lsm 1988 1987
###lsm 1988 1989
###lsm 1990 1989
###lsm 1990 1991
###lsm 1992 1991
###lsm 1992 1993
###lsm 1994 1993
###lsm 1994 1995
###lsm 1996 1995
###lsm 1996 1997
###lsm 1998 1997
###lsm 1998 1999
###lsm 2000 1999
###lsm 2000 2001
###lsm 2002 2001
###lsm 2002 2003
###lsm 2004 2003
###lsm 2004 2005
###lsm 2006 2005
###lsm 2006 1844
###lsm 1844 1846
###lsm 1886 1144
###lsm 1886 1143
###lsm 1888 1146
###lsm 1888 1145
###lsm 1144 1888
###lsm 1146 1890
###lsm 1147 1890
###lsm 1147 1892
###lsm 1148 1892
###lsm 1149 1892
###lsm 1149 1894
###lsm 1150 1894
###lsm 1151 1894
###lsm 1151 1896
###lsm 1152 1896
###lsm 1152 1898
###lsm 1153 1898
###lsm 1153 1900
###lsm 1154 1900
###lsm 1154 1903
###lsm 1155 1903
###lsm 1155 1905
###lsm 1156 1905
###lsm 1156 1907
###lsm 1156 1909
###lsm 1157 1909
###lsm 1157 1911
###lsm 1157 1913
###lsm 1158 1913
###lsm 1158 1915
###lsm 1158 1917
###lsm 1158 1919
###lsm 1159 1919
###lsm 1159 1921
###lsm 1159 1923
###lsm 1159 1925
###lsm 1159 1927
###lsm 2007 1927
###lsm 2007 1929
###lsm 2007 1931
###lsm 2007 1933
###lsm 2007 1935
###lsm 2008 1935
###lsm 2008 1937
###lsm 2008 1939
###lsm 2008 1941
###lsm 2009 1941
###lsm 2009 1943
###lsm 2009 1945
###lsm 2010 1945
###lsm 2010 1947
###lsm 2010 1949
###lsm 2011 1949
###lsm 2011 1951
###lsm 2012 1951
###lsm 2012 1953
###lsm 2013 1953
###lsm 2013 1956
###lsm 2014 1956
###lsm 2014 1958
###lsm 2015 1958
###lsm 2015 1960
###lsm 2016 1960
###lsm 2017 1960
###lsm 2017 1962
###lsm 2018 1962
###lsm 2019 1962
###lsm 2019 1964
###lsm 2020 1964
###lsm 2020 1966
###lsm 2021 1966
###lsm 2022 1966
###lsm 1968 2022
###lsm 2024 1968
###lsm 2024 1970
###lsm 2025 1970
###lsm 2026 1970
###lsm 2026 1972
###lsm 2027 1972
###lsm 2028 1972
###lsm 2028 1974
###lsm 2029 1974
###lsm 2030 1974
###lsm 2030 1976
###lsm 2031 1976
###lsm 2031 1978
###lsm 2032 1978
###lsm 2033 1978
###lsm 2033 1980
###lsm 2034 1980
###lsm 2034 1982
###lsm 2035 1982
###lsm 2035 1984
###lsm 2035 1986
###lsm 2036 1986
###lsm 2036 1988
###lsm 2037 1988
###lsm 2037 1990
###lsm 2037 1992
###lsm 2038 1992
###lsm 2038 1994
###lsm 2038 1996
###lsm 2038 1998
###lsm 2039 1998
###lsm 2039 2000
###lsm 2039 2002
###lsm 2039 2004
###lsm 2040 2004
###lsm 2040 2006
###lsm 2040 1846
###lsm 1165 1846
###lsm 1165 1848
###lsm 1165 1850
###lsm 1166 1850
###lsm 1166 1852
###lsm 1166 1854
###lsm 1166 1856
###lsm 1167 1856
###lsm 1167 1858
###lsm 1167 1860
###lsm 1167 1862
###lsm 1168 1862
###lsm 1168 1864
###lsm 1168 1866
###lsm 1169 1866
###lsm 1169 1868
###lsm 1170 1868
###lsm 1170 1870
###lsm 1170 1872
###lsm 1134 1872
###lsm 1134 1874
###lsm 1133 1874
###lsm 1133 1876
###lsm 1132 1876
###lsm 1135 1876
###lsm 1135 1878
###lsm 1136 1878
###lsm 1136 1880
###lsm 1137 1880
###lsm 1138 1880
###lsm 1138 1882
###lsm 1139 1882
###lsm 1140 1882
###lsm 1140 1884
###lsm 1141 1884
###lsm 1142 1884
###lsm 1886 1142
###lsm 1159 2007
###lsm 1160 2007
###lsm 1160 2041
###lsm 1161 2041
###lsm 1161 2042
###lsm 1162 2042
###lsm 1162 2043
###lsm 1163 2043
###lsm 1163 2044
###lsm 1164 2044
###lsm 1164 2045
###lsm 1165 2045
###lsm 2040 1165
###lsm 522 1946
###lsm 522 1944
###lsm 530 1944
###lsm 530 1942
###lsm 536 1942
###lsm 536 1940
###lsm 538 1940
###lsm 538 1938
###lsm 540 1938
###lsm 540 1787
###lsm 1946 3782
###lsm 1948 3782
###lsm 1948 3783
###lsm 1950 3783
###lsm 1950 3784
###lsm 1952 3784
###lsm 1952 3785
###lsm 1954 3785
###lsm 1954 3786
###lsm 1955 3786
###lsm 1955 3787
###lsm 1957 3787
###lsm 1957 3788
###lsm 1959 3788
###lsm 1959 3789
###lsm 1961 3789
###lsm 1961 3790
###lsm 1963 3790
###lsm 1963 3791
###lsm 1965 3791
###lsm 1965 3792
###lsm 1967 3792
###lsm 1967 3793
###lsm 1969 3793
###lsm 1969 3794
###lsm 1971 3794
###lsm 1971 3795
###lsm 1973 3795
###lsm 1973 3796
###lsm 1975 3796
###lsm 1975 3797
###lsm 1977 3797
###lsm 1977 3798
###lsm 1979 3798
###lsm 1979 3799
###lsm 1981 3799
###lsm 1981 3800
###lsm 1983 3800
###lsm 1983 3801
###lsm 1171 3801
###lsm 1172 3801
###lsm 1172 3802
###lsm 1174 3802
###lsm 1176 3802
###lsm 1178 3802
###lsm 1180 3802
###lsm 1182 3802
###lsm 1182 3803
###lsm 1183 3803
###lsm 1185 3803
###lsm 1187 3803
###lsm 1187 3804
###lsm 1189 3804
###lsm 1190 3804
###lsm 1190 3805
###lsm 1192 3805
###lsm 1194 3805
###lsm 1194 3806
###lsm 1196 3806
###lsm 1198 3806
###lsm 1198 3807
###lsm 1200 3807
###lsm 1201 3807
###lsm 1201 3808
###lsm 1203 3808
###lsm 1205 3808
###lsm 1205 3809
###lsm 1207 3809
###lsm 1209 3809
###lsm 1209 3810
###lsm 1210 3810
###lsm 1212 3810
###lsm 1214 3810
###lsm 1214 3811
###lsm 1216 3811
###lsm 1218 3811
###lsm 1219 3811
###lsm 1219 3812
###lsm 1221 3812
###lsm 1223 3812
###lsm 1225 3812
###lsm 1227 3812
###lsm 1228 3812
###lsm 1228 3813
###lsm 1844 3813
###lsm 1845 3813
###lsm 1845 3814
###lsm 3815 1532
###lsm 3815 1847
###lsm 1845 3815
###lsm 3816 1541
###lsm 3816 1539
###lsm 3817 1546
###lsm 3817 1544
###lsm 3818 1551
###lsm 3818 1550
###lsm 3819 1555
###lsm 3819 1553
###lsm 1551 3819
###lsm 3820 1559
###lsm 3820 1557
###lsm 1555 3820
###lsm 3821 1562
###lsm 3821 1561
###lsm 1559 3821
###lsm 3822 1566
###lsm 3822 1564
###lsm 1562 3822
###lsm 3823 1570
###lsm 3823 1568
###lsm 1566 3823
###lsm 3824 1573
###lsm 3824 1571
###lsm 1570 3824
###lsm 3825 1579
###lsm 3825 1577
###lsm 3826 1588
###lsm 3826 1586
###lsm 3827 1871
###lsm 3827 1869
###lsm 1589 1869
###lsm 1590 1869
###lsm 1592 1869
###lsm 1594 1869
###lsm 1596 1869
###lsm 1598 1869
###lsm 1598 1867
###lsm 1600 1867
###lsm 1601 1867
###lsm 1603 1867
###lsm 1603 1865
###lsm 1605 1865
###lsm 1607 1865
###lsm 1608 1865
###lsm 1608 1863
###lsm 1610 1863
###lsm 1612 1863
###lsm 1612 1861
###lsm 1614 1861
###lsm 1616 1861
###lsm 1616 1859
###lsm 1618 1859
###lsm 1619 1859
###lsm 1619 1857
###lsm 1621 1857
###lsm 1623 1857
###lsm 1623 1855
###lsm 1625 1855
###lsm 1627 1855
###lsm 1627 1853
###lsm 1628 1853
###lsm 1630 1853
###lsm 1630 1851
###lsm 1632 1851
###lsm 1634 1851
###lsm 1636 1851
###lsm 1636 1849
###lsm 1637 1849
###lsm 1639 1849
###lsm 1641 1849
###lsm 1643 1849
###lsm 1645 1849
###lsm 1645 1847
###lsm 1847 1532
###lsm 1871 3828
###lsm 1873 3828
###lsm 1873 3829
###lsm 1875 3829
###lsm 1875 3830
###lsm 1877 3830
###lsm 1877 3831
###lsm 1879 3831
###lsm 1879 3832
###lsm 1881 3832
###lsm 1881 3833
###lsm 1883 3833
###lsm 1883 3834
###lsm 1885 3834
###lsm 1885 3835
###lsm 1887 3835
###lsm 1887 3836
###lsm 1889 3836
###lsm 1889 3837
###lsm 1891 3837
###lsm 1891 3838
###lsm 1893 3838
###lsm 1893 3839
###lsm 1895 3839
###lsm 1895 3840
###lsm 1897 3840
###lsm 1897 3841
###lsm 1899 3841
###lsm 1899 3842
###lsm 1901 3842
###lsm 1901 3843
###lsm 1902 3843
###lsm 1902 3844
###lsm 1904 3844
###lsm 1904 3845
###lsm 1906 3845
###lsm 1906 3846
###lsm 1908 3846
###lsm 1908 534
###lsm 1910 534
###lsm 1910 531
###lsm 1912 531
###lsm 1912 535
###lsm 1914 535
###lsm 1914 537
###lsm 1916 537
###lsm 1916 539
###lsm 1730 539
###lsm 1731 539
###lsm 1733 539
###lsm 1735 539
###lsm 1737 539
###lsm 1739 539
###lsm 1739 541
###lsm 1741 541
###lsm 1742 541
###lsm 1744 541
###lsm 1744 543
###lsm 1746 543
###lsm 1748 543
###lsm 1749 543
###lsm 1749 545
###lsm 1751 545
###lsm 1753 545
###lsm 1753 547
###lsm 1755 547
###lsm 1757 547
###lsm 1757 549
###lsm 1759 549
###lsm 1760 549
###lsm 1760 548
###lsm 1762 548
###lsm 1764 548
###lsm 1764 546
###lsm 1766 546
###lsm 1768 546
###lsm 1768 544
###lsm 1769 544
###lsm 1771 544
###lsm 1771 542
###lsm 1773 542
###lsm 1775 542
###lsm 1777 542
###lsm 1777 540
###lsm 1778 540
###lsm 1780 540
###lsm 1782 540
###lsm 1784 540
###lsm 540 1786
###lsm 1228 1844
###lsm 1228 2005
###lsm 1229 2005
###lsm 1231 2005
###lsm 1233 2005
###lsm 1235 2005
###lsm 1237 2005
###lsm 1239 2005
###lsm 1239 2003
###lsm 1240 2003
###lsm 1242 2003
###lsm 1244 2003
###lsm 1244 2001
###lsm 1246 2001
###lsm 1247 2001
###lsm 1247 1999
###lsm 1249 1999
###lsm 1251 1999
###lsm 1251 1997
###lsm 1253 1997
###lsm 1255 1997
###lsm 1255 1995
###lsm 1257 1995
###lsm 1258 1995
###lsm 1258 1993
###lsm 1260 1993
###lsm 1262 1993
###lsm 1262 1991
###lsm 1264 1991
###lsm 1266 1991
###lsm 1266 1989
###lsm 1267 1989
###lsm 1269 1989
###lsm 1271 1989
###lsm 1271 1987
###lsm 1273 1987
###lsm 1275 1987
###lsm 1276 1987
###lsm 1276 1985
###lsm 1278 1985
###lsm 1280 1985
###lsm 1282 1985
###lsm 1284 1985
###lsm 1171 1985
###lsm 1983 1171
###lsm 1938 1792
###lsm 1938 1790
###lsm 1936 1799
###lsm 1936 1798
###lsm 1934 1805
###lsm 1934 1803
###lsm 1932 1808
###lsm 1932 1806
###lsm 1805 1932
###lsm 1930 1812
###lsm 1930 1810
###lsm 1808 1930
###lsm 1928 1816
###lsm 1928 1814
###lsm 1812 1928
###lsm 1926 1819
###lsm 1926 1817
###lsm 1816 1926
###lsm 1924 1823
###lsm 1924 1821
###lsm 1819 1924
###lsm 1922 1826
###lsm 1922 1825
###lsm 1823 1922
###lsm 1920 1832
###lsm 1920 1830
###lsm 1918 1839
###lsm 1918 1837
###lsm 1916 1730
###lsm 1916 1843
###lsm 1916 1841
###lsm 1839 1916
###lsm 1918 1835
###lsm 1918 1834
###lsm 1832 1918
###lsm 1826 1920
###lsm 1920 1828
###lsm 1799 1934
###lsm 1934 1801
###lsm 1936 1796
###lsm 1936 1794
###lsm 1792 1936
###lsm 1787 1938
###lsm 1938 1788
###lsm 1588 3827
###lsm 3827 1589
###lsm 3826 1584
###lsm 3826 1582
###lsm 3826 1580
###lsm 1579 3826
###lsm 1573 3825
###lsm 3825 1575
###lsm 1546 3818
###lsm 3818 1548
###lsm 1541 3817
###lsm 3817 1543
###lsm 3816 1537
###lsm 3816 1535
###lsm 3816 1533
###lsm 1532 3816
###fch 0 1 2 3 4 5 6 7 8 9 10 11 12 13 14 15 16 17 18 19 20 21 22 23 24 25 26 27 28 29 30 31 32 33
###fch 34 35 36 37 38 39 40 41 42 43 44 45 46 47 48 49 50 51 52 53 54 55 56 57 58 59 60 61 62 63 64 65 66 67 68 69 70 71 72 73 74 75 76 77 78 79 80 81 82 83 84 85 86 87 88 89 90 91 92 93 94 95 96 97 98 99 100 101 102 103 104 105 106 107 108 109 110 111 112 113 114 115 116 117 118 119 120 121 122 123 124 125 126 127 128 129 130 131 132 133 134 135 136 137 138 139 140 141 142 143 144 145 146 147 148 149 150 151 152 153 154 155 156 157 158 159 160 161 162 163 164 165 166 167 168 169 170 171 172 173 174 175 176 177 178 179 180 181 182 183 184 185 186 187 188 189 190 191 192 193 194 195 196 197 198 199 200 201 202 203 204 205 206 207 208 209 210 211 212 213 214 215 216 217 218 219 220 221 222 223 224 225 226 227 228 229 230 231 232 233 234 235 236 237 238 239 240 241 242 243 244 245 246 247 248 249 250 251 252 253 254 255 256 257 258 259 260 261 262 263 264 265 266 267 268 269 270 271 272 273 274 275 276 277 278 279 280 281 282 283 284 285 286 287 288 289 290 291 292 293 294 295 296 297 298 299 300 301 302 303 304 305 306 307 308 309 310 311 312 313 314 315 316 317 318 319 320 321 322 323 324 325 326 327 328 329 330 331 332 333 334 335 336 337 338 339 340 341 342 343 344 345 346 347 348 349 350 351 352 353 354 355 356 357 358 359 360 361 362 363 364 365 366 367 368 369 370 371 372 373 374 375 376 377 378 379 380 381 382 383 384 385 386 387 388 389 390 391 392 393 394 395 396 397 398 399 400 401 402 403 404 405 406 407 408 409 410 411 412 413 414 415 416 417 418 419 420 421 422 423 424 425 426 427 428 429 430 431 432 433 434 435 436 437 438 439 440 441 442 443 444 445 446 447 448 449 450 451 452 453 454 455 456 457 458 459 460 461 462 463 464 465
###fch 466 467 468 469 470 471 472 473 474 475 476 477 478 479 480 481 482 483 484 485 486 487 488 489 490 491 492 493 494 495 496 497 498 499
###fch 512 513 514 515 516 517 518 519 520 521 522 523 524 525 526 527 528 529 530 531 532 533 500 501 502 503 504 505 506 507 508 509 510 511
###fch 534 535 536 537 538 539 540 541 542 543 544 545 546 547 548 549 550 551 552 553 554 555 556 557 558 559 560 561 562 563 564 565 566 567
###fch 568 569 570 571 572 573 574 575 576 577 578 579 580 581 582 583 584 585 586 587 588 589 590 591 592 593 594 595 596 597 598 599 600 601 602 603 604 605 606 607 608 609 610 611 612 613 614 615 616 617 618 619 620 621 622 623 624 625 626 627 628 629 630 631 632 633 634 635 636 637 638 639 640 641 642 643 644 645 646 647 648 649 650 651 652 653 654 655 656 657 658 659 660 661 662 663 664 665 666 667 668 669 670 671 672 673 674 675 676 677 678 679 680 681 682 683 684 685 686 687 688 689 690 691 692 693 694 695 696 697 698 699 700 701 702 703 704 705 706 707 708 709 710 711 712 713 714 715 716 717 718 719 720 721 722 723 724 725 726 727 728 729 730 731 732 733 734 735 736 737 738 739 740 741 742 743 744 745 746 747 748 749 750 751 752 753 754 755 756 757 758 759 760 761 762 763 764 765 766 767 768 769 770 771 772 773 774 775 776 777 778 779 780 781 782 783 784 785 786 787 788 789 790 791 792 793 794 795 796 797 798 799 800 801 802 803 804 805 806 807 808 809 810 811 812 813 814 815 816 817 818 819 820 821 822 823 824 825 826 827 828 829 830 831 832 833 834 835 836 837 838 839 840 841 842 843 844 845 846 847 848 849 850 851 852 853 854 855 856 857 858 859 860 861 862 863 864 865 866 867 868 869 870 871 872 873 874 875 876 877 878 879 880 881 882 883 884 885 886 887 888 889 890 891 892 893 894 895 896 897 898 899 900 901 902 903 904 905 906 907 908 909 910 911 912 913 914 915 916 917 918 919 920 921 922 923 924 925 926 927 928 929 930 931 932 933 934 935 936 937 938 939 940 941 942 943 944 945 946 947 948 949 950 951 952 953 954 955 956 957 958 959 960 961 962 963 964 965 966 967 968 969 970 971 972 973 974 975 976 977 978 979 980 981 982 983 984 985 986 987 988 989 990 991 992 993 994 995 996 997 998 999
###fch 1024 1025 1026 1027 1028 1029 1030 1031 1032 1033 1034 1035 1036 1037 1038 1039 1040 1041 1042 1043 1044 1045 1046 1047 1048 1049 1050 1051 1052 1053 1054 1055 1056 1057 1023
###fch 1085 1086
###fch 1104 1105
###fch 1106 1107
###fch 1108 1109
###fch 1110 1111
###fch 1112 1113
###fch 1114 1115
###fch 1116 1117
###fch 1118 1119
###fch 1120 1121
###fch 1122 1123
###fch 1124 1125
###fch 1126 1127
###fch 1128 1129 1130 1131 1132 1133 1134 1135 1136 1137
###fch 1138 1139 1140 1141 1142 1143 1144 1145 1146 1147 1148 1149 1150 1151 1152 1153 1154 1155 1156 1157 1158 1159 1160 1161 1162 1163 1164 1165 1166 1167 1168 1169 1170 1171 1172 1173 1174 1175 1176 1177 1178 1179 1180 1181 1182 1183 1184 1185 1186 1187 1188 1189 1190 1191 1192 1193 1194 1195 1196 1197 1198 1199 1200 1201 1202 1203 1204 1205 1206 1207 1208 1209 1210 1211 1212 1213 1214 1215 1216 1217 1218 1219 1220 1221 1222 1223 1224 1225 1226 1227 1228 1229 1230 1231 1232 1233 1234 1235 1236 1237 1238 1239 1240 1241 1242 1243 1244 1245 1246 1247 1248 1249 1250 1251 1252 1253 1254 1255 1256 1257 1258 1259 1260 1261 1262 1263 1264 1265 1266 1267 1268 1269 1270 1271 1272 1273 1274 1275 1276 1277 1278 1279 1280 1281 1282 1283 1284 1285 1286 1287 1288 1289 1290 1291 1292 1293 1294 1295 1296 1297 1298 1299 1300 1301 1302 1303 1304 1305 1306 1307 1308 1309 1310 1311 1312 1313 1314 1315 1316 1317 1318 1319 1320 1321 1322 1323 1324 1325 1326 1327 1328 1329 1330 1331 1332 1333 1334 1335 1336 1337 1338 1339 1340 1341 1342 1343 1344 1345 1346 1347 1348 1349 1350 1351 1352 1353 1354 1355 1356 1357 1358 1359 1360 1361 1362 1363 1364 1365 1366 1367 1368 1369 1370 1371 1372 1373 1374 1375 1376 1377 1378 1379 1380 1381 1382 1383 1384 1385 1386 1387 1388 1389 1390 1391 1392 1393 1394 1395 1396 1397 1398 1399 1400 1401 1402 1403 1404 1405 1406 1407 1408 1409 1410 1411 1412 1413 1414 1415 1416 1417 1418 1419 1420 1421 1422 1423 1424 1425 1426 1427 1428 1429 1430 1431 1432 1433 1434 1435 1436 1437 1438 1439 1440 1441 1442 1443 1444 1445 1446 1447 1448 1449 1450 1451 1452 1453 1454 1455 1456 1457 1458 1459 1460 1461 1462 1463 1464 1465 1466 1467 1468 1469 1470 1471 1472 1473 1474 1475 1476 1477 1478 1479 1480 1481 1482 1483 1484 1485 1486 1487 1488 1489 1490 1491 1492 1493 1494 1495 1496 1497 1498 1499 1500 1501 1502 1503 1504 1505 1506 1507 1508 1509 1510 1511 1512 1513 1514 1515 1516 1517 1518 1519 1520 1521 1522 1523 1524 1525 1526 1527 1528 1529 1530 1531 1532 1533 1534 1535 1536 1537 1538 1539 1540 1541 1542 1543 1544 1545 1546 1547 1548 1549 1550 1551 1552 1553 1554 1555 1556 1557 1558 1559 1560 1561 1562 1563 1564 1565 1566 1567 1568 1569 1570 1571 1572 1573 1574 1575 1576 1577 1578 1579 1580 1581 1582 1583 1584 1585 1586 1587 1588 1589 1590 1591 1592 1593 1594 1595 1596 1597 1598 1599 1600 1601 1602 1603 1604 1605 1606 1607 1608 1609 1610 1611 1612 1613 1614 1615 1616 1617 1618 1619 1620 1621 1622 1623 1624 1625 1626 1627 1628 1629 1630 1631 1632 1633 1634 1635 1636 1637 1638 1639 1640 1641 1642 1643 1644 1645 1646 1647 1648 1649 1650 1651 1652 1653 1654 1655 1656 1657 1658 1659 1660 1661 1662 1663 1664 1665 1666 1667 1668 1669 1670 1671 1672 1673 1674 1675 1676 1677 1678 1679 1680 1681 1682 1683 1684 1685 1686 1687 1688 1689 1690 1691 1692 1693 1694 1695 1696 1697 1698 1699 1700 1701 1702 1703 1704 1705 1706 1707 1708 1709 1710 1711 1712 1713 1714 1715 1716 1717 1718 1719 1720 1721 1722 1723 1724 1725 1726 1727 1728 1729 1730 1731 1732 1733 1734 1735 1736 1737 1738 1739 1740 1741 1742 1743 1744 1745 1746 1747 1748 1749 1750 1751 1752 1753 1754 1755 1756 1757 1758 1759 1760 1761 1762 1763 1764 1765 1766 1767 1768 1769 1770 1771 1772 1773 1774 1775 1776 1777 1778 1779 1780 1781 1782 1783 1784 1785 1786 1787 1788 1789 1790 1791 1792 1793 1794 1795 1796 1797 1798 1799 1800 1801 1802 1803 1804 1805 1806 1807 1808 1809 1810 1811 1812 1813 1814 1815 1816 1817 1818 1819 1820 1821 1822 1823 1824 1825 1826 1827 1828 1829 1830 1831 1832 1833 1834 1835 1836 1837 1838 1839 1840 1841 1842 1843 1844 1845 1846 1847 1848 1849 1850 1851 1852 1853 1854 1855 1856 1857 1858 1859 1860 1861 1862 1863 1864 1865 1866 1867 1868 1869 1870 1871 1872 1873 1874 1875 1876 1877 1878 1879 1880 1881 1882 1883 1884 1885 1886 1887 1888 1889 1890 1891 1892 1893 1894 1895 1896 1897 1898 1899 1900 1901 1902 1903 1904 1905 1906 1907 1908 1909 1910 1911 1912 1913 1914 1915 1916 1917 1918 1919 1920 1921 1922 1923 1924 1925 1926 1927 1928 1929 1930 1931 1932 1933 1934 1935 1936 1937 1938 1939 1940 1941 1942 1943 1944 1945 1946
###fch 2029 2030
###fch 2032 2031
###fch 2033 2034
###fch 2035 2036
###fch 2037 2038
###fch 2039 2040 2041 2042 2043 2044 2045 2046 2047 2048 2049 2050 2051 2052 2053 2054 2055 2056 2057 2058 2059 2060 2061 2062 2063 2064 2065 2066 2067 2068 2069 2070 2071 2072 2073 2074 2075 2076 2077 2078 2079 2080 2081 2082 2083 2084 2085 2086 2087 2088 2089 2090 2091 2092 2093 2094 2095 2096 2097 2098 2099 2100 2101 2102 2103 2104 2105 2106 2107 2108 2109 2110 2111 2112 2113 2114 2115 2116 2117 2118 2119 2120 2121 2122 2123 2124 2125 2126 2127 2128 2129 2130 2131 2132 2133 2134 2135 2136 2137 2138 2139 2140 2141 2142 2143 2144 2145 2146 2147 2148 2149 2150 2151 2152 2153 2154 2155 2156 2157 2158 2159 2160 2161 2162 2163 2164 2165 2166 2167 2168 2169 2170 2171 2172 2173 2174 2175 2176 2177 2178 2179 2180 2181 2182 2183 2184 2185 2186 2187 2188 2189 2190 2191 2192 2193 2194 2195 2196 2197 2198 2199 2200 2201 2202 2203 2204 2205 2206 2207 2208 2209 2210 2211 2212 2213 2214 2215 2216 2217 2218 2219 2220 2221 2222 2223 2224 2225 2226 2227 2228 2229 2230 2231 2232 2233 2234 2235 2236 2237 2238 2239 2240 2241 2242 2243 2244 2245 2246 2247 2248 2249 2250 2251 2252 2253 2254 2255 2256 2257 2258 2259 2260 2261 2262 2263 2264 2265 2266 2267 2268 2269 2270 2271 2272 2273 2274 2275 2276 2277 2278 2279 2280 2281 2282 2283 2284 2285 2286 2287 2288 2289 2290 2291 2292 2293 2294 2295 2296 2297 2298 2299 2300 2301 2302 2303 2304 2305 2306 2307 2308 2309 2310 2311 2312 2313 2314 2315 2316 2317 2318 2319 2320 2321 2322 2323 2324 2325 2326 2327 2328 2329 2330 2331 2332 2333 2334 2335 2336 2337 2338 2339 2340 2341 2342 2343 2344 2345 2346 2347 2348 2349 2350 2351 2352 2353 2354 2355 2356 2357 2358 2359 2360 2361 2362 2363 2364 2365 2366 2367 2368 2369 2370 2371 2372 2373 2374 2375 2376 2377 2378 2379 2380 2381 2382 2383 2384 2385 2386 2387 2388 2389 2390 2391 2392 2393 2394 2395 2396 2397 2398 2399 2400 2401 2402 2403 2404 2405 2406 2407 2408 2409 2410 2411 2412 2413 2414 2415 2416 2417 2418 2419 2420 2421 2422 2423 2424 2425 2426 2427 2428 2429 2430 2431 2432 2433 2434 2435 2436 2437 2438 2439 2440 2441 2442 2443 2444 2445 2446 2447 2448 2449 2450 2451 2452 2453 2454 2455 2456 2457 2458 2459 2460 2461 2462 2463 2464 2465 2466 2467 2468 2469 2470 2471 2472 2473 2474 2475 2476 2477 2478 2479 2480 2481 2482 2483 2484 2485 2486 2487 2488 2489 2490 2491 2492 2493 2494 2495 2496 2497 2498 2499 2500 2501 2502 2503 2504 2505 2506 2507 2508 2509 2510 2511 2512 2513 2514 2515 2516 2517 2518 2519 2520 2521 2522 2523 2524 2525 2526 2527 2528 2529 2530 2531 2532 2533 2534 2535 2536 2537 2538 2539 2540 2541 2542 2543 2544 2545 2546 2547 2548 2549 2550 2551 2552 2553 2554 2555 2556 2557 2558 2559 2560 2561 2562 2563 2564 2565 2566 2567 2568 2569 2570 2571 2572 2573 2574 2575 2576 2577 2578 2579 2580 2581 2582 2583 2584 2585 2586 2587 2588 2589 2590 2591 2592 2593 2594 2595 2596 2597 2598 2599 2600 2601 2602 2603 2604 2605 2606 2607 2608 2609 2610 2611 2612 2613 2614 2615 2616 2617 2618 2619 2620 2621 2622 2623 2624 2625 2626 2627 2628 2629 2630 2631 2632 2633 2634 2635 2636 2637 2638 2639 2640 2641 2642 2643 2644 2645 2646 2647 2648 2649 2650 2651 2652 2653 2654 2655 2656 2657 2658 2659 2660 2661 2662 2663 2664 2665 2666 2667 2668 2669 2670 2671 2672 2673 2674 2675 2676 2677 2678 2679 2680 2681 2682 2683 2684 2685 2686 2687 2688 2689 2690 2691 2692 2693 2694 2695 2696 2697 2698 2699 2700 2701 2702 2703 2704 2705 2706 2707 2708 2709 2710 2711 2712 2713 2714 2715 2716 2717 2718 2719 2720 2721 2722 2723 2724 2725 2726 2727 2728 2729 2730 2731 2732 2733 2734 2735 2736 2737 2738 2739 2740 2741 2742 2743 2744 2745 2746 2747 2748 2749 2750 2751 2752 2753 2754 2755 2756 2757 2758 2759 2760 2761 2762 2763 2764 2765 2766 2767 2768 2769 2770 2771 2772 2773 2774 2775 2776 2777 2778 2779 2780 2781 2782 2783 2784 2785 2786 2787 2788 2789 2790 2791 2792 2793 2794 2795 2796 2797 2798 2799 2800 2801 2802 2803 2804 2805 2806 2807 2808 2809 2810 2811 2812 2813 2814 2815 2816 2817 2818 2819 2820 2821 2822 2823 2824 2825 2826 2827 2828 2829 2830 2831 2832 2833 2834 2835 2836 2837 2838 2839 2840 2841 2842 2843 2844 2845 2846 2847 2848 2849 2850 2851 2852 2853 2854 2855 2856 2857 2858 2859 2860 2861 2862 2863 2864 2865 2866 2867 2868 2869 2870 2871 2872 2873 2874 2875 2876 2877 2878 2879 2880 2881 2882 2883 2884 2885 2886 2887 2888 2889 2890 2891 2892 2893 2894 2895 2896 2897 2898 2899 2900 2901 2902 2903 2904 2905 2906 2907 2908 2909 2910 2911 2912 2913 2914 2915 2916 2917 2918 2919 2920 2921 2922 2923 2924 2925 2926 2927 2928 2929 2930 2931 2932 2933 2934 2935 2936 2937 2938 2939 2940 2941 2942 2943 2944 2945 2946 2947 2948 2949 2950 2951 2952 2953 2954 2955 2956 2957 2958 2959 2960 2961 2962 2963 2964 2965 2966 2967 2968 2969 2970 2971 2972 2973 2974 2975 2976 2977 2978 2979 2980 2981 2982 2983 2984 2985 2986 2987 2988 2989 2990 2991 2992 2993 2994 2995 2996 2997 2998 2999 3000 3001 3002 3003 3004 3005 3006 3007 3008 3009 3010 3011 3012 3013 3014 3015 3016 3017 3018 3019 3020 3021 3022 3023 3024 3025 3026 3027 3028 3029 3030 3031 3032 3033 3034 3035 3036 3037 3038 3039 3040 3041 3042 3043 3044 3045 3046 3047 3048 3049 3050 3051 3052 3053 3054 3055 3056 3057 3058 3059 3060 3061 3062 3063 3064 3065 3066 3067 3068 3069 3070 3071 3072 3073 3074 3075 3076 3077 3078 3079 3080 3081 3082 3083 3084 3085 3086 3087 3088 3089 3090 3091 3092 3093 3094 3095 3096 3097 3098 3099 3100 3101 3102 3103 3104 3105 3106 3107 3108 3109 3110 3111 3112 3113 3114 3115 3116 3117 3118 3119 3120 3121 3122 3123 3124 3125 3126 3127 3128 3129 3130 3131 3132 3133 3134 3135 3136 3137 3138 3139 3140 3141 3142 3143 3144 3145 3146 3147 3148 3149 3150 3151 3152 3153 3154 3155 3156 3157 3158 3159 3160 3161 3162 3163 3164 3165 3166 3167 3168 3169 3170 3171 3172 3173 3174 3175 3176 3177 3178 3179 3180 3181 3182 3183 3184 3185 3186 3187 3188 3189 3190 3191 3192 3193 3194 3195 3196 3197 3198 3199 3200 3201 3202 3203 3204 3205 3206 3207 3208 3209 3210 3211 3212 3213 3214 3215 3216 3217 3218 3219 3220 3221 3222 3223 3224 3225 3226 3227 3228 3229 3230 3231 3232 3233 3234 3235 3236 3237 3238 3239 3240 3241 3242 3243 3244 3245 3246 3247 3248 3249 3250 3251 3252 3253 3254 3255 3256 3257 3258 3259 3260 3261 3262 3263 3264 3265 3266 3267 3268 3269 3270 3271 3272 3273 3274 3275 3276 3277 3278 3279 3280 3281 3282 3283 3284 3285 3286 3287 3288 3289 3290 3291 3292 3293 3294 3295 3296 3297 3298 3299 3300 3301 3302 3303 3304 3305 3306 3307 3308 3309 3310 3311 3312 3313 3314 3315 3316 3317 3318 3319 3320 3321 3322 3323 3324 3325 3326 3327 3328 3329 3330 3331 3332 3333 3334 3335 3336 3337 3338 3339 3340 3341 3342 3343 3344 3345 3346 3347 3348 3349 3350 3351 3352 3353 3354 3355 3356 3357 3358 3359 3360 3361 3362 3363 3364 3365 3366 3367 3368 3369 3370 3371 3372 3373 3374 3375 3376 3377 3378 3379 3380 3381 3382 3383 3384 3385 3386 3387 3388 3389 3390 3391 3392 3393 3394 3395 3396 3397 3398 3399 3400 3401 3402 3403 3404 3405 3406 3407 3408 3409 3410 3411 3412 3413 3414 3415 3416 3417 3418 3419 3420 3421 3422 3423 3424 3425 3426 3427 3428 3429 3430 3431 3432 3433 3434 3435 3436 3437 3438 3439 3440 3441 3442 3443 3444 3445 3446 3447 3448 3449 3450 3451 3452 3453 3454 3455 3456 3457 3458 3459 3460 3461 3462 3463 3464 3465 3466 3467 3468 3469 3470 3471 3472 3473 3474 3475 3476 3477 3478 3479 3480 3481 3482 3483 3484 3485 3486 3487 3488 3489 3490 3491 3492 3493 3494 3495 3496 3497 3498 3499 3500 3501 3502 3503 3504 3505 3506 3507 3508 3509 3510 3511 3512 3513 3514 3515 3516 3517 3518 3519 3520 3521 3522 3523 3524 3525 3526 3527 3528 3529 3530 3531 3532 3533 3534 3535 3536 3537 3538 3539 3540 3541 3542 3543 3544 3545 3546 3547 3548 3549 3550 3551 3552 3553 3554 3555 3556 3557 3558 3559 3560 3561 3562 3563 3564 3565 3566 3567 3568 3569 3570 3571 3572 3573 3574 3575 3576 3577 3578 3579 3580 3581 3582 3583 3584 3585 3586 3587 3588 3589 3590 3591 3592 3593 3594 3595 3596 3597 3598 3599 3600 3601 3602 3603 3604 3605 3606 3607 3608 3609 3610 3611 3612 3613 3614 3615 3616 3617 3618 3619 3620 3621 3622 3623 3624 3625 3626 3627 3628 3629 3630 3631 3632 3633 3634 3635 3636 3637 3638 3639 3640 3641 3642 3643 3644 3645 3646 3647 3648 3649 3650 3651 3652 3653 3654 3655 3656 3657 3658 3659 3660 3661 3662 3663 3664 3665 3666 3667 3668 3669 3670 3671 3672 3673 3674 3675 3676 3677 3678 3679 3680 3681 3682 3683 3684 3685 3686 3687 3688 3689 3690 3691 3692 3693 3694
###fch 4096 4097 4098 4099 4100 4101 4102 4103 4104 4105 4106 4107 4108 4109 4110 4111 4112 4113 4114 4115 4116 4117 4118 4119 4120 4121 4122 4123 4124 4125 4126 4127 4128 4129 4130 4131 4132 4133 4134 4135 4136 4137 4138 4139 4140 4141 4142 4143 4144 4145 4146 4147 4148 4149 4150 4151 4152 4153 4154 4155 4156 4157 4158 4159 4160 4161 4162 4163 4164 4165 4166 4167 4168 4169 4170 4171 4172 4173 4174 4175 4176 4177 4178 4179 4180 4181 4182 4183 4184 4185 4186 4187 4188 4189 4190 4191 4192 4193 4194 4195 4196 4197 4198 4199 4200 4201 4202 4203 4204 4205 4206 4207 4208 4209 4210 4211 4212 4213 4214 4215 4216 4217 4218 4219 4220 4221 4222 4223 4224 4225 4226 4227 4228 4229 4230 4231 4232 4233 4234 4235 4236 4237 4238 4239 4240 4241 4242 4243 4244 4245 4246 4247 4248 4249 4250 4251 4252 4253 4254 4255 4256 4257 4258 4259 4260 4261 4262 4263 4264 4265 4266 4267 4268 4269 4270 4271 4272 4273 4274 4275 4276 4277 4278 4279 4280 4281 4282 4283 4284 4285 4286 4287 4288 4289 4290 4291 4292 4293 4294 4295 4296 4297 4298 4299 4300 4301 4302 4303 4304 4305 4306 4307 4308 4309 4310 4311 4312 4313 4314 4315 4316 4317 4318 4319 4320 4321 4322 4323 4324 4325 4326 4327 4328 4329 4330 4331 4332 4333 4334 4335 4336 4337 4338 4339 4340 4341 4342 4343 4344 4345 4346 4347 4348 4349 4350 4351 4352 4353 4354 4355 4356 4357 4358 4359 4360 4361 4362 4363 4364 4365 4366 4367 4368 4369 4370 4371 4372 4373 4374 4375 4376 4377 4378 4379 4380 4381 4382 4383 4384 4385 4386 4387 4388 4389 4390 4391 4392 4393 4394 4395 4396 4397 4398 4399 4400 4401 4402 4403 4404 4405 4406 4407 4408 4409 4410 4411 4412 4413 4414 4415 4416 4417 4418 4419 4420 4421 4422 4423 4424 4425 4426 4427 4428 4429 4430 4431 4432 4433 4434 4435 4436 4437 4438 4439 4440 4441 4442 4443 4444 4445 4446 4447 4448 4449 4450 4451 4452 4453 4454 4455 4456 4457 4458 4459 4460 4461 4462 4463 4464 4465 4466 4467 4468 4469 4470 4471 4472 4473 4474 4475 4476 4477 4478 4479 4480 4481 4482 4483 4484 4485 4486 4487 4488 4489 4490 4491 4492 4493 4494 4495 4496 4497 4498 4499 4500 4501 4502 4503 4504 4505 4506 4507 4508 4509 4510 4511 4512 4513 4514 4515 4516 4517 4518 4519 4520 4521 4522 4523 4524 4525 4526 4527 4528 4529 4530 4531 4532 4533 4534 4535 4536 4537 4538 4539 4540 4541 4542 4543 4544 4545 4546 4547 4548 4549 4550 4551 4552 4553 4554 4555 4556 4557 4558 4559 4560 4561 4562 4563 4564 4565 4566 4567 4568 4569 4570 4571 4572 4573 4574 4575 4576 4577 4578 4579 4580 4581 4582 4583 4584 4585 4586 4587 4588 4589 4590 4591 4592 4593 4594 4595 4596 4597 4598 4599 4600 4601 4602 4603 4604 4605 4606 4607 4608 4609 4610 4611 4612 4613 4614 4615 4616 4617 4618 4619 4620 4621 4622 4623 4624 4625 4626 4627 4628 4629 4630 4631 4632 4633 4634 4635 4636 4637 4638 4639 4640 4641 4642 4643 4644 4645 4646 4647 4648 4649 4650 4651 4652 4653 4654 4655 4656 4657 4658 4659 4660 4661 4662 4663 4664 4665 4666 4667 4668 4669 4670 4671 4672 4673 4674 4675 4676 4677 4678 4679 4680 4681 4682 4683 4684 4685 4686 4687 4688 4689 4690 4691 4692 4693 4694 4695 4696 4697 4698 4699 4700 4701 4702 4703 4704 4705 4706 4707 4708 4709 4710 4711 4712 4713 4714 4715 4716 4717 4718 4719 4720 4721 4722 4723 4724 4725 4726 4727 4728 4729 4730 4731 4732 4733 4734 4735 4736 4737 4738 4739 4740 4741 4742 4743 4744 4745 4746 4747 4748 4749 4750 4751 4752 4753 4754 4755 4756 4757 4758 4759 4760 4761 4762 4763 4764 4765 4766 4767 4768 4769 4770 4771 4772 4773 4774 4775 4776 4777 4778 4779 4780 4781 4782 4783 4784 4785 4786 4787 4788 4789 4790 4791 4792 4793 4794 4795 4796 4797 4798 4799 4800 4801 4802 4803 4804 4805 4806 4807 4808 4809 4810 4811 4812 4813 4814 4815 4816 4817 4818 4819 4820 4821 4822 4823 4824 4825 4826 4827 4828 4829 4830 4831 4832 4833 4834 4835 4836 4837 4838 4839 4840 4841 4842 4843 4844 4845 4846 4847 4848 4849 4850 4851 4852 4853 4854 4855 4856 4857 4858 4859 4860 4861 4862 4863 4864 4865 4866 4867 4868 4869 4870 4871 4872 4873 4874 4875 4876 4877 4878 4879 4880 4881 4882 4883 4884 4885 4886 4887 4888 4889 4890 4891 4892 4893 4894 4895 4896 4897 4898 4899 4900 4901 4902 4903 4904 4905 4906 4907 4908 4909 4910 4911 4912 4913 4914 4915 4916 4917 4918 4919 4920 4921 4922 4923 4924 4925 4926 4927 4928 4929 4930 4931 4932 4933 4934 4935 4936 4937 4938 4939 4940 4941 4942 4943 4944 4945 4946 4947 4948 4949 4950 4951 4952 4953 4954 4955 4956 4957 4958 4959 4960 4961 4962 4963 4964 4965 4966 4967 4968 4969 4970 4971 4972 4973 4974 4975 4976 4977 4978 4979 4980 4981 4982 4983 4984 4985 4986 4987 4988 4989 4990 4991 4992 4993 4994 4995 4996 4997 4998 4999 5000 5001 5002 5003 5004 5005 5006 5007 5008 5009 5010 5011 5012 5013 5014 5015 5016 5017 5018 5019 5020 5021 5022 5023 5024 5025 5026 5027 5028 5029 5030 5031 5032 5033 5034 5035 5036 5037 5038 5039 5040 5041 5042 5043 5044 5045 5046 5047 5048 5049 5050 5051 5052 5053 5054 5055 5056 5057 5058 5059 5060 5061 5062 5063 5064 5065 5066 5067 5068 5069 5070 5071 5072 5073 5074 5075 5076 5077 5078 5079 5080 5081 5082 5083 5084 5085 5086 5087 5088 5089 5090 5091 5092 5093 5094 5095 5096 5097 5098 5099 5100 5101 5102 5103 5104 5105 5106 5107 5108 5109 5110 5111 5112 5113 5114 5115 5116 5117 5118 5119 5120 5121 5122 5123 5124 5125 5126 5127 5128 5129 5130 5131 5132 5133 5134 5135 5136 5137 5138 5139 5140 5141 5142 5143 5144 5145 5146 5147 5148 5149 5150 5151 5152 5153 5154 5155 5156 5157 5158 5159 5160 5161 5162 5163 5164 5165 5166 5167 5168 5169 5170 5171 5172 5173 5174 5175 5176 5177 5178 5179 5180 5181 5182 5183 5184 5185 5186 5187 5188 5189 5190 5191 5192 5193 5194 5195 5196 5197 5198 5199 5200 5201 5202 5203 5204 5205 5206 5207 5208 5209 5210 5211 5212 5213 5214 5215 5216 5217 5218 5219 5220 5221 5222 5223 5224 5225 5226 5227 5228 5229 5230 5231 5232 5233 5234 5235 5236 5237 5238 5239 5240 5241 5242 5243 5244 5245 5246 5247 5248 5249 5250 5251 5252 5253 5254 5255 5256 5257 5258 5259 5260 5261 5262 5263 5264 5265 5266 5267 5268 5269 5270 5271 5272 5273 5274 5275 5276 5277 5278 5279 5280 5281 5282 5283 5284 5285 5286 5287 5288 5289 5290 5291 5292 5293 5294 5295 5296 5297 5298 5299 5300 5301 5302 5303 5304 5305 5306 5307 5308 5309 5310 5311 5312 5313 5314 5315 5316 5317 5318 5319 5320 5321 5322 5323 5324 5325 5326 5327 5328 5329 5330 5331 5332 5333 5334 5335 5336 5337 5338 5339 5340 5341 5342 5343 5344 5345 5346 5347 5348 5349 5350 3695 3696 3697 3698 3699 3700 3701 3702 3703 3704 3705 3706 3707 3708 3709 3710 3711 3712 3713 3714 3715 3716 3717 3718 3719 3720 3721 3722 3723 3724 3725 3726 3727 3728 3729 3730 3731 3732 3733 3734 3735 3736 3737 3738 3739 3740 3741 3742 3743 3744 3745 3746 3747 3748 3749 3750 3751 3752 3753 3754 3755 3756 3757 3758 3759 3760 3761 3762 3763 3764 3765 3766 3767 3768 3769 3770 3771 3772 3773 3774 3775 3776 3777 3778 3779 3780 3781 3782 3783 3784 3785 3786 3787 3788 3789 3790 3791 3792 3793 3794 3795 3796 3797 3798 3799 3800 3801 3802 3803 3804 3805 3806 3807 3808 3809 3810 3811 3812 3813 3814 3815 3816 3817 3818 3819 3820 3821 3822 3823 3824 3825 3826 3827 3828 3829 3830 3831 3832 3833 3834 3835 3836 3837 3838 3839 3840 3841 3842 3843 3844 3845 3846 3847 3848 3849 3850 3851 3852 3853 3854 3855 3856 3857 3858 3859 3860 3861 3862 3863 3864 3865 3866 3867 3868 3869 3870 3871 3872 3873 3874 3875 3876 3877 3878 3879 3880 3881 3882 3883 3884 3885 3886 3887 3888 3889 3890 3891 3892 3893 3894 3895 3896 3897 3898 3899 3900 3901 3902 3903 3904 3905 3906 3907 3908 3909 3910 3911 3912 3913 3914 3915 3916 3917 3918 3919 3920 3921 3922 3923 3924 3925 3926 3927 3928 3929 3930 3931 3932 3933 3934 3935 3936 3937 3938 3939 3940 3941 3942 3943 3944 3945 3946 3947 3948 3949 3950 3951 3952 3953 3954 3955 3956 3957 3958 3959 3960 3961 3962 3963 3964 3965 3966 3967 3968 3969 3970 3971 3972 3973 3974 3975 3976 3977 3978 3979 3980 3981 3982 3983 3984 3985 3986 3987 3988 3989 3990 3991 3992 3993 3994 3995 3996 3997 3998 3999 4000 4001 4002 4003 4004 4005 4006 4007 4008 4009 4010 4011 4012 4013 4014 4015 4016 4017 4018 4019 4020 4021 4022 4023 4024 4025 4026 4027 4028 4029 4030 4031 4032 4033 4034 4035 4036 4037 4038 4039 4040 4041 4042 4043 4044 4045 4046 4047 4048 4049 4050 4051 4052 4053 4054 4055 4056 4057 4058 4059 4060 4061 4062 4063 4064 4065 4066 4067 4068 4069 4070 4071 4072 4073 4074 4075 4076 4077 4078 4079 4080 4081 4082 4083 4084 4085 4086 4087 4088 4089 4090 4091 4092 4093 4094 4095
###fch 5376 5377 5378 5379 5380 5381 5382 5383 5384 5385 5386 5387 5388 5389 5390 5391 5392 5393 5394 5395 5396 5397 5398 5399 5400 5401 5402 5403 5404 5405 5406 5407 5408 5409 5410 5411 5412 5413 5414 5415 5416 5417 5418 5419 5420 5421 5422 5423 5424 5425 5426 5427 5428 5429 5430 5431 5432 5433 5434 5351 5352 5353 5354 5355 5356 5357 5358 5359 5360 5361 5362 5363 5364 5365 5366 5367 5368 5369 5370 5371 5372 5373 5374 5375
###fch 5435 5436 5437 5438 5439 5440 5441 5442 5443 5444 5445 5446 5447 5448 5449 5450 5451 5452 5453 5454 5455 5456 5457 5458 5459 5460 5461 5462 5463 5464 5465 5466 5467 5468 5469 5470 5471 5472 5473 5474 5475 5476 5477 5478 5479 5480 5481 5482 5483 5484 5485 5486 5487 5488 5489 5490 5491 5492 5493 5494 5495 5496 5497 5498 5499 5500 5501 5502 5503 5504 5505 5506 5507 5508 5509 5510 5511 5512
###fch 5513 5514
###fch 5515 5516
###fch 6144 6145 6146 6147 6148 6149 6150 6151 6152 6153 6154 6155 6156 6157 6158 6159 6160 6161 6162 6163 6164 6165 6166 6167 6168 6169 6170 6171 6172 6173 6174 6175 6176 6177 6178 6179 6180 6181 6182 6183 6184 6185 6186 6187 6188 6189 6190 6191 6192 6193 6194 6195 6196 6197 6198 6199 6200 6201 6202 6203 6204 6205 6206 6207 6208 6209 6210 6211 6212 6213 6214 6215 6216 6217 6218 6219 6220 6221 6222 6223 6224 6225 6226 6227 6228 6229 6230 6231 6232 6233 6234 6235 6236 6237 6238 6239 6240 6241 6242 6243 6244 6245 6246 6247 6248 6249 6250 6251 6252 6253 6254 6255 6256 6257 6258 6259 6260 6261 6262 6263 6264 6265 6266 6267 6268 6269 6270 6271 6272 6273 6274 6275 6276 6277 6278 6279 6280 6281 6282 6283 6284 6285 6286 6287 6288 6289 6290 6291 6292 6293 6294 6295 6296 6297 6298 6299 6300 6301 6302 6303 6304 6305 6306 6307 6308 6309 6310 6311 6312 6313 6314 6315 6316 6317 6318 6319 6320 6321 6322 6323 6324 6325 5517 5518 5519 5520 5521 5522 5523 5524 5525 5526 5527 5528 5529 5530 5531 5532 5533 5534 5535 5536 5537 5538 5539 5540 5541 5542 5543 5544 5545 5546 5547 5548 5549 5550 5551 5552 5553 5554 5555 5556 5557 5558 5559 5560 5561 5562 5563 5564 5565 5566 5567 5568 5569 5570 5571 5572 5573 5574 5575 5576 5577 5578 5579 5580 5581 5582 5583 5584 5585 5586 5587 5588 5589 5590 5591 5592 5593 5594 5595 5596 5597 5598 5599 5600 5601 5602 5603 5604 5605 5606 5607 5608 5609 5610 5611 5612 5613 5614 5615 5616 5617 5618 5619 5620 5621 5622 5623 5624 5625 5626 5627 5628 5629 5630 5631 5632 5633 5634 5635 5636 5637 5638 5639 5640 5641 5642 5643 5644 5645 5646 5647 5648 5649 5650 5651 5652 5653 5654 5655 5656 5657 5658 5659 5660 5661 5662 5663 5664 5665 5666 5667 5668 5669 5670 5671 5672 5673 5674 5675 5676 5677 5678 5679 5680 5681 5682 5683 5684 5685 5686 5687 5688 5689 5690 5691 5692 5693 5694 5695 5696 5697 5698 5699 5700 5701 5702 5703 5704 5705 5706 5707 5708 5709 5710 5711 5712 5713 5714 5715 5716 5717 5718 5719 5720 5721 5722 5723 5724 5725 5726 5727 5728 5729 5730 5731 5732 5733 5734 5735 5736 5737 5738 5739 5740 5741 5742 5743 5744 5745 5746 5747 5748 5749 5750 5751 5752 5753 5754 5755 5756 5757 5758 5759 5760 5761 5762 5763 5764 5765 5766 5767 5768 5769 5770 5771 5772 5773 5774 5775 5776 5777 5778 5779 5780 5781 5782 5783 5784 5785 5786 5787 5788 5789 5790 5791 5792 5793 5794 5795 5796 5797 5798 5799 5800 5801 5802 5803 5804 5805 5806 5807 5808 5809 5810 5811 5812 5813 5814 5815 5816 5817 5818 5819 5820 5821 5822 5823 5824 5825 5826 5827 5828 5829 5830 5831 5832 5833 5834 5835 5836 5837 5838 5839 5840 5841 5842 5843 5844 5845 5846 5847 5848 5849 5850 5851 5852 5853 5854 5855 5856 5857 5858 5859 5860 5861 5862 5863 5864 5865 5866 5867 5868 5869 5870 5871 5872 5873 5874 5875 5876 5877 5878 5879 5880 5881 5882 5883 5884 5885 5886 5887 5888 5889 5890 5891 5892 5893 5894 5895 5896 5897 5898 5899 5900 5901 5902 5903 5904 5905 5906 5907 5908 5909 5910 5911 5912 5913 5914 5915 5916 5917 5918 5919 5920 5921 5922 5923 5924 5925 5926 5927 5928 5929 5930 5931 5932 5933 5934 5935 5936 5937 5938 5939 5940 5941 5942 5943 5944 5945 5946 5947 5948 5949 5950 5951 5952 5953 5954 5955 5956 5957 5958 5959 5960 5961 5962 5963 5964 5965 5966 5967 5968 5969 5970 5971 5972 5973 5974 5975 5976 5977 5978 5979 5980 5981 5982 5983 5984 5985 5986 5987 5988 5989 5990 5991 5992 5993 5994 5995 5996 5997 5998 5999 6000 6001 6002 6003 6004 6005 6006 6007 6008 6009 6010 6011 6012 6013 6014 6015 6016 6017 6018 6019 6020 6021 6022 6023 6024 6025 6026 6027 6028 6029 6030 6031 6032 6033 6034 6035 6036 6037 6038 6039 6040 6041 6042 6043 6044 6045 6046 6047 6048 6049 6050 6051 6052 6053 6054 6055 6056 6057 6058 6059 6060 6061 6062 6063 6064 6065 6066 6067 6068 6069 6070 6071 6072 6073 6074 6075 6076 6077 6078 6079 6080 6081 6082 6083 6084 6085 6086 6087 6088 6089 6090 6091 6092 6093 6094 6095 6096 6097 6098 6099 6100 6101 6102 6103 6104 6105 6106 6107 6108 6109 6110 6111 6112 6113 6114 6115 6116 6117 6118 6119 6120 6121 6122 6123 6124 6125 6126 6127 6128 6129 6130 6131 6132 6133 6134 6135 6136 6137 6138 6139 6140 6141 6142 6143
###fch 6326 6327 6328 6329 6330 6331 6332 6333 6334 6335
###fch 6336 6337
###fch 6338 6339
###fch 6340 6341
###fch 6342 6343
###fch 6344 6345
###fch 6346 6347
###fch 6348 6349
###fch 6350 6351
###fch 6352 6353
###fch 6354 6355
###fch 6356 6357
###fch 6358 6359
###fch 6413 6414 6415 6416 6417 6418 6419 6420 6421 6422 6423 6424 6425 6426 6427 6428 6429 6430 6431 6432 6433 6434 6435 6436 6437 6438 6439 6440 6441 6442 6443 6444 6445 6446 6447 6448 6449 6450 6451 6452 6453 6454 6455 6456 1081 1082 1083 1079 1080 6457 6458 6462 6463 6459 6460 6464 6465 6466 6467 6468 6472 6469 6473 6474 6475 6476 6477 6478 6479 6480 6481 6483 6484 6486 6487 6485 6482 1084 6470 6471 1078 6461
###fch 1058 1059 1060 1061 1062 1063 1064 1065 1066 1067 1068 1069 1070 1071 1072 1073 1074 1075 1076 1077 6360 6361 6362 6363 6364 6365 6366 6367 6368 6369 6370 6371 6372 6373 6374 6375 6376 6377 6378 6379 6380 6381 6382 6383 6384 6385 6386 6387 6388 6389 6390 6391 6392 6393 6394 6395 6396 6397 6398 6399 6400 6401 6402 6403 6404 6405 6406 6407 6408 6409 6410 6411 6412 6488 6489 6490 6491 6492 6493 6494 6495 6496 6497 6498 6499 6500 6501 6502 6503 6504 6505 6506 6507 6508 6509 6510 6511 6512 6513 6514 6515 6516 6517 6518 6519 6520 6521 6522 6523 6524 6525 6526 6527 6528 6529 6530 6531 6532 6533 6534 6535 6536 6537 6538 6539 6540 6541 6542 6543 6544 6545 6546 6547 6548 6549 6550 6551 6552 6553 6554 6555 6556 6557 6558 6559 6560 6561 6562 6563 6564 6565 6566 6567 6568 6569 6570 6571 6572 6573 6574 6575 6576 6577 6578 6579 6580 6581 6582 6583 6584 6585 6586 6587 6588 6589 6590 6591 6592 6593 6594 6595 6596 6597 6598 6599 6600 6601 6602 6603 6604 6605 6606 6607 6608 6609 6610 6611 6612 6613 6614 6615 6616 6617 6618 6619 6620 6621 6622 6623 6624 6625 6626 6627 6628 6629 1000 1001 1002 1003 1004 1005 1006 1007 1008 1009 1010 1011 1012 1013 1014 1015 1016 1017 1018 1019 1020 1021 1022
###fch 1087 1088 1089 1090 1091 1092 1093 1094 1095 1096 1097 1098 1099 1100 1101 1102 1103 6630 6631 6632 6633 6634 6635 6636 6637 6638 6639 6640 6641 6642 6643 6644 6645 6646 6647 6648 6649 6650
###fch 6656 6657 6658 6659 6660 6661 6662 6663 6664 6665 6666 6667 6668 6669 6670 6671 6672 6673 6674 6675 6676 6677 6678 6679 6680 6681 6682 6683 6684 6685 6686 6687 6688 6689 6690 6691 6692 6693 6694 6695 6696 6697 6698 6699 6700 6701 6702 6703 6704 6705 6706 6707 6708 6709 6710 6711 6712 6713 6714 6715 6716 6717 6718 6719 6720 6721 6722 6723 6724 6725 6726 6727 6728 6729 6730 6731 6732 6733 6734 6735 6736 6737 6738 6739 6740 6741 6742 6743 6744 6745 6746 6747 6748 6749 6651 6652 6653 6654 6655
###fch 6784 6785 6786 6787 6788 6789 6790 6791 6792 6793 1948 1949 1950 1951 1952 1953 1954 1955 1956 1957 6750 6751 6752 6753 6754 6755 6756 6757 6758 6759 6760 6761 6762 6763 6764 6765 6766 6767 6768 6769 6770 6771 6772 6773 6774 6775 6776 6777 6778 6779 6780 6781 6782 6783
###fch 1964 6795 6796 6797 6798 6799 6800 6801 6802 6803 6804 6805 6806 6807 6808 6809 6810 6811 6812 6813 6814 6815 6816 6817 6818 6819 6820 6821 6822 1959 1960 6823 6824 1963 6825 6826 6827 6828 6829 6830 6833 6834 6835 6836 6837 6839 6840 6838 1961 1966 6831 6832 1962 1965
###fch 6912 6913 6914 6915 6916 6917 6918 6919 6920 6921 6922 6923 6924 6925 6926 6927 6928 6929 6930 6931 6932 6933 6934 6841 6842 6843 6844 6845 6846 6847 6848 6849 6850 6851 6852 6853 6854 6855 6856 6857 6858 6859 6860 6861 6862 6863 6864 6865 6866 6867 6868 6869 6870 6871 6872 6873 6874 6875 6876 6877 6878 6879 6880 6881 6882 6883 6884 6885 6886 6887 6888 6889 6890 6891 6892 6893 6894 6895 6896 6897 6898 6899 6900 6901 6902 6903 6904 6905 6906 6907 6908 6909 6910 6911
###fch 7296 7297 7298 7299 7300 7301 7302 7303 7304 7305 7306 7307 7308 7309 7310 7311 7312 7313 7314 7315 7316 7317 7318 7319 7320 7321 7322 7323 7324 7325 7326 7327 7328 7329 7330 7331 7332 7333 7334 7335 7336 7337 7338 1969 1970 1971 1972 7289 7290 7291 7292 7293 7294 7295
###fch 7340 7341 7342 7343 7344 7345 7346 7347 7348 7349 1974 1975 1976 7352 7353 7351 7354 7355 7356 7358 7357 7359 7360 7361 7362 7363 7364 7365 7366 7368 7369 7370 7371 7372 7373 7374 7375 7376 7377 7378 7379 7380 7381 7382 7383 7384 7385 7386 7388 7389 7387 1977 7350 7367
###fch 7424 7425 7426 7427 7428 7429 7430 7431 7432 7433 7434 7435 7436 7437 7438 7439 7440 7441 7442 7443 7444 7445 7446 7447 7448 7449 7450 7451 7452 7453 7454 7455 7456 7457 7458 7459 7460 7461 7462 7463 7464 7465 7466 7467 7468 7469 7470 7471 7472 7473 7474 7475 7476 7477 7478 7479 7480 7481 7482 7483 7390 7391 7392 7393 7394 7395 7396 7397 7398 7399 7400 7401 7402 7403 7404 7405 7406 7407 7408 7409 7410 7411 7412 7413 7414 7415 7416 7417 7418 7419 7420 7421 7422 7423
###fch 6935 6936 6937 6938 6939 6940 6941 6942 6943 6944 6945 6946 6947 6948 6949 6950 6951 6952 6953 6954 6955 6956 6957 6958 6959 6960 6961 6962 6963 6964 6965 6966 6967 6968 6969 6970 6971 6972 6973 6974 6975 6976 6977 6978 6979 6980 6981 6982 6983 6984 6985 6986 6987 6988 6989 6990 6991 6992 6993 6994 6995 6996 6997 6998 6999 7000 7001 7002 7003 7004 7005 7006 7007 7008 7009 7010 7011 7012 7013 7014 7015 7016 7017 7018 7019 7020 7021 7022 7023 7024 7025 7026 7027 7028 7029 7030 7031 7032 7033 7034 7035 7036 7037 7038 7039 7040 7041 7042 7043 7044 7045 7046 7047 7048 7049 7050 7051 7052 7053 7054 7055 7056 7057 7058 7059 7060 7061 7062 7063 7064 7065 7066 7067 7068 7069 7070 7071 7072 7073 7074 7075 7076 7077 7078 7079 7080 7081 7082 7083 7084 7085 7086 7087 7088 7089 7090 7091 7092 7093 7094 7095 7096 7097 7098 7099 7100 7101 7102 7103 7104 7105 7106 7107 7108 7109 7110 7111 7112 7113 7114 7115 7116 7117 7118 7119 7120 7121 7122 7123 7124 7125 7126 7127 7128 7129 7130 7131 7132 7133 7134 7135 7136 7137 7138 7139 7140 7141 7142 7143 7144 7145 7146 7147 7148 7149 7150 7151 7152 7153 7154 7155 7156 7157 7158 7159 7160 7161 7162 7163 7164 7165 7166 7167 7168 7169 7170 7171 7172 7173 7174 7175 7176 7177 7178 7179 7180 7181 7182 7183 7184 7185 7186 7187 7188 7189 7190 7191 7192 7193 7194 7195 7196 7197 7198 7199 7200 7201 7202 7203 7204 7205 7206 7207 7208 7209 7210 7211 7212 7213 7214 7215 7216 7217 7218 7219 7220 7221 7222 7223 7224 7225 7226 7227 7228 7229 7230 7231 7232 7233 7234 7235 7236 7237 7238 7239 7240 7241 7242 7243 7244 7245 7246 7247 7248 7249 7250 7251 7252 7253 7254 7255 7256 7257 7258 7259 7260 7261 7262 7263 7264 7265 7266 7267 7268 7269 7270 7271 7272 7273 7274 7275 7276 7277 7278 7279 7280 7281 7282 7283 7284 7285 7286 7287 7484 7485 7486 7487 7488 7489 7490 7491 7492 7493 7494 7495 7496 7497 7498 7499 7500 7501 7502 7503 7504 7505 7506 7507 7508 7509 7510 7511 7512 7513 7514 7515 7516 7517 7518 7519 7520 7521 7522 7523 7524 7525 7526 7527 7528 7529 7530 7531 7532 7533 7534 7535 7536 7537 7538 7539 7540 7541 7542 7543 7544 7545 7546 7547 7548 7549 7550 7551 7552 7553 7554 7555 7556 7557 7558 7559 7560 7561 7562 7563 7564 7565 7566 7567 7568 7569 7570 7571 7572 7573 7574 7575 7576 7577 7578 7579 7580 7581 7582 7583 7584 7585 7586 7587 7588 7589 7590 7591 7592 7593 7594 7595 7596 7597 7598 7599 7600 7601 7602 7603 7604 7605 7606 7607 7608 7609 7610 7611 7612 7613 7614 7615 7616 7617 7618 7619 7620 7621 7622 7623 7624 7625 7626 7627 7628 7629 7630 7631 7632 7633 7634 7635 7636 7637 7638 7639 7640 7641 7642 7643 7644 7645 7646 7647 7648 7649 7650 7651 7652 7653 7654 7655 7656 7657 7658 7659 7660 7661 7662 7663 7664 7665 7666 1968 1979
###fch 7680 7681 7682 7683 7684 7685 7686 7687 7688 7689 7690 7691 7692 7693 7694 7695 7696 7697 7698 7699 7700 7701 7702 7703 7704 7705 7706 7707 7708 7709 7710 7711 7712 7713 7714 7715 1981 1982 1983 1984 1985 7667 7668 7669 7670 7671 7672 7673 7674 7675 7676 7677 7678 7679
###fch 7716 7717 7718 7719 7720 7721 7722 7723 7724 7725 7726 7727 7728 7729 7730 7731 1988 1989 1990 1991 1992 1993 1994 1995 1996 1997 1998 1999 2000 2001 2002 2003 2004 2005 2006 2007 2008 2009 2010 2011 2012 2013 2014 2015 2016 2017 2018 2019 2020 2021 2022 2023 2024 2025
###fch 7732 7733 7734 7735 7736 7737 7738 7739 7740 7741 7742 7743 7744 7745 7746 7747 7748 7749 7750 7751 7752 7753 7754 7755 7756 7757 7758 7759 7760 7761 7762 7763 7764 7765 7766 7767 7768 7769 7770 7771 7772 7773 7774 7775 7776 7777 7778 7779 7780 7781 7782 7783 7784 7785 7786 7787 7788 7789 7790 7791 7792 7793 7794 7795 7796 7797 7798 7799 7800 7801 7802 7803 7804 7805 7806 7807 7808 7809 7810 7811 7812 7813 7814 7815 7816 7817 7818 7819 7820 7821 7822 7823 7824 7825
###fch 7826 7827 7828 7829 7830 7831 7832 7833 7834 7835 7836 7837 7838 7839 7840 7841 7842 7843 7844 7845 7846 7847 7848 7849 7850 7851 7852 7853 7854 7855 7856 7857 7858 7859 7860 7861 7862 7863 7864 7865 7866 7867 7868 7869 7870 7871 7872 7873 7874 7875 7876 7877 7878 7879 7880 7881 7882 7883 7884 7885 7886 7887 7888 7889 7890 7891 7892 7893 7894 7895 7896 7897 7898 7899 7900 7901 7902 7903 7904 7905 7906 7907 7908 7909 7910 7911 7912 7913 7914 7915 7916 7917 7918 7919 7920 7921 7922 7923 7924 7925 7926 7927 7928 7929 7930 7931 7932 7933 7934 7935 7936 7937 7938 7939 7940 7941 7942 7943 7944 7945 7946 7947 7948 7949 7950 7951 7952 7953 7954 7955 7956 7957 7958 7959 7960 7961 7962 7963 7964 7965 7966 7967 7968 7969 7970 7971 7972 7973 7974 7975 7976 7977 7978 7979 7980 7981 7982 7983 7984 7985 7986 7987 7988
###fch 7989 7990 7991 7992 7993 7994 7995 7996 7997 7998 7999 8000 8001 8002 8003 8004 8005 8006 8007 8008 8009 8010 8011 8012 8013 8014 8015 8016 8017 8018 8019 8020 8021 8022 8023 8024 8025 8026 8027 8028 8029 8030 8031 8032 8033 8034 8035 8036 8037 8038 8039 8040 8041 8042 8043 8044 8045 8046 8047 8048 8049 8050 8051 8052 8053 8054 8055 8056 8057 8058 8059 8060 8061 8062 8063 8064 8065 8066 8067 8068 8069 8070 8071 8072 8073 8074 8075 8076 8077 8078 8079 8080 8081 8082 8083 8084 8085 8086 8087 8088 8089 8090 8091 8092 8093 8094 8095 8096 8097 8098 8099 8100 8101 8102 8103 8104 8105 8106 8107 8108 8109 8110 8111 8112 8113 8114 8115 8116 8117 8118 8119 8120 8121 8122 8123 8124 8125 8126 8127 8128 8129 8130 8131 8132 8133 8134 8135 8136 8137 8138 8139 8140 8141 8142 8143 8144 8145 8146 2027 2028
###fch 8192 8193 8194 8195 8196 8197 8198 8199 8200 8201 8202 8203 8204 8205 8206 8207 8208 8209 8210 8211 8212 8213 8214 8215 8216 8217 8218 8219 8220 8221 8222 8223 8224 8225 8226 8227 8228 8229 8230 8231 8232 8233 8234 8235 8236 8237 8238 8239 8240 8241 8242 8243 8244 8245 8246 8247 8248 8249 8250 8251 8252 8253 8254 8255 8256 8257 8258 8259 8260 8261 8262 8263 8264 8265 8266 8267 8268 8269 8270 8271 8272 8273 8274 8275 8276 8277 8278 8279 8280 8281 8282 8283 8284 8285 8286 8287 8288 8289 8290 8291 8292 8293 8294 8295 8296 8297 8298 8299 8300 8301 8302 8303 8304 8305 8306 8307 8308 8309 8310 8311 8312 8313 8314 8315 8316 8317 8318 8319 8320 8321 8322 8323 8324 8325 8326 8327 8328 8329 8330 8331 8332 8333 8334 8335 8336 8337 8338 8339 8340 8341 8342 8343 8344 8345 8346 8347 8348 8349 8350 8351 8352 8353 8354 8355 8356 8357 8358 8359 8360 8361 8362 8363 8364 8365 8366 8367 8368 8369 8370 8371 8372 8373 8374 8375 8376 8377 8378 8379 8380 8381 8382 8383 8384 8385 8386 8387 8388 8389 8390 8391 8392 8393 8394 8395 8396 8397 8398 8399 8400 8401 8402 8403 8404 8405 8406 8407 8408 8409 8410 8411 8412 8413 8414 8415 8416 8417 8418 8419 8420 8421 8422 8423 8424 8425 8426 8427 8428 8429 8430 8431 8432 8433 8434 8435 8436 8437 8438 8439 8440 8441 8442 8443 8444 8445 8446 8447 8448 8449 8450 8451 8452 8453 8454 8455 8456 8457 8458 8459 8460 8461 8462 8463 8464 8465 8466 8467 8468 8469 8470 8471 8472 8473 8474 8475 8476 8477 8478 8479 8480 8481 8482 8483 8484 8485 8486 8487 8488 8489 8490 8491 8492 8493 8494 8495 8496 8497 8498 8499 8500 8501 8502 8503 8504 8505 8506 8507 8508 8509 8510 8511 8147 8148 8149 8150 8151 8152 8153 8154 8155 8156 8157 8158 8159 8160 8161 8162 8163 8164 8165 8166 8167 8168 8169 8170 8171 8172 8173 8174 8175 8176 8177 8178 8179 8180 8181 8182 8183 8184 8185 8186 8187 8188 8189 8190 8191
###cch 1 36 179 181
###cch 2 38 145 215
###cch 72 77 251 181
###cch 76 73 217 215
###cch 33 54 161 199
###cch 34 56 163 197
###cch 108 113 233 199
###cch 112 109 235 197
###cch 253 324 431 433
###cch 254 326 397 467
###cch 289 360 469 467
###cch 290 362 503 433
###cch 285 342 413 451
###cch 286 344 415 449
###cch 321 378 487 449
###cch 322 380 485 451
###cch 1346 1348 1351 1350 1377 1380 1374 1371 1373 1370 1368 1395 1394 1393 1392 1391 1390
###cch 1346 1426 1425 1424 1423 1422 1421 1420 1419 1418 1417 1416
###cch 1376 1381 1378 1383
###cch 1385 1386 1387 1388 1389 1390 1391 1392 1393 1394 1395 1368 1370 1373 1371 1374 1380 1377 1350 1351 1348 1346 1426 1425 1424 1423 1422 1421 1420 1419 1418 1417 1416
###cch 2072 2077 2208 2242
###cch 2076 2073 2206 2244
###cch 2180 2185 2890 2856
###cch 2184 2181 2892 2854
###cch 2108 2113 2226 2260
###cch 2112 2109 2224 2262
###cch 2144 2149 2908 2874
###cch 2148 2145 2910 2872
###cch 2936 2941 3072 3106
###cch 2940 2937 3070 3108
###cch 3044 3049 3754 3720
###cch 3048 3045 3756 3718
###cch 2972 2977 3090 3124
###cch 2976 2973 3088 3126
###cch 3008 3013 3772 3738
###cch 3012 3009 3774 3736
###cch 0 1 4 6 8 10 12 14 16 18 20 22 24 26 28 30 32 34 35 33 31 29 27 25 23 21 19 17 15 13 11 9 7 5 3 2
###cch 252 253 256 258 260 262 264 266 268 270 272 274 276 278 280 282 284 286 287 285 283 281 279 277 275 273 271 269 267 265 263 261 259 257 255 254
###cch 1132 1134 1169 1167 1165 1163 1161 1159 1157 1155 1153 1151 1149 1147 1145 1143 1141 1139 1137 1135 1133 1170 1168 1166 1164 1162 1160 1158 1156 1154 1152 1150 1148 1146 1144 1142 1140 1138 1136
###cch 1846 2006 2004 2002 2000 1998 1996 1994 1992 1990 1988 1986 1984 1982 1980 1978 1976 1974 1972 1970 1968 1966 1964 1962 1960 1958 1956 1953 1951 1949 1947 1945 1943 1941 1939 1937 1935 1933 1931 1929 1927 1925 1923 1921 1919 1917 1915 1913 1911 1909 1907 1905 1903 1900 1898 1896 1894 1892 1890 1888 1886 1884 1882 1880 1878 1876 1874 1872 1870 1868 1866 1864 1862 1860 1858 1856 1854 1852 1850 1848
###cch 2007 2041 2042 2043 2044 2045 2040 2039 2038 2037 2036 2035 2034 2033 2032 2031 2030 2029 2028 2027 2026 2025 2024 2023 2022 2021 2020 2019 2018 2017 2016 2015 2014 2013 2012 2011 2010 2009 2008
###cch 36 71 70 69 68 67 66 65 64 63 62 61 60 59 58 57 56 55 54 53 52 51 50 49 48 47 46 45 44 43 42 41 40 39 38 37
###cch 324 359 358 357 356 355 354 353 352 351 350 349 348 347 346 345 344 343 342 341 340 339 338 337 336 335 334 333 332 331 330 329 328 327 326 325
###cch 72 142 140 138 136 134 132 130 128 126 124 122 120 118 116 114 112 110 108 106 104 102 100 98 96 94 92 90 88 86 84 82 80 78 76 74
###cch 288 289 292 294 296 298 300 302 304 306 308 310 312 314 316 318 320 322 323 321 319 317 315 313 311 309 307 305 303 301 299 297 295 293 291 290
###cch 73 143 141 139 137 135 133 131 129 127 125 123 121 119 117 115 113 111 109 107 105 103 101 99 97 95 93 91 89 87 85 83 81 79 77 75
###cch 360 395 394 393 392 391 390 389 388 387 386 385 384 383 382 381 380 379 378 377 376 375 374 373 372 371 370 369 368 367 366 365 364 363 362 361
###cch 144 145 146 147 148 149 150 151 152 153 154 155 156 157 158 159 160 161 162 163 164 165 166 167 168 169 170 171 172 173 174 175 176 177 178 179
###cch 396 397 398 399 400 401 402 403 404 405 406 407 408 409 410 411 412 413 414 415 416 417 418 419 420 421 422 423 424 425 426 427 428 429 430 431
###cch 180 181 182 183 184 185 186 187 188 189 190 191 192 193 194 195 196 197 198 199 200 201 202 203 204 205 206 207 208 209 210 211 212 213 214 215
###cch 432 433 434 435 436 437 438 439 440 441 442 443 444 445 446 447 448 449 450 451 452 453 454 455 456 457 458 459 460 461 462 463 464 465 466 467
###cch 216 217 218 219 220 221 222 223 224 225 226 227 228 229 230 231 232 233 234 235 236 237 238 239 240 241 242 243 244 245 246 247 248 249 250 251
###cch 468 469 470 471 472 473 474 475 476 477 478 479 480 481 482 483 484 485 486 487 488 489 490 491 492 493 494 495 496 497 498 499 500 501 502 503
###cch 504 506 508 510 512 514 516 518 520 522
###cch 527 525 523 522
###cch 528 555 554 553 552 551 550 532 533 534
###cch 530 536 538 540 542 544 546 548 549 547 545 543 541 539 537 535 531 534 3846 3845 3844 3843 3842 3841 3840 3839 3838 3837 3836 3835 3834 3833 3832 3831 3830 3829 3828 3827 3826 3825 3824 3823 3822 3821 3820 3819 3818 3817 3816 3815 3814 3813 3812 3811 3810 3809 3808 3807 3806 3805 3804 3803 3802 3801 3800 3799 3798 3797 3796 3795 3794 3793 3792 3791 3790 3789 3788 3787 3786 3785 3784 3783 3782 522
###cch 556 558 560 534
###cch 569 571 573 575 577 579 581 583 585 587 589
###cch 591 593 595 597 599 601 603 605 607 609 611
###cch 505 507 509 511 513 515 517 519 521 524 526
###cch 529 568 567 566 565 564 563 562 561 559 557
###cch 570 572 574 576 578 580 582 584 586 588 590
###cch 596 598 600 602 604 606 608 610 612
###cch 613 654 653 652 651 650 649 648 647 646
###cch 614 641 640 639 638 637 636 635 634 633
###cch 617 618 620 619 623 622 621
###cch 617 643 644 645
###cch 624 628 627 629 632 631 630
###cch 624 625 626 642
###cch 615 671 670 669 668 667 666 665 664 663
###cch 616 721 722 723 724 725 726 727 728 708
###cch 672 689 688 687 686 685 684 683 682 681
###cch 690 707 706 705 704 703 702 701 700 699
###cch 655 656 657 658 659 660 661 662
###cch 673 674 675 676 677 678 679 680
###cch 691 692 693 694 695 696 697 698
###cch 713 714 715 716 717 718 719 720
###cch 830 832 1002 1000 997 993 988 982 975 967 959 951 943 935 927 919 911 903 895 880 878 876 874 872 870 868 866 864 862 860 858 856 854 852 850 848
###cch 3851 3853 3855 3856 3857 3858 3859 3861 3862 3863 3864 3866 3867 3868 3869 3871 3872 3873 3874 3875 3877 3878 3879 3880 3881 3883 3884 3885 3886 3888 3889 3890 3891 3892 3893 3894
###cch 753 755 757 759 761 763 765 767 769 771 773 775 777 779 781 783 785 787 789 791 793 795 796 798 800 802 804 806 808 810 812 814 816 818 820 822 824 826 828
###cch 3899 3937 3936 3935 3934 3933 3932 3931 3930 3929 3928 3927 3926 3925 3924 3923 3922 3921 3920 3919 3918 3917 3916 3915 3914 3913 3912 3911 3910 3909 3908 3907 3906 3905 3904 3903 3902 3901 3900
###cch 754 756 758 760 762 764 766 768 770 772 774 776 778 780 782 784 786 788 790 792 794 797 799 801 803 805 807 809 811 813 815 817 819 821 823 825 827 829
###cch 3938 3939 3940 3941 3942 3943 3944 3945 3946 3947 3948 3949 3950 3951 3952 3953 3954 3955 3956 3957 3958 3959 3960 3961 3962 3963 3964 3965 3966 3967 3968 3969 3970 3971 3972 3973 3974 3975
###cch 831 847 849 851 853 855 857 859 861 863 865 867 869 871 873 875 877 879 881 882 896 904 912 920 928 936 944 952 960 968 976 983 989 994 998 1001 834 833
###cch 3976 3991 3992 3993 3994 3995 3996 3997 3998 3999 4000 4001 4002 4003 4004 4005 4006 4007 4008 4009 4022 4029 4036 4043 4050 4057 4064 4071 4078 4085 4092 4098 4103 4107 4110 4112 3978 3977
###cch 835 836 999 995 990 984 977 969 961 953 945 937 929 921 913 905 897 884 883 1131 1130 1129 1128 1127 1126 1125 1124 1123 1122 1121 1120 1119 1118 1117 1116 1115 1114 1113
###cch 3979 3980 4111 4108 4104 4099 4093 4086 4079 4072 4065 4058 4051 4044 4037 4030 4023 4011 4010 4241 4240 4239 4238 4237 4236 4235 4234 4233 4232 4231 4230 4229 4228 4227 4226 4225 4224 4223
###cch 837 838 996 991 985 978 970 962 954 946 938 930 922 914 906 898 886 885 1112 1111 1110 1109 1108 1107 1106 1105 1104 1103 1102 1101 1100 1099 1098 1097 1096 1095 1094 1093
###cch 3981 3982 4109 4105 4100 4094 4087 4080 4073 4066 4059 4052 4045 4038 4031 4024 4013 4012 4222 4221 4220 4219 4218 4217 4216 4215 4214 4213 4212 4211 4210 4209 4208 4207 4206 4205 4204 4203
###cch 839 840 992 986 979 971 963 955 947 939 931 923 915 907 899 888 887 1092 1091 1090 1089 1088 1087 1086 1085 1084 1083 1082 1081 1080 1079 1078 1077 1076 1075 1074 1073 1072
###cch 3983 3984 4106 4101 4095 4088 4081 4074 4067 4060 4053 4046 4039 4032 4025 4015 4014 4202 4201 4200 4199 4198 4197 4196 4195 4194 4193 4192 4191 4190 4189 4188 4187 4186 4185 4184 4183 4182
###cch 841 842 987 980 972 964 956 948 940 932 924 916 908 900 890 889 1071 1070 1069 1068 1067 1066 1065 1064 1063 1062 1061 1060 1059 1058 1057 1056 1055 1054 1053 1052 1051 1050
###cch 3985 3986 4102 4096 4089 4082 4075 4068 4061 4054 4047 4040 4033 4026 4017 4016 4181 4180 4179 4178 4177 4176 4175 4174 4173 4172 4171 4170 4169 4168 4167 4166 4165 4164 4163 4162 4161 4160
###cch 843 844 981 973 965 957 949 941 933 925 917 909 901 892 891 1049 1048 1047 1046 1045 1044 1043 1042 1041 1040 1039 1038 1037 1036 1035 1034 1033 1032 1031 1030 1029 1028 1027
###cch 3987 3988 4097 4090 4083 4076 4069 4062 4055 4048 4041 4034 4027 4019 4018 4159 4158 4157 4156 4155 4154 4153 4152 4151 4150 4149 4148 4147 4146 4145 4144 4143 4142 4141 4140 4139 4138 4137
###cch 845 846 974 966 958 950 942 934 926 918 910 902 894 893 1026 1025 1024 1023 1022 1021 1020 1019 1018 1017 1016 1015 1014 1013 1012 1011 1010 1009 1008 1007 1006 1005 1004 1003
###cch 3989 3990 4091 4084 4077 4070 4063 4056 4049 4042 4035 4028 4021 4020 4136 4135 4134 4133 4132 4131 4130 4129 4128 4127 4126 4125 4124 4123 4122 4121 4120 4119 4118 4117 4116 4115 4114 4113
###cch 1844 1845 1847 1849 1851 1853 1855 1857 1859 1861 1863 1865 1867 1869 1871 1873 1875 1877 1879 1881 1883 1885 1887 1889 1891 1893 1895 1897 1899 1901 1902 1904 1906 1908 1910 1912 1914 1916 1918 1920 1922 1924 1926 1928 1930 1932 1934 1936 1938 1940 1942 1944 1946 1948 1950 1952 1954 1955 1957 1959 1961 1963 1965 1967 1969 1971 1973 1975 1977 1979 1981 1983 1985 1987 1989 1991 1993 1995 1997 1999 2001 2003 2005
###cch 2058 2055 2233 2235
###cch 2126 2131 2917 2847
###cch 2922 2919 3097 3099
###cch 2990 2995 3781 3711
###cch 2094 2091 2215 2253
###cch 2162 2167 2899 2865
###cch 2958 2955 3079 3117
###cch 3026 3031 3763 3729
###cch 774 845 843 841 839 837 835 833 832
###cch 813 1021 1045 1068 1090 1111 1131 881 880
###cch 3853 3977 3979 3981 3983 3985 3987 3989 3938 3909
###cch 3875 4008 4241 4221 4200 4178 4155 4131 3957
###cch 94 91 244 206
###cch 308 369 496 458
###cch 16 47 154 188
###cch 130 127 226 188
###cch 268 335 406 440
###cch 2054 2056 2058 2060 2062 2064 2066 2068 2070 2072 2074 2076 2078 2080 2082 2084 2086 2088 2090 2092 2094 2096 2098 2100 2102 2104 2106 2108 2110 2112 2114 2116 2118 2120 2122 2124
###cch 2918 2920 2922 2924 2926 2928 2930 2932 2934 2936 2938 2940 2942 2944 2946 2948 2950 2952 2954 2956 2958 2960 2962 2964 2966 2968 2970 2972 2974 2976 2978 2980 2982 2984 2986 2988
###cch 2126 2128 2130 2132 2134 2136 2138 2140 2142 2144 2146 2148 2150 2152 2154 2156 2158 2160 2162 2164 2166 2168 2170 2172 2174 2176 2178 2180 2182 2184 2186 2188 2190 2192 2194 2196
###cch 2990 2992 2994 2996 2998 3000 3002 3004 3006 3008 3010 3012 3014 3016 3018 3020 3022 3024 3026 3028 3030 3032 3034 3036 3038 3040 3042 3044 3046 3048 3050 3052 3054 3056 3058 3060
###cch 1427 1429 1431 1433 1435 1437 1439 1441 1443 1445 1447 1449 1451 1453 1455 1457 1459 1461 1463 1465 1467 1469 1471 1473 1475 1477 1479 1481 1483 1485 1487 1489 1491 1493 1495 1497 1499 1501 1503 1505 1507 1509
###cch 1730 1732 1734 1736 1738 1740 1743 1745 1747 1750 1752 1754 1756 1758 1761 1763 1765 1767 1770 1772 1774 1776 1779 1781 1783 1785 1787 1789 1791 1793 1795 1797 1800 1802 1804 1807 1809 1811 1813 1815 1818 1820 1822 1824 1827 1829 1831 1833 1836 1838 1840 1842
###cch 1428 1430 1432 1434 1436 1438 1440 1442 1444 1446 1448 1450 1452 1454 1456 1458 1460 1462 1464 1466 1468 1470 1472 1474 1476 1478 1480 1482 1484 1486 1488 1490 1492 1494 1496 1498 1500 1502 1504 1506 1508 1510
###cch 2055 2057 2059 2061 2063 2065 2067 2069 2071 2073 2075 2077 2079 2081 2083 2085 2087 2089 2091 2093 2095 2097 2099 2101 2103 2105 2107 2109 2111 2113 2115 2117 2119 2121 2123 2125
###cch 2919 2921 2923 2925 2927 2929 2931 2933 2935 2937 2939 2941 2943 2945 2947 2949 2951 2953 2955 2957 2959 2961 2963 2965 2967 2969 2971 2973 2975 2977 2979 2981 2983 2985 2987 2989
###cch 2127 2129 2131 2133 2135 2137 2139 2141 2143 2145 2147 2149 2151 2153 2155 2157 2159 2161 2163 2165 2167 2169 2171 2173 2175 2177 2179 2181 2183 2185 2187 2189 2191 2193 2195 2197
###cch 2991 2993 2995 2997 2999 3001 3003 3005 3007 3009 3011 3013 3015 3017 3019 3021 3023 3025 3027 3029 3031 3033 3035 3037 3039 3041 3043 3045 3047 3049 3051 3053 3055 3057 3059 3061
###cch 2198 2233 2232 2231 2230 2229 2228 2227 2226 2225 2224 2223 2222 2221 2220 2219 2218 2217 2216 2215 2214 2213 2212 2211 2210 2209 2208 2207 2206 2205 2204 2203 2202 2201 2200 2199
###cch 3062 3063 3064 3065 3066 3067 3068 3069 3070 3071 3072 3073 3074 3075 3076 3077 3078 3079 3080 3081 3082 3083 3084 3085 3086 3087 3088 3089 3090 3091 3092 3093 3094 3095 3096 3097
###cch 2234 2269 2268 2267 2266 2265 2264 2263 2262 2261 2260 2259 2258 2257 2256 2255 2254 2253 2252 2251 2250 2249 2248 2247 2246 2245 2244 2243 2242 2241 2240 2239 2238 2237 2236 2235
###cch 3098 3099 3100 3101 3102 3103 3104 3105 3106 3107 3108 3109 3110 3111 3112 3113 3114 3115 3116 3117 3118 3119 3120 3121 3122 3123 3124 3125 3126 3127 3128 3129 3130 3131 3132 3133
###cch 2270 2305 2304 2303 2302 2301 2300 2299 2298 2297 2296 2295 2294 2293 2292 2291 2290 2289 2288 2287 2286 2285 2284 2283 2282 2281 2280 2279 2278 2277 2276 2275 2274 2273 2272 2271
###cch 3134 3135 3136 3137 3138 3139 3140 3141 3142 3143 3144 3145 3146 3147 3148 3149 3150 3151 3152 3153 3154 3155 3156 3157 3158 3159 3160 3161 3162 3163 3164 3165 3166 3167 3168 3169
###cch 2306 2341 2340 2339 2338 2337 2336 2335 2334 2333 2332 2331 2330 2329 2328 2327 2326 2325 2324 2323 2322 2321 2320 2319 2318 2317 2316 2315 2314 2313 2312 2311 2310 2309 2308 2307
###cch 3170 3171 3172 3173 3174 3175 3176 3177 3178 3179 3180 3181 3182 3183 3184 3185 3186 3187 3188 3189 3190 3191 3192 3193 3194 3195 3196 3197 3198 3199 3200 3201 3202 3203 3204 3205
###cch 2342 2377 2376 2375 2374 2373 2372 2371 2370 2369 2368 2367 2366 2365 2364 2363 2362 2361 2360 2359 2358 2357 2356 2355 2354 2353 2352 2351 2350 2349 2348 2347 2346 2345 2344 2343
###cch 3206 3207 3208 3209 3210 3211 3212 3213 3214 3215 3216 3217 3218 3219 3220 3221 3222 3223 3224 3225 3226 3227 3228 3229 3230 3231 3232 3233 3234 3235 3236 3237 3238 3239 3240 3241
###cch 2378 2413 2412 2411 2410 2409 2408 2407 2406 2405 2404 2403 2402 2401 2400 2399 2398 2397 2396 2395 2394 2393 2392 2391 2390 2389 2388 2387 2386 2385 2384 2383 2382 2381 2380 2379
###cch 3242 3243 3244 3245 3246 3247 3248 3249 3250 3251 3252 3253 3254 3255 3256 3257 3258 3259 3260 3261 3262 3263 3264 3265 3266 3267 3268 3269 3270 3271 3272 3273 3274 3275 3276 3277
###cch 2414 2449 2448 2447 2446 2445 2444 2443 2442 2441 2440 2439 2438 2437 2436 2435 2434 2433 2432 2431 2430 2429 2428 2427 2426 2425 2424 2423 2422 2421 2420 2419 2418 2417 2416 2415
###cch 3278 3279 3280 3281 3282 3283 3284 3285 3286 3287 3288 3289 3290 3291 3292 3293 3294 3295 3296 3297 3298 3299 3300 3301 3302 3303 3304 3305 3306 3307 3308 3309 3310 3311 3312 3313
###cch 2450 2485 2484 2483 2482 2481 2480 2479 2478 2477 2476 2475 2474 2473 2472 2471 2470 2469 2468 2467 2466 2465 2464 2463 2462 2461 2460 2459 2458 2457 2456 2455 2454 2453 2452 2451
###cch 3314 3315 3316 3317 3318 3319 3320 3321 3322 3323 3324 3325 3326 3327 3328 3329 3330 3331 3332 3333 3334 3335 3336 3337 3338 3339 3340 3341 3342 3343 3344 3345 3346 3347 3348 3349
###cch 2486 2521 2520 2519 2518 2517 2516 2515 2514 2513 2512 2511 2510 2509 2508 2507 2506 2505 2504 2503 2502 2501 2500 2499 2498 2497 2496 2495 2494 2493 2492 2491 2490 2489 2488 2487
###cch 3350 3351 3352 3353 3354 3355 3356 3357 3358 3359 3360 3361 3362 3363 3364 3365 3366 3367 3368 3369 3370 3371 3372 3373 3374 3375 3376 3377 3378 3379 3380 3381 3382 3383 3384 3385
###cch 2522 2557 2556 2555 2554 2553 2552 2551 2550 2549 2548 2547 2546 2545 2544 2543 2542 2541 2540 2539 2538 2537 2536 2535 2534 2533 2532 2531 2530 2529 2528 2527 2526 2525 2524 2523
###cch 3386 3387 3388 3389 3390 3391 3392 3393 3394 3395 3396 3397 3398 3399 3400 3401 3402 3403 3404 3405 3406 3407 3408 3409 3410 3411 3412 3413 3414 3415 3416 3417 3418 3419 3420 3421
###cch 2558 2593 2592 2591 2590 2589 2588 2587 2586 2585 2584 2583 2582 2581 2580 2579 2578 2577 2576 2575 2574 2573 2572 2571 2570 2569 2568 2567 2566 2565 2564 2563 2562 2561 2560 2559
###cch 3422 3423 3424 3425 3426 3427 3428 3429 3430 3431 3432 3433 3434 3435 3436 3437 3438 3439 3440 3441 3442 3443 3444 3445 3446 3447 3448 3449 3450 3451 3452 3453 3454 3455 3456 3457
###cch 2594 2629 2628 2627 2626 2625 2624 2623 2622 2621 2620 2619 2618 2617 2616 2615 2614 2613 2612 2611 2610 2609 2608 2607 2606 2605 2604 2603 2602 2601 2600 2599 2598 2597 2596 2595
###cch 3458 3459 3460 3461 3462 3463 3464 3465 3466 3467 3468 3469 3470 3471 3472 3473 3474 3475 3476 3477 3478 3479 3480 3481 3482 3483 3484 3485 3486 3487 3488 3489 3490 3491 3492 3493
###cch 2630 2665 2664 2663 2662 2661 2660 2659 2658 2657 2656 2655 2654 2653 2652 2651 2650 2649 2648 2647 2646 2645 2644 2643 2642 2641 2640 2639 2638 2637 2636 2635 2634 2633 2632 2631
###cch 3494 3495 3496 3497 3498 3499 3500 3501 3502 3503 3504 3505 3506 3507 3508 3509 3510 3511 3512 3513 3514 3515 3516 3517 3518 3519 3520 3521 3522 3523 3524 3525 3526 3527 3528 3529
###cch 2666 2701 2700 2699 2698 2697 2696 2695 2694 2693 2692 2691 2690 2689 2688 2687 2686 2685 2684 2683 2682 2681 2680 2679 2678 2677 2676 2675 2674 2673 2672 2671 2670 2669 2668 2667
###cch 3530 3531 3532 3533 3534 3535 3536 3537 3538 3539 3540 3541 3542 3543 3544 3545 3546 3547 3548 3549 3550 3551 3552 3553 3554 3555 3556 3557 3558 3559 3560 3561 3562 3563 3564 3565
###cch 2702 2737 2736 2735 2734 2733 2732 2731 2730 2729 2728 2727 2726 2725 2724 2723 2722 2721 2720 2719 2718 2717 2716 2715 2714 2713 2712 2711 2710 2709 2708 2707 2706 2705 2704 2703
###cch 3566 3567 3568 3569 3570 3571 3572 3573 3574 3575 3576 3577 3578 3579 3580 3581 3582 3583 3584 3585 3586 3587 3588 3589 3590 3591 3592 3593 3594 3595 3596 3597 3598 3599 3600 3601
###cch 2738 2773 2772 2771 2770 2769 2768 2767 2766 2765 2764 2763 2762 2761 2760 2759 2758 2757 2756 2755 2754 2753 2752 2751 2750 2749 2748 2747 2746 2745 2744 2743 2742 2741 2740 2739
###cch 3602 3603 3604 3605 3606 3607 3608 3609 3610 3611 3612 3613 3614 3615 3616 3617 3618 3619 3620 3621 3622 3623 3624 3625 3626 3627 3628 3629 3630 3631 3632 3633 3634 3635 3636 3637
###cch 2774 2809 2808 2807 2806 2805 2804 2803 2802 2801 2800 2799 2798 2797 2796 2795 2794 2793 2792 2791 2790 2789 2788 2787 2786 2785 2784 2783 2782 2781 2780 2779 2778 2777 2776 2775
###cch 3638 3639 3640 3641 3642 3643 3644 3645 3646 3647 3648 3649 3650 3651 3652 3653 3654 3655 3656 3657 3658 3659 3660 3661 3662 3663 3664 3665 3666 3667 3668 3669 3670 3671 3672 3673
###cch 2810 2845 2844 2843 2842 2841 2840 2839 2838 2837 2836 2835 2834 2833 2832 2831 2830 2829 2828 2827 2826 2825 2824 2823 2822 2821 2820 2819 2818 2817 2816 2815 2814 2813 2812 2811
###cch 3674 3675 3676 3677 3678 3679 3680 3681 3682 3683 3684 3685 3686 3687 3688 3689 3690 3691 3692 3693 3694 3695 3696 3697 3698 3699 3700 3701 3702 3703 3704 3705 3706 3707 3708 3709
###cch 2846 2881 2880 2879 2878 2877 2876 2875 2874 2873 2872 2871 2870 2869 2868 2867 2866 2865 2864 2863 2862 2861 2860 2859 2858 2857 2856 2855 2854 2853 2852 2851 2850 2849 2848 2847
###cch 3710 3711 3712 3713 3714 3715 3716 3717 3718 3719 3720 3721 3722 3723 3724 3725 3726 3727 3728 3729 3730 3731 3732 3733 3734 3735 3736 3737 3738 3739 3740 3741 3742 3743 3744 3745
###cch 2882 2917 2916 2915 2914 2913 2912 2911 2910 2909 2908 2907 2906 2905 2904 2903 2902 2901 2900 2899 2898 2897 2896 2895 2894 2893 2892 2891 2890 2889 2888 2887 2886 2885 2884 2883
###cch 3746 3747 3748 3749 3750 3751 3752 3753 3754 3755 3756 3757 3758 3759 3760 3761 3762 3763 3764 3765 3766 3767 3768 3769 3770 3771 3772 3773 3774 3775 3776 3777 3778 3779 3780 3781
