# Blender v2.82 (sub 7) OBJ File: 'model_sketches2.blend'
# www.blender.org
mtllib 8mm_vial_cap.mtl
o 8Mm_Vial_Cap
v -0.007520 0.000687 0.006000
v -0.007773 0.000662 0.005968
v -0.007551 0.000000 0.006000
v -0.007802 0.000000 0.005968
v -0.007773 -0.000662 0.005968
v -0.008036 0.000000 0.005875
v -0.008007 -0.000681 0.005875
v -0.008240 0.000000 0.005725
v -0.008210 -0.000699 0.005725
v -0.008399 -0.000000 0.005530
v -0.008369 -0.000712 0.005530
v -0.008505 -0.000000 0.005301
v -0.008474 -0.000721 0.005301
v -0.008550 -0.000000 0.005053
v -0.008519 -0.000725 0.005053
v -0.007689 0.001318 0.005968
v -0.007426 0.001368 0.006000
v -0.007550 0.001966 0.005968
v -0.007271 0.002037 0.006000
v -0.007356 0.002599 0.005968
v -0.007056 0.002690 0.006000
v -0.007109 0.003213 0.005968
v -0.006782 0.003321 0.006000
v -0.006811 0.003805 0.005968
v -0.006452 0.003924 0.006000
v -0.006464 0.004369 0.005968
v -0.006068 0.004494 0.006000
v -0.006070 0.004901 0.005968
v -0.005635 0.005027 0.006000
v -0.005632 0.005398 0.005968
v -0.005154 0.005519 0.006000
v -0.005154 0.005856 0.005968
v -0.004631 0.005965 0.006000
v -0.004639 0.006272 0.005968
v -0.004069 0.006361 0.006000
v -0.004090 0.006643 0.005968
v -0.003474 0.006705 0.006000
v -0.003512 0.006966 0.005968
v -0.002850 0.006993 0.006000
v -0.002909 0.007239 0.005968
v -0.002202 0.007223 0.006000
v -0.002284 0.007460 0.005968
v -0.001644 0.007626 0.005968
v -0.001693 0.007856 0.005875
v -0.001021 0.007971 0.005875
v -0.001047 0.008173 0.005725
v -0.000350 0.008232 0.005725
v -0.000356 0.008392 0.005530
v 0.000356 0.008392 0.005530
v 0.000361 0.008497 0.005301
v 0.001080 0.008436 0.005301
v 0.001086 0.008481 0.005053
v 0.001801 0.008358 0.005053
v 0.001792 0.008314 0.005301
v 0.002504 0.008175 0.005053
v 0.002490 0.008132 0.005301
v 0.003188 0.007933 0.005053
v 0.003171 0.007892 0.005301
v 0.003849 0.007634 0.005053
v 0.003829 0.007594 0.005301
v 0.004483 0.007280 0.005053
v 0.004459 0.007242 0.005301
v 0.005084 0.006874 0.005053
v 0.005057 0.006838 0.005301
v 0.005649 0.006418 0.005053
v 0.005619 0.006384 0.005301
v 0.006173 0.005916 0.005053
v 0.006140 0.005885 0.005301
v 0.006652 0.005371 0.005053
v 0.006617 0.005343 0.005301
v 0.007084 0.004788 0.005053
v 0.007046 0.004763 0.005301
v 0.007464 0.004170 0.005053
v 0.007425 0.004148 0.005301
v 0.007791 0.003522 0.005053
v 0.007750 0.003503 0.005301
v 0.008061 0.002848 0.005053
v 0.008019 0.002833 0.005301
v 0.008274 0.002154 0.005053
v 0.008230 0.002143 0.005301
v 0.008427 0.001445 0.005053
v 0.008383 0.001437 0.005301
v 0.008519 0.000725 0.005053
v 0.008474 0.000721 0.005301
v 0.008550 -0.000000 0.005053
v 0.008505 0.000000 0.005301
v 0.008519 -0.000725 0.005053
v 0.008474 -0.000721 0.005301
v 0.008427 -0.001445 0.005053
v 0.008383 -0.001437 0.005301
v 0.008274 -0.002154 0.005053
v 0.008230 -0.002143 0.005301
v 0.008061 -0.002848 0.005053
v 0.008019 -0.002833 0.005301
v 0.007791 -0.003522 0.005053
v 0.007750 -0.003503 0.005301
v 0.007464 -0.004170 0.005053
v 0.007425 -0.004148 0.005301
v 0.007084 -0.004788 0.005053
v 0.007046 -0.004763 0.005301
v 0.006652 -0.005371 0.005053
v 0.006617 -0.005343 0.005301
v 0.006173 -0.005916 0.005053
v 0.006140 -0.005885 0.005301
v 0.005649 -0.006418 0.005053
v 0.005619 -0.006384 0.005301
v 0.005084 -0.006874 0.005053
v 0.005057 -0.006838 0.005301
v 0.004483 -0.007280 0.005053
v 0.004459 -0.007242 0.005301
v 0.003849 -0.007634 0.005053
v 0.003829 -0.007594 0.005301
v 0.003188 -0.007933 0.005053
v 0.003171 -0.007892 0.005301
v 0.002504 -0.008175 0.005053
v 0.002490 -0.008132 0.005301
v 0.001801 -0.008358 0.005053
v 0.001792 -0.008314 0.005301
v 0.001086 -0.008481 0.005053
v 0.001080 -0.008436 0.005301
v 0.000363 -0.008542 0.005053
v 0.000361 -0.008497 0.005301
v -0.000363 -0.008542 0.005053
v -0.000361 -0.008497 0.005301
v -0.001086 -0.008481 0.005053
v -0.001080 -0.008436 0.005301
v -0.001801 -0.008358 0.005053
v -0.001792 -0.008314 0.005301
v -0.002504 -0.008175 0.005053
v -0.002490 -0.008132 0.005301
v -0.003188 -0.007933 0.005053
v -0.003171 -0.007892 0.005301
v -0.003849 -0.007634 0.005053
v -0.003829 -0.007594 0.005301
v -0.004483 -0.007280 0.005053
v -0.004459 -0.007242 0.005301
v -0.005084 -0.006874 0.005053
v -0.005057 -0.006838 0.005301
v -0.005649 -0.006418 0.005053
v -0.005619 -0.006384 0.005301
v -0.006173 -0.005916 0.005053
v -0.006140 -0.005885 0.005301
v -0.006652 -0.005371 0.005053
v -0.006617 -0.005343 0.005301
v -0.007084 -0.004788 0.005053
v -0.007046 -0.004763 0.005301
v -0.007464 -0.004170 0.005053
v -0.007425 -0.004148 0.005301
v -0.007791 -0.003522 0.005053
v -0.007750 -0.003503 0.005301
v -0.008061 -0.002848 0.005053
v -0.008019 -0.002833 0.005301
v -0.008274 -0.002154 0.005053
v -0.008230 -0.002143 0.005301
v -0.008427 -0.001445 0.005053
v -0.008383 -0.001437 0.005301
v -0.001536 0.007393 0.006000
v -0.000991 0.007738 0.005968
v -0.000341 0.008029 0.005875
v 0.000350 0.008232 0.005725
v 0.001067 0.008331 0.005530
v -0.000858 0.007502 0.006000
v -0.000331 0.007795 0.005968
v 0.000341 0.008029 0.005875
v 0.001047 0.008173 0.005725
v 0.001770 0.008211 0.005530
v -0.000172 0.007549 0.006000
v 0.000331 0.007795 0.005968
v 0.001021 0.007971 0.005875
v 0.001736 0.008055 0.005725
v 0.002459 0.008031 0.005530
v 0.000515 0.007534 0.006000
v 0.000991 0.007738 0.005968
v 0.001693 0.007856 0.005875
v 0.002413 0.007878 0.005725
v 0.003132 0.007794 0.005530
v 0.001198 0.007456 0.006000
v 0.001644 0.007626 0.005968
v 0.002353 0.007684 0.005875
v 0.003072 0.007645 0.005725
v 0.003781 0.007500 0.005530
v 0.001871 0.007316 0.006000
v 0.002284 0.007460 0.005968
v 0.002996 0.007457 0.005875
v 0.003709 0.007357 0.005725
v 0.004404 0.007152 0.005530
v 0.002529 0.007115 0.006000
v 0.002909 0.007239 0.005968
v 0.003618 0.007176 0.005875
v 0.004320 0.007016 0.005725
v 0.004994 0.006753 0.005530
v 0.003165 0.006856 0.006000
v 0.003512 0.006966 0.005968
v 0.004213 0.006843 0.005875
v 0.004899 0.006625 0.005725
v 0.005549 0.006305 0.005530
v 0.003776 0.006540 0.006000
v 0.004090 0.006643 0.005968
v 0.004778 0.006461 0.005875
v 0.005444 0.006185 0.005725
v 0.006064 0.005812 0.005530
v 0.004355 0.006169 0.006000
v 0.004639 0.006272 0.005968
v 0.005309 0.006032 0.005875
v 0.005949 0.005701 0.005725
v 0.006535 0.005277 0.005530
v 0.004898 0.005748 0.006000
v 0.005154 0.005856 0.005968
v 0.005802 0.005560 0.005875
v 0.006411 0.005176 0.005725
v 0.006959 0.004703 0.005530
v 0.005400 0.005278 0.006000
v 0.005632 0.005398 0.005968
v 0.006252 0.005048 0.005875
v 0.006827 0.004614 0.005725
v 0.007333 0.004096 0.005530
v 0.005858 0.004766 0.006000
v 0.006070 0.004901 0.005968
v 0.006658 0.004500 0.005875
v 0.007193 0.004018 0.005725
v 0.007654 0.003460 0.005530
v 0.006267 0.004213 0.006000
v 0.006464 0.004369 0.005968
v 0.007016 0.003919 0.005875
v 0.007508 0.003394 0.005725
v 0.007919 0.002798 0.005530
v 0.006811 0.003805 0.005968
v 0.006624 0.003626 0.006000
v 0.007109 0.003213 0.005968
v 0.006926 0.003008 0.006000
v 0.007356 0.002599 0.005968
v 0.007171 0.002366 0.006000
v 0.007550 0.001966 0.005968
v 0.007356 0.001704 0.006000
v 0.007689 0.001318 0.005968
v 0.007481 0.001028 0.006000
v 0.007773 0.000662 0.005968
v 0.007543 0.000344 0.006000
v 0.007802 0.000000 0.005968
v 0.007543 -0.000344 0.006000
v 0.007773 -0.000662 0.005968
v 0.007481 -0.001028 0.006000
v 0.007689 -0.001318 0.005968
v 0.007356 -0.001704 0.006000
v 0.007550 -0.001966 0.005968
v 0.007171 -0.002366 0.006000
v 0.007356 -0.002599 0.005968
v 0.006926 -0.003008 0.006000
v 0.007109 -0.003213 0.005968
v 0.006624 -0.003626 0.006000
v 0.006811 -0.003805 0.005968
v 0.006267 -0.004213 0.006000
v 0.006464 -0.004369 0.005968
v 0.006070 -0.004901 0.005968
v 0.006252 -0.005048 0.005875
v 0.005802 -0.005560 0.005875
v 0.005949 -0.005701 0.005725
v 0.005444 -0.006185 0.005725
v 0.005549 -0.006305 0.005530
v 0.004994 -0.006753 0.005530
v 0.005858 -0.004766 0.006000
v 0.005632 -0.005398 0.005968
v 0.005309 -0.006032 0.005875
v 0.004899 -0.006625 0.005725
v 0.004404 -0.007152 0.005530
v 0.005400 -0.005278 0.006000
v 0.005154 -0.005856 0.005968
v 0.004778 -0.006461 0.005875
v 0.004320 -0.007016 0.005725
v 0.003781 -0.007500 0.005530
v 0.004898 -0.005748 0.006000
v 0.004639 -0.006272 0.005968
v 0.004213 -0.006843 0.005875
v 0.003709 -0.007357 0.005725
v 0.003132 -0.007794 0.005530
v 0.004355 -0.006169 0.006000
v 0.004090 -0.006643 0.005968
v 0.003618 -0.007176 0.005875
v 0.003072 -0.007645 0.005725
v 0.002459 -0.008031 0.005530
v 0.003776 -0.006540 0.006000
v 0.003512 -0.006966 0.005968
v 0.002996 -0.007457 0.005875
v 0.002413 -0.007878 0.005725
v 0.001770 -0.008211 0.005530
v 0.003165 -0.006856 0.006000
v 0.002909 -0.007239 0.005968
v 0.002353 -0.007684 0.005875
v 0.001736 -0.008055 0.005725
v 0.001067 -0.008331 0.005530
v 0.002529 -0.007115 0.006000
v 0.002284 -0.007460 0.005968
v 0.001693 -0.007856 0.005875
v 0.001047 -0.008173 0.005725
v 0.000356 -0.008392 0.005530
v 0.001871 -0.007316 0.006000
v 0.001644 -0.007626 0.005968
v 0.001021 -0.007971 0.005875
v 0.000350 -0.008232 0.005725
v -0.000356 -0.008392 0.005530
v 0.001198 -0.007456 0.006000
v 0.000991 -0.007738 0.005968
v 0.000341 -0.008029 0.005875
v -0.000350 -0.008232 0.005725
v -0.001067 -0.008331 0.005530
v 0.000515 -0.007534 0.006000
v 0.000331 -0.007795 0.005968
v -0.000341 -0.008029 0.005875
v -0.001047 -0.008173 0.005725
v -0.001770 -0.008211 0.005530
v -0.000172 -0.007549 0.006000
v -0.000331 -0.007795 0.005968
v -0.001021 -0.007971 0.005875
v -0.001736 -0.008055 0.005725
v -0.002459 -0.008031 0.005530
v -0.000858 -0.007502 0.006000
v -0.000991 -0.007738 0.005968
v -0.001693 -0.007856 0.005875
v -0.002413 -0.007878 0.005725
v -0.003132 -0.007794 0.005530
v -0.001536 -0.007393 0.006000
v -0.001644 -0.007626 0.005968
v -0.002353 -0.007684 0.005875
v -0.003072 -0.007645 0.005725
v -0.003781 -0.007500 0.005530
v -0.002202 -0.007223 0.006000
v -0.002284 -0.007460 0.005968
v -0.002996 -0.007457 0.005875
v -0.003709 -0.007357 0.005725
v -0.004404 -0.007152 0.005530
v -0.002909 -0.007239 0.005968
v -0.002850 -0.006993 0.006000
v -0.003512 -0.006966 0.005968
v -0.003474 -0.006705 0.006000
v -0.004090 -0.006643 0.005968
v -0.004069 -0.006361 0.006000
v -0.004639 -0.006272 0.005968
v -0.004631 -0.005965 0.006000
v -0.005154 -0.005856 0.005968
v -0.005154 -0.005519 0.006000
v -0.005632 -0.005398 0.005968
v -0.005635 -0.005027 0.006000
v -0.006070 -0.004901 0.005968
v -0.006068 -0.004494 0.006000
v -0.006464 -0.004369 0.005968
v -0.006452 -0.003924 0.006000
v -0.006811 -0.003805 0.005968
v -0.006782 -0.003321 0.006000
v -0.007109 -0.003213 0.005968
v -0.007056 -0.002690 0.006000
v -0.007356 -0.002599 0.005968
v -0.007271 -0.002037 0.006000
v -0.007550 -0.001966 0.005968
v -0.007426 -0.001368 0.006000
v -0.007689 -0.001318 0.005968
v -0.007520 -0.000687 0.006000
v 0.000363 0.008542 0.005053
v -0.000361 0.008497 0.005301
v -0.001067 0.008331 0.005530
v -0.001736 0.008055 0.005725
v -0.002353 0.007684 0.005875
v -0.000363 0.008542 0.005053
v -0.001080 0.008436 0.005301
v -0.001770 0.008211 0.005530
v -0.002413 0.007878 0.005725
v -0.002996 0.007457 0.005875
v -0.001086 0.008481 0.005053
v -0.001792 0.008314 0.005301
v -0.002459 0.008031 0.005530
v -0.003072 0.007645 0.005725
v -0.003618 0.007176 0.005875
v -0.001801 0.008358 0.005053
v -0.002490 0.008132 0.005301
v -0.003132 0.007794 0.005530
v -0.003709 0.007357 0.005725
v -0.004213 0.006843 0.005875
v -0.002504 0.008175 0.005053
v -0.003171 0.007892 0.005301
v -0.003781 0.007500 0.005530
v -0.004320 0.007016 0.005725
v -0.004778 0.006461 0.005875
v -0.003188 0.007933 0.005053
v -0.003829 0.007594 0.005301
v -0.004404 0.007152 0.005530
v -0.004899 0.006625 0.005725
v -0.005309 0.006032 0.005875
v -0.003849 0.007634 0.005053
v -0.004459 0.007242 0.005301
v -0.004994 0.006753 0.005530
v -0.005444 0.006185 0.005725
v -0.005802 0.005560 0.005875
v -0.004483 0.007280 0.005053
v -0.005057 0.006838 0.005301
v -0.005549 0.006305 0.005530
v -0.005949 0.005701 0.005725
v -0.006252 0.005048 0.005875
v -0.005084 0.006874 0.005053
v -0.005619 0.006384 0.005301
v -0.006064 0.005812 0.005530
v -0.006411 0.005176 0.005725
v -0.006658 0.004500 0.005875
v -0.005649 0.006418 0.005053
v -0.006140 0.005885 0.005301
v -0.006535 0.005277 0.005530
v -0.006827 0.004614 0.005725
v -0.007016 0.003919 0.005875
v -0.006173 0.005916 0.005053
v -0.006617 0.005343 0.005301
v -0.006959 0.004703 0.005530
v -0.007193 0.004018 0.005725
v -0.007323 0.003310 0.005875
v -0.006652 0.005371 0.005053
v -0.007046 0.004763 0.005301
v -0.007333 0.004096 0.005530
v -0.007508 0.003394 0.005725
v -0.007577 0.002677 0.005875
v -0.007084 0.004788 0.005053
v -0.007425 0.004148 0.005301
v -0.007654 0.003460 0.005530
v -0.007769 0.002745 0.005725
v -0.007777 0.002025 0.005875
v -0.007464 0.004170 0.005053
v -0.007750 0.003503 0.005301
v -0.007919 0.002798 0.005530
v -0.007974 0.002076 0.005725
v -0.007920 0.001358 0.005875
v -0.007791 0.003522 0.005053
v -0.008019 0.002833 0.005301
v -0.008128 0.002116 0.005530
v -0.008121 0.001392 0.005725
v -0.008007 0.000681 0.005875
v -0.008061 0.002848 0.005053
v -0.008230 0.002143 0.005301
v -0.008278 0.001419 0.005530
v -0.008210 0.000699 0.005725
v -0.008274 0.002154 0.005053
v -0.008383 0.001437 0.005301
v -0.008369 0.000712 0.005530
v -0.008427 0.001445 0.005053
v -0.008474 0.000721 0.005301
v -0.008519 0.000725 0.005053
v 0.008036 0.000000 0.005875
v 0.008007 0.000681 0.005875
v 0.007920 0.001358 0.005875
v 0.007777 0.002025 0.005875
v 0.007577 0.002677 0.005875
v 0.007323 0.003310 0.005875
v 0.008240 0.000000 0.005725
v 0.008210 0.000699 0.005725
v 0.008121 0.001392 0.005725
v 0.007974 0.002076 0.005725
v 0.007769 0.002745 0.005725
v 0.008007 -0.000681 0.005875
v 0.007920 -0.001358 0.005875
v 0.007777 -0.002025 0.005875
v 0.007577 -0.002677 0.005875
v 0.007323 -0.003310 0.005875
v 0.007016 -0.003919 0.005875
v 0.006658 -0.004500 0.005875
v 0.008399 0.000000 0.005530
v 0.008369 0.000712 0.005530
v 0.008278 0.001419 0.005530
v 0.008128 0.002116 0.005530
v 0.008210 -0.000699 0.005725
v 0.008121 -0.001392 0.005725
v 0.007974 -0.002076 0.005725
v 0.007769 -0.002745 0.005725
v 0.007508 -0.003394 0.005725
v 0.007193 -0.004018 0.005725
v 0.006827 -0.004614 0.005725
v 0.006411 -0.005176 0.005725
v 0.008369 -0.000712 0.005530
v 0.008278 -0.001419 0.005530
v 0.008128 -0.002116 0.005530
v 0.007919 -0.002798 0.005530
v 0.007654 -0.003460 0.005530
v 0.007333 -0.004096 0.005530
v 0.006959 -0.004703 0.005530
v 0.006535 -0.005277 0.005530
v 0.006064 -0.005812 0.005530
v -0.003618 -0.007176 0.005875
v -0.004320 -0.007016 0.005725
v -0.004994 -0.006753 0.005530
v -0.004213 -0.006843 0.005875
v -0.004778 -0.006461 0.005875
v -0.005309 -0.006032 0.005875
v -0.005802 -0.005560 0.005875
v -0.006252 -0.005048 0.005875
v -0.006658 -0.004500 0.005875
v -0.007016 -0.003919 0.005875
v -0.007323 -0.003310 0.005875
v -0.007577 -0.002677 0.005875
v -0.007777 -0.002025 0.005875
v -0.007920 -0.001358 0.005875
v -0.004899 -0.006625 0.005725
v -0.005549 -0.006305 0.005530
v -0.005444 -0.006185 0.005725
v -0.005949 -0.005701 0.005725
v -0.006411 -0.005176 0.005725
v -0.006827 -0.004614 0.005725
v -0.007193 -0.004018 0.005725
v -0.007508 -0.003394 0.005725
v -0.007769 -0.002745 0.005725
v -0.007974 -0.002076 0.005725
v -0.008121 -0.001392 0.005725
v -0.006064 -0.005812 0.005530
v -0.006535 -0.005277 0.005530
v -0.006959 -0.004703 0.005530
v -0.007333 -0.004096 0.005530
v -0.007654 -0.003460 0.005530
v -0.007919 -0.002798 0.005530
v -0.008128 -0.002116 0.005530
v -0.008278 -0.001419 0.005530
v -0.004500 -0.000000 0.006000
v -0.004470 -0.000522 0.006000
v -0.004379 -0.001038 0.006000
v -0.004229 -0.001539 0.006000
v -0.004021 -0.002020 0.006000
v -0.003760 -0.002473 0.006000
v -0.003447 -0.002893 0.006000
v -0.003088 -0.003273 0.006000
v -0.002687 -0.003610 0.006000
v -0.002250 -0.003897 0.006000
v -0.001782 -0.004132 0.006000
v -0.001291 -0.004311 0.006000
v -0.000781 -0.004432 0.006000
v -0.000262 -0.004492 0.006000
v 0.000262 -0.004492 0.006000
v 0.000781 -0.004432 0.006000
v 0.001291 -0.004311 0.006000
v 0.001782 -0.004132 0.006000
v 0.002250 -0.003897 0.006000
v 0.002687 -0.003610 0.006000
v 0.003088 -0.003273 0.006000
v 0.003447 -0.002893 0.006000
v 0.003760 -0.002473 0.006000
v 0.004021 -0.002020 0.006000
v 0.004229 -0.001539 0.006000
v 0.004379 -0.001038 0.006000
v 0.004470 -0.000522 0.006000
v 0.004500 -0.000000 0.006000
v 0.004470 0.000522 0.006000
v 0.004379 0.001038 0.006000
v 0.004229 0.001539 0.006000
v 0.004021 0.002020 0.006000
v 0.003760 0.002473 0.006000
v 0.003447 0.002893 0.006000
v 0.003088 0.003273 0.006000
v 0.002687 0.003610 0.006000
v 0.002250 0.003897 0.006000
v 0.001782 0.004132 0.006000
v 0.001291 0.004311 0.006000
v 0.000781 0.004432 0.006000
v 0.000262 0.004492 0.006000
v -0.000262 0.004492 0.006000
v -0.000781 0.004432 0.006000
v -0.001291 0.004311 0.006000
v -0.001782 0.004132 0.006000
v -0.002250 0.003897 0.006000
v -0.002687 0.003610 0.006000
v -0.003088 0.003273 0.006000
v -0.003447 0.002893 0.006000
v -0.003760 0.002473 0.006000
v -0.004021 0.002020 0.006000
v -0.004229 0.001539 0.006000
v -0.004379 0.001038 0.006000
v -0.004470 0.000522 0.006000
v -0.008916 0.000749 -0.002503
v -0.008948 0.000000 -0.002503
v -0.008916 -0.000749 -0.002503
v -0.008822 0.001492 -0.002503
v -0.008666 0.002225 -0.002503
v -0.008450 0.002943 -0.002503
v -0.008174 0.003639 -0.002503
v -0.007841 0.004310 -0.002503
v -0.007453 0.004951 -0.002503
v -0.007012 0.005558 -0.002503
v -0.006522 0.006125 -0.002503
v -0.005987 0.006649 -0.002503
v -0.005410 0.007127 -0.002503
v -0.004794 0.007555 -0.002503
v -0.004145 0.007929 -0.002503
v -0.003467 0.008248 -0.002503
v -0.002765 0.008510 -0.002503
v -0.002043 0.008711 -0.002503
v -0.001307 0.008852 -0.002503
v -0.000562 0.008930 -0.002503
v 0.000187 0.008946 -0.002503
v 0.000935 0.008898 -0.002503
v 0.001677 0.008789 -0.002503
v 0.002406 0.008618 -0.002503
v 0.003119 0.008386 -0.002503
v 0.003810 0.008096 -0.002503
v 0.004474 0.007749 -0.002503
v 0.005106 0.007347 -0.002503
v 0.005703 0.006894 -0.002503
v 0.006260 0.006393 -0.002503
v 0.006773 0.005846 -0.002503
v 0.007239 0.005259 -0.002503
v 0.007653 0.004635 -0.002503
v 0.008014 0.003978 -0.002503
v 0.008319 0.003294 -0.002503
v 0.008566 0.002586 -0.002503
v 0.008752 0.001860 -0.002503
v 0.008877 0.001121 -0.002503
v 0.008940 0.000375 -0.002503
v 0.008940 -0.000375 -0.002503
v 0.008877 -0.001121 -0.002503
v 0.008752 -0.001860 -0.002503
v 0.008566 -0.002586 -0.002503
v 0.008319 -0.003294 -0.002503
v 0.008014 -0.003978 -0.002503
v 0.007653 -0.004635 -0.002503
v 0.007239 -0.005259 -0.002503
v 0.006773 -0.005846 -0.002503
v 0.006260 -0.006393 -0.002503
v 0.005703 -0.006894 -0.002503
v 0.005106 -0.007347 -0.002503
v 0.004474 -0.007749 -0.002503
v 0.003810 -0.008096 -0.002503
v 0.003119 -0.008386 -0.002503
v 0.002406 -0.008618 -0.002503
v 0.001677 -0.008789 -0.002503
v 0.000935 -0.008898 -0.002503
v 0.000187 -0.008946 -0.002503
v -0.000562 -0.008930 -0.002503
v -0.001307 -0.008852 -0.002503
v -0.002043 -0.008711 -0.002503
v -0.002765 -0.008510 -0.002503
v -0.003467 -0.008248 -0.002503
v -0.004145 -0.007929 -0.002503
v -0.004794 -0.007555 -0.002503
v -0.005410 -0.007127 -0.002503
v -0.005987 -0.006649 -0.002503
v -0.006522 -0.006125 -0.002503
v -0.007012 -0.005558 -0.002503
v -0.007453 -0.004951 -0.002503
v -0.007841 -0.004310 -0.002503
v -0.008174 -0.003639 -0.002503
v -0.008450 -0.002943 -0.002503
v -0.008666 -0.002225 -0.002503
v -0.008822 -0.001492 -0.002503
v -0.004470 -0.000522 0.005000
v 0.004470 -0.000522 0.005000
v -0.004500 -0.000000 0.005000
v 0.004500 -0.000000 0.005000
v -0.004470 0.000522 0.005000
v 0.004470 0.000522 0.005000
v -0.004379 0.001038 0.005000
v 0.004379 0.001038 0.005000
v -0.004229 0.001539 0.005000
v 0.004229 0.001539 0.005000
v -0.004021 0.002020 0.005000
v 0.004021 0.002020 0.005000
v -0.003760 0.002473 0.005000
v 0.003760 0.002473 0.005000
v -0.003447 0.002893 0.005000
v 0.003447 0.002893 0.005000
v -0.003088 0.003273 0.005000
v 0.003088 0.003273 0.005000
v -0.002687 0.003610 0.005000
v 0.002687 0.003610 0.005000
v -0.002250 0.003897 0.005000
v 0.002250 0.003897 0.005000
v -0.001782 0.004132 0.005000
v 0.001782 0.004132 0.005000
v -0.001291 0.004311 0.005000
v 0.001291 0.004311 0.005000
v -0.000781 0.004432 0.005000
v 0.000781 0.004432 0.005000
v -0.000262 0.004492 0.005000
v 0.000262 0.004492 0.005000
v 0.004379 -0.001038 0.005000
v -0.004379 -0.001038 0.005000
v 0.004229 -0.001539 0.005000
v -0.004229 -0.001539 0.005000
v 0.004021 -0.002020 0.005000
v -0.004021 -0.002020 0.005000
v 0.003760 -0.002473 0.005000
v -0.003760 -0.002473 0.005000
v 0.003447 -0.002893 0.005000
v -0.003447 -0.002893 0.005000
v 0.003088 -0.003273 0.005000
v -0.003088 -0.003273 0.005000
v 0.002687 -0.003610 0.005000
v -0.002687 -0.003610 0.005000
v 0.002250 -0.003897 0.005000
v -0.002250 -0.003897 0.005000
v 0.001782 -0.004132 0.005000
v -0.001782 -0.004132 0.005000
v 0.001291 -0.004311 0.005000
v -0.001291 -0.004311 0.005000
v 0.000781 -0.004432 0.005000
v -0.000781 -0.004432 0.005000
v 0.000262 -0.004492 0.005000
v -0.000262 -0.004492 0.005000
v -0.008969 0.000743 -0.002500
v -0.009000 0.000000 -0.002500
v -0.008969 -0.000743 -0.002500
v -0.008877 -0.001481 -0.002500
v -0.008725 -0.002209 -0.002500
v -0.008512 -0.002922 -0.002500
v -0.008242 -0.003615 -0.002500
v -0.007915 -0.004284 -0.002500
v -0.007534 -0.004923 -0.002500
v -0.007102 -0.005528 -0.002500
v -0.006622 -0.006096 -0.002500
v -0.006096 -0.006622 -0.002500
v -0.005528 -0.007102 -0.002500
v -0.004923 -0.007534 -0.002500
v -0.004284 -0.007915 -0.002500
v -0.003615 -0.008242 -0.002500
v -0.002922 -0.008512 -0.002500
v -0.002209 -0.008725 -0.002500
v -0.001481 -0.008877 -0.002500
v -0.000743 -0.008969 -0.002500
v -0.000000 -0.009000 -0.002500
v 0.000743 -0.008969 -0.002500
v 0.001481 -0.008877 -0.002500
v 0.002209 -0.008725 -0.002500
v 0.002922 -0.008512 -0.002500
v 0.003615 -0.008242 -0.002500
v 0.004284 -0.007915 -0.002500
v 0.004923 -0.007534 -0.002500
v 0.005528 -0.007102 -0.002500
v 0.006096 -0.006622 -0.002500
v 0.006622 -0.006096 -0.002500
v 0.007102 -0.005528 -0.002500
v 0.007534 -0.004923 -0.002500
v 0.007915 -0.004284 -0.002500
v 0.008242 -0.003615 -0.002500
v 0.008512 -0.002922 -0.002500
v 0.008725 -0.002209 -0.002500
v 0.008877 -0.001481 -0.002500
v 0.008969 -0.000743 -0.002500
v 0.009000 0.000000 -0.002500
v 0.008969 0.000743 -0.002500
v 0.008877 0.001481 -0.002500
v 0.008725 0.002209 -0.002500
v 0.008512 0.002922 -0.002500
v 0.008242 0.003615 -0.002500
v 0.007915 0.004284 -0.002500
v 0.007534 0.004923 -0.002500
v 0.007102 0.005528 -0.002500
v 0.006622 0.006096 -0.002500
v 0.006096 0.006622 -0.002500
v 0.005528 0.007102 -0.002500
v 0.004923 0.007534 -0.002500
v 0.004284 0.007915 -0.002500
v 0.003615 0.008242 -0.002500
v 0.002922 0.008512 -0.002500
v 0.002209 0.008725 -0.002500
v 0.001481 0.008877 -0.002500
v 0.000743 0.008969 -0.002500
v -0.000000 0.009000 -0.002500
v -0.000743 0.008969 -0.002500
v -0.001481 0.008877 -0.002500
v -0.002209 0.008725 -0.002500
v -0.002922 0.008512 -0.002500
v -0.003615 0.008242 -0.002500
v -0.004284 0.007915 -0.002500
v -0.004923 0.007534 -0.002500
v -0.005528 0.007102 -0.002500
v -0.006096 0.006622 -0.002500
v -0.006622 0.006096 -0.002500
v -0.007102 0.005528 -0.002500
v -0.007534 0.004923 -0.002500
v -0.007915 0.004284 -0.002500
v -0.008242 0.003615 -0.002500
v -0.008512 0.002922 -0.002500
v -0.008725 0.002209 -0.002500
v -0.008877 0.001481 -0.002500
v -0.008969 0.000743 -0.003500
v -0.009000 0.000000 -0.003500
v -0.008969 -0.000743 -0.003500
v -0.008877 -0.001481 -0.003500
v -0.008725 -0.002209 -0.003500
v -0.008512 -0.002922 -0.003500
v -0.008242 -0.003615 -0.003500
v -0.007915 -0.004284 -0.003500
v -0.007534 -0.004923 -0.003500
v -0.007102 -0.005528 -0.003500
v -0.006622 -0.006096 -0.003500
v -0.006096 -0.006622 -0.003500
v -0.005528 -0.007102 -0.003500
v -0.004923 -0.007534 -0.003500
v -0.004284 -0.007915 -0.003500
v -0.003615 -0.008242 -0.003500
v -0.002922 -0.008512 -0.003500
v -0.002209 -0.008725 -0.003500
v -0.001481 -0.008877 -0.003500
v -0.000743 -0.008969 -0.003500
v -0.000000 -0.009000 -0.003500
v 0.000743 -0.008969 -0.003500
v 0.001481 -0.008877 -0.003500
v 0.002209 -0.008725 -0.003500
v 0.002922 -0.008512 -0.003500
v 0.003615 -0.008242 -0.003500
v 0.004284 -0.007915 -0.003500
v 0.004923 -0.007534 -0.003500
v 0.005528 -0.007102 -0.003500
v 0.006096 -0.006622 -0.003500
v 0.006622 -0.006096 -0.003500
v 0.007102 -0.005528 -0.003500
v 0.007534 -0.004923 -0.003500
v 0.007915 -0.004284 -0.003500
v 0.008242 -0.003615 -0.003500
v 0.008512 -0.002922 -0.003500
v 0.008725 -0.002209 -0.003500
v 0.008877 -0.001481 -0.003500
v 0.008969 -0.000743 -0.003500
v 0.009000 0.000000 -0.003500
v 0.008969 0.000743 -0.003500
v 0.008877 0.001481 -0.003500
v 0.008725 0.002209 -0.003500
v 0.008512 0.002922 -0.003500
v 0.008242 0.003615 -0.003500
v 0.007915 0.004284 -0.003500
v 0.007534 0.004923 -0.003500
v 0.007102 0.005528 -0.003500
v 0.006622 0.006096 -0.003500
v 0.006096 0.006622 -0.003500
v 0.005528 0.007102 -0.003500
v 0.004923 0.007534 -0.003500
v 0.004284 0.007915 -0.003500
v 0.003615 0.008242 -0.003500
v 0.002922 0.008512 -0.003500
v 0.002209 0.008725 -0.003500
v 0.001481 0.008877 -0.003500
v 0.000743 0.008969 -0.003500
v -0.000000 0.009000 -0.003500
v -0.000743 0.008969 -0.003500
v -0.001481 0.008877 -0.003500
v -0.002209 0.008725 -0.003500
v -0.002922 0.008512 -0.003500
v -0.003615 0.008242 -0.003500
v -0.004284 0.007915 -0.003500
v -0.004923 0.007534 -0.003500
v -0.005528 0.007102 -0.003500
v -0.006096 0.006622 -0.003500
v -0.006622 0.006096 -0.003500
v -0.007102 0.005528 -0.003500
v -0.007534 0.004923 -0.003500
v -0.007915 0.004284 -0.003500
v -0.008242 0.003615 -0.003500
v -0.008512 0.002922 -0.003500
v -0.008725 0.002209 -0.003500
v -0.008877 0.001481 -0.003500
vn -0.1252 0.0057 0.9921
vn -0.1262 0.0054 0.9920
vn -0.1262 -0.0054 0.9920
vn -0.3705 -0.0157 0.9287
vn -0.5910 -0.0251 0.8062
vn -0.7739 -0.0329 0.6325
vn -0.9074 -0.0385 0.4185
vn -0.9831 -0.0418 0.1780
vn -0.1262 0.0162 0.9919
vn -0.1233 0.0169 0.9922
vn -0.1251 0.0270 0.9918
vn -0.1206 0.0279 0.9923
vn -0.1230 0.0377 0.9917
vn -0.1170 0.0386 0.9924
vn -0.1198 0.0481 0.9916
vn -0.1126 0.0489 0.9924
vn -0.1156 0.0583 0.9916
vn -0.1075 0.0588 0.9925
vn -0.1104 0.0680 0.9916
vn -0.1016 0.0683 0.9925
vn -0.1043 0.0772 0.9915
vn -0.0950 0.0773 0.9925
vn -0.0973 0.0857 0.9916
vn -0.0877 0.0857 0.9925
vn -0.0896 0.0934 0.9916
vn -0.0797 0.0935 0.9924
vn -0.0811 0.1004 0.9916
vn -0.0711 0.1007 0.9924
vn -0.0720 0.1065 0.9917
vn -0.0619 0.1073 0.9923
vn -0.0623 0.1116 0.9918
vn -0.0522 0.1131 0.9922
vn -0.0523 0.1158 0.9919
vn -0.0420 0.1182 0.9921
vn -0.0420 0.1189 0.9920
vn -0.0319 0.1224 0.9920
vn -0.0934 0.3588 0.9287
vn -0.0627 0.3655 0.9287
vn -0.1000 0.5831 0.8062
vn -0.0502 0.5894 0.8062
vn -0.0657 0.7718 0.6325
vn 0.0000 0.7746 0.6325
vn 0.0000 0.9082 0.4185
vn 0.0770 0.9049 0.4185
vn 0.0835 0.9805 0.1780
vn 0.1663 0.9699 0.1780
vn 0.2480 0.9523 0.1780
vn 0.3278 0.9278 0.1780
vn 0.4053 0.8967 0.1780
vn 0.4799 0.8591 0.1780
vn 0.5510 0.8153 0.1780
vn 0.6182 0.7656 0.1780
vn 0.6809 0.7104 0.1780
vn 0.7387 0.6501 0.1780
vn 0.7912 0.5851 0.1780
vn 0.8379 0.5159 0.1780
vn 0.8787 0.4430 0.1780
vn 0.9131 0.3669 0.1780
vn 0.9409 0.2882 0.1780
vn 0.9409 0.2881 0.1780
vn 0.9619 0.2073 0.1780
vn 0.9761 0.1250 0.1780
vn 0.9831 0.0418 0.1780
vn 0.9831 -0.0418 0.1780
vn 0.9761 -0.1250 0.1780
vn 0.9619 -0.2073 0.1780
vn 0.9409 -0.2881 0.1780
vn 0.9131 -0.3669 0.1780
vn 0.8787 -0.4430 0.1780
vn 0.8379 -0.5159 0.1780
vn 0.7912 -0.5851 0.1780
vn 0.7387 -0.6501 0.1780
vn 0.6809 -0.7104 0.1780
vn 0.6182 -0.7656 0.1780
vn 0.5510 -0.8153 0.1780
vn 0.4799 -0.8591 0.1780
vn 0.4053 -0.8967 0.1780
vn 0.3278 -0.9278 0.1780
vn 0.2480 -0.9523 0.1780
vn 0.1663 -0.9699 0.1780
vn 0.0835 -0.9805 0.1780
vn 0.0000 -0.9840 0.1780
vn -0.0835 -0.9805 0.1780
vn -0.1663 -0.9699 0.1780
vn -0.2480 -0.9523 0.1780
vn -0.3278 -0.9278 0.1780
vn -0.4053 -0.8967 0.1780
vn -0.4799 -0.8591 0.1780
vn -0.5510 -0.8153 0.1780
vn -0.6182 -0.7656 0.1780
vn -0.6809 -0.7104 0.1780
vn -0.7387 -0.6501 0.1780
vn -0.7912 -0.5851 0.1780
vn -0.8379 -0.5159 0.1780
vn -0.8787 -0.4430 0.1780
vn -0.9131 -0.3669 0.1780
vn -0.9409 -0.2882 0.1780
vn -0.9409 -0.2881 0.1780
vn -0.9619 -0.2073 0.1780
vn -0.9761 -0.1250 0.1780
vn -0.0310 0.1212 0.9921
vn -0.0215 0.1255 0.9919
vn -0.0314 0.3695 0.9287
vn -0.0502 0.5895 0.8062
vn 0.0000 0.5916 0.8062
vn 0.0657 0.7718 0.6325
vn 0.1535 0.8952 0.4185
vn -0.0197 0.1227 0.9922
vn -0.0109 0.1277 0.9918
vn 0.0000 0.3708 0.9287
vn 0.0502 0.5895 0.8062
vn 0.1309 0.7635 0.6325
vn 0.2289 0.8789 0.4185
vn -0.0084 0.1234 0.9923
vn 0.0000 0.1287 0.9917
vn 0.0314 0.3695 0.9287
vn 0.0502 0.5894 0.8062
vn 0.1000 0.5831 0.8062
vn 0.1309 0.7634 0.6325
vn 0.1952 0.7496 0.6325
vn 0.2288 0.8789 0.4185
vn 0.3026 0.8563 0.4185
vn 0.0028 0.1231 0.9924
vn 0.0110 0.1288 0.9916
vn 0.0627 0.3655 0.9287
vn 0.1491 0.5725 0.8062
vn 0.2580 0.7303 0.6325
vn 0.3741 0.8276 0.4185
vn 0.0139 0.1220 0.9924
vn 0.0219 0.1277 0.9916
vn 0.0934 0.3588 0.9287
vn 0.1971 0.5578 0.8062
vn 0.3191 0.7058 0.6325
vn 0.4429 0.7929 0.4185
vn 0.0249 0.1200 0.9925
vn 0.0327 0.1255 0.9915
vn 0.1235 0.3496 0.9287
vn 0.2437 0.5391 0.8062
vn 0.3778 0.6762 0.6325
vn 0.5086 0.7525 0.4185
vn 0.0357 0.1171 0.9925
vn 0.0432 0.1223 0.9915
vn 0.1527 0.3379 0.9287
vn 0.2885 0.5165 0.8062
vn 0.4338 0.6418 0.6325
vn 0.5706 0.7066 0.4185
vn 0.0462 0.1134 0.9925
vn 0.0534 0.1181 0.9916
vn 0.1808 0.3237 0.9287
vn 0.3313 0.4901 0.8062
vn 0.4337 0.6418 0.6325
vn 0.4866 0.6027 0.6325
vn 0.6284 0.6557 0.4185
vn 0.0564 0.1089 0.9925
vn 0.0631 0.1129 0.9916
vn 0.2076 0.3072 0.9287
vn 0.3716 0.4603 0.8062
vn 0.5360 0.5592 0.6325
vn 0.6818 0.6000 0.4185
vn 0.0663 0.1036 0.9924
vn 0.0722 0.1068 0.9917
vn 0.2329 0.2885 0.9287
vn 0.4093 0.4271 0.8062
vn 0.5815 0.5118 0.6325
vn 0.7302 0.5401 0.4185
vn 0.0757 0.0975 0.9924
vn 0.0807 0.0999 0.9917
vn 0.2566 0.2677 0.9287
vn 0.4441 0.3908 0.8062
vn 0.6228 0.4606 0.6325
vn 0.7734 0.4762 0.4185
vn 0.0847 0.0906 0.9923
vn 0.0884 0.0922 0.9918
vn 0.2783 0.2450 0.9287
vn 0.4756 0.3518 0.8062
vn 0.6596 0.4061 0.6325
vn 0.8110 0.4089 0.4185
vn 0.0931 0.0831 0.9922
vn 0.0952 0.0838 0.9919
vn 0.2981 0.2205 0.9287
vn 0.5037 0.3102 0.8062
vn 0.6917 0.3487 0.6325
vn 0.8427 0.3386 0.4185
vn 0.1010 0.0748 0.9921
vn 0.1012 0.0749 0.9920
vn 0.3157 0.1944 0.9287
vn 0.5038 0.3102 0.8062
vn 0.5282 0.2663 0.8062
vn 0.7187 0.2888 0.6325
vn 0.8684 0.2659 0.4185
vn 0.1079 0.0664 0.9919
vn 0.1068 0.0649 0.9922
vn 0.1139 0.0574 0.9918
vn 0.1115 0.0546 0.9923
vn 0.1190 0.0478 0.9917
vn 0.1154 0.0440 0.9923
vn 0.1232 0.0377 0.9917
vn 0.1185 0.0332 0.9924
vn 0.1264 0.0272 0.9916
vn 0.1207 0.0222 0.9924
vn 0.1285 0.0165 0.9916
vn 0.1220 0.0111 0.9925
vn 0.1296 0.0055 0.9915
vn 0.1224 0.0000 0.9925
vn 0.1296 -0.0055 0.9915
vn 0.1220 -0.0111 0.9925
vn 0.1285 -0.0165 0.9916
vn 0.1207 -0.0222 0.9924
vn 0.1264 -0.0272 0.9916
vn 0.1185 -0.0332 0.9924
vn 0.1232 -0.0377 0.9917
vn 0.1154 -0.0440 0.9923
vn 0.1190 -0.0478 0.9917
vn 0.1115 -0.0546 0.9923
vn 0.1139 -0.0574 0.9918
vn 0.1068 -0.0649 0.9922
vn 0.1079 -0.0664 0.9919
vn 0.1012 -0.0749 0.9920
vn 0.2981 -0.2205 0.9287
vn 0.2783 -0.2450 0.9287
vn 0.4441 -0.3908 0.8062
vn 0.4093 -0.4271 0.8062
vn 0.5360 -0.5592 0.6325
vn 0.4866 -0.6027 0.6325
vn 0.5706 -0.7066 0.4185
vn 0.5086 -0.7525 0.4185
vn 0.1010 -0.0748 0.9921
vn 0.0952 -0.0838 0.9919
vn 0.2566 -0.2677 0.9287
vn 0.3716 -0.4603 0.8062
vn 0.4338 -0.6418 0.6325
vn 0.4429 -0.7929 0.4185
vn 0.0931 -0.0831 0.9922
vn 0.0884 -0.0922 0.9918
vn 0.2329 -0.2885 0.9287
vn 0.3313 -0.4901 0.8062
vn 0.4337 -0.6418 0.6325
vn 0.3778 -0.6762 0.6325
vn 0.3741 -0.8276 0.4185
vn 0.0847 -0.0906 0.9923
vn 0.0807 -0.0999 0.9917
vn 0.2076 -0.3072 0.9287
vn 0.2885 -0.5165 0.8062
vn 0.3191 -0.7058 0.6325
vn 0.3026 -0.8563 0.4185
vn 0.0757 -0.0975 0.9924
vn 0.0722 -0.1068 0.9917
vn 0.1808 -0.3237 0.9287
vn 0.2437 -0.5391 0.8062
vn 0.2580 -0.7303 0.6325
vn 0.2289 -0.8789 0.4185
vn 0.0663 -0.1036 0.9924
vn 0.0631 -0.1129 0.9916
vn 0.1527 -0.3379 0.9287
vn 0.1971 -0.5578 0.8062
vn 0.1952 -0.7496 0.6325
vn 0.2288 -0.8789 0.4185
vn 0.1535 -0.8952 0.4185
vn 0.0564 -0.1089 0.9925
vn 0.0534 -0.1181 0.9916
vn 0.1235 -0.3496 0.9287
vn 0.1491 -0.5725 0.8062
vn 0.1309 -0.7634 0.6325
vn 0.0770 -0.9049 0.4185
vn 0.0462 -0.1134 0.9925
vn 0.0432 -0.1223 0.9915
vn 0.0934 -0.3588 0.9287
vn 0.1000 -0.5831 0.8062
vn 0.0657 -0.7718 0.6325
vn 0.0000 -0.9082 0.4185
vn 0.0357 -0.1171 0.9925
vn 0.0327 -0.1255 0.9915
vn 0.0627 -0.3655 0.9287
vn 0.0502 -0.5894 0.8062
vn 0.0000 -0.7746 0.6325
vn -0.0770 -0.9049 0.4185
vn 0.0249 -0.1200 0.9925
vn 0.0219 -0.1277 0.9916
vn 0.0314 -0.3695 0.9287
vn 0.0502 -0.5895 0.8062
vn 0.0000 -0.5916 0.8062
vn -0.0657 -0.7718 0.6325
vn -0.1535 -0.8952 0.4185
vn 0.0139 -0.1220 0.9924
vn 0.0110 -0.1288 0.9916
vn 0.0000 -0.3708 0.9287
vn -0.0502 -0.5895 0.8062
vn -0.1309 -0.7635 0.6325
vn -0.2289 -0.8789 0.4185
vn 0.0028 -0.1231 0.9924
vn 0.0000 -0.1287 0.9917
vn -0.0314 -0.3695 0.9287
vn -0.0502 -0.5894 0.8062
vn -0.1000 -0.5831 0.8062
vn -0.1309 -0.7634 0.6325
vn -0.1952 -0.7496 0.6325
vn -0.2288 -0.8789 0.4185
vn -0.3026 -0.8563 0.4185
vn -0.0084 -0.1234 0.9923
vn -0.0109 -0.1277 0.9918
vn -0.0627 -0.3655 0.9287
vn -0.1491 -0.5725 0.8062
vn -0.2580 -0.7303 0.6325
vn -0.3741 -0.8276 0.4185
vn -0.0197 -0.1227 0.9922
vn -0.0215 -0.1255 0.9919
vn -0.0934 -0.3588 0.9287
vn -0.1971 -0.5578 0.8062
vn -0.3191 -0.7058 0.6325
vn -0.4429 -0.7929 0.4185
vn -0.0310 -0.1212 0.9921
vn -0.0319 -0.1224 0.9920
vn -0.1235 -0.3496 0.9287
vn -0.2437 -0.5391 0.8062
vn -0.3778 -0.6762 0.6325
vn -0.5086 -0.7525 0.4185
vn -0.0420 -0.1189 0.9920
vn -0.0420 -0.1182 0.9921
vn -0.0523 -0.1158 0.9919
vn -0.0522 -0.1131 0.9922
vn -0.0623 -0.1116 0.9918
vn -0.0619 -0.1073 0.9923
vn -0.0720 -0.1065 0.9917
vn -0.0711 -0.1007 0.9924
vn -0.0811 -0.1004 0.9916
vn -0.0797 -0.0935 0.9924
vn -0.0896 -0.0934 0.9916
vn -0.0877 -0.0857 0.9925
vn -0.0973 -0.0857 0.9916
vn -0.0950 -0.0773 0.9925
vn -0.1043 -0.0772 0.9915
vn -0.1016 -0.0683 0.9925
vn -0.1104 -0.0680 0.9916
vn -0.1075 -0.0588 0.9925
vn -0.1156 -0.0583 0.9916
vn -0.1126 -0.0489 0.9924
vn -0.1198 -0.0481 0.9916
vn -0.1170 -0.0386 0.9924
vn -0.1230 -0.0377 0.9917
vn -0.1206 -0.0279 0.9923
vn -0.1251 -0.0270 0.9918
vn -0.1233 -0.0169 0.9922
vn -0.1262 -0.0162 0.9919
vn -0.1252 -0.0057 0.9921
vn 0.0000 0.9840 0.1780
vn -0.0770 0.9049 0.4185
vn -0.1309 0.7634 0.6325
vn -0.1491 0.5725 0.8062
vn -0.1235 0.3496 0.9287
vn -0.0835 0.9805 0.1780
vn -0.1535 0.8952 0.4185
vn -0.1952 0.7496 0.6325
vn -0.1971 0.5578 0.8062
vn -0.1527 0.3379 0.9287
vn -0.1663 0.9699 0.1780
vn -0.2289 0.8789 0.4185
vn -0.2580 0.7303 0.6325
vn -0.2437 0.5391 0.8062
vn -0.1808 0.3237 0.9287
vn -0.2480 0.9523 0.1780
vn -0.3026 0.8563 0.4185
vn -0.3191 0.7058 0.6325
vn -0.2885 0.5165 0.8062
vn -0.2076 0.3072 0.9287
vn -0.3278 0.9278 0.1780
vn -0.3741 0.8276 0.4185
vn -0.3778 0.6762 0.6325
vn -0.3313 0.4901 0.8062
vn -0.2329 0.2885 0.9287
vn -0.4053 0.8967 0.1780
vn -0.4429 0.7929 0.4185
vn -0.4337 0.6418 0.6325
vn -0.3716 0.4603 0.8062
vn -0.2566 0.2677 0.9287
vn -0.4799 0.8591 0.1780
vn -0.5086 0.7525 0.4185
vn -0.4338 0.6418 0.6325
vn -0.4866 0.6027 0.6325
vn -0.4093 0.4271 0.8062
vn -0.2783 0.2450 0.9287
vn -0.5510 0.8153 0.1780
vn -0.5706 0.7066 0.4185
vn -0.5360 0.5592 0.6325
vn -0.4441 0.3908 0.8062
vn -0.2981 0.2205 0.9287
vn -0.6182 0.7656 0.1780
vn -0.6284 0.6557 0.4185
vn -0.5815 0.5118 0.6325
vn -0.4756 0.3518 0.8062
vn -0.3157 0.1944 0.9287
vn -0.6809 0.7104 0.1780
vn -0.6818 0.6000 0.4185
vn -0.6228 0.4606 0.6325
vn -0.5038 0.3102 0.8062
vn -0.3311 0.1669 0.9287
vn -0.7387 0.6501 0.1780
vn -0.7302 0.5401 0.4185
vn -0.6596 0.4061 0.6325
vn -0.5037 0.3102 0.8062
vn -0.5282 0.2663 0.8062
vn -0.3441 0.1383 0.9287
vn -0.7912 0.5851 0.1780
vn -0.7734 0.4762 0.4185
vn -0.6917 0.3487 0.6325
vn -0.5489 0.2206 0.8062
vn -0.3545 0.1086 0.9287
vn -0.8379 0.5159 0.1780
vn -0.8110 0.4089 0.4185
vn -0.7187 0.2888 0.6325
vn -0.5657 0.1732 0.8062
vn -0.3625 0.0781 0.9287
vn -0.8787 0.4430 0.1780
vn -0.8427 0.3386 0.4185
vn -0.7406 0.2268 0.6325
vn -0.5656 0.1732 0.8062
vn -0.5783 0.1246 0.8062
vn -0.3678 0.0471 0.9287
vn -0.9131 0.3669 0.1780
vn -0.8684 0.2659 0.4185
vn -0.7572 0.1632 0.6325
vn -0.5868 0.0751 0.8062
vn -0.3705 0.0157 0.9287
vn -0.9409 0.2881 0.1780
vn -0.8878 0.1913 0.4185
vn -0.7683 0.0984 0.6325
vn -0.5910 0.0251 0.8062
vn -0.9619 0.2073 0.1780
vn -0.9009 0.1154 0.4185
vn -0.7739 0.0329 0.6325
vn -0.9761 0.1250 0.1780
vn -0.9074 0.0385 0.4185
vn -0.9831 0.0418 0.1780
vn 0.3705 0.0157 0.9287
vn 0.3678 0.0471 0.9287
vn 0.3625 0.0781 0.9287
vn 0.3545 0.1086 0.9287
vn 0.3441 0.1383 0.9287
vn 0.3311 0.1669 0.9287
vn 0.5910 0.0251 0.8062
vn 0.5868 0.0751 0.8062
vn 0.5783 0.1246 0.8062
vn 0.5657 0.1732 0.8062
vn 0.5656 0.1732 0.8062
vn 0.5489 0.2206 0.8062
vn 0.3705 -0.0157 0.9287
vn 0.3678 -0.0471 0.9287
vn 0.3625 -0.0781 0.9287
vn 0.3545 -0.1086 0.9287
vn 0.3441 -0.1383 0.9287
vn 0.3311 -0.1669 0.9287
vn 0.3157 -0.1944 0.9287
vn 0.7739 0.0329 0.6325
vn 0.7683 0.0984 0.6325
vn 0.7572 0.1632 0.6325
vn 0.7406 0.2268 0.6325
vn 0.5910 -0.0251 0.8062
vn 0.5868 -0.0751 0.8062
vn 0.5783 -0.1246 0.8062
vn 0.5656 -0.1732 0.8062
vn 0.5657 -0.1732 0.8062
vn 0.5489 -0.2206 0.8062
vn 0.5282 -0.2663 0.8062
vn 0.5037 -0.3102 0.8062
vn 0.5038 -0.3102 0.8062
vn 0.4756 -0.3518 0.8062
vn 0.9074 0.0385 0.4185
vn 0.9009 0.1154 0.4185
vn 0.8878 0.1913 0.4185
vn 0.7739 -0.0329 0.6325
vn 0.7683 -0.0984 0.6325
vn 0.7572 -0.1632 0.6325
vn 0.7406 -0.2268 0.6325
vn 0.7187 -0.2888 0.6325
vn 0.6917 -0.3487 0.6325
vn 0.6596 -0.4061 0.6325
vn 0.6228 -0.4606 0.6325
vn 0.5815 -0.5118 0.6325
vn 0.9074 -0.0385 0.4185
vn 0.9009 -0.1154 0.4185
vn 0.8878 -0.1913 0.4185
vn 0.8684 -0.2659 0.4185
vn 0.8427 -0.3386 0.4185
vn 0.8110 -0.4089 0.4185
vn 0.7734 -0.4762 0.4185
vn 0.7302 -0.5401 0.4185
vn 0.6818 -0.6000 0.4185
vn 0.6284 -0.6557 0.4185
vn -0.1527 -0.3379 0.9287
vn -0.2885 -0.5165 0.8062
vn -0.4338 -0.6418 0.6325
vn -0.5706 -0.7066 0.4185
vn -0.1808 -0.3237 0.9287
vn -0.2076 -0.3072 0.9287
vn -0.2329 -0.2885 0.9287
vn -0.2566 -0.2677 0.9287
vn -0.2783 -0.2450 0.9287
vn -0.2981 -0.2205 0.9287
vn -0.3157 -0.1944 0.9287
vn -0.3311 -0.1669 0.9287
vn -0.3441 -0.1383 0.9287
vn -0.3545 -0.1086 0.9287
vn -0.3625 -0.0781 0.9287
vn -0.3678 -0.0471 0.9287
vn -0.3313 -0.4901 0.8062
vn -0.4337 -0.6418 0.6325
vn -0.4866 -0.6027 0.6325
vn -0.6284 -0.6557 0.4185
vn -0.3716 -0.4603 0.8062
vn -0.4093 -0.4271 0.8062
vn -0.4441 -0.3908 0.8062
vn -0.4756 -0.3518 0.8062
vn -0.5037 -0.3102 0.8062
vn -0.5038 -0.3102 0.8062
vn -0.5282 -0.2663 0.8062
vn -0.5489 -0.2206 0.8062
vn -0.5656 -0.1732 0.8062
vn -0.5657 -0.1732 0.8062
vn -0.5783 -0.1246 0.8062
vn -0.5868 -0.0751 0.8062
vn -0.5360 -0.5592 0.6325
vn -0.6818 -0.6000 0.4185
vn -0.5815 -0.5118 0.6325
vn -0.6228 -0.4606 0.6325
vn -0.6596 -0.4061 0.6325
vn -0.6917 -0.3487 0.6325
vn -0.7187 -0.2888 0.6325
vn -0.7406 -0.2268 0.6325
vn -0.7572 -0.1632 0.6325
vn -0.7683 -0.0984 0.6325
vn -0.7302 -0.5401 0.4185
vn -0.7734 -0.4762 0.4185
vn -0.8110 -0.4089 0.4185
vn -0.8427 -0.3386 0.4185
vn -0.8684 -0.2659 0.4185
vn -0.8878 -0.1913 0.4185
vn -0.9009 -0.1154 0.4185
vn 0.0000 0.0000 1.0000
vn -0.9977 0.0424 0.0526
vn -0.9977 0.0418 0.0525
vn -0.9977 -0.0418 0.0525
vn -0.9907 0.1252 0.0525
vn -0.9905 0.1268 0.0526
vn -0.9768 0.2076 0.0524
vn -0.9762 0.2104 0.0527
vn -0.9560 0.2886 0.0524
vn -0.9548 0.2924 0.0527
vn -0.9285 0.3676 0.0523
vn -0.9266 0.3723 0.0528
vn -0.8945 0.4440 0.0523
vn -0.8917 0.4496 0.0528
vn -0.8542 0.5173 0.0522
vn -0.8503 0.5236 0.0529
vn -0.8079 0.5870 0.0522
vn -0.8029 0.5938 0.0529
vn -0.7560 0.6525 0.0521
vn -0.7496 0.6597 0.0530
vn -0.6987 0.7135 0.0521
vn -0.6910 0.7209 0.0530
vn -0.6366 0.7695 0.0521
vn -0.6273 0.7769 0.0530
vn -0.5699 0.8200 0.0520
vn -0.5592 0.8273 0.0531
vn -0.4993 0.8649 0.0520
vn -0.4870 0.8718 0.0531
vn -0.4252 0.9036 0.0519
vn -0.4113 0.9099 0.0532
vn -0.3481 0.9360 0.0519
vn -0.3327 0.9415 0.0532
vn -0.2686 0.9619 0.0519
vn -0.2516 0.9664 0.0532
vn -0.1871 0.9810 0.0518
vn -0.1688 0.9842 0.0533
vn -0.1044 0.9932 0.0518
vn -0.0847 0.9950 0.0533
vn -0.0209 0.9984 0.0518
vn 0.0000 0.9986 0.0533
vn 0.0627 0.9967 0.0518
vn 0.0847 0.9950 0.0533
vn 0.1459 0.9879 0.0517
vn 0.1688 0.9842 0.0534
vn 0.2280 0.9723 0.0517
vn 0.2516 0.9664 0.0534
vn 0.3086 0.9498 0.0517
vn 0.3327 0.9415 0.0534
vn 0.3870 0.9206 0.0517
vn 0.4113 0.9099 0.0534
vn 0.4627 0.8850 0.0516
vn 0.4870 0.8718 0.0535
vn 0.5351 0.8432 0.0516
vn 0.5592 0.8273 0.0535
vn 0.6038 0.7955 0.0516
vn 0.6273 0.7769 0.0535
vn 0.6682 0.7422 0.0516
vn 0.6909 0.7209 0.0535
vn 0.7280 0.6836 0.0516
vn 0.7496 0.6597 0.0535
vn 0.7827 0.6203 0.0516
vn 0.8028 0.5938 0.0535
vn 0.8318 0.5527 0.0516
vn 0.8503 0.5236 0.0535
vn 0.8751 0.4811 0.0516
vn 0.8916 0.4496 0.0536
vn 0.9123 0.4062 0.0515
vn 0.9266 0.3723 0.0536
vn 0.9431 0.3284 0.0515
vn 0.9548 0.2924 0.0536
vn 0.9673 0.2484 0.0515
vn 0.9762 0.2104 0.0536
vn 0.9847 0.1665 0.0515
vn 0.9905 0.1268 0.0536
vn 0.9952 0.0836 0.0515
vn 0.9977 0.0424 0.0536
vn 0.9987 0.0000 0.0515
vn 0.9977 -0.0424 0.0536
vn 0.9952 -0.0836 0.0515
vn 0.9905 -0.1268 0.0536
vn 0.9847 -0.1665 0.0515
vn 0.9762 -0.2104 0.0536
vn 0.9673 -0.2484 0.0515
vn 0.9548 -0.2924 0.0536
vn 0.9431 -0.3284 0.0515
vn 0.9266 -0.3723 0.0536
vn 0.9123 -0.4062 0.0515
vn 0.8916 -0.4496 0.0536
vn 0.8751 -0.4811 0.0516
vn 0.8503 -0.5236 0.0535
vn 0.8318 -0.5527 0.0516
vn 0.8028 -0.5938 0.0535
vn 0.7827 -0.6203 0.0516
vn 0.7496 -0.6597 0.0535
vn 0.7280 -0.6836 0.0516
vn 0.6909 -0.7209 0.0535
vn 0.6682 -0.7422 0.0516
vn 0.6273 -0.7769 0.0535
vn 0.6038 -0.7955 0.0516
vn 0.5592 -0.8273 0.0535
vn 0.5351 -0.8432 0.0516
vn 0.4870 -0.8718 0.0535
vn 0.4627 -0.8850 0.0516
vn 0.4113 -0.9099 0.0534
vn 0.3870 -0.9206 0.0517
vn 0.3327 -0.9415 0.0534
vn 0.3086 -0.9498 0.0517
vn 0.2516 -0.9664 0.0534
vn 0.2280 -0.9723 0.0517
vn 0.1688 -0.9842 0.0534
vn 0.1459 -0.9879 0.0517
vn 0.0847 -0.9950 0.0533
vn 0.0627 -0.9967 0.0518
vn 0.0000 -0.9986 0.0533
vn -0.0209 -0.9984 0.0518
vn -0.0847 -0.9950 0.0533
vn -0.1044 -0.9932 0.0518
vn -0.1688 -0.9842 0.0533
vn -0.1871 -0.9810 0.0518
vn -0.2516 -0.9664 0.0532
vn -0.2686 -0.9619 0.0519
vn -0.3327 -0.9415 0.0532
vn -0.3481 -0.9360 0.0519
vn -0.4113 -0.9099 0.0532
vn -0.4252 -0.9036 0.0519
vn -0.4870 -0.8718 0.0531
vn -0.4993 -0.8649 0.0520
vn -0.5592 -0.8273 0.0531
vn -0.5699 -0.8200 0.0520
vn -0.6273 -0.7769 0.0530
vn -0.6366 -0.7695 0.0521
vn -0.6910 -0.7209 0.0530
vn -0.6987 -0.7135 0.0521
vn -0.7496 -0.6597 0.0530
vn -0.7560 -0.6525 0.0521
vn -0.8029 -0.5938 0.0529
vn -0.8079 -0.5870 0.0522
vn -0.8503 -0.5236 0.0529
vn -0.8542 -0.5173 0.0522
vn -0.8917 -0.4496 0.0528
vn -0.8945 -0.4440 0.0523
vn -0.9266 -0.3723 0.0528
vn -0.9285 -0.3676 0.0523
vn -0.9548 -0.2924 0.0527
vn -0.9560 -0.2886 0.0524
vn -0.9762 -0.2104 0.0527
vn -0.9768 -0.2076 0.0524
vn -0.9905 -0.1268 0.0526
vn -0.9907 -0.1252 0.0525
vn -0.9977 -0.0424 0.0526
vn 0.9983 0.0581 0.0000
vn 0.9983 -0.0581 0.0000
vn 0.9848 -0.1736 0.0000
vn 0.9580 -0.2868 0.0000
vn 0.9182 -0.3961 0.0000
vn 0.8660 -0.5000 0.0000
vn 0.8021 -0.5972 0.0000
vn 0.7274 -0.6862 0.0000
vn 0.6428 -0.7660 0.0000
vn 0.5495 -0.8355 0.0000
vn 0.4488 -0.8936 0.0000
vn 0.3420 -0.9397 0.0000
vn 0.2306 -0.9730 0.0000
vn 0.1161 -0.9932 0.0000
vn 0.0000 -1.0000 0.0000
vn -0.1161 -0.9932 0.0000
vn -0.2306 -0.9730 0.0000
vn -0.3420 -0.9397 0.0000
vn -0.4488 -0.8936 0.0000
vn -0.5495 -0.8355 0.0000
vn -0.6428 -0.7660 0.0000
vn -0.7274 -0.6862 0.0000
vn -0.8021 -0.5972 0.0000
vn -0.8660 -0.5000 0.0000
vn -0.9182 -0.3961 0.0000
vn -0.9580 -0.2868 0.0000
vn -0.9848 -0.1736 0.0000
vn -0.9983 -0.0581 0.0000
vn -0.9983 0.0581 0.0000
vn -0.9848 0.1736 0.0000
vn -0.9580 0.2868 0.0000
vn -0.9182 0.3961 0.0000
vn -0.8660 0.5000 0.0000
vn -0.8021 0.5972 0.0000
vn -0.7274 0.6862 0.0000
vn -0.6428 0.7660 0.0000
vn -0.5495 0.8355 0.0000
vn -0.4488 0.8936 0.0000
vn -0.3420 0.9397 0.0000
vn -0.2306 0.9730 0.0000
vn -0.1161 0.9932 0.0000
vn 0.0000 1.0000 0.0000
vn 0.1161 0.9932 0.0000
vn 0.2306 0.9730 0.0000
vn 0.3420 0.9397 0.0000
vn 0.4488 0.8936 0.0000
vn 0.5495 0.8355 0.0000
vn 0.6428 0.7660 0.0000
vn 0.7274 0.6862 0.0000
vn 0.8021 0.5972 0.0000
vn 0.8660 0.5000 0.0000
vn 0.9182 0.3961 0.0000
vn 0.9580 0.2868 0.0000
vn 0.9848 0.1736 0.0000
vn 0.0526 -0.0022 0.9986
vn 0.0526 0.0022 0.9986
vn 0.0522 0.0022 0.9986
vn 0.0526 0.0066 0.9986
vn 0.0514 0.0065 0.9987
vn 0.0523 0.0110 0.9986
vn 0.0503 0.0107 0.9987
vn 0.0516 0.0154 0.9986
vn 0.0489 0.0148 0.9987
vn 0.0505 0.0197 0.9985
vn 0.0472 0.0187 0.9987
vn 0.0490 0.0240 0.9985
vn 0.0451 0.0224 0.9987
vn 0.0472 0.0281 0.9985
vn 0.0428 0.0259 0.9987
vn 0.0450 0.0321 0.9985
vn 0.0403 0.0293 0.9988
vn 0.0425 0.0360 0.9984
vn 0.0375 0.0323 0.9988
vn 0.0396 0.0396 0.9984
vn 0.0344 0.0352 0.9988
vn 0.0364 0.0430 0.9984
vn 0.0312 0.0377 0.9988
vn 0.0330 0.0462 0.9984
vn 0.0278 0.0400 0.9988
vn 0.0292 0.0490 0.9984
vn 0.0242 0.0420 0.9988
vn 0.0252 0.0515 0.9984
vn 0.0205 0.0437 0.9988
vn 0.0210 0.0537 0.9983
vn 0.0167 0.0450 0.9988
vn 0.0165 0.0556 0.9983
vn 0.0129 0.0461 0.9989
vn 0.0120 0.0570 0.9983
vn 0.0089 0.0468 0.9989
vn 0.0072 0.0581 0.9983
vn 0.0050 0.0472 0.9989
vn 0.0024 0.0588 0.9983
vn 0.0010 0.0473 0.9989
vn -0.0024 0.0590 0.9983
vn -0.0030 0.0470 0.9989
vn -0.0073 0.0589 0.9982
vn -0.0069 0.0465 0.9989
vn -0.0122 0.0583 0.9982
vn -0.0107 0.0456 0.9989
vn -0.0171 0.0573 0.9982
vn -0.0144 0.0444 0.9989
vn -0.0218 0.0559 0.9982
vn -0.0180 0.0429 0.9989
vn -0.0264 0.0541 0.9982
vn -0.0215 0.0412 0.9989
vn -0.0309 0.0519 0.9982
vn -0.0248 0.0391 0.9989
vn -0.0352 0.0493 0.9982
vn -0.0280 0.0368 0.9989
vn -0.0393 0.0463 0.9982
vn -0.0309 0.0343 0.9989
vn -0.0431 0.0430 0.9981
vn -0.0336 0.0315 0.9989
vn -0.0466 0.0394 0.9981
vn -0.0361 0.0286 0.9989
vn -0.0497 0.0355 0.9981
vn -0.0383 0.0254 0.9989
vn -0.0526 0.0313 0.9981
vn -0.0402 0.0221 0.9989
vn -0.0551 0.0269 0.9981
vn -0.0419 0.0186 0.9989
vn -0.0572 0.0223 0.9981
vn -0.0433 0.0151 0.9990
vn -0.0589 0.0175 0.9981
vn -0.0443 0.0114 0.9990
vn -0.0602 0.0126 0.9981
vn -0.0451 0.0076 0.9990
vn -0.0611 0.0076 0.9981
vn -0.0456 0.0038 0.9990
vn -0.0615 0.0025 0.9981
vn -0.0457 0.0000 0.9990
vn -0.0615 -0.0025 0.9981
vn -0.0456 -0.0038 0.9990
vn -0.0611 -0.0076 0.9981
vn -0.0451 -0.0076 0.9990
vn -0.0602 -0.0126 0.9981
vn -0.0443 -0.0114 0.9990
vn -0.0589 -0.0175 0.9981
vn -0.0433 -0.0151 0.9990
vn -0.0572 -0.0223 0.9981
vn -0.0419 -0.0186 0.9989
vn -0.0551 -0.0269 0.9981
vn -0.0402 -0.0221 0.9989
vn -0.0526 -0.0313 0.9981
vn -0.0383 -0.0254 0.9989
vn -0.0497 -0.0355 0.9981
vn -0.0361 -0.0286 0.9989
vn -0.0466 -0.0394 0.9981
vn -0.0336 -0.0315 0.9989
vn -0.0431 -0.0430 0.9981
vn -0.0309 -0.0343 0.9989
vn -0.0393 -0.0463 0.9982
vn -0.0280 -0.0368 0.9989
vn -0.0352 -0.0493 0.9982
vn -0.0248 -0.0391 0.9989
vn -0.0309 -0.0519 0.9982
vn -0.0215 -0.0412 0.9989
vn -0.0264 -0.0541 0.9982
vn -0.0180 -0.0429 0.9989
vn -0.0218 -0.0559 0.9982
vn -0.0144 -0.0444 0.9989
vn -0.0171 -0.0573 0.9982
vn -0.0107 -0.0456 0.9989
vn -0.0122 -0.0583 0.9982
vn -0.0069 -0.0465 0.9989
vn -0.0073 -0.0589 0.9982
vn -0.0030 -0.0470 0.9989
vn -0.0024 -0.0590 0.9983
vn 0.0010 -0.0473 0.9989
vn 0.0024 -0.0588 0.9983
vn 0.0050 -0.0472 0.9989
vn 0.0072 -0.0581 0.9983
vn 0.0089 -0.0468 0.9989
vn 0.0120 -0.0570 0.9983
vn 0.0129 -0.0461 0.9989
vn 0.0165 -0.0556 0.9983
vn 0.0167 -0.0450 0.9988
vn 0.0210 -0.0537 0.9983
vn 0.0205 -0.0437 0.9988
vn 0.0252 -0.0515 0.9984
vn 0.0242 -0.0420 0.9988
vn 0.0292 -0.0490 0.9984
vn 0.0278 -0.0400 0.9988
vn 0.0330 -0.0462 0.9984
vn 0.0312 -0.0377 0.9988
vn 0.0364 -0.0430 0.9984
vn 0.0344 -0.0352 0.9988
vn 0.0396 -0.0396 0.9984
vn 0.0375 -0.0323 0.9988
vn 0.0425 -0.0360 0.9984
vn 0.0403 -0.0293 0.9988
vn 0.0450 -0.0321 0.9985
vn 0.0428 -0.0259 0.9987
vn 0.0472 -0.0281 0.9985
vn 0.0451 -0.0224 0.9987
vn 0.0490 -0.0240 0.9985
vn 0.0472 -0.0187 0.9987
vn 0.0505 -0.0197 0.9985
vn 0.0489 -0.0148 0.9987
vn 0.0516 -0.0154 0.9986
vn 0.0503 -0.0107 0.9987
vn 0.0523 -0.0110 0.9986
vn 0.0514 -0.0065 0.9987
vn 0.0526 -0.0066 0.9986
vn 0.0522 -0.0022 0.9986
vn -0.9991 0.0413 0.0000
vn -0.9991 -0.0413 0.0000
vn -0.9923 -0.1237 0.0000
vn -0.9787 -0.2052 0.0000
vn -0.9584 -0.2853 0.0000
vn -0.9316 -0.3635 0.0000
vn -0.8984 -0.4392 0.0000
vn -0.8591 -0.5119 0.0000
vn -0.8138 -0.5811 0.0000
vn -0.7631 -0.6463 0.0000
vn -0.7071 -0.7071 0.0000
vn -0.6463 -0.7631 0.0000
vn -0.5811 -0.8138 0.0000
vn -0.5119 -0.8591 0.0000
vn -0.4392 -0.8984 0.0000
vn -0.3635 -0.9316 0.0000
vn -0.2853 -0.9584 0.0000
vn -0.2052 -0.9787 0.0000
vn -0.1237 -0.9923 0.0000
vn -0.0413 -0.9991 0.0000
vn 0.0413 -0.9991 0.0000
vn 0.1237 -0.9923 0.0000
vn 0.2052 -0.9787 0.0000
vn 0.2853 -0.9584 0.0000
vn 0.3635 -0.9316 0.0000
vn 0.4392 -0.8984 0.0000
vn 0.5119 -0.8591 0.0000
vn 0.5811 -0.8138 0.0000
vn 0.6463 -0.7631 0.0000
vn 0.7071 -0.7071 0.0000
vn 0.7631 -0.6463 0.0000
vn 0.8138 -0.5811 0.0000
vn 0.8591 -0.5119 0.0000
vn 0.8984 -0.4392 0.0000
vn 0.9316 -0.3635 0.0000
vn 0.9584 -0.2853 0.0000
vn 0.9787 -0.2052 0.0000
vn 0.9923 -0.1237 0.0000
vn 0.9991 -0.0413 0.0000
vn 0.9991 0.0413 0.0000
vn 0.9923 0.1237 0.0000
vn 0.9787 0.2052 0.0000
vn 0.9584 0.2853 0.0000
vn 0.9316 0.3635 0.0000
vn 0.8984 0.4392 0.0000
vn 0.8591 0.5119 0.0000
vn 0.8138 0.5811 0.0000
vn 0.7631 0.6463 0.0000
vn 0.7071 0.7071 0.0000
vn 0.6463 0.7631 0.0000
vn 0.5811 0.8138 0.0000
vn 0.5119 0.8591 0.0000
vn 0.4392 0.8984 0.0000
vn 0.3635 0.9316 0.0000
vn 0.2853 0.9584 0.0000
vn 0.2052 0.9787 0.0000
vn 0.1237 0.9923 0.0000
vn 0.0413 0.9991 0.0000
vn -0.0413 0.9991 0.0000
vn -0.1237 0.9923 0.0000
vn -0.2052 0.9787 0.0000
vn -0.2853 0.9584 0.0000
vn -0.3635 0.9316 0.0000
vn -0.4392 0.8984 0.0000
vn -0.5119 0.8591 0.0000
vn -0.5811 0.8138 0.0000
vn -0.6463 0.7631 0.0000
vn -0.7071 0.7071 0.0000
vn -0.7631 0.6463 0.0000
vn -0.8138 0.5811 0.0000
vn -0.8591 0.5119 0.0000
vn -0.8984 0.4392 0.0000
vn -0.9316 0.3635 0.0000
vn -0.9584 0.2853 0.0000
vn -0.9787 0.2052 0.0000
vn -0.9923 0.1237 0.0000
vn 0.0000 0.0000 -1.0000
usemtl 8mm_vial_cap
s off
f 1//1 2//1 3//1
f 3//2 2//2 4//2
f 3//3 4//3 5//3
f 5//4 4//4 6//4
f 5//4 6//4 7//4
f 7//5 6//5 8//5
f 7//5 8//5 9//5
f 9//6 8//6 10//6
f 9//6 10//6 11//6
f 11//7 10//7 12//7
f 11//7 12//7 13//7
f 13//8 12//8 14//8
f 13//8 14//8 15//8
f 2//9 1//9 16//9
f 16//10 1//10 17//10
f 16//11 17//11 18//11
f 18//12 17//12 19//12
f 18//13 19//13 20//13
f 20//14 19//14 21//14
f 20//15 21//15 22//15
f 22//16 21//16 23//16
f 22//17 23//17 24//17
f 24//18 23//18 25//18
f 24//19 25//19 26//19
f 26//20 25//20 27//20
f 26//21 27//21 28//21
f 28//22 27//22 29//22
f 28//23 29//23 30//23
f 30//24 29//24 31//24
f 30//25 31//25 32//25
f 32//26 31//26 33//26
f 32//27 33//27 34//27
f 34//28 33//28 35//28
f 34//29 35//29 36//29
f 36//30 35//30 37//30
f 36//31 37//31 38//31
f 38//32 37//32 39//32
f 38//33 39//33 40//33
f 40//34 39//34 41//34
f 40//35 41//35 42//35
f 42//36 41//36 43//36
f 42//37 43//37 44//37
f 44//38 43//38 45//38
f 44//39 45//39 46//39
f 46//40 45//40 47//40
f 46//41 47//41 48//41
f 48//42 47//42 49//42
f 48//43 49//43 50//43
f 50//44 49//44 51//44
f 50//45 51//45 52//45
f 52//46 51//46 53//46
f 53//46 51//46 54//46
f 53//47 54//47 55//47
f 55//47 54//47 56//47
f 55//48 56//48 57//48
f 57//48 56//48 58//48
f 57//49 58//49 59//49
f 59//49 58//49 60//49
f 59//50 60//50 61//50
f 61//50 60//50 62//50
f 61//51 62//51 63//51
f 63//51 62//51 64//51
f 63//52 64//52 65//52
f 65//52 64//52 66//52
f 65//53 66//53 67//53
f 67//53 66//53 68//53
f 67//54 68//54 69//54
f 69//54 68//54 70//54
f 69//55 70//55 71//55
f 71//55 70//55 72//55
f 71//56 72//56 73//56
f 73//56 72//56 74//56
f 73//57 74//57 75//57
f 75//57 74//57 76//57
f 75//58 76//58 77//58
f 77//58 76//58 78//58
f 77//59 78//59 79//59
f 79//60 78//60 80//60
f 79//61 80//61 81//61
f 81//61 80//61 82//61
f 81//62 82//62 83//62
f 83//62 82//62 84//62
f 83//63 84//63 85//63
f 85//63 84//63 86//63
f 85//64 86//64 87//64
f 87//64 86//64 88//64
f 87//65 88//65 89//65
f 89//65 88//65 90//65
f 89//66 90//66 91//66
f 91//66 90//66 92//66
f 91//67 92//67 93//67
f 93//67 92//67 94//67
f 93//68 94//68 95//68
f 95//68 94//68 96//68
f 95//69 96//69 97//69
f 97//69 96//69 98//69
f 97//70 98//70 99//70
f 99//70 98//70 100//70
f 99//71 100//71 101//71
f 101//71 100//71 102//71
f 101//72 102//72 103//72
f 103//72 102//72 104//72
f 103//73 104//73 105//73
f 105//73 104//73 106//73
f 105//74 106//74 107//74
f 107//74 106//74 108//74
f 107//75 108//75 109//75
f 109//75 108//75 110//75
f 109//76 110//76 111//76
f 111//76 110//76 112//76
f 111//77 112//77 113//77
f 113//77 112//77 114//77
f 113//78 114//78 115//78
f 115//78 114//78 116//78
f 115//79 116//79 117//79
f 117//79 116//79 118//79
f 117//80 118//80 119//80
f 119//80 118//80 120//80
f 119//81 120//81 121//81
f 121//81 120//81 122//81
f 121//82 122//82 123//82
f 123//82 122//82 124//82
f 123//83 124//83 125//83
f 125//83 124//83 126//83
f 125//84 126//84 127//84
f 127//84 126//84 128//84
f 127//85 128//85 129//85
f 129//85 128//85 130//85
f 129//86 130//86 131//86
f 131//86 130//86 132//86
f 131//87 132//87 133//87
f 133//87 132//87 134//87
f 133//88 134//88 135//88
f 135//88 134//88 136//88
f 135//89 136//89 137//89
f 137//89 136//89 138//89
f 137//90 138//90 139//90
f 139//90 138//90 140//90
f 139//91 140//91 141//91
f 141//91 140//91 142//91
f 141//92 142//92 143//92
f 143//92 142//92 144//92
f 143//93 144//93 145//93
f 145//93 144//93 146//93
f 145//94 146//94 147//94
f 147//94 146//94 148//94
f 147//95 148//95 149//95
f 149//95 148//95 150//95
f 149//96 150//96 151//96
f 151//96 150//96 152//96
f 151//97 152//97 153//97
f 153//98 152//98 154//98
f 153//99 154//99 155//99
f 155//99 154//99 156//99
f 155//100 156//100 15//100
f 15//100 156//100 13//100
f 41//101 157//101 43//101
f 43//102 157//102 158//102
f 43//38 158//38 45//38
f 45//103 158//103 159//103
f 45//104 159//104 47//104
f 47//105 159//105 160//105
f 47//42 160//42 49//42
f 49//106 160//106 161//106
f 49//44 161//44 51//44
f 51//107 161//107 54//107
f 157//108 162//108 158//108
f 158//109 162//109 163//109
f 158//103 163//103 159//103
f 159//110 163//110 164//110
f 159//105 164//105 160//105
f 160//111 164//111 165//111
f 160//106 165//106 161//106
f 161//112 165//112 166//112
f 161//107 166//107 54//107
f 54//113 166//113 56//113
f 162//114 167//114 163//114
f 163//115 167//115 168//115
f 163//110 168//110 164//110
f 164//116 168//116 169//116
f 164//117 169//117 165//117
f 165//118 169//118 170//118
f 165//119 170//119 166//119
f 166//120 170//120 171//120
f 166//121 171//121 56//121
f 56//122 171//122 58//122
f 167//123 172//123 168//123
f 168//124 172//124 173//124
f 168//116 173//116 169//116
f 169//125 173//125 174//125
f 169//118 174//118 170//118
f 170//126 174//126 175//126
f 170//120 175//120 171//120
f 171//127 175//127 176//127
f 171//122 176//122 58//122
f 58//128 176//128 60//128
f 172//129 177//129 173//129
f 173//130 177//130 178//130
f 173//125 178//125 174//125
f 174//131 178//131 179//131
f 174//126 179//126 175//126
f 175//132 179//132 180//132
f 175//127 180//127 176//127
f 176//133 180//133 181//133
f 176//128 181//128 60//128
f 60//134 181//134 62//134
f 177//135 182//135 178//135
f 178//136 182//136 183//136
f 178//131 183//131 179//131
f 179//137 183//137 184//137
f 179//132 184//132 180//132
f 180//138 184//138 185//138
f 180//133 185//133 181//133
f 181//139 185//139 186//139
f 181//134 186//134 62//134
f 62//140 186//140 64//140
f 182//141 187//141 183//141
f 183//142 187//142 188//142
f 183//137 188//137 184//137
f 184//143 188//143 189//143
f 184//138 189//138 185//138
f 185//144 189//144 190//144
f 185//139 190//139 186//139
f 186//145 190//145 191//145
f 186//140 191//140 64//140
f 64//146 191//146 66//146
f 187//147 192//147 188//147
f 188//148 192//148 193//148
f 188//143 193//143 189//143
f 189//149 193//149 194//149
f 189//144 194//144 190//144
f 190//150 194//150 195//150
f 190//151 195//151 191//151
f 191//152 195//152 196//152
f 191//146 196//146 66//146
f 66//153 196//153 68//153
f 192//154 197//154 193//154
f 193//155 197//155 198//155
f 193//149 198//149 194//149
f 194//156 198//156 199//156
f 194//150 199//150 195//150
f 195//157 199//157 200//157
f 195//152 200//152 196//152
f 196//158 200//158 201//158
f 196//153 201//153 68//153
f 68//159 201//159 70//159
f 197//160 202//160 198//160
f 198//161 202//161 203//161
f 198//156 203//156 199//156
f 199//162 203//162 204//162
f 199//157 204//157 200//157
f 200//163 204//163 205//163
f 200//158 205//158 201//158
f 201//164 205//164 206//164
f 201//159 206//159 70//159
f 70//165 206//165 72//165
f 202//166 207//166 203//166
f 203//167 207//167 208//167
f 203//162 208//162 204//162
f 204//168 208//168 209//168
f 204//163 209//163 205//163
f 205//169 209//169 210//169
f 205//164 210//164 206//164
f 206//170 210//170 211//170
f 206//165 211//165 72//165
f 72//171 211//171 74//171
f 207//172 212//172 208//172
f 208//173 212//173 213//173
f 208//168 213//168 209//168
f 209//174 213//174 214//174
f 209//169 214//169 210//169
f 210//175 214//175 215//175
f 210//170 215//170 211//170
f 211//176 215//176 216//176
f 211//171 216//171 74//171
f 74//177 216//177 76//177
f 212//178 217//178 213//178
f 213//179 217//179 218//179
f 213//174 218//174 214//174
f 214//180 218//180 219//180
f 214//175 219//175 215//175
f 215//181 219//181 220//181
f 215//176 220//176 216//176
f 216//182 220//182 221//182
f 216//177 221//177 76//177
f 76//183 221//183 78//183
f 217//184 222//184 218//184
f 218//185 222//185 223//185
f 218//180 223//180 219//180
f 219//186 223//186 224//186
f 219//187 224//187 220//187
f 220//188 224//188 225//188
f 220//182 225//182 221//182
f 221//189 225//189 226//189
f 221//183 226//183 78//183
f 78//190 226//190 80//190
f 223//191 222//191 227//191
f 227//192 222//192 228//192
f 227//193 228//193 229//193
f 229//194 228//194 230//194
f 229//195 230//195 231//195
f 231//196 230//196 232//196
f 231//197 232//197 233//197
f 233//198 232//198 234//198
f 233//199 234//199 235//199
f 235//200 234//200 236//200
f 235//201 236//201 237//201
f 237//202 236//202 238//202
f 237//203 238//203 239//203
f 239//204 238//204 240//204
f 239//205 240//205 241//205
f 241//206 240//206 242//206
f 241//207 242//207 243//207
f 243//208 242//208 244//208
f 243//209 244//209 245//209
f 245//210 244//210 246//210
f 245//211 246//211 247//211
f 247//212 246//212 248//212
f 247//213 248//213 249//213
f 249//214 248//214 250//214
f 249//215 250//215 251//215
f 251//216 250//216 252//216
f 251//217 252//217 253//217
f 253//218 252//218 254//218
f 253//219 254//219 255//219
f 255//220 254//220 256//220
f 255//221 256//221 257//221
f 257//222 256//222 258//222
f 257//223 258//223 259//223
f 259//224 258//224 260//224
f 259//225 260//225 108//225
f 108//226 260//226 110//226
f 252//227 261//227 254//227
f 254//228 261//228 262//228
f 254//220 262//220 256//220
f 256//229 262//229 263//229
f 256//222 263//222 258//222
f 258//230 263//230 264//230
f 258//224 264//224 260//224
f 260//231 264//231 265//231
f 260//226 265//226 110//226
f 110//232 265//232 112//232
f 261//233 266//233 262//233
f 262//234 266//234 267//234
f 262//229 267//229 263//229
f 263//235 267//235 268//235
f 263//230 268//230 264//230
f 264//236 268//236 269//236
f 264//237 269//237 265//237
f 265//238 269//238 270//238
f 265//232 270//232 112//232
f 112//239 270//239 114//239
f 266//240 271//240 267//240
f 267//241 271//241 272//241
f 267//235 272//235 268//235
f 268//242 272//242 273//242
f 268//236 273//236 269//236
f 269//243 273//243 274//243
f 269//238 274//238 270//238
f 270//244 274//244 275//244
f 270//239 275//239 114//239
f 114//245 275//245 116//245
f 271//246 276//246 272//246
f 272//247 276//247 277//247
f 272//242 277//242 273//242
f 273//248 277//248 278//248
f 273//243 278//243 274//243
f 274//249 278//249 279//249
f 274//244 279//244 275//244
f 275//250 279//250 280//250
f 275//245 280//245 116//245
f 116//251 280//251 118//251
f 276//252 281//252 277//252
f 277//253 281//253 282//253
f 277//248 282//248 278//248
f 278//254 282//254 283//254
f 278//249 283//249 279//249
f 279//255 283//255 284//255
f 279//250 284//250 280//250
f 280//256 284//256 285//256
f 280//257 285//257 118//257
f 118//258 285//258 120//258
f 281//259 286//259 282//259
f 282//260 286//260 287//260
f 282//254 287//254 283//254
f 283//261 287//261 288//261
f 283//255 288//255 284//255
f 284//262 288//262 289//262
f 284//256 289//256 285//256
f 285//263 289//263 290//263
f 285//258 290//258 120//258
f 120//264 290//264 122//264
f 286//265 291//265 287//265
f 287//266 291//266 292//266
f 287//261 292//261 288//261
f 288//267 292//267 293//267
f 288//262 293//262 289//262
f 289//268 293//268 294//268
f 289//263 294//263 290//263
f 290//269 294//269 295//269
f 290//264 295//264 122//264
f 122//270 295//270 124//270
f 291//271 296//271 292//271
f 292//272 296//272 297//272
f 292//267 297//267 293//267
f 293//273 297//273 298//273
f 293//268 298//268 294//268
f 294//274 298//274 299//274
f 294//269 299//269 295//269
f 295//275 299//275 300//275
f 295//270 300//270 124//270
f 124//276 300//276 126//276
f 296//277 301//277 297//277
f 297//278 301//278 302//278
f 297//273 302//273 298//273
f 298//279 302//279 303//279
f 298//280 303//280 299//280
f 299//281 303//281 304//281
f 299//275 304//275 300//275
f 300//282 304//282 305//282
f 300//276 305//276 126//276
f 126//283 305//283 128//283
f 301//284 306//284 302//284
f 302//285 306//285 307//285
f 302//279 307//279 303//279
f 303//286 307//286 308//286
f 303//281 308//281 304//281
f 304//287 308//287 309//287
f 304//282 309//282 305//282
f 305//288 309//288 310//288
f 305//283 310//283 128//283
f 128//289 310//289 130//289
f 306//290 311//290 307//290
f 307//291 311//291 312//291
f 307//286 312//286 308//286
f 308//292 312//292 313//292
f 308//293 313//293 309//293
f 309//294 313//294 314//294
f 309//295 314//295 310//295
f 310//296 314//296 315//296
f 310//297 315//297 130//297
f 130//298 315//298 132//298
f 311//299 316//299 312//299
f 312//300 316//300 317//300
f 312//292 317//292 313//292
f 313//301 317//301 318//301
f 313//294 318//294 314//294
f 314//302 318//302 319//302
f 314//296 319//296 315//296
f 315//303 319//303 320//303
f 315//298 320//298 132//298
f 132//304 320//304 134//304
f 316//305 321//305 317//305
f 317//306 321//306 322//306
f 317//301 322//301 318//301
f 318//307 322//307 323//307
f 318//302 323//302 319//302
f 319//308 323//308 324//308
f 319//303 324//303 320//303
f 320//309 324//309 325//309
f 320//304 325//304 134//304
f 134//310 325//310 136//310
f 321//311 326//311 322//311
f 322//312 326//312 327//312
f 322//307 327//307 323//307
f 323//313 327//313 328//313
f 323//308 328//308 324//308
f 324//314 328//314 329//314
f 324//309 329//309 325//309
f 325//315 329//315 330//315
f 325//310 330//310 136//310
f 136//316 330//316 138//316
f 327//317 326//317 331//317
f 331//318 326//318 332//318
f 331//319 332//319 333//319
f 333//320 332//320 334//320
f 333//321 334//321 335//321
f 335//322 334//322 336//322
f 335//323 336//323 337//323
f 337//324 336//324 338//324
f 337//325 338//325 339//325
f 339//326 338//326 340//326
f 339//327 340//327 341//327
f 341//328 340//328 342//328
f 341//329 342//329 343//329
f 343//330 342//330 344//330
f 343//331 344//331 345//331
f 345//332 344//332 346//332
f 345//333 346//333 347//333
f 347//334 346//334 348//334
f 347//335 348//335 349//335
f 349//336 348//336 350//336
f 349//337 350//337 351//337
f 351//338 350//338 352//338
f 351//339 352//339 353//339
f 353//340 352//340 354//340
f 353//341 354//341 355//341
f 355//342 354//342 356//342
f 355//343 356//343 5//343
f 5//344 356//344 3//344
f 52//45 357//45 50//45
f 50//345 357//345 358//345
f 50//43 358//43 48//43
f 48//346 358//346 359//346
f 48//41 359//41 46//41
f 46//347 359//347 360//347
f 46//39 360//39 44//39
f 44//348 360//348 361//348
f 44//37 361//37 42//37
f 42//349 361//349 40//349
f 357//345 362//345 358//345
f 358//350 362//350 363//350
f 358//346 363//346 359//346
f 359//351 363//351 364//351
f 359//347 364//347 360//347
f 360//352 364//352 365//352
f 360//348 365//348 361//348
f 361//353 365//353 366//353
f 361//349 366//349 40//349
f 40//354 366//354 38//354
f 362//350 367//350 363//350
f 363//355 367//355 368//355
f 363//351 368//351 364//351
f 364//356 368//356 369//356
f 364//352 369//352 365//352
f 365//357 369//357 370//357
f 365//353 370//353 366//353
f 366//358 370//358 371//358
f 366//354 371//354 38//354
f 38//359 371//359 36//359
f 367//355 372//355 368//355
f 368//360 372//360 373//360
f 368//356 373//356 369//356
f 369//361 373//361 374//361
f 369//357 374//357 370//357
f 370//362 374//362 375//362
f 370//358 375//358 371//358
f 371//363 375//363 376//363
f 371//359 376//359 36//359
f 36//364 376//364 34//364
f 372//360 377//360 373//360
f 373//365 377//365 378//365
f 373//361 378//361 374//361
f 374//366 378//366 379//366
f 374//362 379//362 375//362
f 375//367 379//367 380//367
f 375//363 380//363 376//363
f 376//368 380//368 381//368
f 376//364 381//364 34//364
f 34//369 381//369 32//369
f 377//365 382//365 378//365
f 378//370 382//370 383//370
f 378//366 383//366 379//366
f 379//371 383//371 384//371
f 379//367 384//367 380//367
f 380//372 384//372 385//372
f 380//368 385//368 381//368
f 381//373 385//373 386//373
f 381//369 386//369 32//369
f 32//374 386//374 30//374
f 382//370 387//370 383//370
f 383//375 387//375 388//375
f 383//371 388//371 384//371
f 384//376 388//376 389//376
f 384//377 389//377 385//377
f 385//378 389//378 390//378
f 385//373 390//373 386//373
f 386//379 390//379 391//379
f 386//374 391//374 30//374
f 30//380 391//380 28//380
f 387//375 392//375 388//375
f 388//381 392//381 393//381
f 388//376 393//376 389//376
f 389//382 393//382 394//382
f 389//378 394//378 390//378
f 390//383 394//383 395//383
f 390//379 395//379 391//379
f 391//384 395//384 396//384
f 391//380 396//380 28//380
f 28//385 396//385 26//385
f 392//381 397//381 393//381
f 393//386 397//386 398//386
f 393//382 398//382 394//382
f 394//387 398//387 399//387
f 394//383 399//383 395//383
f 395//388 399//388 400//388
f 395//384 400//384 396//384
f 396//389 400//389 401//389
f 396//385 401//385 26//385
f 26//390 401//390 24//390
f 397//386 402//386 398//386
f 398//391 402//391 403//391
f 398//387 403//387 399//387
f 399//392 403//392 404//392
f 399//388 404//388 400//388
f 400//393 404//393 405//393
f 400//389 405//389 401//389
f 401//394 405//394 406//394
f 401//390 406//390 24//390
f 24//395 406//395 22//395
f 402//391 407//391 403//391
f 403//396 407//396 408//396
f 403//392 408//392 404//392
f 404//397 408//397 409//397
f 404//393 409//393 405//393
f 405//398 409//398 410//398
f 405//399 410//399 406//399
f 406//400 410//400 411//400
f 406//395 411//395 22//395
f 22//401 411//401 20//401
f 407//396 412//396 408//396
f 408//402 412//402 413//402
f 408//397 413//397 409//397
f 409//403 413//403 414//403
f 409//398 414//398 410//398
f 410//404 414//404 415//404
f 410//400 415//400 411//400
f 411//405 415//405 416//405
f 411//401 416//401 20//401
f 20//406 416//406 18//406
f 412//402 417//402 413//402
f 413//407 417//407 418//407
f 413//403 418//403 414//403
f 414//408 418//408 419//408
f 414//404 419//404 415//404
f 415//409 419//409 420//409
f 415//405 420//405 416//405
f 416//410 420//410 421//410
f 416//406 421//406 18//406
f 18//411 421//411 16//411
f 417//407 422//407 418//407
f 418//412 422//412 423//412
f 418//408 423//408 419//408
f 419//413 423//413 424//413
f 419//409 424//409 420//409
f 420//414 424//414 425//414
f 420//415 425//415 421//415
f 421//416 425//416 426//416
f 421//411 426//411 16//411
f 16//417 426//417 2//417
f 422//412 427//412 423//412
f 423//418 427//418 428//418
f 423//413 428//413 424//413
f 424//419 428//419 429//419
f 424//414 429//414 425//414
f 425//420 429//420 430//420
f 425//416 430//416 426//416
f 426//421 430//421 431//421
f 426//417 431//417 2//417
f 2//422 431//422 4//422
f 427//418 432//418 428//418
f 428//423 432//423 433//423
f 428//419 433//419 429//419
f 429//424 433//424 434//424
f 429//420 434//420 430//420
f 430//425 434//425 435//425
f 430//421 435//421 431//421
f 431//426 435//426 6//426
f 431//422 6//422 4//422
f 432//423 436//423 433//423
f 433//427 436//427 437//427
f 433//424 437//424 434//424
f 434//428 437//428 438//428
f 434//425 438//425 435//425
f 435//429 438//429 8//429
f 435//426 8//426 6//426
f 436//427 439//427 437//427
f 437//430 439//430 440//430
f 437//428 440//428 438//428
f 438//431 440//431 10//431
f 438//429 10//429 8//429
f 439//430 441//430 440//430
f 440//432 441//432 12//432
f 440//431 12//431 10//431
f 441//432 14//432 12//432
f 239//433 442//433 237//433
f 237//433 442//433 443//433
f 237//434 443//434 235//434
f 235//434 443//434 444//434
f 235//435 444//435 233//435
f 233//435 444//435 445//435
f 233//436 445//436 231//436
f 231//436 445//436 446//436
f 231//437 446//437 229//437
f 229//437 446//437 447//437
f 229//438 447//438 227//438
f 227//438 447//438 224//438
f 227//186 224//186 223//186
f 442//439 448//439 443//439
f 443//439 448//439 449//439
f 443//440 449//440 444//440
f 444//440 449//440 450//440
f 444//441 450//441 445//441
f 445//441 450//441 451//441
f 445//442 451//442 446//442
f 446//443 451//443 452//443
f 446//444 452//444 447//444
f 447//444 452//444 225//444
f 447//188 225//188 224//188
f 442//445 239//445 453//445
f 453//445 239//445 241//445
f 453//446 241//446 454//446
f 454//446 241//446 243//446
f 454//447 243//447 455//447
f 455//447 243//447 245//447
f 455//448 245//448 456//448
f 456//448 245//448 247//448
f 456//449 247//449 457//449
f 457//449 247//449 249//449
f 457//450 249//450 458//450
f 458//450 249//450 251//450
f 458//451 251//451 459//451
f 459//451 251//451 253//451
f 459//219 253//219 255//219
f 448//452 460//452 449//452
f 449//452 460//452 461//452
f 449//453 461//453 450//453
f 450//453 461//453 462//453
f 450//454 462//454 451//454
f 451//454 462//454 463//454
f 451//455 463//455 452//455
f 452//455 463//455 226//455
f 452//189 226//189 225//189
f 448//456 442//456 464//456
f 464//456 442//456 453//456
f 464//457 453//457 465//457
f 465//457 453//457 454//457
f 465//458 454//458 466//458
f 466//458 454//458 455//458
f 466//459 455//459 467//459
f 467//460 455//460 456//460
f 467//461 456//461 468//461
f 468//461 456//461 457//461
f 468//462 457//462 469//462
f 469//462 457//462 458//462
f 469//463 458//463 470//463
f 470//464 458//464 459//464
f 470//465 459//465 471//465
f 471//465 459//465 255//465
f 471//221 255//221 257//221
f 460//466 86//466 461//466
f 461//466 86//466 84//466
f 461//467 84//467 462//467
f 462//467 84//467 82//467
f 462//468 82//468 463//468
f 463//468 82//468 80//468
f 463//190 80//190 226//190
f 460//469 448//469 472//469
f 472//469 448//469 464//469
f 472//470 464//470 473//470
f 473//470 464//470 465//470
f 473//471 465//471 474//471
f 474//471 465//471 466//471
f 474//472 466//472 475//472
f 475//472 466//472 467//472
f 475//473 467//473 476//473
f 476//473 467//473 468//473
f 476//474 468//474 477//474
f 477//474 468//474 469//474
f 477//475 469//475 478//475
f 478//475 469//475 470//475
f 478//476 470//476 479//476
f 479//476 470//476 471//476
f 479//477 471//477 480//477
f 480//477 471//477 257//477
f 480//223 257//223 259//223
f 86//478 460//478 88//478
f 88//478 460//478 472//478
f 88//479 472//479 90//479
f 90//479 472//479 473//479
f 90//480 473//480 92//480
f 92//480 473//480 474//480
f 92//481 474//481 94//481
f 94//481 474//481 475//481
f 94//482 475//482 96//482
f 96//482 475//482 476//482
f 96//483 476//483 98//483
f 98//483 476//483 477//483
f 98//484 477//484 100//484
f 100//484 477//484 478//484
f 100//485 478//485 102//485
f 102//485 478//485 479//485
f 102//486 479//486 104//486
f 104//486 479//486 480//486
f 104//487 480//487 106//487
f 106//487 480//487 259//487
f 106//225 259//225 108//225
f 333//488 481//488 331//488
f 331//488 481//488 328//488
f 331//313 328//313 327//313
f 328//314 481//314 329//314
f 329//489 481//489 482//489
f 329//315 482//315 330//315
f 330//490 482//490 483//490
f 330//316 483//316 138//316
f 138//491 483//491 140//491
f 481//492 333//492 484//492
f 484//492 333//492 335//492
f 484//493 335//493 485//493
f 485//493 335//493 337//493
f 485//494 337//494 486//494
f 486//494 337//494 339//494
f 486//495 339//495 487//495
f 487//495 339//495 341//495
f 487//496 341//496 488//496
f 488//496 341//496 343//496
f 488//497 343//497 489//497
f 489//497 343//497 345//497
f 489//498 345//498 490//498
f 490//498 345//498 347//498
f 490//499 347//499 491//499
f 491//499 347//499 349//499
f 491//500 349//500 492//500
f 492//500 349//500 351//500
f 492//501 351//501 493//501
f 493//501 351//501 353//501
f 493//502 353//502 494//502
f 494//502 353//502 355//502
f 494//503 355//503 7//503
f 7//503 355//503 5//503
f 481//489 484//489 482//489
f 482//504 484//504 495//504
f 482//505 495//505 483//505
f 483//506 495//506 496//506
f 483//491 496//491 140//491
f 140//507 496//507 142//507
f 495//504 484//504 485//504
f 495//508 485//508 497//508
f 497//508 485//508 486//508
f 497//509 486//509 498//509
f 498//509 486//509 487//509
f 498//510 487//510 499//510
f 499//510 487//510 488//510
f 499//511 488//511 500//511
f 500//511 488//511 489//511
f 500//512 489//512 501//512
f 501//513 489//513 490//513
f 501//514 490//514 502//514
f 502//514 490//514 491//514
f 502//515 491//515 503//515
f 503//515 491//515 492//515
f 503//516 492//516 504//516
f 504//517 492//517 493//517
f 504//518 493//518 505//518
f 505//518 493//518 494//518
f 505//519 494//519 9//519
f 9//519 494//519 7//519
f 495//506 497//506 496//506
f 496//520 497//520 506//520
f 496//507 506//507 142//507
f 142//521 506//521 144//521
f 506//520 497//520 498//520
f 506//522 498//522 507//522
f 507//522 498//522 499//522
f 507//523 499//523 508//523
f 508//523 499//523 500//523
f 508//524 500//524 509//524
f 509//524 500//524 501//524
f 509//525 501//525 510//525
f 510//525 501//525 502//525
f 510//526 502//526 511//526
f 511//526 502//526 503//526
f 511//527 503//527 512//527
f 512//527 503//527 504//527
f 512//528 504//528 513//528
f 513//528 504//528 505//528
f 513//529 505//529 11//529
f 11//529 505//529 9//529
f 146//530 144//530 507//530
f 507//521 144//521 506//521
f 146//530 507//530 508//530
f 148//531 146//531 508//531
f 148//531 508//531 509//531
f 150//532 148//532 509//532
f 150//532 509//532 510//532
f 152//533 150//533 510//533
f 152//533 510//533 511//533
f 154//534 152//534 511//534
f 154//534 511//534 512//534
f 156//535 154//535 512//535
f 156//535 512//535 513//535
f 13//536 156//536 513//536
f 13//536 513//536 11//536
f 1//537 3//537 514//537
f 514//537 3//537 356//537
f 514//537 356//537 515//537
f 515//537 356//537 354//537
f 515//537 354//537 516//537
f 516//537 354//537 352//537
f 516//537 352//537 517//537
f 517//537 352//537 350//537
f 517//537 350//537 518//537
f 518//537 350//537 348//537
f 518//537 348//537 346//537
f 518//537 346//537 519//537
f 519//537 346//537 344//537
f 519//537 344//537 520//537
f 520//537 344//537 342//537
f 520//537 342//537 521//537
f 521//537 342//537 340//537
f 521//537 340//537 338//537
f 521//537 338//537 522//537
f 522//537 338//537 336//537
f 522//537 336//537 523//537
f 523//537 336//537 334//537
f 523//537 334//537 524//537
f 524//537 334//537 332//537
f 524//537 332//537 525//537
f 525//537 332//537 326//537
f 525//537 326//537 321//537
f 525//537 321//537 526//537
f 526//537 321//537 316//537
f 526//537 316//537 527//537
f 527//537 316//537 311//537
f 527//537 311//537 528//537
f 528//537 311//537 306//537
f 528//537 306//537 301//537
f 528//537 301//537 529//537
f 529//537 301//537 296//537
f 529//537 296//537 530//537
f 530//537 296//537 291//537
f 530//537 291//537 531//537
f 531//537 291//537 286//537
f 531//537 286//537 532//537
f 532//537 286//537 281//537
f 532//537 281//537 276//537
f 532//537 276//537 533//537
f 533//537 276//537 271//537
f 533//537 271//537 534//537
f 534//537 271//537 266//537
f 534//537 266//537 535//537
f 535//537 266//537 261//537
f 535//537 261//537 536//537
f 536//537 261//537 252//537
f 536//537 252//537 250//537
f 536//537 250//537 537//537
f 537//537 250//537 248//537
f 537//537 248//537 538//537
f 538//537 248//537 246//537
f 538//537 246//537 539//537
f 539//537 246//537 244//537
f 539//537 244//537 242//537
f 539//537 242//537 540//537
f 540//537 242//537 240//537
f 540//537 240//537 541//537
f 541//537 240//537 238//537
f 541//537 238//537 542//537
f 542//537 238//537 236//537
f 542//537 236//537 543//537
f 543//537 236//537 234//537
f 543//537 234//537 232//537
f 543//537 232//537 544//537
f 544//537 232//537 230//537
f 544//537 230//537 545//537
f 545//537 230//537 228//537
f 545//537 228//537 546//537
f 546//537 228//537 222//537
f 546//537 222//537 217//537
f 546//537 217//537 547//537
f 547//537 217//537 212//537
f 547//537 212//537 548//537
f 548//537 212//537 207//537
f 548//537 207//537 549//537
f 549//537 207//537 202//537
f 549//537 202//537 550//537
f 550//537 202//537 197//537
f 550//537 197//537 192//537
f 550//537 192//537 551//537
f 551//537 192//537 187//537
f 551//537 187//537 552//537
f 552//537 187//537 182//537
f 552//537 182//537 553//537
f 553//537 182//537 177//537
f 553//537 177//537 554//537
f 554//537 177//537 172//537
f 554//537 172//537 167//537
f 554//537 167//537 555//537
f 555//537 167//537 162//537
f 555//537 162//537 556//537
f 556//537 162//537 157//537
f 556//537 157//537 557//537
f 557//537 157//537 41//537
f 557//537 41//537 39//537
f 557//537 39//537 558//537
f 558//537 39//537 37//537
f 558//537 37//537 559//537
f 559//537 37//537 35//537
f 559//537 35//537 560//537
f 560//537 35//537 33//537
f 560//537 33//537 561//537
f 561//537 33//537 31//537
f 561//537 31//537 29//537
f 561//537 29//537 562//537
f 562//537 29//537 27//537
f 562//537 27//537 563//537
f 563//537 27//537 25//537
f 563//537 25//537 564//537
f 564//537 25//537 23//537
f 564//537 23//537 21//537
f 564//537 21//537 565//537
f 565//537 21//537 19//537
f 565//537 19//537 566//537
f 566//537 19//537 17//537
f 566//537 17//537 567//537
f 567//537 17//537 1//537
f 567//537 1//537 514//537
f 441//538 568//538 14//538
f 14//539 568//539 569//539
f 14//540 569//540 570//540
f 568//541 441//541 571//541
f 571//542 441//542 439//542
f 571//543 439//543 572//543
f 572//544 439//544 436//544
f 572//545 436//545 573//545
f 573//546 436//546 432//546
f 573//547 432//547 574//547
f 574//548 432//548 427//548
f 574//549 427//549 575//549
f 575//550 427//550 422//550
f 575//551 422//551 576//551
f 576//552 422//552 417//552
f 576//553 417//553 577//553
f 577//554 417//554 412//554
f 577//555 412//555 578//555
f 578//556 412//556 407//556
f 578//557 407//557 579//557
f 579//558 407//558 402//558
f 579//559 402//559 580//559
f 580//560 402//560 397//560
f 580//561 397//561 581//561
f 581//562 397//562 392//562
f 581//563 392//563 582//563
f 582//564 392//564 387//564
f 582//565 387//565 583//565
f 583//566 387//566 382//566
f 583//567 382//567 584//567
f 584//568 382//568 377//568
f 584//569 377//569 585//569
f 585//570 377//570 372//570
f 585//571 372//571 586//571
f 586//572 372//572 367//572
f 586//573 367//573 587//573
f 587//574 367//574 362//574
f 587//575 362//575 588//575
f 588//576 362//576 357//576
f 588//577 357//577 589//577
f 589//578 357//578 52//578
f 589//579 52//579 590//579
f 590//580 52//580 53//580
f 590//581 53//581 591//581
f 591//582 53//582 55//582
f 591//583 55//583 592//583
f 592//584 55//584 57//584
f 592//585 57//585 593//585
f 593//586 57//586 59//586
f 593//587 59//587 594//587
f 594//588 59//588 61//588
f 594//589 61//589 595//589
f 595//590 61//590 63//590
f 595//591 63//591 596//591
f 596//592 63//592 65//592
f 596//593 65//593 597//593
f 597//594 65//594 67//594
f 597//595 67//595 598//595
f 598//596 67//596 69//596
f 598//597 69//597 599//597
f 599//598 69//598 71//598
f 599//599 71//599 600//599
f 600//600 71//600 73//600
f 600//601 73//601 601//601
f 601//602 73//602 75//602
f 601//603 75//603 602//603
f 602//604 75//604 77//604
f 602//605 77//605 603//605
f 603//606 77//606 79//606
f 603//607 79//607 604//607
f 604//608 79//608 81//608
f 604//609 81//609 605//609
f 605//610 81//610 83//610
f 605//611 83//611 606//611
f 606//612 83//612 85//612
f 606//613 85//613 607//613
f 607//614 85//614 87//614
f 607//615 87//615 608//615
f 608//616 87//616 89//616
f 608//617 89//617 609//617
f 609//618 89//618 91//618
f 609//619 91//619 610//619
f 610//620 91//620 93//620
f 610//621 93//621 611//621
f 611//622 93//622 95//622
f 611//623 95//623 612//623
f 612//624 95//624 97//624
f 612//625 97//625 613//625
f 613//626 97//626 99//626
f 613//627 99//627 614//627
f 614//628 99//628 101//628
f 614//629 101//629 615//629
f 615//630 101//630 103//630
f 615//631 103//631 616//631
f 616//632 103//632 105//632
f 616//633 105//633 617//633
f 617//634 105//634 107//634
f 617//635 107//635 618//635
f 618//636 107//636 109//636
f 618//637 109//637 619//637
f 619//638 109//638 111//638
f 619//639 111//639 620//639
f 620//640 111//640 113//640
f 620//641 113//641 621//641
f 621//642 113//642 115//642
f 621//643 115//643 622//643
f 622//644 115//644 117//644
f 622//645 117//645 623//645
f 623//646 117//646 119//646
f 623//647 119//647 624//647
f 624//648 119//648 121//648
f 624//649 121//649 625//649
f 625//650 121//650 123//650
f 625//651 123//651 626//651
f 626//652 123//652 125//652
f 626//653 125//653 627//653
f 627//654 125//654 127//654
f 627//655 127//655 628//655
f 628//656 127//656 129//656
f 628//657 129//657 629//657
f 629//658 129//658 131//658
f 629//659 131//659 630//659
f 630//660 131//660 133//660
f 630//661 133//661 631//661
f 631//662 133//662 135//662
f 631//663 135//663 632//663
f 632//664 135//664 137//664
f 632//665 137//665 633//665
f 633//666 137//666 139//666
f 633//667 139//667 634//667
f 634//668 139//668 141//668
f 634//669 141//669 635//669
f 635//670 141//670 143//670
f 635//671 143//671 636//671
f 636//672 143//672 145//672
f 636//673 145//673 637//673
f 637//674 145//674 147//674
f 637//675 147//675 638//675
f 638//676 147//676 149//676
f 638//677 149//677 639//677
f 639//678 149//678 151//678
f 639//679 151//679 640//679
f 640//680 151//680 153//680
f 640//681 153//681 641//681
f 641//682 153//682 155//682
f 641//683 155//683 642//683
f 642//684 155//684 15//684
f 642//685 15//685 570//685
f 570//686 15//686 14//686
f 643//537 644//537 645//537
f 645//537 644//537 646//537
f 645//537 646//537 647//537
f 647//537 646//537 648//537
f 647//537 648//537 649//537
f 649//537 648//537 650//537
f 649//537 650//537 651//537
f 651//537 650//537 652//537
f 651//537 652//537 653//537
f 653//537 652//537 654//537
f 653//537 654//537 655//537
f 655//537 654//537 656//537
f 655//537 656//537 657//537
f 657//537 656//537 658//537
f 657//537 658//537 659//537
f 659//537 658//537 660//537
f 659//537 660//537 661//537
f 661//537 660//537 662//537
f 661//537 662//537 663//537
f 663//537 662//537 664//537
f 663//537 664//537 665//537
f 665//537 664//537 666//537
f 665//537 666//537 667//537
f 667//537 666//537 668//537
f 667//537 668//537 669//537
f 669//537 668//537 670//537
f 669//537 670//537 671//537
f 671//537 670//537 672//537
f 644//537 643//537 673//537
f 673//537 643//537 674//537
f 673//537 674//537 675//537
f 675//537 674//537 676//537
f 675//537 676//537 677//537
f 677//537 676//537 678//537
f 677//537 678//537 679//537
f 679//537 678//537 680//537
f 679//537 680//537 681//537
f 681//537 680//537 682//537
f 681//537 682//537 683//537
f 683//537 682//537 684//537
f 683//537 684//537 685//537
f 685//537 684//537 686//537
f 685//537 686//537 687//537
f 687//537 686//537 688//537
f 687//537 688//537 689//537
f 689//537 688//537 690//537
f 689//537 690//537 691//537
f 691//537 690//537 692//537
f 691//537 692//537 693//537
f 693//537 692//537 694//537
f 693//537 694//537 695//537
f 695//537 694//537 696//537
f 515//687 643//687 514//687
f 514//687 643//687 645//687
f 514//688 645//688 567//688
f 567//688 645//688 647//688
f 567//689 647//689 566//689
f 566//689 647//689 649//689
f 566//690 649//690 565//690
f 565//690 649//690 651//690
f 565//691 651//691 564//691
f 564//691 651//691 653//691
f 564//692 653//692 563//692
f 563//692 653//692 655//692
f 563//693 655//693 562//693
f 562//693 655//693 657//693
f 562//694 657//694 561//694
f 561//694 657//694 659//694
f 561//695 659//695 560//695
f 560//695 659//695 661//695
f 560//696 661//696 559//696
f 559//696 661//696 663//696
f 559//697 663//697 558//697
f 558//697 663//697 665//697
f 558//698 665//698 557//698
f 557//698 665//698 667//698
f 557//699 667//699 556//699
f 556//699 667//699 669//699
f 556//700 669//700 555//700
f 555//700 669//700 671//700
f 555//701 671//701 554//701
f 554//701 671//701 672//701
f 554//702 672//702 553//702
f 553//702 672//702 670//702
f 553//703 670//703 552//703
f 552//703 670//703 668//703
f 552//704 668//704 551//704
f 551//704 668//704 666//704
f 551//705 666//705 550//705
f 550//705 666//705 664//705
f 550//706 664//706 549//706
f 549//706 664//706 662//706
f 549//707 662//707 548//707
f 548//707 662//707 660//707
f 548//708 660//708 547//708
f 547//708 660//708 658//708
f 547//709 658//709 546//709
f 546//709 658//709 656//709
f 546//710 656//710 545//710
f 545//710 656//710 654//710
f 545//711 654//711 544//711
f 544//711 654//711 652//711
f 544//712 652//712 543//712
f 543//712 652//712 650//712
f 543//713 650//713 542//713
f 542//713 650//713 648//713
f 542//714 648//714 541//714
f 541//714 648//714 646//714
f 541//715 646//715 540//715
f 540//715 646//715 644//715
f 540//716 644//716 539//716
f 539//716 644//716 673//716
f 539//717 673//717 538//717
f 538//717 673//717 675//717
f 538//718 675//718 537//718
f 537//718 675//718 677//718
f 537//719 677//719 536//719
f 536//719 677//719 679//719
f 536//720 679//720 535//720
f 535//720 679//720 681//720
f 535//721 681//721 534//721
f 534//721 681//721 683//721
f 534//722 683//722 533//722
f 533//722 683//722 685//722
f 533//723 685//723 532//723
f 532//723 685//723 687//723
f 532//724 687//724 531//724
f 531//724 687//724 689//724
f 531//725 689//725 530//725
f 530//725 689//725 691//725
f 530//726 691//726 529//726
f 529//726 691//726 693//726
f 529//727 693//727 528//727
f 528//727 693//727 695//727
f 528//728 695//728 527//728
f 527//728 695//728 696//728
f 527//729 696//729 526//729
f 526//729 696//729 694//729
f 526//730 694//730 525//730
f 525//730 694//730 692//730
f 525//731 692//731 524//731
f 524//731 692//731 690//731
f 524//732 690//732 523//732
f 523//732 690//732 688//732
f 523//733 688//733 522//733
f 522//733 688//733 686//733
f 522//734 686//734 521//734
f 521//734 686//734 684//734
f 521//735 684//735 520//735
f 520//735 684//735 682//735
f 520//736 682//736 519//736
f 519//736 682//736 680//736
f 519//737 680//737 518//737
f 518//737 680//737 678//737
f 518//738 678//738 517//738
f 517//738 678//738 676//738
f 517//739 676//739 516//739
f 516//739 676//739 674//739
f 516//740 674//740 515//740
f 515//740 674//740 643//740
f 697//741 698//741 569//741
f 569//742 698//742 699//742
f 569//743 699//743 570//743
f 570//744 699//744 700//744
f 570//745 700//745 642//745
f 642//746 700//746 701//746
f 642//747 701//747 641//747
f 641//748 701//748 702//748
f 641//749 702//749 640//749
f 640//750 702//750 703//750
f 640//751 703//751 639//751
f 639//752 703//752 704//752
f 639//753 704//753 638//753
f 638//754 704//754 705//754
f 638//755 705//755 637//755
f 637//756 705//756 706//756
f 637//757 706//757 636//757
f 636//758 706//758 707//758
f 636//759 707//759 635//759
f 635//760 707//760 708//760
f 635//761 708//761 634//761
f 634//762 708//762 709//762
f 634//763 709//763 633//763
f 633//764 709//764 710//764
f 633//765 710//765 632//765
f 632//766 710//766 711//766
f 632//767 711//767 631//767
f 631//768 711//768 712//768
f 631//769 712//769 630//769
f 630//770 712//770 713//770
f 630//771 713//771 629//771
f 629//772 713//772 714//772
f 629//773 714//773 628//773
f 628//774 714//774 715//774
f 628//775 715//775 627//775
f 627//776 715//776 716//776
f 627//777 716//777 626//777
f 626//778 716//778 717//778
f 626//779 717//779 625//779
f 625//780 717//780 718//780
f 625//781 718//781 624//781
f 624//782 718//782 719//782
f 624//783 719//783 623//783
f 623//784 719//784 720//784
f 623//785 720//785 622//785
f 622//786 720//786 721//786
f 622//787 721//787 621//787
f 621//788 721//788 722//788
f 621//789 722//789 620//789
f 620//790 722//790 723//790
f 620//791 723//791 619//791
f 619//792 723//792 724//792
f 619//793 724//793 618//793
f 618//794 724//794 725//794
f 618//795 725//795 617//795
f 617//796 725//796 726//796
f 617//797 726//797 616//797
f 616//798 726//798 727//798
f 616//799 727//799 615//799
f 615//800 727//800 728//800
f 615//801 728//801 614//801
f 614//802 728//802 729//802
f 614//803 729//803 613//803
f 613//804 729//804 730//804
f 613//805 730//805 612//805
f 612//806 730//806 731//806
f 612//807 731//807 611//807
f 611//808 731//808 732//808
f 611//809 732//809 610//809
f 610//810 732//810 733//810
f 610//811 733//811 609//811
f 609//812 733//812 734//812
f 609//813 734//813 608//813
f 608//814 734//814 735//814
f 608//815 735//815 607//815
f 607//816 735//816 736//816
f 607//817 736//817 606//817
f 606//818 736//818 737//818
f 606//819 737//819 605//819
f 605//820 737//820 738//820
f 605//821 738//821 604//821
f 604//822 738//822 739//822
f 604//823 739//823 603//823
f 603//824 739//824 740//824
f 603//825 740//825 602//825
f 602//826 740//826 741//826
f 602//827 741//827 601//827
f 601//828 741//828 742//828
f 601//829 742//829 600//829
f 600//830 742//830 743//830
f 600//831 743//831 599//831
f 599//832 743//832 744//832
f 599//833 744//833 598//833
f 598//834 744//834 745//834
f 598//835 745//835 597//835
f 597//836 745//836 746//836
f 597//837 746//837 596//837
f 596//838 746//838 747//838
f 596//839 747//839 595//839
f 595//840 747//840 748//840
f 595//841 748//841 594//841
f 594//842 748//842 749//842
f 594//843 749//843 593//843
f 593//844 749//844 750//844
f 593//845 750//845 592//845
f 592//846 750//846 751//846
f 592//847 751//847 591//847
f 591//848 751//848 752//848
f 591//849 752//849 590//849
f 590//850 752//850 753//850
f 590//851 753//851 589//851
f 589//852 753//852 754//852
f 589//853 754//853 588//853
f 588//854 754//854 755//854
f 588//855 755//855 587//855
f 587//856 755//856 756//856
f 587//857 756//857 586//857
f 586//858 756//858 757//858
f 586//859 757//859 585//859
f 585//860 757//860 758//860
f 585//861 758//861 584//861
f 584//862 758//862 759//862
f 584//863 759//863 583//863
f 583//864 759//864 760//864
f 583//865 760//865 582//865
f 582//866 760//866 761//866
f 582//867 761//867 581//867
f 581//868 761//868 762//868
f 581//869 762//869 580//869
f 580//870 762//870 763//870
f 580//871 763//871 579//871
f 579//872 763//872 764//872
f 579//873 764//873 578//873
f 578//874 764//874 765//874
f 578//875 765//875 577//875
f 577//876 765//876 766//876
f 577//877 766//877 576//877
f 576//878 766//878 767//878
f 576//879 767//879 575//879
f 575//880 767//880 768//880
f 575//881 768//881 574//881
f 574//882 768//882 769//882
f 574//883 769//883 573//883
f 573//884 769//884 770//884
f 573//885 770//885 572//885
f 572//886 770//886 771//886
f 572//887 771//887 571//887
f 571//888 771//888 772//888
f 571//889 772//889 568//889
f 568//890 772//890 697//890
f 568//891 697//891 569//891
f 697//892 773//892 698//892
f 698//892 773//892 774//892
f 698//893 774//893 699//893
f 699//893 774//893 775//893
f 699//894 775//894 700//894
f 700//894 775//894 776//894
f 700//895 776//895 701//895
f 701//895 776//895 777//895
f 701//896 777//896 702//896
f 702//896 777//896 778//896
f 702//897 778//897 703//897
f 703//897 778//897 779//897
f 703//898 779//898 704//898
f 704//898 779//898 780//898
f 704//899 780//899 705//899
f 705//899 780//899 781//899
f 705//900 781//900 706//900
f 706//900 781//900 782//900
f 706//901 782//901 707//901
f 707//901 782//901 783//901
f 707//902 783//902 708//902
f 708//902 783//902 784//902
f 708//903 784//903 709//903
f 709//903 784//903 785//903
f 709//904 785//904 710//904
f 710//904 785//904 786//904
f 710//905 786//905 711//905
f 711//905 786//905 787//905
f 711//906 787//906 712//906
f 712//906 787//906 788//906
f 712//907 788//907 713//907
f 713//907 788//907 789//907
f 713//908 789//908 714//908
f 714//908 789//908 790//908
f 714//909 790//909 715//909
f 715//909 790//909 791//909
f 715//910 791//910 716//910
f 716//910 791//910 792//910
f 716//911 792//911 717//911
f 717//911 792//911 793//911
f 717//912 793//912 718//912
f 718//912 793//912 794//912
f 718//913 794//913 719//913
f 719//913 794//913 795//913
f 719//914 795//914 720//914
f 720//914 795//914 796//914
f 720//915 796//915 721//915
f 721//915 796//915 797//915
f 721//916 797//916 722//916
f 722//916 797//916 798//916
f 722//917 798//917 723//917
f 723//917 798//917 799//917
f 723//918 799//918 724//918
f 724//918 799//918 800//918
f 724//919 800//919 725//919
f 725//919 800//919 801//919
f 725//920 801//920 726//920
f 726//920 801//920 802//920
f 726//921 802//921 727//921
f 727//921 802//921 803//921
f 727//922 803//922 728//922
f 728//922 803//922 804//922
f 728//923 804//923 729//923
f 729//923 804//923 805//923
f 729//924 805//924 730//924
f 730//924 805//924 806//924
f 730//925 806//925 731//925
f 731//925 806//925 807//925
f 731//926 807//926 732//926
f 732//926 807//926 808//926
f 732//927 808//927 733//927
f 733//927 808//927 809//927
f 733//928 809//928 734//928
f 734//928 809//928 810//928
f 734//929 810//929 735//929
f 735//929 810//929 811//929
f 735//930 811//930 736//930
f 736//930 811//930 812//930
f 736//931 812//931 737//931
f 737//931 812//931 813//931
f 737//932 813//932 738//932
f 738//932 813//932 814//932
f 738//933 814//933 739//933
f 739//933 814//933 815//933
f 739//934 815//934 740//934
f 740//934 815//934 816//934
f 740//935 816//935 741//935
f 741//935 816//935 817//935
f 741//936 817//936 742//936
f 742//936 817//936 818//936
f 742//937 818//937 743//937
f 743//937 818//937 819//937
f 743//938 819//938 744//938
f 744//938 819//938 820//938
f 744//939 820//939 745//939
f 745//939 820//939 821//939
f 745//940 821//940 746//940
f 746//940 821//940 822//940
f 746//941 822//941 747//941
f 747//941 822//941 823//941
f 747//942 823//942 748//942
f 748//942 823//942 824//942
f 748//943 824//943 749//943
f 749//943 824//943 825//943
f 749//944 825//944 750//944
f 750//944 825//944 826//944
f 750//945 826//945 751//945
f 751//945 826//945 827//945
f 751//946 827//946 752//946
f 752//946 827//946 828//946
f 752//947 828//947 753//947
f 753//947 828//947 829//947
f 753//948 829//948 754//948
f 754//948 829//948 830//948
f 754//949 830//949 755//949
f 755//949 830//949 831//949
f 755//950 831//950 756//950
f 756//950 831//950 832//950
f 756//951 832//951 757//951
f 757//951 832//951 833//951
f 757//952 833//952 758//952
f 758//952 833//952 834//952
f 758//953 834//953 759//953
f 759//953 834//953 835//953
f 759//954 835//954 760//954
f 760//954 835//954 836//954
f 760//955 836//955 761//955
f 761//955 836//955 837//955
f 761//956 837//956 762//956
f 762//956 837//956 838//956
f 762//957 838//957 763//957
f 763//957 838//957 839//957
f 763//958 839//958 764//958
f 764//958 839//958 840//958
f 764//959 840//959 765//959
f 765//959 840//959 841//959
f 765//960 841//960 766//960
f 766//960 841//960 842//960
f 766//961 842//961 767//961
f 767//961 842//961 843//961
f 767//962 843//962 768//962
f 768//962 843//962 844//962
f 768//963 844//963 769//963
f 769//963 844//963 845//963
f 769//964 845//964 770//964
f 770//964 845//964 846//964
f 770//965 846//965 771//965
f 771//965 846//965 847//965
f 771//966 847//966 772//966
f 772//966 847//966 848//966
f 772//967 848//967 697//967
f 697//967 848//967 773//967
f 773//968 813//968 774//968
f 774//968 813//968 812//968
f 774//968 812//968 775//968
f 775//968 812//968 811//968
f 775//968 811//968 776//968
f 776//968 811//968 810//968
f 776//968 810//968 777//968
f 777//968 810//968 809//968
f 777//968 809//968 778//968
f 778//968 809//968 808//968
f 778//968 808//968 779//968
f 779//968 808//968 807//968
f 779//968 807//968 780//968
f 780//968 807//968 806//968
f 780//968 806//968 781//968
f 781//968 806//968 805//968
f 781//968 805//968 782//968
f 782//968 805//968 804//968
f 782//968 804//968 783//968
f 783//968 804//968 803//968
f 783//968 803//968 784//968
f 784//968 803//968 802//968
f 784//968 802//968 785//968
f 785//968 802//968 801//968
f 785//968 801//968 786//968
f 786//968 801//968 800//968
f 786//968 800//968 787//968
f 787//968 800//968 799//968
f 787//968 799//968 788//968
f 788//968 799//968 798//968
f 788//968 798//968 789//968
f 789//968 798//968 797//968
f 789//968 797//968 790//968
f 790//968 797//968 796//968
f 790//968 796//968 791//968
f 791//968 796//968 795//968
f 791//968 795//968 792//968
f 792//968 795//968 794//968
f 792//968 794//968 793//968
f 813//968 773//968 814//968
f 814//968 773//968 848//968
f 814//968 848//968 815//968
f 815//968 848//968 847//968
f 815//968 847//968 816//968
f 816//968 847//968 846//968
f 816//968 846//968 817//968
f 817//968 846//968 845//968
f 817//968 845//968 818//968
f 818//968 845//968 844//968
f 818//968 844//968 819//968
f 819//968 844//968 843//968
f 819//968 843//968 820//968
f 820//968 843//968 842//968
f 820//968 842//968 821//968
f 821//968 842//968 841//968
f 821//968 841//968 822//968
f 822//968 841//968 840//968
f 822//968 840//968 823//968
f 823//968 840//968 839//968
f 823//968 839//968 824//968
f 824//968 839//968 838//968
f 824//968 838//968 825//968
f 825//968 838//968 837//968
f 825//968 837//968 826//968
f 826//968 837//968 836//968
f 826//968 836//968 827//968
f 827//968 836//968 835//968
f 827//968 835//968 828//968
f 828//968 835//968 834//968
f 828//968 834//968 829//968
f 829//968 834//968 833//968
f 829//968 833//968 830//968
f 830//968 833//968 832//968
f 830//968 832//968 831//968

###north_ide_processed
###lsh 513 514
###lsh 642 644
###lsh 566 513
###lsh 644 646
###lsh 565 566
###lsh 646 648
###lsh 564 565
###lsh 648 650
###lsh 563 564
###lsh 650 652
###lsh 562 563
###lsh 652 654
###lsh 561 562
###lsh 654 656
###lsh 560 561
###lsh 656 658
###lsh 559 560
###lsh 658 660
###lsh 558 559
###lsh 660 662
###lsh 557 558
###lsh 662 664
###lsh 556 557
###lsh 664 666
###lsh 555 556
###lsh 666 668
###lsh 554 555
###lsh 668 670
###lsh 553 554
###lsh 670 671
###lsh 552 553
###lsh 671 669
###lsh 551 552
###lsh 669 667
###lsh 550 551
###lsh 667 665
###lsh 549 550
###lsh 665 663
###lsh 548 549
###lsh 663 661
###lsh 547 548
###lsh 661 659
###lsh 546 547
###lsh 659 657
###lsh 545 546
###lsh 657 655
###lsh 544 545
###lsh 655 653
###lsh 543 544
###lsh 653 651
###lsh 542 543
###lsh 651 649
###lsh 541 542
###lsh 649 647
###lsh 540 541
###lsh 647 645
###lsh 539 540
###lsh 645 643
###lsh 538 539
###lsh 643 672
###lsh 537 538
###lsh 672 674
###lsh 536 537
###lsh 674 676
###lsh 535 536
###lsh 676 678
###lsh 534 535
###lsh 678 680
###lsh 533 534
###lsh 680 682
###lsh 532 533
###lsh 682 684
###lsh 531 532
###lsh 684 686
###lsh 530 531
###lsh 686 688
###lsh 529 530
###lsh 688 690
###lsh 528 529
###lsh 690 692
###lsh 527 528
###lsh 692 694
###lsh 526 527
###lsh 694 695
###lsh 525 526
###lsh 695 693
###lsh 524 525
###lsh 693 691
###lsh 523 524
###lsh 691 689
###lsh 522 523
###lsh 689 687
###lsh 521 522
###lsh 687 685
###lsh 520 521
###lsh 685 683
###lsh 519 520
###lsh 683 681
###lsh 518 519
###lsh 681 679
###lsh 517 518
###lsh 679 677
###lsh 516 517
###lsh 677 675
###lsh 515 516
###lsh 675 673
###lsh 514 515
###lsh 673 642
###lsh 569 568
###lsh 641 569
###lsh 640 641
###lsh 639 640
###lsh 638 639
###lsh 637 638
###lsh 636 637
###lsh 635 636
###lsh 634 635
###lsh 633 634
###lsh 632 633
###lsh 631 632
###lsh 630 631
###lsh 629 630
###lsh 628 629
###lsh 627 628
###lsh 626 627
###lsh 625 626
###lsh 624 625
###lsh 623 624
###lsh 622 623
###lsh 621 622
###lsh 620 621
###lsh 619 620
###lsh 618 619
###lsh 617 618
###lsh 616 617
###lsh 615 616
###lsh 614 615
###lsh 613 614
###lsh 612 613
###lsh 611 612
###lsh 610 611
###lsh 609 610
###lsh 608 609
###lsh 607 608
###lsh 606 607
###lsh 605 606
###lsh 604 605
###lsh 603 604
###lsh 602 603
###lsh 601 602
###lsh 600 601
###lsh 599 600
###lsh 598 599
###lsh 597 598
###lsh 596 597
###lsh 595 596
###lsh 594 595
###lsh 593 594
###lsh 592 593
###lsh 591 592
###lsh 590 591
###lsh 589 590
###lsh 588 589
###lsh 587 588
###lsh 586 587
###lsh 585 586
###lsh 584 585
###lsh 583 584
###lsh 582 583
###lsh 581 582
###lsh 580 581
###lsh 579 580
###lsh 578 579
###lsh 577 578
###lsh 576 577
###lsh 575 576
###lsh 574 575
###lsh 573 574
###lsh 572 573
###lsh 571 572
###lsh 570 571
###lsh 567 570
###lsh 568 567
###lsh 697 696
###lsh 698 697
###lsh 699 698
###lsh 700 699
###lsh 701 700
###lsh 702 701
###lsh 703 702
###lsh 704 703
###lsh 705 704
###lsh 706 705
###lsh 707 706
###lsh 708 707
###lsh 709 708
###lsh 710 709
###lsh 711 710
###lsh 712 711
###lsh 713 712
###lsh 714 713
###lsh 715 714
###lsh 716 715
###lsh 717 716
###lsh 718 717
###lsh 719 718
###lsh 720 719
###lsh 721 720
###lsh 722 721
###lsh 723 722
###lsh 724 723
###lsh 725 724
###lsh 726 725
###lsh 727 726
###lsh 728 727
###lsh 729 728
###lsh 730 729
###lsh 731 730
###lsh 732 731
###lsh 733 732
###lsh 734 733
###lsh 735 734
###lsh 736 735
###lsh 737 736
###lsh 738 737
###lsh 739 738
###lsh 740 739
###lsh 741 740
###lsh 742 741
###lsh 743 742
###lsh 744 743
###lsh 745 744
###lsh 746 745
###lsh 747 746
###lsh 748 747
###lsh 749 748
###lsh 750 749
###lsh 751 750
###lsh 752 751
###lsh 753 752
###lsh 754 753
###lsh 755 754
###lsh 756 755
###lsh 757 756
###lsh 758 757
###lsh 759 758
###lsh 760 759
###lsh 761 760
###lsh 762 761
###lsh 763 762
###lsh 764 763
###lsh 765 764
###lsh 766 765
###lsh 767 766
###lsh 768 767
###lsh 769 768
###lsh 770 769
###lsh 771 770
###lsh 696 771
###lsh 773 772
###lsh 812 811
###lsh 774 773
###lsh 811 810
###lsh 775 774
###lsh 810 809
###lsh 776 775
###lsh 809 808
###lsh 777 776
###lsh 808 807
###lsh 778 777
###lsh 807 806
###lsh 779 778
###lsh 806 805
###lsh 780 779
###lsh 805 804
###lsh 781 780
###lsh 804 803
###lsh 782 781
###lsh 803 802
###lsh 783 782
###lsh 802 801
###lsh 784 783
###lsh 801 800
###lsh 785 784
###lsh 800 799
###lsh 786 785
###lsh 799 798
###lsh 787 786
###lsh 798 797
###lsh 788 787
###lsh 797 796
###lsh 789 788
###lsh 796 795
###lsh 790 789
###lsh 795 794
###lsh 791 790
###lsh 794 793
###lsh 793 792
###lsh 792 791
###lsh 813 812
###lsh 772 847
###lsh 814 813
###lsh 847 846
###lsh 815 814
###lsh 846 845
###lsh 816 815
###lsh 845 844
###lsh 817 816
###lsh 844 843
###lsh 818 817
###lsh 843 842
###lsh 819 818
###lsh 842 841
###lsh 820 819
###lsh 841 840
###lsh 821 820
###lsh 840 839
###lsh 822 821
###lsh 839 838
###lsh 823 822
###lsh 838 837
###lsh 824 823
###lsh 837 836
###lsh 825 824
###lsh 836 835
###lsh 826 825
###lsh 835 834
###lsh 827 826
###lsh 834 833
###lsh 828 827
###lsh 833 832
###lsh 829 828
###lsh 832 831
###lsh 831 830
###lsh 830 829
###lsm 2 1
###lsm 2 3
###lsm 4 3
###lsm 4 5
###lsm 6 5
###lsm 6 7
###lsm 8 7
###lsm 8 9
###lsm 10 9
###lsm 10 11
###lsm 12 11
###lsm 12 13
###lsm 1 0
###lsm 15 0
###lsm 15 16
###lsm 17 16
###lsm 17 18
###lsm 19 18
###lsm 19 20
###lsm 21 20
###lsm 21 22
###lsm 23 22
###lsm 23 24
###lsm 25 24
###lsm 25 26
###lsm 27 26
###lsm 27 28
###lsm 29 28
###lsm 29 30
###lsm 31 30
###lsm 31 32
###lsm 33 32
###lsm 33 34
###lsm 35 34
###lsm 35 36
###lsm 37 36
###lsm 37 38
###lsm 39 38
###lsm 39 40
###lsm 41 40
###lsm 41 42
###lsm 43 42
###lsm 43 44
###lsm 45 44
###lsm 45 46
###lsm 47 46
###lsm 47 48
###lsm 49 48
###lsm 49 50
###lsm 51 50
###lsm 52 50
###lsm 52 53
###lsm 54 53
###lsm 54 55
###lsm 56 55
###lsm 56 57
###lsm 58 57
###lsm 58 59
###lsm 60 59
###lsm 60 61
###lsm 62 61
###lsm 62 63
###lsm 64 63
###lsm 64 65
###lsm 66 65
###lsm 66 67
###lsm 68 67
###lsm 68 69
###lsm 70 69
###lsm 70 71
###lsm 72 71
###lsm 72 73
###lsm 74 73
###lsm 74 75
###lsm 76 75
###lsm 76 77
###lsm 78 77
###lsm 78 79
###lsm 80 79
###lsm 80 81
###lsm 82 81
###lsm 82 83
###lsm 84 83
###lsm 84 85
###lsm 86 85
###lsm 86 87
###lsm 88 87
###lsm 88 89
###lsm 90 89
###lsm 90 91
###lsm 92 91
###lsm 92 93
###lsm 94 93
###lsm 94 95
###lsm 96 95
###lsm 96 97
###lsm 98 97
###lsm 98 99
###lsm 100 99
###lsm 100 101
###lsm 102 101
###lsm 102 103
###lsm 104 103
###lsm 104 105
###lsm 106 105
###lsm 106 107
###lsm 108 107
###lsm 108 109
###lsm 110 109
###lsm 110 111
###lsm 112 111
###lsm 112 113
###lsm 114 113
###lsm 114 115
###lsm 116 115
###lsm 116 117
###lsm 118 117
###lsm 118 119
###lsm 120 119
###lsm 120 121
###lsm 122 121
###lsm 122 123
###lsm 124 123
###lsm 124 125
###lsm 126 125
###lsm 126 127
###lsm 128 127
###lsm 128 129
###lsm 130 129
###lsm 130 131
###lsm 132 131
###lsm 132 133
###lsm 134 133
###lsm 134 135
###lsm 136 135
###lsm 136 137
###lsm 138 137
###lsm 138 139
###lsm 140 139
###lsm 140 141
###lsm 142 141
###lsm 142 143
###lsm 144 143
###lsm 144 145
###lsm 146 145
###lsm 146 147
###lsm 148 147
###lsm 148 149
###lsm 150 149
###lsm 150 151
###lsm 152 151
###lsm 152 153
###lsm 154 153
###lsm 154 155
###lsm 14 155
###lsm 12 14
###lsm 42 40
###lsm 42 156
###lsm 42 157
###lsm 44 42
###lsm 44 157
###lsm 44 158
###lsm 46 44
###lsm 46 158
###lsm 46 159
###lsm 48 46
###lsm 48 159
###lsm 48 160
###lsm 50 48
###lsm 50 160
###lsm 53 50
###lsm 157 156
###lsm 157 161
###lsm 157 162
###lsm 158 157
###lsm 158 162
###lsm 158 163
###lsm 159 158
###lsm 159 163
###lsm 159 164
###lsm 160 159
###lsm 160 164
###lsm 160 165
###lsm 53 160
###lsm 53 165
###lsm 55 53
###lsm 162 161
###lsm 162 166
###lsm 162 167
###lsm 163 162
###lsm 163 167
###lsm 163 168
###lsm 164 163
###lsm 164 168
###lsm 164 169
###lsm 165 164
###lsm 165 169
###lsm 165 170
###lsm 55 165
###lsm 55 170
###lsm 57 55
###lsm 167 166
###lsm 167 171
###lsm 167 172
###lsm 168 167
###lsm 168 172
###lsm 168 173
###lsm 169 168
###lsm 169 173
###lsm 169 174
###lsm 170 169
###lsm 170 174
###lsm 170 175
###lsm 57 170
###lsm 57 175
###lsm 59 57
###lsm 172 171
###lsm 172 176
###lsm 172 177
###lsm 173 172
###lsm 173 177
###lsm 173 178
###lsm 174 173
###lsm 174 178
###lsm 174 179
###lsm 175 174
###lsm 175 179
###lsm 175 180
###lsm 59 175
###lsm 59 180
###lsm 61 59
###lsm 177 176
###lsm 177 181
###lsm 177 182
###lsm 178 177
###lsm 178 182
###lsm 178 183
###lsm 179 178
###lsm 179 183
###lsm 179 184
###lsm 180 179
###lsm 180 184
###lsm 180 185
###lsm 61 180
###lsm 61 185
###lsm 63 61
###lsm 182 181
###lsm 182 186
###lsm 182 187
###lsm 183 182
###lsm 183 187
###lsm 183 188
###lsm 184 183
###lsm 184 188
###lsm 184 189
###lsm 185 184
###lsm 185 189
###lsm 185 190
###lsm 63 185
###lsm 63 190
###lsm 65 63
###lsm 187 186
###lsm 187 191
###lsm 187 192
###lsm 188 187
###lsm 188 192
###lsm 188 193
###lsm 189 188
###lsm 189 193
###lsm 189 194
###lsm 190 189
###lsm 190 194
###lsm 190 195
###lsm 65 190
###lsm 65 195
###lsm 67 65
###lsm 192 191
###lsm 192 196
###lsm 192 197
###lsm 193 192
###lsm 193 197
###lsm 193 198
###lsm 194 193
###lsm 194 198
###lsm 194 199
###lsm 195 194
###lsm 195 199
###lsm 195 200
###lsm 67 195
###lsm 67 200
###lsm 69 67
###lsm 197 196
###lsm 197 201
###lsm 197 202
###lsm 198 197
###lsm 198 202
###lsm 198 203
###lsm 199 198
###lsm 199 203
###lsm 199 204
###lsm 200 199
###lsm 200 204
###lsm 200 205
###lsm 69 200
###lsm 69 205
###lsm 71 69
###lsm 202 201
###lsm 202 206
###lsm 202 207
###lsm 203 202
###lsm 203 207
###lsm 203 208
###lsm 204 203
###lsm 204 208
###lsm 204 209
###lsm 205 204
###lsm 205 209
###lsm 205 210
###lsm 71 205
###lsm 71 210
###lsm 73 71
###lsm 207 206
###lsm 207 211
###lsm 207 212
###lsm 208 207
###lsm 208 212
###lsm 208 213
###lsm 209 208
###lsm 209 213
###lsm 209 214
###lsm 210 209
###lsm 210 214
###lsm 210 215
###lsm 73 210
###lsm 73 215
###lsm 75 73
###lsm 212 211
###lsm 212 216
###lsm 212 217
###lsm 213 212
###lsm 213 217
###lsm 213 218
###lsm 214 213
###lsm 214 218
###lsm 214 219
###lsm 215 214
###lsm 215 219
###lsm 215 220
###lsm 75 215
###lsm 75 220
###lsm 77 75
###lsm 217 216
###lsm 217 221
###lsm 217 222
###lsm 218 217
###lsm 218 222
###lsm 218 223
###lsm 219 218
###lsm 219 223
###lsm 219 224
###lsm 220 219
###lsm 220 224
###lsm 220 225
###lsm 77 220
###lsm 77 225
###lsm 79 77
###lsm 222 221
###lsm 226 221
###lsm 226 227
###lsm 228 227
###lsm 228 229
###lsm 230 229
###lsm 230 231
###lsm 232 231
###lsm 232 233
###lsm 234 233
###lsm 234 235
###lsm 236 235
###lsm 236 237
###lsm 238 237
###lsm 238 239
###lsm 240 239
###lsm 240 241
###lsm 242 241
###lsm 242 243
###lsm 244 243
###lsm 244 245
###lsm 246 245
###lsm 246 247
###lsm 248 247
###lsm 248 249
###lsm 250 249
###lsm 250 251
###lsm 252 251
###lsm 252 253
###lsm 254 253
###lsm 254 255
###lsm 256 255
###lsm 256 257
###lsm 258 257
###lsm 258 259
###lsm 107 259
###lsm 109 107
###lsm 253 251
###lsm 253 260
###lsm 253 261
###lsm 255 253
###lsm 255 261
###lsm 255 262
###lsm 257 255
###lsm 257 262
###lsm 257 263
###lsm 259 257
###lsm 259 263
###lsm 259 264
###lsm 109 259
###lsm 109 264
###lsm 111 109
###lsm 261 260
###lsm 261 265
###lsm 261 266
###lsm 262 261
###lsm 262 266
###lsm 262 267
###lsm 263 262
###lsm 263 267
###lsm 263 268
###lsm 264 263
###lsm 264 268
###lsm 264 269
###lsm 111 264
###lsm 111 269
###lsm 113 111
###lsm 266 265
###lsm 266 270
###lsm 266 271
###lsm 267 266
###lsm 267 271
###lsm 267 272
###lsm 268 267
###lsm 268 272
###lsm 268 273
###lsm 269 268
###lsm 269 273
###lsm 269 274
###lsm 113 269
###lsm 113 274
###lsm 115 113
###lsm 271 270
###lsm 271 275
###lsm 271 276
###lsm 272 271
###lsm 272 276
###lsm 272 277
###lsm 273 272
###lsm 273 277
###lsm 273 278
###lsm 274 273
###lsm 274 278
###lsm 274 279
###lsm 115 274
###lsm 115 279
###lsm 117 115
###lsm 276 275
###lsm 276 280
###lsm 276 281
###lsm 277 276
###lsm 277 281
###lsm 277 282
###lsm 278 277
###lsm 278 282
###lsm 278 283
###lsm 279 278
###lsm 279 283
###lsm 279 284
###lsm 117 279
###lsm 117 284
###lsm 119 117
###lsm 281 280
###lsm 281 285
###lsm 281 286
###lsm 282 281
###lsm 282 286
###lsm 282 287
###lsm 283 282
###lsm 283 287
###lsm 283 288
###lsm 284 283
###lsm 284 288
###lsm 284 289
###lsm 119 284
###lsm 119 289
###lsm 121 119
###lsm 286 285
###lsm 286 290
###lsm 286 291
###lsm 287 286
###lsm 287 291
###lsm 287 292
###lsm 288 287
###lsm 288 292
###lsm 288 293
###lsm 289 288
###lsm 289 293
###lsm 289 294
###lsm 121 289
###lsm 121 294
###lsm 123 121
###lsm 291 290
###lsm 291 295
###lsm 291 296
###lsm 292 291
###lsm 292 296
###lsm 292 297
###lsm 293 292
###lsm 293 297
###lsm 293 298
###lsm 294 293
###lsm 294 298
###lsm 294 299
###lsm 123 294
###lsm 123 299
###lsm 125 123
###lsm 296 295
###lsm 296 300
###lsm 296 301
###lsm 297 296
###lsm 297 301
###lsm 297 302
###lsm 298 297
###lsm 298 302
###lsm 298 303
###lsm 299 298
###lsm 299 303
###lsm 299 304
###lsm 125 299
###lsm 125 304
###lsm 127 125
###lsm 301 300
###lsm 301 305
###lsm 301 306
###lsm 302 301
###lsm 302 306
###lsm 302 307
###lsm 303 302
###lsm 303 307
###lsm 303 308
###lsm 304 303
###lsm 304 308
###lsm 304 309
###lsm 127 304
###lsm 127 309
###lsm 129 127
###lsm 306 305
###lsm 306 310
###lsm 306 311
###lsm 307 306
###lsm 307 311
###lsm 307 312
###lsm 308 307
###lsm 308 312
###lsm 308 313
###lsm 309 308
###lsm 309 313
###lsm 309 314
###lsm 129 309
###lsm 129 314
###lsm 131 129
###lsm 311 310
###lsm 311 315
###lsm 311 316
###lsm 312 311
###lsm 312 316
###lsm 312 317
###lsm 313 312
###lsm 313 317
###lsm 313 318
###lsm 314 313
###lsm 314 318
###lsm 314 319
###lsm 131 314
###lsm 131 319
###lsm 133 131
###lsm 316 315
###lsm 316 320
###lsm 316 321
###lsm 317 316
###lsm 317 321
###lsm 317 322
###lsm 318 317
###lsm 318 322
###lsm 318 323
###lsm 319 318
###lsm 319 323
###lsm 319 324
###lsm 133 319
###lsm 133 324
###lsm 135 133
###lsm 321 320
###lsm 321 325
###lsm 321 326
###lsm 322 321
###lsm 322 326
###lsm 322 327
###lsm 323 322
###lsm 323 327
###lsm 323 328
###lsm 324 323
###lsm 324 328
###lsm 324 329
###lsm 135 324
###lsm 135 329
###lsm 137 135
###lsm 326 325
###lsm 330 325
###lsm 330 331
###lsm 332 331
###lsm 332 333
###lsm 334 333
###lsm 334 335
###lsm 336 335
###lsm 336 337
###lsm 338 337
###lsm 338 339
###lsm 340 339
###lsm 340 341
###lsm 342 341
###lsm 342 343
###lsm 344 343
###lsm 344 345
###lsm 346 345
###lsm 346 347
###lsm 348 347
###lsm 348 349
###lsm 350 349
###lsm 350 351
###lsm 352 351
###lsm 352 353
###lsm 354 353
###lsm 354 355
###lsm 4 355
###lsm 2 4
###lsm 49 51
###lsm 49 356
###lsm 49 357
###lsm 47 49
###lsm 47 357
###lsm 47 358
###lsm 45 47
###lsm 45 358
###lsm 45 359
###lsm 43 45
###lsm 43 359
###lsm 43 360
###lsm 41 43
###lsm 41 360
###lsm 39 41
###lsm 357 356
###lsm 357 361
###lsm 357 362
###lsm 358 357
###lsm 358 362
###lsm 358 363
###lsm 359 358
###lsm 359 363
###lsm 359 364
###lsm 360 359
###lsm 360 364
###lsm 360 365
###lsm 39 360
###lsm 39 365
###lsm 37 39
###lsm 362 361
###lsm 362 366
###lsm 362 367
###lsm 363 362
###lsm 363 367
###lsm 363 368
###lsm 364 363
###lsm 364 368
###lsm 364 369
###lsm 365 364
###lsm 365 369
###lsm 365 370
###lsm 37 365
###lsm 37 370
###lsm 35 37
###lsm 367 366
###lsm 367 371
###lsm 367 372
###lsm 368 367
###lsm 368 372
###lsm 368 373
###lsm 369 368
###lsm 369 373
###lsm 369 374
###lsm 370 369
###lsm 370 374
###lsm 370 375
###lsm 35 370
###lsm 35 375
###lsm 33 35
###lsm 372 371
###lsm 372 376
###lsm 372 377
###lsm 373 372
###lsm 373 377
###lsm 373 378
###lsm 374 373
###lsm 374 378
###lsm 374 379
###lsm 375 374
###lsm 375 379
###lsm 375 380
###lsm 33 375
###lsm 33 380
###lsm 31 33
###lsm 377 376
###lsm 377 381
###lsm 377 382
###lsm 378 377
###lsm 378 382
###lsm 378 383
###lsm 379 378
###lsm 379 383
###lsm 379 384
###lsm 380 379
###lsm 380 384
###lsm 380 385
###lsm 31 380
###lsm 31 385
###lsm 29 31
###lsm 382 381
###lsm 382 386
###lsm 382 387
###lsm 383 382
###lsm 383 387
###lsm 383 388
###lsm 384 383
###lsm 384 388
###lsm 384 389
###lsm 385 384
###lsm 385 389
###lsm 385 390
###lsm 29 385
###lsm 29 390
###lsm 27 29
###lsm 387 386
###lsm 387 391
###lsm 387 392
###lsm 388 387
###lsm 388 392
###lsm 388 393
###lsm 389 388
###lsm 389 393
###lsm 389 394
###lsm 390 389
###lsm 390 394
###lsm 390 395
###lsm 27 390
###lsm 27 395
###lsm 25 27
###lsm 392 391
###lsm 392 396
###lsm 392 397
###lsm 393 392
###lsm 393 397
###lsm 393 398
###lsm 394 393
###lsm 394 398
###lsm 394 399
###lsm 395 394
###lsm 395 399
###lsm 395 400
###lsm 25 395
###lsm 25 400
###lsm 23 25
###lsm 397 396
###lsm 397 401
###lsm 397 402
###lsm 398 397
###lsm 398 402
###lsm 398 403
###lsm 399 398
###lsm 399 403
###lsm 399 404
###lsm 400 399
###lsm 400 404
###lsm 400 405
###lsm 23 400
###lsm 23 405
###lsm 21 23
###lsm 402 401
###lsm 402 406
###lsm 402 407
###lsm 403 402
###lsm 403 407
###lsm 403 408
###lsm 404 403
###lsm 404 408
###lsm 404 409
###lsm 405 404
###lsm 405 409
###lsm 405 410
###lsm 21 405
###lsm 21 410
###lsm 19 21
###lsm 407 406
###lsm 407 411
###lsm 407 412
###lsm 408 407
###lsm 408 412
###lsm 408 413
###lsm 409 408
###lsm 409 413
###lsm 409 414
###lsm 410 409
###lsm 410 414
###lsm 410 415
###lsm 19 410
###lsm 19 415
###lsm 17 19
###lsm 412 411
###lsm 412 416
###lsm 412 417
###lsm 413 412
###lsm 413 417
###lsm 413 418
###lsm 414 413
###lsm 414 418
###lsm 414 419
###lsm 415 414
###lsm 415 419
###lsm 415 420
###lsm 17 415
###lsm 17 420
###lsm 15 17
###lsm 417 416
###lsm 417 421
###lsm 417 422
###lsm 418 417
###lsm 418 422
###lsm 418 423
###lsm 419 418
###lsm 419 423
###lsm 419 424
###lsm 420 419
###lsm 420 424
###lsm 420 425
###lsm 15 420
###lsm 15 425
###lsm 1 15
###lsm 422 421
###lsm 422 426
###lsm 422 427
###lsm 423 422
###lsm 423 427
###lsm 423 428
###lsm 424 423
###lsm 424 428
###lsm 424 429
###lsm 425 424
###lsm 425 429
###lsm 425 430
###lsm 1 425
###lsm 1 430
###lsm 3 1
###lsm 427 426
###lsm 427 431
###lsm 427 432
###lsm 428 427
###lsm 428 432
###lsm 428 433
###lsm 429 428
###lsm 429 433
###lsm 429 434
###lsm 430 429
###lsm 430 434
###lsm 430 5
###lsm 5 3
###lsm 3 430
###lsm 432 431
###lsm 432 435
###lsm 432 436
###lsm 433 432
###lsm 433 436
###lsm 433 437
###lsm 434 433
###lsm 434 437
###lsm 434 7
###lsm 7 5
###lsm 5 434
###lsm 436 435
###lsm 436 438
###lsm 436 439
###lsm 437 436
###lsm 437 439
###lsm 437 9
###lsm 9 7
###lsm 7 437
###lsm 439 438
###lsm 439 440
###lsm 439 11
###lsm 11 9
###lsm 9 439
###lsm 13 11
###lsm 11 440
###lsm 236 238
###lsm 236 441
###lsm 236 442
###lsm 234 236
###lsm 234 442
###lsm 234 443
###lsm 232 234
###lsm 232 443
###lsm 232 444
###lsm 230 232
###lsm 230 444
###lsm 230 445
###lsm 228 230
###lsm 228 445
###lsm 228 446
###lsm 226 228
###lsm 226 446
###lsm 226 223
###lsm 223 222
###lsm 222 226
###lsm 442 441
###lsm 442 447
###lsm 442 448
###lsm 443 442
###lsm 443 448
###lsm 443 449
###lsm 444 443
###lsm 444 449
###lsm 444 450
###lsm 445 444
###lsm 445 450
###lsm 445 451
###lsm 446 445
###lsm 446 451
###lsm 446 224
###lsm 224 223
###lsm 223 446
###lsm 441 238
###lsm 452 238
###lsm 238 240
###lsm 452 240
###lsm 453 240
###lsm 240 242
###lsm 453 242
###lsm 454 242
###lsm 242 244
###lsm 454 244
###lsm 455 244
###lsm 244 246
###lsm 455 246
###lsm 456 246
###lsm 246 248
###lsm 456 248
###lsm 457 248
###lsm 248 250
###lsm 457 250
###lsm 458 250
###lsm 250 252
###lsm 458 252
###lsm 252 254
###lsm 448 447
###lsm 448 459
###lsm 448 460
###lsm 449 448
###lsm 449 460
###lsm 449 461
###lsm 450 449
###lsm 450 461
###lsm 450 462
###lsm 451 450
###lsm 451 462
###lsm 451 225
###lsm 225 224
###lsm 224 451
###lsm 447 441
###lsm 463 441
###lsm 441 452
###lsm 463 452
###lsm 464 452
###lsm 452 453
###lsm 464 453
###lsm 465 453
###lsm 453 454
###lsm 465 454
###lsm 466 454
###lsm 454 455
###lsm 466 455
###lsm 467 455
###lsm 455 456
###lsm 467 456
###lsm 468 456
###lsm 456 457
###lsm 468 457
###lsm 469 457
###lsm 457 458
###lsm 469 458
###lsm 470 458
###lsm 458 254
###lsm 470 254
###lsm 254 256
###lsm 460 459
###lsm 460 85
###lsm 85 83
###lsm 460 83
###lsm 461 460
###lsm 461 83
###lsm 83 81
###lsm 461 81
###lsm 462 461
###lsm 462 81
###lsm 81 79
###lsm 462 79
###lsm 79 225
###lsm 225 462
###lsm 459 447
###lsm 471 447
###lsm 447 463
###lsm 471 463
###lsm 472 463
###lsm 463 464
###lsm 472 464
###lsm 473 464
###lsm 464 465
###lsm 473 465
###lsm 474 465
###lsm 465 466
###lsm 474 466
###lsm 475 466
###lsm 466 467
###lsm 475 467
###lsm 476 467
###lsm 467 468
###lsm 476 468
###lsm 477 468
###lsm 468 469
###lsm 477 469
###lsm 478 469
###lsm 469 470
###lsm 478 470
###lsm 479 470
###lsm 470 256
###lsm 479 256
###lsm 256 258
###lsm 85 459
###lsm 87 85
###lsm 87 459
###lsm 459 471
###lsm 87 471
###lsm 89 87
###lsm 89 471
###lsm 471 472
###lsm 89 472
###lsm 91 89
###lsm 91 472
###lsm 472 473
###lsm 91 473
###lsm 93 91
###lsm 93 473
###lsm 473 474
###lsm 93 474
###lsm 95 93
###lsm 95 474
###lsm 474 475
###lsm 95 475
###lsm 97 95
###lsm 97 475
###lsm 475 476
###lsm 97 476
###lsm 99 97
###lsm 99 476
###lsm 476 477
###lsm 99 477
###lsm 101 99
###lsm 101 477
###lsm 477 478
###lsm 101 478
###lsm 103 101
###lsm 103 478
###lsm 478 479
###lsm 103 479
###lsm 105 103
###lsm 105 479
###lsm 479 258
###lsm 105 258
###lsm 258 107
###lsm 107 105
###lsm 330 332
###lsm 330 480
###lsm 330 327
###lsm 327 326
###lsm 326 330
###lsm 327 480
###lsm 328 327
###lsm 328 480
###lsm 328 481
###lsm 329 328
###lsm 329 481
###lsm 329 482
###lsm 137 329
###lsm 137 482
###lsm 139 137
###lsm 480 332
###lsm 483 332
###lsm 332 334
###lsm 483 334
###lsm 484 334
###lsm 334 336
###lsm 484 336
###lsm 485 336
###lsm 336 338
###lsm 485 338
###lsm 486 338
###lsm 338 340
###lsm 486 340
###lsm 487 340
###lsm 340 342
###lsm 487 342
###lsm 488 342
###lsm 342 344
###lsm 488 344
###lsm 489 344
###lsm 344 346
###lsm 489 346
###lsm 490 346
###lsm 346 348
###lsm 490 348
###lsm 491 348
###lsm 348 350
###lsm 491 350
###lsm 492 350
###lsm 350 352
###lsm 492 352
###lsm 493 352
###lsm 352 354
###lsm 493 354
###lsm 6 354
###lsm 354 4
###lsm 4 6
###lsm 480 483
###lsm 481 480
###lsm 481 483
###lsm 481 494
###lsm 482 481
###lsm 482 494
###lsm 482 495
###lsm 139 482
###lsm 139 495
###lsm 141 139
###lsm 494 483
###lsm 483 484
###lsm 494 484
###lsm 496 484
###lsm 484 485
###lsm 496 485
###lsm 497 485
###lsm 485 486
###lsm 497 486
###lsm 498 486
###lsm 486 487
###lsm 498 487
###lsm 499 487
###lsm 487 488
###lsm 499 488
###lsm 500 488
###lsm 488 489
###lsm 500 489
###lsm 501 489
###lsm 489 490
###lsm 501 490
###lsm 502 490
###lsm 490 491
###lsm 502 491
###lsm 503 491
###lsm 491 492
###lsm 503 492
###lsm 504 492
###lsm 492 493
###lsm 504 493
###lsm 8 493
###lsm 493 6
###lsm 6 8
###lsm 494 496
###lsm 495 494
###lsm 495 496
###lsm 495 505
###lsm 141 495
###lsm 141 505
###lsm 143 141
###lsm 505 496
###lsm 496 497
###lsm 505 497
###lsm 506 497
###lsm 497 498
###lsm 506 498
###lsm 507 498
###lsm 498 499
###lsm 507 499
###lsm 508 499
###lsm 499 500
###lsm 508 500
###lsm 509 500
###lsm 500 501
###lsm 509 501
###lsm 510 501
###lsm 501 502
###lsm 510 502
###lsm 511 502
###lsm 502 503
###lsm 511 503
###lsm 512 503
###lsm 503 504
###lsm 512 504
###lsm 10 504
###lsm 504 8
###lsm 8 10
###lsm 145 143
###lsm 506 143
###lsm 143 505
###lsm 505 506
###lsm 145 506
###lsm 506 507
###lsm 147 145
###lsm 145 507
###lsm 147 507
###lsm 507 508
###lsm 149 147
###lsm 147 508
###lsm 149 508
###lsm 508 509
###lsm 151 149
###lsm 149 509
###lsm 151 509
###lsm 509 510
###lsm 153 151
###lsm 151 510
###lsm 153 510
###lsm 510 511
###lsm 155 153
###lsm 153 511
###lsm 155 511
###lsm 511 512
###lsm 12 155
###lsm 155 512
###lsm 12 512
###lsm 512 10
###lsm 10 12
###lsm 0 2
###lsm 513 2
###lsm 2 355
###lsm 513 355
###lsm 514 355
###lsm 355 353
###lsm 514 353
###lsm 515 353
###lsm 353 351
###lsm 515 351
###lsm 516 351
###lsm 351 349
###lsm 516 349
###lsm 517 349
###lsm 349 347
###lsm 517 347
###lsm 347 345
###lsm 517 345
###lsm 518 345
###lsm 345 343
###lsm 518 343
###lsm 519 343
###lsm 343 341
###lsm 519 341
###lsm 520 341
###lsm 341 339
###lsm 520 339
###lsm 339 337
###lsm 520 337
###lsm 521 337
###lsm 337 335
###lsm 521 335
###lsm 522 335
###lsm 335 333
###lsm 522 333
###lsm 523 333
###lsm 333 331
###lsm 523 331
###lsm 524 331
###lsm 331 325
###lsm 524 325
###lsm 325 320
###lsm 524 320
###lsm 525 320
###lsm 320 315
###lsm 525 315
###lsm 526 315
###lsm 315 310
###lsm 526 310
###lsm 527 310
###lsm 310 305
###lsm 527 305
###lsm 305 300
###lsm 527 300
###lsm 528 300
###lsm 300 295
###lsm 528 295
###lsm 529 295
###lsm 295 290
###lsm 529 290
###lsm 530 290
###lsm 290 285
###lsm 530 285
###lsm 531 285
###lsm 285 280
###lsm 531 280
###lsm 280 275
###lsm 531 275
###lsm 532 275
###lsm 275 270
###lsm 532 270
###lsm 533 270
###lsm 270 265
###lsm 533 265
###lsm 534 265
###lsm 265 260
###lsm 534 260
###lsm 535 260
###lsm 260 251
###lsm 535 251
###lsm 251 249
###lsm 535 249
###lsm 536 249
###lsm 249 247
###lsm 536 247
###lsm 537 247
###lsm 247 245
###lsm 537 245
###lsm 538 245
###lsm 245 243
###lsm 538 243
###lsm 243 241
###lsm 538 241
###lsm 539 241
###lsm 241 239
###lsm 539 239
###lsm 540 239
###lsm 239 237
###lsm 540 237
###lsm 541 237
###lsm 237 235
###lsm 541 235
###lsm 542 235
###lsm 235 233
###lsm 542 233
###lsm 233 231
###lsm 542 231
###lsm 543 231
###lsm 231 229
###lsm 543 229
###lsm 544 229
###lsm 229 227
###lsm 544 227
###lsm 545 227
###lsm 227 221
###lsm 545 221
###lsm 221 216
###lsm 545 216
###lsm 546 216
###lsm 216 211
###lsm 546 211
###lsm 547 211
###lsm 211 206
###lsm 547 206
###lsm 548 206
###lsm 206 201
###lsm 548 201
###lsm 549 201
###lsm 201 196
###lsm 549 196
###lsm 196 191
###lsm 549 191
###lsm 550 191
###lsm 191 186
###lsm 550 186
###lsm 551 186
###lsm 186 181
###lsm 551 181
###lsm 552 181
###lsm 181 176
###lsm 552 176
###lsm 553 176
###lsm 176 171
###lsm 553 171
###lsm 171 166
###lsm 553 166
###lsm 554 166
###lsm 166 161
###lsm 554 161
###lsm 555 161
###lsm 161 156
###lsm 555 156
###lsm 556 156
###lsm 156 40
###lsm 556 40
###lsm 40 38
###lsm 556 38
###lsm 557 38
###lsm 38 36
###lsm 557 36
###lsm 558 36
###lsm 36 34
###lsm 558 34
###lsm 559 34
###lsm 34 32
###lsm 559 32
###lsm 560 32
###lsm 32 30
###lsm 560 30
###lsm 30 28
###lsm 560 28
###lsm 561 28
###lsm 28 26
###lsm 561 26
###lsm 562 26
###lsm 26 24
###lsm 562 24
###lsm 563 24
###lsm 24 22
###lsm 563 22
###lsm 22 20
###lsm 563 20
###lsm 564 20
###lsm 20 18
###lsm 564 18
###lsm 565 18
###lsm 18 16
###lsm 565 16
###lsm 566 16
###lsm 16 0
###lsm 566 0
###lsm 0 513
###lsm 13 440
###lsm 13 567
###lsm 13 568
###lsm 567 440
###lsm 570 440
###lsm 440 438
###lsm 570 438
###lsm 571 438
###lsm 438 435
###lsm 571 435
###lsm 572 435
###lsm 435 431
###lsm 572 431
###lsm 573 431
###lsm 431 426
###lsm 573 426
###lsm 574 426
###lsm 426 421
###lsm 574 421
###lsm 575 421
###lsm 421 416
###lsm 575 416
###lsm 576 416
###lsm 416 411
###lsm 576 411
###lsm 577 411
###lsm 411 406
###lsm 577 406
###lsm 578 406
###lsm 406 401
###lsm 578 401
###lsm 579 401
###lsm 401 396
###lsm 579 396
###lsm 580 396
###lsm 396 391
###lsm 580 391
###lsm 581 391
###lsm 391 386
###lsm 581 386
###lsm 582 386
###lsm 386 381
###lsm 582 381
###lsm 583 381
###lsm 381 376
###lsm 583 376
###lsm 584 376
###lsm 376 371
###lsm 584 371
###lsm 585 371
###lsm 371 366
###lsm 585 366
###lsm 586 366
###lsm 366 361
###lsm 586 361
###lsm 587 361
###lsm 361 356
###lsm 587 356
###lsm 588 356
###lsm 356 51
###lsm 588 51
###lsm 589 51
###lsm 51 52
###lsm 589 52
###lsm 590 52
###lsm 52 54
###lsm 590 54
###lsm 591 54
###lsm 54 56
###lsm 591 56
###lsm 592 56
###lsm 56 58
###lsm 592 58
###lsm 593 58
###lsm 58 60
###lsm 593 60
###lsm 594 60
###lsm 60 62
###lsm 594 62
###lsm 595 62
###lsm 62 64
###lsm 595 64
###lsm 596 64
###lsm 64 66
###lsm 596 66
###lsm 597 66
###lsm 66 68
###lsm 597 68
###lsm 598 68
###lsm 68 70
###lsm 598 70
###lsm 599 70
###lsm 70 72
###lsm 599 72
###lsm 600 72
###lsm 72 74
###lsm 600 74
###lsm 601 74
###lsm 74 76
###lsm 601 76
###lsm 602 76
###lsm 76 78
###lsm 602 78
###lsm 603 78
###lsm 78 80
###lsm 603 80
###lsm 604 80
###lsm 80 82
###lsm 604 82
###lsm 605 82
###lsm 82 84
###lsm 605 84
###lsm 606 84
###lsm 84 86
###lsm 606 86
###lsm 607 86
###lsm 86 88
###lsm 607 88
###lsm 608 88
###lsm 88 90
###lsm 608 90
###lsm 609 90
###lsm 90 92
###lsm 609 92
###lsm 610 92
###lsm 92 94
###lsm 610 94
###lsm 611 94
###lsm 94 96
###lsm 611 96
###lsm 612 96
###lsm 96 98
###lsm 612 98
###lsm 613 98
###lsm 98 100
###lsm 613 100
###lsm 614 100
###lsm 100 102
###lsm 614 102
###lsm 615 102
###lsm 102 104
###lsm 615 104
###lsm 616 104
###lsm 104 106
###lsm 616 106
###lsm 617 106
###lsm 106 108
###lsm 617 108
###lsm 618 108
###lsm 108 110
###lsm 618 110
###lsm 619 110
###lsm 110 112
###lsm 619 112
###lsm 620 112
###lsm 112 114
###lsm 620 114
###lsm 621 114
###lsm 114 116
###lsm 621 116
###lsm 622 116
###lsm 116 118
###lsm 622 118
###lsm 623 118
###lsm 118 120
###lsm 623 120
###lsm 624 120
###lsm 120 122
###lsm 624 122
###lsm 625 122
###lsm 122 124
###lsm 625 124
###lsm 626 124
###lsm 124 126
###lsm 626 126
###lsm 627 126
###lsm 126 128
###lsm 627 128
###lsm 628 128
###lsm 128 130
###lsm 628 130
###lsm 629 130
###lsm 130 132
###lsm 629 132
###lsm 630 132
###lsm 132 134
###lsm 630 134
###lsm 631 134
###lsm 134 136
###lsm 631 136
###lsm 632 136
###lsm 136 138
###lsm 632 138
###lsm 633 138
###lsm 138 140
###lsm 633 140
###lsm 634 140
###lsm 140 142
###lsm 634 142
###lsm 635 142
###lsm 142 144
###lsm 635 144
###lsm 636 144
###lsm 144 146
###lsm 636 146
###lsm 637 146
###lsm 146 148
###lsm 637 148
###lsm 638 148
###lsm 148 150
###lsm 638 150
###lsm 639 150
###lsm 150 152
###lsm 639 152
###lsm 640 152
###lsm 152 154
###lsm 640 154
###lsm 641 154
###lsm 154 14
###lsm 641 14
###lsm 569 14
###lsm 14 13
###lsm 13 569
###lsm 644 643
###lsm 644 645
###lsm 646 645
###lsm 646 647
###lsm 648 647
###lsm 648 649
###lsm 650 649
###lsm 650 651
###lsm 652 651
###lsm 652 653
###lsm 654 653
###lsm 654 655
###lsm 656 655
###lsm 656 657
###lsm 658 657
###lsm 658 659
###lsm 660 659
###lsm 660 661
###lsm 662 661
###lsm 662 663
###lsm 664 663
###lsm 664 665
###lsm 666 665
###lsm 666 667
###lsm 668 667
###lsm 668 669
###lsm 670 669
###lsm 643 642
###lsm 672 642
###lsm 672 673
###lsm 674 673
###lsm 674 675
###lsm 676 675
###lsm 676 677
###lsm 678 677
###lsm 678 679
###lsm 680 679
###lsm 680 681
###lsm 682 681
###lsm 682 683
###lsm 684 683
###lsm 684 685
###lsm 686 685
###lsm 686 687
###lsm 688 687
###lsm 688 689
###lsm 690 689
###lsm 690 691
###lsm 692 691
###lsm 692 693
###lsm 694 693
###lsm 513 642
###lsm 513 644
###lsm 566 644
###lsm 566 646
###lsm 565 646
###lsm 565 648
###lsm 564 648
###lsm 564 650
###lsm 563 650
###lsm 563 652
###lsm 562 652
###lsm 562 654
###lsm 561 654
###lsm 561 656
###lsm 560 656
###lsm 560 658
###lsm 559 658
###lsm 559 660
###lsm 558 660
###lsm 558 662
###lsm 557 662
###lsm 557 664
###lsm 556 664
###lsm 556 666
###lsm 555 666
###lsm 555 668
###lsm 554 668
###lsm 554 670
###lsm 553 670
###lsm 553 671
###lsm 552 671
###lsm 552 669
###lsm 551 669
###lsm 551 667
###lsm 550 667
###lsm 550 665
###lsm 549 665
###lsm 549 663
###lsm 548 663
###lsm 548 661
###lsm 547 661
###lsm 547 659
###lsm 546 659
###lsm 546 657
###lsm 545 657
###lsm 545 655
###lsm 544 655
###lsm 544 653
###lsm 543 653
###lsm 543 651
###lsm 542 651
###lsm 542 649
###lsm 541 649
###lsm 541 647
###lsm 540 647
###lsm 540 645
###lsm 539 645
###lsm 539 643
###lsm 538 643
###lsm 538 672
###lsm 537 672
###lsm 537 674
###lsm 536 674
###lsm 536 676
###lsm 535 676
###lsm 535 678
###lsm 534 678
###lsm 534 680
###lsm 533 680
###lsm 533 682
###lsm 532 682
###lsm 532 684
###lsm 531 684
###lsm 531 686
###lsm 530 686
###lsm 530 688
###lsm 529 688
###lsm 529 690
###lsm 528 690
###lsm 528 692
###lsm 527 692
###lsm 527 694
###lsm 526 694
###lsm 526 695
###lsm 525 695
###lsm 525 693
###lsm 524 693
###lsm 524 691
###lsm 523 691
###lsm 523 689
###lsm 522 689
###lsm 522 687
###lsm 521 687
###lsm 521 685
###lsm 520 685
###lsm 520 683
###lsm 519 683
###lsm 519 681
###lsm 518 681
###lsm 518 679
###lsm 517 679
###lsm 517 677
###lsm 516 677
###lsm 516 675
###lsm 515 675
###lsm 515 673
###lsm 514 673
###lsm 642 514
###lsm 568 697
###lsm 568 698
###lsm 569 698
###lsm 569 699
###lsm 641 699
###lsm 641 700
###lsm 640 700
###lsm 640 701
###lsm 639 701
###lsm 639 702
###lsm 638 702
###lsm 638 703
###lsm 637 703
###lsm 637 704
###lsm 636 704
###lsm 636 705
###lsm 635 705
###lsm 635 706
###lsm 634 706
###lsm 634 707
###lsm 633 707
###lsm 633 708
###lsm 632 708
###lsm 632 709
###lsm 631 709
###lsm 631 710
###lsm 630 710
###lsm 630 711
###lsm 629 711
###lsm 629 712
###lsm 628 712
###lsm 628 713
###lsm 627 713
###lsm 627 714
###lsm 626 714
###lsm 626 715
###lsm 625 715
###lsm 625 716
###lsm 624 716
###lsm 624 717
###lsm 623 717
###lsm 623 718
###lsm 622 718
###lsm 622 719
###lsm 621 719
###lsm 621 720
###lsm 620 720
###lsm 620 721
###lsm 619 721
###lsm 619 722
###lsm 618 722
###lsm 618 723
###lsm 617 723
###lsm 617 724
###lsm 616 724
###lsm 616 725
###lsm 615 725
###lsm 615 726
###lsm 614 726
###lsm 614 727
###lsm 613 727
###lsm 613 728
###lsm 612 728
###lsm 612 729
###lsm 611 729
###lsm 611 730
###lsm 610 730
###lsm 610 731
###lsm 609 731
###lsm 609 732
###lsm 608 732
###lsm 608 733
###lsm 607 733
###lsm 607 734
###lsm 606 734
###lsm 606 735
###lsm 605 735
###lsm 605 736
###lsm 604 736
###lsm 604 737
###lsm 603 737
###lsm 603 738
###lsm 602 738
###lsm 602 739
###lsm 601 739
###lsm 601 740
###lsm 600 740
###lsm 600 741
###lsm 599 741
###lsm 599 742
###lsm 598 742
###lsm 598 743
###lsm 597 743
###lsm 597 744
###lsm 596 744
###lsm 596 745
###lsm 595 745
###lsm 595 746
###lsm 594 746
###lsm 594 747
###lsm 593 747
###lsm 593 748
###lsm 592 748
###lsm 592 749
###lsm 591 749
###lsm 591 750
###lsm 590 750
###lsm 590 751
###lsm 589 751
###lsm 589 752
###lsm 588 752
###lsm 588 753
###lsm 587 753
###lsm 587 754
###lsm 586 754
###lsm 586 755
###lsm 585 755
###lsm 585 756
###lsm 584 756
###lsm 584 757
###lsm 583 757
###lsm 583 758
###lsm 582 758
###lsm 582 759
###lsm 581 759
###lsm 581 760
###lsm 580 760
###lsm 580 761
###lsm 579 761
###lsm 579 762
###lsm 578 762
###lsm 578 763
###lsm 577 763
###lsm 577 764
###lsm 576 764
###lsm 576 765
###lsm 575 765
###lsm 575 766
###lsm 574 766
###lsm 574 767
###lsm 573 767
###lsm 573 768
###lsm 572 768
###lsm 572 769
###lsm 571 769
###lsm 571 770
###lsm 570 770
###lsm 570 771
###lsm 567 771
###lsm 567 696
###lsm 696 568
###lsm 697 772
###lsm 697 773
###lsm 698 773
###lsm 698 774
###lsm 699 774
###lsm 699 775
###lsm 700 775
###lsm 700 776
###lsm 701 776
###lsm 701 777
###lsm 702 777
###lsm 702 778
###lsm 703 778
###lsm 703 779
###lsm 704 779
###lsm 704 780
###lsm 705 780
###lsm 705 781
###lsm 706 781
###lsm 706 782
###lsm 707 782
###lsm 707 783
###lsm 708 783
###lsm 708 784
###lsm 709 784
###lsm 709 785
###lsm 710 785
###lsm 710 786
###lsm 711 786
###lsm 711 787
###lsm 712 787
###lsm 712 788
###lsm 713 788
###lsm 713 789
###lsm 714 789
###lsm 714 790
###lsm 715 790
###lsm 715 791
###lsm 716 791
###lsm 716 792
###lsm 717 792
###lsm 717 793
###lsm 718 793
###lsm 718 794
###lsm 719 794
###lsm 719 795
###lsm 720 795
###lsm 720 796
###lsm 721 796
###lsm 721 797
###lsm 722 797
###lsm 722 798
###lsm 723 798
###lsm 723 799
###lsm 724 799
###lsm 724 800
###lsm 725 800
###lsm 725 801
###lsm 726 801
###lsm 726 802
###lsm 727 802
###lsm 727 803
###lsm 728 803
###lsm 728 804
###lsm 729 804
###lsm 729 805
###lsm 730 805
###lsm 730 806
###lsm 731 806
###lsm 731 807
###lsm 732 807
###lsm 732 808
###lsm 733 808
###lsm 733 809
###lsm 734 809
###lsm 734 810
###lsm 735 810
###lsm 735 811
###lsm 736 811
###lsm 736 812
###lsm 737 812
###lsm 737 813
###lsm 738 813
###lsm 738 814
###lsm 739 814
###lsm 739 815
###lsm 740 815
###lsm 740 816
###lsm 741 816
###lsm 741 817
###lsm 742 817
###lsm 742 818
###lsm 743 818
###lsm 743 819
###lsm 744 819
###lsm 744 820
###lsm 745 820
###lsm 745 821
###lsm 746 821
###lsm 746 822
###lsm 747 822
###lsm 747 823
###lsm 748 823
###lsm 748 824
###lsm 749 824
###lsm 749 825
###lsm 750 825
###lsm 750 826
###lsm 751 826
###lsm 751 827
###lsm 752 827
###lsm 752 828
###lsm 753 828
###lsm 753 829
###lsm 754 829
###lsm 754 830
###lsm 755 830
###lsm 755 831
###lsm 756 831
###lsm 756 832
###lsm 757 832
###lsm 757 833
###lsm 758 833
###lsm 758 834
###lsm 759 834
###lsm 759 835
###lsm 760 835
###lsm 760 836
###lsm 761 836
###lsm 761 837
###lsm 762 837
###lsm 762 838
###lsm 763 838
###lsm 763 839
###lsm 764 839
###lsm 764 840
###lsm 765 840
###lsm 765 841
###lsm 766 841
###lsm 766 842
###lsm 767 842
###lsm 767 843
###lsm 768 843
###lsm 768 844
###lsm 769 844
###lsm 769 845
###lsm 770 845
###lsm 770 846
###lsm 771 846
###lsm 771 847
###lsm 696 847
###lsm 772 696
###lsm 773 812
###lsm 773 811
###lsm 774 811
###lsm 774 810
###lsm 775 810
###lsm 775 809
###lsm 776 809
###lsm 776 808
###lsm 777 808
###lsm 777 807
###lsm 778 807
###lsm 778 806
###lsm 779 806
###lsm 779 805
###lsm 780 805
###lsm 780 804
###lsm 781 804
###lsm 781 803
###lsm 782 803
###lsm 782 802
###lsm 783 802
###lsm 783 801
###lsm 784 801
###lsm 784 800
###lsm 785 800
###lsm 785 799
###lsm 786 799
###lsm 786 798
###lsm 787 798
###lsm 787 797
###lsm 788 797
###lsm 788 796
###lsm 789 796
###lsm 789 795
###lsm 790 795
###lsm 790 794
###lsm 791 794
###lsm 791 793
###lsm 812 772
###lsm 813 772
###lsm 813 847
###lsm 814 847
###lsm 814 846
###lsm 815 846
###lsm 815 845
###lsm 816 845
###lsm 816 844
###lsm 817 844
###lsm 817 843
###lsm 818 843
###lsm 818 842
###lsm 819 842
###lsm 819 841
###lsm 820 841
###lsm 820 840
###lsm 821 840
###lsm 821 839
###lsm 822 839
###lsm 822 838
###lsm 823 838
###lsm 823 837
###lsm 824 837
###lsm 824 836
###lsm 825 836
###lsm 825 835
###lsm 826 835
###lsm 826 834
###lsm 827 834
###lsm 827 833
###lsm 828 833
###lsm 828 832
###lsm 829 832
###lsm 829 831
###fch 0 1 2 3 4 5 6 7 8 9 10 11 12 13 14 15 16 17 18 19 20 21 22 23 24 25 26 27 28 29 30 31 32 33 34 35 36 37 38 39 40 41 42 43 44 45 46 47 48 49 50 51 52 53 54 55 56 57 58 59 60 61 62 63 64 65 66 67 68 69 70 71 72 73 74 75 76 77 78 79 80 81 82 83 84 85 86 87 88 89 90 91 92 93 94 95 96 97 98 99 100 101 102 103 104 105 106 107 108 109 110 111 112 113 114 115 116 117 118 119 120 121 122 123 124 125 126 127 128 129 130 131 132 133 134 135 136 137 138 139 140 141 142 143 144 145 146 147 148 149 150 151 152 153 154 155 156 157 158 159 160 161 162 163 164 165 166 167 168 169 170 171 172 173 174 175 176 177 178 179 180 181 182 183 184 185 186 187 188 189 190 191 192 193 194 195 196 197 198 199 200 201 202 203 204 205 206 207 208 209 210 211 212 213 214 215 216 217 218 219 220 221 222 223 224 225 226 227 228 229 230 231 232 233 234 235 236 237 238 239 240 241 242 243 244 245 246 247 248 249 250 251 252 253 254 255 256 257 258 259 260 261 262 263 264 265 266 267 268 269 270 271 272 273 274 275 276 277 278 279 280 281 282 283 284 285 286 287 288 289 290 291 292 293 294 295 296 297 298 299 300 301 302 303 304 305 306 307 308 309 310 311 312 313 314 315 316 317 318 319 320 321 322 323 324 325 326 327 328 329 330 331 332 333 334 335 336 337 338 339 340 341 342 343 344 345 346 347 348 349 350 351 352 353 354 355 356 357 358 359 360 361 362 363 364 365 366 367 368 369 370 371 372 373 374 375 376 377 378 379 380 381 382 383 384 385 386 387 388 389 390 391 392 393 394 395 396 397 398 399 400 401 402 403 404 405 406 407 408 409 410 411 412 413 414 415 416 417 418 419 420 421 422 423 424 425 426 427 428 429 430 431 432 433 434 435 436 437 438 439 440 441 442 443 444 445 446 447 448 449 450 451 452 453 454 455 456 457 458 459 460 461 462 463 464 465 466 467 468 469 470 471 472 473 474 475 476 477 478 479 480 481 482 483 484 485 486 487 488 489 490 491 492 493 494 495 496 497 498 499 500 501 502 503 504 505 506 507 508 509 510 511 512 513 514 515 516 517 518 519 520 521 522 523 524 525 526 527 528 529 530 531 532 533 534 535 536 537 538 539 540 541 542 543 544 545 546 547 548 549 550 551 552 553 554 555 556 557 558 559 560 561 562 563 564 565 566 567 568 569 570 571 572 573 574 575 576 577 578 579 580 581 582 583 584 585 586 587 588 589 590 591 592 593 594 595 596 597 598 599 600 601 602 603 604 605 606 607 608 609 610 611 612 613 614 615 616 617 618 619 620 621 622 623 624 625 626 627 628 629 630 631 632 633 634 635 636 637 638 639 640 641 642 643 644 645 646 647 648 649 650 651 652 653 654 655 656 657 658 659 660 661 662 663 664 665 666 667 668 669 670 671 672 673 674 675 676 677 678 679 680 681 682 683 684 685 686 687 688 689 690 691 692 693 694 695 696 697 698 699 700 701 702 703 704 705 706 707 708 709 710 711 712 713 714 715 716 717 718 719 720 721 722 723 724 725 726 727 728 729 730 731 732 733 734 735 736 737 738 739 740 741 742 743 744 745 746 747 748 749 750 751 752 753 754 755 756 757 758 759 760 761 762 763 764 765 766 767 768 769 770 771 772 773 774 775 776 777 778 779 780 781 782 783 784 785 786 787 788 789 790 791 792 793 794 795 796 797 798 799 800 801 802 803 804 805 806 807 808 809 810 811 812 813 814 815 816 817 818 819 820 821 822 823 824 825 826 827 828 829 830 831 832 833 834 835 836 837 838 839 840 841 842 843 844 845 846 847 848 849 850 851 852 853 854 855 856 857 858 859 860 861 862 863 864 865 866 867 868 869 870 871 872 873 874 875 876 877 878 879 880 881 882 883 884 885 886 887 888 889 890 891 892 893 894 895 896 897 898 899 900 901 902 903 904 905 906 907 908 909 910 911 912 913 914 915 916 917 918 919 920 921 922 923 924 925 926 927 928 929 930 931 932 933 934 935 936 937 938 939 940 941 942 943 944 945 946 947 948 949 950 951 952 953 954 955 956 957 958 959 960 961 962 963 964 965 966 967 968 969 970 971 972 973 974 975 976 977 978 979 980 981 982 983 984 985 986 987 988 989 990 991 992 993 994 995 996 997 998 999 1000 1001 1002 1003 1004 1005 1006 1007 1008 1009 1010 1011 1012 1013 1014 1015 1016 1017 1018 1019 1020 1021 1022 1023 1024 1025 1026 1027 1028 1029 1030 1031 1032 1033 1034 1035 1036 1037 1038 1039 1040 1041 1042 1043 1044 1045 1046 1047 1048 1049 1050 1051 1052 1053 1054 1055 1056 1057 1058 1059 1060 1061 1062 1063 1064 1065 1066 1067 1068 1069 1070 1071 1072 1073 1074 1075 1076 1077 1078 1079 1080 1081 1082 1083 1084 1085 1086 1087 1088 1089 1090 1091 1092 1093 1094 1095 1096 1097 1098 1099 1100 1101 1102 1103 1104 1105 1106 1107 1108 1109 1110 1111 1112 1113 1114 1115 1116 1117 1118 1119 1120 1121 1122 1123 1124 1125 1126 1127 1128 1129 1130 1131 1132 1133 1134 1135 1136 1137 1138 1139 1140 1141 1142 1143 1144 1145 1146 1147 1148 1149 1150 1151 1152 1153 1154
###fch 1155 1156 1157 1158 1159 1160 1161 1162 1163 1164 1165 1166 1167 1168 1169 1170 1171 1172 1173 1174 1175 1176 1177 1178 1179 1180 1181 1182 1183 1184 1185 1186 1187 1188 1189 1190 1191 1192 1193 1194 1195 1196 1197 1198 1199 1200 1201 1202 1203 1204 1205 1206
###fch 1280 1281 1282 1283 1284 1285 1286 1287 1288 1289 1290 1291 1292 1293 1294 1295 1296 1297 1298 1299 1300 1301 1302 1303 1304 1305 1306 1307 1308 1309 1310 1311 1312 1313 1314 1207 1208 1209 1210 1211 1212 1213 1214 1215 1216 1217 1218 1219 1220 1221 1222 1223 1224 1225 1226 1227 1228 1229 1230 1231 1232 1233 1234 1235 1236 1237 1238 1239 1240 1241 1242 1243 1244 1245 1246 1247 1248 1249 1250 1251 1252 1253 1254 1255 1256 1257 1258 1259 1260 1261 1262 1263 1264 1265 1266 1267 1268 1269 1270 1271 1272 1273 1274 1275 1276 1277 1278 1279
###fch 1315 1316 1317 1318 1319 1320 1321 1322 1323 1324 1325 1326 1327 1328 1329 1330 1331 1332 1333 1334 1335 1336 1337 1338 1339 1340 1341 1342 1343 1344 1345 1346 1347 1348 1349 1350 1351 1352 1353 1354 1355 1356 1357 1358 1359 1360 1361 1362 1363 1364 1365 1366 1367 1368 1369 1370 1371 1372 1373 1374 1375 1376 1377 1378 1379 1380 1381 1382 1383 1384 1385 1386 1387 1388 1389 1390 1391 1392 1393 1394 1395 1396 1397 1398 1399 1400 1401 1402 1403 1404 1405 1406 1407 1408 1409 1410 1411 1412 1413 1414 1415 1416 1417 1418 1419 1420 1421 1422 1423 1424 1425 1426 1427 1428 1429 1430 1431 1432 1433 1434 1435 1436 1437 1438 1439 1440 1441 1442 1443 1444 1445 1446 1447 1448 1449 1450 1451 1452 1453 1454 1455 1456 1457 1458 1459 1460 1461 1462 1463 1464 1465
###fch 1536 1537 1538 1539 1540 1541 1542 1543 1544 1545 1546 1547 1548 1549 1550 1551 1552 1553 1554 1555 1556 1557 1558 1559 1560 1561 1562 1563 1564 1565 1566 1567 1568 1569 1570 1571 1572 1573 1574 1575 1576 1577 1578 1579 1580 1581 1582 1583 1584 1585 1586 1587 1588 1589 1590 1591 1592 1593 1594 1595 1596 1597 1598 1599 1600 1601 1602 1603 1604 1605 1606 1607 1608 1609 1610 1611 1612 1613 1614 1615 1616 1617 1466 1467 1468 1469 1470 1471 1472 1473 1474 1475 1476 1477 1478 1479 1480 1481 1482 1483 1484 1485 1486 1487 1488 1489 1490 1491 1492 1493 1494 1495 1496 1497 1498 1499 1500 1501 1502 1503 1504 1505 1506 1507 1508 1509 1510 1511 1512 1513 1514 1515 1516 1517 1518 1519 1520 1521 1522 1523 1524 1525 1526 1527 1528 1529 1530 1531 1532 1533 1534 1535
###fch 1618 1619 1620 1621 1622 1623 1624 1625 1626 1627 1628 1629 1630 1631 1632 1633 1634 1635 1636 1637 1638 1639 1640 1641 1642 1643 1644 1645 1646 1647 1648 1649 1650 1651 1652 1653 1654 1655 1656 1657 1658 1659 1660 1661 1662 1663 1664 1665 1666 1667 1668 1669 1670 1671 1672 1673 1674 1675 1676 1677 1678 1679 1680 1681 1682 1683 1684 1685 1686 1687 1688 1689 1690 1691
###cch 2 3 5 7 9 11 13
###cch 84 85 459 447 441 238
###cch 0 16 18 20 22 24 26 28 30 32 34 36 38 40 156 161 166 171 176 181 186 191 196 201 206 211 216 221 227 229 231 233 235 237 239 241 243 245 247 249 251 260 265 270 275 280 285 290 295 300 305 310 315 320 325 331 333 335 337 339 341 343 345 347 349 351 353 355 2
###cch 513 514 515 516 517 518 519 520 521 522 523 524 525 526 527 528 529 530 531 532 533 534 535 536 537 538 539 540 541 542 543 544 545 546 547 548 549 550 551 552 553 554 555 556 557 558 559 560 561 562 563 564 565 566
###cch 1 15 17 19 21 23 25 27 29 31 33 35 37 39 41 42 157 162 167 172 177 182 187 192 197 202 207 212 217 222 226 228 230 232 234 236 238 240 242 244 246 248 250 252 253 261 266 271 276 281 286 291 296 301 306 311 316 321 326 330 332 334 336 338 340 342 344 346 348 350 352 354 4 3
###cch 5 6 493 492 491 490 489 488 487 486 485 484 483 480 327 322 317 312 307 302 297 292 287 282 277 272 267 262 255 254 458 457 456 455 454 453 452 441 442 443 444 445 446 223 218 213 208 203 198 193 188 183 178 173 168 163 158 44 43 360 365 370 375 380 385 390 395 400 405 410 415 420 425 430
###cch 7 8 504 503 502 501 500 499 498 497 496 494 481 328 323 318 313 308 303 298 293 288 283 278 273 268 263 257 256 470 469 468 467 466 465 464 463 447 448 449 450 451 224 219 214 209 204 199 194 189 184 179 174 169 164 159 46 45 359 364 369 374 379 384 389 394 399 404 409 414 419 424 429 434
###cch 9 10 512 511 510 509 508 507 506 505 495 482 329 324 319 314 309 304 299 294 289 284 279 274 269 264 259 258 479 478 477 476 475 474 473 472 471 459 460 461 462 225 220 215 210 205 200 195 190 185 180 175 170 165 160 48 47 358 363 368 373 378 383 388 393 398 403 408 413 418 423 428 433 437
###cch 11 12 155 153 151 149 147 145 143 141 139 137 135 133 131 129 127 125 123 121 119 117 115 113 111 109 107 105 103 101 99 97 95 93 91 89 87 85 83 81 79 77 75 73 71 69 67 65 63 61 59 57 55 53 50 49 357 362 367 372 377 382 387 392 397 402 407 412 417 422 427 432 436 439
###cch 13 14 154 152 150 148 146 144 142 140 138 136 134 132 130 128 126 124 122 120 118 116 114 112 110 108 106 104 102 100 98 96 94 92 90 88 86 84 82 80 78 76 74 72 70 68 66 64 62 60 58 56 54 52 51 356 361 366 371 376 381 386 391 396 401 406 411 416 421 426 431 435 438 440
###cch 567 570 571 572 573 574 575 576 577 578 579 580 581 582 583 584 585 586 587 588 589 590 591 592 593 594 595 596 597 598 599 600 601 602 603 604 605 606 607 608 609 610 611 612 613 614 615 616 617 618 619 620 621 622 623 624 625 626 627 628 629 630 631 632 633 634 635 636 637 638 639 640 641 569 568
###cch 642 644 646 648 650 652 654 656 658 660 662 664 666 668 670 671 669 667 665 663 661 659 657 655 653 651 649 647 645 643 672 674 676 678 680 682 684 686 688 690 692 694 695 693 691 689 687 685 683 681 679 677 675 673
###cch 696 697 698 699 700 701 702 703 704 705 706 707 708 709 710 711 712 713 714 715 716 717 718 719 720 721 722 723 724 725 726 727 728 729 730 731 732 733 734 735 736 737 738 739 740 741 742 743 744 745 746 747 748 749 750 751 752 753 754 755 756 757 758 759 760 761 762 763 764 765 766 767 768 769 770 771
###cch 772 773 774 775 776 777 778 779 780 781 782 783 784 785 786 787 788 789 790 791 792 793 794 795 796 797 798 799 800 801 802 803 804 805 806 807 808 809 810 811 812 813 814 815 816 817 818 819 820 821 822 823 824 825 826 827 828 829 830 831 832 833 834 835 836 837 838 839 840 841 842 843 844 845 846 847
