# Blender v3.5.0 OBJ File: 'models.blend'
# www.blender.org
mtllib p_rack_1ml.mtl
o p_rack_1mL
v -0.001245 0.000220 0.000000
v -0.001245 0.000220 0.003333
v -0.001265 0.000000 0.000000
v -0.001265 0.000000 0.003333
v -0.001245 -0.000220 0.000000
v -0.001245 -0.000220 0.003333
v -0.001188 -0.000432 0.000000
v -0.001188 -0.000432 0.003333
v -0.001095 -0.000632 0.000000
v -0.001095 -0.000632 0.003333
v -0.000969 -0.000813 0.000000
v -0.000969 -0.000813 0.003333
v -0.000813 -0.000969 0.000000
v -0.000813 -0.000969 0.003333
v -0.000632 -0.001095 0.000000
v -0.000632 -0.001095 0.003333
v -0.000432 -0.001188 0.000000
v -0.000432 -0.001188 0.003333
v -0.000220 -0.001245 0.000000
v -0.000220 -0.001245 0.003333
v 0.000000 -0.001265 0.000000
v 0.000000 -0.001265 0.003333
v 0.000220 -0.001245 0.000000
v 0.000220 -0.001245 0.003333
v 0.000432 -0.001188 0.000000
v 0.000432 -0.001188 0.003333
v 0.000632 -0.001095 0.000000
v 0.000632 -0.001095 0.003333
v 0.000813 -0.000969 0.000000
v 0.000813 -0.000969 0.003333
v 0.000969 -0.000813 0.000000
v 0.000969 -0.000813 0.003333
v 0.001095 -0.000632 0.000000
v 0.001095 -0.000632 0.003333
v 0.001188 -0.000432 0.000000
v 0.001188 -0.000432 0.003333
v 0.001245 -0.000220 0.000000
v 0.001245 -0.000220 0.003333
v 0.001265 0.000000 0.000000
v 0.001265 0.000000 0.003333
v 0.001245 0.000220 0.000000
v 0.001245 0.000220 0.003333
v 0.001188 0.000432 0.000000
v 0.001188 0.000432 0.003333
v 0.001095 0.000632 0.000000
v 0.001095 0.000632 0.003333
v 0.000969 0.000813 0.000000
v 0.000969 0.000813 0.003333
v 0.000813 0.000969 0.000000
v 0.000813 0.000969 0.003333
v 0.000632 0.001095 0.000000
v 0.000632 0.001095 0.003333
v 0.000432 0.001188 0.000000
v 0.000432 0.001188 0.003333
v 0.000220 0.001245 0.000000
v 0.000220 0.001245 0.003333
v 0.000000 0.001265 0.000000
v 0.000000 0.001265 0.003333
v -0.000220 0.001245 0.000000
v -0.000220 0.001245 0.003333
v -0.000432 0.001188 0.000000
v -0.000432 0.001188 0.003333
v -0.000632 0.001095 0.000000
v -0.000632 0.001095 0.003333
v -0.000813 0.000969 0.000000
v -0.000813 0.000969 0.003333
v -0.000969 0.000813 0.000000
v -0.000969 0.000813 0.003333
v -0.001095 0.000632 0.000000
v -0.001095 0.000632 0.003333
v -0.001188 0.000432 0.000000
v -0.001188 0.000432 0.003333
v -0.001245 -0.000220 0.010000
v -0.001245 -0.000220 0.006667
v -0.001265 0.000000 0.010000
v -0.001265 0.000000 0.006667
v -0.001245 0.000220 0.010000
v -0.001245 0.000220 0.006667
v -0.001188 0.000432 0.010000
v -0.001188 0.000432 0.006667
v -0.001095 0.000632 0.010000
v -0.001095 0.000632 0.006667
v -0.000969 0.000813 0.010000
v -0.000969 0.000813 0.006667
v -0.000813 0.000969 0.010000
v -0.000813 0.000969 0.006667
v -0.000632 0.001095 0.010000
v -0.000632 0.001095 0.006667
v -0.000432 0.001188 0.010000
v -0.000432 0.001188 0.006667
v -0.000220 0.001245 0.010000
v -0.000220 0.001245 0.006667
v 0.000000 0.001265 0.010000
v 0.000000 0.001265 0.006667
v 0.000220 0.001245 0.010000
v 0.000220 0.001245 0.006667
v 0.000432 0.001188 0.010000
v 0.000432 0.001188 0.006667
v 0.000632 0.001095 0.010000
v 0.000632 0.001095 0.006667
v 0.000813 0.000969 0.010000
v 0.000813 0.000969 0.006667
v 0.000969 0.000813 0.010000
v 0.000969 0.000813 0.006667
v 0.001095 0.000632 0.010000
v 0.001095 0.000632 0.006667
v 0.001188 0.000432 0.010000
v 0.001188 0.000432 0.006667
v 0.001245 0.000220 0.010000
v 0.001245 0.000220 0.006667
v 0.001265 0.000000 0.010000
v 0.001265 0.000000 0.006667
v 0.001245 -0.000220 0.010000
v 0.001245 -0.000220 0.006667
v 0.001188 -0.000432 0.010000
v 0.001188 -0.000432 0.006667
v 0.001095 -0.000632 0.010000
v 0.001095 -0.000632 0.006667
v 0.000969 -0.000813 0.010000
v 0.000969 -0.000813 0.006667
v 0.000813 -0.000969 0.010000
v 0.000813 -0.000969 0.006667
v 0.000632 -0.001095 0.010000
v 0.000632 -0.001095 0.006667
v 0.000432 -0.001188 0.010000
v 0.000432 -0.001188 0.006667
v 0.000220 -0.001245 0.010000
v 0.000220 -0.001245 0.006667
v 0.000000 -0.001265 0.010000
v 0.000000 -0.001265 0.006667
v -0.000220 -0.001245 0.010000
v -0.000220 -0.001245 0.006667
v -0.000432 -0.001188 0.010000
v -0.000432 -0.001188 0.006667
v -0.000632 -0.001095 0.010000
v -0.000632 -0.001095 0.006667
v -0.000813 -0.000969 0.010000
v -0.000813 -0.000969 0.006667
v -0.000969 -0.000813 0.010000
v -0.000969 -0.000813 0.006667
v -0.001095 -0.000632 0.010000
v -0.001095 -0.000632 0.006667
v -0.001188 -0.000432 0.010000
v -0.001188 -0.000432 0.006667
v 0.152755 0.000220 0.000000
v 0.152755 0.000220 0.003333
v 0.152736 0.000000 0.000000
v 0.152736 0.000000 0.003333
v 0.152755 -0.000220 0.000000
v 0.152755 -0.000220 0.003333
v 0.152812 -0.000432 0.000000
v 0.152812 -0.000432 0.003333
v 0.152905 -0.000632 0.000000
v 0.152905 -0.000632 0.003333
v 0.153031 -0.000813 0.000000
v 0.153031 -0.000813 0.003333
v 0.153187 -0.000969 0.000000
v 0.153187 -0.000969 0.003333
v 0.153368 -0.001095 0.000000
v 0.153368 -0.001095 0.003333
v 0.153568 -0.001188 0.000000
v 0.153568 -0.001188 0.003333
v 0.153780 -0.001245 0.000000
v 0.153780 -0.001245 0.003333
v 0.154000 -0.001265 0.000000
v 0.154000 -0.001265 0.003333
v 0.154220 -0.001245 0.000000
v 0.154220 -0.001245 0.003333
v 0.154432 -0.001188 0.000000
v 0.154432 -0.001188 0.003333
v 0.154632 -0.001095 0.000000
v 0.154632 -0.001095 0.003333
v 0.154813 -0.000969 0.000000
v 0.154813 -0.000969 0.003333
v 0.154969 -0.000813 0.000000
v 0.154969 -0.000813 0.003333
v 0.155095 -0.000632 0.000000
v 0.155095 -0.000632 0.003333
v 0.155188 -0.000432 0.000000
v 0.155188 -0.000432 0.003333
v 0.155245 -0.000220 0.000000
v 0.155245 -0.000220 0.003333
v 0.155264 0.000000 0.000000
v 0.155264 0.000000 0.003333
v 0.155245 0.000220 0.000000
v 0.155245 0.000220 0.003333
v 0.155188 0.000432 0.000000
v 0.155188 0.000432 0.003333
v 0.155095 0.000632 0.000000
v 0.155095 0.000632 0.003333
v 0.154969 0.000813 0.000000
v 0.154969 0.000813 0.003333
v 0.154813 0.000969 0.000000
v 0.154813 0.000969 0.003333
v 0.154632 0.001095 0.000000
v 0.154632 0.001095 0.003333
v 0.154432 0.001188 0.000000
v 0.154432 0.001188 0.003333
v 0.154220 0.001245 0.000000
v 0.154220 0.001245 0.003333
v 0.154000 0.001265 0.000000
v 0.154000 0.001265 0.003333
v 0.153780 0.001245 0.000000
v 0.153780 0.001245 0.003333
v 0.153568 0.001188 0.000000
v 0.153568 0.001188 0.003333
v 0.153368 0.001095 0.000000
v 0.153368 0.001095 0.003333
v 0.153187 0.000969 0.000000
v 0.153187 0.000969 0.003333
v 0.153031 0.000813 0.000000
v 0.153031 0.000813 0.003333
v 0.152905 0.000632 0.000000
v 0.152905 0.000632 0.003333
v 0.152812 0.000432 0.000000
v 0.152812 0.000432 0.003333
v 0.152755 -0.000220 0.010000
v 0.152755 -0.000220 0.006667
v 0.152736 0.000000 0.010000
v 0.152736 0.000000 0.006667
v 0.152755 0.000220 0.010000
v 0.152755 0.000220 0.006667
v 0.152812 0.000432 0.010000
v 0.152812 0.000432 0.006667
v 0.152905 0.000632 0.010000
v 0.152905 0.000632 0.006667
v 0.153031 0.000813 0.010000
v 0.153031 0.000813 0.006667
v 0.153187 0.000969 0.010000
v 0.153187 0.000969 0.006667
v 0.153368 0.001095 0.010000
v 0.153368 0.001095 0.006667
v 0.153568 0.001188 0.010000
v 0.153568 0.001188 0.006667
v 0.153780 0.001245 0.010000
v 0.153780 0.001245 0.006667
v 0.154000 0.001265 0.010000
v 0.154000 0.001265 0.006667
v 0.154220 0.001245 0.010000
v 0.154220 0.001245 0.006667
v 0.154432 0.001188 0.010000
v 0.154432 0.001188 0.006667
v 0.154632 0.001095 0.010000
v 0.154632 0.001095 0.006667
v 0.154813 0.000969 0.010000
v 0.154813 0.000969 0.006667
v 0.154969 0.000813 0.010000
v 0.154969 0.000813 0.006667
v 0.155095 0.000632 0.010000
v 0.155095 0.000632 0.006667
v 0.155188 0.000432 0.010000
v 0.155188 0.000432 0.006667
v 0.155245 0.000220 0.010000
v 0.155245 0.000220 0.006667
v 0.155264 0.000000 0.010000
v 0.155264 0.000000 0.006667
v 0.155245 -0.000220 0.010000
v 0.155245 -0.000220 0.006667
v 0.155188 -0.000432 0.010000
v 0.155188 -0.000432 0.006667
v 0.155095 -0.000632 0.010000
v 0.155095 -0.000632 0.006667
v 0.154969 -0.000813 0.010000
v 0.154969 -0.000813 0.006667
v 0.154813 -0.000969 0.010000
v 0.154813 -0.000969 0.006667
v 0.154632 -0.001095 0.010000
v 0.154632 -0.001095 0.006667
v 0.154432 -0.001188 0.010000
v 0.154432 -0.001188 0.006667
v 0.154220 -0.001245 0.010000
v 0.154220 -0.001245 0.006667
v 0.154000 -0.001265 0.010000
v 0.154000 -0.001265 0.006667
v 0.153780 -0.001245 0.010000
v 0.153780 -0.001245 0.006667
v 0.153568 -0.001188 0.010000
v 0.153568 -0.001188 0.006667
v 0.153368 -0.001095 0.010000
v 0.153368 -0.001095 0.006667
v 0.153187 -0.000969 0.010000
v 0.153187 -0.000969 0.006667
v 0.153031 -0.000813 0.010000
v 0.153031 -0.000813 0.006667
v 0.152905 -0.000632 0.010000
v 0.152905 -0.000632 0.006667
v 0.152812 -0.000432 0.010000
v 0.152812 -0.000432 0.006667
v -0.005000 -0.014000 0.010000
v -0.005000 -0.014000 0.000000
v -0.004000 -0.015000 0.010000
v -0.004000 -0.015000 0.000000
v 0.009378 -0.012648 0.000000
v 0.009865 -0.012632 0.000000
v 0.018378 -0.012648 0.000000
v 0.017893 -0.012599 0.000000
v 0.010346 -0.012551 0.000000
v 0.017419 -0.012486 0.000000
v 0.010812 -0.012406 0.000000
v 0.016964 -0.012311 0.000000
v 0.011254 -0.012201 0.000000
v 0.016536 -0.012077 0.000000
v 0.011665 -0.011939 0.000000
v 0.016143 -0.011787 0.000000
v 0.012037 -0.011624 0.000000
v 0.015793 -0.011448 0.000000
v 0.012365 -0.011262 0.000000
v 0.015491 -0.011066 0.000000
v 0.012640 -0.010860 0.000000
v 0.015242 -0.010646 0.000000
v 0.012860 -0.010425 0.000000
v 0.015052 -0.010197 0.000000
v 0.013020 -0.009964 0.000000
v 0.014923 -0.009727 0.000000
v 0.013117 -0.009486 0.000000
v 0.014858 -0.009244 0.000000
v 0.013150 -0.009000 0.000000
v 0.014858 -0.008756 0.000000
v 0.013117 -0.008514 0.000000
v 0.014923 -0.008273 0.000000
v 0.013020 -0.008036 0.000000
v 0.015052 -0.007803 0.000000
v 0.012860 -0.007575 0.000000
v 0.015242 -0.007354 0.000000
v 0.012640 -0.007140 0.000000
v 0.015491 -0.006934 0.000000
v 0.012365 -0.006738 0.000000
v 0.015793 -0.006552 0.000000
v 0.012037 -0.006376 0.000000
v 0.016143 -0.006213 0.000000
v 0.011665 -0.006061 0.000000
v 0.016536 -0.005923 0.000000
v 0.011254 -0.005799 0.000000
v 0.016964 -0.005689 0.000000
v 0.010812 -0.005594 0.000000
v 0.017419 -0.005514 0.000000
v 0.010346 -0.005449 0.000000
v 0.017893 -0.005401 0.000000
v 0.009865 -0.005368 0.000000
v 0.017893 -0.003599 0.000000
v 0.009865 -0.003632 0.000000
v 0.010346 -0.003551 0.000000
v -0.005000 0.014000 0.000000
v -0.004000 0.015000 0.000000
v 0.009378 0.012648 0.000000
v 0.008893 0.012599 0.000000
v 0.008419 0.012486 0.000000
v 0.158000 0.015000 0.000000
v 0.081378 0.012648 0.000000
v 0.072378 0.012648 0.000000
v 0.063378 0.012648 0.000000
v 0.063865 0.012632 0.000000
v 0.071893 0.012599 0.000000
v 0.064346 0.012551 0.000000
v 0.071419 0.012486 0.000000
v 0.064812 0.012406 0.000000
v 0.070964 0.012311 0.000000
v 0.065254 0.012201 0.000000
v 0.070536 0.012077 0.000000
v 0.065665 0.011939 0.000000
v 0.070143 0.011787 0.000000
v 0.066037 0.011624 0.000000
v 0.069793 0.011448 0.000000
v 0.066365 0.011262 0.000000
v 0.069491 0.011066 0.000000
v 0.066640 0.010860 0.000000
v 0.069242 0.010646 0.000000
v 0.066860 0.010425 0.000000
v 0.069052 0.010197 0.000000
v 0.067020 0.009964 0.000000
v 0.068923 0.009727 0.000000
v 0.067117 0.009486 0.000000
v 0.068858 0.009244 0.000000
v 0.067150 0.009000 0.000000
v 0.068858 0.008756 0.000000
v 0.067117 0.008514 0.000000
v 0.068923 0.008273 0.000000
v 0.067020 0.008036 0.000000
v 0.069052 0.007803 0.000000
v 0.066860 0.007575 0.000000
v 0.069242 0.007354 0.000000
v 0.066640 0.007140 0.000000
v 0.069491 0.006934 0.000000
v 0.066365 0.006738 0.000000
v 0.069793 0.006552 0.000000
v 0.066037 0.006376 0.000000
v 0.070143 0.006213 0.000000
v 0.065665 0.006061 0.000000
v 0.070536 0.005923 0.000000
v 0.065254 0.005799 0.000000
v 0.070964 0.005689 0.000000
v 0.064812 0.005594 0.000000
v 0.071419 0.005514 0.000000
v 0.064346 0.005449 0.000000
v 0.071893 0.005401 0.000000
v 0.063865 0.005368 0.000000
v 0.063865 0.003632 0.000000
v 0.063378 0.005352 0.000000
v 0.063378 0.003648 0.000000
v 0.062893 0.003599 0.000000
v 0.159000 0.014000 0.000000
v 0.144865 0.012632 0.000000
v 0.144378 0.012648 0.000000
v 0.135865 0.012632 0.000000
v 0.143893 0.012599 0.000000
v 0.136346 0.012551 0.000000
v 0.143419 0.012486 0.000000
v 0.136812 0.012406 0.000000
v 0.142964 0.012311 0.000000
v 0.137254 0.012201 0.000000
v 0.142536 0.012077 0.000000
v 0.137665 0.011939 0.000000
v 0.142143 0.011787 0.000000
v 0.138037 0.011624 0.000000
v 0.141793 0.011448 0.000000
v 0.138365 0.011262 0.000000
v 0.141491 0.011066 0.000000
v 0.138640 0.010860 0.000000
v 0.141242 0.010646 0.000000
v 0.138860 0.010425 0.000000
v 0.141052 0.010197 0.000000
v 0.139020 0.009964 0.000000
v 0.140923 0.009727 0.000000
v 0.139117 0.009486 0.000000
v 0.140858 0.009244 0.000000
v 0.139150 0.009000 0.000000
v 0.140858 0.008756 0.000000
v 0.139117 0.008514 0.000000
v 0.140923 0.008273 0.000000
v 0.139020 0.008036 0.000000
v 0.141052 0.007803 0.000000
v 0.138860 0.007575 0.000000
v 0.141242 0.007354 0.000000
v 0.138640 0.007140 0.000000
v 0.141491 0.006934 0.000000
v 0.138365 0.006738 0.000000
v 0.141793 0.006552 0.000000
v 0.138037 0.006376 0.000000
v 0.142143 0.006213 0.000000
v 0.137665 0.006061 0.000000
v 0.142536 0.005923 0.000000
v 0.137254 0.005799 0.000000
v 0.142964 0.005689 0.000000
v 0.136812 0.005594 0.000000
v 0.143419 0.005514 0.000000
v 0.136346 0.005449 0.000000
v 0.143893 0.005401 0.000000
v 0.135865 0.005368 0.000000
v 0.135865 0.003632 0.000000
v 0.135378 0.005352 0.000000
v 0.135378 0.003648 0.000000
v 0.134893 0.003599 0.000000
v 0.159000 -0.014000 0.000000
v 0.158000 -0.015000 0.000000
v 0.144865 -0.012632 0.000000
v 0.145346 -0.012551 0.000000
v 0.145812 -0.012406 0.000000
v 0.081378 -0.012648 0.000000
v 0.090378 -0.012648 0.000000
v 0.099378 -0.012648 0.000000
v 0.090865 -0.012632 0.000000
v 0.098893 -0.012599 0.000000
v 0.091346 -0.012551 0.000000
v 0.098419 -0.012486 0.000000
v 0.091812 -0.012406 0.000000
v 0.097964 -0.012311 0.000000
v 0.092254 -0.012201 0.000000
v 0.097536 -0.012077 0.000000
v 0.092665 -0.011939 0.000000
v 0.097143 -0.011787 0.000000
v 0.093037 -0.011624 0.000000
v 0.096793 -0.011448 0.000000
v 0.093365 -0.011262 0.000000
v 0.096491 -0.011066 0.000000
v 0.093640 -0.010860 0.000000
v 0.096242 -0.010646 0.000000
v 0.093860 -0.010425 0.000000
v 0.096052 -0.010197 0.000000
v 0.094020 -0.009964 0.000000
v 0.095923 -0.009727 0.000000
v 0.094117 -0.009486 0.000000
v 0.095858 -0.009244 0.000000
v 0.094150 -0.009000 0.000000
v 0.095858 -0.008756 0.000000
v 0.094117 -0.008514 0.000000
v 0.095923 -0.008273 0.000000
v 0.094020 -0.008036 0.000000
v 0.096052 -0.007803 0.000000
v 0.093860 -0.007575 0.000000
v 0.096242 -0.007354 0.000000
v 0.093640 -0.007140 0.000000
v 0.096491 -0.006934 0.000000
v 0.093365 -0.006738 0.000000
v 0.096793 -0.006552 0.000000
v 0.093037 -0.006376 0.000000
v 0.097143 -0.006213 0.000000
v 0.092665 -0.006061 0.000000
v 0.097536 -0.005923 0.000000
v 0.092254 -0.005799 0.000000
v 0.097964 -0.005689 0.000000
v 0.091812 -0.005594 0.000000
v 0.098419 -0.005514 0.000000
v 0.091346 -0.005449 0.000000
v 0.098893 -0.005401 0.000000
v 0.090865 -0.005368 0.000000
v 0.098893 -0.003599 0.000000
v 0.090865 -0.003632 0.000000
v 0.091346 -0.003551 0.000000
v 0.006052 -0.007803 0.000000
v 0.006242 -0.007354 0.000000
v 0.006491 -0.006934 0.000000
v 0.006793 -0.006552 0.000000
v 0.007143 -0.006213 0.000000
v 0.007536 -0.005923 0.000000
v 0.007964 -0.005689 0.000000
v 0.007964 -0.003311 0.000000
v 0.008419 -0.003486 0.000000
v 0.007536 -0.003077 0.000000
v 0.007143 -0.002787 0.000000
v 0.006793 -0.002448 0.000000
v 0.006491 -0.002066 0.000000
v 0.006242 -0.001646 0.000000
v 0.006052 -0.001197 0.000000
v 0.005923 -0.000727 0.000000
v 0.005858 -0.000244 0.000000
v 0.005858 0.000244 0.000000
v 0.005923 0.000727 0.000000
v 0.006052 0.001197 0.000000
v 0.006242 0.001646 0.000000
v 0.006491 0.002066 0.000000
v 0.006793 0.002448 0.000000
v 0.007143 0.002787 0.000000
v 0.007536 0.003077 0.000000
v 0.007964 0.003311 0.000000
v 0.007964 0.005689 0.000000
v 0.008419 0.003486 0.000000
v 0.008419 0.005514 0.000000
v 0.008893 0.005401 0.000000
v 0.006793 0.006552 0.000000
v 0.007143 0.006213 0.000000
v 0.007536 0.005923 0.000000
v 0.006052 0.007803 0.000000
v 0.006242 0.007354 0.000000
v 0.148150 0.000000 0.000000
v 0.148117 -0.000486 0.000000
v 0.148020 -0.000964 0.000000
v 0.147860 -0.001425 0.000000
v 0.147640 -0.001860 0.000000
v 0.147365 -0.002262 0.000000
v 0.147037 -0.002624 0.000000
v 0.146665 -0.002939 0.000000
v 0.146254 -0.003201 0.000000
v 0.146254 -0.005799 0.000000
v 0.145812 -0.003406 0.000000
v 0.145812 -0.005594 0.000000
v 0.145346 -0.003551 0.000000
v 0.145346 -0.005449 0.000000
v 0.144865 -0.003632 0.000000
v 0.144865 -0.005368 0.000000
v 0.144378 -0.003648 0.000000
v 0.144378 -0.005352 0.000000
v 0.143893 -0.005401 0.000000
v 0.147365 -0.006738 0.000000
v 0.147037 -0.006376 0.000000
v 0.146665 -0.006061 0.000000
v 0.147860 -0.007575 0.000000
v 0.147640 -0.007140 0.000000
v 0.147860 0.007575 0.000000
v 0.147640 0.007140 0.000000
v 0.147365 0.006738 0.000000
v 0.147037 0.006376 0.000000
v 0.146665 0.006061 0.000000
v 0.146254 0.005799 0.000000
v 0.146254 0.003201 0.000000
v 0.145812 0.003406 0.000000
v 0.146665 0.002939 0.000000
v 0.147037 0.002624 0.000000
v 0.147365 0.002262 0.000000
v 0.147640 0.001860 0.000000
v 0.147860 0.001425 0.000000
v 0.148020 0.000964 0.000000
v 0.148117 0.000486 0.000000
v 0.130117 -0.008514 0.000000
v 0.131858 -0.008756 0.000000
v 0.130150 -0.009000 0.000000
v 0.131858 -0.009244 0.000000
v 0.130117 -0.009486 0.000000
v 0.131923 -0.009727 0.000000
v 0.130020 -0.009964 0.000000
v 0.132052 -0.010197 0.000000
v 0.129860 -0.010425 0.000000
v 0.132242 -0.010646 0.000000
v 0.129640 -0.010860 0.000000
v 0.132491 -0.011066 0.000000
v 0.129365 -0.011262 0.000000
v 0.132793 -0.011448 0.000000
v 0.129037 -0.011624 0.000000
v 0.133143 -0.011787 0.000000
v 0.128665 -0.011939 0.000000
v 0.133536 -0.012077 0.000000
v 0.128254 -0.012201 0.000000
v 0.133964 -0.012311 0.000000
v 0.127812 -0.012406 0.000000
v 0.134419 -0.012486 0.000000
v 0.127346 -0.012551 0.000000
v 0.134893 -0.012599 0.000000
v 0.126865 -0.012632 0.000000
v 0.135378 -0.012648 0.000000
v 0.126378 -0.012648 0.000000
v 0.117378 -0.012648 0.000000
v 0.108378 -0.012648 0.000000
v 0.108865 -0.012632 0.000000
v 0.131923 -0.008273 0.000000
v 0.130020 -0.008036 0.000000
v 0.132052 -0.007803 0.000000
v 0.129860 -0.007575 0.000000
v 0.132242 -0.007354 0.000000
v 0.129640 -0.007140 0.000000
v 0.132491 -0.006934 0.000000
v 0.129365 -0.006738 0.000000
v 0.132793 -0.006552 0.000000
v 0.129037 -0.006376 0.000000
v 0.133143 -0.006213 0.000000
v 0.128665 -0.006061 0.000000
v 0.133536 -0.005923 0.000000
v 0.128254 -0.005799 0.000000
v 0.133964 -0.005689 0.000000
v 0.127812 -0.005594 0.000000
v 0.134419 -0.005514 0.000000
v 0.127346 -0.005449 0.000000
v 0.134893 -0.005401 0.000000
v 0.126865 -0.005368 0.000000
v 0.134893 -0.003599 0.000000
v 0.126865 -0.003632 0.000000
v 0.127346 -0.003551 0.000000
v 0.126378 -0.003648 0.000000
v 0.126378 -0.005352 0.000000
v 0.125893 -0.005401 0.000000
v 0.125419 -0.005514 0.000000
v 0.118346 -0.005449 0.000000
v 0.117865 -0.005368 0.000000
v 0.125893 -0.003599 0.000000
v 0.117865 -0.003632 0.000000
v 0.118346 -0.003551 0.000000
v 0.118812 -0.005594 0.000000
v 0.124964 -0.005689 0.000000
v 0.119254 -0.005799 0.000000
v 0.124536 -0.005923 0.000000
v 0.119665 -0.006061 0.000000
v 0.124143 -0.006213 0.000000
v 0.120037 -0.006376 0.000000
v 0.123793 -0.006552 0.000000
v 0.120365 -0.006738 0.000000
v 0.123491 -0.006934 0.000000
v 0.120640 -0.007140 0.000000
v 0.123242 -0.007354 0.000000
v 0.120860 -0.007575 0.000000
v 0.123052 -0.007803 0.000000
v 0.121020 -0.008036 0.000000
v 0.122923 -0.008273 0.000000
v 0.121117 -0.008514 0.000000
v 0.122858 -0.008756 0.000000
v 0.121150 -0.009000 0.000000
v 0.122858 -0.009244 0.000000
v 0.121117 -0.009486 0.000000
v 0.122923 -0.009727 0.000000
v 0.121020 -0.009964 0.000000
v 0.123052 -0.010197 0.000000
v 0.120860 -0.010425 0.000000
v 0.123242 -0.010646 0.000000
v 0.120640 -0.010860 0.000000
v 0.123491 -0.011066 0.000000
v 0.120365 -0.011262 0.000000
v 0.123793 -0.011448 0.000000
v 0.120037 -0.011624 0.000000
v 0.124143 -0.011787 0.000000
v 0.119665 -0.011939 0.000000
v 0.124536 -0.012077 0.000000
v 0.119254 -0.012201 0.000000
v 0.124964 -0.012311 0.000000
v 0.118812 -0.012406 0.000000
v 0.125419 -0.012486 0.000000
v 0.118346 -0.012551 0.000000
v 0.125893 -0.012599 0.000000
v 0.117865 -0.012632 0.000000
v 0.090378 -0.003648 0.000000
v 0.090378 -0.005352 0.000000
v 0.089893 -0.005401 0.000000
v 0.089419 -0.005514 0.000000
v 0.082346 -0.005449 0.000000
v 0.081865 -0.005368 0.000000
v 0.089893 -0.003599 0.000000
v 0.081865 -0.003632 0.000000
v 0.082346 -0.003551 0.000000
v 0.082812 -0.005594 0.000000
v 0.088964 -0.005689 0.000000
v 0.083254 -0.005799 0.000000
v 0.088536 -0.005923 0.000000
v 0.083665 -0.006061 0.000000
v 0.088143 -0.006213 0.000000
v 0.084037 -0.006376 0.000000
v 0.087793 -0.006552 0.000000
v 0.084365 -0.006738 0.000000
v 0.087491 -0.006934 0.000000
v 0.084640 -0.007140 0.000000
v 0.087242 -0.007354 0.000000
v 0.084860 -0.007575 0.000000
v 0.087052 -0.007803 0.000000
v 0.085020 -0.008036 0.000000
v 0.086923 -0.008273 0.000000
v 0.085117 -0.008514 0.000000
v 0.086858 -0.008756 0.000000
v 0.085150 -0.009000 0.000000
v 0.086858 -0.009244 0.000000
v 0.085117 -0.009486 0.000000
v 0.086923 -0.009727 0.000000
v 0.085020 -0.009964 0.000000
v 0.087052 -0.010197 0.000000
v 0.084860 -0.010425 0.000000
v 0.087242 -0.010646 0.000000
v 0.084640 -0.010860 0.000000
v 0.087491 -0.011066 0.000000
v 0.084365 -0.011262 0.000000
v 0.087793 -0.011448 0.000000
v 0.084037 -0.011624 0.000000
v 0.088143 -0.011787 0.000000
v 0.083665 -0.011939 0.000000
v 0.088536 -0.012077 0.000000
v 0.083254 -0.012201 0.000000
v 0.088964 -0.012311 0.000000
v 0.082812 -0.012406 0.000000
v 0.089419 -0.012486 0.000000
v 0.082346 -0.012551 0.000000
v 0.089893 -0.012599 0.000000
v 0.081865 -0.012632 0.000000
v 0.058117 -0.008514 0.000000
v 0.059858 -0.008756 0.000000
v 0.058150 -0.009000 0.000000
v 0.059858 -0.009244 0.000000
v 0.058117 -0.009486 0.000000
v 0.059923 -0.009727 0.000000
v 0.058020 -0.009964 0.000000
v 0.060052 -0.010197 0.000000
v 0.057860 -0.010425 0.000000
v 0.060242 -0.010646 0.000000
v 0.057640 -0.010860 0.000000
v 0.060491 -0.011066 0.000000
v 0.057365 -0.011262 0.000000
v 0.060793 -0.011448 0.000000
v 0.057037 -0.011624 0.000000
v 0.061143 -0.011787 0.000000
v 0.056665 -0.011939 0.000000
v 0.061536 -0.012077 0.000000
v 0.056254 -0.012201 0.000000
v 0.061964 -0.012311 0.000000
v 0.055812 -0.012406 0.000000
v 0.062419 -0.012486 0.000000
v 0.055346 -0.012551 0.000000
v 0.062893 -0.012599 0.000000
v 0.054865 -0.012632 0.000000
v 0.063378 -0.012648 0.000000
v 0.054378 -0.012648 0.000000
v 0.045378 -0.012648 0.000000
v 0.036378 -0.012648 0.000000
v 0.036865 -0.012632 0.000000
v 0.059923 -0.008273 0.000000
v 0.058020 -0.008036 0.000000
v 0.060052 -0.007803 0.000000
v 0.057860 -0.007575 0.000000
v 0.060242 -0.007354 0.000000
v 0.057640 -0.007140 0.000000
v 0.060491 -0.006934 0.000000
v 0.057365 -0.006738 0.000000
v 0.060793 -0.006552 0.000000
v 0.057037 -0.006376 0.000000
v 0.061143 -0.006213 0.000000
v 0.056665 -0.006061 0.000000
v 0.061536 -0.005923 0.000000
v 0.056254 -0.005799 0.000000
v 0.061964 -0.005689 0.000000
v 0.055812 -0.005594 0.000000
v 0.062419 -0.005514 0.000000
v 0.055346 -0.005449 0.000000
v 0.062893 -0.005401 0.000000
v 0.054865 -0.005368 0.000000
v 0.062893 -0.003599 0.000000
v 0.054865 -0.003632 0.000000
v 0.055346 -0.003551 0.000000
v 0.054378 -0.003648 0.000000
v 0.054378 -0.005352 0.000000
v 0.053893 -0.005401 0.000000
v 0.053419 -0.005514 0.000000
v 0.046346 -0.005449 0.000000
v 0.045865 -0.005368 0.000000
v 0.053893 -0.003599 0.000000
v 0.045865 -0.003632 0.000000
v 0.046346 -0.003551 0.000000
v 0.046812 -0.005594 0.000000
v 0.052964 -0.005689 0.000000
v 0.047254 -0.005799 0.000000
v 0.052536 -0.005923 0.000000
v 0.047665 -0.006061 0.000000
v 0.052143 -0.006213 0.000000
v 0.048037 -0.006376 0.000000
v 0.051793 -0.006552 0.000000
v 0.048365 -0.006738 0.000000
v 0.051491 -0.006934 0.000000
v 0.048640 -0.007140 0.000000
v 0.051242 -0.007354 0.000000
v 0.048860 -0.007575 0.000000
v 0.051052 -0.007803 0.000000
v 0.049020 -0.008036 0.000000
v 0.050923 -0.008273 0.000000
v 0.049117 -0.008514 0.000000
v 0.050858 -0.008756 0.000000
v 0.049150 -0.009000 0.000000
v 0.050858 -0.009244 0.000000
v 0.049117 -0.009486 0.000000
v 0.050923 -0.009727 0.000000
v 0.049020 -0.009964 0.000000
v 0.051052 -0.010197 0.000000
v 0.048860 -0.010425 0.000000
v 0.051242 -0.010646 0.000000
v 0.048640 -0.010860 0.000000
v 0.051491 -0.011066 0.000000
v 0.048365 -0.011262 0.000000
v 0.051793 -0.011448 0.000000
v 0.048037 -0.011624 0.000000
v 0.052143 -0.011787 0.000000
v 0.047665 -0.011939 0.000000
v 0.052536 -0.012077 0.000000
v 0.047254 -0.012201 0.000000
v 0.052964 -0.012311 0.000000
v 0.046812 -0.012406 0.000000
v 0.053419 -0.012486 0.000000
v 0.046346 -0.012551 0.000000
v 0.053893 -0.012599 0.000000
v 0.045865 -0.012632 0.000000
v 0.031117 -0.008514 0.000000
v 0.032858 -0.008756 0.000000
v 0.031150 -0.009000 0.000000
v 0.032858 -0.009244 0.000000
v 0.031117 -0.009486 0.000000
v 0.032923 -0.009727 0.000000
v 0.031020 -0.009964 0.000000
v 0.033052 -0.010197 0.000000
v 0.030860 -0.010425 0.000000
v 0.033242 -0.010646 0.000000
v 0.030640 -0.010860 0.000000
v 0.033491 -0.011066 0.000000
v 0.030365 -0.011262 0.000000
v 0.033793 -0.011448 0.000000
v 0.030037 -0.011624 0.000000
v 0.034143 -0.011787 0.000000
v 0.029665 -0.011939 0.000000
v 0.034536 -0.012077 0.000000
v 0.029254 -0.012201 0.000000
v 0.034964 -0.012311 0.000000
v 0.028812 -0.012406 0.000000
v 0.035419 -0.012486 0.000000
v 0.028346 -0.012551 0.000000
v 0.035893 -0.012599 0.000000
v 0.027865 -0.012632 0.000000
v 0.027378 -0.012648 0.000000
v 0.032923 -0.008273 0.000000
v 0.031020 -0.008036 0.000000
v 0.033052 -0.007803 0.000000
v 0.030860 -0.007575 0.000000
v 0.033242 -0.007354 0.000000
v 0.030640 -0.007140 0.000000
v 0.033491 -0.006934 0.000000
v 0.030365 -0.006738 0.000000
v 0.033793 -0.006552 0.000000
v 0.030037 -0.006376 0.000000
v 0.034143 -0.006213 0.000000
v 0.029665 -0.006061 0.000000
v 0.034536 -0.005923 0.000000
v 0.029254 -0.005799 0.000000
v 0.034964 -0.005689 0.000000
v 0.028812 -0.005594 0.000000
v 0.035419 -0.005514 0.000000
v 0.028346 -0.005449 0.000000
v 0.035893 -0.005401 0.000000
v 0.027865 -0.005368 0.000000
v 0.035893 -0.003599 0.000000
v 0.027865 -0.003632 0.000000
v 0.028346 -0.003551 0.000000
v 0.027378 -0.003648 0.000000
v 0.027378 -0.005352 0.000000
v 0.026893 -0.005401 0.000000
v 0.026419 -0.005514 0.000000
v 0.019346 -0.005449 0.000000
v 0.018865 -0.005368 0.000000
v 0.026893 -0.003599 0.000000
v 0.018865 -0.003632 0.000000
v 0.019346 -0.003551 0.000000
v 0.019812 -0.005594 0.000000
v 0.025964 -0.005689 0.000000
v 0.020254 -0.005799 0.000000
v 0.025536 -0.005923 0.000000
v 0.020665 -0.006061 0.000000
v 0.025143 -0.006213 0.000000
v 0.021037 -0.006376 0.000000
v 0.024793 -0.006552 0.000000
v 0.021365 -0.006738 0.000000
v 0.024491 -0.006934 0.000000
v 0.021640 -0.007140 0.000000
v 0.024242 -0.007354 0.000000
v 0.021860 -0.007575 0.000000
v 0.024052 -0.007803 0.000000
v 0.022020 -0.008036 0.000000
v 0.023923 -0.008273 0.000000
v 0.022117 -0.008514 0.000000
v 0.023858 -0.008756 0.000000
v 0.022150 -0.009000 0.000000
v 0.023858 -0.009244 0.000000
v 0.022117 -0.009486 0.000000
v 0.023923 -0.009727 0.000000
v 0.022020 -0.009964 0.000000
v 0.024052 -0.010197 0.000000
v 0.021860 -0.010425 0.000000
v 0.024242 -0.010646 0.000000
v 0.021640 -0.010860 0.000000
v 0.024491 -0.011066 0.000000
v 0.021365 -0.011262 0.000000
v 0.024793 -0.011448 0.000000
v 0.021037 -0.011624 0.000000
v 0.025143 -0.011787 0.000000
v 0.020665 -0.011939 0.000000
v 0.025536 -0.012077 0.000000
v 0.020254 -0.012201 0.000000
v 0.025964 -0.012311 0.000000
v 0.019812 -0.012406 0.000000
v 0.026419 -0.012486 0.000000
v 0.019346 -0.012551 0.000000
v 0.026893 -0.012599 0.000000
v 0.018865 -0.012632 0.000000
v 0.022117 0.009486 0.000000
v 0.023858 0.009244 0.000000
v 0.022150 0.009000 0.000000
v 0.023858 0.008756 0.000000
v 0.022117 0.008514 0.000000
v 0.023923 0.008273 0.000000
v 0.022020 0.008036 0.000000
v 0.024052 0.007803 0.000000
v 0.021860 0.007575 0.000000
v 0.024242 0.007354 0.000000
v 0.021640 0.007140 0.000000
v 0.024491 0.006934 0.000000
v 0.021365 0.006738 0.000000
v 0.024793 0.006552 0.000000
v 0.021037 0.006376 0.000000
v 0.025143 0.006213 0.000000
v 0.020665 0.006061 0.000000
v 0.025536 0.005923 0.000000
v 0.020254 0.005799 0.000000
v 0.025964 0.005689 0.000000
v 0.019812 0.005594 0.000000
v 0.026419 0.005514 0.000000
v 0.019346 0.005449 0.000000
v 0.026893 0.005401 0.000000
v 0.018865 0.005368 0.000000
v 0.018865 0.003632 0.000000
v 0.018378 0.005352 0.000000
v 0.018378 0.003648 0.000000
v 0.017893 0.003599 0.000000
v 0.023923 0.009727 0.000000
v 0.022020 0.009964 0.000000
v 0.024052 0.010197 0.000000
v 0.021860 0.010425 0.000000
v 0.024242 0.010646 0.000000
v 0.021640 0.010860 0.000000
v 0.024491 0.011066 0.000000
v 0.021365 0.011262 0.000000
v 0.024793 0.011448 0.000000
v 0.021037 0.011624 0.000000
v 0.025143 0.011787 0.000000
v 0.020665 0.011939 0.000000
v 0.025536 0.012077 0.000000
v 0.020254 0.012201 0.000000
v 0.025964 0.012311 0.000000
v 0.019812 0.012406 0.000000
v 0.026419 0.012486 0.000000
v 0.019346 0.012551 0.000000
v 0.026893 0.012599 0.000000
v 0.018865 0.012632 0.000000
v 0.027378 0.012648 0.000000
v 0.018378 0.012648 0.000000
v 0.009865 0.012632 0.000000
v 0.017893 0.012599 0.000000
v 0.010346 0.012551 0.000000
v 0.017419 0.012486 0.000000
v 0.010812 0.012406 0.000000
v 0.016964 0.012311 0.000000
v 0.011254 0.012201 0.000000
v 0.016536 0.012077 0.000000
v 0.011665 0.011939 0.000000
v 0.016143 0.011787 0.000000
v 0.012037 0.011624 0.000000
v 0.015793 0.011448 0.000000
v 0.012365 0.011262 0.000000
v 0.015491 0.011066 0.000000
v 0.012640 0.010860 0.000000
v 0.015242 0.010646 0.000000
v 0.012860 0.010425 0.000000
v 0.015052 0.010197 0.000000
v 0.013020 0.009964 0.000000
v 0.014923 0.009727 0.000000
v 0.013117 0.009486 0.000000
v 0.014858 0.009244 0.000000
v 0.013150 0.009000 0.000000
v 0.014858 0.008756 0.000000
v 0.013117 0.008514 0.000000
v 0.014923 0.008273 0.000000
v 0.013020 0.008036 0.000000
v 0.015052 0.007803 0.000000
v 0.012860 0.007575 0.000000
v 0.015242 0.007354 0.000000
v 0.012640 0.007140 0.000000
v 0.015491 0.006934 0.000000
v 0.012365 0.006738 0.000000
v 0.015793 0.006552 0.000000
v 0.012037 0.006376 0.000000
v 0.016143 0.006213 0.000000
v 0.011665 0.006061 0.000000
v 0.016536 0.005923 0.000000
v 0.011254 0.005799 0.000000
v 0.016964 0.005689 0.000000
v 0.010812 0.005594 0.000000
v 0.017419 0.005514 0.000000
v 0.010346 0.005449 0.000000
v 0.017893 0.005401 0.000000
v 0.009865 0.005368 0.000000
v 0.009865 0.003632 0.000000
v 0.009378 0.005352 0.000000
v 0.009378 0.003648 0.000000
v 0.008893 0.003599 0.000000
v 0.135378 0.012648 0.000000
v 0.126378 0.012648 0.000000
v 0.117378 0.012648 0.000000
v 0.117865 0.012632 0.000000
v 0.125893 0.012599 0.000000
v 0.118346 0.012551 0.000000
v 0.125419 0.012486 0.000000
v 0.118812 0.012406 0.000000
v 0.124964 0.012311 0.000000
v 0.119254 0.012201 0.000000
v 0.124536 0.012077 0.000000
v 0.119665 0.011939 0.000000
v 0.124143 0.011787 0.000000
v 0.120037 0.011624 0.000000
v 0.123793 0.011448 0.000000
v 0.120365 0.011262 0.000000
v 0.123491 0.011066 0.000000
v 0.120640 0.010860 0.000000
v 0.123242 0.010646 0.000000
v 0.120860 0.010425 0.000000
v 0.123052 0.010197 0.000000
v 0.121020 0.009964 0.000000
v 0.122923 0.009727 0.000000
v 0.121117 0.009486 0.000000
v 0.122858 0.009244 0.000000
v 0.121150 0.009000 0.000000
v 0.122858 0.008756 0.000000
v 0.121117 0.008514 0.000000
v 0.122923 0.008273 0.000000
v 0.121020 0.008036 0.000000
v 0.123052 0.007803 0.000000
v 0.120860 0.007575 0.000000
v 0.123242 0.007354 0.000000
v 0.120640 0.007140 0.000000
v 0.123491 0.006934 0.000000
v 0.120365 0.006738 0.000000
v 0.123793 0.006552 0.000000
v 0.120037 0.006376 0.000000
v 0.124143 0.006213 0.000000
v 0.119665 0.006061 0.000000
v 0.124536 0.005923 0.000000
v 0.119254 0.005799 0.000000
v 0.124964 0.005689 0.000000
v 0.118812 0.005594 0.000000
v 0.125419 0.005514 0.000000
v 0.118346 0.005449 0.000000
v 0.125893 0.005401 0.000000
v 0.117865 0.005368 0.000000
v 0.117865 0.003632 0.000000
v 0.117378 0.005352 0.000000
v 0.117378 0.003648 0.000000
v 0.116893 0.003599 0.000000
v 0.126865 0.012632 0.000000
v 0.134893 0.012599 0.000000
v 0.127346 0.012551 0.000000
v 0.134419 0.012486 0.000000
v 0.127812 0.012406 0.000000
v 0.133964 0.012311 0.000000
v 0.128254 0.012201 0.000000
v 0.133536 0.012077 0.000000
v 0.128665 0.011939 0.000000
v 0.133143 0.011787 0.000000
v 0.129037 0.011624 0.000000
v 0.132793 0.011448 0.000000
v 0.129365 0.011262 0.000000
v 0.132491 0.011066 0.000000
v 0.129640 0.010860 0.000000
v 0.132242 0.010646 0.000000
v 0.129860 0.010425 0.000000
v 0.132052 0.010197 0.000000
v 0.130020 0.009964 0.000000
v 0.131923 0.009727 0.000000
v 0.130117 0.009486 0.000000
v 0.131858 0.009244 0.000000
v 0.130150 0.009000 0.000000
v 0.131858 0.008756 0.000000
v 0.130117 0.008514 0.000000
v 0.131923 0.008273 0.000000
v 0.130020 0.008036 0.000000
v 0.132052 0.007803 0.000000
v 0.129860 0.007575 0.000000
v 0.132242 0.007354 0.000000
v 0.129640 0.007140 0.000000
v 0.132491 0.006934 0.000000
v 0.129365 0.006738 0.000000
v 0.132793 0.006552 0.000000
v 0.129037 0.006376 0.000000
v 0.133143 0.006213 0.000000
v 0.128665 0.006061 0.000000
v 0.133536 0.005923 0.000000
v 0.128254 0.005799 0.000000
v 0.133964 0.005689 0.000000
v 0.127812 0.005594 0.000000
v 0.134419 0.005514 0.000000
v 0.127346 0.005449 0.000000
v 0.134893 0.005401 0.000000
v 0.126865 0.005368 0.000000
v 0.126865 0.003632 0.000000
v 0.126378 0.005352 0.000000
v 0.126378 0.003648 0.000000
v 0.125893 0.003599 0.000000
v 0.103117 0.009486 0.000000
v 0.104858 0.009244 0.000000
v 0.103150 0.009000 0.000000
v 0.104858 0.008756 0.000000
v 0.103117 0.008514 0.000000
v 0.104923 0.008273 0.000000
v 0.103020 0.008036 0.000000
v 0.105052 0.007803 0.000000
v 0.102860 0.007575 0.000000
v 0.105242 0.007354 0.000000
v 0.102640 0.007140 0.000000
v 0.105491 0.006934 0.000000
v 0.102365 0.006738 0.000000
v 0.105793 0.006552 0.000000
v 0.102037 0.006376 0.000000
v 0.106143 0.006213 0.000000
v 0.101665 0.006061 0.000000
v 0.106536 0.005923 0.000000
v 0.101254 0.005799 0.000000
v 0.106964 0.005689 0.000000
v 0.100812 0.005594 0.000000
v 0.107419 0.005514 0.000000
v 0.100346 0.005449 0.000000
v 0.107893 0.005401 0.000000
v 0.099865 0.005368 0.000000
v 0.099865 0.003632 0.000000
v 0.099378 0.005352 0.000000
v 0.099378 0.003648 0.000000
v 0.098893 0.003599 0.000000
v 0.104923 0.009727 0.000000
v 0.103020 0.009964 0.000000
v 0.105052 0.010197 0.000000
v 0.102860 0.010425 0.000000
v 0.105242 0.010646 0.000000
v 0.102640 0.010860 0.000000
v 0.105491 0.011066 0.000000
v 0.102365 0.011262 0.000000
v 0.105793 0.011448 0.000000
v 0.102037 0.011624 0.000000
v 0.106143 0.011787 0.000000
v 0.101665 0.011939 0.000000
v 0.106536 0.012077 0.000000
v 0.101254 0.012201 0.000000
v 0.106964 0.012311 0.000000
v 0.100812 0.012406 0.000000
v 0.107419 0.012486 0.000000
v 0.100346 0.012551 0.000000
v 0.107893 0.012599 0.000000
v 0.099865 0.012632 0.000000
v 0.108378 0.012648 0.000000
v 0.099378 0.012648 0.000000
v 0.090378 0.012648 0.000000
v 0.081865 0.012632 0.000000
v 0.089893 0.012599 0.000000
v 0.082346 0.012551 0.000000
v 0.089419 0.012486 0.000000
v 0.082812 0.012406 0.000000
v 0.088964 0.012311 0.000000
v 0.083254 0.012201 0.000000
v 0.088536 0.012077 0.000000
v 0.083665 0.011939 0.000000
v 0.088143 0.011787 0.000000
v 0.084037 0.011624 0.000000
v 0.087793 0.011448 0.000000
v 0.084365 0.011262 0.000000
v 0.087491 0.011066 0.000000
v 0.084640 0.010860 0.000000
v 0.087242 0.010646 0.000000
v 0.084860 0.010425 0.000000
v 0.087052 0.010197 0.000000
v 0.085020 0.009964 0.000000
v 0.086923 0.009727 0.000000
v 0.085117 0.009486 0.000000
v 0.086858 0.009244 0.000000
v 0.085150 0.009000 0.000000
v 0.086858 0.008756 0.000000
v 0.085117 0.008514 0.000000
v 0.086923 0.008273 0.000000
v 0.085020 0.008036 0.000000
v 0.087052 0.007803 0.000000
v 0.084860 0.007575 0.000000
v 0.087242 0.007354 0.000000
v 0.084640 0.007140 0.000000
v 0.087491 0.006934 0.000000
v 0.084365 0.006738 0.000000
v 0.087793 0.006552 0.000000
v 0.084037 0.006376 0.000000
v 0.088143 0.006213 0.000000
v 0.083665 0.006061 0.000000
v 0.088536 0.005923 0.000000
v 0.083254 0.005799 0.000000
v 0.088964 0.005689 0.000000
v 0.082812 0.005594 0.000000
v 0.089419 0.005514 0.000000
v 0.082346 0.005449 0.000000
v 0.089893 0.005401 0.000000
v 0.081865 0.005368 0.000000
v 0.081865 0.003632 0.000000
v 0.081378 0.005352 0.000000
v 0.081378 0.003648 0.000000
v 0.080893 0.003599 0.000000
v 0.090865 0.012632 0.000000
v 0.098893 0.012599 0.000000
v 0.091346 0.012551 0.000000
v 0.098419 0.012486 0.000000
v 0.091812 0.012406 0.000000
v 0.097964 0.012311 0.000000
v 0.092254 0.012201 0.000000
v 0.097536 0.012077 0.000000
v 0.092665 0.011939 0.000000
v 0.097143 0.011787 0.000000
v 0.093037 0.011624 0.000000
v 0.096793 0.011448 0.000000
v 0.093365 0.011262 0.000000
v 0.096491 0.011066 0.000000
v 0.093640 0.010860 0.000000
v 0.096242 0.010646 0.000000
v 0.093860 0.010425 0.000000
v 0.096052 0.010197 0.000000
v 0.094020 0.009964 0.000000
v 0.095923 0.009727 0.000000
v 0.094117 0.009486 0.000000
v 0.095858 0.009244 0.000000
v 0.094150 0.009000 0.000000
v 0.095858 0.008756 0.000000
v 0.094117 0.008514 0.000000
v 0.095923 0.008273 0.000000
v 0.094020 0.008036 0.000000
v 0.096052 0.007803 0.000000
v 0.093860 0.007575 0.000000
v 0.096242 0.007354 0.000000
v 0.093640 0.007140 0.000000
v 0.096491 0.006934 0.000000
v 0.093365 0.006738 0.000000
v 0.096793 0.006552 0.000000
v 0.093037 0.006376 0.000000
v 0.097143 0.006213 0.000000
v 0.092665 0.006061 0.000000
v 0.097536 0.005923 0.000000
v 0.092254 0.005799 0.000000
v 0.097964 0.005689 0.000000
v 0.091812 0.005594 0.000000
v 0.098419 0.005514 0.000000
v 0.091346 0.005449 0.000000
v 0.098893 0.005401 0.000000
v 0.090865 0.005368 0.000000
v 0.090865 0.003632 0.000000
v 0.090378 0.005352 0.000000
v 0.090378 0.003648 0.000000
v 0.089893 0.003599 0.000000
v 0.013117 0.000486 0.000000
v 0.014858 0.000244 0.000000
v 0.013150 0.000000 0.000000
v 0.014858 -0.000244 0.000000
v 0.013117 -0.000486 0.000000
v 0.014923 -0.000727 0.000000
v 0.013020 -0.000964 0.000000
v 0.015052 -0.001197 0.000000
v 0.012860 -0.001425 0.000000
v 0.015242 -0.001646 0.000000
v 0.012640 -0.001860 0.000000
v 0.015491 -0.002066 0.000000
v 0.012365 -0.002262 0.000000
v 0.015793 -0.002448 0.000000
v 0.012037 -0.002624 0.000000
v 0.016143 -0.002787 0.000000
v 0.011665 -0.002939 0.000000
v 0.016536 -0.003077 0.000000
v 0.011254 -0.003201 0.000000
v 0.016964 -0.003311 0.000000
v 0.010812 -0.003406 0.000000
v 0.017419 -0.003486 0.000000
v 0.014923 0.000727 0.000000
v 0.013020 0.000964 0.000000
v 0.015052 0.001197 0.000000
v 0.012860 0.001425 0.000000
v 0.015242 0.001646 0.000000
v 0.012640 0.001860 0.000000
v 0.015491 0.002066 0.000000
v 0.012365 0.002262 0.000000
v 0.015793 0.002448 0.000000
v 0.012037 0.002624 0.000000
v 0.016143 0.002787 0.000000
v 0.011665 0.002939 0.000000
v 0.016536 0.003077 0.000000
v 0.011254 0.003201 0.000000
v 0.016964 0.003311 0.000000
v 0.010812 0.003406 0.000000
v 0.017419 0.003486 0.000000
v 0.010346 0.003551 0.000000
v 0.008419 -0.005514 0.000000
v 0.008893 -0.003599 0.000000
v 0.008893 -0.005401 0.000000
v 0.009378 -0.003648 0.000000
v 0.009378 -0.005352 0.000000
v 0.040117 0.009486 0.000000
v 0.041858 0.009244 0.000000
v 0.040150 0.009000 0.000000
v 0.041858 0.008756 0.000000
v 0.040117 0.008514 0.000000
v 0.041923 0.008273 0.000000
v 0.040020 0.008036 0.000000
v 0.042052 0.007803 0.000000
v 0.039860 0.007575 0.000000
v 0.042242 0.007354 0.000000
v 0.039640 0.007140 0.000000
v 0.042491 0.006934 0.000000
v 0.039365 0.006738 0.000000
v 0.042793 0.006552 0.000000
v 0.039037 0.006376 0.000000
v 0.043143 0.006213 0.000000
v 0.038665 0.006061 0.000000
v 0.043536 0.005923 0.000000
v 0.038254 0.005799 0.000000
v 0.043964 0.005689 0.000000
v 0.037812 0.005594 0.000000
v 0.044419 0.005514 0.000000
v 0.037346 0.005449 0.000000
v 0.044893 0.005401 0.000000
v 0.036865 0.005368 0.000000
v 0.036865 0.003632 0.000000
v 0.036378 0.005352 0.000000
v 0.036378 0.003648 0.000000
v 0.035893 0.003599 0.000000
v 0.041923 0.009727 0.000000
v 0.040020 0.009964 0.000000
v 0.042052 0.010197 0.000000
v 0.039860 0.010425 0.000000
v 0.042242 0.010646 0.000000
v 0.039640 0.010860 0.000000
v 0.042491 0.011066 0.000000
v 0.039365 0.011262 0.000000
v 0.042793 0.011448 0.000000
v 0.039037 0.011624 0.000000
v 0.043143 0.011787 0.000000
v 0.038665 0.011939 0.000000
v 0.043536 0.012077 0.000000
v 0.038254 0.012201 0.000000
v 0.043964 0.012311 0.000000
v 0.037812 0.012406 0.000000
v 0.044419 0.012486 0.000000
v 0.037346 0.012551 0.000000
v 0.044893 0.012599 0.000000
v 0.036865 0.012632 0.000000
v 0.045378 0.012648 0.000000
v 0.036378 0.012648 0.000000
v 0.027865 0.012632 0.000000
v 0.035893 0.012599 0.000000
v 0.028346 0.012551 0.000000
v 0.035419 0.012486 0.000000
v 0.028812 0.012406 0.000000
v 0.034964 0.012311 0.000000
v 0.029254 0.012201 0.000000
v 0.034536 0.012077 0.000000
v 0.029665 0.011939 0.000000
v 0.034143 0.011787 0.000000
v 0.030037 0.011624 0.000000
v 0.033793 0.011448 0.000000
v 0.030365 0.011262 0.000000
v 0.033491 0.011066 0.000000
v 0.030640 0.010860 0.000000
v 0.033242 0.010646 0.000000
v 0.030860 0.010425 0.000000
v 0.033052 0.010197 0.000000
v 0.031020 0.009964 0.000000
v 0.032923 0.009727 0.000000
v 0.031117 0.009486 0.000000
v 0.032858 0.009244 0.000000
v 0.031150 0.009000 0.000000
v 0.032858 0.008756 0.000000
v 0.031117 0.008514 0.000000
v 0.032923 0.008273 0.000000
v 0.031020 0.008036 0.000000
v 0.033052 0.007803 0.000000
v 0.030860 0.007575 0.000000
v 0.033242 0.007354 0.000000
v 0.030640 0.007140 0.000000
v 0.033491 0.006934 0.000000
v 0.030365 0.006738 0.000000
v 0.033793 0.006552 0.000000
v 0.030037 0.006376 0.000000
v 0.034143 0.006213 0.000000
v 0.029665 0.006061 0.000000
v 0.034536 0.005923 0.000000
v 0.029254 0.005799 0.000000
v 0.034964 0.005689 0.000000
v 0.028812 0.005594 0.000000
v 0.035419 0.005514 0.000000
v 0.028346 0.005449 0.000000
v 0.035893 0.005401 0.000000
v 0.027865 0.005368 0.000000
v 0.027865 0.003632 0.000000
v 0.027378 0.005352 0.000000
v 0.027378 0.003648 0.000000
v 0.026893 0.003599 0.000000
v 0.121117 0.000486 0.000000
v 0.122858 0.000244 0.000000
v 0.121150 0.000000 0.000000
v 0.122858 -0.000244 0.000000
v 0.121117 -0.000486 0.000000
v 0.122923 -0.000727 0.000000
v 0.121020 -0.000964 0.000000
v 0.123052 -0.001197 0.000000
v 0.120860 -0.001425 0.000000
v 0.123242 -0.001646 0.000000
v 0.120640 -0.001860 0.000000
v 0.123491 -0.002066 0.000000
v 0.120365 -0.002262 0.000000
v 0.123793 -0.002448 0.000000
v 0.120037 -0.002624 0.000000
v 0.124143 -0.002787 0.000000
v 0.119665 -0.002939 0.000000
v 0.124536 -0.003077 0.000000
v 0.119254 -0.003201 0.000000
v 0.124964 -0.003311 0.000000
v 0.118812 -0.003406 0.000000
v 0.125419 -0.003486 0.000000
v 0.122923 0.000727 0.000000
v 0.121020 0.000964 0.000000
v 0.123052 0.001197 0.000000
v 0.120860 0.001425 0.000000
v 0.123242 0.001646 0.000000
v 0.120640 0.001860 0.000000
v 0.123491 0.002066 0.000000
v 0.120365 0.002262 0.000000
v 0.123793 0.002448 0.000000
v 0.120037 0.002624 0.000000
v 0.124143 0.002787 0.000000
v 0.119665 0.002939 0.000000
v 0.124536 0.003077 0.000000
v 0.119254 0.003201 0.000000
v 0.124964 0.003311 0.000000
v 0.118812 0.003406 0.000000
v 0.125419 0.003486 0.000000
v 0.118346 0.003551 0.000000
v 0.116419 0.003486 0.000000
v 0.109346 0.003551 0.000000
v 0.108865 0.003632 0.000000
v 0.116893 0.005401 0.000000
v 0.108865 0.005368 0.000000
v 0.109346 0.005449 0.000000
v 0.109812 0.003406 0.000000
v 0.115964 0.003311 0.000000
v 0.110254 0.003201 0.000000
v 0.115536 0.003077 0.000000
v 0.110665 0.002939 0.000000
v 0.115143 0.002787 0.000000
v 0.111037 0.002624 0.000000
v 0.114793 0.002448 0.000000
v 0.111365 0.002262 0.000000
v 0.114491 0.002066 0.000000
v 0.111640 0.001860 0.000000
v 0.114242 0.001646 0.000000
v 0.111860 0.001425 0.000000
v 0.114052 0.001197 0.000000
v 0.112020 0.000964 0.000000
v 0.113923 0.000727 0.000000
v 0.112117 0.000486 0.000000
v 0.113858 0.000244 0.000000
v 0.112150 0.000000 0.000000
v 0.113858 -0.000244 0.000000
v 0.112117 -0.000486 0.000000
v 0.113923 -0.000727 0.000000
v 0.112020 -0.000964 0.000000
v 0.114052 -0.001197 0.000000
v 0.111860 -0.001425 0.000000
v 0.114242 -0.001646 0.000000
v 0.111640 -0.001860 0.000000
v 0.114491 -0.002066 0.000000
v 0.111365 -0.002262 0.000000
v 0.114793 -0.002448 0.000000
v 0.111037 -0.002624 0.000000
v 0.115143 -0.002787 0.000000
v 0.110665 -0.002939 0.000000
v 0.115536 -0.003077 0.000000
v 0.110254 -0.003201 0.000000
v 0.115964 -0.003311 0.000000
v 0.109812 -0.003406 0.000000
v 0.116419 -0.003486 0.000000
v 0.109346 -0.003551 0.000000
v 0.116893 -0.003599 0.000000
v 0.108865 -0.003632 0.000000
v 0.108865 -0.005368 0.000000
v 0.108378 -0.003648 0.000000
v 0.108378 -0.005352 0.000000
v 0.107893 -0.005401 0.000000
v 0.116893 -0.005401 0.000000
v 0.117378 -0.003648 0.000000
v 0.117378 -0.005352 0.000000
v 0.031117 0.000486 0.000000
v 0.032858 0.000244 0.000000
v 0.031150 0.000000 0.000000
v 0.032858 -0.000244 0.000000
v 0.031117 -0.000486 0.000000
v 0.032923 -0.000727 0.000000
v 0.031020 -0.000964 0.000000
v 0.033052 -0.001197 0.000000
v 0.030860 -0.001425 0.000000
v 0.033242 -0.001646 0.000000
v 0.030640 -0.001860 0.000000
v 0.033491 -0.002066 0.000000
v 0.030365 -0.002262 0.000000
v 0.033793 -0.002448 0.000000
v 0.030037 -0.002624 0.000000
v 0.034143 -0.002787 0.000000
v 0.029665 -0.002939 0.000000
v 0.034536 -0.003077 0.000000
v 0.029254 -0.003201 0.000000
v 0.034964 -0.003311 0.000000
v 0.028812 -0.003406 0.000000
v 0.035419 -0.003486 0.000000
v 0.032923 0.000727 0.000000
v 0.031020 0.000964 0.000000
v 0.033052 0.001197 0.000000
v 0.030860 0.001425 0.000000
v 0.033242 0.001646 0.000000
v 0.030640 0.001860 0.000000
v 0.033491 0.002066 0.000000
v 0.030365 0.002262 0.000000
v 0.033793 0.002448 0.000000
v 0.030037 0.002624 0.000000
v 0.034143 0.002787 0.000000
v 0.029665 0.002939 0.000000
v 0.034536 0.003077 0.000000
v 0.029254 0.003201 0.000000
v 0.034964 0.003311 0.000000
v 0.028812 0.003406 0.000000
v 0.035419 0.003486 0.000000
v 0.028346 0.003551 0.000000
v 0.026419 0.003486 0.000000
v 0.019346 0.003551 0.000000
v 0.019812 0.003406 0.000000
v 0.025964 0.003311 0.000000
v 0.020254 0.003201 0.000000
v 0.025536 0.003077 0.000000
v 0.020665 0.002939 0.000000
v 0.025143 0.002787 0.000000
v 0.021037 0.002624 0.000000
v 0.024793 0.002448 0.000000
v 0.021365 0.002262 0.000000
v 0.024491 0.002066 0.000000
v 0.021640 0.001860 0.000000
v 0.024242 0.001646 0.000000
v 0.021860 0.001425 0.000000
v 0.024052 0.001197 0.000000
v 0.022020 0.000964 0.000000
v 0.023923 0.000727 0.000000
v 0.022117 0.000486 0.000000
v 0.023858 0.000244 0.000000
v 0.022150 0.000000 0.000000
v 0.023858 -0.000244 0.000000
v 0.022117 -0.000486 0.000000
v 0.023923 -0.000727 0.000000
v 0.022020 -0.000964 0.000000
v 0.024052 -0.001197 0.000000
v 0.021860 -0.001425 0.000000
v 0.024242 -0.001646 0.000000
v 0.021640 -0.001860 0.000000
v 0.024491 -0.002066 0.000000
v 0.021365 -0.002262 0.000000
v 0.024793 -0.002448 0.000000
v 0.021037 -0.002624 0.000000
v 0.025143 -0.002787 0.000000
v 0.020665 -0.002939 0.000000
v 0.025536 -0.003077 0.000000
v 0.020254 -0.003201 0.000000
v 0.025964 -0.003311 0.000000
v 0.019812 -0.003406 0.000000
v 0.026419 -0.003486 0.000000
v 0.085117 0.000486 0.000000
v 0.086858 0.000244 0.000000
v 0.085150 0.000000 0.000000
v 0.086858 -0.000244 0.000000
v 0.085117 -0.000486 0.000000
v 0.086923 -0.000727 0.000000
v 0.085020 -0.000964 0.000000
v 0.087052 -0.001197 0.000000
v 0.084860 -0.001425 0.000000
v 0.087242 -0.001646 0.000000
v 0.084640 -0.001860 0.000000
v 0.087491 -0.002066 0.000000
v 0.084365 -0.002262 0.000000
v 0.087793 -0.002448 0.000000
v 0.084037 -0.002624 0.000000
v 0.088143 -0.002787 0.000000
v 0.083665 -0.002939 0.000000
v 0.088536 -0.003077 0.000000
v 0.083254 -0.003201 0.000000
v 0.088964 -0.003311 0.000000
v 0.082812 -0.003406 0.000000
v 0.089419 -0.003486 0.000000
v 0.086923 0.000727 0.000000
v 0.085020 0.000964 0.000000
v 0.087052 0.001197 0.000000
v 0.084860 0.001425 0.000000
v 0.087242 0.001646 0.000000
v 0.084640 0.001860 0.000000
v 0.087491 0.002066 0.000000
v 0.084365 0.002262 0.000000
v 0.087793 0.002448 0.000000
v 0.084037 0.002624 0.000000
v 0.088143 0.002787 0.000000
v 0.083665 0.002939 0.000000
v 0.088536 0.003077 0.000000
v 0.083254 0.003201 0.000000
v 0.088964 0.003311 0.000000
v 0.082812 0.003406 0.000000
v 0.089419 0.003486 0.000000
v 0.082346 0.003551 0.000000
v 0.080419 0.003486 0.000000
v 0.073346 0.003551 0.000000
v 0.072865 0.003632 0.000000
v 0.080893 0.005401 0.000000
v 0.072865 0.005368 0.000000
v 0.073346 0.005449 0.000000
v 0.073812 0.003406 0.000000
v 0.079964 0.003311 0.000000
v 0.074254 0.003201 0.000000
v 0.079536 0.003077 0.000000
v 0.074665 0.002939 0.000000
v 0.079143 0.002787 0.000000
v 0.075037 0.002624 0.000000
v 0.078793 0.002448 0.000000
v 0.075365 0.002262 0.000000
v 0.078491 0.002066 0.000000
v 0.075640 0.001860 0.000000
v 0.078242 0.001646 0.000000
v 0.075860 0.001425 0.000000
v 0.078052 0.001197 0.000000
v 0.076020 0.000964 0.000000
v 0.077923 0.000727 0.000000
v 0.076117 0.000486 0.000000
v 0.077858 0.000244 0.000000
v 0.076150 0.000000 0.000000
v 0.077858 -0.000244 0.000000
v 0.076117 -0.000486 0.000000
v 0.077923 -0.000727 0.000000
v 0.076020 -0.000964 0.000000
v 0.078052 -0.001197 0.000000
v 0.075860 -0.001425 0.000000
v 0.078242 -0.001646 0.000000
v 0.075640 -0.001860 0.000000
v 0.078491 -0.002066 0.000000
v 0.075365 -0.002262 0.000000
v 0.078793 -0.002448 0.000000
v 0.075037 -0.002624 0.000000
v 0.079143 -0.002787 0.000000
v 0.074665 -0.002939 0.000000
v 0.079536 -0.003077 0.000000
v 0.074254 -0.003201 0.000000
v 0.079964 -0.003311 0.000000
v 0.073812 -0.003406 0.000000
v 0.080419 -0.003486 0.000000
v 0.073346 -0.003551 0.000000
v 0.080893 -0.003599 0.000000
v 0.072865 -0.003632 0.000000
v 0.072865 -0.005368 0.000000
v 0.072378 -0.003648 0.000000
v 0.072378 -0.005352 0.000000
v 0.071893 -0.005401 0.000000
v 0.080893 -0.005401 0.000000
v 0.081378 -0.003648 0.000000
v 0.081378 -0.005352 0.000000
v 0.062893 0.012599 0.000000
v 0.054865 0.012632 0.000000
v 0.054378 0.012648 0.000000
v 0.055346 0.012551 0.000000
v 0.062419 0.012486 0.000000
v 0.055812 0.012406 0.000000
v 0.061964 0.012311 0.000000
v 0.056254 0.012201 0.000000
v 0.061536 0.012077 0.000000
v 0.056665 0.011939 0.000000
v 0.061143 0.011787 0.000000
v 0.057037 0.011624 0.000000
v 0.060793 0.011448 0.000000
v 0.057365 0.011262 0.000000
v 0.060491 0.011066 0.000000
v 0.057640 0.010860 0.000000
v 0.060242 0.010646 0.000000
v 0.057860 0.010425 0.000000
v 0.060052 0.010197 0.000000
v 0.058020 0.009964 0.000000
v 0.059923 0.009727 0.000000
v 0.058117 0.009486 0.000000
v 0.059858 0.009244 0.000000
v 0.058150 0.009000 0.000000
v 0.059858 0.008756 0.000000
v 0.058117 0.008514 0.000000
v 0.059923 0.008273 0.000000
v 0.058020 0.008036 0.000000
v 0.060052 0.007803 0.000000
v 0.057860 0.007575 0.000000
v 0.060242 0.007354 0.000000
v 0.057640 0.007140 0.000000
v 0.060491 0.006934 0.000000
v 0.057365 0.006738 0.000000
v 0.060793 0.006552 0.000000
v 0.057037 0.006376 0.000000
v 0.061143 0.006213 0.000000
v 0.056665 0.006061 0.000000
v 0.061536 0.005923 0.000000
v 0.056254 0.005799 0.000000
v 0.061964 0.005689 0.000000
v 0.055812 0.005594 0.000000
v 0.062419 0.005514 0.000000
v 0.055346 0.005449 0.000000
v 0.062893 0.005401 0.000000
v 0.054865 0.005368 0.000000
v 0.054865 0.003632 0.000000
v 0.054378 0.005352 0.000000
v 0.054378 0.003648 0.000000
v 0.053893 0.003599 0.000000
v 0.058117 0.000486 0.000000
v 0.059858 0.000244 0.000000
v 0.058150 0.000000 0.000000
v 0.059858 -0.000244 0.000000
v 0.058117 -0.000486 0.000000
v 0.059923 -0.000727 0.000000
v 0.058020 -0.000964 0.000000
v 0.060052 -0.001197 0.000000
v 0.057860 -0.001425 0.000000
v 0.060242 -0.001646 0.000000
v 0.057640 -0.001860 0.000000
v 0.060491 -0.002066 0.000000
v 0.057365 -0.002262 0.000000
v 0.060793 -0.002448 0.000000
v 0.057037 -0.002624 0.000000
v 0.061143 -0.002787 0.000000
v 0.056665 -0.002939 0.000000
v 0.061536 -0.003077 0.000000
v 0.056254 -0.003201 0.000000
v 0.061964 -0.003311 0.000000
v 0.055812 -0.003406 0.000000
v 0.062419 -0.003486 0.000000
v 0.059923 0.000727 0.000000
v 0.058020 0.000964 0.000000
v 0.060052 0.001197 0.000000
v 0.057860 0.001425 0.000000
v 0.060242 0.001646 0.000000
v 0.057640 0.001860 0.000000
v 0.060491 0.002066 0.000000
v 0.057365 0.002262 0.000000
v 0.060793 0.002448 0.000000
v 0.057037 0.002624 0.000000
v 0.061143 0.002787 0.000000
v 0.056665 0.002939 0.000000
v 0.061536 0.003077 0.000000
v 0.056254 0.003201 0.000000
v 0.061964 0.003311 0.000000
v 0.055812 0.003406 0.000000
v 0.062419 0.003486 0.000000
v 0.055346 0.003551 0.000000
v 0.053419 0.003486 0.000000
v 0.046346 0.003551 0.000000
v 0.045865 0.003632 0.000000
v 0.053893 0.005401 0.000000
v 0.045865 0.005368 0.000000
v 0.046346 0.005449 0.000000
v 0.046812 0.003406 0.000000
v 0.052964 0.003311 0.000000
v 0.047254 0.003201 0.000000
v 0.052536 0.003077 0.000000
v 0.047665 0.002939 0.000000
v 0.052143 0.002787 0.000000
v 0.048037 0.002624 0.000000
v 0.051793 0.002448 0.000000
v 0.048365 0.002262 0.000000
v 0.051491 0.002066 0.000000
v 0.048640 0.001860 0.000000
v 0.051242 0.001646 0.000000
v 0.048860 0.001425 0.000000
v 0.051052 0.001197 0.000000
v 0.049020 0.000964 0.000000
v 0.050923 0.000727 0.000000
v 0.049117 0.000486 0.000000
v 0.050858 0.000244 0.000000
v 0.049150 0.000000 0.000000
v 0.050858 -0.000244 0.000000
v 0.049117 -0.000486 0.000000
v 0.050923 -0.000727 0.000000
v 0.049020 -0.000964 0.000000
v 0.051052 -0.001197 0.000000
v 0.048860 -0.001425 0.000000
v 0.051242 -0.001646 0.000000
v 0.048640 -0.001860 0.000000
v 0.051491 -0.002066 0.000000
v 0.048365 -0.002262 0.000000
v 0.051793 -0.002448 0.000000
v 0.048037 -0.002624 0.000000
v 0.052143 -0.002787 0.000000
v 0.047665 -0.002939 0.000000
v 0.052536 -0.003077 0.000000
v 0.047254 -0.003201 0.000000
v 0.052964 -0.003311 0.000000
v 0.046812 -0.003406 0.000000
v 0.053419 -0.003486 0.000000
v 0.067117 0.000486 0.000000
v 0.068858 0.000244 0.000000
v 0.067150 0.000000 0.000000
v 0.068858 -0.000244 0.000000
v 0.067117 -0.000486 0.000000
v 0.068923 -0.000727 0.000000
v 0.067020 -0.000964 0.000000
v 0.069052 -0.001197 0.000000
v 0.066860 -0.001425 0.000000
v 0.069242 -0.001646 0.000000
v 0.066640 -0.001860 0.000000
v 0.069491 -0.002066 0.000000
v 0.066365 -0.002262 0.000000
v 0.069793 -0.002448 0.000000
v 0.066037 -0.002624 0.000000
v 0.070143 -0.002787 0.000000
v 0.065665 -0.002939 0.000000
v 0.070536 -0.003077 0.000000
v 0.065254 -0.003201 0.000000
v 0.070964 -0.003311 0.000000
v 0.064812 -0.003406 0.000000
v 0.071419 -0.003486 0.000000
v 0.064346 -0.003551 0.000000
v 0.071893 -0.003599 0.000000
v 0.063865 -0.003632 0.000000
v 0.063865 -0.005368 0.000000
v 0.063378 -0.003648 0.000000
v 0.063378 -0.005352 0.000000
v 0.068923 0.000727 0.000000
v 0.067020 0.000964 0.000000
v 0.069052 0.001197 0.000000
v 0.066860 0.001425 0.000000
v 0.069242 0.001646 0.000000
v 0.066640 0.001860 0.000000
v 0.069491 0.002066 0.000000
v 0.066365 0.002262 0.000000
v 0.069793 0.002448 0.000000
v 0.066037 0.002624 0.000000
v 0.070143 0.002787 0.000000
v 0.065665 0.002939 0.000000
v 0.070536 0.003077 0.000000
v 0.065254 0.003201 0.000000
v 0.070964 0.003311 0.000000
v 0.064812 0.003406 0.000000
v 0.071419 0.003486 0.000000
v 0.064346 0.003551 0.000000
v 0.071893 0.003599 0.000000
v 0.049117 0.009486 0.000000
v 0.050858 0.009244 0.000000
v 0.049150 0.009000 0.000000
v 0.050858 0.008756 0.000000
v 0.049117 0.008514 0.000000
v 0.050923 0.008273 0.000000
v 0.049020 0.008036 0.000000
v 0.051052 0.007803 0.000000
v 0.048860 0.007575 0.000000
v 0.051242 0.007354 0.000000
v 0.048640 0.007140 0.000000
v 0.051491 0.006934 0.000000
v 0.048365 0.006738 0.000000
v 0.051793 0.006552 0.000000
v 0.048037 0.006376 0.000000
v 0.052143 0.006213 0.000000
v 0.047665 0.006061 0.000000
v 0.052536 0.005923 0.000000
v 0.047254 0.005799 0.000000
v 0.052964 0.005689 0.000000
v 0.046812 0.005594 0.000000
v 0.053419 0.005514 0.000000
v 0.050923 0.009727 0.000000
v 0.049020 0.009964 0.000000
v 0.051052 0.010197 0.000000
v 0.048860 0.010425 0.000000
v 0.051242 0.010646 0.000000
v 0.048640 0.010860 0.000000
v 0.051491 0.011066 0.000000
v 0.048365 0.011262 0.000000
v 0.051793 0.011448 0.000000
v 0.048037 0.011624 0.000000
v 0.052143 0.011787 0.000000
v 0.047665 0.011939 0.000000
v 0.052536 0.012077 0.000000
v 0.047254 0.012201 0.000000
v 0.052964 0.012311 0.000000
v 0.046812 0.012406 0.000000
v 0.053419 0.012486 0.000000
v 0.046346 0.012551 0.000000
v 0.053893 0.012599 0.000000
v 0.045865 0.012632 0.000000
v 0.044893 0.003599 0.000000
v 0.045378 0.005352 0.000000
v 0.045378 0.003648 0.000000
v 0.148117 0.008514 0.000000
v 0.148150 0.009000 0.000000
v 0.148117 0.009486 0.000000
v 0.148020 0.009964 0.000000
v 0.147860 0.010425 0.000000
v 0.147640 0.010860 0.000000
v 0.147365 0.011262 0.000000
v 0.147037 0.011624 0.000000
v 0.146665 0.011939 0.000000
v 0.146254 0.012201 0.000000
v 0.145812 0.012406 0.000000
v 0.145346 0.012551 0.000000
v 0.143893 0.003599 0.000000
v 0.144378 0.005352 0.000000
v 0.144378 0.003648 0.000000
v 0.144865 0.003632 0.000000
v 0.144865 0.005368 0.000000
v 0.145346 0.003551 0.000000
v 0.145346 0.005449 0.000000
v 0.145812 0.005594 0.000000
v 0.148020 0.008036 0.000000
v 0.116893 0.012599 0.000000
v 0.108865 0.012632 0.000000
v 0.109346 0.012551 0.000000
v 0.116419 0.012486 0.000000
v 0.109812 0.012406 0.000000
v 0.115964 0.012311 0.000000
v 0.110254 0.012201 0.000000
v 0.115536 0.012077 0.000000
v 0.110665 0.011939 0.000000
v 0.115143 0.011787 0.000000
v 0.111037 0.011624 0.000000
v 0.114793 0.011448 0.000000
v 0.111365 0.011262 0.000000
v 0.114491 0.011066 0.000000
v 0.111640 0.010860 0.000000
v 0.114242 0.010646 0.000000
v 0.111860 0.010425 0.000000
v 0.114052 0.010197 0.000000
v 0.112020 0.009964 0.000000
v 0.113923 0.009727 0.000000
v 0.112117 0.009486 0.000000
v 0.113858 0.009244 0.000000
v 0.112150 0.009000 0.000000
v 0.113858 0.008756 0.000000
v 0.112117 0.008514 0.000000
v 0.113923 0.008273 0.000000
v 0.112020 0.008036 0.000000
v 0.114052 0.007803 0.000000
v 0.111860 0.007575 0.000000
v 0.114242 0.007354 0.000000
v 0.111640 0.007140 0.000000
v 0.114491 0.006934 0.000000
v 0.111365 0.006738 0.000000
v 0.114793 0.006552 0.000000
v 0.111037 0.006376 0.000000
v 0.115143 0.006213 0.000000
v 0.110665 0.006061 0.000000
v 0.115536 0.005923 0.000000
v 0.110254 0.005799 0.000000
v 0.115964 0.005689 0.000000
v 0.109812 0.005594 0.000000
v 0.116419 0.005514 0.000000
v 0.072378 0.005352 0.000000
v 0.072378 0.003648 0.000000
v 0.007964 0.012311 0.000000
v 0.007536 0.012077 0.000000
v 0.007143 0.011787 0.000000
v 0.006793 0.011448 0.000000
v 0.006491 0.011066 0.000000
v 0.006242 0.010646 0.000000
v 0.006052 0.010197 0.000000
v 0.005923 0.009727 0.000000
v 0.005858 0.009244 0.000000
v 0.005858 0.008756 0.000000
v 0.005923 0.008273 0.000000
v 0.006491 0.006934 0.000000
v 0.067117 -0.008514 0.000000
v 0.068858 -0.008756 0.000000
v 0.067150 -0.009000 0.000000
v 0.068858 -0.009244 0.000000
v 0.067117 -0.009486 0.000000
v 0.068923 -0.009727 0.000000
v 0.067020 -0.009964 0.000000
v 0.069052 -0.010197 0.000000
v 0.066860 -0.010425 0.000000
v 0.069242 -0.010646 0.000000
v 0.066640 -0.010860 0.000000
v 0.069491 -0.011066 0.000000
v 0.066365 -0.011262 0.000000
v 0.069793 -0.011448 0.000000
v 0.066037 -0.011624 0.000000
v 0.070143 -0.011787 0.000000
v 0.065665 -0.011939 0.000000
v 0.070536 -0.012077 0.000000
v 0.065254 -0.012201 0.000000
v 0.070964 -0.012311 0.000000
v 0.064812 -0.012406 0.000000
v 0.071419 -0.012486 0.000000
v 0.064346 -0.012551 0.000000
v 0.071893 -0.012599 0.000000
v 0.063865 -0.012632 0.000000
v 0.072378 -0.012648 0.000000
v 0.068923 -0.008273 0.000000
v 0.067020 -0.008036 0.000000
v 0.069052 -0.007803 0.000000
v 0.066860 -0.007575 0.000000
v 0.069242 -0.007354 0.000000
v 0.066640 -0.007140 0.000000
v 0.069491 -0.006934 0.000000
v 0.066365 -0.006738 0.000000
v 0.069793 -0.006552 0.000000
v 0.066037 -0.006376 0.000000
v 0.070143 -0.006213 0.000000
v 0.065665 -0.006061 0.000000
v 0.070536 -0.005923 0.000000
v 0.065254 -0.005799 0.000000
v 0.070964 -0.005689 0.000000
v 0.064812 -0.005594 0.000000
v 0.071419 -0.005514 0.000000
v 0.064346 -0.005449 0.000000
v 0.103117 -0.008514 0.000000
v 0.104858 -0.008756 0.000000
v 0.103150 -0.009000 0.000000
v 0.104858 -0.009244 0.000000
v 0.103117 -0.009486 0.000000
v 0.104923 -0.009727 0.000000
v 0.103020 -0.009964 0.000000
v 0.105052 -0.010197 0.000000
v 0.102860 -0.010425 0.000000
v 0.105242 -0.010646 0.000000
v 0.102640 -0.010860 0.000000
v 0.105491 -0.011066 0.000000
v 0.102365 -0.011262 0.000000
v 0.105793 -0.011448 0.000000
v 0.102037 -0.011624 0.000000
v 0.106143 -0.011787 0.000000
v 0.101665 -0.011939 0.000000
v 0.106536 -0.012077 0.000000
v 0.101254 -0.012201 0.000000
v 0.106964 -0.012311 0.000000
v 0.100812 -0.012406 0.000000
v 0.107419 -0.012486 0.000000
v 0.100346 -0.012551 0.000000
v 0.107893 -0.012599 0.000000
v 0.099865 -0.012632 0.000000
v 0.104923 -0.008273 0.000000
v 0.103020 -0.008036 0.000000
v 0.105052 -0.007803 0.000000
v 0.102860 -0.007575 0.000000
v 0.105242 -0.007354 0.000000
v 0.102640 -0.007140 0.000000
v 0.105491 -0.006934 0.000000
v 0.102365 -0.006738 0.000000
v 0.105793 -0.006552 0.000000
v 0.102037 -0.006376 0.000000
v 0.106143 -0.006213 0.000000
v 0.101665 -0.006061 0.000000
v 0.106536 -0.005923 0.000000
v 0.101254 -0.005799 0.000000
v 0.106964 -0.005689 0.000000
v 0.100812 -0.005594 0.000000
v 0.107419 -0.005514 0.000000
v 0.100346 -0.005449 0.000000
v 0.099865 -0.005368 0.000000
v 0.107893 -0.003599 0.000000
v 0.099865 -0.003632 0.000000
v 0.100346 -0.003551 0.000000
v 0.099378 -0.003648 0.000000
v 0.099378 -0.005352 0.000000
v 0.139117 -0.008514 0.000000
v 0.140858 -0.008756 0.000000
v 0.139150 -0.009000 0.000000
v 0.140858 -0.009244 0.000000
v 0.139117 -0.009486 0.000000
v 0.140923 -0.009727 0.000000
v 0.139020 -0.009964 0.000000
v 0.141052 -0.010197 0.000000
v 0.138860 -0.010425 0.000000
v 0.141242 -0.010646 0.000000
v 0.138640 -0.010860 0.000000
v 0.141491 -0.011066 0.000000
v 0.138365 -0.011262 0.000000
v 0.141793 -0.011448 0.000000
v 0.138037 -0.011624 0.000000
v 0.142143 -0.011787 0.000000
v 0.137665 -0.011939 0.000000
v 0.142536 -0.012077 0.000000
v 0.137254 -0.012201 0.000000
v 0.142964 -0.012311 0.000000
v 0.136812 -0.012406 0.000000
v 0.143419 -0.012486 0.000000
v 0.136346 -0.012551 0.000000
v 0.143893 -0.012599 0.000000
v 0.135865 -0.012632 0.000000
v 0.144378 -0.012648 0.000000
v 0.140923 -0.008273 0.000000
v 0.139020 -0.008036 0.000000
v 0.141052 -0.007803 0.000000
v 0.138860 -0.007575 0.000000
v 0.141242 -0.007354 0.000000
v 0.138640 -0.007140 0.000000
v 0.141491 -0.006934 0.000000
v 0.138365 -0.006738 0.000000
v 0.141793 -0.006552 0.000000
v 0.138037 -0.006376 0.000000
v 0.142143 -0.006213 0.000000
v 0.137665 -0.006061 0.000000
v 0.142536 -0.005923 0.000000
v 0.137254 -0.005799 0.000000
v 0.142964 -0.005689 0.000000
v 0.136812 -0.005594 0.000000
v 0.143419 -0.005514 0.000000
v 0.136346 -0.005449 0.000000
v 0.135865 -0.005368 0.000000
v 0.143893 -0.003599 0.000000
v 0.135865 -0.003632 0.000000
v 0.136346 -0.003551 0.000000
v 0.135378 -0.003648 0.000000
v 0.135378 -0.005352 0.000000
v 0.109346 -0.005449 0.000000
v 0.116419 -0.005514 0.000000
v 0.109812 -0.005594 0.000000
v 0.115964 -0.005689 0.000000
v 0.110254 -0.005799 0.000000
v 0.115536 -0.005923 0.000000
v 0.110665 -0.006061 0.000000
v 0.115143 -0.006213 0.000000
v 0.111037 -0.006376 0.000000
v 0.114793 -0.006552 0.000000
v 0.111365 -0.006738 0.000000
v 0.114491 -0.006934 0.000000
v 0.111640 -0.007140 0.000000
v 0.114242 -0.007354 0.000000
v 0.111860 -0.007575 0.000000
v 0.114052 -0.007803 0.000000
v 0.112020 -0.008036 0.000000
v 0.113923 -0.008273 0.000000
v 0.112117 -0.008514 0.000000
v 0.113858 -0.008756 0.000000
v 0.112150 -0.009000 0.000000
v 0.113858 -0.009244 0.000000
v 0.112117 -0.009486 0.000000
v 0.113923 -0.009727 0.000000
v 0.112020 -0.009964 0.000000
v 0.114052 -0.010197 0.000000
v 0.111860 -0.010425 0.000000
v 0.114242 -0.010646 0.000000
v 0.111640 -0.010860 0.000000
v 0.114491 -0.011066 0.000000
v 0.111365 -0.011262 0.000000
v 0.114793 -0.011448 0.000000
v 0.111037 -0.011624 0.000000
v 0.115143 -0.011787 0.000000
v 0.110665 -0.011939 0.000000
v 0.115536 -0.012077 0.000000
v 0.110254 -0.012201 0.000000
v 0.115964 -0.012311 0.000000
v 0.109812 -0.012406 0.000000
v 0.116419 -0.012486 0.000000
v 0.109346 -0.012551 0.000000
v 0.116893 -0.012599 0.000000
v 0.073346 -0.005449 0.000000
v 0.080419 -0.005514 0.000000
v 0.073812 -0.005594 0.000000
v 0.079964 -0.005689 0.000000
v 0.074254 -0.005799 0.000000
v 0.079536 -0.005923 0.000000
v 0.074665 -0.006061 0.000000
v 0.079143 -0.006213 0.000000
v 0.075037 -0.006376 0.000000
v 0.078793 -0.006552 0.000000
v 0.075365 -0.006738 0.000000
v 0.078491 -0.006934 0.000000
v 0.075640 -0.007140 0.000000
v 0.078242 -0.007354 0.000000
v 0.075860 -0.007575 0.000000
v 0.078052 -0.007803 0.000000
v 0.076020 -0.008036 0.000000
v 0.077923 -0.008273 0.000000
v 0.076117 -0.008514 0.000000
v 0.077858 -0.008756 0.000000
v 0.076150 -0.009000 0.000000
v 0.077858 -0.009244 0.000000
v 0.076117 -0.009486 0.000000
v 0.077923 -0.009727 0.000000
v 0.076020 -0.009964 0.000000
v 0.078052 -0.010197 0.000000
v 0.075860 -0.010425 0.000000
v 0.078242 -0.010646 0.000000
v 0.075640 -0.010860 0.000000
v 0.078491 -0.011066 0.000000
v 0.075365 -0.011262 0.000000
v 0.078793 -0.011448 0.000000
v 0.075037 -0.011624 0.000000
v 0.079143 -0.011787 0.000000
v 0.074665 -0.011939 0.000000
v 0.079536 -0.012077 0.000000
v 0.074254 -0.012201 0.000000
v 0.079964 -0.012311 0.000000
v 0.073812 -0.012406 0.000000
v 0.080419 -0.012486 0.000000
v 0.073346 -0.012551 0.000000
v 0.080893 -0.012599 0.000000
v 0.072865 -0.012632 0.000000
v 0.045378 -0.003648 0.000000
v 0.045378 -0.005352 0.000000
v 0.044893 -0.005401 0.000000
v 0.044419 -0.005514 0.000000
v 0.037346 -0.005449 0.000000
v 0.036865 -0.005368 0.000000
v 0.044893 -0.003599 0.000000
v 0.036865 -0.003632 0.000000
v 0.037346 -0.003551 0.000000
v 0.037812 -0.005594 0.000000
v 0.043964 -0.005689 0.000000
v 0.038254 -0.005799 0.000000
v 0.043536 -0.005923 0.000000
v 0.038665 -0.006061 0.000000
v 0.043143 -0.006213 0.000000
v 0.039037 -0.006376 0.000000
v 0.042793 -0.006552 0.000000
v 0.039365 -0.006738 0.000000
v 0.042491 -0.006934 0.000000
v 0.039640 -0.007140 0.000000
v 0.042242 -0.007354 0.000000
v 0.039860 -0.007575 0.000000
v 0.042052 -0.007803 0.000000
v 0.040020 -0.008036 0.000000
v 0.041923 -0.008273 0.000000
v 0.040117 -0.008514 0.000000
v 0.041858 -0.008756 0.000000
v 0.040150 -0.009000 0.000000
v 0.041858 -0.009244 0.000000
v 0.040117 -0.009486 0.000000
v 0.041923 -0.009727 0.000000
v 0.040020 -0.009964 0.000000
v 0.042052 -0.010197 0.000000
v 0.039860 -0.010425 0.000000
v 0.042242 -0.010646 0.000000
v 0.039640 -0.010860 0.000000
v 0.042491 -0.011066 0.000000
v 0.039365 -0.011262 0.000000
v 0.042793 -0.011448 0.000000
v 0.039037 -0.011624 0.000000
v 0.043143 -0.011787 0.000000
v 0.038665 -0.011939 0.000000
v 0.043536 -0.012077 0.000000
v 0.038254 -0.012201 0.000000
v 0.043964 -0.012311 0.000000
v 0.037812 -0.012406 0.000000
v 0.044419 -0.012486 0.000000
v 0.037346 -0.012551 0.000000
v 0.044893 -0.012599 0.000000
v 0.018378 -0.003648 0.000000
v 0.018378 -0.005352 0.000000
v 0.072865 0.012632 0.000000
v 0.080893 0.012599 0.000000
v 0.073346 0.012551 0.000000
v 0.080419 0.012486 0.000000
v 0.073812 0.012406 0.000000
v 0.079964 0.012311 0.000000
v 0.074254 0.012201 0.000000
v 0.079536 0.012077 0.000000
v 0.074665 0.011939 0.000000
v 0.079143 0.011787 0.000000
v 0.075037 0.011624 0.000000
v 0.078793 0.011448 0.000000
v 0.075365 0.011262 0.000000
v 0.078491 0.011066 0.000000
v 0.075640 0.010860 0.000000
v 0.078242 0.010646 0.000000
v 0.075860 0.010425 0.000000
v 0.078052 0.010197 0.000000
v 0.076020 0.009964 0.000000
v 0.077923 0.009727 0.000000
v 0.076117 0.009486 0.000000
v 0.077858 0.009244 0.000000
v 0.076150 0.009000 0.000000
v 0.077858 0.008756 0.000000
v 0.076117 0.008514 0.000000
v 0.077923 0.008273 0.000000
v 0.076020 0.008036 0.000000
v 0.078052 0.007803 0.000000
v 0.075860 0.007575 0.000000
v 0.078242 0.007354 0.000000
v 0.075640 0.007140 0.000000
v 0.078491 0.006934 0.000000
v 0.075365 0.006738 0.000000
v 0.078793 0.006552 0.000000
v 0.075037 0.006376 0.000000
v 0.079143 0.006213 0.000000
v 0.074665 0.006061 0.000000
v 0.079536 0.005923 0.000000
v 0.074254 0.005799 0.000000
v 0.079964 0.005689 0.000000
v 0.073812 0.005594 0.000000
v 0.080419 0.005514 0.000000
v 0.107893 0.003599 0.000000
v 0.108378 0.005352 0.000000
v 0.108378 0.003648 0.000000
v 0.037346 0.003551 0.000000
v 0.044419 0.003486 0.000000
v 0.037812 0.003406 0.000000
v 0.043964 0.003311 0.000000
v 0.038254 0.003201 0.000000
v 0.043536 0.003077 0.000000
v 0.038665 0.002939 0.000000
v 0.043143 0.002787 0.000000
v 0.039037 0.002624 0.000000
v 0.042793 0.002448 0.000000
v 0.039365 0.002262 0.000000
v 0.042491 0.002066 0.000000
v 0.039640 0.001860 0.000000
v 0.042242 0.001646 0.000000
v 0.039860 0.001425 0.000000
v 0.042052 0.001197 0.000000
v 0.040020 0.000964 0.000000
v 0.041923 0.000727 0.000000
v 0.040117 0.000486 0.000000
v 0.041858 0.000244 0.000000
v 0.040150 0.000000 0.000000
v 0.041858 -0.000244 0.000000
v 0.040117 -0.000486 0.000000
v 0.041923 -0.000727 0.000000
v 0.040020 -0.000964 0.000000
v 0.042052 -0.001197 0.000000
v 0.039860 -0.001425 0.000000
v 0.042242 -0.001646 0.000000
v 0.039640 -0.001860 0.000000
v 0.042491 -0.002066 0.000000
v 0.039365 -0.002262 0.000000
v 0.042793 -0.002448 0.000000
v 0.039037 -0.002624 0.000000
v 0.043143 -0.002787 0.000000
v 0.038665 -0.002939 0.000000
v 0.043536 -0.003077 0.000000
v 0.038254 -0.003201 0.000000
v 0.043964 -0.003311 0.000000
v 0.037812 -0.003406 0.000000
v 0.044419 -0.003486 0.000000
v 0.139117 0.000486 0.000000
v 0.140858 0.000244 0.000000
v 0.139150 0.000000 0.000000
v 0.140858 -0.000244 0.000000
v 0.139117 -0.000486 0.000000
v 0.140923 -0.000727 0.000000
v 0.139020 -0.000964 0.000000
v 0.141052 -0.001197 0.000000
v 0.138860 -0.001425 0.000000
v 0.141242 -0.001646 0.000000
v 0.138640 -0.001860 0.000000
v 0.141491 -0.002066 0.000000
v 0.138365 -0.002262 0.000000
v 0.141793 -0.002448 0.000000
v 0.138037 -0.002624 0.000000
v 0.142143 -0.002787 0.000000
v 0.137665 -0.002939 0.000000
v 0.142536 -0.003077 0.000000
v 0.137254 -0.003201 0.000000
v 0.142964 -0.003311 0.000000
v 0.136812 -0.003406 0.000000
v 0.143419 -0.003486 0.000000
v 0.140923 0.000727 0.000000
v 0.139020 0.000964 0.000000
v 0.141052 0.001197 0.000000
v 0.138860 0.001425 0.000000
v 0.141242 0.001646 0.000000
v 0.138640 0.001860 0.000000
v 0.141491 0.002066 0.000000
v 0.138365 0.002262 0.000000
v 0.141793 0.002448 0.000000
v 0.138037 0.002624 0.000000
v 0.142143 0.002787 0.000000
v 0.137665 0.002939 0.000000
v 0.142536 0.003077 0.000000
v 0.137254 0.003201 0.000000
v 0.142964 0.003311 0.000000
v 0.136812 0.003406 0.000000
v 0.143419 0.003486 0.000000
v 0.136346 0.003551 0.000000
v 0.127346 0.003551 0.000000
v 0.134419 0.003486 0.000000
v 0.127812 0.003406 0.000000
v 0.133964 0.003311 0.000000
v 0.128254 0.003201 0.000000
v 0.133536 0.003077 0.000000
v 0.128665 0.002939 0.000000
v 0.133143 0.002787 0.000000
v 0.129037 0.002624 0.000000
v 0.132793 0.002448 0.000000
v 0.129365 0.002262 0.000000
v 0.132491 0.002066 0.000000
v 0.129640 0.001860 0.000000
v 0.132242 0.001646 0.000000
v 0.129860 0.001425 0.000000
v 0.132052 0.001197 0.000000
v 0.130020 0.000964 0.000000
v 0.131923 0.000727 0.000000
v 0.130117 0.000486 0.000000
v 0.131858 0.000244 0.000000
v 0.130150 0.000000 0.000000
v 0.131858 -0.000244 0.000000
v 0.130117 -0.000486 0.000000
v 0.131923 -0.000727 0.000000
v 0.130020 -0.000964 0.000000
v 0.132052 -0.001197 0.000000
v 0.129860 -0.001425 0.000000
v 0.132242 -0.001646 0.000000
v 0.129640 -0.001860 0.000000
v 0.132491 -0.002066 0.000000
v 0.129365 -0.002262 0.000000
v 0.132793 -0.002448 0.000000
v 0.129037 -0.002624 0.000000
v 0.133143 -0.002787 0.000000
v 0.128665 -0.002939 0.000000
v 0.133536 -0.003077 0.000000
v 0.128254 -0.003201 0.000000
v 0.133964 -0.003311 0.000000
v 0.127812 -0.003406 0.000000
v 0.134419 -0.003486 0.000000
v 0.100346 0.003551 0.000000
v 0.107419 0.003486 0.000000
v 0.100812 0.003406 0.000000
v 0.106964 0.003311 0.000000
v 0.101254 0.003201 0.000000
v 0.106536 0.003077 0.000000
v 0.101665 0.002939 0.000000
v 0.106143 0.002787 0.000000
v 0.102037 0.002624 0.000000
v 0.105793 0.002448 0.000000
v 0.102365 0.002262 0.000000
v 0.105491 0.002066 0.000000
v 0.102640 0.001860 0.000000
v 0.105242 0.001646 0.000000
v 0.102860 0.001425 0.000000
v 0.105052 0.001197 0.000000
v 0.103020 0.000964 0.000000
v 0.104923 0.000727 0.000000
v 0.103117 0.000486 0.000000
v 0.104858 0.000244 0.000000
v 0.103150 0.000000 0.000000
v 0.104858 -0.000244 0.000000
v 0.103117 -0.000486 0.000000
v 0.104923 -0.000727 0.000000
v 0.103020 -0.000964 0.000000
v 0.105052 -0.001197 0.000000
v 0.102860 -0.001425 0.000000
v 0.105242 -0.001646 0.000000
v 0.102640 -0.001860 0.000000
v 0.105491 -0.002066 0.000000
v 0.102365 -0.002262 0.000000
v 0.105793 -0.002448 0.000000
v 0.102037 -0.002624 0.000000
v 0.106143 -0.002787 0.000000
v 0.101665 -0.002939 0.000000
v 0.106536 -0.003077 0.000000
v 0.101254 -0.003201 0.000000
v 0.106964 -0.003311 0.000000
v 0.100812 -0.003406 0.000000
v 0.107419 -0.003486 0.000000
v 0.094117 0.000486 0.000000
v 0.095858 0.000244 0.000000
v 0.094150 0.000000 0.000000
v 0.095858 -0.000244 0.000000
v 0.094117 -0.000486 0.000000
v 0.095923 -0.000727 0.000000
v 0.094020 -0.000964 0.000000
v 0.096052 -0.001197 0.000000
v 0.093860 -0.001425 0.000000
v 0.096242 -0.001646 0.000000
v 0.093640 -0.001860 0.000000
v 0.096491 -0.002066 0.000000
v 0.093365 -0.002262 0.000000
v 0.096793 -0.002448 0.000000
v 0.093037 -0.002624 0.000000
v 0.097143 -0.002787 0.000000
v 0.092665 -0.002939 0.000000
v 0.097536 -0.003077 0.000000
v 0.092254 -0.003201 0.000000
v 0.097964 -0.003311 0.000000
v 0.091812 -0.003406 0.000000
v 0.098419 -0.003486 0.000000
v 0.095923 0.000727 0.000000
v 0.094020 0.000964 0.000000
v 0.096052 0.001197 0.000000
v 0.093860 0.001425 0.000000
v 0.096242 0.001646 0.000000
v 0.093640 0.001860 0.000000
v 0.096491 0.002066 0.000000
v 0.093365 0.002262 0.000000
v 0.096793 0.002448 0.000000
v 0.093037 0.002624 0.000000
v 0.097143 0.002787 0.000000
v 0.092665 0.002939 0.000000
v 0.097536 0.003077 0.000000
v 0.092254 0.003201 0.000000
v 0.097964 0.003311 0.000000
v 0.091812 0.003406 0.000000
v 0.098419 0.003486 0.000000
v 0.091346 0.003551 0.000000
v 0.036378 -0.003648 0.000000
v 0.036378 -0.005352 0.000000
v 0.005923 -0.008273 0.000000
v 0.005858 -0.008756 0.000000
v 0.005858 -0.009244 0.000000
v 0.005923 -0.009727 0.000000
v 0.006052 -0.010197 0.000000
v 0.006242 -0.010646 0.000000
v 0.006491 -0.011066 0.000000
v 0.006793 -0.011448 0.000000
v 0.007143 -0.011787 0.000000
v 0.007536 -0.012077 0.000000
v 0.007964 -0.012311 0.000000
v 0.008419 -0.012486 0.000000
v 0.008893 -0.012599 0.000000
v 0.148117 -0.009486 0.000000
v 0.148150 -0.009000 0.000000
v 0.148117 -0.008514 0.000000
v 0.148020 -0.008036 0.000000
v 0.146254 -0.012201 0.000000
v 0.146665 -0.011939 0.000000
v 0.147037 -0.011624 0.000000
v 0.147365 -0.011262 0.000000
v 0.147640 -0.010860 0.000000
v 0.147860 -0.010425 0.000000
v 0.148020 -0.009964 0.000000
v -0.005000 0.014000 0.010000
v -0.004000 0.015000 0.010000
v 0.158000 -0.015000 0.010000
v 0.159000 -0.014000 0.010000
v 0.159000 0.014000 0.010000
v 0.158000 0.015000 0.010000
v 0.130117 -0.009486 0.010000
v 0.130150 -0.009000 0.010000
v 0.130117 -0.008514 0.010000
v 0.130020 -0.008036 0.010000
v 0.129860 -0.007575 0.010000
v 0.129640 -0.007140 0.010000
v 0.129365 -0.006738 0.010000
v 0.129037 -0.006376 0.010000
v 0.128665 -0.006061 0.010000
v 0.128254 -0.005799 0.010000
v 0.127812 -0.005594 0.010000
v 0.127346 -0.005449 0.010000
v 0.126865 -0.005368 0.010000
v 0.126378 -0.005352 0.010000
v 0.125893 -0.005401 0.010000
v 0.125419 -0.005514 0.010000
v 0.124964 -0.005689 0.010000
v 0.124536 -0.005923 0.010000
v 0.124143 -0.006213 0.010000
v 0.123793 -0.006552 0.010000
v 0.123491 -0.006934 0.010000
v 0.123242 -0.007354 0.010000
v 0.123052 -0.007803 0.010000
v 0.122923 -0.008273 0.010000
v 0.122858 -0.008756 0.010000
v 0.122858 -0.009244 0.010000
v 0.122923 -0.009727 0.010000
v 0.123052 -0.010197 0.010000
v 0.123242 -0.010646 0.010000
v 0.123491 -0.011066 0.010000
v 0.123793 -0.011448 0.010000
v 0.124143 -0.011787 0.010000
v 0.124536 -0.012077 0.010000
v 0.124964 -0.012311 0.010000
v 0.125419 -0.012486 0.010000
v 0.125893 -0.012599 0.010000
v 0.126378 -0.012648 0.010000
v 0.126865 -0.012632 0.010000
v 0.127346 -0.012551 0.010000
v 0.127812 -0.012406 0.010000
v 0.128254 -0.012201 0.010000
v 0.128665 -0.011939 0.010000
v 0.129037 -0.011624 0.010000
v 0.129365 -0.011262 0.010000
v 0.129640 -0.010860 0.010000
v 0.129860 -0.010425 0.010000
v 0.130020 -0.009964 0.010000
v 0.094117 -0.009486 0.010000
v 0.094150 -0.009000 0.010000
v 0.094117 -0.008514 0.010000
v 0.094020 -0.008036 0.010000
v 0.093860 -0.007575 0.010000
v 0.093640 -0.007140 0.010000
v 0.093365 -0.006738 0.010000
v 0.093037 -0.006376 0.010000
v 0.092665 -0.006061 0.010000
v 0.092254 -0.005799 0.010000
v 0.091812 -0.005594 0.010000
v 0.091346 -0.005449 0.010000
v 0.090865 -0.005368 0.010000
v 0.090378 -0.005352 0.010000
v 0.089893 -0.005401 0.010000
v 0.089419 -0.005514 0.010000
v 0.088964 -0.005689 0.010000
v 0.088536 -0.005923 0.010000
v 0.088143 -0.006213 0.010000
v 0.087793 -0.006552 0.010000
v 0.087491 -0.006934 0.010000
v 0.087242 -0.007354 0.010000
v 0.087052 -0.007803 0.010000
v 0.086923 -0.008273 0.010000
v 0.086858 -0.008756 0.010000
v 0.086858 -0.009244 0.010000
v 0.086923 -0.009727 0.010000
v 0.087052 -0.010197 0.010000
v 0.087242 -0.010646 0.010000
v 0.087491 -0.011066 0.010000
v 0.087793 -0.011448 0.010000
v 0.088143 -0.011787 0.010000
v 0.088536 -0.012077 0.010000
v 0.088964 -0.012311 0.010000
v 0.089419 -0.012486 0.010000
v 0.089893 -0.012599 0.010000
v 0.090378 -0.012648 0.010000
v 0.090865 -0.012632 0.010000
v 0.091346 -0.012551 0.010000
v 0.091812 -0.012406 0.010000
v 0.092254 -0.012201 0.010000
v 0.092665 -0.011939 0.010000
v 0.093037 -0.011624 0.010000
v 0.093365 -0.011262 0.010000
v 0.093640 -0.010860 0.010000
v 0.093860 -0.010425 0.010000
v 0.094020 -0.009964 0.010000
v 0.058117 -0.009486 0.010000
v 0.058150 -0.009000 0.010000
v 0.058117 -0.008514 0.010000
v 0.058020 -0.008036 0.010000
v 0.057860 -0.007575 0.010000
v 0.057640 -0.007140 0.010000
v 0.057365 -0.006738 0.010000
v 0.057037 -0.006376 0.010000
v 0.056665 -0.006061 0.010000
v 0.056254 -0.005799 0.010000
v 0.055812 -0.005594 0.010000
v 0.055346 -0.005449 0.010000
v 0.054865 -0.005368 0.010000
v 0.054378 -0.005352 0.010000
v 0.053893 -0.005401 0.010000
v 0.053419 -0.005514 0.010000
v 0.052964 -0.005689 0.010000
v 0.052536 -0.005923 0.010000
v 0.052143 -0.006213 0.010000
v 0.051793 -0.006552 0.010000
v 0.051491 -0.006934 0.010000
v 0.051242 -0.007354 0.010000
v 0.051052 -0.007803 0.010000
v 0.050923 -0.008273 0.010000
v 0.050858 -0.008756 0.010000
v 0.050858 -0.009244 0.010000
v 0.050923 -0.009727 0.010000
v 0.051052 -0.010197 0.010000
v 0.051242 -0.010646 0.010000
v 0.051491 -0.011066 0.010000
v 0.051793 -0.011448 0.010000
v 0.052143 -0.011787 0.010000
v 0.052536 -0.012077 0.010000
v 0.052964 -0.012311 0.010000
v 0.053419 -0.012486 0.010000
v 0.053893 -0.012599 0.010000
v 0.054378 -0.012648 0.010000
v 0.054865 -0.012632 0.010000
v 0.055346 -0.012551 0.010000
v 0.055812 -0.012406 0.010000
v 0.056254 -0.012201 0.010000
v 0.056665 -0.011939 0.010000
v 0.057037 -0.011624 0.010000
v 0.057365 -0.011262 0.010000
v 0.057640 -0.010860 0.010000
v 0.057860 -0.010425 0.010000
v 0.058020 -0.009964 0.010000
v 0.031117 -0.009486 0.010000
v 0.031150 -0.009000 0.010000
v 0.031117 -0.008514 0.010000
v 0.031020 -0.008036 0.010000
v 0.030860 -0.007575 0.010000
v 0.030640 -0.007140 0.010000
v 0.030365 -0.006738 0.010000
v 0.030037 -0.006376 0.010000
v 0.029665 -0.006061 0.010000
v 0.029254 -0.005799 0.010000
v 0.028812 -0.005594 0.010000
v 0.028346 -0.005449 0.010000
v 0.027865 -0.005368 0.010000
v 0.027378 -0.005352 0.010000
v 0.026893 -0.005401 0.010000
v 0.026419 -0.005514 0.010000
v 0.025964 -0.005689 0.010000
v 0.025536 -0.005923 0.010000
v 0.025143 -0.006213 0.010000
v 0.024793 -0.006552 0.010000
v 0.024491 -0.006934 0.010000
v 0.024242 -0.007354 0.010000
v 0.024052 -0.007803 0.010000
v 0.023923 -0.008273 0.010000
v 0.023858 -0.008756 0.010000
v 0.023858 -0.009244 0.010000
v 0.023923 -0.009727 0.010000
v 0.024052 -0.010197 0.010000
v 0.024242 -0.010646 0.010000
v 0.024491 -0.011066 0.010000
v 0.024793 -0.011448 0.010000
v 0.025143 -0.011787 0.010000
v 0.025536 -0.012077 0.010000
v 0.025964 -0.012311 0.010000
v 0.026419 -0.012486 0.010000
v 0.026893 -0.012599 0.010000
v 0.027378 -0.012648 0.010000
v 0.027865 -0.012632 0.010000
v 0.028346 -0.012551 0.010000
v 0.028812 -0.012406 0.010000
v 0.029254 -0.012201 0.010000
v 0.029665 -0.011939 0.010000
v 0.030037 -0.011624 0.010000
v 0.030365 -0.011262 0.010000
v 0.030640 -0.010860 0.010000
v 0.030860 -0.010425 0.010000
v 0.031020 -0.009964 0.010000
v 0.022117 0.008514 0.010000
v 0.022150 0.009000 0.010000
v 0.022117 0.009486 0.010000
v 0.022020 0.009964 0.010000
v 0.021860 0.010425 0.010000
v 0.021640 0.010860 0.010000
v 0.021365 0.011262 0.010000
v 0.021037 0.011624 0.010000
v 0.020665 0.011939 0.010000
v 0.020254 0.012201 0.010000
v 0.019812 0.012406 0.010000
v 0.019346 0.012551 0.010000
v 0.018865 0.012632 0.010000
v 0.018378 0.012648 0.010000
v 0.017893 0.012599 0.010000
v 0.017419 0.012486 0.010000
v 0.016964 0.012311 0.010000
v 0.016536 0.012077 0.010000
v 0.016143 0.011787 0.010000
v 0.015793 0.011448 0.010000
v 0.015491 0.011066 0.010000
v 0.015242 0.010646 0.010000
v 0.015052 0.010197 0.010000
v 0.014923 0.009727 0.010000
v 0.014858 0.009244 0.010000
v 0.014858 0.008756 0.010000
v 0.014923 0.008273 0.010000
v 0.015052 0.007803 0.010000
v 0.015242 0.007354 0.010000
v 0.015491 0.006934 0.010000
v 0.015793 0.006552 0.010000
v 0.016143 0.006213 0.010000
v 0.016536 0.005923 0.010000
v 0.016964 0.005689 0.010000
v 0.017419 0.005514 0.010000
v 0.017893 0.005401 0.010000
v 0.018378 0.005352 0.010000
v 0.018865 0.005368 0.010000
v 0.019346 0.005449 0.010000
v 0.019812 0.005594 0.010000
v 0.020254 0.005799 0.010000
v 0.020665 0.006061 0.010000
v 0.021037 0.006376 0.010000
v 0.021365 0.006738 0.010000
v 0.021640 0.007140 0.010000
v 0.021860 0.007575 0.010000
v 0.022020 0.008036 0.010000
v 0.139117 0.008514 0.010000
v 0.139150 0.009000 0.010000
v 0.139117 0.009486 0.010000
v 0.139020 0.009964 0.010000
v 0.138860 0.010425 0.010000
v 0.138640 0.010860 0.010000
v 0.138365 0.011262 0.010000
v 0.138037 0.011624 0.010000
v 0.137665 0.011939 0.010000
v 0.137254 0.012201 0.010000
v 0.136812 0.012406 0.010000
v 0.136346 0.012551 0.010000
v 0.135865 0.012632 0.010000
v 0.135378 0.012648 0.010000
v 0.134893 0.012599 0.010000
v 0.134419 0.012486 0.010000
v 0.133964 0.012311 0.010000
v 0.133536 0.012077 0.010000
v 0.133143 0.011787 0.010000
v 0.132793 0.011448 0.010000
v 0.132491 0.011066 0.010000
v 0.132242 0.010646 0.010000
v 0.132052 0.010197 0.010000
v 0.131923 0.009727 0.010000
v 0.131858 0.009244 0.010000
v 0.131858 0.008756 0.010000
v 0.131923 0.008273 0.010000
v 0.132052 0.007803 0.010000
v 0.132242 0.007354 0.010000
v 0.132491 0.006934 0.010000
v 0.132793 0.006552 0.010000
v 0.133143 0.006213 0.010000
v 0.133536 0.005923 0.010000
v 0.133964 0.005689 0.010000
v 0.134419 0.005514 0.010000
v 0.134893 0.005401 0.010000
v 0.135378 0.005352 0.010000
v 0.135865 0.005368 0.010000
v 0.136346 0.005449 0.010000
v 0.136812 0.005594 0.010000
v 0.137254 0.005799 0.010000
v 0.137665 0.006061 0.010000
v 0.138037 0.006376 0.010000
v 0.138365 0.006738 0.010000
v 0.138640 0.007140 0.010000
v 0.138860 0.007575 0.010000
v 0.139020 0.008036 0.010000
v 0.103117 0.008514 0.010000
v 0.103150 0.009000 0.010000
v 0.103117 0.009486 0.010000
v 0.103020 0.009964 0.010000
v 0.102860 0.010425 0.010000
v 0.102640 0.010860 0.010000
v 0.102365 0.011262 0.010000
v 0.102037 0.011624 0.010000
v 0.101665 0.011939 0.010000
v 0.101254 0.012201 0.010000
v 0.100812 0.012406 0.010000
v 0.100346 0.012551 0.010000
v 0.099865 0.012632 0.010000
v 0.099378 0.012648 0.010000
v 0.098893 0.012599 0.010000
v 0.098419 0.012486 0.010000
v 0.097964 0.012311 0.010000
v 0.097536 0.012077 0.010000
v 0.097143 0.011787 0.010000
v 0.096793 0.011448 0.010000
v 0.096491 0.011066 0.010000
v 0.096242 0.010646 0.010000
v 0.096052 0.010197 0.010000
v 0.095923 0.009727 0.010000
v 0.095858 0.009244 0.010000
v 0.095858 0.008756 0.010000
v 0.095923 0.008273 0.010000
v 0.096052 0.007803 0.010000
v 0.096242 0.007354 0.010000
v 0.096491 0.006934 0.010000
v 0.096793 0.006552 0.010000
v 0.097143 0.006213 0.010000
v 0.097536 0.005923 0.010000
v 0.097964 0.005689 0.010000
v 0.098419 0.005514 0.010000
v 0.098893 0.005401 0.010000
v 0.099378 0.005352 0.010000
v 0.099865 0.005368 0.010000
v 0.100346 0.005449 0.010000
v 0.100812 0.005594 0.010000
v 0.101254 0.005799 0.010000
v 0.101665 0.006061 0.010000
v 0.102037 0.006376 0.010000
v 0.102365 0.006738 0.010000
v 0.102640 0.007140 0.010000
v 0.102860 0.007575 0.010000
v 0.103020 0.008036 0.010000
v 0.013117 -0.000486 0.010000
v 0.013150 0.000000 0.010000
v 0.013117 0.000486 0.010000
v 0.013020 0.000964 0.010000
v 0.012860 0.001425 0.010000
v 0.012640 0.001860 0.010000
v 0.012365 0.002262 0.010000
v 0.012037 0.002624 0.010000
v 0.011665 0.002939 0.010000
v 0.011254 0.003201 0.010000
v 0.010812 0.003406 0.010000
v 0.010346 0.003551 0.010000
v 0.009865 0.003632 0.010000
v 0.009378 0.003648 0.010000
v 0.008893 0.003599 0.010000
v 0.008419 0.003486 0.010000
v 0.007964 0.003311 0.010000
v 0.007536 0.003077 0.010000
v 0.007143 0.002787 0.010000
v 0.006793 0.002448 0.010000
v 0.006491 0.002066 0.010000
v 0.006242 0.001646 0.010000
v 0.006052 0.001197 0.010000
v 0.005923 0.000727 0.010000
v 0.005858 0.000244 0.010000
v 0.005858 -0.000244 0.010000
v 0.005923 -0.000727 0.010000
v 0.006052 -0.001197 0.010000
v 0.006242 -0.001646 0.010000
v 0.006491 -0.002066 0.010000
v 0.006793 -0.002448 0.010000
v 0.007143 -0.002787 0.010000
v 0.007536 -0.003077 0.010000
v 0.007964 -0.003311 0.010000
v 0.008419 -0.003486 0.010000
v 0.008893 -0.003599 0.010000
v 0.009378 -0.003648 0.010000
v 0.009865 -0.003632 0.010000
v 0.010346 -0.003551 0.010000
v 0.010812 -0.003406 0.010000
v 0.011254 -0.003201 0.010000
v 0.011665 -0.002939 0.010000
v 0.012037 -0.002624 0.010000
v 0.012365 -0.002262 0.010000
v 0.012640 -0.001860 0.010000
v 0.012860 -0.001425 0.010000
v 0.013020 -0.000964 0.010000
v 0.040117 0.008514 0.010000
v 0.040150 0.009000 0.010000
v 0.040117 0.009486 0.010000
v 0.040020 0.009964 0.010000
v 0.039860 0.010425 0.010000
v 0.039640 0.010860 0.010000
v 0.039365 0.011262 0.010000
v 0.039037 0.011624 0.010000
v 0.038665 0.011939 0.010000
v 0.038254 0.012201 0.010000
v 0.037812 0.012406 0.010000
v 0.037346 0.012551 0.010000
v 0.036865 0.012632 0.010000
v 0.036378 0.012648 0.010000
v 0.035893 0.012599 0.010000
v 0.035419 0.012486 0.010000
v 0.034964 0.012311 0.010000
v 0.034536 0.012077 0.010000
v 0.034143 0.011787 0.010000
v 0.033793 0.011448 0.010000
v 0.033491 0.011066 0.010000
v 0.033242 0.010646 0.010000
v 0.033052 0.010197 0.010000
v 0.032923 0.009727 0.010000
v 0.032858 0.009244 0.010000
v 0.032858 0.008756 0.010000
v 0.032923 0.008273 0.010000
v 0.033052 0.007803 0.010000
v 0.033242 0.007354 0.010000
v 0.033491 0.006934 0.010000
v 0.033793 0.006552 0.010000
v 0.034143 0.006213 0.010000
v 0.034536 0.005923 0.010000
v 0.034964 0.005689 0.010000
v 0.035419 0.005514 0.010000
v 0.035893 0.005401 0.010000
v 0.036378 0.005352 0.010000
v 0.036865 0.005368 0.010000
v 0.037346 0.005449 0.010000
v 0.037812 0.005594 0.010000
v 0.038254 0.005799 0.010000
v 0.038665 0.006061 0.010000
v 0.039037 0.006376 0.010000
v 0.039365 0.006738 0.010000
v 0.039640 0.007140 0.010000
v 0.039860 0.007575 0.010000
v 0.040020 0.008036 0.010000
v 0.121117 -0.000486 0.010000
v 0.121150 0.000000 0.010000
v 0.121117 0.000486 0.010000
v 0.121020 0.000964 0.010000
v 0.120860 0.001425 0.010000
v 0.120640 0.001860 0.010000
v 0.120365 0.002262 0.010000
v 0.120037 0.002624 0.010000
v 0.119665 0.002939 0.010000
v 0.119254 0.003201 0.010000
v 0.118812 0.003406 0.010000
v 0.118346 0.003551 0.010000
v 0.117865 0.003632 0.010000
v 0.117378 0.003648 0.010000
v 0.116893 0.003599 0.010000
v 0.116419 0.003486 0.010000
v 0.115964 0.003311 0.010000
v 0.115536 0.003077 0.010000
v 0.115143 0.002787 0.010000
v 0.114793 0.002448 0.010000
v 0.114491 0.002066 0.010000
v 0.114242 0.001646 0.010000
v 0.114052 0.001197 0.010000
v 0.113923 0.000727 0.010000
v 0.113858 0.000244 0.010000
v 0.113858 -0.000244 0.010000
v 0.113923 -0.000727 0.010000
v 0.114052 -0.001197 0.010000
v 0.114242 -0.001646 0.010000
v 0.114491 -0.002066 0.010000
v 0.114793 -0.002448 0.010000
v 0.115143 -0.002787 0.010000
v 0.115536 -0.003077 0.010000
v 0.115964 -0.003311 0.010000
v 0.116419 -0.003486 0.010000
v 0.116893 -0.003599 0.010000
v 0.117378 -0.003648 0.010000
v 0.117865 -0.003632 0.010000
v 0.118346 -0.003551 0.010000
v 0.118812 -0.003406 0.010000
v 0.119254 -0.003201 0.010000
v 0.119665 -0.002939 0.010000
v 0.120037 -0.002624 0.010000
v 0.120365 -0.002262 0.010000
v 0.120640 -0.001860 0.010000
v 0.120860 -0.001425 0.010000
v 0.121020 -0.000964 0.010000
v 0.031117 -0.000486 0.010000
v 0.031150 0.000000 0.010000
v 0.031117 0.000486 0.010000
v 0.031020 0.000964 0.010000
v 0.030860 0.001425 0.010000
v 0.030640 0.001860 0.010000
v 0.030365 0.002262 0.010000
v 0.030037 0.002624 0.010000
v 0.029665 0.002939 0.010000
v 0.029254 0.003201 0.010000
v 0.028812 0.003406 0.010000
v 0.028346 0.003551 0.010000
v 0.027865 0.003632 0.010000
v 0.027378 0.003648 0.010000
v 0.026893 0.003599 0.010000
v 0.026419 0.003486 0.010000
v 0.025964 0.003311 0.010000
v 0.025536 0.003077 0.010000
v 0.025143 0.002787 0.010000
v 0.024793 0.002448 0.010000
v 0.024491 0.002066 0.010000
v 0.024242 0.001646 0.010000
v 0.024052 0.001197 0.010000
v 0.023923 0.000727 0.010000
v 0.023858 0.000244 0.010000
v 0.023858 -0.000244 0.010000
v 0.023923 -0.000727 0.010000
v 0.024052 -0.001197 0.010000
v 0.024242 -0.001646 0.010000
v 0.024491 -0.002066 0.010000
v 0.024793 -0.002448 0.010000
v 0.025143 -0.002787 0.010000
v 0.025536 -0.003077 0.010000
v 0.025964 -0.003311 0.010000
v 0.026419 -0.003486 0.010000
v 0.026893 -0.003599 0.010000
v 0.027378 -0.003648 0.010000
v 0.027865 -0.003632 0.010000
v 0.028346 -0.003551 0.010000
v 0.028812 -0.003406 0.010000
v 0.029254 -0.003201 0.010000
v 0.029665 -0.002939 0.010000
v 0.030037 -0.002624 0.010000
v 0.030365 -0.002262 0.010000
v 0.030640 -0.001860 0.010000
v 0.030860 -0.001425 0.010000
v 0.031020 -0.000964 0.010000
v 0.085117 -0.000486 0.010000
v 0.085150 0.000000 0.010000
v 0.085117 0.000486 0.010000
v 0.085020 0.000964 0.010000
v 0.084860 0.001425 0.010000
v 0.084640 0.001860 0.010000
v 0.084365 0.002262 0.010000
v 0.084037 0.002624 0.010000
v 0.083665 0.002939 0.010000
v 0.083254 0.003201 0.010000
v 0.082812 0.003406 0.010000
v 0.082346 0.003551 0.010000
v 0.081865 0.003632 0.010000
v 0.081378 0.003648 0.010000
v 0.080893 0.003599 0.010000
v 0.080419 0.003486 0.010000
v 0.079964 0.003311 0.010000
v 0.079536 0.003077 0.010000
v 0.079143 0.002787 0.010000
v 0.078793 0.002448 0.010000
v 0.078491 0.002066 0.010000
v 0.078242 0.001646 0.010000
v 0.078052 0.001197 0.010000
v 0.077923 0.000727 0.010000
v 0.077858 0.000244 0.010000
v 0.077858 -0.000244 0.010000
v 0.077923 -0.000727 0.010000
v 0.078052 -0.001197 0.010000
v 0.078242 -0.001646 0.010000
v 0.078491 -0.002066 0.010000
v 0.078793 -0.002448 0.010000
v 0.079143 -0.002787 0.010000
v 0.079536 -0.003077 0.010000
v 0.079964 -0.003311 0.010000
v 0.080419 -0.003486 0.010000
v 0.080893 -0.003599 0.010000
v 0.081378 -0.003648 0.010000
v 0.081865 -0.003632 0.010000
v 0.082346 -0.003551 0.010000
v 0.082812 -0.003406 0.010000
v 0.083254 -0.003201 0.010000
v 0.083665 -0.002939 0.010000
v 0.084037 -0.002624 0.010000
v 0.084365 -0.002262 0.010000
v 0.084640 -0.001860 0.010000
v 0.084860 -0.001425 0.010000
v 0.085020 -0.000964 0.010000
v 0.067117 0.008514 0.010000
v 0.067150 0.009000 0.010000
v 0.067117 0.009486 0.010000
v 0.067020 0.009964 0.010000
v 0.066860 0.010425 0.010000
v 0.066640 0.010860 0.010000
v 0.066365 0.011262 0.010000
v 0.066037 0.011624 0.010000
v 0.065665 0.011939 0.010000
v 0.065254 0.012201 0.010000
v 0.064812 0.012406 0.010000
v 0.064346 0.012551 0.010000
v 0.063865 0.012632 0.010000
v 0.063378 0.012648 0.010000
v 0.062893 0.012599 0.010000
v 0.062419 0.012486 0.010000
v 0.061964 0.012311 0.010000
v 0.061536 0.012077 0.010000
v 0.061143 0.011787 0.010000
v 0.060793 0.011448 0.010000
v 0.060491 0.011066 0.010000
v 0.060242 0.010646 0.010000
v 0.060052 0.010197 0.010000
v 0.059923 0.009727 0.010000
v 0.059858 0.009244 0.010000
v 0.059858 0.008756 0.010000
v 0.059923 0.008273 0.010000
v 0.060052 0.007803 0.010000
v 0.060242 0.007354 0.010000
v 0.060491 0.006934 0.010000
v 0.060793 0.006552 0.010000
v 0.061143 0.006213 0.010000
v 0.061536 0.005923 0.010000
v 0.061964 0.005689 0.010000
v 0.062419 0.005514 0.010000
v 0.062893 0.005401 0.010000
v 0.063378 0.005352 0.010000
v 0.063865 0.005368 0.010000
v 0.064346 0.005449 0.010000
v 0.064812 0.005594 0.010000
v 0.065254 0.005799 0.010000
v 0.065665 0.006061 0.010000
v 0.066037 0.006376 0.010000
v 0.066365 0.006738 0.010000
v 0.066640 0.007140 0.010000
v 0.066860 0.007575 0.010000
v 0.067020 0.008036 0.010000
v 0.031117 0.008514 0.010000
v 0.031150 0.009000 0.010000
v 0.031117 0.009486 0.010000
v 0.031020 0.009964 0.010000
v 0.030860 0.010425 0.010000
v 0.030640 0.010860 0.010000
v 0.030365 0.011262 0.010000
v 0.030037 0.011624 0.010000
v 0.029665 0.011939 0.010000
v 0.029254 0.012201 0.010000
v 0.028812 0.012406 0.010000
v 0.028346 0.012551 0.010000
v 0.027865 0.012632 0.010000
v 0.027378 0.012648 0.010000
v 0.026893 0.012599 0.010000
v 0.026419 0.012486 0.010000
v 0.025964 0.012311 0.010000
v 0.025536 0.012077 0.010000
v 0.025143 0.011787 0.010000
v 0.024793 0.011448 0.010000
v 0.024491 0.011066 0.010000
v 0.024242 0.010646 0.010000
v 0.024052 0.010197 0.010000
v 0.023923 0.009727 0.010000
v 0.023858 0.009244 0.010000
v 0.023858 0.008756 0.010000
v 0.023923 0.008273 0.010000
v 0.024052 0.007803 0.010000
v 0.024242 0.007354 0.010000
v 0.024491 0.006934 0.010000
v 0.024793 0.006552 0.010000
v 0.025143 0.006213 0.010000
v 0.025536 0.005923 0.010000
v 0.025964 0.005689 0.010000
v 0.026419 0.005514 0.010000
v 0.026893 0.005401 0.010000
v 0.027378 0.005352 0.010000
v 0.027865 0.005368 0.010000
v 0.028346 0.005449 0.010000
v 0.028812 0.005594 0.010000
v 0.029254 0.005799 0.010000
v 0.029665 0.006061 0.010000
v 0.030037 0.006376 0.010000
v 0.030365 0.006738 0.010000
v 0.030640 0.007140 0.010000
v 0.030860 0.007575 0.010000
v 0.031020 0.008036 0.010000
v 0.058117 -0.000486 0.010000
v 0.058150 0.000000 0.010000
v 0.058117 0.000486 0.010000
v 0.058020 0.000964 0.010000
v 0.057860 0.001425 0.010000
v 0.057640 0.001860 0.010000
v 0.057365 0.002262 0.010000
v 0.057037 0.002624 0.010000
v 0.056665 0.002939 0.010000
v 0.056254 0.003201 0.010000
v 0.055812 0.003406 0.010000
v 0.055346 0.003551 0.010000
v 0.054865 0.003632 0.010000
v 0.054378 0.003648 0.010000
v 0.053893 0.003599 0.010000
v 0.053419 0.003486 0.010000
v 0.052964 0.003311 0.010000
v 0.052536 0.003077 0.010000
v 0.052143 0.002787 0.010000
v 0.051793 0.002448 0.010000
v 0.051491 0.002066 0.010000
v 0.051242 0.001646 0.010000
v 0.051052 0.001197 0.010000
v 0.050923 0.000727 0.010000
v 0.050858 0.000244 0.010000
v 0.050858 -0.000244 0.010000
v 0.050923 -0.000727 0.010000
v 0.051052 -0.001197 0.010000
v 0.051242 -0.001646 0.010000
v 0.051491 -0.002066 0.010000
v 0.051793 -0.002448 0.010000
v 0.052143 -0.002787 0.010000
v 0.052536 -0.003077 0.010000
v 0.052964 -0.003311 0.010000
v 0.053419 -0.003486 0.010000
v 0.053893 -0.003599 0.010000
v 0.054378 -0.003648 0.010000
v 0.054865 -0.003632 0.010000
v 0.055346 -0.003551 0.010000
v 0.055812 -0.003406 0.010000
v 0.056254 -0.003201 0.010000
v 0.056665 -0.002939 0.010000
v 0.057037 -0.002624 0.010000
v 0.057365 -0.002262 0.010000
v 0.057640 -0.001860 0.010000
v 0.057860 -0.001425 0.010000
v 0.058020 -0.000964 0.010000
v 0.067117 -0.000486 0.010000
v 0.067150 0.000000 0.010000
v 0.067117 0.000486 0.010000
v 0.067020 0.000964 0.010000
v 0.066860 0.001425 0.010000
v 0.066640 0.001860 0.010000
v 0.066365 0.002262 0.010000
v 0.066037 0.002624 0.010000
v 0.065665 0.002939 0.010000
v 0.065254 0.003201 0.010000
v 0.064812 0.003406 0.010000
v 0.064346 0.003551 0.010000
v 0.063865 0.003632 0.010000
v 0.063378 0.003648 0.010000
v 0.062893 0.003599 0.010000
v 0.062419 0.003486 0.010000
v 0.061964 0.003311 0.010000
v 0.061536 0.003077 0.010000
v 0.061143 0.002787 0.010000
v 0.060793 0.002448 0.010000
v 0.060491 0.002066 0.010000
v 0.060242 0.001646 0.010000
v 0.060052 0.001197 0.010000
v 0.059923 0.000727 0.010000
v 0.059858 0.000244 0.010000
v 0.059858 -0.000244 0.010000
v 0.059923 -0.000727 0.010000
v 0.060052 -0.001197 0.010000
v 0.060242 -0.001646 0.010000
v 0.060491 -0.002066 0.010000
v 0.060793 -0.002448 0.010000
v 0.061143 -0.002787 0.010000
v 0.061536 -0.003077 0.010000
v 0.061964 -0.003311 0.010000
v 0.062419 -0.003486 0.010000
v 0.062893 -0.003599 0.010000
v 0.063378 -0.003648 0.010000
v 0.063865 -0.003632 0.010000
v 0.064346 -0.003551 0.010000
v 0.064812 -0.003406 0.010000
v 0.065254 -0.003201 0.010000
v 0.065665 -0.002939 0.010000
v 0.066037 -0.002624 0.010000
v 0.066365 -0.002262 0.010000
v 0.066640 -0.001860 0.010000
v 0.066860 -0.001425 0.010000
v 0.067020 -0.000964 0.010000
v 0.049117 0.008514 0.010000
v 0.049150 0.009000 0.010000
v 0.049117 0.009486 0.010000
v 0.049020 0.009964 0.010000
v 0.048860 0.010425 0.010000
v 0.048640 0.010860 0.010000
v 0.048365 0.011262 0.010000
v 0.048037 0.011624 0.010000
v 0.047665 0.011939 0.010000
v 0.047254 0.012201 0.010000
v 0.046812 0.012406 0.010000
v 0.046346 0.012551 0.010000
v 0.045865 0.012632 0.010000
v 0.045378 0.012648 0.010000
v 0.044893 0.012599 0.010000
v 0.044419 0.012486 0.010000
v 0.043964 0.012311 0.010000
v 0.043536 0.012077 0.010000
v 0.043143 0.011787 0.010000
v 0.042793 0.011448 0.010000
v 0.042491 0.011066 0.010000
v 0.042242 0.010646 0.010000
v 0.042052 0.010197 0.010000
v 0.041923 0.009727 0.010000
v 0.041858 0.009244 0.010000
v 0.041858 0.008756 0.010000
v 0.041923 0.008273 0.010000
v 0.042052 0.007803 0.010000
v 0.042242 0.007354 0.010000
v 0.042491 0.006934 0.010000
v 0.042793 0.006552 0.010000
v 0.043143 0.006213 0.010000
v 0.043536 0.005923 0.010000
v 0.043964 0.005689 0.010000
v 0.044419 0.005514 0.010000
v 0.044893 0.005401 0.010000
v 0.045378 0.005352 0.010000
v 0.045865 0.005368 0.010000
v 0.046346 0.005449 0.010000
v 0.046812 0.005594 0.010000
v 0.047254 0.005799 0.010000
v 0.047665 0.006061 0.010000
v 0.048037 0.006376 0.010000
v 0.048365 0.006738 0.010000
v 0.048640 0.007140 0.010000
v 0.048860 0.007575 0.010000
v 0.049020 0.008036 0.010000
v 0.148117 0.008514 0.010000
v 0.148150 0.009000 0.010000
v 0.148117 0.009486 0.010000
v 0.148020 0.009964 0.010000
v 0.147860 0.010425 0.010000
v 0.147640 0.010860 0.010000
v 0.147365 0.011262 0.010000
v 0.147037 0.011624 0.010000
v 0.146665 0.011939 0.010000
v 0.146254 0.012201 0.010000
v 0.145812 0.012406 0.010000
v 0.145346 0.012551 0.010000
v 0.144865 0.012632 0.010000
v 0.144378 0.012648 0.010000
v 0.143893 0.012599 0.010000
v 0.143419 0.012486 0.010000
v 0.142964 0.012311 0.010000
v 0.142536 0.012077 0.010000
v 0.142143 0.011787 0.010000
v 0.141793 0.011448 0.010000
v 0.141491 0.011066 0.010000
v 0.141242 0.010646 0.010000
v 0.141052 0.010197 0.010000
v 0.140923 0.009727 0.010000
v 0.140858 0.009244 0.010000
v 0.140858 0.008756 0.010000
v 0.140923 0.008273 0.010000
v 0.141052 0.007803 0.010000
v 0.141242 0.007354 0.010000
v 0.141491 0.006934 0.010000
v 0.141793 0.006552 0.010000
v 0.142143 0.006213 0.010000
v 0.142536 0.005923 0.010000
v 0.142964 0.005689 0.010000
v 0.143419 0.005514 0.010000
v 0.143893 0.005401 0.010000
v 0.144378 0.005352 0.010000
v 0.144865 0.005368 0.010000
v 0.145346 0.005449 0.010000
v 0.145812 0.005594 0.010000
v 0.146254 0.005799 0.010000
v 0.146665 0.006061 0.010000
v 0.147037 0.006376 0.010000
v 0.147365 0.006738 0.010000
v 0.147640 0.007140 0.010000
v 0.147860 0.007575 0.010000
v 0.148020 0.008036 0.010000
v 0.121117 0.008514 0.010000
v 0.121150 0.009000 0.010000
v 0.121117 0.009486 0.010000
v 0.121020 0.009964 0.010000
v 0.120860 0.010425 0.010000
v 0.120640 0.010860 0.010000
v 0.120365 0.011262 0.010000
v 0.120037 0.011624 0.010000
v 0.119665 0.011939 0.010000
v 0.119254 0.012201 0.010000
v 0.118812 0.012406 0.010000
v 0.118346 0.012551 0.010000
v 0.117865 0.012632 0.010000
v 0.117378 0.012648 0.010000
v 0.116893 0.012599 0.010000
v 0.116419 0.012486 0.010000
v 0.115964 0.012311 0.010000
v 0.115536 0.012077 0.010000
v 0.115143 0.011787 0.010000
v 0.114793 0.011448 0.010000
v 0.114491 0.011066 0.010000
v 0.114242 0.010646 0.010000
v 0.114052 0.010197 0.010000
v 0.113923 0.009727 0.010000
v 0.113858 0.009244 0.010000
v 0.113858 0.008756 0.010000
v 0.113923 0.008273 0.010000
v 0.114052 0.007803 0.010000
v 0.114242 0.007354 0.010000
v 0.114491 0.006934 0.010000
v 0.114793 0.006552 0.010000
v 0.115143 0.006213 0.010000
v 0.115536 0.005923 0.010000
v 0.115964 0.005689 0.010000
v 0.116419 0.005514 0.010000
v 0.116893 0.005401 0.010000
v 0.117378 0.005352 0.010000
v 0.117865 0.005368 0.010000
v 0.118346 0.005449 0.010000
v 0.118812 0.005594 0.010000
v 0.119254 0.005799 0.010000
v 0.119665 0.006061 0.010000
v 0.120037 0.006376 0.010000
v 0.120365 0.006738 0.010000
v 0.120640 0.007140 0.010000
v 0.120860 0.007575 0.010000
v 0.121020 0.008036 0.010000
v 0.076117 -0.000486 0.010000
v 0.076150 0.000000 0.010000
v 0.076117 0.000486 0.010000
v 0.076020 0.000964 0.010000
v 0.075860 0.001425 0.010000
v 0.075640 0.001860 0.010000
v 0.075365 0.002262 0.010000
v 0.075037 0.002624 0.010000
v 0.074665 0.002939 0.010000
v 0.074254 0.003201 0.010000
v 0.073812 0.003406 0.010000
v 0.073346 0.003551 0.010000
v 0.072865 0.003632 0.010000
v 0.072378 0.003648 0.010000
v 0.071893 0.003599 0.010000
v 0.071419 0.003486 0.010000
v 0.070964 0.003311 0.010000
v 0.070536 0.003077 0.010000
v 0.070143 0.002787 0.010000
v 0.069793 0.002448 0.010000
v 0.069491 0.002066 0.010000
v 0.069242 0.001646 0.010000
v 0.069052 0.001197 0.010000
v 0.068923 0.000727 0.010000
v 0.068858 0.000244 0.010000
v 0.068858 -0.000244 0.010000
v 0.068923 -0.000727 0.010000
v 0.069052 -0.001197 0.010000
v 0.069242 -0.001646 0.010000
v 0.069491 -0.002066 0.010000
v 0.069793 -0.002448 0.010000
v 0.070143 -0.002787 0.010000
v 0.070536 -0.003077 0.010000
v 0.070964 -0.003311 0.010000
v 0.071419 -0.003486 0.010000
v 0.071893 -0.003599 0.010000
v 0.072378 -0.003648 0.010000
v 0.072865 -0.003632 0.010000
v 0.073346 -0.003551 0.010000
v 0.073812 -0.003406 0.010000
v 0.074254 -0.003201 0.010000
v 0.074665 -0.002939 0.010000
v 0.075037 -0.002624 0.010000
v 0.075365 -0.002262 0.010000
v 0.075640 -0.001860 0.010000
v 0.075860 -0.001425 0.010000
v 0.076020 -0.000964 0.010000
v 0.013117 0.008514 0.010000
v 0.013150 0.009000 0.010000
v 0.013117 0.009486 0.010000
v 0.013020 0.009964 0.010000
v 0.012860 0.010425 0.010000
v 0.012640 0.010860 0.010000
v 0.012365 0.011262 0.010000
v 0.012037 0.011624 0.010000
v 0.011665 0.011939 0.010000
v 0.011254 0.012201 0.010000
v 0.010812 0.012406 0.010000
v 0.010346 0.012551 0.010000
v 0.009865 0.012632 0.010000
v 0.009378 0.012648 0.010000
v 0.008893 0.012599 0.010000
v 0.008419 0.012486 0.010000
v 0.007964 0.012311 0.010000
v 0.007536 0.012077 0.010000
v 0.007143 0.011787 0.010000
v 0.006793 0.011448 0.010000
v 0.006491 0.011066 0.010000
v 0.006242 0.010646 0.010000
v 0.006052 0.010197 0.010000
v 0.005923 0.009727 0.010000
v 0.005858 0.009244 0.010000
v 0.005858 0.008756 0.010000
v 0.005923 0.008273 0.010000
v 0.006052 0.007803 0.010000
v 0.006242 0.007354 0.010000
v 0.006491 0.006934 0.010000
v 0.006793 0.006552 0.010000
v 0.007143 0.006213 0.010000
v 0.007536 0.005923 0.010000
v 0.007964 0.005689 0.010000
v 0.008419 0.005514 0.010000
v 0.008893 0.005401 0.010000
v 0.009378 0.005352 0.010000
v 0.009865 0.005368 0.010000
v 0.010346 0.005449 0.010000
v 0.010812 0.005594 0.010000
v 0.011254 0.005799 0.010000
v 0.011665 0.006061 0.010000
v 0.012037 0.006376 0.010000
v 0.012365 0.006738 0.010000
v 0.012640 0.007140 0.010000
v 0.012860 0.007575 0.010000
v 0.013020 0.008036 0.010000
v 0.067117 -0.009486 0.010000
v 0.067150 -0.009000 0.010000
v 0.067117 -0.008514 0.010000
v 0.067020 -0.008036 0.010000
v 0.066860 -0.007575 0.010000
v 0.066640 -0.007140 0.010000
v 0.066365 -0.006738 0.010000
v 0.066037 -0.006376 0.010000
v 0.065665 -0.006061 0.010000
v 0.065254 -0.005799 0.010000
v 0.064812 -0.005594 0.010000
v 0.064346 -0.005449 0.010000
v 0.063865 -0.005368 0.010000
v 0.063378 -0.005352 0.010000
v 0.062893 -0.005401 0.010000
v 0.062419 -0.005514 0.010000
v 0.061964 -0.005689 0.010000
v 0.061536 -0.005923 0.010000
v 0.061143 -0.006213 0.010000
v 0.060793 -0.006552 0.010000
v 0.060491 -0.006934 0.010000
v 0.060242 -0.007354 0.010000
v 0.060052 -0.007803 0.010000
v 0.059923 -0.008273 0.010000
v 0.059858 -0.008756 0.010000
v 0.059858 -0.009244 0.010000
v 0.059923 -0.009727 0.010000
v 0.060052 -0.010197 0.010000
v 0.060242 -0.010646 0.010000
v 0.060491 -0.011066 0.010000
v 0.060793 -0.011448 0.010000
v 0.061143 -0.011787 0.010000
v 0.061536 -0.012077 0.010000
v 0.061964 -0.012311 0.010000
v 0.062419 -0.012486 0.010000
v 0.062893 -0.012599 0.010000
v 0.063378 -0.012648 0.010000
v 0.063865 -0.012632 0.010000
v 0.064346 -0.012551 0.010000
v 0.064812 -0.012406 0.010000
v 0.065254 -0.012201 0.010000
v 0.065665 -0.011939 0.010000
v 0.066037 -0.011624 0.010000
v 0.066365 -0.011262 0.010000
v 0.066640 -0.010860 0.010000
v 0.066860 -0.010425 0.010000
v 0.067020 -0.009964 0.010000
v 0.103117 -0.009486 0.010000
v 0.103150 -0.009000 0.010000
v 0.103117 -0.008514 0.010000
v 0.103020 -0.008036 0.010000
v 0.102860 -0.007575 0.010000
v 0.102640 -0.007140 0.010000
v 0.102365 -0.006738 0.010000
v 0.102037 -0.006376 0.010000
v 0.101665 -0.006061 0.010000
v 0.101254 -0.005799 0.010000
v 0.100812 -0.005594 0.010000
v 0.100346 -0.005449 0.010000
v 0.099865 -0.005368 0.010000
v 0.099378 -0.005352 0.010000
v 0.098893 -0.005401 0.010000
v 0.098419 -0.005514 0.010000
v 0.097964 -0.005689 0.010000
v 0.097536 -0.005923 0.010000
v 0.097143 -0.006213 0.010000
v 0.096793 -0.006552 0.010000
v 0.096491 -0.006934 0.010000
v 0.096242 -0.007354 0.010000
v 0.096052 -0.007803 0.010000
v 0.095923 -0.008273 0.010000
v 0.095858 -0.008756 0.010000
v 0.095858 -0.009244 0.010000
v 0.095923 -0.009727 0.010000
v 0.096052 -0.010197 0.010000
v 0.096242 -0.010646 0.010000
v 0.096491 -0.011066 0.010000
v 0.096793 -0.011448 0.010000
v 0.097143 -0.011787 0.010000
v 0.097536 -0.012077 0.010000
v 0.097964 -0.012311 0.010000
v 0.098419 -0.012486 0.010000
v 0.098893 -0.012599 0.010000
v 0.099378 -0.012648 0.010000
v 0.099865 -0.012632 0.010000
v 0.100346 -0.012551 0.010000
v 0.100812 -0.012406 0.010000
v 0.101254 -0.012201 0.010000
v 0.101665 -0.011939 0.010000
v 0.102037 -0.011624 0.010000
v 0.102365 -0.011262 0.010000
v 0.102640 -0.010860 0.010000
v 0.102860 -0.010425 0.010000
v 0.103020 -0.009964 0.010000
v 0.139117 -0.009486 0.010000
v 0.139150 -0.009000 0.010000
v 0.139117 -0.008514 0.010000
v 0.139020 -0.008036 0.010000
v 0.138860 -0.007575 0.010000
v 0.138640 -0.007140 0.010000
v 0.138365 -0.006738 0.010000
v 0.138037 -0.006376 0.010000
v 0.137665 -0.006061 0.010000
v 0.137254 -0.005799 0.010000
v 0.136812 -0.005594 0.010000
v 0.136346 -0.005449 0.010000
v 0.135865 -0.005368 0.010000
v 0.135378 -0.005352 0.010000
v 0.134893 -0.005401 0.010000
v 0.134419 -0.005514 0.010000
v 0.133964 -0.005689 0.010000
v 0.133536 -0.005923 0.010000
v 0.133143 -0.006213 0.010000
v 0.132793 -0.006552 0.010000
v 0.132491 -0.006934 0.010000
v 0.132242 -0.007354 0.010000
v 0.132052 -0.007803 0.010000
v 0.131923 -0.008273 0.010000
v 0.131858 -0.008756 0.010000
v 0.131858 -0.009244 0.010000
v 0.131923 -0.009727 0.010000
v 0.132052 -0.010197 0.010000
v 0.132242 -0.010646 0.010000
v 0.132491 -0.011066 0.010000
v 0.132793 -0.011448 0.010000
v 0.133143 -0.011787 0.010000
v 0.133536 -0.012077 0.010000
v 0.133964 -0.012311 0.010000
v 0.134419 -0.012486 0.010000
v 0.134893 -0.012599 0.010000
v 0.135378 -0.012648 0.010000
v 0.135865 -0.012632 0.010000
v 0.136346 -0.012551 0.010000
v 0.136812 -0.012406 0.010000
v 0.137254 -0.012201 0.010000
v 0.137665 -0.011939 0.010000
v 0.138037 -0.011624 0.010000
v 0.138365 -0.011262 0.010000
v 0.138640 -0.010860 0.010000
v 0.138860 -0.010425 0.010000
v 0.139020 -0.009964 0.010000
v 0.121117 -0.009486 0.010000
v 0.121150 -0.009000 0.010000
v 0.121117 -0.008514 0.010000
v 0.121020 -0.008036 0.010000
v 0.120860 -0.007575 0.010000
v 0.120640 -0.007140 0.010000
v 0.120365 -0.006738 0.010000
v 0.120037 -0.006376 0.010000
v 0.119665 -0.006061 0.010000
v 0.119254 -0.005799 0.010000
v 0.118812 -0.005594 0.010000
v 0.118346 -0.005449 0.010000
v 0.117865 -0.005368 0.010000
v 0.117378 -0.005352 0.010000
v 0.116893 -0.005401 0.010000
v 0.116419 -0.005514 0.010000
v 0.115964 -0.005689 0.010000
v 0.115536 -0.005923 0.010000
v 0.115143 -0.006213 0.010000
v 0.114793 -0.006552 0.010000
v 0.114491 -0.006934 0.010000
v 0.114242 -0.007354 0.010000
v 0.114052 -0.007803 0.010000
v 0.113923 -0.008273 0.010000
v 0.113858 -0.008756 0.010000
v 0.113858 -0.009244 0.010000
v 0.113923 -0.009727 0.010000
v 0.114052 -0.010197 0.010000
v 0.114242 -0.010646 0.010000
v 0.114491 -0.011066 0.010000
v 0.114793 -0.011448 0.010000
v 0.115143 -0.011787 0.010000
v 0.115536 -0.012077 0.010000
v 0.115964 -0.012311 0.010000
v 0.116419 -0.012486 0.010000
v 0.116893 -0.012599 0.010000
v 0.117378 -0.012648 0.010000
v 0.117865 -0.012632 0.010000
v 0.118346 -0.012551 0.010000
v 0.118812 -0.012406 0.010000
v 0.119254 -0.012201 0.010000
v 0.119665 -0.011939 0.010000
v 0.120037 -0.011624 0.010000
v 0.120365 -0.011262 0.010000
v 0.120640 -0.010860 0.010000
v 0.120860 -0.010425 0.010000
v 0.121020 -0.009964 0.010000
v 0.085117 -0.009486 0.010000
v 0.085150 -0.009000 0.010000
v 0.085117 -0.008514 0.010000
v 0.085020 -0.008036 0.010000
v 0.084860 -0.007575 0.010000
v 0.084640 -0.007140 0.010000
v 0.084365 -0.006738 0.010000
v 0.084037 -0.006376 0.010000
v 0.083665 -0.006061 0.010000
v 0.083254 -0.005799 0.010000
v 0.082812 -0.005594 0.010000
v 0.082346 -0.005449 0.010000
v 0.081865 -0.005368 0.010000
v 0.081378 -0.005352 0.010000
v 0.080893 -0.005401 0.010000
v 0.080419 -0.005514 0.010000
v 0.079964 -0.005689 0.010000
v 0.079536 -0.005923 0.010000
v 0.079143 -0.006213 0.010000
v 0.078793 -0.006552 0.010000
v 0.078491 -0.006934 0.010000
v 0.078242 -0.007354 0.010000
v 0.078052 -0.007803 0.010000
v 0.077923 -0.008273 0.010000
v 0.077858 -0.008756 0.010000
v 0.077858 -0.009244 0.010000
v 0.077923 -0.009727 0.010000
v 0.078052 -0.010197 0.010000
v 0.078242 -0.010646 0.010000
v 0.078491 -0.011066 0.010000
v 0.078793 -0.011448 0.010000
v 0.079143 -0.011787 0.010000
v 0.079536 -0.012077 0.010000
v 0.079964 -0.012311 0.010000
v 0.080419 -0.012486 0.010000
v 0.080893 -0.012599 0.010000
v 0.081378 -0.012648 0.010000
v 0.081865 -0.012632 0.010000
v 0.082346 -0.012551 0.010000
v 0.082812 -0.012406 0.010000
v 0.083254 -0.012201 0.010000
v 0.083665 -0.011939 0.010000
v 0.084037 -0.011624 0.010000
v 0.084365 -0.011262 0.010000
v 0.084640 -0.010860 0.010000
v 0.084860 -0.010425 0.010000
v 0.085020 -0.009964 0.010000
v 0.049117 -0.009486 0.010000
v 0.049150 -0.009000 0.010000
v 0.049117 -0.008514 0.010000
v 0.049020 -0.008036 0.010000
v 0.048860 -0.007575 0.010000
v 0.048640 -0.007140 0.010000
v 0.048365 -0.006738 0.010000
v 0.048037 -0.006376 0.010000
v 0.047665 -0.006061 0.010000
v 0.047254 -0.005799 0.010000
v 0.046812 -0.005594 0.010000
v 0.046346 -0.005449 0.010000
v 0.045865 -0.005368 0.010000
v 0.045378 -0.005352 0.010000
v 0.044893 -0.005401 0.010000
v 0.044419 -0.005514 0.010000
v 0.043964 -0.005689 0.010000
v 0.043536 -0.005923 0.010000
v 0.043143 -0.006213 0.010000
v 0.042793 -0.006552 0.010000
v 0.042491 -0.006934 0.010000
v 0.042242 -0.007354 0.010000
v 0.042052 -0.007803 0.010000
v 0.041923 -0.008273 0.010000
v 0.041858 -0.008756 0.010000
v 0.041858 -0.009244 0.010000
v 0.041923 -0.009727 0.010000
v 0.042052 -0.010197 0.010000
v 0.042242 -0.010646 0.010000
v 0.042491 -0.011066 0.010000
v 0.042793 -0.011448 0.010000
v 0.043143 -0.011787 0.010000
v 0.043536 -0.012077 0.010000
v 0.043964 -0.012311 0.010000
v 0.044419 -0.012486 0.010000
v 0.044893 -0.012599 0.010000
v 0.045378 -0.012648 0.010000
v 0.045865 -0.012632 0.010000
v 0.046346 -0.012551 0.010000
v 0.046812 -0.012406 0.010000
v 0.047254 -0.012201 0.010000
v 0.047665 -0.011939 0.010000
v 0.048037 -0.011624 0.010000
v 0.048365 -0.011262 0.010000
v 0.048640 -0.010860 0.010000
v 0.048860 -0.010425 0.010000
v 0.049020 -0.009964 0.010000
v 0.022117 -0.009486 0.010000
v 0.022150 -0.009000 0.010000
v 0.022117 -0.008514 0.010000
v 0.022020 -0.008036 0.010000
v 0.021860 -0.007575 0.010000
v 0.021640 -0.007140 0.010000
v 0.021365 -0.006738 0.010000
v 0.021037 -0.006376 0.010000
v 0.020665 -0.006061 0.010000
v 0.020254 -0.005799 0.010000
v 0.019812 -0.005594 0.010000
v 0.019346 -0.005449 0.010000
v 0.018865 -0.005368 0.010000
v 0.018378 -0.005352 0.010000
v 0.017893 -0.005401 0.010000
v 0.017419 -0.005514 0.010000
v 0.016964 -0.005689 0.010000
v 0.016536 -0.005923 0.010000
v 0.016143 -0.006213 0.010000
v 0.015793 -0.006552 0.010000
v 0.015491 -0.006934 0.010000
v 0.015242 -0.007354 0.010000
v 0.015052 -0.007803 0.010000
v 0.014923 -0.008273 0.010000
v 0.014858 -0.008756 0.010000
v 0.014858 -0.009244 0.010000
v 0.014923 -0.009727 0.010000
v 0.015052 -0.010197 0.010000
v 0.015242 -0.010646 0.010000
v 0.015491 -0.011066 0.010000
v 0.015793 -0.011448 0.010000
v 0.016143 -0.011787 0.010000
v 0.016536 -0.012077 0.010000
v 0.016964 -0.012311 0.010000
v 0.017419 -0.012486 0.010000
v 0.017893 -0.012599 0.010000
v 0.018378 -0.012648 0.010000
v 0.018865 -0.012632 0.010000
v 0.019346 -0.012551 0.010000
v 0.019812 -0.012406 0.010000
v 0.020254 -0.012201 0.010000
v 0.020665 -0.011939 0.010000
v 0.021037 -0.011624 0.010000
v 0.021365 -0.011262 0.010000
v 0.021640 -0.010860 0.010000
v 0.021860 -0.010425 0.010000
v 0.022020 -0.009964 0.010000
v 0.085117 0.008514 0.010000
v 0.085150 0.009000 0.010000
v 0.085117 0.009486 0.010000
v 0.085020 0.009964 0.010000
v 0.084860 0.010425 0.010000
v 0.084640 0.010860 0.010000
v 0.084365 0.011262 0.010000
v 0.084037 0.011624 0.010000
v 0.083665 0.011939 0.010000
v 0.083254 0.012201 0.010000
v 0.082812 0.012406 0.010000
v 0.082346 0.012551 0.010000
v 0.081865 0.012632 0.010000
v 0.081378 0.012648 0.010000
v 0.080893 0.012599 0.010000
v 0.080419 0.012486 0.010000
v 0.079964 0.012311 0.010000
v 0.079536 0.012077 0.010000
v 0.079143 0.011787 0.010000
v 0.078793 0.011448 0.010000
v 0.078491 0.011066 0.010000
v 0.078242 0.010646 0.010000
v 0.078052 0.010197 0.010000
v 0.077923 0.009727 0.010000
v 0.077858 0.009244 0.010000
v 0.077858 0.008756 0.010000
v 0.077923 0.008273 0.010000
v 0.078052 0.007803 0.010000
v 0.078242 0.007354 0.010000
v 0.078491 0.006934 0.010000
v 0.078793 0.006552 0.010000
v 0.079143 0.006213 0.010000
v 0.079536 0.005923 0.010000
v 0.079964 0.005689 0.010000
v 0.080419 0.005514 0.010000
v 0.080893 0.005401 0.010000
v 0.081378 0.005352 0.010000
v 0.081865 0.005368 0.010000
v 0.082346 0.005449 0.010000
v 0.082812 0.005594 0.010000
v 0.083254 0.005799 0.010000
v 0.083665 0.006061 0.010000
v 0.084037 0.006376 0.010000
v 0.084365 0.006738 0.010000
v 0.084640 0.007140 0.010000
v 0.084860 0.007575 0.010000
v 0.085020 0.008036 0.010000
v 0.112117 0.008514 0.010000
v 0.112150 0.009000 0.010000
v 0.112117 0.009486 0.010000
v 0.112020 0.009964 0.010000
v 0.111860 0.010425 0.010000
v 0.111640 0.010860 0.010000
v 0.111365 0.011262 0.010000
v 0.111037 0.011624 0.010000
v 0.110665 0.011939 0.010000
v 0.110254 0.012201 0.010000
v 0.109812 0.012406 0.010000
v 0.109346 0.012551 0.010000
v 0.108865 0.012632 0.010000
v 0.108378 0.012648 0.010000
v 0.107893 0.012599 0.010000
v 0.107419 0.012486 0.010000
v 0.106964 0.012311 0.010000
v 0.106536 0.012077 0.010000
v 0.106143 0.011787 0.010000
v 0.105793 0.011448 0.010000
v 0.105491 0.011066 0.010000
v 0.105242 0.010646 0.010000
v 0.105052 0.010197 0.010000
v 0.104923 0.009727 0.010000
v 0.104858 0.009244 0.010000
v 0.104858 0.008756 0.010000
v 0.104923 0.008273 0.010000
v 0.105052 0.007803 0.010000
v 0.105242 0.007354 0.010000
v 0.105491 0.006934 0.010000
v 0.105793 0.006552 0.010000
v 0.106143 0.006213 0.010000
v 0.106536 0.005923 0.010000
v 0.106964 0.005689 0.010000
v 0.107419 0.005514 0.010000
v 0.107893 0.005401 0.010000
v 0.108378 0.005352 0.010000
v 0.108865 0.005368 0.010000
v 0.109346 0.005449 0.010000
v 0.109812 0.005594 0.010000
v 0.110254 0.005799 0.010000
v 0.110665 0.006061 0.010000
v 0.111037 0.006376 0.010000
v 0.111365 0.006738 0.010000
v 0.111640 0.007140 0.010000
v 0.111860 0.007575 0.010000
v 0.112020 0.008036 0.010000
v 0.076117 0.008514 0.010000
v 0.076150 0.009000 0.010000
v 0.076117 0.009486 0.010000
v 0.076020 0.009964 0.010000
v 0.075860 0.010425 0.010000
v 0.075640 0.010860 0.010000
v 0.075365 0.011262 0.010000
v 0.075037 0.011624 0.010000
v 0.074665 0.011939 0.010000
v 0.074254 0.012201 0.010000
v 0.073812 0.012406 0.010000
v 0.073346 0.012551 0.010000
v 0.072865 0.012632 0.010000
v 0.072378 0.012648 0.010000
v 0.071893 0.012599 0.010000
v 0.071419 0.012486 0.010000
v 0.070964 0.012311 0.010000
v 0.070536 0.012077 0.010000
v 0.070143 0.011787 0.010000
v 0.069793 0.011448 0.010000
v 0.069491 0.011066 0.010000
v 0.069242 0.010646 0.010000
v 0.069052 0.010197 0.010000
v 0.068923 0.009727 0.010000
v 0.068858 0.009244 0.010000
v 0.068858 0.008756 0.010000
v 0.068923 0.008273 0.010000
v 0.069052 0.007803 0.010000
v 0.069242 0.007354 0.010000
v 0.069491 0.006934 0.010000
v 0.069793 0.006552 0.010000
v 0.070143 0.006213 0.010000
v 0.070536 0.005923 0.010000
v 0.070964 0.005689 0.010000
v 0.071419 0.005514 0.010000
v 0.071893 0.005401 0.010000
v 0.072378 0.005352 0.010000
v 0.072865 0.005368 0.010000
v 0.073346 0.005449 0.010000
v 0.073812 0.005594 0.010000
v 0.074254 0.005799 0.010000
v 0.074665 0.006061 0.010000
v 0.075037 0.006376 0.010000
v 0.075365 0.006738 0.010000
v 0.075640 0.007140 0.010000
v 0.075860 0.007575 0.010000
v 0.076020 0.008036 0.010000
v 0.022117 -0.000486 0.010000
v 0.022150 0.000000 0.010000
v 0.022117 0.000486 0.010000
v 0.022020 0.000964 0.010000
v 0.021860 0.001425 0.010000
v 0.021640 0.001860 0.010000
v 0.021365 0.002262 0.010000
v 0.021037 0.002624 0.010000
v 0.020665 0.002939 0.010000
v 0.020254 0.003201 0.010000
v 0.019812 0.003406 0.010000
v 0.019346 0.003551 0.010000
v 0.018865 0.003632 0.010000
v 0.018378 0.003648 0.010000
v 0.017893 0.003599 0.010000
v 0.017419 0.003486 0.010000
v 0.016964 0.003311 0.010000
v 0.016536 0.003077 0.010000
v 0.016143 0.002787 0.010000
v 0.015793 0.002448 0.010000
v 0.015491 0.002066 0.010000
v 0.015242 0.001646 0.010000
v 0.015052 0.001197 0.010000
v 0.014923 0.000727 0.010000
v 0.014858 0.000244 0.010000
v 0.014858 -0.000244 0.010000
v 0.014923 -0.000727 0.010000
v 0.015052 -0.001197 0.010000
v 0.015242 -0.001646 0.010000
v 0.015491 -0.002066 0.010000
v 0.015793 -0.002448 0.010000
v 0.016143 -0.002787 0.010000
v 0.016536 -0.003077 0.010000
v 0.016964 -0.003311 0.010000
v 0.017419 -0.003486 0.010000
v 0.017893 -0.003599 0.010000
v 0.018378 -0.003648 0.010000
v 0.018865 -0.003632 0.010000
v 0.019346 -0.003551 0.010000
v 0.019812 -0.003406 0.010000
v 0.020254 -0.003201 0.010000
v 0.020665 -0.002939 0.010000
v 0.021037 -0.002624 0.010000
v 0.021365 -0.002262 0.010000
v 0.021640 -0.001860 0.010000
v 0.021860 -0.001425 0.010000
v 0.022020 -0.000964 0.010000
v 0.049117 -0.000486 0.010000
v 0.049150 0.000000 0.010000
v 0.049117 0.000486 0.010000
v 0.049020 0.000964 0.010000
v 0.048860 0.001425 0.010000
v 0.048640 0.001860 0.010000
v 0.048365 0.002262 0.010000
v 0.048037 0.002624 0.010000
v 0.047665 0.002939 0.010000
v 0.047254 0.003201 0.010000
v 0.046812 0.003406 0.010000
v 0.046346 0.003551 0.010000
v 0.045865 0.003632 0.010000
v 0.045378 0.003648 0.010000
v 0.044893 0.003599 0.010000
v 0.044419 0.003486 0.010000
v 0.043964 0.003311 0.010000
v 0.043536 0.003077 0.010000
v 0.043143 0.002787 0.010000
v 0.042793 0.002448 0.010000
v 0.042491 0.002066 0.010000
v 0.042242 0.001646 0.010000
v 0.042052 0.001197 0.010000
v 0.041923 0.000727 0.010000
v 0.041858 0.000244 0.010000
v 0.041858 -0.000244 0.010000
v 0.041923 -0.000727 0.010000
v 0.042052 -0.001197 0.010000
v 0.042242 -0.001646 0.010000
v 0.042491 -0.002066 0.010000
v 0.042793 -0.002448 0.010000
v 0.043143 -0.002787 0.010000
v 0.043536 -0.003077 0.010000
v 0.043964 -0.003311 0.010000
v 0.044419 -0.003486 0.010000
v 0.044893 -0.003599 0.010000
v 0.045378 -0.003648 0.010000
v 0.045865 -0.003632 0.010000
v 0.046346 -0.003551 0.010000
v 0.046812 -0.003406 0.010000
v 0.047254 -0.003201 0.010000
v 0.047665 -0.002939 0.010000
v 0.048037 -0.002624 0.010000
v 0.048365 -0.002262 0.010000
v 0.048640 -0.001860 0.010000
v 0.048860 -0.001425 0.010000
v 0.049020 -0.000964 0.010000
v 0.139117 -0.000486 0.010000
v 0.139150 0.000000 0.010000
v 0.139117 0.000486 0.010000
v 0.139020 0.000964 0.010000
v 0.138860 0.001425 0.010000
v 0.138640 0.001860 0.010000
v 0.138365 0.002262 0.010000
v 0.138037 0.002624 0.010000
v 0.137665 0.002939 0.010000
v 0.137254 0.003201 0.010000
v 0.136812 0.003406 0.010000
v 0.136346 0.003551 0.010000
v 0.135865 0.003632 0.010000
v 0.135378 0.003648 0.010000
v 0.134893 0.003599 0.010000
v 0.134419 0.003486 0.010000
v 0.133964 0.003311 0.010000
v 0.133536 0.003077 0.010000
v 0.133143 0.002787 0.010000
v 0.132793 0.002448 0.010000
v 0.132491 0.002066 0.010000
v 0.132242 0.001646 0.010000
v 0.132052 0.001197 0.010000
v 0.131923 0.000727 0.010000
v 0.131858 0.000244 0.010000
v 0.131858 -0.000244 0.010000
v 0.131923 -0.000727 0.010000
v 0.132052 -0.001197 0.010000
v 0.132242 -0.001646 0.010000
v 0.132491 -0.002066 0.010000
v 0.132793 -0.002448 0.010000
v 0.133143 -0.002787 0.010000
v 0.133536 -0.003077 0.010000
v 0.133964 -0.003311 0.010000
v 0.134419 -0.003486 0.010000
v 0.134893 -0.003599 0.010000
v 0.135378 -0.003648 0.010000
v 0.135865 -0.003632 0.010000
v 0.136346 -0.003551 0.010000
v 0.136812 -0.003406 0.010000
v 0.137254 -0.003201 0.010000
v 0.137665 -0.002939 0.010000
v 0.138037 -0.002624 0.010000
v 0.138365 -0.002262 0.010000
v 0.138640 -0.001860 0.010000
v 0.138860 -0.001425 0.010000
v 0.139020 -0.000964 0.010000
v 0.112117 -0.000486 0.010000
v 0.112150 0.000000 0.010000
v 0.112117 0.000486 0.010000
v 0.112020 0.000964 0.010000
v 0.111860 0.001425 0.010000
v 0.111640 0.001860 0.010000
v 0.111365 0.002262 0.010000
v 0.111037 0.002624 0.010000
v 0.110665 0.002939 0.010000
v 0.110254 0.003201 0.010000
v 0.109812 0.003406 0.010000
v 0.109346 0.003551 0.010000
v 0.108865 0.003632 0.010000
v 0.108378 0.003648 0.010000
v 0.107893 0.003599 0.010000
v 0.107419 0.003486 0.010000
v 0.106964 0.003311 0.010000
v 0.106536 0.003077 0.010000
v 0.106143 0.002787 0.010000
v 0.105793 0.002448 0.010000
v 0.105491 0.002066 0.010000
v 0.105242 0.001646 0.010000
v 0.105052 0.001197 0.010000
v 0.104923 0.000727 0.010000
v 0.104858 0.000244 0.010000
v 0.104858 -0.000244 0.010000
v 0.104923 -0.000727 0.010000
v 0.105052 -0.001197 0.010000
v 0.105242 -0.001646 0.010000
v 0.105491 -0.002066 0.010000
v 0.105793 -0.002448 0.010000
v 0.106143 -0.002787 0.010000
v 0.106536 -0.003077 0.010000
v 0.106964 -0.003311 0.010000
v 0.107419 -0.003486 0.010000
v 0.107893 -0.003599 0.010000
v 0.108378 -0.003648 0.010000
v 0.108865 -0.003632 0.010000
v 0.109346 -0.003551 0.010000
v 0.109812 -0.003406 0.010000
v 0.110254 -0.003201 0.010000
v 0.110665 -0.002939 0.010000
v 0.111037 -0.002624 0.010000
v 0.111365 -0.002262 0.010000
v 0.111640 -0.001860 0.010000
v 0.111860 -0.001425 0.010000
v 0.112020 -0.000964 0.010000
v 0.130117 -0.000486 0.010000
v 0.130150 0.000000 0.010000
v 0.130117 0.000486 0.010000
v 0.130020 0.000964 0.010000
v 0.129860 0.001425 0.010000
v 0.129640 0.001860 0.010000
v 0.129365 0.002262 0.010000
v 0.129037 0.002624 0.010000
v 0.128665 0.002939 0.010000
v 0.128254 0.003201 0.010000
v 0.127812 0.003406 0.010000
v 0.127346 0.003551 0.010000
v 0.126865 0.003632 0.010000
v 0.126378 0.003648 0.010000
v 0.125893 0.003599 0.010000
v 0.125419 0.003486 0.010000
v 0.124964 0.003311 0.010000
v 0.124536 0.003077 0.010000
v 0.124143 0.002787 0.010000
v 0.123793 0.002448 0.010000
v 0.123491 0.002066 0.010000
v 0.123242 0.001646 0.010000
v 0.123052 0.001197 0.010000
v 0.122923 0.000727 0.010000
v 0.122858 0.000244 0.010000
v 0.122858 -0.000244 0.010000
v 0.122923 -0.000727 0.010000
v 0.123052 -0.001197 0.010000
v 0.123242 -0.001646 0.010000
v 0.123491 -0.002066 0.010000
v 0.123793 -0.002448 0.010000
v 0.124143 -0.002787 0.010000
v 0.124536 -0.003077 0.010000
v 0.124964 -0.003311 0.010000
v 0.125419 -0.003486 0.010000
v 0.125893 -0.003599 0.010000
v 0.126378 -0.003648 0.010000
v 0.126865 -0.003632 0.010000
v 0.127346 -0.003551 0.010000
v 0.127812 -0.003406 0.010000
v 0.128254 -0.003201 0.010000
v 0.128665 -0.002939 0.010000
v 0.129037 -0.002624 0.010000
v 0.129365 -0.002262 0.010000
v 0.129640 -0.001860 0.010000
v 0.129860 -0.001425 0.010000
v 0.130020 -0.000964 0.010000
v 0.148117 -0.000486 0.010000
v 0.148150 0.000000 0.010000
v 0.148117 0.000486 0.010000
v 0.148020 0.000964 0.010000
v 0.147860 0.001425 0.010000
v 0.147640 0.001860 0.010000
v 0.147365 0.002262 0.010000
v 0.147037 0.002624 0.010000
v 0.146665 0.002939 0.010000
v 0.146254 0.003201 0.010000
v 0.145812 0.003406 0.010000
v 0.145346 0.003551 0.010000
v 0.144865 0.003632 0.010000
v 0.144378 0.003648 0.010000
v 0.143893 0.003599 0.010000
v 0.143419 0.003486 0.010000
v 0.142964 0.003311 0.010000
v 0.142536 0.003077 0.010000
v 0.142143 0.002787 0.010000
v 0.141793 0.002448 0.010000
v 0.141491 0.002066 0.010000
v 0.141242 0.001646 0.010000
v 0.141052 0.001197 0.010000
v 0.140923 0.000727 0.010000
v 0.140858 0.000244 0.010000
v 0.140858 -0.000244 0.010000
v 0.140923 -0.000727 0.010000
v 0.141052 -0.001197 0.010000
v 0.141242 -0.001646 0.010000
v 0.141491 -0.002066 0.010000
v 0.141793 -0.002448 0.010000
v 0.142143 -0.002787 0.010000
v 0.142536 -0.003077 0.010000
v 0.142964 -0.003311 0.010000
v 0.143419 -0.003486 0.010000
v 0.143893 -0.003599 0.010000
v 0.144378 -0.003648 0.010000
v 0.144865 -0.003632 0.010000
v 0.145346 -0.003551 0.010000
v 0.145812 -0.003406 0.010000
v 0.146254 -0.003201 0.010000
v 0.146665 -0.002939 0.010000
v 0.147037 -0.002624 0.010000
v 0.147365 -0.002262 0.010000
v 0.147640 -0.001860 0.010000
v 0.147860 -0.001425 0.010000
v 0.148020 -0.000964 0.010000
v 0.058117 0.008514 0.010000
v 0.058150 0.009000 0.010000
v 0.058117 0.009486 0.010000
v 0.058020 0.009964 0.010000
v 0.057860 0.010425 0.010000
v 0.057640 0.010860 0.010000
v 0.057365 0.011262 0.010000
v 0.057037 0.011624 0.010000
v 0.056665 0.011939 0.010000
v 0.056254 0.012201 0.010000
v 0.055812 0.012406 0.010000
v 0.055346 0.012551 0.010000
v 0.054865 0.012632 0.010000
v 0.054378 0.012648 0.010000
v 0.053893 0.012599 0.010000
v 0.053419 0.012486 0.010000
v 0.052964 0.012311 0.010000
v 0.052536 0.012077 0.010000
v 0.052143 0.011787 0.010000
v 0.051793 0.011448 0.010000
v 0.051491 0.011066 0.010000
v 0.051242 0.010646 0.010000
v 0.051052 0.010197 0.010000
v 0.050923 0.009727 0.010000
v 0.050858 0.009244 0.010000
v 0.050858 0.008756 0.010000
v 0.050923 0.008273 0.010000
v 0.051052 0.007803 0.010000
v 0.051242 0.007354 0.010000
v 0.051491 0.006934 0.010000
v 0.051793 0.006552 0.010000
v 0.052143 0.006213 0.010000
v 0.052536 0.005923 0.010000
v 0.052964 0.005689 0.010000
v 0.053419 0.005514 0.010000
v 0.053893 0.005401 0.010000
v 0.054378 0.005352 0.010000
v 0.054865 0.005368 0.010000
v 0.055346 0.005449 0.010000
v 0.055812 0.005594 0.010000
v 0.056254 0.005799 0.010000
v 0.056665 0.006061 0.010000
v 0.057037 0.006376 0.010000
v 0.057365 0.006738 0.010000
v 0.057640 0.007140 0.010000
v 0.057860 0.007575 0.010000
v 0.058020 0.008036 0.010000
v 0.094117 -0.000486 0.010000
v 0.094150 0.000000 0.010000
v 0.094117 0.000486 0.010000
v 0.094020 0.000964 0.010000
v 0.093860 0.001425 0.010000
v 0.093640 0.001860 0.010000
v 0.093365 0.002262 0.010000
v 0.093037 0.002624 0.010000
v 0.092665 0.002939 0.010000
v 0.092254 0.003201 0.010000
v 0.091812 0.003406 0.010000
v 0.091346 0.003551 0.010000
v 0.090865 0.003632 0.010000
v 0.090378 0.003648 0.010000
v 0.089893 0.003599 0.010000
v 0.089419 0.003486 0.010000
v 0.088964 0.003311 0.010000
v 0.088536 0.003077 0.010000
v 0.088143 0.002787 0.010000
v 0.087793 0.002448 0.010000
v 0.087491 0.002066 0.010000
v 0.087242 0.001646 0.010000
v 0.087052 0.001197 0.010000
v 0.086923 0.000727 0.010000
v 0.086858 0.000244 0.010000
v 0.086858 -0.000244 0.010000
v 0.086923 -0.000727 0.010000
v 0.087052 -0.001197 0.010000
v 0.087242 -0.001646 0.010000
v 0.087491 -0.002066 0.010000
v 0.087793 -0.002448 0.010000
v 0.088143 -0.002787 0.010000
v 0.088536 -0.003077 0.010000
v 0.088964 -0.003311 0.010000
v 0.089419 -0.003486 0.010000
v 0.089893 -0.003599 0.010000
v 0.090378 -0.003648 0.010000
v 0.090865 -0.003632 0.010000
v 0.091346 -0.003551 0.010000
v 0.091812 -0.003406 0.010000
v 0.092254 -0.003201 0.010000
v 0.092665 -0.002939 0.010000
v 0.093037 -0.002624 0.010000
v 0.093365 -0.002262 0.010000
v 0.093640 -0.001860 0.010000
v 0.093860 -0.001425 0.010000
v 0.094020 -0.000964 0.010000
v 0.040117 -0.000486 0.010000
v 0.040150 0.000000 0.010000
v 0.040117 0.000486 0.010000
v 0.040020 0.000964 0.010000
v 0.039860 0.001425 0.010000
v 0.039640 0.001860 0.010000
v 0.039365 0.002262 0.010000
v 0.039037 0.002624 0.010000
v 0.038665 0.002939 0.010000
v 0.038254 0.003201 0.010000
v 0.037812 0.003406 0.010000
v 0.037346 0.003551 0.010000
v 0.036865 0.003632 0.010000
v 0.036378 0.003648 0.010000
v 0.035893 0.003599 0.010000
v 0.035419 0.003486 0.010000
v 0.034964 0.003311 0.010000
v 0.034536 0.003077 0.010000
v 0.034143 0.002787 0.010000
v 0.033793 0.002448 0.010000
v 0.033491 0.002066 0.010000
v 0.033242 0.001646 0.010000
v 0.033052 0.001197 0.010000
v 0.032923 0.000727 0.010000
v 0.032858 0.000244 0.010000
v 0.032858 -0.000244 0.010000
v 0.032923 -0.000727 0.010000
v 0.033052 -0.001197 0.010000
v 0.033242 -0.001646 0.010000
v 0.033491 -0.002066 0.010000
v 0.033793 -0.002448 0.010000
v 0.034143 -0.002787 0.010000
v 0.034536 -0.003077 0.010000
v 0.034964 -0.003311 0.010000
v 0.035419 -0.003486 0.010000
v 0.035893 -0.003599 0.010000
v 0.036378 -0.003648 0.010000
v 0.036865 -0.003632 0.010000
v 0.037346 -0.003551 0.010000
v 0.037812 -0.003406 0.010000
v 0.038254 -0.003201 0.010000
v 0.038665 -0.002939 0.010000
v 0.039037 -0.002624 0.010000
v 0.039365 -0.002262 0.010000
v 0.039640 -0.001860 0.010000
v 0.039860 -0.001425 0.010000
v 0.040020 -0.000964 0.010000
v 0.103117 -0.000486 0.010000
v 0.103150 0.000000 0.010000
v 0.103117 0.000486 0.010000
v 0.103020 0.000964 0.010000
v 0.102860 0.001425 0.010000
v 0.102640 0.001860 0.010000
v 0.102365 0.002262 0.010000
v 0.102037 0.002624 0.010000
v 0.101665 0.002939 0.010000
v 0.101254 0.003201 0.010000
v 0.100812 0.003406 0.010000
v 0.100346 0.003551 0.010000
v 0.099865 0.003632 0.010000
v 0.099378 0.003648 0.010000
v 0.098893 0.003599 0.010000
v 0.098419 0.003486 0.010000
v 0.097964 0.003311 0.010000
v 0.097536 0.003077 0.010000
v 0.097143 0.002787 0.010000
v 0.096793 0.002448 0.010000
v 0.096491 0.002066 0.010000
v 0.096242 0.001646 0.010000
v 0.096052 0.001197 0.010000
v 0.095923 0.000727 0.010000
v 0.095858 0.000244 0.010000
v 0.095858 -0.000244 0.010000
v 0.095923 -0.000727 0.010000
v 0.096052 -0.001197 0.010000
v 0.096242 -0.001646 0.010000
v 0.096491 -0.002066 0.010000
v 0.096793 -0.002448 0.010000
v 0.097143 -0.002787 0.010000
v 0.097536 -0.003077 0.010000
v 0.097964 -0.003311 0.010000
v 0.098419 -0.003486 0.010000
v 0.098893 -0.003599 0.010000
v 0.099378 -0.003648 0.010000
v 0.099865 -0.003632 0.010000
v 0.100346 -0.003551 0.010000
v 0.100812 -0.003406 0.010000
v 0.101254 -0.003201 0.010000
v 0.101665 -0.002939 0.010000
v 0.102037 -0.002624 0.010000
v 0.102365 -0.002262 0.010000
v 0.102640 -0.001860 0.010000
v 0.102860 -0.001425 0.010000
v 0.103020 -0.000964 0.010000
v 0.130117 0.008514 0.010000
v 0.130150 0.009000 0.010000
v 0.130117 0.009486 0.010000
v 0.130020 0.009964 0.010000
v 0.129860 0.010425 0.010000
v 0.129640 0.010860 0.010000
v 0.129365 0.011262 0.010000
v 0.129037 0.011624 0.010000
v 0.128665 0.011939 0.010000
v 0.128254 0.012201 0.010000
v 0.127812 0.012406 0.010000
v 0.127346 0.012551 0.010000
v 0.126865 0.012632 0.010000
v 0.126378 0.012648 0.010000
v 0.125893 0.012599 0.010000
v 0.125419 0.012486 0.010000
v 0.124964 0.012311 0.010000
v 0.124536 0.012077 0.010000
v 0.124143 0.011787 0.010000
v 0.123793 0.011448 0.010000
v 0.123491 0.011066 0.010000
v 0.123242 0.010646 0.010000
v 0.123052 0.010197 0.010000
v 0.122923 0.009727 0.010000
v 0.122858 0.009244 0.010000
v 0.122858 0.008756 0.010000
v 0.122923 0.008273 0.010000
v 0.123052 0.007803 0.010000
v 0.123242 0.007354 0.010000
v 0.123491 0.006934 0.010000
v 0.123793 0.006552 0.010000
v 0.124143 0.006213 0.010000
v 0.124536 0.005923 0.010000
v 0.124964 0.005689 0.010000
v 0.125419 0.005514 0.010000
v 0.125893 0.005401 0.010000
v 0.126378 0.005352 0.010000
v 0.126865 0.005368 0.010000
v 0.127346 0.005449 0.010000
v 0.127812 0.005594 0.010000
v 0.128254 0.005799 0.010000
v 0.128665 0.006061 0.010000
v 0.129037 0.006376 0.010000
v 0.129365 0.006738 0.010000
v 0.129640 0.007140 0.010000
v 0.129860 0.007575 0.010000
v 0.130020 0.008036 0.010000
v 0.094117 0.008514 0.010000
v 0.094150 0.009000 0.010000
v 0.094117 0.009486 0.010000
v 0.094020 0.009964 0.010000
v 0.093860 0.010425 0.010000
v 0.093640 0.010860 0.010000
v 0.093365 0.011262 0.010000
v 0.093037 0.011624 0.010000
v 0.092665 0.011939 0.010000
v 0.092254 0.012201 0.010000
v 0.091812 0.012406 0.010000
v 0.091346 0.012551 0.010000
v 0.090865 0.012632 0.010000
v 0.090378 0.012648 0.010000
v 0.089893 0.012599 0.010000
v 0.089419 0.012486 0.010000
v 0.088964 0.012311 0.010000
v 0.088536 0.012077 0.010000
v 0.088143 0.011787 0.010000
v 0.087793 0.011448 0.010000
v 0.087491 0.011066 0.010000
v 0.087242 0.010646 0.010000
v 0.087052 0.010197 0.010000
v 0.086923 0.009727 0.010000
v 0.086858 0.009244 0.010000
v 0.086858 0.008756 0.010000
v 0.086923 0.008273 0.010000
v 0.087052 0.007803 0.010000
v 0.087242 0.007354 0.010000
v 0.087491 0.006934 0.010000
v 0.087793 0.006552 0.010000
v 0.088143 0.006213 0.010000
v 0.088536 0.005923 0.010000
v 0.088964 0.005689 0.010000
v 0.089419 0.005514 0.010000
v 0.089893 0.005401 0.010000
v 0.090378 0.005352 0.010000
v 0.090865 0.005368 0.010000
v 0.091346 0.005449 0.010000
v 0.091812 0.005594 0.010000
v 0.092254 0.005799 0.010000
v 0.092665 0.006061 0.010000
v 0.093037 0.006376 0.010000
v 0.093365 0.006738 0.010000
v 0.093640 0.007140 0.010000
v 0.093860 0.007575 0.010000
v 0.094020 0.008036 0.010000
v 0.013117 -0.009486 0.010000
v 0.013150 -0.009000 0.010000
v 0.013117 -0.008514 0.010000
v 0.013020 -0.008036 0.010000
v 0.012860 -0.007575 0.010000
v 0.012640 -0.007140 0.010000
v 0.012365 -0.006738 0.010000
v 0.012037 -0.006376 0.010000
v 0.011665 -0.006061 0.010000
v 0.011254 -0.005799 0.010000
v 0.010812 -0.005594 0.010000
v 0.010346 -0.005449 0.010000
v 0.009865 -0.005368 0.010000
v 0.009378 -0.005352 0.010000
v 0.008893 -0.005401 0.010000
v 0.008419 -0.005514 0.010000
v 0.007964 -0.005689 0.010000
v 0.007536 -0.005923 0.010000
v 0.007143 -0.006213 0.010000
v 0.006793 -0.006552 0.010000
v 0.006491 -0.006934 0.010000
v 0.006242 -0.007354 0.010000
v 0.006052 -0.007803 0.010000
v 0.005923 -0.008273 0.010000
v 0.005858 -0.008756 0.010000
v 0.005858 -0.009244 0.010000
v 0.005923 -0.009727 0.010000
v 0.006052 -0.010197 0.010000
v 0.006242 -0.010646 0.010000
v 0.006491 -0.011066 0.010000
v 0.006793 -0.011448 0.010000
v 0.007143 -0.011787 0.010000
v 0.007536 -0.012077 0.010000
v 0.007964 -0.012311 0.010000
v 0.008419 -0.012486 0.010000
v 0.008893 -0.012599 0.010000
v 0.009378 -0.012648 0.010000
v 0.009865 -0.012632 0.010000
v 0.010346 -0.012551 0.010000
v 0.010812 -0.012406 0.010000
v 0.011254 -0.012201 0.010000
v 0.011665 -0.011939 0.010000
v 0.012037 -0.011624 0.010000
v 0.012365 -0.011262 0.010000
v 0.012640 -0.010860 0.010000
v 0.012860 -0.010425 0.010000
v 0.013020 -0.009964 0.010000
v 0.040117 -0.009486 0.010000
v 0.040150 -0.009000 0.010000
v 0.040117 -0.008514 0.010000
v 0.040020 -0.008036 0.010000
v 0.039860 -0.007575 0.010000
v 0.039640 -0.007140 0.010000
v 0.039365 -0.006738 0.010000
v 0.039037 -0.006376 0.010000
v 0.038665 -0.006061 0.010000
v 0.038254 -0.005799 0.010000
v 0.037812 -0.005594 0.010000
v 0.037346 -0.005449 0.010000
v 0.036865 -0.005368 0.010000
v 0.036378 -0.005352 0.010000
v 0.035893 -0.005401 0.010000
v 0.035419 -0.005514 0.010000
v 0.034964 -0.005689 0.010000
v 0.034536 -0.005923 0.010000
v 0.034143 -0.006213 0.010000
v 0.033793 -0.006552 0.010000
v 0.033491 -0.006934 0.010000
v 0.033242 -0.007354 0.010000
v 0.033052 -0.007803 0.010000
v 0.032923 -0.008273 0.010000
v 0.032858 -0.008756 0.010000
v 0.032858 -0.009244 0.010000
v 0.032923 -0.009727 0.010000
v 0.033052 -0.010197 0.010000
v 0.033242 -0.010646 0.010000
v 0.033491 -0.011066 0.010000
v 0.033793 -0.011448 0.010000
v 0.034143 -0.011787 0.010000
v 0.034536 -0.012077 0.010000
v 0.034964 -0.012311 0.010000
v 0.035419 -0.012486 0.010000
v 0.035893 -0.012599 0.010000
v 0.036378 -0.012648 0.010000
v 0.036865 -0.012632 0.010000
v 0.037346 -0.012551 0.010000
v 0.037812 -0.012406 0.010000
v 0.038254 -0.012201 0.010000
v 0.038665 -0.011939 0.010000
v 0.039037 -0.011624 0.010000
v 0.039365 -0.011262 0.010000
v 0.039640 -0.010860 0.010000
v 0.039860 -0.010425 0.010000
v 0.040020 -0.009964 0.010000
v 0.076117 -0.009486 0.010000
v 0.076150 -0.009000 0.010000
v 0.076117 -0.008514 0.010000
v 0.076020 -0.008036 0.010000
v 0.075860 -0.007575 0.010000
v 0.075640 -0.007140 0.010000
v 0.075365 -0.006738 0.010000
v 0.075037 -0.006376 0.010000
v 0.074665 -0.006061 0.010000
v 0.074254 -0.005799 0.010000
v 0.073812 -0.005594 0.010000
v 0.073346 -0.005449 0.010000
v 0.072865 -0.005368 0.010000
v 0.072378 -0.005352 0.010000
v 0.071893 -0.005401 0.010000
v 0.071419 -0.005514 0.010000
v 0.070964 -0.005689 0.010000
v 0.070536 -0.005923 0.010000
v 0.070143 -0.006213 0.010000
v 0.069793 -0.006552 0.010000
v 0.069491 -0.006934 0.010000
v 0.069242 -0.007354 0.010000
v 0.069052 -0.007803 0.010000
v 0.068923 -0.008273 0.010000
v 0.068858 -0.008756 0.010000
v 0.068858 -0.009244 0.010000
v 0.068923 -0.009727 0.010000
v 0.069052 -0.010197 0.010000
v 0.069242 -0.010646 0.010000
v 0.069491 -0.011066 0.010000
v 0.069793 -0.011448 0.010000
v 0.070143 -0.011787 0.010000
v 0.070536 -0.012077 0.010000
v 0.070964 -0.012311 0.010000
v 0.071419 -0.012486 0.010000
v 0.071893 -0.012599 0.010000
v 0.072378 -0.012648 0.010000
v 0.072865 -0.012632 0.010000
v 0.073346 -0.012551 0.010000
v 0.073812 -0.012406 0.010000
v 0.074254 -0.012201 0.010000
v 0.074665 -0.011939 0.010000
v 0.075037 -0.011624 0.010000
v 0.075365 -0.011262 0.010000
v 0.075640 -0.010860 0.010000
v 0.075860 -0.010425 0.010000
v 0.076020 -0.009964 0.010000
v 0.112117 -0.009486 0.010000
v 0.112150 -0.009000 0.010000
v 0.112117 -0.008514 0.010000
v 0.112020 -0.008036 0.010000
v 0.111860 -0.007575 0.010000
v 0.111640 -0.007140 0.010000
v 0.111365 -0.006738 0.010000
v 0.111037 -0.006376 0.010000
v 0.110665 -0.006061 0.010000
v 0.110254 -0.005799 0.010000
v 0.109812 -0.005594 0.010000
v 0.109346 -0.005449 0.010000
v 0.108865 -0.005368 0.010000
v 0.108378 -0.005352 0.010000
v 0.107893 -0.005401 0.010000
v 0.107419 -0.005514 0.010000
v 0.106964 -0.005689 0.010000
v 0.106536 -0.005923 0.010000
v 0.106143 -0.006213 0.010000
v 0.105793 -0.006552 0.010000
v 0.105491 -0.006934 0.010000
v 0.105242 -0.007354 0.010000
v 0.105052 -0.007803 0.010000
v 0.104923 -0.008273 0.010000
v 0.104858 -0.008756 0.010000
v 0.104858 -0.009244 0.010000
v 0.104923 -0.009727 0.010000
v 0.105052 -0.010197 0.010000
v 0.105242 -0.010646 0.010000
v 0.105491 -0.011066 0.010000
v 0.105793 -0.011448 0.010000
v 0.106143 -0.011787 0.010000
v 0.106536 -0.012077 0.010000
v 0.106964 -0.012311 0.010000
v 0.107419 -0.012486 0.010000
v 0.107893 -0.012599 0.010000
v 0.108378 -0.012648 0.010000
v 0.108865 -0.012632 0.010000
v 0.109346 -0.012551 0.010000
v 0.109812 -0.012406 0.010000
v 0.110254 -0.012201 0.010000
v 0.110665 -0.011939 0.010000
v 0.111037 -0.011624 0.010000
v 0.111365 -0.011262 0.010000
v 0.111640 -0.010860 0.010000
v 0.111860 -0.010425 0.010000
v 0.112020 -0.009964 0.010000
v 0.148117 -0.009486 0.010000
v 0.148150 -0.009000 0.010000
v 0.148117 -0.008514 0.010000
v 0.148020 -0.008036 0.010000
v 0.147860 -0.007575 0.010000
v 0.147640 -0.007140 0.010000
v 0.147365 -0.006738 0.010000
v 0.147037 -0.006376 0.010000
v 0.146665 -0.006061 0.010000
v 0.146254 -0.005799 0.010000
v 0.145812 -0.005594 0.010000
v 0.145346 -0.005449 0.010000
v 0.144865 -0.005368 0.010000
v 0.144378 -0.005352 0.010000
v 0.143893 -0.005401 0.010000
v 0.143419 -0.005514 0.010000
v 0.142964 -0.005689 0.010000
v 0.142536 -0.005923 0.010000
v 0.142143 -0.006213 0.010000
v 0.141793 -0.006552 0.010000
v 0.141491 -0.006934 0.010000
v 0.141242 -0.007354 0.010000
v 0.141052 -0.007803 0.010000
v 0.140923 -0.008273 0.010000
v 0.140858 -0.008756 0.010000
v 0.140858 -0.009244 0.010000
v 0.140923 -0.009727 0.010000
v 0.141052 -0.010197 0.010000
v 0.141242 -0.010646 0.010000
v 0.141491 -0.011066 0.010000
v 0.141793 -0.011448 0.010000
v 0.142143 -0.011787 0.010000
v 0.142536 -0.012077 0.010000
v 0.142964 -0.012311 0.010000
v 0.143419 -0.012486 0.010000
v 0.143893 -0.012599 0.010000
v 0.144378 -0.012648 0.010000
v 0.144865 -0.012632 0.010000
v 0.145346 -0.012551 0.010000
v 0.145812 -0.012406 0.010000
v 0.146254 -0.012201 0.010000
v 0.146665 -0.011939 0.010000
v 0.147037 -0.011624 0.010000
v 0.147365 -0.011262 0.010000
v 0.147640 -0.010860 0.010000
v 0.147860 -0.010425 0.010000
v 0.148020 -0.009964 0.010000
vn 0.9962 -0.0872 0.0000
vn 0.9962 0.0872 0.0000
vn 0.9659 0.2588 0.0000
vn 0.9063 0.4226 0.0000
vn 0.8192 0.5736 0.0000
vn 0.7071 0.7071 0.0000
vn 0.5736 0.8192 0.0000
vn 0.4226 0.9063 0.0000
vn 0.2588 0.9659 0.0000
vn 0.0872 0.9962 0.0000
vn -0.0872 0.9962 0.0000
vn -0.2588 0.9659 0.0000
vn -0.4226 0.9063 0.0000
vn -0.5736 0.8192 0.0000
vn -0.7071 0.7071 0.0000
vn -0.8192 0.5736 0.0000
vn -0.9063 0.4226 0.0000
vn -0.9659 0.2588 0.0000
vn -0.9962 0.0872 0.0000
vn -0.9962 -0.0872 0.0000
vn -0.9659 -0.2588 0.0000
vn -0.9063 -0.4226 0.0000
vn -0.8192 -0.5736 0.0000
vn -0.7071 -0.7071 0.0000
vn -0.5736 -0.8192 0.0000
vn -0.4226 -0.9063 0.0000
vn -0.2588 -0.9659 0.0000
vn -0.0872 -0.9962 0.0000
vn 0.0872 -0.9962 0.0000
vn 0.2588 -0.9659 0.0000
vn 0.4226 -0.9063 0.0000
vn 0.5736 -0.8192 0.0000
vn 0.7071 -0.7071 0.0000
vn 0.8192 -0.5736 0.0000
vn 0.9063 -0.4226 0.0000
vn 0.9659 -0.2588 0.0000
vn 0.9962 -0.0870 0.0000
vn 0.9962 -0.0871 0.0000
vn 0.9962 0.0871 0.0000
vn 0.9962 0.0870 0.0000
vn 0.9659 0.2589 0.0000
vn 0.9063 0.4227 0.0000
vn 0.9064 0.4225 0.0000
vn 0.8191 0.5737 0.0000
vn 0.8191 0.5736 0.0000
vn 0.7072 0.7071 0.0000
vn 0.4227 0.9063 0.0000
vn 0.0871 0.9962 0.0000
vn -0.5736 0.8191 0.0000
vn -0.7072 0.7071 0.0000
vn -0.8191 0.5737 0.0000
vn -0.8191 0.5736 0.0000
vn -0.9063 0.4227 0.0000
vn -0.9962 0.0871 0.0000
vn -0.9962 -0.0871 0.0000
vn -0.9063 -0.4227 0.0000
vn -0.8191 -0.5736 0.0000
vn -0.8191 -0.5737 0.0000
vn -0.7072 -0.7071 0.0000
vn -0.5736 -0.8191 0.0000
vn 0.0871 -0.9962 0.0000
vn 0.4227 -0.9063 0.0000
vn 0.7072 -0.7071 0.0000
vn 0.8191 -0.5736 0.0000
vn 0.8191 -0.5737 0.0000
vn 0.9064 -0.4225 0.0000
vn 0.9063 -0.4227 0.0000
vn 0.9659 -0.2589 0.0000
vn -0.9659 -0.2589 0.0000
vn -0.9660 -0.2586 0.0000
vn -0.9660 0.2586 0.0000
vn -0.9659 0.2589 0.0000
vn 0.0000 0.0000 -1.0000
vn -1.0000 0.0000 0.0000
vn 1.0000 0.0000 0.0000
vn -0.9978 0.0668 0.0000
vn -0.9978 -0.0668 0.0000
vn -0.9800 -0.1992 0.0000
vn -0.9447 -0.3280 0.0000
vn -0.9447 -0.3281 0.0000
vn -0.8925 -0.4510 0.0000
vn -0.8244 -0.5660 0.0000
vn -0.7417 -0.6707 0.0000
vn -0.7416 -0.6708 0.0000
vn -0.6456 -0.7637 0.0000
vn -0.6456 -0.7636 0.0000
vn -0.5381 -0.8429 0.0000
vn -0.4209 -0.9071 0.0000
vn -0.4210 -0.9071 0.0000
vn -0.2963 -0.9551 0.0000
vn -0.1663 -0.9861 0.0000
vn -0.0334 -0.9994 0.0000
vn 0.1001 -0.9950 0.0000
vn 0.2318 -0.9728 0.0000
vn 0.3594 -0.9332 0.0000
vn 0.4806 -0.8769 0.0000
vn 0.4806 -0.8770 0.0000
vn 0.5932 -0.8051 0.0000
vn 0.6952 -0.7188 0.0000
vn 0.7848 -0.6197 0.0000
vn 0.7848 -0.6198 0.0000
vn 0.8604 -0.5096 0.0000
vn 0.9207 -0.3904 0.0000
vn 0.9206 -0.3904 0.0000
vn 0.9645 -0.2642 0.0000
vn 0.9911 -0.1333 0.0000
vn 0.9911 0.1333 0.0000
vn 0.9645 0.2642 0.0000
vn 0.9206 0.3904 0.0000
vn 0.9207 0.3904 0.0000
vn 0.8604 0.5096 0.0000
vn 0.7848 0.6198 0.0000
vn 0.7848 0.6197 0.0000
vn 0.6952 0.7188 0.0000
vn 0.5932 0.8051 0.0000
vn 0.4806 0.8770 0.0000
vn 0.4806 0.8769 0.0000
vn 0.3594 0.9332 0.0000
vn 0.2318 0.9728 0.0000
vn 0.1001 0.9950 0.0000
vn -0.0334 0.9994 0.0000
vn -0.1663 0.9861 0.0000
vn -0.2963 0.9551 0.0000
vn -0.4210 0.9071 0.0000
vn -0.4209 0.9071 0.0000
vn -0.5381 0.8429 0.0000
vn -0.6456 0.7636 0.0000
vn -0.6456 0.7637 0.0000
vn -0.7416 0.6708 0.0000
vn -0.7417 0.6707 0.0000
vn -0.8244 0.5660 0.0000
vn -0.8925 0.4510 0.0000
vn -0.9447 0.3281 0.0000
vn -0.9447 0.3280 0.0000
vn -0.9800 0.1992 0.0000
vn -0.8244 -0.5659 0.0000
vn -0.8244 0.5659 0.0000
vn -0.7417 -0.6708 0.0000
vn -0.7417 0.6708 0.0000
vn -0.9978 0.0669 0.0000
vn -0.9978 0.0667 0.0000
vn -0.9978 -0.0667 0.0000
vn -0.9978 -0.0669 0.0000
vn -0.8245 -0.5659 0.0000
vn 0.9206 -0.3905 0.0000
vn 0.9206 0.3905 0.0000
vn -0.8245 0.5659 0.0000
vn -0.9800 -0.1991 0.0000
vn -0.9800 0.1991 0.0000
vn -0.8925 -0.4511 0.0000
vn -0.8925 0.4511 0.0000
vn -0.6457 -0.7636 0.0000
vn -0.6457 0.7636 0.0000
vn 0.5931 -0.8051 0.0000
vn 0.5931 0.8051 0.0000
vn 0.0000 1.0000 0.0000
vn 0.0000 -1.0000 0.0000
vn 0.0000 0.0000 1.0000
usemtl N9_aluminum_machined
s off
f 1//1 2//1 3//1
f 3//1 2//1 4//1
f 3//2 4//2 5//2
f 5//2 4//2 6//2
f 5//3 6//3 7//3
f 7//3 6//3 8//3
f 7//4 8//4 9//4
f 9//4 8//4 10//4
f 9//5 10//5 11//5
f 11//5 10//5 12//5
f 11//6 12//6 13//6
f 13//6 12//6 14//6
f 13//7 14//7 15//7
f 15//7 14//7 16//7
f 15//8 16//8 17//8
f 17//8 16//8 18//8
f 17//9 18//9 19//9
f 19//9 18//9 20//9
f 19//10 20//10 21//10
f 21//10 20//10 22//10
f 21//11 22//11 23//11
f 23//11 22//11 24//11
f 23//12 24//12 25//12
f 25//12 24//12 26//12
f 25//13 26//13 27//13
f 27//13 26//13 28//13
f 27//14 28//14 29//14
f 29//14 28//14 30//14
f 29//15 30//15 31//15
f 31//15 30//15 32//15
f 31//16 32//16 33//16
f 33//16 32//16 34//16
f 33//17 34//17 35//17
f 35//17 34//17 36//17
f 35//18 36//18 37//18
f 37//18 36//18 38//18
f 37//19 38//19 39//19
f 39//19 38//19 40//19
f 39//20 40//20 41//20
f 41//20 40//20 42//20
f 41//21 42//21 43//21
f 43//21 42//21 44//21
f 43//22 44//22 45//22
f 45//22 44//22 46//22
f 45//23 46//23 47//23
f 47//23 46//23 48//23
f 47//24 48//24 49//24
f 49//24 48//24 50//24
f 49//25 50//25 51//25
f 51//25 50//25 52//25
f 51//26 52//26 53//26
f 53//26 52//26 54//26
f 53//27 54//27 55//27
f 55//27 54//27 56//27
f 55//28 56//28 57//28
f 57//28 56//28 58//28
f 57//29 58//29 59//29
f 59//29 58//29 60//29
f 59//30 60//30 61//30
f 61//30 60//30 62//30
f 61//31 62//31 63//31
f 63//31 62//31 64//31
f 63//32 64//32 65//32
f 65//32 64//32 66//32
f 65//33 66//33 67//33
f 67//33 66//33 68//33
f 67//34 68//34 69//34
f 69//34 68//34 70//34
f 69//35 70//35 71//35
f 71//35 70//35 72//35
f 71//36 72//36 1//36
f 1//36 72//36 2//36
f 73//2 74//2 75//2
f 75//2 74//2 76//2
f 75//1 76//1 77//1
f 77//1 76//1 78//1
f 77//36 78//36 79//36
f 79//36 78//36 80//36
f 79//35 80//35 81//35
f 81//35 80//35 82//35
f 81//34 82//34 83//34
f 83//34 82//34 84//34
f 83//33 84//33 85//33
f 85//33 84//33 86//33
f 85//32 86//32 87//32
f 87//32 86//32 88//32
f 87//31 88//31 89//31
f 89//31 88//31 90//31
f 89//30 90//30 91//30
f 91//30 90//30 92//30
f 91//29 92//29 93//29
f 93//29 92//29 94//29
f 93//28 94//28 95//28
f 95//28 94//28 96//28
f 95//27 96//27 97//27
f 97//27 96//27 98//27
f 97//26 98//26 99//26
f 99//26 98//26 100//26
f 99//25 100//25 101//25
f 101//25 100//25 102//25
f 101//24 102//24 103//24
f 103//24 102//24 104//24
f 103//23 104//23 105//23
f 105//23 104//23 106//23
f 105//22 106//22 107//22
f 107//22 106//22 108//22
f 107//21 108//21 109//21
f 109//21 108//21 110//21
f 109//20 110//20 111//20
f 111//20 110//20 112//20
f 111//19 112//19 113//19
f 113//19 112//19 114//19
f 113//18 114//18 115//18
f 115//18 114//18 116//18
f 115//17 116//17 117//17
f 117//17 116//17 118//17
f 117//16 118//16 119//16
f 119//16 118//16 120//16
f 119//15 120//15 121//15
f 121//15 120//15 122//15
f 121//14 122//14 123//14
f 123//14 122//14 124//14
f 123//13 124//13 125//13
f 125//13 124//13 126//13
f 125//12 126//12 127//12
f 127//12 126//12 128//12
f 127//11 128//11 129//11
f 129//11 128//11 130//11
f 129//10 130//10 131//10
f 131//10 130//10 132//10
f 131//9 132//9 133//9
f 133//9 132//9 134//9
f 133//8 134//8 135//8
f 135//8 134//8 136//8
f 135//7 136//7 137//7
f 137//7 136//7 138//7
f 137//6 138//6 139//6
f 139//6 138//6 140//6
f 139//5 140//5 141//5
f 141//5 140//5 142//5
f 141//4 142//4 143//4
f 143//4 142//4 144//4
f 143//3 144//3 73//3
f 73//3 144//3 74//3
f 4//2 76//2 6//2
f 6//2 76//2 74//2
f 6//3 74//3 8//3
f 8//3 74//3 144//3
f 8//4 144//4 10//4
f 10//4 144//4 142//4
f 10//5 142//5 12//5
f 12//5 142//5 140//5
f 12//6 140//6 14//6
f 14//6 140//6 138//6
f 14//7 138//7 16//7
f 16//7 138//7 136//7
f 16//8 136//8 18//8
f 18//8 136//8 134//8
f 18//9 134//9 20//9
f 20//9 134//9 132//9
f 20//10 132//10 22//10
f 22//10 132//10 130//10
f 22//11 130//11 24//11
f 24//11 130//11 128//11
f 24//12 128//12 26//12
f 26//12 128//12 126//12
f 26//13 126//13 28//13
f 28//13 126//13 124//13
f 28//14 124//14 30//14
f 30//14 124//14 122//14
f 30//15 122//15 32//15
f 32//15 122//15 120//15
f 32//16 120//16 34//16
f 34//16 120//16 118//16
f 34//17 118//17 36//17
f 36//17 118//17 116//17
f 36//18 116//18 38//18
f 38//18 116//18 114//18
f 38//19 114//19 40//19
f 40//19 114//19 112//19
f 40//20 112//20 42//20
f 42//20 112//20 110//20
f 42//21 110//21 44//21
f 44//21 110//21 108//21
f 44//22 108//22 46//22
f 46//22 108//22 106//22
f 46//23 106//23 48//23
f 48//23 106//23 104//23
f 48//24 104//24 50//24
f 50//24 104//24 102//24
f 50//25 102//25 52//25
f 52//25 102//25 100//25
f 52//26 100//26 54//26
f 54//26 100//26 98//26
f 54//27 98//27 56//27
f 56//27 98//27 96//27
f 56//28 96//28 58//28
f 58//28 96//28 94//28
f 58//29 94//29 60//29
f 60//29 94//29 92//29
f 60//30 92//30 62//30
f 62//30 92//30 90//30
f 62//31 90//31 64//31
f 64//31 90//31 88//31
f 64//32 88//32 66//32
f 66//32 88//32 86//32
f 66//33 86//33 68//33
f 68//33 86//33 84//33
f 68//34 84//34 70//34
f 70//34 84//34 82//34
f 70//35 82//35 72//35
f 72//35 82//35 80//35
f 72//36 80//36 2//36
f 2//36 80//36 78//36
f 2//1 78//1 4//1
f 4//1 78//1 76//1
f 145//37 146//37 147//37
f 147//38 146//38 148//38
f 147//39 148//39 149//39
f 149//40 148//40 150//40
f 149//41 150//41 151//41
f 151//3 150//3 152//3
f 151//42 152//42 153//42
f 153//43 152//43 154//43
f 153//44 154//44 155//44
f 155//45 154//45 156//45
f 155//6 156//6 157//6
f 157//46 156//46 158//46
f 157//7 158//7 159//7
f 159//7 158//7 160//7
f 159//47 160//47 161//47
f 161//8 160//8 162//8
f 161//9 162//9 163//9
f 163//9 162//9 164//9
f 163//10 164//10 165//10
f 165//48 164//48 166//48
f 165//11 166//11 167//11
f 167//11 166//11 168//11
f 167//12 168//12 169//12
f 169//12 168//12 170//12
f 169//13 170//13 171//13
f 171//13 170//13 172//13
f 171//14 172//14 173//14
f 173//49 172//49 174//49
f 173//15 174//15 175//15
f 175//50 174//50 176//50
f 175//51 176//51 177//51
f 177//52 176//52 178//52
f 177//53 178//53 179//53
f 179//17 178//17 180//17
f 179//18 180//18 181//18
f 181//18 180//18 182//18
f 181//54 182//54 183//54
f 183//54 182//54 184//54
f 183//55 184//55 185//55
f 185//55 184//55 186//55
f 185//21 186//21 187//21
f 187//21 186//21 188//21
f 187//22 188//22 189//22
f 189//56 188//56 190//56
f 189//57 190//57 191//57
f 191//58 190//58 192//58
f 191//59 192//59 193//59
f 193//24 192//24 194//24
f 193//60 194//60 195//60
f 195//25 194//25 196//25
f 195//26 196//26 197//26
f 197//26 196//26 198//26
f 197//27 198//27 199//27
f 199//27 198//27 200//27
f 199//28 200//28 201//28
f 201//28 200//28 202//28
f 201//61 202//61 203//61
f 203//29 202//29 204//29
f 203//30 204//30 205//30
f 205//30 204//30 206//30
f 205//31 206//31 207//31
f 207//62 206//62 208//62
f 207//32 208//32 209//32
f 209//32 208//32 210//32
f 209//63 210//63 211//63
f 211//33 210//33 212//33
f 211//64 212//64 213//64
f 213//65 212//65 214//65
f 213//66 214//66 215//66
f 215//67 214//67 216//67
f 215//36 216//36 145//36
f 145//68 216//68 146//68
f 217//39 218//39 219//39
f 219//39 218//39 220//39
f 219//38 220//38 221//38
f 221//38 220//38 222//38
f 221//36 222//36 223//36
f 223//36 222//36 224//36
f 223//67 224//67 225//67
f 225//66 224//66 226//66
f 225//65 226//65 227//65
f 227//64 226//64 228//64
f 227//33 228//33 229//33
f 229//63 228//63 230//63
f 229//32 230//32 231//32
f 231//32 230//32 232//32
f 231//31 232//31 233//31
f 233//31 232//31 234//31
f 233//30 234//30 235//30
f 235//30 234//30 236//30
f 235//29 236//29 237//29
f 237//61 236//61 238//61
f 237//28 238//28 239//28
f 239//28 238//28 240//28
f 239//27 240//27 241//27
f 241//27 240//27 242//27
f 241//26 242//26 243//26
f 243//26 242//26 244//26
f 243//25 244//25 245//25
f 245//25 244//25 246//25
f 245//24 246//24 247//24
f 247//59 246//59 248//59
f 247//57 248//57 249//57
f 249//57 248//57 250//57
f 249//56 250//56 251//56
f 251//22 250//22 252//22
f 251//69 252//69 253//69
f 253//70 252//70 254//70
f 253//55 254//55 255//55
f 255//55 254//55 256//55
f 255//54 256//54 257//54
f 257//54 256//54 258//54
f 257//71 258//71 259//71
f 259//72 258//72 260//72
f 259//17 260//17 261//17
f 261//53 260//53 262//53
f 261//52 262//52 263//52
f 263//52 262//52 264//52
f 263//50 264//50 265//50
f 265//15 264//15 266//15
f 265//14 266//14 267//14
f 267//14 266//14 268//14
f 267//13 268//13 269//13
f 269//13 268//13 270//13
f 269//12 270//12 271//12
f 271//12 270//12 272//12
f 271//11 272//11 273//11
f 273//11 272//11 274//11
f 273//48 274//48 275//48
f 275//10 274//10 276//10
f 275//9 276//9 277//9
f 277//9 276//9 278//9
f 277//8 278//8 279//8
f 279//8 278//8 280//8
f 279//7 280//7 281//7
f 281//7 280//7 282//7
f 281//46 282//46 283//46
f 283//6 282//6 284//6
f 283//45 284//45 285//45
f 285//44 284//44 286//44
f 285//43 286//43 287//43
f 287//42 286//42 288//42
f 287//3 288//3 217//3
f 217//3 288//3 218//3
f 148//39 220//39 150//39
f 150//40 220//40 218//40
f 150//41 218//41 152//41
f 152//3 218//3 288//3
f 152//42 288//42 154//42
f 154//43 288//43 286//43
f 154//44 286//44 156//44
f 156//45 286//45 284//45
f 156//6 284//6 158//6
f 158//46 284//46 282//46
f 158//7 282//7 160//7
f 160//7 282//7 280//7
f 160//47 280//47 162//47
f 162//8 280//8 278//8
f 162//9 278//9 164//9
f 164//9 278//9 276//9
f 164//10 276//10 166//10
f 166//48 276//48 274//48
f 166//11 274//11 168//11
f 168//11 274//11 272//11
f 168//12 272//12 170//12
f 170//12 272//12 270//12
f 170//13 270//13 172//13
f 172//13 270//13 268//13
f 172//14 268//14 174//14
f 174//49 268//49 266//49
f 174//15 266//15 176//15
f 176//50 266//50 264//50
f 176//51 264//51 178//51
f 178//52 264//52 262//52
f 178//53 262//53 180//53
f 180//17 262//17 260//17
f 180//18 260//18 182//18
f 182//18 260//18 258//18
f 182//54 258//54 184//54
f 184//54 258//54 256//54
f 184//55 256//55 186//55
f 186//55 256//55 254//55
f 186//21 254//21 188//21
f 188//21 254//21 252//21
f 188//22 252//22 190//22
f 190//56 252//56 250//56
f 190//57 250//57 192//57
f 192//58 250//58 248//58
f 192//59 248//59 194//59
f 194//24 248//24 246//24
f 194//60 246//60 196//60
f 196//25 246//25 244//25
f 196//26 244//26 198//26
f 198//26 244//26 242//26
f 198//27 242//27 200//27
f 200//27 242//27 240//27
f 200//28 240//28 202//28
f 202//28 240//28 238//28
f 202//61 238//61 204//61
f 204//29 238//29 236//29
f 204//30 236//30 206//30
f 206//30 236//30 234//30
f 206//31 234//31 208//31
f 208//62 234//62 232//62
f 208//32 232//32 210//32
f 210//32 232//32 230//32
f 210//63 230//63 212//63
f 212//33 230//33 228//33
f 212//64 228//64 214//64
f 214//65 228//65 226//65
f 214//66 226//66 216//66
f 216//67 226//67 224//67
f 216//36 224//36 146//36
f 146//68 224//68 222//68
f 146//37 222//37 148//37
f 148//38 222//38 220//38
f 289//24 290//24 291//24
f 291//24 290//24 292//24
f 290//73 293//73 292//73
f 292//73 293//73 294//73
f 292//73 294//73 295//73
f 295//73 294//73 296//73
f 296//73 294//73 297//73
f 296//73 297//73 298//73
f 298//73 297//73 299//73
f 298//73 299//73 300//73
f 300//73 299//73 301//73
f 300//73 301//73 302//73
f 302//73 301//73 303//73
f 302//73 303//73 304//73
f 304//73 303//73 305//73
f 304//73 305//73 306//73
f 306//73 305//73 307//73
f 306//73 307//73 308//73
f 308//73 307//73 309//73
f 308//73 309//73 310//73
f 310//73 309//73 311//73
f 310//73 311//73 312//73
f 312//73 311//73 313//73
f 312//73 313//73 314//73
f 314//73 313//73 315//73
f 314//73 315//73 316//73
f 316//73 315//73 317//73
f 316//73 317//73 318//73
f 318//73 317//73 319//73
f 318//73 319//73 320//73
f 320//73 319//73 321//73
f 320//73 321//73 322//73
f 322//73 321//73 323//73
f 322//73 323//73 324//73
f 324//73 323//73 325//73
f 324//73 325//73 326//73
f 326//73 325//73 327//73
f 326//73 327//73 328//73
f 328//73 327//73 329//73
f 328//73 329//73 330//73
f 330//73 329//73 331//73
f 330//73 331//73 332//73
f 332//73 331//73 333//73
f 332//73 333//73 334//73
f 334//73 333//73 335//73
f 334//73 335//73 336//73
f 336//73 335//73 337//73
f 336//73 337//73 338//73
f 338//73 337//73 339//73
f 338//73 339//73 340//73
f 340//73 339//73 341//73
f 340//73 341//73 342//73
f 343//73 3//73 290//73
f 290//73 3//73 5//73
f 290//73 5//73 7//73
f 344//73 345//73 343//73
f 343//73 345//73 346//73
f 343//73 346//73 347//73
f 348//73 349//73 344//73
f 344//73 349//73 350//73
f 344//73 350//73 351//73
f 351//73 350//73 352//73
f 352//73 350//73 353//73
f 352//73 353//73 354//73
f 354//73 353//73 355//73
f 354//73 355//73 356//73
f 356//73 355//73 357//73
f 356//73 357//73 358//73
f 358//73 357//73 359//73
f 358//73 359//73 360//73
f 360//73 359//73 361//73
f 360//73 361//73 362//73
f 362//73 361//73 363//73
f 362//73 363//73 364//73
f 364//73 363//73 365//73
f 364//73 365//73 366//73
f 366//73 365//73 367//73
f 366//73 367//73 368//73
f 368//73 367//73 369//73
f 368//73 369//73 370//73
f 370//73 369//73 371//73
f 370//73 371//73 372//73
f 372//73 371//73 373//73
f 372//73 373//73 374//73
f 374//73 373//73 375//73
f 374//73 375//73 376//73
f 376//73 375//73 377//73
f 376//73 377//73 378//73
f 378//73 377//73 379//73
f 378//73 379//73 380//73
f 380//73 379//73 381//73
f 380//73 381//73 382//73
f 382//73 381//73 383//73
f 382//73 383//73 384//73
f 384//73 383//73 385//73
f 384//73 385//73 386//73
f 386//73 385//73 387//73
f 386//73 387//73 388//73
f 388//73 387//73 389//73
f 388//73 389//73 390//73
f 390//73 389//73 391//73
f 390//73 391//73 392//73
f 392//73 391//73 393//73
f 392//73 393//73 394//73
f 394//73 393//73 395//73
f 394//73 395//73 396//73
f 396//73 395//73 397//73
f 396//73 397//73 398//73
f 398//73 397//73 399//73
f 398//73 399//73 400//73
f 401//73 402//73 348//73
f 348//73 402//73 403//73
f 348//73 403//73 404//73
f 404//73 403//73 405//73
f 404//73 405//73 406//73
f 406//73 405//73 407//73
f 406//73 407//73 408//73
f 408//73 407//73 409//73
f 408//73 409//73 410//73
f 410//73 409//73 411//73
f 410//73 411//73 412//73
f 412//73 411//73 413//73
f 412//73 413//73 414//73
f 414//73 413//73 415//73
f 414//73 415//73 416//73
f 416//73 415//73 417//73
f 416//73 417//73 418//73
f 418//73 417//73 419//73
f 418//73 419//73 420//73
f 420//73 419//73 421//73
f 420//73 421//73 422//73
f 422//73 421//73 423//73
f 422//73 423//73 424//73
f 424//73 423//73 425//73
f 424//73 425//73 426//73
f 426//73 425//73 427//73
f 426//73 427//73 428//73
f 428//73 427//73 429//73
f 428//73 429//73 430//73
f 430//73 429//73 431//73
f 430//73 431//73 432//73
f 432//73 431//73 433//73
f 432//73 433//73 434//73
f 434//73 433//73 435//73
f 434//73 435//73 436//73
f 436//73 435//73 437//73
f 436//73 437//73 438//73
f 438//73 437//73 439//73
f 438//73 439//73 440//73
f 440//73 439//73 441//73
f 440//73 441//73 442//73
f 442//73 441//73 443//73
f 442//73 443//73 444//73
f 444//73 443//73 445//73
f 444//73 445//73 446//73
f 446//73 445//73 447//73
f 446//73 447//73 448//73
f 448//73 447//73 449//73
f 448//73 449//73 450//73
f 450//73 449//73 451//73
f 450//73 451//73 452//73
f 453//73 183//73 401//73
f 401//73 183//73 185//73
f 401//73 185//73 187//73
f 454//73 455//73 453//73
f 453//73 455//73 456//73
f 453//73 456//73 457//73
f 292//73 458//73 454//73
f 454//73 458//73 459//73
f 454//73 459//73 460//73
f 460//73 459//73 461//73
f 460//73 461//73 462//73
f 462//73 461//73 463//73
f 462//73 463//73 464//73
f 464//73 463//73 465//73
f 464//73 465//73 466//73
f 466//73 465//73 467//73
f 466//73 467//73 468//73
f 468//73 467//73 469//73
f 468//73 469//73 470//73
f 470//73 469//73 471//73
f 470//73 471//73 472//73
f 472//73 471//73 473//73
f 472//73 473//73 474//73
f 474//73 473//73 475//73
f 474//73 475//73 476//73
f 476//73 475//73 477//73
f 476//73 477//73 478//73
f 478//73 477//73 479//73
f 478//73 479//73 480//73
f 480//73 479//73 481//73
f 480//73 481//73 482//73
f 482//73 481//73 483//73
f 482//73 483//73 484//73
f 484//73 483//73 485//73
f 484//73 485//73 486//73
f 486//73 485//73 487//73
f 486//73 487//73 488//73
f 488//73 487//73 489//73
f 488//73 489//73 490//73
f 490//73 489//73 491//73
f 490//73 491//73 492//73
f 492//73 491//73 493//73
f 492//73 493//73 494//73
f 494//73 493//73 495//73
f 494//73 495//73 496//73
f 496//73 495//73 497//73
f 496//73 497//73 498//73
f 498//73 497//73 499//73
f 498//73 499//73 500//73
f 500//73 499//73 501//73
f 500//73 501//73 502//73
f 502//73 501//73 503//73
f 502//73 503//73 504//73
f 504//73 503//73 505//73
f 504//73 505//73 506//73
f 506//73 505//73 507//73
f 506//73 507//73 508//73
f 7//73 9//73 290//73
f 290//73 9//73 11//73
f 290//73 11//73 13//73
f 13//73 15//73 290//73
f 290//73 15//73 17//73
f 290//73 17//73 509//73
f 509//73 17//73 510//73
f 510//73 17//73 511//73
f 511//73 17//73 512//73
f 512//73 17//73 19//73
f 512//73 19//73 513//73
f 513//73 19//73 514//73
f 514//73 19//73 515//73
f 515//73 19//73 516//73
f 515//73 516//73 517//73
f 516//73 19//73 518//73
f 518//73 19//73 21//73
f 518//73 21//73 519//73
f 519//73 21//73 520//73
f 520//73 21//73 521//73
f 521//73 21//73 23//73
f 521//73 23//73 522//73
f 522//73 23//73 25//73
f 522//73 25//73 523//73
f 523//73 25//73 27//73
f 523//73 27//73 29//73
f 523//73 29//73 524//73
f 524//73 29//73 31//73
f 524//73 31//73 33//73
f 33//73 35//73 524//73
f 524//73 35//73 525//73
f 525//73 35//73 37//73
f 525//73 37//73 39//73
f 525//73 39//73 526//73
f 526//73 39//73 41//73
f 526//73 41//73 43//73
f 526//73 43//73 527//73
f 527//73 43//73 45//73
f 527//73 45//73 47//73
f 47//73 49//73 527//73
f 527//73 49//73 528//73
f 528//73 49//73 51//73
f 528//73 51//73 53//73
f 528//73 53//73 529//73
f 529//73 53//73 55//73
f 529//73 55//73 530//73
f 530//73 55//73 57//73
f 530//73 57//73 531//73
f 531//73 57//73 532//73
f 532//73 57//73 533//73
f 533//73 57//73 59//73
f 533//73 59//73 534//73
f 534//73 59//73 535//73
f 534//73 535//73 536//73
f 536//73 535//73 537//73
f 536//73 537//73 538//73
f 61//73 539//73 59//73
f 59//73 539//73 540//73
f 59//73 540//73 541//73
f 63//73 343//73 61//73
f 61//73 343//73 542//73
f 61//73 542//73 543//73
f 63//73 65//73 343//73
f 343//73 65//73 67//73
f 343//73 67//73 69//73
f 69//73 71//73 343//73
f 343//73 71//73 1//73
f 343//73 1//73 3//73
f 145//73 147//73 544//73
f 544//73 147//73 149//73
f 544//73 149//73 545//73
f 545//73 149//73 151//73
f 545//73 151//73 153//73
f 545//73 153//73 546//73
f 546//73 153//73 155//73
f 546//73 155//73 157//73
f 157//73 159//73 546//73
f 546//73 159//73 547//73
f 547//73 159//73 161//73
f 547//73 161//73 163//73
f 547//73 163//73 548//73
f 548//73 163//73 165//73
f 548//73 165//73 549//73
f 549//73 165//73 550//73
f 550//73 165//73 551//73
f 551//73 165//73 167//73
f 551//73 167//73 552//73
f 552//73 167//73 553//73
f 552//73 553//73 554//73
f 554//73 553//73 555//73
f 554//73 555//73 556//73
f 556//73 555//73 557//73
f 556//73 557//73 558//73
f 558//73 557//73 559//73
f 558//73 559//73 560//73
f 560//73 559//73 561//73
f 560//73 561//73 562//73
f 169//73 563//73 167//73
f 167//73 563//73 564//73
f 167//73 564//73 565//73
f 171//73 453//73 169//73
f 169//73 453//73 566//73
f 169//73 566//73 567//73
f 171//73 173//73 453//73
f 453//73 173//73 175//73
f 453//73 175//73 177//73
f 177//73 179//73 453//73
f 453//73 179//73 181//73
f 453//73 181//73 183//73
f 187//73 189//73 401//73
f 401//73 189//73 191//73
f 401//73 191//73 193//73
f 193//73 195//73 401//73
f 401//73 195//73 197//73
f 401//73 197//73 568//73
f 568//73 197//73 569//73
f 569//73 197//73 570//73
f 570//73 197//73 199//73
f 570//73 199//73 571//73
f 571//73 199//73 572//73
f 572//73 199//73 573//73
f 573//73 199//73 574//73
f 573//73 574//73 575//73
f 574//73 199//73 576//73
f 576//73 199//73 201//73
f 576//73 201//73 577//73
f 577//73 201//73 578//73
f 578//73 201//73 579//73
f 579//73 201//73 203//73
f 579//73 203//73 580//73
f 580//73 203//73 205//73
f 580//73 205//73 207//73
f 580//73 207//73 581//73
f 581//73 207//73 209//73
f 581//73 209//73 211//73
f 211//73 213//73 581//73
f 581//73 213//73 582//73
f 582//73 213//73 215//73
f 582//73 215//73 145//73
f 582//73 145//73 544//73
f 583//73 584//73 585//73
f 585//73 584//73 586//73
f 585//73 586//73 587//73
f 587//73 586//73 588//73
f 587//73 588//73 589//73
f 589//73 588//73 590//73
f 589//73 590//73 591//73
f 591//73 590//73 592//73
f 591//73 592//73 593//73
f 593//73 592//73 594//73
f 593//73 594//73 595//73
f 595//73 594//73 596//73
f 595//73 596//73 597//73
f 597//73 596//73 598//73
f 597//73 598//73 599//73
f 599//73 598//73 600//73
f 599//73 600//73 601//73
f 601//73 600//73 602//73
f 601//73 602//73 603//73
f 603//73 602//73 604//73
f 603//73 604//73 605//73
f 605//73 604//73 606//73
f 605//73 606//73 607//73
f 607//73 606//73 608//73
f 607//73 608//73 609//73
f 609//73 608//73 454//73
f 609//73 454//73 610//73
f 610//73 454//73 611//73
f 610//73 611//73 612//73
f 584//73 583//73 613//73
f 613//73 583//73 614//73
f 613//73 614//73 615//73
f 615//73 614//73 616//73
f 615//73 616//73 617//73
f 617//73 616//73 618//73
f 617//73 618//73 619//73
f 619//73 618//73 620//73
f 619//73 620//73 621//73
f 621//73 620//73 622//73
f 621//73 622//73 623//73
f 623//73 622//73 624//73
f 623//73 624//73 625//73
f 625//73 624//73 626//73
f 625//73 626//73 627//73
f 627//73 626//73 628//73
f 627//73 628//73 629//73
f 629//73 628//73 630//73
f 629//73 630//73 631//73
f 631//73 630//73 632//73
f 631//73 632//73 633//73
f 633//73 632//73 634//73
f 633//73 634//73 635//73
f 634//73 632//73 636//73
f 636//73 632//73 637//73
f 636//73 637//73 638//73
f 639//73 640//73 638//73
f 638//73 640//73 641//73
f 638//73 641//73 642//73
f 642//73 641//73 643//73
f 642//73 643//73 644//73
f 640//73 639//73 645//73
f 645//73 639//73 646//73
f 645//73 646//73 647//73
f 647//73 646//73 648//73
f 647//73 648//73 649//73
f 649//73 648//73 650//73
f 649//73 650//73 651//73
f 651//73 650//73 652//73
f 651//73 652//73 653//73
f 653//73 652//73 654//73
f 653//73 654//73 655//73
f 655//73 654//73 656//73
f 655//73 656//73 657//73
f 657//73 656//73 658//73
f 657//73 658//73 659//73
f 659//73 658//73 660//73
f 659//73 660//73 661//73
f 661//73 660//73 662//73
f 661//73 662//73 663//73
f 663//73 662//73 664//73
f 663//73 664//73 665//73
f 665//73 664//73 666//73
f 665//73 666//73 667//73
f 667//73 666//73 668//73
f 667//73 668//73 669//73
f 669//73 668//73 670//73
f 669//73 670//73 671//73
f 671//73 670//73 672//73
f 671//73 672//73 673//73
f 673//73 672//73 674//73
f 673//73 674//73 675//73
f 675//73 674//73 676//73
f 675//73 676//73 677//73
f 677//73 676//73 678//73
f 677//73 678//73 679//73
f 679//73 678//73 680//73
f 679//73 680//73 681//73
f 681//73 680//73 682//73
f 681//73 682//73 683//73
f 683//73 682//73 684//73
f 683//73 684//73 685//73
f 685//73 684//73 609//73
f 685//73 609//73 610//73
f 507//73 505//73 686//73
f 686//73 505//73 687//73
f 686//73 687//73 688//73
f 689//73 690//73 688//73
f 688//73 690//73 691//73
f 688//73 691//73 692//73
f 692//73 691//73 693//73
f 692//73 693//73 694//73
f 690//73 689//73 695//73
f 695//73 689//73 696//73
f 695//73 696//73 697//73
f 697//73 696//73 698//73
f 697//73 698//73 699//73
f 699//73 698//73 700//73
f 699//73 700//73 701//73
f 701//73 700//73 702//73
f 701//73 702//73 703//73
f 703//73 702//73 704//73
f 703//73 704//73 705//73
f 705//73 704//73 706//73
f 705//73 706//73 707//73
f 707//73 706//73 708//73
f 707//73 708//73 709//73
f 709//73 708//73 710//73
f 709//73 710//73 711//73
f 711//73 710//73 712//73
f 711//73 712//73 713//73
f 713//73 712//73 714//73
f 713//73 714//73 715//73
f 715//73 714//73 716//73
f 715//73 716//73 717//73
f 717//73 716//73 718//73
f 717//73 718//73 719//73
f 719//73 718//73 720//73
f 719//73 720//73 721//73
f 721//73 720//73 722//73
f 721//73 722//73 723//73
f 723//73 722//73 724//73
f 723//73 724//73 725//73
f 725//73 724//73 726//73
f 725//73 726//73 727//73
f 727//73 726//73 728//73
f 727//73 728//73 729//73
f 729//73 728//73 730//73
f 729//73 730//73 731//73
f 731//73 730//73 732//73
f 731//73 732//73 733//73
f 733//73 732//73 734//73
f 733//73 734//73 735//73
f 735//73 734//73 459//73
f 735//73 459//73 458//73
f 736//73 737//73 738//73
f 738//73 737//73 739//73
f 738//73 739//73 740//73
f 740//73 739//73 741//73
f 740//73 741//73 742//73
f 742//73 741//73 743//73
f 742//73 743//73 744//73
f 744//73 743//73 745//73
f 744//73 745//73 746//73
f 746//73 745//73 747//73
f 746//73 747//73 748//73
f 748//73 747//73 749//73
f 748//73 749//73 750//73
f 750//73 749//73 751//73
f 750//73 751//73 752//73
f 752//73 751//73 753//73
f 752//73 753//73 754//73
f 754//73 753//73 755//73
f 754//73 755//73 756//73
f 756//73 755//73 757//73
f 756//73 757//73 758//73
f 758//73 757//73 759//73
f 758//73 759//73 760//73
f 760//73 759//73 761//73
f 760//73 761//73 762//73
f 762//73 761//73 292//73
f 762//73 292//73 763//73
f 763//73 292//73 764//73
f 763//73 764//73 765//73
f 737//73 736//73 766//73
f 766//73 736//73 767//73
f 766//73 767//73 768//73
f 768//73 767//73 769//73
f 768//73 769//73 770//73
f 770//73 769//73 771//73
f 770//73 771//73 772//73
f 772//73 771//73 773//73
f 772//73 773//73 774//73
f 774//73 773//73 775//73
f 774//73 775//73 776//73
f 776//73 775//73 777//73
f 776//73 777//73 778//73
f 778//73 777//73 779//73
f 778//73 779//73 780//73
f 780//73 779//73 781//73
f 780//73 781//73 782//73
f 782//73 781//73 783//73
f 782//73 783//73 784//73
f 784//73 783//73 785//73
f 784//73 785//73 786//73
f 786//73 785//73 787//73
f 786//73 787//73 788//73
f 787//73 785//73 789//73
f 789//73 785//73 790//73
f 789//73 790//73 791//73
f 792//73 793//73 791//73
f 791//73 793//73 794//73
f 791//73 794//73 795//73
f 795//73 794//73 796//73
f 795//73 796//73 797//73
f 793//73 792//73 798//73
f 798//73 792//73 799//73
f 798//73 799//73 800//73
f 800//73 799//73 801//73
f 800//73 801//73 802//73
f 802//73 801//73 803//73
f 802//73 803//73 804//73
f 804//73 803//73 805//73
f 804//73 805//73 806//73
f 806//73 805//73 807//73
f 806//73 807//73 808//73
f 808//73 807//73 809//73
f 808//73 809//73 810//73
f 810//73 809//73 811//73
f 810//73 811//73 812//73
f 812//73 811//73 813//73
f 812//73 813//73 814//73
f 814//73 813//73 815//73
f 814//73 815//73 816//73
f 816//73 815//73 817//73
f 816//73 817//73 818//73
f 818//73 817//73 819//73
f 818//73 819//73 820//73
f 820//73 819//73 821//73
f 820//73 821//73 822//73
f 822//73 821//73 823//73
f 822//73 823//73 824//73
f 824//73 823//73 825//73
f 824//73 825//73 826//73
f 826//73 825//73 827//73
f 826//73 827//73 828//73
f 828//73 827//73 829//73
f 828//73 829//73 830//73
f 830//73 829//73 831//73
f 830//73 831//73 832//73
f 832//73 831//73 833//73
f 832//73 833//73 834//73
f 834//73 833//73 835//73
f 834//73 835//73 836//73
f 836//73 835//73 837//73
f 836//73 837//73 838//73
f 838//73 837//73 762//73
f 838//73 762//73 763//73
f 839//73 840//73 841//73
f 841//73 840//73 842//73
f 841//73 842//73 843//73
f 843//73 842//73 844//73
f 843//73 844//73 845//73
f 845//73 844//73 846//73
f 845//73 846//73 847//73
f 847//73 846//73 848//73
f 847//73 848//73 849//73
f 849//73 848//73 850//73
f 849//73 850//73 851//73
f 851//73 850//73 852//73
f 851//73 852//73 853//73
f 853//73 852//73 854//73
f 853//73 854//73 855//73
f 855//73 854//73 856//73
f 855//73 856//73 857//73
f 857//73 856//73 858//73
f 857//73 858//73 859//73
f 859//73 858//73 860//73
f 859//73 860//73 861//73
f 861//73 860//73 862//73
f 861//73 862//73 863//73
f 863//73 862//73 764//73
f 863//73 764//73 864//73
f 864//73 764//73 292//73
f 864//73 292//73 295//73
f 840//73 839//73 865//73
f 865//73 839//73 866//73
f 865//73 866//73 867//73
f 867//73 866//73 868//73
f 867//73 868//73 869//73
f 869//73 868//73 870//73
f 869//73 870//73 871//73
f 871//73 870//73 872//73
f 871//73 872//73 873//73
f 873//73 872//73 874//73
f 873//73 874//73 875//73
f 875//73 874//73 876//73
f 875//73 876//73 877//73
f 877//73 876//73 878//73
f 877//73 878//73 879//73
f 879//73 878//73 880//73
f 879//73 880//73 881//73
f 881//73 880//73 882//73
f 881//73 882//73 883//73
f 883//73 882//73 884//73
f 883//73 884//73 885//73
f 885//73 884//73 886//73
f 885//73 886//73 887//73
f 886//73 884//73 888//73
f 888//73 884//73 889//73
f 888//73 889//73 890//73
f 891//73 892//73 890//73
f 890//73 892//73 893//73
f 890//73 893//73 894//73
f 894//73 893//73 895//73
f 894//73 895//73 896//73
f 892//73 891//73 897//73
f 897//73 891//73 898//73
f 897//73 898//73 899//73
f 899//73 898//73 900//73
f 899//73 900//73 901//73
f 901//73 900//73 902//73
f 901//73 902//73 903//73
f 903//73 902//73 904//73
f 903//73 904//73 905//73
f 905//73 904//73 906//73
f 905//73 906//73 907//73
f 907//73 906//73 908//73
f 907//73 908//73 909//73
f 909//73 908//73 910//73
f 909//73 910//73 911//73
f 911//73 910//73 912//73
f 911//73 912//73 913//73
f 913//73 912//73 914//73
f 913//73 914//73 915//73
f 915//73 914//73 916//73
f 915//73 916//73 917//73
f 917//73 916//73 918//73
f 917//73 918//73 919//73
f 919//73 918//73 920//73
f 919//73 920//73 921//73
f 921//73 920//73 922//73
f 921//73 922//73 923//73
f 923//73 922//73 924//73
f 923//73 924//73 925//73
f 925//73 924//73 926//73
f 925//73 926//73 927//73
f 927//73 926//73 928//73
f 927//73 928//73 929//73
f 929//73 928//73 930//73
f 929//73 930//73 931//73
f 931//73 930//73 932//73
f 931//73 932//73 933//73
f 933//73 932//73 934//73
f 933//73 934//73 935//73
f 935//73 934//73 936//73
f 935//73 936//73 937//73
f 937//73 936//73 864//73
f 937//73 864//73 295//73
f 938//73 939//73 940//73
f 940//73 939//73 941//73
f 940//73 941//73 942//73
f 942//73 941//73 943//73
f 942//73 943//73 944//73
f 944//73 943//73 945//73
f 944//73 945//73 946//73
f 946//73 945//73 947//73
f 946//73 947//73 948//73
f 948//73 947//73 949//73
f 948//73 949//73 950//73
f 950//73 949//73 951//73
f 950//73 951//73 952//73
f 952//73 951//73 953//73
f 952//73 953//73 954//73
f 954//73 953//73 955//73
f 954//73 955//73 956//73
f 956//73 955//73 957//73
f 956//73 957//73 958//73
f 958//73 957//73 959//73
f 958//73 959//73 960//73
f 960//73 959//73 961//73
f 960//73 961//73 962//73
f 962//73 961//73 963//73
f 962//73 963//73 964//73
f 964//73 963//73 965//73
f 964//73 965//73 966//73
f 939//73 938//73 967//73
f 967//73 938//73 968//73
f 967//73 968//73 969//73
f 969//73 968//73 970//73
f 969//73 970//73 971//73
f 971//73 970//73 972//73
f 971//73 972//73 973//73
f 973//73 972//73 974//73
f 973//73 974//73 975//73
f 975//73 974//73 976//73
f 975//73 976//73 977//73
f 977//73 976//73 978//73
f 977//73 978//73 979//73
f 979//73 978//73 980//73
f 979//73 980//73 981//73
f 981//73 980//73 982//73
f 981//73 982//73 983//73
f 983//73 982//73 984//73
f 983//73 984//73 985//73
f 985//73 984//73 986//73
f 985//73 986//73 987//73
f 987//73 986//73 988//73
f 987//73 988//73 344//73
f 344//73 988//73 989//73
f 344//73 989//73 345//73
f 988//73 990//73 989//73
f 989//73 990//73 991//73
f 991//73 990//73 992//73
f 991//73 992//73 993//73
f 993//73 992//73 994//73
f 993//73 994//73 995//73
f 995//73 994//73 996//73
f 995//73 996//73 997//73
f 997//73 996//73 998//73
f 997//73 998//73 999//73
f 999//73 998//73 1000//73
f 999//73 1000//73 1001//73
f 1001//73 1000//73 1002//73
f 1001//73 1002//73 1003//73
f 1003//73 1002//73 1004//73
f 1003//73 1004//73 1005//73
f 1005//73 1004//73 1006//73
f 1005//73 1006//73 1007//73
f 1007//73 1006//73 1008//73
f 1007//73 1008//73 1009//73
f 1009//73 1008//73 1010//73
f 1009//73 1010//73 1011//73
f 1011//73 1010//73 1012//73
f 1011//73 1012//73 1013//73
f 1013//73 1012//73 1014//73
f 1013//73 1014//73 1015//73
f 1015//73 1014//73 1016//73
f 1015//73 1016//73 1017//73
f 1017//73 1016//73 1018//73
f 1017//73 1018//73 1019//73
f 1019//73 1018//73 1020//73
f 1019//73 1020//73 1021//73
f 1021//73 1020//73 1022//73
f 1021//73 1022//73 1023//73
f 1023//73 1022//73 1024//73
f 1023//73 1024//73 1025//73
f 1025//73 1024//73 1026//73
f 1025//73 1026//73 1027//73
f 1027//73 1026//73 1028//73
f 1027//73 1028//73 1029//73
f 1029//73 1028//73 1030//73
f 1029//73 1030//73 1031//73
f 1031//73 1030//73 1032//73
f 1031//73 1032//73 1033//73
f 1033//73 1032//73 1034//73
f 1033//73 1034//73 1035//73
f 1035//73 1034//73 1036//73
f 1035//73 1036//73 1037//73
f 1034//73 1032//73 966//73
f 966//73 1032//73 964//73
f 404//73 1038//73 348//73
f 348//73 1038//73 1039//73
f 348//73 1039//73 1040//73
f 1040//73 1039//73 1041//73
f 1041//73 1039//73 1042//73
f 1041//73 1042//73 1043//73
f 1043//73 1042//73 1044//73
f 1043//73 1044//73 1045//73
f 1045//73 1044//73 1046//73
f 1045//73 1046//73 1047//73
f 1047//73 1046//73 1048//73
f 1047//73 1048//73 1049//73
f 1049//73 1048//73 1050//73
f 1049//73 1050//73 1051//73
f 1051//73 1050//73 1052//73
f 1051//73 1052//73 1053//73
f 1053//73 1052//73 1054//73
f 1053//73 1054//73 1055//73
f 1055//73 1054//73 1056//73
f 1055//73 1056//73 1057//73
f 1057//73 1056//73 1058//73
f 1057//73 1058//73 1059//73
f 1059//73 1058//73 1060//73
f 1059//73 1060//73 1061//73
f 1061//73 1060//73 1062//73
f 1061//73 1062//73 1063//73
f 1063//73 1062//73 1064//73
f 1063//73 1064//73 1065//73
f 1065//73 1064//73 1066//73
f 1065//73 1066//73 1067//73
f 1067//73 1066//73 1068//73
f 1067//73 1068//73 1069//73
f 1069//73 1068//73 1070//73
f 1069//73 1070//73 1071//73
f 1071//73 1070//73 1072//73
f 1071//73 1072//73 1073//73
f 1073//73 1072//73 1074//73
f 1073//73 1074//73 1075//73
f 1075//73 1074//73 1076//73
f 1075//73 1076//73 1077//73
f 1077//73 1076//73 1078//73
f 1077//73 1078//73 1079//73
f 1079//73 1078//73 1080//73
f 1079//73 1080//73 1081//73
f 1081//73 1080//73 1082//73
f 1081//73 1082//73 1083//73
f 1083//73 1082//73 1084//73
f 1083//73 1084//73 1085//73
f 1085//73 1084//73 1086//73
f 1085//73 1086//73 1087//73
f 1087//73 1086//73 1088//73
f 1087//73 1088//73 1089//73
f 1039//73 1038//73 1090//73
f 1090//73 1038//73 1091//73
f 1090//73 1091//73 1092//73
f 1092//73 1091//73 1093//73
f 1092//73 1093//73 1094//73
f 1094//73 1093//73 1095//73
f 1094//73 1095//73 1096//73
f 1096//73 1095//73 1097//73
f 1096//73 1097//73 1098//73
f 1098//73 1097//73 1099//73
f 1098//73 1099//73 1100//73
f 1100//73 1099//73 1101//73
f 1100//73 1101//73 1102//73
f 1102//73 1101//73 1103//73
f 1102//73 1103//73 1104//73
f 1104//73 1103//73 1105//73
f 1104//73 1105//73 1106//73
f 1106//73 1105//73 1107//73
f 1106//73 1107//73 1108//73
f 1108//73 1107//73 1109//73
f 1108//73 1109//73 1110//73
f 1110//73 1109//73 1111//73
f 1110//73 1111//73 1112//73
f 1112//73 1111//73 1113//73
f 1112//73 1113//73 1114//73
f 1114//73 1113//73 1115//73
f 1114//73 1115//73 1116//73
f 1116//73 1115//73 1117//73
f 1116//73 1117//73 1118//73
f 1118//73 1117//73 1119//73
f 1118//73 1119//73 1120//73
f 1120//73 1119//73 1121//73
f 1120//73 1121//73 1122//73
f 1122//73 1121//73 1123//73
f 1122//73 1123//73 1124//73
f 1124//73 1123//73 1125//73
f 1124//73 1125//73 1126//73
f 1126//73 1125//73 1127//73
f 1126//73 1127//73 1128//73
f 1128//73 1127//73 1129//73
f 1128//73 1129//73 1130//73
f 1130//73 1129//73 1131//73
f 1130//73 1131//73 1132//73
f 1132//73 1131//73 1133//73
f 1132//73 1133//73 1134//73
f 1134//73 1133//73 1135//73
f 1134//73 1135//73 1136//73
f 1136//73 1135//73 1137//73
f 1136//73 1137//73 1138//73
f 1135//73 1133//73 452//73
f 452//73 1133//73 450//73
f 1139//73 1140//73 1141//73
f 1141//73 1140//73 1142//73
f 1141//73 1142//73 1143//73
f 1143//73 1142//73 1144//73
f 1143//73 1144//73 1145//73
f 1145//73 1144//73 1146//73
f 1145//73 1146//73 1147//73
f 1147//73 1146//73 1148//73
f 1147//73 1148//73 1149//73
f 1149//73 1148//73 1150//73
f 1149//73 1150//73 1151//73
f 1151//73 1150//73 1152//73
f 1151//73 1152//73 1153//73
f 1153//73 1152//73 1154//73
f 1153//73 1154//73 1155//73
f 1155//73 1154//73 1156//73
f 1155//73 1156//73 1157//73
f 1157//73 1156//73 1158//73
f 1157//73 1158//73 1159//73
f 1159//73 1158//73 1160//73
f 1159//73 1160//73 1161//73
f 1161//73 1160//73 1162//73
f 1161//73 1162//73 1163//73
f 1163//73 1162//73 1164//73
f 1163//73 1164//73 1165//73
f 1165//73 1164//73 1166//73
f 1165//73 1166//73 1167//73
f 1140//73 1139//73 1168//73
f 1168//73 1139//73 1169//73
f 1168//73 1169//73 1170//73
f 1170//73 1169//73 1171//73
f 1170//73 1171//73 1172//73
f 1172//73 1171//73 1173//73
f 1172//73 1173//73 1174//73
f 1174//73 1173//73 1175//73
f 1174//73 1175//73 1176//73
f 1176//73 1175//73 1177//73
f 1176//73 1177//73 1178//73
f 1178//73 1177//73 1179//73
f 1178//73 1179//73 1180//73
f 1180//73 1179//73 1181//73
f 1180//73 1181//73 1182//73
f 1182//73 1181//73 1183//73
f 1182//73 1183//73 1184//73
f 1184//73 1183//73 1185//73
f 1184//73 1185//73 1186//73
f 1186//73 1185//73 1187//73
f 1186//73 1187//73 1188//73
f 1188//73 1187//73 1189//73
f 1188//73 1189//73 348//73
f 348//73 1189//73 1190//73
f 348//73 1190//73 349//73
f 349//73 1190//73 1191//73
f 1191//73 1190//73 1192//73
f 1191//73 1192//73 1193//73
f 1193//73 1192//73 1194//73
f 1193//73 1194//73 1195//73
f 1195//73 1194//73 1196//73
f 1195//73 1196//73 1197//73
f 1197//73 1196//73 1198//73
f 1197//73 1198//73 1199//73
f 1199//73 1198//73 1200//73
f 1199//73 1200//73 1201//73
f 1201//73 1200//73 1202//73
f 1201//73 1202//73 1203//73
f 1203//73 1202//73 1204//73
f 1203//73 1204//73 1205//73
f 1205//73 1204//73 1206//73
f 1205//73 1206//73 1207//73
f 1207//73 1206//73 1208//73
f 1207//73 1208//73 1209//73
f 1209//73 1208//73 1210//73
f 1209//73 1210//73 1211//73
f 1211//73 1210//73 1212//73
f 1211//73 1212//73 1213//73
f 1213//73 1212//73 1214//73
f 1213//73 1214//73 1215//73
f 1215//73 1214//73 1216//73
f 1215//73 1216//73 1217//73
f 1217//73 1216//73 1218//73
f 1217//73 1218//73 1219//73
f 1219//73 1218//73 1220//73
f 1219//73 1220//73 1221//73
f 1221//73 1220//73 1222//73
f 1221//73 1222//73 1223//73
f 1223//73 1222//73 1224//73
f 1223//73 1224//73 1225//73
f 1225//73 1224//73 1226//73
f 1225//73 1226//73 1227//73
f 1227//73 1226//73 1228//73
f 1227//73 1228//73 1229//73
f 1229//73 1228//73 1230//73
f 1229//73 1230//73 1231//73
f 1231//73 1230//73 1232//73
f 1231//73 1232//73 1233//73
f 1233//73 1232//73 1234//73
f 1233//73 1234//73 1235//73
f 1235//73 1234//73 1236//73
f 1235//73 1236//73 1237//73
f 1237//73 1236//73 1238//73
f 1237//73 1238//73 1239//73
f 1190//73 1189//73 1240//73
f 1240//73 1189//73 1241//73
f 1240//73 1241//73 1242//73
f 1242//73 1241//73 1243//73
f 1242//73 1243//73 1244//73
f 1244//73 1243//73 1245//73
f 1244//73 1245//73 1246//73
f 1246//73 1245//73 1247//73
f 1246//73 1247//73 1248//73
f 1248//73 1247//73 1249//73
f 1248//73 1249//73 1250//73
f 1250//73 1249//73 1251//73
f 1250//73 1251//73 1252//73
f 1252//73 1251//73 1253//73
f 1252//73 1253//73 1254//73
f 1254//73 1253//73 1255//73
f 1254//73 1255//73 1256//73
f 1256//73 1255//73 1257//73
f 1256//73 1257//73 1258//73
f 1258//73 1257//73 1259//73
f 1258//73 1259//73 1260//73
f 1260//73 1259//73 1261//73
f 1260//73 1261//73 1262//73
f 1262//73 1261//73 1263//73
f 1262//73 1263//73 1264//73
f 1264//73 1263//73 1265//73
f 1264//73 1265//73 1266//73
f 1266//73 1265//73 1267//73
f 1266//73 1267//73 1268//73
f 1268//73 1267//73 1269//73
f 1268//73 1269//73 1270//73
f 1270//73 1269//73 1271//73
f 1270//73 1271//73 1272//73
f 1272//73 1271//73 1273//73
f 1272//73 1273//73 1274//73
f 1274//73 1273//73 1275//73
f 1274//73 1275//73 1276//73
f 1276//73 1275//73 1277//73
f 1276//73 1277//73 1278//73
f 1278//73 1277//73 1279//73
f 1278//73 1279//73 1280//73
f 1280//73 1279//73 1281//73
f 1280//73 1281//73 1282//73
f 1282//73 1281//73 1283//73
f 1282//73 1283//73 1284//73
f 1284//73 1283//73 1285//73
f 1284//73 1285//73 1286//73
f 1286//73 1285//73 1287//73
f 1286//73 1287//73 1288//73
f 1285//73 1283//73 1167//73
f 1167//73 1283//73 1165//73
f 1289//73 1290//73 1291//73
f 1291//73 1290//73 1292//73
f 1291//73 1292//73 1293//73
f 1293//73 1292//73 1294//73
f 1293//73 1294//73 1295//73
f 1295//73 1294//73 1296//73
f 1295//73 1296//73 1297//73
f 1297//73 1296//73 1298//73
f 1297//73 1298//73 1299//73
f 1299//73 1298//73 1300//73
f 1299//73 1300//73 1301//73
f 1301//73 1300//73 1302//73
f 1301//73 1302//73 1303//73
f 1303//73 1302//73 1304//73
f 1303//73 1304//73 1305//73
f 1305//73 1304//73 1306//73
f 1305//73 1306//73 1307//73
f 1307//73 1306//73 1308//73
f 1307//73 1308//73 1309//73
f 1309//73 1308//73 1310//73
f 1309//73 1310//73 342//73
f 342//73 1310//73 340//73
f 1290//73 1289//73 1311//73
f 1311//73 1289//73 1312//73
f 1311//73 1312//73 1313//73
f 1313//73 1312//73 1314//73
f 1313//73 1314//73 1315//73
f 1315//73 1314//73 1316//73
f 1315//73 1316//73 1317//73
f 1317//73 1316//73 1318//73
f 1317//73 1318//73 1319//73
f 1319//73 1318//73 1320//73
f 1319//73 1320//73 1321//73
f 1321//73 1320//73 1322//73
f 1321//73 1322//73 1323//73
f 1323//73 1322//73 1324//73
f 1323//73 1324//73 1325//73
f 1325//73 1324//73 1326//73
f 1325//73 1326//73 1327//73
f 1327//73 1326//73 1328//73
f 1327//73 1328//73 966//73
f 966//73 1328//73 1034//73
f 1035//73 1037//73 538//73
f 538//73 1037//73 536//73
f 515//73 517//73 1329//73
f 1329//73 517//73 1330//73
f 1329//73 1330//73 1331//73
f 1331//73 1330//73 1332//73
f 1331//73 1332//73 1333//73
f 1333//73 1332//73 339//73
f 339//73 1332//73 341//73
f 1334//73 1335//73 1336//73
f 1336//73 1335//73 1337//73
f 1336//73 1337//73 1338//73
f 1338//73 1337//73 1339//73
f 1338//73 1339//73 1340//73
f 1340//73 1339//73 1341//73
f 1340//73 1341//73 1342//73
f 1342//73 1341//73 1343//73
f 1342//73 1343//73 1344//73
f 1344//73 1343//73 1345//73
f 1344//73 1345//73 1346//73
f 1346//73 1345//73 1347//73
f 1346//73 1347//73 1348//73
f 1348//73 1347//73 1349//73
f 1348//73 1349//73 1350//73
f 1350//73 1349//73 1351//73
f 1350//73 1351//73 1352//73
f 1352//73 1351//73 1353//73
f 1352//73 1353//73 1354//73
f 1354//73 1353//73 1355//73
f 1354//73 1355//73 1356//73
f 1356//73 1355//73 1357//73
f 1356//73 1357//73 1358//73
f 1358//73 1357//73 1359//73
f 1358//73 1359//73 1360//73
f 1360//73 1359//73 1361//73
f 1360//73 1361//73 1362//73
f 1335//73 1334//73 1363//73
f 1363//73 1334//73 1364//73
f 1363//73 1364//73 1365//73
f 1365//73 1364//73 1366//73
f 1365//73 1366//73 1367//73
f 1367//73 1366//73 1368//73
f 1367//73 1368//73 1369//73
f 1369//73 1368//73 1370//73
f 1369//73 1370//73 1371//73
f 1371//73 1370//73 1372//73
f 1371//73 1372//73 1373//73
f 1373//73 1372//73 1374//73
f 1373//73 1374//73 1375//73
f 1375//73 1374//73 1376//73
f 1375//73 1376//73 1377//73
f 1377//73 1376//73 1378//73
f 1377//73 1378//73 1379//73
f 1379//73 1378//73 1380//73
f 1379//73 1380//73 1381//73
f 1381//73 1380//73 1382//73
f 1381//73 1382//73 1383//73
f 1383//73 1382//73 1384//73
f 1383//73 1384//73 344//73
f 344//73 1384//73 987//73
f 987//73 1384//73 1385//73
f 1385//73 1384//73 1386//73
f 1385//73 1386//73 1387//73
f 1387//73 1386//73 1388//73
f 1387//73 1388//73 1389//73
f 1389//73 1388//73 1390//73
f 1389//73 1390//73 1391//73
f 1391//73 1390//73 1392//73
f 1391//73 1392//73 1393//73
f 1393//73 1392//73 1394//73
f 1393//73 1394//73 1395//73
f 1395//73 1394//73 1396//73
f 1395//73 1396//73 1397//73
f 1397//73 1396//73 1398//73
f 1397//73 1398//73 1399//73
f 1399//73 1398//73 1400//73
f 1399//73 1400//73 1401//73
f 1401//73 1400//73 1402//73
f 1401//73 1402//73 1403//73
f 1403//73 1402//73 1404//73
f 1403//73 1404//73 1405//73
f 1405//73 1404//73 1406//73
f 1405//73 1406//73 1407//73
f 1407//73 1406//73 1408//73
f 1407//73 1408//73 1409//73
f 1409//73 1408//73 1410//73
f 1409//73 1410//73 1411//73
f 1411//73 1410//73 1412//73
f 1411//73 1412//73 1413//73
f 1413//73 1412//73 1414//73
f 1413//73 1414//73 1415//73
f 1415//73 1414//73 1416//73
f 1415//73 1416//73 1417//73
f 1417//73 1416//73 1418//73
f 1417//73 1418//73 1419//73
f 1419//73 1418//73 1420//73
f 1419//73 1420//73 1421//73
f 1421//73 1420//73 1422//73
f 1421//73 1422//73 1423//73
f 1423//73 1422//73 1424//73
f 1423//73 1424//73 1425//73
f 1425//73 1424//73 1426//73
f 1425//73 1426//73 1427//73
f 1427//73 1426//73 1428//73
f 1427//73 1428//73 1429//73
f 1429//73 1428//73 1430//73
f 1429//73 1430//73 1431//73
f 1431//73 1430//73 1432//73
f 1431//73 1432//73 1433//73
f 1430//73 1428//73 1362//73
f 1362//73 1428//73 1360//73
f 1434//73 1435//73 1436//73
f 1436//73 1435//73 1437//73
f 1436//73 1437//73 1438//73
f 1438//73 1437//73 1439//73
f 1438//73 1439//73 1440//73
f 1440//73 1439//73 1441//73
f 1440//73 1441//73 1442//73
f 1442//73 1441//73 1443//73
f 1442//73 1443//73 1444//73
f 1444//73 1443//73 1445//73
f 1444//73 1445//73 1446//73
f 1446//73 1445//73 1447//73
f 1446//73 1447//73 1448//73
f 1448//73 1447//73 1449//73
f 1448//73 1449//73 1450//73
f 1450//73 1449//73 1451//73
f 1450//73 1451//73 1452//73
f 1452//73 1451//73 1453//73
f 1452//73 1453//73 1454//73
f 1454//73 1453//73 1455//73
f 1454//73 1455//73 644//73
f 644//73 1455//73 642//73
f 1435//73 1434//73 1456//73
f 1456//73 1434//73 1457//73
f 1456//73 1457//73 1458//73
f 1458//73 1457//73 1459//73
f 1458//73 1459//73 1460//73
f 1460//73 1459//73 1461//73
f 1460//73 1461//73 1462//73
f 1462//73 1461//73 1463//73
f 1462//73 1463//73 1464//73
f 1464//73 1463//73 1465//73
f 1464//73 1465//73 1466//73
f 1466//73 1465//73 1467//73
f 1466//73 1467//73 1468//73
f 1468//73 1467//73 1469//73
f 1468//73 1469//73 1470//73
f 1470//73 1469//73 1471//73
f 1470//73 1471//73 1472//73
f 1472//73 1471//73 1473//73
f 1472//73 1473//73 1138//73
f 1138//73 1473//73 1086//73
f 1138//73 1086//73 1084//73
f 1474//73 1475//73 1089//73
f 1089//73 1475//73 1476//73
f 1089//73 1476//73 1477//73
f 1477//73 1476//73 1478//73
f 1477//73 1478//73 1479//73
f 1475//73 1474//73 1480//73
f 1480//73 1474//73 1481//73
f 1480//73 1481//73 1482//73
f 1482//73 1481//73 1483//73
f 1482//73 1483//73 1484//73
f 1484//73 1483//73 1485//73
f 1484//73 1485//73 1486//73
f 1486//73 1485//73 1487//73
f 1486//73 1487//73 1488//73
f 1488//73 1487//73 1489//73
f 1488//73 1489//73 1490//73
f 1490//73 1489//73 1491//73
f 1490//73 1491//73 1492//73
f 1492//73 1491//73 1493//73
f 1492//73 1493//73 1494//73
f 1494//73 1493//73 1495//73
f 1494//73 1495//73 1496//73
f 1496//73 1495//73 1497//73
f 1496//73 1497//73 1498//73
f 1498//73 1497//73 1499//73
f 1498//73 1499//73 1500//73
f 1500//73 1499//73 1501//73
f 1500//73 1501//73 1502//73
f 1502//73 1501//73 1503//73
f 1502//73 1503//73 1504//73
f 1504//73 1503//73 1505//73
f 1504//73 1505//73 1506//73
f 1506//73 1505//73 1507//73
f 1506//73 1507//73 1508//73
f 1508//73 1507//73 1509//73
f 1508//73 1509//73 1510//73
f 1510//73 1509//73 1511//73
f 1510//73 1511//73 1512//73
f 1512//73 1511//73 1513//73
f 1512//73 1513//73 1514//73
f 1514//73 1513//73 1515//73
f 1514//73 1515//73 1516//73
f 1516//73 1515//73 1517//73
f 1516//73 1517//73 1518//73
f 1518//73 1517//73 1519//73
f 1518//73 1519//73 1520//73
f 1520//73 1519//73 1521//73
f 1520//73 1521//73 1522//73
f 1522//73 1521//73 1523//73
f 1522//73 1523//73 1524//73
f 1521//73 1519//73 1525//73
f 1525//73 1519//73 1526//73
f 1525//73 1526//73 1527//73
f 1527//73 1526//73 641//73
f 641//73 1526//73 643//73
f 1528//73 1529//73 1530//73
f 1530//73 1529//73 1531//73
f 1530//73 1531//73 1532//73
f 1532//73 1531//73 1533//73
f 1532//73 1533//73 1534//73
f 1534//73 1533//73 1535//73
f 1534//73 1535//73 1536//73
f 1536//73 1535//73 1537//73
f 1536//73 1537//73 1538//73
f 1538//73 1537//73 1539//73
f 1538//73 1539//73 1540//73
f 1540//73 1539//73 1541//73
f 1540//73 1541//73 1542//73
f 1542//73 1541//73 1543//73
f 1542//73 1543//73 1544//73
f 1544//73 1543//73 1545//73
f 1544//73 1545//73 1546//73
f 1546//73 1545//73 1547//73
f 1546//73 1547//73 1548//73
f 1548//73 1547//73 1549//73
f 1548//73 1549//73 887//73
f 887//73 1549//73 885//73
f 1529//73 1528//73 1550//73
f 1550//73 1528//73 1551//73
f 1550//73 1551//73 1552//73
f 1552//73 1551//73 1553//73
f 1552//73 1553//73 1554//73
f 1554//73 1553//73 1555//73
f 1554//73 1555//73 1556//73
f 1556//73 1555//73 1557//73
f 1556//73 1557//73 1558//73
f 1558//73 1557//73 1559//73
f 1558//73 1559//73 1560//73
f 1560//73 1559//73 1561//73
f 1560//73 1561//73 1562//73
f 1562//73 1561//73 1563//73
f 1562//73 1563//73 1564//73
f 1564//73 1563//73 1565//73
f 1564//73 1565//73 1566//73
f 1566//73 1565//73 1567//73
f 1566//73 1567//73 1362//73
f 1362//73 1567//73 1430//73
f 1568//73 1569//73 1433//73
f 1433//73 1569//73 963//73
f 1433//73 963//73 961//73
f 1569//73 1568//73 1570//73
f 1570//73 1568//73 1571//73
f 1570//73 1571//73 1572//73
f 1572//73 1571//73 1573//73
f 1572//73 1573//73 1574//73
f 1574//73 1573//73 1575//73
f 1574//73 1575//73 1576//73
f 1576//73 1575//73 1577//73
f 1576//73 1577//73 1578//73
f 1578//73 1577//73 1579//73
f 1578//73 1579//73 1580//73
f 1580//73 1579//73 1581//73
f 1580//73 1581//73 1582//73
f 1582//73 1581//73 1583//73
f 1582//73 1583//73 1584//73
f 1584//73 1583//73 1585//73
f 1584//73 1585//73 1586//73
f 1586//73 1585//73 1587//73
f 1586//73 1587//73 1588//73
f 1588//73 1587//73 1589//73
f 1588//73 1589//73 1590//73
f 1590//73 1589//73 1591//73
f 1590//73 1591//73 1592//73
f 1592//73 1591//73 1593//73
f 1592//73 1593//73 1594//73
f 1594//73 1593//73 1595//73
f 1594//73 1595//73 1596//73
f 1596//73 1595//73 1597//73
f 1596//73 1597//73 1598//73
f 1598//73 1597//73 1599//73
f 1598//73 1599//73 1600//73
f 1600//73 1599//73 1601//73
f 1600//73 1601//73 1602//73
f 1602//73 1601//73 1603//73
f 1602//73 1603//73 1604//73
f 1604//73 1603//73 1605//73
f 1604//73 1605//73 1606//73
f 1606//73 1605//73 1607//73
f 1606//73 1607//73 896//73
f 896//73 1607//73 894//73
f 894//73 888//73 890//73
f 1608//73 1609//73 1610//73
f 1610//73 1609//73 1611//73
f 1610//73 1611//73 1612//73
f 1612//73 1611//73 1613//73
f 1612//73 1613//73 1614//73
f 1614//73 1613//73 1615//73
f 1614//73 1615//73 1616//73
f 1616//73 1615//73 1617//73
f 1616//73 1617//73 1618//73
f 1618//73 1617//73 1619//73
f 1618//73 1619//73 1620//73
f 1620//73 1619//73 1621//73
f 1620//73 1621//73 1622//73
f 1622//73 1621//73 1623//73
f 1622//73 1623//73 1624//73
f 1624//73 1623//73 1625//73
f 1624//73 1625//73 1626//73
f 1626//73 1625//73 1627//73
f 1626//73 1627//73 1628//73
f 1628//73 1627//73 1629//73
f 1628//73 1629//73 694//73
f 694//73 1629//73 692//73
f 1609//73 1608//73 1630//73
f 1630//73 1608//73 1631//73
f 1630//73 1631//73 1632//73
f 1632//73 1631//73 1633//73
f 1632//73 1633//73 1634//73
f 1634//73 1633//73 1635//73
f 1634//73 1635//73 1636//73
f 1636//73 1635//73 1637//73
f 1636//73 1637//73 1638//73
f 1638//73 1637//73 1639//73
f 1638//73 1639//73 1640//73
f 1640//73 1639//73 1641//73
f 1640//73 1641//73 1642//73
f 1642//73 1641//73 1643//73
f 1642//73 1643//73 1644//73
f 1644//73 1643//73 1645//73
f 1644//73 1645//73 1646//73
f 1646//73 1645//73 1647//73
f 1646//73 1647//73 1288//73
f 1288//73 1647//73 1236//73
f 1288//73 1236//73 1234//73
f 1648//73 1649//73 1239//73
f 1239//73 1649//73 1650//73
f 1239//73 1650//73 1651//73
f 1651//73 1650//73 1652//73
f 1651//73 1652//73 1653//73
f 1649//73 1648//73 1654//73
f 1654//73 1648//73 1655//73
f 1654//73 1655//73 1656//73
f 1656//73 1655//73 1657//73
f 1656//73 1657//73 1658//73
f 1658//73 1657//73 1659//73
f 1658//73 1659//73 1660//73
f 1660//73 1659//73 1661//73
f 1660//73 1661//73 1662//73
f 1662//73 1661//73 1663//73
f 1662//73 1663//73 1664//73
f 1664//73 1663//73 1665//73
f 1664//73 1665//73 1666//73
f 1666//73 1665//73 1667//73
f 1666//73 1667//73 1668//73
f 1668//73 1667//73 1669//73
f 1668//73 1669//73 1670//73
f 1670//73 1669//73 1671//73
f 1670//73 1671//73 1672//73
f 1672//73 1671//73 1673//73
f 1672//73 1673//73 1674//73
f 1674//73 1673//73 1675//73
f 1674//73 1675//73 1676//73
f 1676//73 1675//73 1677//73
f 1676//73 1677//73 1678//73
f 1678//73 1677//73 1679//73
f 1678//73 1679//73 1680//73
f 1680//73 1679//73 1681//73
f 1680//73 1681//73 1682//73
f 1682//73 1681//73 1683//73
f 1682//73 1683//73 1684//73
f 1684//73 1683//73 1685//73
f 1684//73 1685//73 1686//73
f 1686//73 1685//73 1687//73
f 1686//73 1687//73 1688//73
f 1688//73 1687//73 1689//73
f 1688//73 1689//73 1690//73
f 1690//73 1689//73 1691//73
f 1690//73 1691//73 1692//73
f 1692//73 1691//73 1693//73
f 1692//73 1693//73 1694//73
f 1694//73 1693//73 1695//73
f 1694//73 1695//73 1696//73
f 1696//73 1695//73 1697//73
f 1696//73 1697//73 1698//73
f 1695//73 1693//73 1699//73
f 1699//73 1693//73 1700//73
f 1699//73 1700//73 1701//73
f 1701//73 1700//73 691//73
f 691//73 1700//73 693//73
f 1702//73 1703//73 351//73
f 351//73 1703//73 1704//73
f 351//73 1704//73 344//73
f 344//73 1704//73 1383//73
f 1703//73 1702//73 1705//73
f 1705//73 1702//73 1706//73
f 1705//73 1706//73 1707//73
f 1707//73 1706//73 1708//73
f 1707//73 1708//73 1709//73
f 1709//73 1708//73 1710//73
f 1709//73 1710//73 1711//73
f 1711//73 1710//73 1712//73
f 1711//73 1712//73 1713//73
f 1713//73 1712//73 1714//73
f 1713//73 1714//73 1715//73
f 1715//73 1714//73 1716//73
f 1715//73 1716//73 1717//73
f 1717//73 1716//73 1718//73
f 1717//73 1718//73 1719//73
f 1719//73 1718//73 1720//73
f 1719//73 1720//73 1721//73
f 1721//73 1720//73 1722//73
f 1721//73 1722//73 1723//73
f 1723//73 1722//73 1724//73
f 1723//73 1724//73 1725//73
f 1725//73 1724//73 1726//73
f 1725//73 1726//73 1727//73
f 1727//73 1726//73 1728//73
f 1727//73 1728//73 1729//73
f 1729//73 1728//73 1730//73
f 1729//73 1730//73 1731//73
f 1731//73 1730//73 1732//73
f 1731//73 1732//73 1733//73
f 1733//73 1732//73 1734//73
f 1733//73 1734//73 1735//73
f 1735//73 1734//73 1736//73
f 1735//73 1736//73 1737//73
f 1737//73 1736//73 1738//73
f 1737//73 1738//73 1739//73
f 1739//73 1738//73 1740//73
f 1739//73 1740//73 1741//73
f 1741//73 1740//73 1742//73
f 1741//73 1742//73 1743//73
f 1743//73 1742//73 1744//73
f 1743//73 1744//73 1745//73
f 1745//73 1744//73 1746//73
f 1745//73 1746//73 1747//73
f 1747//73 1746//73 1748//73
f 1747//73 1748//73 1749//73
f 1749//73 1748//73 1750//73
f 1749//73 1750//73 1751//73
f 1748//73 1746//73 400//73
f 400//73 1746//73 398//73
f 961//73 1431//73 1433//73
f 1752//73 1753//73 1754//73
f 1754//73 1753//73 1755//73
f 1754//73 1755//73 1756//73
f 1756//73 1755//73 1757//73
f 1756//73 1757//73 1758//73
f 1758//73 1757//73 1759//73
f 1758//73 1759//73 1760//73
f 1760//73 1759//73 1761//73
f 1760//73 1761//73 1762//73
f 1762//73 1761//73 1763//73
f 1762//73 1763//73 1764//73
f 1764//73 1763//73 1765//73
f 1764//73 1765//73 1766//73
f 1766//73 1765//73 1767//73
f 1766//73 1767//73 1768//73
f 1768//73 1767//73 1769//73
f 1768//73 1769//73 1770//73
f 1770//73 1769//73 1771//73
f 1770//73 1771//73 1772//73
f 1772//73 1771//73 1773//73
f 1772//73 1773//73 788//73
f 788//73 1773//73 786//73
f 1753//73 1752//73 1774//73
f 1774//73 1752//73 1775//73
f 1774//73 1775//73 1776//73
f 1776//73 1775//73 1777//73
f 1776//73 1777//73 1778//73
f 1778//73 1777//73 1779//73
f 1778//73 1779//73 1780//73
f 1780//73 1779//73 1781//73
f 1780//73 1781//73 1782//73
f 1782//73 1781//73 1783//73
f 1782//73 1783//73 1784//73
f 1784//73 1783//73 1785//73
f 1784//73 1785//73 1786//73
f 1786//73 1785//73 1787//73
f 1786//73 1787//73 1788//73
f 1788//73 1787//73 1789//73
f 1788//73 1789//73 1790//73
f 1790//73 1789//73 1791//73
f 1790//73 1791//73 400//73
f 400//73 1791//73 1748//73
f 1792//73 1793//73 1751//73
f 1751//73 1793//73 1794//73
f 1751//73 1794//73 1795//73
f 1795//73 1794//73 1796//73
f 1795//73 1796//73 1797//73
f 1793//73 1792//73 1798//73
f 1798//73 1792//73 1799//73
f 1798//73 1799//73 1800//73
f 1800//73 1799//73 1801//73
f 1800//73 1801//73 1802//73
f 1802//73 1801//73 1803//73
f 1802//73 1803//73 1804//73
f 1804//73 1803//73 1805//73
f 1804//73 1805//73 1806//73
f 1806//73 1805//73 1807//73
f 1806//73 1807//73 1808//73
f 1808//73 1807//73 1809//73
f 1808//73 1809//73 1810//73
f 1810//73 1809//73 1811//73
f 1810//73 1811//73 1812//73
f 1812//73 1811//73 1813//73
f 1812//73 1813//73 1814//73
f 1814//73 1813//73 1815//73
f 1814//73 1815//73 1816//73
f 1816//73 1815//73 1817//73
f 1816//73 1817//73 1818//73
f 1818//73 1817//73 1819//73
f 1818//73 1819//73 1820//73
f 1820//73 1819//73 1821//73
f 1820//73 1821//73 1822//73
f 1822//73 1821//73 1823//73
f 1822//73 1823//73 1824//73
f 1824//73 1823//73 1825//73
f 1824//73 1825//73 1826//73
f 1826//73 1825//73 1827//73
f 1826//73 1827//73 1828//73
f 1828//73 1827//73 1829//73
f 1828//73 1829//73 1830//73
f 1830//73 1829//73 1831//73
f 1830//73 1831//73 1832//73
f 1832//73 1831//73 1833//73
f 1832//73 1833//73 1834//73
f 1834//73 1833//73 1835//73
f 1834//73 1835//73 797//73
f 797//73 1835//73 795//73
f 795//73 789//73 791//73
f 1836//73 1837//73 1838//73
f 1838//73 1837//73 1839//73
f 1838//73 1839//73 1840//73
f 1840//73 1839//73 1841//73
f 1840//73 1841//73 1842//73
f 1842//73 1841//73 1843//73
f 1842//73 1843//73 1844//73
f 1844//73 1843//73 1845//73
f 1844//73 1845//73 1846//73
f 1846//73 1845//73 1847//73
f 1846//73 1847//73 1848//73
f 1848//73 1847//73 1849//73
f 1848//73 1849//73 1850//73
f 1850//73 1849//73 1851//73
f 1850//73 1851//73 1852//73
f 1852//73 1851//73 1853//73
f 1852//73 1853//73 1854//73
f 1854//73 1853//73 1855//73
f 1854//73 1855//73 1856//73
f 1856//73 1855//73 1857//73
f 1856//73 1857//73 1858//73
f 1858//73 1857//73 1859//73
f 1858//73 1859//73 1860//73
f 1860//73 1859//73 1861//73
f 1860//73 1861//73 1862//73
f 1862//73 1861//73 1863//73
f 1862//73 1863//73 784//73
f 1837//73 1836//73 1864//73
f 1864//73 1836//73 1865//73
f 1864//73 1865//73 1866//73
f 1866//73 1865//73 1867//73
f 1866//73 1867//73 1868//73
f 1868//73 1867//73 1869//73
f 1868//73 1869//73 1870//73
f 1870//73 1869//73 1871//73
f 1870//73 1871//73 1872//73
f 1872//73 1871//73 1873//73
f 1872//73 1873//73 1874//73
f 1874//73 1873//73 1875//73
f 1874//73 1875//73 1876//73
f 1876//73 1875//73 1877//73
f 1876//73 1877//73 1878//73
f 1878//73 1877//73 1879//73
f 1878//73 1879//73 1880//73
f 1880//73 1879//73 1881//73
f 1880//73 1881//73 1882//73
f 1882//73 1881//73 397//73
f 1882//73 397//73 395//73
f 786//73 1862//73 784//73
f 1883//73 1884//73 1885//73
f 1885//73 1884//73 1886//73
f 1885//73 1886//73 1887//73
f 1887//73 1886//73 1888//73
f 1887//73 1888//73 1889//73
f 1889//73 1888//73 1890//73
f 1889//73 1890//73 1891//73
f 1891//73 1890//73 1892//73
f 1891//73 1892//73 1893//73
f 1893//73 1892//73 1894//73
f 1893//73 1894//73 1895//73
f 1895//73 1894//73 1896//73
f 1895//73 1896//73 1897//73
f 1897//73 1896//73 1898//73
f 1897//73 1898//73 1899//73
f 1899//73 1898//73 1900//73
f 1899//73 1900//73 1901//73
f 1901//73 1900//73 1902//73
f 1901//73 1902//73 1903//73
f 1903//73 1902//73 1904//73
f 1903//73 1904//73 1797//73
f 1797//73 1904//73 1795//73
f 1884//73 1883//73 1905//73
f 1905//73 1883//73 1906//73
f 1905//73 1906//73 1907//73
f 1907//73 1906//73 1908//73
f 1907//73 1908//73 1909//73
f 1909//73 1908//73 1910//73
f 1909//73 1910//73 1911//73
f 1911//73 1910//73 1912//73
f 1911//73 1912//73 1913//73
f 1913//73 1912//73 1914//73
f 1913//73 1914//73 1915//73
f 1915//73 1914//73 1916//73
f 1915//73 1916//73 1917//73
f 1917//73 1916//73 1918//73
f 1917//73 1918//73 1919//73
f 1919//73 1918//73 1920//73
f 1919//73 1920//73 1921//73
f 1921//73 1920//73 1922//73
f 1921//73 1922//73 1923//73
f 1923//73 1922//73 1924//73
f 1923//73 1924//73 1704//73
f 1704//73 1924//73 1383//73
f 1359//73 1357//73 1925//73
f 1925//73 1357//73 1926//73
f 1925//73 1926//73 1927//73
f 1927//73 1926//73 1794//73
f 1794//73 1926//73 1796//73
f 1928//73 1929//73 401//73
f 401//73 1929//73 1930//73
f 401//73 1930//73 1931//73
f 1931//73 1932//73 401//73
f 401//73 1932//73 1933//73
f 401//73 1933//73 1934//73
f 1934//73 1935//73 401//73
f 401//73 1935//73 1936//73
f 401//73 1936//73 1937//73
f 1937//73 1938//73 401//73
f 401//73 1938//73 1939//73
f 401//73 1939//73 402//73
f 449//73 447//73 1940//73
f 1940//73 447//73 1941//73
f 1940//73 1941//73 1942//73
f 1942//73 1941//73 1943//73
f 1943//73 1941//73 1944//73
f 1943//73 1944//73 1945//73
f 1945//73 1944//73 1946//73
f 1945//73 1946//73 1947//73
f 1945//73 1947//73 575//73
f 575//73 1947//73 573//73
f 568//73 1948//73 401//73
f 401//73 1948//73 1928//73
f 1949//73 1950//73 1040//73
f 1040//73 1950//73 1188//73
f 1040//73 1188//73 348//73
f 1950//73 1949//73 1951//73
f 1951//73 1949//73 1952//73
f 1951//73 1952//73 1953//73
f 1953//73 1952//73 1954//73
f 1953//73 1954//73 1955//73
f 1955//73 1954//73 1956//73
f 1955//73 1956//73 1957//73
f 1957//73 1956//73 1958//73
f 1957//73 1958//73 1959//73
f 1959//73 1958//73 1960//73
f 1959//73 1960//73 1961//73
f 1961//73 1960//73 1962//73
f 1961//73 1962//73 1963//73
f 1963//73 1962//73 1964//73
f 1963//73 1964//73 1965//73
f 1965//73 1964//73 1966//73
f 1965//73 1966//73 1967//73
f 1967//73 1966//73 1968//73
f 1967//73 1968//73 1969//73
f 1969//73 1968//73 1970//73
f 1969//73 1970//73 1971//73
f 1971//73 1970//73 1972//73
f 1971//73 1972//73 1973//73
f 1973//73 1972//73 1974//73
f 1973//73 1974//73 1975//73
f 1975//73 1974//73 1976//73
f 1975//73 1976//73 1977//73
f 1977//73 1976//73 1978//73
f 1977//73 1978//73 1979//73
f 1979//73 1978//73 1980//73
f 1979//73 1980//73 1981//73
f 1981//73 1980//73 1982//73
f 1981//73 1982//73 1983//73
f 1983//73 1982//73 1984//73
f 1983//73 1984//73 1985//73
f 1985//73 1984//73 1986//73
f 1985//73 1986//73 1987//73
f 1987//73 1986//73 1988//73
f 1987//73 1988//73 1989//73
f 1989//73 1988//73 1990//73
f 1989//73 1990//73 1479//73
f 1479//73 1990//73 1477//73
f 1477//73 1087//73 1089//73
f 1652//73 1650//73 1991//73
f 1991//73 1650//73 1992//73
f 1991//73 1992//73 1882//73
f 1861//73 1859//73 1698//73
f 1698//73 1859//73 1696//73
f 347//73 1993//73 343//73
f 343//73 1993//73 1994//73
f 343//73 1994//73 1995//73
f 1995//73 1996//73 343//73
f 343//73 1996//73 1997//73
f 343//73 1997//73 1998//73
f 1998//73 1999//73 343//73
f 343//73 1999//73 2000//73
f 343//73 2000//73 2001//73
f 2001//73 2002//73 343//73
f 343//73 2002//73 2003//73
f 343//73 2003//73 542//73
f 543//73 2004//73 61//73
f 61//73 2004//73 539//73
f 541//73 535//73 59//73
f 2005//73 2006//73 2007//73
f 2007//73 2006//73 2008//73
f 2007//73 2008//73 2009//73
f 2009//73 2008//73 2010//73
f 2009//73 2010//73 2011//73
f 2011//73 2010//73 2012//73
f 2011//73 2012//73 2013//73
f 2013//73 2012//73 2014//73
f 2013//73 2014//73 2015//73
f 2015//73 2014//73 2016//73
f 2015//73 2016//73 2017//73
f 2017//73 2016//73 2018//73
f 2017//73 2018//73 2019//73
f 2019//73 2018//73 2020//73
f 2019//73 2020//73 2021//73
f 2021//73 2020//73 2022//73
f 2021//73 2022//73 2023//73
f 2023//73 2022//73 2024//73
f 2023//73 2024//73 2025//73
f 2025//73 2024//73 2026//73
f 2025//73 2026//73 2027//73
f 2027//73 2026//73 2028//73
f 2027//73 2028//73 2029//73
f 2029//73 2028//73 2030//73
f 2029//73 2030//73 761//73
f 761//73 2030//73 292//73
f 2006//73 2005//73 2031//73
f 2031//73 2005//73 2032//73
f 2031//73 2032//73 2033//73
f 2033//73 2032//73 2034//73
f 2033//73 2034//73 2035//73
f 2035//73 2034//73 2036//73
f 2035//73 2036//73 2037//73
f 2037//73 2036//73 2038//73
f 2037//73 2038//73 2039//73
f 2039//73 2038//73 2040//73
f 2039//73 2040//73 2041//73
f 2041//73 2040//73 2042//73
f 2041//73 2042//73 2043//73
f 2043//73 2042//73 2044//73
f 2043//73 2044//73 2045//73
f 2045//73 2044//73 2046//73
f 2045//73 2046//73 2047//73
f 2047//73 2046//73 2048//73
f 2047//73 2048//73 1698//73
f 1698//73 2048//73 1861//73
f 2049//73 2050//73 2051//73
f 2051//73 2050//73 2052//73
f 2051//73 2052//73 2053//73
f 2053//73 2052//73 2054//73
f 2053//73 2054//73 2055//73
f 2055//73 2054//73 2056//73
f 2055//73 2056//73 2057//73
f 2057//73 2056//73 2058//73
f 2057//73 2058//73 2059//73
f 2059//73 2058//73 2060//73
f 2059//73 2060//73 2061//73
f 2061//73 2060//73 2062//73
f 2061//73 2062//73 2063//73
f 2063//73 2062//73 2064//73
f 2063//73 2064//73 2065//73
f 2065//73 2064//73 2066//73
f 2065//73 2066//73 2067//73
f 2067//73 2066//73 2068//73
f 2067//73 2068//73 2069//73
f 2069//73 2068//73 2070//73
f 2069//73 2070//73 2071//73
f 2071//73 2070//73 2072//73
f 2071//73 2072//73 2073//73
f 2073//73 2072//73 611//73
f 2073//73 611//73 460//73
f 460//73 611//73 454//73
f 2050//73 2049//73 2074//73
f 2074//73 2049//73 2075//73
f 2074//73 2075//73 2076//73
f 2076//73 2075//73 2077//73
f 2076//73 2077//73 2078//73
f 2078//73 2077//73 2079//73
f 2078//73 2079//73 2080//73
f 2080//73 2079//73 2081//73
f 2080//73 2081//73 2082//73
f 2082//73 2081//73 2083//73
f 2082//73 2083//73 2084//73
f 2084//73 2083//73 2085//73
f 2084//73 2085//73 2086//73
f 2086//73 2085//73 2087//73
f 2086//73 2087//73 2088//73
f 2088//73 2087//73 2089//73
f 2088//73 2089//73 2090//73
f 2090//73 2089//73 2091//73
f 2090//73 2091//73 1524//73
f 1524//73 2091//73 2092//73
f 1524//73 2092//73 2093//73
f 2093//73 2092//73 2094//73
f 2093//73 2094//73 2095//73
f 2094//73 2092//73 2096//73
f 2096//73 2092//73 2097//73
f 2096//73 2097//73 504//73
f 2098//73 2099//73 2100//73
f 2100//73 2099//73 2101//73
f 2100//73 2101//73 2102//73
f 2102//73 2101//73 2103//73
f 2102//73 2103//73 2104//73
f 2104//73 2103//73 2105//73
f 2104//73 2105//73 2106//73
f 2106//73 2105//73 2107//73
f 2106//73 2107//73 2108//73
f 2108//73 2107//73 2109//73
f 2108//73 2109//73 2110//73
f 2110//73 2109//73 2111//73
f 2110//73 2111//73 2112//73
f 2112//73 2111//73 2113//73
f 2112//73 2113//73 2114//73
f 2114//73 2113//73 2115//73
f 2114//73 2115//73 2116//73
f 2116//73 2115//73 2117//73
f 2116//73 2117//73 2118//73
f 2118//73 2117//73 2119//73
f 2118//73 2119//73 2120//73
f 2120//73 2119//73 2121//73
f 2120//73 2121//73 2122//73
f 2122//73 2121//73 2123//73
f 2122//73 2123//73 454//73
f 454//73 2123//73 455//73
f 2099//73 2098//73 2124//73
f 2124//73 2098//73 2125//73
f 2124//73 2125//73 2126//73
f 2126//73 2125//73 2127//73
f 2126//73 2127//73 2128//73
f 2128//73 2127//73 2129//73
f 2128//73 2129//73 2130//73
f 2130//73 2129//73 2131//73
f 2130//73 2131//73 2132//73
f 2132//73 2131//73 2133//73
f 2132//73 2133//73 2134//73
f 2134//73 2133//73 2135//73
f 2134//73 2135//73 2136//73
f 2136//73 2135//73 2137//73
f 2136//73 2137//73 2138//73
f 2138//73 2137//73 2139//73
f 2138//73 2139//73 2140//73
f 2140//73 2139//73 2141//73
f 2140//73 2141//73 562//73
f 562//73 2141//73 2142//73
f 562//73 2142//73 2143//73
f 2143//73 2142//73 2144//73
f 2143//73 2144//73 2145//73
f 2144//73 2142//73 2146//73
f 2146//73 2142//73 2147//73
f 2146//73 2147//73 631//73
f 608//73 2122//73 454//73
f 1521//73 1525//73 2148//73
f 2148//73 1525//73 2149//73
f 2148//73 2149//73 2150//73
f 2150//73 2149//73 2151//73
f 2150//73 2151//73 2152//73
f 2152//73 2151//73 2153//73
f 2152//73 2153//73 2154//73
f 2154//73 2153//73 2155//73
f 2154//73 2155//73 2156//73
f 2156//73 2155//73 2157//73
f 2156//73 2157//73 2158//73
f 2158//73 2157//73 2159//73
f 2158//73 2159//73 2160//73
f 2160//73 2159//73 2161//73
f 2160//73 2161//73 2162//73
f 2162//73 2161//73 2163//73
f 2162//73 2163//73 2164//73
f 2164//73 2163//73 2165//73
f 2164//73 2165//73 2166//73
f 2166//73 2165//73 2167//73
f 2166//73 2167//73 2168//73
f 2168//73 2167//73 2169//73
f 2168//73 2169//73 2170//73
f 2170//73 2169//73 2171//73
f 2170//73 2171//73 2172//73
f 2172//73 2171//73 2173//73
f 2172//73 2173//73 2174//73
f 2174//73 2173//73 2175//73
f 2174//73 2175//73 2176//73
f 2176//73 2175//73 2177//73
f 2176//73 2177//73 2178//73
f 2178//73 2177//73 2179//73
f 2178//73 2179//73 2180//73
f 2180//73 2179//73 2181//73
f 2180//73 2181//73 2182//73
f 2182//73 2181//73 2183//73
f 2182//73 2183//73 2184//73
f 2184//73 2183//73 2185//73
f 2184//73 2185//73 2186//73
f 2186//73 2185//73 2187//73
f 2186//73 2187//73 2188//73
f 2188//73 2187//73 2189//73
f 2188//73 2189//73 612//73
f 612//73 2189//73 610//73
f 1695//73 1699//73 2190//73
f 2190//73 1699//73 2191//73
f 2190//73 2191//73 2192//73
f 2192//73 2191//73 2193//73
f 2192//73 2193//73 2194//73
f 2194//73 2193//73 2195//73
f 2194//73 2195//73 2196//73
f 2196//73 2195//73 2197//73
f 2196//73 2197//73 2198//73
f 2198//73 2197//73 2199//73
f 2198//73 2199//73 2200//73
f 2200//73 2199//73 2201//73
f 2200//73 2201//73 2202//73
f 2202//73 2201//73 2203//73
f 2202//73 2203//73 2204//73
f 2204//73 2203//73 2205//73
f 2204//73 2205//73 2206//73
f 2206//73 2205//73 2207//73
f 2206//73 2207//73 2208//73
f 2208//73 2207//73 2209//73
f 2208//73 2209//73 2210//73
f 2210//73 2209//73 2211//73
f 2210//73 2211//73 2212//73
f 2212//73 2211//73 2213//73
f 2212//73 2213//73 2214//73
f 2214//73 2213//73 2215//73
f 2214//73 2215//73 2216//73
f 2216//73 2215//73 2217//73
f 2216//73 2217//73 2218//73
f 2218//73 2217//73 2219//73
f 2218//73 2219//73 2220//73
f 2220//73 2219//73 2221//73
f 2220//73 2221//73 2222//73
f 2222//73 2221//73 2223//73
f 2222//73 2223//73 2224//73
f 2224//73 2223//73 2225//73
f 2224//73 2225//73 2226//73
f 2226//73 2225//73 2227//73
f 2226//73 2227//73 2228//73
f 2228//73 2227//73 2229//73
f 2228//73 2229//73 2230//73
f 2230//73 2229//73 2231//73
f 2230//73 2231//73 2232//73
f 2232//73 2231//73 458//73
f 2232//73 458//73 2030//73
f 2030//73 458//73 292//73
f 796//73 794//73 2233//73
f 2233//73 794//73 2234//73
f 2233//73 2234//73 2235//73
f 2236//73 2237//73 2235//73
f 2235//73 2237//73 2238//73
f 2235//73 2238//73 2239//73
f 2239//73 2238//73 2240//73
f 2239//73 2240//73 2241//73
f 2237//73 2236//73 2242//73
f 2242//73 2236//73 2243//73
f 2242//73 2243//73 2244//73
f 2244//73 2243//73 2245//73
f 2244//73 2245//73 2246//73
f 2246//73 2245//73 2247//73
f 2246//73 2247//73 2248//73
f 2248//73 2247//73 2249//73
f 2248//73 2249//73 2250//73
f 2250//73 2249//73 2251//73
f 2250//73 2251//73 2252//73
f 2252//73 2251//73 2253//73
f 2252//73 2253//73 2254//73
f 2254//73 2253//73 2255//73
f 2254//73 2255//73 2256//73
f 2256//73 2255//73 2257//73
f 2256//73 2257//73 2258//73
f 2258//73 2257//73 2259//73
f 2258//73 2259//73 2260//73
f 2260//73 2259//73 2261//73
f 2260//73 2261//73 2262//73
f 2262//73 2261//73 2263//73
f 2262//73 2263//73 2264//73
f 2264//73 2263//73 2265//73
f 2264//73 2265//73 2266//73
f 2266//73 2265//73 2267//73
f 2266//73 2267//73 2268//73
f 2268//73 2267//73 2269//73
f 2268//73 2269//73 2270//73
f 2270//73 2269//73 2271//73
f 2270//73 2271//73 2272//73
f 2272//73 2271//73 2273//73
f 2272//73 2273//73 2274//73
f 2274//73 2273//73 2275//73
f 2274//73 2275//73 2276//73
f 2276//73 2275//73 2277//73
f 2276//73 2277//73 2278//73
f 2278//73 2277//73 2279//73
f 2278//73 2279//73 2280//73
f 2280//73 2279//73 2281//73
f 2280//73 2281//73 765//73
f 765//73 2281//73 763//73
f 895//73 893//73 2282//73
f 2282//73 893//73 2283//73
f 2282//73 2283//73 338//73
f 350//73 349//73 2284//73
f 2284//73 349//73 2285//73
f 2284//73 2285//73 2286//73
f 2286//73 2285//73 2287//73
f 2286//73 2287//73 2288//73
f 2288//73 2287//73 2289//73
f 2288//73 2289//73 2290//73
f 2290//73 2289//73 2291//73
f 2290//73 2291//73 2292//73
f 2292//73 2291//73 2293//73
f 2292//73 2293//73 2294//73
f 2294//73 2293//73 2295//73
f 2294//73 2295//73 2296//73
f 2296//73 2295//73 2297//73
f 2296//73 2297//73 2298//73
f 2298//73 2297//73 2299//73
f 2298//73 2299//73 2300//73
f 2300//73 2299//73 2301//73
f 2300//73 2301//73 2302//73
f 2302//73 2301//73 2303//73
f 2302//73 2303//73 2304//73
f 2304//73 2303//73 2305//73
f 2304//73 2305//73 2306//73
f 2306//73 2305//73 2307//73
f 2306//73 2307//73 2308//73
f 2308//73 2307//73 2309//73
f 2308//73 2309//73 2310//73
f 2310//73 2309//73 2311//73
f 2310//73 2311//73 2312//73
f 2312//73 2311//73 2313//73
f 2312//73 2313//73 2314//73
f 2314//73 2313//73 2315//73
f 2314//73 2315//73 2316//73
f 2316//73 2315//73 2317//73
f 2316//73 2317//73 2318//73
f 2318//73 2317//73 2319//73
f 2318//73 2319//73 2320//73
f 2320//73 2319//73 2321//73
f 2320//73 2321//73 2322//73
f 2322//73 2321//73 2323//73
f 2322//73 2323//73 2324//73
f 2324//73 2323//73 2325//73
f 2324//73 2325//73 1653//73
f 1653//73 2325//73 1651//73
f 1651//73 1237//73 1239//73
f 1164//73 1162//73 2326//73
f 2326//73 1162//73 2327//73
f 2326//73 2327//73 2328//73
f 2328//73 2327//73 1476//73
f 1476//73 2327//73 1478//73
f 395//73 1991//73 1882//73
f 340//73 2282//73 338//73
f 1359//73 1925//73 2329//73
f 2329//73 1925//73 2330//73
f 2329//73 2330//73 2331//73
f 2331//73 2330//73 2332//73
f 2331//73 2332//73 2333//73
f 2333//73 2332//73 2334//73
f 2333//73 2334//73 2335//73
f 2335//73 2334//73 2336//73
f 2335//73 2336//73 2337//73
f 2337//73 2336//73 2338//73
f 2337//73 2338//73 2339//73
f 2339//73 2338//73 2340//73
f 2339//73 2340//73 2341//73
f 2341//73 2340//73 2342//73
f 2341//73 2342//73 2343//73
f 2343//73 2342//73 2344//73
f 2343//73 2344//73 2345//73
f 2345//73 2344//73 2346//73
f 2345//73 2346//73 2347//73
f 2347//73 2346//73 2348//73
f 2347//73 2348//73 2349//73
f 2349//73 2348//73 2350//73
f 2349//73 2350//73 2351//73
f 2351//73 2350//73 2352//73
f 2351//73 2352//73 2353//73
f 2353//73 2352//73 2354//73
f 2353//73 2354//73 2355//73
f 2355//73 2354//73 2356//73
f 2355//73 2356//73 2357//73
f 2357//73 2356//73 2358//73
f 2357//73 2358//73 2359//73
f 2359//73 2358//73 2360//73
f 2359//73 2360//73 2361//73
f 2361//73 2360//73 2362//73
f 2361//73 2362//73 2363//73
f 2363//73 2362//73 2364//73
f 2363//73 2364//73 2365//73
f 2365//73 2364//73 2366//73
f 2365//73 2366//73 2367//73
f 2367//73 2366//73 2368//73
f 2367//73 2368//73 2241//73
f 2241//73 2368//73 2239//73
f 2239//73 2233//73 2235//73
f 2369//73 2370//73 2371//73
f 2371//73 2370//73 2372//73
f 2371//73 2372//73 2373//73
f 2373//73 2372//73 2374//73
f 2373//73 2374//73 2375//73
f 2375//73 2374//73 2376//73
f 2375//73 2376//73 2377//73
f 2377//73 2376//73 2378//73
f 2377//73 2378//73 2379//73
f 2379//73 2378//73 2380//73
f 2379//73 2380//73 2381//73
f 2381//73 2380//73 2382//73
f 2381//73 2382//73 2383//73
f 2383//73 2382//73 2384//73
f 2383//73 2384//73 2385//73
f 2385//73 2384//73 2386//73
f 2385//73 2386//73 2387//73
f 2387//73 2386//73 2388//73
f 2387//73 2388//73 2389//73
f 2389//73 2388//73 2390//73
f 2389//73 2390//73 2145//73
f 2145//73 2390//73 2143//73
f 2370//73 2369//73 2391//73
f 2391//73 2369//73 2392//73
f 2391//73 2392//73 2393//73
f 2393//73 2392//73 2394//73
f 2393//73 2394//73 2395//73
f 2395//73 2394//73 2396//73
f 2395//73 2396//73 2397//73
f 2397//73 2396//73 2398//73
f 2397//73 2398//73 2399//73
f 2399//73 2398//73 2400//73
f 2399//73 2400//73 2401//73
f 2401//73 2400//73 2402//73
f 2401//73 2402//73 2403//73
f 2403//73 2402//73 2404//73
f 2403//73 2404//73 2405//73
f 2405//73 2404//73 2406//73
f 2405//73 2406//73 2407//73
f 2407//73 2406//73 2408//73
f 2407//73 2408//73 1940//73
f 1940//73 2408//73 449//73
f 1135//73 452//73 2409//73
f 2409//73 452//73 2410//73
f 2409//73 2410//73 2411//73
f 2411//73 2410//73 2412//73
f 2411//73 2412//73 2413//73
f 2413//73 2412//73 2414//73
f 2413//73 2414//73 2415//73
f 2415//73 2414//73 2416//73
f 2415//73 2416//73 2417//73
f 2417//73 2416//73 2418//73
f 2417//73 2418//73 2419//73
f 2419//73 2418//73 2420//73
f 2419//73 2420//73 2421//73
f 2421//73 2420//73 2422//73
f 2421//73 2422//73 2423//73
f 2423//73 2422//73 2424//73
f 2423//73 2424//73 2425//73
f 2425//73 2424//73 2426//73
f 2425//73 2426//73 2427//73
f 2427//73 2426//73 2428//73
f 2427//73 2428//73 2429//73
f 2429//73 2428//73 2430//73
f 2429//73 2430//73 2431//73
f 2431//73 2430//73 2432//73
f 2431//73 2432//73 2433//73
f 2433//73 2432//73 2434//73
f 2433//73 2434//73 2435//73
f 2435//73 2434//73 2436//73
f 2435//73 2436//73 2437//73
f 2437//73 2436//73 2438//73
f 2437//73 2438//73 2439//73
f 2439//73 2438//73 2440//73
f 2439//73 2440//73 2441//73
f 2441//73 2440//73 2442//73
f 2441//73 2442//73 2443//73
f 2443//73 2442//73 2444//73
f 2443//73 2444//73 2445//73
f 2445//73 2444//73 2446//73
f 2445//73 2446//73 2447//73
f 2447//73 2446//73 2448//73
f 2447//73 2448//73 635//73
f 635//73 2448//73 633//73
f 633//73 2146//73 631//73
f 1164//73 2326//73 2449//73
f 2449//73 2326//73 2450//73
f 2449//73 2450//73 2451//73
f 2451//73 2450//73 2452//73
f 2451//73 2452//73 2453//73
f 2453//73 2452//73 2454//73
f 2453//73 2454//73 2455//73
f 2455//73 2454//73 2456//73
f 2455//73 2456//73 2457//73
f 2457//73 2456//73 2458//73
f 2457//73 2458//73 2459//73
f 2459//73 2458//73 2460//73
f 2459//73 2460//73 2461//73
f 2461//73 2460//73 2462//73
f 2461//73 2462//73 2463//73
f 2463//73 2462//73 2464//73
f 2463//73 2464//73 2465//73
f 2465//73 2464//73 2466//73
f 2465//73 2466//73 2467//73
f 2467//73 2466//73 2468//73
f 2467//73 2468//73 2469//73
f 2469//73 2468//73 2470//73
f 2469//73 2470//73 2471//73
f 2471//73 2470//73 2472//73
f 2471//73 2472//73 2473//73
f 2473//73 2472//73 2474//73
f 2473//73 2474//73 2475//73
f 2475//73 2474//73 2476//73
f 2475//73 2476//73 2477//73
f 2477//73 2476//73 2478//73
f 2477//73 2478//73 2479//73
f 2479//73 2478//73 2480//73
f 2479//73 2480//73 2481//73
f 2481//73 2480//73 2482//73
f 2481//73 2482//73 2483//73
f 2483//73 2482//73 2484//73
f 2483//73 2484//73 2485//73
f 2485//73 2484//73 2486//73
f 2485//73 2486//73 2487//73
f 2487//73 2486//73 2488//73
f 2487//73 2488//73 2095//73
f 2095//73 2488//73 2093//73
f 2093//73 1522//73 1524//73
f 642//73 636//73 638//73
f 2143//73 560//73 562//73
f 1795//73 1749//73 1751//73
f 2489//73 2490//73 2491//73
f 2491//73 2490//73 2492//73
f 2491//73 2492//73 2493//73
f 2493//73 2492//73 2494//73
f 2493//73 2494//73 2495//73
f 2495//73 2494//73 2496//73
f 2495//73 2496//73 2497//73
f 2497//73 2496//73 2498//73
f 2497//73 2498//73 2499//73
f 2499//73 2498//73 2500//73
f 2499//73 2500//73 2501//73
f 2501//73 2500//73 2502//73
f 2501//73 2502//73 2503//73
f 2503//73 2502//73 2504//73
f 2503//73 2504//73 2505//73
f 2505//73 2504//73 2506//73
f 2505//73 2506//73 2507//73
f 2507//73 2506//73 2508//73
f 2507//73 2508//73 2509//73
f 2509//73 2508//73 2510//73
f 2509//73 2510//73 508//73
f 508//73 2510//73 506//73
f 2490//73 2489//73 2511//73
f 2511//73 2489//73 2512//73
f 2511//73 2512//73 2513//73
f 2513//73 2512//73 2514//73
f 2513//73 2514//73 2515//73
f 2515//73 2514//73 2516//73
f 2515//73 2516//73 2517//73
f 2517//73 2516//73 2518//73
f 2517//73 2518//73 2519//73
f 2519//73 2518//73 2520//73
f 2519//73 2520//73 2521//73
f 2521//73 2520//73 2522//73
f 2521//73 2522//73 2523//73
f 2523//73 2522//73 2524//73
f 2523//73 2524//73 2525//73
f 2525//73 2524//73 2526//73
f 2525//73 2526//73 2527//73
f 2527//73 2526//73 2528//73
f 2527//73 2528//73 1167//73
f 1167//73 2528//73 1285//73
f 692//73 686//73 688//73
f 885//73 2529//73 883//73
f 883//73 2529//73 2530//73
f 2530//73 2529//73 2238//73
f 2238//73 2529//73 2240//73
f 506//73 2096//73 504//73
f 1084//73 1136//73 1138//73
f 1234//73 1286//73 1288//73
f 509//73 2531//73 290//73
f 290//73 2531//73 2532//73
f 290//73 2532//73 2533//73
f 2533//73 2534//73 290//73
f 290//73 2534//73 2535//73
f 290//73 2535//73 2536//73
f 2536//73 2537//73 290//73
f 290//73 2537//73 2538//73
f 290//73 2538//73 2539//73
f 2539//73 2540//73 290//73
f 290//73 2540//73 2541//73
f 290//73 2541//73 2542//73
f 2542//73 2543//73 290//73
f 290//73 2543//73 293//73
f 2544//73 2545//73 453//73
f 453//73 2545//73 2546//73
f 453//73 2546//73 2547//73
f 2547//73 566//73 453//73
f 567//73 563//73 169//73
f 565//73 553//73 167//73
f 457//73 2548//73 453//73
f 453//73 2548//73 2549//73
f 453//73 2549//73 2550//73
f 2550//73 2551//73 453//73
f 453//73 2551//73 2552//73
f 453//73 2552//73 2553//73
f 2553//73 2554//73 453//73
f 453//73 2554//73 2544//73
f 289//74 2555//74 290//74
f 290//74 2555//74 343//74
f 2556//15 344//15 2555//15
f 2555//15 344//15 343//15
f 2557//33 454//33 2558//33
f 2558//33 454//33 453//33
f 453//75 401//75 2558//75
f 2558//75 401//75 2559//75
f 2559//6 401//6 2560//6
f 2560//6 401//6 348//6
f 587//76 2561//76 585//76
f 585//76 2561//76 2562//76
f 585//77 2562//77 583//77
f 583//77 2562//77 2563//77
f 583//78 2563//78 614//78
f 614//78 2563//78 2564//78
f 614//79 2564//79 616//79
f 616//80 2564//80 2565//80
f 616//81 2565//81 618//81
f 618//81 2565//81 2566//81
f 618//82 2566//82 620//82
f 620//82 2566//82 2567//82
f 620//83 2567//83 622//83
f 622//84 2567//84 2568//84
f 622//85 2568//85 624//85
f 624//86 2568//86 2569//86
f 624//87 2569//87 626//87
f 626//87 2569//87 2570//87
f 626//88 2570//88 628//88
f 628//89 2570//89 2571//89
f 628//90 2571//90 630//90
f 630//90 2571//90 2572//90
f 630//91 2572//91 632//91
f 632//91 2572//91 2573//91
f 632//92 2573//92 637//92
f 637//92 2573//92 2574//92
f 637//93 2574//93 638//93
f 638//93 2574//93 2575//93
f 638//94 2575//94 639//94
f 639//94 2575//94 2576//94
f 639//95 2576//95 646//95
f 646//95 2576//95 2577//95
f 646//96 2577//96 648//96
f 648//97 2577//97 2578//97
f 648//98 2578//98 650//98
f 650//98 2578//98 2579//98
f 650//99 2579//99 652//99
f 652//99 2579//99 2580//99
f 652//100 2580//100 654//100
f 654//101 2580//101 2581//101
f 654//102 2581//102 656//102
f 656//102 2581//102 2582//102
f 656//103 2582//103 658//103
f 658//104 2582//104 2583//104
f 658//105 2583//105 660//105
f 660//105 2583//105 2584//105
f 660//106 2584//106 662//106
f 662//106 2584//106 2585//106
f 662//75 2585//75 664//75
f 664//75 2585//75 2586//75
f 664//107 2586//107 666//107
f 666//107 2586//107 2587//107
f 666//108 2587//108 668//108
f 668//108 2587//108 2588//108
f 668//109 2588//109 670//109
f 670//110 2588//110 2589//110
f 670//111 2589//111 672//111
f 672//111 2589//111 2590//111
f 672//112 2590//112 674//112
f 674//113 2590//113 2591//113
f 674//114 2591//114 676//114
f 676//114 2591//114 2592//114
f 676//115 2592//115 678//115
f 678//115 2592//115 2593//115
f 678//116 2593//116 680//116
f 680//117 2593//117 2594//117
f 680//118 2594//118 682//118
f 682//118 2594//118 2595//118
f 682//119 2595//119 684//119
f 684//119 2595//119 2596//119
f 684//120 2596//120 609//120
f 609//120 2596//120 2597//120
f 609//121 2597//121 607//121
f 607//121 2597//121 2598//121
f 607//122 2598//122 605//122
f 605//122 2598//122 2599//122
f 605//123 2599//123 603//123
f 603//123 2599//123 2600//123
f 603//124 2600//124 601//124
f 601//125 2600//125 2601//125
f 601//126 2601//126 599//126
f 599//126 2601//126 2602//126
f 599//127 2602//127 597//127
f 597//128 2602//128 2603//128
f 597//129 2603//129 595//129
f 595//130 2603//130 2604//130
f 595//131 2604//131 593//131
f 593//131 2604//131 2605//131
f 593//132 2605//132 591//132
f 591//132 2605//132 2606//132
f 591//133 2606//133 589//133
f 589//134 2606//134 2607//134
f 589//135 2607//135 587//135
f 587//135 2607//135 2561//135
f 481//76 2608//76 483//76
f 483//76 2608//76 2609//76
f 483//77 2609//77 485//77
f 485//77 2609//77 2610//77
f 485//78 2610//78 487//78
f 487//78 2610//78 2611//78
f 487//79 2611//79 489//79
f 489//79 2611//79 2612//79
f 489//81 2612//81 491//81
f 491//81 2612//81 2613//81
f 491//82 2613//82 493//82
f 493//136 2613//136 2614//136
f 493//84 2614//84 495//84
f 495//84 2614//84 2615//84
f 495//86 2615//86 497//86
f 497//86 2615//86 2616//86
f 497//87 2616//87 499//87
f 499//87 2616//87 2617//87
f 499//88 2617//88 501//88
f 501//88 2617//88 2618//88
f 501//90 2618//90 503//90
f 503//90 2618//90 2619//90
f 503//91 2619//91 505//91
f 505//91 2619//91 2620//91
f 505//92 2620//92 687//92
f 687//92 2620//92 2621//92
f 687//93 2621//93 688//93
f 688//93 2621//93 2622//93
f 688//94 2622//94 689//94
f 689//94 2622//94 2623//94
f 689//95 2623//95 696//95
f 696//95 2623//95 2624//95
f 696//97 2624//97 698//97
f 698//96 2624//96 2625//96
f 698//98 2625//98 700//98
f 700//98 2625//98 2626//98
f 700//99 2626//99 702//99
f 702//99 2626//99 2627//99
f 702//101 2627//101 704//101
f 704//100 2627//100 2628//100
f 704//102 2628//102 706//102
f 706//102 2628//102 2629//102
f 706//104 2629//104 708//104
f 708//103 2629//103 2630//103
f 708//105 2630//105 710//105
f 710//105 2630//105 2631//105
f 710//106 2631//106 712//106
f 712//106 2631//106 2632//106
f 712//75 2632//75 714//75
f 714//75 2632//75 2633//75
f 714//107 2633//107 716//107
f 716//107 2633//107 2634//107
f 716//108 2634//108 718//108
f 718//108 2634//108 2635//108
f 718//110 2635//110 720//110
f 720//109 2635//109 2636//109
f 720//111 2636//111 722//111
f 722//111 2636//111 2637//111
f 722//113 2637//113 724//113
f 724//112 2637//112 2638//112
f 724//114 2638//114 726//114
f 726//114 2638//114 2639//114
f 726//115 2639//115 728//115
f 728//115 2639//115 2640//115
f 728//117 2640//117 730//117
f 730//116 2640//116 2641//116
f 730//118 2641//118 732//118
f 732//118 2641//118 2642//118
f 732//119 2642//119 734//119
f 734//119 2642//119 2643//119
f 734//120 2643//120 459//120
f 459//120 2643//120 2644//120
f 459//121 2644//121 461//121
f 461//121 2644//121 2645//121
f 461//122 2645//122 463//122
f 463//122 2645//122 2646//122
f 463//123 2646//123 465//123
f 465//123 2646//123 2647//123
f 465//125 2647//125 467//125
f 467//125 2647//125 2648//125
f 467//126 2648//126 469//126
f 469//126 2648//126 2649//126
f 469//127 2649//127 471//127
f 471//127 2649//127 2650//127
f 471//129 2650//129 473//129
f 473//129 2650//129 2651//129
f 473//137 2651//137 475//137
f 475//131 2651//131 2652//131
f 475//132 2652//132 477//132
f 477//132 2652//132 2653//132
f 477//134 2653//134 479//134
f 479//134 2653//134 2654//134
f 479//135 2654//135 481//135
f 481//135 2654//135 2608//135
f 740//76 2655//76 738//76
f 738//76 2655//76 2656//76
f 738//77 2656//77 736//77
f 736//77 2656//77 2657//77
f 736//78 2657//78 767//78
f 767//78 2657//78 2658//78
f 767//79 2658//79 769//79
f 769//79 2658//79 2659//79
f 769//81 2659//81 771//81
f 771//81 2659//81 2660//81
f 771//82 2660//82 773//82
f 773//82 2660//82 2661//82
f 773//84 2661//84 775//84
f 775//138 2661//138 2662//138
f 775//86 2662//86 777//86
f 777//86 2662//86 2663//86
f 777//87 2663//87 779//87
f 779//87 2663//87 2664//87
f 779//88 2664//88 781//88
f 781//88 2664//88 2665//88
f 781//90 2665//90 783//90
f 783//90 2665//90 2666//90
f 783//91 2666//91 785//91
f 785//91 2666//91 2667//91
f 785//92 2667//92 790//92
f 790//92 2667//92 2668//92
f 790//93 2668//93 791//93
f 791//93 2668//93 2669//93
f 791//94 2669//94 792//94
f 792//94 2669//94 2670//94
f 792//95 2670//95 799//95
f 799//95 2670//95 2671//95
f 799//96 2671//96 801//96
f 801//97 2671//97 2672//97
f 801//98 2672//98 803//98
f 803//98 2672//98 2673//98
f 803//99 2673//99 805//99
f 805//99 2673//99 2674//99
f 805//100 2674//100 807//100
f 807//100 2674//100 2675//100
f 807//102 2675//102 809//102
f 809//102 2675//102 2676//102
f 809//104 2676//104 811//104
f 811//104 2676//104 2677//104
f 811//105 2677//105 813//105
f 813//105 2677//105 2678//105
f 813//106 2678//106 815//106
f 815//106 2678//106 2679//106
f 815//75 2679//75 817//75
f 817//75 2679//75 2680//75
f 817//107 2680//107 819//107
f 819//107 2680//107 2681//107
f 819//108 2681//108 821//108
f 821//108 2681//108 2682//108
f 821//109 2682//109 823//109
f 823//109 2682//109 2683//109
f 823//111 2683//111 825//111
f 825//111 2683//111 2684//111
f 825//113 2684//113 827//113
f 827//113 2684//113 2685//113
f 827//114 2685//114 829//114
f 829//114 2685//114 2686//114
f 829//115 2686//115 831//115
f 831//115 2686//115 2687//115
f 831//116 2687//116 833//116
f 833//117 2687//117 2688//117
f 833//118 2688//118 835//118
f 835//118 2688//118 2689//118
f 835//119 2689//119 837//119
f 837//119 2689//119 2690//119
f 837//120 2690//120 762//120
f 762//120 2690//120 2691//120
f 762//121 2691//121 760//121
f 760//121 2691//121 2692//121
f 760//122 2692//122 758//122
f 758//122 2692//122 2693//122
f 758//123 2693//123 756//123
f 756//123 2693//123 2694//123
f 756//125 2694//125 754//125
f 754//125 2694//125 2695//125
f 754//126 2695//126 752//126
f 752//126 2695//126 2696//126
f 752//127 2696//127 750//127
f 750//127 2696//127 2697//127
f 750//139 2697//139 748//139
f 748//129 2697//129 2698//129
f 748//131 2698//131 746//131
f 746//131 2698//131 2699//131
f 746//132 2699//132 744//132
f 744//132 2699//132 2700//132
f 744//134 2700//134 742//134
f 742//134 2700//134 2701//134
f 742//135 2701//135 740//135
f 740//135 2701//135 2655//135
f 843//76 2702//76 841//76
f 841//76 2702//76 2703//76
f 841//77 2703//77 839//77
f 839//77 2703//77 2704//77
f 839//78 2704//78 866//78
f 866//78 2704//78 2705//78
f 866//79 2705//79 868//79
f 868//79 2705//79 2706//79
f 868//81 2706//81 870//81
f 870//81 2706//81 2707//81
f 870//136 2707//136 872//136
f 872//82 2707//82 2708//82
f 872//138 2708//138 874//138
f 874//84 2708//84 2709//84
f 874//85 2709//85 876//85
f 876//86 2709//86 2710//86
f 876//87 2710//87 878//87
f 878//87 2710//87 2711//87
f 878//88 2711//88 880//88
f 880//88 2711//88 2712//88
f 880//90 2712//90 882//90
f 882//90 2712//90 2713//90
f 882//91 2713//91 884//91
f 884//91 2713//91 2714//91
f 884//92 2714//92 889//92
f 889//92 2714//92 2715//92
f 889//93 2715//93 890//93
f 890//93 2715//93 2716//93
f 890//94 2716//94 891//94
f 891//94 2716//94 2717//94
f 891//95 2717//95 898//95
f 898//95 2717//95 2718//95
f 898//96 2718//96 900//96
f 900//96 2718//96 2719//96
f 900//98 2719//98 902//98
f 902//98 2719//98 2720//98
f 902//99 2720//99 904//99
f 904//99 2720//99 2721//99
f 904//101 2721//101 906//101
f 906//101 2721//101 2722//101
f 906//102 2722//102 908//102
f 908//102 2722//102 2723//102
f 908//103 2723//103 910//103
f 910//103 2723//103 2724//103
f 910//105 2724//105 912//105
f 912//105 2724//105 2725//105
f 912//106 2725//106 914//106
f 914//106 2725//106 2726//106
f 914//75 2726//75 916//75
f 916//75 2726//75 2727//75
f 916//107 2727//107 918//107
f 918//107 2727//107 2728//107
f 918//108 2728//108 920//108
f 920//108 2728//108 2729//108
f 920//110 2729//110 922//110
f 922//110 2729//110 2730//110
f 922//111 2730//111 924//111
f 924//111 2730//111 2731//111
f 924//112 2731//112 926//112
f 926//112 2731//112 2732//112
f 926//114 2732//114 928//114
f 928//114 2732//114 2733//114
f 928//115 2733//115 930//115
f 930//115 2733//115 2734//115
f 930//117 2734//117 932//117
f 932//117 2734//117 2735//117
f 932//118 2735//118 934//118
f 934//118 2735//118 2736//118
f 934//119 2736//119 936//119
f 936//119 2736//119 2737//119
f 936//120 2737//120 864//120
f 864//120 2737//120 2738//120
f 864//121 2738//121 863//121
f 863//121 2738//121 2739//121
f 863//122 2739//122 861//122
f 861//122 2739//122 2740//122
f 861//123 2740//123 859//123
f 859//123 2740//123 2741//123
f 859//125 2741//125 857//125
f 857//125 2741//125 2742//125
f 857//126 2742//126 855//126
f 855//126 2742//126 2743//126
f 855//127 2743//127 853//127
f 853//128 2743//128 2744//128
f 853//129 2744//129 851//129
f 851//139 2744//139 2745//139
f 851//131 2745//131 849//131
f 849//137 2745//137 2746//137
f 849//132 2746//132 847//132
f 847//132 2746//132 2747//132
f 847//134 2747//134 845//134
f 845//134 2747//134 2748//134
f 845//135 2748//135 843//135
f 843//135 2748//135 2702//135
f 942//76 2749//76 940//76
f 940//76 2749//76 2750//76
f 940//77 2750//77 938//77
f 938//77 2750//77 2751//77
f 938//78 2751//78 968//78
f 968//78 2751//78 2752//78
f 968//79 2752//79 970//79
f 970//79 2752//79 2753//79
f 970//81 2753//81 972//81
f 972//81 2753//81 2754//81
f 972//82 2754//82 974//82
f 974//82 2754//82 2755//82
f 974//138 2755//138 976//138
f 976//138 2755//138 2756//138
f 976//85 2756//85 978//85
f 978//85 2756//85 2757//85
f 978//87 2757//87 980//87
f 980//87 2757//87 2758//87
f 980//88 2758//88 982//88
f 982//88 2758//88 2759//88
f 982//90 2759//90 984//90
f 984//90 2759//90 2760//90
f 984//91 2760//91 986//91
f 986//91 2760//91 2761//91
f 986//92 2761//92 988//92
f 988//92 2761//92 2762//92
f 988//93 2762//93 990//93
f 990//93 2762//93 2763//93
f 990//94 2763//94 992//94
f 992//94 2763//94 2764//94
f 992//95 2764//95 994//95
f 994//95 2764//95 2765//95
f 994//96 2765//96 996//96
f 996//97 2765//97 2766//97
f 996//98 2766//98 998//98
f 998//98 2766//98 2767//98
f 998//99 2767//99 1000//99
f 1000//99 2767//99 2768//99
f 1000//101 2768//101 1002//101
f 1002//100 2768//100 2769//100
f 1002//102 2769//102 1004//102
f 1004//102 2769//102 2770//102
f 1004//104 2770//104 1006//104
f 1006//103 2770//103 2771//103
f 1006//105 2771//105 1008//105
f 1008//105 2771//105 2772//105
f 1008//106 2772//106 1010//106
f 1010//106 2772//106 2773//106
f 1010//75 2773//75 1012//75
f 1012//75 2773//75 2774//75
f 1012//107 2774//107 1014//107
f 1014//107 2774//107 2775//107
f 1014//108 2775//108 1016//108
f 1016//108 2775//108 2776//108
f 1016//110 2776//110 1018//110
f 1018//109 2776//109 2777//109
f 1018//111 2777//111 1020//111
f 1020//111 2777//111 2778//111
f 1020//113 2778//113 1022//113
f 1022//112 2778//112 2779//112
f 1022//114 2779//114 1024//114
f 1024//114 2779//114 2780//114
f 1024//115 2780//115 1026//115
f 1026//115 2780//115 2781//115
f 1026//116 2781//116 1028//116
f 1028//117 2781//117 2782//117
f 1028//118 2782//118 1030//118
f 1030//118 2782//118 2783//118
f 1030//119 2783//119 1032//119
f 1032//119 2783//119 2784//119
f 1032//120 2784//120 964//120
f 964//120 2784//120 2785//120
f 964//121 2785//121 962//121
f 962//121 2785//121 2786//121
f 962//122 2786//122 960//122
f 960//122 2786//122 2787//122
f 960//123 2787//123 958//123
f 958//123 2787//123 2788//123
f 958//125 2788//125 956//125
f 956//125 2788//125 2789//125
f 956//126 2789//126 954//126
f 954//126 2789//126 2790//126
f 954//128 2790//128 952//128
f 952//128 2790//128 2791//128
f 952//139 2791//139 950//139
f 950//139 2791//139 2792//139
f 950//131 2792//131 948//131
f 948//131 2792//131 2793//131
f 948//132 2793//132 946//132
f 946//132 2793//132 2794//132
f 946//134 2794//134 944//134
f 944//134 2794//134 2795//134
f 944//135 2795//135 942//135
f 942//135 2795//135 2749//135
f 428//140 2796//140 426//140
f 426//141 2796//141 2797//141
f 426//142 2797//142 424//142
f 424//143 2797//143 2798//143
f 424//78 2798//78 422//78
f 422//78 2798//78 2799//78
f 422//79 2799//79 420//79
f 420//79 2799//79 2800//79
f 420//81 2800//81 418//81
f 418//81 2800//81 2801//81
f 418//144 2801//144 416//144
f 416//82 2801//82 2802//82
f 416//138 2802//138 414//138
f 414//84 2802//84 2803//84
f 414//86 2803//86 412//86
f 412//86 2803//86 2804//86
f 412//87 2804//87 410//87
f 410//87 2804//87 2805//87
f 410//88 2805//88 408//88
f 408//88 2805//88 2806//88
f 408//90 2806//90 406//90
f 406//90 2806//90 2807//90
f 406//91 2807//91 404//91
f 404//91 2807//91 2808//91
f 404//92 2808//92 1038//92
f 1038//92 2808//92 2809//92
f 1038//93 2809//93 1091//93
f 1091//93 2809//93 2810//93
f 1091//94 2810//94 1093//94
f 1093//94 2810//94 2811//94
f 1093//95 2811//95 1095//95
f 1095//95 2811//95 2812//95
f 1095//97 2812//97 1097//97
f 1097//97 2812//97 2813//97
f 1097//98 2813//98 1099//98
f 1099//98 2813//98 2814//98
f 1099//99 2814//99 1101//99
f 1101//99 2814//99 2815//99
f 1101//101 2815//101 1103//101
f 1103//101 2815//101 2816//101
f 1103//102 2816//102 1105//102
f 1105//102 2816//102 2817//102
f 1105//145 2817//145 1107//145
f 1107//103 2817//103 2818//103
f 1107//105 2818//105 1109//105
f 1109//105 2818//105 2819//105
f 1109//106 2819//106 1111//106
f 1111//106 2819//106 2820//106
f 1111//75 2820//75 1113//75
f 1113//75 2820//75 2821//75
f 1113//107 2821//107 1115//107
f 1115//107 2821//107 2822//107
f 1115//108 2822//108 1117//108
f 1117//108 2822//108 2823//108
f 1117//110 2823//110 1119//110
f 1119//146 2823//146 2824//146
f 1119//111 2824//111 1121//111
f 1121//111 2824//111 2825//111
f 1121//112 2825//112 1123//112
f 1123//112 2825//112 2826//112
f 1123//114 2826//114 1125//114
f 1125//114 2826//114 2827//114
f 1125//115 2827//115 1127//115
f 1127//115 2827//115 2828//115
f 1127//116 2828//116 1129//116
f 1129//116 2828//116 2829//116
f 1129//118 2829//118 1131//118
f 1131//118 2829//118 2830//118
f 1131//119 2830//119 1133//119
f 1133//119 2830//119 2831//119
f 1133//120 2831//120 450//120
f 450//120 2831//120 2832//120
f 450//121 2832//121 448//121
f 448//121 2832//121 2833//121
f 448//122 2833//122 446//122
f 446//122 2833//122 2834//122
f 446//123 2834//123 444//123
f 444//123 2834//123 2835//123
f 444//125 2835//125 442//125
f 442//125 2835//125 2836//125
f 442//126 2836//126 440//126
f 440//126 2836//126 2837//126
f 440//127 2837//127 438//127
f 438//127 2837//127 2838//127
f 438//129 2838//129 436//129
f 436//139 2838//139 2839//139
f 436//131 2839//131 434//131
f 434//147 2839//147 2840//147
f 434//132 2840//132 432//132
f 432//132 2840//132 2841//132
f 432//134 2841//134 430//134
f 430//134 2841//134 2842//134
f 430//135 2842//135 428//135
f 428//135 2842//135 2796//135
f 1143//76 2843//76 1141//76
f 1141//76 2843//76 2844//76
f 1141//77 2844//77 1139//77
f 1139//77 2844//77 2845//77
f 1139//78 2845//78 1169//78
f 1169//148 2845//148 2846//148
f 1169//80 2846//80 1171//80
f 1171//79 2846//79 2847//79
f 1171//81 2847//81 1173//81
f 1173//81 2847//81 2848//81
f 1173//82 2848//82 1175//82
f 1175//82 2848//82 2849//82
f 1175//138 2849//138 1177//138
f 1177//138 2849//138 2850//138
f 1177//85 2850//85 1179//85
f 1179//86 2850//86 2851//86
f 1179//87 2851//87 1181//87
f 1181//87 2851//87 2852//87
f 1181//88 2852//88 1183//88
f 1183//88 2852//88 2853//88
f 1183//90 2853//90 1185//90
f 1185//90 2853//90 2854//90
f 1185//91 2854//91 1187//91
f 1187//91 2854//91 2855//91
f 1187//92 2855//92 1189//92
f 1189//92 2855//92 2856//92
f 1189//93 2856//93 1241//93
f 1241//93 2856//93 2857//93
f 1241//94 2857//94 1243//94
f 1243//94 2857//94 2858//94
f 1243//95 2858//95 1245//95
f 1245//95 2858//95 2859//95
f 1245//97 2859//97 1247//97
f 1247//96 2859//96 2860//96
f 1247//98 2860//98 1249//98
f 1249//98 2860//98 2861//98
f 1249//99 2861//99 1251//99
f 1251//99 2861//99 2862//99
f 1251//100 2862//100 1253//100
f 1253//100 2862//100 2863//100
f 1253//102 2863//102 1255//102
f 1255//102 2863//102 2864//102
f 1255//104 2864//104 1257//104
f 1257//104 2864//104 2865//104
f 1257//105 2865//105 1259//105
f 1259//105 2865//105 2866//105
f 1259//106 2866//106 1261//106
f 1261//106 2866//106 2867//106
f 1261//75 2867//75 1263//75
f 1263//75 2867//75 2868//75
f 1263//107 2868//107 1265//107
f 1265//107 2868//107 2869//107
f 1265//108 2869//108 1267//108
f 1267//108 2869//108 2870//108
f 1267//109 2870//109 1269//109
f 1269//109 2870//109 2871//109
f 1269//111 2871//111 1271//111
f 1271//111 2871//111 2872//111
f 1271//113 2872//113 1273//113
f 1273//113 2872//113 2873//113
f 1273//114 2873//114 1275//114
f 1275//114 2873//114 2874//114
f 1275//115 2874//115 1277//115
f 1277//115 2874//115 2875//115
f 1277//117 2875//117 1279//117
f 1279//116 2875//116 2876//116
f 1279//118 2876//118 1281//118
f 1281//118 2876//118 2877//118
f 1281//119 2877//119 1283//119
f 1283//119 2877//119 2878//119
f 1283//120 2878//120 1165//120
f 1165//120 2878//120 2879//120
f 1165//121 2879//121 1163//121
f 1163//121 2879//121 2880//121
f 1163//122 2880//122 1161//122
f 1161//122 2880//122 2881//122
f 1161//123 2881//123 1159//123
f 1159//123 2881//123 2882//123
f 1159//125 2882//125 1157//125
f 1157//125 2882//125 2883//125
f 1157//126 2883//126 1155//126
f 1155//126 2883//126 2884//126
f 1155//127 2884//127 1153//127
f 1153//128 2884//128 2885//128
f 1153//139 2885//139 1151//139
f 1151//139 2885//139 2886//139
f 1151//131 2886//131 1149//131
f 1149//131 2886//131 2887//131
f 1149//132 2887//132 1147//132
f 1147//132 2887//132 2888//132
f 1147//134 2888//134 1145//134
f 1145//133 2888//133 2889//133
f 1145//149 2889//149 1143//149
f 1143//135 2889//135 2843//135
f 1293//76 2890//76 1291//76
f 1291//76 2890//76 2891//76
f 1291//77 2891//77 1289//77
f 1289//77 2891//77 2892//77
f 1289//78 2892//78 1312//78
f 1312//78 2892//78 2893//78
f 1312//79 2893//79 1314//79
f 1314//79 2893//79 2894//79
f 1314//81 2894//81 1316//81
f 1316//81 2894//81 2895//81
f 1316//136 2895//136 1318//136
f 1318//136 2895//136 2896//136
f 1318//138 2896//138 1320//138
f 1320//138 2896//138 2897//138
f 1320//85 2897//85 1322//85
f 1322//85 2897//85 2898//85
f 1322//87 2898//87 1324//87
f 1324//87 2898//87 2899//87
f 1324//88 2899//88 1326//88
f 1326//88 2899//88 2900//88
f 1326//90 2900//90 1328//90
f 1328//90 2900//90 2901//90
f 1328//91 2901//91 1034//91
f 1034//91 2901//91 2902//91
f 1034//92 2902//92 1036//92
f 1036//92 2902//92 2903//92
f 1036//93 2903//93 1037//93
f 1037//93 2903//93 2904//93
f 1037//94 2904//94 536//94
f 536//94 2904//94 2905//94
f 536//95 2905//95 534//95
f 534//95 2905//95 2906//95
f 534//96 2906//96 533//96
f 533//96 2906//96 2907//96
f 533//98 2907//98 532//98
f 532//98 2907//98 2908//98
f 532//99 2908//99 531//99
f 531//99 2908//99 2909//99
f 531//100 2909//100 530//100
f 530//101 2909//101 2910//101
f 530//102 2910//102 529//102
f 529//102 2910//102 2911//102
f 529//103 2911//103 528//103
f 528//104 2911//104 2912//104
f 528//105 2912//105 527//105
f 527//105 2912//105 2913//105
f 527//106 2913//106 526//106
f 526//106 2913//106 2914//106
f 526//75 2914//75 525//75
f 525//75 2914//75 2915//75
f 525//107 2915//107 524//107
f 524//107 2915//107 2916//107
f 524//108 2916//108 523//108
f 523//108 2916//108 2917//108
f 523//109 2917//109 522//109
f 522//110 2917//110 2918//110
f 522//111 2918//111 521//111
f 521//111 2918//111 2919//111
f 521//112 2919//112 520//112
f 520//113 2919//113 2920//113
f 520//114 2920//114 519//114
f 519//114 2920//114 2921//114
f 519//115 2921//115 518//115
f 518//115 2921//115 2922//115
f 518//117 2922//117 516//117
f 516//117 2922//117 2923//117
f 516//118 2923//118 517//118
f 517//118 2923//118 2924//118
f 517//119 2924//119 1330//119
f 1330//119 2924//119 2925//119
f 1330//120 2925//120 1332//120
f 1332//120 2925//120 2926//120
f 1332//121 2926//121 341//121
f 341//121 2926//121 2927//121
f 341//122 2927//122 342//122
f 342//122 2927//122 2928//122
f 342//123 2928//123 1309//123
f 1309//123 2928//123 2929//123
f 1309//125 2929//125 1307//125
f 1307//125 2929//125 2930//125
f 1307//126 2930//126 1305//126
f 1305//126 2930//126 2931//126
f 1305//128 2931//128 1303//128
f 1303//128 2931//128 2932//128
f 1303//139 2932//139 1301//139
f 1301//139 2932//139 2933//139
f 1301//137 2933//137 1299//137
f 1299//137 2933//137 2934//137
f 1299//132 2934//132 1297//132
f 1297//132 2934//132 2935//132
f 1297//134 2935//134 1295//134
f 1295//134 2935//134 2936//134
f 1295//135 2936//135 1293//135
f 1293//135 2936//135 2890//135
f 1338//76 2937//76 1336//76
f 1336//76 2937//76 2938//76
f 1336//77 2938//77 1334//77
f 1334//77 2938//77 2939//77
f 1334//78 2939//78 1364//78
f 1364//78 2939//78 2940//78
f 1364//79 2940//79 1366//79
f 1366//79 2940//79 2941//79
f 1366//81 2941//81 1368//81
f 1368//81 2941//81 2942//81
f 1368//136 2942//136 1370//136
f 1370//82 2942//82 2943//82
f 1370//138 2943//138 1372//138
f 1372//84 2943//84 2944//84
f 1372//86 2944//86 1374//86
f 1374//85 2944//85 2945//85
f 1374//87 2945//87 1376//87
f 1376//87 2945//87 2946//87
f 1376//88 2946//88 1378//88
f 1378//88 2946//88 2947//88
f 1378//90 2947//90 1380//90
f 1380//90 2947//90 2948//90
f 1380//91 2948//91 1382//91
f 1382//91 2948//91 2949//91
f 1382//92 2949//92 1384//92
f 1384//92 2949//92 2950//92
f 1384//93 2950//93 1386//93
f 1386//93 2950//93 2951//93
f 1386//94 2951//94 1388//94
f 1388//94 2951//94 2952//94
f 1388//95 2952//95 1390//95
f 1390//95 2952//95 2953//95
f 1390//97 2953//97 1392//97
f 1392//96 2953//96 2954//96
f 1392//98 2954//98 1394//98
f 1394//98 2954//98 2955//98
f 1394//99 2955//99 1396//99
f 1396//99 2955//99 2956//99
f 1396//101 2956//101 1398//101
f 1398//100 2956//100 2957//100
f 1398//102 2957//102 1400//102
f 1400//102 2957//102 2958//102
f 1400//104 2958//104 1402//104
f 1402//104 2958//104 2959//104
f 1402//105 2959//105 1404//105
f 1404//105 2959//105 2960//105
f 1404//106 2960//106 1406//106
f 1406//106 2960//106 2961//106
f 1406//75 2961//75 1408//75
f 1408//75 2961//75 2962//75
f 1408//107 2962//107 1410//107
f 1410//107 2962//107 2963//107
f 1410//108 2963//108 1412//108
f 1412//108 2963//108 2964//108
f 1412//109 2964//109 1414//109
f 1414//109 2964//109 2965//109
f 1414//111 2965//111 1416//111
f 1416//111 2965//111 2966//111
f 1416//113 2966//113 1418//113
f 1418//112 2966//112 2967//112
f 1418//114 2967//114 1420//114
f 1420//114 2967//114 2968//114
f 1420//115 2968//115 1422//115
f 1422//115 2968//115 2969//115
f 1422//117 2969//117 1424//117
f 1424//116 2969//116 2970//116
f 1424//118 2970//118 1426//118
f 1426//118 2970//118 2971//118
f 1426//119 2971//119 1428//119
f 1428//119 2971//119 2972//119
f 1428//120 2972//120 1360//120
f 1360//120 2972//120 2973//120
f 1360//121 2973//121 1358//121
f 1358//121 2973//121 2974//121
f 1358//122 2974//122 1356//122
f 1356//122 2974//122 2975//122
f 1356//123 2975//123 1354//123
f 1354//123 2975//123 2976//123
f 1354//125 2976//125 1352//125
f 1352//125 2976//125 2977//125
f 1352//126 2977//126 1350//126
f 1350//126 2977//126 2978//126
f 1350//128 2978//128 1348//128
f 1348//127 2978//127 2979//127
f 1348//129 2979//129 1346//129
f 1346//139 2979//139 2980//139
f 1346//131 2980//131 1344//131
f 1344//137 2980//137 2981//137
f 1344//132 2981//132 1342//132
f 1342//132 2981//132 2982//132
f 1342//134 2982//134 1340//134
f 1340//134 2982//134 2983//134
f 1340//135 2983//135 1338//135
f 1338//135 2983//135 2937//135
f 1438//76 2984//76 1436//76
f 1436//76 2984//76 2985//76
f 1436//77 2985//77 1434//77
f 1434//77 2985//77 2986//77
f 1434//78 2986//78 1457//78
f 1457//78 2986//78 2987//78
f 1457//79 2987//79 1459//79
f 1459//79 2987//79 2988//79
f 1459//150 2988//150 1461//150
f 1461//81 2988//81 2989//81
f 1461//144 2989//144 1463//144
f 1463//82 2989//82 2990//82
f 1463//84 2990//84 1465//84
f 1465//138 2990//138 2991//138
f 1465//86 2991//86 1467//86
f 1467//86 2991//86 2992//86
f 1467//87 2992//87 1469//87
f 1469//87 2992//87 2993//87
f 1469//88 2993//88 1471//88
f 1471//88 2993//88 2994//88
f 1471//90 2994//90 1473//90
f 1473//90 2994//90 2995//90
f 1473//91 2995//91 1086//91
f 1086//91 2995//91 2996//91
f 1086//92 2996//92 1088//92
f 1088//92 2996//92 2997//92
f 1088//93 2997//93 1089//93
f 1089//93 2997//93 2998//93
f 1089//94 2998//94 1474//94
f 1474//94 2998//94 2999//94
f 1474//95 2999//95 1481//95
f 1481//95 2999//95 3000//95
f 1481//97 3000//97 1483//97
f 1483//96 3000//96 3001//96
f 1483//98 3001//98 1485//98
f 1485//98 3001//98 3002//98
f 1485//99 3002//99 1487//99
f 1487//99 3002//99 3003//99
f 1487//100 3003//100 1489//100
f 1489//101 3003//101 3004//101
f 1489//102 3004//102 1491//102
f 1491//102 3004//102 3005//102
f 1491//104 3005//104 1493//104
f 1493//104 3005//104 3006//104
f 1493//105 3006//105 1495//105
f 1495//105 3006//105 3007//105
f 1495//106 3007//106 1497//106
f 1497//106 3007//106 3008//106
f 1497//75 3008//75 1499//75
f 1499//75 3008//75 3009//75
f 1499//107 3009//107 1501//107
f 1501//107 3009//107 3010//107
f 1501//108 3010//108 1503//108
f 1503//108 3010//108 3011//108
f 1503//109 3011//109 1505//109
f 1505//109 3011//109 3012//109
f 1505//111 3012//111 1507//111
f 1507//111 3012//111 3013//111
f 1507//112 3013//112 1509//112
f 1509//113 3013//113 3014//113
f 1509//114 3014//114 1511//114
f 1511//114 3014//114 3015//114
f 1511//115 3015//115 1513//115
f 1513//115 3015//115 3016//115
f 1513//117 3016//117 1515//117
f 1515//116 3016//116 3017//116
f 1515//118 3017//118 1517//118
f 1517//118 3017//118 3018//118
f 1517//119 3018//119 1519//119
f 1519//119 3018//119 3019//119
f 1519//120 3019//120 1526//120
f 1526//120 3019//120 3020//120
f 1526//121 3020//121 643//121
f 643//121 3020//121 3021//121
f 643//122 3021//122 644//122
f 644//122 3021//122 3022//122
f 644//123 3022//123 1454//123
f 1454//123 3022//123 3023//123
f 1454//125 3023//125 1452//125
f 1452//125 3023//125 3024//125
f 1452//126 3024//126 1450//126
f 1450//126 3024//126 3025//126
f 1450//127 3025//127 1448//127
f 1448//127 3025//127 3026//127
f 1448//139 3026//139 1446//139
f 1446//129 3026//129 3027//129
f 1446//131 3027//131 1444//131
f 1444//147 3027//147 3028//147
f 1444//132 3028//132 1442//132
f 1442//151 3028//151 3029//151
f 1442//134 3029//134 1440//134
f 1440//134 3029//134 3030//134
f 1440//135 3030//135 1438//135
f 1438//135 3030//135 2984//135
f 1532//76 3031//76 1530//76
f 1530//76 3031//76 3032//76
f 1530//77 3032//77 1528//77
f 1528//77 3032//77 3033//77
f 1528//78 3033//78 1551//78
f 1551//78 3033//78 3034//78
f 1551//79 3034//79 1553//79
f 1553//79 3034//79 3035//79
f 1553//81 3035//81 1555//81
f 1555//81 3035//81 3036//81
f 1555//136 3036//136 1557//136
f 1557//82 3036//82 3037//82
f 1557//138 3037//138 1559//138
f 1559//84 3037//84 3038//84
f 1559//85 3038//85 1561//85
f 1561//86 3038//86 3039//86
f 1561//87 3039//87 1563//87
f 1563//87 3039//87 3040//87
f 1563//88 3040//88 1565//88
f 1565//88 3040//88 3041//88
f 1565//90 3041//90 1567//90
f 1567//90 3041//90 3042//90
f 1567//91 3042//91 1430//91
f 1430//91 3042//91 3043//91
f 1430//92 3043//92 1432//92
f 1432//92 3043//92 3044//92
f 1432//93 3044//93 1433//93
f 1433//93 3044//93 3045//93
f 1433//94 3045//94 1568//94
f 1568//94 3045//94 3046//94
f 1568//95 3046//95 1571//95
f 1571//95 3046//95 3047//95
f 1571//96 3047//96 1573//96
f 1573//96 3047//96 3048//96
f 1573//98 3048//98 1575//98
f 1575//98 3048//98 3049//98
f 1575//99 3049//99 1577//99
f 1577//99 3049//99 3050//99
f 1577//101 3050//101 1579//101
f 1579//101 3050//101 3051//101
f 1579//102 3051//102 1581//102
f 1581//102 3051//102 3052//102
f 1581//103 3052//103 1583//103
f 1583//103 3052//103 3053//103
f 1583//105 3053//105 1585//105
f 1585//105 3053//105 3054//105
f 1585//106 3054//106 1587//106
f 1587//106 3054//106 3055//106
f 1587//75 3055//75 1589//75
f 1589//75 3055//75 3056//75
f 1589//107 3056//107 1591//107
f 1591//107 3056//107 3057//107
f 1591//108 3057//108 1593//108
f 1593//108 3057//108 3058//108
f 1593//110 3058//110 1595//110
f 1595//110 3058//110 3059//110
f 1595//111 3059//111 1597//111
f 1597//111 3059//111 3060//111
f 1597//112 3060//112 1599//112
f 1599//112 3060//112 3061//112
f 1599//114 3061//114 1601//114
f 1601//114 3061//114 3062//114
f 1601//115 3062//115 1603//115
f 1603//115 3062//115 3063//115
f 1603//117 3063//117 1605//117
f 1605//117 3063//117 3064//117
f 1605//118 3064//118 1607//118
f 1607//118 3064//118 3065//118
f 1607//119 3065//119 894//119
f 894//119 3065//119 3066//119
f 894//120 3066//120 888//120
f 888//120 3066//120 3067//120
f 888//121 3067//121 886//121
f 886//121 3067//121 3068//121
f 886//122 3068//122 887//122
f 887//122 3068//122 3069//122
f 887//123 3069//123 1548//123
f 1548//123 3069//123 3070//123
f 1548//125 3070//125 1546//125
f 1546//125 3070//125 3071//125
f 1546//126 3071//126 1544//126
f 1544//126 3071//126 3072//126
f 1544//127 3072//127 1542//127
f 1542//128 3072//128 3073//128
f 1542//129 3073//129 1540//129
f 1540//139 3073//139 3074//139
f 1540//131 3074//131 1538//131
f 1538//137 3074//137 3075//137
f 1538//132 3075//132 1536//132
f 1536//132 3075//132 3076//132
f 1536//134 3076//134 1534//134
f 1534//134 3076//134 3077//134
f 1534//135 3077//135 1532//135
f 1532//135 3077//135 3031//135
f 1612//76 3078//76 1610//76
f 1610//76 3078//76 3079//76
f 1610//77 3079//77 1608//77
f 1608//77 3079//77 3080//77
f 1608//78 3080//78 1631//78
f 1631//78 3080//78 3081//78
f 1631//79 3081//79 1633//79
f 1633//79 3081//79 3082//79
f 1633//81 3082//81 1635//81
f 1635//81 3082//81 3083//81
f 1635//82 3083//82 1637//82
f 1637//136 3083//136 3084//136
f 1637//138 3084//138 1639//138
f 1639//84 3084//84 3085//84
f 1639//85 3085//85 1641//85
f 1641//85 3085//85 3086//85
f 1641//87 3086//87 1643//87
f 1643//87 3086//87 3087//87
f 1643//88 3087//88 1645//88
f 1645//88 3087//88 3088//88
f 1645//90 3088//90 1647//90
f 1647//90 3088//90 3089//90
f 1647//91 3089//91 1236//91
f 1236//91 3089//91 3090//91
f 1236//92 3090//92 1238//92
f 1238//92 3090//92 3091//92
f 1238//93 3091//93 1239//93
f 1239//93 3091//93 3092//93
f 1239//94 3092//94 1648//94
f 1648//94 3092//94 3093//94
f 1648//95 3093//95 1655//95
f 1655//95 3093//95 3094//95
f 1655//97 3094//97 1657//97
f 1657//96 3094//96 3095//96
f 1657//98 3095//98 1659//98
f 1659//98 3095//98 3096//98
f 1659//99 3096//99 1661//99
f 1661//99 3096//99 3097//99
f 1661//100 3097//100 1663//100
f 1663//100 3097//100 3098//100
f 1663//102 3098//102 1665//102
f 1665//102 3098//102 3099//102
f 1665//104 3099//104 1667//104
f 1667//104 3099//104 3100//104
f 1667//105 3100//105 1669//105
f 1669//105 3100//105 3101//105
f 1669//106 3101//106 1671//106
f 1671//106 3101//106 3102//106
f 1671//75 3102//75 1673//75
f 1673//75 3102//75 3103//75
f 1673//107 3103//107 1675//107
f 1675//107 3103//107 3104//107
f 1675//108 3104//108 1677//108
f 1677//108 3104//108 3105//108
f 1677//109 3105//109 1679//109
f 1679//109 3105//109 3106//109
f 1679//111 3106//111 1681//111
f 1681//111 3106//111 3107//111
f 1681//113 3107//113 1683//113
f 1683//113 3107//113 3108//113
f 1683//114 3108//114 1685//114
f 1685//114 3108//114 3109//114
f 1685//115 3109//115 1687//115
f 1687//115 3109//115 3110//115
f 1687//117 3110//117 1689//117
f 1689//116 3110//116 3111//116
f 1689//118 3111//118 1691//118
f 1691//118 3111//118 3112//118
f 1691//119 3112//119 1693//119
f 1693//119 3112//119 3113//119
f 1693//120 3113//120 1700//120
f 1700//120 3113//120 3114//120
f 1700//121 3114//121 693//121
f 693//121 3114//121 3115//121
f 693//122 3115//122 694//122
f 694//122 3115//122 3116//122
f 694//123 3116//123 1628//123
f 1628//123 3116//123 3117//123
f 1628//125 3117//125 1626//125
f 1626//125 3117//125 3118//125
f 1626//126 3118//126 1624//126
f 1624//126 3118//126 3119//126
f 1624//128 3119//128 1622//128
f 1622//128 3119//128 3120//128
f 1622//129 3120//129 1620//129
f 1620//139 3120//139 3121//139
f 1620//137 3121//137 1618//137
f 1618//131 3121//131 3122//131
f 1618//132 3122//132 1616//132
f 1616//132 3122//132 3123//132
f 1616//134 3123//134 1614//134
f 1614//134 3123//134 3124//134
f 1614//135 3124//135 1612//135
f 1612//135 3124//135 3078//135
f 376//76 3125//76 374//76
f 374//76 3125//76 3126//76
f 374//77 3126//77 372//77
f 372//77 3126//77 3127//77
f 372//78 3127//78 370//78
f 370//78 3127//78 3128//78
f 370//79 3128//79 368//79
f 368//79 3128//79 3129//79
f 368//81 3129//81 366//81
f 366//81 3129//81 3130//81
f 366//136 3130//136 364//136
f 364//82 3130//82 3131//82
f 364//138 3131//138 362//138
f 362//84 3131//84 3132//84
f 362//86 3132//86 360//86
f 360//85 3132//85 3133//85
f 360//87 3133//87 358//87
f 358//87 3133//87 3134//87
f 358//88 3134//88 356//88
f 356//88 3134//88 3135//88
f 356//90 3135//90 354//90
f 354//90 3135//90 3136//90
f 354//91 3136//91 352//91
f 352//91 3136//91 3137//91
f 352//92 3137//92 351//92
f 351//92 3137//92 3138//92
f 351//93 3138//93 1702//93
f 1702//93 3138//93 3139//93
f 1702//94 3139//94 1706//94
f 1706//94 3139//94 3140//94
f 1706//95 3140//95 1708//95
f 1708//95 3140//95 3141//95
f 1708//97 3141//97 1710//97
f 1710//96 3141//96 3142//96
f 1710//98 3142//98 1712//98
f 1712//98 3142//98 3143//98
f 1712//99 3143//99 1714//99
f 1714//99 3143//99 3144//99
f 1714//100 3144//100 1716//100
f 1716//101 3144//101 3145//101
f 1716//102 3145//102 1718//102
f 1718//102 3145//102 3146//102
f 1718//104 3146//104 1720//104
f 1720//104 3146//104 3147//104
f 1720//105 3147//105 1722//105
f 1722//105 3147//105 3148//105
f 1722//106 3148//106 1724//106
f 1724//106 3148//106 3149//106
f 1724//75 3149//75 1726//75
f 1726//75 3149//75 3150//75
f 1726//107 3150//107 1728//107
f 1728//107 3150//107 3151//107
f 1728//108 3151//108 1730//108
f 1730//108 3151//108 3152//108
f 1730//109 3152//109 1732//109
f 1732//109 3152//109 3153//109
f 1732//111 3153//111 1734//111
f 1734//111 3153//111 3154//111
f 1734//112 3154//112 1736//112
f 1736//113 3154//113 3155//113
f 1736//114 3155//114 1738//114
f 1738//114 3155//114 3156//114
f 1738//115 3156//115 1740//115
f 1740//115 3156//115 3157//115
f 1740//117 3157//117 1742//117
f 1742//116 3157//116 3158//116
f 1742//118 3158//118 1744//118
f 1744//118 3158//118 3159//118
f 1744//119 3159//119 1746//119
f 1746//119 3159//119 3160//119
f 1746//120 3160//120 398//120
f 398//120 3160//120 3161//120
f 398//121 3161//121 396//121
f 396//121 3161//121 3162//121
f 396//122 3162//122 394//122
f 394//122 3162//122 3163//122
f 394//123 3163//123 392//123
f 392//123 3163//123 3164//123
f 392//125 3164//125 390//125
f 390//125 3164//125 3165//125
f 390//126 3165//126 388//126
f 388//126 3165//126 3166//126
f 388//128 3166//128 386//128
f 386//127 3166//127 3167//127
f 386//129 3167//129 384//129
f 384//139 3167//139 3168//139
f 384//131 3168//131 382//131
f 382//137 3168//137 3169//137
f 382//132 3169//132 380//132
f 380//132 3169//132 3170//132
f 380//134 3170//134 378//134
f 378//134 3170//134 3171//134
f 378//135 3171//135 376//135
f 376//135 3171//135 3125//135
f 1409//76 3172//76 1407//76
f 1407//76 3172//76 3173//76
f 1407//77 3173//77 1405//77
f 1405//77 3173//77 3174//77
f 1405//78 3174//78 1403//78
f 1403//78 3174//78 3175//78
f 1403//79 3175//79 1401//79
f 1401//79 3175//79 3176//79
f 1401//81 3176//81 1399//81
f 1399//81 3176//81 3177//81
f 1399//136 3177//136 1397//136
f 1397//82 3177//82 3178//82
f 1397//138 3178//138 1395//138
f 1395//84 3178//84 3179//84
f 1395//85 3179//85 1393//85
f 1393//86 3179//86 3180//86
f 1393//87 3180//87 1391//87
f 1391//87 3180//87 3181//87
f 1391//88 3181//88 1389//88
f 1389//88 3181//88 3182//88
f 1389//90 3182//90 1387//90
f 1387//90 3182//90 3183//90
f 1387//91 3183//91 1385//91
f 1385//91 3183//91 3184//91
f 1385//92 3184//92 987//92
f 987//92 3184//92 3185//92
f 987//93 3185//93 985//93
f 985//93 3185//93 3186//93
f 985//94 3186//94 983//94
f 983//94 3186//94 3187//94
f 983//95 3187//95 981//95
f 981//95 3187//95 3188//95
f 981//96 3188//96 979//96
f 979//96 3188//96 3189//96
f 979//98 3189//98 977//98
f 977//98 3189//98 3190//98
f 977//99 3190//99 975//99
f 975//99 3190//99 3191//99
f 975//101 3191//101 973//101
f 973//101 3191//101 3192//101
f 973//102 3192//102 971//102
f 971//102 3192//102 3193//102
f 971//103 3193//103 969//103
f 969//103 3193//103 3194//103
f 969//105 3194//105 967//105
f 967//105 3194//105 3195//105
f 967//106 3195//106 939//106
f 939//106 3195//106 3196//106
f 939//75 3196//75 941//75
f 941//75 3196//75 3197//75
f 941//107 3197//107 943//107
f 943//107 3197//107 3198//107
f 943//108 3198//108 945//108
f 945//108 3198//108 3199//108
f 945//110 3199//110 947//110
f 947//110 3199//110 3200//110
f 947//111 3200//111 949//111
f 949//111 3200//111 3201//111
f 949//112 3201//112 951//112
f 951//112 3201//112 3202//112
f 951//114 3202//114 953//114
f 953//114 3202//114 3203//114
f 953//115 3203//115 955//115
f 955//115 3203//115 3204//115
f 955//117 3204//117 957//117
f 957//117 3204//117 3205//117
f 957//118 3205//118 959//118
f 959//118 3205//118 3206//118
f 959//119 3206//119 961//119
f 961//119 3206//119 3207//119
f 961//120 3207//120 1431//120
f 1431//120 3207//120 3208//120
f 1431//121 3208//121 1429//121
f 1429//121 3208//121 3209//121
f 1429//122 3209//122 1427//122
f 1427//122 3209//122 3210//122
f 1427//123 3210//123 1425//123
f 1425//123 3210//123 3211//123
f 1425//125 3211//125 1423//125
f 1423//125 3211//125 3212//125
f 1423//126 3212//126 1421//126
f 1421//126 3212//126 3213//126
f 1421//127 3213//127 1419//127
f 1419//128 3213//128 3214//128
f 1419//129 3214//129 1417//129
f 1417//139 3214//139 3215//139
f 1417//131 3215//131 1415//131
f 1415//137 3215//137 3216//137
f 1415//132 3216//132 1413//132
f 1413//132 3216//132 3217//132
f 1413//134 3217//134 1411//134
f 1411//134 3217//134 3218//134
f 1411//135 3218//135 1409//135
f 1409//135 3218//135 3172//135
f 1756//76 3219//76 1754//76
f 1754//76 3219//76 3220//76
f 1754//77 3220//77 1752//77
f 1752//77 3220//77 3221//77
f 1752//78 3221//78 1775//78
f 1775//78 3221//78 3222//78
f 1775//79 3222//79 1777//79
f 1777//79 3222//79 3223//79
f 1777//81 3223//81 1779//81
f 1779//81 3223//81 3224//81
f 1779//82 3224//82 1781//82
f 1781//82 3224//82 3225//82
f 1781//84 3225//84 1783//84
f 1783//138 3225//138 3226//138
f 1783//86 3226//86 1785//86
f 1785//86 3226//86 3227//86
f 1785//87 3227//87 1787//87
f 1787//87 3227//87 3228//87
f 1787//88 3228//88 1789//88
f 1789//88 3228//88 3229//88
f 1789//90 3229//90 1791//90
f 1791//90 3229//90 3230//90
f 1791//91 3230//91 1748//91
f 1748//91 3230//91 3231//91
f 1748//92 3231//92 1750//92
f 1750//92 3231//92 3232//92
f 1750//93 3232//93 1751//93
f 1751//93 3232//93 3233//93
f 1751//94 3233//94 1792//94
f 1792//94 3233//94 3234//94
f 1792//95 3234//95 1799//95
f 1799//95 3234//95 3235//95
f 1799//96 3235//96 1801//96
f 1801//97 3235//97 3236//97
f 1801//98 3236//98 1803//98
f 1803//98 3236//98 3237//98
f 1803//99 3237//99 1805//99
f 1805//99 3237//99 3238//99
f 1805//100 3238//100 1807//100
f 1807//100 3238//100 3239//100
f 1807//102 3239//102 1809//102
f 1809//102 3239//102 3240//102
f 1809//104 3240//104 1811//104
f 1811//104 3240//104 3241//104
f 1811//105 3241//105 1813//105
f 1813//105 3241//105 3242//105
f 1813//106 3242//106 1815//106
f 1815//106 3242//106 3243//106
f 1815//75 3243//75 1817//75
f 1817//75 3243//75 3244//75
f 1817//107 3244//107 1819//107
f 1819//107 3244//107 3245//107
f 1819//108 3245//108 1821//108
f 1821//108 3245//108 3246//108
f 1821//109 3246//109 1823//109
f 1823//109 3246//109 3247//109
f 1823//111 3247//111 1825//111
f 1825//111 3247//111 3248//111
f 1825//113 3248//113 1827//113
f 1827//113 3248//113 3249//113
f 1827//114 3249//114 1829//114
f 1829//114 3249//114 3250//114
f 1829//115 3250//115 1831//115
f 1831//115 3250//115 3251//115
f 1831//116 3251//116 1833//116
f 1833//117 3251//117 3252//117
f 1833//118 3252//118 1835//118
f 1835//118 3252//118 3253//118
f 1835//119 3253//119 795//119
f 795//119 3253//119 3254//119
f 795//120 3254//120 789//120
f 789//120 3254//120 3255//120
f 789//121 3255//121 787//121
f 787//121 3255//121 3256//121
f 787//122 3256//122 788//122
f 788//122 3256//122 3257//122
f 788//123 3257//123 1772//123
f 1772//123 3257//123 3258//123
f 1772//125 3258//125 1770//125
f 1770//125 3258//125 3259//125
f 1770//126 3259//126 1768//126
f 1768//126 3259//126 3260//126
f 1768//127 3260//127 1766//127
f 1766//127 3260//127 3261//127
f 1766//139 3261//139 1764//139
f 1764//129 3261//129 3262//129
f 1764//131 3262//131 1762//131
f 1762//131 3262//131 3263//131
f 1762//132 3263//132 1760//132
f 1760//132 3263//132 3264//132
f 1760//134 3264//134 1758//134
f 1758//134 3264//134 3265//134
f 1758//135 3265//135 1756//135
f 1756//135 3265//135 3219//135
f 1840//76 3266//76 1838//76
f 1838//76 3266//76 3267//76
f 1838//77 3267//77 1836//77
f 1836//77 3267//77 3268//77
f 1836//78 3268//78 1865//78
f 1865//78 3268//78 3269//78
f 1865//79 3269//79 1867//79
f 1867//79 3269//79 3270//79
f 1867//81 3270//81 1869//81
f 1869//81 3270//81 3271//81
f 1869//136 3271//136 1871//136
f 1871//82 3271//82 3272//82
f 1871//138 3272//138 1873//138
f 1873//84 3272//84 3273//84
f 1873//86 3273//86 1875//86
f 1875//85 3273//85 3274//85
f 1875//87 3274//87 1877//87
f 1877//87 3274//87 3275//87
f 1877//88 3275//88 1879//88
f 1879//88 3275//88 3276//88
f 1879//90 3276//90 1881//90
f 1881//90 3276//90 3277//90
f 1881//91 3277//91 397//91
f 397//91 3277//91 3278//91
f 397//92 3278//92 399//92
f 399//92 3278//92 3279//92
f 399//93 3279//93 400//93
f 400//93 3279//93 3280//93
f 400//94 3280//94 1790//94
f 1790//94 3280//94 3281//94
f 1790//95 3281//95 1788//95
f 1788//95 3281//95 3282//95
f 1788//97 3282//97 1786//97
f 1786//96 3282//96 3283//96
f 1786//98 3283//98 1784//98
f 1784//98 3283//98 3284//98
f 1784//99 3284//99 1782//99
f 1782//99 3284//99 3285//99
f 1782//100 3285//100 1780//100
f 1780//101 3285//101 3286//101
f 1780//102 3286//102 1778//102
f 1778//102 3286//102 3287//102
f 1778//104 3287//104 1776//104
f 1776//104 3287//104 3288//104
f 1776//105 3288//105 1774//105
f 1774//105 3288//105 3289//105
f 1774//106 3289//106 1753//106
f 1753//106 3289//106 3290//106
f 1753//75 3290//75 1755//75
f 1755//75 3290//75 3291//75
f 1755//107 3291//107 1757//107
f 1757//107 3291//107 3292//107
f 1757//108 3292//108 1759//108
f 1759//108 3292//108 3293//108
f 1759//109 3293//109 1761//109
f 1761//109 3293//109 3294//109
f 1761//111 3294//111 1763//111
f 1763//111 3294//111 3295//111
f 1763//112 3295//112 1765//112
f 1765//113 3295//113 3296//113
f 1765//114 3296//114 1767//114
f 1767//114 3296//114 3297//114
f 1767//115 3297//115 1769//115
f 1769//115 3297//115 3298//115
f 1769//117 3298//117 1771//117
f 1771//116 3298//116 3299//116
f 1771//118 3299//118 1773//118
f 1773//118 3299//118 3300//118
f 1773//119 3300//119 786//119
f 786//119 3300//119 3301//119
f 786//120 3301//120 1862//120
f 1862//120 3301//120 3302//120
f 1862//121 3302//121 1860//121
f 1860//121 3302//121 3303//121
f 1860//122 3303//122 1858//122
f 1858//122 3303//122 3304//122
f 1858//123 3304//123 1856//123
f 1856//123 3304//123 3305//123
f 1856//125 3305//125 1854//125
f 1854//125 3305//125 3306//125
f 1854//126 3306//126 1852//126
f 1852//126 3306//126 3307//126
f 1852//128 3307//128 1850//128
f 1850//127 3307//127 3308//127
f 1850//129 3308//129 1848//129
f 1848//139 3308//139 3309//139
f 1848//131 3309//131 1846//131
f 1846//137 3309//137 3310//137
f 1846//132 3310//132 1844//132
f 1844//132 3310//132 3311//132
f 1844//134 3311//134 1842//134
f 1842//134 3311//134 3312//134
f 1842//135 3312//135 1840//135
f 1840//135 3312//135 3266//135
f 1887//76 3313//76 1885//76
f 1885//76 3313//76 3314//76
f 1885//77 3314//77 1883//77
f 1883//77 3314//77 3315//77
f 1883//78 3315//78 1906//78
f 1906//78 3315//78 3316//78
f 1906//79 3316//79 1908//79
f 1908//80 3316//80 3317//80
f 1908//81 3317//81 1910//81
f 1910//81 3317//81 3318//81
f 1910//136 3318//136 1912//136
f 1912//136 3318//136 3319//136
f 1912//84 3319//84 1914//84
f 1914//138 3319//138 3320//138
f 1914//86 3320//86 1916//86
f 1916//86 3320//86 3321//86
f 1916//87 3321//87 1918//87
f 1918//87 3321//87 3322//87
f 1918//88 3322//88 1920//88
f 1920//88 3322//88 3323//88
f 1920//90 3323//90 1922//90
f 1922//90 3323//90 3324//90
f 1922//91 3324//91 1924//91
f 1924//91 3324//91 3325//91
f 1924//92 3325//92 1383//92
f 1383//92 3325//92 3326//92
f 1383//93 3326//93 1381//93
f 1381//93 3326//93 3327//93
f 1381//94 3327//94 1379//94
f 1379//94 3327//94 3328//94
f 1379//95 3328//95 1377//95
f 1377//95 3328//95 3329//95
f 1377//97 3329//97 1375//97
f 1375//96 3329//96 3330//96
f 1375//98 3330//98 1373//98
f 1373//98 3330//98 3331//98
f 1373//99 3331//99 1371//99
f 1371//99 3331//99 3332//99
f 1371//101 3332//101 1369//101
f 1369//100 3332//100 3333//100
f 1369//102 3333//102 1367//102
f 1367//102 3333//102 3334//102
f 1367//103 3334//103 1365//103
f 1365//104 3334//104 3335//104
f 1365//105 3335//105 1363//105
f 1363//105 3335//105 3336//105
f 1363//106 3336//106 1335//106
f 1335//106 3336//106 3337//106
f 1335//75 3337//75 1337//75
f 1337//75 3337//75 3338//75
f 1337//107 3338//107 1339//107
f 1339//107 3338//107 3339//107
f 1339//108 3339//108 1341//108
f 1341//108 3339//108 3340//108
f 1341//109 3340//109 1343//109
f 1343//110 3340//110 3341//110
f 1343//111 3341//111 1345//111
f 1345//111 3341//111 3342//111
f 1345//113 3342//113 1347//113
f 1347//112 3342//112 3343//112
f 1347//114 3343//114 1349//114
f 1349//114 3343//114 3344//114
f 1349//115 3344//115 1351//115
f 1351//115 3344//115 3345//115
f 1351//117 3345//117 1353//117
f 1353//116 3345//116 3346//116
f 1353//118 3346//118 1355//118
f 1355//118 3346//118 3347//118
f 1355//119 3347//119 1357//119
f 1357//119 3347//119 3348//119
f 1357//120 3348//120 1926//120
f 1926//120 3348//120 3349//120
f 1926//121 3349//121 1796//121
f 1796//121 3349//121 3350//121
f 1796//122 3350//122 1797//122
f 1797//122 3350//122 3351//122
f 1797//123 3351//123 1903//123
f 1903//123 3351//123 3352//123
f 1903//125 3352//125 1901//125
f 1901//125 3352//125 3353//125
f 1901//126 3353//126 1899//126
f 1899//126 3353//126 3354//126
f 1899//127 3354//127 1897//127
f 1897//127 3354//127 3355//127
f 1897//139 3355//139 1895//139
f 1895//129 3355//129 3356//129
f 1895//137 3356//137 1893//137
f 1893//137 3356//137 3357//137
f 1893//132 3357//132 1891//132
f 1891//132 3357//132 3358//132
f 1891//133 3358//133 1889//133
f 1889//134 3358//134 3359//134
f 1889//135 3359//135 1887//135
f 1887//135 3359//135 3313//135
f 1928//76 3360//76 1929//76
f 1929//76 3360//76 3361//76
f 1929//77 3361//77 1930//77
f 1930//77 3361//77 3362//77
f 1930//78 3362//78 1931//78
f 1931//78 3362//78 3363//78
f 1931//80 3363//80 1932//80
f 1932//79 3363//79 3364//79
f 1932//81 3364//81 1933//81
f 1933//81 3364//81 3365//81
f 1933//82 3365//82 1934//82
f 1934//82 3365//82 3366//82
f 1934//84 3366//84 1935//84
f 1935//84 3366//84 3367//84
f 1935//86 3367//86 1936//86
f 1936//152 3367//152 3368//152
f 1936//87 3368//87 1937//87
f 1937//87 3368//87 3369//87
f 1937//89 3369//89 1938//89
f 1938//89 3369//89 3370//89
f 1938//90 3370//90 1939//90
f 1939//90 3370//90 3371//90
f 1939//91 3371//91 402//91
f 402//91 3371//91 3372//91
f 402//92 3372//92 403//92
f 403//92 3372//92 3373//92
f 403//93 3373//93 405//93
f 405//93 3373//93 3374//93
f 405//94 3374//94 407//94
f 407//94 3374//94 3375//94
f 407//95 3375//95 409//95
f 409//95 3375//95 3376//95
f 409//97 3376//97 411//97
f 411//97 3376//97 3377//97
f 411//98 3377//98 413//98
f 413//98 3377//98 3378//98
f 413//99 3378//99 415//99
f 415//99 3378//99 3379//99
f 415//101 3379//101 417//101
f 417//101 3379//101 3380//101
f 417//102 3380//102 419//102
f 419//102 3380//102 3381//102
f 419//103 3381//103 421//103
f 421//104 3381//104 3382//104
f 421//105 3382//105 423//105
f 423//105 3382//105 3383//105
f 423//106 3383//106 425//106
f 425//106 3383//106 3384//106
f 425//75 3384//75 427//75
f 427//75 3384//75 3385//75
f 427//107 3385//107 429//107
f 429//107 3385//107 3386//107
f 429//108 3386//108 431//108
f 431//108 3386//108 3387//108
f 431//109 3387//109 433//109
f 433//110 3387//110 3388//110
f 433//111 3388//111 435//111
f 435//111 3388//111 3389//111
f 435//112 3389//112 437//112
f 437//112 3389//112 3390//112
f 437//114 3390//114 439//114
f 439//114 3390//114 3391//114
f 439//115 3391//115 441//115
f 441//115 3391//115 3392//115
f 441//116 3392//116 443//116
f 443//116 3392//116 3393//116
f 443//118 3393//118 445//118
f 445//118 3393//118 3394//118
f 445//119 3394//119 447//119
f 447//119 3394//119 3395//119
f 447//120 3395//120 1941//120
f 1941//120 3395//120 3396//120
f 1941//121 3396//121 1944//121
f 1944//121 3396//121 3397//121
f 1944//122 3397//122 1946//122
f 1946//122 3397//122 3398//122
f 1946//123 3398//123 1947//123
f 1947//123 3398//123 3399//123
f 1947//124 3399//124 573//124
f 573//124 3399//124 3400//124
f 573//126 3400//126 572//126
f 572//126 3400//126 3401//126
f 572//153 3401//153 571//153
f 571//127 3401//127 3402//127
f 571//129 3402//129 570//129
f 570//129 3402//129 3403//129
f 570//131 3403//131 569//131
f 569//131 3403//131 3404//131
f 569//132 3404//132 568//132
f 568//132 3404//132 3405//132
f 568//134 3405//134 1948//134
f 1948//133 3405//133 3406//133
f 1948//135 3406//135 1928//135
f 1928//135 3406//135 3360//135
f 1065//76 3407//76 1063//76
f 1063//76 3407//76 3408//76
f 1063//77 3408//77 1061//77
f 1061//77 3408//77 3409//77
f 1061//78 3409//78 1059//78
f 1059//78 3409//78 3410//78
f 1059//79 3410//79 1057//79
f 1057//79 3410//79 3411//79
f 1057//150 3411//150 1055//150
f 1055//81 3411//81 3412//81
f 1055//144 3412//144 1053//144
f 1053//82 3412//82 3413//82
f 1053//84 3413//84 1051//84
f 1051//138 3413//138 3414//138
f 1051//86 3414//86 1049//86
f 1049//86 3414//86 3415//86
f 1049//87 3415//87 1047//87
f 1047//87 3415//87 3416//87
f 1047//88 3416//88 1045//88
f 1045//88 3416//88 3417//88
f 1045//90 3417//90 1043//90
f 1043//90 3417//90 3418//90
f 1043//91 3418//91 1041//91
f 1041//91 3418//91 3419//91
f 1041//92 3419//92 1040//92
f 1040//92 3419//92 3420//92
f 1040//93 3420//93 1949//93
f 1949//93 3420//93 3421//93
f 1949//94 3421//94 1952//94
f 1952//94 3421//94 3422//94
f 1952//95 3422//95 1954//95
f 1954//95 3422//95 3423//95
f 1954//97 3423//97 1956//97
f 1956//96 3423//96 3424//96
f 1956//98 3424//98 1958//98
f 1958//98 3424//98 3425//98
f 1958//99 3425//99 1960//99
f 1960//99 3425//99 3426//99
f 1960//100 3426//100 1962//100
f 1962//101 3426//101 3427//101
f 1962//102 3427//102 1964//102
f 1964//102 3427//102 3428//102
f 1964//104 3428//104 1966//104
f 1966//104 3428//104 3429//104
f 1966//105 3429//105 1968//105
f 1968//105 3429//105 3430//105
f 1968//106 3430//106 1970//106
f 1970//106 3430//106 3431//106
f 1970//75 3431//75 1972//75
f 1972//75 3431//75 3432//75
f 1972//107 3432//107 1974//107
f 1974//107 3432//107 3433//107
f 1974//108 3433//108 1976//108
f 1976//108 3433//108 3434//108
f 1976//109 3434//109 1978//109
f 1978//109 3434//109 3435//109
f 1978//111 3435//111 1980//111
f 1980//111 3435//111 3436//111
f 1980//112 3436//112 1982//112
f 1982//113 3436//113 3437//113
f 1982//114 3437//114 1984//114
f 1984//114 3437//114 3438//114
f 1984//115 3438//115 1986//115
f 1986//115 3438//115 3439//115
f 1986//117 3439//117 1988//117
f 1988//116 3439//116 3440//116
f 1988//118 3440//118 1990//118
f 1990//118 3440//118 3441//118
f 1990//119 3441//119 1477//119
f 1477//119 3441//119 3442//119
f 1477//120 3442//120 1087//120
f 1087//120 3442//120 3443//120
f 1087//121 3443//121 1085//121
f 1085//121 3443//121 3444//121
f 1085//122 3444//122 1083//122
f 1083//122 3444//122 3445//122
f 1083//123 3445//123 1081//123
f 1081//123 3445//123 3446//123
f 1081//125 3446//125 1079//125
f 1079//125 3446//125 3447//125
f 1079//126 3447//126 1077//126
f 1077//126 3447//126 3448//126
f 1077//127 3448//127 1075//127
f 1075//127 3448//127 3449//127
f 1075//139 3449//139 1073//139
f 1073//129 3449//129 3450//129
f 1073//131 3450//131 1071//131
f 1071//147 3450//147 3451//147
f 1071//132 3451//132 1069//132
f 1069//151 3451//151 3452//151
f 1069//134 3452//134 1067//134
f 1067//134 3452//134 3453//134
f 1067//135 3453//135 1065//135
f 1065//135 3453//135 3407//135
f 1674//76 3454//76 1672//76
f 1672//76 3454//76 3455//76
f 1672//77 3455//77 1670//77
f 1670//77 3455//77 3456//77
f 1670//148 3456//148 1668//148
f 1668//78 3456//78 3457//78
f 1668//79 3457//79 1666//79
f 1666//79 3457//79 3458//79
f 1666//81 3458//81 1664//81
f 1664//81 3458//81 3459//81
f 1664//136 3459//136 1662//136
f 1662//82 3459//82 3460//82
f 1662//138 3460//138 1660//138
f 1660//84 3460//84 3461//84
f 1660//86 3461//86 1658//86
f 1658//85 3461//85 3462//85
f 1658//87 3462//87 1656//87
f 1656//87 3462//87 3463//87
f 1656//88 3463//88 1654//88
f 1654//88 3463//88 3464//88
f 1654//90 3464//90 1649//90
f 1649//90 3464//90 3465//90
f 1649//91 3465//91 1650//91
f 1650//91 3465//91 3466//91
f 1650//92 3466//92 1992//92
f 1992//92 3466//92 3467//92
f 1992//93 3467//93 1882//93
f 1882//93 3467//93 3468//93
f 1882//94 3468//94 1880//94
f 1880//94 3468//94 3469//94
f 1880//95 3469//95 1878//95
f 1878//95 3469//95 3470//95
f 1878//96 3470//96 1876//96
f 1876//97 3470//97 3471//97
f 1876//98 3471//98 1874//98
f 1874//98 3471//98 3472//98
f 1874//99 3472//99 1872//99
f 1872//99 3472//99 3473//99
f 1872//100 3473//100 1870//100
f 1870//100 3473//100 3474//100
f 1870//102 3474//102 1868//102
f 1868//102 3474//102 3475//102
f 1868//104 3475//104 1866//104
f 1866//104 3475//104 3476//104
f 1866//105 3476//105 1864//105
f 1864//105 3476//105 3477//105
f 1864//106 3477//106 1837//106
f 1837//106 3477//106 3478//106
f 1837//75 3478//75 1839//75
f 1839//75 3478//75 3479//75
f 1839//107 3479//107 1841//107
f 1841//107 3479//107 3480//107
f 1841//108 3480//108 1843//108
f 1843//108 3480//108 3481//108
f 1843//109 3481//109 1845//109
f 1845//109 3481//109 3482//109
f 1845//111 3482//111 1847//111
f 1847//111 3482//111 3483//111
f 1847//113 3483//113 1849//113
f 1849//113 3483//113 3484//113
f 1849//114 3484//114 1851//114
f 1851//114 3484//114 3485//114
f 1851//115 3485//115 1853//115
f 1853//115 3485//115 3486//115
f 1853//116 3486//116 1855//116
f 1855//117 3486//117 3487//117
f 1855//118 3487//118 1857//118
f 1857//118 3487//118 3488//118
f 1857//119 3488//119 1859//119
f 1859//119 3488//119 3489//119
f 1859//120 3489//120 1696//120
f 1696//120 3489//120 3490//120
f 1696//121 3490//121 1694//121
f 1694//121 3490//121 3491//121
f 1694//122 3491//122 1692//122
f 1692//122 3491//122 3492//122
f 1692//123 3492//123 1690//123
f 1690//123 3492//123 3493//123
f 1690//125 3493//125 1688//125
f 1688//125 3493//125 3494//125
f 1688//126 3494//126 1686//126
f 1686//126 3494//126 3495//126
f 1686//128 3495//128 1684//128
f 1684//127 3495//127 3496//127
f 1684//129 3496//129 1682//129
f 1682//139 3496//139 3497//139
f 1682//131 3497//131 1680//131
f 1680//137 3497//137 3498//137
f 1680//132 3498//132 1678//132
f 1678//132 3498//132 3499//132
f 1678//134 3499//134 1676//134
f 1676//134 3499//134 3500//134
f 1676//135 3500//135 1674//135
f 1674//149 3500//149 3454//149
f 1013//76 3501//76 1011//76
f 1011//76 3501//76 3502//76
f 1011//77 3502//77 1009//77
f 1009//77 3502//77 3503//77
f 1009//78 3503//78 1007//78
f 1007//78 3503//78 3504//78
f 1007//79 3504//79 1005//79
f 1005//79 3504//79 3505//79
f 1005//81 3505//81 1003//81
f 1003//81 3505//81 3506//81
f 1003//136 3506//136 1001//136
f 1001//136 3506//136 3507//136
f 1001//138 3507//138 999//138
f 999//138 3507//138 3508//138
f 999//85 3508//85 997//85
f 997//85 3508//85 3509//85
f 997//87 3509//87 995//87
f 995//87 3509//87 3510//87
f 995//88 3510//88 993//88
f 993//88 3510//88 3511//88
f 993//90 3511//90 991//90
f 991//90 3511//90 3512//90
f 991//91 3512//91 989//91
f 989//91 3512//91 3513//91
f 989//92 3513//92 345//92
f 345//92 3513//92 3514//92
f 345//93 3514//93 346//93
f 346//93 3514//93 3515//93
f 346//94 3515//94 347//94
f 347//94 3515//94 3516//94
f 347//95 3516//95 1993//95
f 1993//95 3516//95 3517//95
f 1993//96 3517//96 1994//96
f 1994//97 3517//97 3518//97
f 1994//98 3518//98 1995//98
f 1995//98 3518//98 3519//98
f 1995//99 3519//99 1996//99
f 1996//99 3519//99 3520//99
f 1996//100 3520//100 1997//100
f 1997//101 3520//101 3521//101
f 1997//102 3521//102 1998//102
f 1998//102 3521//102 3522//102
f 1998//103 3522//103 1999//103
f 1999//104 3522//104 3523//104
f 1999//105 3523//105 2000//105
f 2000//105 3523//105 3524//105
f 2000//106 3524//106 2001//106
f 2001//106 3524//106 3525//106
f 2001//75 3525//75 2002//75
f 2002//75 3525//75 3526//75
f 2002//107 3526//107 2003//107
f 2003//107 3526//107 3527//107
f 2003//108 3527//108 542//108
f 542//108 3527//108 3528//108
f 542//109 3528//109 543//109
f 543//110 3528//110 3529//110
f 543//111 3529//111 2004//111
f 2004//111 3529//111 3530//111
f 2004//112 3530//112 539//112
f 539//113 3530//113 3531//113
f 539//114 3531//114 540//114
f 540//114 3531//114 3532//114
f 540//115 3532//115 541//115
f 541//115 3532//115 3533//115
f 541//116 3533//116 535//116
f 535//117 3533//117 3534//117
f 535//118 3534//118 537//118
f 537//118 3534//118 3535//118
f 537//119 3535//119 538//119
f 538//119 3535//119 3536//119
f 538//120 3536//120 1035//120
f 1035//120 3536//120 3537//120
f 1035//121 3537//121 1033//121
f 1033//121 3537//121 3538//121
f 1033//122 3538//122 1031//122
f 1031//122 3538//122 3539//122
f 1031//123 3539//123 1029//123
f 1029//123 3539//123 3540//123
f 1029//125 3540//125 1027//125
f 1027//125 3540//125 3541//125
f 1027//126 3541//126 1025//126
f 1025//126 3541//126 3542//126
f 1025//128 3542//128 1023//128
f 1023//128 3542//128 3543//128
f 1023//139 3543//139 1021//139
f 1021//139 3543//139 3544//139
f 1021//137 3544//137 1019//137
f 1019//137 3544//137 3545//137
f 1019//132 3545//132 1017//132
f 1017//132 3545//132 3546//132
f 1017//134 3546//134 1015//134
f 1015//134 3546//134 3547//134
f 1015//135 3547//135 1013//135
f 1013//135 3547//135 3501//135
f 2009//76 3548//76 2007//76
f 2007//76 3548//76 3549//76
f 2007//77 3549//77 2005//77
f 2005//77 3549//77 3550//77
f 2005//78 3550//78 2032//78
f 2032//78 3550//78 3551//78
f 2032//79 3551//79 2034//79
f 2034//79 3551//79 3552//79
f 2034//81 3552//81 2036//81
f 2036//81 3552//81 3553//81
f 2036//136 3553//136 2038//136
f 2038//82 3553//82 3554//82
f 2038//138 3554//138 2040//138
f 2040//84 3554//84 3555//84
f 2040//86 3555//86 2042//86
f 2042//85 3555//85 3556//85
f 2042//87 3556//87 2044//87
f 2044//87 3556//87 3557//87
f 2044//88 3557//88 2046//88
f 2046//88 3557//88 3558//88
f 2046//90 3558//90 2048//90
f 2048//90 3558//90 3559//90
f 2048//91 3559//91 1861//91
f 1861//91 3559//91 3560//91
f 1861//92 3560//92 1863//92
f 1863//92 3560//92 3561//92
f 1863//93 3561//93 784//93
f 784//93 3561//93 3562//93
f 784//94 3562//94 782//94
f 782//94 3562//94 3563//94
f 782//95 3563//95 780//95
f 780//95 3563//95 3564//95
f 780//97 3564//97 778//97
f 778//96 3564//96 3565//96
f 778//98 3565//98 776//98
f 776//98 3565//98 3566//98
f 776//99 3566//99 774//99
f 774//99 3566//99 3567//99
f 774//100 3567//100 772//100
f 772//101 3567//101 3568//101
f 772//102 3568//102 770//102
f 770//102 3568//102 3569//102
f 770//104 3569//104 768//104
f 768//104 3569//104 3570//104
f 768//105 3570//105 766//105
f 766//105 3570//105 3571//105
f 766//106 3571//106 737//106
f 737//106 3571//106 3572//106
f 737//75 3572//75 739//75
f 739//75 3572//75 3573//75
f 739//107 3573//107 741//107
f 741//107 3573//107 3574//107
f 741//108 3574//108 743//108
f 743//108 3574//108 3575//108
f 743//109 3575//109 745//109
f 745//109 3575//109 3576//109
f 745//111 3576//111 747//111
f 747//111 3576//111 3577//111
f 747//112 3577//112 749//112
f 749//113 3577//113 3578//113
f 749//114 3578//114 751//114
f 751//114 3578//114 3579//114
f 751//115 3579//115 753//115
f 753//115 3579//115 3580//115
f 753//117 3580//117 755//117
f 755//116 3580//116 3581//116
f 755//118 3581//118 757//118
f 757//118 3581//118 3582//118
f 757//119 3582//119 759//119
f 759//119 3582//119 3583//119
f 759//120 3583//120 761//120
f 761//120 3583//120 3584//120
f 761//121 3584//121 2029//121
f 2029//121 3584//121 3585//121
f 2029//122 3585//122 2027//122
f 2027//122 3585//122 3586//122
f 2027//123 3586//123 2025//123
f 2025//123 3586//123 3587//123
f 2025//125 3587//125 2023//125
f 2023//125 3587//125 3588//125
f 2023//126 3588//126 2021//126
f 2021//126 3588//126 3589//126
f 2021//128 3589//128 2019//128
f 2019//127 3589//127 3590//127
f 2019//129 3590//129 2017//129
f 2017//139 3590//139 3591//139
f 2017//131 3591//131 2015//131
f 2015//137 3591//137 3592//137
f 2015//132 3592//132 2013//132
f 2013//132 3592//132 3593//132
f 2013//134 3593//134 2011//134
f 2011//134 3593//134 3594//134
f 2011//135 3594//135 2009//135
f 2009//135 3594//135 3548//135
f 2053//76 3595//76 2051//76
f 2051//76 3595//76 3596//76
f 2051//77 3596//77 2049//77
f 2049//77 3596//77 3597//77
f 2049//78 3597//78 2075//78
f 2075//148 3597//148 3598//148
f 2075//80 3598//80 2077//80
f 2077//79 3598//79 3599//79
f 2077//81 3599//81 2079//81
f 2079//81 3599//81 3600//81
f 2079//82 3600//82 2081//82
f 2081//82 3600//82 3601//82
f 2081//138 3601//138 2083//138
f 2083//138 3601//138 3602//138
f 2083//85 3602//85 2085//85
f 2085//86 3602//86 3603//86
f 2085//87 3603//87 2087//87
f 2087//87 3603//87 3604//87
f 2087//88 3604//88 2089//88
f 2089//88 3604//88 3605//88
f 2089//90 3605//90 2091//90
f 2091//90 3605//90 3606//90
f 2091//91 3606//91 2092//91
f 2092//91 3606//91 3607//91
f 2092//92 3607//92 2097//92
f 2097//92 3607//92 3608//92
f 2097//93 3608//93 504//93
f 504//93 3608//93 3609//93
f 504//94 3609//94 502//94
f 502//94 3609//94 3610//94
f 502//95 3610//95 500//95
f 500//95 3610//95 3611//95
f 500//97 3611//97 498//97
f 498//96 3611//96 3612//96
f 498//98 3612//98 496//98
f 496//98 3612//98 3613//98
f 496//99 3613//99 494//99
f 494//99 3613//99 3614//99
f 494//100 3614//100 492//100
f 492//100 3614//100 3615//100
f 492//102 3615//102 490//102
f 490//102 3615//102 3616//102
f 490//104 3616//104 488//104
f 488//104 3616//104 3617//104
f 488//105 3617//105 486//105
f 486//105 3617//105 3618//105
f 486//106 3618//106 484//106
f 484//106 3618//106 3619//106
f 484//75 3619//75 482//75
f 482//75 3619//75 3620//75
f 482//107 3620//107 480//107
f 480//107 3620//107 3621//107
f 480//108 3621//108 478//108
f 478//108 3621//108 3622//108
f 478//109 3622//109 476//109
f 476//109 3622//109 3623//109
f 476//111 3623//111 474//111
f 474//111 3623//111 3624//111
f 474//113 3624//113 472//113
f 472//113 3624//113 3625//113
f 472//114 3625//114 470//114
f 470//114 3625//114 3626//114
f 470//115 3626//115 468//115
f 468//115 3626//115 3627//115
f 468//117 3627//117 466//117
f 466//116 3627//116 3628//116
f 466//118 3628//118 464//118
f 464//118 3628//118 3629//118
f 464//119 3629//119 462//119
f 462//119 3629//119 3630//119
f 462//120 3630//120 460//120
f 460//120 3630//120 3631//120
f 460//121 3631//121 2073//121
f 2073//121 3631//121 3632//121
f 2073//122 3632//122 2071//122
f 2071//122 3632//122 3633//122
f 2071//123 3633//123 2069//123
f 2069//123 3633//123 3634//123
f 2069//125 3634//125 2067//125
f 2067//125 3634//125 3635//125
f 2067//126 3635//126 2065//126
f 2065//126 3635//126 3636//126
f 2065//127 3636//127 2063//127
f 2063//128 3636//128 3637//128
f 2063//139 3637//139 2061//139
f 2061//139 3637//139 3638//139
f 2061//131 3638//131 2059//131
f 2059//131 3638//131 3639//131
f 2059//132 3639//132 2057//132
f 2057//132 3639//132 3640//132
f 2057//134 3640//134 2055//134
f 2055//133 3640//133 3641//133
f 2055//149 3641//149 2053//149
f 2053//135 3641//135 3595//135
f 2102//140 3642//140 2100//140
f 2100//141 3642//141 3643//141
f 2100//142 3643//142 2098//142
f 2098//143 3643//143 3644//143
f 2098//78 3644//78 2125//78
f 2125//78 3644//78 3645//78
f 2125//79 3645//79 2127//79
f 2127//79 3645//79 3646//79
f 2127//81 3646//81 2129//81
f 2129//81 3646//81 3647//81
f 2129//144 3647//144 2131//144
f 2131//82 3647//82 3648//82
f 2131//138 3648//138 2133//138
f 2133//84 3648//84 3649//84
f 2133//86 3649//86 2135//86
f 2135//86 3649//86 3650//86
f 2135//87 3650//87 2137//87
f 2137//87 3650//87 3651//87
f 2137//88 3651//88 2139//88
f 2139//88 3651//88 3652//88
f 2139//90 3652//90 2141//90
f 2141//90 3652//90 3653//90
f 2141//91 3653//91 2142//91
f 2142//91 3653//91 3654//91
f 2142//92 3654//92 2147//92
f 2147//92 3654//92 3655//92
f 2147//93 3655//93 631//93
f 631//93 3655//93 3656//93
f 631//94 3656//94 629//94
f 629//94 3656//94 3657//94
f 629//95 3657//95 627//95
f 627//95 3657//95 3658//95
f 627//97 3658//97 625//97
f 625//97 3658//97 3659//97
f 625//98 3659//98 623//98
f 623//98 3659//98 3660//98
f 623//99 3660//99 621//99
f 621//99 3660//99 3661//99
f 621//101 3661//101 619//101
f 619//101 3661//101 3662//101
f 619//102 3662//102 617//102
f 617//102 3662//102 3663//102
f 617//145 3663//145 615//145
f 615//103 3663//103 3664//103
f 615//105 3664//105 613//105
f 613//105 3664//105 3665//105
f 613//106 3665//106 584//106
f 584//106 3665//106 3666//106
f 584//75 3666//75 586//75
f 586//75 3666//75 3667//75
f 586//107 3667//107 588//107
f 588//107 3667//107 3668//107
f 588//108 3668//108 590//108
f 590//108 3668//108 3669//108
f 590//110 3669//110 592//110
f 592//146 3669//146 3670//146
f 592//111 3670//111 594//111
f 594//111 3670//111 3671//111
f 594//112 3671//112 596//112
f 596//112 3671//112 3672//112
f 596//114 3672//114 598//114
f 598//114 3672//114 3673//114
f 598//115 3673//115 600//115
f 600//115 3673//115 3674//115
f 600//116 3674//116 602//116
f 602//116 3674//116 3675//116
f 602//118 3675//118 604//118
f 604//118 3675//118 3676//118
f 604//119 3676//119 606//119
f 606//119 3676//119 3677//119
f 606//120 3677//120 608//120
f 608//120 3677//120 3678//120
f 608//121 3678//121 2122//121
f 2122//121 3678//121 3679//121
f 2122//122 3679//122 2120//122
f 2120//122 3679//122 3680//122
f 2120//123 3680//123 2118//123
f 2118//123 3680//123 3681//123
f 2118//125 3681//125 2116//125
f 2116//125 3681//125 3682//125
f 2116//126 3682//126 2114//126
f 2114//126 3682//126 3683//126
f 2114//127 3683//127 2112//127
f 2112//127 3683//127 3684//127
f 2112//129 3684//129 2110//129
f 2110//139 3684//139 3685//139
f 2110//131 3685//131 2108//131
f 2108//147 3685//147 3686//147
f 2108//132 3686//132 2106//132
f 2106//132 3686//132 3687//132
f 2106//134 3687//134 2104//134
f 2104//134 3687//134 3688//134
f 2104//135 3688//135 2102//135
f 2102//135 3688//135 3642//135
f 665//76 3689//76 663//76
f 663//76 3689//76 3690//76
f 663//77 3690//77 661//77
f 661//77 3690//77 3691//77
f 661//78 3691//78 659//78
f 659//78 3691//78 3692//78
f 659//79 3692//79 657//79
f 657//79 3692//79 3693//79
f 657//150 3693//150 655//150
f 655//81 3693//81 3694//81
f 655//144 3694//144 653//144
f 653//82 3694//82 3695//82
f 653//84 3695//84 651//84
f 651//138 3695//138 3696//138
f 651//86 3696//86 649//86
f 649//86 3696//86 3697//86
f 649//87 3697//87 647//87
f 647//87 3697//87 3698//87
f 647//88 3698//88 645//88
f 645//88 3698//88 3699//88
f 645//90 3699//90 640//90
f 640//90 3699//90 3700//90
f 640//91 3700//91 641//91
f 641//91 3700//91 3701//91
f 641//92 3701//92 1527//92
f 1527//92 3701//92 3702//92
f 1527//93 3702//93 1525//93
f 1525//93 3702//93 3703//93
f 1525//94 3703//94 2149//94
f 2149//94 3703//94 3704//94
f 2149//95 3704//95 2151//95
f 2151//95 3704//95 3705//95
f 2151//97 3705//97 2153//97
f 2153//96 3705//96 3706//96
f 2153//98 3706//98 2155//98
f 2155//98 3706//98 3707//98
f 2155//99 3707//99 2157//99
f 2157//99 3707//99 3708//99
f 2157//100 3708//100 2159//100
f 2159//101 3708//101 3709//101
f 2159//102 3709//102 2161//102
f 2161//102 3709//102 3710//102
f 2161//104 3710//104 2163//104
f 2163//104 3710//104 3711//104
f 2163//105 3711//105 2165//105
f 2165//105 3711//105 3712//105
f 2165//106 3712//106 2167//106
f 2167//106 3712//106 3713//106
f 2167//75 3713//75 2169//75
f 2169//75 3713//75 3714//75
f 2169//107 3714//107 2171//107
f 2171//107 3714//107 3715//107
f 2171//108 3715//108 2173//108
f 2173//108 3715//108 3716//108
f 2173//109 3716//109 2175//109
f 2175//109 3716//109 3717//109
f 2175//111 3717//111 2177//111
f 2177//111 3717//111 3718//111
f 2177//112 3718//112 2179//112
f 2179//113 3718//113 3719//113
f 2179//114 3719//114 2181//114
f 2181//114 3719//114 3720//114
f 2181//115 3720//115 2183//115
f 2183//115 3720//115 3721//115
f 2183//117 3721//117 2185//117
f 2185//116 3721//116 3722//116
f 2185//118 3722//118 2187//118
f 2187//118 3722//118 3723//118
f 2187//119 3723//119 2189//119
f 2189//119 3723//119 3724//119
f 2189//120 3724//120 610//120
f 610//120 3724//120 3725//120
f 610//121 3725//121 685//121
f 685//121 3725//121 3726//121
f 685//122 3726//122 683//122
f 683//122 3726//122 3727//122
f 683//123 3727//123 681//123
f 681//123 3727//123 3728//123
f 681//125 3728//125 679//125
f 679//125 3728//125 3729//125
f 679//126 3729//126 677//126
f 677//126 3729//126 3730//126
f 677//127 3730//127 675//127
f 675//127 3730//127 3731//127
f 675//139 3731//139 673//139
f 673//129 3731//129 3732//129
f 673//131 3732//131 671//131
f 671//147 3732//147 3733//147
f 671//132 3733//132 669//132
f 669//151 3733//151 3734//151
f 669//134 3734//134 667//134
f 667//134 3734//134 3735//134
f 667//135 3735//135 665//135
f 665//135 3735//135 3689//135
f 715//76 3736//76 713//76
f 713//76 3736//76 3737//76
f 713//77 3737//77 711//77
f 711//77 3737//77 3738//77
f 711//78 3738//78 709//78
f 709//78 3738//78 3739//78
f 709//79 3739//79 707//79
f 707//79 3739//79 3740//79
f 707//81 3740//81 705//81
f 705//81 3740//81 3741//81
f 705//82 3741//82 703//82
f 703//136 3741//136 3742//136
f 703//138 3742//138 701//138
f 701//84 3742//84 3743//84
f 701//85 3743//85 699//85
f 699//85 3743//85 3744//85
f 699//87 3744//87 697//87
f 697//87 3744//87 3745//87
f 697//88 3745//88 695//88
f 695//88 3745//88 3746//88
f 695//90 3746//90 690//90
f 690//90 3746//90 3747//90
f 690//91 3747//91 691//91
f 691//91 3747//91 3748//91
f 691//92 3748//92 1701//92
f 1701//92 3748//92 3749//92
f 1701//93 3749//93 1699//93
f 1699//93 3749//93 3750//93
f 1699//94 3750//94 2191//94
f 2191//94 3750//94 3751//94
f 2191//95 3751//95 2193//95
f 2193//95 3751//95 3752//95
f 2193//97 3752//97 2195//97
f 2195//96 3752//96 3753//96
f 2195//98 3753//98 2197//98
f 2197//98 3753//98 3754//98
f 2197//99 3754//99 2199//99
f 2199//99 3754//99 3755//99
f 2199//100 3755//100 2201//100
f 2201//100 3755//100 3756//100
f 2201//102 3756//102 2203//102
f 2203//102 3756//102 3757//102
f 2203//104 3757//104 2205//104
f 2205//104 3757//104 3758//104
f 2205//105 3758//105 2207//105
f 2207//105 3758//105 3759//105
f 2207//106 3759//106 2209//106
f 2209//106 3759//106 3760//106
f 2209//75 3760//75 2211//75
f 2211//75 3760//75 3761//75
f 2211//107 3761//107 2213//107
f 2213//107 3761//107 3762//107
f 2213//108 3762//108 2215//108
f 2215//108 3762//108 3763//108
f 2215//109 3763//109 2217//109
f 2217//109 3763//109 3764//109
f 2217//111 3764//111 2219//111
f 2219//111 3764//111 3765//111
f 2219//113 3765//113 2221//113
f 2221//113 3765//113 3766//113
f 2221//114 3766//114 2223//114
f 2223//114 3766//114 3767//114
f 2223//115 3767//115 2225//115
f 2225//115 3767//115 3768//115
f 2225//117 3768//117 2227//117
f 2227//116 3768//116 3769//116
f 2227//118 3769//118 2229//118
f 2229//118 3769//118 3770//118
f 2229//119 3770//119 2231//119
f 2231//119 3770//119 3771//119
f 2231//120 3771//120 458//120
f 458//120 3771//120 3772//120
f 458//121 3772//121 735//121
f 735//121 3772//121 3773//121
f 735//122 3773//122 733//122
f 733//122 3773//122 3774//122
f 733//123 3774//123 731//123
f 731//123 3774//123 3775//123
f 731//125 3775//125 729//125
f 729//125 3775//125 3776//125
f 729//126 3776//126 727//126
f 727//126 3776//126 3777//126
f 727//128 3777//128 725//128
f 725//128 3777//128 3778//128
f 725//129 3778//129 723//129
f 723//139 3778//139 3779//139
f 723//137 3779//137 721//137
f 721//131 3779//131 3780//131
f 721//132 3780//132 719//132
f 719//132 3780//132 3781//132
f 719//134 3781//134 717//134
f 717//134 3781//134 3782//134
f 717//135 3782//135 715//135
f 715//135 3782//135 3736//135
f 818//76 3783//76 816//76
f 816//76 3783//76 3784//76
f 816//77 3784//77 814//77
f 814//77 3784//77 3785//77
f 814//78 3785//78 812//78
f 812//78 3785//78 3786//78
f 812//79 3786//79 810//79
f 810//80 3786//80 3787//80
f 810//81 3787//81 808//81
f 808//81 3787//81 3788//81
f 808//136 3788//136 806//136
f 806//136 3788//136 3789//136
f 806//84 3789//84 804//84
f 804//138 3789//138 3790//138
f 804//86 3790//86 802//86
f 802//86 3790//86 3791//86
f 802//87 3791//87 800//87
f 800//87 3791//87 3792//87
f 800//88 3792//88 798//88
f 798//88 3792//88 3793//88
f 798//90 3793//90 793//90
f 793//90 3793//90 3794//90
f 793//91 3794//91 794//91
f 794//91 3794//91 3795//91
f 794//92 3795//92 2234//92
f 2234//92 3795//92 3796//92
f 2234//93 3796//93 2235//93
f 2235//93 3796//93 3797//93
f 2235//94 3797//94 2236//94
f 2236//94 3797//94 3798//94
f 2236//95 3798//95 2243//95
f 2243//95 3798//95 3799//95
f 2243//97 3799//97 2245//97
f 2245//96 3799//96 3800//96
f 2245//98 3800//98 2247//98
f 2247//98 3800//98 3801//98
f 2247//99 3801//99 2249//99
f 2249//99 3801//99 3802//99
f 2249//101 3802//101 2251//101
f 2251//100 3802//100 3803//100
f 2251//102 3803//102 2253//102
f 2253//102 3803//102 3804//102
f 2253//103 3804//103 2255//103
f 2255//104 3804//104 3805//104
f 2255//105 3805//105 2257//105
f 2257//105 3805//105 3806//105
f 2257//106 3806//106 2259//106
f 2259//106 3806//106 3807//106
f 2259//75 3807//75 2261//75
f 2261//75 3807//75 3808//75
f 2261//107 3808//107 2263//107
f 2263//107 3808//107 3809//107
f 2263//108 3809//108 2265//108
f 2265//108 3809//108 3810//108
f 2265//109 3810//109 2267//109
f 2267//110 3810//110 3811//110
f 2267//111 3811//111 2269//111
f 2269//111 3811//111 3812//111
f 2269//113 3812//113 2271//113
f 2271//112 3812//112 3813//112
f 2271//114 3813//114 2273//114
f 2273//114 3813//114 3814//114
f 2273//115 3814//115 2275//115
f 2275//115 3814//115 3815//115
f 2275//117 3815//117 2277//117
f 2277//116 3815//116 3816//116
f 2277//118 3816//118 2279//118
f 2279//118 3816//118 3817//118
f 2279//119 3817//119 2281//119
f 2281//119 3817//119 3818//119
f 2281//120 3818//120 763//120
f 763//120 3818//120 3819//120
f 763//121 3819//121 838//121
f 838//121 3819//121 3820//121
f 838//122 3820//122 836//122
f 836//122 3820//122 3821//122
f 836//123 3821//123 834//123
f 834//123 3821//123 3822//123
f 834//125 3822//125 832//125
f 832//125 3822//125 3823//125
f 832//126 3823//126 830//126
f 830//126 3823//126 3824//126
f 830//127 3824//127 828//127
f 828//127 3824//127 3825//127
f 828//139 3825//139 826//139
f 826//129 3825//129 3826//129
f 826//137 3826//137 824//137
f 824//137 3826//137 3827//137
f 824//132 3827//132 822//132
f 822//132 3827//132 3828//132
f 822//133 3828//133 820//133
f 820//134 3828//134 3829//134
f 820//135 3829//135 818//135
f 818//135 3829//135 3783//135
f 917//76 3830//76 915//76
f 915//76 3830//76 3831//76
f 915//77 3831//77 913//77
f 913//77 3831//77 3832//77
f 913//78 3832//78 911//78
f 911//78 3832//78 3833//78
f 911//79 3833//79 909//79
f 909//79 3833//79 3834//79
f 909//81 3834//81 907//81
f 907//81 3834//81 3835//81
f 907//82 3835//82 905//82
f 905//82 3835//82 3836//82
f 905//138 3836//138 903//138
f 903//138 3836//138 3837//138
f 903//85 3837//85 901//85
f 901//85 3837//85 3838//85
f 901//87 3838//87 899//87
f 899//87 3838//87 3839//87
f 899//88 3839//88 897//88
f 897//88 3839//88 3840//88
f 897//90 3840//90 892//90
f 892//90 3840//90 3841//90
f 892//91 3841//91 893//91
f 893//91 3841//91 3842//91
f 893//92 3842//92 2283//92
f 2283//92 3842//92 3843//92
f 2283//93 3843//93 338//93
f 338//93 3843//93 3844//93
f 338//94 3844//94 336//94
f 336//94 3844//94 3845//94
f 336//95 3845//95 334//95
f 334//95 3845//95 3846//95
f 334//96 3846//96 332//96
f 332//97 3846//97 3847//97
f 332//98 3847//98 330//98
f 330//98 3847//98 3848//98
f 330//99 3848//99 328//99
f 328//99 3848//99 3849//99
f 328//101 3849//101 326//101
f 326//100 3849//100 3850//100
f 326//102 3850//102 324//102
f 324//102 3850//102 3851//102
f 324//104 3851//104 322//104
f 322//103 3851//103 3852//103
f 322//105 3852//105 320//105
f 320//105 3852//105 3853//105
f 320//106 3853//106 318//106
f 318//106 3853//106 3854//106
f 318//75 3854//75 316//75
f 316//75 3854//75 3855//75
f 316//107 3855//107 314//107
f 314//107 3855//107 3856//107
f 314//108 3856//108 312//108
f 312//108 3856//108 3857//108
f 312//110 3857//110 310//110
f 310//109 3857//109 3858//109
f 310//111 3858//111 308//111
f 308//111 3858//111 3859//111
f 308//113 3859//113 306//113
f 306//112 3859//112 3860//112
f 306//114 3860//114 304//114
f 304//114 3860//114 3861//114
f 304//115 3861//115 302//115
f 302//115 3861//115 3862//115
f 302//116 3862//116 300//116
f 300//117 3862//117 3863//117
f 300//118 3863//118 298//118
f 298//118 3863//118 3864//118
f 298//119 3864//119 296//119
f 296//119 3864//119 3865//119
f 296//120 3865//120 295//120
f 295//120 3865//120 3866//120
f 295//121 3866//121 937//121
f 937//121 3866//121 3867//121
f 937//122 3867//122 935//122
f 935//122 3867//122 3868//122
f 935//123 3868//123 933//123
f 933//123 3868//123 3869//123
f 933//125 3869//125 931//125
f 931//125 3869//125 3870//125
f 931//126 3870//126 929//126
f 929//126 3870//126 3871//126
f 929//128 3871//128 927//128
f 927//128 3871//128 3872//128
f 927//139 3872//139 925//139
f 925//139 3872//139 3873//139
f 925//131 3873//131 923//131
f 923//131 3873//131 3874//131
f 923//132 3874//132 921//132
f 921//132 3874//132 3875//132
f 921//134 3875//134 919//134
f 919//134 3875//134 3876//134
f 919//135 3876//135 917//135
f 917//135 3876//135 3830//135
f 1215//76 3877//76 1213//76
f 1213//76 3877//76 3878//76
f 1213//77 3878//77 1211//77
f 1211//77 3878//77 3879//77
f 1211//78 3879//78 1209//78
f 1209//78 3879//78 3880//78
f 1209//79 3880//79 1207//79
f 1207//79 3880//79 3881//79
f 1207//81 3881//81 1205//81
f 1205//81 3881//81 3882//81
f 1205//82 3882//82 1203//82
f 1203//136 3882//136 3883//136
f 1203//138 3883//138 1201//138
f 1201//84 3883//84 3884//84
f 1201//85 3884//85 1199//85
f 1199//85 3884//85 3885//85
f 1199//87 3885//87 1197//87
f 1197//87 3885//87 3886//87
f 1197//88 3886//88 1195//88
f 1195//88 3886//88 3887//88
f 1195//90 3887//90 1193//90
f 1193//90 3887//90 3888//90
f 1193//91 3888//91 1191//91
f 1191//91 3888//91 3889//91
f 1191//92 3889//92 349//92
f 349//92 3889//92 3890//92
f 349//93 3890//93 2285//93
f 2285//93 3890//93 3891//93
f 2285//94 3891//94 2287//94
f 2287//94 3891//94 3892//94
f 2287//95 3892//95 2289//95
f 2289//95 3892//95 3893//95
f 2289//97 3893//97 2291//97
f 2291//96 3893//96 3894//96
f 2291//98 3894//98 2293//98
f 2293//98 3894//98 3895//98
f 2293//99 3895//99 2295//99
f 2295//99 3895//99 3896//99
f 2295//100 3896//100 2297//100
f 2297//100 3896//100 3897//100
f 2297//102 3897//102 2299//102
f 2299//102 3897//102 3898//102
f 2299//104 3898//104 2301//104
f 2301//104 3898//104 3899//104
f 2301//105 3899//105 2303//105
f 2303//105 3899//105 3900//105
f 2303//106 3900//106 2305//106
f 2305//106 3900//106 3901//106
f 2305//75 3901//75 2307//75
f 2307//75 3901//75 3902//75
f 2307//107 3902//107 2309//107
f 2309//107 3902//107 3903//107
f 2309//108 3903//108 2311//108
f 2311//108 3903//108 3904//108
f 2311//109 3904//109 2313//109
f 2313//109 3904//109 3905//109
f 2313//111 3905//111 2315//111
f 2315//111 3905//111 3906//111
f 2315//113 3906//113 2317//113
f 2317//113 3906//113 3907//113
f 2317//114 3907//114 2319//114
f 2319//114 3907//114 3908//114
f 2319//115 3908//115 2321//115
f 2321//115 3908//115 3909//115
f 2321//117 3909//117 2323//117
f 2323//116 3909//116 3910//116
f 2323//118 3910//118 2325//118
f 2325//118 3910//118 3911//118
f 2325//119 3911//119 1651//119
f 1651//119 3911//119 3912//119
f 1651//120 3912//120 1237//120
f 1237//120 3912//120 3913//120
f 1237//121 3913//121 1235//121
f 1235//121 3913//121 3914//121
f 1235//122 3914//122 1233//122
f 1233//122 3914//122 3915//122
f 1233//123 3915//123 1231//123
f 1231//123 3915//123 3916//123
f 1231//125 3916//125 1229//125
f 1229//125 3916//125 3917//125
f 1229//126 3917//126 1227//126
f 1227//126 3917//126 3918//126
f 1227//128 3918//128 1225//128
f 1225//128 3918//128 3919//128
f 1225//129 3919//129 1223//129
f 1223//139 3919//139 3920//139
f 1223//137 3920//137 1221//137
f 1221//131 3920//131 3921//131
f 1221//132 3921//132 1219//132
f 1219//132 3921//132 3922//132
f 1219//134 3922//134 1217//134
f 1217//134 3922//134 3923//134
f 1217//135 3923//135 1215//135
f 1215//135 3923//135 3877//135
f 1973//76 3924//76 1971//76
f 1971//76 3924//76 3925//76
f 1971//77 3925//77 1969//77
f 1969//77 3925//77 3926//77
f 1969//78 3926//78 1967//78
f 1967//78 3926//78 3927//78
f 1967//79 3927//79 1965//79
f 1965//79 3927//79 3928//79
f 1965//81 3928//81 1963//81
f 1963//81 3928//81 3929//81
f 1963//82 3929//82 1961//82
f 1961//82 3929//82 3930//82
f 1961//138 3930//138 1959//138
f 1959//84 3930//84 3931//84
f 1959//152 3931//152 1957//152
f 1957//85 3931//85 3932//85
f 1957//87 3932//87 1955//87
f 1955//87 3932//87 3933//87
f 1955//88 3933//88 1953//88
f 1953//88 3933//88 3934//88
f 1953//90 3934//90 1951//90
f 1951//90 3934//90 3935//90
f 1951//91 3935//91 1950//91
f 1950//91 3935//91 3936//91
f 1950//92 3936//92 1188//92
f 1188//92 3936//92 3937//92
f 1188//93 3937//93 1186//93
f 1186//93 3937//93 3938//93
f 1186//94 3938//94 1184//94
f 1184//94 3938//94 3939//94
f 1184//95 3939//95 1182//95
f 1182//95 3939//95 3940//95
f 1182//96 3940//96 1180//96
f 1180//97 3940//97 3941//97
f 1180//98 3941//98 1178//98
f 1178//154 3941//154 3942//154
f 1178//99 3942//99 1176//99
f 1176//99 3942//99 3943//99
f 1176//100 3943//100 1174//100
f 1174//101 3943//101 3944//101
f 1174//102 3944//102 1172//102
f 1172//102 3944//102 3945//102
f 1172//103 3945//103 1170//103
f 1170//103 3945//103 3946//103
f 1170//105 3946//105 1168//105
f 1168//105 3946//105 3947//105
f 1168//106 3947//106 1140//106
f 1140//106 3947//106 3948//106
f 1140//75 3948//75 1142//75
f 1142//75 3948//75 3949//75
f 1142//107 3949//107 1144//107
f 1144//107 3949//107 3950//107
f 1144//108 3950//108 1146//108
f 1146//108 3950//108 3951//108
f 1146//110 3951//110 1148//110
f 1148//110 3951//110 3952//110
f 1148//111 3952//111 1150//111
f 1150//111 3952//111 3953//111
f 1150//112 3953//112 1152//112
f 1152//113 3953//113 3954//113
f 1152//114 3954//114 1154//114
f 1154//114 3954//114 3955//114
f 1154//155 3955//155 1156//155
f 1156//115 3955//115 3956//115
f 1156//116 3956//116 1158//116
f 1158//117 3956//117 3957//117
f 1158//118 3957//118 1160//118
f 1160//118 3957//118 3958//118
f 1160//119 3958//119 1162//119
f 1162//119 3958//119 3959//119
f 1162//120 3959//120 2327//120
f 2327//120 3959//120 3960//120
f 2327//121 3960//121 1478//121
f 1478//121 3960//121 3961//121
f 1478//122 3961//122 1479//122
f 1479//122 3961//122 3962//122
f 1479//123 3962//123 1989//123
f 1989//123 3962//123 3963//123
f 1989//125 3963//125 1987//125
f 1987//125 3963//125 3964//125
f 1987//126 3964//126 1985//126
f 1985//126 3964//126 3965//126
f 1985//128 3965//128 1983//128
f 1983//153 3965//153 3966//153
f 1983//129 3966//129 1981//129
f 1981//139 3966//139 3967//139
f 1981//131 3967//131 1979//131
f 1979//131 3967//131 3968//131
f 1979//132 3968//132 1977//132
f 1977//132 3968//132 3969//132
f 1977//134 3969//134 1975//134
f 1975//134 3969//134 3970//134
f 1975//135 3970//135 1973//135
f 1973//135 3970//135 3924//135
f 2308//76 3971//76 2306//76
f 2306//76 3971//76 3972//76
f 2306//77 3972//77 2304//77
f 2304//77 3972//77 3973//77
f 2304//148 3973//148 2302//148
f 2302//78 3973//78 3974//78
f 2302//79 3974//79 2300//79
f 2300//79 3974//79 3975//79
f 2300//81 3975//81 2298//81
f 2298//81 3975//81 3976//81
f 2298//136 3976//136 2296//136
f 2296//82 3976//82 3977//82
f 2296//138 3977//138 2294//138
f 2294//84 3977//84 3978//84
f 2294//86 3978//86 2292//86
f 2292//85 3978//85 3979//85
f 2292//87 3979//87 2290//87
f 2290//87 3979//87 3980//87
f 2290//88 3980//88 2288//88
f 2288//88 3980//88 3981//88
f 2288//90 3981//90 2286//90
f 2286//90 3981//90 3982//90
f 2286//91 3982//91 2284//91
f 2284//91 3982//91 3983//91
f 2284//92 3983//92 350//92
f 350//92 3983//92 3984//92
f 350//93 3984//93 353//93
f 353//93 3984//93 3985//93
f 353//94 3985//94 355//94
f 355//94 3985//94 3986//94
f 355//95 3986//95 357//95
f 357//95 3986//95 3987//95
f 357//96 3987//96 359//96
f 359//97 3987//97 3988//97
f 359//98 3988//98 361//98
f 361//98 3988//98 3989//98
f 361//99 3989//99 363//99
f 363//99 3989//99 3990//99
f 363//100 3990//100 365//100
f 365//100 3990//100 3991//100
f 365//102 3991//102 367//102
f 367//102 3991//102 3992//102
f 367//104 3992//104 369//104
f 369//104 3992//104 3993//104
f 369//105 3993//105 371//105
f 371//105 3993//105 3994//105
f 371//106 3994//106 373//106
f 373//106 3994//106 3995//106
f 373//75 3995//75 375//75
f 375//75 3995//75 3996//75
f 375//107 3996//107 377//107
f 377//107 3996//107 3997//107
f 377//108 3997//108 379//108
f 379//108 3997//108 3998//108
f 379//109 3998//109 381//109
f 381//109 3998//109 3999//109
f 381//111 3999//111 383//111
f 383//111 3999//111 4000//111
f 383//113 4000//113 385//113
f 385//113 4000//113 4001//113
f 385//114 4001//114 387//114
f 387//114 4001//114 4002//114
f 387//115 4002//115 389//115
f 389//115 4002//115 4003//115
f 389//116 4003//116 391//116
f 391//117 4003//117 4004//117
f 391//118 4004//118 393//118
f 393//118 4004//118 4005//118
f 393//119 4005//119 395//119
f 395//119 4005//119 4006//119
f 395//120 4006//120 1991//120
f 1991//120 4006//120 4007//120
f 1991//121 4007//121 1652//121
f 1652//121 4007//121 4008//121
f 1652//122 4008//122 1653//122
f 1653//122 4008//122 4009//122
f 1653//123 4009//123 2324//123
f 2324//123 4009//123 4010//123
f 2324//125 4010//125 2322//125
f 2322//125 4010//125 4011//125
f 2322//126 4011//126 2320//126
f 2320//126 4011//126 4012//126
f 2320//128 4012//128 2318//128
f 2318//127 4012//127 4013//127
f 2318//129 4013//129 2316//129
f 2316//139 4013//139 4014//139
f 2316//131 4014//131 2314//131
f 2314//137 4014//137 4015//137
f 2314//132 4015//132 2312//132
f 2312//132 4015//132 4016//132
f 2312//134 4016//134 2310//134
f 2310//134 4016//134 4017//134
f 2310//135 4017//135 2308//135
f 2308//149 4017//149 3971//149
f 1590//76 4018//76 1588//76
f 1588//76 4018//76 4019//76
f 1588//77 4019//77 1586//77
f 1586//77 4019//77 4020//77
f 1586//78 4020//78 1584//78
f 1584//78 4020//78 4021//78
f 1584//79 4021//79 1582//79
f 1582//79 4021//79 4022//79
f 1582//81 4022//81 1580//81
f 1580//81 4022//81 4023//81
f 1580//82 4023//82 1578//82
f 1578//82 4023//82 4024//82
f 1578//138 4024//138 1576//138
f 1576//138 4024//138 4025//138
f 1576//85 4025//85 1574//85
f 1574//85 4025//85 4026//85
f 1574//87 4026//87 1572//87
f 1572//87 4026//87 4027//87
f 1572//88 4027//88 1570//88
f 1570//88 4027//88 4028//88
f 1570//90 4028//90 1569//90
f 1569//90 4028//90 4029//90
f 1569//91 4029//91 963//91
f 963//91 4029//91 4030//91
f 963//92 4030//92 965//92
f 965//92 4030//92 4031//92
f 965//93 4031//93 966//93
f 966//93 4031//93 4032//93
f 966//94 4032//94 1327//94
f 1327//94 4032//94 4033//94
f 1327//95 4033//95 1325//95
f 1325//95 4033//95 4034//95
f 1325//96 4034//96 1323//96
f 1323//97 4034//97 4035//97
f 1323//98 4035//98 1321//98
f 1321//98 4035//98 4036//98
f 1321//99 4036//99 1319//99
f 1319//99 4036//99 4037//99
f 1319//101 4037//101 1317//101
f 1317//100 4037//100 4038//100
f 1317//102 4038//102 1315//102
f 1315//102 4038//102 4039//102
f 1315//104 4039//104 1313//104
f 1313//103 4039//103 4040//103
f 1313//105 4040//105 1311//105
f 1311//105 4040//105 4041//105
f 1311//106 4041//106 1290//106
f 1290//106 4041//106 4042//106
f 1290//75 4042//75 1292//75
f 1292//75 4042//75 4043//75
f 1292//107 4043//107 1294//107
f 1294//107 4043//107 4044//107
f 1294//108 4044//108 1296//108
f 1296//108 4044//108 4045//108
f 1296//110 4045//110 1298//110
f 1298//109 4045//109 4046//109
f 1298//111 4046//111 1300//111
f 1300//111 4046//111 4047//111
f 1300//113 4047//113 1302//113
f 1302//112 4047//112 4048//112
f 1302//114 4048//114 1304//114
f 1304//114 4048//114 4049//114
f 1304//115 4049//115 1306//115
f 1306//115 4049//115 4050//115
f 1306//116 4050//116 1308//116
f 1308//117 4050//117 4051//117
f 1308//118 4051//118 1310//118
f 1310//118 4051//118 4052//118
f 1310//119 4052//119 340//119
f 340//119 4052//119 4053//119
f 340//120 4053//120 2282//120
f 2282//120 4053//120 4054//120
f 2282//121 4054//121 895//121
f 895//121 4054//121 4055//121
f 895//122 4055//122 896//122
f 896//122 4055//122 4056//122
f 896//123 4056//123 1606//123
f 1606//123 4056//123 4057//123
f 1606//125 4057//125 1604//125
f 1604//125 4057//125 4058//125
f 1604//126 4058//126 1602//126
f 1602//126 4058//126 4059//126
f 1602//128 4059//128 1600//128
f 1600//128 4059//128 4060//128
f 1600//139 4060//139 1598//139
f 1598//139 4060//139 4061//139
f 1598//131 4061//131 1596//131
f 1596//131 4061//131 4062//131
f 1596//132 4062//132 1594//132
f 1594//132 4062//132 4063//132
f 1594//134 4063//134 1592//134
f 1592//134 4063//134 4064//134
f 1592//135 4064//135 1590//135
f 1590//135 4064//135 4018//135
f 1818//76 4065//76 1816//76
f 1816//76 4065//76 4066//76
f 1816//77 4066//77 1814//77
f 1814//77 4066//77 4067//77
f 1814//78 4067//78 1812//78
f 1812//78 4067//78 4068//78
f 1812//79 4068//79 1810//79
f 1810//80 4068//80 4069//80
f 1810//81 4069//81 1808//81
f 1808//81 4069//81 4070//81
f 1808//136 4070//136 1806//136
f 1806//136 4070//136 4071//136
f 1806//84 4071//84 1804//84
f 1804//138 4071//138 4072//138
f 1804//86 4072//86 1802//86
f 1802//86 4072//86 4073//86
f 1802//87 4073//87 1800//87
f 1800//87 4073//87 4074//87
f 1800//88 4074//88 1798//88
f 1798//88 4074//88 4075//88
f 1798//90 4075//90 1793//90
f 1793//90 4075//90 4076//90
f 1793//91 4076//91 1794//91
f 1794//91 4076//91 4077//91
f 1794//92 4077//92 1927//92
f 1927//92 4077//92 4078//92
f 1927//93 4078//93 1925//93
f 1925//93 4078//93 4079//93
f 1925//94 4079//94 2330//94
f 2330//94 4079//94 4080//94
f 2330//95 4080//95 2332//95
f 2332//95 4080//95 4081//95
f 2332//97 4081//97 2334//97
f 2334//96 4081//96 4082//96
f 2334//98 4082//98 2336//98
f 2336//98 4082//98 4083//98
f 2336//99 4083//99 2338//99
f 2338//99 4083//99 4084//99
f 2338//101 4084//101 2340//101
f 2340//100 4084//100 4085//100
f 2340//102 4085//102 2342//102
f 2342//102 4085//102 4086//102
f 2342//103 4086//103 2344//103
f 2344//104 4086//104 4087//104
f 2344//105 4087//105 2346//105
f 2346//105 4087//105 4088//105
f 2346//106 4088//106 2348//106
f 2348//106 4088//106 4089//106
f 2348//75 4089//75 2350//75
f 2350//75 4089//75 4090//75
f 2350//107 4090//107 2352//107
f 2352//107 4090//107 4091//107
f 2352//108 4091//108 2354//108
f 2354//108 4091//108 4092//108
f 2354//109 4092//109 2356//109
f 2356//110 4092//110 4093//110
f 2356//111 4093//111 2358//111
f 2358//111 4093//111 4094//111
f 2358//113 4094//113 2360//113
f 2360//112 4094//112 4095//112
f 2360//114 4095//114 2362//114
f 2362//114 4095//114 4096//114
f 2362//115 4096//115 2364//115
f 2364//115 4096//115 4097//115
f 2364//117 4097//117 2366//117
f 2366//116 4097//116 4098//116
f 2366//118 4098//118 2368//118
f 2368//118 4098//118 4099//118
f 2368//119 4099//119 2239//119
f 2239//119 4099//119 4100//119
f 2239//120 4100//120 2233//120
f 2233//120 4100//120 4101//120
f 2233//121 4101//121 796//121
f 796//121 4101//121 4102//121
f 796//122 4102//122 797//122
f 797//122 4102//122 4103//122
f 797//123 4103//123 1834//123
f 1834//123 4103//123 4104//123
f 1834//125 4104//125 1832//125
f 1832//125 4104//125 4105//125
f 1832//126 4105//126 1830//126
f 1830//126 4105//126 4106//126
f 1830//127 4106//127 1828//127
f 1828//127 4106//127 4107//127
f 1828//139 4107//139 1826//139
f 1826//129 4107//129 4108//129
f 1826//137 4108//137 1824//137
f 1824//137 4108//137 4109//137
f 1824//132 4109//132 1822//132
f 1822//132 4109//132 4110//132
f 1822//133 4110//133 1820//133
f 1820//134 4110//134 4111//134
f 1820//135 4111//135 1818//135
f 1818//135 4111//135 4065//135
f 2373//140 4112//140 2371//140
f 2371//141 4112//141 4113//141
f 2371//142 4113//142 2369//142
f 2369//143 4113//143 4114//143
f 2369//78 4114//78 2392//78
f 2392//78 4114//78 4115//78
f 2392//79 4115//79 2394//79
f 2394//79 4115//79 4116//79
f 2394//81 4116//81 2396//81
f 2396//81 4116//81 4117//81
f 2396//144 4117//144 2398//144
f 2398//82 4117//82 4118//82
f 2398//138 4118//138 2400//138
f 2400//84 4118//84 4119//84
f 2400//86 4119//86 2402//86
f 2402//86 4119//86 4120//86
f 2402//87 4120//87 2404//87
f 2404//87 4120//87 4121//87
f 2404//88 4121//88 2406//88
f 2406//88 4121//88 4122//88
f 2406//90 4122//90 2408//90
f 2408//90 4122//90 4123//90
f 2408//91 4123//91 449//91
f 449//91 4123//91 4124//91
f 449//92 4124//92 451//92
f 451//92 4124//92 4125//92
f 451//93 4125//93 452//93
f 452//93 4125//93 4126//93
f 452//94 4126//94 2410//94
f 2410//94 4126//94 4127//94
f 2410//95 4127//95 2412//95
f 2412//95 4127//95 4128//95
f 2412//97 4128//97 2414//97
f 2414//97 4128//97 4129//97
f 2414//98 4129//98 2416//98
f 2416//98 4129//98 4130//98
f 2416//99 4130//99 2418//99
f 2418//99 4130//99 4131//99
f 2418//101 4131//101 2420//101
f 2420//101 4131//101 4132//101
f 2420//102 4132//102 2422//102
f 2422//102 4132//102 4133//102
f 2422//145 4133//145 2424//145
f 2424//103 4133//103 4134//103
f 2424//105 4134//105 2426//105
f 2426//105 4134//105 4135//105
f 2426//106 4135//106 2428//106
f 2428//106 4135//106 4136//106
f 2428//75 4136//75 2430//75
f 2430//75 4136//75 4137//75
f 2430//107 4137//107 2432//107
f 2432//107 4137//107 4138//107
f 2432//108 4138//108 2434//108
f 2434//108 4138//108 4139//108
f 2434//110 4139//110 2436//110
f 2436//146 4139//146 4140//146
f 2436//111 4140//111 2438//111
f 2438//111 4140//111 4141//111
f 2438//112 4141//112 2440//112
f 2440//112 4141//112 4142//112
f 2440//114 4142//114 2442//114
f 2442//114 4142//114 4143//114
f 2442//115 4143//115 2444//115
f 2444//115 4143//115 4144//115
f 2444//116 4144//116 2446//116
f 2446//116 4144//116 4145//116
f 2446//118 4145//118 2448//118
f 2448//118 4145//118 4146//118
f 2448//119 4146//119 633//119
f 633//119 4146//119 4147//119
f 633//120 4147//120 2146//120
f 2146//120 4147//120 4148//120
f 2146//121 4148//121 2144//121
f 2144//121 4148//121 4149//121
f 2144//122 4149//122 2145//122
f 2145//122 4149//122 4150//122
f 2145//123 4150//123 2389//123
f 2389//123 4150//123 4151//123
f 2389//125 4151//125 2387//125
f 2387//125 4151//125 4152//125
f 2387//126 4152//126 2385//126
f 2385//126 4152//126 4153//126
f 2385//127 4153//127 2383//127
f 2383//127 4153//127 4154//127
f 2383//129 4154//129 2381//129
f 2381//139 4154//139 4155//139
f 2381//131 4155//131 2379//131
f 2379//147 4155//147 4156//147
f 2379//132 4156//132 2377//132
f 2377//132 4156//132 4157//132
f 2377//134 4157//134 2375//134
f 2375//134 4157//134 4158//134
f 2375//135 4158//135 2373//135
f 2373//135 4158//135 4112//135
f 1500//76 4159//76 1498//76
f 1498//76 4159//76 4160//76
f 1498//77 4160//77 1496//77
f 1496//77 4160//77 4161//77
f 1496//78 4161//78 1494//78
f 1494//78 4161//78 4162//78
f 1494//79 4162//79 1492//79
f 1492//79 4162//79 4163//79
f 1492//81 4163//81 1490//81
f 1490//81 4163//81 4164//81
f 1490//82 4164//82 1488//82
f 1488//82 4164//82 4165//82
f 1488//138 4165//138 1486//138
f 1486//84 4165//84 4166//84
f 1486//152 4166//152 1484//152
f 1484//85 4166//85 4167//85
f 1484//87 4167//87 1482//87
f 1482//87 4167//87 4168//87
f 1482//88 4168//88 1480//88
f 1480//88 4168//88 4169//88
f 1480//90 4169//90 1475//90
f 1475//90 4169//90 4170//90
f 1475//91 4170//91 1476//91
f 1476//91 4170//91 4171//91
f 1476//92 4171//92 2328//92
f 2328//92 4171//92 4172//92
f 2328//93 4172//93 2326//93
f 2326//93 4172//93 4173//93
f 2326//94 4173//94 2450//94
f 2450//94 4173//94 4174//94
f 2450//95 4174//95 2452//95
f 2452//95 4174//95 4175//95
f 2452//96 4175//96 2454//96
f 2454//97 4175//97 4176//97
f 2454//98 4176//98 2456//98
f 2456//154 4176//154 4177//154
f 2456//99 4177//99 2458//99
f 2458//99 4177//99 4178//99
f 2458//100 4178//100 2460//100
f 2460//101 4178//101 4179//101
f 2460//102 4179//102 2462//102
f 2462//102 4179//102 4180//102
f 2462//103 4180//103 2464//103
f 2464//103 4180//103 4181//103
f 2464//105 4181//105 2466//105
f 2466//105 4181//105 4182//105
f 2466//106 4182//106 2468//106
f 2468//106 4182//106 4183//106
f 2468//75 4183//75 2470//75
f 2470//75 4183//75 4184//75
f 2470//107 4184//107 2472//107
f 2472//107 4184//107 4185//107
f 2472//108 4185//108 2474//108
f 2474//108 4185//108 4186//108
f 2474//110 4186//110 2476//110
f 2476//110 4186//110 4187//110
f 2476//111 4187//111 2478//111
f 2478//111 4187//111 4188//111
f 2478//112 4188//112 2480//112
f 2480//113 4188//113 4189//113
f 2480//114 4189//114 2482//114
f 2482//114 4189//114 4190//114
f 2482//155 4190//155 2484//155
f 2484//115 4190//115 4191//115
f 2484//116 4191//116 2486//116
f 2486//117 4191//117 4192//117
f 2486//118 4192//118 2488//118
f 2488//118 4192//118 4193//118
f 2488//119 4193//119 2093//119
f 2093//119 4193//119 4194//119
f 2093//120 4194//120 1522//120
f 1522//120 4194//120 4195//120
f 1522//121 4195//121 1520//121
f 1520//121 4195//121 4196//121
f 1520//122 4196//122 1518//122
f 1518//122 4196//122 4197//122
f 1518//123 4197//123 1516//123
f 1516//123 4197//123 4198//123
f 1516//125 4198//125 1514//125
f 1514//125 4198//125 4199//125
f 1514//126 4199//126 1512//126
f 1512//126 4199//126 4200//126
f 1512//128 4200//128 1510//128
f 1510//153 4200//153 4201//153
f 1510//129 4201//129 1508//129
f 1508//139 4201//139 4202//139
f 1508//131 4202//131 1506//131
f 1506//131 4202//131 4203//131
f 1506//132 4203//132 1504//132
f 1504//132 4203//132 4204//132
f 1504//134 4204//134 1502//134
f 1502//134 4204//134 4205//134
f 1502//135 4205//135 1500//135
f 1500//135 4205//135 4159//135
f 2431//76 4206//76 2429//76
f 2429//76 4206//76 4207//76
f 2429//77 4207//77 2427//77
f 2427//77 4207//77 4208//77
f 2427//78 4208//78 2425//78
f 2425//78 4208//78 4209//78
f 2425//79 4209//79 2423//79
f 2423//80 4209//80 4210//80
f 2423//81 4210//81 2421//81
f 2421//81 4210//81 4211//81
f 2421//82 4211//82 2419//82
f 2419//82 4211//82 4212//82
f 2419//83 4212//83 2417//83
f 2417//84 4212//84 4213//84
f 2417//85 4213//85 2415//85
f 2415//86 4213//86 4214//86
f 2415//87 4214//87 2413//87
f 2413//87 4214//87 4215//87
f 2413//88 4215//88 2411//88
f 2411//89 4215//89 4216//89
f 2411//90 4216//90 2409//90
f 2409//90 4216//90 4217//90
f 2409//91 4217//91 1135//91
f 1135//91 4217//91 4218//91
f 1135//92 4218//92 1137//92
f 1137//92 4218//92 4219//92
f 1137//93 4219//93 1138//93
f 1138//93 4219//93 4220//93
f 1138//94 4220//94 1472//94
f 1472//94 4220//94 4221//94
f 1472//95 4221//95 1470//95
f 1470//95 4221//95 4222//95
f 1470//96 4222//96 1468//96
f 1468//97 4222//97 4223//97
f 1468//98 4223//98 1466//98
f 1466//98 4223//98 4224//98
f 1466//99 4224//99 1464//99
f 1464//99 4224//99 4225//99
f 1464//100 4225//100 1462//100
f 1462//101 4225//101 4226//101
f 1462//102 4226//102 1460//102
f 1460//102 4226//102 4227//102
f 1460//103 4227//103 1458//103
f 1458//104 4227//104 4228//104
f 1458//105 4228//105 1456//105
f 1456//105 4228//105 4229//105
f 1456//106 4229//106 1435//106
f 1435//106 4229//106 4230//106
f 1435//75 4230//75 1437//75
f 1437//75 4230//75 4231//75
f 1437//107 4231//107 1439//107
f 1439//107 4231//107 4232//107
f 1439//108 4232//108 1441//108
f 1441//108 4232//108 4233//108
f 1441//109 4233//109 1443//109
f 1443//110 4233//110 4234//110
f 1443//111 4234//111 1445//111
f 1445//111 4234//111 4235//111
f 1445//112 4235//112 1447//112
f 1447//113 4235//113 4236//113
f 1447//114 4236//114 1449//114
f 1449//114 4236//114 4237//114
f 1449//115 4237//115 1451//115
f 1451//115 4237//115 4238//115
f 1451//116 4238//116 1453//116
f 1453//117 4238//117 4239//117
f 1453//118 4239//118 1455//118
f 1455//118 4239//118 4240//118
f 1455//119 4240//119 642//119
f 642//119 4240//119 4241//119
f 642//120 4241//120 636//120
f 636//120 4241//120 4242//120
f 636//121 4242//121 634//121
f 634//121 4242//121 4243//121
f 634//122 4243//122 635//122
f 635//122 4243//122 4244//122
f 635//123 4244//123 2447//123
f 2447//123 4244//123 4245//123
f 2447//124 4245//124 2445//124
f 2445//125 4245//125 4246//125
f 2445//126 4246//126 2443//126
f 2443//126 4246//126 4247//126
f 2443//127 4247//127 2441//127
f 2441//128 4247//128 4248//128
f 2441//129 4248//129 2439//129
f 2439//130 4248//130 4249//130
f 2439//131 4249//131 2437//131
f 2437//131 4249//131 4250//131
f 2437//132 4250//132 2435//132
f 2435//132 4250//132 4251//132
f 2435//133 4251//133 2433//133
f 2433//134 4251//134 4252//134
f 2433//135 4252//135 2431//135
f 2431//135 4252//135 4206//135
f 545//76 4253//76 544//76
f 544//76 4253//76 4254//76
f 544//77 4254//77 582//77
f 582//77 4254//77 4255//77
f 582//78 4255//78 581//78
f 581//78 4255//78 4256//78
f 581//80 4256//80 580//80
f 580//79 4256//79 4257//79
f 580//81 4257//81 579//81
f 579//81 4257//81 4258//81
f 579//82 4258//82 578//82
f 578//82 4258//82 4259//82
f 578//84 4259//84 577//84
f 577//84 4259//84 4260//84
f 577//86 4260//86 576//86
f 576//152 4260//152 4261//152
f 576//87 4261//87 574//87
f 574//87 4261//87 4262//87
f 574//89 4262//89 575//89
f 575//89 4262//89 4263//89
f 575//90 4263//90 1945//90
f 1945//90 4263//90 4264//90
f 1945//91 4264//91 1943//91
f 1943//91 4264//91 4265//91
f 1943//92 4265//92 1942//92
f 1942//92 4265//92 4266//92
f 1942//93 4266//93 1940//93
f 1940//93 4266//93 4267//93
f 1940//94 4267//94 2407//94
f 2407//94 4267//94 4268//94
f 2407//95 4268//95 2405//95
f 2405//95 4268//95 4269//95
f 2405//97 4269//97 2403//97
f 2403//97 4269//97 4270//97
f 2403//98 4270//98 2401//98
f 2401//98 4270//98 4271//98
f 2401//99 4271//99 2399//99
f 2399//99 4271//99 4272//99
f 2399//101 4272//101 2397//101
f 2397//101 4272//101 4273//101
f 2397//102 4273//102 2395//102
f 2395//102 4273//102 4274//102
f 2395//103 4274//103 2393//103
f 2393//104 4274//104 4275//104
f 2393//105 4275//105 2391//105
f 2391//105 4275//105 4276//105
f 2391//106 4276//106 2370//106
f 2370//106 4276//106 4277//106
f 2370//75 4277//75 2372//75
f 2372//75 4277//75 4278//75
f 2372//107 4278//107 2374//107
f 2374//107 4278//107 4279//107
f 2374//108 4279//108 2376//108
f 2376//108 4279//108 4280//108
f 2376//109 4280//109 2378//109
f 2378//110 4280//110 4281//110
f 2378//111 4281//111 2380//111
f 2380//111 4281//111 4282//111
f 2380//112 4282//112 2382//112
f 2382//112 4282//112 4283//112
f 2382//114 4283//114 2384//114
f 2384//114 4283//114 4284//114
f 2384//115 4284//115 2386//115
f 2386//115 4284//115 4285//115
f 2386//116 4285//116 2388//116
f 2388//116 4285//116 4286//116
f 2388//118 4286//118 2390//118
f 2390//118 4286//118 4287//118
f 2390//119 4287//119 2143//119
f 2143//119 4287//119 4288//119
f 2143//120 4288//120 560//120
f 560//120 4288//120 4289//120
f 560//121 4289//121 558//121
f 558//121 4289//121 4290//121
f 558//122 4290//122 556//122
f 556//122 4290//122 4291//122
f 556//123 4291//123 554//123
f 554//123 4291//123 4292//123
f 554//124 4292//124 552//124
f 552//124 4292//124 4293//124
f 552//126 4293//126 551//126
f 551//126 4293//126 4294//126
f 551//153 4294//153 550//153
f 550//127 4294//127 4295//127
f 550//129 4295//129 549//129
f 549//129 4295//129 4296//129
f 549//131 4296//131 548//131
f 548//131 4296//131 4297//131
f 548//132 4297//132 547//132
f 547//132 4297//132 4298//132
f 547//134 4298//134 546//134
f 546//133 4298//133 4299//133
f 546//135 4299//135 545//135
f 545//135 4299//135 4253//135
f 1727//76 4300//76 1725//76
f 1725//76 4300//76 4301//76
f 1725//77 4301//77 1723//77
f 1723//77 4301//77 4302//77
f 1723//78 4302//78 1721//78
f 1721//78 4302//78 4303//78
f 1721//79 4303//79 1719//79
f 1719//79 4303//79 4304//79
f 1719//81 4304//81 1717//81
f 1717//81 4304//81 4305//81
f 1717//82 4305//82 1715//82
f 1715//82 4305//82 4306//82
f 1715//84 4306//84 1713//84
f 1713//138 4306//138 4307//138
f 1713//86 4307//86 1711//86
f 1711//86 4307//86 4308//86
f 1711//87 4308//87 1709//87
f 1709//87 4308//87 4309//87
f 1709//88 4309//88 1707//88
f 1707//88 4309//88 4310//88
f 1707//90 4310//90 1705//90
f 1705//90 4310//90 4311//90
f 1705//91 4311//91 1703//91
f 1703//91 4311//91 4312//91
f 1703//92 4312//92 1704//92
f 1704//92 4312//92 4313//92
f 1704//93 4313//93 1923//93
f 1923//93 4313//93 4314//93
f 1923//94 4314//94 1921//94
f 1921//94 4314//94 4315//94
f 1921//95 4315//95 1919//95
f 1919//95 4315//95 4316//95
f 1919//96 4316//96 1917//96
f 1917//97 4316//97 4317//97
f 1917//98 4317//98 1915//98
f 1915//98 4317//98 4318//98
f 1915//99 4318//99 1913//99
f 1913//99 4318//99 4319//99
f 1913//100 4319//100 1911//100
f 1911//100 4319//100 4320//100
f 1911//102 4320//102 1909//102
f 1909//102 4320//102 4321//102
f 1909//104 4321//104 1907//104
f 1907//104 4321//104 4322//104
f 1907//105 4322//105 1905//105
f 1905//105 4322//105 4323//105
f 1905//106 4323//106 1884//106
f 1884//106 4323//106 4324//106
f 1884//75 4324//75 1886//75
f 1886//75 4324//75 4325//75
f 1886//107 4325//107 1888//107
f 1888//107 4325//107 4326//107
f 1888//108 4326//108 1890//108
f 1890//108 4326//108 4327//108
f 1890//109 4327//109 1892//109
f 1892//109 4327//109 4328//109
f 1892//111 4328//111 1894//111
f 1894//111 4328//111 4329//111
f 1894//113 4329//113 1896//113
f 1896//113 4329//113 4330//113
f 1896//114 4330//114 1898//114
f 1898//114 4330//114 4331//114
f 1898//115 4331//115 1900//115
f 1900//115 4331//115 4332//115
f 1900//116 4332//116 1902//116
f 1902//117 4332//117 4333//117
f 1902//118 4333//118 1904//118
f 1904//118 4333//118 4334//118
f 1904//119 4334//119 1795//119
f 1795//119 4334//119 4335//119
f 1795//120 4335//120 1749//120
f 1749//120 4335//120 4336//120
f 1749//121 4336//121 1747//121
f 1747//121 4336//121 4337//121
f 1747//122 4337//122 1745//122
f 1745//122 4337//122 4338//122
f 1745//123 4338//123 1743//123
f 1743//123 4338//123 4339//123
f 1743//125 4339//125 1741//125
f 1741//125 4339//125 4340//125
f 1741//126 4340//126 1739//126
f 1739//126 4340//126 4341//126
f 1739//127 4341//127 1737//127
f 1737//127 4341//127 4342//127
f 1737//139 4342//139 1735//139
f 1735//129 4342//129 4343//129
f 1735//131 4343//131 1733//131
f 1733//131 4343//131 4344//131
f 1733//132 4344//132 1731//132
f 1731//132 4344//132 4345//132
f 1731//134 4345//134 1729//134
f 1729//134 4345//134 4346//134
f 1729//135 4346//135 1727//135
f 1727//135 4346//135 4300//135
f 2493//76 4347//76 2491//76
f 2491//76 4347//76 4348//76
f 2491//77 4348//77 2489//77
f 2489//77 4348//77 4349//77
f 2489//78 4349//78 2512//78
f 2512//78 4349//78 4350//78
f 2512//79 4350//79 2514//79
f 2514//79 4350//79 4351//79
f 2514//81 4351//81 2516//81
f 2516//81 4351//81 4352//81
f 2516//82 4352//82 2518//82
f 2518//136 4352//136 4353//136
f 2518//84 4353//84 2520//84
f 2520//84 4353//84 4354//84
f 2520//86 4354//86 2522//86
f 2522//86 4354//86 4355//86
f 2522//87 4355//87 2524//87
f 2524//87 4355//87 4356//87
f 2524//88 4356//88 2526//88
f 2526//88 4356//88 4357//88
f 2526//90 4357//90 2528//90
f 2528//90 4357//90 4358//90
f 2528//91 4358//91 1285//91
f 1285//91 4358//91 4359//91
f 1285//92 4359//92 1287//92
f 1287//92 4359//92 4360//92
f 1287//93 4360//93 1288//93
f 1288//93 4360//93 4361//93
f 1288//94 4361//94 1646//94
f 1646//94 4361//94 4362//94
f 1646//95 4362//95 1644//95
f 1644//95 4362//95 4363//95
f 1644//97 4363//97 1642//97
f 1642//96 4363//96 4364//96
f 1642//98 4364//98 1640//98
f 1640//98 4364//98 4365//98
f 1640//99 4365//99 1638//99
f 1638//99 4365//99 4366//99
f 1638//101 4366//101 1636//101
f 1636//100 4366//100 4367//100
f 1636//102 4367//102 1634//102
f 1634//102 4367//102 4368//102
f 1634//104 4368//104 1632//104
f 1632//103 4368//103 4369//103
f 1632//105 4369//105 1630//105
f 1630//105 4369//105 4370//105
f 1630//106 4370//106 1609//106
f 1609//106 4370//106 4371//106
f 1609//75 4371//75 1611//75
f 1611//75 4371//75 4372//75
f 1611//107 4372//107 1613//107
f 1613//107 4372//107 4373//107
f 1613//108 4373//108 1615//108
f 1615//108 4373//108 4374//108
f 1615//110 4374//110 1617//110
f 1617//109 4374//109 4375//109
f 1617//111 4375//111 1619//111
f 1619//111 4375//111 4376//111
f 1619//113 4376//113 1621//113
f 1621//112 4376//112 4377//112
f 1621//114 4377//114 1623//114
f 1623//114 4377//114 4378//114
f 1623//115 4378//115 1625//115
f 1625//115 4378//115 4379//115
f 1625//117 4379//117 1627//117
f 1627//116 4379//116 4380//116
f 1627//118 4380//118 1629//118
f 1629//118 4380//118 4381//118
f 1629//119 4381//119 692//119
f 692//119 4381//119 4382//119
f 692//120 4382//120 686//120
f 686//120 4382//120 4383//120
f 686//121 4383//121 507//121
f 507//121 4383//121 4384//121
f 507//122 4384//122 508//122
f 508//122 4384//122 4385//122
f 508//123 4385//123 2509//123
f 2509//123 4385//123 4386//123
f 2509//125 4386//125 2507//125
f 2507//125 4386//125 4387//125
f 2507//126 4387//126 2505//126
f 2505//126 4387//126 4388//126
f 2505//127 4388//127 2503//127
f 2503//127 4388//127 4389//127
f 2503//129 4389//129 2501//129
f 2501//129 4389//129 4390//129
f 2501//137 4390//137 2499//137
f 2499//131 4390//131 4391//131
f 2499//132 4391//132 2497//132
f 2497//132 4391//132 4392//132
f 2497//134 4392//134 2495//134
f 2495//134 4392//134 4393//134
f 2495//135 4393//135 2493//135
f 2493//135 4393//135 4347//135
f 2351//76 4394//76 2349//76
f 2349//76 4394//76 4395//76
f 2349//77 4395//77 2347//77
f 2347//77 4395//77 4396//77
f 2347//78 4396//78 2345//78
f 2345//78 4396//78 4397//78
f 2345//79 4397//79 2343//79
f 2343//79 4397//79 4398//79
f 2343//81 4398//81 2341//81
f 2341//81 4398//81 4399//81
f 2341//136 4399//136 2339//136
f 2339//82 4399//82 4400//82
f 2339//138 4400//138 2337//138
f 2337//84 4400//84 4401//84
f 2337//86 4401//86 2335//86
f 2335//85 4401//85 4402//85
f 2335//87 4402//87 2333//87
f 2333//87 4402//87 4403//87
f 2333//88 4403//88 2331//88
f 2331//88 4403//88 4404//88
f 2331//90 4404//90 2329//90
f 2329//90 4404//90 4405//90
f 2329//91 4405//91 1359//91
f 1359//91 4405//91 4406//91
f 1359//92 4406//92 1361//92
f 1361//92 4406//92 4407//92
f 1361//93 4407//93 1362//93
f 1362//93 4407//93 4408//93
f 1362//94 4408//94 1566//94
f 1566//94 4408//94 4409//94
f 1566//95 4409//95 1564//95
f 1564//95 4409//95 4410//95
f 1564//97 4410//97 1562//97
f 1562//96 4410//96 4411//96
f 1562//98 4411//98 1560//98
f 1560//98 4411//98 4412//98
f 1560//99 4412//99 1558//99
f 1558//99 4412//99 4413//99
f 1558//101 4413//101 1556//101
f 1556//100 4413//100 4414//100
f 1556//102 4414//102 1554//102
f 1554//102 4414//102 4415//102
f 1554//104 4415//104 1552//104
f 1552//104 4415//104 4416//104
f 1552//105 4416//105 1550//105
f 1550//105 4416//105 4417//105
f 1550//106 4417//106 1529//106
f 1529//106 4417//106 4418//106
f 1529//75 4418//75 1531//75
f 1531//75 4418//75 4419//75
f 1531//107 4419//107 1533//107
f 1533//107 4419//107 4420//107
f 1533//108 4420//108 1535//108
f 1535//108 4420//108 4421//108
f 1535//109 4421//109 1537//109
f 1537//109 4421//109 4422//109
f 1537//111 4422//111 1539//111
f 1539//111 4422//111 4423//111
f 1539//113 4423//113 1541//113
f 1541//112 4423//112 4424//112
f 1541//114 4424//114 1543//114
f 1543//114 4424//114 4425//114
f 1543//115 4425//115 1545//115
f 1545//115 4425//115 4426//115
f 1545//117 4426//117 1547//117
f 1547//116 4426//116 4427//116
f 1547//118 4427//118 1549//118
f 1549//118 4427//118 4428//118
f 1549//119 4428//119 885//119
f 885//119 4428//119 4429//119
f 885//120 4429//120 2529//120
f 2529//120 4429//120 4430//120
f 2529//121 4430//121 2240//121
f 2240//121 4430//121 4431//121
f 2240//122 4431//122 2241//122
f 2241//122 4431//122 4432//122
f 2241//123 4432//123 2367//123
f 2367//123 4432//123 4433//123
f 2367//125 4433//125 2365//125
f 2365//125 4433//125 4434//125
f 2365//126 4434//126 2363//126
f 2363//126 4434//126 4435//126
f 2363//128 4435//128 2361//128
f 2361//127 4435//127 4436//127
f 2361//129 4436//129 2359//129
f 2359//139 4436//139 4437//139
f 2359//131 4437//131 2357//131
f 2357//137 4437//137 4438//137
f 2357//132 4438//132 2355//132
f 2355//132 4438//132 4439//132
f 2355//134 4439//134 2353//134
f 2353//134 4439//134 4440//134
f 2353//135 4440//135 2351//135
f 2351//135 4440//135 4394//135
f 2471//76 4441//76 2469//76
f 2469//76 4441//76 4442//76
f 2469//77 4442//77 2467//77
f 2467//77 4442//77 4443//77
f 2467//78 4443//78 2465//78
f 2465//148 4443//148 4444//148
f 2465//80 4444//80 2463//80
f 2463//79 4444//79 4445//79
f 2463//81 4445//81 2461//81
f 2461//81 4445//81 4446//81
f 2461//82 4446//82 2459//82
f 2459//82 4446//82 4447//82
f 2459//138 4447//138 2457//138
f 2457//138 4447//138 4448//138
f 2457//85 4448//85 2455//85
f 2455//86 4448//86 4449//86
f 2455//87 4449//87 2453//87
f 2453//87 4449//87 4450//87
f 2453//88 4450//88 2451//88
f 2451//88 4450//88 4451//88
f 2451//90 4451//90 2449//90
f 2449//90 4451//90 4452//90
f 2449//91 4452//91 1164//91
f 1164//91 4452//91 4453//91
f 1164//92 4453//92 1166//92
f 1166//92 4453//92 4454//92
f 1166//93 4454//93 1167//93
f 1167//93 4454//93 4455//93
f 1167//94 4455//94 2527//94
f 2527//94 4455//94 4456//94
f 2527//95 4456//95 2525//95
f 2525//95 4456//95 4457//95
f 2525//97 4457//97 2523//97
f 2523//96 4457//96 4458//96
f 2523//98 4458//98 2521//98
f 2521//98 4458//98 4459//98
f 2521//99 4459//99 2519//99
f 2519//99 4459//99 4460//99
f 2519//100 4460//100 2517//100
f 2517//100 4460//100 4461//100
f 2517//102 4461//102 2515//102
f 2515//102 4461//102 4462//102
f 2515//104 4462//104 2513//104
f 2513//104 4462//104 4463//104
f 2513//105 4463//105 2511//105
f 2511//105 4463//105 4464//105
f 2511//106 4464//106 2490//106
f 2490//106 4464//106 4465//106
f 2490//75 4465//75 2492//75
f 2492//75 4465//75 4466//75
f 2492//107 4466//107 2494//107
f 2494//107 4466//107 4467//107
f 2494//108 4467//108 2496//108
f 2496//108 4467//108 4468//108
f 2496//109 4468//109 2498//109
f 2498//109 4468//109 4469//109
f 2498//111 4469//111 2500//111
f 2500//111 4469//111 4470//111
f 2500//113 4470//113 2502//113
f 2502//113 4470//113 4471//113
f 2502//114 4471//114 2504//114
f 2504//114 4471//114 4472//114
f 2504//115 4472//115 2506//115
f 2506//115 4472//115 4473//115
f 2506//117 4473//117 2508//117
f 2508//116 4473//116 4474//116
f 2508//118 4474//118 2510//118
f 2510//118 4474//118 4475//118
f 2510//119 4475//119 506//119
f 506//119 4475//119 4476//119
f 506//120 4476//120 2096//120
f 2096//120 4476//120 4477//120
f 2096//121 4477//121 2094//121
f 2094//121 4477//121 4478//121
f 2094//122 4478//122 2095//122
f 2095//122 4478//122 4479//122
f 2095//123 4479//123 2487//123
f 2487//123 4479//123 4480//123
f 2487//125 4480//125 2485//125
f 2485//125 4480//125 4481//125
f 2485//126 4481//126 2483//126
f 2483//126 4481//126 4482//126
f 2483//127 4482//127 2481//127
f 2481//128 4482//128 4483//128
f 2481//139 4483//139 2479//139
f 2479//139 4483//139 4484//139
f 2479//131 4484//131 2477//131
f 2477//131 4484//131 4485//131
f 2477//132 4485//132 2475//132
f 2475//132 4485//132 4486//132
f 2475//134 4486//134 2473//134
f 2473//133 4486//133 4487//133
f 2473//149 4487//149 2471//149
f 2471//135 4487//135 4441//135
f 1114//76 4488//76 1112//76
f 1112//76 4488//76 4489//76
f 1112//77 4489//77 1110//77
f 1110//77 4489//77 4490//77
f 1110//78 4490//78 1108//78
f 1108//78 4490//78 4491//78
f 1108//79 4491//79 1106//79
f 1106//80 4491//80 4492//80
f 1106//81 4492//81 1104//81
f 1104//81 4492//81 4493//81
f 1104//82 4493//82 1102//82
f 1102//82 4493//82 4494//82
f 1102//83 4494//83 1100//83
f 1100//84 4494//84 4495//84
f 1100//85 4495//85 1098//85
f 1098//86 4495//86 4496//86
f 1098//87 4496//87 1096//87
f 1096//87 4496//87 4497//87
f 1096//88 4497//88 1094//88
f 1094//89 4497//89 4498//89
f 1094//90 4498//90 1092//90
f 1092//90 4498//90 4499//90
f 1092//91 4499//91 1090//91
f 1090//91 4499//91 4500//91
f 1090//92 4500//92 1039//92
f 1039//92 4500//92 4501//92
f 1039//93 4501//93 1042//93
f 1042//93 4501//93 4502//93
f 1042//94 4502//94 1044//94
f 1044//94 4502//94 4503//94
f 1044//95 4503//95 1046//95
f 1046//95 4503//95 4504//95
f 1046//96 4504//96 1048//96
f 1048//97 4504//97 4505//97
f 1048//98 4505//98 1050//98
f 1050//98 4505//98 4506//98
f 1050//99 4506//99 1052//99
f 1052//99 4506//99 4507//99
f 1052//100 4507//100 1054//100
f 1054//101 4507//101 4508//101
f 1054//102 4508//102 1056//102
f 1056//102 4508//102 4509//102
f 1056//103 4509//103 1058//103
f 1058//104 4509//104 4510//104
f 1058//105 4510//105 1060//105
f 1060//105 4510//105 4511//105
f 1060//106 4511//106 1062//106
f 1062//106 4511//106 4512//106
f 1062//75 4512//75 1064//75
f 1064//75 4512//75 4513//75
f 1064//107 4513//107 1066//107
f 1066//107 4513//107 4514//107
f 1066//108 4514//108 1068//108
f 1068//108 4514//108 4515//108
f 1068//109 4515//109 1070//109
f 1070//110 4515//110 4516//110
f 1070//111 4516//111 1072//111
f 1072//111 4516//111 4517//111
f 1072//112 4517//112 1074//112
f 1074//113 4517//113 4518//113
f 1074//114 4518//114 1076//114
f 1076//114 4518//114 4519//114
f 1076//115 4519//115 1078//115
f 1078//115 4519//115 4520//115
f 1078//116 4520//116 1080//116
f 1080//117 4520//117 4521//117
f 1080//118 4521//118 1082//118
f 1082//118 4521//118 4522//118
f 1082//119 4522//119 1084//119
f 1084//119 4522//119 4523//119
f 1084//120 4523//120 1136//120
f 1136//120 4523//120 4524//120
f 1136//121 4524//121 1134//121
f 1134//121 4524//121 4525//121
f 1134//122 4525//122 1132//122
f 1132//122 4525//122 4526//122
f 1132//123 4526//123 1130//123
f 1130//123 4526//123 4527//123
f 1130//124 4527//124 1128//124
f 1128//125 4527//125 4528//125
f 1128//126 4528//126 1126//126
f 1126//126 4528//126 4529//126
f 1126//127 4529//127 1124//127
f 1124//128 4529//128 4530//128
f 1124//129 4530//129 1122//129
f 1122//130 4530//130 4531//130
f 1122//131 4531//131 1120//131
f 1120//131 4531//131 4532//131
f 1120//132 4532//132 1118//132
f 1118//132 4532//132 4533//132
f 1118//133 4533//133 1116//133
f 1116//134 4533//134 4534//134
f 1116//135 4534//135 1114//135
f 1114//135 4534//135 4488//135
f 1264//76 4535//76 1262//76
f 1262//76 4535//76 4536//76
f 1262//77 4536//77 1260//77
f 1260//77 4536//77 4537//77
f 1260//78 4537//78 1258//78
f 1258//78 4537//78 4538//78
f 1258//79 4538//79 1256//79
f 1256//79 4538//79 4539//79
f 1256//81 4539//81 1254//81
f 1254//81 4539//81 4540//81
f 1254//82 4540//82 1252//82
f 1252//136 4540//136 4541//136
f 1252//84 4541//84 1250//84
f 1250//84 4541//84 4542//84
f 1250//86 4542//86 1248//86
f 1248//86 4542//86 4543//86
f 1248//87 4543//87 1246//87
f 1246//87 4543//87 4544//87
f 1246//88 4544//88 1244//88
f 1244//88 4544//88 4545//88
f 1244//90 4545//90 1242//90
f 1242//90 4545//90 4546//90
f 1242//91 4546//91 1240//91
f 1240//91 4546//91 4547//91
f 1240//92 4547//92 1190//92
f 1190//92 4547//92 4548//92
f 1190//93 4548//93 1192//93
f 1192//93 4548//93 4549//93
f 1192//94 4549//94 1194//94
f 1194//94 4549//94 4550//94
f 1194//95 4550//95 1196//95
f 1196//95 4550//95 4551//95
f 1196//97 4551//97 1198//97
f 1198//96 4551//96 4552//96
f 1198//98 4552//98 1200//98
f 1200//98 4552//98 4553//98
f 1200//99 4553//99 1202//99
f 1202//99 4553//99 4554//99
f 1202//101 4554//101 1204//101
f 1204//100 4554//100 4555//100
f 1204//102 4555//102 1206//102
f 1206//102 4555//102 4556//102
f 1206//104 4556//104 1208//104
f 1208//103 4556//103 4557//103
f 1208//105 4557//105 1210//105
f 1210//105 4557//105 4558//105
f 1210//106 4558//106 1212//106
f 1212//106 4558//106 4559//106
f 1212//75 4559//75 1214//75
f 1214//75 4559//75 4560//75
f 1214//107 4560//107 1216//107
f 1216//107 4560//107 4561//107
f 1216//108 4561//108 1218//108
f 1218//108 4561//108 4562//108
f 1218//110 4562//110 1220//110
f 1220//109 4562//109 4563//109
f 1220//111 4563//111 1222//111
f 1222//111 4563//111 4564//111
f 1222//113 4564//113 1224//113
f 1224//112 4564//112 4565//112
f 1224//114 4565//114 1226//114
f 1226//114 4565//114 4566//114
f 1226//115 4566//115 1228//115
f 1228//115 4566//115 4567//115
f 1228//117 4567//117 1230//117
f 1230//116 4567//116 4568//116
f 1230//118 4568//118 1232//118
f 1232//118 4568//118 4569//118
f 1232//119 4569//119 1234//119
f 1234//119 4569//119 4570//119
f 1234//120 4570//120 1286//120
f 1286//120 4570//120 4571//120
f 1286//121 4571//121 1284//121
f 1284//121 4571//121 4572//121
f 1284//122 4572//122 1282//122
f 1282//122 4572//122 4573//122
f 1282//123 4573//123 1280//123
f 1280//123 4573//123 4574//123
f 1280//125 4574//125 1278//125
f 1278//125 4574//125 4575//125
f 1278//126 4575//126 1276//126
f 1276//126 4575//126 4576//126
f 1276//127 4576//127 1274//127
f 1274//127 4576//127 4577//127
f 1274//129 4577//129 1272//129
f 1272//129 4577//129 4578//129
f 1272//137 4578//137 1270//137
f 1270//131 4578//131 4579//131
f 1270//132 4579//132 1268//132
f 1268//132 4579//132 4580//132
f 1268//134 4580//134 1266//134
f 1266//134 4580//134 4581//134
f 1266//135 4581//135 1264//135
f 1264//135 4581//135 4535//135
f 315//76 4582//76 317//76
f 317//76 4582//76 4583//76
f 317//77 4583//77 319//77
f 319//77 4583//77 4584//77
f 319//78 4584//78 321//78
f 321//78 4584//78 4585//78
f 321//79 4585//79 323//79
f 323//79 4585//79 4586//79
f 323//81 4586//81 325//81
f 325//81 4586//81 4587//81
f 325//136 4587//136 327//136
f 327//136 4587//136 4588//136
f 327//138 4588//138 329//138
f 329//138 4588//138 4589//138
f 329//85 4589//85 331//85
f 331//85 4589//85 4590//85
f 331//87 4590//87 333//87
f 333//87 4590//87 4591//87
f 333//88 4591//88 335//88
f 335//88 4591//88 4592//88
f 335//90 4592//90 337//90
f 337//90 4592//90 4593//90
f 337//91 4593//91 339//91
f 339//91 4593//91 4594//91
f 339//92 4594//92 1333//92
f 1333//92 4594//92 4595//92
f 1333//93 4595//93 1331//93
f 1331//93 4595//93 4596//93
f 1331//94 4596//94 1329//94
f 1329//94 4596//94 4597//94
f 1329//95 4597//95 515//95
f 515//95 4597//95 4598//95
f 515//96 4598//96 514//96
f 514//97 4598//97 4599//97
f 514//98 4599//98 513//98
f 513//98 4599//98 4600//98
f 513//99 4600//99 512//99
f 512//99 4600//99 4601//99
f 512//100 4601//100 511//100
f 511//101 4601//101 4602//101
f 511//102 4602//102 510//102
f 510//102 4602//102 4603//102
f 510//103 4603//103 509//103
f 509//104 4603//104 4604//104
f 509//105 4604//105 2531//105
f 2531//105 4604//105 4605//105
f 2531//106 4605//106 2532//106
f 2532//106 4605//106 4606//106
f 2532//75 4606//75 2533//75
f 2533//75 4606//75 4607//75
f 2533//107 4607//107 2534//107
f 2534//107 4607//107 4608//107
f 2534//108 4608//108 2535//108
f 2535//108 4608//108 4609//108
f 2535//109 4609//109 2536//109
f 2536//110 4609//110 4610//110
f 2536//111 4610//111 2537//111
f 2537//111 4610//111 4611//111
f 2537//112 4611//112 2538//112
f 2538//113 4611//113 4612//113
f 2538//114 4612//114 2539//114
f 2539//114 4612//114 4613//114
f 2539//115 4613//115 2540//115
f 2540//115 4613//115 4614//115
f 2540//116 4614//116 2541//116
f 2541//117 4614//117 4615//117
f 2541//118 4615//118 2542//118
f 2542//118 4615//118 4616//118
f 2542//119 4616//119 2543//119
f 2543//119 4616//119 4617//119
f 2543//120 4617//120 293//120
f 293//120 4617//120 4618//120
f 293//121 4618//121 294//121
f 294//121 4618//121 4619//121
f 294//122 4619//122 297//122
f 297//122 4619//122 4620//122
f 297//123 4620//123 299//123
f 299//123 4620//123 4621//123
f 299//125 4621//125 301//125
f 301//125 4621//125 4622//125
f 301//126 4622//126 303//126
f 303//126 4622//126 4623//126
f 303//128 4623//128 305//128
f 305//128 4623//128 4624//128
f 305//139 4624//139 307//139
f 307//139 4624//139 4625//139
f 307//137 4625//137 309//137
f 309//137 4625//137 4626//137
f 309//132 4626//132 311//132
f 311//132 4626//132 4627//132
f 311//134 4627//134 313//134
f 313//134 4627//134 4628//134
f 313//135 4628//135 315//135
f 315//135 4628//135 4582//135
f 2262//76 4629//76 2260//76
f 2260//76 4629//76 4630//76
f 2260//77 4630//77 2258//77
f 2258//77 4630//77 4631//77
f 2258//78 4631//78 2256//78
f 2256//78 4631//78 4632//78
f 2256//79 4632//79 2254//79
f 2254//79 4632//79 4633//79
f 2254//81 4633//81 2252//81
f 2252//81 4633//81 4634//81
f 2252//136 4634//136 2250//136
f 2250//82 4634//82 4635//82
f 2250//138 4635//138 2248//138
f 2248//84 4635//84 4636//84
f 2248//86 4636//86 2246//86
f 2246//85 4636//85 4637//85
f 2246//87 4637//87 2244//87
f 2244//87 4637//87 4638//87
f 2244//88 4638//88 2242//88
f 2242//88 4638//88 4639//88
f 2242//90 4639//90 2237//90
f 2237//90 4639//90 4640//90
f 2237//91 4640//91 2238//91
f 2238//91 4640//91 4641//91
f 2238//92 4641//92 2530//92
f 2530//92 4641//92 4642//92
f 2530//93 4642//93 883//93
f 883//93 4642//93 4643//93
f 883//94 4643//94 881//94
f 881//94 4643//94 4644//94
f 881//95 4644//95 879//95
f 879//95 4644//95 4645//95
f 879//97 4645//97 877//97
f 877//96 4645//96 4646//96
f 877//98 4646//98 875//98
f 875//98 4646//98 4647//98
f 875//99 4647//99 873//99
f 873//99 4647//99 4648//99
f 873//101 4648//101 871//101
f 871//100 4648//100 4649//100
f 871//102 4649//102 869//102
f 869//102 4649//102 4650//102
f 869//104 4650//104 867//104
f 867//104 4650//104 4651//104
f 867//105 4651//105 865//105
f 865//105 4651//105 4652//105
f 865//106 4652//106 840//106
f 840//106 4652//106 4653//106
f 840//75 4653//75 842//75
f 842//75 4653//75 4654//75
f 842//107 4654//107 844//107
f 844//107 4654//107 4655//107
f 844//108 4655//108 846//108
f 846//108 4655//108 4656//108
f 846//109 4656//109 848//109
f 848//109 4656//109 4657//109
f 848//111 4657//111 850//111
f 850//111 4657//111 4658//111
f 850//113 4658//113 852//113
f 852//112 4658//112 4659//112
f 852//114 4659//114 854//114
f 854//114 4659//114 4660//114
f 854//115 4660//115 856//115
f 856//115 4660//115 4661//115
f 856//117 4661//117 858//117
f 858//116 4661//116 4662//116
f 858//118 4662//118 860//118
f 860//118 4662//118 4663//118
f 860//119 4663//119 862//119
f 862//119 4663//119 4664//119
f 862//120 4664//120 764//120
f 764//120 4664//120 4665//120
f 764//121 4665//121 765//121
f 765//121 4665//121 4666//121
f 765//122 4666//122 2280//122
f 2280//122 4666//122 4667//122
f 2280//123 4667//123 2278//123
f 2278//123 4667//123 4668//123
f 2278//125 4668//125 2276//125
f 2276//125 4668//125 4669//125
f 2276//126 4669//126 2274//126
f 2274//126 4669//126 4670//126
f 2274//128 4670//128 2272//128
f 2272//127 4670//127 4671//127
f 2272//129 4671//129 2270//129
f 2270//139 4671//139 4672//139
f 2270//131 4672//131 2268//131
f 2268//137 4672//137 4673//137
f 2268//132 4673//132 2266//132
f 2266//132 4673//132 4674//132
f 2266//134 4674//134 2264//134
f 2264//134 4674//134 4675//134
f 2264//135 4675//135 2262//135
f 2262//135 4675//135 4629//135
f 2212//76 4676//76 2210//76
f 2210//76 4676//76 4677//76
f 2210//77 4677//77 2208//77
f 2208//77 4677//77 4678//77
f 2208//148 4678//148 2206//148
f 2206//78 4678//78 4679//78
f 2206//79 4679//79 2204//79
f 2204//79 4679//79 4680//79
f 2204//81 4680//81 2202//81
f 2202//81 4680//81 4681//81
f 2202//136 4681//136 2200//136
f 2200//82 4681//82 4682//82
f 2200//138 4682//138 2198//138
f 2198//84 4682//84 4683//84
f 2198//86 4683//86 2196//86
f 2196//85 4683//85 4684//85
f 2196//87 4684//87 2194//87
f 2194//87 4684//87 4685//87
f 2194//88 4685//88 2192//88
f 2192//88 4685//88 4686//88
f 2192//90 4686//90 2190//90
f 2190//90 4686//90 4687//90
f 2190//91 4687//91 1695//91
f 1695//91 4687//91 4688//91
f 1695//92 4688//92 1697//92
f 1697//92 4688//92 4689//92
f 1697//93 4689//93 1698//93
f 1698//93 4689//93 4690//93
f 1698//94 4690//94 2047//94
f 2047//94 4690//94 4691//94
f 2047//95 4691//95 2045//95
f 2045//95 4691//95 4692//95
f 2045//96 4692//96 2043//96
f 2043//97 4692//97 4693//97
f 2043//98 4693//98 2041//98
f 2041//98 4693//98 4694//98
f 2041//99 4694//99 2039//99
f 2039//99 4694//99 4695//99
f 2039//100 4695//100 2037//100
f 2037//100 4695//100 4696//100
f 2037//102 4696//102 2035//102
f 2035//102 4696//102 4697//102
f 2035//104 4697//104 2033//104
f 2033//104 4697//104 4698//104
f 2033//105 4698//105 2031//105
f 2031//105 4698//105 4699//105
f 2031//106 4699//106 2006//106
f 2006//106 4699//106 4700//106
f 2006//75 4700//75 2008//75
f 2008//75 4700//75 4701//75
f 2008//107 4701//107 2010//107
f 2010//107 4701//107 4702//107
f 2010//108 4702//108 2012//108
f 2012//108 4702//108 4703//108
f 2012//109 4703//109 2014//109
f 2014//109 4703//109 4704//109
f 2014//111 4704//111 2016//111
f 2016//111 4704//111 4705//111
f 2016//113 4705//113 2018//113
f 2018//113 4705//113 4706//113
f 2018//114 4706//114 2020//114
f 2020//114 4706//114 4707//114
f 2020//115 4707//115 2022//115
f 2022//115 4707//115 4708//115
f 2022//116 4708//116 2024//116
f 2024//117 4708//117 4709//117
f 2024//118 4709//118 2026//118
f 2026//118 4709//118 4710//118
f 2026//119 4710//119 2028//119
f 2028//119 4710//119 4711//119
f 2028//120 4711//120 2030//120
f 2030//120 4711//120 4712//120
f 2030//121 4712//121 2232//121
f 2232//121 4712//121 4713//121
f 2232//122 4713//122 2230//122
f 2230//122 4713//122 4714//122
f 2230//123 4714//123 2228//123
f 2228//123 4714//123 4715//123
f 2228//125 4715//125 2226//125
f 2226//125 4715//125 4716//125
f 2226//126 4716//126 2224//126
f 2224//126 4716//126 4717//126
f 2224//128 4717//128 2222//128
f 2222//127 4717//127 4718//127
f 2222//129 4718//129 2220//129
f 2220//139 4718//139 4719//139
f 2220//131 4719//131 2218//131
f 2218//137 4719//137 4720//137
f 2218//132 4720//132 2216//132
f 2216//132 4720//132 4721//132
f 2216//134 4721//134 2214//134
f 2214//134 4721//134 4722//134
f 2214//135 4722//135 2212//135
f 2212//149 4722//149 4676//149
f 2170//76 4723//76 2168//76
f 2168//76 4723//76 4724//76
f 2168//77 4724//77 2166//77
f 2166//77 4724//77 4725//77
f 2166//78 4725//78 2164//78
f 2164//78 4725//78 4726//78
f 2164//79 4726//79 2162//79
f 2162//79 4726//79 4727//79
f 2162//81 4727//81 2160//81
f 2160//81 4727//81 4728//81
f 2160//82 4728//82 2158//82
f 2158//82 4728//82 4729//82
f 2158//138 4729//138 2156//138
f 2156//84 4729//84 4730//84
f 2156//152 4730//152 2154//152
f 2154//85 4730//85 4731//85
f 2154//87 4731//87 2152//87
f 2152//87 4731//87 4732//87
f 2152//88 4732//88 2150//88
f 2150//88 4732//88 4733//88
f 2150//90 4733//90 2148//90
f 2148//90 4733//90 4734//90
f 2148//91 4734//91 1521//91
f 1521//91 4734//91 4735//91
f 1521//92 4735//92 1523//92
f 1523//92 4735//92 4736//92
f 1523//93 4736//93 1524//93
f 1524//93 4736//93 4737//93
f 1524//94 4737//94 2090//94
f 2090//94 4737//94 4738//94
f 2090//95 4738//95 2088//95
f 2088//95 4738//95 4739//95
f 2088//96 4739//96 2086//96
f 2086//97 4739//97 4740//97
f 2086//98 4740//98 2084//98
f 2084//154 4740//154 4741//154
f 2084//99 4741//99 2082//99
f 2082//99 4741//99 4742//99
f 2082//100 4742//100 2080//100
f 2080//101 4742//101 4743//101
f 2080//102 4743//102 2078//102
f 2078//102 4743//102 4744//102
f 2078//103 4744//103 2076//103
f 2076//103 4744//103 4745//103
f 2076//105 4745//105 2074//105
f 2074//105 4745//105 4746//105
f 2074//106 4746//106 2050//106
f 2050//106 4746//106 4747//106
f 2050//75 4747//75 2052//75
f 2052//75 4747//75 4748//75
f 2052//107 4748//107 2054//107
f 2054//107 4748//107 4749//107
f 2054//108 4749//108 2056//108
f 2056//108 4749//108 4750//108
f 2056//110 4750//110 2058//110
f 2058//110 4750//110 4751//110
f 2058//111 4751//111 2060//111
f 2060//111 4751//111 4752//111
f 2060//112 4752//112 2062//112
f 2062//113 4752//113 4753//113
f 2062//114 4753//114 2064//114
f 2064//114 4753//114 4754//114
f 2064//155 4754//155 2066//155
f 2066//115 4754//115 4755//115
f 2066//116 4755//116 2068//116
f 2068//117 4755//117 4756//117
f 2068//118 4756//118 2070//118
f 2070//118 4756//118 4757//118
f 2070//119 4757//119 2072//119
f 2072//119 4757//119 4758//119
f 2072//120 4758//120 611//120
f 611//120 4758//120 4759//120
f 611//121 4759//121 612//121
f 612//121 4759//121 4760//121
f 612//122 4760//122 2188//122
f 2188//122 4760//122 4761//122
f 2188//123 4761//123 2186//123
f 2186//123 4761//123 4762//123
f 2186//125 4762//125 2184//125
f 2184//125 4762//125 4763//125
f 2184//126 4763//126 2182//126
f 2182//126 4763//126 4764//126
f 2182//128 4764//128 2180//128
f 2180//153 4764//153 4765//153
f 2180//129 4765//129 2178//129
f 2178//139 4765//139 4766//139
f 2178//131 4766//131 2176//131
f 2176//131 4766//131 4767//131
f 2176//132 4767//132 2174//132
f 2174//132 4767//132 4768//132
f 2174//134 4768//134 2172//134
f 2172//134 4768//134 4769//134
f 2172//135 4769//135 2170//135
f 2170//135 4769//135 4723//135
f 2544//76 4770//76 2545//76
f 2545//76 4770//76 4771//76
f 2545//77 4771//77 2546//77
f 2546//77 4771//77 4772//77
f 2546//78 4772//78 2547//78
f 2547//78 4772//78 4773//78
f 2547//80 4773//80 566//80
f 566//79 4773//79 4774//79
f 566//81 4774//81 567//81
f 567//81 4774//81 4775//81
f 567//82 4775//82 563//82
f 563//82 4775//82 4776//82
f 563//84 4776//84 564//84
f 564//84 4776//84 4777//84
f 564//86 4777//86 565//86
f 565//152 4777//152 4778//152
f 565//87 4778//87 553//87
f 553//87 4778//87 4779//87
f 553//89 4779//89 555//89
f 555//89 4779//89 4780//89
f 555//90 4780//90 557//90
f 557//90 4780//90 4781//90
f 557//91 4781//91 559//91
f 559//91 4781//91 4782//91
f 559//92 4782//92 561//92
f 561//92 4782//92 4783//92
f 561//93 4783//93 562//93
f 562//93 4783//93 4784//93
f 562//94 4784//94 2140//94
f 2140//94 4784//94 4785//94
f 2140//95 4785//95 2138//95
f 2138//95 4785//95 4786//95
f 2138//97 4786//97 2136//97
f 2136//97 4786//97 4787//97
f 2136//98 4787//98 2134//98
f 2134//98 4787//98 4788//98
f 2134//99 4788//99 2132//99
f 2132//99 4788//99 4789//99
f 2132//101 4789//101 2130//101
f 2130//101 4789//101 4790//101
f 2130//102 4790//102 2128//102
f 2128//102 4790//102 4791//102
f 2128//103 4791//103 2126//103
f 2126//104 4791//104 4792//104
f 2126//105 4792//105 2124//105
f 2124//105 4792//105 4793//105
f 2124//106 4793//106 2099//106
f 2099//106 4793//106 4794//106
f 2099//75 4794//75 2101//75
f 2101//75 4794//75 4795//75
f 2101//107 4795//107 2103//107
f 2103//107 4795//107 4796//107
f 2103//108 4796//108 2105//108
f 2105//108 4796//108 4797//108
f 2105//109 4797//109 2107//109
f 2107//110 4797//110 4798//110
f 2107//111 4798//111 2109//111
f 2109//111 4798//111 4799//111
f 2109//112 4799//112 2111//112
f 2111//112 4799//112 4800//112
f 2111//114 4800//114 2113//114
f 2113//114 4800//114 4801//114
f 2113//115 4801//115 2115//115
f 2115//115 4801//115 4802//115
f 2115//116 4802//116 2117//116
f 2117//116 4802//116 4803//116
f 2117//118 4803//118 2119//118
f 2119//118 4803//118 4804//118
f 2119//119 4804//119 2121//119
f 2121//119 4804//119 4805//119
f 2121//120 4805//120 2123//120
f 2123//120 4805//120 4806//120
f 2123//121 4806//121 455//121
f 455//121 4806//121 4807//121
f 455//122 4807//122 456//122
f 456//122 4807//122 4808//122
f 456//123 4808//123 457//123
f 457//123 4808//123 4809//123
f 457//124 4809//124 2548//124
f 2548//124 4809//124 4810//124
f 2548//126 4810//126 2549//126
f 2549//126 4810//126 4811//126
f 2549//153 4811//153 2550//153
f 2550//127 4811//127 4812//127
f 2550//129 4812//129 2551//129
f 2551//129 4812//129 4813//129
f 2551//131 4813//131 2552//131
f 2552//131 4813//131 4814//131
f 2552//132 4814//132 2553//132
f 2553//132 4814//132 4815//132
f 2553//134 4815//134 2554//134
f 2554//133 4815//133 4816//133
f 2554//135 4816//135 2544//135
f 2544//135 4816//135 4770//135
f 2556//156 2560//156 344//156
f 344//156 2560//156 348//156
f 292//157 454//157 291//157
f 291//157 454//157 2557//157
f 291//158 4618//158 289//158
f 289//158 4618//158 4617//158
f 289//158 4617//158 4616//158
f 2557//158 3772//158 291//158
f 291//158 3772//158 4712//158
f 291//158 4712//158 3584//158
f 3584//158 4712//158 3585//158
f 3585//158 4712//158 4711//158
f 3585//158 4711//158 3586//158
f 3586//158 4711//158 4710//158
f 3586//158 4710//158 3587//158
f 3587//158 4710//158 4709//158
f 3587//158 4709//158 3588//158
f 3588//158 4709//158 4708//158
f 3588//158 4708//158 3589//158
f 3589//158 4708//158 4707//158
f 3589//158 4707//158 3590//158
f 3590//158 4707//158 4706//158
f 3590//158 4706//158 3591//158
f 3591//158 4706//158 4705//158
f 3591//158 4705//158 3592//158
f 3592//158 4705//158 4704//158
f 3592//158 4704//158 3593//158
f 3593//158 4704//158 4703//158
f 3593//158 4703//158 3594//158
f 3594//158 4703//158 4702//158
f 3594//158 4702//158 3548//158
f 3548//158 4702//158 4701//158
f 3548//158 4701//158 3549//158
f 3549//158 4701//158 4700//158
f 3549//158 4700//158 3550//158
f 3550//158 4700//158 4699//158
f 3550//158 4699//158 3551//158
f 3551//158 4699//158 4698//158
f 3551//158 4698//158 3552//158
f 3552//158 4698//158 4697//158
f 3552//158 4697//158 3553//158
f 3553//158 4697//158 4696//158
f 3553//158 4696//158 3554//158
f 3554//158 4696//158 4695//158
f 3554//158 4695//158 3555//158
f 3555//158 4695//158 4694//158
f 3555//158 4694//158 3556//158
f 3556//158 4694//158 4693//158
f 3556//158 4693//158 3557//158
f 3557//158 4693//158 4692//158
f 3557//158 4692//158 3558//158
f 3558//158 4692//158 4691//158
f 3558//158 4691//158 3559//158
f 3559//158 4691//158 4690//158
f 3559//158 4690//158 3560//158
f 3560//158 4690//158 3303//158
f 3560//158 3303//158 3302//158
f 2558//158 4807//158 2557//158
f 2557//158 4807//158 4806//158
f 2557//158 4806//158 3679//158
f 3679//158 4806//158 4805//158
f 3679//158 4805//158 3680//158
f 3680//158 4805//158 4804//158
f 3680//158 4804//158 3681//158
f 3681//158 4804//158 4803//158
f 3681//158 4803//158 3682//158
f 3682//158 4803//158 4802//158
f 3682//158 4802//158 3683//158
f 3683//158 4802//158 4801//158
f 3683//158 4801//158 3684//158
f 3684//158 4801//158 4800//158
f 3684//158 4800//158 3685//158
f 3685//158 4800//158 4799//158
f 3685//158 4799//158 3686//158
f 3686//158 4799//158 4798//158
f 3686//158 4798//158 3687//158
f 3687//158 4798//158 4797//158
f 3687//158 4797//158 3688//158
f 3688//158 4797//158 4796//158
f 3688//158 4796//158 3642//158
f 3642//158 4796//158 4795//158
f 3642//158 4795//158 3643//158
f 3643//158 4795//158 4794//158
f 3643//158 4794//158 3644//158
f 3644//158 4794//158 4793//158
f 3644//158 4793//158 3645//158
f 3645//158 4793//158 4792//158
f 3645//158 4792//158 3646//158
f 3646//158 4792//158 4791//158
f 3646//158 4791//158 3647//158
f 3647//158 4791//158 4790//158
f 3647//158 4790//158 3648//158
f 3648//158 4790//158 4789//158
f 3648//158 4789//158 3649//158
f 3649//158 4789//158 4788//158
f 3649//158 4788//158 3650//158
f 3650//158 4788//158 4787//158
f 3650//158 4787//158 3651//158
f 3651//158 4787//158 4786//158
f 3651//158 4786//158 3652//158
f 3652//158 4786//158 4785//158
f 3652//158 4785//158 3653//158
f 3653//158 4785//158 4784//158
f 3653//158 4784//158 3654//158
f 3654//158 4784//158 4149//158
f 3654//158 4149//158 4148//158
f 2559//158 255//158 2558//158
f 2558//158 255//158 257//158
f 2558//158 257//158 259//158
f 2560//158 3372//158 2559//158
f 2559//158 3372//158 3371//158
f 2559//158 3371//158 3370//158
f 2556//158 3890//158 2560//158
f 2560//158 3890//158 4548//158
f 2560//158 4548//158 2856//158
f 2856//158 4548//158 4547//158
f 2856//158 4547//158 2857//158
f 2857//158 4547//158 4546//158
f 2857//158 4546//158 2858//158
f 2858//158 4546//158 4545//158
f 2858//158 4545//158 2859//158
f 2859//158 4545//158 4544//158
f 2859//158 4544//158 2860//158
f 2860//158 4544//158 4543//158
f 2860//158 4543//158 2861//158
f 2861//158 4543//158 4542//158
f 2861//158 4542//158 2862//158
f 2862//158 4542//158 4541//158
f 2862//158 4541//158 2863//158
f 2863//158 4541//158 4540//158
f 2863//158 4540//158 2864//158
f 2864//158 4540//158 4539//158
f 2864//158 4539//158 2865//158
f 2865//158 4539//158 4538//158
f 2865//158 4538//158 2866//158
f 2866//158 4538//158 4537//158
f 2866//158 4537//158 2867//158
f 2867//158 4537//158 4536//158
f 2867//158 4536//158 2868//158
f 2868//158 4536//158 4535//158
f 2868//158 4535//158 2869//158
f 2869//158 4535//158 4581//158
f 2869//158 4581//158 2870//158
f 2870//158 4581//158 4580//158
f 2870//158 4580//158 2871//158
f 2871//158 4580//158 4579//158
f 2871//158 4579//158 2872//158
f 2872//158 4579//158 4578//158
f 2872//158 4578//158 2873//158
f 2873//158 4578//158 4577//158
f 2873//158 4577//158 2874//158
f 2874//158 4577//158 4576//158
f 2874//158 4576//158 2875//158
f 2875//158 4576//158 4575//158
f 2875//158 4575//158 2876//158
f 2876//158 4575//158 4574//158
f 2876//158 4574//158 2877//158
f 2877//158 4574//158 4573//158
f 2877//158 4573//158 2878//158
f 2878//158 4573//158 4572//158
f 2878//158 4572//158 4455//158
f 4455//158 4572//158 4359//158
f 4455//158 4359//158 4358//158
f 2555//158 3514//158 2556//158
f 2556//158 3514//158 3513//158
f 2556//158 3513//158 2762//158
f 2762//158 3513//158 2763//158
f 2763//158 3513//158 3512//158
f 2763//158 3512//158 2764//158
f 2764//158 3512//158 3511//158
f 2764//158 3511//158 2765//158
f 2765//158 3511//158 3510//158
f 2765//158 3510//158 2766//158
f 2766//158 3510//158 3509//158
f 2766//158 3509//158 2767//158
f 2767//158 3509//158 3508//158
f 2767//158 3508//158 2768//158
f 2768//158 3508//158 3507//158
f 2768//158 3507//158 2769//158
f 2769//158 3507//158 3506//158
f 2769//158 3506//158 2770//158
f 2770//158 3506//158 3505//158
f 2770//158 3505//158 2771//158
f 2771//158 3505//158 3504//158
f 2771//158 3504//158 2772//158
f 2772//158 3504//158 3503//158
f 2772//158 3503//158 2773//158
f 2773//158 3503//158 3502//158
f 2773//158 3502//158 2774//158
f 2774//158 3502//158 3501//158
f 2774//158 3501//158 2775//158
f 2775//158 3501//158 3547//158
f 2775//158 3547//158 2776//158
f 2776//158 3547//158 3546//158
f 2776//158 3546//158 2777//158
f 2777//158 3546//158 3545//158
f 2777//158 3545//158 2778//158
f 2778//158 3545//158 3544//158
f 2778//158 3544//158 2779//158
f 2779//158 3544//158 3543//158
f 2779//158 3543//158 2780//158
f 2780//158 3543//158 3542//158
f 2780//158 3542//158 2781//158
f 2781//158 3542//158 3541//158
f 2781//158 3541//158 2782//158
f 2782//158 3541//158 3540//158
f 2782//158 3540//158 2783//158
f 2783//158 3540//158 3539//158
f 2783//158 3539//158 2784//158
f 2784//158 3539//158 3538//158
f 2784//158 3538//158 4032//158
f 4032//158 3538//158 2902//158
f 4032//158 2902//158 2901//158
f 289//158 75//158 2555//158
f 2555//158 75//158 77//158
f 2555//158 77//158 79//158
f 79//158 81//158 2555//158
f 2555//158 81//158 83//158
f 2555//158 83//158 85//158
f 85//158 87//158 2555//158
f 2555//158 87//158 89//158
f 2555//158 89//158 3528//158
f 3528//158 89//158 3529//158
f 3529//158 89//158 3530//158
f 3530//158 89//158 3531//158
f 3531//158 89//158 91//158
f 3531//158 91//158 3532//158
f 3532//158 91//158 3533//158
f 3533//158 91//158 3534//158
f 3534//158 91//158 2906//158
f 3534//158 2906//158 2905//158
f 2906//158 91//158 2907//158
f 2907//158 91//158 93//158
f 2907//158 93//158 2908//158
f 2908//158 93//158 2909//158
f 2909//158 93//158 2910//158
f 2910//158 93//158 95//158
f 2910//158 95//158 2911//158
f 2911//158 95//158 97//158
f 2911//158 97//158 2912//158
f 2912//158 97//158 99//158
f 2912//158 99//158 101//158
f 2912//158 101//158 2913//158
f 2913//158 101//158 103//158
f 2913//158 103//158 105//158
f 105//158 107//158 2913//158
f 2913//158 107//158 2914//158
f 2914//158 107//158 109//158
f 2914//158 109//158 111//158
f 2914//158 111//158 2915//158
f 2915//158 111//158 113//158
f 2915//158 113//158 115//158
f 2915//158 115//158 2916//158
f 2916//158 115//158 117//158
f 2916//158 117//158 119//158
f 119//158 121//158 2916//158
f 2916//158 121//158 2917//158
f 2917//158 121//158 123//158
f 2917//158 123//158 125//158
f 2917//158 125//158 2918//158
f 2918//158 125//158 127//158
f 2918//158 127//158 2919//158
f 2919//158 127//158 129//158
f 2919//158 129//158 2920//158
f 2920//158 129//158 2921//158
f 2921//158 129//158 2922//158
f 2922//158 129//158 131//158
f 2922//158 131//158 2923//158
f 2923//158 131//158 4598//158
f 2923//158 4598//158 2924//158
f 2924//158 4598//158 4597//158
f 2924//158 4597//158 2925//158
f 2925//158 4597//158 4596//158
f 2925//158 4596//158 2926//158
f 2926//158 4596//158 4595//158
f 2926//158 4595//158 4594//158
f 133//158 4601//158 131//158
f 131//158 4601//158 4600//158
f 131//158 4600//158 4599//158
f 135//158 289//158 133//158
f 133//158 289//158 4604//158
f 133//158 4604//158 4603//158
f 135//158 137//158 289//158
f 289//158 137//158 139//158
f 289//158 139//158 141//158
f 141//158 143//158 289//158
f 289//158 143//158 73//158
f 289//158 73//158 75//158
f 217//158 219//158 4254//158
f 4254//158 219//158 221//158
f 4254//158 221//158 4255//158
f 4255//158 221//158 223//158
f 4255//158 223//158 225//158
f 4255//158 225//158 4256//158
f 4256//158 225//158 227//158
f 4256//158 227//158 229//158
f 229//158 231//158 4256//158
f 4256//158 231//158 4257//158
f 4257//158 231//158 233//158
f 4257//158 233//158 235//158
f 4257//158 235//158 4258//158
f 4258//158 235//158 237//158
f 4258//158 237//158 4259//158
f 4259//158 237//158 4260//158
f 4260//158 237//158 4261//158
f 4261//158 237//158 239//158
f 4261//158 239//158 4262//158
f 4262//158 239//158 3400//158
f 4262//158 3400//158 4263//158
f 4263//158 3400//158 3399//158
f 4263//158 3399//158 4264//158
f 4264//158 3399//158 3398//158
f 4264//158 3398//158 3397//158
f 241//158 3403//158 239//158
f 239//158 3403//158 3402//158
f 239//158 3402//158 3401//158
f 243//158 2559//158 241//158
f 241//158 2559//158 3405//158
f 241//158 3405//158 3404//158
f 243//158 245//158 2559//158
f 2559//158 245//158 247//158
f 2559//158 247//158 249//158
f 249//158 251//158 2559//158
f 2559//158 251//158 253//158
f 2559//158 253//158 255//158
f 259//158 261//158 2558//158
f 2558//158 261//158 263//158
f 2558//158 263//158 265//158
f 265//158 267//158 2558//158
f 2558//158 267//158 269//158
f 2558//158 269//158 4774//158
f 4774//158 269//158 4775//158
f 4775//158 269//158 4776//158
f 4776//158 269//158 271//158
f 4776//158 271//158 4777//158
f 4777//158 271//158 4778//158
f 4778//158 271//158 4779//158
f 4779//158 271//158 4293//158
f 4779//158 4293//158 4292//158
f 4293//158 271//158 4294//158
f 4294//158 271//158 273//158
f 4294//158 273//158 4295//158
f 4295//158 273//158 4296//158
f 4296//158 273//158 4297//158
f 4297//158 273//158 275//158
f 4297//158 275//158 4298//158
f 4298//158 275//158 277//158
f 4298//158 277//158 279//158
f 4298//158 279//158 4299//158
f 4299//158 279//158 281//158
f 4299//158 281//158 283//158
f 283//158 285//158 4299//158
f 4299//158 285//158 4253//158
f 4253//158 285//158 287//158
f 4253//158 287//158 217//158
f 4253//158 217//158 4254//158
f 2561//158 3667//158 2562//158
f 2562//158 3667//158 3666//158
f 2562//158 3666//158 2563//158
f 2563//158 3666//158 3665//158
f 2563//158 3665//158 2564//158
f 2564//158 3665//158 3664//158
f 2564//158 3664//158 2565//158
f 2565//158 3664//158 3663//158
f 2565//158 3663//158 2566//158
f 2566//158 3663//158 3662//158
f 2566//158 3662//158 2567//158
f 2567//158 3662//158 3661//158
f 2567//158 3661//158 2568//158
f 2568//158 3661//158 3660//158
f 2568//158 3660//158 2569//158
f 2569//158 3660//158 3659//158
f 2569//158 3659//158 2570//158
f 2570//158 3659//158 3658//158
f 2570//158 3658//158 2571//158
f 2571//158 3658//158 3657//158
f 2571//158 3657//158 2572//158
f 2572//158 3657//158 3656//158
f 2572//158 3656//158 2573//158
f 2573//158 3656//158 4243//158
f 2573//158 4243//158 4242//158
f 3667//158 2561//158 3668//158
f 3668//158 2561//158 2607//158
f 3668//158 2607//158 3669//158
f 3669//158 2607//158 2606//158
f 3669//158 2606//158 3670//158
f 3670//158 2606//158 2605//158
f 3670//158 2605//158 3671//158
f 3671//158 2605//158 2604//158
f 3671//158 2604//158 3672//158
f 3672//158 2604//158 2603//158
f 3672//158 2603//158 3673//158
f 3673//158 2603//158 2602//158
f 3673//158 2602//158 3674//158
f 3674//158 2602//158 2601//158
f 3674//158 2601//158 3675//158
f 3675//158 2601//158 2600//158
f 3675//158 2600//158 3676//158
f 3676//158 2600//158 2599//158
f 3676//158 2599//158 3677//158
f 3677//158 2599//158 2598//158
f 3677//158 2598//158 3678//158
f 3678//158 2598//158 2597//158
f 3678//158 2597//158 2557//158
f 2557//158 2597//158 3725//158
f 2557//158 3725//158 4759//158
f 4759//158 3725//158 4760//158
f 4760//158 3725//158 3724//158
f 4760//158 3724//158 4761//158
f 4761//158 3724//158 3723//158
f 4761//158 3723//158 4762//158
f 4762//158 3723//158 3722//158
f 4762//158 3722//158 4763//158
f 4763//158 3722//158 3721//158
f 4763//158 3721//158 4764//158
f 4764//158 3721//158 3720//158
f 4764//158 3720//158 4765//158
f 4765//158 3720//158 3719//158
f 4765//158 3719//158 4766//158
f 4766//158 3719//158 3718//158
f 4766//158 3718//158 4767//158
f 4767//158 3718//158 3717//158
f 4767//158 3717//158 4768//158
f 4768//158 3717//158 3716//158
f 4768//158 3716//158 4769//158
f 4769//158 3716//158 3715//158
f 4769//158 3715//158 4723//158
f 4723//158 3715//158 3714//158
f 4723//158 3714//158 4724//158
f 4724//158 3714//158 3713//158
f 4724//158 3713//158 4725//158
f 4725//158 3713//158 3712//158
f 4725//158 3712//158 4726//158
f 4726//158 3712//158 3711//158
f 4726//158 3711//158 4727//158
f 4727//158 3711//158 3710//158
f 4727//158 3710//158 4728//158
f 4728//158 3710//158 3709//158
f 4728//158 3709//158 4729//158
f 4729//158 3709//158 3708//158
f 4729//158 3708//158 4730//158
f 4730//158 3708//158 3707//158
f 4730//158 3707//158 4731//158
f 4731//158 3707//158 3706//158
f 4731//158 3706//158 4732//158
f 4732//158 3706//158 3705//158
f 4732//158 3705//158 4733//158
f 4733//158 3705//158 3704//158
f 4733//158 3704//158 4734//158
f 4734//158 3704//158 3703//158
f 4734//158 3703//158 4735//158
f 4735//158 3703//158 4196//158
f 4735//158 4196//158 4195//158
f 3725//158 2597//158 3726//158
f 3726//158 2597//158 2596//158
f 3726//158 2596//158 3727//158
f 3727//158 2596//158 2595//158
f 3727//158 2595//158 3728//158
f 3728//158 2595//158 2594//158
f 3728//158 2594//158 3729//158
f 3729//158 2594//158 2593//158
f 3729//158 2593//158 3730//158
f 3730//158 2593//158 2592//158
f 3730//158 2592//158 3731//158
f 3731//158 2592//158 2591//158
f 3731//158 2591//158 3732//158
f 3732//158 2591//158 2590//158
f 3732//158 2590//158 3733//158
f 3733//158 2590//158 2589//158
f 3733//158 2589//158 3734//158
f 3734//158 2589//158 2588//158
f 3734//158 2588//158 3735//158
f 3735//158 2588//158 2587//158
f 3735//158 2587//158 3689//158
f 3689//158 2587//158 2586//158
f 3689//158 2586//158 3690//158
f 3690//158 2586//158 2585//158
f 3690//158 2585//158 3691//158
f 3691//158 2585//158 2584//158
f 3691//158 2584//158 3692//158
f 3692//158 2584//158 2583//158
f 3692//158 2583//158 3693//158
f 3693//158 2583//158 2582//158
f 3693//158 2582//158 3694//158
f 3694//158 2582//158 2581//158
f 3694//158 2581//158 3695//158
f 3695//158 2581//158 2580//158
f 3695//158 2580//158 3696//158
f 3696//158 2580//158 2579//158
f 3696//158 2579//158 3697//158
f 3697//158 2579//158 2578//158
f 3697//158 2578//158 3698//158
f 3698//158 2578//158 2577//158
f 3698//158 2577//158 3699//158
f 3699//158 2577//158 2576//158
f 3699//158 2576//158 3700//158
f 3700//158 2576//158 2575//158
f 3700//158 2575//158 3701//158
f 3701//158 2575//158 3021//158
f 3701//158 3021//158 3020//158
f 2574//158 4242//158 2575//158
f 2575//158 4242//158 4241//158
f 2575//158 4241//158 3021//158
f 3021//158 4241//158 3022//158
f 3022//158 4241//158 4240//158
f 3022//158 4240//158 3023//158
f 3023//158 4240//158 4239//158
f 3023//158 4239//158 3024//158
f 3024//158 4239//158 4238//158
f 3024//158 4238//158 3025//158
f 3025//158 4238//158 4237//158
f 3025//158 4237//158 3026//158
f 3026//158 4237//158 4236//158
f 3026//158 4236//158 3027//158
f 3027//158 4236//158 4235//158
f 3027//158 4235//158 3028//158
f 3028//158 4235//158 4234//158
f 3028//158 4234//158 3029//158
f 3029//158 4234//158 4233//158
f 3029//158 4233//158 3030//158
f 3030//158 4233//158 4232//158
f 3030//158 4232//158 2984//158
f 2984//158 4232//158 4231//158
f 2984//158 4231//158 2985//158
f 2985//158 4231//158 4230//158
f 2985//158 4230//158 2986//158
f 2986//158 4230//158 4229//158
f 2986//158 4229//158 2987//158
f 2987//158 4229//158 4228//158
f 2987//158 4228//158 2988//158
f 2988//158 4228//158 4227//158
f 2988//158 4227//158 2989//158
f 2989//158 4227//158 4226//158
f 2989//158 4226//158 2990//158
f 2990//158 4226//158 4225//158
f 2990//158 4225//158 2991//158
f 2991//158 4225//158 4224//158
f 2991//158 4224//158 2992//158
f 2992//158 4224//158 4223//158
f 2992//158 4223//158 2993//158
f 2993//158 4223//158 4222//158
f 2993//158 4222//158 2994//158
f 2994//158 4222//158 4221//158
f 2994//158 4221//158 2995//158
f 2995//158 4221//158 4220//158
f 2995//158 4220//158 2996//158
f 2996//158 4220//158 3444//158
f 2996//158 3444//158 3443//158
f 2574//158 2573//158 4242//158
f 2608//158 3620//158 2609//158
f 2609//158 3620//158 3619//158
f 2609//158 3619//158 2610//158
f 2610//158 3619//158 3618//158
f 2610//158 3618//158 2611//158
f 2611//158 3618//158 3617//158
f 2611//158 3617//158 2612//158
f 2612//158 3617//158 3616//158
f 2612//158 3616//158 2613//158
f 2613//158 3616//158 3615//158
f 2613//158 3615//158 2614//158
f 2614//158 3615//158 3614//158
f 2614//158 3614//158 2615//158
f 2615//158 3614//158 3613//158
f 2615//158 3613//158 2616//158
f 2616//158 3613//158 3612//158
f 2616//158 3612//158 2617//158
f 2617//158 3612//158 3611//158
f 2617//158 3611//158 2618//158
f 2618//158 3611//158 3610//158
f 2618//158 3610//158 2619//158
f 2619//158 3610//158 3609//158
f 2619//158 3609//158 2620//158
f 2620//158 3609//158 4384//158
f 2620//158 4384//158 4383//158
f 3620//158 2608//158 3621//158
f 3621//158 2608//158 2654//158
f 3621//158 2654//158 3622//158
f 3622//158 2654//158 2653//158
f 3622//158 2653//158 3623//158
f 3623//158 2653//158 2652//158
f 3623//158 2652//158 3624//158
f 3624//158 2652//158 2651//158
f 3624//158 2651//158 3625//158
f 3625//158 2651//158 2650//158
f 3625//158 2650//158 3626//158
f 3626//158 2650//158 2649//158
f 3626//158 2649//158 3627//158
f 3627//158 2649//158 2648//158
f 3627//158 2648//158 3628//158
f 3628//158 2648//158 2647//158
f 3628//158 2647//158 3629//158
f 3629//158 2647//158 2646//158
f 3629//158 2646//158 3630//158
f 3630//158 2646//158 2645//158
f 3630//158 2645//158 3631//158
f 3631//158 2645//158 2644//158
f 3631//158 2644//158 2557//158
f 2557//158 2644//158 3772//158
f 3772//158 2644//158 3773//158
f 3773//158 2644//158 2643//158
f 3773//158 2643//158 3774//158
f 3774//158 2643//158 2642//158
f 3774//158 2642//158 3775//158
f 3775//158 2642//158 2641//158
f 3775//158 2641//158 3776//158
f 3776//158 2641//158 2640//158
f 3776//158 2640//158 3777//158
f 3777//158 2640//158 2639//158
f 3777//158 2639//158 3778//158
f 3778//158 2639//158 2638//158
f 3778//158 2638//158 3779//158
f 3779//158 2638//158 2637//158
f 3779//158 2637//158 3780//158
f 3780//158 2637//158 2636//158
f 3780//158 2636//158 3781//158
f 3781//158 2636//158 2635//158
f 3781//158 2635//158 3782//158
f 3782//158 2635//158 2634//158
f 3782//158 2634//158 3736//158
f 3736//158 2634//158 2633//158
f 3736//158 2633//158 3737//158
f 3737//158 2633//158 2632//158
f 3737//158 2632//158 3738//158
f 3738//158 2632//158 2631//158
f 3738//158 2631//158 3739//158
f 3739//158 2631//158 2630//158
f 3739//158 2630//158 3740//158
f 3740//158 2630//158 2629//158
f 3740//158 2629//158 3741//158
f 3741//158 2629//158 2628//158
f 3741//158 2628//158 3742//158
f 3742//158 2628//158 2627//158
f 3742//158 2627//158 3743//158
f 3743//158 2627//158 2626//158
f 3743//158 2626//158 3744//158
f 3744//158 2626//158 2625//158
f 3744//158 2625//158 3745//158
f 3745//158 2625//158 2624//158
f 3745//158 2624//158 3746//158
f 3746//158 2624//158 2623//158
f 3746//158 2623//158 3747//158
f 3747//158 2623//158 2622//158
f 3747//158 2622//158 3748//158
f 3748//158 2622//158 3115//158
f 3748//158 3115//158 3114//158
f 2621//158 4383//158 2622//158
f 2622//158 4383//158 4382//158
f 2622//158 4382//158 3115//158
f 3115//158 4382//158 3116//158
f 3116//158 4382//158 4381//158
f 3116//158 4381//158 3117//158
f 3117//158 4381//158 4380//158
f 3117//158 4380//158 3118//158
f 3118//158 4380//158 4379//158
f 3118//158 4379//158 3119//158
f 3119//158 4379//158 4378//158
f 3119//158 4378//158 3120//158
f 3120//158 4378//158 4377//158
f 3120//158 4377//158 3121//158
f 3121//158 4377//158 4376//158
f 3121//158 4376//158 3122//158
f 3122//158 4376//158 4375//158
f 3122//158 4375//158 3123//158
f 3123//158 4375//158 4374//158
f 3123//158 4374//158 3124//158
f 3124//158 4374//158 4373//158
f 3124//158 4373//158 3078//158
f 3078//158 4373//158 4372//158
f 3078//158 4372//158 3079//158
f 3079//158 4372//158 4371//158
f 3079//158 4371//158 3080//158
f 3080//158 4371//158 4370//158
f 3080//158 4370//158 3081//158
f 3081//158 4370//158 4369//158
f 3081//158 4369//158 3082//158
f 3082//158 4369//158 4368//158
f 3082//158 4368//158 3083//158
f 3083//158 4368//158 4367//158
f 3083//158 4367//158 3084//158
f 3084//158 4367//158 4366//158
f 3084//158 4366//158 3085//158
f 3085//158 4366//158 4365//158
f 3085//158 4365//158 3086//158
f 3086//158 4365//158 4364//158
f 3086//158 4364//158 3087//158
f 3087//158 4364//158 4363//158
f 3087//158 4363//158 3088//158
f 3088//158 4363//158 4362//158
f 3088//158 4362//158 3089//158
f 3089//158 4362//158 4361//158
f 3089//158 4361//158 3090//158
f 3090//158 4361//158 3914//158
f 3090//158 3914//158 3913//158
f 2621//158 2620//158 4383//158
f 2655//158 3573//158 2656//158
f 2656//158 3573//158 3572//158
f 2656//158 3572//158 2657//158
f 2657//158 3572//158 3571//158
f 2657//158 3571//158 2658//158
f 2658//158 3571//158 3570//158
f 2658//158 3570//158 2659//158
f 2659//158 3570//158 3569//158
f 2659//158 3569//158 2660//158
f 2660//158 3569//158 3568//158
f 2660//158 3568//158 2661//158
f 2661//158 3568//158 3567//158
f 2661//158 3567//158 2662//158
f 2662//158 3567//158 3566//158
f 2662//158 3566//158 2663//158
f 2663//158 3566//158 3565//158
f 2663//158 3565//158 2664//158
f 2664//158 3565//158 3564//158
f 2664//158 3564//158 2665//158
f 2665//158 3564//158 3563//158
f 2665//158 3563//158 2666//158
f 2666//158 3563//158 3562//158
f 2666//158 3562//158 2667//158
f 2667//158 3562//158 3256//158
f 2667//158 3256//158 3255//158
f 3573//158 2655//158 3574//158
f 3574//158 2655//158 2701//158
f 3574//158 2701//158 3575//158
f 3575//158 2701//158 2700//158
f 3575//158 2700//158 3576//158
f 3576//158 2700//158 2699//158
f 3576//158 2699//158 3577//158
f 3577//158 2699//158 2698//158
f 3577//158 2698//158 3578//158
f 3578//158 2698//158 2697//158
f 3578//158 2697//158 3579//158
f 3579//158 2697//158 2696//158
f 3579//158 2696//158 3580//158
f 3580//158 2696//158 2695//158
f 3580//158 2695//158 3581//158
f 3581//158 2695//158 2694//158
f 3581//158 2694//158 3582//158
f 3582//158 2694//158 2693//158
f 3582//158 2693//158 3583//158
f 3583//158 2693//158 2692//158
f 3583//158 2692//158 3584//158
f 3584//158 2692//158 2691//158
f 3584//158 2691//158 291//158
f 291//158 2691//158 3819//158
f 291//158 3819//158 4665//158
f 4665//158 3819//158 4666//158
f 4666//158 3819//158 3818//158
f 4666//158 3818//158 4667//158
f 4667//158 3818//158 3817//158
f 4667//158 3817//158 4668//158
f 4668//158 3817//158 3816//158
f 4668//158 3816//158 4669//158
f 4669//158 3816//158 3815//158
f 4669//158 3815//158 4670//158
f 4670//158 3815//158 3814//158
f 4670//158 3814//158 4671//158
f 4671//158 3814//158 3813//158
f 4671//158 3813//158 4672//158
f 4672//158 3813//158 3812//158
f 4672//158 3812//158 4673//158
f 4673//158 3812//158 3811//158
f 4673//158 3811//158 4674//158
f 4674//158 3811//158 3810//158
f 4674//158 3810//158 4675//158
f 4675//158 3810//158 3809//158
f 4675//158 3809//158 4629//158
f 4629//158 3809//158 3808//158
f 4629//158 3808//158 4630//158
f 4630//158 3808//158 3807//158
f 4630//158 3807//158 4631//158
f 4631//158 3807//158 3806//158
f 4631//158 3806//158 4632//158
f 4632//158 3806//158 3805//158
f 4632//158 3805//158 4633//158
f 4633//158 3805//158 3804//158
f 4633//158 3804//158 4634//158
f 4634//158 3804//158 3803//158
f 4634//158 3803//158 4635//158
f 4635//158 3803//158 3802//158
f 4635//158 3802//158 4636//158
f 4636//158 3802//158 3801//158
f 4636//158 3801//158 4637//158
f 4637//158 3801//158 3800//158
f 4637//158 3800//158 4638//158
f 4638//158 3800//158 3799//158
f 4638//158 3799//158 4639//158
f 4639//158 3799//158 3798//158
f 4639//158 3798//158 4640//158
f 4640//158 3798//158 3797//158
f 4640//158 3797//158 4641//158
f 4641//158 3797//158 4431//158
f 4641//158 4431//158 4430//158
f 3819//158 2691//158 3820//158
f 3820//158 2691//158 2690//158
f 3820//158 2690//158 3821//158
f 3821//158 2690//158 2689//158
f 3821//158 2689//158 3822//158
f 3822//158 2689//158 2688//158
f 3822//158 2688//158 3823//158
f 3823//158 2688//158 2687//158
f 3823//158 2687//158 3824//158
f 3824//158 2687//158 2686//158
f 3824//158 2686//158 3825//158
f 3825//158 2686//158 2685//158
f 3825//158 2685//158 3826//158
f 3826//158 2685//158 2684//158
f 3826//158 2684//158 3827//158
f 3827//158 2684//158 2683//158
f 3827//158 2683//158 3828//158
f 3828//158 2683//158 2682//158
f 3828//158 2682//158 3829//158
f 3829//158 2682//158 2681//158
f 3829//158 2681//158 3783//158
f 3783//158 2681//158 2680//158
f 3783//158 2680//158 3784//158
f 3784//158 2680//158 2679//158
f 3784//158 2679//158 3785//158
f 3785//158 2679//158 2678//158
f 3785//158 2678//158 3786//158
f 3786//158 2678//158 2677//158
f 3786//158 2677//158 3787//158
f 3787//158 2677//158 2676//158
f 3787//158 2676//158 3788//158
f 3788//158 2676//158 2675//158
f 3788//158 2675//158 3789//158
f 3789//158 2675//158 2674//158
f 3789//158 2674//158 3790//158
f 3790//158 2674//158 2673//158
f 3790//158 2673//158 3791//158
f 3791//158 2673//158 2672//158
f 3791//158 2672//158 3792//158
f 3792//158 2672//158 2671//158
f 3792//158 2671//158 3793//158
f 3793//158 2671//158 2670//158
f 3793//158 2670//158 3794//158
f 3794//158 2670//158 2669//158
f 3794//158 2669//158 3795//158
f 3795//158 2669//158 4102//158
f 3795//158 4102//158 4101//158
f 2668//158 3255//158 2669//158
f 2669//158 3255//158 3254//158
f 2669//158 3254//158 4102//158
f 4102//158 3254//158 4103//158
f 4103//158 3254//158 3253//158
f 4103//158 3253//158 4104//158
f 4104//158 3253//158 3252//158
f 4104//158 3252//158 4105//158
f 4105//158 3252//158 3251//158
f 4105//158 3251//158 4106//158
f 4106//158 3251//158 3250//158
f 4106//158 3250//158 4107//158
f 4107//158 3250//158 3249//158
f 4107//158 3249//158 4108//158
f 4108//158 3249//158 3248//158
f 4108//158 3248//158 4109//158
f 4109//158 3248//158 3247//158
f 4109//158 3247//158 4110//158
f 4110//158 3247//158 3246//158
f 4110//158 3246//158 4111//158
f 4111//158 3246//158 3245//158
f 4111//158 3245//158 4065//158
f 4065//158 3245//158 3244//158
f 4065//158 3244//158 4066//158
f 4066//158 3244//158 3243//158
f 4066//158 3243//158 4067//158
f 4067//158 3243//158 3242//158
f 4067//158 3242//158 4068//158
f 4068//158 3242//158 3241//158
f 4068//158 3241//158 4069//158
f 4069//158 3241//158 3240//158
f 4069//158 3240//158 4070//158
f 4070//158 3240//158 3239//158
f 4070//158 3239//158 4071//158
f 4071//158 3239//158 3238//158
f 4071//158 3238//158 4072//158
f 4072//158 3238//158 3237//158
f 4072//158 3237//158 4073//158
f 4073//158 3237//158 3236//158
f 4073//158 3236//158 4074//158
f 4074//158 3236//158 3235//158
f 4074//158 3235//158 4075//158
f 4075//158 3235//158 3234//158
f 4075//158 3234//158 4076//158
f 4076//158 3234//158 3233//158
f 4076//158 3233//158 4077//158
f 4077//158 3233//158 3350//158
f 4077//158 3350//158 3349//158
f 2668//158 2667//158 3255//158
f 2702//158 4654//158 2703//158
f 2703//158 4654//158 4653//158
f 2703//158 4653//158 2704//158
f 2704//158 4653//158 4652//158
f 2704//158 4652//158 2705//158
f 2705//158 4652//158 4651//158
f 2705//158 4651//158 2706//158
f 2706//158 4651//158 4650//158
f 2706//158 4650//158 2707//158
f 2707//158 4650//158 4649//158
f 2707//158 4649//158 2708//158
f 2708//158 4649//158 4648//158
f 2708//158 4648//158 2709//158
f 2709//158 4648//158 4647//158
f 2709//158 4647//158 2710//158
f 2710//158 4647//158 4646//158
f 2710//158 4646//158 2711//158
f 2711//158 4646//158 4645//158
f 2711//158 4645//158 2712//158
f 2712//158 4645//158 4644//158
f 2712//158 4644//158 2713//158
f 2713//158 4644//158 4643//158
f 2713//158 4643//158 2714//158
f 2714//158 4643//158 3068//158
f 2714//158 3068//158 3067//158
f 4654//158 2702//158 4655//158
f 4655//158 2702//158 2748//158
f 4655//158 2748//158 4656//158
f 4656//158 2748//158 2747//158
f 4656//158 2747//158 4657//158
f 4657//158 2747//158 2746//158
f 4657//158 2746//158 4658//158
f 4658//158 2746//158 2745//158
f 4658//158 2745//158 4659//158
f 4659//158 2745//158 2744//158
f 4659//158 2744//158 4660//158
f 4660//158 2744//158 2743//158
f 4660//158 2743//158 4661//158
f 4661//158 2743//158 2742//158
f 4661//158 2742//158 4662//158
f 4662//158 2742//158 2741//158
f 4662//158 2741//158 4663//158
f 4663//158 2741//158 2740//158
f 4663//158 2740//158 4664//158
f 4664//158 2740//158 2739//158
f 4664//158 2739//158 4665//158
f 4665//158 2739//158 2738//158
f 4665//158 2738//158 291//158
f 291//158 2738//158 3866//158
f 291//158 3866//158 4619//158
f 4619//158 3866//158 3865//158
f 4619//158 3865//158 4620//158
f 4620//158 3865//158 3864//158
f 4620//158 3864//158 4621//158
f 4621//158 3864//158 3863//158
f 4621//158 3863//158 4622//158
f 4622//158 3863//158 3862//158
f 4622//158 3862//158 4623//158
f 4623//158 3862//158 3861//158
f 4623//158 3861//158 4624//158
f 4624//158 3861//158 3860//158
f 4624//158 3860//158 4625//158
f 4625//158 3860//158 3859//158
f 4625//158 3859//158 4626//158
f 4626//158 3859//158 3858//158
f 4626//158 3858//158 4627//158
f 4627//158 3858//158 3857//158
f 4627//158 3857//158 4628//158
f 4628//158 3857//158 3856//158
f 4628//158 3856//158 4582//158
f 4582//158 3856//158 3855//158
f 4582//158 3855//158 4583//158
f 4583//158 3855//158 3854//158
f 4583//158 3854//158 4584//158
f 4584//158 3854//158 3853//158
f 4584//158 3853//158 4585//158
f 4585//158 3853//158 3852//158
f 4585//158 3852//158 4586//158
f 4586//158 3852//158 3851//158
f 4586//158 3851//158 4587//158
f 4587//158 3851//158 3850//158
f 4587//158 3850//158 4588//158
f 4588//158 3850//158 3849//158
f 4588//158 3849//158 4589//158
f 4589//158 3849//158 3848//158
f 4589//158 3848//158 4590//158
f 4590//158 3848//158 3847//158
f 4590//158 3847//158 4591//158
f 4591//158 3847//158 3846//158
f 4591//158 3846//158 4592//158
f 4592//158 3846//158 3845//158
f 4592//158 3845//158 4593//158
f 4593//158 3845//158 3844//158
f 4593//158 3844//158 4594//158
f 4594//158 3844//158 2927//158
f 4594//158 2927//158 2926//158
f 3866//158 2738//158 3867//158
f 3867//158 2738//158 2737//158
f 3867//158 2737//158 3868//158
f 3868//158 2737//158 2736//158
f 3868//158 2736//158 3869//158
f 3869//158 2736//158 2735//158
f 3869//158 2735//158 3870//158
f 3870//158 2735//158 2734//158
f 3870//158 2734//158 3871//158
f 3871//158 2734//158 2733//158
f 3871//158 2733//158 3872//158
f 3872//158 2733//158 2732//158
f 3872//158 2732//158 3873//158
f 3873//158 2732//158 2731//158
f 3873//158 2731//158 3874//158
f 3874//158 2731//158 2730//158
f 3874//158 2730//158 3875//158
f 3875//158 2730//158 2729//158
f 3875//158 2729//158 3876//158
f 3876//158 2729//158 2728//158
f 3876//158 2728//158 3830//158
f 3830//158 2728//158 2727//158
f 3830//158 2727//158 3831//158
f 3831//158 2727//158 2726//158
f 3831//158 2726//158 3832//158
f 3832//158 2726//158 2725//158
f 3832//158 2725//158 3833//158
f 3833//158 2725//158 2724//158
f 3833//158 2724//158 3834//158
f 3834//158 2724//158 2723//158
f 3834//158 2723//158 3835//158
f 3835//158 2723//158 2722//158
f 3835//158 2722//158 3836//158
f 3836//158 2722//158 2721//158
f 3836//158 2721//158 3837//158
f 3837//158 2721//158 2720//158
f 3837//158 2720//158 3838//158
f 3838//158 2720//158 2719//158
f 3838//158 2719//158 3839//158
f 3839//158 2719//158 2718//158
f 3839//158 2718//158 3840//158
f 3840//158 2718//158 2717//158
f 3840//158 2717//158 3841//158
f 3841//158 2717//158 2716//158
f 3841//158 2716//158 3842//158
f 3842//158 2716//158 4055//158
f 3842//158 4055//158 4054//158
f 2715//158 3067//158 2716//158
f 2716//158 3067//158 3066//158
f 2716//158 3066//158 4055//158
f 4055//158 3066//158 4056//158
f 4056//158 3066//158 3065//158
f 4056//158 3065//158 4057//158
f 4057//158 3065//158 3064//158
f 4057//158 3064//158 4058//158
f 4058//158 3064//158 3063//158
f 4058//158 3063//158 4059//158
f 4059//158 3063//158 3062//158
f 4059//158 3062//158 4060//158
f 4060//158 3062//158 3061//158
f 4060//158 3061//158 4061//158
f 4061//158 3061//158 3060//158
f 4061//158 3060//158 4062//158
f 4062//158 3060//158 3059//158
f 4062//158 3059//158 4063//158
f 4063//158 3059//158 3058//158
f 4063//158 3058//158 4064//158
f 4064//158 3058//158 3057//158
f 4064//158 3057//158 4018//158
f 4018//158 3057//158 3056//158
f 4018//158 3056//158 4019//158
f 4019//158 3056//158 3055//158
f 4019//158 3055//158 4020//158
f 4020//158 3055//158 3054//158
f 4020//158 3054//158 4021//158
f 4021//158 3054//158 3053//158
f 4021//158 3053//158 4022//158
f 4022//158 3053//158 3052//158
f 4022//158 3052//158 4023//158
f 4023//158 3052//158 3051//158
f 4023//158 3051//158 4024//158
f 4024//158 3051//158 3050//158
f 4024//158 3050//158 4025//158
f 4025//158 3050//158 3049//158
f 4025//158 3049//158 4026//158
f 4026//158 3049//158 3048//158
f 4026//158 3048//158 4027//158
f 4027//158 3048//158 3047//158
f 4027//158 3047//158 4028//158
f 4028//158 3047//158 3046//158
f 4028//158 3046//158 4029//158
f 4029//158 3046//158 3045//158
f 4029//158 3045//158 4030//158
f 4030//158 3045//158 2786//158
f 4030//158 2786//158 2785//158
f 2715//158 2714//158 3067//158
f 2749//158 3197//158 2750//158
f 2750//158 3197//158 3196//158
f 2750//158 3196//158 2751//158
f 2751//158 3196//158 3195//158
f 2751//158 3195//158 2752//158
f 2752//158 3195//158 3194//158
f 2752//158 3194//158 2753//158
f 2753//158 3194//158 3193//158
f 2753//158 3193//158 2754//158
f 2754//158 3193//158 3192//158
f 2754//158 3192//158 2755//158
f 2755//158 3192//158 3191//158
f 2755//158 3191//158 2756//158
f 2756//158 3191//158 3190//158
f 2756//158 3190//158 2757//158
f 2757//158 3190//158 3189//158
f 2757//158 3189//158 2758//158
f 2758//158 3189//158 3188//158
f 2758//158 3188//158 2759//158
f 2759//158 3188//158 3187//158
f 2759//158 3187//158 2760//158
f 2760//158 3187//158 3186//158
f 2760//158 3186//158 2761//158
f 2761//158 3186//158 3185//158
f 2761//158 3185//158 2762//158
f 2762//158 3185//158 2556//158
f 3197//158 2749//158 3198//158
f 3198//158 2749//158 2795//158
f 3198//158 2795//158 3199//158
f 3199//158 2795//158 2794//158
f 3199//158 2794//158 3200//158
f 3200//158 2794//158 2793//158
f 3200//158 2793//158 3201//158
f 3201//158 2793//158 2792//158
f 3201//158 2792//158 3202//158
f 3202//158 2792//158 2791//158
f 3202//158 2791//158 3203//158
f 3203//158 2791//158 2790//158
f 3203//158 2790//158 3204//158
f 3204//158 2790//158 2789//158
f 3204//158 2789//158 3205//158
f 3205//158 2789//158 2788//158
f 3205//158 2788//158 3206//158
f 3206//158 2788//158 2787//158
f 3206//158 2787//158 3207//158
f 3207//158 2787//158 2786//158
f 3207//158 2786//158 3045//158
f 2784//158 4032//158 2785//158
f 2785//158 4032//158 4031//158
f 2785//158 4031//158 4030//158
f 2796//158 3385//158 2797//158
f 2797//158 3385//158 3384//158
f 2797//158 3384//158 2798//158
f 2798//158 3384//158 3383//158
f 2798//158 3383//158 2799//158
f 2799//158 3383//158 3382//158
f 2799//158 3382//158 2800//158
f 2800//158 3382//158 3381//158
f 2800//158 3381//158 2801//158
f 2801//158 3381//158 3380//158
f 2801//158 3380//158 2802//158
f 2802//158 3380//158 3379//158
f 2802//158 3379//158 2803//158
f 2803//158 3379//158 3378//158
f 2803//158 3378//158 2804//158
f 2804//158 3378//158 3377//158
f 2804//158 3377//158 2805//158
f 2805//158 3377//158 3376//158
f 2805//158 3376//158 2806//158
f 2806//158 3376//158 3375//158
f 2806//158 3375//158 2807//158
f 2807//158 3375//158 3374//158
f 2807//158 3374//158 2808//158
f 2808//158 3374//158 3373//158
f 2808//158 3373//158 2560//158
f 2560//158 3373//158 3372//158
f 3385//158 2796//158 3386//158
f 3386//158 2796//158 2842//158
f 3386//158 2842//158 3387//158
f 3387//158 2842//158 2841//158
f 3387//158 2841//158 3388//158
f 3388//158 2841//158 2840//158
f 3388//158 2840//158 3389//158
f 3389//158 2840//158 2839//158
f 3389//158 2839//158 3390//158
f 3390//158 2839//158 2838//158
f 3390//158 2838//158 3391//158
f 3391//158 2838//158 2837//158
f 3391//158 2837//158 3392//158
f 3392//158 2837//158 2836//158
f 3392//158 2836//158 3393//158
f 3393//158 2836//158 2835//158
f 3393//158 2835//158 3394//158
f 3394//158 2835//158 2834//158
f 3394//158 2834//158 3395//158
f 3395//158 2834//158 2833//158
f 3395//158 2833//158 4267//158
f 4267//158 2833//158 4124//158
f 4267//158 4124//158 4123//158
f 2833//158 2832//158 4124//158
f 4124//158 2832//158 4125//158
f 4125//158 2832//158 4126//158
f 4126//158 2832//158 2831//158
f 4126//158 2831//158 4525//158
f 4525//158 2831//158 4526//158
f 4526//158 2831//158 2830//158
f 4526//158 2830//158 4527//158
f 4527//158 2830//158 2829//158
f 4527//158 2829//158 4528//158
f 4528//158 2829//158 2828//158
f 4528//158 2828//158 4529//158
f 4529//158 2828//158 2827//158
f 4529//158 2827//158 4530//158
f 4530//158 2827//158 2826//158
f 4530//158 2826//158 4531//158
f 4531//158 2826//158 2825//158
f 4531//158 2825//158 4532//158
f 4532//158 2825//158 2824//158
f 4532//158 2824//158 4533//158
f 4533//158 2824//158 2823//158
f 4533//158 2823//158 4534//158
f 4534//158 2823//158 2822//158
f 4534//158 2822//158 4488//158
f 4488//158 2822//158 2821//158
f 4488//158 2821//158 4489//158
f 4489//158 2821//158 2820//158
f 4489//158 2820//158 4490//158
f 4490//158 2820//158 2819//158
f 4490//158 2819//158 4491//158
f 4491//158 2819//158 2818//158
f 4491//158 2818//158 4492//158
f 4492//158 2818//158 2817//158
f 4492//158 2817//158 4493//158
f 4493//158 2817//158 2816//158
f 4493//158 2816//158 4494//158
f 4494//158 2816//158 2815//158
f 4494//158 2815//158 4495//158
f 4495//158 2815//158 2814//158
f 4495//158 2814//158 4496//158
f 4496//158 2814//158 2813//158
f 4496//158 2813//158 4497//158
f 4497//158 2813//158 2812//158
f 4497//158 2812//158 4498//158
f 4498//158 2812//158 2811//158
f 4498//158 2811//158 4499//158
f 4499//158 2811//158 2810//158
f 4499//158 2810//158 4500//158
f 4500//158 2810//158 2809//158
f 4500//158 2809//158 4501//158
f 4501//158 2809//158 2560//158
f 4501//158 2560//158 3420//158
f 3420//158 2560//158 3937//158
f 3420//158 3937//158 3936//158
f 2809//158 2808//158 2560//158
f 2843//158 3949//158 2844//158
f 2844//158 3949//158 3948//158
f 2844//158 3948//158 2845//158
f 2845//158 3948//158 3947//158
f 2845//158 3947//158 2846//158
f 2846//158 3947//158 3946//158
f 2846//158 3946//158 2847//158
f 2847//158 3946//158 3945//158
f 2847//158 3945//158 2848//158
f 2848//158 3945//158 3944//158
f 2848//158 3944//158 2849//158
f 2849//158 3944//158 3943//158
f 2849//158 3943//158 2850//158
f 2850//158 3943//158 3942//158
f 2850//158 3942//158 2851//158
f 2851//158 3942//158 3941//158
f 2851//158 3941//158 2852//158
f 2852//158 3941//158 3940//158
f 2852//158 3940//158 2853//158
f 2853//158 3940//158 3939//158
f 2853//158 3939//158 2854//158
f 2854//158 3939//158 3938//158
f 2854//158 3938//158 2855//158
f 2855//158 3938//158 3937//158
f 2855//158 3937//158 2856//158
f 2856//158 3937//158 2560//158
f 3949//158 2843//158 3950//158
f 3950//158 2843//158 2889//158
f 3950//158 2889//158 3951//158
f 3951//158 2889//158 2888//158
f 3951//158 2888//158 3952//158
f 3952//158 2888//158 2887//158
f 3952//158 2887//158 3953//158
f 3953//158 2887//158 2886//158
f 3953//158 2886//158 3954//158
f 3954//158 2886//158 2885//158
f 3954//158 2885//158 3955//158
f 3955//158 2885//158 2884//158
f 3955//158 2884//158 3956//158
f 3956//158 2884//158 2883//158
f 3956//158 2883//158 3957//158
f 3957//158 2883//158 2882//158
f 3957//158 2882//158 3958//158
f 3958//158 2882//158 2881//158
f 3958//158 2881//158 3959//158
f 3959//158 2881//158 2880//158
f 3959//158 2880//158 4173//158
f 4173//158 2880//158 4453//158
f 4173//158 4453//158 4452//158
f 2880//158 2879//158 4453//158
f 4453//158 2879//158 4454//158
f 4454//158 2879//158 4455//158
f 4455//158 2879//158 2878//158
f 2890//158 4043//158 2891//158
f 2891//158 4043//158 4042//158
f 2891//158 4042//158 2892//158
f 2892//158 4042//158 4041//158
f 2892//158 4041//158 2893//158
f 2893//158 4041//158 4040//158
f 2893//158 4040//158 2894//158
f 2894//158 4040//158 4039//158
f 2894//158 4039//158 2895//158
f 2895//158 4039//158 4038//158
f 2895//158 4038//158 2896//158
f 2896//158 4038//158 4037//158
f 2896//158 4037//158 2897//158
f 2897//158 4037//158 4036//158
f 2897//158 4036//158 2898//158
f 2898//158 4036//158 4035//158
f 2898//158 4035//158 2899//158
f 2899//158 4035//158 4034//158
f 2899//158 4034//158 2900//158
f 2900//158 4034//158 4033//158
f 2900//158 4033//158 2901//158
f 2901//158 4033//158 4032//158
f 4043//158 2890//158 4044//158
f 4044//158 2890//158 2936//158
f 4044//158 2936//158 4045//158
f 4045//158 2936//158 2935//158
f 4045//158 2935//158 4046//158
f 4046//158 2935//158 2934//158
f 4046//158 2934//158 4047//158
f 4047//158 2934//158 2933//158
f 4047//158 2933//158 4048//158
f 4048//158 2933//158 2932//158
f 4048//158 2932//158 4049//158
f 4049//158 2932//158 2931//158
f 4049//158 2931//158 4050//158
f 4050//158 2931//158 2930//158
f 4050//158 2930//158 4051//158
f 4051//158 2930//158 2929//158
f 4051//158 2929//158 4052//158
f 4052//158 2929//158 2928//158
f 4052//158 2928//158 4053//158
f 4053//158 2928//158 2927//158
f 4053//158 2927//158 3844//158
f 2904//158 3536//158 2905//158
f 2905//158 3536//158 3535//158
f 2905//158 3535//158 3534//158
f 3536//158 2904//158 3537//158
f 3537//158 2904//158 2903//158
f 3537//158 2903//158 2902//158
f 2937//158 3338//158 2938//158
f 2938//158 3338//158 3337//158
f 2938//158 3337//158 2939//158
f 2939//158 3337//158 3336//158
f 2939//158 3336//158 2940//158
f 2940//158 3336//158 3335//158
f 2940//158 3335//158 2941//158
f 2941//158 3335//158 3334//158
f 2941//158 3334//158 2942//158
f 2942//158 3334//158 3333//158
f 2942//158 3333//158 2943//158
f 2943//158 3333//158 3332//158
f 2943//158 3332//158 2944//158
f 2944//158 3332//158 3331//158
f 2944//158 3331//158 2945//158
f 2945//158 3331//158 3330//158
f 2945//158 3330//158 2946//158
f 2946//158 3330//158 3329//158
f 2946//158 3329//158 2947//158
f 2947//158 3329//158 3328//158
f 2947//158 3328//158 2948//158
f 2948//158 3328//158 3327//158
f 2948//158 3327//158 2949//158
f 2949//158 3327//158 3326//158
f 2949//158 3326//158 2950//158
f 2950//158 3326//158 2556//158
f 2950//158 2556//158 3185//158
f 3338//158 2937//158 3339//158
f 3339//158 2937//158 2983//158
f 3339//158 2983//158 3340//158
f 3340//158 2983//158 2982//158
f 3340//158 2982//158 3341//158
f 3341//158 2982//158 2981//158
f 3341//158 2981//158 3342//158
f 3342//158 2981//158 2980//158
f 3342//158 2980//158 3343//158
f 3343//158 2980//158 2979//158
f 3343//158 2979//158 3344//158
f 3344//158 2979//158 2978//158
f 3344//158 2978//158 3345//158
f 3345//158 2978//158 2977//158
f 3345//158 2977//158 3346//158
f 3346//158 2977//158 2976//158
f 3346//158 2976//158 3347//158
f 3347//158 2976//158 2975//158
f 3347//158 2975//158 3348//158
f 3348//158 2975//158 2974//158
f 3348//158 2974//158 4079//158
f 4079//158 2974//158 4406//158
f 4079//158 4406//158 4405//158
f 2974//158 2973//158 4406//158
f 4406//158 2973//158 4407//158
f 4407//158 2973//158 4408//158
f 4408//158 2973//158 2972//158
f 4408//158 2972//158 3209//158
f 3209//158 2972//158 3210//158
f 3210//158 2972//158 2971//158
f 3210//158 2971//158 3211//158
f 3211//158 2971//158 2970//158
f 3211//158 2970//158 3212//158
f 3212//158 2970//158 2969//158
f 3212//158 2969//158 3213//158
f 3213//158 2969//158 2968//158
f 3213//158 2968//158 3214//158
f 3214//158 2968//158 2967//158
f 3214//158 2967//158 3215//158
f 3215//158 2967//158 2966//158
f 3215//158 2966//158 3216//158
f 3216//158 2966//158 2965//158
f 3216//158 2965//158 3217//158
f 3217//158 2965//158 2964//158
f 3217//158 2964//158 3218//158
f 3218//158 2964//158 2963//158
f 3218//158 2963//158 3172//158
f 3172//158 2963//158 2962//158
f 3172//158 2962//158 3173//158
f 3173//158 2962//158 2961//158
f 3173//158 2961//158 3174//158
f 3174//158 2961//158 2960//158
f 3174//158 2960//158 3175//158
f 3175//158 2960//158 2959//158
f 3175//158 2959//158 3176//158
f 3176//158 2959//158 2958//158
f 3176//158 2958//158 3177//158
f 3177//158 2958//158 2957//158
f 3177//158 2957//158 3178//158
f 3178//158 2957//158 2956//158
f 3178//158 2956//158 3179//158
f 3179//158 2956//158 2955//158
f 3179//158 2955//158 3180//158
f 3180//158 2955//158 2954//158
f 3180//158 2954//158 3181//158
f 3181//158 2954//158 2953//158
f 3181//158 2953//158 3182//158
f 3182//158 2953//158 2952//158
f 3182//158 2952//158 3183//158
f 3183//158 2952//158 2951//158
f 3183//158 2951//158 3184//158
f 3184//158 2951//158 2950//158
f 3184//158 2950//158 3185//158
f 3019//158 3703//158 3020//158
f 3020//158 3703//158 3702//158
f 3020//158 3702//158 3701//158
f 3018//158 4197//158 3019//158
f 3019//158 4197//158 4196//158
f 3019//158 4196//158 3703//158
f 4197//158 3018//158 4198//158
f 4198//158 3018//158 3017//158
f 4198//158 3017//158 4199//158
f 4199//158 3017//158 3016//158
f 4199//158 3016//158 4200//158
f 4200//158 3016//158 3015//158
f 4200//158 3015//158 4201//158
f 4201//158 3015//158 3014//158
f 4201//158 3014//158 4202//158
f 4202//158 3014//158 3013//158
f 4202//158 3013//158 4203//158
f 4203//158 3013//158 3012//158
f 4203//158 3012//158 4204//158
f 4204//158 3012//158 3011//158
f 4204//158 3011//158 4205//158
f 4205//158 3011//158 3010//158
f 4205//158 3010//158 4159//158
f 4159//158 3010//158 3009//158
f 4159//158 3009//158 4160//158
f 4160//158 3009//158 3008//158
f 4160//158 3008//158 4161//158
f 4161//158 3008//158 3007//158
f 4161//158 3007//158 4162//158
f 4162//158 3007//158 3006//158
f 4162//158 3006//158 4163//158
f 4163//158 3006//158 3005//158
f 4163//158 3005//158 4164//158
f 4164//158 3005//158 3004//158
f 4164//158 3004//158 4165//158
f 4165//158 3004//158 3003//158
f 4165//158 3003//158 4166//158
f 4166//158 3003//158 3002//158
f 4166//158 3002//158 4167//158
f 4167//158 3002//158 3001//158
f 4167//158 3001//158 4168//158
f 4168//158 3001//158 3000//158
f 4168//158 3000//158 4169//158
f 4169//158 3000//158 2999//158
f 4169//158 2999//158 4170//158
f 4170//158 2999//158 2998//158
f 4170//158 2998//158 4171//158
f 4171//158 2998//158 3961//158
f 4171//158 3961//158 3960//158
f 2997//158 3443//158 2998//158
f 2998//158 3443//158 3442//158
f 2998//158 3442//158 3961//158
f 3961//158 3442//158 3962//158
f 3962//158 3442//158 3441//158
f 3962//158 3441//158 3963//158
f 3963//158 3441//158 3440//158
f 3963//158 3440//158 3964//158
f 3964//158 3440//158 3439//158
f 3964//158 3439//158 3965//158
f 3965//158 3439//158 3438//158
f 3965//158 3438//158 3966//158
f 3966//158 3438//158 3437//158
f 3966//158 3437//158 3967//158
f 3967//158 3437//158 3436//158
f 3967//158 3436//158 3968//158
f 3968//158 3436//158 3435//158
f 3968//158 3435//158 3969//158
f 3969//158 3435//158 3434//158
f 3969//158 3434//158 3970//158
f 3970//158 3434//158 3433//158
f 3970//158 3433//158 3924//158
f 3924//158 3433//158 3432//158
f 3924//158 3432//158 3925//158
f 3925//158 3432//158 3431//158
f 3925//158 3431//158 3926//158
f 3926//158 3431//158 3430//158
f 3926//158 3430//158 3927//158
f 3927//158 3430//158 3429//158
f 3927//158 3429//158 3928//158
f 3928//158 3429//158 3428//158
f 3928//158 3428//158 3929//158
f 3929//158 3428//158 3427//158
f 3929//158 3427//158 3930//158
f 3930//158 3427//158 3426//158
f 3930//158 3426//158 3931//158
f 3931//158 3426//158 3425//158
f 3931//158 3425//158 3932//158
f 3932//158 3425//158 3424//158
f 3932//158 3424//158 3933//158
f 3933//158 3424//158 3423//158
f 3933//158 3423//158 3934//158
f 3934//158 3423//158 3422//158
f 3934//158 3422//158 3935//158
f 3935//158 3422//158 3421//158
f 3935//158 3421//158 3936//158
f 3936//158 3421//158 3420//158
f 2997//158 2996//158 3443//158
f 3031//158 4419//158 3032//158
f 3032//158 4419//158 4418//158
f 3032//158 4418//158 3033//158
f 3033//158 4418//158 4417//158
f 3033//158 4417//158 3034//158
f 3034//158 4417//158 4416//158
f 3034//158 4416//158 3035//158
f 3035//158 4416//158 4415//158
f 3035//158 4415//158 3036//158
f 3036//158 4415//158 4414//158
f 3036//158 4414//158 3037//158
f 3037//158 4414//158 4413//158
f 3037//158 4413//158 3038//158
f 3038//158 4413//158 4412//158
f 3038//158 4412//158 3039//158
f 3039//158 4412//158 4411//158
f 3039//158 4411//158 3040//158
f 3040//158 4411//158 4410//158
f 3040//158 4410//158 3041//158
f 3041//158 4410//158 4409//158
f 3041//158 4409//158 3042//158
f 3042//158 4409//158 4408//158
f 3042//158 4408//158 3043//158
f 3043//158 4408//158 3209//158
f 3043//158 3209//158 3208//158
f 4419//158 3031//158 4420//158
f 4420//158 3031//158 3077//158
f 4420//158 3077//158 4421//158
f 4421//158 3077//158 3076//158
f 4421//158 3076//158 4422//158
f 4422//158 3076//158 3075//158
f 4422//158 3075//158 4423//158
f 4423//158 3075//158 3074//158
f 4423//158 3074//158 4424//158
f 4424//158 3074//158 3073//158
f 4424//158 3073//158 4425//158
f 4425//158 3073//158 3072//158
f 4425//158 3072//158 4426//158
f 4426//158 3072//158 3071//158
f 4426//158 3071//158 4427//158
f 4427//158 3071//158 3070//158
f 4427//158 3070//158 4428//158
f 4428//158 3070//158 3069//158
f 4428//158 3069//158 4429//158
f 4429//158 3069//158 3068//158
f 4429//158 3068//158 4643//158
f 3207//158 3045//158 3208//158
f 3208//158 3045//158 3044//158
f 3208//158 3044//158 3043//158
f 3113//158 3750//158 3114//158
f 3114//158 3750//158 3749//158
f 3114//158 3749//158 3748//158
f 3112//158 3492//158 3113//158
f 3113//158 3492//158 3491//158
f 3113//158 3491//158 3750//158
f 3750//158 3491//158 4688//158
f 3750//158 4688//158 4687//158
f 3492//158 3112//158 3493//158
f 3493//158 3112//158 3111//158
f 3493//158 3111//158 3494//158
f 3494//158 3111//158 3110//158
f 3494//158 3110//158 3495//158
f 3495//158 3110//158 3109//158
f 3495//158 3109//158 3496//158
f 3496//158 3109//158 3108//158
f 3496//158 3108//158 3497//158
f 3497//158 3108//158 3107//158
f 3497//158 3107//158 3498//158
f 3498//158 3107//158 3106//158
f 3498//158 3106//158 3499//158
f 3499//158 3106//158 3105//158
f 3499//158 3105//158 3500//158
f 3500//158 3105//158 3104//158
f 3500//158 3104//158 3454//158
f 3454//158 3104//158 3103//158
f 3454//158 3103//158 3455//158
f 3455//158 3103//158 3102//158
f 3455//158 3102//158 3456//158
f 3456//158 3102//158 3101//158
f 3456//158 3101//158 3457//158
f 3457//158 3101//158 3100//158
f 3457//158 3100//158 3458//158
f 3458//158 3100//158 3099//158
f 3458//158 3099//158 3459//158
f 3459//158 3099//158 3098//158
f 3459//158 3098//158 3460//158
f 3460//158 3098//158 3097//158
f 3460//158 3097//158 3461//158
f 3461//158 3097//158 3096//158
f 3461//158 3096//158 3462//158
f 3462//158 3096//158 3095//158
f 3462//158 3095//158 3463//158
f 3463//158 3095//158 3094//158
f 3463//158 3094//158 3464//158
f 3464//158 3094//158 3093//158
f 3464//158 3093//158 3465//158
f 3465//158 3093//158 3092//158
f 3465//158 3092//158 3466//158
f 3466//158 3092//158 4008//158
f 3466//158 4008//158 4007//158
f 3091//158 3913//158 3092//158
f 3092//158 3913//158 3912//158
f 3092//158 3912//158 4008//158
f 4008//158 3912//158 4009//158
f 4009//158 3912//158 3911//158
f 4009//158 3911//158 4010//158
f 4010//158 3911//158 3910//158
f 4010//158 3910//158 4011//158
f 4011//158 3910//158 3909//158
f 4011//158 3909//158 4012//158
f 4012//158 3909//158 3908//158
f 4012//158 3908//158 4013//158
f 4013//158 3908//158 3907//158
f 4013//158 3907//158 4014//158
f 4014//158 3907//158 3906//158
f 4014//158 3906//158 4015//158
f 4015//158 3906//158 3905//158
f 4015//158 3905//158 4016//158
f 4016//158 3905//158 3904//158
f 4016//158 3904//158 4017//158
f 4017//158 3904//158 3903//158
f 4017//158 3903//158 3971//158
f 3971//158 3903//158 3902//158
f 3971//158 3902//158 3972//158
f 3972//158 3902//158 3901//158
f 3972//158 3901//158 3973//158
f 3973//158 3901//158 3900//158
f 3973//158 3900//158 3974//158
f 3974//158 3900//158 3899//158
f 3974//158 3899//158 3975//158
f 3975//158 3899//158 3898//158
f 3975//158 3898//158 3976//158
f 3976//158 3898//158 3897//158
f 3976//158 3897//158 3977//158
f 3977//158 3897//158 3896//158
f 3977//158 3896//158 3978//158
f 3978//158 3896//158 3895//158
f 3978//158 3895//158 3979//158
f 3979//158 3895//158 3894//158
f 3979//158 3894//158 3980//158
f 3980//158 3894//158 3893//158
f 3980//158 3893//158 3981//158
f 3981//158 3893//158 3892//158
f 3981//158 3892//158 3982//158
f 3982//158 3892//158 3891//158
f 3982//158 3891//158 3983//158
f 3983//158 3891//158 3890//158
f 3983//158 3890//158 3984//158
f 3984//158 3890//158 2556//158
f 3984//158 2556//158 3138//158
f 3138//158 2556//158 4313//158
f 3138//158 4313//158 4312//158
f 3091//158 3090//158 3913//158
f 3125//158 3996//158 3126//158
f 3126//158 3996//158 3995//158
f 3126//158 3995//158 3127//158
f 3127//158 3995//158 3994//158
f 3127//158 3994//158 3128//158
f 3128//158 3994//158 3993//158
f 3128//158 3993//158 3129//158
f 3129//158 3993//158 3992//158
f 3129//158 3992//158 3130//158
f 3130//158 3992//158 3991//158
f 3130//158 3991//158 3131//158
f 3131//158 3991//158 3990//158
f 3131//158 3990//158 3132//158
f 3132//158 3990//158 3989//158
f 3132//158 3989//158 3133//158
f 3133//158 3989//158 3988//158
f 3133//158 3988//158 3134//158
f 3134//158 3988//158 3987//158
f 3134//158 3987//158 3135//158
f 3135//158 3987//158 3986//158
f 3135//158 3986//158 3136//158
f 3136//158 3986//158 3985//158
f 3136//158 3985//158 3137//158
f 3137//158 3985//158 3984//158
f 3137//158 3984//158 3138//158
f 3996//158 3125//158 3997//158
f 3997//158 3125//158 3171//158
f 3997//158 3171//158 3998//158
f 3998//158 3171//158 3170//158
f 3998//158 3170//158 3999//158
f 3999//158 3170//158 3169//158
f 3999//158 3169//158 4000//158
f 4000//158 3169//158 3168//158
f 4000//158 3168//158 4001//158
f 4001//158 3168//158 3167//158
f 4001//158 3167//158 4002//158
f 4002//158 3167//158 3166//158
f 4002//158 3166//158 4003//158
f 4003//158 3166//158 3165//158
f 4003//158 3165//158 4004//158
f 4004//158 3165//158 3164//158
f 4004//158 3164//158 4005//158
f 4005//158 3164//158 3163//158
f 4005//158 3163//158 4006//158
f 4006//158 3163//158 3162//158
f 4006//158 3162//158 3468//158
f 3468//158 3162//158 3278//158
f 3468//158 3278//158 3277//158
f 3162//158 3161//158 3278//158
f 3278//158 3161//158 3279//158
f 3279//158 3161//158 3280//158
f 3280//158 3161//158 3160//158
f 3280//158 3160//158 4337//158
f 4337//158 3160//158 4338//158
f 4338//158 3160//158 3159//158
f 4338//158 3159//158 4339//158
f 4339//158 3159//158 3158//158
f 4339//158 3158//158 4340//158
f 4340//158 3158//158 3157//158
f 4340//158 3157//158 4341//158
f 4341//158 3157//158 3156//158
f 4341//158 3156//158 4342//158
f 4342//158 3156//158 3155//158
f 4342//158 3155//158 4343//158
f 4343//158 3155//158 3154//158
f 4343//158 3154//158 4344//158
f 4344//158 3154//158 3153//158
f 4344//158 3153//158 4345//158
f 4345//158 3153//158 3152//158
f 4345//158 3152//158 4346//158
f 4346//158 3152//158 3151//158
f 4346//158 3151//158 4300//158
f 4300//158 3151//158 3150//158
f 4300//158 3150//158 4301//158
f 4301//158 3150//158 3149//158
f 4301//158 3149//158 4302//158
f 4302//158 3149//158 3148//158
f 4302//158 3148//158 4303//158
f 4303//158 3148//158 3147//158
f 4303//158 3147//158 4304//158
f 4304//158 3147//158 3146//158
f 4304//158 3146//158 4305//158
f 4305//158 3146//158 3145//158
f 4305//158 3145//158 4306//158
f 4306//158 3145//158 3144//158
f 4306//158 3144//158 4307//158
f 4307//158 3144//158 3143//158
f 4307//158 3143//158 4308//158
f 4308//158 3143//158 3142//158
f 4308//158 3142//158 4309//158
f 4309//158 3142//158 3141//158
f 4309//158 3141//158 4310//158
f 4310//158 3141//158 3140//158
f 4310//158 3140//158 4311//158
f 4311//158 3140//158 3139//158
f 4311//158 3139//158 4312//158
f 4312//158 3139//158 3138//158
f 3219//158 3291//158 3220//158
f 3220//158 3291//158 3290//158
f 3220//158 3290//158 3221//158
f 3221//158 3290//158 3289//158
f 3221//158 3289//158 3222//158
f 3222//158 3289//158 3288//158
f 3222//158 3288//158 3223//158
f 3223//158 3288//158 3287//158
f 3223//158 3287//158 3224//158
f 3224//158 3287//158 3286//158
f 3224//158 3286//158 3225//158
f 3225//158 3286//158 3285//158
f 3225//158 3285//158 3226//158
f 3226//158 3285//158 3284//158
f 3226//158 3284//158 3227//158
f 3227//158 3284//158 3283//158
f 3227//158 3283//158 3228//158
f 3228//158 3283//158 3282//158
f 3228//158 3282//158 3229//158
f 3229//158 3282//158 3281//158
f 3229//158 3281//158 3230//158
f 3230//158 3281//158 3280//158
f 3230//158 3280//158 3231//158
f 3231//158 3280//158 4337//158
f 3231//158 4337//158 4336//158
f 3291//158 3219//158 3292//158
f 3292//158 3219//158 3265//158
f 3292//158 3265//158 3293//158
f 3293//158 3265//158 3264//158
f 3293//158 3264//158 3294//158
f 3294//158 3264//158 3263//158
f 3294//158 3263//158 3295//158
f 3295//158 3263//158 3262//158
f 3295//158 3262//158 3296//158
f 3296//158 3262//158 3261//158
f 3296//158 3261//158 3297//158
f 3297//158 3261//158 3260//158
f 3297//158 3260//158 3298//158
f 3298//158 3260//158 3259//158
f 3298//158 3259//158 3299//158
f 3299//158 3259//158 3258//158
f 3299//158 3258//158 3300//158
f 3300//158 3258//158 3257//158
f 3300//158 3257//158 3301//158
f 3301//158 3257//158 3256//158
f 3301//158 3256//158 3562//158
f 3232//158 4336//158 3233//158
f 3233//158 4336//158 4335//158
f 3233//158 4335//158 3350//158
f 3350//158 4335//158 3351//158
f 3351//158 4335//158 4334//158
f 3351//158 4334//158 3352//158
f 3352//158 4334//158 4333//158
f 3352//158 4333//158 3353//158
f 3353//158 4333//158 4332//158
f 3353//158 4332//158 3354//158
f 3354//158 4332//158 4331//158
f 3354//158 4331//158 3355//158
f 3355//158 4331//158 4330//158
f 3355//158 4330//158 3356//158
f 3356//158 4330//158 4329//158
f 3356//158 4329//158 3357//158
f 3357//158 4329//158 4328//158
f 3357//158 4328//158 3358//158
f 3358//158 4328//158 4327//158
f 3358//158 4327//158 3359//158
f 3359//158 4327//158 4326//158
f 3359//158 4326//158 3313//158
f 3313//158 4326//158 4325//158
f 3313//158 4325//158 3314//158
f 3314//158 4325//158 4324//158
f 3314//158 4324//158 3315//158
f 3315//158 4324//158 4323//158
f 3315//158 4323//158 3316//158
f 3316//158 4323//158 4322//158
f 3316//158 4322//158 3317//158
f 3317//158 4322//158 4321//158
f 3317//158 4321//158 3318//158
f 3318//158 4321//158 4320//158
f 3318//158 4320//158 3319//158
f 3319//158 4320//158 4319//158
f 3319//158 4319//158 3320//158
f 3320//158 4319//158 4318//158
f 3320//158 4318//158 3321//158
f 3321//158 4318//158 4317//158
f 3321//158 4317//158 3322//158
f 3322//158 4317//158 4316//158
f 3322//158 4316//158 3323//158
f 3323//158 4316//158 4315//158
f 3323//158 4315//158 3324//158
f 3324//158 4315//158 4314//158
f 3324//158 4314//158 3325//158
f 3325//158 4314//158 4313//158
f 3325//158 4313//158 3326//158
f 3326//158 4313//158 2556//158
f 3232//158 3231//158 4336//158
f 3266//158 3479//158 3267//158
f 3267//158 3479//158 3478//158
f 3267//158 3478//158 3268//158
f 3268//158 3478//158 3477//158
f 3268//158 3477//158 3269//158
f 3269//158 3477//158 3476//158
f 3269//158 3476//158 3270//158
f 3270//158 3476//158 3475//158
f 3270//158 3475//158 3271//158
f 3271//158 3475//158 3474//158
f 3271//158 3474//158 3272//158
f 3272//158 3474//158 3473//158
f 3272//158 3473//158 3273//158
f 3273//158 3473//158 3472//158
f 3273//158 3472//158 3274//158
f 3274//158 3472//158 3471//158
f 3274//158 3471//158 3275//158
f 3275//158 3471//158 3470//158
f 3275//158 3470//158 3276//158
f 3276//158 3470//158 3469//158
f 3276//158 3469//158 3277//158
f 3277//158 3469//158 3468//158
f 3479//158 3266//158 3480//158
f 3480//158 3266//158 3312//158
f 3480//158 3312//158 3481//158
f 3481//158 3312//158 3311//158
f 3481//158 3311//158 3482//158
f 3482//158 3311//158 3310//158
f 3482//158 3310//158 3483//158
f 3483//158 3310//158 3309//158
f 3483//158 3309//158 3484//158
f 3484//158 3309//158 3308//158
f 3484//158 3308//158 3485//158
f 3485//158 3308//158 3307//158
f 3485//158 3307//158 3486//158
f 3486//158 3307//158 3306//158
f 3486//158 3306//158 3487//158
f 3487//158 3306//158 3305//158
f 3487//158 3305//158 3488//158
f 3488//158 3305//158 3304//158
f 3488//158 3304//158 3489//158
f 3489//158 3304//158 3303//158
f 3489//158 3303//158 4690//158
f 3301//158 3562//158 3302//158
f 3302//158 3562//158 3561//158
f 3302//158 3561//158 3560//158
f 3348//158 4079//158 3349//158
f 3349//158 4079//158 4078//158
f 3349//158 4078//158 4077//158
f 3362//158 3361//158 2559//158
f 2559//158 3361//158 3360//158
f 2559//158 3360//158 3406//158
f 3406//158 3405//158 2559//158
f 3404//158 3403//158 241//158
f 3401//158 3400//158 239//158
f 4264//158 3397//158 4265//158
f 4265//158 3397//158 3396//158
f 4265//158 3396//158 4266//158
f 4266//158 3396//158 4267//158
f 4267//158 3396//158 3395//158
f 3370//158 3369//158 2559//158
f 2559//158 3369//158 3368//158
f 2559//158 3368//158 3367//158
f 3367//158 3366//158 2559//158
f 2559//158 3366//158 3365//158
f 2559//158 3365//158 3364//158
f 3364//158 3363//158 2559//158
f 2559//158 3363//158 3362//158
f 3407//158 4513//158 3408//158
f 3408//158 4513//158 4512//158
f 3408//158 4512//158 3409//158
f 3409//158 4512//158 4511//158
f 3409//158 4511//158 3410//158
f 3410//158 4511//158 4510//158
f 3410//158 4510//158 3411//158
f 3411//158 4510//158 4509//158
f 3411//158 4509//158 3412//158
f 3412//158 4509//158 4508//158
f 3412//158 4508//158 3413//158
f 3413//158 4508//158 4507//158
f 3413//158 4507//158 3414//158
f 3414//158 4507//158 4506//158
f 3414//158 4506//158 3415//158
f 3415//158 4506//158 4505//158
f 3415//158 4505//158 3416//158
f 3416//158 4505//158 4504//158
f 3416//158 4504//158 3417//158
f 3417//158 4504//158 4503//158
f 3417//158 4503//158 3418//158
f 3418//158 4503//158 4502//158
f 3418//158 4502//158 3419//158
f 3419//158 4502//158 4501//158
f 3419//158 4501//158 3420//158
f 4513//158 3407//158 4514//158
f 4514//158 3407//158 3453//158
f 4514//158 3453//158 4515//158
f 4515//158 3453//158 3452//158
f 4515//158 3452//158 4516//158
f 4516//158 3452//158 3451//158
f 4516//158 3451//158 4517//158
f 4517//158 3451//158 3450//158
f 4517//158 3450//158 4518//158
f 4518//158 3450//158 3449//158
f 4518//158 3449//158 4519//158
f 4519//158 3449//158 3448//158
f 4519//158 3448//158 4520//158
f 4520//158 3448//158 3447//158
f 4520//158 3447//158 4521//158
f 4521//158 3447//158 3446//158
f 4521//158 3446//158 4522//158
f 4522//158 3446//158 3445//158
f 4522//158 3445//158 4523//158
f 4523//158 3445//158 3444//158
f 4523//158 3444//158 4220//158
f 3491//158 3490//158 4688//158
f 4688//158 3490//158 4689//158
f 4689//158 3490//158 4690//158
f 4690//158 3490//158 3489//158
f 4006//158 3468//158 4007//158
f 4007//158 3468//158 3467//158
f 4007//158 3467//158 3466//158
f 3538//158 3537//158 2902//158
f 3528//158 3527//158 2555//158
f 2555//158 3527//158 3526//158
f 2555//158 3526//158 3525//158
f 3525//158 3524//158 2555//158
f 2555//158 3524//158 3523//158
f 2555//158 3523//158 3522//158
f 3522//158 3521//158 2555//158
f 2555//158 3521//158 3520//158
f 2555//158 3520//158 3519//158
f 3519//158 3518//158 2555//158
f 2555//158 3518//158 3517//158
f 2555//158 3517//158 3516//158
f 3516//158 3515//158 2555//158
f 2555//158 3515//158 3514//158
f 3595//158 4748//158 3596//158
f 3596//158 4748//158 4747//158
f 3596//158 4747//158 3597//158
f 3597//158 4747//158 4746//158
f 3597//158 4746//158 3598//158
f 3598//158 4746//158 4745//158
f 3598//158 4745//158 3599//158
f 3599//158 4745//158 4744//158
f 3599//158 4744//158 3600//158
f 3600//158 4744//158 4743//158
f 3600//158 4743//158 3601//158
f 3601//158 4743//158 4742//158
f 3601//158 4742//158 3602//158
f 3602//158 4742//158 4741//158
f 3602//158 4741//158 3603//158
f 3603//158 4741//158 4740//158
f 3603//158 4740//158 3604//158
f 3604//158 4740//158 4739//158
f 3604//158 4739//158 3605//158
f 3605//158 4739//158 4738//158
f 3605//158 4738//158 3606//158
f 3606//158 4738//158 4737//158
f 3606//158 4737//158 3607//158
f 3607//158 4737//158 4478//158
f 3607//158 4478//158 4477//158
f 4748//158 3595//158 4749//158
f 4749//158 3595//158 3641//158
f 4749//158 3641//158 4750//158
f 4750//158 3641//158 3640//158
f 4750//158 3640//158 4751//158
f 4751//158 3640//158 3639//158
f 4751//158 3639//158 4752//158
f 4752//158 3639//158 3638//158
f 4752//158 3638//158 4753//158
f 4753//158 3638//158 3637//158
f 4753//158 3637//158 4754//158
f 4754//158 3637//158 3636//158
f 4754//158 3636//158 4755//158
f 4755//158 3636//158 3635//158
f 4755//158 3635//158 4756//158
f 4756//158 3635//158 3634//158
f 4756//158 3634//158 4757//158
f 4757//158 3634//158 3633//158
f 4757//158 3633//158 4758//158
f 4758//158 3633//158 3632//158
f 4758//158 3632//158 4759//158
f 4759//158 3632//158 3631//158
f 4759//158 3631//158 2557//158
f 3608//158 4477//158 3609//158
f 3609//158 4477//158 4476//158
f 3609//158 4476//158 4384//158
f 4384//158 4476//158 4385//158
f 4385//158 4476//158 4475//158
f 4385//158 4475//158 4386//158
f 4386//158 4475//158 4474//158
f 4386//158 4474//158 4387//158
f 4387//158 4474//158 4473//158
f 4387//158 4473//158 4388//158
f 4388//158 4473//158 4472//158
f 4388//158 4472//158 4389//158
f 4389//158 4472//158 4471//158
f 4389//158 4471//158 4390//158
f 4390//158 4471//158 4470//158
f 4390//158 4470//158 4391//158
f 4391//158 4470//158 4469//158
f 4391//158 4469//158 4392//158
f 4392//158 4469//158 4468//158
f 4392//158 4468//158 4393//158
f 4393//158 4468//158 4467//158
f 4393//158 4467//158 4347//158
f 4347//158 4467//158 4466//158
f 4347//158 4466//158 4348//158
f 4348//158 4466//158 4465//158
f 4348//158 4465//158 4349//158
f 4349//158 4465//158 4464//158
f 4349//158 4464//158 4350//158
f 4350//158 4464//158 4463//158
f 4350//158 4463//158 4351//158
f 4351//158 4463//158 4462//158
f 4351//158 4462//158 4352//158
f 4352//158 4462//158 4461//158
f 4352//158 4461//158 4353//158
f 4353//158 4461//158 4460//158
f 4353//158 4460//158 4354//158
f 4354//158 4460//158 4459//158
f 4354//158 4459//158 4355//158
f 4355//158 4459//158 4458//158
f 4355//158 4458//158 4356//158
f 4356//158 4458//158 4457//158
f 4356//158 4457//158 4357//158
f 4357//158 4457//158 4456//158
f 4357//158 4456//158 4358//158
f 4358//158 4456//158 4455//158
f 3608//158 3607//158 4477//158
f 3679//158 3678//158 2557//158
f 3655//158 4148//158 3656//158
f 3656//158 4148//158 4147//158
f 3656//158 4147//158 4243//158
f 4243//158 4147//158 4244//158
f 4244//158 4147//158 4146//158
f 4244//158 4146//158 4245//158
f 4245//158 4146//158 4145//158
f 4245//158 4145//158 4246//158
f 4246//158 4145//158 4144//158
f 4246//158 4144//158 4247//158
f 4247//158 4144//158 4143//158
f 4247//158 4143//158 4248//158
f 4248//158 4143//158 4142//158
f 4248//158 4142//158 4249//158
f 4249//158 4142//158 4141//158
f 4249//158 4141//158 4250//158
f 4250//158 4141//158 4140//158
f 4250//158 4140//158 4251//158
f 4251//158 4140//158 4139//158
f 4251//158 4139//158 4252//158
f 4252//158 4139//158 4138//158
f 4252//158 4138//158 4206//158
f 4206//158 4138//158 4137//158
f 4206//158 4137//158 4207//158
f 4207//158 4137//158 4136//158
f 4207//158 4136//158 4208//158
f 4208//158 4136//158 4135//158
f 4208//158 4135//158 4209//158
f 4209//158 4135//158 4134//158
f 4209//158 4134//158 4210//158
f 4210//158 4134//158 4133//158
f 4210//158 4133//158 4211//158
f 4211//158 4133//158 4132//158
f 4211//158 4132//158 4212//158
f 4212//158 4132//158 4131//158
f 4212//158 4131//158 4213//158
f 4213//158 4131//158 4130//158
f 4213//158 4130//158 4214//158
f 4214//158 4130//158 4129//158
f 4214//158 4129//158 4215//158
f 4215//158 4129//158 4128//158
f 4215//158 4128//158 4216//158
f 4216//158 4128//158 4127//158
f 4216//158 4127//158 4217//158
f 4217//158 4127//158 4126//158
f 4217//158 4126//158 4218//158
f 4218//158 4126//158 4525//158
f 4218//158 4525//158 4524//158
f 3655//158 3654//158 4148//158
f 4712//158 3772//158 4713//158
f 4713//158 3772//158 3771//158
f 4713//158 3771//158 4714//158
f 4714//158 3771//158 3770//158
f 4714//158 3770//158 4715//158
f 4715//158 3770//158 3769//158
f 4715//158 3769//158 4716//158
f 4716//158 3769//158 3768//158
f 4716//158 3768//158 4717//158
f 4717//158 3768//158 3767//158
f 4717//158 3767//158 4718//158
f 4718//158 3767//158 3766//158
f 4718//158 3766//158 4719//158
f 4719//158 3766//158 3765//158
f 4719//158 3765//158 4720//158
f 4720//158 3765//158 3764//158
f 4720//158 3764//158 4721//158
f 4721//158 3764//158 3763//158
f 4721//158 3763//158 4722//158
f 4722//158 3763//158 3762//158
f 4722//158 3762//158 4676//158
f 4676//158 3762//158 3761//158
f 4676//158 3761//158 4677//158
f 4677//158 3761//158 3760//158
f 4677//158 3760//158 4678//158
f 4678//158 3760//158 3759//158
f 4678//158 3759//158 4679//158
f 4679//158 3759//158 3758//158
f 4679//158 3758//158 4680//158
f 4680//158 3758//158 3757//158
f 4680//158 3757//158 4681//158
f 4681//158 3757//158 3756//158
f 4681//158 3756//158 4682//158
f 4682//158 3756//158 3755//158
f 4682//158 3755//158 4683//158
f 4683//158 3755//158 3754//158
f 4683//158 3754//158 4684//158
f 4684//158 3754//158 3753//158
f 4684//158 3753//158 4685//158
f 4685//158 3753//158 3752//158
f 4685//158 3752//158 4686//158
f 4686//158 3752//158 3751//158
f 4686//158 3751//158 4687//158
f 4687//158 3751//158 3750//158
f 3796//158 4101//158 3797//158
f 3797//158 4101//158 4100//158
f 3797//158 4100//158 4431//158
f 4431//158 4100//158 4432//158
f 4432//158 4100//158 4099//158
f 4432//158 4099//158 4433//158
f 4433//158 4099//158 4098//158
f 4433//158 4098//158 4434//158
f 4434//158 4098//158 4097//158
f 4434//158 4097//158 4435//158
f 4435//158 4097//158 4096//158
f 4435//158 4096//158 4436//158
f 4436//158 4096//158 4095//158
f 4436//158 4095//158 4437//158
f 4437//158 4095//158 4094//158
f 4437//158 4094//158 4438//158
f 4438//158 4094//158 4093//158
f 4438//158 4093//158 4439//158
f 4439//158 4093//158 4092//158
f 4439//158 4092//158 4440//158
f 4440//158 4092//158 4091//158
f 4440//158 4091//158 4394//158
f 4394//158 4091//158 4090//158
f 4394//158 4090//158 4395//158
f 4395//158 4090//158 4089//158
f 4395//158 4089//158 4396//158
f 4396//158 4089//158 4088//158
f 4396//158 4088//158 4397//158
f 4397//158 4088//158 4087//158
f 4397//158 4087//158 4398//158
f 4398//158 4087//158 4086//158
f 4398//158 4086//158 4399//158
f 4399//158 4086//158 4085//158
f 4399//158 4085//158 4400//158
f 4400//158 4085//158 4084//158
f 4400//158 4084//158 4401//158
f 4401//158 4084//158 4083//158
f 4401//158 4083//158 4402//158
f 4402//158 4083//158 4082//158
f 4402//158 4082//158 4403//158
f 4403//158 4082//158 4081//158
f 4403//158 4081//158 4404//158
f 4404//158 4081//158 4080//158
f 4404//158 4080//158 4405//158
f 4405//158 4080//158 4079//158
f 3796//158 3795//158 4101//158
f 4053//158 3844//158 4054//158
f 4054//158 3844//158 3843//158
f 4054//158 3843//158 3842//158
f 3877//158 4560//158 3878//158
f 3878//158 4560//158 4559//158
f 3878//158 4559//158 3879//158
f 3879//158 4559//158 4558//158
f 3879//158 4558//158 3880//158
f 3880//158 4558//158 4557//158
f 3880//158 4557//158 3881//158
f 3881//158 4557//158 4556//158
f 3881//158 4556//158 3882//158
f 3882//158 4556//158 4555//158
f 3882//158 4555//158 3883//158
f 3883//158 4555//158 4554//158
f 3883//158 4554//158 3884//158
f 3884//158 4554//158 4553//158
f 3884//158 4553//158 3885//158
f 3885//158 4553//158 4552//158
f 3885//158 4552//158 3886//158
f 3886//158 4552//158 4551//158
f 3886//158 4551//158 3887//158
f 3887//158 4551//158 4550//158
f 3887//158 4550//158 3888//158
f 3888//158 4550//158 4549//158
f 3888//158 4549//158 3889//158
f 3889//158 4549//158 4548//158
f 3889//158 4548//158 3890//158
f 4560//158 3877//158 4561//158
f 4561//158 3877//158 3923//158
f 4561//158 3923//158 4562//158
f 4562//158 3923//158 3922//158
f 4562//158 3922//158 4563//158
f 4563//158 3922//158 3921//158
f 4563//158 3921//158 4564//158
f 4564//158 3921//158 3920//158
f 4564//158 3920//158 4565//158
f 4565//158 3920//158 3919//158
f 4565//158 3919//158 4566//158
f 4566//158 3919//158 3918//158
f 4566//158 3918//158 4567//158
f 4567//158 3918//158 3917//158
f 4567//158 3917//158 4568//158
f 4568//158 3917//158 3916//158
f 4568//158 3916//158 4569//158
f 4569//158 3916//158 3915//158
f 4569//158 3915//158 4570//158
f 4570//158 3915//158 3914//158
f 4570//158 3914//158 4361//158
f 3959//158 4173//158 3960//158
f 3960//158 4173//158 4172//158
f 3960//158 4172//158 4171//158
f 4112//158 4278//158 4113//158
f 4113//158 4278//158 4277//158
f 4113//158 4277//158 4114//158
f 4114//158 4277//158 4276//158
f 4114//158 4276//158 4115//158
f 4115//158 4276//158 4275//158
f 4115//158 4275//158 4116//158
f 4116//158 4275//158 4274//158
f 4116//158 4274//158 4117//158
f 4117//158 4274//158 4273//158
f 4117//158 4273//158 4118//158
f 4118//158 4273//158 4272//158
f 4118//158 4272//158 4119//158
f 4119//158 4272//158 4271//158
f 4119//158 4271//158 4120//158
f 4120//158 4271//158 4270//158
f 4120//158 4270//158 4121//158
f 4121//158 4270//158 4269//158
f 4121//158 4269//158 4122//158
f 4122//158 4269//158 4268//158
f 4122//158 4268//158 4123//158
f 4123//158 4268//158 4267//158
f 4278//158 4112//158 4279//158
f 4279//158 4112//158 4158//158
f 4279//158 4158//158 4280//158
f 4280//158 4158//158 4157//158
f 4280//158 4157//158 4281//158
f 4281//158 4157//158 4156//158
f 4281//158 4156//158 4282//158
f 4282//158 4156//158 4155//158
f 4282//158 4155//158 4283//158
f 4283//158 4155//158 4154//158
f 4283//158 4154//158 4284//158
f 4284//158 4154//158 4153//158
f 4284//158 4153//158 4285//158
f 4285//158 4153//158 4152//158
f 4285//158 4152//158 4286//158
f 4286//158 4152//158 4151//158
f 4286//158 4151//158 4287//158
f 4287//158 4151//158 4150//158
f 4287//158 4150//158 4288//158
f 4288//158 4150//158 4149//158
f 4288//158 4149//158 4784//158
f 4194//158 4737//158 4195//158
f 4195//158 4737//158 4736//158
f 4195//158 4736//158 4735//158
f 4193//158 4479//158 4194//158
f 4194//158 4479//158 4478//158
f 4194//158 4478//158 4737//158
f 4479//158 4193//158 4480//158
f 4480//158 4193//158 4192//158
f 4480//158 4192//158 4481//158
f 4481//158 4192//158 4191//158
f 4481//158 4191//158 4482//158
f 4482//158 4191//158 4190//158
f 4482//158 4190//158 4483//158
f 4483//158 4190//158 4189//158
f 4483//158 4189//158 4484//158
f 4484//158 4189//158 4188//158
f 4484//158 4188//158 4485//158
f 4485//158 4188//158 4187//158
f 4485//158 4187//158 4486//158
f 4486//158 4187//158 4186//158
f 4486//158 4186//158 4487//158
f 4487//158 4186//158 4185//158
f 4487//158 4185//158 4441//158
f 4441//158 4185//158 4184//158
f 4441//158 4184//158 4442//158
f 4442//158 4184//158 4183//158
f 4442//158 4183//158 4443//158
f 4443//158 4183//158 4182//158
f 4443//158 4182//158 4444//158
f 4444//158 4182//158 4181//158
f 4444//158 4181//158 4445//158
f 4445//158 4181//158 4180//158
f 4445//158 4180//158 4446//158
f 4446//158 4180//158 4179//158
f 4446//158 4179//158 4447//158
f 4447//158 4179//158 4178//158
f 4447//158 4178//158 4448//158
f 4448//158 4178//158 4177//158
f 4448//158 4177//158 4449//158
f 4449//158 4177//158 4176//158
f 4449//158 4176//158 4450//158
f 4450//158 4176//158 4175//158
f 4450//158 4175//158 4451//158
f 4451//158 4175//158 4174//158
f 4451//158 4174//158 4452//158
f 4452//158 4174//158 4173//158
f 4523//158 4220//158 4524//158
f 4524//158 4220//158 4219//158
f 4524//158 4219//158 4218//158
f 4779//158 4292//158 4780//158
f 4780//158 4292//158 4291//158
f 4780//158 4291//158 4781//158
f 4781//158 4291//158 4290//158
f 4781//158 4290//158 4782//158
f 4782//158 4290//158 4289//158
f 4782//158 4289//158 4783//158
f 4783//158 4289//158 4784//158
f 4784//158 4289//158 4288//158
f 4570//158 4361//158 4571//158
f 4571//158 4361//158 4360//158
f 4571//158 4360//158 4359//158
f 4429//158 4643//158 4430//158
f 4430//158 4643//158 4642//158
f 4430//158 4642//158 4641//158
f 4572//158 4571//158 4359//158
f 4619//158 4618//158 291//158
f 4616//158 4615//158 289//158
f 289//158 4615//158 4614//158
f 289//158 4614//158 4613//158
f 4613//158 4612//158 289//158
f 289//158 4612//158 4611//158
f 289//158 4611//158 4610//158
f 4610//158 4609//158 289//158
f 289//158 4609//158 4608//158
f 289//158 4608//158 4607//158
f 4607//158 4606//158 289//158
f 289//158 4606//158 4605//158
f 289//158 4605//158 4604//158
f 4603//158 4602//158 133//158
f 133//158 4602//158 4601//158
f 4599//158 4598//158 131//158
f 4772//158 4771//158 2558//158
f 2558//158 4771//158 4770//158
f 2558//158 4770//158 4816//158
f 4816//158 4815//158 2558//158
f 2558//158 4815//158 4814//158
f 2558//158 4814//158 4813//158
f 4813//158 4812//158 2558//158
f 2558//158 4812//158 4811//158
f 2558//158 4811//158 4810//158
f 4810//158 4809//158 2558//158
f 2558//158 4809//158 4808//158
f 2558//158 4808//158 4807//158
f 4774//158 4773//158 2558//158
f 2558//158 4773//158 4772//158

###north_ide_processed
###lsh 291 289
###lsh 2 4
###lsh 4 6
###lsh 182 184
###lsh 184 186
###lsh 6 8
###lsh 8 10
###lsh 10 12
###lsh 12 14
###lsh 14 16
###lsh 16 18
###lsh 18 20
###lsh 20 22
###lsh 22 24
###lsh 24 26
###lsh 26 28
###lsh 28 30
###lsh 30 32
###lsh 32 34
###lsh 34 36
###lsh 36 38
###lsh 38 40
###lsh 40 42
###lsh 42 44
###lsh 44 46
###lsh 46 48
###lsh 48 50
###lsh 50 52
###lsh 52 54
###lsh 54 56
###lsh 56 58
###lsh 58 60
###lsh 60 62
###lsh 62 64
###lsh 64 66
###lsh 66 68
###lsh 68 70
###lsh 70 0
###lsh 0 2
###lsh 144 146
###lsh 146 148
###lsh 148 150
###lsh 150 152
###lsh 152 154
###lsh 154 156
###lsh 156 158
###lsh 158 160
###lsh 160 162
###lsh 162 164
###lsh 164 166
###lsh 166 168
###lsh 168 170
###lsh 170 172
###lsh 172 174
###lsh 174 176
###lsh 176 178
###lsh 178 180
###lsh 180 182
###lsh 186 188
###lsh 188 190
###lsh 190 192
###lsh 192 194
###lsh 194 196
###lsh 196 198
###lsh 198 200
###lsh 200 202
###lsh 202 204
###lsh 204 206
###lsh 206 208
###lsh 208 210
###lsh 210 212
###lsh 212 214
###lsh 214 144
###lsh 289 288
###lsh 342 289
###lsh 343 342
###lsh 342 2554
###lsh 453 452
###lsh 452 400
###lsh 2557 452
###lsh 2558 400
###lsh 400 347
###lsh 584 586
###lsh 582 584
###lsh 613 582
###lsh 615 613
###lsh 617 615
###lsh 619 617
###lsh 621 619
###lsh 623 621
###lsh 625 623
###lsh 627 625
###lsh 629 627
###lsh 631 629
###lsh 636 631
###lsh 637 636
###lsh 638 637
###lsh 645 638
###lsh 647 645
###lsh 649 647
###lsh 651 649
###lsh 653 651
###lsh 655 653
###lsh 657 655
###lsh 659 657
###lsh 661 659
###lsh 663 661
###lsh 665 663
###lsh 667 665
###lsh 669 667
###lsh 671 669
###lsh 673 671
###lsh 675 673
###lsh 677 675
###lsh 679 677
###lsh 681 679
###lsh 683 681
###lsh 608 683
###lsh 606 608
###lsh 604 606
###lsh 602 604
###lsh 600 602
###lsh 598 600
###lsh 596 598
###lsh 594 596
###lsh 592 594
###lsh 590 592
###lsh 588 590
###lsh 586 588
###lsh 482 480
###lsh 484 482
###lsh 486 484
###lsh 488 486
###lsh 490 488
###lsh 492 490
###lsh 494 492
###lsh 496 494
###lsh 498 496
###lsh 500 498
###lsh 502 500
###lsh 504 502
###lsh 686 504
###lsh 687 686
###lsh 688 687
###lsh 695 688
###lsh 697 695
###lsh 699 697
###lsh 701 699
###lsh 703 701
###lsh 705 703
###lsh 707 705
###lsh 709 707
###lsh 711 709
###lsh 713 711
###lsh 715 713
###lsh 717 715
###lsh 719 717
###lsh 721 719
###lsh 723 721
###lsh 725 723
###lsh 727 725
###lsh 729 727
###lsh 731 729
###lsh 733 731
###lsh 458 733
###lsh 460 458
###lsh 462 460
###lsh 464 462
###lsh 466 464
###lsh 468 466
###lsh 470 468
###lsh 472 470
###lsh 474 472
###lsh 476 474
###lsh 478 476
###lsh 480 478
###lsh 737 739
###lsh 735 737
###lsh 766 735
###lsh 768 766
###lsh 770 768
###lsh 772 770
###lsh 774 772
###lsh 776 774
###lsh 778 776
###lsh 780 778
###lsh 782 780
###lsh 784 782
###lsh 789 784
###lsh 790 789
###lsh 791 790
###lsh 798 791
###lsh 800 798
###lsh 802 800
###lsh 804 802
###lsh 806 804
###lsh 808 806
###lsh 810 808
###lsh 812 810
###lsh 814 812
###lsh 816 814
###lsh 818 816
###lsh 820 818
###lsh 822 820
###lsh 824 822
###lsh 826 824
###lsh 828 826
###lsh 830 828
###lsh 832 830
###lsh 834 832
###lsh 836 834
###lsh 761 836
###lsh 759 761
###lsh 757 759
###lsh 755 757
###lsh 753 755
###lsh 751 753
###lsh 749 751
###lsh 747 749
###lsh 745 747
###lsh 743 745
###lsh 741 743
###lsh 739 741
###lsh 840 842
###lsh 838 840
###lsh 865 838
###lsh 867 865
###lsh 869 867
###lsh 871 869
###lsh 873 871
###lsh 875 873
###lsh 877 875
###lsh 879 877
###lsh 881 879
###lsh 883 881
###lsh 888 883
###lsh 889 888
###lsh 890 889
###lsh 897 890
###lsh 899 897
###lsh 901 899
###lsh 903 901
###lsh 905 903
###lsh 907 905
###lsh 909 907
###lsh 911 909
###lsh 913 911
###lsh 915 913
###lsh 917 915
###lsh 919 917
###lsh 921 919
###lsh 923 921
###lsh 925 923
###lsh 927 925
###lsh 929 927
###lsh 931 929
###lsh 933 931
###lsh 935 933
###lsh 863 935
###lsh 862 863
###lsh 860 862
###lsh 858 860
###lsh 856 858
###lsh 854 856
###lsh 852 854
###lsh 850 852
###lsh 848 850
###lsh 846 848
###lsh 844 846
###lsh 842 844
###lsh 939 941
###lsh 937 939
###lsh 967 937
###lsh 969 967
###lsh 971 969
###lsh 973 971
###lsh 975 973
###lsh 977 975
###lsh 979 977
###lsh 981 979
###lsh 983 981
###lsh 985 983
###lsh 987 985
###lsh 989 987
###lsh 991 989
###lsh 993 991
###lsh 995 993
###lsh 997 995
###lsh 999 997
###lsh 1001 999
###lsh 1003 1001
###lsh 1005 1003
###lsh 1007 1005
###lsh 1009 1007
###lsh 1011 1009
###lsh 1013 1011
###lsh 1015 1013
###lsh 1017 1015
###lsh 1019 1017
###lsh 1021 1019
###lsh 1023 1021
###lsh 1025 1023
###lsh 1027 1025
###lsh 1029 1027
###lsh 1031 1029
###lsh 963 1031
###lsh 961 963
###lsh 959 961
###lsh 957 959
###lsh 955 957
###lsh 953 955
###lsh 951 953
###lsh 949 951
###lsh 947 949
###lsh 945 947
###lsh 943 945
###lsh 941 943
###lsh 425 427
###lsh 423 425
###lsh 421 423
###lsh 419 421
###lsh 417 419
###lsh 415 417
###lsh 413 415
###lsh 411 413
###lsh 409 411
###lsh 407 409
###lsh 405 407
###lsh 403 405
###lsh 1037 403
###lsh 1090 1037
###lsh 1092 1090
###lsh 1094 1092
###lsh 1096 1094
###lsh 1098 1096
###lsh 1100 1098
###lsh 1102 1100
###lsh 1104 1102
###lsh 1106 1104
###lsh 1108 1106
###lsh 1110 1108
###lsh 1112 1110
###lsh 1114 1112
###lsh 1116 1114
###lsh 1118 1116
###lsh 1120 1118
###lsh 1122 1120
###lsh 1124 1122
###lsh 1126 1124
###lsh 1128 1126
###lsh 1130 1128
###lsh 1132 1130
###lsh 449 1132
###lsh 447 449
###lsh 445 447
###lsh 443 445
###lsh 441 443
###lsh 439 441
###lsh 437 439
###lsh 435 437
###lsh 433 435
###lsh 431 433
###lsh 429 431
###lsh 427 429
###lsh 1140 1142
###lsh 1138 1140
###lsh 1168 1138
###lsh 1170 1168
###lsh 1172 1170
###lsh 1174 1172
###lsh 1176 1174
###lsh 1178 1176
###lsh 1180 1178
###lsh 1182 1180
###lsh 1184 1182
###lsh 1186 1184
###lsh 1188 1186
###lsh 1240 1188
###lsh 1242 1240
###lsh 1244 1242
###lsh 1246 1244
###lsh 1248 1246
###lsh 1250 1248
###lsh 1252 1250
###lsh 1254 1252
###lsh 1256 1254
###lsh 1258 1256
###lsh 1260 1258
###lsh 1262 1260
###lsh 1264 1262
###lsh 1266 1264
###lsh 1268 1266
###lsh 1270 1268
###lsh 1272 1270
###lsh 1274 1272
###lsh 1276 1274
###lsh 1278 1276
###lsh 1280 1278
###lsh 1282 1280
###lsh 1164 1282
###lsh 1162 1164
###lsh 1160 1162
###lsh 1158 1160
###lsh 1156 1158
###lsh 1154 1156
###lsh 1152 1154
###lsh 1150 1152
###lsh 1148 1150
###lsh 1146 1148
###lsh 1144 1146
###lsh 1142 1144
###lsh 1290 1292
###lsh 1288 1290
###lsh 1311 1288
###lsh 1313 1311
###lsh 1315 1313
###lsh 1317 1315
###lsh 1319 1317
###lsh 1321 1319
###lsh 1323 1321
###lsh 1325 1323
###lsh 1327 1325
###lsh 1033 1327
###lsh 1035 1033
###lsh 1036 1035
###lsh 535 1036
###lsh 533 535
###lsh 532 533
###lsh 531 532
###lsh 530 531
###lsh 529 530
###lsh 528 529
###lsh 527 528
###lsh 526 527
###lsh 525 526
###lsh 524 525
###lsh 523 524
###lsh 522 523
###lsh 521 522
###lsh 520 521
###lsh 519 520
###lsh 518 519
###lsh 517 518
###lsh 515 517
###lsh 516 515
###lsh 1329 516
###lsh 1331 1329
###lsh 340 1331
###lsh 341 340
###lsh 1308 341
###lsh 1306 1308
###lsh 1304 1306
###lsh 1302 1304
###lsh 1300 1302
###lsh 1298 1300
###lsh 1296 1298
###lsh 1294 1296
###lsh 1292 1294
###lsh 1335 1337
###lsh 1333 1335
###lsh 1363 1333
###lsh 1365 1363
###lsh 1367 1365
###lsh 1369 1367
###lsh 1371 1369
###lsh 1373 1371
###lsh 1375 1373
###lsh 1377 1375
###lsh 1379 1377
###lsh 1381 1379
###lsh 1383 1381
###lsh 1385 1383
###lsh 1387 1385
###lsh 1389 1387
###lsh 1391 1389
###lsh 1393 1391
###lsh 1395 1393
###lsh 1397 1395
###lsh 1399 1397
###lsh 1401 1399
###lsh 1403 1401
###lsh 1405 1403
###lsh 1407 1405
###lsh 1409 1407
###lsh 1411 1409
###lsh 1413 1411
###lsh 1415 1413
###lsh 1417 1415
###lsh 1419 1417
###lsh 1421 1419
###lsh 1423 1421
###lsh 1425 1423
###lsh 1427 1425
###lsh 1359 1427
###lsh 1357 1359
###lsh 1355 1357
###lsh 1353 1355
###lsh 1351 1353
###lsh 1349 1351
###lsh 1347 1349
###lsh 1345 1347
###lsh 1343 1345
###lsh 1341 1343
###lsh 1339 1341
###lsh 1337 1339
###lsh 1435 1437
###lsh 1433 1435
###lsh 1456 1433
###lsh 1458 1456
###lsh 1460 1458
###lsh 1462 1460
###lsh 1464 1462
###lsh 1466 1464
###lsh 1468 1466
###lsh 1470 1468
###lsh 1472 1470
###lsh 1085 1472
###lsh 1087 1085
###lsh 1088 1087
###lsh 1473 1088
###lsh 1480 1473
###lsh 1482 1480
###lsh 1484 1482
###lsh 1486 1484
###lsh 1488 1486
###lsh 1490 1488
###lsh 1492 1490
###lsh 1494 1492
###lsh 1496 1494
###lsh 1498 1496
###lsh 1500 1498
###lsh 1502 1500
###lsh 1504 1502
###lsh 1506 1504
###lsh 1508 1506
###lsh 1510 1508
###lsh 1512 1510
###lsh 1514 1512
###lsh 1516 1514
###lsh 1518 1516
###lsh 1525 1518
###lsh 642 1525
###lsh 643 642
###lsh 1453 643
###lsh 1451 1453
###lsh 1449 1451
###lsh 1447 1449
###lsh 1445 1447
###lsh 1443 1445
###lsh 1441 1443
###lsh 1439 1441
###lsh 1437 1439
###lsh 1529 1531
###lsh 1527 1529
###lsh 1550 1527
###lsh 1552 1550
###lsh 1554 1552
###lsh 1556 1554
###lsh 1558 1556
###lsh 1560 1558
###lsh 1562 1560
###lsh 1564 1562
###lsh 1566 1564
###lsh 1429 1566
###lsh 1431 1429
###lsh 1432 1431
###lsh 1567 1432
###lsh 1570 1567
###lsh 1572 1570
###lsh 1574 1572
###lsh 1576 1574
###lsh 1578 1576
###lsh 1580 1578
###lsh 1582 1580
###lsh 1584 1582
###lsh 1586 1584
###lsh 1588 1586
###lsh 1590 1588
###lsh 1592 1590
###lsh 1594 1592
###lsh 1596 1594
###lsh 1598 1596
###lsh 1600 1598
###lsh 1602 1600
###lsh 1604 1602
###lsh 1606 1604
###lsh 893 1606
###lsh 887 893
###lsh 885 887
###lsh 886 885
###lsh 1547 886
###lsh 1545 1547
###lsh 1543 1545
###lsh 1541 1543
###lsh 1539 1541
###lsh 1537 1539
###lsh 1535 1537
###lsh 1533 1535
###lsh 1531 1533
###lsh 1609 1611
###lsh 1607 1609
###lsh 1630 1607
###lsh 1632 1630
###lsh 1634 1632
###lsh 1636 1634
###lsh 1638 1636
###lsh 1640 1638
###lsh 1642 1640
###lsh 1644 1642
###lsh 1646 1644
###lsh 1235 1646
###lsh 1237 1235
###lsh 1238 1237
###lsh 1647 1238
###lsh 1654 1647
###lsh 1656 1654
###lsh 1658 1656
###lsh 1660 1658
###lsh 1662 1660
###lsh 1664 1662
###lsh 1666 1664
###lsh 1668 1666
###lsh 1670 1668
###lsh 1672 1670
###lsh 1674 1672
###lsh 1676 1674
###lsh 1678 1676
###lsh 1680 1678
###lsh 1682 1680
###lsh 1684 1682
###lsh 1686 1684
###lsh 1688 1686
###lsh 1690 1688
###lsh 1692 1690
###lsh 1699 1692
###lsh 692 1699
###lsh 693 692
###lsh 1627 693
###lsh 1625 1627
###lsh 1623 1625
###lsh 1621 1623
###lsh 1619 1621
###lsh 1617 1619
###lsh 1615 1617
###lsh 1613 1615
###lsh 1611 1613
###lsh 373 375
###lsh 371 373
###lsh 369 371
###lsh 367 369
###lsh 365 367
###lsh 363 365
###lsh 361 363
###lsh 359 361
###lsh 357 359
###lsh 355 357
###lsh 353 355
###lsh 351 353
###lsh 350 351
###lsh 1701 350
###lsh 1705 1701
###lsh 1707 1705
###lsh 1709 1707
###lsh 1711 1709
###lsh 1713 1711
###lsh 1715 1713
###lsh 1717 1715
###lsh 1719 1717
###lsh 1721 1719
###lsh 1723 1721
###lsh 1725 1723
###lsh 1727 1725
###lsh 1729 1727
###lsh 1731 1729
###lsh 1733 1731
###lsh 1735 1733
###lsh 1737 1735
###lsh 1739 1737
###lsh 1741 1739
###lsh 1743 1741
###lsh 1745 1743
###lsh 397 1745
###lsh 395 397
###lsh 393 395
###lsh 391 393
###lsh 389 391
###lsh 387 389
###lsh 385 387
###lsh 383 385
###lsh 381 383
###lsh 379 381
###lsh 377 379
###lsh 375 377
###lsh 1406 1408
###lsh 1404 1406
###lsh 1402 1404
###lsh 1400 1402
###lsh 1398 1400
###lsh 1396 1398
###lsh 1394 1396
###lsh 1392 1394
###lsh 1390 1392
###lsh 1388 1390
###lsh 1386 1388
###lsh 1384 1386
###lsh 986 1384
###lsh 984 986
###lsh 982 984
###lsh 980 982
###lsh 978 980
###lsh 976 978
###lsh 974 976
###lsh 972 974
###lsh 970 972
###lsh 968 970
###lsh 966 968
###lsh 938 966
###lsh 940 938
###lsh 942 940
###lsh 944 942
###lsh 946 944
###lsh 948 946
###lsh 950 948
###lsh 952 950
###lsh 954 952
###lsh 956 954
###lsh 958 956
###lsh 960 958
###lsh 1430 960
###lsh 1428 1430
###lsh 1426 1428
###lsh 1424 1426
###lsh 1422 1424
###lsh 1420 1422
###lsh 1418 1420
###lsh 1416 1418
###lsh 1414 1416
###lsh 1412 1414
###lsh 1410 1412
###lsh 1408 1410
###lsh 1753 1755
###lsh 1751 1753
###lsh 1774 1751
###lsh 1776 1774
###lsh 1778 1776
###lsh 1780 1778
###lsh 1782 1780
###lsh 1784 1782
###lsh 1786 1784
###lsh 1788 1786
###lsh 1790 1788
###lsh 1747 1790
###lsh 1749 1747
###lsh 1750 1749
###lsh 1791 1750
###lsh 1798 1791
###lsh 1800 1798
###lsh 1802 1800
###lsh 1804 1802
###lsh 1806 1804
###lsh 1808 1806
###lsh 1810 1808
###lsh 1812 1810
###lsh 1814 1812
###lsh 1816 1814
###lsh 1818 1816
###lsh 1820 1818
###lsh 1822 1820
###lsh 1824 1822
###lsh 1826 1824
###lsh 1828 1826
###lsh 1830 1828
###lsh 1832 1830
###lsh 1834 1832
###lsh 794 1834
###lsh 788 794
###lsh 786 788
###lsh 787 786
###lsh 1771 787
###lsh 1769 1771
###lsh 1767 1769
###lsh 1765 1767
###lsh 1763 1765
###lsh 1761 1763
###lsh 1759 1761
###lsh 1757 1759
###lsh 1755 1757
###lsh 1837 1839
###lsh 1835 1837
###lsh 1864 1835
###lsh 1866 1864
###lsh 1868 1866
###lsh 1870 1868
###lsh 1872 1870
###lsh 1874 1872
###lsh 1876 1874
###lsh 1878 1876
###lsh 1880 1878
###lsh 396 1880
###lsh 398 396
###lsh 399 398
###lsh 1789 399
###lsh 1787 1789
###lsh 1785 1787
###lsh 1783 1785
###lsh 1781 1783
###lsh 1779 1781
###lsh 1777 1779
###lsh 1775 1777
###lsh 1773 1775
###lsh 1752 1773
###lsh 1754 1752
###lsh 1756 1754
###lsh 1758 1756
###lsh 1760 1758
###lsh 1762 1760
###lsh 1764 1762
###lsh 1766 1764
###lsh 1768 1766
###lsh 1770 1768
###lsh 1772 1770
###lsh 785 1772
###lsh 1861 785
###lsh 1859 1861
###lsh 1857 1859
###lsh 1855 1857
###lsh 1853 1855
###lsh 1851 1853
###lsh 1849 1851
###lsh 1847 1849
###lsh 1845 1847
###lsh 1843 1845
###lsh 1841 1843
###lsh 1839 1841
###lsh 1884 1886
###lsh 1882 1884
###lsh 1905 1882
###lsh 1907 1905
###lsh 1909 1907
###lsh 1911 1909
###lsh 1913 1911
###lsh 1915 1913
###lsh 1917 1915
###lsh 1919 1917
###lsh 1921 1919
###lsh 1923 1921
###lsh 1382 1923
###lsh 1380 1382
###lsh 1378 1380
###lsh 1376 1378
###lsh 1374 1376
###lsh 1372 1374
###lsh 1370 1372
###lsh 1368 1370
###lsh 1366 1368
###lsh 1364 1366
###lsh 1362 1364
###lsh 1334 1362
###lsh 1336 1334
###lsh 1338 1336
###lsh 1340 1338
###lsh 1342 1340
###lsh 1344 1342
###lsh 1346 1344
###lsh 1348 1346
###lsh 1350 1348
###lsh 1352 1350
###lsh 1354 1352
###lsh 1356 1354
###lsh 1925 1356
###lsh 1795 1925
###lsh 1796 1795
###lsh 1902 1796
###lsh 1900 1902
###lsh 1898 1900
###lsh 1896 1898
###lsh 1894 1896
###lsh 1892 1894
###lsh 1890 1892
###lsh 1888 1890
###lsh 1886 1888
###lsh 1928 1927
###lsh 1929 1928
###lsh 1930 1929
###lsh 1931 1930
###lsh 1932 1931
###lsh 1933 1932
###lsh 1934 1933
###lsh 1935 1934
###lsh 1936 1935
###lsh 1937 1936
###lsh 1938 1937
###lsh 401 1938
###lsh 402 401
###lsh 404 402
###lsh 406 404
###lsh 408 406
###lsh 410 408
###lsh 412 410
###lsh 414 412
###lsh 416 414
###lsh 418 416
###lsh 420 418
###lsh 422 420
###lsh 424 422
###lsh 426 424
###lsh 428 426
###lsh 430 428
###lsh 432 430
###lsh 434 432
###lsh 436 434
###lsh 438 436
###lsh 440 438
###lsh 442 440
###lsh 444 442
###lsh 446 444
###lsh 1940 446
###lsh 1943 1940
###lsh 1945 1943
###lsh 1946 1945
###lsh 572 1946
###lsh 571 572
###lsh 570 571
###lsh 569 570
###lsh 568 569
###lsh 567 568
###lsh 1947 567
###lsh 1927 1947
###lsh 1062 1064
###lsh 1060 1062
###lsh 1058 1060
###lsh 1056 1058
###lsh 1054 1056
###lsh 1052 1054
###lsh 1050 1052
###lsh 1048 1050
###lsh 1046 1048
###lsh 1044 1046
###lsh 1042 1044
###lsh 1040 1042
###lsh 1039 1040
###lsh 1948 1039
###lsh 1951 1948
###lsh 1953 1951
###lsh 1955 1953
###lsh 1957 1955
###lsh 1959 1957
###lsh 1961 1959
###lsh 1963 1961
###lsh 1965 1963
###lsh 1967 1965
###lsh 1969 1967
###lsh 1971 1969
###lsh 1973 1971
###lsh 1975 1973
###lsh 1977 1975
###lsh 1979 1977
###lsh 1981 1979
###lsh 1983 1981
###lsh 1985 1983
###lsh 1987 1985
###lsh 1989 1987
###lsh 1476 1989
###lsh 1086 1476
###lsh 1084 1086
###lsh 1082 1084
###lsh 1080 1082
###lsh 1078 1080
###lsh 1076 1078
###lsh 1074 1076
###lsh 1072 1074
###lsh 1070 1072
###lsh 1068 1070
###lsh 1066 1068
###lsh 1064 1066
###lsh 1671 1673
###lsh 1669 1671
###lsh 1667 1669
###lsh 1665 1667
###lsh 1663 1665
###lsh 1661 1663
###lsh 1659 1661
###lsh 1657 1659
###lsh 1655 1657
###lsh 1653 1655
###lsh 1648 1653
###lsh 1649 1648
###lsh 1991 1649
###lsh 1881 1991
###lsh 1879 1881
###lsh 1877 1879
###lsh 1875 1877
###lsh 1873 1875
###lsh 1871 1873
###lsh 1869 1871
###lsh 1867 1869
###lsh 1865 1867
###lsh 1863 1865
###lsh 1836 1863
###lsh 1838 1836
###lsh 1840 1838
###lsh 1842 1840
###lsh 1844 1842
###lsh 1846 1844
###lsh 1848 1846
###lsh 1850 1848
###lsh 1852 1850
###lsh 1854 1852
###lsh 1856 1854
###lsh 1858 1856
###lsh 1695 1858
###lsh 1693 1695
###lsh 1691 1693
###lsh 1689 1691
###lsh 1687 1689
###lsh 1685 1687
###lsh 1683 1685
###lsh 1681 1683
###lsh 1679 1681
###lsh 1677 1679
###lsh 1675 1677
###lsh 1673 1675
###lsh 1010 1012
###lsh 1008 1010
###lsh 1006 1008
###lsh 1004 1006
###lsh 1002 1004
###lsh 1000 1002
###lsh 998 1000
###lsh 996 998
###lsh 994 996
###lsh 992 994
###lsh 990 992
###lsh 988 990
###lsh 344 988
###lsh 345 344
###lsh 346 345
###lsh 1992 346
###lsh 1993 1992
###lsh 1994 1993
###lsh 1995 1994
###lsh 1996 1995
###lsh 1997 1996
###lsh 1998 1997
###lsh 1999 1998
###lsh 2000 1999
###lsh 2001 2000
###lsh 2002 2001
###lsh 541 2002
###lsh 542 541
###lsh 2003 542
###lsh 538 2003
###lsh 539 538
###lsh 540 539
###lsh 534 540
###lsh 536 534
###lsh 537 536
###lsh 1034 537
###lsh 1032 1034
###lsh 1030 1032
###lsh 1028 1030
###lsh 1026 1028
###lsh 1024 1026
###lsh 1022 1024
###lsh 1020 1022
###lsh 1018 1020
###lsh 1016 1018
###lsh 1014 1016
###lsh 1012 1014
###lsh 2006 2008
###lsh 2004 2006
###lsh 2031 2004
###lsh 2033 2031
###lsh 2035 2033
###lsh 2037 2035
###lsh 2039 2037
###lsh 2041 2039
###lsh 2043 2041
###lsh 2045 2043
###lsh 2047 2045
###lsh 1860 2047
###lsh 1862 1860
###lsh 783 1862
###lsh 781 783
###lsh 779 781
###lsh 777 779
###lsh 775 777
###lsh 773 775
###lsh 771 773
###lsh 769 771
###lsh 767 769
###lsh 765 767
###lsh 736 765
###lsh 738 736
###lsh 740 738
###lsh 742 740
###lsh 744 742
###lsh 746 744
###lsh 748 746
###lsh 750 748
###lsh 752 750
###lsh 754 752
###lsh 756 754
###lsh 758 756
###lsh 760 758
###lsh 2028 760
###lsh 2026 2028
###lsh 2024 2026
###lsh 2022 2024
###lsh 2020 2022
###lsh 2018 2020
###lsh 2016 2018
###lsh 2014 2016
###lsh 2012 2014
###lsh 2010 2012
###lsh 2008 2010
###lsh 2050 2052
###lsh 2048 2050
###lsh 2074 2048
###lsh 2076 2074
###lsh 2078 2076
###lsh 2080 2078
###lsh 2082 2080
###lsh 2084 2082
###lsh 2086 2084
###lsh 2088 2086
###lsh 2090 2088
###lsh 2091 2090
###lsh 2096 2091
###lsh 503 2096
###lsh 501 503
###lsh 499 501
###lsh 497 499
###lsh 495 497
###lsh 493 495
###lsh 491 493
###lsh 489 491
###lsh 487 489
###lsh 485 487
###lsh 483 485
###lsh 481 483
###lsh 479 481
###lsh 477 479
###lsh 475 477
###lsh 473 475
###lsh 471 473
###lsh 469 471
###lsh 467 469
###lsh 465 467
###lsh 463 465
###lsh 461 463
###lsh 459 461
###lsh 2072 459
###lsh 2070 2072
###lsh 2068 2070
###lsh 2066 2068
###lsh 2064 2066
###lsh 2062 2064
###lsh 2060 2062
###lsh 2058 2060
###lsh 2056 2058
###lsh 2054 2056
###lsh 2052 2054
###lsh 2099 2101
###lsh 2097 2099
###lsh 2124 2097
###lsh 2126 2124
###lsh 2128 2126
###lsh 2130 2128
###lsh 2132 2130
###lsh 2134 2132
###lsh 2136 2134
###lsh 2138 2136
###lsh 2140 2138
###lsh 2141 2140
###lsh 2146 2141
###lsh 630 2146
###lsh 628 630
###lsh 626 628
###lsh 624 626
###lsh 622 624
###lsh 620 622
###lsh 618 620
###lsh 616 618
###lsh 614 616
###lsh 612 614
###lsh 583 612
###lsh 585 583
###lsh 587 585
###lsh 589 587
###lsh 591 589
###lsh 593 591
###lsh 595 593
###lsh 597 595
###lsh 599 597
###lsh 601 599
###lsh 603 601
###lsh 605 603
###lsh 607 605
###lsh 2121 607
###lsh 2119 2121
###lsh 2117 2119
###lsh 2115 2117
###lsh 2113 2115
###lsh 2111 2113
###lsh 2109 2111
###lsh 2107 2109
###lsh 2105 2107
###lsh 2103 2105
###lsh 2101 2103
###lsh 662 664
###lsh 660 662
###lsh 658 660
###lsh 656 658
###lsh 654 656
###lsh 652 654
###lsh 650 652
###lsh 648 650
###lsh 646 648
###lsh 644 646
###lsh 639 644
###lsh 640 639
###lsh 1526 640
###lsh 1524 1526
###lsh 2148 1524
###lsh 2150 2148
###lsh 2152 2150
###lsh 2154 2152
###lsh 2156 2154
###lsh 2158 2156
###lsh 2160 2158
###lsh 2162 2160
###lsh 2164 2162
###lsh 2166 2164
###lsh 2168 2166
###lsh 2170 2168
###lsh 2172 2170
###lsh 2174 2172
###lsh 2176 2174
###lsh 2178 2176
###lsh 2180 2178
###lsh 2182 2180
###lsh 2184 2182
###lsh 2186 2184
###lsh 2188 2186
###lsh 609 2188
###lsh 684 609
###lsh 682 684
###lsh 680 682
###lsh 678 680
###lsh 676 678
###lsh 674 676
###lsh 672 674
###lsh 670 672
###lsh 668 670
###lsh 666 668
###lsh 664 666
###lsh 712 714
###lsh 710 712
###lsh 708 710
###lsh 706 708
###lsh 704 706
###lsh 702 704
###lsh 700 702
###lsh 698 700
###lsh 696 698
###lsh 694 696
###lsh 689 694
###lsh 690 689
###lsh 1700 690
###lsh 1698 1700
###lsh 2190 1698
###lsh 2192 2190
###lsh 2194 2192
###lsh 2196 2194
###lsh 2198 2196
###lsh 2200 2198
###lsh 2202 2200
###lsh 2204 2202
###lsh 2206 2204
###lsh 2208 2206
###lsh 2210 2208
###lsh 2212 2210
###lsh 2214 2212
###lsh 2216 2214
###lsh 2218 2216
###lsh 2220 2218
###lsh 2222 2220
###lsh 2224 2222
###lsh 2226 2224
###lsh 2228 2226
###lsh 2230 2228
###lsh 457 2230
###lsh 734 457
###lsh 732 734
###lsh 730 732
###lsh 728 730
###lsh 726 728
###lsh 724 726
###lsh 722 724
###lsh 720 722
###lsh 718 720
###lsh 716 718
###lsh 714 716
###lsh 815 817
###lsh 813 815
###lsh 811 813
###lsh 809 811
###lsh 807 809
###lsh 805 807
###lsh 803 805
###lsh 801 803
###lsh 799 801
###lsh 797 799
###lsh 792 797
###lsh 793 792
###lsh 2233 793
###lsh 2234 2233
###lsh 2235 2234
###lsh 2242 2235
###lsh 2244 2242
###lsh 2246 2244
###lsh 2248 2246
###lsh 2250 2248
###lsh 2252 2250
###lsh 2254 2252
###lsh 2256 2254
###lsh 2258 2256
###lsh 2260 2258
###lsh 2262 2260
###lsh 2264 2262
###lsh 2266 2264
###lsh 2268 2266
###lsh 2270 2268
###lsh 2272 2270
###lsh 2274 2272
###lsh 2276 2274
###lsh 2278 2276
###lsh 2280 2278
###lsh 762 2280
###lsh 837 762
###lsh 835 837
###lsh 833 835
###lsh 831 833
###lsh 829 831
###lsh 827 829
###lsh 825 827
###lsh 823 825
###lsh 821 823
###lsh 819 821
###lsh 817 819
###lsh 914 916
###lsh 912 914
###lsh 910 912
###lsh 908 910
###lsh 906 908
###lsh 904 906
###lsh 902 904
###lsh 900 902
###lsh 898 900
###lsh 896 898
###lsh 891 896
###lsh 892 891
###lsh 2282 892
###lsh 337 2282
###lsh 335 337
###lsh 333 335
###lsh 331 333
###lsh 329 331
###lsh 327 329
###lsh 325 327
###lsh 323 325
###lsh 321 323
###lsh 319 321
###lsh 317 319
###lsh 315 317
###lsh 313 315
###lsh 311 313
###lsh 309 311
###lsh 307 309
###lsh 305 307
###lsh 303 305
###lsh 301 303
###lsh 299 301
###lsh 297 299
###lsh 295 297
###lsh 294 295
###lsh 936 294
###lsh 934 936
###lsh 932 934
###lsh 930 932
###lsh 928 930
###lsh 926 928
###lsh 924 926
###lsh 922 924
###lsh 920 922
###lsh 918 920
###lsh 916 918
###lsh 1212 1214
###lsh 1210 1212
###lsh 1208 1210
###lsh 1206 1208
###lsh 1204 1206
###lsh 1202 1204
###lsh 1200 1202
###lsh 1198 1200
###lsh 1196 1198
###lsh 1194 1196
###lsh 1192 1194
###lsh 1190 1192
###lsh 348 1190
###lsh 2284 348
###lsh 2286 2284
###lsh 2288 2286
###lsh 2290 2288
###lsh 2292 2290
###lsh 2294 2292
###lsh 2296 2294
###lsh 2298 2296
###lsh 2300 2298
###lsh 2302 2300
###lsh 2304 2302
###lsh 2306 2304
###lsh 2308 2306
###lsh 2310 2308
###lsh 2312 2310
###lsh 2314 2312
###lsh 2316 2314
###lsh 2318 2316
###lsh 2320 2318
###lsh 2322 2320
###lsh 2324 2322
###lsh 1650 2324
###lsh 1236 1650
###lsh 1234 1236
###lsh 1232 1234
###lsh 1230 1232
###lsh 1228 1230
###lsh 1226 1228
###lsh 1224 1226
###lsh 1222 1224
###lsh 1220 1222
###lsh 1218 1220
###lsh 1216 1218
###lsh 1214 1216
###lsh 1970 1972
###lsh 1968 1970
###lsh 1966 1968
###lsh 1964 1966
###lsh 1962 1964
###lsh 1960 1962
###lsh 1958 1960
###lsh 1956 1958
###lsh 1954 1956
###lsh 1952 1954
###lsh 1950 1952
###lsh 1949 1950
###lsh 1187 1949
###lsh 1185 1187
###lsh 1183 1185
###lsh 1181 1183
###lsh 1179 1181
###lsh 1177 1179
###lsh 1175 1177
###lsh 1173 1175
###lsh 1171 1173
###lsh 1169 1171
###lsh 1167 1169
###lsh 1139 1167
###lsh 1141 1139
###lsh 1143 1141
###lsh 1145 1143
###lsh 1147 1145
###lsh 1149 1147
###lsh 1151 1149
###lsh 1153 1151
###lsh 1155 1153
###lsh 1157 1155
###lsh 1159 1157
###lsh 1161 1159
###lsh 2326 1161
###lsh 1477 2326
###lsh 1478 1477
###lsh 1988 1478
###lsh 1986 1988
###lsh 1984 1986
###lsh 1982 1984
###lsh 1980 1982
###lsh 1978 1980
###lsh 1976 1978
###lsh 1974 1976
###lsh 1972 1974
###lsh 2305 2307
###lsh 2303 2305
###lsh 2301 2303
###lsh 2299 2301
###lsh 2297 2299
###lsh 2295 2297
###lsh 2293 2295
###lsh 2291 2293
###lsh 2289 2291
###lsh 2287 2289
###lsh 2285 2287
###lsh 2283 2285
###lsh 349 2283
###lsh 352 349
###lsh 354 352
###lsh 356 354
###lsh 358 356
###lsh 360 358
###lsh 362 360
###lsh 364 362
###lsh 366 364
###lsh 368 366
###lsh 370 368
###lsh 372 370
###lsh 374 372
###lsh 376 374
###lsh 378 376
###lsh 380 378
###lsh 382 380
###lsh 384 382
###lsh 386 384
###lsh 388 386
###lsh 390 388
###lsh 392 390
###lsh 394 392
###lsh 1990 394
###lsh 1651 1990
###lsh 1652 1651
###lsh 2323 1652
###lsh 2321 2323
###lsh 2319 2321
###lsh 2317 2319
###lsh 2315 2317
###lsh 2313 2315
###lsh 2311 2313
###lsh 2309 2311
###lsh 2307 2309
###lsh 1587 1589
###lsh 1585 1587
###lsh 1583 1585
###lsh 1581 1583
###lsh 1579 1581
###lsh 1577 1579
###lsh 1575 1577
###lsh 1573 1575
###lsh 1571 1573
###lsh 1569 1571
###lsh 1568 1569
###lsh 962 1568
###lsh 964 962
###lsh 965 964
###lsh 1326 965
###lsh 1324 1326
###lsh 1322 1324
###lsh 1320 1322
###lsh 1318 1320
###lsh 1316 1318
###lsh 1314 1316
###lsh 1312 1314
###lsh 1310 1312
###lsh 1289 1310
###lsh 1291 1289
###lsh 1293 1291
###lsh 1295 1293
###lsh 1297 1295
###lsh 1299 1297
###lsh 1301 1299
###lsh 1303 1301
###lsh 1305 1303
###lsh 1307 1305
###lsh 1309 1307
###lsh 339 1309
###lsh 2281 339
###lsh 894 2281
###lsh 895 894
###lsh 1605 895
###lsh 1603 1605
###lsh 1601 1603
###lsh 1599 1601
###lsh 1597 1599
###lsh 1595 1597
###lsh 1593 1595
###lsh 1591 1593
###lsh 1589 1591
###lsh 1815 1817
###lsh 1813 1815
###lsh 1811 1813
###lsh 1809 1811
###lsh 1807 1809
###lsh 1805 1807
###lsh 1803 1805
###lsh 1801 1803
###lsh 1799 1801
###lsh 1797 1799
###lsh 1792 1797
###lsh 1793 1792
###lsh 1926 1793
###lsh 1924 1926
###lsh 2329 1924
###lsh 2331 2329
###lsh 2333 2331
###lsh 2335 2333
###lsh 2337 2335
###lsh 2339 2337
###lsh 2341 2339
###lsh 2343 2341
###lsh 2345 2343
###lsh 2347 2345
###lsh 2349 2347
###lsh 2351 2349
###lsh 2353 2351
###lsh 2355 2353
###lsh 2357 2355
###lsh 2359 2357
###lsh 2361 2359
###lsh 2363 2361
###lsh 2365 2363
###lsh 2367 2365
###lsh 2238 2367
###lsh 2232 2238
###lsh 795 2232
###lsh 796 795
###lsh 1833 796
###lsh 1831 1833
###lsh 1829 1831
###lsh 1827 1829
###lsh 1825 1827
###lsh 1823 1825
###lsh 1821 1823
###lsh 1819 1821
###lsh 1817 1819
###lsh 2370 2372
###lsh 2368 2370
###lsh 2391 2368
###lsh 2393 2391
###lsh 2395 2393
###lsh 2397 2395
###lsh 2399 2397
###lsh 2401 2399
###lsh 2403 2401
###lsh 2405 2403
###lsh 2407 2405
###lsh 448 2407
###lsh 450 448
###lsh 451 450
###lsh 2409 451
###lsh 2411 2409
###lsh 2413 2411
###lsh 2415 2413
###lsh 2417 2415
###lsh 2419 2417
###lsh 2421 2419
###lsh 2423 2421
###lsh 2425 2423
###lsh 2427 2425
###lsh 2429 2427
###lsh 2431 2429
###lsh 2433 2431
###lsh 2435 2433
###lsh 2437 2435
###lsh 2439 2437
###lsh 2441 2439
###lsh 2443 2441
###lsh 2445 2443
###lsh 2447 2445
###lsh 632 2447
###lsh 2145 632
###lsh 2143 2145
###lsh 2144 2143
###lsh 2388 2144
###lsh 2386 2388
###lsh 2384 2386
###lsh 2382 2384
###lsh 2380 2382
###lsh 2378 2380
###lsh 2376 2378
###lsh 2374 2376
###lsh 2372 2374
###lsh 1497 1499
###lsh 1495 1497
###lsh 1493 1495
###lsh 1491 1493
###lsh 1489 1491
###lsh 1487 1489
###lsh 1485 1487
###lsh 1483 1485
###lsh 1481 1483
###lsh 1479 1481
###lsh 1474 1479
###lsh 1475 1474
###lsh 2327 1475
###lsh 2325 2327
###lsh 2449 2325
###lsh 2451 2449
###lsh 2453 2451
###lsh 2455 2453
###lsh 2457 2455
###lsh 2459 2457
###lsh 2461 2459
###lsh 2463 2461
###lsh 2465 2463
###lsh 2467 2465
###lsh 2469 2467
###lsh 2471 2469
###lsh 2473 2471
###lsh 2475 2473
###lsh 2477 2475
###lsh 2479 2477
###lsh 2481 2479
###lsh 2483 2481
###lsh 2485 2483
###lsh 2487 2485
###lsh 2092 2487
###lsh 1521 2092
###lsh 1519 1521
###lsh 1517 1519
###lsh 1515 1517
###lsh 1513 1515
###lsh 1511 1513
###lsh 1509 1511
###lsh 1507 1509
###lsh 1505 1507
###lsh 1503 1505
###lsh 1501 1503
###lsh 1499 1501
###lsh 2428 2430
###lsh 2426 2428
###lsh 2424 2426
###lsh 2422 2424
###lsh 2420 2422
###lsh 2418 2420
###lsh 2416 2418
###lsh 2414 2416
###lsh 2412 2414
###lsh 2410 2412
###lsh 2408 2410
###lsh 1134 2408
###lsh 1136 1134
###lsh 1137 1136
###lsh 1471 1137
###lsh 1469 1471
###lsh 1467 1469
###lsh 1465 1467
###lsh 1463 1465
###lsh 1461 1463
###lsh 1459 1461
###lsh 1457 1459
###lsh 1455 1457
###lsh 1434 1455
###lsh 1436 1434
###lsh 1438 1436
###lsh 1440 1438
###lsh 1442 1440
###lsh 1444 1442
###lsh 1446 1444
###lsh 1448 1446
###lsh 1450 1448
###lsh 1452 1450
###lsh 1454 1452
###lsh 641 1454
###lsh 635 641
###lsh 633 635
###lsh 634 633
###lsh 2446 634
###lsh 2444 2446
###lsh 2442 2444
###lsh 2440 2442
###lsh 2438 2440
###lsh 2436 2438
###lsh 2434 2436
###lsh 2432 2434
###lsh 2430 2432
###lsh 543 544
###lsh 581 543
###lsh 580 581
###lsh 579 580
###lsh 578 579
###lsh 577 578
###lsh 576 577
###lsh 575 576
###lsh 573 575
###lsh 574 573
###lsh 1944 574
###lsh 1942 1944
###lsh 1941 1942
###lsh 1939 1941
###lsh 2406 1939
###lsh 2404 2406
###lsh 2402 2404
###lsh 2400 2402
###lsh 2398 2400
###lsh 2396 2398
###lsh 2394 2396
###lsh 2392 2394
###lsh 2390 2392
###lsh 2369 2390
###lsh 2371 2369
###lsh 2373 2371
###lsh 2375 2373
###lsh 2377 2375
###lsh 2379 2377
###lsh 2381 2379
###lsh 2383 2381
###lsh 2385 2383
###lsh 2387 2385
###lsh 2389 2387
###lsh 2142 2389
###lsh 559 2142
###lsh 557 559
###lsh 555 557
###lsh 553 555
###lsh 551 553
###lsh 550 551
###lsh 549 550
###lsh 548 549
###lsh 547 548
###lsh 546 547
###lsh 545 546
###lsh 544 545
###lsh 1724 1726
###lsh 1722 1724
###lsh 1720 1722
###lsh 1718 1720
###lsh 1716 1718
###lsh 1714 1716
###lsh 1712 1714
###lsh 1710 1712
###lsh 1708 1710
###lsh 1706 1708
###lsh 1704 1706
###lsh 1702 1704
###lsh 1703 1702
###lsh 1922 1703
###lsh 1920 1922
###lsh 1918 1920
###lsh 1916 1918
###lsh 1914 1916
###lsh 1912 1914
###lsh 1910 1912
###lsh 1908 1910
###lsh 1906 1908
###lsh 1904 1906
###lsh 1883 1904
###lsh 1885 1883
###lsh 1887 1885
###lsh 1889 1887
###lsh 1891 1889
###lsh 1893 1891
###lsh 1895 1893
###lsh 1897 1895
###lsh 1899 1897
###lsh 1901 1899
###lsh 1903 1901
###lsh 1794 1903
###lsh 1748 1794
###lsh 1746 1748
###lsh 1744 1746
###lsh 1742 1744
###lsh 1740 1742
###lsh 1738 1740
###lsh 1736 1738
###lsh 1734 1736
###lsh 1732 1734
###lsh 1730 1732
###lsh 1728 1730
###lsh 1726 1728
###lsh 2490 2492
###lsh 2488 2490
###lsh 2511 2488
###lsh 2513 2511
###lsh 2515 2513
###lsh 2517 2515
###lsh 2519 2517
###lsh 2521 2519
###lsh 2523 2521
###lsh 2525 2523
###lsh 2527 2525
###lsh 1284 2527
###lsh 1286 1284
###lsh 1287 1286
###lsh 1645 1287
###lsh 1643 1645
###lsh 1641 1643
###lsh 1639 1641
###lsh 1637 1639
###lsh 1635 1637
###lsh 1633 1635
###lsh 1631 1633
###lsh 1629 1631
###lsh 1608 1629
###lsh 1610 1608
###lsh 1612 1610
###lsh 1614 1612
###lsh 1616 1614
###lsh 1618 1616
###lsh 1620 1618
###lsh 1622 1620
###lsh 1624 1622
###lsh 1626 1624
###lsh 1628 1626
###lsh 691 1628
###lsh 685 691
###lsh 506 685
###lsh 507 506
###lsh 2508 507
###lsh 2506 2508
###lsh 2504 2506
###lsh 2502 2504
###lsh 2500 2502
###lsh 2498 2500
###lsh 2496 2498
###lsh 2494 2496
###lsh 2492 2494
###lsh 2348 2350
###lsh 2346 2348
###lsh 2344 2346
###lsh 2342 2344
###lsh 2340 2342
###lsh 2338 2340
###lsh 2336 2338
###lsh 2334 2336
###lsh 2332 2334
###lsh 2330 2332
###lsh 2328 2330
###lsh 1358 2328
###lsh 1360 1358
###lsh 1361 1360
###lsh 1565 1361
###lsh 1563 1565
###lsh 1561 1563
###lsh 1559 1561
###lsh 1557 1559
###lsh 1555 1557
###lsh 1553 1555
###lsh 1551 1553
###lsh 1549 1551
###lsh 1528 1549
###lsh 1530 1528
###lsh 1532 1530
###lsh 1534 1532
###lsh 1536 1534
###lsh 1538 1536
###lsh 1540 1538
###lsh 1542 1540
###lsh 1544 1542
###lsh 1546 1544
###lsh 1548 1546
###lsh 884 1548
###lsh 2528 884
###lsh 2239 2528
###lsh 2240 2239
###lsh 2366 2240
###lsh 2364 2366
###lsh 2362 2364
###lsh 2360 2362
###lsh 2358 2360
###lsh 2356 2358
###lsh 2354 2356
###lsh 2352 2354
###lsh 2350 2352
###lsh 2468 2470
###lsh 2466 2468
###lsh 2464 2466
###lsh 2462 2464
###lsh 2460 2462
###lsh 2458 2460
###lsh 2456 2458
###lsh 2454 2456
###lsh 2452 2454
###lsh 2450 2452
###lsh 2448 2450
###lsh 1163 2448
###lsh 1165 1163
###lsh 1166 1165
###lsh 2526 1166
###lsh 2524 2526
###lsh 2522 2524
###lsh 2520 2522
###lsh 2518 2520
###lsh 2516 2518
###lsh 2514 2516
###lsh 2512 2514
###lsh 2510 2512
###lsh 2489 2510
###lsh 2491 2489
###lsh 2493 2491
###lsh 2495 2493
###lsh 2497 2495
###lsh 2499 2497
###lsh 2501 2499
###lsh 2503 2501
###lsh 2505 2503
###lsh 2507 2505
###lsh 2509 2507
###lsh 505 2509
###lsh 2095 505
###lsh 2093 2095
###lsh 2094 2093
###lsh 2486 2094
###lsh 2484 2486
###lsh 2482 2484
###lsh 2480 2482
###lsh 2478 2480
###lsh 2476 2478
###lsh 2474 2476
###lsh 2472 2474
###lsh 2470 2472
###lsh 1111 1113
###lsh 1109 1111
###lsh 1107 1109
###lsh 1105 1107
###lsh 1103 1105
###lsh 1101 1103
###lsh 1099 1101
###lsh 1097 1099
###lsh 1095 1097
###lsh 1093 1095
###lsh 1091 1093
###lsh 1089 1091
###lsh 1038 1089
###lsh 1041 1038
###lsh 1043 1041
###lsh 1045 1043
###lsh 1047 1045
###lsh 1049 1047
###lsh 1051 1049
###lsh 1053 1051
###lsh 1055 1053
###lsh 1057 1055
###lsh 1059 1057
###lsh 1061 1059
###lsh 1063 1061
###lsh 1065 1063
###lsh 1067 1065
###lsh 1069 1067
###lsh 1071 1069
###lsh 1073 1071
###lsh 1075 1073
###lsh 1077 1075
###lsh 1079 1077
###lsh 1081 1079
###lsh 1083 1081
###lsh 1135 1083
###lsh 1133 1135
###lsh 1131 1133
###lsh 1129 1131
###lsh 1127 1129
###lsh 1125 1127
###lsh 1123 1125
###lsh 1121 1123
###lsh 1119 1121
###lsh 1117 1119
###lsh 1115 1117
###lsh 1113 1115
###lsh 1261 1263
###lsh 1259 1261
###lsh 1257 1259
###lsh 1255 1257
###lsh 1253 1255
###lsh 1251 1253
###lsh 1249 1251
###lsh 1247 1249
###lsh 1245 1247
###lsh 1243 1245
###lsh 1241 1243
###lsh 1239 1241
###lsh 1189 1239
###lsh 1191 1189
###lsh 1193 1191
###lsh 1195 1193
###lsh 1197 1195
###lsh 1199 1197
###lsh 1201 1199
###lsh 1203 1201
###lsh 1205 1203
###lsh 1207 1205
###lsh 1209 1207
###lsh 1211 1209
###lsh 1213 1211
###lsh 1215 1213
###lsh 1217 1215
###lsh 1219 1217
###lsh 1221 1219
###lsh 1223 1221
###lsh 1225 1223
###lsh 1227 1225
###lsh 1229 1227
###lsh 1231 1229
###lsh 1233 1231
###lsh 1285 1233
###lsh 1283 1285
###lsh 1281 1283
###lsh 1279 1281
###lsh 1277 1279
###lsh 1275 1277
###lsh 1273 1275
###lsh 1271 1273
###lsh 1269 1271
###lsh 1267 1269
###lsh 1265 1267
###lsh 1263 1265
###lsh 316 314
###lsh 318 316
###lsh 320 318
###lsh 322 320
###lsh 324 322
###lsh 326 324
###lsh 328 326
###lsh 330 328
###lsh 332 330
###lsh 334 332
###lsh 336 334
###lsh 338 336
###lsh 1332 338
###lsh 1330 1332
###lsh 1328 1330
###lsh 514 1328
###lsh 513 514
###lsh 512 513
###lsh 511 512
###lsh 510 511
###lsh 509 510
###lsh 508 509
###lsh 2530 508
###lsh 2531 2530
###lsh 2532 2531
###lsh 2533 2532
###lsh 2534 2533
###lsh 2535 2534
###lsh 2536 2535
###lsh 2537 2536
###lsh 2538 2537
###lsh 2539 2538
###lsh 2540 2539
###lsh 2541 2540
###lsh 2542 2541
###lsh 292 2542
###lsh 293 292
###lsh 296 293
###lsh 298 296
###lsh 300 298
###lsh 302 300
###lsh 304 302
###lsh 306 304
###lsh 308 306
###lsh 310 308
###lsh 312 310
###lsh 314 312
###lsh 2259 2261
###lsh 2257 2259
###lsh 2255 2257
###lsh 2253 2255
###lsh 2251 2253
###lsh 2249 2251
###lsh 2247 2249
###lsh 2245 2247
###lsh 2243 2245
###lsh 2241 2243
###lsh 2236 2241
###lsh 2237 2236
###lsh 2529 2237
###lsh 882 2529
###lsh 880 882
###lsh 878 880
###lsh 876 878
###lsh 874 876
###lsh 872 874
###lsh 870 872
###lsh 868 870
###lsh 866 868
###lsh 864 866
###lsh 839 864
###lsh 841 839
###lsh 843 841
###lsh 845 843
###lsh 847 845
###lsh 849 847
###lsh 851 849
###lsh 853 851
###lsh 855 853
###lsh 857 855
###lsh 859 857
###lsh 861 859
###lsh 763 861
###lsh 764 763
###lsh 2279 764
###lsh 2277 2279
###lsh 2275 2277
###lsh 2273 2275
###lsh 2271 2273
###lsh 2269 2271
###lsh 2267 2269
###lsh 2265 2267
###lsh 2263 2265
###lsh 2261 2263
###lsh 2209 2211
###lsh 2207 2209
###lsh 2205 2207
###lsh 2203 2205
###lsh 2201 2203
###lsh 2199 2201
###lsh 2197 2199
###lsh 2195 2197
###lsh 2193 2195
###lsh 2191 2193
###lsh 2189 2191
###lsh 1694 2189
###lsh 1696 1694
###lsh 1697 1696
###lsh 2046 1697
###lsh 2044 2046
###lsh 2042 2044
###lsh 2040 2042
###lsh 2038 2040
###lsh 2036 2038
###lsh 2034 2036
###lsh 2032 2034
###lsh 2030 2032
###lsh 2005 2030
###lsh 2007 2005
###lsh 2009 2007
###lsh 2011 2009
###lsh 2013 2011
###lsh 2015 2013
###lsh 2017 2015
###lsh 2019 2017
###lsh 2021 2019
###lsh 2023 2021
###lsh 2025 2023
###lsh 2027 2025
###lsh 2029 2027
###lsh 2231 2029
###lsh 2229 2231
###lsh 2227 2229
###lsh 2225 2227
###lsh 2223 2225
###lsh 2221 2223
###lsh 2219 2221
###lsh 2217 2219
###lsh 2215 2217
###lsh 2213 2215
###lsh 2211 2213
###lsh 2167 2169
###lsh 2165 2167
###lsh 2163 2165
###lsh 2161 2163
###lsh 2159 2161
###lsh 2157 2159
###lsh 2155 2157
###lsh 2153 2155
###lsh 2151 2153
###lsh 2149 2151
###lsh 2147 2149
###lsh 1520 2147
###lsh 1522 1520
###lsh 1523 1522
###lsh 2089 1523
###lsh 2087 2089
###lsh 2085 2087
###lsh 2083 2085
###lsh 2081 2083
###lsh 2079 2081
###lsh 2077 2079
###lsh 2075 2077
###lsh 2073 2075
###lsh 2049 2073
###lsh 2051 2049
###lsh 2053 2051
###lsh 2055 2053
###lsh 2057 2055
###lsh 2059 2057
###lsh 2061 2059
###lsh 2063 2061
###lsh 2065 2063
###lsh 2067 2065
###lsh 2069 2067
###lsh 2071 2069
###lsh 610 2071
###lsh 611 610
###lsh 2187 611
###lsh 2185 2187
###lsh 2183 2185
###lsh 2181 2183
###lsh 2179 2181
###lsh 2177 2179
###lsh 2175 2177
###lsh 2173 2175
###lsh 2171 2173
###lsh 2169 2171
###lsh 2544 2543
###lsh 2545 2544
###lsh 2546 2545
###lsh 565 2546
###lsh 566 565
###lsh 562 566
###lsh 563 562
###lsh 564 563
###lsh 552 564
###lsh 554 552
###lsh 556 554
###lsh 558 556
###lsh 560 558
###lsh 561 560
###lsh 2139 561
###lsh 2137 2139
###lsh 2135 2137
###lsh 2133 2135
###lsh 2131 2133
###lsh 2129 2131
###lsh 2127 2129
###lsh 2125 2127
###lsh 2123 2125
###lsh 2098 2123
###lsh 2100 2098
###lsh 2102 2100
###lsh 2104 2102
###lsh 2106 2104
###lsh 2108 2106
###lsh 2110 2108
###lsh 2112 2110
###lsh 2114 2112
###lsh 2116 2114
###lsh 2118 2116
###lsh 2120 2118
###lsh 2122 2120
###lsh 454 2122
###lsh 455 454
###lsh 456 455
###lsh 2547 456
###lsh 2548 2547
###lsh 2549 2548
###lsh 2550 2549
###lsh 2551 2550
###lsh 2552 2551
###lsh 2553 2552
###lsh 2543 2553
###lsh 343 2555
###lsh 2559 347
###lsh 347 343
###lsh 291 453
###lsh 290 291
###lsh 453 2556
###lsh 288 290
###lsh 4617 4616
###lsh 4616 4615
###lsh 290 2556
###lsh 3584 3583
###lsh 4711 4710
###lsh 3585 3584
###lsh 4710 4709
###lsh 3586 3585
###lsh 4709 4708
###lsh 3587 3586
###lsh 4708 4707
###lsh 3588 3587
###lsh 4707 4706
###lsh 3589 3588
###lsh 4706 4705
###lsh 3590 3589
###lsh 4705 4704
###lsh 3591 3590
###lsh 4704 4703
###lsh 3592 3591
###lsh 4703 4702
###lsh 3593 3592
###lsh 4702 4701
###lsh 3547 3593
###lsh 4701 4700
###lsh 3548 3547
###lsh 4700 4699
###lsh 3549 3548
###lsh 4699 4698
###lsh 3550 3549
###lsh 4698 4697
###lsh 3551 3550
###lsh 4697 4696
###lsh 3552 3551
###lsh 4696 4695
###lsh 3553 3552
###lsh 4695 4694
###lsh 3554 3553
###lsh 4694 4693
###lsh 3555 3554
###lsh 4693 4692
###lsh 3556 3555
###lsh 4692 4691
###lsh 3557 3556
###lsh 4691 4690
###lsh 3558 3557
###lsh 4690 4689
###lsh 3559 3558
###lsh 3302 3301
###lsh 2556 2557
###lsh 4806 4805
###lsh 4805 4804
###lsh 3679 3678
###lsh 4804 4803
###lsh 3680 3679
###lsh 4803 4802
###lsh 3681 3680
###lsh 4802 4801
###lsh 3682 3681
###lsh 4801 4800
###lsh 3683 3682
###lsh 4800 4799
###lsh 3684 3683
###lsh 4799 4798
###lsh 3685 3684
###lsh 4798 4797
###lsh 3686 3685
###lsh 4797 4796
###lsh 3687 3686
###lsh 4796 4795
###lsh 3641 3687
###lsh 4795 4794
###lsh 3642 3641
###lsh 4794 4793
###lsh 3643 3642
###lsh 4793 4792
###lsh 3644 3643
###lsh 4792 4791
###lsh 3645 3644
###lsh 4791 4790
###lsh 3646 3645
###lsh 4790 4789
###lsh 3647 3646
###lsh 4789 4788
###lsh 3648 3647
###lsh 4788 4787
###lsh 3649 3648
###lsh 4787 4786
###lsh 3650 3649
###lsh 4786 4785
###lsh 3651 3650
###lsh 4785 4784
###lsh 3652 3651
###lsh 4784 4783
###lsh 3653 3652
###lsh 4148 4147
###lsh 2557 2558
###lsh 254 256
###lsh 256 258
###lsh 2558 2559
###lsh 3371 3370
###lsh 3370 3369
###lsh 2559 2555
###lsh 4547 4546
###lsh 2856 2855
###lsh 4546 4545
###lsh 2857 2856
###lsh 4545 4544
###lsh 2858 2857
###lsh 4544 4543
###lsh 2859 2858
###lsh 4543 4542
###lsh 2860 2859
###lsh 4542 4541
###lsh 2861 2860
###lsh 4541 4540
###lsh 2862 2861
###lsh 4540 4539
###lsh 2863 2862
###lsh 4539 4538
###lsh 2864 2863
###lsh 4538 4537
###lsh 2865 2864
###lsh 4537 4536
###lsh 2866 2865
###lsh 4536 4535
###lsh 2867 2866
###lsh 4535 4534
###lsh 2868 2867
###lsh 4534 4580
###lsh 2869 2868
###lsh 4580 4579
###lsh 2870 2869
###lsh 4579 4578
###lsh 2871 2870
###lsh 4578 4577
###lsh 2872 2871
###lsh 4577 4576
###lsh 2873 2872
###lsh 4576 4575
###lsh 2874 2873
###lsh 4575 4574
###lsh 2875 2874
###lsh 4574 4573
###lsh 2876 2875
###lsh 4573 4572
###lsh 2877 2876
###lsh 4572 4571
###lsh 4358 4357
###lsh 2555 2554
###lsh 3513 3512
###lsh 2762 2761
###lsh 3512 3511
###lsh 2763 2762
###lsh 3511 3510
###lsh 2764 2763
###lsh 3510 3509
###lsh 2765 2764
###lsh 3509 3508
###lsh 2766 2765
###lsh 3508 3507
###lsh 2767 2766
###lsh 3507 3506
###lsh 2768 2767
###lsh 3506 3505
###lsh 2769 2768
###lsh 3505 3504
###lsh 2770 2769
###lsh 3504 3503
###lsh 2771 2770
###lsh 3503 3502
###lsh 2772 2771
###lsh 3502 3501
###lsh 2773 2772
###lsh 3501 3500
###lsh 2774 2773
###lsh 3500 3546
###lsh 2775 2774
###lsh 3546 3545
###lsh 2776 2775
###lsh 3545 3544
###lsh 2777 2776
###lsh 3544 3543
###lsh 2778 2777
###lsh 3543 3542
###lsh 2779 2778
###lsh 3542 3541
###lsh 2780 2779
###lsh 3541 3540
###lsh 2781 2780
###lsh 3540 3539
###lsh 2782 2781
###lsh 3539 3538
###lsh 2783 2782
###lsh 3538 3537
###lsh 2901 2900
###lsh 2554 288
###lsh 74 76
###lsh 76 78
###lsh 78 80
###lsh 80 82
###lsh 82 84
###lsh 84 86
###lsh 86 88
###lsh 3528 3527
###lsh 3529 3528
###lsh 3530 3529
###lsh 88 90
###lsh 3531 3530
###lsh 3532 3531
###lsh 3533 3532
###lsh 2905 2904
###lsh 2906 2905
###lsh 90 92
###lsh 2907 2906
###lsh 2908 2907
###lsh 2909 2908
###lsh 92 94
###lsh 2910 2909
###lsh 94 96
###lsh 2911 2910
###lsh 96 98
###lsh 98 100
###lsh 2912 2911
###lsh 100 102
###lsh 102 104
###lsh 104 106
###lsh 2913 2912
###lsh 106 108
###lsh 108 110
###lsh 2914 2913
###lsh 110 112
###lsh 112 114
###lsh 2915 2914
###lsh 114 116
###lsh 116 118
###lsh 118 120
###lsh 2916 2915
###lsh 120 122
###lsh 122 124
###lsh 2917 2916
###lsh 124 126
###lsh 2918 2917
###lsh 126 128
###lsh 2919 2918
###lsh 2920 2919
###lsh 2921 2920
###lsh 128 130
###lsh 2922 2921
###lsh 2923 2922
###lsh 4597 4596
###lsh 2924 2923
###lsh 4596 4595
###lsh 2925 2924
###lsh 4595 4594
###lsh 4594 4593
###lsh 130 132
###lsh 4600 4599
###lsh 4599 4598
###lsh 132 134
###lsh 4603 4602
###lsh 134 136
###lsh 136 138
###lsh 138 140
###lsh 140 142
###lsh 142 72
###lsh 72 74
###lsh 216 218
###lsh 218 220
###lsh 4254 4253
###lsh 220 222
###lsh 222 224
###lsh 4255 4254
###lsh 224 226
###lsh 226 228
###lsh 228 230
###lsh 4256 4255
###lsh 230 232
###lsh 232 234
###lsh 4257 4256
###lsh 234 236
###lsh 4258 4257
###lsh 4259 4258
###lsh 4260 4259
###lsh 236 238
###lsh 4261 4260
###lsh 4262 4261
###lsh 3399 3398
###lsh 4263 4262
###lsh 3398 3397
###lsh 3397 3396
###lsh 238 240
###lsh 3402 3401
###lsh 3401 3400
###lsh 240 242
###lsh 3404 3403
###lsh 242 244
###lsh 244 246
###lsh 246 248
###lsh 248 250
###lsh 250 252
###lsh 252 254
###lsh 258 260
###lsh 260 262
###lsh 262 264
###lsh 264 266
###lsh 266 268
###lsh 4774 4773
###lsh 4775 4774
###lsh 268 270
###lsh 4776 4775
###lsh 4777 4776
###lsh 4778 4777
###lsh 4292 4291
###lsh 4293 4292
###lsh 270 272
###lsh 4294 4293
###lsh 4295 4294
###lsh 4296 4295
###lsh 272 274
###lsh 4297 4296
###lsh 274 276
###lsh 276 278
###lsh 4298 4297
###lsh 278 280
###lsh 280 282
###lsh 282 284
###lsh 4252 4298
###lsh 284 286
###lsh 286 216
###lsh 4253 4252
###lsh 2561 2560
###lsh 3666 3665
###lsh 2562 2561
###lsh 3665 3664
###lsh 2563 2562
###lsh 3664 3663
###lsh 2564 2563
###lsh 3663 3662
###lsh 2565 2564
###lsh 3662 3661
###lsh 2566 2565
###lsh 3661 3660
###lsh 2567 2566
###lsh 3660 3659
###lsh 2568 2567
###lsh 3659 3658
###lsh 2569 2568
###lsh 3658 3657
###lsh 2570 2569
###lsh 3657 3656
###lsh 2571 2570
###lsh 3656 3655
###lsh 2572 2571
###lsh 4242 4241
###lsh 3667 3666
###lsh 2560 2606
###lsh 3668 3667
###lsh 2606 2605
###lsh 3669 3668
###lsh 2605 2604
###lsh 3670 3669
###lsh 2604 2603
###lsh 3671 3670
###lsh 2603 2602
###lsh 3672 3671
###lsh 2602 2601
###lsh 3673 3672
###lsh 2601 2600
###lsh 3674 3673
###lsh 2600 2599
###lsh 3675 3674
###lsh 2599 2598
###lsh 3676 3675
###lsh 2598 2597
###lsh 3677 3676
###lsh 2597 2596
###lsh 4759 4758
###lsh 3724 3723
###lsh 4760 4759
###lsh 3723 3722
###lsh 4761 4760
###lsh 3722 3721
###lsh 4762 4761
###lsh 3721 3720
###lsh 4763 4762
###lsh 3720 3719
###lsh 4764 4763
###lsh 3719 3718
###lsh 4765 4764
###lsh 3718 3717
###lsh 4766 4765
###lsh 3717 3716
###lsh 4767 4766
###lsh 3716 3715
###lsh 4768 4767
###lsh 3715 3714
###lsh 4722 4768
###lsh 3714 3713
###lsh 4723 4722
###lsh 3713 3712
###lsh 4724 4723
###lsh 3712 3711
###lsh 4725 4724
###lsh 3711 3710
###lsh 4726 4725
###lsh 3710 3709
###lsh 4727 4726
###lsh 3709 3708
###lsh 4728 4727
###lsh 3708 3707
###lsh 4729 4728
###lsh 3707 3706
###lsh 4730 4729
###lsh 3706 3705
###lsh 4731 4730
###lsh 3705 3704
###lsh 4732 4731
###lsh 3704 3703
###lsh 4733 4732
###lsh 3703 3702
###lsh 4734 4733
###lsh 4195 4194
###lsh 3725 3724
###lsh 2596 2595
###lsh 3726 3725
###lsh 2595 2594
###lsh 3727 3726
###lsh 2594 2593
###lsh 3728 3727
###lsh 2593 2592
###lsh 3729 3728
###lsh 2592 2591
###lsh 3730 3729
###lsh 2591 2590
###lsh 3731 3730
###lsh 2590 2589
###lsh 3732 3731
###lsh 2589 2588
###lsh 3733 3732
###lsh 2588 2587
###lsh 3734 3733
###lsh 2587 2586
###lsh 3688 3734
###lsh 2586 2585
###lsh 3689 3688
###lsh 2585 2584
###lsh 3690 3689
###lsh 2584 2583
###lsh 3691 3690
###lsh 2583 2582
###lsh 3692 3691
###lsh 2582 2581
###lsh 3693 3692
###lsh 2581 2580
###lsh 3694 3693
###lsh 2580 2579
###lsh 3695 3694
###lsh 2579 2578
###lsh 3696 3695
###lsh 2578 2577
###lsh 3697 3696
###lsh 2577 2576
###lsh 3698 3697
###lsh 2576 2575
###lsh 3699 3698
###lsh 2575 2574
###lsh 3700 3699
###lsh 3020 3019
###lsh 2574 2573
###lsh 4241 4240
###lsh 3021 3020
###lsh 4240 4239
###lsh 3022 3021
###lsh 4239 4238
###lsh 3023 3022
###lsh 4238 4237
###lsh 3024 3023
###lsh 4237 4236
###lsh 3025 3024
###lsh 4236 4235
###lsh 3026 3025
###lsh 4235 4234
###lsh 3027 3026
###lsh 4234 4233
###lsh 3028 3027
###lsh 4233 4232
###lsh 3029 3028
###lsh 4232 4231
###lsh 2983 3029
###lsh 4231 4230
###lsh 2984 2983
###lsh 4230 4229
###lsh 2985 2984
###lsh 4229 4228
###lsh 2986 2985
###lsh 4228 4227
###lsh 2987 2986
###lsh 4227 4226
###lsh 2988 2987
###lsh 4226 4225
###lsh 2989 2988
###lsh 4225 4224
###lsh 2990 2989
###lsh 4224 4223
###lsh 2991 2990
###lsh 4223 4222
###lsh 2992 2991
###lsh 4222 4221
###lsh 2993 2992
###lsh 4221 4220
###lsh 2994 2993
###lsh 4220 4219
###lsh 2995 2994
###lsh 3443 3442
###lsh 2573 2572
###lsh 2608 2607
###lsh 3619 3618
###lsh 2609 2608
###lsh 3618 3617
###lsh 2610 2609
###lsh 3617 3616
###lsh 2611 2610
###lsh 3616 3615
###lsh 2612 2611
###lsh 3615 3614
###lsh 2613 2612
###lsh 3614 3613
###lsh 2614 2613
###lsh 3613 3612
###lsh 2615 2614
###lsh 3612 3611
###lsh 2616 2615
###lsh 3611 3610
###lsh 2617 2616
###lsh 3610 3609
###lsh 2618 2617
###lsh 3609 3608
###lsh 2619 2618
###lsh 4383 4382
###lsh 3620 3619
###lsh 2607 2653
###lsh 3621 3620
###lsh 2653 2652
###lsh 3622 3621
###lsh 2652 2651
###lsh 3623 3622
###lsh 2651 2650
###lsh 3624 3623
###lsh 2650 2649
###lsh 3625 3624
###lsh 2649 2648
###lsh 3626 3625
###lsh 2648 2647
###lsh 3627 3626
###lsh 2647 2646
###lsh 3628 3627
###lsh 2646 2645
###lsh 3629 3628
###lsh 2645 2644
###lsh 3630 3629
###lsh 2644 2643
###lsh 3772 3771
###lsh 2643 2642
###lsh 3773 3772
###lsh 2642 2641
###lsh 3774 3773
###lsh 2641 2640
###lsh 3775 3774
###lsh 2640 2639
###lsh 3776 3775
###lsh 2639 2638
###lsh 3777 3776
###lsh 2638 2637
###lsh 3778 3777
###lsh 2637 2636
###lsh 3779 3778
###lsh 2636 2635
###lsh 3780 3779
###lsh 2635 2634
###lsh 3781 3780
###lsh 2634 2633
###lsh 3735 3781
###lsh 2633 2632
###lsh 3736 3735
###lsh 2632 2631
###lsh 3737 3736
###lsh 2631 2630
###lsh 3738 3737
###lsh 2630 2629
###lsh 3739 3738
###lsh 2629 2628
###lsh 3740 3739
###lsh 2628 2627
###lsh 3741 3740
###lsh 2627 2626
###lsh 3742 3741
###lsh 2626 2625
###lsh 3743 3742
###lsh 2625 2624
###lsh 3744 3743
###lsh 2624 2623
###lsh 3745 3744
###lsh 2623 2622
###lsh 3746 3745
###lsh 2622 2621
###lsh 3747 3746
###lsh 3114 3113
###lsh 2621 2620
###lsh 4382 4381
###lsh 3115 3114
###lsh 4381 4380
###lsh 3116 3115
###lsh 4380 4379
###lsh 3117 3116
###lsh 4379 4378
###lsh 3118 3117
###lsh 4378 4377
###lsh 3119 3118
###lsh 4377 4376
###lsh 3120 3119
###lsh 4376 4375
###lsh 3121 3120
###lsh 4375 4374
###lsh 3122 3121
###lsh 4374 4373
###lsh 3123 3122
###lsh 4373 4372
###lsh 3077 3123
###lsh 4372 4371
###lsh 3078 3077
###lsh 4371 4370
###lsh 3079 3078
###lsh 4370 4369
###lsh 3080 3079
###lsh 4369 4368
###lsh 3081 3080
###lsh 4368 4367
###lsh 3082 3081
###lsh 4367 4366
###lsh 3083 3082
###lsh 4366 4365
###lsh 3084 3083
###lsh 4365 4364
###lsh 3085 3084
###lsh 4364 4363
###lsh 3086 3085
###lsh 4363 4362
###lsh 3087 3086
###lsh 4362 4361
###lsh 3088 3087
###lsh 4361 4360
###lsh 3089 3088
###lsh 3913 3912
###lsh 2620 2619
###lsh 2655 2654
###lsh 3572 3571
###lsh 2656 2655
###lsh 3571 3570
###lsh 2657 2656
###lsh 3570 3569
###lsh 2658 2657
###lsh 3569 3568
###lsh 2659 2658
###lsh 3568 3567
###lsh 2660 2659
###lsh 3567 3566
###lsh 2661 2660
###lsh 3566 3565
###lsh 2662 2661
###lsh 3565 3564
###lsh 2663 2662
###lsh 3564 3563
###lsh 2664 2663
###lsh 3563 3562
###lsh 2665 2664
###lsh 3562 3561
###lsh 2666 2665
###lsh 3255 3254
###lsh 3573 3572
###lsh 2654 2700
###lsh 3574 3573
###lsh 2700 2699
###lsh 3575 3574
###lsh 2699 2698
###lsh 3576 3575
###lsh 2698 2697
###lsh 3577 3576
###lsh 2697 2696
###lsh 3578 3577
###lsh 2696 2695
###lsh 3579 3578
###lsh 2695 2694
###lsh 3580 3579
###lsh 2694 2693
###lsh 3581 3580
###lsh 2693 2692
###lsh 3582 3581
###lsh 2692 2691
###lsh 3583 3582
###lsh 2691 2690
###lsh 4665 4664
###lsh 3818 3817
###lsh 4666 4665
###lsh 3817 3816
###lsh 4667 4666
###lsh 3816 3815
###lsh 4668 4667
###lsh 3815 3814
###lsh 4669 4668
###lsh 3814 3813
###lsh 4670 4669
###lsh 3813 3812
###lsh 4671 4670
###lsh 3812 3811
###lsh 4672 4671
###lsh 3811 3810
###lsh 4673 4672
###lsh 3810 3809
###lsh 4674 4673
###lsh 3809 3808
###lsh 4628 4674
###lsh 3808 3807
###lsh 4629 4628
###lsh 3807 3806
###lsh 4630 4629
###lsh 3806 3805
###lsh 4631 4630
###lsh 3805 3804
###lsh 4632 4631
###lsh 3804 3803
###lsh 4633 4632
###lsh 3803 3802
###lsh 4634 4633
###lsh 3802 3801
###lsh 4635 4634
###lsh 3801 3800
###lsh 4636 4635
###lsh 3800 3799
###lsh 4637 4636
###lsh 3799 3798
###lsh 4638 4637
###lsh 3798 3797
###lsh 4639 4638
###lsh 3797 3796
###lsh 4640 4639
###lsh 4430 4429
###lsh 3819 3818
###lsh 2690 2689
###lsh 3820 3819
###lsh 2689 2688
###lsh 3821 3820
###lsh 2688 2687
###lsh 3822 3821
###lsh 2687 2686
###lsh 3823 3822
###lsh 2686 2685
###lsh 3824 3823
###lsh 2685 2684
###lsh 3825 3824
###lsh 2684 2683
###lsh 3826 3825
###lsh 2683 2682
###lsh 3827 3826
###lsh 2682 2681
###lsh 3828 3827
###lsh 2681 2680
###lsh 3782 3828
###lsh 2680 2679
###lsh 3783 3782
###lsh 2679 2678
###lsh 3784 3783
###lsh 2678 2677
###lsh 3785 3784
###lsh 2677 2676
###lsh 3786 3785
###lsh 2676 2675
###lsh 3787 3786
###lsh 2675 2674
###lsh 3788 3787
###lsh 2674 2673
###lsh 3789 3788
###lsh 2673 2672
###lsh 3790 3789
###lsh 2672 2671
###lsh 3791 3790
###lsh 2671 2670
###lsh 3792 3791
###lsh 2670 2669
###lsh 3793 3792
###lsh 2669 2668
###lsh 3794 3793
###lsh 4101 4100
###lsh 2668 2667
###lsh 3254 3253
###lsh 4102 4101
###lsh 3253 3252
###lsh 4103 4102
###lsh 3252 3251
###lsh 4104 4103
###lsh 3251 3250
###lsh 4105 4104
###lsh 3250 3249
###lsh 4106 4105
###lsh 3249 3248
###lsh 4107 4106
###lsh 3248 3247
###lsh 4108 4107
###lsh 3247 3246
###lsh 4109 4108
###lsh 3246 3245
###lsh 4110 4109
###lsh 3245 3244
###lsh 4064 4110
###lsh 3244 3243
###lsh 4065 4064
###lsh 3243 3242
###lsh 4066 4065
###lsh 3242 3241
###lsh 4067 4066
###lsh 3241 3240
###lsh 4068 4067
###lsh 3240 3239
###lsh 4069 4068
###lsh 3239 3238
###lsh 4070 4069
###lsh 3238 3237
###lsh 4071 4070
###lsh 3237 3236
###lsh 4072 4071
###lsh 3236 3235
###lsh 4073 4072
###lsh 3235 3234
###lsh 4074 4073
###lsh 3234 3233
###lsh 4075 4074
###lsh 3233 3232
###lsh 4076 4075
###lsh 3349 3348
###lsh 2667 2666
###lsh 2702 2701
###lsh 4653 4652
###lsh 2703 2702
###lsh 4652 4651
###lsh 2704 2703
###lsh 4651 4650
###lsh 2705 2704
###lsh 4650 4649
###lsh 2706 2705
###lsh 4649 4648
###lsh 2707 2706
###lsh 4648 4647
###lsh 2708 2707
###lsh 4647 4646
###lsh 2709 2708
###lsh 4646 4645
###lsh 2710 2709
###lsh 4645 4644
###lsh 2711 2710
###lsh 4644 4643
###lsh 2712 2711
###lsh 4643 4642
###lsh 2713 2712
###lsh 3067 3066
###lsh 4654 4653
###lsh 2701 2747
###lsh 4655 4654
###lsh 2747 2746
###lsh 4656 4655
###lsh 2746 2745
###lsh 4657 4656
###lsh 2745 2744
###lsh 4658 4657
###lsh 2744 2743
###lsh 4659 4658
###lsh 2743 2742
###lsh 4660 4659
###lsh 2742 2741
###lsh 4661 4660
###lsh 2741 2740
###lsh 4662 4661
###lsh 2740 2739
###lsh 4663 4662
###lsh 2739 2738
###lsh 4664 4663
###lsh 2738 2737
###lsh 3865 3864
###lsh 4619 4618
###lsh 3864 3863
###lsh 4620 4619
###lsh 3863 3862
###lsh 4621 4620
###lsh 3862 3861
###lsh 4622 4621
###lsh 3861 3860
###lsh 4623 4622
###lsh 3860 3859
###lsh 4624 4623
###lsh 3859 3858
###lsh 4625 4624
###lsh 3858 3857
###lsh 4626 4625
###lsh 3857 3856
###lsh 4627 4626
###lsh 3856 3855
###lsh 4581 4627
###lsh 3855 3854
###lsh 4582 4581
###lsh 3854 3853
###lsh 4583 4582
###lsh 3853 3852
###lsh 4584 4583
###lsh 3852 3851
###lsh 4585 4584
###lsh 3851 3850
###lsh 4586 4585
###lsh 3850 3849
###lsh 4587 4586
###lsh 3849 3848
###lsh 4588 4587
###lsh 3848 3847
###lsh 4589 4588
###lsh 3847 3846
###lsh 4590 4589
###lsh 3846 3845
###lsh 4591 4590
###lsh 3845 3844
###lsh 4592 4591
###lsh 3844 3843
###lsh 4593 4592
###lsh 2926 2925
###lsh 3866 3865
###lsh 2737 2736
###lsh 3867 3866
###lsh 2736 2735
###lsh 3868 3867
###lsh 2735 2734
###lsh 3869 3868
###lsh 2734 2733
###lsh 3870 3869
###lsh 2733 2732
###lsh 3871 3870
###lsh 2732 2731
###lsh 3872 3871
###lsh 2731 2730
###lsh 3873 3872
###lsh 2730 2729
###lsh 3874 3873
###lsh 2729 2728
###lsh 3875 3874
###lsh 2728 2727
###lsh 3829 3875
###lsh 2727 2726
###lsh 3830 3829
###lsh 2726 2725
###lsh 3831 3830
###lsh 2725 2724
###lsh 3832 3831
###lsh 2724 2723
###lsh 3833 3832
###lsh 2723 2722
###lsh 3834 3833
###lsh 2722 2721
###lsh 3835 3834
###lsh 2721 2720
###lsh 3836 3835
###lsh 2720 2719
###lsh 3837 3836
###lsh 2719 2718
###lsh 3838 3837
###lsh 2718 2717
###lsh 3839 3838
###lsh 2717 2716
###lsh 3840 3839
###lsh 2716 2715
###lsh 3841 3840
###lsh 4054 4053
###lsh 2715 2714
###lsh 3066 3065
###lsh 4055 4054
###lsh 3065 3064
###lsh 4056 4055
###lsh 3064 3063
###lsh 4057 4056
###lsh 3063 3062
###lsh 4058 4057
###lsh 3062 3061
###lsh 4059 4058
###lsh 3061 3060
###lsh 4060 4059
###lsh 3060 3059
###lsh 4061 4060
###lsh 3059 3058
###lsh 4062 4061
###lsh 3058 3057
###lsh 4063 4062
###lsh 3057 3056
###lsh 4017 4063
###lsh 3056 3055
###lsh 4018 4017
###lsh 3055 3054
###lsh 4019 4018
###lsh 3054 3053
###lsh 4020 4019
###lsh 3053 3052
###lsh 4021 4020
###lsh 3052 3051
###lsh 4022 4021
###lsh 3051 3050
###lsh 4023 4022
###lsh 3050 3049
###lsh 4024 4023
###lsh 3049 3048
###lsh 4025 4024
###lsh 3048 3047
###lsh 4026 4025
###lsh 3047 3046
###lsh 4027 4026
###lsh 3046 3045
###lsh 4028 4027
###lsh 3045 3044
###lsh 4029 4028
###lsh 2785 2784
###lsh 2714 2713
###lsh 2749 2748
###lsh 3196 3195
###lsh 2750 2749
###lsh 3195 3194
###lsh 2751 2750
###lsh 3194 3193
###lsh 2752 2751
###lsh 3193 3192
###lsh 2753 2752
###lsh 3192 3191
###lsh 2754 2753
###lsh 3191 3190
###lsh 2755 2754
###lsh 3190 3189
###lsh 2756 2755
###lsh 3189 3188
###lsh 2757 2756
###lsh 3188 3187
###lsh 2758 2757
###lsh 3187 3186
###lsh 2759 2758
###lsh 3186 3185
###lsh 2760 2759
###lsh 3185 3184
###lsh 2761 2760
###lsh 3197 3196
###lsh 2748 2794
###lsh 3198 3197
###lsh 2794 2793
###lsh 3199 3198
###lsh 2793 2792
###lsh 3200 3199
###lsh 2792 2791
###lsh 3201 3200
###lsh 2791 2790
###lsh 3202 3201
###lsh 2790 2789
###lsh 3203 3202
###lsh 2789 2788
###lsh 3204 3203
###lsh 2788 2787
###lsh 3205 3204
###lsh 2787 2786
###lsh 3206 3205
###lsh 2786 2785
###lsh 2784 2783
###lsh 4031 4030
###lsh 4030 4029
###lsh 2796 2795
###lsh 3384 3383
###lsh 2797 2796
###lsh 3383 3382
###lsh 2798 2797
###lsh 3382 3381
###lsh 2799 2798
###lsh 3381 3380
###lsh 2800 2799
###lsh 3380 3379
###lsh 2801 2800
###lsh 3379 3378
###lsh 2802 2801
###lsh 3378 3377
###lsh 2803 2802
###lsh 3377 3376
###lsh 2804 2803
###lsh 3376 3375
###lsh 2805 2804
###lsh 3375 3374
###lsh 2806 2805
###lsh 3374 3373
###lsh 2807 2806
###lsh 3373 3372
###lsh 3372 3371
###lsh 3385 3384
###lsh 2795 2841
###lsh 3386 3385
###lsh 2841 2840
###lsh 3387 3386
###lsh 2840 2839
###lsh 3388 3387
###lsh 2839 2838
###lsh 3389 3388
###lsh 2838 2837
###lsh 3390 3389
###lsh 2837 2836
###lsh 3391 3390
###lsh 2836 2835
###lsh 3392 3391
###lsh 2835 2834
###lsh 3393 3392
###lsh 2834 2833
###lsh 3394 3393
###lsh 2833 2832
###lsh 4123 4122
###lsh 2832 2831
###lsh 4124 4123
###lsh 4125 4124
###lsh 2831 2830
###lsh 4525 4524
###lsh 2830 2829
###lsh 4526 4525
###lsh 2829 2828
###lsh 4527 4526
###lsh 2828 2827
###lsh 4528 4527
###lsh 2827 2826
###lsh 4529 4528
###lsh 2826 2825
###lsh 4530 4529
###lsh 2825 2824
###lsh 4531 4530
###lsh 2824 2823
###lsh 4532 4531
###lsh 2823 2822
###lsh 4533 4532
###lsh 2822 2821
###lsh 4487 4533
###lsh 2821 2820
###lsh 4488 4487
###lsh 2820 2819
###lsh 4489 4488
###lsh 2819 2818
###lsh 4490 4489
###lsh 2818 2817
###lsh 4491 4490
###lsh 2817 2816
###lsh 4492 4491
###lsh 2816 2815
###lsh 4493 4492
###lsh 2815 2814
###lsh 4494 4493
###lsh 2814 2813
###lsh 4495 4494
###lsh 2813 2812
###lsh 4496 4495
###lsh 2812 2811
###lsh 4497 4496
###lsh 2811 2810
###lsh 4498 4497
###lsh 2810 2809
###lsh 4499 4498
###lsh 2809 2808
###lsh 4500 4499
###lsh 3936 3935
###lsh 2808 2807
###lsh 2843 2842
###lsh 3948 3947
###lsh 2844 2843
###lsh 3947 3946
###lsh 2845 2844
###lsh 3946 3945
###lsh 2846 2845
###lsh 3945 3944
###lsh 2847 2846
###lsh 3944 3943
###lsh 2848 2847
###lsh 3943 3942
###lsh 2849 2848
###lsh 3942 3941
###lsh 2850 2849
###lsh 3941 3940
###lsh 2851 2850
###lsh 3940 3939
###lsh 2852 2851
###lsh 3939 3938
###lsh 2853 2852
###lsh 3938 3937
###lsh 2854 2853
###lsh 3937 3936
###lsh 2855 2854
###lsh 3949 3948
###lsh 2842 2888
###lsh 3950 3949
###lsh 2888 2887
###lsh 3951 3950
###lsh 2887 2886
###lsh 3952 3951
###lsh 2886 2885
###lsh 3953 3952
###lsh 2885 2884
###lsh 3954 3953
###lsh 2884 2883
###lsh 3955 3954
###lsh 2883 2882
###lsh 3956 3955
###lsh 2882 2881
###lsh 3957 3956
###lsh 2881 2880
###lsh 3958 3957
###lsh 2880 2879
###lsh 4452 4451
###lsh 2879 2878
###lsh 4453 4452
###lsh 4454 4453
###lsh 2878 2877
###lsh 2890 2889
###lsh 4042 4041
###lsh 2891 2890
###lsh 4041 4040
###lsh 2892 2891
###lsh 4040 4039
###lsh 2893 2892
###lsh 4039 4038
###lsh 2894 2893
###lsh 4038 4037
###lsh 2895 2894
###lsh 4037 4036
###lsh 2896 2895
###lsh 4036 4035
###lsh 2897 2896
###lsh 4035 4034
###lsh 2898 2897
###lsh 4034 4033
###lsh 2899 2898
###lsh 4033 4032
###lsh 2900 2899
###lsh 4032 4031
###lsh 4043 4042
###lsh 2889 2935
###lsh 4044 4043
###lsh 2935 2934
###lsh 4045 4044
###lsh 2934 2933
###lsh 4046 4045
###lsh 2933 2932
###lsh 4047 4046
###lsh 2932 2931
###lsh 4048 4047
###lsh 2931 2930
###lsh 4049 4048
###lsh 2930 2929
###lsh 4050 4049
###lsh 2929 2928
###lsh 4051 4050
###lsh 2928 2927
###lsh 4052 4051
###lsh 2927 2926
###lsh 2904 2903
###lsh 3535 3534
###lsh 3534 3533
###lsh 3536 3535
###lsh 2903 2902
###lsh 2902 2901
###lsh 2937 2936
###lsh 3337 3336
###lsh 2938 2937
###lsh 3336 3335
###lsh 2939 2938
###lsh 3335 3334
###lsh 2940 2939
###lsh 3334 3333
###lsh 2941 2940
###lsh 3333 3332
###lsh 2942 2941
###lsh 3332 3331
###lsh 2943 2942
###lsh 3331 3330
###lsh 2944 2943
###lsh 3330 3329
###lsh 2945 2944
###lsh 3329 3328
###lsh 2946 2945
###lsh 3328 3327
###lsh 2947 2946
###lsh 3327 3326
###lsh 2948 2947
###lsh 3326 3325
###lsh 2949 2948
###lsh 3338 3337
###lsh 2936 2982
###lsh 3339 3338
###lsh 2982 2981
###lsh 3340 3339
###lsh 2981 2980
###lsh 3341 3340
###lsh 2980 2979
###lsh 3342 3341
###lsh 2979 2978
###lsh 3343 3342
###lsh 2978 2977
###lsh 3344 3343
###lsh 2977 2976
###lsh 3345 3344
###lsh 2976 2975
###lsh 3346 3345
###lsh 2975 2974
###lsh 3347 3346
###lsh 2974 2973
###lsh 4405 4404
###lsh 2973 2972
###lsh 4406 4405
###lsh 4407 4406
###lsh 2972 2971
###lsh 3209 3208
###lsh 2971 2970
###lsh 3210 3209
###lsh 2970 2969
###lsh 3211 3210
###lsh 2969 2968
###lsh 3212 3211
###lsh 2968 2967
###lsh 3213 3212
###lsh 2967 2966
###lsh 3214 3213
###lsh 2966 2965
###lsh 3215 3214
###lsh 2965 2964
###lsh 3216 3215
###lsh 2964 2963
###lsh 3217 3216
###lsh 2963 2962
###lsh 3171 3217
###lsh 2962 2961
###lsh 3172 3171
###lsh 2961 2960
###lsh 3173 3172
###lsh 2960 2959
###lsh 3174 3173
###lsh 2959 2958
###lsh 3175 3174
###lsh 2958 2957
###lsh 3176 3175
###lsh 2957 2956
###lsh 3177 3176
###lsh 2956 2955
###lsh 3178 3177
###lsh 2955 2954
###lsh 3179 3178
###lsh 2954 2953
###lsh 3180 3179
###lsh 2953 2952
###lsh 3181 3180
###lsh 2952 2951
###lsh 3182 3181
###lsh 2951 2950
###lsh 3183 3182
###lsh 2950 2949
###lsh 3184 3183
###lsh 3019 3018
###lsh 3702 3701
###lsh 3701 3700
###lsh 3018 3017
###lsh 4196 4195
###lsh 4197 4196
###lsh 3017 3016
###lsh 4198 4197
###lsh 3016 3015
###lsh 4199 4198
###lsh 3015 3014
###lsh 4200 4199
###lsh 3014 3013
###lsh 4201 4200
###lsh 3013 3012
###lsh 4202 4201
###lsh 3012 3011
###lsh 4203 4202
###lsh 3011 3010
###lsh 4204 4203
###lsh 3010 3009
###lsh 4158 4204
###lsh 3009 3008
###lsh 4159 4158
###lsh 3008 3007
###lsh 4160 4159
###lsh 3007 3006
###lsh 4161 4160
###lsh 3006 3005
###lsh 4162 4161
###lsh 3005 3004
###lsh 4163 4162
###lsh 3004 3003
###lsh 4164 4163
###lsh 3003 3002
###lsh 4165 4164
###lsh 3002 3001
###lsh 4166 4165
###lsh 3001 3000
###lsh 4167 4166
###lsh 3000 2999
###lsh 4168 4167
###lsh 2999 2998
###lsh 4169 4168
###lsh 2998 2997
###lsh 4170 4169
###lsh 3960 3959
###lsh 2997 2996
###lsh 3442 3441
###lsh 3961 3960
###lsh 3441 3440
###lsh 3962 3961
###lsh 3440 3439
###lsh 3963 3962
###lsh 3439 3438
###lsh 3964 3963
###lsh 3438 3437
###lsh 3965 3964
###lsh 3437 3436
###lsh 3966 3965
###lsh 3436 3435
###lsh 3967 3966
###lsh 3435 3434
###lsh 3968 3967
###lsh 3434 3433
###lsh 3969 3968
###lsh 3433 3432
###lsh 3923 3969
###lsh 3432 3431
###lsh 3924 3923
###lsh 3431 3430
###lsh 3925 3924
###lsh 3430 3429
###lsh 3926 3925
###lsh 3429 3428
###lsh 3927 3926
###lsh 3428 3427
###lsh 3928 3927
###lsh 3427 3426
###lsh 3929 3928
###lsh 3426 3425
###lsh 3930 3929
###lsh 3425 3424
###lsh 3931 3930
###lsh 3424 3423
###lsh 3932 3931
###lsh 3423 3422
###lsh 3933 3932
###lsh 3422 3421
###lsh 3934 3933
###lsh 3421 3420
###lsh 3935 3934
###lsh 3420 3419
###lsh 2996 2995
###lsh 3031 3030
###lsh 4418 4417
###lsh 3032 3031
###lsh 4417 4416
###lsh 3033 3032
###lsh 4416 4415
###lsh 3034 3033
###lsh 4415 4414
###lsh 3035 3034
###lsh 4414 4413
###lsh 3036 3035
###lsh 4413 4412
###lsh 3037 3036
###lsh 4412 4411
###lsh 3038 3037
###lsh 4411 4410
###lsh 3039 3038
###lsh 4410 4409
###lsh 3040 3039
###lsh 4409 4408
###lsh 3041 3040
###lsh 4408 4407
###lsh 3042 3041
###lsh 3208 3207
###lsh 4419 4418
###lsh 3030 3076
###lsh 4420 4419
###lsh 3076 3075
###lsh 4421 4420
###lsh 3075 3074
###lsh 4422 4421
###lsh 3074 3073
###lsh 4423 4422
###lsh 3073 3072
###lsh 4424 4423
###lsh 3072 3071
###lsh 4425 4424
###lsh 3071 3070
###lsh 4426 4425
###lsh 3070 3069
###lsh 4427 4426
###lsh 3069 3068
###lsh 4428 4427
###lsh 3068 3067
###lsh 3207 3206
###lsh 3044 3043
###lsh 3043 3042
###lsh 3113 3112
###lsh 3749 3748
###lsh 3748 3747
###lsh 3112 3111
###lsh 3491 3490
###lsh 4687 4686
###lsh 3492 3491
###lsh 3111 3110
###lsh 3493 3492
###lsh 3110 3109
###lsh 3494 3493
###lsh 3109 3108
###lsh 3495 3494
###lsh 3108 3107
###lsh 3496 3495
###lsh 3107 3106
###lsh 3497 3496
###lsh 3106 3105
###lsh 3498 3497
###lsh 3105 3104
###lsh 3499 3498
###lsh 3104 3103
###lsh 3453 3499
###lsh 3103 3102
###lsh 3454 3453
###lsh 3102 3101
###lsh 3455 3454
###lsh 3101 3100
###lsh 3456 3455
###lsh 3100 3099
###lsh 3457 3456
###lsh 3099 3098
###lsh 3458 3457
###lsh 3098 3097
###lsh 3459 3458
###lsh 3097 3096
###lsh 3460 3459
###lsh 3096 3095
###lsh 3461 3460
###lsh 3095 3094
###lsh 3462 3461
###lsh 3094 3093
###lsh 3463 3462
###lsh 3093 3092
###lsh 3464 3463
###lsh 3092 3091
###lsh 3465 3464
###lsh 4007 4006
###lsh 3091 3090
###lsh 3912 3911
###lsh 4008 4007
###lsh 3911 3910
###lsh 4009 4008
###lsh 3910 3909
###lsh 4010 4009
###lsh 3909 3908
###lsh 4011 4010
###lsh 3908 3907
###lsh 4012 4011
###lsh 3907 3906
###lsh 4013 4012
###lsh 3906 3905
###lsh 4014 4013
###lsh 3905 3904
###lsh 4015 4014
###lsh 3904 3903
###lsh 4016 4015
###lsh 3903 3902
###lsh 3970 4016
###lsh 3902 3901
###lsh 3971 3970
###lsh 3901 3900
###lsh 3972 3971
###lsh 3900 3899
###lsh 3973 3972
###lsh 3899 3898
###lsh 3974 3973
###lsh 3898 3897
###lsh 3975 3974
###lsh 3897 3896
###lsh 3976 3975
###lsh 3896 3895
###lsh 3977 3976
###lsh 3895 3894
###lsh 3978 3977
###lsh 3894 3893
###lsh 3979 3978
###lsh 3893 3892
###lsh 3980 3979
###lsh 3892 3891
###lsh 3981 3980
###lsh 3891 3890
###lsh 3982 3981
###lsh 3890 3889
###lsh 3983 3982
###lsh 4312 4311
###lsh 3090 3089
###lsh 3125 3124
###lsh 3995 3994
###lsh 3126 3125
###lsh 3994 3993
###lsh 3127 3126
###lsh 3993 3992
###lsh 3128 3127
###lsh 3992 3991
###lsh 3129 3128
###lsh 3991 3990
###lsh 3130 3129
###lsh 3990 3989
###lsh 3131 3130
###lsh 3989 3988
###lsh 3132 3131
###lsh 3988 3987
###lsh 3133 3132
###lsh 3987 3986
###lsh 3134 3133
###lsh 3986 3985
###lsh 3135 3134
###lsh 3985 3984
###lsh 3136 3135
###lsh 3984 3983
###lsh 3137 3136
###lsh 3996 3995
###lsh 3124 3170
###lsh 3997 3996
###lsh 3170 3169
###lsh 3998 3997
###lsh 3169 3168
###lsh 3999 3998
###lsh 3168 3167
###lsh 4000 3999
###lsh 3167 3166
###lsh 4001 4000
###lsh 3166 3165
###lsh 4002 4001
###lsh 3165 3164
###lsh 4003 4002
###lsh 3164 3163
###lsh 4004 4003
###lsh 3163 3162
###lsh 4005 4004
###lsh 3162 3161
###lsh 3277 3276
###lsh 3161 3160
###lsh 3278 3277
###lsh 3279 3278
###lsh 3160 3159
###lsh 4337 4336
###lsh 3159 3158
###lsh 4338 4337
###lsh 3158 3157
###lsh 4339 4338
###lsh 3157 3156
###lsh 4340 4339
###lsh 3156 3155
###lsh 4341 4340
###lsh 3155 3154
###lsh 4342 4341
###lsh 3154 3153
###lsh 4343 4342
###lsh 3153 3152
###lsh 4344 4343
###lsh 3152 3151
###lsh 4345 4344
###lsh 3151 3150
###lsh 4299 4345
###lsh 3150 3149
###lsh 4300 4299
###lsh 3149 3148
###lsh 4301 4300
###lsh 3148 3147
###lsh 4302 4301
###lsh 3147 3146
###lsh 4303 4302
###lsh 3146 3145
###lsh 4304 4303
###lsh 3145 3144
###lsh 4305 4304
###lsh 3144 3143
###lsh 4306 4305
###lsh 3143 3142
###lsh 4307 4306
###lsh 3142 3141
###lsh 4308 4307
###lsh 3141 3140
###lsh 4309 4308
###lsh 3140 3139
###lsh 4310 4309
###lsh 3139 3138
###lsh 4311 4310
###lsh 3138 3137
###lsh 3219 3218
###lsh 3290 3289
###lsh 3220 3219
###lsh 3289 3288
###lsh 3221 3220
###lsh 3288 3287
###lsh 3222 3221
###lsh 3287 3286
###lsh 3223 3222
###lsh 3286 3285
###lsh 3224 3223
###lsh 3285 3284
###lsh 3225 3224
###lsh 3284 3283
###lsh 3226 3225
###lsh 3283 3282
###lsh 3227 3226
###lsh 3282 3281
###lsh 3228 3227
###lsh 3281 3280
###lsh 3229 3228
###lsh 3280 3279
###lsh 3230 3229
###lsh 4336 4335
###lsh 3291 3290
###lsh 3218 3264
###lsh 3292 3291
###lsh 3264 3263
###lsh 3293 3292
###lsh 3263 3262
###lsh 3294 3293
###lsh 3262 3261
###lsh 3295 3294
###lsh 3261 3260
###lsh 3296 3295
###lsh 3260 3259
###lsh 3297 3296
###lsh 3259 3258
###lsh 3298 3297
###lsh 3258 3257
###lsh 3299 3298
###lsh 3257 3256
###lsh 3300 3299
###lsh 3256 3255
###lsh 3232 3231
###lsh 4335 4334
###lsh 3350 3349
###lsh 4334 4333
###lsh 3351 3350
###lsh 4333 4332
###lsh 3352 3351
###lsh 4332 4331
###lsh 3353 3352
###lsh 4331 4330
###lsh 3354 3353
###lsh 4330 4329
###lsh 3355 3354
###lsh 4329 4328
###lsh 3356 3355
###lsh 4328 4327
###lsh 3357 3356
###lsh 4327 4326
###lsh 3358 3357
###lsh 4326 4325
###lsh 3312 3358
###lsh 4325 4324
###lsh 3313 3312
###lsh 4324 4323
###lsh 3314 3313
###lsh 4323 4322
###lsh 3315 3314
###lsh 4322 4321
###lsh 3316 3315
###lsh 4321 4320
###lsh 3317 3316
###lsh 4320 4319
###lsh 3318 3317
###lsh 4319 4318
###lsh 3319 3318
###lsh 4318 4317
###lsh 3320 3319
###lsh 4317 4316
###lsh 3321 3320
###lsh 4316 4315
###lsh 3322 3321
###lsh 4315 4314
###lsh 3323 3322
###lsh 4314 4313
###lsh 3324 3323
###lsh 4313 4312
###lsh 3325 3324
###lsh 3231 3230
###lsh 3266 3265
###lsh 3478 3477
###lsh 3267 3266
###lsh 3477 3476
###lsh 3268 3267
###lsh 3476 3475
###lsh 3269 3268
###lsh 3475 3474
###lsh 3270 3269
###lsh 3474 3473
###lsh 3271 3270
###lsh 3473 3472
###lsh 3272 3271
###lsh 3472 3471
###lsh 3273 3272
###lsh 3471 3470
###lsh 3274 3273
###lsh 3470 3469
###lsh 3275 3274
###lsh 3469 3468
###lsh 3276 3275
###lsh 3468 3467
###lsh 3479 3478
###lsh 3265 3311
###lsh 3480 3479
###lsh 3311 3310
###lsh 3481 3480
###lsh 3310 3309
###lsh 3482 3481
###lsh 3309 3308
###lsh 3483 3482
###lsh 3308 3307
###lsh 3484 3483
###lsh 3307 3306
###lsh 3485 3484
###lsh 3306 3305
###lsh 3486 3485
###lsh 3305 3304
###lsh 3487 3486
###lsh 3304 3303
###lsh 3488 3487
###lsh 3303 3302
###lsh 3301 3300
###lsh 3561 3560
###lsh 3560 3559
###lsh 3348 3347
###lsh 4078 4077
###lsh 4077 4076
###lsh 3361 3360
###lsh 3360 3359
###lsh 3359 3405
###lsh 3405 3404
###lsh 3403 3402
###lsh 3400 3399
###lsh 4264 4263
###lsh 3396 3395
###lsh 4265 4264
###lsh 4266 4265
###lsh 3395 3394
###lsh 3369 3368
###lsh 3368 3367
###lsh 3367 3366
###lsh 3366 3365
###lsh 3365 3364
###lsh 3364 3363
###lsh 3363 3362
###lsh 3362 3361
###lsh 3407 3406
###lsh 4512 4511
###lsh 3408 3407
###lsh 4511 4510
###lsh 3409 3408
###lsh 4510 4509
###lsh 3410 3409
###lsh 4509 4508
###lsh 3411 3410
###lsh 4508 4507
###lsh 3412 3411
###lsh 4507 4506
###lsh 3413 3412
###lsh 4506 4505
###lsh 3414 3413
###lsh 4505 4504
###lsh 3415 3414
###lsh 4504 4503
###lsh 3416 3415
###lsh 4503 4502
###lsh 3417 3416
###lsh 4502 4501
###lsh 3418 3417
###lsh 4501 4500
###lsh 3419 3418
###lsh 4513 4512
###lsh 3406 3452
###lsh 4514 4513
###lsh 3452 3451
###lsh 4515 4514
###lsh 3451 3450
###lsh 4516 4515
###lsh 3450 3449
###lsh 4517 4516
###lsh 3449 3448
###lsh 4518 4517
###lsh 3448 3447
###lsh 4519 4518
###lsh 3447 3446
###lsh 4520 4519
###lsh 3446 3445
###lsh 4521 4520
###lsh 3445 3444
###lsh 4522 4521
###lsh 3444 3443
###lsh 3490 3489
###lsh 4688 4687
###lsh 4689 4688
###lsh 3489 3488
###lsh 4006 4005
###lsh 3467 3466
###lsh 3466 3465
###lsh 3537 3536
###lsh 3527 3526
###lsh 3526 3525
###lsh 3525 3524
###lsh 3524 3523
###lsh 3523 3522
###lsh 3522 3521
###lsh 3521 3520
###lsh 3520 3519
###lsh 3519 3518
###lsh 3518 3517
###lsh 3517 3516
###lsh 3516 3515
###lsh 3515 3514
###lsh 3514 3513
###lsh 3595 3594
###lsh 4747 4746
###lsh 3596 3595
###lsh 4746 4745
###lsh 3597 3596
###lsh 4745 4744
###lsh 3598 3597
###lsh 4744 4743
###lsh 3599 3598
###lsh 4743 4742
###lsh 3600 3599
###lsh 4742 4741
###lsh 3601 3600
###lsh 4741 4740
###lsh 3602 3601
###lsh 4740 4739
###lsh 3603 3602
###lsh 4739 4738
###lsh 3604 3603
###lsh 4738 4737
###lsh 3605 3604
###lsh 4737 4736
###lsh 3606 3605
###lsh 4477 4476
###lsh 4748 4747
###lsh 3594 3640
###lsh 4749 4748
###lsh 3640 3639
###lsh 4750 4749
###lsh 3639 3638
###lsh 4751 4750
###lsh 3638 3637
###lsh 4752 4751
###lsh 3637 3636
###lsh 4753 4752
###lsh 3636 3635
###lsh 4754 4753
###lsh 3635 3634
###lsh 4755 4754
###lsh 3634 3633
###lsh 4756 4755
###lsh 3633 3632
###lsh 4757 4756
###lsh 3632 3631
###lsh 4758 4757
###lsh 3631 3630
###lsh 3608 3607
###lsh 4476 4475
###lsh 4384 4383
###lsh 4475 4474
###lsh 4385 4384
###lsh 4474 4473
###lsh 4386 4385
###lsh 4473 4472
###lsh 4387 4386
###lsh 4472 4471
###lsh 4388 4387
###lsh 4471 4470
###lsh 4389 4388
###lsh 4470 4469
###lsh 4390 4389
###lsh 4469 4468
###lsh 4391 4390
###lsh 4468 4467
###lsh 4392 4391
###lsh 4467 4466
###lsh 4346 4392
###lsh 4466 4465
###lsh 4347 4346
###lsh 4465 4464
###lsh 4348 4347
###lsh 4464 4463
###lsh 4349 4348
###lsh 4463 4462
###lsh 4350 4349
###lsh 4462 4461
###lsh 4351 4350
###lsh 4461 4460
###lsh 4352 4351
###lsh 4460 4459
###lsh 4353 4352
###lsh 4459 4458
###lsh 4354 4353
###lsh 4458 4457
###lsh 4355 4354
###lsh 4457 4456
###lsh 4356 4355
###lsh 4456 4455
###lsh 4357 4356
###lsh 4455 4454
###lsh 3607 3606
###lsh 3678 3677
###lsh 3655 3654
###lsh 4147 4146
###lsh 4243 4242
###lsh 4146 4145
###lsh 4244 4243
###lsh 4145 4144
###lsh 4245 4244
###lsh 4144 4143
###lsh 4246 4245
###lsh 4143 4142
###lsh 4247 4246
###lsh 4142 4141
###lsh 4248 4247
###lsh 4141 4140
###lsh 4249 4248
###lsh 4140 4139
###lsh 4250 4249
###lsh 4139 4138
###lsh 4251 4250
###lsh 4138 4137
###lsh 4205 4251
###lsh 4137 4136
###lsh 4206 4205
###lsh 4136 4135
###lsh 4207 4206
###lsh 4135 4134
###lsh 4208 4207
###lsh 4134 4133
###lsh 4209 4208
###lsh 4133 4132
###lsh 4210 4209
###lsh 4132 4131
###lsh 4211 4210
###lsh 4131 4130
###lsh 4212 4211
###lsh 4130 4129
###lsh 4213 4212
###lsh 4129 4128
###lsh 4214 4213
###lsh 4128 4127
###lsh 4215 4214
###lsh 4127 4126
###lsh 4216 4215
###lsh 4126 4125
###lsh 4217 4216
###lsh 4524 4523
###lsh 3654 3653
###lsh 4712 4711
###lsh 3771 3770
###lsh 4713 4712
###lsh 3770 3769
###lsh 4714 4713
###lsh 3769 3768
###lsh 4715 4714
###lsh 3768 3767
###lsh 4716 4715
###lsh 3767 3766
###lsh 4717 4716
###lsh 3766 3765
###lsh 4718 4717
###lsh 3765 3764
###lsh 4719 4718
###lsh 3764 3763
###lsh 4720 4719
###lsh 3763 3762
###lsh 4721 4720
###lsh 3762 3761
###lsh 4675 4721
###lsh 3761 3760
###lsh 4676 4675
###lsh 3760 3759
###lsh 4677 4676
###lsh 3759 3758
###lsh 4678 4677
###lsh 3758 3757
###lsh 4679 4678
###lsh 3757 3756
###lsh 4680 4679
###lsh 3756 3755
###lsh 4681 4680
###lsh 3755 3754
###lsh 4682 4681
###lsh 3754 3753
###lsh 4683 4682
###lsh 3753 3752
###lsh 4684 4683
###lsh 3752 3751
###lsh 4685 4684
###lsh 3751 3750
###lsh 4686 4685
###lsh 3750 3749
###lsh 3796 3795
###lsh 4100 4099
###lsh 4431 4430
###lsh 4099 4098
###lsh 4432 4431
###lsh 4098 4097
###lsh 4433 4432
###lsh 4097 4096
###lsh 4434 4433
###lsh 4096 4095
###lsh 4435 4434
###lsh 4095 4094
###lsh 4436 4435
###lsh 4094 4093
###lsh 4437 4436
###lsh 4093 4092
###lsh 4438 4437
###lsh 4092 4091
###lsh 4439 4438
###lsh 4091 4090
###lsh 4393 4439
###lsh 4090 4089
###lsh 4394 4393
###lsh 4089 4088
###lsh 4395 4394
###lsh 4088 4087
###lsh 4396 4395
###lsh 4087 4086
###lsh 4397 4396
###lsh 4086 4085
###lsh 4398 4397
###lsh 4085 4084
###lsh 4399 4398
###lsh 4084 4083
###lsh 4400 4399
###lsh 4083 4082
###lsh 4401 4400
###lsh 4082 4081
###lsh 4402 4401
###lsh 4081 4080
###lsh 4403 4402
###lsh 4080 4079
###lsh 4404 4403
###lsh 4079 4078
###lsh 3795 3794
###lsh 4053 4052
###lsh 3843 3842
###lsh 3842 3841
###lsh 3877 3876
###lsh 4559 4558
###lsh 3878 3877
###lsh 4558 4557
###lsh 3879 3878
###lsh 4557 4556
###lsh 3880 3879
###lsh 4556 4555
###lsh 3881 3880
###lsh 4555 4554
###lsh 3882 3881
###lsh 4554 4553
###lsh 3883 3882
###lsh 4553 4552
###lsh 3884 3883
###lsh 4552 4551
###lsh 3885 3884
###lsh 4551 4550
###lsh 3886 3885
###lsh 4550 4549
###lsh 3887 3886
###lsh 4549 4548
###lsh 3888 3887
###lsh 4548 4547
###lsh 3889 3888
###lsh 4560 4559
###lsh 3876 3922
###lsh 4561 4560
###lsh 3922 3921
###lsh 4562 4561
###lsh 3921 3920
###lsh 4563 4562
###lsh 3920 3919
###lsh 4564 4563
###lsh 3919 3918
###lsh 4565 4564
###lsh 3918 3917
###lsh 4566 4565
###lsh 3917 3916
###lsh 4567 4566
###lsh 3916 3915
###lsh 4568 4567
###lsh 3915 3914
###lsh 4569 4568
###lsh 3914 3913
###lsh 3959 3958
###lsh 4172 4171
###lsh 4171 4170
###lsh 4112 4111
###lsh 4277 4276
###lsh 4113 4112
###lsh 4276 4275
###lsh 4114 4113
###lsh 4275 4274
###lsh 4115 4114
###lsh 4274 4273
###lsh 4116 4115
###lsh 4273 4272
###lsh 4117 4116
###lsh 4272 4271
###lsh 4118 4117
###lsh 4271 4270
###lsh 4119 4118
###lsh 4270 4269
###lsh 4120 4119
###lsh 4269 4268
###lsh 4121 4120
###lsh 4268 4267
###lsh 4122 4121
###lsh 4267 4266
###lsh 4278 4277
###lsh 4111 4157
###lsh 4279 4278
###lsh 4157 4156
###lsh 4280 4279
###lsh 4156 4155
###lsh 4281 4280
###lsh 4155 4154
###lsh 4282 4281
###lsh 4154 4153
###lsh 4283 4282
###lsh 4153 4152
###lsh 4284 4283
###lsh 4152 4151
###lsh 4285 4284
###lsh 4151 4150
###lsh 4286 4285
###lsh 4150 4149
###lsh 4287 4286
###lsh 4149 4148
###lsh 4194 4193
###lsh 4736 4735
###lsh 4735 4734
###lsh 4193 4192
###lsh 4478 4477
###lsh 4479 4478
###lsh 4192 4191
###lsh 4480 4479
###lsh 4191 4190
###lsh 4481 4480
###lsh 4190 4189
###lsh 4482 4481
###lsh 4189 4188
###lsh 4483 4482
###lsh 4188 4187
###lsh 4484 4483
###lsh 4187 4186
###lsh 4485 4484
###lsh 4186 4185
###lsh 4486 4485
###lsh 4185 4184
###lsh 4440 4486
###lsh 4184 4183
###lsh 4441 4440
###lsh 4183 4182
###lsh 4442 4441
###lsh 4182 4181
###lsh 4443 4442
###lsh 4181 4180
###lsh 4444 4443
###lsh 4180 4179
###lsh 4445 4444
###lsh 4179 4178
###lsh 4446 4445
###lsh 4178 4177
###lsh 4447 4446
###lsh 4177 4176
###lsh 4448 4447
###lsh 4176 4175
###lsh 4449 4448
###lsh 4175 4174
###lsh 4450 4449
###lsh 4174 4173
###lsh 4451 4450
###lsh 4173 4172
###lsh 4523 4522
###lsh 4219 4218
###lsh 4218 4217
###lsh 4779 4778
###lsh 4291 4290
###lsh 4780 4779
###lsh 4290 4289
###lsh 4781 4780
###lsh 4289 4288
###lsh 4782 4781
###lsh 4783 4782
###lsh 4288 4287
###lsh 4570 4569
###lsh 4360 4359
###lsh 4359 4358
###lsh 4429 4428
###lsh 4642 4641
###lsh 4641 4640
###lsh 4571 4570
###lsh 4618 4617
###lsh 4615 4614
###lsh 4614 4613
###lsh 4613 4612
###lsh 4612 4611
###lsh 4611 4610
###lsh 4610 4609
###lsh 4609 4608
###lsh 4608 4607
###lsh 4607 4606
###lsh 4606 4605
###lsh 4605 4604
###lsh 4604 4603
###lsh 4602 4601
###lsh 4601 4600
###lsh 4598 4597
###lsh 4771 4770
###lsh 4770 4769
###lsh 4769 4815
###lsh 4815 4814
###lsh 4814 4813
###lsh 4813 4812
###lsh 4812 4811
###lsh 4811 4810
###lsh 4810 4809
###lsh 4809 4808
###lsh 4808 4807
###lsh 4807 4806
###lsh 4773 4772
###lsh 4772 4771
###lsm 2 1
###lsm 2 3
###lsm 4 3
###lsm 4 5
###lsm 6 5
###lsm 6 7
###lsm 8 7
###lsm 8 9
###lsm 10 9
###lsm 10 11
###lsm 12 11
###lsm 12 13
###lsm 14 13
###lsm 14 15
###lsm 16 15
###lsm 16 17
###lsm 18 17
###lsm 18 19
###lsm 20 19
###lsm 20 21
###lsm 22 21
###lsm 22 23
###lsm 24 23
###lsm 24 25
###lsm 26 25
###lsm 26 27
###lsm 28 27
###lsm 28 29
###lsm 30 29
###lsm 30 31
###lsm 32 31
###lsm 32 33
###lsm 34 33
###lsm 34 35
###lsm 36 35
###lsm 36 37
###lsm 38 37
###lsm 38 39
###lsm 40 39
###lsm 40 41
###lsm 42 41
###lsm 42 43
###lsm 44 43
###lsm 44 45
###lsm 46 45
###lsm 46 47
###lsm 48 47
###lsm 48 49
###lsm 50 49
###lsm 50 51
###lsm 52 51
###lsm 52 53
###lsm 54 53
###lsm 54 55
###lsm 56 55
###lsm 56 57
###lsm 58 57
###lsm 58 59
###lsm 60 59
###lsm 60 61
###lsm 62 61
###lsm 62 63
###lsm 64 63
###lsm 64 65
###lsm 66 65
###lsm 66 67
###lsm 68 67
###lsm 68 69
###lsm 70 69
###lsm 70 71
###lsm 0 71
###lsm 1 0
###lsm 74 73
###lsm 74 75
###lsm 76 75
###lsm 76 77
###lsm 78 77
###lsm 78 79
###lsm 80 79
###lsm 80 81
###lsm 82 81
###lsm 82 83
###lsm 84 83
###lsm 84 85
###lsm 86 85
###lsm 86 87
###lsm 88 87
###lsm 88 89
###lsm 90 89
###lsm 90 91
###lsm 92 91
###lsm 92 93
###lsm 94 93
###lsm 94 95
###lsm 96 95
###lsm 96 97
###lsm 98 97
###lsm 98 99
###lsm 100 99
###lsm 100 101
###lsm 102 101
###lsm 102 103
###lsm 104 103
###lsm 104 105
###lsm 106 105
###lsm 106 107
###lsm 108 107
###lsm 108 109
###lsm 110 109
###lsm 110 111
###lsm 112 111
###lsm 112 113
###lsm 114 113
###lsm 114 115
###lsm 116 115
###lsm 116 117
###lsm 118 117
###lsm 118 119
###lsm 120 119
###lsm 120 121
###lsm 122 121
###lsm 122 123
###lsm 124 123
###lsm 124 125
###lsm 126 125
###lsm 126 127
###lsm 128 127
###lsm 128 129
###lsm 130 129
###lsm 130 131
###lsm 132 131
###lsm 132 133
###lsm 134 133
###lsm 134 135
###lsm 136 135
###lsm 136 137
###lsm 138 137
###lsm 138 139
###lsm 140 139
###lsm 140 141
###lsm 142 141
###lsm 142 143
###lsm 72 143
###lsm 73 72
###lsm 5 3
###lsm 5 75
###lsm 75 73
###lsm 5 73
###lsm 7 5
###lsm 7 73
###lsm 73 143
###lsm 7 143
###lsm 9 7
###lsm 9 143
###lsm 143 141
###lsm 9 141
###lsm 11 9
###lsm 11 141
###lsm 141 139
###lsm 11 139
###lsm 13 11
###lsm 13 139
###lsm 139 137
###lsm 13 137
###lsm 15 13
###lsm 15 137
###lsm 137 135
###lsm 15 135
###lsm 17 15
###lsm 17 135
###lsm 135 133
###lsm 17 133
###lsm 19 17
###lsm 19 133
###lsm 133 131
###lsm 19 131
###lsm 21 19
###lsm 21 131
###lsm 131 129
###lsm 21 129
###lsm 23 21
###lsm 23 129
###lsm 129 127
###lsm 23 127
###lsm 25 23
###lsm 25 127
###lsm 127 125
###lsm 25 125
###lsm 27 25
###lsm 27 125
###lsm 125 123
###lsm 27 123
###lsm 29 27
###lsm 29 123
###lsm 123 121
###lsm 29 121
###lsm 31 29
###lsm 31 121
###lsm 121 119
###lsm 31 119
###lsm 33 31
###lsm 33 119
###lsm 119 117
###lsm 33 117
###lsm 35 33
###lsm 35 117
###lsm 117 115
###lsm 35 115
###lsm 37 35
###lsm 37 115
###lsm 115 113
###lsm 37 113
###lsm 39 37
###lsm 39 113
###lsm 113 111
###lsm 39 111
###lsm 41 39
###lsm 41 111
###lsm 111 109
###lsm 41 109
###lsm 43 41
###lsm 43 109
###lsm 109 107
###lsm 43 107
###lsm 45 43
###lsm 45 107
###lsm 107 105
###lsm 45 105
###lsm 47 45
###lsm 47 105
###lsm 105 103
###lsm 47 103
###lsm 49 47
###lsm 49 103
###lsm 103 101
###lsm 49 101
###lsm 51 49
###lsm 51 101
###lsm 101 99
###lsm 51 99
###lsm 53 51
###lsm 53 99
###lsm 99 97
###lsm 53 97
###lsm 55 53
###lsm 55 97
###lsm 97 95
###lsm 55 95
###lsm 57 55
###lsm 57 95
###lsm 95 93
###lsm 57 93
###lsm 59 57
###lsm 59 93
###lsm 93 91
###lsm 59 91
###lsm 61 59
###lsm 61 91
###lsm 91 89
###lsm 61 89
###lsm 63 61
###lsm 63 89
###lsm 89 87
###lsm 63 87
###lsm 65 63
###lsm 65 87
###lsm 87 85
###lsm 65 85
###lsm 67 65
###lsm 67 85
###lsm 85 83
###lsm 67 83
###lsm 69 67
###lsm 69 83
###lsm 83 81
###lsm 69 81
###lsm 71 69
###lsm 71 81
###lsm 81 79
###lsm 71 79
###lsm 1 71
###lsm 1 79
###lsm 79 77
###lsm 1 77
###lsm 3 1
###lsm 3 77
###lsm 77 75
###lsm 75 3
###lsm 146 145
###lsm 146 147
###lsm 148 147
###lsm 148 149
###lsm 150 149
###lsm 150 151
###lsm 152 151
###lsm 152 153
###lsm 154 153
###lsm 154 155
###lsm 156 155
###lsm 156 157
###lsm 158 157
###lsm 158 159
###lsm 160 159
###lsm 160 161
###lsm 162 161
###lsm 162 163
###lsm 164 163
###lsm 164 165
###lsm 166 165
###lsm 166 167
###lsm 168 167
###lsm 168 169
###lsm 170 169
###lsm 170 171
###lsm 172 171
###lsm 172 173
###lsm 174 173
###lsm 174 175
###lsm 176 175
###lsm 176 177
###lsm 178 177
###lsm 178 179
###lsm 180 179
###lsm 180 181
###lsm 182 181
###lsm 182 183
###lsm 184 183
###lsm 184 185
###lsm 186 185
###lsm 186 187
###lsm 188 187
###lsm 188 189
###lsm 190 189
###lsm 190 191
###lsm 192 191
###lsm 192 193
###lsm 194 193
###lsm 194 195
###lsm 196 195
###lsm 196 197
###lsm 198 197
###lsm 198 199
###lsm 200 199
###lsm 200 201
###lsm 202 201
###lsm 202 203
###lsm 204 203
###lsm 204 205
###lsm 206 205
###lsm 206 207
###lsm 208 207
###lsm 208 209
###lsm 210 209
###lsm 210 211
###lsm 212 211
###lsm 212 213
###lsm 214 213
###lsm 214 215
###lsm 144 215
###lsm 145 144
###lsm 218 217
###lsm 218 219
###lsm 220 219
###lsm 220 221
###lsm 222 221
###lsm 222 223
###lsm 224 223
###lsm 224 225
###lsm 226 225
###lsm 226 227
###lsm 228 227
###lsm 228 229
###lsm 230 229
###lsm 230 231
###lsm 232 231
###lsm 232 233
###lsm 234 233
###lsm 234 235
###lsm 236 235
###lsm 236 237
###lsm 238 237
###lsm 238 239
###lsm 240 239
###lsm 240 241
###lsm 242 241
###lsm 242 243
###lsm 244 243
###lsm 244 245
###lsm 246 245
###lsm 246 247
###lsm 248 247
###lsm 248 249
###lsm 250 249
###lsm 250 251
###lsm 252 251
###lsm 252 253
###lsm 254 253
###lsm 254 255
###lsm 256 255
###lsm 256 257
###lsm 258 257
###lsm 258 259
###lsm 260 259
###lsm 260 261
###lsm 262 261
###lsm 262 263
###lsm 264 263
###lsm 264 265
###lsm 266 265
###lsm 266 267
###lsm 268 267
###lsm 268 269
###lsm 270 269
###lsm 270 271
###lsm 272 271
###lsm 272 273
###lsm 274 273
###lsm 274 275
###lsm 276 275
###lsm 276 277
###lsm 278 277
###lsm 278 279
###lsm 280 279
###lsm 280 281
###lsm 282 281
###lsm 282 283
###lsm 284 283
###lsm 284 285
###lsm 286 285
###lsm 286 287
###lsm 216 287
###lsm 217 216
###lsm 149 147
###lsm 149 219
###lsm 219 217
###lsm 149 217
###lsm 151 149
###lsm 151 217
###lsm 217 287
###lsm 151 287
###lsm 153 151
###lsm 153 287
###lsm 287 285
###lsm 153 285
###lsm 155 153
###lsm 155 285
###lsm 285 283
###lsm 155 283
###lsm 157 155
###lsm 157 283
###lsm 283 281
###lsm 157 281
###lsm 159 157
###lsm 159 281
###lsm 281 279
###lsm 159 279
###lsm 161 159
###lsm 161 279
###lsm 279 277
###lsm 161 277
###lsm 163 161
###lsm 163 277
###lsm 277 275
###lsm 163 275
###lsm 165 163
###lsm 165 275
###lsm 275 273
###lsm 165 273
###lsm 167 165
###lsm 167 273
###lsm 273 271
###lsm 167 271
###lsm 169 167
###lsm 169 271
###lsm 271 269
###lsm 169 269
###lsm 171 169
###lsm 171 269
###lsm 269 267
###lsm 171 267
###lsm 173 171
###lsm 173 267
###lsm 267 265
###lsm 173 265
###lsm 175 173
###lsm 175 265
###lsm 265 263
###lsm 175 263
###lsm 177 175
###lsm 177 263
###lsm 263 261
###lsm 177 261
###lsm 179 177
###lsm 179 261
###lsm 261 259
###lsm 179 259
###lsm 181 179
###lsm 181 259
###lsm 259 257
###lsm 181 257
###lsm 183 181
###lsm 183 257
###lsm 257 255
###lsm 183 255
###lsm 185 183
###lsm 185 255
###lsm 255 253
###lsm 185 253
###lsm 187 185
###lsm 187 253
###lsm 253 251
###lsm 187 251
###lsm 189 187
###lsm 189 251
###lsm 251 249
###lsm 189 249
###lsm 191 189
###lsm 191 249
###lsm 249 247
###lsm 191 247
###lsm 193 191
###lsm 193 247
###lsm 247 245
###lsm 193 245
###lsm 195 193
###lsm 195 245
###lsm 245 243
###lsm 195 243
###lsm 197 195
###lsm 197 243
###lsm 243 241
###lsm 197 241
###lsm 199 197
###lsm 199 241
###lsm 241 239
###lsm 199 239
###lsm 201 199
###lsm 201 239
###lsm 239 237
###lsm 201 237
###lsm 203 201
###lsm 203 237
###lsm 237 235
###lsm 203 235
###lsm 205 203
###lsm 205 235
###lsm 235 233
###lsm 205 233
###lsm 207 205
###lsm 207 233
###lsm 233 231
###lsm 207 231
###lsm 209 207
###lsm 209 231
###lsm 231 229
###lsm 209 229
###lsm 211 209
###lsm 211 229
###lsm 229 227
###lsm 211 227
###lsm 213 211
###lsm 213 227
###lsm 227 225
###lsm 213 225
###lsm 215 213
###lsm 215 225
###lsm 225 223
###lsm 215 223
###lsm 145 215
###lsm 145 223
###lsm 223 221
###lsm 145 221
###lsm 147 145
###lsm 147 221
###lsm 221 219
###lsm 219 147
###lsm 290 289
###lsm 291 292
###lsm 291 293
###lsm 294 293
###lsm 295 293
###lsm 295 296
###lsm 297 296
###lsm 297 298
###lsm 299 298
###lsm 299 300
###lsm 301 300
###lsm 301 302
###lsm 303 302
###lsm 303 304
###lsm 305 304
###lsm 305 306
###lsm 307 306
###lsm 307 308
###lsm 309 308
###lsm 309 310
###lsm 311 310
###lsm 311 312
###lsm 313 312
###lsm 313 314
###lsm 315 314
###lsm 315 316
###lsm 317 316
###lsm 317 318
###lsm 319 318
###lsm 319 320
###lsm 321 320
###lsm 321 322
###lsm 323 322
###lsm 323 324
###lsm 325 324
###lsm 325 326
###lsm 327 326
###lsm 327 328
###lsm 329 328
###lsm 329 330
###lsm 331 330
###lsm 331 332
###lsm 333 332
###lsm 333 334
###lsm 335 334
###lsm 335 336
###lsm 337 336
###lsm 337 338
###lsm 339 338
###lsm 339 340
###lsm 289 2
###lsm 289 4
###lsm 342 344
###lsm 342 345
###lsm 343 348
###lsm 343 349
###lsm 350 349
###lsm 351 349
###lsm 351 352
###lsm 353 352
###lsm 353 354
###lsm 355 354
###lsm 355 356
###lsm 357 356
###lsm 357 358
###lsm 359 358
###lsm 359 360
###lsm 361 360
###lsm 361 362
###lsm 363 362
###lsm 363 364
###lsm 365 364
###lsm 365 366
###lsm 367 366
###lsm 367 368
###lsm 369 368
###lsm 369 370
###lsm 371 370
###lsm 371 372
###lsm 373 372
###lsm 373 374
###lsm 375 374
###lsm 375 376
###lsm 377 376
###lsm 377 378
###lsm 379 378
###lsm 379 380
###lsm 381 380
###lsm 381 382
###lsm 383 382
###lsm 383 384
###lsm 385 384
###lsm 385 386
###lsm 387 386
###lsm 387 388
###lsm 389 388
###lsm 389 390
###lsm 391 390
###lsm 391 392
###lsm 393 392
###lsm 393 394
###lsm 395 394
###lsm 395 396
###lsm 397 396
###lsm 397 398
###lsm 347 401
###lsm 347 402
###lsm 403 402
###lsm 403 404
###lsm 405 404
###lsm 405 406
###lsm 407 406
###lsm 407 408
###lsm 409 408
###lsm 409 410
###lsm 411 410
###lsm 411 412
###lsm 413 412
###lsm 413 414
###lsm 415 414
###lsm 415 416
###lsm 417 416
###lsm 417 418
###lsm 419 418
###lsm 419 420
###lsm 421 420
###lsm 421 422
###lsm 423 422
###lsm 423 424
###lsm 425 424
###lsm 425 426
###lsm 427 426
###lsm 427 428
###lsm 429 428
###lsm 429 430
###lsm 431 430
###lsm 431 432
###lsm 433 432
###lsm 433 434
###lsm 435 434
###lsm 435 436
###lsm 437 436
###lsm 437 438
###lsm 439 438
###lsm 439 440
###lsm 441 440
###lsm 441 442
###lsm 443 442
###lsm 443 444
###lsm 445 444
###lsm 445 446
###lsm 447 446
###lsm 447 448
###lsm 449 448
###lsm 449 450
###lsm 400 182
###lsm 400 184
###lsm 452 454
###lsm 452 455
###lsm 453 457
###lsm 453 458
###lsm 459 458
###lsm 459 460
###lsm 461 460
###lsm 461 462
###lsm 463 462
###lsm 463 464
###lsm 465 464
###lsm 465 466
###lsm 467 466
###lsm 467 468
###lsm 469 468
###lsm 469 470
###lsm 471 470
###lsm 471 472
###lsm 473 472
###lsm 473 474
###lsm 475 474
###lsm 475 476
###lsm 477 476
###lsm 477 478
###lsm 479 478
###lsm 479 480
###lsm 481 480
###lsm 481 482
###lsm 483 482
###lsm 483 484
###lsm 485 484
###lsm 485 486
###lsm 487 486
###lsm 487 488
###lsm 489 488
###lsm 489 490
###lsm 491 490
###lsm 491 492
###lsm 493 492
###lsm 493 494
###lsm 495 494
###lsm 495 496
###lsm 497 496
###lsm 497 498
###lsm 499 498
###lsm 499 500
###lsm 501 500
###lsm 501 502
###lsm 503 502
###lsm 503 504
###lsm 505 504
###lsm 505 506
###lsm 289 6
###lsm 289 8
###lsm 289 10
###lsm 289 12
###lsm 289 14
###lsm 289 16
###lsm 508 16
###lsm 509 16
###lsm 510 16
###lsm 511 16
###lsm 511 18
###lsm 512 18
###lsm 513 18
###lsm 514 18
###lsm 514 515
###lsm 515 18
###lsm 517 18
###lsm 517 20
###lsm 518 20
###lsm 519 20
###lsm 520 20
###lsm 520 22
###lsm 521 22
###lsm 521 24
###lsm 522 24
###lsm 522 26
###lsm 522 28
###lsm 523 28
###lsm 523 30
###lsm 523 32
###lsm 523 34
###lsm 524 34
###lsm 524 36
###lsm 524 38
###lsm 525 38
###lsm 525 40
###lsm 525 42
###lsm 526 42
###lsm 526 44
###lsm 526 46
###lsm 526 48
###lsm 527 48
###lsm 527 50
###lsm 527 52
###lsm 528 52
###lsm 528 54
###lsm 529 54
###lsm 529 56
###lsm 530 56
###lsm 531 56
###lsm 532 56
###lsm 532 58
###lsm 533 58
###lsm 533 534
###lsm 535 534
###lsm 535 536
###lsm 58 538
###lsm 58 539
###lsm 60 342
###lsm 60 541
###lsm 342 62
###lsm 342 64
###lsm 342 66
###lsm 342 68
###lsm 342 70
###lsm 342 0
###lsm 2 342
###lsm 543 146
###lsm 543 148
###lsm 544 148
###lsm 544 150
###lsm 544 152
###lsm 545 152
###lsm 545 154
###lsm 545 156
###lsm 545 158
###lsm 546 158
###lsm 546 160
###lsm 546 162
###lsm 547 162
###lsm 547 164
###lsm 548 164
###lsm 549 164
###lsm 550 164
###lsm 550 166
###lsm 551 166
###lsm 551 552
###lsm 553 552
###lsm 553 554
###lsm 555 554
###lsm 555 556
###lsm 557 556
###lsm 557 558
###lsm 559 558
###lsm 559 560
###lsm 166 562
###lsm 166 563
###lsm 168 452
###lsm 168 565
###lsm 452 170
###lsm 452 172
###lsm 452 174
###lsm 452 176
###lsm 452 178
###lsm 452 180
###lsm 182 452
###lsm 400 186
###lsm 400 188
###lsm 400 190
###lsm 400 192
###lsm 400 194
###lsm 400 196
###lsm 567 196
###lsm 568 196
###lsm 569 196
###lsm 569 198
###lsm 570 198
###lsm 571 198
###lsm 572 198
###lsm 572 573
###lsm 573 198
###lsm 575 198
###lsm 575 200
###lsm 576 200
###lsm 577 200
###lsm 578 200
###lsm 578 202
###lsm 579 202
###lsm 579 204
###lsm 579 206
###lsm 580 206
###lsm 580 208
###lsm 580 210
###lsm 580 212
###lsm 581 212
###lsm 581 214
###lsm 581 144
###lsm 144 543
###lsm 584 583
###lsm 584 585
###lsm 586 585
###lsm 586 587
###lsm 588 587
###lsm 588 589
###lsm 590 589
###lsm 590 591
###lsm 592 591
###lsm 592 593
###lsm 594 593
###lsm 594 595
###lsm 596 595
###lsm 596 597
###lsm 598 597
###lsm 598 599
###lsm 600 599
###lsm 600 601
###lsm 602 601
###lsm 602 603
###lsm 604 603
###lsm 604 605
###lsm 606 605
###lsm 606 607
###lsm 608 607
###lsm 608 453
###lsm 609 453
###lsm 609 610
###lsm 583 582
###lsm 612 582
###lsm 612 613
###lsm 614 613
###lsm 614 615
###lsm 616 615
###lsm 616 617
###lsm 618 617
###lsm 618 619
###lsm 620 619
###lsm 620 621
###lsm 622 621
###lsm 622 623
###lsm 624 623
###lsm 624 625
###lsm 626 625
###lsm 626 627
###lsm 628 627
###lsm 628 629
###lsm 630 629
###lsm 630 631
###lsm 632 631
###lsm 632 633
###lsm 633 631
###lsm 635 631
###lsm 635 636
###lsm 637 639
###lsm 637 640
###lsm 641 640
###lsm 641 642
###lsm 639 638
###lsm 644 638
###lsm 644 645
###lsm 646 645
###lsm 646 647
###lsm 648 647
###lsm 648 649
###lsm 650 649
###lsm 650 651
###lsm 652 651
###lsm 652 653
###lsm 654 653
###lsm 654 655
###lsm 656 655
###lsm 656 657
###lsm 658 657
###lsm 658 659
###lsm 660 659
###lsm 660 661
###lsm 662 661
###lsm 662 663
###lsm 664 663
###lsm 664 665
###lsm 666 665
###lsm 666 667
###lsm 668 667
###lsm 668 669
###lsm 670 669
###lsm 670 671
###lsm 672 671
###lsm 672 673
###lsm 674 673
###lsm 674 675
###lsm 676 675
###lsm 676 677
###lsm 678 677
###lsm 678 679
###lsm 680 679
###lsm 680 681
###lsm 682 681
###lsm 682 683
###lsm 684 683
###lsm 684 608
###lsm 608 609
###lsm 506 504
###lsm 685 504
###lsm 685 686
###lsm 687 689
###lsm 687 690
###lsm 691 690
###lsm 691 692
###lsm 689 688
###lsm 694 688
###lsm 694 695
###lsm 696 695
###lsm 696 697
###lsm 698 697
###lsm 698 699
###lsm 700 699
###lsm 700 701
###lsm 702 701
###lsm 702 703
###lsm 704 703
###lsm 704 705
###lsm 706 705
###lsm 706 707
###lsm 708 707
###lsm 708 709
###lsm 710 709
###lsm 710 711
###lsm 712 711
###lsm 712 713
###lsm 714 713
###lsm 714 715
###lsm 716 715
###lsm 716 717
###lsm 718 717
###lsm 718 719
###lsm 720 719
###lsm 720 721
###lsm 722 721
###lsm 722 723
###lsm 724 723
###lsm 724 725
###lsm 726 725
###lsm 726 727
###lsm 728 727
###lsm 728 729
###lsm 730 729
###lsm 730 731
###lsm 732 731
###lsm 732 733
###lsm 734 733
###lsm 734 458
###lsm 458 457
###lsm 737 736
###lsm 737 738
###lsm 739 738
###lsm 739 740
###lsm 741 740
###lsm 741 742
###lsm 743 742
###lsm 743 744
###lsm 745 744
###lsm 745 746
###lsm 747 746
###lsm 747 748
###lsm 749 748
###lsm 749 750
###lsm 751 750
###lsm 751 752
###lsm 753 752
###lsm 753 754
###lsm 755 754
###lsm 755 756
###lsm 757 756
###lsm 757 758
###lsm 759 758
###lsm 759 760
###lsm 761 760
###lsm 761 291
###lsm 762 291
###lsm 762 763
###lsm 736 735
###lsm 765 735
###lsm 765 766
###lsm 767 766
###lsm 767 768
###lsm 769 768
###lsm 769 770
###lsm 771 770
###lsm 771 772
###lsm 773 772
###lsm 773 774
###lsm 775 774
###lsm 775 776
###lsm 777 776
###lsm 777 778
###lsm 779 778
###lsm 779 780
###lsm 781 780
###lsm 781 782
###lsm 783 782
###lsm 783 784
###lsm 785 784
###lsm 785 786
###lsm 786 784
###lsm 788 784
###lsm 788 789
###lsm 790 792
###lsm 790 793
###lsm 794 793
###lsm 794 795
###lsm 792 791
###lsm 797 791
###lsm 797 798
###lsm 799 798
###lsm 799 800
###lsm 801 800
###lsm 801 802
###lsm 803 802
###lsm 803 804
###lsm 805 804
###lsm 805 806
###lsm 807 806
###lsm 807 808
###lsm 809 808
###lsm 809 810
###lsm 811 810
###lsm 811 812
###lsm 813 812
###lsm 813 814
###lsm 815 814
###lsm 815 816
###lsm 817 816
###lsm 817 818
###lsm 819 818
###lsm 819 820
###lsm 821 820
###lsm 821 822
###lsm 823 822
###lsm 823 824
###lsm 825 824
###lsm 825 826
###lsm 827 826
###lsm 827 828
###lsm 829 828
###lsm 829 830
###lsm 831 830
###lsm 831 832
###lsm 833 832
###lsm 833 834
###lsm 835 834
###lsm 835 836
###lsm 837 836
###lsm 837 761
###lsm 761 762
###lsm 840 839
###lsm 840 841
###lsm 842 841
###lsm 842 843
###lsm 844 843
###lsm 844 845
###lsm 846 845
###lsm 846 847
###lsm 848 847
###lsm 848 849
###lsm 850 849
###lsm 850 851
###lsm 852 851
###lsm 852 853
###lsm 854 853
###lsm 854 855
###lsm 856 855
###lsm 856 857
###lsm 858 857
###lsm 858 859
###lsm 860 859
###lsm 860 861
###lsm 862 861
###lsm 862 763
###lsm 863 763
###lsm 763 291
###lsm 863 291
###lsm 291 294
###lsm 839 838
###lsm 864 838
###lsm 864 865
###lsm 866 865
###lsm 866 867
###lsm 868 867
###lsm 868 869
###lsm 870 869
###lsm 870 871
###lsm 872 871
###lsm 872 873
###lsm 874 873
###lsm 874 875
###lsm 876 875
###lsm 876 877
###lsm 878 877
###lsm 878 879
###lsm 880 879
###lsm 880 881
###lsm 882 881
###lsm 882 883
###lsm 884 883
###lsm 884 885
###lsm 885 883
###lsm 887 883
###lsm 887 888
###lsm 889 891
###lsm 889 892
###lsm 893 892
###lsm 893 894
###lsm 891 890
###lsm 896 890
###lsm 896 897
###lsm 898 897
###lsm 898 899
###lsm 900 899
###lsm 900 901
###lsm 902 901
###lsm 902 903
###lsm 904 903
###lsm 904 905
###lsm 906 905
###lsm 906 907
###lsm 908 907
###lsm 908 909
###lsm 910 909
###lsm 910 911
###lsm 912 911
###lsm 912 913
###lsm 914 913
###lsm 914 915
###lsm 916 915
###lsm 916 917
###lsm 918 917
###lsm 918 919
###lsm 920 919
###lsm 920 921
###lsm 922 921
###lsm 922 923
###lsm 924 923
###lsm 924 925
###lsm 926 925
###lsm 926 927
###lsm 928 927
###lsm 928 929
###lsm 930 929
###lsm 930 931
###lsm 932 931
###lsm 932 933
###lsm 934 933
###lsm 934 935
###lsm 936 935
###lsm 936 863
###lsm 863 294
###lsm 939 938
###lsm 939 940
###lsm 941 940
###lsm 941 942
###lsm 943 942
###lsm 943 944
###lsm 945 944
###lsm 945 946
###lsm 947 946
###lsm 947 948
###lsm 949 948
###lsm 949 950
###lsm 951 950
###lsm 951 952
###lsm 953 952
###lsm 953 954
###lsm 955 954
###lsm 955 956
###lsm 957 956
###lsm 957 958
###lsm 959 958
###lsm 959 960
###lsm 961 960
###lsm 961 962
###lsm 963 962
###lsm 963 964
###lsm 938 937
###lsm 966 937
###lsm 966 967
###lsm 968 967
###lsm 968 969
###lsm 970 969
###lsm 970 971
###lsm 972 971
###lsm 972 973
###lsm 974 973
###lsm 974 975
###lsm 976 975
###lsm 976 977
###lsm 978 977
###lsm 978 979
###lsm 980 979
###lsm 980 981
###lsm 982 981
###lsm 982 983
###lsm 984 983
###lsm 984 985
###lsm 986 985
###lsm 986 987
###lsm 343 987
###lsm 343 988
###lsm 344 343
###lsm 988 987
###lsm 988 989
###lsm 990 989
###lsm 990 991
###lsm 992 991
###lsm 992 993
###lsm 994 993
###lsm 994 995
###lsm 996 995
###lsm 996 997
###lsm 998 997
###lsm 998 999
###lsm 1000 999
###lsm 1000 1001
###lsm 1002 1001
###lsm 1002 1003
###lsm 1004 1003
###lsm 1004 1005
###lsm 1006 1005
###lsm 1006 1007
###lsm 1008 1007
###lsm 1008 1009
###lsm 1010 1009
###lsm 1010 1011
###lsm 1012 1011
###lsm 1012 1013
###lsm 1014 1013
###lsm 1014 1015
###lsm 1016 1015
###lsm 1016 1017
###lsm 1018 1017
###lsm 1018 1019
###lsm 1020 1019
###lsm 1020 1021
###lsm 1022 1021
###lsm 1022 1023
###lsm 1024 1023
###lsm 1024 1025
###lsm 1026 1025
###lsm 1026 1027
###lsm 1028 1027
###lsm 1028 1029
###lsm 1030 1029
###lsm 1030 1031
###lsm 1032 1031
###lsm 1032 1033
###lsm 1034 1033
###lsm 1034 1035
###lsm 1033 1031
###lsm 965 1031
###lsm 963 965
###lsm 347 403
###lsm 347 1037
###lsm 347 1038
###lsm 1039 1038
###lsm 1040 1038
###lsm 1040 1041
###lsm 1042 1041
###lsm 1042 1043
###lsm 1044 1043
###lsm 1044 1045
###lsm 1046 1045
###lsm 1046 1047
###lsm 1048 1047
###lsm 1048 1049
###lsm 1050 1049
###lsm 1050 1051
###lsm 1052 1051
###lsm 1052 1053
###lsm 1054 1053
###lsm 1054 1055
###lsm 1056 1055
###lsm 1056 1057
###lsm 1058 1057
###lsm 1058 1059
###lsm 1060 1059
###lsm 1060 1061
###lsm 1062 1061
###lsm 1062 1063
###lsm 1064 1063
###lsm 1064 1065
###lsm 1066 1065
###lsm 1066 1067
###lsm 1068 1067
###lsm 1068 1069
###lsm 1070 1069
###lsm 1070 1071
###lsm 1072 1071
###lsm 1072 1073
###lsm 1074 1073
###lsm 1074 1075
###lsm 1076 1075
###lsm 1076 1077
###lsm 1078 1077
###lsm 1078 1079
###lsm 1080 1079
###lsm 1080 1081
###lsm 1082 1081
###lsm 1082 1083
###lsm 1084 1083
###lsm 1084 1085
###lsm 1086 1085
###lsm 1086 1087
###lsm 1038 1037
###lsm 1089 1037
###lsm 1089 1090
###lsm 1091 1090
###lsm 1091 1092
###lsm 1093 1092
###lsm 1093 1094
###lsm 1095 1094
###lsm 1095 1096
###lsm 1097 1096
###lsm 1097 1098
###lsm 1099 1098
###lsm 1099 1100
###lsm 1101 1100
###lsm 1101 1102
###lsm 1103 1102
###lsm 1103 1104
###lsm 1105 1104
###lsm 1105 1106
###lsm 1107 1106
###lsm 1107 1108
###lsm 1109 1108
###lsm 1109 1110
###lsm 1111 1110
###lsm 1111 1112
###lsm 1113 1112
###lsm 1113 1114
###lsm 1115 1114
###lsm 1115 1116
###lsm 1117 1116
###lsm 1117 1118
###lsm 1119 1118
###lsm 1119 1120
###lsm 1121 1120
###lsm 1121 1122
###lsm 1123 1122
###lsm 1123 1124
###lsm 1125 1124
###lsm 1125 1126
###lsm 1127 1126
###lsm 1127 1128
###lsm 1129 1128
###lsm 1129 1130
###lsm 1131 1130
###lsm 1131 1132
###lsm 1133 1132
###lsm 1133 1134
###lsm 1135 1134
###lsm 1135 1136
###lsm 1134 1132
###lsm 451 1132
###lsm 449 451
###lsm 1140 1139
###lsm 1140 1141
###lsm 1142 1141
###lsm 1142 1143
###lsm 1144 1143
###lsm 1144 1145
###lsm 1146 1145
###lsm 1146 1147
###lsm 1148 1147
###lsm 1148 1149
###lsm 1150 1149
###lsm 1150 1151
###lsm 1152 1151
###lsm 1152 1153
###lsm 1154 1153
###lsm 1154 1155
###lsm 1156 1155
###lsm 1156 1157
###lsm 1158 1157
###lsm 1158 1159
###lsm 1160 1159
###lsm 1160 1161
###lsm 1162 1161
###lsm 1162 1163
###lsm 1164 1163
###lsm 1164 1165
###lsm 1139 1138
###lsm 1167 1138
###lsm 1167 1168
###lsm 1169 1168
###lsm 1169 1170
###lsm 1171 1170
###lsm 1171 1172
###lsm 1173 1172
###lsm 1173 1174
###lsm 1175 1174
###lsm 1175 1176
###lsm 1177 1176
###lsm 1177 1178
###lsm 1179 1178
###lsm 1179 1180
###lsm 1181 1180
###lsm 1181 1182
###lsm 1183 1182
###lsm 1183 1184
###lsm 1185 1184
###lsm 1185 1186
###lsm 1187 1186
###lsm 1187 1188
###lsm 347 1188
###lsm 347 1189
###lsm 348 347
###lsm 348 1189
###lsm 1190 1189
###lsm 1190 1191
###lsm 1192 1191
###lsm 1192 1193
###lsm 1194 1193
###lsm 1194 1195
###lsm 1196 1195
###lsm 1196 1197
###lsm 1198 1197
###lsm 1198 1199
###lsm 1200 1199
###lsm 1200 1201
###lsm 1202 1201
###lsm 1202 1203
###lsm 1204 1203
###lsm 1204 1205
###lsm 1206 1205
###lsm 1206 1207
###lsm 1208 1207
###lsm 1208 1209
###lsm 1210 1209
###lsm 1210 1211
###lsm 1212 1211
###lsm 1212 1213
###lsm 1214 1213
###lsm 1214 1215
###lsm 1216 1215
###lsm 1216 1217
###lsm 1218 1217
###lsm 1218 1219
###lsm 1220 1219
###lsm 1220 1221
###lsm 1222 1221
###lsm 1222 1223
###lsm 1224 1223
###lsm 1224 1225
###lsm 1226 1225
###lsm 1226 1227
###lsm 1228 1227
###lsm 1228 1229
###lsm 1230 1229
###lsm 1230 1231
###lsm 1232 1231
###lsm 1232 1233
###lsm 1234 1233
###lsm 1234 1235
###lsm 1236 1235
###lsm 1236 1237
###lsm 1189 1188
###lsm 1239 1188
###lsm 1239 1240
###lsm 1241 1240
###lsm 1241 1242
###lsm 1243 1242
###lsm 1243 1244
###lsm 1245 1244
###lsm 1245 1246
###lsm 1247 1246
###lsm 1247 1248
###lsm 1249 1248
###lsm 1249 1250
###lsm 1251 1250
###lsm 1251 1252
###lsm 1253 1252
###lsm 1253 1254
###lsm 1255 1254
###lsm 1255 1256
###lsm 1257 1256
###lsm 1257 1258
###lsm 1259 1258
###lsm 1259 1260
###lsm 1261 1260
###lsm 1261 1262
###lsm 1263 1262
###lsm 1263 1264
###lsm 1265 1264
###lsm 1265 1266
###lsm 1267 1266
###lsm 1267 1268
###lsm 1269 1268
###lsm 1269 1270
###lsm 1271 1270
###lsm 1271 1272
###lsm 1273 1272
###lsm 1273 1274
###lsm 1275 1274
###lsm 1275 1276
###lsm 1277 1276
###lsm 1277 1278
###lsm 1279 1278
###lsm 1279 1280
###lsm 1281 1280
###lsm 1281 1282
###lsm 1283 1282
###lsm 1283 1284
###lsm 1285 1284
###lsm 1285 1286
###lsm 1284 1282
###lsm 1166 1282
###lsm 1164 1166
###lsm 1290 1289
###lsm 1290 1291
###lsm 1292 1291
###lsm 1292 1293
###lsm 1294 1293
###lsm 1294 1295
###lsm 1296 1295
###lsm 1296 1297
###lsm 1298 1297
###lsm 1298 1299
###lsm 1300 1299
###lsm 1300 1301
###lsm 1302 1301
###lsm 1302 1303
###lsm 1304 1303
###lsm 1304 1305
###lsm 1306 1305
###lsm 1306 1307
###lsm 1308 1307
###lsm 1308 1309
###lsm 341 1309
###lsm 339 341
###lsm 1289 1288
###lsm 1310 1288
###lsm 1310 1311
###lsm 1312 1311
###lsm 1312 1313
###lsm 1314 1313
###lsm 1314 1315
###lsm 1316 1315
###lsm 1316 1317
###lsm 1318 1317
###lsm 1318 1319
###lsm 1320 1319
###lsm 1320 1321
###lsm 1322 1321
###lsm 1322 1323
###lsm 1324 1323
###lsm 1324 1325
###lsm 1326 1325
###lsm 1326 1327
###lsm 965 1327
###lsm 1033 965
###lsm 1034 1036
###lsm 537 1036
###lsm 535 537
###lsm 514 516
###lsm 1328 516
###lsm 1328 1329
###lsm 1330 1329
###lsm 1330 1331
###lsm 1332 1331
###lsm 338 1331
###lsm 340 338
###lsm 1335 1334
###lsm 1335 1336
###lsm 1337 1336
###lsm 1337 1338
###lsm 1339 1338
###lsm 1339 1340
###lsm 1341 1340
###lsm 1341 1342
###lsm 1343 1342
###lsm 1343 1344
###lsm 1345 1344
###lsm 1345 1346
###lsm 1347 1346
###lsm 1347 1348
###lsm 1349 1348
###lsm 1349 1350
###lsm 1351 1350
###lsm 1351 1352
###lsm 1353 1352
###lsm 1353 1354
###lsm 1355 1354
###lsm 1355 1356
###lsm 1357 1356
###lsm 1357 1358
###lsm 1359 1358
###lsm 1359 1360
###lsm 1334 1333
###lsm 1362 1333
###lsm 1362 1363
###lsm 1364 1363
###lsm 1364 1365
###lsm 1366 1365
###lsm 1366 1367
###lsm 1368 1367
###lsm 1368 1369
###lsm 1370 1369
###lsm 1370 1371
###lsm 1372 1371
###lsm 1372 1373
###lsm 1374 1373
###lsm 1374 1375
###lsm 1376 1375
###lsm 1376 1377
###lsm 1378 1377
###lsm 1378 1379
###lsm 1380 1379
###lsm 1380 1381
###lsm 1382 1381
###lsm 1382 1383
###lsm 343 1383
###lsm 986 343
###lsm 986 1383
###lsm 1384 1383
###lsm 1384 1385
###lsm 1386 1385
###lsm 1386 1387
###lsm 1388 1387
###lsm 1388 1389
###lsm 1390 1389
###lsm 1390 1391
###lsm 1392 1391
###lsm 1392 1393
###lsm 1394 1393
###lsm 1394 1395
###lsm 1396 1395
###lsm 1396 1397
###lsm 1398 1397
###lsm 1398 1399
###lsm 1400 1399
###lsm 1400 1401
###lsm 1402 1401
###lsm 1402 1403
###lsm 1404 1403
###lsm 1404 1405
###lsm 1406 1405
###lsm 1406 1407
###lsm 1408 1407
###lsm 1408 1409
###lsm 1410 1409
###lsm 1410 1411
###lsm 1412 1411
###lsm 1412 1413
###lsm 1414 1413
###lsm 1414 1415
###lsm 1416 1415
###lsm 1416 1417
###lsm 1418 1417
###lsm 1418 1419
###lsm 1420 1419
###lsm 1420 1421
###lsm 1422 1421
###lsm 1422 1423
###lsm 1424 1423
###lsm 1424 1425
###lsm 1426 1425
###lsm 1426 1427
###lsm 1428 1427
###lsm 1428 1429
###lsm 1430 1429
###lsm 1430 1431
###lsm 1429 1427
###lsm 1361 1427
###lsm 1359 1361
###lsm 1435 1434
###lsm 1435 1436
###lsm 1437 1436
###lsm 1437 1438
###lsm 1439 1438
###lsm 1439 1440
###lsm 1441 1440
###lsm 1441 1442
###lsm 1443 1442
###lsm 1443 1444
###lsm 1445 1444
###lsm 1445 1446
###lsm 1447 1446
###lsm 1447 1448
###lsm 1449 1448
###lsm 1449 1450
###lsm 1451 1450
###lsm 1451 1452
###lsm 1453 1452
###lsm 1453 1454
###lsm 643 1454
###lsm 641 643
###lsm 1434 1433
###lsm 1455 1433
###lsm 1455 1456
###lsm 1457 1456
###lsm 1457 1458
###lsm 1459 1458
###lsm 1459 1460
###lsm 1461 1460
###lsm 1461 1462
###lsm 1463 1462
###lsm 1463 1464
###lsm 1465 1464
###lsm 1465 1466
###lsm 1467 1466
###lsm 1467 1468
###lsm 1469 1468
###lsm 1469 1470
###lsm 1471 1470
###lsm 1471 1472
###lsm 1137 1472
###lsm 1137 1085
###lsm 1085 1083
###lsm 1088 1474
###lsm 1088 1475
###lsm 1476 1475
###lsm 1476 1477
###lsm 1474 1473
###lsm 1479 1473
###lsm 1479 1480
###lsm 1481 1480
###lsm 1481 1482
###lsm 1483 1482
###lsm 1483 1484
###lsm 1485 1484
###lsm 1485 1486
###lsm 1487 1486
###lsm 1487 1488
###lsm 1489 1488
###lsm 1489 1490
###lsm 1491 1490
###lsm 1491 1492
###lsm 1493 1492
###lsm 1493 1494
###lsm 1495 1494
###lsm 1495 1496
###lsm 1497 1496
###lsm 1497 1498
###lsm 1499 1498
###lsm 1499 1500
###lsm 1501 1500
###lsm 1501 1502
###lsm 1503 1502
###lsm 1503 1504
###lsm 1505 1504
###lsm 1505 1506
###lsm 1507 1506
###lsm 1507 1508
###lsm 1509 1508
###lsm 1509 1510
###lsm 1511 1510
###lsm 1511 1512
###lsm 1513 1512
###lsm 1513 1514
###lsm 1515 1514
###lsm 1515 1516
###lsm 1517 1516
###lsm 1517 1518
###lsm 1519 1518
###lsm 1519 1520
###lsm 1521 1520
###lsm 1521 1522
###lsm 1520 1518
###lsm 1524 1518
###lsm 1524 1525
###lsm 1526 1525
###lsm 640 1525
###lsm 642 640
###lsm 1529 1528
###lsm 1529 1530
###lsm 1531 1530
###lsm 1531 1532
###lsm 1533 1532
###lsm 1533 1534
###lsm 1535 1534
###lsm 1535 1536
###lsm 1537 1536
###lsm 1537 1538
###lsm 1539 1538
###lsm 1539 1540
###lsm 1541 1540
###lsm 1541 1542
###lsm 1543 1542
###lsm 1543 1544
###lsm 1545 1544
###lsm 1545 1546
###lsm 1547 1546
###lsm 1547 1548
###lsm 886 1548
###lsm 884 886
###lsm 1528 1527
###lsm 1549 1527
###lsm 1549 1550
###lsm 1551 1550
###lsm 1551 1552
###lsm 1553 1552
###lsm 1553 1554
###lsm 1555 1554
###lsm 1555 1556
###lsm 1557 1556
###lsm 1557 1558
###lsm 1559 1558
###lsm 1559 1560
###lsm 1561 1560
###lsm 1561 1562
###lsm 1563 1562
###lsm 1563 1564
###lsm 1565 1564
###lsm 1565 1566
###lsm 1361 1566
###lsm 1429 1361
###lsm 1432 1568
###lsm 1432 962
###lsm 962 960
###lsm 1568 1567
###lsm 1569 1567
###lsm 1569 1570
###lsm 1571 1570
###lsm 1571 1572
###lsm 1573 1572
###lsm 1573 1574
###lsm 1575 1574
###lsm 1575 1576
###lsm 1577 1576
###lsm 1577 1578
###lsm 1579 1578
###lsm 1579 1580
###lsm 1581 1580
###lsm 1581 1582
###lsm 1583 1582
###lsm 1583 1584
###lsm 1585 1584
###lsm 1585 1586
###lsm 1587 1586
###lsm 1587 1588
###lsm 1589 1588
###lsm 1589 1590
###lsm 1591 1590
###lsm 1591 1592
###lsm 1593 1592
###lsm 1593 1594
###lsm 1595 1594
###lsm 1595 1596
###lsm 1597 1596
###lsm 1597 1598
###lsm 1599 1598
###lsm 1599 1600
###lsm 1601 1600
###lsm 1601 1602
###lsm 1603 1602
###lsm 1603 1604
###lsm 1605 1604
###lsm 1605 1606
###lsm 895 1606
###lsm 893 895
###lsm 887 889
###lsm 889 893
###lsm 1609 1608
###lsm 1609 1610
###lsm 1611 1610
###lsm 1611 1612
###lsm 1613 1612
###lsm 1613 1614
###lsm 1615 1614
###lsm 1615 1616
###lsm 1617 1616
###lsm 1617 1618
###lsm 1619 1618
###lsm 1619 1620
###lsm 1621 1620
###lsm 1621 1622
###lsm 1623 1622
###lsm 1623 1624
###lsm 1625 1624
###lsm 1625 1626
###lsm 1627 1626
###lsm 1627 1628
###lsm 693 1628
###lsm 691 693
###lsm 1608 1607
###lsm 1629 1607
###lsm 1629 1630
###lsm 1631 1630
###lsm 1631 1632
###lsm 1633 1632
###lsm 1633 1634
###lsm 1635 1634
###lsm 1635 1636
###lsm 1637 1636
###lsm 1637 1638
###lsm 1639 1638
###lsm 1639 1640
###lsm 1641 1640
###lsm 1641 1642
###lsm 1643 1642
###lsm 1643 1644
###lsm 1645 1644
###lsm 1645 1646
###lsm 1287 1646
###lsm 1287 1235
###lsm 1235 1233
###lsm 1238 1648
###lsm 1238 1649
###lsm 1650 1649
###lsm 1650 1651
###lsm 1648 1647
###lsm 1653 1647
###lsm 1653 1654
###lsm 1655 1654
###lsm 1655 1656
###lsm 1657 1656
###lsm 1657 1658
###lsm 1659 1658
###lsm 1659 1660
###lsm 1661 1660
###lsm 1661 1662
###lsm 1663 1662
###lsm 1663 1664
###lsm 1665 1664
###lsm 1665 1666
###lsm 1667 1666
###lsm 1667 1668
###lsm 1669 1668
###lsm 1669 1670
###lsm 1671 1670
###lsm 1671 1672
###lsm 1673 1672
###lsm 1673 1674
###lsm 1675 1674
###lsm 1675 1676
###lsm 1677 1676
###lsm 1677 1678
###lsm 1679 1678
###lsm 1679 1680
###lsm 1681 1680
###lsm 1681 1682
###lsm 1683 1682
###lsm 1683 1684
###lsm 1685 1684
###lsm 1685 1686
###lsm 1687 1686
###lsm 1687 1688
###lsm 1689 1688
###lsm 1689 1690
###lsm 1691 1690
###lsm 1691 1692
###lsm 1693 1692
###lsm 1693 1694
###lsm 1695 1694
###lsm 1695 1696
###lsm 1694 1692
###lsm 1698 1692
###lsm 1698 1699
###lsm 1700 1699
###lsm 690 1699
###lsm 692 690
###lsm 350 1702
###lsm 350 1703
###lsm 343 350
###lsm 343 1703
###lsm 1382 343
###lsm 1702 1701
###lsm 1704 1701
###lsm 1704 1705
###lsm 1706 1705
###lsm 1706 1707
###lsm 1708 1707
###lsm 1708 1709
###lsm 1710 1709
###lsm 1710 1711
###lsm 1712 1711
###lsm 1712 1713
###lsm 1714 1713
###lsm 1714 1715
###lsm 1716 1715
###lsm 1716 1717
###lsm 1718 1717
###lsm 1718 1719
###lsm 1720 1719
###lsm 1720 1721
###lsm 1722 1721
###lsm 1722 1723
###lsm 1724 1723
###lsm 1724 1725
###lsm 1726 1725
###lsm 1726 1727
###lsm 1728 1727
###lsm 1728 1729
###lsm 1730 1729
###lsm 1730 1731
###lsm 1732 1731
###lsm 1732 1733
###lsm 1734 1733
###lsm 1734 1735
###lsm 1736 1735
###lsm 1736 1737
###lsm 1738 1737
###lsm 1738 1739
###lsm 1740 1739
###lsm 1740 1741
###lsm 1742 1741
###lsm 1742 1743
###lsm 1744 1743
###lsm 1744 1745
###lsm 1746 1745
###lsm 1746 1747
###lsm 1748 1747
###lsm 1748 1749
###lsm 1747 1745
###lsm 399 1745
###lsm 397 399
###lsm 1430 1432
###lsm 1432 960
###lsm 1753 1752
###lsm 1753 1754
###lsm 1755 1754
###lsm 1755 1756
###lsm 1757 1756
###lsm 1757 1758
###lsm 1759 1758
###lsm 1759 1760
###lsm 1761 1760
###lsm 1761 1762
###lsm 1763 1762
###lsm 1763 1764
###lsm 1765 1764
###lsm 1765 1766
###lsm 1767 1766
###lsm 1767 1768
###lsm 1769 1768
###lsm 1769 1770
###lsm 1771 1770
###lsm 1771 1772
###lsm 787 1772
###lsm 785 787
###lsm 1752 1751
###lsm 1773 1751
###lsm 1773 1774
###lsm 1775 1774
###lsm 1775 1776
###lsm 1777 1776
###lsm 1777 1778
###lsm 1779 1778
###lsm 1779 1780
###lsm 1781 1780
###lsm 1781 1782
###lsm 1783 1782
###lsm 1783 1784
###lsm 1785 1784
###lsm 1785 1786
###lsm 1787 1786
###lsm 1787 1788
###lsm 1789 1788
###lsm 1789 1790
###lsm 399 1790
###lsm 1747 399
###lsm 1750 1792
###lsm 1750 1793
###lsm 1794 1793
###lsm 1794 1795
###lsm 1792 1791
###lsm 1797 1791
###lsm 1797 1798
###lsm 1799 1798
###lsm 1799 1800
###lsm 1801 1800
###lsm 1801 1802
###lsm 1803 1802
###lsm 1803 1804
###lsm 1805 1804
###lsm 1805 1806
###lsm 1807 1806
###lsm 1807 1808
###lsm 1809 1808
###lsm 1809 1810
###lsm 1811 1810
###lsm 1811 1812
###lsm 1813 1812
###lsm 1813 1814
###lsm 1815 1814
###lsm 1815 1816
###lsm 1817 1816
###lsm 1817 1818
###lsm 1819 1818
###lsm 1819 1820
###lsm 1821 1820
###lsm 1821 1822
###lsm 1823 1822
###lsm 1823 1824
###lsm 1825 1824
###lsm 1825 1826
###lsm 1827 1826
###lsm 1827 1828
###lsm 1829 1828
###lsm 1829 1830
###lsm 1831 1830
###lsm 1831 1832
###lsm 1833 1832
###lsm 1833 1834
###lsm 796 1834
###lsm 794 796
###lsm 788 790
###lsm 790 794
###lsm 1837 1836
###lsm 1837 1838
###lsm 1839 1838
###lsm 1839 1840
###lsm 1841 1840
###lsm 1841 1842
###lsm 1843 1842
###lsm 1843 1844
###lsm 1845 1844
###lsm 1845 1846
###lsm 1847 1846
###lsm 1847 1848
###lsm 1849 1848
###lsm 1849 1850
###lsm 1851 1850
###lsm 1851 1852
###lsm 1853 1852
###lsm 1853 1854
###lsm 1855 1854
###lsm 1855 1856
###lsm 1857 1856
###lsm 1857 1858
###lsm 1859 1858
###lsm 1859 1860
###lsm 1861 1860
###lsm 1861 1862
###lsm 1836 1835
###lsm 1863 1835
###lsm 1863 1864
###lsm 1865 1864
###lsm 1865 1866
###lsm 1867 1866
###lsm 1867 1868
###lsm 1869 1868
###lsm 1869 1870
###lsm 1871 1870
###lsm 1871 1872
###lsm 1873 1872
###lsm 1873 1874
###lsm 1875 1874
###lsm 1875 1876
###lsm 1877 1876
###lsm 1877 1878
###lsm 1879 1878
###lsm 1879 1880
###lsm 1881 1880
###lsm 1881 396
###lsm 396 394
###lsm 1861 783
###lsm 783 785
###lsm 1884 1883
###lsm 1884 1885
###lsm 1886 1885
###lsm 1886 1887
###lsm 1888 1887
###lsm 1888 1889
###lsm 1890 1889
###lsm 1890 1891
###lsm 1892 1891
###lsm 1892 1893
###lsm 1894 1893
###lsm 1894 1895
###lsm 1896 1895
###lsm 1896 1897
###lsm 1898 1897
###lsm 1898 1899
###lsm 1900 1899
###lsm 1900 1901
###lsm 1902 1901
###lsm 1902 1903
###lsm 1796 1903
###lsm 1794 1796
###lsm 1883 1882
###lsm 1904 1882
###lsm 1904 1905
###lsm 1906 1905
###lsm 1906 1907
###lsm 1908 1907
###lsm 1908 1909
###lsm 1910 1909
###lsm 1910 1911
###lsm 1912 1911
###lsm 1912 1913
###lsm 1914 1913
###lsm 1914 1915
###lsm 1916 1915
###lsm 1916 1917
###lsm 1918 1917
###lsm 1918 1919
###lsm 1920 1919
###lsm 1920 1921
###lsm 1922 1921
###lsm 1922 1923
###lsm 1703 1923
###lsm 1382 1703
###lsm 1358 1356
###lsm 1924 1356
###lsm 1924 1925
###lsm 1926 1925
###lsm 1793 1925
###lsm 1795 1793
###lsm 400 1928
###lsm 400 1929
###lsm 400 1930
###lsm 400 1931
###lsm 400 1932
###lsm 400 1933
###lsm 400 1934
###lsm 400 1935
###lsm 400 1936
###lsm 400 1937
###lsm 400 1938
###lsm 401 400
###lsm 448 446
###lsm 1939 446
###lsm 1939 1940
###lsm 1941 1940
###lsm 1942 1940
###lsm 1942 1943
###lsm 1944 1943
###lsm 1944 1945
###lsm 1944 1946
###lsm 574 1946
###lsm 572 574
###lsm 400 567
###lsm 400 1947
###lsm 1927 400
###lsm 1039 1949
###lsm 1039 1187
###lsm 1187 347
###lsm 347 1039
###lsm 1949 1948
###lsm 1950 1948
###lsm 1950 1951
###lsm 1952 1951
###lsm 1952 1953
###lsm 1954 1953
###lsm 1954 1955
###lsm 1956 1955
###lsm 1956 1957
###lsm 1958 1957
###lsm 1958 1959
###lsm 1960 1959
###lsm 1960 1961
###lsm 1962 1961
###lsm 1962 1963
###lsm 1964 1963
###lsm 1964 1965
###lsm 1966 1965
###lsm 1966 1967
###lsm 1968 1967
###lsm 1968 1969
###lsm 1970 1969
###lsm 1970 1971
###lsm 1972 1971
###lsm 1972 1973
###lsm 1974 1973
###lsm 1974 1975
###lsm 1976 1975
###lsm 1976 1977
###lsm 1978 1977
###lsm 1978 1979
###lsm 1980 1979
###lsm 1980 1981
###lsm 1982 1981
###lsm 1982 1983
###lsm 1984 1983
###lsm 1984 1985
###lsm 1986 1985
###lsm 1986 1987
###lsm 1988 1987
###lsm 1988 1989
###lsm 1478 1989
###lsm 1476 1478
###lsm 1086 1088
###lsm 1088 1476
###lsm 1651 1649
###lsm 1990 1649
###lsm 1990 1991
###lsm 1860 1858
###lsm 1697 1858
###lsm 1695 1697
###lsm 342 346
###lsm 342 1992
###lsm 342 1993
###lsm 342 1994
###lsm 342 1995
###lsm 342 1996
###lsm 342 1997
###lsm 342 1998
###lsm 342 1999
###lsm 342 2000
###lsm 342 2001
###lsm 342 2002
###lsm 541 342
###lsm 60 542
###lsm 60 2003
###lsm 538 60
###lsm 534 58
###lsm 58 540
###lsm 2006 2005
###lsm 2006 2007
###lsm 2008 2007
###lsm 2008 2009
###lsm 2010 2009
###lsm 2010 2011
###lsm 2012 2011
###lsm 2012 2013
###lsm 2014 2013
###lsm 2014 2015
###lsm 2016 2015
###lsm 2016 2017
###lsm 2018 2017
###lsm 2018 2019
###lsm 2020 2019
###lsm 2020 2021
###lsm 2022 2021
###lsm 2022 2023
###lsm 2024 2023
###lsm 2024 2025
###lsm 2026 2025
###lsm 2026 2027
###lsm 2028 2027
###lsm 2028 2029
###lsm 760 2029
###lsm 291 760
###lsm 2005 2004
###lsm 2030 2004
###lsm 2030 2031
###lsm 2032 2031
###lsm 2032 2033
###lsm 2034 2033
###lsm 2034 2035
###lsm 2036 2035
###lsm 2036 2037
###lsm 2038 2037
###lsm 2038 2039
###lsm 2040 2039
###lsm 2040 2041
###lsm 2042 2041
###lsm 2042 2043
###lsm 2044 2043
###lsm 2044 2045
###lsm 2046 2045
###lsm 2046 2047
###lsm 1697 2047
###lsm 1860 1697
###lsm 2050 2049
###lsm 2050 2051
###lsm 2052 2051
###lsm 2052 2053
###lsm 2054 2053
###lsm 2054 2055
###lsm 2056 2055
###lsm 2056 2057
###lsm 2058 2057
###lsm 2058 2059
###lsm 2060 2059
###lsm 2060 2061
###lsm 2062 2061
###lsm 2062 2063
###lsm 2064 2063
###lsm 2064 2065
###lsm 2066 2065
###lsm 2066 2067
###lsm 2068 2067
###lsm 2068 2069
###lsm 2070 2069
###lsm 2070 2071
###lsm 2072 2071
###lsm 2072 610
###lsm 459 610
###lsm 610 453
###lsm 453 459
###lsm 2049 2048
###lsm 2073 2048
###lsm 2073 2074
###lsm 2075 2074
###lsm 2075 2076
###lsm 2077 2076
###lsm 2077 2078
###lsm 2079 2078
###lsm 2079 2080
###lsm 2081 2080
###lsm 2081 2082
###lsm 2083 2082
###lsm 2083 2084
###lsm 2085 2084
###lsm 2085 2086
###lsm 2087 2086
###lsm 2087 2088
###lsm 2089 2088
###lsm 2089 2090
###lsm 1523 2090
###lsm 1523 2091
###lsm 2092 2091
###lsm 2092 2093
###lsm 2093 2091
###lsm 2095 2091
###lsm 2095 2096
###lsm 2099 2098
###lsm 2099 2100
###lsm 2101 2100
###lsm 2101 2102
###lsm 2103 2102
###lsm 2103 2104
###lsm 2105 2104
###lsm 2105 2106
###lsm 2107 2106
###lsm 2107 2108
###lsm 2109 2108
###lsm 2109 2110
###lsm 2111 2110
###lsm 2111 2112
###lsm 2113 2112
###lsm 2113 2114
###lsm 2115 2114
###lsm 2115 2116
###lsm 2117 2116
###lsm 2117 2118
###lsm 2119 2118
###lsm 2119 2120
###lsm 2121 2120
###lsm 2121 2122
###lsm 453 2122
###lsm 454 453
###lsm 2098 2097
###lsm 2123 2097
###lsm 2123 2124
###lsm 2125 2124
###lsm 2125 2126
###lsm 2127 2126
###lsm 2127 2128
###lsm 2129 2128
###lsm 2129 2130
###lsm 2131 2130
###lsm 2131 2132
###lsm 2133 2132
###lsm 2133 2134
###lsm 2135 2134
###lsm 2135 2136
###lsm 2137 2136
###lsm 2137 2138
###lsm 2139 2138
###lsm 2139 2140
###lsm 561 2140
###lsm 561 2141
###lsm 2142 2141
###lsm 2142 2143
###lsm 2143 2141
###lsm 2145 2141
###lsm 2145 2146
###lsm 2121 453
###lsm 453 607
###lsm 1520 1524
###lsm 2147 1524
###lsm 2147 2148
###lsm 2149 2148
###lsm 2149 2150
###lsm 2151 2150
###lsm 2151 2152
###lsm 2153 2152
###lsm 2153 2154
###lsm 2155 2154
###lsm 2155 2156
###lsm 2157 2156
###lsm 2157 2158
###lsm 2159 2158
###lsm 2159 2160
###lsm 2161 2160
###lsm 2161 2162
###lsm 2163 2162
###lsm 2163 2164
###lsm 2165 2164
###lsm 2165 2166
###lsm 2167 2166
###lsm 2167 2168
###lsm 2169 2168
###lsm 2169 2170
###lsm 2171 2170
###lsm 2171 2172
###lsm 2173 2172
###lsm 2173 2174
###lsm 2175 2174
###lsm 2175 2176
###lsm 2177 2176
###lsm 2177 2178
###lsm 2179 2178
###lsm 2179 2180
###lsm 2181 2180
###lsm 2181 2182
###lsm 2183 2182
###lsm 2183 2184
###lsm 2185 2184
###lsm 2185 2186
###lsm 2187 2186
###lsm 2187 2188
###lsm 611 2188
###lsm 609 611
###lsm 1694 1698
###lsm 2189 1698
###lsm 2189 2190
###lsm 2191 2190
###lsm 2191 2192
###lsm 2193 2192
###lsm 2193 2194
###lsm 2195 2194
###lsm 2195 2196
###lsm 2197 2196
###lsm 2197 2198
###lsm 2199 2198
###lsm 2199 2200
###lsm 2201 2200
###lsm 2201 2202
###lsm 2203 2202
###lsm 2203 2204
###lsm 2205 2204
###lsm 2205 2206
###lsm 2207 2206
###lsm 2207 2208
###lsm 2209 2208
###lsm 2209 2210
###lsm 2211 2210
###lsm 2211 2212
###lsm 2213 2212
###lsm 2213 2214
###lsm 2215 2214
###lsm 2215 2216
###lsm 2217 2216
###lsm 2217 2218
###lsm 2219 2218
###lsm 2219 2220
###lsm 2221 2220
###lsm 2221 2222
###lsm 2223 2222
###lsm 2223 2224
###lsm 2225 2224
###lsm 2225 2226
###lsm 2227 2226
###lsm 2227 2228
###lsm 2229 2228
###lsm 2229 2230
###lsm 2231 2230
###lsm 2231 457
###lsm 2029 457
###lsm 457 291
###lsm 291 2029
###lsm 795 793
###lsm 2232 793
###lsm 2232 2233
###lsm 2234 2236
###lsm 2234 2237
###lsm 2238 2237
###lsm 2238 2239
###lsm 2236 2235
###lsm 2241 2235
###lsm 2241 2242
###lsm 2243 2242
###lsm 2243 2244
###lsm 2245 2244
###lsm 2245 2246
###lsm 2247 2246
###lsm 2247 2248
###lsm 2249 2248
###lsm 2249 2250
###lsm 2251 2250
###lsm 2251 2252
###lsm 2253 2252
###lsm 2253 2254
###lsm 2255 2254
###lsm 2255 2256
###lsm 2257 2256
###lsm 2257 2258
###lsm 2259 2258
###lsm 2259 2260
###lsm 2261 2260
###lsm 2261 2262
###lsm 2263 2262
###lsm 2263 2264
###lsm 2265 2264
###lsm 2265 2266
###lsm 2267 2266
###lsm 2267 2268
###lsm 2269 2268
###lsm 2269 2270
###lsm 2271 2270
###lsm 2271 2272
###lsm 2273 2272
###lsm 2273 2274
###lsm 2275 2274
###lsm 2275 2276
###lsm 2277 2276
###lsm 2277 2278
###lsm 2279 2278
###lsm 2279 2280
###lsm 764 2280
###lsm 762 764
###lsm 894 892
###lsm 2281 892
###lsm 2281 2282
###lsm 349 348
###lsm 2283 348
###lsm 2283 2284
###lsm 2285 2284
###lsm 2285 2286
###lsm 2287 2286
###lsm 2287 2288
###lsm 2289 2288
###lsm 2289 2290
###lsm 2291 2290
###lsm 2291 2292
###lsm 2293 2292
###lsm 2293 2294
###lsm 2295 2294
###lsm 2295 2296
###lsm 2297 2296
###lsm 2297 2298
###lsm 2299 2298
###lsm 2299 2300
###lsm 2301 2300
###lsm 2301 2302
###lsm 2303 2302
###lsm 2303 2304
###lsm 2305 2304
###lsm 2305 2306
###lsm 2307 2306
###lsm 2307 2308
###lsm 2309 2308
###lsm 2309 2310
###lsm 2311 2310
###lsm 2311 2312
###lsm 2313 2312
###lsm 2313 2314
###lsm 2315 2314
###lsm 2315 2316
###lsm 2317 2316
###lsm 2317 2318
###lsm 2319 2318
###lsm 2319 2320
###lsm 2321 2320
###lsm 2321 2322
###lsm 2323 2322
###lsm 2323 2324
###lsm 1652 2324
###lsm 1650 1652
###lsm 1236 1238
###lsm 1238 1650
###lsm 1163 1161
###lsm 2325 1161
###lsm 2325 2326
###lsm 2327 2326
###lsm 1475 2326
###lsm 1477 1475
###lsm 1990 1881
###lsm 1881 394
###lsm 2281 337
###lsm 337 339
###lsm 1358 1924
###lsm 2328 1924
###lsm 2328 2329
###lsm 2330 2329
###lsm 2330 2331
###lsm 2332 2331
###lsm 2332 2333
###lsm 2334 2333
###lsm 2334 2335
###lsm 2336 2335
###lsm 2336 2337
###lsm 2338 2337
###lsm 2338 2339
###lsm 2340 2339
###lsm 2340 2341
###lsm 2342 2341
###lsm 2342 2343
###lsm 2344 2343
###lsm 2344 2345
###lsm 2346 2345
###lsm 2346 2347
###lsm 2348 2347
###lsm 2348 2349
###lsm 2350 2349
###lsm 2350 2351
###lsm 2352 2351
###lsm 2352 2353
###lsm 2354 2353
###lsm 2354 2355
###lsm 2356 2355
###lsm 2356 2357
###lsm 2358 2357
###lsm 2358 2359
###lsm 2360 2359
###lsm 2360 2361
###lsm 2362 2361
###lsm 2362 2363
###lsm 2364 2363
###lsm 2364 2365
###lsm 2366 2365
###lsm 2366 2367
###lsm 2240 2367
###lsm 2238 2240
###lsm 2232 2234
###lsm 2234 2238
###lsm 2370 2369
###lsm 2370 2371
###lsm 2372 2371
###lsm 2372 2373
###lsm 2374 2373
###lsm 2374 2375
###lsm 2376 2375
###lsm 2376 2377
###lsm 2378 2377
###lsm 2378 2379
###lsm 2380 2379
###lsm 2380 2381
###lsm 2382 2381
###lsm 2382 2383
###lsm 2384 2383
###lsm 2384 2385
###lsm 2386 2385
###lsm 2386 2387
###lsm 2388 2387
###lsm 2388 2389
###lsm 2144 2389
###lsm 2142 2144
###lsm 2369 2368
###lsm 2390 2368
###lsm 2390 2391
###lsm 2392 2391
###lsm 2392 2393
###lsm 2394 2393
###lsm 2394 2395
###lsm 2396 2395
###lsm 2396 2397
###lsm 2398 2397
###lsm 2398 2399
###lsm 2400 2399
###lsm 2400 2401
###lsm 2402 2401
###lsm 2402 2403
###lsm 2404 2403
###lsm 2404 2405
###lsm 2406 2405
###lsm 2406 2407
###lsm 1939 2407
###lsm 448 1939
###lsm 1134 451
###lsm 2408 451
###lsm 2408 2409
###lsm 2410 2409
###lsm 2410 2411
###lsm 2412 2411
###lsm 2412 2413
###lsm 2414 2413
###lsm 2414 2415
###lsm 2416 2415
###lsm 2416 2417
###lsm 2418 2417
###lsm 2418 2419
###lsm 2420 2419
###lsm 2420 2421
###lsm 2422 2421
###lsm 2422 2423
###lsm 2424 2423
###lsm 2424 2425
###lsm 2426 2425
###lsm 2426 2427
###lsm 2428 2427
###lsm 2428 2429
###lsm 2430 2429
###lsm 2430 2431
###lsm 2432 2431
###lsm 2432 2433
###lsm 2434 2433
###lsm 2434 2435
###lsm 2436 2435
###lsm 2436 2437
###lsm 2438 2437
###lsm 2438 2439
###lsm 2440 2439
###lsm 2440 2441
###lsm 2442 2441
###lsm 2442 2443
###lsm 2444 2443
###lsm 2444 2445
###lsm 2446 2445
###lsm 2446 2447
###lsm 634 2447
###lsm 632 634
###lsm 2145 630
###lsm 630 632
###lsm 1163 2325
###lsm 2448 2325
###lsm 2448 2449
###lsm 2450 2449
###lsm 2450 2451
###lsm 2452 2451
###lsm 2452 2453
###lsm 2454 2453
###lsm 2454 2455
###lsm 2456 2455
###lsm 2456 2457
###lsm 2458 2457
###lsm 2458 2459
###lsm 2460 2459
###lsm 2460 2461
###lsm 2462 2461
###lsm 2462 2463
###lsm 2464 2463
###lsm 2464 2465
###lsm 2466 2465
###lsm 2466 2467
###lsm 2468 2467
###lsm 2468 2469
###lsm 2470 2469
###lsm 2470 2471
###lsm 2472 2471
###lsm 2472 2473
###lsm 2474 2473
###lsm 2474 2475
###lsm 2476 2475
###lsm 2476 2477
###lsm 2478 2477
###lsm 2478 2479
###lsm 2480 2479
###lsm 2480 2481
###lsm 2482 2481
###lsm 2482 2483
###lsm 2484 2483
###lsm 2484 2485
###lsm 2486 2485
###lsm 2486 2487
###lsm 2094 2487
###lsm 2092 2094
###lsm 1521 1523
###lsm 1523 2092
###lsm 635 637
###lsm 637 641
###lsm 559 561
###lsm 561 2142
###lsm 1748 1750
###lsm 1750 1794
###lsm 2490 2489
###lsm 2490 2491
###lsm 2492 2491
###lsm 2492 2493
###lsm 2494 2493
###lsm 2494 2495
###lsm 2496 2495
###lsm 2496 2497
###lsm 2498 2497
###lsm 2498 2499
###lsm 2500 2499
###lsm 2500 2501
###lsm 2502 2501
###lsm 2502 2503
###lsm 2504 2503
###lsm 2504 2505
###lsm 2506 2505
###lsm 2506 2507
###lsm 2508 2507
###lsm 2508 2509
###lsm 507 2509
###lsm 505 507
###lsm 2489 2488
###lsm 2510 2488
###lsm 2510 2511
###lsm 2512 2511
###lsm 2512 2513
###lsm 2514 2513
###lsm 2514 2515
###lsm 2516 2515
###lsm 2516 2517
###lsm 2518 2517
###lsm 2518 2519
###lsm 2520 2519
###lsm 2520 2521
###lsm 2522 2521
###lsm 2522 2523
###lsm 2524 2523
###lsm 2524 2525
###lsm 2526 2525
###lsm 2526 2527
###lsm 1166 2527
###lsm 1284 1166
###lsm 685 687
###lsm 687 691
###lsm 882 884
###lsm 882 2528
###lsm 2529 2528
###lsm 2237 2528
###lsm 2239 2237
###lsm 2095 503
###lsm 503 505
###lsm 1135 1137
###lsm 1137 1083
###lsm 1285 1287
###lsm 1287 1233
###lsm 289 508
###lsm 289 2530
###lsm 289 2531
###lsm 289 2532
###lsm 289 2533
###lsm 289 2534
###lsm 289 2535
###lsm 289 2536
###lsm 289 2537
###lsm 289 2538
###lsm 289 2539
###lsm 289 2540
###lsm 289 2541
###lsm 289 2542
###lsm 292 289
###lsm 452 2544
###lsm 452 2545
###lsm 565 452
###lsm 452 2546
###lsm 562 168
###lsm 168 566
###lsm 552 166
###lsm 166 564
###lsm 452 456
###lsm 452 2547
###lsm 452 2548
###lsm 452 2549
###lsm 452 2550
###lsm 452 2551
###lsm 452 2552
###lsm 452 2553
###lsm 2543 452
###lsm 289 2554
###lsm 2554 343
###lsm 2557 453
###lsm 2557 400
###lsm 2559 400
###lsm 584 2560
###lsm 584 2561
###lsm 582 2561
###lsm 582 2562
###lsm 613 2562
###lsm 613 2563
###lsm 615 2563
###lsm 615 2564
###lsm 617 2564
###lsm 617 2565
###lsm 619 2565
###lsm 619 2566
###lsm 621 2566
###lsm 621 2567
###lsm 623 2567
###lsm 623 2568
###lsm 625 2568
###lsm 625 2569
###lsm 627 2569
###lsm 627 2570
###lsm 629 2570
###lsm 629 2571
###lsm 631 2571
###lsm 631 2572
###lsm 636 2572
###lsm 636 2573
###lsm 637 2573
###lsm 637 2574
###lsm 638 2574
###lsm 638 2575
###lsm 645 2575
###lsm 645 2576
###lsm 647 2576
###lsm 647 2577
###lsm 649 2577
###lsm 649 2578
###lsm 651 2578
###lsm 651 2579
###lsm 653 2579
###lsm 653 2580
###lsm 655 2580
###lsm 655 2581
###lsm 657 2581
###lsm 657 2582
###lsm 659 2582
###lsm 659 2583
###lsm 661 2583
###lsm 661 2584
###lsm 663 2584
###lsm 663 2585
###lsm 665 2585
###lsm 665 2586
###lsm 667 2586
###lsm 667 2587
###lsm 669 2587
###lsm 669 2588
###lsm 671 2588
###lsm 671 2589
###lsm 673 2589
###lsm 673 2590
###lsm 675 2590
###lsm 675 2591
###lsm 677 2591
###lsm 677 2592
###lsm 679 2592
###lsm 679 2593
###lsm 681 2593
###lsm 681 2594
###lsm 683 2594
###lsm 683 2595
###lsm 608 2595
###lsm 608 2596
###lsm 606 2596
###lsm 606 2597
###lsm 604 2597
###lsm 604 2598
###lsm 602 2598
###lsm 602 2599
###lsm 600 2599
###lsm 600 2600
###lsm 598 2600
###lsm 598 2601
###lsm 596 2601
###lsm 596 2602
###lsm 594 2602
###lsm 594 2603
###lsm 592 2603
###lsm 592 2604
###lsm 590 2604
###lsm 590 2605
###lsm 588 2605
###lsm 588 2606
###lsm 586 2606
###lsm 2560 586
###lsm 482 2607
###lsm 482 2608
###lsm 484 2608
###lsm 484 2609
###lsm 486 2609
###lsm 486 2610
###lsm 488 2610
###lsm 488 2611
###lsm 490 2611
###lsm 490 2612
###lsm 492 2612
###lsm 492 2613
###lsm 494 2613
###lsm 494 2614
###lsm 496 2614
###lsm 496 2615
###lsm 498 2615
###lsm 498 2616
###lsm 500 2616
###lsm 500 2617
###lsm 502 2617
###lsm 502 2618
###lsm 504 2618
###lsm 504 2619
###lsm 686 2619
###lsm 686 2620
###lsm 687 2620
###lsm 687 2621
###lsm 688 2621
###lsm 688 2622
###lsm 695 2622
###lsm 695 2623
###lsm 697 2623
###lsm 697 2624
###lsm 699 2624
###lsm 699 2625
###lsm 701 2625
###lsm 701 2626
###lsm 703 2626
###lsm 703 2627
###lsm 705 2627
###lsm 705 2628
###lsm 707 2628
###lsm 707 2629
###lsm 709 2629
###lsm 709 2630
###lsm 711 2630
###lsm 711 2631
###lsm 713 2631
###lsm 713 2632
###lsm 715 2632
###lsm 715 2633
###lsm 717 2633
###lsm 717 2634
###lsm 719 2634
###lsm 719 2635
###lsm 721 2635
###lsm 721 2636
###lsm 723 2636
###lsm 723 2637
###lsm 725 2637
###lsm 725 2638
###lsm 727 2638
###lsm 727 2639
###lsm 729 2639
###lsm 729 2640
###lsm 731 2640
###lsm 731 2641
###lsm 733 2641
###lsm 733 2642
###lsm 458 2642
###lsm 458 2643
###lsm 460 2643
###lsm 460 2644
###lsm 462 2644
###lsm 462 2645
###lsm 464 2645
###lsm 464 2646
###lsm 466 2646
###lsm 466 2647
###lsm 468 2647
###lsm 468 2648
###lsm 470 2648
###lsm 470 2649
###lsm 472 2649
###lsm 472 2650
###lsm 474 2650
###lsm 474 2651
###lsm 476 2651
###lsm 476 2652
###lsm 478 2652
###lsm 478 2653
###lsm 480 2653
###lsm 2607 480
###lsm 737 2654
###lsm 737 2655
###lsm 735 2655
###lsm 735 2656
###lsm 766 2656
###lsm 766 2657
###lsm 768 2657
###lsm 768 2658
###lsm 770 2658
###lsm 770 2659
###lsm 772 2659
###lsm 772 2660
###lsm 774 2660
###lsm 774 2661
###lsm 776 2661
###lsm 776 2662
###lsm 778 2662
###lsm 778 2663
###lsm 780 2663
###lsm 780 2664
###lsm 782 2664
###lsm 782 2665
###lsm 784 2665
###lsm 784 2666
###lsm 789 2666
###lsm 789 2667
###lsm 790 2667
###lsm 790 2668
###lsm 791 2668
###lsm 791 2669
###lsm 798 2669
###lsm 798 2670
###lsm 800 2670
###lsm 800 2671
###lsm 802 2671
###lsm 802 2672
###lsm 804 2672
###lsm 804 2673
###lsm 806 2673
###lsm 806 2674
###lsm 808 2674
###lsm 808 2675
###lsm 810 2675
###lsm 810 2676
###lsm 812 2676
###lsm 812 2677
###lsm 814 2677
###lsm 814 2678
###lsm 816 2678
###lsm 816 2679
###lsm 818 2679
###lsm 818 2680
###lsm 820 2680
###lsm 820 2681
###lsm 822 2681
###lsm 822 2682
###lsm 824 2682
###lsm 824 2683
###lsm 826 2683
###lsm 826 2684
###lsm 828 2684
###lsm 828 2685
###lsm 830 2685
###lsm 830 2686
###lsm 832 2686
###lsm 832 2687
###lsm 834 2687
###lsm 834 2688
###lsm 836 2688
###lsm 836 2689
###lsm 761 2689
###lsm 761 2690
###lsm 759 2690
###lsm 759 2691
###lsm 757 2691
###lsm 757 2692
###lsm 755 2692
###lsm 755 2693
###lsm 753 2693
###lsm 753 2694
###lsm 751 2694
###lsm 751 2695
###lsm 749 2695
###lsm 749 2696
###lsm 747 2696
###lsm 747 2697
###lsm 745 2697
###lsm 745 2698
###lsm 743 2698
###lsm 743 2699
###lsm 741 2699
###lsm 741 2700
###lsm 739 2700
###lsm 2654 739
###lsm 840 2701
###lsm 840 2702
###lsm 838 2702
###lsm 838 2703
###lsm 865 2703
###lsm 865 2704
###lsm 867 2704
###lsm 867 2705
###lsm 869 2705
###lsm 869 2706
###lsm 871 2706
###lsm 871 2707
###lsm 873 2707
###lsm 873 2708
###lsm 875 2708
###lsm 875 2709
###lsm 877 2709
###lsm 877 2710
###lsm 879 2710
###lsm 879 2711
###lsm 881 2711
###lsm 881 2712
###lsm 883 2712
###lsm 883 2713
###lsm 888 2713
###lsm 888 2714
###lsm 889 2714
###lsm 889 2715
###lsm 890 2715
###lsm 890 2716
###lsm 897 2716
###lsm 897 2717
###lsm 899 2717
###lsm 899 2718
###lsm 901 2718
###lsm 901 2719
###lsm 903 2719
###lsm 903 2720
###lsm 905 2720
###lsm 905 2721
###lsm 907 2721
###lsm 907 2722
###lsm 909 2722
###lsm 909 2723
###lsm 911 2723
###lsm 911 2724
###lsm 913 2724
###lsm 913 2725
###lsm 915 2725
###lsm 915 2726
###lsm 917 2726
###lsm 917 2727
###lsm 919 2727
###lsm 919 2728
###lsm 921 2728
###lsm 921 2729
###lsm 923 2729
###lsm 923 2730
###lsm 925 2730
###lsm 925 2731
###lsm 927 2731
###lsm 927 2732
###lsm 929 2732
###lsm 929 2733
###lsm 931 2733
###lsm 931 2734
###lsm 933 2734
###lsm 933 2735
###lsm 935 2735
###lsm 935 2736
###lsm 863 2736
###lsm 863 2737
###lsm 862 2737
###lsm 862 2738
###lsm 860 2738
###lsm 860 2739
###lsm 858 2739
###lsm 858 2740
###lsm 856 2740
###lsm 856 2741
###lsm 854 2741
###lsm 854 2742
###lsm 852 2742
###lsm 852 2743
###lsm 850 2743
###lsm 850 2744
###lsm 848 2744
###lsm 848 2745
###lsm 846 2745
###lsm 846 2746
###lsm 844 2746
###lsm 844 2747
###lsm 842 2747
###lsm 2701 842
###lsm 939 2748
###lsm 939 2749
###lsm 937 2749
###lsm 937 2750
###lsm 967 2750
###lsm 967 2751
###lsm 969 2751
###lsm 969 2752
###lsm 971 2752
###lsm 971 2753
###lsm 973 2753
###lsm 973 2754
###lsm 975 2754
###lsm 975 2755
###lsm 977 2755
###lsm 977 2756
###lsm 979 2756
###lsm 979 2757
###lsm 981 2757
###lsm 981 2758
###lsm 983 2758
###lsm 983 2759
###lsm 985 2759
###lsm 985 2760
###lsm 987 2760
###lsm 987 2761
###lsm 989 2761
###lsm 989 2762
###lsm 991 2762
###lsm 991 2763
###lsm 993 2763
###lsm 993 2764
###lsm 995 2764
###lsm 995 2765
###lsm 997 2765
###lsm 997 2766
###lsm 999 2766
###lsm 999 2767
###lsm 1001 2767
###lsm 1001 2768
###lsm 1003 2768
###lsm 1003 2769
###lsm 1005 2769
###lsm 1005 2770
###lsm 1007 2770
###lsm 1007 2771
###lsm 1009 2771
###lsm 1009 2772
###lsm 1011 2772
###lsm 1011 2773
###lsm 1013 2773
###lsm 1013 2774
###lsm 1015 2774
###lsm 1015 2775
###lsm 1017 2775
###lsm 1017 2776
###lsm 1019 2776
###lsm 1019 2777
###lsm 1021 2777
###lsm 1021 2778
###lsm 1023 2778
###lsm 1023 2779
###lsm 1025 2779
###lsm 1025 2780
###lsm 1027 2780
###lsm 1027 2781
###lsm 1029 2781
###lsm 1029 2782
###lsm 1031 2782
###lsm 1031 2783
###lsm 963 2783
###lsm 963 2784
###lsm 961 2784
###lsm 961 2785
###lsm 959 2785
###lsm 959 2786
###lsm 957 2786
###lsm 957 2787
###lsm 955 2787
###lsm 955 2788
###lsm 953 2788
###lsm 953 2789
###lsm 951 2789
###lsm 951 2790
###lsm 949 2790
###lsm 949 2791
###lsm 947 2791
###lsm 947 2792
###lsm 945 2792
###lsm 945 2793
###lsm 943 2793
###lsm 943 2794
###lsm 941 2794
###lsm 2748 941
###lsm 425 2795
###lsm 425 2796
###lsm 423 2796
###lsm 423 2797
###lsm 421 2797
###lsm 421 2798
###lsm 419 2798
###lsm 419 2799
###lsm 417 2799
###lsm 417 2800
###lsm 415 2800
###lsm 415 2801
###lsm 413 2801
###lsm 413 2802
###lsm 411 2802
###lsm 411 2803
###lsm 409 2803
###lsm 409 2804
###lsm 407 2804
###lsm 407 2805
###lsm 405 2805
###lsm 405 2806
###lsm 403 2806
###lsm 403 2807
###lsm 1037 2807
###lsm 1037 2808
###lsm 1090 2808
###lsm 1090 2809
###lsm 1092 2809
###lsm 1092 2810
###lsm 1094 2810
###lsm 1094 2811
###lsm 1096 2811
###lsm 1096 2812
###lsm 1098 2812
###lsm 1098 2813
###lsm 1100 2813
###lsm 1100 2814
###lsm 1102 2814
###lsm 1102 2815
###lsm 1104 2815
###lsm 1104 2816
###lsm 1106 2816
###lsm 1106 2817
###lsm 1108 2817
###lsm 1108 2818
###lsm 1110 2818
###lsm 1110 2819
###lsm 1112 2819
###lsm 1112 2820
###lsm 1114 2820
###lsm 1114 2821
###lsm 1116 2821
###lsm 1116 2822
###lsm 1118 2822
###lsm 1118 2823
###lsm 1120 2823
###lsm 1120 2824
###lsm 1122 2824
###lsm 1122 2825
###lsm 1124 2825
###lsm 1124 2826
###lsm 1126 2826
###lsm 1126 2827
###lsm 1128 2827
###lsm 1128 2828
###lsm 1130 2828
###lsm 1130 2829
###lsm 1132 2829
###lsm 1132 2830
###lsm 449 2830
###lsm 449 2831
###lsm 447 2831
###lsm 447 2832
###lsm 445 2832
###lsm 445 2833
###lsm 443 2833
###lsm 443 2834
###lsm 441 2834
###lsm 441 2835
###lsm 439 2835
###lsm 439 2836
###lsm 437 2836
###lsm 437 2837
###lsm 435 2837
###lsm 435 2838
###lsm 433 2838
###lsm 433 2839
###lsm 431 2839
###lsm 431 2840
###lsm 429 2840
###lsm 429 2841
###lsm 427 2841
###lsm 2795 427
###lsm 1140 2842
###lsm 1140 2843
###lsm 1138 2843
###lsm 1138 2844
###lsm 1168 2844
###lsm 1168 2845
###lsm 1170 2845
###lsm 1170 2846
###lsm 1172 2846
###lsm 1172 2847
###lsm 1174 2847
###lsm 1174 2848
###lsm 1176 2848
###lsm 1176 2849
###lsm 1178 2849
###lsm 1178 2850
###lsm 1180 2850
###lsm 1180 2851
###lsm 1182 2851
###lsm 1182 2852
###lsm 1184 2852
###lsm 1184 2853
###lsm 1186 2853
###lsm 1186 2854
###lsm 1188 2854
###lsm 1188 2855
###lsm 1240 2855
###lsm 1240 2856
###lsm 1242 2856
###lsm 1242 2857
###lsm 1244 2857
###lsm 1244 2858
###lsm 1246 2858
###lsm 1246 2859
###lsm 1248 2859
###lsm 1248 2860
###lsm 1250 2860
###lsm 1250 2861
###lsm 1252 2861
###lsm 1252 2862
###lsm 1254 2862
###lsm 1254 2863
###lsm 1256 2863
###lsm 1256 2864
###lsm 1258 2864
###lsm 1258 2865
###lsm 1260 2865
###lsm 1260 2866
###lsm 1262 2866
###lsm 1262 2867
###lsm 1264 2867
###lsm 1264 2868
###lsm 1266 2868
###lsm 1266 2869
###lsm 1268 2869
###lsm 1268 2870
###lsm 1270 2870
###lsm 1270 2871
###lsm 1272 2871
###lsm 1272 2872
###lsm 1274 2872
###lsm 1274 2873
###lsm 1276 2873
###lsm 1276 2874
###lsm 1278 2874
###lsm 1278 2875
###lsm 1280 2875
###lsm 1280 2876
###lsm 1282 2876
###lsm 1282 2877
###lsm 1164 2877
###lsm 1164 2878
###lsm 1162 2878
###lsm 1162 2879
###lsm 1160 2879
###lsm 1160 2880
###lsm 1158 2880
###lsm 1158 2881
###lsm 1156 2881
###lsm 1156 2882
###lsm 1154 2882
###lsm 1154 2883
###lsm 1152 2883
###lsm 1152 2884
###lsm 1150 2884
###lsm 1150 2885
###lsm 1148 2885
###lsm 1148 2886
###lsm 1146 2886
###lsm 1146 2887
###lsm 1144 2887
###lsm 1144 2888
###lsm 1142 2888
###lsm 2842 1142
###lsm 1290 2889
###lsm 1290 2890
###lsm 1288 2890
###lsm 1288 2891
###lsm 1311 2891
###lsm 1311 2892
###lsm 1313 2892
###lsm 1313 2893
###lsm 1315 2893
###lsm 1315 2894
###lsm 1317 2894
###lsm 1317 2895
###lsm 1319 2895
###lsm 1319 2896
###lsm 1321 2896
###lsm 1321 2897
###lsm 1323 2897
###lsm 1323 2898
###lsm 1325 2898
###lsm 1325 2899
###lsm 1327 2899
###lsm 1327 2900
###lsm 1033 2900
###lsm 1033 2901
###lsm 1035 2901
###lsm 1035 2902
###lsm 1036 2902
###lsm 1036 2903
###lsm 535 2903
###lsm 535 2904
###lsm 533 2904
###lsm 533 2905
###lsm 532 2905
###lsm 532 2906
###lsm 531 2906
###lsm 531 2907
###lsm 530 2907
###lsm 530 2908
###lsm 529 2908
###lsm 529 2909
###lsm 528 2909
###lsm 528 2910
###lsm 527 2910
###lsm 527 2911
###lsm 526 2911
###lsm 526 2912
###lsm 525 2912
###lsm 525 2913
###lsm 524 2913
###lsm 524 2914
###lsm 523 2914
###lsm 523 2915
###lsm 522 2915
###lsm 522 2916
###lsm 521 2916
###lsm 521 2917
###lsm 520 2917
###lsm 520 2918
###lsm 519 2918
###lsm 519 2919
###lsm 518 2919
###lsm 518 2920
###lsm 517 2920
###lsm 517 2921
###lsm 515 2921
###lsm 515 2922
###lsm 516 2922
###lsm 516 2923
###lsm 1329 2923
###lsm 1329 2924
###lsm 1331 2924
###lsm 1331 2925
###lsm 340 2925
###lsm 340 2926
###lsm 341 2926
###lsm 341 2927
###lsm 1308 2927
###lsm 1308 2928
###lsm 1306 2928
###lsm 1306 2929
###lsm 1304 2929
###lsm 1304 2930
###lsm 1302 2930
###lsm 1302 2931
###lsm 1300 2931
###lsm 1300 2932
###lsm 1298 2932
###lsm 1298 2933
###lsm 1296 2933
###lsm 1296 2934
###lsm 1294 2934
###lsm 1294 2935
###lsm 1292 2935
###lsm 2889 1292
###lsm 1335 2936
###lsm 1335 2937
###lsm 1333 2937
###lsm 1333 2938
###lsm 1363 2938
###lsm 1363 2939
###lsm 1365 2939
###lsm 1365 2940
###lsm 1367 2940
###lsm 1367 2941
###lsm 1369 2941
###lsm 1369 2942
###lsm 1371 2942
###lsm 1371 2943
###lsm 1373 2943
###lsm 1373 2944
###lsm 1375 2944
###lsm 1375 2945
###lsm 1377 2945
###lsm 1377 2946
###lsm 1379 2946
###lsm 1379 2947
###lsm 1381 2947
###lsm 1381 2948
###lsm 1383 2948
###lsm 1383 2949
###lsm 1385 2949
###lsm 1385 2950
###lsm 1387 2950
###lsm 1387 2951
###lsm 1389 2951
###lsm 1389 2952
###lsm 1391 2952
###lsm 1391 2953
###lsm 1393 2953
###lsm 1393 2954
###lsm 1395 2954
###lsm 1395 2955
###lsm 1397 2955
###lsm 1397 2956
###lsm 1399 2956
###lsm 1399 2957
###lsm 1401 2957
###lsm 1401 2958
###lsm 1403 2958
###lsm 1403 2959
###lsm 1405 2959
###lsm 1405 2960
###lsm 1407 2960
###lsm 1407 2961
###lsm 1409 2961
###lsm 1409 2962
###lsm 1411 2962
###lsm 1411 2963
###lsm 1413 2963
###lsm 1413 2964
###lsm 1415 2964
###lsm 1415 2965
###lsm 1417 2965
###lsm 1417 2966
###lsm 1419 2966
###lsm 1419 2967
###lsm 1421 2967
###lsm 1421 2968
###lsm 1423 2968
###lsm 1423 2969
###lsm 1425 2969
###lsm 1425 2970
###lsm 1427 2970
###lsm 1427 2971
###lsm 1359 2971
###lsm 1359 2972
###lsm 1357 2972
###lsm 1357 2973
###lsm 1355 2973
###lsm 1355 2974
###lsm 1353 2974
###lsm 1353 2975
###lsm 1351 2975
###lsm 1351 2976
###lsm 1349 2976
###lsm 1349 2977
###lsm 1347 2977
###lsm 1347 2978
###lsm 1345 2978
###lsm 1345 2979
###lsm 1343 2979
###lsm 1343 2980
###lsm 1341 2980
###lsm 1341 2981
###lsm 1339 2981
###lsm 1339 2982
###lsm 1337 2982
###lsm 2936 1337
###lsm 1435 2983
###lsm 1435 2984
###lsm 1433 2984
###lsm 1433 2985
###lsm 1456 2985
###lsm 1456 2986
###lsm 1458 2986
###lsm 1458 2987
###lsm 1460 2987
###lsm 1460 2988
###lsm 1462 2988
###lsm 1462 2989
###lsm 1464 2989
###lsm 1464 2990
###lsm 1466 2990
###lsm 1466 2991
###lsm 1468 2991
###lsm 1468 2992
###lsm 1470 2992
###lsm 1470 2993
###lsm 1472 2993
###lsm 1472 2994
###lsm 1085 2994
###lsm 1085 2995
###lsm 1087 2995
###lsm 1087 2996
###lsm 1088 2996
###lsm 1088 2997
###lsm 1473 2997
###lsm 1473 2998
###lsm 1480 2998
###lsm 1480 2999
###lsm 1482 2999
###lsm 1482 3000
###lsm 1484 3000
###lsm 1484 3001
###lsm 1486 3001
###lsm 1486 3002
###lsm 1488 3002
###lsm 1488 3003
###lsm 1490 3003
###lsm 1490 3004
###lsm 1492 3004
###lsm 1492 3005
###lsm 1494 3005
###lsm 1494 3006
###lsm 1496 3006
###lsm 1496 3007
###lsm 1498 3007
###lsm 1498 3008
###lsm 1500 3008
###lsm 1500 3009
###lsm 1502 3009
###lsm 1502 3010
###lsm 1504 3010
###lsm 1504 3011
###lsm 1506 3011
###lsm 1506 3012
###lsm 1508 3012
###lsm 1508 3013
###lsm 1510 3013
###lsm 1510 3014
###lsm 1512 3014
###lsm 1512 3015
###lsm 1514 3015
###lsm 1514 3016
###lsm 1516 3016
###lsm 1516 3017
###lsm 1518 3017
###lsm 1518 3018
###lsm 1525 3018
###lsm 1525 3019
###lsm 642 3019
###lsm 642 3020
###lsm 643 3020
###lsm 643 3021
###lsm 1453 3021
###lsm 1453 3022
###lsm 1451 3022
###lsm 1451 3023
###lsm 1449 3023
###lsm 1449 3024
###lsm 1447 3024
###lsm 1447 3025
###lsm 1445 3025
###lsm 1445 3026
###lsm 1443 3026
###lsm 1443 3027
###lsm 1441 3027
###lsm 1441 3028
###lsm 1439 3028
###lsm 1439 3029
###lsm 1437 3029
###lsm 2983 1437
###lsm 1529 3030
###lsm 1529 3031
###lsm 1527 3031
###lsm 1527 3032
###lsm 1550 3032
###lsm 1550 3033
###lsm 1552 3033
###lsm 1552 3034
###lsm 1554 3034
###lsm 1554 3035
###lsm 1556 3035
###lsm 1556 3036
###lsm 1558 3036
###lsm 1558 3037
###lsm 1560 3037
###lsm 1560 3038
###lsm 1562 3038
###lsm 1562 3039
###lsm 1564 3039
###lsm 1564 3040
###lsm 1566 3040
###lsm 1566 3041
###lsm 1429 3041
###lsm 1429 3042
###lsm 1431 3042
###lsm 1431 3043
###lsm 1432 3043
###lsm 1432 3044
###lsm 1567 3044
###lsm 1567 3045
###lsm 1570 3045
###lsm 1570 3046
###lsm 1572 3046
###lsm 1572 3047
###lsm 1574 3047
###lsm 1574 3048
###lsm 1576 3048
###lsm 1576 3049
###lsm 1578 3049
###lsm 1578 3050
###lsm 1580 3050
###lsm 1580 3051
###lsm 1582 3051
###lsm 1582 3052
###lsm 1584 3052
###lsm 1584 3053
###lsm 1586 3053
###lsm 1586 3054
###lsm 1588 3054
###lsm 1588 3055
###lsm 1590 3055
###lsm 1590 3056
###lsm 1592 3056
###lsm 1592 3057
###lsm 1594 3057
###lsm 1594 3058
###lsm 1596 3058
###lsm 1596 3059
###lsm 1598 3059
###lsm 1598 3060
###lsm 1600 3060
###lsm 1600 3061
###lsm 1602 3061
###lsm 1602 3062
###lsm 1604 3062
###lsm 1604 3063
###lsm 1606 3063
###lsm 1606 3064
###lsm 893 3064
###lsm 893 3065
###lsm 887 3065
###lsm 887 3066
###lsm 885 3066
###lsm 885 3067
###lsm 886 3067
###lsm 886 3068
###lsm 1547 3068
###lsm 1547 3069
###lsm 1545 3069
###lsm 1545 3070
###lsm 1543 3070
###lsm 1543 3071
###lsm 1541 3071
###lsm 1541 3072
###lsm 1539 3072
###lsm 1539 3073
###lsm 1537 3073
###lsm 1537 3074
###lsm 1535 3074
###lsm 1535 3075
###lsm 1533 3075
###lsm 1533 3076
###lsm 1531 3076
###lsm 3030 1531
###lsm 1609 3077
###lsm 1609 3078
###lsm 1607 3078
###lsm 1607 3079
###lsm 1630 3079
###lsm 1630 3080
###lsm 1632 3080
###lsm 1632 3081
###lsm 1634 3081
###lsm 1634 3082
###lsm 1636 3082
###lsm 1636 3083
###lsm 1638 3083
###lsm 1638 3084
###lsm 1640 3084
###lsm 1640 3085
###lsm 1642 3085
###lsm 1642 3086
###lsm 1644 3086
###lsm 1644 3087
###lsm 1646 3087
###lsm 1646 3088
###lsm 1235 3088
###lsm 1235 3089
###lsm 1237 3089
###lsm 1237 3090
###lsm 1238 3090
###lsm 1238 3091
###lsm 1647 3091
###lsm 1647 3092
###lsm 1654 3092
###lsm 1654 3093
###lsm 1656 3093
###lsm 1656 3094
###lsm 1658 3094
###lsm 1658 3095
###lsm 1660 3095
###lsm 1660 3096
###lsm 1662 3096
###lsm 1662 3097
###lsm 1664 3097
###lsm 1664 3098
###lsm 1666 3098
###lsm 1666 3099
###lsm 1668 3099
###lsm 1668 3100
###lsm 1670 3100
###lsm 1670 3101
###lsm 1672 3101
###lsm 1672 3102
###lsm 1674 3102
###lsm 1674 3103
###lsm 1676 3103
###lsm 1676 3104
###lsm 1678 3104
###lsm 1678 3105
###lsm 1680 3105
###lsm 1680 3106
###lsm 1682 3106
###lsm 1682 3107
###lsm 1684 3107
###lsm 1684 3108
###lsm 1686 3108
###lsm 1686 3109
###lsm 1688 3109
###lsm 1688 3110
###lsm 1690 3110
###lsm 1690 3111
###lsm 1692 3111
###lsm 1692 3112
###lsm 1699 3112
###lsm 1699 3113
###lsm 692 3113
###lsm 692 3114
###lsm 693 3114
###lsm 693 3115
###lsm 1627 3115
###lsm 1627 3116
###lsm 1625 3116
###lsm 1625 3117
###lsm 1623 3117
###lsm 1623 3118
###lsm 1621 3118
###lsm 1621 3119
###lsm 1619 3119
###lsm 1619 3120
###lsm 1617 3120
###lsm 1617 3121
###lsm 1615 3121
###lsm 1615 3122
###lsm 1613 3122
###lsm 1613 3123
###lsm 1611 3123
###lsm 3077 1611
###lsm 373 3124
###lsm 373 3125
###lsm 371 3125
###lsm 371 3126
###lsm 369 3126
###lsm 369 3127
###lsm 367 3127
###lsm 367 3128
###lsm 365 3128
###lsm 365 3129
###lsm 363 3129
###lsm 363 3130
###lsm 361 3130
###lsm 361 3131
###lsm 359 3131
###lsm 359 3132
###lsm 357 3132
###lsm 357 3133
###lsm 355 3133
###lsm 355 3134
###lsm 353 3134
###lsm 353 3135
###lsm 351 3135
###lsm 351 3136
###lsm 350 3136
###lsm 350 3137
###lsm 1701 3137
###lsm 1701 3138
###lsm 1705 3138
###lsm 1705 3139
###lsm 1707 3139
###lsm 1707 3140
###lsm 1709 3140
###lsm 1709 3141
###lsm 1711 3141
###lsm 1711 3142
###lsm 1713 3142
###lsm 1713 3143
###lsm 1715 3143
###lsm 1715 3144
###lsm 1717 3144
###lsm 1717 3145
###lsm 1719 3145
###lsm 1719 3146
###lsm 1721 3146
###lsm 1721 3147
###lsm 1723 3147
###lsm 1723 3148
###lsm 1725 3148
###lsm 1725 3149
###lsm 1727 3149
###lsm 1727 3150
###lsm 1729 3150
###lsm 1729 3151
###lsm 1731 3151
###lsm 1731 3152
###lsm 1733 3152
###lsm 1733 3153
###lsm 1735 3153
###lsm 1735 3154
###lsm 1737 3154
###lsm 1737 3155
###lsm 1739 3155
###lsm 1739 3156
###lsm 1741 3156
###lsm 1741 3157
###lsm 1743 3157
###lsm 1743 3158
###lsm 1745 3158
###lsm 1745 3159
###lsm 397 3159
###lsm 397 3160
###lsm 395 3160
###lsm 395 3161
###lsm 393 3161
###lsm 393 3162
###lsm 391 3162
###lsm 391 3163
###lsm 389 3163
###lsm 389 3164
###lsm 387 3164
###lsm 387 3165
###lsm 385 3165
###lsm 385 3166
###lsm 383 3166
###lsm 383 3167
###lsm 381 3167
###lsm 381 3168
###lsm 379 3168
###lsm 379 3169
###lsm 377 3169
###lsm 377 3170
###lsm 375 3170
###lsm 3124 375
###lsm 1406 3171
###lsm 1406 3172
###lsm 1404 3172
###lsm 1404 3173
###lsm 1402 3173
###lsm 1402 3174
###lsm 1400 3174
###lsm 1400 3175
###lsm 1398 3175
###lsm 1398 3176
###lsm 1396 3176
###lsm 1396 3177
###lsm 1394 3177
###lsm 1394 3178
###lsm 1392 3178
###lsm 1392 3179
###lsm 1390 3179
###lsm 1390 3180
###lsm 1388 3180
###lsm 1388 3181
###lsm 1386 3181
###lsm 1386 3182
###lsm 1384 3182
###lsm 1384 3183
###lsm 986 3183
###lsm 986 3184
###lsm 984 3184
###lsm 984 3185
###lsm 982 3185
###lsm 982 3186
###lsm 980 3186
###lsm 980 3187
###lsm 978 3187
###lsm 978 3188
###lsm 976 3188
###lsm 976 3189
###lsm 974 3189
###lsm 974 3190
###lsm 972 3190
###lsm 972 3191
###lsm 970 3191
###lsm 970 3192
###lsm 968 3192
###lsm 968 3193
###lsm 966 3193
###lsm 966 3194
###lsm 938 3194
###lsm 938 3195
###lsm 940 3195
###lsm 940 3196
###lsm 942 3196
###lsm 942 3197
###lsm 944 3197
###lsm 944 3198
###lsm 946 3198
###lsm 946 3199
###lsm 948 3199
###lsm 948 3200
###lsm 950 3200
###lsm 950 3201
###lsm 952 3201
###lsm 952 3202
###lsm 954 3202
###lsm 954 3203
###lsm 956 3203
###lsm 956 3204
###lsm 958 3204
###lsm 958 3205
###lsm 960 3205
###lsm 960 3206
###lsm 1430 3206
###lsm 1430 3207
###lsm 1428 3207
###lsm 1428 3208
###lsm 1426 3208
###lsm 1426 3209
###lsm 1424 3209
###lsm 1424 3210
###lsm 1422 3210
###lsm 1422 3211
###lsm 1420 3211
###lsm 1420 3212
###lsm 1418 3212
###lsm 1418 3213
###lsm 1416 3213
###lsm 1416 3214
###lsm 1414 3214
###lsm 1414 3215
###lsm 1412 3215
###lsm 1412 3216
###lsm 1410 3216
###lsm 1410 3217
###lsm 1408 3217
###lsm 3171 1408
###lsm 1753 3218
###lsm 1753 3219
###lsm 1751 3219
###lsm 1751 3220
###lsm 1774 3220
###lsm 1774 3221
###lsm 1776 3221
###lsm 1776 3222
###lsm 1778 3222
###lsm 1778 3223
###lsm 1780 3223
###lsm 1780 3224
###lsm 1782 3224
###lsm 1782 3225
###lsm 1784 3225
###lsm 1784 3226
###lsm 1786 3226
###lsm 1786 3227
###lsm 1788 3227
###lsm 1788 3228
###lsm 1790 3228
###lsm 1790 3229
###lsm 1747 3229
###lsm 1747 3230
###lsm 1749 3230
###lsm 1749 3231
###lsm 1750 3231
###lsm 1750 3232
###lsm 1791 3232
###lsm 1791 3233
###lsm 1798 3233
###lsm 1798 3234
###lsm 1800 3234
###lsm 1800 3235
###lsm 1802 3235
###lsm 1802 3236
###lsm 1804 3236
###lsm 1804 3237
###lsm 1806 3237
###lsm 1806 3238
###lsm 1808 3238
###lsm 1808 3239
###lsm 1810 3239
###lsm 1810 3240
###lsm 1812 3240
###lsm 1812 3241
###lsm 1814 3241
###lsm 1814 3242
###lsm 1816 3242
###lsm 1816 3243
###lsm 1818 3243
###lsm 1818 3244
###lsm 1820 3244
###lsm 1820 3245
###lsm 1822 3245
###lsm 1822 3246
###lsm 1824 3246
###lsm 1824 3247
###lsm 1826 3247
###lsm 1826 3248
###lsm 1828 3248
###lsm 1828 3249
###lsm 1830 3249
###lsm 1830 3250
###lsm 1832 3250
###lsm 1832 3251
###lsm 1834 3251
###lsm 1834 3252
###lsm 794 3252
###lsm 794 3253
###lsm 788 3253
###lsm 788 3254
###lsm 786 3254
###lsm 786 3255
###lsm 787 3255
###lsm 787 3256
###lsm 1771 3256
###lsm 1771 3257
###lsm 1769 3257
###lsm 1769 3258
###lsm 1767 3258
###lsm 1767 3259
###lsm 1765 3259
###lsm 1765 3260
###lsm 1763 3260
###lsm 1763 3261
###lsm 1761 3261
###lsm 1761 3262
###lsm 1759 3262
###lsm 1759 3263
###lsm 1757 3263
###lsm 1757 3264
###lsm 1755 3264
###lsm 3218 1755
###lsm 1837 3265
###lsm 1837 3266
###lsm 1835 3266
###lsm 1835 3267
###lsm 1864 3267
###lsm 1864 3268
###lsm 1866 3268
###lsm 1866 3269
###lsm 1868 3269
###lsm 1868 3270
###lsm 1870 3270
###lsm 1870 3271
###lsm 1872 3271
###lsm 1872 3272
###lsm 1874 3272
###lsm 1874 3273
###lsm 1876 3273
###lsm 1876 3274
###lsm 1878 3274
###lsm 1878 3275
###lsm 1880 3275
###lsm 1880 3276
###lsm 396 3276
###lsm 396 3277
###lsm 398 3277
###lsm 398 3278
###lsm 399 3278
###lsm 399 3279
###lsm 1789 3279
###lsm 1789 3280
###lsm 1787 3280
###lsm 1787 3281
###lsm 1785 3281
###lsm 1785 3282
###lsm 1783 3282
###lsm 1783 3283
###lsm 1781 3283
###lsm 1781 3284
###lsm 1779 3284
###lsm 1779 3285
###lsm 1777 3285
###lsm 1777 3286
###lsm 1775 3286
###lsm 1775 3287
###lsm 1773 3287
###lsm 1773 3288
###lsm 1752 3288
###lsm 1752 3289
###lsm 1754 3289
###lsm 1754 3290
###lsm 1756 3290
###lsm 1756 3291
###lsm 1758 3291
###lsm 1758 3292
###lsm 1760 3292
###lsm 1760 3293
###lsm 1762 3293
###lsm 1762 3294
###lsm 1764 3294
###lsm 1764 3295
###lsm 1766 3295
###lsm 1766 3296
###lsm 1768 3296
###lsm 1768 3297
###lsm 1770 3297
###lsm 1770 3298
###lsm 1772 3298
###lsm 1772 3299
###lsm 785 3299
###lsm 785 3300
###lsm 1861 3300
###lsm 1861 3301
###lsm 1859 3301
###lsm 1859 3302
###lsm 1857 3302
###lsm 1857 3303
###lsm 1855 3303
###lsm 1855 3304
###lsm 1853 3304
###lsm 1853 3305
###lsm 1851 3305
###lsm 1851 3306
###lsm 1849 3306
###lsm 1849 3307
###lsm 1847 3307
###lsm 1847 3308
###lsm 1845 3308
###lsm 1845 3309
###lsm 1843 3309
###lsm 1843 3310
###lsm 1841 3310
###lsm 1841 3311
###lsm 1839 3311
###lsm 3265 1839
###lsm 1884 3312
###lsm 1884 3313
###lsm 1882 3313
###lsm 1882 3314
###lsm 1905 3314
###lsm 1905 3315
###lsm 1907 3315
###lsm 1907 3316
###lsm 1909 3316
###lsm 1909 3317
###lsm 1911 3317
###lsm 1911 3318
###lsm 1913 3318
###lsm 1913 3319
###lsm 1915 3319
###lsm 1915 3320
###lsm 1917 3320
###lsm 1917 3321
###lsm 1919 3321
###lsm 1919 3322
###lsm 1921 3322
###lsm 1921 3323
###lsm 1923 3323
###lsm 1923 3324
###lsm 1382 3324
###lsm 1382 3325
###lsm 1380 3325
###lsm 1380 3326
###lsm 1378 3326
###lsm 1378 3327
###lsm 1376 3327
###lsm 1376 3328
###lsm 1374 3328
###lsm 1374 3329
###lsm 1372 3329
###lsm 1372 3330
###lsm 1370 3330
###lsm 1370 3331
###lsm 1368 3331
###lsm 1368 3332
###lsm 1366 3332
###lsm 1366 3333
###lsm 1364 3333
###lsm 1364 3334
###lsm 1362 3334
###lsm 1362 3335
###lsm 1334 3335
###lsm 1334 3336
###lsm 1336 3336
###lsm 1336 3337
###lsm 1338 3337
###lsm 1338 3338
###lsm 1340 3338
###lsm 1340 3339
###lsm 1342 3339
###lsm 1342 3340
###lsm 1344 3340
###lsm 1344 3341
###lsm 1346 3341
###lsm 1346 3342
###lsm 1348 3342
###lsm 1348 3343
###lsm 1350 3343
###lsm 1350 3344
###lsm 1352 3344
###lsm 1352 3345
###lsm 1354 3345
###lsm 1354 3346
###lsm 1356 3346
###lsm 1356 3347
###lsm 1925 3347
###lsm 1925 3348
###lsm 1795 3348
###lsm 1795 3349
###lsm 1796 3349
###lsm 1796 3350
###lsm 1902 3350
###lsm 1902 3351
###lsm 1900 3351
###lsm 1900 3352
###lsm 1898 3352
###lsm 1898 3353
###lsm 1896 3353
###lsm 1896 3354
###lsm 1894 3354
###lsm 1894 3355
###lsm 1892 3355
###lsm 1892 3356
###lsm 1890 3356
###lsm 1890 3357
###lsm 1888 3357
###lsm 1888 3358
###lsm 1886 3358
###lsm 3312 1886
###lsm 1928 3359
###lsm 1928 3360
###lsm 1929 3360
###lsm 1929 3361
###lsm 1930 3361
###lsm 1930 3362
###lsm 1931 3362
###lsm 1931 3363
###lsm 1932 3363
###lsm 1932 3364
###lsm 1933 3364
###lsm 1933 3365
###lsm 1934 3365
###lsm 1934 3366
###lsm 1935 3366
###lsm 1935 3367
###lsm 1936 3367
###lsm 1936 3368
###lsm 1937 3368
###lsm 1937 3369
###lsm 1938 3369
###lsm 1938 3370
###lsm 401 3370
###lsm 401 3371
###lsm 402 3371
###lsm 402 3372
###lsm 404 3372
###lsm 404 3373
###lsm 406 3373
###lsm 406 3374
###lsm 408 3374
###lsm 408 3375
###lsm 410 3375
###lsm 410 3376
###lsm 412 3376
###lsm 412 3377
###lsm 414 3377
###lsm 414 3378
###lsm 416 3378
###lsm 416 3379
###lsm 418 3379
###lsm 418 3380
###lsm 420 3380
###lsm 420 3381
###lsm 422 3381
###lsm 422 3382
###lsm 424 3382
###lsm 424 3383
###lsm 426 3383
###lsm 426 3384
###lsm 428 3384
###lsm 428 3385
###lsm 430 3385
###lsm 430 3386
###lsm 432 3386
###lsm 432 3387
###lsm 434 3387
###lsm 434 3388
###lsm 436 3388
###lsm 436 3389
###lsm 438 3389
###lsm 438 3390
###lsm 440 3390
###lsm 440 3391
###lsm 442 3391
###lsm 442 3392
###lsm 444 3392
###lsm 444 3393
###lsm 446 3393
###lsm 446 3394
###lsm 1940 3394
###lsm 1940 3395
###lsm 1943 3395
###lsm 1943 3396
###lsm 1945 3396
###lsm 1945 3397
###lsm 1946 3397
###lsm 1946 3398
###lsm 572 3398
###lsm 572 3399
###lsm 571 3399
###lsm 571 3400
###lsm 570 3400
###lsm 570 3401
###lsm 569 3401
###lsm 569 3402
###lsm 568 3402
###lsm 568 3403
###lsm 567 3403
###lsm 567 3404
###lsm 1947 3404
###lsm 1947 3405
###lsm 1927 3405
###lsm 3359 1927
###lsm 1062 3406
###lsm 1062 3407
###lsm 1060 3407
###lsm 1060 3408
###lsm 1058 3408
###lsm 1058 3409
###lsm 1056 3409
###lsm 1056 3410
###lsm 1054 3410
###lsm 1054 3411
###lsm 1052 3411
###lsm 1052 3412
###lsm 1050 3412
###lsm 1050 3413
###lsm 1048 3413
###lsm 1048 3414
###lsm 1046 3414
###lsm 1046 3415
###lsm 1044 3415
###lsm 1044 3416
###lsm 1042 3416
###lsm 1042 3417
###lsm 1040 3417
###lsm 1040 3418
###lsm 1039 3418
###lsm 1039 3419
###lsm 1948 3419
###lsm 1948 3420
###lsm 1951 3420
###lsm 1951 3421
###lsm 1953 3421
###lsm 1953 3422
###lsm 1955 3422
###lsm 1955 3423
###lsm 1957 3423
###lsm 1957 3424
###lsm 1959 3424
###lsm 1959 3425
###lsm 1961 3425
###lsm 1961 3426
###lsm 1963 3426
###lsm 1963 3427
###lsm 1965 3427
###lsm 1965 3428
###lsm 1967 3428
###lsm 1967 3429
###lsm 1969 3429
###lsm 1969 3430
###lsm 1971 3430
###lsm 1971 3431
###lsm 1973 3431
###lsm 1973 3432
###lsm 1975 3432
###lsm 1975 3433
###lsm 1977 3433
###lsm 1977 3434
###lsm 1979 3434
###lsm 1979 3435
###lsm 1981 3435
###lsm 1981 3436
###lsm 1983 3436
###lsm 1983 3437
###lsm 1985 3437
###lsm 1985 3438
###lsm 1987 3438
###lsm 1987 3439
###lsm 1989 3439
###lsm 1989 3440
###lsm 1476 3440
###lsm 1476 3441
###lsm 1086 3441
###lsm 1086 3442
###lsm 1084 3442
###lsm 1084 3443
###lsm 1082 3443
###lsm 1082 3444
###lsm 1080 3444
###lsm 1080 3445
###lsm 1078 3445
###lsm 1078 3446
###lsm 1076 3446
###lsm 1076 3447
###lsm 1074 3447
###lsm 1074 3448
###lsm 1072 3448
###lsm 1072 3449
###lsm 1070 3449
###lsm 1070 3450
###lsm 1068 3450
###lsm 1068 3451
###lsm 1066 3451
###lsm 1066 3452
###lsm 1064 3452
###lsm 3406 1064
###lsm 1671 3453
###lsm 1671 3454
###lsm 1669 3454
###lsm 1669 3455
###lsm 1667 3455
###lsm 1667 3456
###lsm 1665 3456
###lsm 1665 3457
###lsm 1663 3457
###lsm 1663 3458
###lsm 1661 3458
###lsm 1661 3459
###lsm 1659 3459
###lsm 1659 3460
###lsm 1657 3460
###lsm 1657 3461
###lsm 1655 3461
###lsm 1655 3462
###lsm 1653 3462
###lsm 1653 3463
###lsm 1648 3463
###lsm 1648 3464
###lsm 1649 3464
###lsm 1649 3465
###lsm 1991 3465
###lsm 1991 3466
###lsm 1881 3466
###lsm 1881 3467
###lsm 1879 3467
###lsm 1879 3468
###lsm 1877 3468
###lsm 1877 3469
###lsm 1875 3469
###lsm 1875 3470
###lsm 1873 3470
###lsm 1873 3471
###lsm 1871 3471
###lsm 1871 3472
###lsm 1869 3472
###lsm 1869 3473
###lsm 1867 3473
###lsm 1867 3474
###lsm 1865 3474
###lsm 1865 3475
###lsm 1863 3475
###lsm 1863 3476
###lsm 1836 3476
###lsm 1836 3477
###lsm 1838 3477
###lsm 1838 3478
###lsm 1840 3478
###lsm 1840 3479
###lsm 1842 3479
###lsm 1842 3480
###lsm 1844 3480
###lsm 1844 3481
###lsm 1846 3481
###lsm 1846 3482
###lsm 1848 3482
###lsm 1848 3483
###lsm 1850 3483
###lsm 1850 3484
###lsm 1852 3484
###lsm 1852 3485
###lsm 1854 3485
###lsm 1854 3486
###lsm 1856 3486
###lsm 1856 3487
###lsm 1858 3487
###lsm 1858 3488
###lsm 1695 3488
###lsm 1695 3489
###lsm 1693 3489
###lsm 1693 3490
###lsm 1691 3490
###lsm 1691 3491
###lsm 1689 3491
###lsm 1689 3492
###lsm 1687 3492
###lsm 1687 3493
###lsm 1685 3493
###lsm 1685 3494
###lsm 1683 3494
###lsm 1683 3495
###lsm 1681 3495
###lsm 1681 3496
###lsm 1679 3496
###lsm 1679 3497
###lsm 1677 3497
###lsm 1677 3498
###lsm 1675 3498
###lsm 1675 3499
###lsm 1673 3499
###lsm 3453 1673
###lsm 1010 3500
###lsm 1010 3501
###lsm 1008 3501
###lsm 1008 3502
###lsm 1006 3502
###lsm 1006 3503
###lsm 1004 3503
###lsm 1004 3504
###lsm 1002 3504
###lsm 1002 3505
###lsm 1000 3505
###lsm 1000 3506
###lsm 998 3506
###lsm 998 3507
###lsm 996 3507
###lsm 996 3508
###lsm 994 3508
###lsm 994 3509
###lsm 992 3509
###lsm 992 3510
###lsm 990 3510
###lsm 990 3511
###lsm 988 3511
###lsm 988 3512
###lsm 344 3512
###lsm 344 3513
###lsm 345 3513
###lsm 345 3514
###lsm 346 3514
###lsm 346 3515
###lsm 1992 3515
###lsm 1992 3516
###lsm 1993 3516
###lsm 1993 3517
###lsm 1994 3517
###lsm 1994 3518
###lsm 1995 3518
###lsm 1995 3519
###lsm 1996 3519
###lsm 1996 3520
###lsm 1997 3520
###lsm 1997 3521
###lsm 1998 3521
###lsm 1998 3522
###lsm 1999 3522
###lsm 1999 3523
###lsm 2000 3523
###lsm 2000 3524
###lsm 2001 3524
###lsm 2001 3525
###lsm 2002 3525
###lsm 2002 3526
###lsm 541 3526
###lsm 541 3527
###lsm 542 3527
###lsm 542 3528
###lsm 2003 3528
###lsm 2003 3529
###lsm 538 3529
###lsm 538 3530
###lsm 539 3530
###lsm 539 3531
###lsm 540 3531
###lsm 540 3532
###lsm 534 3532
###lsm 534 3533
###lsm 536 3533
###lsm 536 3534
###lsm 537 3534
###lsm 537 3535
###lsm 1034 3535
###lsm 1034 3536
###lsm 1032 3536
###lsm 1032 3537
###lsm 1030 3537
###lsm 1030 3538
###lsm 1028 3538
###lsm 1028 3539
###lsm 1026 3539
###lsm 1026 3540
###lsm 1024 3540
###lsm 1024 3541
###lsm 1022 3541
###lsm 1022 3542
###lsm 1020 3542
###lsm 1020 3543
###lsm 1018 3543
###lsm 1018 3544
###lsm 1016 3544
###lsm 1016 3545
###lsm 1014 3545
###lsm 1014 3546
###lsm 1012 3546
###lsm 3500 1012
###lsm 2006 3547
###lsm 2006 3548
###lsm 2004 3548
###lsm 2004 3549
###lsm 2031 3549
###lsm 2031 3550
###lsm 2033 3550
###lsm 2033 3551
###lsm 2035 3551
###lsm 2035 3552
###lsm 2037 3552
###lsm 2037 3553
###lsm 2039 3553
###lsm 2039 3554
###lsm 2041 3554
###lsm 2041 3555
###lsm 2043 3555
###lsm 2043 3556
###lsm 2045 3556
###lsm 2045 3557
###lsm 2047 3557
###lsm 2047 3558
###lsm 1860 3558
###lsm 1860 3559
###lsm 1862 3559
###lsm 1862 3560
###lsm 783 3560
###lsm 783 3561
###lsm 781 3561
###lsm 781 3562
###lsm 779 3562
###lsm 779 3563
###lsm 777 3563
###lsm 777 3564
###lsm 775 3564
###lsm 775 3565
###lsm 773 3565
###lsm 773 3566
###lsm 771 3566
###lsm 771 3567
###lsm 769 3567
###lsm 769 3568
###lsm 767 3568
###lsm 767 3569
###lsm 765 3569
###lsm 765 3570
###lsm 736 3570
###lsm 736 3571
###lsm 738 3571
###lsm 738 3572
###lsm 740 3572
###lsm 740 3573
###lsm 742 3573
###lsm 742 3574
###lsm 744 3574
###lsm 744 3575
###lsm 746 3575
###lsm 746 3576
###lsm 748 3576
###lsm 748 3577
###lsm 750 3577
###lsm 750 3578
###lsm 752 3578
###lsm 752 3579
###lsm 754 3579
###lsm 754 3580
###lsm 756 3580
###lsm 756 3581
###lsm 758 3581
###lsm 758 3582
###lsm 760 3582
###lsm 760 3583
###lsm 2028 3583
###lsm 2028 3584
###lsm 2026 3584
###lsm 2026 3585
###lsm 2024 3585
###lsm 2024 3586
###lsm 2022 3586
###lsm 2022 3587
###lsm 2020 3587
###lsm 2020 3588
###lsm 2018 3588
###lsm 2018 3589
###lsm 2016 3589
###lsm 2016 3590
###lsm 2014 3590
###lsm 2014 3591
###lsm 2012 3591
###lsm 2012 3592
###lsm 2010 3592
###lsm 2010 3593
###lsm 2008 3593
###lsm 3547 2008
###lsm 2050 3594
###lsm 2050 3595
###lsm 2048 3595
###lsm 2048 3596
###lsm 2074 3596
###lsm 2074 3597
###lsm 2076 3597
###lsm 2076 3598
###lsm 2078 3598
###lsm 2078 3599
###lsm 2080 3599
###lsm 2080 3600
###lsm 2082 3600
###lsm 2082 3601
###lsm 2084 3601
###lsm 2084 3602
###lsm 2086 3602
###lsm 2086 3603
###lsm 2088 3603
###lsm 2088 3604
###lsm 2090 3604
###lsm 2090 3605
###lsm 2091 3605
###lsm 2091 3606
###lsm 2096 3606
###lsm 2096 3607
###lsm 503 3607
###lsm 503 3608
###lsm 501 3608
###lsm 501 3609
###lsm 499 3609
###lsm 499 3610
###lsm 497 3610
###lsm 497 3611
###lsm 495 3611
###lsm 495 3612
###lsm 493 3612
###lsm 493 3613
###lsm 491 3613
###lsm 491 3614
###lsm 489 3614
###lsm 489 3615
###lsm 487 3615
###lsm 487 3616
###lsm 485 3616
###lsm 485 3617
###lsm 483 3617
###lsm 483 3618
###lsm 481 3618
###lsm 481 3619
###lsm 479 3619
###lsm 479 3620
###lsm 477 3620
###lsm 477 3621
###lsm 475 3621
###lsm 475 3622
###lsm 473 3622
###lsm 473 3623
###lsm 471 3623
###lsm 471 3624
###lsm 469 3624
###lsm 469 3625
###lsm 467 3625
###lsm 467 3626
###lsm 465 3626
###lsm 465 3627
###lsm 463 3627
###lsm 463 3628
###lsm 461 3628
###lsm 461 3629
###lsm 459 3629
###lsm 459 3630
###lsm 2072 3630
###lsm 2072 3631
###lsm 2070 3631
###lsm 2070 3632
###lsm 2068 3632
###lsm 2068 3633
###lsm 2066 3633
###lsm 2066 3634
###lsm 2064 3634
###lsm 2064 3635
###lsm 2062 3635
###lsm 2062 3636
###lsm 2060 3636
###lsm 2060 3637
###lsm 2058 3637
###lsm 2058 3638
###lsm 2056 3638
###lsm 2056 3639
###lsm 2054 3639
###lsm 2054 3640
###lsm 2052 3640
###lsm 3594 2052
###lsm 2099 3641
###lsm 2099 3642
###lsm 2097 3642
###lsm 2097 3643
###lsm 2124 3643
###lsm 2124 3644
###lsm 2126 3644
###lsm 2126 3645
###lsm 2128 3645
###lsm 2128 3646
###lsm 2130 3646
###lsm 2130 3647
###lsm 2132 3647
###lsm 2132 3648
###lsm 2134 3648
###lsm 2134 3649
###lsm 2136 3649
###lsm 2136 3650
###lsm 2138 3650
###lsm 2138 3651
###lsm 2140 3651
###lsm 2140 3652
###lsm 2141 3652
###lsm 2141 3653
###lsm 2146 3653
###lsm 2146 3654
###lsm 630 3654
###lsm 630 3655
###lsm 628 3655
###lsm 628 3656
###lsm 626 3656
###lsm 626 3657
###lsm 624 3657
###lsm 624 3658
###lsm 622 3658
###lsm 622 3659
###lsm 620 3659
###lsm 620 3660
###lsm 618 3660
###lsm 618 3661
###lsm 616 3661
###lsm 616 3662
###lsm 614 3662
###lsm 614 3663
###lsm 612 3663
###lsm 612 3664
###lsm 583 3664
###lsm 583 3665
###lsm 585 3665
###lsm 585 3666
###lsm 587 3666
###lsm 587 3667
###lsm 589 3667
###lsm 589 3668
###lsm 591 3668
###lsm 591 3669
###lsm 593 3669
###lsm 593 3670
###lsm 595 3670
###lsm 595 3671
###lsm 597 3671
###lsm 597 3672
###lsm 599 3672
###lsm 599 3673
###lsm 601 3673
###lsm 601 3674
###lsm 603 3674
###lsm 603 3675
###lsm 605 3675
###lsm 605 3676
###lsm 607 3676
###lsm 607 3677
###lsm 2121 3677
###lsm 2121 3678
###lsm 2119 3678
###lsm 2119 3679
###lsm 2117 3679
###lsm 2117 3680
###lsm 2115 3680
###lsm 2115 3681
###lsm 2113 3681
###lsm 2113 3682
###lsm 2111 3682
###lsm 2111 3683
###lsm 2109 3683
###lsm 2109 3684
###lsm 2107 3684
###lsm 2107 3685
###lsm 2105 3685
###lsm 2105 3686
###lsm 2103 3686
###lsm 2103 3687
###lsm 2101 3687
###lsm 3641 2101
###lsm 662 3688
###lsm 662 3689
###lsm 660 3689
###lsm 660 3690
###lsm 658 3690
###lsm 658 3691
###lsm 656 3691
###lsm 656 3692
###lsm 654 3692
###lsm 654 3693
###lsm 652 3693
###lsm 652 3694
###lsm 650 3694
###lsm 650 3695
###lsm 648 3695
###lsm 648 3696
###lsm 646 3696
###lsm 646 3697
###lsm 644 3697
###lsm 644 3698
###lsm 639 3698
###lsm 639 3699
###lsm 640 3699
###lsm 640 3700
###lsm 1526 3700
###lsm 1526 3701
###lsm 1524 3701
###lsm 1524 3702
###lsm 2148 3702
###lsm 2148 3703
###lsm 2150 3703
###lsm 2150 3704
###lsm 2152 3704
###lsm 2152 3705
###lsm 2154 3705
###lsm 2154 3706
###lsm 2156 3706
###lsm 2156 3707
###lsm 2158 3707
###lsm 2158 3708
###lsm 2160 3708
###lsm 2160 3709
###lsm 2162 3709
###lsm 2162 3710
###lsm 2164 3710
###lsm 2164 3711
###lsm 2166 3711
###lsm 2166 3712
###lsm 2168 3712
###lsm 2168 3713
###lsm 2170 3713
###lsm 2170 3714
###lsm 2172 3714
###lsm 2172 3715
###lsm 2174 3715
###lsm 2174 3716
###lsm 2176 3716
###lsm 2176 3717
###lsm 2178 3717
###lsm 2178 3718
###lsm 2180 3718
###lsm 2180 3719
###lsm 2182 3719
###lsm 2182 3720
###lsm 2184 3720
###lsm 2184 3721
###lsm 2186 3721
###lsm 2186 3722
###lsm 2188 3722
###lsm 2188 3723
###lsm 609 3723
###lsm 609 3724
###lsm 684 3724
###lsm 684 3725
###lsm 682 3725
###lsm 682 3726
###lsm 680 3726
###lsm 680 3727
###lsm 678 3727
###lsm 678 3728
###lsm 676 3728
###lsm 676 3729
###lsm 674 3729
###lsm 674 3730
###lsm 672 3730
###lsm 672 3731
###lsm 670 3731
###lsm 670 3732
###lsm 668 3732
###lsm 668 3733
###lsm 666 3733
###lsm 666 3734
###lsm 664 3734
###lsm 3688 664
###lsm 712 3735
###lsm 712 3736
###lsm 710 3736
###lsm 710 3737
###lsm 708 3737
###lsm 708 3738
###lsm 706 3738
###lsm 706 3739
###lsm 704 3739
###lsm 704 3740
###lsm 702 3740
###lsm 702 3741
###lsm 700 3741
###lsm 700 3742
###lsm 698 3742
###lsm 698 3743
###lsm 696 3743
###lsm 696 3744
###lsm 694 3744
###lsm 694 3745
###lsm 689 3745
###lsm 689 3746
###lsm 690 3746
###lsm 690 3747
###lsm 1700 3747
###lsm 1700 3748
###lsm 1698 3748
###lsm 1698 3749
###lsm 2190 3749
###lsm 2190 3750
###lsm 2192 3750
###lsm 2192 3751
###lsm 2194 3751
###lsm 2194 3752
###lsm 2196 3752
###lsm 2196 3753
###lsm 2198 3753
###lsm 2198 3754
###lsm 2200 3754
###lsm 2200 3755
###lsm 2202 3755
###lsm 2202 3756
###lsm 2204 3756
###lsm 2204 3757
###lsm 2206 3757
###lsm 2206 3758
###lsm 2208 3758
###lsm 2208 3759
###lsm 2210 3759
###lsm 2210 3760
###lsm 2212 3760
###lsm 2212 3761
###lsm 2214 3761
###lsm 2214 3762
###lsm 2216 3762
###lsm 2216 3763
###lsm 2218 3763
###lsm 2218 3764
###lsm 2220 3764
###lsm 2220 3765
###lsm 2222 3765
###lsm 2222 3766
###lsm 2224 3766
###lsm 2224 3767
###lsm 2226 3767
###lsm 2226 3768
###lsm 2228 3768
###lsm 2228 3769
###lsm 2230 3769
###lsm 2230 3770
###lsm 457 3770
###lsm 457 3771
###lsm 734 3771
###lsm 734 3772
###lsm 732 3772
###lsm 732 3773
###lsm 730 3773
###lsm 730 3774
###lsm 728 3774
###lsm 728 3775
###lsm 726 3775
###lsm 726 3776
###lsm 724 3776
###lsm 724 3777
###lsm 722 3777
###lsm 722 3778
###lsm 720 3778
###lsm 720 3779
###lsm 718 3779
###lsm 718 3780
###lsm 716 3780
###lsm 716 3781
###lsm 714 3781
###lsm 3735 714
###lsm 815 3782
###lsm 815 3783
###lsm 813 3783
###lsm 813 3784
###lsm 811 3784
###lsm 811 3785
###lsm 809 3785
###lsm 809 3786
###lsm 807 3786
###lsm 807 3787
###lsm 805 3787
###lsm 805 3788
###lsm 803 3788
###lsm 803 3789
###lsm 801 3789
###lsm 801 3790
###lsm 799 3790
###lsm 799 3791
###lsm 797 3791
###lsm 797 3792
###lsm 792 3792
###lsm 792 3793
###lsm 793 3793
###lsm 793 3794
###lsm 2233 3794
###lsm 2233 3795
###lsm 2234 3795
###lsm 2234 3796
###lsm 2235 3796
###lsm 2235 3797
###lsm 2242 3797
###lsm 2242 3798
###lsm 2244 3798
###lsm 2244 3799
###lsm 2246 3799
###lsm 2246 3800
###lsm 2248 3800
###lsm 2248 3801
###lsm 2250 3801
###lsm 2250 3802
###lsm 2252 3802
###lsm 2252 3803
###lsm 2254 3803
###lsm 2254 3804
###lsm 2256 3804
###lsm 2256 3805
###lsm 2258 3805
###lsm 2258 3806
###lsm 2260 3806
###lsm 2260 3807
###lsm 2262 3807
###lsm 2262 3808
###lsm 2264 3808
###lsm 2264 3809
###lsm 2266 3809
###lsm 2266 3810
###lsm 2268 3810
###lsm 2268 3811
###lsm 2270 3811
###lsm 2270 3812
###lsm 2272 3812
###lsm 2272 3813
###lsm 2274 3813
###lsm 2274 3814
###lsm 2276 3814
###lsm 2276 3815
###lsm 2278 3815
###lsm 2278 3816
###lsm 2280 3816
###lsm 2280 3817
###lsm 762 3817
###lsm 762 3818
###lsm 837 3818
###lsm 837 3819
###lsm 835 3819
###lsm 835 3820
###lsm 833 3820
###lsm 833 3821
###lsm 831 3821
###lsm 831 3822
###lsm 829 3822
###lsm 829 3823
###lsm 827 3823
###lsm 827 3824
###lsm 825 3824
###lsm 825 3825
###lsm 823 3825
###lsm 823 3826
###lsm 821 3826
###lsm 821 3827
###lsm 819 3827
###lsm 819 3828
###lsm 817 3828
###lsm 3782 817
###lsm 914 3829
###lsm 914 3830
###lsm 912 3830
###lsm 912 3831
###lsm 910 3831
###lsm 910 3832
###lsm 908 3832
###lsm 908 3833
###lsm 906 3833
###lsm 906 3834
###lsm 904 3834
###lsm 904 3835
###lsm 902 3835
###lsm 902 3836
###lsm 900 3836
###lsm 900 3837
###lsm 898 3837
###lsm 898 3838
###lsm 896 3838
###lsm 896 3839
###lsm 891 3839
###lsm 891 3840
###lsm 892 3840
###lsm 892 3841
###lsm 2282 3841
###lsm 2282 3842
###lsm 337 3842
###lsm 337 3843
###lsm 335 3843
###lsm 335 3844
###lsm 333 3844
###lsm 333 3845
###lsm 331 3845
###lsm 331 3846
###lsm 329 3846
###lsm 329 3847
###lsm 327 3847
###lsm 327 3848
###lsm 325 3848
###lsm 325 3849
###lsm 323 3849
###lsm 323 3850
###lsm 321 3850
###lsm 321 3851
###lsm 319 3851
###lsm 319 3852
###lsm 317 3852
###lsm 317 3853
###lsm 315 3853
###lsm 315 3854
###lsm 313 3854
###lsm 313 3855
###lsm 311 3855
###lsm 311 3856
###lsm 309 3856
###lsm 309 3857
###lsm 307 3857
###lsm 307 3858
###lsm 305 3858
###lsm 305 3859
###lsm 303 3859
###lsm 303 3860
###lsm 301 3860
###lsm 301 3861
###lsm 299 3861
###lsm 299 3862
###lsm 297 3862
###lsm 297 3863
###lsm 295 3863
###lsm 295 3864
###lsm 294 3864
###lsm 294 3865
###lsm 936 3865
###lsm 936 3866
###lsm 934 3866
###lsm 934 3867
###lsm 932 3867
###lsm 932 3868
###lsm 930 3868
###lsm 930 3869
###lsm 928 3869
###lsm 928 3870
###lsm 926 3870
###lsm 926 3871
###lsm 924 3871
###lsm 924 3872
###lsm 922 3872
###lsm 922 3873
###lsm 920 3873
###lsm 920 3874
###lsm 918 3874
###lsm 918 3875
###lsm 916 3875
###lsm 3829 916
###lsm 1212 3876
###lsm 1212 3877
###lsm 1210 3877
###lsm 1210 3878
###lsm 1208 3878
###lsm 1208 3879
###lsm 1206 3879
###lsm 1206 3880
###lsm 1204 3880
###lsm 1204 3881
###lsm 1202 3881
###lsm 1202 3882
###lsm 1200 3882
###lsm 1200 3883
###lsm 1198 3883
###lsm 1198 3884
###lsm 1196 3884
###lsm 1196 3885
###lsm 1194 3885
###lsm 1194 3886
###lsm 1192 3886
###lsm 1192 3887
###lsm 1190 3887
###lsm 1190 3888
###lsm 348 3888
###lsm 348 3889
###lsm 2284 3889
###lsm 2284 3890
###lsm 2286 3890
###lsm 2286 3891
###lsm 2288 3891
###lsm 2288 3892
###lsm 2290 3892
###lsm 2290 3893
###lsm 2292 3893
###lsm 2292 3894
###lsm 2294 3894
###lsm 2294 3895
###lsm 2296 3895
###lsm 2296 3896
###lsm 2298 3896
###lsm 2298 3897
###lsm 2300 3897
###lsm 2300 3898
###lsm 2302 3898
###lsm 2302 3899
###lsm 2304 3899
###lsm 2304 3900
###lsm 2306 3900
###lsm 2306 3901
###lsm 2308 3901
###lsm 2308 3902
###lsm 2310 3902
###lsm 2310 3903
###lsm 2312 3903
###lsm 2312 3904
###lsm 2314 3904
###lsm 2314 3905
###lsm 2316 3905
###lsm 2316 3906
###lsm 2318 3906
###lsm 2318 3907
###lsm 2320 3907
###lsm 2320 3908
###lsm 2322 3908
###lsm 2322 3909
###lsm 2324 3909
###lsm 2324 3910
###lsm 1650 3910
###lsm 1650 3911
###lsm 1236 3911
###lsm 1236 3912
###lsm 1234 3912
###lsm 1234 3913
###lsm 1232 3913
###lsm 1232 3914
###lsm 1230 3914
###lsm 1230 3915
###lsm 1228 3915
###lsm 1228 3916
###lsm 1226 3916
###lsm 1226 3917
###lsm 1224 3917
###lsm 1224 3918
###lsm 1222 3918
###lsm 1222 3919
###lsm 1220 3919
###lsm 1220 3920
###lsm 1218 3920
###lsm 1218 3921
###lsm 1216 3921
###lsm 1216 3922
###lsm 1214 3922
###lsm 3876 1214
###lsm 1970 3923
###lsm 1970 3924
###lsm 1968 3924
###lsm 1968 3925
###lsm 1966 3925
###lsm 1966 3926
###lsm 1964 3926
###lsm 1964 3927
###lsm 1962 3927
###lsm 1962 3928
###lsm 1960 3928
###lsm 1960 3929
###lsm 1958 3929
###lsm 1958 3930
###lsm 1956 3930
###lsm 1956 3931
###lsm 1954 3931
###lsm 1954 3932
###lsm 1952 3932
###lsm 1952 3933
###lsm 1950 3933
###lsm 1950 3934
###lsm 1949 3934
###lsm 1949 3935
###lsm 1187 3935
###lsm 1187 3936
###lsm 1185 3936
###lsm 1185 3937
###lsm 1183 3937
###lsm 1183 3938
###lsm 1181 3938
###lsm 1181 3939
###lsm 1179 3939
###lsm 1179 3940
###lsm 1177 3940
###lsm 1177 3941
###lsm 1175 3941
###lsm 1175 3942
###lsm 1173 3942
###lsm 1173 3943
###lsm 1171 3943
###lsm 1171 3944
###lsm 1169 3944
###lsm 1169 3945
###lsm 1167 3945
###lsm 1167 3946
###lsm 1139 3946
###lsm 1139 3947
###lsm 1141 3947
###lsm 1141 3948
###lsm 1143 3948
###lsm 1143 3949
###lsm 1145 3949
###lsm 1145 3950
###lsm 1147 3950
###lsm 1147 3951
###lsm 1149 3951
###lsm 1149 3952
###lsm 1151 3952
###lsm 1151 3953
###lsm 1153 3953
###lsm 1153 3954
###lsm 1155 3954
###lsm 1155 3955
###lsm 1157 3955
###lsm 1157 3956
###lsm 1159 3956
###lsm 1159 3957
###lsm 1161 3957
###lsm 1161 3958
###lsm 2326 3958
###lsm 2326 3959
###lsm 1477 3959
###lsm 1477 3960
###lsm 1478 3960
###lsm 1478 3961
###lsm 1988 3961
###lsm 1988 3962
###lsm 1986 3962
###lsm 1986 3963
###lsm 1984 3963
###lsm 1984 3964
###lsm 1982 3964
###lsm 1982 3965
###lsm 1980 3965
###lsm 1980 3966
###lsm 1978 3966
###lsm 1978 3967
###lsm 1976 3967
###lsm 1976 3968
###lsm 1974 3968
###lsm 1974 3969
###lsm 1972 3969
###lsm 3923 1972
###lsm 2305 3970
###lsm 2305 3971
###lsm 2303 3971
###lsm 2303 3972
###lsm 2301 3972
###lsm 2301 3973
###lsm 2299 3973
###lsm 2299 3974
###lsm 2297 3974
###lsm 2297 3975
###lsm 2295 3975
###lsm 2295 3976
###lsm 2293 3976
###lsm 2293 3977
###lsm 2291 3977
###lsm 2291 3978
###lsm 2289 3978
###lsm 2289 3979
###lsm 2287 3979
###lsm 2287 3980
###lsm 2285 3980
###lsm 2285 3981
###lsm 2283 3981
###lsm 2283 3982
###lsm 349 3982
###lsm 349 3983
###lsm 352 3983
###lsm 352 3984
###lsm 354 3984
###lsm 354 3985
###lsm 356 3985
###lsm 356 3986
###lsm 358 3986
###lsm 358 3987
###lsm 360 3987
###lsm 360 3988
###lsm 362 3988
###lsm 362 3989
###lsm 364 3989
###lsm 364 3990
###lsm 366 3990
###lsm 366 3991
###lsm 368 3991
###lsm 368 3992
###lsm 370 3992
###lsm 370 3993
###lsm 372 3993
###lsm 372 3994
###lsm 374 3994
###lsm 374 3995
###lsm 376 3995
###lsm 376 3996
###lsm 378 3996
###lsm 378 3997
###lsm 380 3997
###lsm 380 3998
###lsm 382 3998
###lsm 382 3999
###lsm 384 3999
###lsm 384 4000
###lsm 386 4000
###lsm 386 4001
###lsm 388 4001
###lsm 388 4002
###lsm 390 4002
###lsm 390 4003
###lsm 392 4003
###lsm 392 4004
###lsm 394 4004
###lsm 394 4005
###lsm 1990 4005
###lsm 1990 4006
###lsm 1651 4006
###lsm 1651 4007
###lsm 1652 4007
###lsm 1652 4008
###lsm 2323 4008
###lsm 2323 4009
###lsm 2321 4009
###lsm 2321 4010
###lsm 2319 4010
###lsm 2319 4011
###lsm 2317 4011
###lsm 2317 4012
###lsm 2315 4012
###lsm 2315 4013
###lsm 2313 4013
###lsm 2313 4014
###lsm 2311 4014
###lsm 2311 4015
###lsm 2309 4015
###lsm 2309 4016
###lsm 2307 4016
###lsm 3970 2307
###lsm 1587 4017
###lsm 1587 4018
###lsm 1585 4018
###lsm 1585 4019
###lsm 1583 4019
###lsm 1583 4020
###lsm 1581 4020
###lsm 1581 4021
###lsm 1579 4021
###lsm 1579 4022
###lsm 1577 4022
###lsm 1577 4023
###lsm 1575 4023
###lsm 1575 4024
###lsm 1573 4024
###lsm 1573 4025
###lsm 1571 4025
###lsm 1571 4026
###lsm 1569 4026
###lsm 1569 4027
###lsm 1568 4027
###lsm 1568 4028
###lsm 962 4028
###lsm 962 4029
###lsm 964 4029
###lsm 964 4030
###lsm 965 4030
###lsm 965 4031
###lsm 1326 4031
###lsm 1326 4032
###lsm 1324 4032
###lsm 1324 4033
###lsm 1322 4033
###lsm 1322 4034
###lsm 1320 4034
###lsm 1320 4035
###lsm 1318 4035
###lsm 1318 4036
###lsm 1316 4036
###lsm 1316 4037
###lsm 1314 4037
###lsm 1314 4038
###lsm 1312 4038
###lsm 1312 4039
###lsm 1310 4039
###lsm 1310 4040
###lsm 1289 4040
###lsm 1289 4041
###lsm 1291 4041
###lsm 1291 4042
###lsm 1293 4042
###lsm 1293 4043
###lsm 1295 4043
###lsm 1295 4044
###lsm 1297 4044
###lsm 1297 4045
###lsm 1299 4045
###lsm 1299 4046
###lsm 1301 4046
###lsm 1301 4047
###lsm 1303 4047
###lsm 1303 4048
###lsm 1305 4048
###lsm 1305 4049
###lsm 1307 4049
###lsm 1307 4050
###lsm 1309 4050
###lsm 1309 4051
###lsm 339 4051
###lsm 339 4052
###lsm 2281 4052
###lsm 2281 4053
###lsm 894 4053
###lsm 894 4054
###lsm 895 4054
###lsm 895 4055
###lsm 1605 4055
###lsm 1605 4056
###lsm 1603 4056
###lsm 1603 4057
###lsm 1601 4057
###lsm 1601 4058
###lsm 1599 4058
###lsm 1599 4059
###lsm 1597 4059
###lsm 1597 4060
###lsm 1595 4060
###lsm 1595 4061
###lsm 1593 4061
###lsm 1593 4062
###lsm 1591 4062
###lsm 1591 4063
###lsm 1589 4063
###lsm 4017 1589
###lsm 1815 4064
###lsm 1815 4065
###lsm 1813 4065
###lsm 1813 4066
###lsm 1811 4066
###lsm 1811 4067
###lsm 1809 4067
###lsm 1809 4068
###lsm 1807 4068
###lsm 1807 4069
###lsm 1805 4069
###lsm 1805 4070
###lsm 1803 4070
###lsm 1803 4071
###lsm 1801 4071
###lsm 1801 4072
###lsm 1799 4072
###lsm 1799 4073
###lsm 1797 4073
###lsm 1797 4074
###lsm 1792 4074
###lsm 1792 4075
###lsm 1793 4075
###lsm 1793 4076
###lsm 1926 4076
###lsm 1926 4077
###lsm 1924 4077
###lsm 1924 4078
###lsm 2329 4078
###lsm 2329 4079
###lsm 2331 4079
###lsm 2331 4080
###lsm 2333 4080
###lsm 2333 4081
###lsm 2335 4081
###lsm 2335 4082
###lsm 2337 4082
###lsm 2337 4083
###lsm 2339 4083
###lsm 2339 4084
###lsm 2341 4084
###lsm 2341 4085
###lsm 2343 4085
###lsm 2343 4086
###lsm 2345 4086
###lsm 2345 4087
###lsm 2347 4087
###lsm 2347 4088
###lsm 2349 4088
###lsm 2349 4089
###lsm 2351 4089
###lsm 2351 4090
###lsm 2353 4090
###lsm 2353 4091
###lsm 2355 4091
###lsm 2355 4092
###lsm 2357 4092
###lsm 2357 4093
###lsm 2359 4093
###lsm 2359 4094
###lsm 2361 4094
###lsm 2361 4095
###lsm 2363 4095
###lsm 2363 4096
###lsm 2365 4096
###lsm 2365 4097
###lsm 2367 4097
###lsm 2367 4098
###lsm 2238 4098
###lsm 2238 4099
###lsm 2232 4099
###lsm 2232 4100
###lsm 795 4100
###lsm 795 4101
###lsm 796 4101
###lsm 796 4102
###lsm 1833 4102
###lsm 1833 4103
###lsm 1831 4103
###lsm 1831 4104
###lsm 1829 4104
###lsm 1829 4105
###lsm 1827 4105
###lsm 1827 4106
###lsm 1825 4106
###lsm 1825 4107
###lsm 1823 4107
###lsm 1823 4108
###lsm 1821 4108
###lsm 1821 4109
###lsm 1819 4109
###lsm 1819 4110
###lsm 1817 4110
###lsm 4064 1817
###lsm 2370 4111
###lsm 2370 4112
###lsm 2368 4112
###lsm 2368 4113
###lsm 2391 4113
###lsm 2391 4114
###lsm 2393 4114
###lsm 2393 4115
###lsm 2395 4115
###lsm 2395 4116
###lsm 2397 4116
###lsm 2397 4117
###lsm 2399 4117
###lsm 2399 4118
###lsm 2401 4118
###lsm 2401 4119
###lsm 2403 4119
###lsm 2403 4120
###lsm 2405 4120
###lsm 2405 4121
###lsm 2407 4121
###lsm 2407 4122
###lsm 448 4122
###lsm 448 4123
###lsm 450 4123
###lsm 450 4124
###lsm 451 4124
###lsm 451 4125
###lsm 2409 4125
###lsm 2409 4126
###lsm 2411 4126
###lsm 2411 4127
###lsm 2413 4127
###lsm 2413 4128
###lsm 2415 4128
###lsm 2415 4129
###lsm 2417 4129
###lsm 2417 4130
###lsm 2419 4130
###lsm 2419 4131
###lsm 2421 4131
###lsm 2421 4132
###lsm 2423 4132
###lsm 2423 4133
###lsm 2425 4133
###lsm 2425 4134
###lsm 2427 4134
###lsm 2427 4135
###lsm 2429 4135
###lsm 2429 4136
###lsm 2431 4136
###lsm 2431 4137
###lsm 2433 4137
###lsm 2433 4138
###lsm 2435 4138
###lsm 2435 4139
###lsm 2437 4139
###lsm 2437 4140
###lsm 2439 4140
###lsm 2439 4141
###lsm 2441 4141
###lsm 2441 4142
###lsm 2443 4142
###lsm 2443 4143
###lsm 2445 4143
###lsm 2445 4144
###lsm 2447 4144
###lsm 2447 4145
###lsm 632 4145
###lsm 632 4146
###lsm 2145 4146
###lsm 2145 4147
###lsm 2143 4147
###lsm 2143 4148
###lsm 2144 4148
###lsm 2144 4149
###lsm 2388 4149
###lsm 2388 4150
###lsm 2386 4150
###lsm 2386 4151
###lsm 2384 4151
###lsm 2384 4152
###lsm 2382 4152
###lsm 2382 4153
###lsm 2380 4153
###lsm 2380 4154
###lsm 2378 4154
###lsm 2378 4155
###lsm 2376 4155
###lsm 2376 4156
###lsm 2374 4156
###lsm 2374 4157
###lsm 2372 4157
###lsm 4111 2372
###lsm 1497 4158
###lsm 1497 4159
###lsm 1495 4159
###lsm 1495 4160
###lsm 1493 4160
###lsm 1493 4161
###lsm 1491 4161
###lsm 1491 4162
###lsm 1489 4162
###lsm 1489 4163
###lsm 1487 4163
###lsm 1487 4164
###lsm 1485 4164
###lsm 1485 4165
###lsm 1483 4165
###lsm 1483 4166
###lsm 1481 4166
###lsm 1481 4167
###lsm 1479 4167
###lsm 1479 4168
###lsm 1474 4168
###lsm 1474 4169
###lsm 1475 4169
###lsm 1475 4170
###lsm 2327 4170
###lsm 2327 4171
###lsm 2325 4171
###lsm 2325 4172
###lsm 2449 4172
###lsm 2449 4173
###lsm 2451 4173
###lsm 2451 4174
###lsm 2453 4174
###lsm 2453 4175
###lsm 2455 4175
###lsm 2455 4176
###lsm 2457 4176
###lsm 2457 4177
###lsm 2459 4177
###lsm 2459 4178
###lsm 2461 4178
###lsm 2461 4179
###lsm 2463 4179
###lsm 2463 4180
###lsm 2465 4180
###lsm 2465 4181
###lsm 2467 4181
###lsm 2467 4182
###lsm 2469 4182
###lsm 2469 4183
###lsm 2471 4183
###lsm 2471 4184
###lsm 2473 4184
###lsm 2473 4185
###lsm 2475 4185
###lsm 2475 4186
###lsm 2477 4186
###lsm 2477 4187
###lsm 2479 4187
###lsm 2479 4188
###lsm 2481 4188
###lsm 2481 4189
###lsm 2483 4189
###lsm 2483 4190
###lsm 2485 4190
###lsm 2485 4191
###lsm 2487 4191
###lsm 2487 4192
###lsm 2092 4192
###lsm 2092 4193
###lsm 1521 4193
###lsm 1521 4194
###lsm 1519 4194
###lsm 1519 4195
###lsm 1517 4195
###lsm 1517 4196
###lsm 1515 4196
###lsm 1515 4197
###lsm 1513 4197
###lsm 1513 4198
###lsm 1511 4198
###lsm 1511 4199
###lsm 1509 4199
###lsm 1509 4200
###lsm 1507 4200
###lsm 1507 4201
###lsm 1505 4201
###lsm 1505 4202
###lsm 1503 4202
###lsm 1503 4203
###lsm 1501 4203
###lsm 1501 4204
###lsm 1499 4204
###lsm 4158 1499
###lsm 2428 4205
###lsm 2428 4206
###lsm 2426 4206
###lsm 2426 4207
###lsm 2424 4207
###lsm 2424 4208
###lsm 2422 4208
###lsm 2422 4209
###lsm 2420 4209
###lsm 2420 4210
###lsm 2418 4210
###lsm 2418 4211
###lsm 2416 4211
###lsm 2416 4212
###lsm 2414 4212
###lsm 2414 4213
###lsm 2412 4213
###lsm 2412 4214
###lsm 2410 4214
###lsm 2410 4215
###lsm 2408 4215
###lsm 2408 4216
###lsm 1134 4216
###lsm 1134 4217
###lsm 1136 4217
###lsm 1136 4218
###lsm 1137 4218
###lsm 1137 4219
###lsm 1471 4219
###lsm 1471 4220
###lsm 1469 4220
###lsm 1469 4221
###lsm 1467 4221
###lsm 1467 4222
###lsm 1465 4222
###lsm 1465 4223
###lsm 1463 4223
###lsm 1463 4224
###lsm 1461 4224
###lsm 1461 4225
###lsm 1459 4225
###lsm 1459 4226
###lsm 1457 4226
###lsm 1457 4227
###lsm 1455 4227
###lsm 1455 4228
###lsm 1434 4228
###lsm 1434 4229
###lsm 1436 4229
###lsm 1436 4230
###lsm 1438 4230
###lsm 1438 4231
###lsm 1440 4231
###lsm 1440 4232
###lsm 1442 4232
###lsm 1442 4233
###lsm 1444 4233
###lsm 1444 4234
###lsm 1446 4234
###lsm 1446 4235
###lsm 1448 4235
###lsm 1448 4236
###lsm 1450 4236
###lsm 1450 4237
###lsm 1452 4237
###lsm 1452 4238
###lsm 1454 4238
###lsm 1454 4239
###lsm 641 4239
###lsm 641 4240
###lsm 635 4240
###lsm 635 4241
###lsm 633 4241
###lsm 633 4242
###lsm 634 4242
###lsm 634 4243
###lsm 2446 4243
###lsm 2446 4244
###lsm 2444 4244
###lsm 2444 4245
###lsm 2442 4245
###lsm 2442 4246
###lsm 2440 4246
###lsm 2440 4247
###lsm 2438 4247
###lsm 2438 4248
###lsm 2436 4248
###lsm 2436 4249
###lsm 2434 4249
###lsm 2434 4250
###lsm 2432 4250
###lsm 2432 4251
###lsm 2430 4251
###lsm 4205 2430
###lsm 543 4252
###lsm 543 4253
###lsm 581 4253
###lsm 581 4254
###lsm 580 4254
###lsm 580 4255
###lsm 579 4255
###lsm 579 4256
###lsm 578 4256
###lsm 578 4257
###lsm 577 4257
###lsm 577 4258
###lsm 576 4258
###lsm 576 4259
###lsm 575 4259
###lsm 575 4260
###lsm 573 4260
###lsm 573 4261
###lsm 574 4261
###lsm 574 4262
###lsm 1944 4262
###lsm 1944 4263
###lsm 1942 4263
###lsm 1942 4264
###lsm 1941 4264
###lsm 1941 4265
###lsm 1939 4265
###lsm 1939 4266
###lsm 2406 4266
###lsm 2406 4267
###lsm 2404 4267
###lsm 2404 4268
###lsm 2402 4268
###lsm 2402 4269
###lsm 2400 4269
###lsm 2400 4270
###lsm 2398 4270
###lsm 2398 4271
###lsm 2396 4271
###lsm 2396 4272
###lsm 2394 4272
###lsm 2394 4273
###lsm 2392 4273
###lsm 2392 4274
###lsm 2390 4274
###lsm 2390 4275
###lsm 2369 4275
###lsm 2369 4276
###lsm 2371 4276
###lsm 2371 4277
###lsm 2373 4277
###lsm 2373 4278
###lsm 2375 4278
###lsm 2375 4279
###lsm 2377 4279
###lsm 2377 4280
###lsm 2379 4280
###lsm 2379 4281
###lsm 2381 4281
###lsm 2381 4282
###lsm 2383 4282
###lsm 2383 4283
###lsm 2385 4283
###lsm 2385 4284
###lsm 2387 4284
###lsm 2387 4285
###lsm 2389 4285
###lsm 2389 4286
###lsm 2142 4286
###lsm 2142 4287
###lsm 559 4287
###lsm 559 4288
###lsm 557 4288
###lsm 557 4289
###lsm 555 4289
###lsm 555 4290
###lsm 553 4290
###lsm 553 4291
###lsm 551 4291
###lsm 551 4292
###lsm 550 4292
###lsm 550 4293
###lsm 549 4293
###lsm 549 4294
###lsm 548 4294
###lsm 548 4295
###lsm 547 4295
###lsm 547 4296
###lsm 546 4296
###lsm 546 4297
###lsm 545 4297
###lsm 545 4298
###lsm 544 4298
###lsm 4252 544
###lsm 1724 4299
###lsm 1724 4300
###lsm 1722 4300
###lsm 1722 4301
###lsm 1720 4301
###lsm 1720 4302
###lsm 1718 4302
###lsm 1718 4303
###lsm 1716 4303
###lsm 1716 4304
###lsm 1714 4304
###lsm 1714 4305
###lsm 1712 4305
###lsm 1712 4306
###lsm 1710 4306
###lsm 1710 4307
###lsm 1708 4307
###lsm 1708 4308
###lsm 1706 4308
###lsm 1706 4309
###lsm 1704 4309
###lsm 1704 4310
###lsm 1702 4310
###lsm 1702 4311
###lsm 1703 4311
###lsm 1703 4312
###lsm 1922 4312
###lsm 1922 4313
###lsm 1920 4313
###lsm 1920 4314
###lsm 1918 4314
###lsm 1918 4315
###lsm 1916 4315
###lsm 1916 4316
###lsm 1914 4316
###lsm 1914 4317
###lsm 1912 4317
###lsm 1912 4318
###lsm 1910 4318
###lsm 1910 4319
###lsm 1908 4319
###lsm 1908 4320
###lsm 1906 4320
###lsm 1906 4321
###lsm 1904 4321
###lsm 1904 4322
###lsm 1883 4322
###lsm 1883 4323
###lsm 1885 4323
###lsm 1885 4324
###lsm 1887 4324
###lsm 1887 4325
###lsm 1889 4325
###lsm 1889 4326
###lsm 1891 4326
###lsm 1891 4327
###lsm 1893 4327
###lsm 1893 4328
###lsm 1895 4328
###lsm 1895 4329
###lsm 1897 4329
###lsm 1897 4330
###lsm 1899 4330
###lsm 1899 4331
###lsm 1901 4331
###lsm 1901 4332
###lsm 1903 4332
###lsm 1903 4333
###lsm 1794 4333
###lsm 1794 4334
###lsm 1748 4334
###lsm 1748 4335
###lsm 1746 4335
###lsm 1746 4336
###lsm 1744 4336
###lsm 1744 4337
###lsm 1742 4337
###lsm 1742 4338
###lsm 1740 4338
###lsm 1740 4339
###lsm 1738 4339
###lsm 1738 4340
###lsm 1736 4340
###lsm 1736 4341
###lsm 1734 4341
###lsm 1734 4342
###lsm 1732 4342
###lsm 1732 4343
###lsm 1730 4343
###lsm 1730 4344
###lsm 1728 4344
###lsm 1728 4345
###lsm 1726 4345
###lsm 4299 1726
###lsm 2490 4346
###lsm 2490 4347
###lsm 2488 4347
###lsm 2488 4348
###lsm 2511 4348
###lsm 2511 4349
###lsm 2513 4349
###lsm 2513 4350
###lsm 2515 4350
###lsm 2515 4351
###lsm 2517 4351
###lsm 2517 4352
###lsm 2519 4352
###lsm 2519 4353
###lsm 2521 4353
###lsm 2521 4354
###lsm 2523 4354
###lsm 2523 4355
###lsm 2525 4355
###lsm 2525 4356
###lsm 2527 4356
###lsm 2527 4357
###lsm 1284 4357
###lsm 1284 4358
###lsm 1286 4358
###lsm 1286 4359
###lsm 1287 4359
###lsm 1287 4360
###lsm 1645 4360
###lsm 1645 4361
###lsm 1643 4361
###lsm 1643 4362
###lsm 1641 4362
###lsm 1641 4363
###lsm 1639 4363
###lsm 1639 4364
###lsm 1637 4364
###lsm 1637 4365
###lsm 1635 4365
###lsm 1635 4366
###lsm 1633 4366
###lsm 1633 4367
###lsm 1631 4367
###lsm 1631 4368
###lsm 1629 4368
###lsm 1629 4369
###lsm 1608 4369
###lsm 1608 4370
###lsm 1610 4370
###lsm 1610 4371
###lsm 1612 4371
###lsm 1612 4372
###lsm 1614 4372
###lsm 1614 4373
###lsm 1616 4373
###lsm 1616 4374
###lsm 1618 4374
###lsm 1618 4375
###lsm 1620 4375
###lsm 1620 4376
###lsm 1622 4376
###lsm 1622 4377
###lsm 1624 4377
###lsm 1624 4378
###lsm 1626 4378
###lsm 1626 4379
###lsm 1628 4379
###lsm 1628 4380
###lsm 691 4380
###lsm 691 4381
###lsm 685 4381
###lsm 685 4382
###lsm 506 4382
###lsm 506 4383
###lsm 507 4383
###lsm 507 4384
###lsm 2508 4384
###lsm 2508 4385
###lsm 2506 4385
###lsm 2506 4386
###lsm 2504 4386
###lsm 2504 4387
###lsm 2502 4387
###lsm 2502 4388
###lsm 2500 4388
###lsm 2500 4389
###lsm 2498 4389
###lsm 2498 4390
###lsm 2496 4390
###lsm 2496 4391
###lsm 2494 4391
###lsm 2494 4392
###lsm 2492 4392
###lsm 4346 2492
###lsm 2348 4393
###lsm 2348 4394
###lsm 2346 4394
###lsm 2346 4395
###lsm 2344 4395
###lsm 2344 4396
###lsm 2342 4396
###lsm 2342 4397
###lsm 2340 4397
###lsm 2340 4398
###lsm 2338 4398
###lsm 2338 4399
###lsm 2336 4399
###lsm 2336 4400
###lsm 2334 4400
###lsm 2334 4401
###lsm 2332 4401
###lsm 2332 4402
###lsm 2330 4402
###lsm 2330 4403
###lsm 2328 4403
###lsm 2328 4404
###lsm 1358 4404
###lsm 1358 4405
###lsm 1360 4405
###lsm 1360 4406
###lsm 1361 4406
###lsm 1361 4407
###lsm 1565 4407
###lsm 1565 4408
###lsm 1563 4408
###lsm 1563 4409
###lsm 1561 4409
###lsm 1561 4410
###lsm 1559 4410
###lsm 1559 4411
###lsm 1557 4411
###lsm 1557 4412
###lsm 1555 4412
###lsm 1555 4413
###lsm 1553 4413
###lsm 1553 4414
###lsm 1551 4414
###lsm 1551 4415
###lsm 1549 4415
###lsm 1549 4416
###lsm 1528 4416
###lsm 1528 4417
###lsm 1530 4417
###lsm 1530 4418
###lsm 1532 4418
###lsm 1532 4419
###lsm 1534 4419
###lsm 1534 4420
###lsm 1536 4420
###lsm 1536 4421
###lsm 1538 4421
###lsm 1538 4422
###lsm 1540 4422
###lsm 1540 4423
###lsm 1542 4423
###lsm 1542 4424
###lsm 1544 4424
###lsm 1544 4425
###lsm 1546 4425
###lsm 1546 4426
###lsm 1548 4426
###lsm 1548 4427
###lsm 884 4427
###lsm 884 4428
###lsm 2528 4428
###lsm 2528 4429
###lsm 2239 4429
###lsm 2239 4430
###lsm 2240 4430
###lsm 2240 4431
###lsm 2366 4431
###lsm 2366 4432
###lsm 2364 4432
###lsm 2364 4433
###lsm 2362 4433
###lsm 2362 4434
###lsm 2360 4434
###lsm 2360 4435
###lsm 2358 4435
###lsm 2358 4436
###lsm 2356 4436
###lsm 2356 4437
###lsm 2354 4437
###lsm 2354 4438
###lsm 2352 4438
###lsm 2352 4439
###lsm 2350 4439
###lsm 4393 2350
###lsm 2468 4440
###lsm 2468 4441
###lsm 2466 4441
###lsm 2466 4442
###lsm 2464 4442
###lsm 2464 4443
###lsm 2462 4443
###lsm 2462 4444
###lsm 2460 4444
###lsm 2460 4445
###lsm 2458 4445
###lsm 2458 4446
###lsm 2456 4446
###lsm 2456 4447
###lsm 2454 4447
###lsm 2454 4448
###lsm 2452 4448
###lsm 2452 4449
###lsm 2450 4449
###lsm 2450 4450
###lsm 2448 4450
###lsm 2448 4451
###lsm 1163 4451
###lsm 1163 4452
###lsm 1165 4452
###lsm 1165 4453
###lsm 1166 4453
###lsm 1166 4454
###lsm 2526 4454
###lsm 2526 4455
###lsm 2524 4455
###lsm 2524 4456
###lsm 2522 4456
###lsm 2522 4457
###lsm 2520 4457
###lsm 2520 4458
###lsm 2518 4458
###lsm 2518 4459
###lsm 2516 4459
###lsm 2516 4460
###lsm 2514 4460
###lsm 2514 4461
###lsm 2512 4461
###lsm 2512 4462
###lsm 2510 4462
###lsm 2510 4463
###lsm 2489 4463
###lsm 2489 4464
###lsm 2491 4464
###lsm 2491 4465
###lsm 2493 4465
###lsm 2493 4466
###lsm 2495 4466
###lsm 2495 4467
###lsm 2497 4467
###lsm 2497 4468
###lsm 2499 4468
###lsm 2499 4469
###lsm 2501 4469
###lsm 2501 4470
###lsm 2503 4470
###lsm 2503 4471
###lsm 2505 4471
###lsm 2505 4472
###lsm 2507 4472
###lsm 2507 4473
###lsm 2509 4473
###lsm 2509 4474
###lsm 505 4474
###lsm 505 4475
###lsm 2095 4475
###lsm 2095 4476
###lsm 2093 4476
###lsm 2093 4477
###lsm 2094 4477
###lsm 2094 4478
###lsm 2486 4478
###lsm 2486 4479
###lsm 2484 4479
###lsm 2484 4480
###lsm 2482 4480
###lsm 2482 4481
###lsm 2480 4481
###lsm 2480 4482
###lsm 2478 4482
###lsm 2478 4483
###lsm 2476 4483
###lsm 2476 4484
###lsm 2474 4484
###lsm 2474 4485
###lsm 2472 4485
###lsm 2472 4486
###lsm 2470 4486
###lsm 4440 2470
###lsm 1111 4487
###lsm 1111 4488
###lsm 1109 4488
###lsm 1109 4489
###lsm 1107 4489
###lsm 1107 4490
###lsm 1105 4490
###lsm 1105 4491
###lsm 1103 4491
###lsm 1103 4492
###lsm 1101 4492
###lsm 1101 4493
###lsm 1099 4493
###lsm 1099 4494
###lsm 1097 4494
###lsm 1097 4495
###lsm 1095 4495
###lsm 1095 4496
###lsm 1093 4496
###lsm 1093 4497
###lsm 1091 4497
###lsm 1091 4498
###lsm 1089 4498
###lsm 1089 4499
###lsm 1038 4499
###lsm 1038 4500
###lsm 1041 4500
###lsm 1041 4501
###lsm 1043 4501
###lsm 1043 4502
###lsm 1045 4502
###lsm 1045 4503
###lsm 1047 4503
###lsm 1047 4504
###lsm 1049 4504
###lsm 1049 4505
###lsm 1051 4505
###lsm 1051 4506
###lsm 1053 4506
###lsm 1053 4507
###lsm 1055 4507
###lsm 1055 4508
###lsm 1057 4508
###lsm 1057 4509
###lsm 1059 4509
###lsm 1059 4510
###lsm 1061 4510
###lsm 1061 4511
###lsm 1063 4511
###lsm 1063 4512
###lsm 1065 4512
###lsm 1065 4513
###lsm 1067 4513
###lsm 1067 4514
###lsm 1069 4514
###lsm 1069 4515
###lsm 1071 4515
###lsm 1071 4516
###lsm 1073 4516
###lsm 1073 4517
###lsm 1075 4517
###lsm 1075 4518
###lsm 1077 4518
###lsm 1077 4519
###lsm 1079 4519
###lsm 1079 4520
###lsm 1081 4520
###lsm 1081 4521
###lsm 1083 4521
###lsm 1083 4522
###lsm 1135 4522
###lsm 1135 4523
###lsm 1133 4523
###lsm 1133 4524
###lsm 1131 4524
###lsm 1131 4525
###lsm 1129 4525
###lsm 1129 4526
###lsm 1127 4526
###lsm 1127 4527
###lsm 1125 4527
###lsm 1125 4528
###lsm 1123 4528
###lsm 1123 4529
###lsm 1121 4529
###lsm 1121 4530
###lsm 1119 4530
###lsm 1119 4531
###lsm 1117 4531
###lsm 1117 4532
###lsm 1115 4532
###lsm 1115 4533
###lsm 1113 4533
###lsm 4487 1113
###lsm 1261 4534
###lsm 1261 4535
###lsm 1259 4535
###lsm 1259 4536
###lsm 1257 4536
###lsm 1257 4537
###lsm 1255 4537
###lsm 1255 4538
###lsm 1253 4538
###lsm 1253 4539
###lsm 1251 4539
###lsm 1251 4540
###lsm 1249 4540
###lsm 1249 4541
###lsm 1247 4541
###lsm 1247 4542
###lsm 1245 4542
###lsm 1245 4543
###lsm 1243 4543
###lsm 1243 4544
###lsm 1241 4544
###lsm 1241 4545
###lsm 1239 4545
###lsm 1239 4546
###lsm 1189 4546
###lsm 1189 4547
###lsm 1191 4547
###lsm 1191 4548
###lsm 1193 4548
###lsm 1193 4549
###lsm 1195 4549
###lsm 1195 4550
###lsm 1197 4550
###lsm 1197 4551
###lsm 1199 4551
###lsm 1199 4552
###lsm 1201 4552
###lsm 1201 4553
###lsm 1203 4553
###lsm 1203 4554
###lsm 1205 4554
###lsm 1205 4555
###lsm 1207 4555
###lsm 1207 4556
###lsm 1209 4556
###lsm 1209 4557
###lsm 1211 4557
###lsm 1211 4558
###lsm 1213 4558
###lsm 1213 4559
###lsm 1215 4559
###lsm 1215 4560
###lsm 1217 4560
###lsm 1217 4561
###lsm 1219 4561
###lsm 1219 4562
###lsm 1221 4562
###lsm 1221 4563
###lsm 1223 4563
###lsm 1223 4564
###lsm 1225 4564
###lsm 1225 4565
###lsm 1227 4565
###lsm 1227 4566
###lsm 1229 4566
###lsm 1229 4567
###lsm 1231 4567
###lsm 1231 4568
###lsm 1233 4568
###lsm 1233 4569
###lsm 1285 4569
###lsm 1285 4570
###lsm 1283 4570
###lsm 1283 4571
###lsm 1281 4571
###lsm 1281 4572
###lsm 1279 4572
###lsm 1279 4573
###lsm 1277 4573
###lsm 1277 4574
###lsm 1275 4574
###lsm 1275 4575
###lsm 1273 4575
###lsm 1273 4576
###lsm 1271 4576
###lsm 1271 4577
###lsm 1269 4577
###lsm 1269 4578
###lsm 1267 4578
###lsm 1267 4579
###lsm 1265 4579
###lsm 1265 4580
###lsm 1263 4580
###lsm 4534 1263
###lsm 316 4581
###lsm 316 4582
###lsm 318 4582
###lsm 318 4583
###lsm 320 4583
###lsm 320 4584
###lsm 322 4584
###lsm 322 4585
###lsm 324 4585
###lsm 324 4586
###lsm 326 4586
###lsm 326 4587
###lsm 328 4587
###lsm 328 4588
###lsm 330 4588
###lsm 330 4589
###lsm 332 4589
###lsm 332 4590
###lsm 334 4590
###lsm 334 4591
###lsm 336 4591
###lsm 336 4592
###lsm 338 4592
###lsm 338 4593
###lsm 1332 4593
###lsm 1332 4594
###lsm 1330 4594
###lsm 1330 4595
###lsm 1328 4595
###lsm 1328 4596
###lsm 514 4596
###lsm 514 4597
###lsm 513 4597
###lsm 513 4598
###lsm 512 4598
###lsm 512 4599
###lsm 511 4599
###lsm 511 4600
###lsm 510 4600
###lsm 510 4601
###lsm 509 4601
###lsm 509 4602
###lsm 508 4602
###lsm 508 4603
###lsm 2530 4603
###lsm 2530 4604
###lsm 2531 4604
###lsm 2531 4605
###lsm 2532 4605
###lsm 2532 4606
###lsm 2533 4606
###lsm 2533 4607
###lsm 2534 4607
###lsm 2534 4608
###lsm 2535 4608
###lsm 2535 4609
###lsm 2536 4609
###lsm 2536 4610
###lsm 2537 4610
###lsm 2537 4611
###lsm 2538 4611
###lsm 2538 4612
###lsm 2539 4612
###lsm 2539 4613
###lsm 2540 4613
###lsm 2540 4614
###lsm 2541 4614
###lsm 2541 4615
###lsm 2542 4615
###lsm 2542 4616
###lsm 292 4616
###lsm 292 4617
###lsm 293 4617
###lsm 293 4618
###lsm 296 4618
###lsm 296 4619
###lsm 298 4619
###lsm 298 4620
###lsm 300 4620
###lsm 300 4621
###lsm 302 4621
###lsm 302 4622
###lsm 304 4622
###lsm 304 4623
###lsm 306 4623
###lsm 306 4624
###lsm 308 4624
###lsm 308 4625
###lsm 310 4625
###lsm 310 4626
###lsm 312 4626
###lsm 312 4627
###lsm 314 4627
###lsm 4581 314
###lsm 2259 4628
###lsm 2259 4629
###lsm 2257 4629
###lsm 2257 4630
###lsm 2255 4630
###lsm 2255 4631
###lsm 2253 4631
###lsm 2253 4632
###lsm 2251 4632
###lsm 2251 4633
###lsm 2249 4633
###lsm 2249 4634
###lsm 2247 4634
###lsm 2247 4635
###lsm 2245 4635
###lsm 2245 4636
###lsm 2243 4636
###lsm 2243 4637
###lsm 2241 4637
###lsm 2241 4638
###lsm 2236 4638
###lsm 2236 4639
###lsm 2237 4639
###lsm 2237 4640
###lsm 2529 4640
###lsm 2529 4641
###lsm 882 4641
###lsm 882 4642
###lsm 880 4642
###lsm 880 4643
###lsm 878 4643
###lsm 878 4644
###lsm 876 4644
###lsm 876 4645
###lsm 874 4645
###lsm 874 4646
###lsm 872 4646
###lsm 872 4647
###lsm 870 4647
###lsm 870 4648
###lsm 868 4648
###lsm 868 4649
###lsm 866 4649
###lsm 866 4650
###lsm 864 4650
###lsm 864 4651
###lsm 839 4651
###lsm 839 4652
###lsm 841 4652
###lsm 841 4653
###lsm 843 4653
###lsm 843 4654
###lsm 845 4654
###lsm 845 4655
###lsm 847 4655
###lsm 847 4656
###lsm 849 4656
###lsm 849 4657
###lsm 851 4657
###lsm 851 4658
###lsm 853 4658
###lsm 853 4659
###lsm 855 4659
###lsm 855 4660
###lsm 857 4660
###lsm 857 4661
###lsm 859 4661
###lsm 859 4662
###lsm 861 4662
###lsm 861 4663
###lsm 763 4663
###lsm 763 4664
###lsm 764 4664
###lsm 764 4665
###lsm 2279 4665
###lsm 2279 4666
###lsm 2277 4666
###lsm 2277 4667
###lsm 2275 4667
###lsm 2275 4668
###lsm 2273 4668
###lsm 2273 4669
###lsm 2271 4669
###lsm 2271 4670
###lsm 2269 4670
###lsm 2269 4671
###lsm 2267 4671
###lsm 2267 4672
###lsm 2265 4672
###lsm 2265 4673
###lsm 2263 4673
###lsm 2263 4674
###lsm 2261 4674
###lsm 4628 2261
###lsm 2209 4675
###lsm 2209 4676
###lsm 2207 4676
###lsm 2207 4677
###lsm 2205 4677
###lsm 2205 4678
###lsm 2203 4678
###lsm 2203 4679
###lsm 2201 4679
###lsm 2201 4680
###lsm 2199 4680
###lsm 2199 4681
###lsm 2197 4681
###lsm 2197 4682
###lsm 2195 4682
###lsm 2195 4683
###lsm 2193 4683
###lsm 2193 4684
###lsm 2191 4684
###lsm 2191 4685
###lsm 2189 4685
###lsm 2189 4686
###lsm 1694 4686
###lsm 1694 4687
###lsm 1696 4687
###lsm 1696 4688
###lsm 1697 4688
###lsm 1697 4689
###lsm 2046 4689
###lsm 2046 4690
###lsm 2044 4690
###lsm 2044 4691
###lsm 2042 4691
###lsm 2042 4692
###lsm 2040 4692
###lsm 2040 4693
###lsm 2038 4693
###lsm 2038 4694
###lsm 2036 4694
###lsm 2036 4695
###lsm 2034 4695
###lsm 2034 4696
###lsm 2032 4696
###lsm 2032 4697
###lsm 2030 4697
###lsm 2030 4698
###lsm 2005 4698
###lsm 2005 4699
###lsm 2007 4699
###lsm 2007 4700
###lsm 2009 4700
###lsm 2009 4701
###lsm 2011 4701
###lsm 2011 4702
###lsm 2013 4702
###lsm 2013 4703
###lsm 2015 4703
###lsm 2015 4704
###lsm 2017 4704
###lsm 2017 4705
###lsm 2019 4705
###lsm 2019 4706
###lsm 2021 4706
###lsm 2021 4707
###lsm 2023 4707
###lsm 2023 4708
###lsm 2025 4708
###lsm 2025 4709
###lsm 2027 4709
###lsm 2027 4710
###lsm 2029 4710
###lsm 2029 4711
###lsm 2231 4711
###lsm 2231 4712
###lsm 2229 4712
###lsm 2229 4713
###lsm 2227 4713
###lsm 2227 4714
###lsm 2225 4714
###lsm 2225 4715
###lsm 2223 4715
###lsm 2223 4716
###lsm 2221 4716
###lsm 2221 4717
###lsm 2219 4717
###lsm 2219 4718
###lsm 2217 4718
###lsm 2217 4719
###lsm 2215 4719
###lsm 2215 4720
###lsm 2213 4720
###lsm 2213 4721
###lsm 2211 4721
###lsm 4675 2211
###lsm 2167 4722
###lsm 2167 4723
###lsm 2165 4723
###lsm 2165 4724
###lsm 2163 4724
###lsm 2163 4725
###lsm 2161 4725
###lsm 2161 4726
###lsm 2159 4726
###lsm 2159 4727
###lsm 2157 4727
###lsm 2157 4728
###lsm 2155 4728
###lsm 2155 4729
###lsm 2153 4729
###lsm 2153 4730
###lsm 2151 4730
###lsm 2151 4731
###lsm 2149 4731
###lsm 2149 4732
###lsm 2147 4732
###lsm 2147 4733
###lsm 1520 4733
###lsm 1520 4734
###lsm 1522 4734
###lsm 1522 4735
###lsm 1523 4735
###lsm 1523 4736
###lsm 2089 4736
###lsm 2089 4737
###lsm 2087 4737
###lsm 2087 4738
###lsm 2085 4738
###lsm 2085 4739
###lsm 2083 4739
###lsm 2083 4740
###lsm 2081 4740
###lsm 2081 4741
###lsm 2079 4741
###lsm 2079 4742
###lsm 2077 4742
###lsm 2077 4743
###lsm 2075 4743
###lsm 2075 4744
###lsm 2073 4744
###lsm 2073 4745
###lsm 2049 4745
###lsm 2049 4746
###lsm 2051 4746
###lsm 2051 4747
###lsm 2053 4747
###lsm 2053 4748
###lsm 2055 4748
###lsm 2055 4749
###lsm 2057 4749
###lsm 2057 4750
###lsm 2059 4750
###lsm 2059 4751
###lsm 2061 4751
###lsm 2061 4752
###lsm 2063 4752
###lsm 2063 4753
###lsm 2065 4753
###lsm 2065 4754
###lsm 2067 4754
###lsm 2067 4755
###lsm 2069 4755
###lsm 2069 4756
###lsm 2071 4756
###lsm 2071 4757
###lsm 610 4757
###lsm 610 4758
###lsm 611 4758
###lsm 611 4759
###lsm 2187 4759
###lsm 2187 4760
###lsm 2185 4760
###lsm 2185 4761
###lsm 2183 4761
###lsm 2183 4762
###lsm 2181 4762
###lsm 2181 4763
###lsm 2179 4763
###lsm 2179 4764
###lsm 2177 4764
###lsm 2177 4765
###lsm 2175 4765
###lsm 2175 4766
###lsm 2173 4766
###lsm 2173 4767
###lsm 2171 4767
###lsm 2171 4768
###lsm 2169 4768
###lsm 4722 2169
###lsm 2544 4769
###lsm 2544 4770
###lsm 2545 4770
###lsm 2545 4771
###lsm 2546 4771
###lsm 2546 4772
###lsm 565 4772
###lsm 565 4773
###lsm 566 4773
###lsm 566 4774
###lsm 562 4774
###lsm 562 4775
###lsm 563 4775
###lsm 563 4776
###lsm 564 4776
###lsm 564 4777
###lsm 552 4777
###lsm 552 4778
###lsm 554 4778
###lsm 554 4779
###lsm 556 4779
###lsm 556 4780
###lsm 558 4780
###lsm 558 4781
###lsm 560 4781
###lsm 560 4782
###lsm 561 4782
###lsm 561 4783
###lsm 2139 4783
###lsm 2139 4784
###lsm 2137 4784
###lsm 2137 4785
###lsm 2135 4785
###lsm 2135 4786
###lsm 2133 4786
###lsm 2133 4787
###lsm 2131 4787
###lsm 2131 4788
###lsm 2129 4788
###lsm 2129 4789
###lsm 2127 4789
###lsm 2127 4790
###lsm 2125 4790
###lsm 2125 4791
###lsm 2123 4791
###lsm 2123 4792
###lsm 2098 4792
###lsm 2098 4793
###lsm 2100 4793
###lsm 2100 4794
###lsm 2102 4794
###lsm 2102 4795
###lsm 2104 4795
###lsm 2104 4796
###lsm 2106 4796
###lsm 2106 4797
###lsm 2108 4797
###lsm 2108 4798
###lsm 2110 4798
###lsm 2110 4799
###lsm 2112 4799
###lsm 2112 4800
###lsm 2114 4800
###lsm 2114 4801
###lsm 2116 4801
###lsm 2116 4802
###lsm 2118 4802
###lsm 2118 4803
###lsm 2120 4803
###lsm 2120 4804
###lsm 2122 4804
###lsm 2122 4805
###lsm 454 4805
###lsm 454 4806
###lsm 455 4806
###lsm 455 4807
###lsm 456 4807
###lsm 456 4808
###lsm 2547 4808
###lsm 2547 4809
###lsm 2548 4809
###lsm 2548 4810
###lsm 2549 4810
###lsm 2549 4811
###lsm 2550 4811
###lsm 2550 4812
###lsm 2551 4812
###lsm 2551 4813
###lsm 2552 4813
###lsm 2552 4814
###lsm 2553 4814
###lsm 2553 4815
###lsm 2543 4815
###lsm 4769 2543
###lsm 343 2559
###lsm 290 453
###lsm 288 4617
###lsm 288 4616
###lsm 290 3771
###lsm 290 4711
###lsm 3583 4711
###lsm 3584 4711
###lsm 3584 4710
###lsm 3585 4710
###lsm 3585 4709
###lsm 3586 4709
###lsm 3586 4708
###lsm 3587 4708
###lsm 3587 4707
###lsm 3588 4707
###lsm 3588 4706
###lsm 3589 4706
###lsm 3589 4705
###lsm 3590 4705
###lsm 3590 4704
###lsm 3591 4704
###lsm 3591 4703
###lsm 3592 4703
###lsm 3592 4702
###lsm 3593 4702
###lsm 3593 4701
###lsm 3547 4701
###lsm 3547 4700
###lsm 3548 4700
###lsm 3548 4699
###lsm 3549 4699
###lsm 3549 4698
###lsm 3550 4698
###lsm 3550 4697
###lsm 3551 4697
###lsm 3551 4696
###lsm 3552 4696
###lsm 3552 4695
###lsm 3553 4695
###lsm 3553 4694
###lsm 3554 4694
###lsm 3554 4693
###lsm 3555 4693
###lsm 3555 4692
###lsm 3556 4692
###lsm 3556 4691
###lsm 3557 4691
###lsm 3557 4690
###lsm 3558 4690
###lsm 3558 4689
###lsm 3559 4689
###lsm 3559 3302
###lsm 2556 4806
###lsm 2556 4805
###lsm 3678 4805
###lsm 3678 4804
###lsm 3679 4804
###lsm 3679 4803
###lsm 3680 4803
###lsm 3680 4802
###lsm 3681 4802
###lsm 3681 4801
###lsm 3682 4801
###lsm 3682 4800
###lsm 3683 4800
###lsm 3683 4799
###lsm 3684 4799
###lsm 3684 4798
###lsm 3685 4798
###lsm 3685 4797
###lsm 3686 4797
###lsm 3686 4796
###lsm 3687 4796
###lsm 3687 4795
###lsm 3641 4795
###lsm 3641 4794
###lsm 3642 4794
###lsm 3642 4793
###lsm 3643 4793
###lsm 3643 4792
###lsm 3644 4792
###lsm 3644 4791
###lsm 3645 4791
###lsm 3645 4790
###lsm 3646 4790
###lsm 3646 4789
###lsm 3647 4789
###lsm 3647 4788
###lsm 3648 4788
###lsm 3648 4787
###lsm 3649 4787
###lsm 3649 4786
###lsm 3650 4786
###lsm 3650 4785
###lsm 3651 4785
###lsm 3651 4784
###lsm 3652 4784
###lsm 3652 4783
###lsm 3653 4783
###lsm 3653 4148
###lsm 2557 254
###lsm 2557 256
###lsm 2558 3371
###lsm 2558 3370
###lsm 2559 3889
###lsm 2559 4547
###lsm 2855 4547
###lsm 2855 4546
###lsm 2856 4546
###lsm 2856 4545
###lsm 2857 4545
###lsm 2857 4544
###lsm 2858 4544
###lsm 2858 4543
###lsm 2859 4543
###lsm 2859 4542
###lsm 2860 4542
###lsm 2860 4541
###lsm 2861 4541
###lsm 2861 4540
###lsm 2862 4540
###lsm 2862 4539
###lsm 2863 4539
###lsm 2863 4538
###lsm 2864 4538
###lsm 2864 4537
###lsm 2865 4537
###lsm 2865 4536
###lsm 2866 4536
###lsm 2866 4535
###lsm 2867 4535
###lsm 2867 4534
###lsm 2868 4534
###lsm 2868 4580
###lsm 2869 4580
###lsm 2869 4579
###lsm 2870 4579
###lsm 2870 4578
###lsm 2871 4578
###lsm 2871 4577
###lsm 2872 4577
###lsm 2872 4576
###lsm 2873 4576
###lsm 2873 4575
###lsm 2874 4575
###lsm 2874 4574
###lsm 2875 4574
###lsm 2875 4573
###lsm 2876 4573
###lsm 2876 4572
###lsm 2877 4572
###lsm 2877 4571
###lsm 4454 4571
###lsm 4454 4358
###lsm 2555 3513
###lsm 2555 3512
###lsm 2761 3512
###lsm 2762 3512
###lsm 2762 3511
###lsm 2763 3511
###lsm 2763 3510
###lsm 2764 3510
###lsm 2764 3509
###lsm 2765 3509
###lsm 2765 3508
###lsm 2766 3508
###lsm 2766 3507
###lsm 2767 3507
###lsm 2767 3506
###lsm 2768 3506
###lsm 2768 3505
###lsm 2769 3505
###lsm 2769 3504
###lsm 2770 3504
###lsm 2770 3503
###lsm 2771 3503
###lsm 2771 3502
###lsm 2772 3502
###lsm 2772 3501
###lsm 2773 3501
###lsm 2773 3500
###lsm 2774 3500
###lsm 2774 3546
###lsm 2775 3546
###lsm 2775 3545
###lsm 2776 3545
###lsm 2776 3544
###lsm 2777 3544
###lsm 2777 3543
###lsm 2778 3543
###lsm 2778 3542
###lsm 2779 3542
###lsm 2779 3541
###lsm 2780 3541
###lsm 2780 3540
###lsm 2781 3540
###lsm 2781 3539
###lsm 2782 3539
###lsm 2782 3538
###lsm 2783 3538
###lsm 2783 3537
###lsm 4031 3537
###lsm 4031 2901
###lsm 2554 74
###lsm 2554 76
###lsm 2554 78
###lsm 2554 80
###lsm 2554 82
###lsm 2554 84
###lsm 2554 86
###lsm 2554 88
###lsm 3527 88
###lsm 3528 88
###lsm 3529 88
###lsm 3530 88
###lsm 3530 90
###lsm 3531 90
###lsm 3532 90
###lsm 3533 90
###lsm 3533 2905
###lsm 2905 90
###lsm 2906 90
###lsm 2906 92
###lsm 2907 92
###lsm 2908 92
###lsm 2909 92
###lsm 2909 94
###lsm 2910 94
###lsm 2910 96
###lsm 2911 96
###lsm 2911 98
###lsm 2911 100
###lsm 2912 100
###lsm 2912 102
###lsm 2912 104
###lsm 2912 106
###lsm 2913 106
###lsm 2913 108
###lsm 2913 110
###lsm 2914 110
###lsm 2914 112
###lsm 2914 114
###lsm 2915 114
###lsm 2915 116
###lsm 2915 118
###lsm 2915 120
###lsm 2916 120
###lsm 2916 122
###lsm 2916 124
###lsm 2917 124
###lsm 2917 126
###lsm 2918 126
###lsm 2918 128
###lsm 2919 128
###lsm 2920 128
###lsm 2921 128
###lsm 2921 130
###lsm 2922 130
###lsm 2922 4597
###lsm 2923 4597
###lsm 2923 4596
###lsm 2924 4596
###lsm 2924 4595
###lsm 2925 4595
###lsm 2925 4594
###lsm 130 4600
###lsm 130 4599
###lsm 132 288
###lsm 132 4603
###lsm 288 134
###lsm 288 136
###lsm 288 138
###lsm 288 140
###lsm 288 142
###lsm 288 72
###lsm 74 288
###lsm 4253 218
###lsm 4253 220
###lsm 4254 220
###lsm 4254 222
###lsm 4254 224
###lsm 4255 224
###lsm 4255 226
###lsm 4255 228
###lsm 4255 230
###lsm 4256 230
###lsm 4256 232
###lsm 4256 234
###lsm 4257 234
###lsm 4257 236
###lsm 4258 236
###lsm 4259 236
###lsm 4260 236
###lsm 4260 238
###lsm 4261 238
###lsm 4261 3399
###lsm 4262 3399
###lsm 4262 3398
###lsm 4263 3398
###lsm 4263 3397
###lsm 238 3402
###lsm 238 3401
###lsm 240 2558
###lsm 240 3404
###lsm 2558 242
###lsm 2558 244
###lsm 2558 246
###lsm 2558 248
###lsm 2558 250
###lsm 2558 252
###lsm 254 2558
###lsm 2557 258
###lsm 2557 260
###lsm 2557 262
###lsm 2557 264
###lsm 2557 266
###lsm 2557 268
###lsm 4773 268
###lsm 4774 268
###lsm 4775 268
###lsm 4775 270
###lsm 4776 270
###lsm 4777 270
###lsm 4778 270
###lsm 4778 4292
###lsm 4292 270
###lsm 4293 270
###lsm 4293 272
###lsm 4294 272
###lsm 4295 272
###lsm 4296 272
###lsm 4296 274
###lsm 4297 274
###lsm 4297 276
###lsm 4297 278
###lsm 4298 278
###lsm 4298 280
###lsm 4298 282
###lsm 4298 284
###lsm 4252 284
###lsm 4252 286
###lsm 4252 216
###lsm 216 4253
###lsm 2561 3666
###lsm 2561 3665
###lsm 2562 3665
###lsm 2562 3664
###lsm 2563 3664
###lsm 2563 3663
###lsm 2564 3663
###lsm 2564 3662
###lsm 2565 3662
###lsm 2565 3661
###lsm 2566 3661
###lsm 2566 3660
###lsm 2567 3660
###lsm 2567 3659
###lsm 2568 3659
###lsm 2568 3658
###lsm 2569 3658
###lsm 2569 3657
###lsm 2570 3657
###lsm 2570 3656
###lsm 2571 3656
###lsm 2571 3655
###lsm 2572 3655
###lsm 2572 4242
###lsm 3666 2560
###lsm 3667 2560
###lsm 3667 2606
###lsm 3668 2606
###lsm 3668 2605
###lsm 3669 2605
###lsm 3669 2604
###lsm 3670 2604
###lsm 3670 2603
###lsm 3671 2603
###lsm 3671 2602
###lsm 3672 2602
###lsm 3672 2601
###lsm 3673 2601
###lsm 3673 2600
###lsm 3674 2600
###lsm 3674 2599
###lsm 3675 2599
###lsm 3675 2598
###lsm 3676 2598
###lsm 3676 2597
###lsm 3677 2597
###lsm 3677 2596
###lsm 2556 2596
###lsm 2556 3724
###lsm 4758 3724
###lsm 4759 3724
###lsm 4759 3723
###lsm 4760 3723
###lsm 4760 3722
###lsm 4761 3722
###lsm 4761 3721
###lsm 4762 3721
###lsm 4762 3720
###lsm 4763 3720
###lsm 4763 3719
###lsm 4764 3719
###lsm 4764 3718
###lsm 4765 3718
###lsm 4765 3717
###lsm 4766 3717
###lsm 4766 3716
###lsm 4767 3716
###lsm 4767 3715
###lsm 4768 3715
###lsm 4768 3714
###lsm 4722 3714
###lsm 4722 3713
###lsm 4723 3713
###lsm 4723 3712
###lsm 4724 3712
###lsm 4724 3711
###lsm 4725 3711
###lsm 4725 3710
###lsm 4726 3710
###lsm 4726 3709
###lsm 4727 3709
###lsm 4727 3708
###lsm 4728 3708
###lsm 4728 3707
###lsm 4729 3707
###lsm 4729 3706
###lsm 4730 3706
###lsm 4730 3705
###lsm 4731 3705
###lsm 4731 3704
###lsm 4732 3704
###lsm 4732 3703
###lsm 4733 3703
###lsm 4733 3702
###lsm 4734 3702
###lsm 4734 4195
###lsm 3724 2596
###lsm 3725 2596
###lsm 3725 2595
###lsm 3726 2595
###lsm 3726 2594
###lsm 3727 2594
###lsm 3727 2593
###lsm 3728 2593
###lsm 3728 2592
###lsm 3729 2592
###lsm 3729 2591
###lsm 3730 2591
###lsm 3730 2590
###lsm 3731 2590
###lsm 3731 2589
###lsm 3732 2589
###lsm 3732 2588
###lsm 3733 2588
###lsm 3733 2587
###lsm 3734 2587
###lsm 3734 2586
###lsm 3688 2586
###lsm 3688 2585
###lsm 3689 2585
###lsm 3689 2584
###lsm 3690 2584
###lsm 3690 2583
###lsm 3691 2583
###lsm 3691 2582
###lsm 3692 2582
###lsm 3692 2581
###lsm 3693 2581
###lsm 3693 2580
###lsm 3694 2580
###lsm 3694 2579
###lsm 3695 2579
###lsm 3695 2578
###lsm 3696 2578
###lsm 3696 2577
###lsm 3697 2577
###lsm 3697 2576
###lsm 3698 2576
###lsm 3698 2575
###lsm 3699 2575
###lsm 3699 2574
###lsm 3700 2574
###lsm 3700 3020
###lsm 2574 4241
###lsm 2574 4240
###lsm 3020 2574
###lsm 3020 4240
###lsm 3021 4240
###lsm 3021 4239
###lsm 3022 4239
###lsm 3022 4238
###lsm 3023 4238
###lsm 3023 4237
###lsm 3024 4237
###lsm 3024 4236
###lsm 3025 4236
###lsm 3025 4235
###lsm 3026 4235
###lsm 3026 4234
###lsm 3027 4234
###lsm 3027 4233
###lsm 3028 4233
###lsm 3028 4232
###lsm 3029 4232
###lsm 3029 4231
###lsm 2983 4231
###lsm 2983 4230
###lsm 2984 4230
###lsm 2984 4229
###lsm 2985 4229
###lsm 2985 4228
###lsm 2986 4228
###lsm 2986 4227
###lsm 2987 4227
###lsm 2987 4226
###lsm 2988 4226
###lsm 2988 4225
###lsm 2989 4225
###lsm 2989 4224
###lsm 2990 4224
###lsm 2990 4223
###lsm 2991 4223
###lsm 2991 4222
###lsm 2992 4222
###lsm 2992 4221
###lsm 2993 4221
###lsm 2993 4220
###lsm 2994 4220
###lsm 2994 4219
###lsm 2995 4219
###lsm 2995 3443
###lsm 2572 4241
###lsm 4241 2573
###lsm 2608 3619
###lsm 2608 3618
###lsm 2609 3618
###lsm 2609 3617
###lsm 2610 3617
###lsm 2610 3616
###lsm 2611 3616
###lsm 2611 3615
###lsm 2612 3615
###lsm 2612 3614
###lsm 2613 3614
###lsm 2613 3613
###lsm 2614 3613
###lsm 2614 3612
###lsm 2615 3612
###lsm 2615 3611
###lsm 2616 3611
###lsm 2616 3610
###lsm 2617 3610
###lsm 2617 3609
###lsm 2618 3609
###lsm 2618 3608
###lsm 2619 3608
###lsm 2619 4383
###lsm 3619 2607
###lsm 3620 2607
###lsm 3620 2653
###lsm 3621 2653
###lsm 3621 2652
###lsm 3622 2652
###lsm 3622 2651
###lsm 3623 2651
###lsm 3623 2650
###lsm 3624 2650
###lsm 3624 2649
###lsm 3625 2649
###lsm 3625 2648
###lsm 3626 2648
###lsm 3626 2647
###lsm 3627 2647
###lsm 3627 2646
###lsm 3628 2646
###lsm 3628 2645
###lsm 3629 2645
###lsm 3629 2644
###lsm 3630 2644
###lsm 3630 2643
###lsm 2556 2643
###lsm 3771 2556
###lsm 3771 2643
###lsm 3772 2643
###lsm 3772 2642
###lsm 3773 2642
###lsm 3773 2641
###lsm 3774 2641
###lsm 3774 2640
###lsm 3775 2640
###lsm 3775 2639
###lsm 3776 2639
###lsm 3776 2638
###lsm 3777 2638
###lsm 3777 2637
###lsm 3778 2637
###lsm 3778 2636
###lsm 3779 2636
###lsm 3779 2635
###lsm 3780 2635
###lsm 3780 2634
###lsm 3781 2634
###lsm 3781 2633
###lsm 3735 2633
###lsm 3735 2632
###lsm 3736 2632
###lsm 3736 2631
###lsm 3737 2631
###lsm 3737 2630
###lsm 3738 2630
###lsm 3738 2629
###lsm 3739 2629
###lsm 3739 2628
###lsm 3740 2628
###lsm 3740 2627
###lsm 3741 2627
###lsm 3741 2626
###lsm 3742 2626
###lsm 3742 2625
###lsm 3743 2625
###lsm 3743 2624
###lsm 3744 2624
###lsm 3744 2623
###lsm 3745 2623
###lsm 3745 2622
###lsm 3746 2622
###lsm 3746 2621
###lsm 3747 2621
###lsm 3747 3114
###lsm 2621 4382
###lsm 2621 4381
###lsm 3114 2621
###lsm 3114 4381
###lsm 3115 4381
###lsm 3115 4380
###lsm 3116 4380
###lsm 3116 4379
###lsm 3117 4379
###lsm 3117 4378
###lsm 3118 4378
###lsm 3118 4377
###lsm 3119 4377
###lsm 3119 4376
###lsm 3120 4376
###lsm 3120 4375
###lsm 3121 4375
###lsm 3121 4374
###lsm 3122 4374
###lsm 3122 4373
###lsm 3123 4373
###lsm 3123 4372
###lsm 3077 4372
###lsm 3077 4371
###lsm 3078 4371
###lsm 3078 4370
###lsm 3079 4370
###lsm 3079 4369
###lsm 3080 4369
###lsm 3080 4368
###lsm 3081 4368
###lsm 3081 4367
###lsm 3082 4367
###lsm 3082 4366
###lsm 3083 4366
###lsm 3083 4365
###lsm 3084 4365
###lsm 3084 4364
###lsm 3085 4364
###lsm 3085 4363
###lsm 3086 4363
###lsm 3086 4362
###lsm 3087 4362
###lsm 3087 4361
###lsm 3088 4361
###lsm 3088 4360
###lsm 3089 4360
###lsm 3089 3913
###lsm 2619 4382
###lsm 4382 2620
###lsm 2655 3572
###lsm 2655 3571
###lsm 2656 3571
###lsm 2656 3570
###lsm 2657 3570
###lsm 2657 3569
###lsm 2658 3569
###lsm 2658 3568
###lsm 2659 3568
###lsm 2659 3567
###lsm 2660 3567
###lsm 2660 3566
###lsm 2661 3566
###lsm 2661 3565
###lsm 2662 3565
###lsm 2662 3564
###lsm 2663 3564
###lsm 2663 3563
###lsm 2664 3563
###lsm 2664 3562
###lsm 2665 3562
###lsm 2665 3561
###lsm 2666 3561
###lsm 2666 3255
###lsm 3572 2654
###lsm 3573 2654
###lsm 3573 2700
###lsm 3574 2700
###lsm 3574 2699
###lsm 3575 2699
###lsm 3575 2698
###lsm 3576 2698
###lsm 3576 2697
###lsm 3577 2697
###lsm 3577 2696
###lsm 3578 2696
###lsm 3578 2695
###lsm 3579 2695
###lsm 3579 2694
###lsm 3580 2694
###lsm 3580 2693
###lsm 3581 2693
###lsm 3581 2692
###lsm 3582 2692
###lsm 3582 2691
###lsm 3583 2691
###lsm 3583 2690
###lsm 290 3583
###lsm 290 2690
###lsm 290 3818
###lsm 4664 3818
###lsm 4665 3818
###lsm 4665 3817
###lsm 4666 3817
###lsm 4666 3816
###lsm 4667 3816
###lsm 4667 3815
###lsm 4668 3815
###lsm 4668 3814
###lsm 4669 3814
###lsm 4669 3813
###lsm 4670 3813
###lsm 4670 3812
###lsm 4671 3812
###lsm 4671 3811
###lsm 4672 3811
###lsm 4672 3810
###lsm 4673 3810
###lsm 4673 3809
###lsm 4674 3809
###lsm 4674 3808
###lsm 4628 3808
###lsm 4628 3807
###lsm 4629 3807
###lsm 4629 3806
###lsm 4630 3806
###lsm 4630 3805
###lsm 4631 3805
###lsm 4631 3804
###lsm 4632 3804
###lsm 4632 3803
###lsm 4633 3803
###lsm 4633 3802
###lsm 4634 3802
###lsm 4634 3801
###lsm 4635 3801
###lsm 4635 3800
###lsm 4636 3800
###lsm 4636 3799
###lsm 4637 3799
###lsm 4637 3798
###lsm 4638 3798
###lsm 4638 3797
###lsm 4639 3797
###lsm 4639 3796
###lsm 4640 3796
###lsm 4640 4430
###lsm 3818 2690
###lsm 3819 2690
###lsm 3819 2689
###lsm 3820 2689
###lsm 3820 2688
###lsm 3821 2688
###lsm 3821 2687
###lsm 3822 2687
###lsm 3822 2686
###lsm 3823 2686
###lsm 3823 2685
###lsm 3824 2685
###lsm 3824 2684
###lsm 3825 2684
###lsm 3825 2683
###lsm 3826 2683
###lsm 3826 2682
###lsm 3827 2682
###lsm 3827 2681
###lsm 3828 2681
###lsm 3828 2680
###lsm 3782 2680
###lsm 3782 2679
###lsm 3783 2679
###lsm 3783 2678
###lsm 3784 2678
###lsm 3784 2677
###lsm 3785 2677
###lsm 3785 2676
###lsm 3786 2676
###lsm 3786 2675
###lsm 3787 2675
###lsm 3787 2674
###lsm 3788 2674
###lsm 3788 2673
###lsm 3789 2673
###lsm 3789 2672
###lsm 3790 2672
###lsm 3790 2671
###lsm 3791 2671
###lsm 3791 2670
###lsm 3792 2670
###lsm 3792 2669
###lsm 3793 2669
###lsm 3793 2668
###lsm 3794 2668
###lsm 3794 4101
###lsm 2668 3254
###lsm 2668 3253
###lsm 4101 2668
###lsm 4101 3253
###lsm 4102 3253
###lsm 4102 3252
###lsm 4103 3252
###lsm 4103 3251
###lsm 4104 3251
###lsm 4104 3250
###lsm 4105 3250
###lsm 4105 3249
###lsm 4106 3249
###lsm 4106 3248
###lsm 4107 3248
###lsm 4107 3247
###lsm 4108 3247
###lsm 4108 3246
###lsm 4109 3246
###lsm 4109 3245
###lsm 4110 3245
###lsm 4110 3244
###lsm 4064 3244
###lsm 4064 3243
###lsm 4065 3243
###lsm 4065 3242
###lsm 4066 3242
###lsm 4066 3241
###lsm 4067 3241
###lsm 4067 3240
###lsm 4068 3240
###lsm 4068 3239
###lsm 4069 3239
###lsm 4069 3238
###lsm 4070 3238
###lsm 4070 3237
###lsm 4071 3237
###lsm 4071 3236
###lsm 4072 3236
###lsm 4072 3235
###lsm 4073 3235
###lsm 4073 3234
###lsm 4074 3234
###lsm 4074 3233
###lsm 4075 3233
###lsm 4075 3232
###lsm 4076 3232
###lsm 4076 3349
###lsm 2666 3254
###lsm 3254 2667
###lsm 2702 4653
###lsm 2702 4652
###lsm 2703 4652
###lsm 2703 4651
###lsm 2704 4651
###lsm 2704 4650
###lsm 2705 4650
###lsm 2705 4649
###lsm 2706 4649
###lsm 2706 4648
###lsm 2707 4648
###lsm 2707 4647
###lsm 2708 4647
###lsm 2708 4646
###lsm 2709 4646
###lsm 2709 4645
###lsm 2710 4645
###lsm 2710 4644
###lsm 2711 4644
###lsm 2711 4643
###lsm 2712 4643
###lsm 2712 4642
###lsm 2713 4642
###lsm 2713 3067
###lsm 4653 2701
###lsm 4654 2701
###lsm 4654 2747
###lsm 4655 2747
###lsm 4655 2746
###lsm 4656 2746
###lsm 4656 2745
###lsm 4657 2745
###lsm 4657 2744
###lsm 4658 2744
###lsm 4658 2743
###lsm 4659 2743
###lsm 4659 2742
###lsm 4660 2742
###lsm 4660 2741
###lsm 4661 2741
###lsm 4661 2740
###lsm 4662 2740
###lsm 4662 2739
###lsm 4663 2739
###lsm 4663 2738
###lsm 4664 2738
###lsm 4664 2737
###lsm 290 4664
###lsm 290 2737
###lsm 290 3865
###lsm 4618 3865
###lsm 4618 3864
###lsm 4619 3864
###lsm 4619 3863
###lsm 4620 3863
###lsm 4620 3862
###lsm 4621 3862
###lsm 4621 3861
###lsm 4622 3861
###lsm 4622 3860
###lsm 4623 3860
###lsm 4623 3859
###lsm 4624 3859
###lsm 4624 3858
###lsm 4625 3858
###lsm 4625 3857
###lsm 4626 3857
###lsm 4626 3856
###lsm 4627 3856
###lsm 4627 3855
###lsm 4581 3855
###lsm 4581 3854
###lsm 4582 3854
###lsm 4582 3853
###lsm 4583 3853
###lsm 4583 3852
###lsm 4584 3852
###lsm 4584 3851
###lsm 4585 3851
###lsm 4585 3850
###lsm 4586 3850
###lsm 4586 3849
###lsm 4587 3849
###lsm 4587 3848
###lsm 4588 3848
###lsm 4588 3847
###lsm 4589 3847
###lsm 4589 3846
###lsm 4590 3846
###lsm 4590 3845
###lsm 4591 3845
###lsm 4591 3844
###lsm 4592 3844
###lsm 4592 3843
###lsm 4593 3843
###lsm 4593 2926
###lsm 2925 4593
###lsm 3865 2737
###lsm 3866 2737
###lsm 3866 2736
###lsm 3867 2736
###lsm 3867 2735
###lsm 3868 2735
###lsm 3868 2734
###lsm 3869 2734
###lsm 3869 2733
###lsm 3870 2733
###lsm 3870 2732
###lsm 3871 2732
###lsm 3871 2731
###lsm 3872 2731
###lsm 3872 2730
###lsm 3873 2730
###lsm 3873 2729
###lsm 3874 2729
###lsm 3874 2728
###lsm 3875 2728
###lsm 3875 2727
###lsm 3829 2727
###lsm 3829 2726
###lsm 3830 2726
###lsm 3830 2725
###lsm 3831 2725
###lsm 3831 2724
###lsm 3832 2724
###lsm 3832 2723
###lsm 3833 2723
###lsm 3833 2722
###lsm 3834 2722
###lsm 3834 2721
###lsm 3835 2721
###lsm 3835 2720
###lsm 3836 2720
###lsm 3836 2719
###lsm 3837 2719
###lsm 3837 2718
###lsm 3838 2718
###lsm 3838 2717
###lsm 3839 2717
###lsm 3839 2716
###lsm 3840 2716
###lsm 3840 2715
###lsm 3841 2715
###lsm 3841 4054
###lsm 2715 3066
###lsm 2715 3065
###lsm 4054 2715
###lsm 4054 3065
###lsm 4055 3065
###lsm 4055 3064
###lsm 4056 3064
###lsm 4056 3063
###lsm 4057 3063
###lsm 4057 3062
###lsm 4058 3062
###lsm 4058 3061
###lsm 4059 3061
###lsm 4059 3060
###lsm 4060 3060
###lsm 4060 3059
###lsm 4061 3059
###lsm 4061 3058
###lsm 4062 3058
###lsm 4062 3057
###lsm 4063 3057
###lsm 4063 3056
###lsm 4017 3056
###lsm 4017 3055
###lsm 4018 3055
###lsm 4018 3054
###lsm 4019 3054
###lsm 4019 3053
###lsm 4020 3053
###lsm 4020 3052
###lsm 4021 3052
###lsm 4021 3051
###lsm 4022 3051
###lsm 4022 3050
###lsm 4023 3050
###lsm 4023 3049
###lsm 4024 3049
###lsm 4024 3048
###lsm 4025 3048
###lsm 4025 3047
###lsm 4026 3047
###lsm 4026 3046
###lsm 4027 3046
###lsm 4027 3045
###lsm 4028 3045
###lsm 4028 3044
###lsm 4029 3044
###lsm 4029 2785
###lsm 2713 3066
###lsm 3066 2714
###lsm 2749 3196
###lsm 2749 3195
###lsm 2750 3195
###lsm 2750 3194
###lsm 2751 3194
###lsm 2751 3193
###lsm 2752 3193
###lsm 2752 3192
###lsm 2753 3192
###lsm 2753 3191
###lsm 2754 3191
###lsm 2754 3190
###lsm 2755 3190
###lsm 2755 3189
###lsm 2756 3189
###lsm 2756 3188
###lsm 2757 3188
###lsm 2757 3187
###lsm 2758 3187
###lsm 2758 3186
###lsm 2759 3186
###lsm 2759 3185
###lsm 2760 3185
###lsm 2760 3184
###lsm 2761 3184
###lsm 2555 2761
###lsm 3196 2748
###lsm 3197 2748
###lsm 3197 2794
###lsm 3198 2794
###lsm 3198 2793
###lsm 3199 2793
###lsm 3199 2792
###lsm 3200 2792
###lsm 3200 2791
###lsm 3201 2791
###lsm 3201 2790
###lsm 3202 2790
###lsm 3202 2789
###lsm 3203 2789
###lsm 3203 2788
###lsm 3204 2788
###lsm 3204 2787
###lsm 3205 2787
###lsm 3205 2786
###lsm 3206 2786
###lsm 3206 2785
###lsm 2785 3044
###lsm 2783 4031
###lsm 2784 4031
###lsm 2784 4030
###lsm 4029 2784
###lsm 2796 3384
###lsm 2796 3383
###lsm 2797 3383
###lsm 2797 3382
###lsm 2798 3382
###lsm 2798 3381
###lsm 2799 3381
###lsm 2799 3380
###lsm 2800 3380
###lsm 2800 3379
###lsm 2801 3379
###lsm 2801 3378
###lsm 2802 3378
###lsm 2802 3377
###lsm 2803 3377
###lsm 2803 3376
###lsm 2804 3376
###lsm 2804 3375
###lsm 2805 3375
###lsm 2805 3374
###lsm 2806 3374
###lsm 2806 3373
###lsm 2807 3373
###lsm 2807 3372
###lsm 2559 3372
###lsm 3371 2559
###lsm 3384 2795
###lsm 3385 2795
###lsm 3385 2841
###lsm 3386 2841
###lsm 3386 2840
###lsm 3387 2840
###lsm 3387 2839
###lsm 3388 2839
###lsm 3388 2838
###lsm 3389 2838
###lsm 3389 2837
###lsm 3390 2837
###lsm 3390 2836
###lsm 3391 2836
###lsm 3391 2835
###lsm 3392 2835
###lsm 3392 2834
###lsm 3393 2834
###lsm 3393 2833
###lsm 3394 2833
###lsm 3394 2832
###lsm 4266 2832
###lsm 4266 4123
###lsm 4123 2832
###lsm 4123 2831
###lsm 4124 2831
###lsm 4125 2831
###lsm 4125 2830
###lsm 4524 2830
###lsm 4525 2830
###lsm 4525 2829
###lsm 4526 2829
###lsm 4526 2828
###lsm 4527 2828
###lsm 4527 2827
###lsm 4528 2827
###lsm 4528 2826
###lsm 4529 2826
###lsm 4529 2825
###lsm 4530 2825
###lsm 4530 2824
###lsm 4531 2824
###lsm 4531 2823
###lsm 4532 2823
###lsm 4532 2822
###lsm 4533 2822
###lsm 4533 2821
###lsm 4487 2821
###lsm 4487 2820
###lsm 4488 2820
###lsm 4488 2819
###lsm 4489 2819
###lsm 4489 2818
###lsm 4490 2818
###lsm 4490 2817
###lsm 4491 2817
###lsm 4491 2816
###lsm 4492 2816
###lsm 4492 2815
###lsm 4493 2815
###lsm 4493 2814
###lsm 4494 2814
###lsm 4494 2813
###lsm 4495 2813
###lsm 4495 2812
###lsm 4496 2812
###lsm 4496 2811
###lsm 4497 2811
###lsm 4497 2810
###lsm 4498 2810
###lsm 4498 2809
###lsm 4499 2809
###lsm 4499 2808
###lsm 4500 2808
###lsm 4500 2559
###lsm 3419 2559
###lsm 3419 3936
###lsm 2807 2559
###lsm 2559 2808
###lsm 2843 3948
###lsm 2843 3947
###lsm 2844 3947
###lsm 2844 3946
###lsm 2845 3946
###lsm 2845 3945
###lsm 2846 3945
###lsm 2846 3944
###lsm 2847 3944
###lsm 2847 3943
###lsm 2848 3943
###lsm 2848 3942
###lsm 2849 3942
###lsm 2849 3941
###lsm 2850 3941
###lsm 2850 3940
###lsm 2851 3940
###lsm 2851 3939
###lsm 2852 3939
###lsm 2852 3938
###lsm 2853 3938
###lsm 2853 3937
###lsm 2854 3937
###lsm 2854 3936
###lsm 2855 3936
###lsm 3936 2559
###lsm 2559 2855
###lsm 3948 2842
###lsm 3949 2842
###lsm 3949 2888
###lsm 3950 2888
###lsm 3950 2887
###lsm 3951 2887
###lsm 3951 2886
###lsm 3952 2886
###lsm 3952 2885
###lsm 3953 2885
###lsm 3953 2884
###lsm 3954 2884
###lsm 3954 2883
###lsm 3955 2883
###lsm 3955 2882
###lsm 3956 2882
###lsm 3956 2881
###lsm 3957 2881
###lsm 3957 2880
###lsm 3958 2880
###lsm 3958 2879
###lsm 4172 2879
###lsm 4172 4452
###lsm 4452 2879
###lsm 4452 2878
###lsm 4453 2878
###lsm 4454 2878
###lsm 2877 4454
###lsm 2890 4042
###lsm 2890 4041
###lsm 2891 4041
###lsm 2891 4040
###lsm 2892 4040
###lsm 2892 4039
###lsm 2893 4039
###lsm 2893 4038
###lsm 2894 4038
###lsm 2894 4037
###lsm 2895 4037
###lsm 2895 4036
###lsm 2896 4036
###lsm 2896 4035
###lsm 2897 4035
###lsm 2897 4034
###lsm 2898 4034
###lsm 2898 4033
###lsm 2899 4033
###lsm 2899 4032
###lsm 2900 4032
###lsm 4031 2900
###lsm 4042 2889
###lsm 4043 2889
###lsm 4043 2935
###lsm 4044 2935
###lsm 4044 2934
###lsm 4045 2934
###lsm 4045 2933
###lsm 4046 2933
###lsm 4046 2932
###lsm 4047 2932
###lsm 4047 2931
###lsm 4048 2931
###lsm 4048 2930
###lsm 4049 2930
###lsm 4049 2929
###lsm 4050 2929
###lsm 4050 2928
###lsm 4051 2928
###lsm 4051 2927
###lsm 4052 2927
###lsm 4052 2926
###lsm 2926 3843
###lsm 2904 3535
###lsm 2904 3534
###lsm 3533 2904
###lsm 3535 2903
###lsm 3536 2903
###lsm 3536 2902
###lsm 2937 3337
###lsm 2937 3336
###lsm 2938 3336
###lsm 2938 3335
###lsm 2939 3335
###lsm 2939 3334
###lsm 2940 3334
###lsm 2940 3333
###lsm 2941 3333
###lsm 2941 3332
###lsm 2942 3332
###lsm 2942 3331
###lsm 2943 3331
###lsm 2943 3330
###lsm 2944 3330
###lsm 2944 3329
###lsm 2945 3329
###lsm 2945 3328
###lsm 2946 3328
###lsm 2946 3327
###lsm 2947 3327
###lsm 2947 3326
###lsm 2948 3326
###lsm 2948 3325
###lsm 2949 3325
###lsm 2949 2555
###lsm 2555 3184
###lsm 3337 2936
###lsm 3338 2936
###lsm 3338 2982
###lsm 3339 2982
###lsm 3339 2981
###lsm 3340 2981
###lsm 3340 2980
###lsm 3341 2980
###lsm 3341 2979
###lsm 3342 2979
###lsm 3342 2978
###lsm 3343 2978
###lsm 3343 2977
###lsm 3344 2977
###lsm 3344 2976
###lsm 3345 2976
###lsm 3345 2975
###lsm 3346 2975
###lsm 3346 2974
###lsm 3347 2974
###lsm 3347 2973
###lsm 4078 2973
###lsm 4078 4405
###lsm 4405 2973
###lsm 4405 2972
###lsm 4406 2972
###lsm 4407 2972
###lsm 4407 2971
###lsm 3208 2971
###lsm 3209 2971
###lsm 3209 2970
###lsm 3210 2970
###lsm 3210 2969
###lsm 3211 2969
###lsm 3211 2968
###lsm 3212 2968
###lsm 3212 2967
###lsm 3213 2967
###lsm 3213 2966
###lsm 3214 2966
###lsm 3214 2965
###lsm 3215 2965
###lsm 3215 2964
###lsm 3216 2964
###lsm 3216 2963
###lsm 3217 2963
###lsm 3217 2962
###lsm 3171 2962
###lsm 3171 2961
###lsm 3172 2961
###lsm 3172 2960
###lsm 3173 2960
###lsm 3173 2959
###lsm 3174 2959
###lsm 3174 2958
###lsm 3175 2958
###lsm 3175 2957
###lsm 3176 2957
###lsm 3176 2956
###lsm 3177 2956
###lsm 3177 2955
###lsm 3178 2955
###lsm 3178 2954
###lsm 3179 2954
###lsm 3179 2953
###lsm 3180 2953
###lsm 3180 2952
###lsm 3181 2952
###lsm 3181 2951
###lsm 3182 2951
###lsm 3182 2950
###lsm 3183 2950
###lsm 3183 2949
###lsm 2949 3184
###lsm 3019 3702
###lsm 3019 3701
###lsm 3700 3019
###lsm 3018 4196
###lsm 3018 4195
###lsm 4195 3702
###lsm 3702 3018
###lsm 4196 3017
###lsm 4197 3017
###lsm 4197 3016
###lsm 4198 3016
###lsm 4198 3015
###lsm 4199 3015
###lsm 4199 3014
###lsm 4200 3014
###lsm 4200 3013
###lsm 4201 3013
###lsm 4201 3012
###lsm 4202 3012
###lsm 4202 3011
###lsm 4203 3011
###lsm 4203 3010
###lsm 4204 3010
###lsm 4204 3009
###lsm 4158 3009
###lsm 4158 3008
###lsm 4159 3008
###lsm 4159 3007
###lsm 4160 3007
###lsm 4160 3006
###lsm 4161 3006
###lsm 4161 3005
###lsm 4162 3005
###lsm 4162 3004
###lsm 4163 3004
###lsm 4163 3003
###lsm 4164 3003
###lsm 4164 3002
###lsm 4165 3002
###lsm 4165 3001
###lsm 4166 3001
###lsm 4166 3000
###lsm 4167 3000
###lsm 4167 2999
###lsm 4168 2999
###lsm 4168 2998
###lsm 4169 2998
###lsm 4169 2997
###lsm 4170 2997
###lsm 4170 3960
###lsm 2997 3442
###lsm 2997 3441
###lsm 3960 2997
###lsm 3960 3441
###lsm 3961 3441
###lsm 3961 3440
###lsm 3962 3440
###lsm 3962 3439
###lsm 3963 3439
###lsm 3963 3438
###lsm 3964 3438
###lsm 3964 3437
###lsm 3965 3437
###lsm 3965 3436
###lsm 3966 3436
###lsm 3966 3435
###lsm 3967 3435
###lsm 3967 3434
###lsm 3968 3434
###lsm 3968 3433
###lsm 3969 3433
###lsm 3969 3432
###lsm 3923 3432
###lsm 3923 3431
###lsm 3924 3431
###lsm 3924 3430
###lsm 3925 3430
###lsm 3925 3429
###lsm 3926 3429
###lsm 3926 3428
###lsm 3927 3428
###lsm 3927 3427
###lsm 3928 3427
###lsm 3928 3426
###lsm 3929 3426
###lsm 3929 3425
###lsm 3930 3425
###lsm 3930 3424
###lsm 3931 3424
###lsm 3931 3423
###lsm 3932 3423
###lsm 3932 3422
###lsm 3933 3422
###lsm 3933 3421
###lsm 3934 3421
###lsm 3934 3420
###lsm 3935 3420
###lsm 3419 3935
###lsm 2995 3442
###lsm 3442 2996
###lsm 3031 4418
###lsm 3031 4417
###lsm 3032 4417
###lsm 3032 4416
###lsm 3033 4416
###lsm 3033 4415
###lsm 3034 4415
###lsm 3034 4414
###lsm 3035 4414
###lsm 3035 4413
###lsm 3036 4413
###lsm 3036 4412
###lsm 3037 4412
###lsm 3037 4411
###lsm 3038 4411
###lsm 3038 4410
###lsm 3039 4410
###lsm 3039 4409
###lsm 3040 4409
###lsm 3040 4408
###lsm 3041 4408
###lsm 3041 4407
###lsm 3042 4407
###lsm 4407 3208
###lsm 3042 3208
###lsm 4418 3030
###lsm 4419 3030
###lsm 4419 3076
###lsm 4420 3076
###lsm 4420 3075
###lsm 4421 3075
###lsm 4421 3074
###lsm 4422 3074
###lsm 4422 3073
###lsm 4423 3073
###lsm 4423 3072
###lsm 4424 3072
###lsm 4424 3071
###lsm 4425 3071
###lsm 4425 3070
###lsm 4426 3070
###lsm 4426 3069
###lsm 4427 3069
###lsm 4427 3068
###lsm 4428 3068
###lsm 4428 3067
###lsm 3067 4642
###lsm 3206 3044
###lsm 3207 3044
###lsm 3207 3043
###lsm 3042 3207
###lsm 3113 3749
###lsm 3113 3748
###lsm 3747 3113
###lsm 3112 3491
###lsm 3112 3490
###lsm 3749 3112
###lsm 3749 3490
###lsm 3749 4687
###lsm 3491 3111
###lsm 3492 3111
###lsm 3492 3110
###lsm 3493 3110
###lsm 3493 3109
###lsm 3494 3109
###lsm 3494 3108
###lsm 3495 3108
###lsm 3495 3107
###lsm 3496 3107
###lsm 3496 3106
###lsm 3497 3106
###lsm 3497 3105
###lsm 3498 3105
###lsm 3498 3104
###lsm 3499 3104
###lsm 3499 3103
###lsm 3453 3103
###lsm 3453 3102
###lsm 3454 3102
###lsm 3454 3101
###lsm 3455 3101
###lsm 3455 3100
###lsm 3456 3100
###lsm 3456 3099
###lsm 3457 3099
###lsm 3457 3098
###lsm 3458 3098
###lsm 3458 3097
###lsm 3459 3097
###lsm 3459 3096
###lsm 3460 3096
###lsm 3460 3095
###lsm 3461 3095
###lsm 3461 3094
###lsm 3462 3094
###lsm 3462 3093
###lsm 3463 3093
###lsm 3463 3092
###lsm 3464 3092
###lsm 3464 3091
###lsm 3465 3091
###lsm 3465 4007
###lsm 3091 3912
###lsm 3091 3911
###lsm 4007 3091
###lsm 4007 3911
###lsm 4008 3911
###lsm 4008 3910
###lsm 4009 3910
###lsm 4009 3909
###lsm 4010 3909
###lsm 4010 3908
###lsm 4011 3908
###lsm 4011 3907
###lsm 4012 3907
###lsm 4012 3906
###lsm 4013 3906
###lsm 4013 3905
###lsm 4014 3905
###lsm 4014 3904
###lsm 4015 3904
###lsm 4015 3903
###lsm 4016 3903
###lsm 4016 3902
###lsm 3970 3902
###lsm 3970 3901
###lsm 3971 3901
###lsm 3971 3900
###lsm 3972 3900
###lsm 3972 3899
###lsm 3973 3899
###lsm 3973 3898
###lsm 3974 3898
###lsm 3974 3897
###lsm 3975 3897
###lsm 3975 3896
###lsm 3976 3896
###lsm 3976 3895
###lsm 3977 3895
###lsm 3977 3894
###lsm 3978 3894
###lsm 3978 3893
###lsm 3979 3893
###lsm 3979 3892
###lsm 3980 3892
###lsm 3980 3891
###lsm 3981 3891
###lsm 3981 3890
###lsm 3982 3890
###lsm 3982 3889
###lsm 3983 3889
###lsm 3889 2555
###lsm 3983 2555
###lsm 3137 2555
###lsm 3137 4312
###lsm 3089 3912
###lsm 3912 3090
###lsm 3125 3995
###lsm 3125 3994
###lsm 3126 3994
###lsm 3126 3993
###lsm 3127 3993
###lsm 3127 3992
###lsm 3128 3992
###lsm 3128 3991
###lsm 3129 3991
###lsm 3129 3990
###lsm 3130 3990
###lsm 3130 3989
###lsm 3131 3989
###lsm 3131 3988
###lsm 3132 3988
###lsm 3132 3987
###lsm 3133 3987
###lsm 3133 3986
###lsm 3134 3986
###lsm 3134 3985
###lsm 3135 3985
###lsm 3135 3984
###lsm 3136 3984
###lsm 3136 3983
###lsm 3983 3137
###lsm 3995 3124
###lsm 3996 3124
###lsm 3996 3170
###lsm 3997 3170
###lsm 3997 3169
###lsm 3998 3169
###lsm 3998 3168
###lsm 3999 3168
###lsm 3999 3167
###lsm 4000 3167
###lsm 4000 3166
###lsm 4001 3166
###lsm 4001 3165
###lsm 4002 3165
###lsm 4002 3164
###lsm 4003 3164
###lsm 4003 3163
###lsm 4004 3163
###lsm 4004 3162
###lsm 4005 3162
###lsm 4005 3161
###lsm 3467 3161
###lsm 3467 3277
###lsm 3277 3161
###lsm 3277 3160
###lsm 3278 3160
###lsm 3279 3160
###lsm 3279 3159
###lsm 4336 3159
###lsm 4337 3159
###lsm 4337 3158
###lsm 4338 3158
###lsm 4338 3157
###lsm 4339 3157
###lsm 4339 3156
###lsm 4340 3156
###lsm 4340 3155
###lsm 4341 3155
###lsm 4341 3154
###lsm 4342 3154
###lsm 4342 3153
###lsm 4343 3153
###lsm 4343 3152
###lsm 4344 3152
###lsm 4344 3151
###lsm 4345 3151
###lsm 4345 3150
###lsm 4299 3150
###lsm 4299 3149
###lsm 4300 3149
###lsm 4300 3148
###lsm 4301 3148
###lsm 4301 3147
###lsm 4302 3147
###lsm 4302 3146
###lsm 4303 3146
###lsm 4303 3145
###lsm 4304 3145
###lsm 4304 3144
###lsm 4305 3144
###lsm 4305 3143
###lsm 4306 3143
###lsm 4306 3142
###lsm 4307 3142
###lsm 4307 3141
###lsm 4308 3141
###lsm 4308 3140
###lsm 4309 3140
###lsm 4309 3139
###lsm 4310 3139
###lsm 4310 3138
###lsm 4311 3138
###lsm 3137 4311
###lsm 3219 3290
###lsm 3219 3289
###lsm 3220 3289
###lsm 3220 3288
###lsm 3221 3288
###lsm 3221 3287
###lsm 3222 3287
###lsm 3222 3286
###lsm 3223 3286
###lsm 3223 3285
###lsm 3224 3285
###lsm 3224 3284
###lsm 3225 3284
###lsm 3225 3283
###lsm 3226 3283
###lsm 3226 3282
###lsm 3227 3282
###lsm 3227 3281
###lsm 3228 3281
###lsm 3228 3280
###lsm 3229 3280
###lsm 3229 3279
###lsm 3230 3279
###lsm 3279 4336
###lsm 3230 4336
###lsm 3290 3218
###lsm 3291 3218
###lsm 3291 3264
###lsm 3292 3264
###lsm 3292 3263
###lsm 3293 3263
###lsm 3293 3262
###lsm 3294 3262
###lsm 3294 3261
###lsm 3295 3261
###lsm 3295 3260
###lsm 3296 3260
###lsm 3296 3259
###lsm 3297 3259
###lsm 3297 3258
###lsm 3298 3258
###lsm 3298 3257
###lsm 3299 3257
###lsm 3299 3256
###lsm 3300 3256
###lsm 3300 3255
###lsm 3255 3561
###lsm 3232 4335
###lsm 3232 4334
###lsm 3349 3232
###lsm 3349 4334
###lsm 3350 4334
###lsm 3350 4333
###lsm 3351 4333
###lsm 3351 4332
###lsm 3352 4332
###lsm 3352 4331
###lsm 3353 4331
###lsm 3353 4330
###lsm 3354 4330
###lsm 3354 4329
###lsm 3355 4329
###lsm 3355 4328
###lsm 3356 4328
###lsm 3356 4327
###lsm 3357 4327
###lsm 3357 4326
###lsm 3358 4326
###lsm 3358 4325
###lsm 3312 4325
###lsm 3312 4324
###lsm 3313 4324
###lsm 3313 4323
###lsm 3314 4323
###lsm 3314 4322
###lsm 3315 4322
###lsm 3315 4321
###lsm 3316 4321
###lsm 3316 4320
###lsm 3317 4320
###lsm 3317 4319
###lsm 3318 4319
###lsm 3318 4318
###lsm 3319 4318
###lsm 3319 4317
###lsm 3320 4317
###lsm 3320 4316
###lsm 3321 4316
###lsm 3321 4315
###lsm 3322 4315
###lsm 3322 4314
###lsm 3323 4314
###lsm 3323 4313
###lsm 3324 4313
###lsm 3324 4312
###lsm 3325 4312
###lsm 4312 2555
###lsm 2555 3325
###lsm 3230 4335
###lsm 4335 3231
###lsm 3266 3478
###lsm 3266 3477
###lsm 3267 3477
###lsm 3267 3476
###lsm 3268 3476
###lsm 3268 3475
###lsm 3269 3475
###lsm 3269 3474
###lsm 3270 3474
###lsm 3270 3473
###lsm 3271 3473
###lsm 3271 3472
###lsm 3272 3472
###lsm 3272 3471
###lsm 3273 3471
###lsm 3273 3470
###lsm 3274 3470
###lsm 3274 3469
###lsm 3275 3469
###lsm 3275 3468
###lsm 3276 3468
###lsm 3467 3276
###lsm 3478 3265
###lsm 3479 3265
###lsm 3479 3311
###lsm 3480 3311
###lsm 3480 3310
###lsm 3481 3310
###lsm 3481 3309
###lsm 3482 3309
###lsm 3482 3308
###lsm 3483 3308
###lsm 3483 3307
###lsm 3484 3307
###lsm 3484 3306
###lsm 3485 3306
###lsm 3485 3305
###lsm 3486 3305
###lsm 3486 3304
###lsm 3487 3304
###lsm 3487 3303
###lsm 3488 3303
###lsm 3488 3302
###lsm 3302 4689
###lsm 3300 3561
###lsm 3301 3561
###lsm 3301 3560
###lsm 3559 3301
###lsm 3347 4078
###lsm 3348 4078
###lsm 3348 4077
###lsm 4076 3348
###lsm 2558 3360
###lsm 2558 3359
###lsm 3404 2558
###lsm 2558 3405
###lsm 3402 240
###lsm 240 3403
###lsm 3399 238
###lsm 238 3400
###lsm 4263 3396
###lsm 4264 3396
###lsm 4264 3395
###lsm 4265 3395
###lsm 4266 3395
###lsm 3394 4266
###lsm 2558 3369
###lsm 2558 3368
###lsm 2558 3367
###lsm 2558 3366
###lsm 2558 3365
###lsm 2558 3364
###lsm 2558 3363
###lsm 2558 3362
###lsm 3361 2558
###lsm 3407 4512
###lsm 3407 4511
###lsm 3408 4511
###lsm 3408 4510
###lsm 3409 4510
###lsm 3409 4509
###lsm 3410 4509
###lsm 3410 4508
###lsm 3411 4508
###lsm 3411 4507
###lsm 3412 4507
###lsm 3412 4506
###lsm 3413 4506
###lsm 3413 4505
###lsm 3414 4505
###lsm 3414 4504
###lsm 3415 4504
###lsm 3415 4503
###lsm 3416 4503
###lsm 3416 4502
###lsm 3417 4502
###lsm 3417 4501
###lsm 3418 4501
###lsm 3418 4500
###lsm 4500 3419
###lsm 4512 3406
###lsm 4513 3406
###lsm 4513 3452
###lsm 4514 3452
###lsm 4514 3451
###lsm 4515 3451
###lsm 4515 3450
###lsm 4516 3450
###lsm 4516 3449
###lsm 4517 3449
###lsm 4517 3448
###lsm 4518 3448
###lsm 4518 3447
###lsm 4519 3447
###lsm 4519 3446
###lsm 4520 3446
###lsm 4520 3445
###lsm 4521 3445
###lsm 4521 3444
###lsm 4522 3444
###lsm 4522 3443
###lsm 3443 4219
###lsm 4687 3490
###lsm 4687 3489
###lsm 4688 3489
###lsm 4689 3489
###lsm 3488 4689
###lsm 4005 3467
###lsm 4006 3467
###lsm 4006 3466
###lsm 3465 4006
###lsm 3536 2901
###lsm 2901 3537
###lsm 2554 3527
###lsm 2554 3526
###lsm 2554 3525
###lsm 2554 3524
###lsm 2554 3523
###lsm 2554 3522
###lsm 2554 3521
###lsm 2554 3520
###lsm 2554 3519
###lsm 2554 3518
###lsm 2554 3517
###lsm 2554 3516
###lsm 2554 3515
###lsm 2554 3514
###lsm 3513 2554
###lsm 3595 4747
###lsm 3595 4746
###lsm 3596 4746
###lsm 3596 4745
###lsm 3597 4745
###lsm 3597 4744
###lsm 3598 4744
###lsm 3598 4743
###lsm 3599 4743
###lsm 3599 4742
###lsm 3600 4742
###lsm 3600 4741
###lsm 3601 4741
###lsm 3601 4740
###lsm 3602 4740
###lsm 3602 4739
###lsm 3603 4739
###lsm 3603 4738
###lsm 3604 4738
###lsm 3604 4737
###lsm 3605 4737
###lsm 3605 4736
###lsm 3606 4736
###lsm 3606 4477
###lsm 4747 3594
###lsm 4748 3594
###lsm 4748 3640
###lsm 4749 3640
###lsm 4749 3639
###lsm 4750 3639
###lsm 4750 3638
###lsm 4751 3638
###lsm 4751 3637
###lsm 4752 3637
###lsm 4752 3636
###lsm 4753 3636
###lsm 4753 3635
###lsm 4754 3635
###lsm 4754 3634
###lsm 4755 3634
###lsm 4755 3633
###lsm 4756 3633
###lsm 4756 3632
###lsm 4757 3632
###lsm 4757 3631
###lsm 4758 3631
###lsm 4758 3630
###lsm 3630 2556
###lsm 2556 4758
###lsm 3608 4476
###lsm 3608 4475
###lsm 4383 3608
###lsm 4383 4475
###lsm 4384 4475
###lsm 4384 4474
###lsm 4385 4474
###lsm 4385 4473
###lsm 4386 4473
###lsm 4386 4472
###lsm 4387 4472
###lsm 4387 4471
###lsm 4388 4471
###lsm 4388 4470
###lsm 4389 4470
###lsm 4389 4469
###lsm 4390 4469
###lsm 4390 4468
###lsm 4391 4468
###lsm 4391 4467
###lsm 4392 4467
###lsm 4392 4466
###lsm 4346 4466
###lsm 4346 4465
###lsm 4347 4465
###lsm 4347 4464
###lsm 4348 4464
###lsm 4348 4463
###lsm 4349 4463
###lsm 4349 4462
###lsm 4350 4462
###lsm 4350 4461
###lsm 4351 4461
###lsm 4351 4460
###lsm 4352 4460
###lsm 4352 4459
###lsm 4353 4459
###lsm 4353 4458
###lsm 4354 4458
###lsm 4354 4457
###lsm 4355 4457
###lsm 4355 4456
###lsm 4356 4456
###lsm 4356 4455
###lsm 4357 4455
###lsm 4454 4357
###lsm 3606 4476
###lsm 4476 3607
###lsm 3677 2556
###lsm 2556 3678
###lsm 3655 4147
###lsm 3655 4146
###lsm 4242 3655
###lsm 4242 4146
###lsm 4243 4146
###lsm 4243 4145
###lsm 4244 4145
###lsm 4244 4144
###lsm 4245 4144
###lsm 4245 4143
###lsm 4246 4143
###lsm 4246 4142
###lsm 4247 4142
###lsm 4247 4141
###lsm 4248 4141
###lsm 4248 4140
###lsm 4249 4140
###lsm 4249 4139
###lsm 4250 4139
###lsm 4250 4138
###lsm 4251 4138
###lsm 4251 4137
###lsm 4205 4137
###lsm 4205 4136
###lsm 4206 4136
###lsm 4206 4135
###lsm 4207 4135
###lsm 4207 4134
###lsm 4208 4134
###lsm 4208 4133
###lsm 4209 4133
###lsm 4209 4132
###lsm 4210 4132
###lsm 4210 4131
###lsm 4211 4131
###lsm 4211 4130
###lsm 4212 4130
###lsm 4212 4129
###lsm 4213 4129
###lsm 4213 4128
###lsm 4214 4128
###lsm 4214 4127
###lsm 4215 4127
###lsm 4215 4126
###lsm 4216 4126
###lsm 4216 4125
###lsm 4217 4125
###lsm 4125 4524
###lsm 4217 4524
###lsm 3653 4147
###lsm 4147 3654
###lsm 4711 3771
###lsm 4712 3771
###lsm 4712 3770
###lsm 4713 3770
###lsm 4713 3769
###lsm 4714 3769
###lsm 4714 3768
###lsm 4715 3768
###lsm 4715 3767
###lsm 4716 3767
###lsm 4716 3766
###lsm 4717 3766
###lsm 4717 3765
###lsm 4718 3765
###lsm 4718 3764
###lsm 4719 3764
###lsm 4719 3763
###lsm 4720 3763
###lsm 4720 3762
###lsm 4721 3762
###lsm 4721 3761
###lsm 4675 3761
###lsm 4675 3760
###lsm 4676 3760
###lsm 4676 3759
###lsm 4677 3759
###lsm 4677 3758
###lsm 4678 3758
###lsm 4678 3757
###lsm 4679 3757
###lsm 4679 3756
###lsm 4680 3756
###lsm 4680 3755
###lsm 4681 3755
###lsm 4681 3754
###lsm 4682 3754
###lsm 4682 3753
###lsm 4683 3753
###lsm 4683 3752
###lsm 4684 3752
###lsm 4684 3751
###lsm 4685 3751
###lsm 4685 3750
###lsm 4686 3750
###lsm 3749 4686
###lsm 3796 4100
###lsm 3796 4099
###lsm 4430 3796
###lsm 4430 4099
###lsm 4431 4099
###lsm 4431 4098
###lsm 4432 4098
###lsm 4432 4097
###lsm 4433 4097
###lsm 4433 4096
###lsm 4434 4096
###lsm 4434 4095
###lsm 4435 4095
###lsm 4435 4094
###lsm 4436 4094
###lsm 4436 4093
###lsm 4437 4093
###lsm 4437 4092
###lsm 4438 4092
###lsm 4438 4091
###lsm 4439 4091
###lsm 4439 4090
###lsm 4393 4090
###lsm 4393 4089
###lsm 4394 4089
###lsm 4394 4088
###lsm 4395 4088
###lsm 4395 4087
###lsm 4396 4087
###lsm 4396 4086
###lsm 4397 4086
###lsm 4397 4085
###lsm 4398 4085
###lsm 4398 4084
###lsm 4399 4084
###lsm 4399 4083
###lsm 4400 4083
###lsm 4400 4082
###lsm 4401 4082
###lsm 4401 4081
###lsm 4402 4081
###lsm 4402 4080
###lsm 4403 4080
###lsm 4403 4079
###lsm 4404 4079
###lsm 4078 4404
###lsm 3794 4100
###lsm 4100 3795
###lsm 4052 3843
###lsm 4053 3843
###lsm 4053 3842
###lsm 3841 4053
###lsm 3877 4559
###lsm 3877 4558
###lsm 3878 4558
###lsm 3878 4557
###lsm 3879 4557
###lsm 3879 4556
###lsm 3880 4556
###lsm 3880 4555
###lsm 3881 4555
###lsm 3881 4554
###lsm 3882 4554
###lsm 3882 4553
###lsm 3883 4553
###lsm 3883 4552
###lsm 3884 4552
###lsm 3884 4551
###lsm 3885 4551
###lsm 3885 4550
###lsm 3886 4550
###lsm 3886 4549
###lsm 3887 4549
###lsm 3887 4548
###lsm 3888 4548
###lsm 3888 4547
###lsm 4547 3889
###lsm 4559 3876
###lsm 4560 3876
###lsm 4560 3922
###lsm 4561 3922
###lsm 4561 3921
###lsm 4562 3921
###lsm 4562 3920
###lsm 4563 3920
###lsm 4563 3919
###lsm 4564 3919
###lsm 4564 3918
###lsm 4565 3918
###lsm 4565 3917
###lsm 4566 3917
###lsm 4566 3916
###lsm 4567 3916
###lsm 4567 3915
###lsm 4568 3915
###lsm 4568 3914
###lsm 4569 3914
###lsm 4569 3913
###lsm 3913 4360
###lsm 3958 4172
###lsm 3959 4172
###lsm 3959 4171
###lsm 4170 3959
###lsm 4112 4277
###lsm 4112 4276
###lsm 4113 4276
###lsm 4113 4275
###lsm 4114 4275
###lsm 4114 4274
###lsm 4115 4274
###lsm 4115 4273
###lsm 4116 4273
###lsm 4116 4272
###lsm 4117 4272
###lsm 4117 4271
###lsm 4118 4271
###lsm 4118 4270
###lsm 4119 4270
###lsm 4119 4269
###lsm 4120 4269
###lsm 4120 4268
###lsm 4121 4268
###lsm 4121 4267
###lsm 4122 4267
###lsm 4266 4122
###lsm 4277 4111
###lsm 4278 4111
###lsm 4278 4157
###lsm 4279 4157
###lsm 4279 4156
###lsm 4280 4156
###lsm 4280 4155
###lsm 4281 4155
###lsm 4281 4154
###lsm 4282 4154
###lsm 4282 4153
###lsm 4283 4153
###lsm 4283 4152
###lsm 4284 4152
###lsm 4284 4151
###lsm 4285 4151
###lsm 4285 4150
###lsm 4286 4150
###lsm 4286 4149
###lsm 4287 4149
###lsm 4287 4148
###lsm 4148 4783
###lsm 4194 4736
###lsm 4194 4735
###lsm 4734 4194
###lsm 4193 4478
###lsm 4193 4477
###lsm 4477 4736
###lsm 4736 4193
###lsm 4478 4192
###lsm 4479 4192
###lsm 4479 4191
###lsm 4480 4191
###lsm 4480 4190
###lsm 4481 4190
###lsm 4481 4189
###lsm 4482 4189
###lsm 4482 4188
###lsm 4483 4188
###lsm 4483 4187
###lsm 4484 4187
###lsm 4484 4186
###lsm 4485 4186
###lsm 4485 4185
###lsm 4486 4185
###lsm 4486 4184
###lsm 4440 4184
###lsm 4440 4183
###lsm 4441 4183
###lsm 4441 4182
###lsm 4442 4182
###lsm 4442 4181
###lsm 4443 4181
###lsm 4443 4180
###lsm 4444 4180
###lsm 4444 4179
###lsm 4445 4179
###lsm 4445 4178
###lsm 4446 4178
###lsm 4446 4177
###lsm 4447 4177
###lsm 4447 4176
###lsm 4448 4176
###lsm 4448 4175
###lsm 4449 4175
###lsm 4449 4174
###lsm 4450 4174
###lsm 4450 4173
###lsm 4451 4173
###lsm 4172 4451
###lsm 4522 4219
###lsm 4523 4219
###lsm 4523 4218
###lsm 4217 4523
###lsm 4778 4291
###lsm 4779 4291
###lsm 4779 4290
###lsm 4780 4290
###lsm 4780 4289
###lsm 4781 4289
###lsm 4781 4288
###lsm 4782 4288
###lsm 4783 4288
###lsm 4287 4783
###lsm 4569 4360
###lsm 4570 4360
###lsm 4570 4359
###lsm 4428 4642
###lsm 4429 4642
###lsm 4429 4641
###lsm 4640 4429
###lsm 4570 4358
###lsm 4358 4571
###lsm 4617 290
###lsm 290 4618
###lsm 288 4615
###lsm 288 4614
###lsm 288 4613
###lsm 288 4612
###lsm 288 4611
###lsm 288 4610
###lsm 288 4609
###lsm 288 4608
###lsm 288 4607
###lsm 288 4606
###lsm 288 4605
###lsm 288 4604
###lsm 4603 288
###lsm 132 4602
###lsm 132 4601
###lsm 4600 132
###lsm 4597 130
###lsm 130 4598
###lsm 2557 4770
###lsm 2557 4769
###lsm 2557 4815
###lsm 2557 4814
###lsm 2557 4813
###lsm 2557 4812
###lsm 2557 4811
###lsm 2557 4810
###lsm 2557 4809
###lsm 2557 4808
###lsm 2557 4807
###lsm 4806 2557
###lsm 2557 4773
###lsm 2557 4772
###lsm 4771 2557
###fch 0 1 2 3 4 5 6 7 8 9 10 11 12 13 14 15 16 17 18 19 20 21 22 23 24 25 26 27 28 29 30 31 32 33 34 35 36 37 38 39 40 41 42 43 44 45 46 47 48 49 50 51 52 53 54 55 56 57 58 59 60 61 62 63 64 65 66 67 68 69 70 71 72 73 74 75 76 77 78 79 80 81 82 83 84 85 86 87 88 89 90 91 92 93 94 95 96 97 98 99 100 101 102 103 104 105 106 107 108 109 110 111 112 113 114 115 116 117 118 119 120 121 122 123 124 125 126 127 128 129 130 131 132 133 134 135 136 137 138 139 140 141 142 143 144 145 146 147 148 149 150 151 152 153 154 155 156 157 158 159 160 161 162 163 164 165 166 167 168 169 170 171 172 173 174 175 176 177 178 179 180 181 182 183 184 185 186 187 188 189 190 191 192 193 194 195 196 197 198 199 200 201 202 203 204 205 206 207 208 209 210 211 212 213 214 215
###fch 216 217 218 219 220 221 222 223 224 225 226 227 228 229 230 231 232 233 234 235 236 237 238 239 240 241 242 243 244 245 246 247 248 249 250 251 252 253 254 255 256 257 258 259 260 261 262 263 264 265 266 267 268 269 270 271 272 273 274 275 276 277 278 279 280 281 282 283 284 285 286 287 288 289 290 291 292 293 294 295 296 297 298 299 300 301 302 303 304 305 306 307 308 309 310 311 312 313 314 315 316 317 318 319 320 321 322 323 324 325 326 327 328 329 330 331 332 333 334 335 336 337 338 339 340 341 342 343 344 345 346 347 348 349 350 351 352 353 354 355 356 357 358 359 360 361 362 363 364 365 366 367 368 369 370 371 372 373 374 375 376 377 378 379 380 381 382 383 384 385 386 387 388 389 390 391 392 393 394 395 396 397 398 399 400 401 402 403 404 405 406 407 408 409 410 411 412 413 414 415 416 417 418 419 420 421 422 423 424 425 426 427 428 429 430 431
###fch 432 433
###fch 434 435 436 437 438 439 440 441 442 443 444 445 446 447 448 449 450 451 452 453 454 455 456 457 458 459 460 461 462 463 464 465 466 467 468 469 470 471 472 473 474 475 476 477 478 479 480 481 482 483 484 485 486 487 488 489 490 491 492 493 494 495 496 497 498 499 500 501 502 503 504 505 506 507 508 509 510 511 512 513 514 515 516 517 518 519 520 521 522 523 524 525 526 527 528 529 530 531 532 533 534 535 536 537 538 539 540 541 542 543 544 545 546 547 548 549 550 551 552 553 554 555 556 557 558 559 560 561 562 563 564 565 566 567 568 569 570 571 572 573 574 575 576 577 578 579 580 581 582 583 584 585 586 587 588 589 590 591 592 593 594 595 596 597 598 599 600 601 602 603 604 605 606 607 608 609 610 611 612 613 614 615 616 617 618 619 620 621 622 623 624 625 626 627 628 629 630 631 632 633 634 635 636 637 638 639 640 641 642 643 644 645 646 647 648 649 650 651 652 653 654 655 656 657 658 659 660 661 662 663 664 665 666 667 668 669 670 671 672 673 674 675 676 677 678 679 680 681 682 683 684 685 686 687 688 689 690 691 692 693 694 695 696 697 698 699 700 701 702 703 704 705 706 707 708 709 710 711 712 713 714 715 716 717 718 719 720 721 722 723 724 725 726 727 728 729 730 731 732 733 734 735 736 737 738 739 740 741 742 743 744 745 746 747 748 749 750 751 752 753 754 755 756 757 758 759 760 761 762 763 764 765 766 767 768 769 770 771 772 773 774 775 776 777 778 779 780 781 782 783 784 785 786 787 788 789 790 791 792 793 794 795 796 797 798 799 800 801 802 803 804 805 806 807 808 809 810 811 812 813 814 815 816 817 818 819 820 821 822 823 824 825 826 827 828 829 830 831 832 833 834 835 836 837 838 839 840 841 842 843 844 845 846 847 848 849 850 851 852 853 854 855 856 857 858 859 860 861 862 863 864 865 866 867 868 869 870 871 872 873 874 875 876 877 878 879 880 881 882 883 884 885 886 887 888 889 890 891 892 893 894 895 896 897 898 899 900 901 902 903 904 905 906 907 908 909 910 911 912 913 914 915 916 917 918 919 920 921 922 923 924 925 926 927 928 929 930 931 932 933 934 935 936 937 938 939 940 941 942 943 944 945 946 947 948 949 950 951 952 953 954 955 956 957 958 959 960 961 962 963 964 965 966 967 968 969 970 971 972 973 974 975 976 977 978 979 980 981 982 983 984 985 986 987 988 989 990 991 992 993 994 995 996 997 998 999 1000 1001 1002 1003 1004 1005 1006 1007 1008 1009 1010 1011 1012 1013 1014 1015 1016 1017 1018 1019 1020 1021 1022 1023 1024 1025 1026 1027 1028 1029 1030 1031 1032 1033 1034 1035 1036 1037 1038 1039 1040 1041 1042 1043 1044 1045 1046 1047 1048 1049 1050 1051 1052 1053 1054 1055 1056 1057 1058 1059 1060 1061 1062 1063 1064 1065 1066 1067 1068 1069 1070 1071 1072 1073 1074 1075 1076 1077 1078 1079 1080 1081 1082 1083 1084 1085 1086 1087 1088 1089 1090 1091 1092 1093 1094 1095 1096 1097 1098 1099 1100 1101 1102 1103 1104 1105 1106 1107 1108 1109 1110 1111 1112 1113 1114 1115 1116 1117 1118 1119 1120 1121 1122 1123 1124 1125 1126 1127 1128 1129 1130 1131 1132 1133 1134 1135 1136 1137 1138 1139 1140 1141 1142 1143 1144 1145 1146 1147 1148 1149 1150 1151 1152 1153 1154 1155 1156 1157 1158 1159 1160 1161 1162 1163 1164 1165 1166 1167 1168 1169 1170 1171 1172 1173 1174 1175 1176 1177 1178 1179 1180 1181 1182 1183 1184 1185 1186 1187 1188 1189 1190 1191 1192 1193 1194 1195 1196 1197 1198 1199 1200 1201 1202 1203 1204 1205 1206 1207 1208 1209 1210 1211 1212 1213 1214 1215 1216 1217 1218 1219 1220 1221 1222 1223 1224 1225 1226 1227 1228 1229 1230 1231 1232 1233 1234 1235 1236 1237 1238 1239 1240 1241 1242 1243 1244 1245 1246 1247 1248 1249 1250 1251 1252 1253 1254 1255 1256 1257 1258 1259 1260 1261 1262 1263 1264 1265 1266 1267 1268 1269 1270 1271 1272 1273 1274 1275 1276 1277 1278 1279 1280 1281 1282 1283 1284 1285 1286 1287 1288 1289 1290 1291 1292 1293 1294 1295 1296 1297 1298 1299 1300 1301 1302 1303 1304 1305 1306 1307 1308 1309 1310 1311 1312 1313 1314 1315 1316 1317 1318 1319 1320 1321 1322 1323 1324 1325 1326 1327 1328 1329 1330 1331 1332 1333 1334 1335 1336 1337 1338 1339 1340 1341 1342 1343 1344 1345 1346 1347 1348 1349 1350 1351 1352 1353 1354 1355 1356 1357 1358 1359 1360 1361 1362 1363 1364 1365 1366 1367 1368 1369 1370 1371 1372 1373 1374 1375 1376 1377 1378 1379 1380 1381 1382 1383 1384 1385 1386 1387 1388 1389 1390 1391 1392 1393 1394 1395 1396 1397 1398 1399 1400 1401 1402 1403 1404 1405 1406 1407 1408 1409 1410 1411 1412 1413 1414 1415 1416 1417 1418 1419 1420 1421 1422 1423 1424 1425 1426 1427 1428 1429 1430 1431 1432 1433 1434 1435 1436 1437 1438 1439 1440 1441 1442 1443 1444 1445 1446 1447 1448 1449 1450 1451 1452 1453 1454 1455 1456 1457 1458 1459 1460 1461 1462 1463 1464 1465 1466 1467 1468 1469 1470 1471 1472 1473 1474 1475 1476 1477 1478 1479 1480 1481 1482 1483 1484 1485 1486 1487 1488 1489 1490 1491 1492 1493 1494 1495 1496 1497 1498 1499 1500 1501 1502 1503 1504 1505 1506 1507 1508 1509 1510 1511 1512 1513 1514 1515 1516 1517 1518 1519 1520 1521 1522 1523 1524 1525 1526 1527 1528 1529 1530 1531 1532 1533 1534 1535 1536 1537 1538 1539 1540 1541 1542 1543 1544 1545 1546 1547 1548 1549 1550 1551 1552 1553 1554 1555 1556 1557 1558 1559 1560 1561 1562 1563 1564 1565 1566 1567 1568 1569 1570 1571 1572 1573 1574 1575 1576 1577 1578 1579 1580 1581 1582 1583 1584 1585 1586 1587 1588 1589 1590 1591 1592 1593 1594 1595 1596 1597 1598 1599 1600 1601 1602 1603 1604 1605 1606 1607 1608 1609 1610 1611 1612 1613 1614 1615 1616 1617 1618 1619 1620 1621 1622 1623 1624 1625 1626 1627 1628 1629 1630 1631 1632 1633 1634 1635 1636 1637 1638 1639 1640 1641 1642 1643 1644 1645 1646 1647 1648 1649 1650 1651 1652 1653 1654 1655 1656 1657 1658 1659 1660 1661 1662 1663 1664 1665 1666 1667 1668 1669 1670 1671 1672 1673 1674 1675 1676 1677 1678 1679 1680 1681 1682 1683 1684 1685 1686 1687 1688 1689 1690 1691 1692 1693 1694 1695 1696 1697 1698 1699 1700 1701 1702 1703 1704 1705 1706 1707 1708 1709 1710 1711 1712 1713 1714 1715 1716 1717 1718 1719 1720 1721 1722 1723 1724 1725 1726 1727 1728 1729 1730 1731 1732 1733 1734 1735 1736 1737 1738 1739 1740 1741 1742 1743 1744 1745 1746 1747 1748 1749 1750 1751 1752 1753 1754 1755 1756 1757 1758 1759 1760 1761 1762 1763 1764 1765 1766 1767 1768 1769 1770 1771 1772 1773 1774 1775 1776 1777 1778 1779 1780 1781 1782 1783 1784 1785 1786 1787 1788 1789 1790 1791 1792 1793 1794 1795 1796 1797 1798 1799 1800 1801 1802 1803 1804 1805 1806 1807 1808 1809 1810 1811 1812 1813 1814 1815 1816 1817 1818 1819 1820 1821 1822 1823 1824 1825 1826 1827 1828 1829 1830 1831 1832 1833 1834 1835 1836 1837 1838 1839 1840 1841 1842 1843 1844 1845 1846 1847 1848 1849 1850 1851 1852 1853 1854 1855 1856 1857 1858 1859 1860 1861 1862 1863 1864 1865 1866 1867 1868 1869 1870 1871 1872 1873 1874 1875 1876 1877 1878 1879 1880 1881 1882 1883 1884 1885 1886 1887 1888 1889 1890 1891 1892 1893 1894 1895 1896 1897 1898 1899 1900 1901 1902 1903 1904 1905 1906 1907 1908 1909 1910 1911 1912 1913 1914 1915 1916 1917 1918 1919 1920 1921 1922 1923 1924 1925 1926 1927 1928 1929 1930 1931 1932 1933 1934 1935 1936 1937 1938 1939 1940 1941 1942 1943 1944 1945 1946 1947 1948 1949 1950 1951 1952 1953 1954 1955 1956 1957 1958 1959 1960 1961 1962 1963 1964 1965 1966 1967 1968 1969 1970 1971 1972 1973 1974 1975 1976 1977 1978 1979 1980 1981 1982 1983 1984 1985 1986 1987 1988 1989 1990 1991 1992 1993 1994 1995 1996 1997 1998 1999 2000 2001 2002 2003 2004 2005 2006 2007 2008 2009 2010 2011 2012 2013 2014 2015 2016 2017 2018 2019 2020 2021 2022 2023 2024 2025 2026 2027 2028 2029 2030 2031 2032 2033 2034 2035 2036 2037 2038 2039 2040 2041 2042 2043 2044 2045 2046 2047 2048 2049 2050 2051 2052 2053 2054 2055 2056 2057 2058 2059 2060 2061 2062 2063 2064 2065 2066 2067 2068 2069 2070 2071 2072 2073 2074 2075 2076 2077 2078 2079 2080 2081 2082 2083 2084 2085 2086 2087 2088 2089 2090 2091 2092 2093 2094 2095 2096 2097 2098 2099 2100 2101 2102 2103 2104 2105 2106 2107 2108 2109 2110 2111 2112 2113 2114 2115 2116 2117 2118 2119 2120 2121 2122 2123 2124 2125 2126 2127 2128 2129 2130 2131 2132 2133 2134 2135 2136 2137 2138 2139 2140 2141 2142 2143 2144 2145 2146 2147 2148 2149 2150 2151 2152 2153 2154 2155 2156 2157 2158 2159 2160 2161 2162 2163 2164 2165 2166 2167 2168 2169 2170 2171 2172 2173 2174 2175 2176 2177 2178 2179 2180 2181 2182 2183 2184 2185 2186 2187 2188 2189 2190 2191 2192 2193 2194 2195 2196 2197 2198 2199 2200 2201 2202 2203 2204 2205 2206 2207 2208 2209 2210 2211 2212 2213 2214 2215 2216 2217 2218 2219 2220 2221 2222 2223 2224 2225 2226 2227 2228 2229 2230 2231 2232 2233 2234 2235 2236 2237 2238 2239 2240 2241 2242 2243 2244 2245 2246 2247 2248 2249 2250 2251 2252 2253 2254 2255 2256 2257 2258 2259 2260 2261 2262 2263 2264 2265 2266 2267 2268 2269 2270 2271 2272 2273 2274 2275 2276 2277 2278 2279 2280 2281 2282 2283 2284 2285 2286 2287 2288 2289 2290 2291 2292 2293 2294 2295 2296 2297 2298 2299 2300 2301 2302 2303 2304 2305 2306 2307 2308 2309 2310 2311 2312 2313 2314 2315 2316 2317 2318 2319 2320 2321 2322 2323 2324 2325 2326 2327 2328 2329 2330 2331 2332 2333 2334 2335 2336 2337 2338 2339 2340 2341 2342 2343 2344 2345 2346 2347 2348 2349 2350 2351 2352 2353 2354 2355 2356 2357 2358 2359 2360 2361 2362 2363 2364 2365 2366 2367 2368 2369 2370 2371 2372 2373 2374 2375 2376 2377 2378 2379 2380 2381 2382 2383 2384 2385 2386 2387 2388 2389 2390 2391 2392 2393 2394 2395 2396 2397 2398 2399 2400 2401 2402 2403 2404 2405 2406 2407 2408 2409 2410 2411 2412 2413 2414 2415 2416 2417 2418 2419 2420 2421 2422 2423 2424 2425 2426 2427 2428 2429 2430 2431 2432 2433 2434 2435 2436 2437 2438 2439 2440 2441 2442 2443 2444 2445 2446 2447 2448 2449 2450 2451 2452 2453 2454 2455 2456 2457 2458 2459 2460 2461 2462 2463 2464 2465 2466 2467 2468 2469 2470 2471 2472 2473 2474 2475 2476 2477 2478 2479 2480 2481 2482 2483 2484 2485 2486 2487 2488 2489 2490 2491 2492 2493 2494 2495 2496 2497 2498 2499 2500 2501 2502 2503 2504 2505 2506 2507 2508 2509 2510 2511 2512 2513 2514 2515 2516 2517 2518 2519 2520 2521 2522 2523 2524 2525 2526 2527 2528 2529 2530 2531 2532 2533 2534 2535 2536 2537 2538 2539 2540 2541 2542 2543 2544 2545 2546 2547 2548 2549 2550 2551 2552 2553 2554 2555 2556 2557 2558 2559 2560 2561 2562 2563 2564 2565 2566 2567 2568 2569 2570 2571 2572 2573 2574 2575 2576 2577 2578 2579 2580 2581 2582 2583 2584 2585 2586 2587 2588 2589 2590 2591 2592 2593 2594 2595 2596 2597 2598 2599 2600 2601 2602 2603 2604 2605 2606 2607 2608 2609 2610 2611 2612 2613 2614 2615 2616 2617 2618 2619 2620 2621 2622 2623 2624 2625 2626 2627 2628 2629 2630 2631 2632 2633 2634 2635 2636 2637 2638 2639 2640 2641 2642 2643 2644 2645 2646 2647 2648 2649 2650 2651 2652 2653 2654 2655 2656 2657 2658 2659 2660 2661 2662 2663 2664 2665 2666 2667 2668 2669 2670 2671 2672 2673 2674 2675 2676 2677 2678 2679 2680 2681 2682 2683 2684 2685 2686 2687 2688 2689 2690 2691 2692 2693 2694 2695 2696 2697 2698 2699 2700 2701 2702 2703 2704 2705 2706 2707 2708 2709 2710 2711 2712 2713 2714 2715 2716 2717 2718 2719 2720 2721 2722 2723 2724 2725 2726 2727 2728 2729 2730 2731 2732 2733 2734 2735 2736 2737 2738 2739 2740 2741 2742 2743 2744 2745 2746 2747 2748 2749 2750 2751 2752 2753 2754 2755 2756 2757 2758 2759 2760 2761 2762 2763 2764 2765 2766 2767 2768 2769 2770 2771 2772 2773 2774 2775 2776 2777 2778 2779 2780 2781 2782 2783 2784 2785 2786 2787 2788 2789 2790 2791 2792 2793 2794 2795 2796 2797 2798 2799 2800 2801 2802 2803 2804 2805 2806 2807 2808 2809 2810 2811 2812 2813 2814 2815 2816 2817 2818 2819 2820 2821 2822 2823 2824 2825 2826 2827 2828 2829 2830 2831 2832 2833 2834 2835 2836 2837 2838 2839 2840 2841 2842 2843 2844 2845 2846 2847 2848 2849 2850 2851 2852 2853 2854 2855 2856 2857 2858 2859 2860 2861 2862 2863 2864 2865 2866 2867
###fch 2868 2869
###fch 2870 2871
###fch 2872 2873
###fch 2874 2875
###fch 2876 2877
###fch 2878 2879 2880 2881 2882 2883 2884 2885 2886 2887 2888 2889 2890 2891 2892 2893 2894 2895 2896 2897 2898 2899 2900 2901 2902 2903 2904 2905 2906 2907 2908 2909 2910 2911 2912 2913 2914 2915 2916 2917 2918 2919 2920 2921 2922 2923 2924 2925 2926 2927 2928 2929 2930 2931 2932 2933 2934 2935 2936 2937 2938 2939 2940 2941 2942 2943 2944 2945 2946 2947 2948 2949 2950 2951 2952 2953 2954 2955 2956 2957 2958 2959 2960 2961 2962 2963 2964 2965 2966 2967 2968 2969 2970 2971
###fch 2972 2973 2974 2975 2976 2977 2978 2979 2980 2981 2982 2983 2984 2985 2986 2987 2988 2989 2990 2991 2992 2993 2994 2995 2996 2997 2998 2999 3000 3001 3002 3003 3004 3005 3006 3007 3008 3009 3010 3011 3012 3013 3014 3015 3016 3017 3018 3019 3020 3021 3022 3023 3024 3025 3026 3027 3028 3029 3030 3031 3032 3033 3034 3035 3036 3037 3038 3039 3040 3041 3042 3043 3044 3045 3046 3047 3048 3049 3050 3051 3052 3053 3054 3055 3056 3057 3058 3059 3060 3061 3062 3063 3064 3065
###fch 3072 3073 3074 3075 3076 3077 3078 3079 3080 3081 3082 3083 3084 3085 3086 3087 3088 3089 3090 3091 3092 3093 3094 3095 3096 3097 3098 3099 3100 3101 3102 3103 3104 3105 3106 3107 3108 3109 3110 3111 3112 3113 3114 3115 3116 3117 3118 3119 3120 3121 3122 3123 3124 3125 3126 3127 3128 3129 3130 3131 3132 3133 3134 3135 3136 3137 3138 3139 3140 3141 3142 3143 3144 3145 3146 3147 3148 3149 3150 3151 3152 3153 3154 3155 3156 3157 3158 3159 3066 3067 3068 3069 3070 3071
###fch 3160 3161 3162 3163 3164 3165 3166 3167 3168 3169 3170 3171 3172 3173 3174 3175 3176 3177 3178 3179 3180 3181 3182 3183 3184 3185 3186 3187 3188 3189 3190 3191 3192 3193 3194 3195 3196 3197 3198 3199 3200 3201 3202 3203 3204 3205 3206 3207 3208 3209 3210 3211 3212 3213 3214 3215 3216 3217 3218 3219 3220 3221 3222 3223 3224 3225 3226 3227 3228 3229 3230 3231 3232 3233 3234 3235 3236 3237 3238 3239 3240 3241 3242 3243 3244 3245 3246 3247 3248 3249 3250 3251 3252 3253
###fch 3328 3329 3330 3331 3332 3333 3334 3335 3336 3337 3338 3339 3340 3341 3342 3343 3344 3345 3346 3347 3254 3255 3256 3257 3258 3259 3260 3261 3262 3263 3264 3265 3266 3267 3268 3269 3270 3271 3272 3273 3274 3275 3276 3277 3278 3279 3280 3281 3282 3283 3284 3285 3286 3287 3288 3289 3290 3291 3292 3293 3294 3295 3296 3297 3298 3299 3300 3301 3302 3303 3304 3305 3306 3307 3308 3309 3310 3311 3312 3313 3314 3315 3316 3317 3318 3319 3320 3321 3322 3323 3324 3325 3326 3327
###fch 3348 3349 3350 3351 3352 3353 3354 3355 3356 3357 3358 3359 3360 3361 3362 3363 3364 3365 3366 3367 3368 3369 3370 3371 3372 3373 3374 3375 3376 3377 3378 3379 3380 3381 3382 3383 3384 3385 3386 3387 3388 3389 3390 3391 3392 3393 3394 3395 3396 3397 3398 3399 3400 3401 3402 3403 3404 3405 3406 3407 3408 3409 3410 3411 3412 3413 3414 3415 3416 3417 3418 3419 3420 3421 3422 3423 3424 3425 3426 3427 3428 3429 3430 3431 3432 3433 3434 3435 3436 3437 3438 3439 3440 3441
###fch 3442 3443 3444 3445 3446 3447 3448 3449 3450 3451 3452 3453 3454 3455 3456 3457 3458 3459 3460 3461 3462 3463 3464 3465 3466 3467 3468 3469 3470 3471 3472 3473 3474 3475 3476 3477 3478 3479 3480 3481 3482 3483 3484 3485 3486 3487 3488 3489 3490 3491 3492 3493 3494 3495 3496 3497 3498 3499 3500 3501 3502 3503 3504 3505 3506 3507 3508 3509 3510 3511 3512 3513 3514 3515 3516 3517 3518 3519 3520 3521 3522 3523 3524 3525 3526 3527 3528 3529 3530 3531 3532 3533 3534 3535
###fch 3584 3585 3586 3587 3588 3589 3590 3591 3592 3593 3594 3595 3596 3597 3598 3599 3600 3601 3602 3603 3604 3605 3606 3607 3608 3609 3610 3611 3612 3613 3614 3615 3616 3617 3618 3619 3620 3621 3622 3623 3624 3625 3626 3627 3628 3629 3536 3537 3538 3539 3540 3541 3542 3543 3544 3545 3546 3547 3548 3549 3550 3551 3552 3553 3554 3555 3556 3557 3558 3559 3560 3561 3562 3563 3564 3565 3566 3567 3568 3569 3570 3571 3572 3573 3574 3575 3576 3577 3578 3579 3580 3581 3582 3583
###fch 3630 3631 3632 3633 3634 3635 3636 3637 3638 3639 3640 3641 3642 3643 3644 3645 3646 3647 3648 3649 3650 3651 3652 3653 3654 3655 3656 3657 3658 3659 3660 3661 3662 3663 3664 3665 3666 3667 3668 3669 3670 3671 3672 3673 3674 3675 3676 3677 3678 3679 3680 3681 3682 3683 3684 3685 3686 3687 3688 3689 3690 3691 3692 3693 3694 3695 3696 3697 3698 3699 3700 3701 3702 3703 3704 3705 3706 3707 3708 3709 3710 3711 3712 3713 3714 3715 3716 3717 3718 3719 3720 3721 3722 3723
###fch 3724 3725 3726 3727 3728 3729 3730 3731 3732 3733 3734 3735 3736 3737 3738 3739 3740 3741 3742 3743 3744 3745 3746 3747 3748 3749 3750 3751 3752 3753 3754 3755 3756 3757 3758 3759 3760 3761 3762 3763 3764 3765 3766 3767 3768 3769 3770 3771 3772 3773 3774 3775 3776 3777 3778 3779 3780 3781 3782 3783 3784 3785 3786 3787 3788 3789 3790 3791 3792 3793 3794 3795 3796 3797 3798 3799 3800 3801 3802 3803 3804 3805 3806 3807 3808 3809 3810 3811 3812 3813 3814 3815 3816 3817
###fch 3840 3841 3842 3843 3844 3845 3846 3847 3848 3849 3850 3851 3852 3853 3854 3855 3856 3857 3858 3859 3860 3861 3862 3863 3864 3865 3866 3867 3868 3869 3870 3871 3872 3873 3874 3875 3876 3877 3878 3879 3880 3881 3882 3883 3884 3885 3886 3887 3888 3889 3890 3891 3892 3893 3894 3895 3896 3897 3898 3899 3900 3901 3902 3903 3904 3905 3906 3907 3908 3909 3910 3911 3818 3819 3820 3821 3822 3823 3824 3825 3826 3827 3828 3829 3830 3831 3832 3833 3834 3835 3836 3837 3838 3839
###fch 3912 3913 3914 3915 3916 3917 3918 3919 3920 3921 3922 3923 3924 3925 3926 3927 3928 3929 3930 3931 3932 3933 3934 3935 3936 3937 3938 3939 3940 3941 3942 3943 3944 3945 3946 3947 3948 3949 3950 3951 3952 3953 3954 3955 3956 3957 3958 3959 3960 3961 3962 3963 3964 3965 3966 3967 3968 3969 3970 3971 3972 3973 3974 3975 3976 3977 3978 3979 3980 3981 3982 3983 3984 3985 3986 3987 3988 3989 3990 3991 3992 3993 3994 3995 3996 3997 3998 3999 4000 4001 4002 4003 4004 4005
###fch 4096 4097 4098 4099 4006 4007 4008 4009 4010 4011 4012 4013 4014 4015 4016 4017 4018 4019 4020 4021 4022 4023 4024 4025 4026 4027 4028 4029 4030 4031 4032 4033 4034 4035 4036 4037 4038 4039 4040 4041 4042 4043 4044 4045 4046 4047 4048 4049 4050 4051 4052 4053 4054 4055 4056 4057 4058 4059 4060 4061 4062 4063 4064 4065 4066 4067 4068 4069 4070 4071 4072 4073 4074 4075 4076 4077 4078 4079 4080 4081 4082 4083 4084 4085 4086 4087 4088 4089 4090 4091 4092 4093 4094 4095
###fch 4100 4101 4102 4103 4104 4105 4106 4107 4108 4109 4110 4111 4112 4113 4114 4115 4116 4117 4118 4119 4120 4121 4122 4123 4124 4125 4126 4127 4128 4129 4130 4131 4132 4133 4134 4135 4136 4137 4138 4139 4140 4141 4142 4143 4144 4145 4146 4147 4148 4149 4150 4151 4152 4153 4154 4155 4156 4157 4158 4159 4160 4161 4162 4163 4164 4165 4166 4167 4168 4169 4170 4171 4172 4173 4174 4175 4176 4177 4178 4179 4180 4181 4182 4183 4184 4185 4186 4187 4188 4189 4190 4191 4192 4193
###fch 4194 4195 4196 4197 4198 4199 4200 4201 4202 4203 4204 4205 4206 4207 4208 4209 4210 4211 4212 4213 4214 4215 4216 4217 4218 4219 4220 4221 4222 4223 4224 4225 4226 4227 4228 4229 4230 4231 4232 4233 4234 4235 4236 4237 4238 4239 4240 4241 4242 4243 4244 4245 4246 4247 4248 4249 4250 4251 4252 4253 4254 4255 4256 4257 4258 4259 4260 4261 4262 4263 4264 4265 4266 4267 4268 4269 4270 4271 4272 4273 4274 4275 4276 4277 4278 4279 4280 4281 4282 4283 4284 4285 4286 4287
###fch 4352 4353 4354 4355 4356 4357 4358 4359 4360 4361 4362 4363 4364 4365 4366 4367 4368 4369 4370 4371 4372 4373 4374 4375 4376 4377 4378 4379 4380 4381 4288 4289 4290 4291 4292 4293 4294 4295 4296 4297 4298 4299 4300 4301 4302 4303 4304 4305 4306 4307 4308 4309 4310 4311 4312 4313 4314 4315 4316 4317 4318 4319 4320 4321 4322 4323 4324 4325 4326 4327 4328 4329 4330 4331 4332 4333 4334 4335 4336 4337 4338 4339 4340 4341 4342 4343 4344 4345 4346 4347 4348 4349 4350 4351
###fch 4382 4383 4384 4385 4386 4387 4388 4389 4390 4391 4392 4393 4394 4395 4396 4397 4398 4399 4400 4401 4402 4403 4404 4405 4406 4407 4408 4409 4410 4411 4412 4413 4414 4415 4416 4417 4418 4419 4420 4421 4422 4423 4424 4425 4426 4427 4428 4429 4430 4431 4432 4433 4434 4435 4436 4437 4438 4439 4440 4441 4442 4443 4444 4445 4446 4447 4448 4449 4450 4451 4452 4453 4454 4455 4456 4457 4458 4459 4460 4461 4462 4463 4464 4465 4466 4467 4468 4469 4470 4471 4472 4473 4474 4475
###fch 4476 4477 4478 4479 4480 4481 4482 4483 4484 4485 4486 4487 4488 4489 4490 4491 4492 4493 4494 4495 4496 4497 4498 4499 4500 4501 4502 4503 4504 4505 4506 4507 4508 4509 4510 4511 4512 4513 4514 4515 4516 4517 4518 4519 4520 4521 4522 4523 4524 4525 4526 4527 4528 4529 4530 4531 4532 4533 4534 4535 4536 4537 4538 4539 4540 4541 4542 4543 4544 4545 4546 4547 4548 4549 4550 4551 4552 4553 4554 4555 4556 4557 4558 4559 4560 4561 4562 4563 4564 4565 4566 4567 4568 4569
###fch 4608 4609 4610 4611 4612 4613 4614 4615 4616 4617 4618 4619 4620 4621 4622 4623 4624 4625 4626 4627 4628 4629 4630 4631 4632 4633 4634 4635 4636 4637 4638 4639 4640 4641 4642 4643 4644 4645 4646 4647 4648 4649 4650 4651 4652 4653 4654 4655 4656 4657 4658 4659 4660 4661 4662 4663 4570 4571 4572 4573 4574 4575 4576 4577 4578 4579 4580 4581 4582 4583 4584 4585 4586 4587 4588 4589 4590 4591 4592 4593 4594 4595 4596 4597 4598 4599 4600 4601 4602 4603 4604 4605 4606 4607
###fch 4664 4665 4666 4667 4668 4669 4670 4671 4672 4673 4674 4675 4676 4677 4678 4679 4680 4681 4682 4683 4684 4685 4686 4687 4688 4689 4690 4691 4692 4693 4694 4695 4696 4697 4698 4699 4700 4701 4702 4703 4704 4705 4706 4707 4708 4709 4710 4711 4712 4713 4714 4715 4716 4717 4718 4719 4720 4721 4722 4723 4724 4725 4726 4727 4728 4729 4730 4731 4732 4733 4734 4735 4736 4737 4738 4739 4740 4741 4742 4743 4744 4745 4746 4747 4748 4749 4750 4751 4752 4753 4754 4755 4756 4757
###fch 4758 4759 4760 4761 4762 4763 4764 4765 4766 4767 4768 4769 4770 4771 4772 4773 4774 4775 4776 4777 4778 4779 4780 4781 4782 4783 4784 4785 4786 4787 4788 4789 4790 4791 4792 4793 4794 4795 4796 4797 4798 4799 4800 4801 4802 4803 4804 4805 4806 4807 4808 4809 4810 4811 4812 4813 4814 4815 4816 4817 4818 4819 4820 4821 4822 4823 4824 4825 4826 4827 4828 4829 4830 4831 4832 4833 4834 4835 4836 4837 4838 4839 4840 4841 4842 4843 4844 4845 4846 4847 4848 4849 4850 4851
###fch 4864 4865 4866 4867 4868 4869 4870 4871 4872 4873 4874 4875 4876 4877 4878 4879 4880 4881 4882 4883 4884 4885 4886 4887 4888 4889 4890 4891 4892 4893 4894 4895 4896 4897 4898 4899 4900 4901 4902 4903 4904 4905 4906 4907 4908 4909 4910 4911 4912 4913 4914 4915 4916 4917 4918 4919 4920 4921 4922 4923 4924 4925 4926 4927 4928 4929 4930 4931 4932 4933 4934 4935 4936 4937 4938 4939 4940 4941 4942 4943 4944 4945 4852 4853 4854 4855 4856 4857 4858 4859 4860 4861 4862 4863
###fch 4946 4947 4948 4949 4950 4951 4952 4953 4954 4955 4956 4957 4958 4959 4960 4961 4962 4963 4964 4965 4966 4967 4968 4969 4970 4971 4972 4973 4974 4975 4976 4977 4978 4979 4980 4981 4982 4983 4984 4985 4986 4987 4988 4989 4990 4991 4992 4993 4994 4995 4996 4997 4998 4999 5000 5001 5002 5003 5004 5005 5006 5007 5008 5009 5010 5011 5012 5013 5014 5015 5016 5017 5018 5019 5020 5021 5022 5023 5024 5025 5026 5027 5028 5029 5030 5031 5032 5033 5034 5035 5036 5037 5038 5039
###fch 5120 5121 5122 5123 5124 5125 5126 5127 5128 5129 5130 5131 5132 5133 5040 5041 5042 5043 5044 5045 5046 5047 5048 5049 5050 5051 5052 5053 5054 5055 5056 5057 5058 5059 5060 5061 5062 5063 5064 5065 5066 5067 5068 5069 5070 5071 5072 5073 5074 5075 5076 5077 5078 5079 5080 5081 5082 5083 5084 5085 5086 5087 5088 5089 5090 5091 5092 5093 5094 5095 5096 5097 5098 5099 5100 5101 5102 5103 5104 5105 5106 5107 5108 5109 5110 5111 5112 5113 5114 5115 5116 5117 5118 5119
###fch 5134 5135 5136 5137 5138 5139 5140 5141 5142 5143 5144 5145 5146 5147 5148 5149 5150 5151 5152 5153 5154 5155 5156 5157 5158 5159 5160 5161 5162 5163 5164 5165 5166 5167 5168 5169 5170 5171 5172 5173 5174 5175 5176 5177 5178 5179 5180 5181 5182 5183 5184 5185 5186 5187 5188 5189 5190 5191 5192 5193 5194 5195 5196 5197 5198 5199 5200 5201 5202 5203 5204 5205 5206 5207 5208 5209 5210 5211 5212 5213 5214 5215 5216 5217 5218 5219 5220 5221 5222 5223 5224 5225 5226 5227
###fch 5228 5229 5230 5231 5232 5233 5234 5235 5236 5237 5238 5239 5240 5241 5242 5243 5244 5245 5246 5247 5248 5249 5250 5251 5252 5253 5254 5255 5256 5257 5258 5259 5260 5261 5262 5263 5264 5265 5266 5267 5268 5269 5270 5271 5272 5273 5274 5275 5276 5277 5278 5279 5280 5281 5282 5283 5284 5285 5286 5287 5288 5289 5290 5291 5292 5293 5294 5295 5296 5297 5298 5299 5300 5301 5302 5303 5304 5305 5306 5307 5308 5309 5310 5311 5312 5313 5314 5315 5316 5317 5318 5319 5320 5321
###fch 5376 5377 5378 5379 5380 5381 5382 5383 5384 5385 5386 5387 5388 5389 5390 5391 5392 5393 5394 5395 5396 5397 5398 5399 5400 5401 5402 5403 5404 5405 5406 5407 5408 5409 5410 5411 5412 5413 5414 5415 5322 5323 5324 5325 5326 5327 5328 5329 5330 5331 5332 5333 5334 5335 5336 5337 5338 5339 5340 5341 5342 5343 5344 5345 5346 5347 5348 5349 5350 5351 5352 5353 5354 5355 5356 5357 5358 5359 5360 5361 5362 5363 5364 5365 5366 5367 5368 5369 5370 5371 5372 5373 5374 5375
###fch 5416 5417 5418 5419 5420 5421 5422 5423 5424 5425 5426 5427 5428 5429 5430 5431 5432 5433 5434 5435 5436 5437 5438 5439 5440 5441 5442 5443 5444 5445 5446 5447 5448 5449 5450 5451 5452 5453 5454 5455 5456 5457 5458 5459 5460 5461 5462 5463 5464 5465 5466 5467 5468 5469 5470 5471 5472 5473 5474 5475 5476 5477 5478 5479 5480 5481 5482 5483 5484 5485 5486 5487 5488 5489 5490 5491 5492 5493 5494 5495 5496 5497 5498 5499 5500 5501 5502 5503 5504 5505 5506 5507 5508 5509
###fch 5510 5511 5512 5513 5514 5515 5516 5517 5518 5519 5520 5521 5522 5523 5524 5525 5526 5527 5528 5529 5530 5531 5532 5533 5534 5535 5536 5537 5538 5539 5540 5541 5542 5543 5544 5545 5546 5547 5548 5549 5550 5551 5552 5553 5554 5555 5556 5557 5558 5559 5560 5561 5562 5563 5564 5565 5566 5567 5568 5569 5570 5571 5572 5573 5574 5575 5576 5577 5578 5579 5580 5581 5582 5583 5584 5585 5586 5587 5588 5589 5590 5591 5592 5593 5594 5595 5596 5597 5598 5599 5600 5601 5602 5603
###fch 5632 5633 5634 5635 5636 5637 5638 5639 5640 5641 5642 5643 5644 5645 5646 5647 5648 5649 5650 5651 5652 5653 5654 5655 5656 5657 5658 5659 5660 5661 5662 5663 5664 5665 5666 5667 5668 5669 5670 5671 5672 5673 5674 5675 5676 5677 5678 5679 5680 5681 5682 5683 5684 5685 5686 5687 5688 5689 5690 5691 5692 5693 5694 5695 5696 5697 5604 5605 5606 5607 5608 5609 5610 5611 5612 5613 5614 5615 5616 5617 5618 5619 5620 5621 5622 5623 5624 5625 5626 5627 5628 5629 5630 5631
###fch 5698 5699 5700 5701 5702 5703 5704 5705 5706 5707 5708 5709 5710 5711 5712 5713 5714 5715 5716 5717 5718 5719 5720 5721 5722 5723 5724 5725 5726 5727 5728 5729 5730 5731 5732 5733 5734 5735 5736 5737 5738 5739 5740 5741 5742 5743 5744 5745 5746 5747 5748 5749 5750 5751 5752 5753 5754 5755 5756 5757 5758 5759 5760 5761 5762 5763 5764 5765 5766 5767 5768 5769 5770 5771 5772 5773 5774 5775 5776 5777 5778 5779 5780 5781 5782 5783 5784 5785 5786 5787 5788 5789 5790 5791
###fch 5792 5793 5794 5795 5796 5797 5798 5799 5800 5801 5802 5803 5804 5805 5806 5807 5808 5809 5810 5811 5812 5813 5814 5815 5816 5817 5818 5819 5820 5821 5822 5823 5824 5825 5826 5827 5828 5829 5830 5831 5832 5833 5834 5835 5836 5837 5838 5839 5840 5841 5842 5843 5844 5845 5846 5847 5848 5849 5850 5851 5852 5853 5854 5855 5856 5857 5858 5859 5860 5861 5862 5863 5864 5865 5866 5867 5868 5869 5870 5871 5872 5873 5874 5875 5876 5877 5878 5879 5880 5881 5882 5883 5884 5885
###fch 5888 5889 5890 5891 5892 5893 5894 5895 5896 5897 5898 5899 5900 5901 5902 5903 5904 5905 5906 5907 5908 5909 5910 5911 5912 5913 5914 5915 5916 5917 5918 5919 5920 5921 5922 5923 5924 5925 5926 5927 5928 5929 5930 5931 5932 5933 5934 5935 5936 5937 5938 5939 5940 5941 5942 5943 5944 5945 5946 5947 5948 5949 5950 5951 5952 5953 5954 5955 5956 5957 5958 5959 5960 5961 5962 5963 5964 5965 5966 5967 5968 5969 5970 5971 5972 5973 5974 5975 5976 5977 5978 5979 5886 5887
###fch 5980 5981 5982 5983 5984 5985 5986 5987 5988 5989 5990 5991 5992 5993 5994 5995 5996 5997 5998 5999 6000 6001 6002 6003 6004 6005 6006 6007 6008 6009 6010 6011 6012 6013 6014 6015 6016 6017 6018 6019 6020 6021 6022 6023 6024 6025 6026 6027 6028 6029 6030 6031 6032 6033 6034 6035 6036 6037 6038 6039 6040 6041 6042 6043 6044 6045 6046 6047 6048 6049 6050 6051 6052 6053 6054 6055 6056 6057 6058 6059 6060 6061 6062 6063 6064 6065 6066 6067 6068 6069 6070 6071 6072 6073
###fch 6144 6145 6146 6147 6148 6149 6150 6151 6152 6153 6154 6155 6156 6157 6158 6159 6160 6161 6162 6163 6164 6165 6166 6167 6074 6075 6076 6077 6078 6079 6080 6081 6082 6083 6084 6085 6086 6087 6088 6089 6090 6091 6092 6093 6094 6095 6096 6097 6098 6099 6100 6101 6102 6103 6104 6105 6106 6107 6108 6109 6110 6111 6112 6113 6114 6115 6116 6117 6118 6119 6120 6121 6122 6123 6124 6125 6126 6127 6128 6129 6130 6131 6132 6133 6134 6135 6136 6137 6138 6139 6140 6141 6142 6143
###fch 6168 6169 6170 6171 6172 6173 6174 6175 6176 6177 6178 6179 6180 6181 6182 6183 6184 6185 6186 6187 6188 6189 6190 6191 6192 6193 6194 6195 6196 6197 6198 6199 6200 6201 6202 6203 6204 6205 6206 6207 6208 6209 6210 6211 6212 6213 6214 6215 6216 6217 6218 6219 6220 6221 6222 6223 6224 6225 6226 6227 6228 6229 6230 6231 6232 6233 6234 6235 6236 6237 6238 6239 6240 6241 6242 6243 6244 6245 6246 6247 6248 6249 6250 6251 6252 6253 6254 6255 6256 6257 6258 6259 6260 6261
###fch 6262 6263 6264 6265 6266 6267 6268 6269 6270 6271 6272 6273 6274 6275 6276 6277 6278 6279 6280 6281 6282 6283 6284 6285 6286 6287 6288 6289 6290 6291 6292 6293 6294 6295 6296 6297 6298 6299 6300 6301 6302 6303 6304 6305 6306 6307 6308 6309 6310 6311 6312 6313 6314 6315 6316 6317 6318 6319 6320 6321 6322 6323 6324 6325 6326 6327 6328 6329 6330 6331 6332 6333 6334 6335 6336 6337 6338 6339 6340 6341 6342 6343 6344 6345 6346 6347 6348 6349 6350 6351 6352 6353 6354 6355
###fch 6400 6401 6402 6403 6404 6405 6406 6407 6408 6409 6410 6411 6412 6413 6414 6415 6416 6417 6418 6419 6420 6421 6422 6423 6424 6425 6426 6427 6428 6429 6430 6431 6432 6433 6434 6435 6436 6437 6438 6439 6440 6441 6442 6443 6444 6445 6446 6447 6448 6449 6356 6357 6358 6359 6360 6361 6362 6363 6364 6365 6366 6367 6368 6369 6370 6371 6372 6373 6374 6375 6376 6377 6378 6379 6380 6381 6382 6383 6384 6385 6386 6387 6388 6389 6390 6391 6392 6393 6394 6395 6396 6397 6398 6399
###fch 6450 6451 6452 6453 6454 6455 6456 6457 6458 6459 6460 6461 6462 6463 6464 6465 6466 6467 6468 6469 6470 6471 6472 6473 6474 6475 6476 6477 6478 6479 6480 6481 6482 6483 6484 6485 6486 6487 6488 6489 6490 6491 6492 6493 6494 6495 6496 6497 6498 6499 6500 6501 6502 6503 6504 6505 6506 6507 6508 6509 6510 6511 6512 6513 6514 6515 6516 6517 6518 6519 6520 6521 6522 6523 6524 6525 6526 6527 6528 6529 6530 6531 6532 6533 6534 6535 6536 6537 6538 6539 6540 6541 6542 6543
###fch 6544 6545 6546 6547 6548 6549 6550 6551 6552 6553 6554 6555 6556 6557 6558 6559 6560 6561 6562 6563 6564 6565 6566 6567 6568 6569 6570 6571 6572 6573 6574 6575 6576 6577 6578 6579 6580 6581 6582 6583 6584 6585 6586 6587 6588 6589 6590 6591 6592 6593 6594 6595 6596 6597 6598 6599 6600 6601 6602 6603 6604 6605 6606 6607 6608 6609 6610 6611 6612 6613 6614 6615 6616 6617 6618 6619 6620 6621 6622 6623 6624 6625 6626 6627 6628 6629 6630 6631 6632 6633 6634 6635 6636 6637
###fch 6656 6657 6658 6659 6660 6661 6662 6663 6664 6665 6666 6667 6668 6669 6670 6671 6672 6673 6674 6675 6676 6677 6678 6679 6680 6681 6682 6683 6684 6685 6686 6687 6688 6689 6690 6691 6692 6693 6694 6695 6696 6697 6698 6699 6700 6701 6702 6703 6704 6705 6706 6707 6708 6709 6710 6711 6712 6713 6714 6715 6716 6717 6718 6719 6720 6721 6722 6723 6724 6725 6726 6727 6728 6729 6730 6731 6638 6639 6640 6641 6642 6643 6644 6645 6646 6647 6648 6649 6650 6651 6652 6653 6654 6655
###fch 6732 6733 6734 6735 6736 6737 6738 6739 6740 6741 6742 6743 6744 6745 6746 6747 6748 6749 6750 6751 6752 6753 6754 6755 6756 6757 6758 6759 6760 6761 6762 6763 6764 6765 6766 6767 6768 6769 6770 6771 6772 6773 6774 6775 6776 6777 6778 6779 6780 6781 6782 6783 6784 6785 6786 6787 6788 6789 6790 6791 6792 6793 6794 6795 6796 6797 6798 6799 6800 6801 6802 6803 6804 6805 6806 6807 6808 6809 6810 6811 6812 6813 6814 6815 6816 6817 6818 6819 6820 6821 6822 6823 6824 6825
###fch 6912 6913 6914 6915 6916 6917 6918 6919 6826 6827 6828 6829 6830 6831 6832 6833 6834 6835 6836 6837 6838 6839 6840 6841 6842 6843 6844 6845 6846 6847 6848 6849 6850 6851 6852 6853 6854 6855 6856 6857 6858 6859 6860 6861 6862 6863 6864 6865 6866 6867 6868 6869 6870 6871 6872 6873 6874 6875 6876 6877 6878 6879 6880 6881 6882 6883 6884 6885 6886 6887 6888 6889 6890 6891 6892 6893 6894 6895 6896 6897 6898 6899 6900 6901 6902 6903 6904 6905 6906 6907 6908 6909 6910 6911
###fch 6920 6921 6922 6923 6924 6925 6926 6927 6928 6929 6930 6931 6932 6933 6934 6935 6936 6937 6938 6939 6940 6941 6942 6943 6944 6945 6946 6947 6948 6949 6950 6951 6952 6953 6954 6955 6956 6957 6958 6959 6960 6961 6962 6963 6964 6965 6966 6967 6968 6969 6970 6971 6972 6973 6974 6975 6976 6977 6978 6979 6980 6981 6982 6983 6984 6985 6986 6987 6988 6989 6990 6991 6992 6993 6994 6995 6996 6997 6998 6999 7000 7001 7002 7003 7004 7005 7006 7007 7008 7009 7010 7011 7012 7013
###fch 7014 7015 7016 7017 7018 7019 7020 7021 7022 7023 7024 7025 7026 7027 7028 7029 7030 7031 7032 7033 7034 7035 7036 7037 7038 7039 7040 7041 7042 7043 7044 7045 7046 7047 7048 7049 7050 7051 7052 7053 7054 7055 7056 7057 7058 7059 7060 7061 7062 7063 7064 7065 7066 7067 7068 7069 7070 7071 7072 7073 7074 7075 7076 7077 7078 7079 7080 7081 7082 7083 7084 7085 7086 7087 7088 7089 7090 7091 7092 7093 7094 7095 7096 7097 7098 7099 7100 7101 7102 7103 7104 7105 7106 7107
###fch 7168 7169 7170 7171 7172 7173 7174 7175 7176 7177 7178 7179 7180 7181 7182 7183 7184 7185 7186 7187 7188 7189 7190 7191 7192 7193 7194 7195 7196 7197 7198 7199 7200 7201 7108 7109 7110 7111 7112 7113 7114 7115 7116 7117 7118 7119 7120 7121 7122 7123 7124 7125 7126 7127 7128 7129 7130 7131 7132 7133 7134 7135 7136 7137 7138 7139 7140 7141 7142 7143 7144 7145 7146 7147 7148 7149 7150 7151 7152 7153 7154 7155 7156 7157 7158 7159 7160 7161 7162 7163 7164 7165 7166 7167
###fch 7202 7203 7204 7205 7206 7207 7208 7209 7210 7211 7212 7213 7214 7215 7216 7217 7218 7219 7220 7221 7222 7223 7224 7225 7226 7227 7228 7229 7230 7231 7232 7233 7234 7235 7236 7237 7238 7239 7240 7241 7242 7243 7244 7245 7246 7247 7248 7249 7250 7251 7252 7253 7254 7255 7256 7257 7258 7259 7260 7261 7262 7263 7264 7265 7266 7267 7268 7269 7270 7271 7272 7273 7274 7275 7276 7277 7278 7279 7280 7281 7282 7283 7284 7285 7286 7287 7288 7289 7290 7291 7292 7293 7294 7295
###fch 7296 7297 7298 7299 7300 7301 7302 7303 7304 7305 7306 7307 7308 7309 7310 7311 7312 7313 7314 7315 7316 7317 7318 7319 7320 7321 7322 7323 7324 7325 7326 7327 7328 7329 7330 7331 7332 7333 7334 7335 7336 7337 7338 7339 7340 7341 7342 7343 7344 7345 7346 7347 7348 7349 7350 7351 7352 7353 7354 7355 7356 7357 7358 7359 7360 7361 7362 7363 7364 7365 7366 7367 7368 7369 7370 7371 7372 7373 7374 7375 7376 7377 7378 7379 7380 7381 7382 7383 7384 7385 7386 7387 7388 7389
###fch 7390 7391
###fch 7392 7393
###fch 8192 8193 8194 8195 8196 8197 8198 8199 8200 8201 8202 8203 8204 8205 8206 8207 8208 8209 8210 8211 8212 8213 8214 8215 8216 8217 8218 8219 8220 8221 8222 8223 8224 8225 8226 8227 8228 8229 8230 8231 8232 8233 8234 8235 8236 8237 8238 8239 8240 8241 8242 8243 8244 8245 8246 8247 8248 8249 8250 8251 8252 8253 8254 8255 8256 8257 8258 8259 8260 8261 8262 8263 8264 8265 8266 8267 8268 8269 8270 8271 8272 8273 8274 8275 8276 8277 8278 8279 8280 8281 8282 8283 8284 8285 8286 8287 8288 8289 8290 8291 8292 8293 8294 8295 8296 8297 8298 8299 8300 8301 8302 8303 8304 8305 8306 8307 8308 8309 8310 8311 8312 8313 8314 8315 8316 8317 8318 8319 8320 8321 8322 8323 8324 8325 8326 8327 8328 8329 8330 8331 8332 8333 8334 8335 8336 8337 8338 8339 8340 8341 8342 8343 8344 8345 8346 8347 8348 8349 8350 8351 8352 8353 8354 8355 8356 8357 8358 8359 8360 8361 8362 8363 8364 8365 8366 8367 8368 8369 8370 8371 8372 8373 8374 8375 8376 8377 8378 8379 8380 8381 8382 8383 8384 8385 8386 8387 8388 8389 8390 8391 8392 8393 8394 8395 8396 8397 8398 8399 8400 8401 8402 8403 8404 8405 8406 8407 8408 8409 8410 8411 8412 8413 8414 8415 8416 8417 8418 8419 8420 8421 8422 8423 8424 8425 8426 8427 8428 8429 8430 8431 8432 8433 8434 8435 8436 8437 8438 8439 8440 8441 8442 8443 8444 8445 8446 8447 8448 8449 8450 8451 8452 8453 8454 8455 8456 8457 8458 8459 8460 8461 8462 8463 8464 8465 8466 8467 8468 8469 8470 8471 8472 8473 8474 8475 8476 8477 8478 8479 8480 8481 8482 8483 8484 8485 8486 8487 8488 8489 8490 8491 8492 8493 8494 8495 8496 8497 8498 8499 8500 8501 8502 8503 8504 8505 8506 8507 8508 8509 8510 8511 8512 8513 8514 8515 8516 8517 8518 8519 8520 8521 8522 8523 8524 8525 8526 8527 8528 8529 8530 8531 8532 8533 8534 8535 8536 8537 8538 8539 8540 8541 8542 8543 8544 8545 8546 8547 8548 8549 8550 8551 8552 8553 8554 8555 8556 8557 8558 8559 8560 8561 8562 8563 8564 8565 8566 8567 8568 8569 8570 8571 8572 8573 8574 8575 8576 8577 8578 8579 8580 8581 8582 8583 8584 8585 8586 8587 8588 8589 8590 8591 8592 8593 8594 8595 8596 8597 8598 8599 8600 8601 8602 8603 8604 8605 8606 8607 8608 8609 8610 8611 8612 8613 8614 8615 8616 8617 8618 8619 8620 8621 8622 8623 8624 8625 8626 8627 8628 8629 8630 8631 8632 8633 8634 8635 8636 8637 8638 8639 8640 8641 8642 8643 8644 8645 8646 8647 8648 8649 8650 8651 8652 8653 8654 8655 8656 8657 8658 8659 8660 8661 8662 8663 8664 8665 8666 8667 8668 8669 8670 8671 8672 8673 8674 8675 8676 8677 8678 8679 8680 8681 8682 8683 8684 8685 8686 8687 8688 8689 8690 8691 8692 8693 8694 8695 8696 8697 8698 8699 8700 8701 8702 8703 8704 8705 8706 8707 8708 8709 8710 8711 8712 8713 8714 8715 8716 8717 8718 8719 8720 8721 8722 8723 8724 8725 8726 8727 8728 8729 8730 8731 8732 8733 8734 8735 8736 8737 8738 8739 8740 8741 8742 8743 8744 8745 8746 8747 8748 8749 8750 8751 8752 8753 8754 8755 8756 8757 8758 8759 8760 8761 8762 8763 8764 8765 8766 8767 8768 8769 8770 8771 8772 8773 8774 8775 8776 8777 8778 8779 8780 8781 8782 8783 8784 8785 8786 8787 8788 8789 8790 8791 8792 8793 8794 8795 8796 8797 8798 8799 8800 8801 8802 8803 8804 8805 8806 8807 8808 8809 8810 8811 8812 8813 8814 8815 8816 8817 8818 8819 8820 8821 8822 8823 8824 8825 8826 8827 8828 8829 8830 8831 8832 8833 8834 8835 8836 8837 8838 8839 8840 8841 8842 8843 8844 8845 8846 8847 8848 8849 8850 8851 8852 8853 8854 8855 8856 8857 8858 8859 8860 8861 8862 8863 8864 8865 8866 8867 8868 8869 8870 8871 8872 8873 8874 8875 8876 8877 8878 8879 8880 8881 8882 8883 8884 8885 8886 8887 8888 8889 8890 8891 8892 8893 8894 8895 8896 8897 8898 8899 8900 8901 8902 8903 8904 8905 8906 8907 8908 8909 8910 8911 8912 8913 8914 8915 8916 8917 8918 8919 8920 8921 8922 8923 8924 8925 8926 8927 8928 8929 8930 8931 8932 8933 8934 8935 8936 8937 8938 8939 8940 8941 8942 8943 8944 8945 8946 8947 8948 8949 8950 8951 8952 8953 8954 8955 8956 8957 8958 8959 8960 8961 8962 8963 8964 8965 8966 8967 8968 8969 8970 8971 8972 8973 8974 8975 8976 8977 8978 8979 8980 8981 8982 8983 8984 8985 8986 8987 8988 8989 8990 8991 8992 8993 8994 8995 8996 8997 8998 8999 9000 9001 9002 9003 9004 9005 9006 9007 9008 9009 9010 9011 9012 9013 9014 9015 9016 9017 9018 9019 9020 9021 9022 9023 9024 9025 9026 9027 9028 9029 9030 9031 9032 9033 9034 9035 9036 9037 9038 9039 9040 9041 9042 9043 9044 9045 9046 9047 9048 9049 9050 9051 9052 9053 9054 9055 9056 9057 9058 9059 9060 9061 9062 9063 9064 9065 9066 9067 9068 9069 9070 9071 9072 9073 9074 9075 9076 9077 9078 9079 9080 9081 9082 9083 9084 9085 9086 9087 9088 9089 9090 9091 9092 9093 9094 9095 9096 9097 9098 9099 9100 9101 9102 9103 9104 9105 9106 9107 9108 9109 9110 9111 9112 9113 9114 9115 9116 9117 9118 9119 9120 9121 9122 9123 9124 9125 9126 9127 9128 9129 9130 9131 9132 9133 9134 9135 9136 9137 9138 9139 9140 9141 9142 9143 9144 9145 9146 9147 9148 9149 9150 9151 9152 9153 9154 9155 9156 9157 9158 9159 9160 9161 9162 9163 9164 9165 9166 9167 9168 9169 9170 9171 9172 9173 9174 9175 9176 9177 9178 9179 9180 9181 9182 9183 9184 9185 9186 9187 9188 9189 9190 9191 9192 9193 9194 9195 9196 9197 9198 9199 9200 9201 9202 9203 9204 9205 9206 9207 9208 9209 9210 9211 9212 9213 9214 9215 9216 9217 9218 9219 9220 9221 9222 9223 9224 9225 9226 9227 9228 9229 9230 9231 9232 9233 9234 9235 9236 9237 9238 9239 9240 9241 9242 9243 9244 9245 9246 9247 9248 9249 9250 9251 9252 9253 9254 9255 9256 9257 9258 9259 9260 9261 9262 9263 9264 9265 9266 9267 9268 9269 9270 9271 9272 9273 9274 9275 9276 9277 9278 9279 9280 9281 9282 9283 9284 9285 9286 9287 9288 9289 9290 9291 9292 9293 9294 9295 9296 9297 9298 9299 9300 9301 9302 9303 9304 9305 9306 9307 9308 9309 9310 9311 9312 9313 9314 9315 9316 9317 9318 9319 9320 9321 9322 9323 9324 9325 9326 9327 9328 9329 9330 9331 9332 9333 9334 9335 9336 9337 9338 9339 9340 9341 9342 9343 9344 9345 9346 9347 9348 9349 9350 9351 9352 9353 9354 9355 9356 9357 9358 9359 9360 9361 9362 9363 9364 9365 9366 9367 9368 9369 9370 9371 9372 9373 9374 9375 9376 9377 9378 9379 9380 9381 9382 9383 9384 9385 9386 9387 9388 9389 9390 9391 9392 9393 9394 9395 9396 9397 9398 9399 9400 9401 9402 9403 9404 9405 9406 9407 9408 9409 9410 9411 9412 9413 9414 9415 9416 9417 9418 9419 9420 9421 9422 9423 9424 9425 9426 9427 9428 9429 9430 9431 9432 9433 9434 9435 9436 9437 9438 9439 9440 9441 9442 9443 9444 9445 9446 9447 9448 9449 9450 9451 9452 9453 9454 9455 9456 9457 9458 9459 9460 9461 9462 9463 9464 9465 9466 9467 9468 9469 9470 9471 9472 9473 9474 9475 9476 9477 9478 9479 9480 9481 9482 9483 9484 9485 9486 9487 9488 9489 9490 9491 9492 9493 9494 9495 9496 9497 9498 9499 9500 9501 9502 9503 9504 9505 9506 9507 9508 9509 9510 9511 9512 9513 9514 9515 9516 9517 9518 9519 9520 9521 9522 9523 9524 9525 9526 9527 9528 9529 9530 9531 9532 9533 9534 9535 9536 9537 9538 9539 9540 9541 9542 9543 9544 9545 9546 9547 9548 9549 9550 9551 9552 9553 9554 9555 9556 9557 9558 9559 9560 9561 9562 9563 9564 9565 9566 9567 9568 9569 9570 9571 9572 9573 9574 9575 9576 9577 9578 9579 9580 9581 9582 9583 9584 9585 9586 9587 9588 9589 9590 9591 9592 9593 9594 9595 9596 9597 9598 9599 9600 9601 9602 9603 9604 9605 9606 9607 9608 9609 9610 9611 9612 9613 9614 9615 9616 9617 9618 9619 9620 9621 9622 9623 9624 9625 9626 9627 9628 9629 9630 9631 9632 9633 9634 9635 9636 9637 9638 9639 9640 9641 9642 9643 9644 9645 9646 9647 9648 9649 9650 9651 9652 9653 9654 9655 9656 9657 9658 9659 9660 9661 9662 9663 9664 9665 9666 9667 9668 9669 9670 9671 9672 9673 9674 9675 9676 9677 9678 9679 9680 9681 9682 9683 9684 9685 9686 9687 9688 9689 9690 9691 9692 9693 9694 9695 9696 9697 9698 9699 9700 9701 9702 9703 9704 9705 9706 9707 9708 9709 9710 9711 9712 9713 9714 9715 9716 9717 9718 9719 9720 9721 9722 9723 9724 9725 9726 9727 9728 9729 9730 9731 9732 9733 9734 9735 9736 9737 9738 9739 9740 9741 9742 9743 9744 9745 9746 9747 9748 9749 9750 9751 9752 9753 9754 9755 9756 9757 9758 9759 9760 9761 9762 9763 9764 9765 9766 9767 9768 9769 9770 9771 9772 9773 9774 9775 9776 9777 9778 9779 9780 9781 9782 9783 9784 9785 9786 9787 9788 9789 9790 9791 9792 9793 9794 9795 9796 9797 9798 9799 9800 9801 9802 9803 9804 9805 9806 9807 9808 9809 9810 9811 9812 9813 9814 9815 9816 9817 9818 9819 9820 9821 9822 9823 9824 9825 9826 9827 7394 7395 7396 7397 7398 7399 7400 7401 7402 7403 7404 7405 7406 7407 7408 7409 7410 7411 7412 7413 7414 7415 7416 7417 7418 7419 7420 7421 7422 7423 7424 7425 7426 7427 7428 7429 7430 7431 7432 7433 7434 7435 7436 7437 7438 7439 7440 7441 7442 7443 7444 7445 7446 7447 7448 7449 7450 7451 7452 7453 7454 7455 7456 7457 7458 7459 7460 7461 7462 7463 7464 7465 7466 7467 7468 7469 7470 7471 7472 7473 7474 7475 7476 7477 7478 7479 7480 7481 7482 7483 7484 7485 7486 7487 7488 7489 7490 7491 7492 7493 7494 7495 7496 7497 7498 7499 7500 7501 7502 7503 7504 7505 7506 7507 7508 7509 7510 7511 7512 7513 7514 7515 7516 7517 7518 7519 7520 7521 7522 7523 7524 7525 7526 7527 7528 7529 7530 7531 7532 7533 7534 7535 7536 7537 7538 7539 7540 7541 7542 7543 7544 7545 7546 7547 7548 7549 7550 7551 7552 7553 7554 7555 7556 7557 7558 7559 7560 7561 7562 7563 7564 7565 7566 7567 7568 7569 7570 7571 7572 7573 7574 7575 7576 7577 7578 7579 7580 7581 7582 7583 7584 7585 7586 7587 7588 7589 7590 7591 7592 7593 7594 7595 7596 7597 7598 7599 7600 7601 7602 7603 7604 7605 7606 7607 7608 7609 7610 7611 7612 7613 7614 7615 7616 7617 7618 7619 7620 7621 7622 7623 7624 7625 7626 7627 7628 7629 7630 7631 7632 7633 7634 7635 7636 7637 7638 7639 7640 7641 7642 7643 7644 7645 7646 7647 7648 7649 7650 7651 7652 7653 7654 7655 7656 7657 7658 7659 7660 7661 7662 7663 7664 7665 7666 7667 7668 7669 7670 7671 7672 7673 7674 7675 7676 7677 7678 7679 7680 7681 7682 7683 7684 7685 7686 7687 7688 7689 7690 7691 7692 7693 7694 7695 7696 7697 7698 7699 7700 7701 7702 7703 7704 7705 7706 7707 7708 7709 7710 7711 7712 7713 7714 7715 7716 7717 7718 7719 7720 7721 7722 7723 7724 7725 7726 7727 7728 7729 7730 7731 7732 7733 7734 7735 7736 7737 7738 7739 7740 7741 7742 7743 7744 7745 7746 7747 7748 7749 7750 7751 7752 7753 7754 7755 7756 7757 7758 7759 7760 7761 7762 7763 7764 7765 7766 7767 7768 7769 7770 7771 7772 7773 7774 7775 7776 7777 7778 7779 7780 7781 7782 7783 7784 7785 7786 7787 7788 7789 7790 7791 7792 7793 7794 7795 7796 7797 7798 7799 7800 7801 7802 7803 7804 7805 7806 7807 7808 7809 7810 7811 7812 7813 7814 7815 7816 7817 7818 7819 7820 7821 7822 7823 7824 7825 7826 7827 7828 7829 7830 7831 7832 7833 7834 7835 7836 7837 7838 7839 7840 7841 7842 7843 7844 7845 7846 7847 7848 7849 7850 7851 7852 7853 7854 7855 7856 7857 7858 7859 7860 7861 7862 7863 7864 7865 7866 7867 7868 7869 7870 7871 7872 7873 7874 7875 7876 7877 7878 7879 7880 7881 7882 7883 7884 7885 7886 7887 7888 7889 7890 7891 7892 7893 7894 7895 7896 7897 7898 7899 7900 7901 7902 7903 7904 7905 7906 7907 7908 7909 7910 7911 7912 7913 7914 7915 7916 7917 7918 7919 7920 7921 7922 7923 7924 7925 7926 7927 7928 7929 7930 7931 7932 7933 7934 7935 7936 7937 7938 7939 7940 7941 7942 7943 7944 7945 7946 7947 7948 7949 7950 7951 7952 7953 7954 7955 7956 7957 7958 7959 7960 7961 7962 7963 7964 7965 7966 7967 7968 7969 7970 7971 7972 7973 7974 7975 7976 7977 7978 7979 7980 7981 7982 7983 7984 7985 7986 7987 7988 7989 7990 7991 7992 7993 7994 7995 7996 7997 7998 7999 8000 8001 8002 8003 8004 8005 8006 8007 8008 8009 8010 8011 8012 8013 8014 8015 8016 8017 8018 8019 8020 8021 8022 8023 8024 8025 8026 8027 8028 8029 8030 8031 8032 8033 8034 8035 8036 8037 8038 8039 8040 8041 8042 8043 8044 8045 8046 8047 8048 8049 8050 8051 8052 8053 8054 8055 8056 8057 8058 8059 8060 8061 8062 8063 8064 8065 8066 8067 8068 8069 8070 8071 8072 8073 8074 8075 8076 8077 8078 8079 8080 8081 8082 8083 8084 8085 8086 8087 8088 8089 8090 8091 8092 8093 8094 8095 8096 8097 8098 8099 8100 8101 8102 8103 8104 8105 8106 8107 8108 8109 8110 8111 8112 8113 8114 8115 8116 8117 8118 8119 8120 8121 8122 8123 8124 8125 8126 8127 8128 8129 8130 8131 8132 8133 8134 8135 8136 8137 8138 8139 8140 8141 8142 8143 8144 8145 8146 8147 8148 8149 8150 8151 8152 8153 8154 8155 8156 8157 8158 8159 8160 8161 8162 8163 8164 8165 8166 8167 8168 8169 8170 8171 8172 8173 8174 8175 8176 8177 8178 8179 8180 8181 8182 8183 8184 8185 8186 8187 8188 8189 8190 8191
###cch 0 5 73 76
###cch 4 1 77 72
###cch 36 41 109 112
###cch 40 37 113 108
###cch 144 149 217 220
###cch 148 145 221 216
###cch 180 185 253 256
###cch 184 181 257 252
###cch 22 19 131 126
###cch 166 163 275 270
###cch 54 59 91 94
###cch 58 55 95 90
###cch 198 203 235 238
###cch 202 199 239 234
###cch 0 70 68 66 64 62 60 58 56 54 52 50 48 46 44 42 40 38 36 34 32 30 28 26 24 22 20 18 16 14 12 10 8 6 4 2
###cch 144 214 212 210 208 206 204 202 200 198 196 194 192 190 188 186 184 182 180 178 176 174 172 170 168 166 164 162 160 158 156 154 152 150 148 146
###cch 292 2542 2541 2540 2539 2538 2537 2536 2535 2534 2533 2532 2531 2530 508 509 510 511 512 513 514 1328 1330 1332 338 336 334 332 330 328 326 324 322 320 318 316 314 312 310 308 306 304 302 300 298 296 293
###cch 315 317 319 321 323 325 327 329 331 333 335 337 2282 892 891 896 898 900 902 904 906 908 910 912 914 916 918 920 922 924 926 928 930 932 934 936 294 295 297 299 301 303 305 307 309 311 313
###cch 346 1992 1993 1994 1995 1996 1997 1998 1999 2000 2001 2002 541 542 2003 538 539 540 534 536 537 1034 1032 1030 1028 1026 1024 1022 1020 1018 1016 1014 1012 1010 1008 1006 1004 1002 1000 998 996 994 992 990 988 344 345
###cch 348 2284 2286 2288 2290 2292 2294 2296 2298 2300 2302 2304 2306 2308 2310 2312 2314 2316 2318 2320 2322 2324 1650 1236 1234 1232 1230 1228 1226 1224 1222 1220 1218 1216 1214 1212 1210 1208 1206 1204 1202 1200 1198 1196 1194 1192 1190
###cch 348 2283 353 1706 1917 1373 1394 973
###cch 350 1701 1705 1707 1709 1711 1713 1715 1717 1719 1721 1723 1725 1727 1729 1731 1733 1735 1737 1739 1741 1743 1745 397 395 393 391 389 387 385 383 381 379 377 375 373 371 369 367 365 363 361 359 357 355 353 351
###cch 372 374 376 378 380 382 384 386 388 390 392 394 1990 1651 1652 2323 2321 2319 2317 2315 2313 2311 2309 2307 2305 2303 2301 2299 2297 2295 2293 2291 2289 2287 2285 2283 349 352 354 356 358 360 362 364 366 368 370
###cch 399 1789 1787 1785 1783 1781 1779 1777 1775 1773 1752 1754 1756 1758 1760 1762 1764 1766 1768 1770 1772 785 1861 1859 1857 1855 1853 1851 1849 1847 1845 1843 1841 1839 1837 1835 1864 1866 1868 1870 1872 1874 1876 1878 1880 396 398
###cch 403 1037 1090 1092 1094 1096 1098 1100 1102 1104 1106 1108 1110 1112 1114 1116 1118 1120 1122 1124 1126 1128 1130 1132 449 447 445 443 441 439 437 435 433 431 429 427 425 423 421 419 417 415 413 411 409 407 405
###cch 424 426 428 430 432 434 436 438 440 442 444 446 1940 1943 1945 1946 572 571 570 569 568 567 1947 1927 1928 1929 1930 1931 1932 1933 1934 1935 1936 1937 1938 401 402 404 406 408 410 412 414 416 418 420 422
###cch 451 2409 2411 2413 2415 2417 2419 2421 2423 2425 2427 2429 2431 2433 2435 2437 2439 2441 2443 2445 2447 632 2145 2143 2144 2388 2386 2384 2382 2380 2378 2376 2374 2372 2370 2368 2391 2393 2395 2397 2399 2401 2403 2405 2407 448 450
###cch 454 2122 2120 2118 2116 2114 2112 2110 2108 2106 2104 2102 2100 2098 2123 2125 2127 2129 2131 2133 2135 2137 2139 561 560 558 556 554 552 564 563 562 566 565 2546 2545 2544 2543 2553 2552 2551 2550 2549 2548 2547 456 455
###cch 457 2230 2228 2226 2224 2222 2220 2218 2216 2214 2212 2210 2208 2206 2204 2202 2200 2198 2196 2194 2192 2190 1698 1700 690 689 694 696 698 700 702 704 706 708 710 712 714 716 718 720 722 724 726 728 730 732 734
###cch 480 484 488 492 496 500 504 687 695 699 703 707 711 715 719 723 727 731 458 462 466 470 474 478 482 486 490 494 498 502 686 688 697 701 705 709 713 717 721 725 729 733 460 464 468 472 476
###cch 481 483 485 487 489 491 493 495 497 499 501 503 2096 2091 2090 2088 2086 2084 2082 2080 2078 2076 2074 2048 2050 2052 2054 2056 2058 2060 2062 2064 2066 2068 2070 2072 459 461 463 465 467 469 471 473 475 477 479
###cch 524 525 526 527 528 529 530 531 532 533 535 1036 1035 1033 1327 1325 1323 1321 1319 1317 1315 1313 1311 1288 1290 1292 1294 1296 1298 1300 1302 1304 1306 1308 341 340 1331 1329 516 515 517 518 519 520 521 522 523
###cch 544 581 579 577 575 574 1942 1939 2404 2400 2396 2392 2369 2373 2377 2381 2385 2389 559 555 551 549 547 545 543 580 578 576 573 1944 1941 2406 2402 2398 2394 2390 2371 2375 2379 2383 2387 2142 557 553 550 548 546
###cch 582 586 590 594 598 602 606 683 679 675 671 667 663 659 655 651 647 638 636 629 625 621 617 613 584 588 592 596 600 604 608 681 677 673 669 665 661 657 653 649 645 637 631 627 623 619 615
###cch 583 585 587 589 591 593 595 597 599 601 603 605 607 2121 2119 2117 2115 2113 2111 2109 2107 2105 2103 2101 2099 2097 2124 2126 2128 2130 2132 2134 2136 2138 2140 2141 2146 630 628 626 624 622 620 618 616 614 612
###cch 609 2188 2186 2184 2182 2180 2178 2176 2174 2172 2170 2168 2166 2164 2162 2160 2158 2156 2154 2152 2150 2148 1524 1526 640 639 644 646 648 650 652 654 656 658 660 662 664 666 668 670 672 674 676 678 680 682 684
###cch 610 2071 2069 2067 2065 2063 2061 2059 2057 2055 2053 2051 2049 2073 2075 2077 2079 2081 2083 2085 2087 2089 1523 1522 1520 2147 2149 2151 2153 2155 2157 2159 2161 2163 2165 2167 2169 2171 2173 2175 2177 2179 2181 2183 2185 2187 611
###cch 641 1454 1452 1450 1448 1446 1444 1442 1440 1438 1436 1434 1455 1457 1459 1461 1463 1465 1467 1469 1471 1137 1136 1134 2408 2410 2412 2414 2416 2418 2420 2422 2424 2426 2428 2430 2432 2434 2436 2438 2440 2442 2444 2446 634 633 635
###cch 642 1525 1518 1516 1514 1512 1510 1508 1506 1504 1502 1500 1498 1496 1494 1492 1490 1488 1486 1484 1482 1480 1473 1088 1087 1085 1472 1470 1468 1466 1464 1462 1460 1458 1456 1433 1435 1437 1439 1441 1443 1445 1447 1449 1451 1453 643
###cch 691 1628 1626 1624 1622 1620 1618 1616 1614 1612 1610 1608 1629 1631 1633 1635 1637 1639 1641 1643 1645 1287 1286 1284 2527 2525 2523 2521 2519 2517 2515 2513 2511 2488 2490 2492 2494 2496 2498 2500 2502 2504 2506 2508 507 506 685
###cch 692 1699 1692 1690 1688 1686 1684 1682 1680 1678 1676 1674 1672 1670 1668 1666 1664 1662 1660 1658 1656 1654 1647 1238 1237 1235 1646 1644 1642 1640 1638 1636 1634 1632 1630 1607 1609 1611 1613 1615 1617 1619 1621 1623 1625 1627 693
###cch 735 739 743 747 751 755 759 836 832 828 824 820 816 812 808 804 800 791 789 782 778 774 770 766 737 741 745 749 753 757 761 834 830 826 822 818 814 810 806 802 798 790 784 780 776 772 768
###cch 736 738 740 742 744 746 748 750 752 754 756 758 760 2028 2026 2024 2022 2020 2018 2016 2014 2012 2010 2008 2006 2004 2031 2033 2035 2037 2039 2041 2043 2045 2047 1860 1862 783 781 779 777 775 773 771 769 767 765
###cch 762 2280 2278 2276 2274 2272 2270 2268 2266 2264 2262 2260 2258 2256 2254 2252 2250 2248 2246 2244 2242 2235 2234 2233 793 792 797 799 801 803 805 807 809 811 813 815 817 819 821 823 825 827 829 831 833 835 837
###cch 795 2232 2238 2367 2365 2363 2361 2359 2357 2355 2353 2351 2349 2347 2345 2343 2341 2339 2337 2335 2333 2331 2329 1924 1926 1793 1792 1797 1799 1801 1803 1805 1807 1809 1811 1813 1815 1817 1819 1821 1823 1825 1827 1829 1831 1833 796
###cch 838 842 846 850 854 858 862 935 931 927 923 919 915 911 907 903 899 890 888 881 877 873 869 865 840 844 848 852 856 860 863 933 929 925 921 917 913 909 905 901 897 889 883 879 875 871 867
###cch 839 841 843 845 847 849 851 853 855 857 859 861 763 764 2279 2277 2275 2273 2271 2269 2267 2265 2263 2261 2259 2257 2255 2253 2251 2249 2247 2245 2243 2241 2236 2237 2529 882 880 878 876 874 872 870 868 866 864
###cch 893 1606 1604 1602 1600 1598 1596 1594 1592 1590 1588 1586 1584 1582 1580 1578 1576 1574 1572 1570 1567 1432 1431 1429 1566 1564 1562 1560 1558 1556 1554 1552 1550 1527 1529 1531 1533 1535 1537 1539 1541 1543 1545 1547 886 885 887
###cch 894 2281 339 1309 1307 1305 1303 1301 1299 1297 1295 1293 1291 1289 1310 1312 1314 1316 1318 1320 1322 1324 1326 965 964 962 1568 1569 1571 1573 1575 1577 1579 1581 1583 1585 1587 1589 1591 1593 1595 1597 1599 1601 1603 1605 895
###cch 937 941 945 949 953 957 961 1031 1027 1023 1019 1015 1011 1007 1003 999 995 991 987 983 979 975 971 967 939 943 947 951 955 959 963 1029 1025 1021 1017 1013 1009 1005 1001 997 993 989 985 981 977 973 969
###cch 938 940 942 944 946 948 950 952 954 956 958 960 1430 1428 1426 1424 1422 1420 1418 1416 1414 1412 1410 1408 1406 1404 1402 1400 1398 1396 1394 1392 1390 1388 1386 1384 986 984 982 980 978 976 974 972 970 968 966
###cch 1039 1948 1951 1953 1955 1957 1959 1961 1963 1965 1967 1969 1971 1973 1975 1977 1979 1981 1983 1985 1987 1989 1476 1086 1084 1082 1080 1078 1076 1074 1072 1070 1068 1066 1064 1062 1060 1058 1056 1054 1052 1050 1048 1046 1044 1042 1040
###cch 1061 1063 1065 1067 1069 1071 1073 1075 1077 1079 1081 1083 1135 1133 1131 1129 1127 1125 1123 1121 1119 1117 1115 1113 1111 1109 1107 1105 1103 1101 1099 1097 1095 1093 1091 1089 1038 1041 1043 1045 1047 1049 1051 1053 1055 1057 1059
###cch 1138 1142 1146 1150 1154 1158 1162 1282 1278 1274 1270 1266 1262 1258 1254 1250 1246 1242 1188 1184 1180 1176 1172 1168 1140 1144 1148 1152 1156 1160 1164 1280 1276 1272 1268 1264 1260 1256 1252 1248 1244 1240 1186 1182 1178 1174 1170
###cch 1139 1141 1143 1145 1147 1149 1151 1153 1155 1157 1159 1161 2326 1477 1478 1988 1986 1984 1982 1980 1978 1976 1974 1972 1970 1968 1966 1964 1962 1960 1958 1956 1954 1952 1950 1949 1187 1185 1183 1181 1179 1177 1175 1173 1171 1169 1167
###cch 1211 1213 1215 1217 1219 1221 1223 1225 1227 1229 1231 1233 1285 1283 1281 1279 1277 1275 1273 1271 1269 1267 1265 1263 1261 1259 1257 1255 1253 1251 1249 1247 1245 1243 1241 1239 1189 1191 1193 1195 1197 1199 1201 1203 1205 1207 1209
###cch 1333 1337 1341 1345 1349 1353 1357 1427 1423 1419 1415 1411 1407 1403 1399 1395 1391 1387 1383 1379 1375 1371 1367 1363 1335 1339 1343 1347 1351 1355 1359 1425 1421 1417 1413 1409 1405 1401 1397 1393 1389 1385 1381 1377 1373 1369 1365
###cch 1334 1336 1338 1340 1342 1344 1346 1348 1350 1352 1354 1356 1925 1795 1796 1902 1900 1898 1896 1894 1892 1890 1888 1886 1884 1882 1905 1907 1909 1911 1913 1915 1917 1919 1921 1923 1382 1380 1378 1376 1374 1372 1370 1368 1366 1364 1362
###cch 1475 2327 2325 2449 2451 2453 2455 2457 2459 2461 2463 2465 2467 2469 2471 2473 2475 2477 2479 2481 2483 2485 2487 2092 1521 1519 1517 1515 1513 1511 1509 1507 1505 1503 1501 1499 1497 1495 1493 1491 1489 1487 1485 1483 1481 1479 1474
###cch 1528 1530 1532 1534 1536 1538 1540 1542 1544 1546 1548 884 2528 2239 2240 2366 2364 2362 2360 2358 2356 2354 2352 2350 2348 2346 2344 2342 2340 2338 2336 2334 2332 2330 2328 1358 1360 1361 1565 1563 1561 1559 1557 1555 1553 1551 1549
###cch 1649 1991 1881 1879 1877 1875 1873 1871 1869 1867 1865 1863 1836 1838 1840 1842 1844 1846 1848 1850 1852 1854 1856 1858 1695 1693 1691 1689 1687 1685 1683 1681 1679 1677 1675 1673 1671 1669 1667 1665 1663 1661 1659 1657 1655 1653 1648
###cch 1697 2046 2044 2042 2040 2038 2036 2034 2032 2030 2005 2007 2009 2011 2013 2015 2017 2019 2021 2023 2025 2027 2029 2231 2229 2227 2225 2223 2221 2219 2217 2215 2213 2211 2209 2207 2205 2203 2201 2199 2197 2195 2193 2191 2189 1694 1696
###cch 1722 1726 1730 1734 1738 1742 1746 1794 1901 1897 1893 1889 1885 1904 1908 1912 1916 1920 1703 1704 1708 1712 1716 1720 1724 1728 1732 1736 1740 1744 1748 1903 1899 1895 1891 1887 1883 1906 1910 1914 1918 1922 1702 1706 1710 1714 1718
###cch 1751 1755 1759 1763 1767 1771 786 794 1832 1828 1824 1820 1816 1812 1808 1804 1800 1791 1749 1790 1786 1782 1778 1774 1753 1757 1761 1765 1769 787 788 1834 1830 1826 1822 1818 1814 1810 1806 1802 1798 1750 1747 1788 1784 1780 1776
###cch 2466 2470 2474 2478 2482 2486 2093 505 2507 2503 2499 2495 2491 2510 2514 2518 2522 2526 1165 2448 2452 2456 2460 2464 2468 2472 2476 2480 2484 2094 2095 2509 2505 2501 2497 2493 2489 2512 2516 2520 2524 1166 1163 2450 2454 2458 2462
###cch 1 71 69 67 65 63 61 59 57 55 53 51 49 47 45 43 41 39 37 35 33 31 29 27 25 23 21 19 17 15 13 11 9 7 5 3
###cch 145 215 213 211 209 207 205 203 201 199 197 195 193 191 189 187 185 183 181 179 177 175 173 171 169 167 165 163 161 159 157 155 153 151 149 147
###cch 72 142 140 138 136 134 132 130 128 126 124 122 120 118 116 114 112 110 108 106 104 102 100 98 96 94 92 90 88 86 84 82 80 78 76 74
###cch 216 286 284 282 280 278 276 274 272 270 268 266 264 262 260 258 256 254 252 250 248 246 244 242 240 238 236 234 232 230 228 226 224 222 220 218
###cch 2560 2562 2564 2566 2568 2570 2572 2574 2576 2578 2580 2582 2584 2586 2588 2590 2592 2594 2596 2598 2600 2602 2604 2606 2561 2563 2565 2567 2569 2571 2573 2575 2577 2579 2581 2583 2585 2587 2589 2591 2593 2595 2597 2599 2601 2603 2605
###cch 2607 2609 2611 2613 2615 2617 2619 2621 2623 2625 2627 2629 2631 2633 2635 2637 2639 2641 2643 2645 2647 2649 2651 2653 2608 2610 2612 2614 2616 2618 2620 2622 2624 2626 2628 2630 2632 2634 2636 2638 2640 2642 2644 2646 2648 2650 2652
###cch 2654 2656 2658 2660 2662 2664 2666 2668 2670 2672 2674 2676 2678 2680 2682 2684 2686 2688 2690 2692 2694 2696 2698 2700 2655 2657 2659 2661 2663 2665 2667 2669 2671 2673 2675 2677 2679 2681 2683 2685 2687 2689 2691 2693 2695 2697 2699
###cch 2701 2703 2705 2707 2709 2711 2713 2715 2717 2719 2721 2723 2725 2727 2729 2731 2733 2735 2737 2739 2741 2743 2745 2747 2702 2704 2706 2708 2710 2712 2714 2716 2718 2720 2722 2724 2726 2728 2730 2732 2734 2736 2738 2740 2742 2744 2746
###cch 2748 2750 2752 2754 2756 2758 2760 2762 2764 2766 2768 2770 2772 2774 2776 2778 2780 2782 2784 2786 2788 2790 2792 2794 2749 2751 2753 2755 2757 2759 2761 2763 2765 2767 2769 2771 2773 2775 2777 2779 2781 2783 2785 2787 2789 2791 2793
###cch 2795 2797 2799 2801 2803 2805 2807 2809 2811 2813 2815 2817 2819 2821 2823 2825 2827 2829 2831 2833 2835 2837 2839 2841 2796 2798 2800 2802 2804 2806 2808 2810 2812 2814 2816 2818 2820 2822 2824 2826 2828 2830 2832 2834 2836 2838 2840
###cch 2842 2844 2846 2848 2850 2852 2854 2856 2858 2860 2862 2864 2866 2868 2870 2872 2874 2876 2878 2880 2882 2884 2886 2888 2843 2845 2847 2849 2851 2853 2855 2857 2859 2861 2863 2865 2867 2869 2871 2873 2875 2877 2879 2881 2883 2885 2887
###cch 2889 2891 2893 2895 2897 2899 2901 2903 2905 2907 2909 2911 2913 2915 2917 2919 2921 2923 2925 2927 2929 2931 2933 2935 2890 2892 2894 2896 2898 2900 2902 2904 2906 2908 2910 2912 2914 2916 2918 2920 2922 2924 2926 2928 2930 2932 2934
###cch 2936 2938 2940 2942 2944 2946 2948 2950 2952 2954 2956 2958 2960 2962 2964 2966 2968 2970 2972 2974 2976 2978 2980 2982 2937 2939 2941 2943 2945 2947 2949 2951 2953 2955 2957 2959 2961 2963 2965 2967 2969 2971 2973 2975 2977 2979 2981
###cch 2983 2985 2987 2989 2991 2993 2995 2997 2999 3001 3003 3005 3007 3009 3011 3013 3015 3017 3019 3021 3023 3025 3027 3029 2984 2986 2988 2990 2992 2994 2996 2998 3000 3002 3004 3006 3008 3010 3012 3014 3016 3018 3020 3022 3024 3026 3028
###cch 3030 3032 3034 3036 3038 3040 3042 3044 3046 3048 3050 3052 3054 3056 3058 3060 3062 3064 3066 3068 3070 3072 3074 3076 3031 3033 3035 3037 3039 3041 3043 3045 3047 3049 3051 3053 3055 3057 3059 3061 3063 3065 3067 3069 3071 3073 3075
###cch 3077 3079 3081 3083 3085 3087 3089 3091 3093 3095 3097 3099 3101 3103 3105 3107 3109 3111 3113 3115 3117 3119 3121 3123 3078 3080 3082 3084 3086 3088 3090 3092 3094 3096 3098 3100 3102 3104 3106 3108 3110 3112 3114 3116 3118 3120 3122
###cch 3124 3126 3128 3130 3132 3134 3136 3138 3140 3142 3144 3146 3148 3150 3152 3154 3156 3158 3160 3162 3164 3166 3168 3170 3125 3127 3129 3131 3133 3135 3137 3139 3141 3143 3145 3147 3149 3151 3153 3155 3157 3159 3161 3163 3165 3167 3169
###cch 3171 3173 3175 3177 3179 3181 3183 3185 3187 3189 3191 3193 3195 3197 3199 3201 3203 3205 3207 3209 3211 3213 3215 3217 3172 3174 3176 3178 3180 3182 3184 3186 3188 3190 3192 3194 3196 3198 3200 3202 3204 3206 3208 3210 3212 3214 3216
###cch 3218 3220 3222 3224 3226 3228 3230 3232 3234 3236 3238 3240 3242 3244 3246 3248 3250 3252 3254 3256 3258 3260 3262 3264 3219 3221 3223 3225 3227 3229 3231 3233 3235 3237 3239 3241 3243 3245 3247 3249 3251 3253 3255 3257 3259 3261 3263
###cch 3265 3267 3269 3271 3273 3275 3277 3279 3281 3283 3285 3287 3289 3291 3293 3295 3297 3299 3301 3303 3305 3307 3309 3311 3266 3268 3270 3272 3274 3276 3278 3280 3282 3284 3286 3288 3290 3292 3294 3296 3298 3300 3302 3304 3306 3308 3310
###cch 3312 3314 3316 3318 3320 3322 3324 3326 3328 3330 3332 3334 3336 3338 3340 3342 3344 3346 3348 3350 3352 3354 3356 3358 3313 3315 3317 3319 3321 3323 3325 3327 3329 3331 3333 3335 3337 3339 3341 3343 3345 3347 3349 3351 3353 3355 3357
###cch 3359 3361 3363 3365 3367 3369 3371 3373 3375 3377 3379 3381 3383 3385 3387 3389 3391 3393 3395 3397 3399 3401 3403 3405 3360 3362 3364 3366 3368 3370 3372 3374 3376 3378 3380 3382 3384 3386 3388 3390 3392 3394 3396 3398 3400 3402 3404
###cch 3406 3408 3410 3412 3414 3416 3418 3420 3422 3424 3426 3428 3430 3432 3434 3436 3438 3440 3442 3444 3446 3448 3450 3452 3407 3409 3411 3413 3415 3417 3419 3421 3423 3425 3427 3429 3431 3433 3435 3437 3439 3441 3443 3445 3447 3449 3451
###cch 3453 3455 3457 3459 3461 3463 3465 3467 3469 3471 3473 3475 3477 3479 3481 3483 3485 3487 3489 3491 3493 3495 3497 3499 3454 3456 3458 3460 3462 3464 3466 3468 3470 3472 3474 3476 3478 3480 3482 3484 3486 3488 3490 3492 3494 3496 3498
###cch 3500 3502 3504 3506 3508 3510 3512 3514 3516 3518 3520 3522 3524 3526 3528 3530 3532 3534 3536 3538 3540 3542 3544 3546 3501 3503 3505 3507 3509 3511 3513 3515 3517 3519 3521 3523 3525 3527 3529 3531 3533 3535 3537 3539 3541 3543 3545
###cch 3547 3549 3551 3553 3555 3557 3559 3561 3563 3565 3567 3569 3571 3573 3575 3577 3579 3581 3583 3585 3587 3589 3591 3593 3548 3550 3552 3554 3556 3558 3560 3562 3564 3566 3568 3570 3572 3574 3576 3578 3580 3582 3584 3586 3588 3590 3592
###cch 3594 3596 3598 3600 3602 3604 3606 3608 3610 3612 3614 3616 3618 3620 3622 3624 3626 3628 3630 3632 3634 3636 3638 3640 3595 3597 3599 3601 3603 3605 3607 3609 3611 3613 3615 3617 3619 3621 3623 3625 3627 3629 3631 3633 3635 3637 3639
###cch 3641 3643 3645 3647 3649 3651 3653 3655 3657 3659 3661 3663 3665 3667 3669 3671 3673 3675 3677 3679 3681 3683 3685 3687 3642 3644 3646 3648 3650 3652 3654 3656 3658 3660 3662 3664 3666 3668 3670 3672 3674 3676 3678 3680 3682 3684 3686
###cch 3688 3690 3692 3694 3696 3698 3700 3702 3704 3706 3708 3710 3712 3714 3716 3718 3720 3722 3724 3726 3728 3730 3732 3734 3689 3691 3693 3695 3697 3699 3701 3703 3705 3707 3709 3711 3713 3715 3717 3719 3721 3723 3725 3727 3729 3731 3733
###cch 3735 3737 3739 3741 3743 3745 3747 3749 3751 3753 3755 3757 3759 3761 3763 3765 3767 3769 3771 3773 3775 3777 3779 3781 3736 3738 3740 3742 3744 3746 3748 3750 3752 3754 3756 3758 3760 3762 3764 3766 3768 3770 3772 3774 3776 3778 3780
###cch 3782 3784 3786 3788 3790 3792 3794 3796 3798 3800 3802 3804 3806 3808 3810 3812 3814 3816 3818 3820 3822 3824 3826 3828 3783 3785 3787 3789 3791 3793 3795 3797 3799 3801 3803 3805 3807 3809 3811 3813 3815 3817 3819 3821 3823 3825 3827
###cch 3829 3831 3833 3835 3837 3839 3841 3843 3845 3847 3849 3851 3853 3855 3857 3859 3861 3863 3865 3867 3869 3871 3873 3875 3830 3832 3834 3836 3838 3840 3842 3844 3846 3848 3850 3852 3854 3856 3858 3860 3862 3864 3866 3868 3870 3872 3874
###cch 3876 3878 3880 3882 3884 3886 3888 3890 3892 3894 3896 3898 3900 3902 3904 3906 3908 3910 3912 3914 3916 3918 3920 3922 3877 3879 3881 3883 3885 3887 3889 3891 3893 3895 3897 3899 3901 3903 3905 3907 3909 3911 3913 3915 3917 3919 3921
###cch 3923 3925 3927 3929 3931 3933 3935 3937 3939 3941 3943 3945 3947 3949 3951 3953 3955 3957 3959 3961 3963 3965 3967 3969 3924 3926 3928 3930 3932 3934 3936 3938 3940 3942 3944 3946 3948 3950 3952 3954 3956 3958 3960 3962 3964 3966 3968
###cch 3970 3972 3974 3976 3978 3980 3982 3984 3986 3988 3990 3992 3994 3996 3998 4000 4002 4004 4006 4008 4010 4012 4014 4016 3971 3973 3975 3977 3979 3981 3983 3985 3987 3989 3991 3993 3995 3997 3999 4001 4003 4005 4007 4009 4011 4013 4015
###cch 4017 4019 4021 4023 4025 4027 4029 4031 4033 4035 4037 4039 4041 4043 4045 4047 4049 4051 4053 4055 4057 4059 4061 4063 4018 4020 4022 4024 4026 4028 4030 4032 4034 4036 4038 4040 4042 4044 4046 4048 4050 4052 4054 4056 4058 4060 4062
###cch 4064 4066 4068 4070 4072 4074 4076 4078 4080 4082 4084 4086 4088 4090 4092 4094 4096 4098 4100 4102 4104 4106 4108 4110 4065 4067 4069 4071 4073 4075 4077 4079 4081 4083 4085 4087 4089 4091 4093 4095 4097 4099 4101 4103 4105 4107 4109
###cch 4111 4113 4115 4117 4119 4121 4123 4125 4127 4129 4131 4133 4135 4137 4139 4141 4143 4145 4147 4149 4151 4153 4155 4157 4112 4114 4116 4118 4120 4122 4124 4126 4128 4130 4132 4134 4136 4138 4140 4142 4144 4146 4148 4150 4152 4154 4156
###cch 4158 4160 4162 4164 4166 4168 4170 4172 4174 4176 4178 4180 4182 4184 4186 4188 4190 4192 4194 4196 4198 4200 4202 4204 4159 4161 4163 4165 4167 4169 4171 4173 4175 4177 4179 4181 4183 4185 4187 4189 4191 4193 4195 4197 4199 4201 4203
###cch 4205 4207 4209 4211 4213 4215 4217 4219 4221 4223 4225 4227 4229 4231 4233 4235 4237 4239 4241 4243 4245 4247 4249 4251 4206 4208 4210 4212 4214 4216 4218 4220 4222 4224 4226 4228 4230 4232 4234 4236 4238 4240 4242 4244 4246 4248 4250
###cch 4252 4254 4256 4258 4260 4262 4264 4266 4268 4270 4272 4274 4276 4278 4280 4282 4284 4286 4288 4290 4292 4294 4296 4298 4253 4255 4257 4259 4261 4263 4265 4267 4269 4271 4273 4275 4277 4279 4281 4283 4285 4287 4289 4291 4293 4295 4297
###cch 4299 4301 4303 4305 4307 4309 4311 4313 4315 4317 4319 4321 4323 4325 4327 4329 4331 4333 4335 4337 4339 4341 4343 4345 4300 4302 4304 4306 4308 4310 4312 4314 4316 4318 4320 4322 4324 4326 4328 4330 4332 4334 4336 4338 4340 4342 4344
###cch 4346 4348 4350 4352 4354 4356 4358 4360 4362 4364 4366 4368 4370 4372 4374 4376 4378 4380 4382 4384 4386 4388 4390 4392 4347 4349 4351 4353 4355 4357 4359 4361 4363 4365 4367 4369 4371 4373 4375 4377 4379 4381 4383 4385 4387 4389 4391
###cch 4393 4395 4397 4399 4401 4403 4405 4407 4409 4411 4413 4415 4417 4419 4421 4423 4425 4427 4429 4431 4433 4435 4437 4439 4394 4396 4398 4400 4402 4404 4406 4408 4410 4412 4414 4416 4418 4420 4422 4424 4426 4428 4430 4432 4434 4436 4438
###cch 4440 4442 4444 4446 4448 4450 4452 4454 4456 4458 4460 4462 4464 4466 4468 4470 4472 4474 4476 4478 4480 4482 4484 4486 4441 4443 4445 4447 4449 4451 4453 4455 4457 4459 4461 4463 4465 4467 4469 4471 4473 4475 4477 4479 4481 4483 4485
###cch 4487 4489 4491 4493 4495 4497 4499 4501 4503 4505 4507 4509 4511 4513 4515 4517 4519 4521 4523 4525 4527 4529 4531 4533 4488 4490 4492 4494 4496 4498 4500 4502 4504 4506 4508 4510 4512 4514 4516 4518 4520 4522 4524 4526 4528 4530 4532
###cch 4534 4536 4538 4540 4542 4544 4546 4548 4550 4552 4554 4556 4558 4560 4562 4564 4566 4568 4570 4572 4574 4576 4578 4580 4535 4537 4539 4541 4543 4545 4547 4549 4551 4553 4555 4557 4559 4561 4563 4565 4567 4569 4571 4573 4575 4577 4579
###cch 4581 4583 4585 4587 4589 4591 4593 4595 4597 4599 4601 4603 4605 4607 4609 4611 4613 4615 4617 4619 4621 4623 4625 4627 4582 4584 4586 4588 4590 4592 4594 4596 4598 4600 4602 4604 4606 4608 4610 4612 4614 4616 4618 4620 4622 4624 4626
###cch 4628 4630 4632 4634 4636 4638 4640 4642 4644 4646 4648 4650 4652 4654 4656 4658 4660 4662 4664 4666 4668 4670 4672 4674 4629 4631 4633 4635 4637 4639 4641 4643 4645 4647 4649 4651 4653 4655 4657 4659 4661 4663 4665 4667 4669 4671 4673
###cch 4675 4677 4679 4681 4683 4685 4687 4689 4691 4693 4695 4697 4699 4701 4703 4705 4707 4709 4711 4713 4715 4717 4719 4721 4676 4678 4680 4682 4684 4686 4688 4690 4692 4694 4696 4698 4700 4702 4704 4706 4708 4710 4712 4714 4716 4718 4720
###cch 4722 4724 4726 4728 4730 4732 4734 4736 4738 4740 4742 4744 4746 4748 4750 4752 4754 4756 4758 4760 4762 4764 4766 4768 4723 4725 4727 4729 4731 4733 4735 4737 4739 4741 4743 4745 4747 4749 4751 4753 4755 4757 4759 4761 4763 4765 4767
###cch 4769 4771 4773 4775 4777 4779 4781 4783 4785 4787 4789 4791 4793 4795 4797 4799 4801 4803 4805 4807 4809 4811 4813 4815 4770 4772 4774 4776 4778 4780 4782 4784 4786 4788 4790 4792 4794 4796 4798 4800 4802 4804 4806 4808 4810 4812 4814
###cch 73 143 141 139 137 135 133 131 129 127 125 123 121 119 117 115 113 111 109 107 105 103 101 99 97 95 93 91 89 87 85 83 81 79 77 75
###cch 217 287 285 283 281 279 277 275 273 271 269 267 265 263 261 259 257 255 253 251 249 247 245 243 241 239 237 235 233 231 229 227 225 223 221 219
