# Blender v3.5.0 OBJ File: 'models.blend'
# www.blender.org
mtllib link1.mtl
o link1_link1.002
v -0.072117 -0.036706 0.117647
v -0.072400 -0.037196 0.117199
v -0.072433 -0.037253 0.117343
v -0.072653 -0.037634 0.116700
v -0.072724 -0.037758 0.116954
v -0.072872 -0.038014 0.116155
v -0.072986 -0.038211 0.116487
v -0.073055 -0.038331 0.115572
v -0.073212 -0.038603 0.115952
v -0.073200 -0.038582 0.114957
v -0.073399 -0.038926 0.115358
v -0.073305 -0.038764 0.114318
v -0.073542 -0.039174 0.114718
v -0.073369 -0.038874 0.113663
v -0.073639 -0.039342 0.114045
v -0.073390 -0.038910 0.113000
v -0.073688 -0.039427 0.113351
v -0.073688 -0.039427 0.112649
v -0.073639 -0.039342 0.111955
v -0.073369 -0.038874 0.112337
v -0.073542 -0.039174 0.111282
v -0.073305 -0.038764 0.111682
v -0.073399 -0.038926 0.110642
v -0.073200 -0.038582 0.111043
v -0.073212 -0.038603 0.110048
v -0.073055 -0.038331 0.110428
v -0.072986 -0.038211 0.109513
v -0.072872 -0.038014 0.109845
v -0.072724 -0.037758 0.109046
v -0.072653 -0.037634 0.109300
v -0.072433 -0.037253 0.108657
v -0.072400 -0.037196 0.108801
v -0.072117 -0.036706 0.108353
v -0.072442 -0.036857 0.117519
v -0.072745 -0.037026 0.117366
v -0.073022 -0.037208 0.117187
v -0.073274 -0.037399 0.116981
v -0.073500 -0.037593 0.116752
v -0.073700 -0.037784 0.116500
v -0.073879 -0.037970 0.116223
v -0.074037 -0.038150 0.115921
v -0.074176 -0.038318 0.115597
v -0.074295 -0.038470 0.115255
v -0.074393 -0.038603 0.114896
v -0.074473 -0.038713 0.114524
v -0.074533 -0.038799 0.114144
v -0.074575 -0.038861 0.113761
v -0.074600 -0.038898 0.113378
v -0.074608 -0.038910 0.113000
v -0.074600 -0.038898 0.112622
v -0.074575 -0.038861 0.112239
v -0.074533 -0.038799 0.111856
v -0.074473 -0.038713 0.111476
v -0.074393 -0.038603 0.111104
v -0.074295 -0.038470 0.110745
v -0.074176 -0.038318 0.110403
v -0.074037 -0.038150 0.110079
v -0.073879 -0.037970 0.109777
v -0.073700 -0.037784 0.109500
v -0.073500 -0.037593 0.109248
v -0.073274 -0.037399 0.109019
v -0.073022 -0.037208 0.108813
v -0.072745 -0.037026 0.108634
v -0.072442 -0.036857 0.108481
v -0.070000 -0.033039 0.108607
v -0.070000 -0.033039 0.117393
v -0.069717 -0.032549 0.108966
v -0.069717 -0.032549 0.117034
v -0.069461 -0.032105 0.109397
v -0.069461 -0.032105 0.116603
v -0.069235 -0.031715 0.109893
v -0.069235 -0.031715 0.116107
v -0.069045 -0.031386 0.110445
v -0.069045 -0.031386 0.115555
v -0.068894 -0.031123 0.111042
v -0.068894 -0.031123 0.114958
v -0.068784 -0.030932 0.111675
v -0.068784 -0.030932 0.114325
v -0.068717 -0.030816 0.112332
v -0.068717 -0.030816 0.113668
v -0.068694 -0.030778 0.113000
v -0.070000 -0.032386 0.117034
v -0.070000 -0.032386 0.108966
v -0.070000 -0.031794 0.109397
v -0.070000 -0.031794 0.116603
v -0.070000 -0.031274 0.109893
v -0.070000 -0.031274 0.116107
v -0.070000 -0.030835 0.110445
v -0.070000 -0.030835 0.115555
v -0.070000 -0.030485 0.111042
v -0.070000 -0.030485 0.114958
v -0.070000 -0.030345 0.111355
v -0.070000 -0.030345 0.114645
v -0.070000 -0.030230 0.111675
v -0.070000 -0.030230 0.114325
v -0.070000 -0.030140 0.112001
v -0.070000 -0.030140 0.113999
v -0.070000 -0.030076 0.112332
v -0.070000 -0.030076 0.113668
v -0.070000 -0.030037 0.112665
v -0.070000 -0.030037 0.113335
v -0.070000 -0.030024 0.113000
v -0.054387 0.008283 0.126680
v -0.056128 0.008283 0.128421
v -0.054373 0.008500 0.126666
v -0.056141 0.008500 0.128434
v -0.054387 0.008717 0.126680
v -0.056128 0.008717 0.128421
v -0.054427 0.008928 0.126720
v -0.056088 0.008928 0.128381
v -0.054492 0.009125 0.126785
v -0.056023 0.009125 0.128316
v -0.054580 0.009303 0.126873
v -0.055934 0.009303 0.128227
v -0.054689 0.009458 0.126982
v -0.055826 0.009458 0.128118
v -0.054815 0.009583 0.127108
v -0.055699 0.009583 0.127992
v -0.054955 0.009675 0.127248
v -0.055560 0.009675 0.127853
v -0.055104 0.009731 0.127397
v -0.055411 0.009731 0.127704
v -0.055257 0.009750 0.127550
v -0.056088 0.008072 0.128381
v -0.054427 0.008072 0.126720
v -0.056023 0.007875 0.128316
v -0.054492 0.007875 0.126785
v -0.055934 0.007697 0.128227
v -0.054580 0.007697 0.126873
v -0.055826 0.007542 0.128118
v -0.054689 0.007542 0.126982
v -0.055699 0.007417 0.127992
v -0.054815 0.007417 0.127108
v -0.055560 0.007325 0.127853
v -0.054955 0.007325 0.127248
v -0.055411 0.007269 0.127704
v -0.055104 0.007269 0.127397
v -0.055257 0.007250 0.127550
v -0.055448 0.008283 0.125619
v -0.055434 0.008500 0.125606
v -0.055448 0.008717 0.125619
v -0.055487 0.008928 0.125659
v -0.055553 0.009125 0.125724
v -0.055641 0.009303 0.125813
v -0.055750 0.009458 0.125921
v -0.055876 0.009583 0.126048
v -0.056016 0.009675 0.126187
v -0.056165 0.009731 0.126336
v -0.056318 0.009750 0.126490
v -0.056472 0.009731 0.126643
v -0.056620 0.009675 0.126792
v -0.056760 0.009583 0.126932
v -0.056886 0.009458 0.127058
v -0.056995 0.009303 0.127167
v -0.057083 0.009125 0.127255
v -0.057149 0.008928 0.127320
v -0.057188 0.008717 0.127360
v -0.057202 0.008500 0.127373
v -0.057188 0.008283 0.127360
v -0.057149 0.008072 0.127320
v -0.057083 0.007875 0.127255
v -0.056995 0.007697 0.127167
v -0.056886 0.007542 0.127058
v -0.056760 0.007417 0.126932
v -0.056620 0.007325 0.126792
v -0.056472 0.007269 0.126643
v -0.056318 0.007250 0.126490
v -0.056165 0.007269 0.126336
v -0.056016 0.007325 0.126187
v -0.055876 0.007417 0.126048
v -0.055750 0.007542 0.125921
v -0.055641 0.007697 0.125813
v -0.055553 0.007875 0.125724
v -0.055487 0.008072 0.125659
v -0.054387 -0.008717 0.126680
v -0.056128 -0.008717 0.128421
v -0.054373 -0.008500 0.126666
v -0.056141 -0.008500 0.128434
v -0.054387 -0.008283 0.126680
v -0.056128 -0.008283 0.128421
v -0.054427 -0.008072 0.126720
v -0.056088 -0.008072 0.128381
v -0.054492 -0.007875 0.126785
v -0.056023 -0.007875 0.128316
v -0.054580 -0.007697 0.126873
v -0.055934 -0.007697 0.128227
v -0.054689 -0.007542 0.126982
v -0.055826 -0.007542 0.128118
v -0.054815 -0.007417 0.127108
v -0.055699 -0.007417 0.127992
v -0.054955 -0.007325 0.127248
v -0.055560 -0.007325 0.127853
v -0.055104 -0.007269 0.127397
v -0.055411 -0.007269 0.127704
v -0.055257 -0.007250 0.127550
v -0.056088 -0.008928 0.128381
v -0.054427 -0.008928 0.126720
v -0.056023 -0.009125 0.128316
v -0.054492 -0.009125 0.126785
v -0.055934 -0.009303 0.128227
v -0.054580 -0.009303 0.126873
v -0.055826 -0.009458 0.128118
v -0.054689 -0.009458 0.126982
v -0.055699 -0.009583 0.127992
v -0.054815 -0.009583 0.127108
v -0.055560 -0.009675 0.127853
v -0.054955 -0.009675 0.127248
v -0.055411 -0.009731 0.127704
v -0.055104 -0.009731 0.127397
v -0.055257 -0.009750 0.127550
v -0.055434 -0.008500 0.125606
v -0.055448 -0.008283 0.125619
v -0.055448 -0.008717 0.125619
v -0.055487 -0.008928 0.125659
v -0.055487 -0.008072 0.125659
v -0.055553 -0.009125 0.125724
v -0.055553 -0.007875 0.125724
v -0.055641 -0.009303 0.125813
v -0.055641 -0.007697 0.125813
v -0.055750 -0.009458 0.125921
v -0.055750 -0.007542 0.125921
v -0.055876 -0.009583 0.126048
v -0.055876 -0.007417 0.126048
v -0.056016 -0.009675 0.126187
v -0.056016 -0.007325 0.126187
v -0.056165 -0.009731 0.126336
v -0.056165 -0.007269 0.126336
v -0.056318 -0.009750 0.126490
v -0.056318 -0.007250 0.126490
v -0.056472 -0.009731 0.126643
v -0.056472 -0.007269 0.126643
v -0.056620 -0.009675 0.126792
v -0.056620 -0.007325 0.126792
v -0.056760 -0.009583 0.126932
v -0.056760 -0.007417 0.126932
v -0.056886 -0.009458 0.127058
v -0.056886 -0.007542 0.127058
v -0.056995 -0.009303 0.127167
v -0.056995 -0.007697 0.127167
v -0.057083 -0.009125 0.127255
v -0.057083 -0.007875 0.127255
v -0.057149 -0.008928 0.127320
v -0.057149 -0.008072 0.127320
v -0.057188 -0.008717 0.127360
v -0.057188 -0.008283 0.127360
v -0.057202 -0.008500 0.127373
v -0.066408 0.008283 0.138701
v -0.068149 0.008283 0.140442
v -0.066394 0.008500 0.138687
v -0.068162 0.008500 0.140455
v -0.066408 0.008717 0.138701
v -0.068149 0.008717 0.140442
v -0.066448 0.008928 0.138740
v -0.068109 0.008928 0.140402
v -0.066513 0.009125 0.138806
v -0.068044 0.009125 0.140337
v -0.066601 0.009303 0.138894
v -0.067955 0.009303 0.140248
v -0.066710 0.009458 0.139003
v -0.067846 0.009458 0.140139
v -0.066836 0.009583 0.139129
v -0.067720 0.009583 0.140013
v -0.066976 0.009675 0.139269
v -0.067580 0.009675 0.139873
v -0.067125 0.009731 0.139418
v -0.067432 0.009731 0.139725
v -0.067278 0.009750 0.139571
v -0.068109 0.008072 0.140402
v -0.066448 0.008072 0.138740
v -0.068044 0.007875 0.140337
v -0.066513 0.007875 0.138806
v -0.067955 0.007697 0.140248
v -0.066601 0.007697 0.138894
v -0.067846 0.007542 0.140139
v -0.066710 0.007542 0.139003
v -0.067720 0.007417 0.140013
v -0.066836 0.007417 0.139129
v -0.067580 0.007325 0.139873
v -0.066976 0.007325 0.139269
v -0.067432 0.007269 0.139725
v -0.067125 0.007269 0.139418
v -0.067278 0.007250 0.139571
v -0.072822 0.008678 0.132599
v -0.073972 0.008500 0.132878
v -0.072811 0.008500 0.132588
v -0.072908 0.009012 0.132685
v -0.072855 0.008851 0.132632
v -0.073070 0.009285 0.132847
v -0.072981 0.009159 0.132758
v -0.073288 0.009463 0.133065
v -0.073174 0.009388 0.132951
v -0.073536 0.009525 0.133313
v -0.073410 0.009509 0.133187
v -0.073784 0.009463 0.133561
v -0.073662 0.009509 0.133439
v -0.074002 0.009285 0.133779
v -0.073898 0.009388 0.133676
v -0.074164 0.009012 0.133941
v -0.074091 0.009159 0.133868
v -0.074250 0.008678 0.134027
v -0.074217 0.008851 0.133994
v -0.074250 0.008322 0.134027
v -0.074261 0.008500 0.134038
v -0.074164 0.007988 0.133941
v -0.074217 0.008149 0.133994
v -0.074002 0.007715 0.133779
v -0.074091 0.007841 0.133868
v -0.073784 0.007537 0.133561
v -0.073898 0.007612 0.133676
v -0.073536 0.007475 0.133313
v -0.073662 0.007491 0.133439
v -0.073288 0.007537 0.133065
v -0.073410 0.007491 0.133187
v -0.073070 0.007715 0.132847
v -0.073174 0.007612 0.132951
v -0.072908 0.007988 0.132685
v -0.072981 0.007841 0.132758
v -0.072822 0.008322 0.132599
v -0.072855 0.008149 0.132632
v -0.070224 0.008322 0.135198
v -0.070213 0.008500 0.135187
v -0.070224 0.008678 0.135198
v -0.070256 0.008851 0.135231
v -0.070310 0.009012 0.135284
v -0.070382 0.009159 0.135357
v -0.070472 0.009285 0.135446
v -0.070575 0.009388 0.135549
v -0.070690 0.009463 0.135664
v -0.070812 0.009509 0.135786
v -0.070937 0.009525 0.135912
v -0.071063 0.009509 0.136038
v -0.071185 0.009463 0.136160
v -0.071300 0.009388 0.136274
v -0.071403 0.009285 0.136378
v -0.071493 0.009159 0.136467
v -0.071565 0.009012 0.136539
v -0.071619 0.008851 0.136593
v -0.071651 0.008678 0.136626
v -0.071662 0.008500 0.136637
v -0.071651 0.008322 0.136626
v -0.071619 0.008149 0.136593
v -0.071565 0.007988 0.136539
v -0.071493 0.007841 0.136467
v -0.071403 0.007715 0.136378
v -0.071300 0.007612 0.136274
v -0.071185 0.007537 0.136160
v -0.071063 0.007491 0.136038
v -0.070937 0.007475 0.135912
v -0.070812 0.007491 0.135786
v -0.070690 0.007537 0.135664
v -0.070575 0.007612 0.135549
v -0.070472 0.007715 0.135446
v -0.070382 0.007841 0.135357
v -0.070310 0.007988 0.135284
v -0.070256 0.008149 0.135231
v -0.067625 0.008678 0.137797
v -0.067614 0.008500 0.137786
v -0.067625 0.008322 0.137797
v -0.067658 0.008149 0.137829
v -0.067711 0.007988 0.137883
v -0.067784 0.007841 0.137955
v -0.067873 0.007715 0.138045
v -0.067976 0.007612 0.138148
v -0.068091 0.007537 0.138263
v -0.068213 0.007491 0.138385
v -0.068339 0.007475 0.138510
v -0.068465 0.007491 0.138636
v -0.068587 0.007537 0.138758
v -0.068701 0.007612 0.138873
v -0.068805 0.007715 0.138976
v -0.068894 0.007841 0.139066
v -0.068967 0.007988 0.139138
v -0.069020 0.008149 0.139191
v -0.069053 0.008322 0.139224
v -0.069064 0.008500 0.139235
v -0.069053 0.008678 0.139224
v -0.069020 0.008851 0.139191
v -0.068967 0.009012 0.139138
v -0.068894 0.009159 0.139066
v -0.068805 0.009285 0.138976
v -0.068701 0.009388 0.138873
v -0.068587 0.009463 0.138758
v -0.068465 0.009509 0.138636
v -0.068339 0.009525 0.138510
v -0.068213 0.009509 0.138385
v -0.068091 0.009463 0.138263
v -0.067976 0.009388 0.138148
v -0.067873 0.009285 0.138045
v -0.067784 0.009159 0.137955
v -0.067711 0.009012 0.137883
v -0.067658 0.008851 0.137829
v -0.067468 0.008283 0.137640
v -0.067455 0.008500 0.137627
v -0.067468 0.008717 0.137640
v -0.067508 0.008928 0.137680
v -0.067573 0.009125 0.137745
v -0.067662 0.009303 0.137833
v -0.067771 0.009458 0.137942
v -0.067897 0.009583 0.138068
v -0.068037 0.009675 0.138208
v -0.068185 0.009731 0.138357
v -0.068339 0.009750 0.138510
v -0.068492 0.009731 0.138664
v -0.068641 0.009675 0.138813
v -0.068781 0.009583 0.138952
v -0.068907 0.009458 0.139079
v -0.069016 0.009303 0.139187
v -0.069104 0.009125 0.139276
v -0.069169 0.008928 0.139341
v -0.069209 0.008717 0.139381
v -0.069223 0.008500 0.139394
v -0.069209 0.008283 0.139381
v -0.069169 0.008072 0.139341
v -0.069104 0.007875 0.139276
v -0.069016 0.007697 0.139187
v -0.068907 0.007542 0.139079
v -0.068781 0.007417 0.138952
v -0.068641 0.007325 0.138813
v -0.068492 0.007269 0.138664
v -0.068339 0.007250 0.138510
v -0.068185 0.007269 0.138357
v -0.068037 0.007325 0.138208
v -0.067897 0.007417 0.138068
v -0.067771 0.007542 0.137942
v -0.067662 0.007697 0.137833
v -0.067573 0.007875 0.137745
v -0.067508 0.008072 0.137680
v -0.066408 -0.008717 0.138701
v -0.068149 -0.008717 0.140442
v -0.066394 -0.008500 0.138687
v -0.068162 -0.008500 0.140455
v -0.066408 -0.008283 0.138701
v -0.068149 -0.008283 0.140442
v -0.066448 -0.008072 0.138740
v -0.068109 -0.008072 0.140402
v -0.066513 -0.007875 0.138806
v -0.068044 -0.007875 0.140337
v -0.066601 -0.007697 0.138894
v -0.067955 -0.007697 0.140248
v -0.066710 -0.007542 0.139003
v -0.067846 -0.007542 0.140139
v -0.066836 -0.007417 0.139129
v -0.067720 -0.007417 0.140013
v -0.066976 -0.007325 0.139269
v -0.067580 -0.007325 0.139873
v -0.067125 -0.007269 0.139418
v -0.067432 -0.007269 0.139725
v -0.067278 -0.007250 0.139571
v -0.068109 -0.008928 0.140402
v -0.066448 -0.008928 0.138740
v -0.068044 -0.009125 0.140337
v -0.066513 -0.009125 0.138806
v -0.067955 -0.009303 0.140248
v -0.066601 -0.009303 0.138894
v -0.067846 -0.009458 0.140139
v -0.066710 -0.009458 0.139003
v -0.067720 -0.009583 0.140013
v -0.066836 -0.009583 0.139129
v -0.067580 -0.009675 0.139873
v -0.066976 -0.009675 0.139269
v -0.067432 -0.009731 0.139725
v -0.067125 -0.009731 0.139418
v -0.067278 -0.009750 0.139571
v -0.067468 -0.008717 0.137640
v -0.067455 -0.008500 0.137627
v -0.067468 -0.008283 0.137640
v -0.067508 -0.008072 0.137680
v -0.067573 -0.007875 0.137745
v -0.067662 -0.007697 0.137833
v -0.067771 -0.007542 0.137942
v -0.067897 -0.007417 0.138068
v -0.068037 -0.007325 0.138208
v -0.068185 -0.007269 0.138357
v -0.068339 -0.007250 0.138510
v -0.068492 -0.007269 0.138664
v -0.068641 -0.007325 0.138813
v -0.068781 -0.007417 0.138952
v -0.068907 -0.007542 0.139079
v -0.069016 -0.007697 0.139187
v -0.069104 -0.007875 0.139276
v -0.069169 -0.008072 0.139341
v -0.069209 -0.008283 0.139381
v -0.069223 -0.008500 0.139394
v -0.069209 -0.008717 0.139381
v -0.069169 -0.008928 0.139341
v -0.069104 -0.009125 0.139276
v -0.069016 -0.009303 0.139187
v -0.068907 -0.009458 0.139079
v -0.068781 -0.009583 0.138952
v -0.068641 -0.009675 0.138813
v -0.068492 -0.009731 0.138664
v -0.068339 -0.009750 0.138510
v -0.068185 -0.009731 0.138357
v -0.068037 -0.009675 0.138208
v -0.067897 -0.009583 0.138068
v -0.067771 -0.009458 0.137942
v -0.067662 -0.009303 0.137833
v -0.067573 -0.009125 0.137745
v -0.067508 -0.008928 0.137680
v -0.116000 -0.012000 0.103000
v -0.102000 -0.012000 0.103000
v -0.116000 -0.012000 0.124000
v -0.085000 -0.012000 0.124000
v -0.075000 -0.012000 0.103100
v -0.075000 -0.012000 0.124000
v -0.075000 -0.012000 0.103000
v -0.102000 -0.012000 0.048000
v -0.075000 -0.012000 0.048000
v -0.053828 -0.012000 0.124000
v -0.070828 -0.012000 0.141000
v -0.075000 -0.012000 0.141000
v -0.085000 -0.012000 0.131000
v -0.102000 0.050000 0.103000
v -0.116000 0.050000 0.103000
v -0.102000 0.012000 0.103000
v -0.116000 0.012000 0.103000
v -0.075000 0.012000 0.103000
v -0.065706 0.044307 0.103000
v -0.075000 0.050000 0.103000
v -0.066087 0.044715 0.103000
v -0.066451 0.045148 0.103000
v -0.028059 -0.042803 0.103000
v -0.031426 0.042103 0.103000
v -0.032250 0.042027 0.103000
v -0.075000 -0.050000 0.103000
v -0.065706 -0.044307 0.103000
v -0.065309 -0.043926 0.103000
v -0.064901 -0.043574 0.103000
v -0.069400 -0.050000 0.103000
v -0.067420 -0.046571 0.103000
v -0.067120 -0.046079 0.103000
v -0.066796 -0.045603 0.103000
v -0.066451 -0.045148 0.103000
v -0.066087 -0.044715 0.103000
v -0.064481 -0.043254 0.103000
v -0.064054 -0.042967 0.103000
v -0.063622 -0.042715 0.103000
v -0.063186 -0.042499 0.103000
v -0.062750 -0.042321 0.103000
v -0.062315 -0.042181 0.103000
v -0.061886 -0.042081 0.103000
v -0.061463 -0.042020 0.103000
v -0.061049 -0.042000 0.103000
v -0.033058 -0.042000 0.103000
v -0.032250 -0.042027 0.103000
v -0.031426 -0.042103 0.103000
v -0.030590 -0.042225 0.103000
v -0.029747 -0.042385 0.103000
v -0.028902 -0.042580 0.103000
v -0.026398 -0.043314 0.103000
v -0.029747 0.042385 0.103000
v -0.030590 0.042225 0.103000
v -0.024750 -0.043897 0.103000
v -0.028902 0.042580 0.103000
v -0.028059 0.042803 0.103000
v 0.050000 -0.000000 0.103000
v 0.049950 0.002244 0.103000
v -0.023079 -0.044544 0.103000
v 0.027528 -0.041740 0.103000
v 0.029373 -0.040462 0.103000
v 0.031160 -0.039103 0.103000
v -0.021390 -0.045238 0.103000
v -0.019689 -0.045960 0.103000
v 0.025626 -0.042934 0.103000
v 0.023674 -0.044040 0.103000
v 0.021673 -0.045059 0.103000
v 0.019629 -0.045986 0.103000
v -0.017607 -0.046798 0.103000
v 0.017545 -0.046821 0.103000
v -0.015488 -0.047541 0.103000
v 0.015426 -0.047561 0.103000
v -0.013339 -0.048188 0.103000
v 0.013276 -0.048205 0.103000
v -0.011163 -0.048738 0.103000
v 0.011099 -0.048753 0.103000
v -0.008964 -0.049190 0.103000
v 0.008899 -0.049202 0.103000
v -0.006747 -0.049543 0.103000
v 0.006682 -0.049552 0.103000
v -0.004517 -0.049796 0.103000
v 0.004451 -0.049801 0.103000
v -0.002277 -0.049948 0.103000
v 0.002211 -0.049951 0.103000
v -0.000033 -0.050000 0.103000
v 0.032883 -0.037665 0.103000
v 0.034541 -0.036151 0.103000
v 0.036129 -0.034565 0.103000
v 0.037644 -0.032908 0.103000
v 0.039083 -0.031186 0.103000
v 0.040443 -0.029400 0.103000
v 0.041722 -0.027555 0.103000
v 0.042917 -0.025655 0.103000
v 0.044025 -0.023703 0.103000
v 0.045044 -0.021703 0.103000
v 0.045973 -0.019659 0.103000
v 0.046809 -0.017576 0.103000
v 0.047551 -0.015457 0.103000
v 0.048197 -0.013307 0.103000
v 0.048745 -0.011131 0.103000
v 0.049196 -0.008932 0.103000
v 0.049547 -0.006714 0.103000
v 0.049799 -0.004484 0.103000
v 0.049950 -0.002244 0.103000
v -0.026398 0.043314 0.103000
v 0.049799 0.004484 0.103000
v 0.049547 0.006714 0.103000
v 0.049196 0.008932 0.103000
v 0.048745 0.011131 0.103000
v 0.048197 0.013307 0.103000
v 0.047551 0.015457 0.103000
v -0.024750 0.043897 0.103000
v 0.046809 0.017576 0.103000
v 0.045973 0.019659 0.103000
v 0.045044 0.021703 0.103000
v 0.044025 0.023703 0.103000
v 0.042917 0.025655 0.103000
v -0.023079 0.044544 0.103000
v 0.041722 0.027555 0.103000
v 0.040443 0.029400 0.103000
v 0.039083 0.031186 0.103000
v 0.037644 0.032908 0.103000
v -0.021390 0.045238 0.103000
v 0.036129 0.034565 0.103000
v 0.034541 0.036151 0.103000
v 0.032883 0.037665 0.103000
v 0.031160 0.039103 0.103000
v 0.029373 0.040462 0.103000
v 0.027528 0.041740 0.103000
v -0.019689 0.045960 0.103000
v 0.025626 0.042934 0.103000
v 0.023674 0.044040 0.103000
v 0.021673 0.045059 0.103000
v 0.019629 0.045986 0.103000
v -0.017607 0.046798 0.103000
v 0.017545 0.046821 0.103000
v -0.015488 0.047541 0.103000
v 0.015426 0.047561 0.103000
v -0.013339 0.048188 0.103000
v 0.013276 0.048205 0.103000
v -0.011163 0.048738 0.103000
v 0.011099 0.048753 0.103000
v -0.008964 0.049190 0.103000
v 0.008899 0.049202 0.103000
v -0.006747 0.049543 0.103000
v 0.006682 0.049552 0.103000
v -0.004517 0.049796 0.103000
v 0.004451 0.049801 0.103000
v -0.002277 0.049948 0.103000
v 0.002211 0.049951 0.103000
v -0.000033 0.050000 0.103000
v -0.033058 0.042000 0.103000
v -0.061049 0.042000 0.103000
v -0.061463 0.042020 0.103000
v -0.061886 0.042081 0.103000
v -0.062315 0.042181 0.103000
v -0.062750 0.042321 0.103000
v -0.063186 0.042499 0.103000
v -0.063622 0.042715 0.103000
v -0.064054 0.042967 0.103000
v -0.064481 0.043254 0.103000
v -0.064901 0.043574 0.103000
v -0.065309 0.043926 0.103000
v -0.066796 0.045603 0.103000
v -0.067120 0.046079 0.103000
v -0.067420 0.046571 0.103000
v -0.069400 0.050000 0.103000
v -0.102000 -0.050000 0.103000
v -0.116000 -0.050000 0.103000
v -0.066500 0.024134 0.124000
v -0.065000 0.023268 0.124000
v -0.066500 0.024134 0.122000
v -0.065000 0.023268 0.122000
v -0.063500 0.024134 0.124000
v -0.063500 0.024134 0.122000
v -0.063500 0.025866 0.124000
v -0.063500 0.025866 0.122000
v -0.065000 0.026732 0.124000
v -0.065000 0.026732 0.122000
v -0.066500 0.025866 0.124000
v -0.066500 0.025866 0.122000
v -0.068450 0.025592 0.123650
v -0.068500 0.025000 0.123650
v -0.068150 0.025000 0.124000
v -0.068450 0.024408 0.123650
v -0.068102 0.024453 0.124000
v -0.068300 0.023834 0.123650
v -0.067960 0.023923 0.124000
v -0.068056 0.023293 0.123650
v -0.067728 0.023425 0.124000
v -0.067723 0.022801 0.123650
v -0.067413 0.022975 0.124000
v -0.067312 0.022373 0.123650
v -0.067025 0.022587 0.124000
v -0.066835 0.022020 0.123650
v -0.066575 0.022272 0.124000
v -0.066305 0.021752 0.123650
v -0.066077 0.022040 0.124000
v -0.065737 0.021579 0.123650
v -0.065547 0.021898 0.124000
v -0.065149 0.021503 0.123650
v -0.065000 0.021850 0.124000
v -0.064555 0.021528 0.123650
v -0.064453 0.021898 0.124000
v -0.063975 0.021653 0.123650
v -0.063923 0.022040 0.124000
v -0.063424 0.021875 0.123650
v -0.063425 0.022272 0.124000
v -0.062919 0.022186 0.123650
v -0.062975 0.022587 0.124000
v -0.062473 0.022578 0.123650
v -0.062587 0.022975 0.124000
v -0.062100 0.023040 0.123650
v -0.062272 0.023425 0.124000
v -0.061811 0.023558 0.123650
v -0.062040 0.023923 0.124000
v -0.061613 0.024118 0.123650
v -0.061898 0.024453 0.124000
v -0.061513 0.024703 0.123650
v -0.061850 0.025000 0.124000
v -0.061513 0.025297 0.123650
v -0.061898 0.025547 0.124000
v -0.061613 0.025882 0.123650
v -0.062040 0.026077 0.124000
v -0.061811 0.026442 0.123650
v -0.062272 0.026575 0.124000
v -0.062100 0.026960 0.123650
v -0.062587 0.027025 0.124000
v -0.062473 0.027422 0.123650
v -0.062975 0.027413 0.124000
v -0.062919 0.027814 0.123650
v -0.063425 0.027728 0.124000
v -0.063424 0.028125 0.123650
v -0.063923 0.027960 0.124000
v -0.063975 0.028347 0.123650
v -0.064453 0.028102 0.124000
v -0.064555 0.028472 0.123650
v -0.065000 0.028150 0.124000
v -0.065149 0.028497 0.123650
v -0.065547 0.028102 0.124000
v -0.065737 0.028421 0.123650
v -0.066077 0.027960 0.124000
v -0.066305 0.028248 0.123650
v -0.066575 0.027728 0.124000
v -0.066835 0.027980 0.123650
v -0.067025 0.027413 0.124000
v -0.067312 0.027627 0.123650
v -0.067413 0.027025 0.124000
v -0.067723 0.027199 0.123650
v -0.067728 0.026575 0.124000
v -0.068056 0.026707 0.123650
v -0.067960 0.026077 0.124000
v -0.068300 0.026166 0.123650
v -0.068102 0.025547 0.124000
v -0.068450 0.024408 0.120000
v -0.068500 0.025000 0.120000
v -0.068450 0.025592 0.120000
v -0.068300 0.026166 0.120000
v -0.068056 0.026707 0.120000
v -0.067723 0.027199 0.120000
v -0.067312 0.027627 0.120000
v -0.066835 0.027980 0.120000
v -0.066305 0.028248 0.120000
v -0.065737 0.028421 0.120000
v -0.065149 0.028497 0.120000
v -0.064555 0.028472 0.120000
v -0.063975 0.028347 0.120000
v -0.063424 0.028125 0.120000
v -0.062919 0.027814 0.120000
v -0.062473 0.027422 0.120000
v -0.062100 0.026960 0.120000
v -0.061811 0.026442 0.120000
v -0.061613 0.025882 0.120000
v -0.061513 0.025297 0.120000
v -0.061513 0.024703 0.120000
v -0.061613 0.024118 0.120000
v -0.061811 0.023558 0.120000
v -0.062100 0.023040 0.120000
v -0.062473 0.022578 0.120000
v -0.062919 0.022186 0.120000
v -0.063424 0.021875 0.120000
v -0.063975 0.021653 0.120000
v -0.064555 0.021528 0.120000
v -0.065149 0.021503 0.120000
v -0.065737 0.021579 0.120000
v -0.066305 0.021752 0.120000
v -0.066835 0.022020 0.120000
v -0.067312 0.022373 0.120000
v -0.067723 0.022801 0.120000
v -0.068056 0.023293 0.120000
v -0.068300 0.023834 0.120000
v -0.066500 0.042866 0.041000
v -0.065000 0.043732 0.041000
v -0.066500 0.042866 0.043000
v -0.065000 0.043732 0.043000
v -0.063500 0.042866 0.041000
v -0.063500 0.042866 0.043000
v -0.063500 0.041134 0.041000
v -0.063500 0.041134 0.043000
v -0.065000 0.040268 0.041000
v -0.065000 0.040268 0.043000
v -0.066500 0.041134 0.041000
v -0.066500 0.041134 0.043000
v -0.068450 0.041408 0.041350
v -0.068500 0.042000 0.041350
v -0.068150 0.042000 0.041000
v -0.068450 0.042592 0.041350
v -0.068102 0.042547 0.041000
v -0.068300 0.043166 0.041350
v -0.067960 0.043077 0.041000
v -0.068056 0.043707 0.041350
v -0.067728 0.043575 0.041000
v -0.067723 0.044199 0.041350
v -0.067413 0.044025 0.041000
v -0.067312 0.044627 0.041350
v -0.067025 0.044413 0.041000
v -0.066835 0.044980 0.041350
v -0.066575 0.044728 0.041000
v -0.066305 0.045248 0.041350
v -0.066077 0.044960 0.041000
v -0.065737 0.045421 0.041350
v -0.065547 0.045102 0.041000
v -0.065149 0.045497 0.041350
v -0.065000 0.045150 0.041000
v -0.064555 0.045472 0.041350
v -0.064453 0.045102 0.041000
v -0.063975 0.045347 0.041350
v -0.063923 0.044960 0.041000
v -0.063424 0.045125 0.041350
v -0.063425 0.044728 0.041000
v -0.062919 0.044814 0.041350
v -0.062975 0.044413 0.041000
v -0.062473 0.044422 0.041350
v -0.062587 0.044025 0.041000
v -0.062100 0.043960 0.041350
v -0.062272 0.043575 0.041000
v -0.061811 0.043442 0.041350
v -0.062040 0.043077 0.041000
v -0.061613 0.042882 0.041350
v -0.061898 0.042547 0.041000
v -0.061513 0.042297 0.041350
v -0.061850 0.042000 0.041000
v -0.061513 0.041703 0.041350
v -0.061898 0.041453 0.041000
v -0.061613 0.041118 0.041350
v -0.062040 0.040923 0.041000
v -0.061811 0.040558 0.041350
v -0.062272 0.040425 0.041000
v -0.062100 0.040040 0.041350
v -0.062587 0.039975 0.041000
v -0.062473 0.039578 0.041350
v -0.062975 0.039587 0.041000
v -0.062919 0.039186 0.041350
v -0.063425 0.039272 0.041000
v -0.063424 0.038875 0.041350
v -0.063923 0.039040 0.041000
v -0.063975 0.038653 0.041350
v -0.064453 0.038898 0.041000
v -0.064555 0.038528 0.041350
v -0.065000 0.038850 0.041000
v -0.065149 0.038503 0.041350
v -0.065547 0.038898 0.041000
v -0.065737 0.038579 0.041350
v -0.066077 0.039040 0.041000
v -0.066305 0.038752 0.041350
v -0.066575 0.039272 0.041000
v -0.066835 0.039020 0.041350
v -0.067025 0.039587 0.041000
v -0.067312 0.039373 0.041350
v -0.067413 0.039975 0.041000
v -0.067723 0.039801 0.041350
v -0.067728 0.040425 0.041000
v -0.068056 0.040293 0.041350
v -0.067960 0.040923 0.041000
v -0.068300 0.040834 0.041350
v -0.068102 0.041453 0.041000
v -0.068450 0.042592 0.045000
v -0.068500 0.042000 0.045000
v -0.068450 0.041408 0.045000
v -0.068300 0.040834 0.045000
v -0.068056 0.040293 0.045000
v -0.067723 0.039801 0.045000
v -0.067312 0.039373 0.045000
v -0.066835 0.039020 0.045000
v -0.066305 0.038752 0.045000
v -0.065737 0.038579 0.045000
v -0.065149 0.038503 0.045000
v -0.064555 0.038528 0.045000
v -0.063975 0.038653 0.045000
v -0.063424 0.038875 0.045000
v -0.062919 0.039186 0.045000
v -0.062473 0.039578 0.045000
v -0.062100 0.040040 0.045000
v -0.061811 0.040558 0.045000
v -0.061613 0.041118 0.045000
v -0.061513 0.041703 0.045000
v -0.061513 0.042297 0.045000
v -0.061613 0.042882 0.045000
v -0.061811 0.043442 0.045000
v -0.062100 0.043960 0.045000
v -0.062473 0.044422 0.045000
v -0.062919 0.044814 0.045000
v -0.063424 0.045125 0.045000
v -0.063975 0.045347 0.045000
v -0.064555 0.045472 0.045000
v -0.065149 0.045497 0.045000
v -0.065737 0.045421 0.045000
v -0.066305 0.045248 0.045000
v -0.066835 0.044980 0.045000
v -0.067312 0.044627 0.045000
v -0.067723 0.044199 0.045000
v -0.068056 0.043707 0.045000
v -0.068300 0.043166 0.045000
v -0.011500 0.042866 0.041000
v -0.010000 0.043732 0.041000
v -0.011500 0.042866 0.043000
v -0.010000 0.043732 0.043000
v -0.008500 0.042866 0.041000
v -0.008500 0.042866 0.043000
v -0.008500 0.041134 0.041000
v -0.008500 0.041134 0.043000
v -0.010000 0.040268 0.041000
v -0.010000 0.040268 0.043000
v -0.011500 0.041134 0.041000
v -0.011500 0.041134 0.043000
v -0.013450 0.041408 0.041350
v -0.013500 0.042000 0.041350
v -0.013150 0.042000 0.041000
v -0.013450 0.042592 0.041350
v -0.013102 0.042547 0.041000
v -0.013300 0.043166 0.041350
v -0.012960 0.043077 0.041000
v -0.013056 0.043707 0.041350
v -0.012728 0.043575 0.041000
v -0.012723 0.044199 0.041350
v -0.012413 0.044025 0.041000
v -0.012312 0.044627 0.041350
v -0.012025 0.044413 0.041000
v -0.011835 0.044980 0.041350
v -0.011575 0.044728 0.041000
v -0.011305 0.045248 0.041350
v -0.011077 0.044960 0.041000
v -0.010737 0.045421 0.041350
v -0.010547 0.045102 0.041000
v -0.010149 0.045497 0.041350
v -0.010000 0.045150 0.041000
v -0.009555 0.045472 0.041350
v -0.009453 0.045102 0.041000
v -0.008975 0.045347 0.041350
v -0.008923 0.044960 0.041000
v -0.008424 0.045125 0.041350
v -0.008425 0.044728 0.041000
v -0.007919 0.044814 0.041350
v -0.007975 0.044413 0.041000
v -0.007473 0.044422 0.041350
v -0.007587 0.044025 0.041000
v -0.007100 0.043960 0.041350
v -0.007272 0.043575 0.041000
v -0.006811 0.043442 0.041350
v -0.007040 0.043077 0.041000
v -0.006613 0.042882 0.041350
v -0.006898 0.042547 0.041000
v -0.006513 0.042297 0.041350
v -0.006850 0.042000 0.041000
v -0.006513 0.041703 0.041350
v -0.006898 0.041453 0.041000
v -0.006613 0.041118 0.041350
v -0.007040 0.040923 0.041000
v -0.006811 0.040558 0.041350
v -0.007272 0.040425 0.041000
v -0.007100 0.040040 0.041350
v -0.007587 0.039975 0.041000
v -0.007473 0.039578 0.041350
v -0.007975 0.039587 0.041000
v -0.007919 0.039186 0.041350
v -0.008425 0.039272 0.041000
v -0.008424 0.038875 0.041350
v -0.008923 0.039040 0.041000
v -0.008975 0.038653 0.041350
v -0.009453 0.038898 0.041000
v -0.009555 0.038528 0.041350
v -0.010000 0.038850 0.041000
v -0.010149 0.038503 0.041350
v -0.010547 0.038898 0.041000
v -0.010737 0.038579 0.041350
v -0.011077 0.039040 0.041000
v -0.011305 0.038752 0.041350
v -0.011575 0.039272 0.041000
v -0.011835 0.039020 0.041350
v -0.012025 0.039587 0.041000
v -0.012312 0.039373 0.041350
v -0.012413 0.039975 0.041000
v -0.012723 0.039801 0.041350
v -0.012728 0.040425 0.041000
v -0.013056 0.040293 0.041350
v -0.012960 0.040923 0.041000
v -0.013300 0.040834 0.041350
v -0.013102 0.041453 0.041000
v -0.013450 0.042592 0.045000
v -0.013500 0.042000 0.045000
v -0.013450 0.041408 0.045000
v -0.013300 0.040834 0.045000
v -0.013056 0.040293 0.045000
v -0.012723 0.039801 0.045000
v -0.012312 0.039373 0.045000
v -0.011835 0.039020 0.045000
v -0.011305 0.038752 0.045000
v -0.010737 0.038579 0.045000
v -0.010149 0.038503 0.045000
v -0.009555 0.038528 0.045000
v -0.008975 0.038653 0.045000
v -0.008424 0.038875 0.045000
v -0.007919 0.039186 0.045000
v -0.007473 0.039578 0.045000
v -0.007100 0.040040 0.045000
v -0.006811 0.040558 0.045000
v -0.006613 0.041118 0.045000
v -0.006513 0.041703 0.045000
v -0.006513 0.042297 0.045000
v -0.006613 0.042882 0.045000
v -0.006811 0.043442 0.045000
v -0.007100 0.043960 0.045000
v -0.007473 0.044422 0.045000
v -0.007919 0.044814 0.045000
v -0.008424 0.045125 0.045000
v -0.008975 0.045347 0.045000
v -0.009555 0.045472 0.045000
v -0.010149 0.045497 0.045000
v -0.010737 0.045421 0.045000
v -0.011305 0.045248 0.045000
v -0.011835 0.044980 0.045000
v -0.012312 0.044627 0.045000
v -0.012723 0.044199 0.045000
v -0.013056 0.043707 0.045000
v -0.013300 0.043166 0.045000
v 0.040500 0.000866 0.041000
v 0.042000 0.001732 0.041000
v 0.040500 0.000866 0.043000
v 0.042000 0.001732 0.043000
v 0.043500 0.000866 0.041000
v 0.043500 0.000866 0.043000
v 0.043500 -0.000866 0.041000
v 0.043500 -0.000866 0.043000
v 0.042000 -0.001732 0.041000
v 0.042000 -0.001732 0.043000
v 0.040500 -0.000866 0.041000
v 0.040500 -0.000866 0.043000
v 0.038550 -0.000592 0.041350
v 0.038500 -0.000000 0.041350
v 0.038850 -0.000000 0.041000
v 0.038550 0.000592 0.041350
v 0.038898 0.000547 0.041000
v 0.038700 0.001166 0.041350
v 0.039040 0.001077 0.041000
v 0.038944 0.001707 0.041350
v 0.039272 0.001575 0.041000
v 0.039277 0.002199 0.041350
v 0.039587 0.002025 0.041000
v 0.039688 0.002627 0.041350
v 0.039975 0.002413 0.041000
v 0.040165 0.002980 0.041350
v 0.040425 0.002728 0.041000
v 0.040695 0.003248 0.041350
v 0.040923 0.002960 0.041000
v 0.041263 0.003421 0.041350
v 0.041453 0.003102 0.041000
v 0.041851 0.003497 0.041350
v 0.042000 0.003150 0.041000
v 0.042445 0.003472 0.041350
v 0.042547 0.003102 0.041000
v 0.043025 0.003347 0.041350
v 0.043077 0.002960 0.041000
v 0.043576 0.003125 0.041350
v 0.043575 0.002728 0.041000
v 0.044081 0.002814 0.041350
v 0.044025 0.002413 0.041000
v 0.044527 0.002422 0.041350
v 0.044413 0.002025 0.041000
v 0.044900 0.001960 0.041350
v 0.044728 0.001575 0.041000
v 0.045189 0.001442 0.041350
v 0.044960 0.001077 0.041000
v 0.045387 0.000882 0.041350
v 0.045102 0.000547 0.041000
v 0.045487 0.000297 0.041350
v 0.045150 -0.000000 0.041000
v 0.045487 -0.000297 0.041350
v 0.045102 -0.000547 0.041000
v 0.045387 -0.000882 0.041350
v 0.044960 -0.001077 0.041000
v 0.045189 -0.001442 0.041350
v 0.044728 -0.001575 0.041000
v 0.044900 -0.001960 0.041350
v 0.044413 -0.002025 0.041000
v 0.044527 -0.002422 0.041350
v 0.044025 -0.002413 0.041000
v 0.044081 -0.002814 0.041350
v 0.043575 -0.002728 0.041000
v 0.043576 -0.003125 0.041350
v 0.043077 -0.002960 0.041000
v 0.043025 -0.003347 0.041350
v 0.042547 -0.003102 0.041000
v 0.042445 -0.003472 0.041350
v 0.042000 -0.003150 0.041000
v 0.041851 -0.003497 0.041350
v 0.041453 -0.003102 0.041000
v 0.041263 -0.003421 0.041350
v 0.040923 -0.002960 0.041000
v 0.040695 -0.003248 0.041350
v 0.040425 -0.002728 0.041000
v 0.040165 -0.002980 0.041350
v 0.039975 -0.002413 0.041000
v 0.039688 -0.002627 0.041350
v 0.039587 -0.002025 0.041000
v 0.039277 -0.002199 0.041350
v 0.039272 -0.001575 0.041000
v 0.038944 -0.001707 0.041350
v 0.039040 -0.001077 0.041000
v 0.038700 -0.001166 0.041350
v 0.038898 -0.000547 0.041000
v 0.038550 0.000592 0.045000
v 0.038500 -0.000000 0.045000
v 0.038550 -0.000592 0.045000
v 0.038700 -0.001166 0.045000
v 0.038944 -0.001707 0.045000
v 0.039277 -0.002199 0.045000
v 0.039688 -0.002627 0.045000
v 0.040165 -0.002980 0.045000
v 0.040695 -0.003248 0.045000
v 0.041263 -0.003421 0.045000
v 0.041851 -0.003497 0.045000
v 0.042445 -0.003472 0.045000
v 0.043025 -0.003347 0.045000
v 0.043576 -0.003125 0.045000
v 0.044081 -0.002814 0.045000
v 0.044527 -0.002422 0.045000
v 0.044900 -0.001960 0.045000
v 0.045189 -0.001442 0.045000
v 0.045387 -0.000882 0.045000
v 0.045487 -0.000297 0.045000
v 0.045487 0.000297 0.045000
v 0.045387 0.000882 0.045000
v 0.045189 0.001442 0.045000
v 0.044900 0.001960 0.045000
v 0.044527 0.002422 0.045000
v 0.044081 0.002814 0.045000
v 0.043576 0.003125 0.045000
v 0.043025 0.003347 0.045000
v 0.042445 0.003472 0.045000
v 0.041851 0.003497 0.045000
v 0.041263 0.003421 0.045000
v 0.040695 0.003248 0.045000
v 0.040165 0.002980 0.045000
v 0.039688 0.002627 0.045000
v 0.039277 0.002199 0.045000
v 0.038944 0.001707 0.045000
v 0.038700 0.001166 0.045000
v -0.011500 -0.041134 0.041000
v -0.010000 -0.040268 0.041000
v -0.011500 -0.041134 0.043000
v -0.010000 -0.040268 0.043000
v -0.008500 -0.041134 0.041000
v -0.008500 -0.041134 0.043000
v -0.008500 -0.042866 0.041000
v -0.008500 -0.042866 0.043000
v -0.010000 -0.043732 0.041000
v -0.010000 -0.043732 0.043000
v -0.011500 -0.042866 0.041000
v -0.011500 -0.042866 0.043000
v -0.013450 -0.042592 0.041350
v -0.013500 -0.042000 0.041350
v -0.013150 -0.042000 0.041000
v -0.013450 -0.041408 0.041350
v -0.013102 -0.041453 0.041000
v -0.013300 -0.040834 0.041350
v -0.012960 -0.040923 0.041000
v -0.013056 -0.040293 0.041350
v -0.012728 -0.040425 0.041000
v -0.012723 -0.039801 0.041350
v -0.012413 -0.039975 0.041000
v -0.012312 -0.039373 0.041350
v -0.012025 -0.039587 0.041000
v -0.011835 -0.039020 0.041350
v -0.011575 -0.039272 0.041000
v -0.011305 -0.038752 0.041350
v -0.011077 -0.039040 0.041000
v -0.010737 -0.038579 0.041350
v -0.010547 -0.038898 0.041000
v -0.010149 -0.038503 0.041350
v -0.010000 -0.038850 0.041000
v -0.009555 -0.038528 0.041350
v -0.009453 -0.038898 0.041000
v -0.008975 -0.038653 0.041350
v -0.008923 -0.039040 0.041000
v -0.008424 -0.038875 0.041350
v -0.008425 -0.039272 0.041000
v -0.007919 -0.039186 0.041350
v -0.007975 -0.039587 0.041000
v -0.007473 -0.039578 0.041350
v -0.007587 -0.039975 0.041000
v -0.007100 -0.040040 0.041350
v -0.007272 -0.040425 0.041000
v -0.006811 -0.040558 0.041350
v -0.007040 -0.040923 0.041000
v -0.006613 -0.041118 0.041350
v -0.006898 -0.041453 0.041000
v -0.006513 -0.041703 0.041350
v -0.006850 -0.042000 0.041000
v -0.006513 -0.042297 0.041350
v -0.006898 -0.042547 0.041000
v -0.006613 -0.042882 0.041350
v -0.007040 -0.043077 0.041000
v -0.006811 -0.043442 0.041350
v -0.007272 -0.043575 0.041000
v -0.007100 -0.043960 0.041350
v -0.007587 -0.044025 0.041000
v -0.007473 -0.044422 0.041350
v -0.007975 -0.044413 0.041000
v -0.007919 -0.044814 0.041350
v -0.008425 -0.044728 0.041000
v -0.008424 -0.045125 0.041350
v -0.008923 -0.044960 0.041000
v -0.008975 -0.045347 0.041350
v -0.009453 -0.045102 0.041000
v -0.009555 -0.045472 0.041350
v -0.010000 -0.045150 0.041000
v -0.010149 -0.045497 0.041350
v -0.010547 -0.045102 0.041000
v -0.010737 -0.045421 0.041350
v -0.011077 -0.044960 0.041000
v -0.011305 -0.045248 0.041350
v -0.011575 -0.044728 0.041000
v -0.011835 -0.044980 0.041350
v -0.012025 -0.044413 0.041000
v -0.012312 -0.044627 0.041350
v -0.012413 -0.044025 0.041000
v -0.012723 -0.044199 0.041350
v -0.012728 -0.043575 0.041000
v -0.013056 -0.043707 0.041350
v -0.012960 -0.043077 0.041000
v -0.013300 -0.043166 0.041350
v -0.013102 -0.042547 0.041000
v -0.013450 -0.041408 0.045000
v -0.013500 -0.042000 0.045000
v -0.013450 -0.042592 0.045000
v -0.013300 -0.043166 0.045000
v -0.013056 -0.043707 0.045000
v -0.012723 -0.044199 0.045000
v -0.012312 -0.044627 0.045000
v -0.011835 -0.044980 0.045000
v -0.011305 -0.045248 0.045000
v -0.010737 -0.045421 0.045000
v -0.010149 -0.045497 0.045000
v -0.009555 -0.045472 0.045000
v -0.008975 -0.045347 0.045000
v -0.008424 -0.045125 0.045000
v -0.007919 -0.044814 0.045000
v -0.007473 -0.044422 0.045000
v -0.007100 -0.043960 0.045000
v -0.006811 -0.043442 0.045000
v -0.006613 -0.042882 0.045000
v -0.006513 -0.042297 0.045000
v -0.006513 -0.041703 0.045000
v -0.006613 -0.041118 0.045000
v -0.006811 -0.040558 0.045000
v -0.007100 -0.040040 0.045000
v -0.007473 -0.039578 0.045000
v -0.007919 -0.039186 0.045000
v -0.008424 -0.038875 0.045000
v -0.008975 -0.038653 0.045000
v -0.009555 -0.038528 0.045000
v -0.010149 -0.038503 0.045000
v -0.010737 -0.038579 0.045000
v -0.011305 -0.038752 0.045000
v -0.011835 -0.039020 0.045000
v -0.012312 -0.039373 0.045000
v -0.012723 -0.039801 0.045000
v -0.013056 -0.040293 0.045000
v -0.013300 -0.040834 0.045000
v -0.066500 -0.041134 0.041000
v -0.065000 -0.040268 0.041000
v -0.066500 -0.041134 0.043000
v -0.065000 -0.040268 0.043000
v -0.063500 -0.041134 0.041000
v -0.063500 -0.041134 0.043000
v -0.063500 -0.042866 0.041000
v -0.063500 -0.042866 0.043000
v -0.065000 -0.043732 0.041000
v -0.065000 -0.043732 0.043000
v -0.066500 -0.042866 0.041000
v -0.066500 -0.042866 0.043000
v -0.068450 -0.042592 0.041350
v -0.068500 -0.042000 0.041350
v -0.068150 -0.042000 0.041000
v -0.068450 -0.041408 0.041350
v -0.068102 -0.041453 0.041000
v -0.068300 -0.040834 0.041350
v -0.067960 -0.040923 0.041000
v -0.068056 -0.040293 0.041350
v -0.067728 -0.040425 0.041000
v -0.067723 -0.039801 0.041350
v -0.067413 -0.039975 0.041000
v -0.067312 -0.039373 0.041350
v -0.067025 -0.039587 0.041000
v -0.066835 -0.039020 0.041350
v -0.066575 -0.039272 0.041000
v -0.066305 -0.038752 0.041350
v -0.066077 -0.039040 0.041000
v -0.065737 -0.038579 0.041350
v -0.065547 -0.038898 0.041000
v -0.065149 -0.038503 0.041350
v -0.065000 -0.038850 0.041000
v -0.064555 -0.038528 0.041350
v -0.064453 -0.038898 0.041000
v -0.063975 -0.038653 0.041350
v -0.063923 -0.039040 0.041000
v -0.063424 -0.038875 0.041350
v -0.063425 -0.039272 0.041000
v -0.062919 -0.039186 0.041350
v -0.062975 -0.039587 0.041000
v -0.062473 -0.039578 0.041350
v -0.062587 -0.039975 0.041000
v -0.062100 -0.040040 0.041350
v -0.062272 -0.040425 0.041000
v -0.061811 -0.040558 0.041350
v -0.062040 -0.040923 0.041000
v -0.061613 -0.041118 0.041350
v -0.061898 -0.041453 0.041000
v -0.061513 -0.041703 0.041350
v -0.061850 -0.042000 0.041000
v -0.061513 -0.042297 0.041350
v -0.061898 -0.042547 0.041000
v -0.061613 -0.042882 0.041350
v -0.062040 -0.043077 0.041000
v -0.061811 -0.043442 0.041350
v -0.062272 -0.043575 0.041000
v -0.062100 -0.043960 0.041350
v -0.062587 -0.044025 0.041000
v -0.062473 -0.044422 0.041350
v -0.062975 -0.044413 0.041000
v -0.062919 -0.044814 0.041350
v -0.063425 -0.044728 0.041000
v -0.063424 -0.045125 0.041350
v -0.063923 -0.044960 0.041000
v -0.063975 -0.045347 0.041350
v -0.064453 -0.045102 0.041000
v -0.064555 -0.045472 0.041350
v -0.065000 -0.045150 0.041000
v -0.065149 -0.045497 0.041350
v -0.065547 -0.045102 0.041000
v -0.065737 -0.045421 0.041350
v -0.066077 -0.044960 0.041000
v -0.066305 -0.045248 0.041350
v -0.066575 -0.044728 0.041000
v -0.066835 -0.044980 0.041350
v -0.067025 -0.044413 0.041000
v -0.067312 -0.044627 0.041350
v -0.067413 -0.044025 0.041000
v -0.067723 -0.044199 0.041350
v -0.067728 -0.043575 0.041000
v -0.068056 -0.043707 0.041350
v -0.067960 -0.043077 0.041000
v -0.068300 -0.043166 0.041350
v -0.068102 -0.042547 0.041000
v -0.068450 -0.041408 0.045000
v -0.068500 -0.042000 0.045000
v -0.068450 -0.042592 0.045000
v -0.068300 -0.043166 0.045000
v -0.068056 -0.043707 0.045000
v -0.067723 -0.044199 0.045000
v -0.067312 -0.044627 0.045000
v -0.066835 -0.044980 0.045000
v -0.066305 -0.045248 0.045000
v -0.065737 -0.045421 0.045000
v -0.065149 -0.045497 0.045000
v -0.064555 -0.045472 0.045000
v -0.063975 -0.045347 0.045000
v -0.063424 -0.045125 0.045000
v -0.062919 -0.044814 0.045000
v -0.062473 -0.044422 0.045000
v -0.062100 -0.043960 0.045000
v -0.061811 -0.043442 0.045000
v -0.061613 -0.042882 0.045000
v -0.061513 -0.042297 0.045000
v -0.061513 -0.041703 0.045000
v -0.061613 -0.041118 0.045000
v -0.061811 -0.040558 0.045000
v -0.062100 -0.040040 0.045000
v -0.062473 -0.039578 0.045000
v -0.062919 -0.039186 0.045000
v -0.063424 -0.038875 0.045000
v -0.063975 -0.038653 0.045000
v -0.064555 -0.038528 0.045000
v -0.065149 -0.038503 0.045000
v -0.065737 -0.038579 0.045000
v -0.066305 -0.038752 0.045000
v -0.066835 -0.039020 0.045000
v -0.067312 -0.039373 0.045000
v -0.067723 -0.039801 0.045000
v -0.068056 -0.040293 0.045000
v -0.068300 -0.040834 0.045000
v -0.064803 -0.007923 0.140632
v -0.065510 -0.007345 0.141339
v -0.065864 -0.007923 0.139571
v -0.066571 -0.007345 0.140278
v -0.066218 -0.007923 0.142046
v -0.067278 -0.007923 0.140985
v -0.066218 -0.009077 0.142046
v -0.067278 -0.009077 0.140985
v -0.065510 -0.009655 0.141339
v -0.066571 -0.009655 0.140278
v -0.064803 -0.009077 0.140632
v -0.065864 -0.009077 0.139571
v -0.064120 -0.008109 0.139595
v -0.064118 -0.008153 0.139946
v -0.064096 -0.008500 0.139571
v -0.064096 -0.008500 0.139925
v -0.064120 -0.008891 0.139595
v -0.064118 -0.008847 0.139946
v -0.064192 -0.009270 0.139667
v -0.064181 -0.009184 0.140010
v -0.064309 -0.009625 0.139784
v -0.064286 -0.009500 0.140114
v -0.064468 -0.009946 0.139943
v -0.064427 -0.009786 0.140255
v -0.064665 -0.010224 0.140139
v -0.064601 -0.010032 0.140430
v -0.064892 -0.010449 0.140367
v -0.064803 -0.010232 0.140632
v -0.065143 -0.010614 0.140618
v -0.065027 -0.010379 0.140855
v -0.065411 -0.010716 0.140886
v -0.065265 -0.010470 0.141093
v -0.065687 -0.010750 0.141162
v -0.065510 -0.010500 0.141339
v -0.065963 -0.010716 0.141438
v -0.065756 -0.010470 0.141584
v -0.066231 -0.010614 0.141706
v -0.065994 -0.010379 0.141823
v -0.066483 -0.010449 0.141958
v -0.066218 -0.010232 0.142046
v -0.066710 -0.010224 0.142185
v -0.066419 -0.010032 0.142248
v -0.066906 -0.009946 0.142381
v -0.066594 -0.009786 0.142422
v -0.067065 -0.009625 0.142540
v -0.066735 -0.009500 0.142564
v -0.067182 -0.009270 0.142657
v -0.066839 -0.009184 0.142668
v -0.067254 -0.008891 0.142729
v -0.066903 -0.008847 0.142732
v -0.067278 -0.008500 0.142753
v -0.066925 -0.008500 0.142753
v -0.067254 -0.008109 0.142729
v -0.066903 -0.008153 0.142732
v -0.067182 -0.007730 0.142657
v -0.066839 -0.007816 0.142668
v -0.067065 -0.007375 0.142540
v -0.066735 -0.007500 0.142564
v -0.066906 -0.007054 0.142381
v -0.066594 -0.007214 0.142422
v -0.066710 -0.006776 0.142185
v -0.066419 -0.006968 0.142248
v -0.066483 -0.006551 0.141958
v -0.066218 -0.006768 0.142046
v -0.066231 -0.006386 0.141706
v -0.065994 -0.006621 0.141823
v -0.065963 -0.006284 0.141438
v -0.065756 -0.006530 0.141584
v -0.065687 -0.006250 0.141162
v -0.065510 -0.006500 0.141339
v -0.065411 -0.006284 0.140886
v -0.065265 -0.006530 0.141093
v -0.065143 -0.006386 0.140618
v -0.065027 -0.006621 0.140855
v -0.064892 -0.006551 0.140367
v -0.064803 -0.006768 0.140632
v -0.064665 -0.006776 0.140139
v -0.064601 -0.006968 0.140430
v -0.064468 -0.007054 0.139943
v -0.064427 -0.007214 0.140255
v -0.064309 -0.007375 0.139784
v -0.064286 -0.007500 0.140114
v -0.064192 -0.007730 0.139667
v -0.064181 -0.007816 0.140010
v -0.065711 -0.008109 0.138004
v -0.065687 -0.008500 0.137980
v -0.065711 -0.008891 0.138004
v -0.065783 -0.009270 0.138076
v -0.065900 -0.009625 0.138193
v -0.066059 -0.009946 0.138352
v -0.066256 -0.010224 0.138548
v -0.066483 -0.010449 0.138776
v -0.066734 -0.010614 0.139027
v -0.067002 -0.010716 0.139295
v -0.067278 -0.010750 0.139571
v -0.067554 -0.010716 0.139847
v -0.067822 -0.010614 0.140115
v -0.068074 -0.010449 0.140367
v -0.068301 -0.010224 0.140594
v -0.068497 -0.009946 0.140790
v -0.068656 -0.009625 0.140949
v -0.068773 -0.009270 0.141066
v -0.068845 -0.008891 0.141138
v -0.068869 -0.008500 0.141162
v -0.068845 -0.008109 0.141138
v -0.068773 -0.007730 0.141066
v -0.068656 -0.007375 0.140949
v -0.068497 -0.007054 0.140790
v -0.068301 -0.006776 0.140594
v -0.068074 -0.006551 0.140367
v -0.067822 -0.006386 0.140115
v -0.067554 -0.006284 0.139847
v -0.067278 -0.006250 0.139571
v -0.067002 -0.006284 0.139295
v -0.066734 -0.006386 0.139027
v -0.066483 -0.006551 0.138776
v -0.066256 -0.006776 0.138548
v -0.066059 -0.007054 0.138352
v -0.065900 -0.007375 0.138193
v -0.065783 -0.007730 0.138076
v -0.052782 0.009077 0.128611
v -0.053490 0.009655 0.129318
v -0.053843 0.009077 0.127550
v -0.054550 0.009655 0.128257
v -0.054197 0.009077 0.130025
v -0.055257 0.009077 0.128964
v -0.054197 0.007923 0.130025
v -0.055257 0.007923 0.128964
v -0.053490 0.007345 0.129318
v -0.054550 0.007345 0.128257
v -0.052782 0.007923 0.128611
v -0.053843 0.007923 0.127550
v -0.052100 0.008891 0.127574
v -0.052097 0.008847 0.127925
v -0.052075 0.008500 0.127550
v -0.052075 0.008500 0.127904
v -0.052100 0.008109 0.127574
v -0.052097 0.008153 0.127925
v -0.052171 0.007730 0.127646
v -0.052161 0.007816 0.127989
v -0.052289 0.007375 0.127763
v -0.052265 0.007500 0.128093
v -0.052448 0.007054 0.127922
v -0.052406 0.007214 0.128235
v -0.052644 0.006776 0.128119
v -0.052581 0.006968 0.128409
v -0.052871 0.006551 0.128346
v -0.052782 0.006768 0.128611
v -0.053122 0.006386 0.128597
v -0.053006 0.006621 0.128834
v -0.053390 0.006284 0.128865
v -0.053244 0.006530 0.129072
v -0.053666 0.006250 0.129141
v -0.053490 0.006500 0.129318
v -0.053943 0.006284 0.129418
v -0.053735 0.006530 0.129564
v -0.054211 0.006386 0.129685
v -0.053973 0.006621 0.129802
v -0.054462 0.006551 0.129937
v -0.054197 0.006768 0.130025
v -0.054689 0.006776 0.130164
v -0.054399 0.006968 0.130227
v -0.054885 0.007054 0.130360
v -0.054573 0.007214 0.130401
v -0.055044 0.007375 0.130519
v -0.054714 0.007500 0.130543
v -0.055161 0.007730 0.130636
v -0.054819 0.007816 0.130647
v -0.055233 0.008109 0.130708
v -0.054882 0.008153 0.130711
v -0.055257 0.008500 0.130732
v -0.054904 0.008500 0.130732
v -0.055233 0.008891 0.130708
v -0.054882 0.008847 0.130711
v -0.055161 0.009270 0.130636
v -0.054819 0.009184 0.130647
v -0.055044 0.009625 0.130519
v -0.054714 0.009500 0.130543
v -0.054885 0.009946 0.130360
v -0.054573 0.009786 0.130401
v -0.054689 0.010224 0.130164
v -0.054399 0.010032 0.130227
v -0.054462 0.010449 0.129937
v -0.054197 0.010232 0.130025
v -0.054211 0.010614 0.129685
v -0.053973 0.010379 0.129802
v -0.053943 0.010716 0.129418
v -0.053735 0.010470 0.129564
v -0.053666 0.010750 0.129141
v -0.053490 0.010500 0.129318
v -0.053390 0.010716 0.128865
v -0.053244 0.010470 0.129072
v -0.053122 0.010614 0.128597
v -0.053006 0.010379 0.128834
v -0.052871 0.010449 0.128346
v -0.052782 0.010232 0.128611
v -0.052644 0.010224 0.128119
v -0.052581 0.010032 0.128409
v -0.052448 0.009946 0.127922
v -0.052406 0.009786 0.128235
v -0.052289 0.009625 0.127763
v -0.052265 0.009500 0.128093
v -0.052171 0.009270 0.127646
v -0.052161 0.009184 0.127989
v -0.053691 0.008891 0.125983
v -0.053666 0.008500 0.125959
v -0.053691 0.008109 0.125983
v -0.053762 0.007730 0.126055
v -0.053880 0.007375 0.126172
v -0.054039 0.007054 0.126331
v -0.054235 0.006776 0.126528
v -0.054462 0.006551 0.126755
v -0.054713 0.006386 0.127006
v -0.054981 0.006284 0.127274
v -0.055257 0.006250 0.127550
v -0.055534 0.006284 0.127827
v -0.055802 0.006386 0.128094
v -0.056053 0.006551 0.128346
v -0.056280 0.006776 0.128573
v -0.056476 0.007054 0.128769
v -0.056635 0.007375 0.128928
v -0.056752 0.007730 0.129045
v -0.056824 0.008109 0.129117
v -0.056848 0.008500 0.129141
v -0.056824 0.008891 0.129117
v -0.056752 0.009270 0.129045
v -0.056635 0.009625 0.128928
v -0.056476 0.009946 0.128769
v -0.056280 0.010224 0.128573
v -0.056053 0.010449 0.128346
v -0.055802 0.010614 0.128094
v -0.055534 0.010716 0.127827
v -0.055257 0.010750 0.127550
v -0.054981 0.010716 0.127274
v -0.054713 0.010614 0.127006
v -0.054462 0.010449 0.126755
v -0.054235 0.010224 0.126528
v -0.054039 0.009946 0.126331
v -0.053880 0.009625 0.126172
v -0.053762 0.009270 0.126055
v -0.061841 -0.034907 0.113697
v -0.061389 -0.035125 0.113343
v -0.061816 -0.034864 0.113000
v -0.061389 -0.035125 0.112657
v -0.061841 -0.034907 0.112303
v -0.061437 -0.035208 0.111976
v -0.061915 -0.035036 0.111620
v -0.061532 -0.035373 0.111316
v -0.062037 -0.035248 0.110964
v -0.061672 -0.035616 0.110690
v -0.062205 -0.035538 0.110351
v -0.061855 -0.035932 0.110108
v -0.062414 -0.035901 0.109791
v -0.062077 -0.036316 0.109583
v -0.062662 -0.036329 0.109297
v -0.062333 -0.036760 0.109126
v -0.062941 -0.036813 0.108878
v -0.061467 -0.037260 0.109126
v -0.061735 -0.037723 0.108765
v -0.061437 -0.035208 0.114024
v -0.061915 -0.035036 0.114381
v -0.061532 -0.035373 0.114684
v -0.062037 -0.035248 0.115036
v -0.061672 -0.035616 0.115310
v -0.062205 -0.035538 0.115649
v -0.061855 -0.035932 0.115892
v -0.062414 -0.035901 0.116209
v -0.062077 -0.036316 0.116417
v -0.062662 -0.036329 0.116703
v -0.062333 -0.036760 0.116874
v -0.062941 -0.036813 0.117122
v -0.061467 -0.037260 0.116874
v -0.061735 -0.037723 0.117235
v -0.063248 -0.037345 0.117457
v -0.062023 -0.038223 0.117522
v -0.063576 -0.037912 0.117702
v -0.062329 -0.038752 0.117731
v -0.063917 -0.038504 0.117850
v -0.062645 -0.039300 0.117858
v -0.064266 -0.039108 0.117900
v -0.062967 -0.039858 0.117900
v -0.063289 -0.040415 0.117858
v -0.064615 -0.039712 0.117850
v -0.063605 -0.040963 0.117731
v -0.064956 -0.040303 0.117702
v -0.063911 -0.041492 0.117522
v -0.065284 -0.040871 0.117457
v -0.064199 -0.041992 0.117235
v -0.065591 -0.041402 0.117122
v -0.064467 -0.042456 0.116874
v -0.065333 -0.041956 0.116874
v -0.065870 -0.041887 0.116703
v -0.065589 -0.042399 0.116417
v -0.066118 -0.042315 0.116209
v -0.065811 -0.042783 0.115892
v -0.066327 -0.042678 0.115649
v -0.065994 -0.043100 0.115310
v -0.066495 -0.042968 0.115036
v -0.066134 -0.043343 0.114684
v -0.066617 -0.043179 0.114381
v -0.066229 -0.043508 0.114024
v -0.066691 -0.043308 0.113697
v -0.066277 -0.043591 0.113343
v -0.066716 -0.043351 0.113000
v -0.066277 -0.043591 0.112657
v -0.066691 -0.043308 0.112303
v -0.066229 -0.043508 0.111976
v -0.066617 -0.043179 0.111620
v -0.066134 -0.043343 0.111316
v -0.066495 -0.042968 0.110964
v -0.065994 -0.043100 0.110690
v -0.066327 -0.042678 0.110351
v -0.065811 -0.042783 0.110108
v -0.066118 -0.042315 0.109791
v -0.065589 -0.042399 0.109583
v -0.065870 -0.041887 0.109297
v -0.065333 -0.041956 0.109126
v -0.065591 -0.041402 0.108878
v -0.064467 -0.042456 0.109126
v -0.064199 -0.041992 0.108765
v -0.065284 -0.040871 0.108543
v -0.063911 -0.041492 0.108478
v -0.064956 -0.040303 0.108298
v -0.063605 -0.040963 0.108269
v -0.064615 -0.039712 0.108150
v -0.063289 -0.040415 0.108142
v -0.064266 -0.039108 0.108100
v -0.062967 -0.039858 0.108100
v -0.062645 -0.039300 0.108142
v -0.063917 -0.038504 0.108150
v -0.062329 -0.038752 0.108269
v -0.063576 -0.037912 0.108298
v -0.062023 -0.038223 0.108478
v -0.063248 -0.037345 0.108543
v -0.062876 -0.039200 0.113109
v -0.062246 -0.040274 0.113000
v -0.062871 -0.039191 0.113000
v -0.062913 -0.039264 0.113313
v -0.062890 -0.039224 0.113214
v -0.062983 -0.039385 0.113479
v -0.062944 -0.039318 0.113402
v -0.063077 -0.039548 0.113587
v -0.063027 -0.039462 0.113541
v -0.063183 -0.039733 0.113625
v -0.063129 -0.039639 0.113616
v -0.063290 -0.039918 0.113587
v -0.063238 -0.039827 0.113616
v -0.063384 -0.040081 0.113479
v -0.063340 -0.040003 0.113541
v -0.063454 -0.040201 0.113313
v -0.063423 -0.040147 0.113402
v -0.063491 -0.040266 0.113109
v -0.063477 -0.040241 0.113214
v -0.063491 -0.040266 0.112891
v -0.063496 -0.040274 0.113000
v -0.063454 -0.040201 0.112688
v -0.063477 -0.040241 0.112786
v -0.063384 -0.040081 0.112521
v -0.063423 -0.040147 0.112598
v -0.063290 -0.039918 0.112413
v -0.063340 -0.040003 0.112459
v -0.063183 -0.039733 0.112375
v -0.063238 -0.039827 0.112385
v -0.063077 -0.039548 0.112413
v -0.063129 -0.039639 0.112385
v -0.062983 -0.039385 0.112521
v -0.063027 -0.039462 0.112459
v -0.062913 -0.039264 0.112688
v -0.062944 -0.039318 0.112598
v -0.062876 -0.039200 0.112891
v -0.062890 -0.039224 0.112786
v -0.062814 -0.039093 0.112870
v -0.062598 -0.039218 0.112870
v -0.062808 -0.039083 0.113000
v -0.062592 -0.039208 0.113000
v -0.062814 -0.039093 0.113130
v -0.062598 -0.039218 0.113130
v -0.062831 -0.039122 0.113257
v -0.062615 -0.039247 0.113257
v -0.062859 -0.039170 0.113375
v -0.062642 -0.039295 0.113375
v -0.062896 -0.039235 0.113482
v -0.062680 -0.039360 0.113482
v -0.062942 -0.039315 0.113575
v -0.062726 -0.039440 0.113575
v -0.062996 -0.039408 0.113650
v -0.062779 -0.039533 0.113650
v -0.063055 -0.039511 0.113705
v -0.062839 -0.039636 0.113705
v -0.063118 -0.039620 0.113739
v -0.062902 -0.039745 0.113739
v -0.063183 -0.039733 0.113750
v -0.062967 -0.039858 0.113750
v -0.063249 -0.039845 0.113739
v -0.063032 -0.039970 0.113739
v -0.063312 -0.039955 0.113705
v -0.063095 -0.040080 0.113705
v -0.063371 -0.040057 0.113650
v -0.063154 -0.040182 0.113650
v -0.063425 -0.040150 0.113575
v -0.063208 -0.040275 0.113575
v -0.063471 -0.040230 0.113482
v -0.063254 -0.040355 0.113482
v -0.063508 -0.040295 0.113375
v -0.063292 -0.040420 0.113375
v -0.063536 -0.040343 0.113257
v -0.063319 -0.040468 0.113257
v -0.063553 -0.040372 0.113130
v -0.063336 -0.040497 0.113130
v -0.063558 -0.040382 0.113000
v -0.063342 -0.040507 0.113000
v -0.063553 -0.040372 0.112870
v -0.063336 -0.040497 0.112870
v -0.063536 -0.040343 0.112743
v -0.063319 -0.040468 0.112743
v -0.063508 -0.040295 0.112625
v -0.063292 -0.040420 0.112625
v -0.063471 -0.040230 0.112518
v -0.063254 -0.040355 0.112518
v -0.063425 -0.040150 0.112425
v -0.063208 -0.040275 0.112425
v -0.063371 -0.040057 0.112350
v -0.063154 -0.040182 0.112350
v -0.063312 -0.039955 0.112295
v -0.063095 -0.040080 0.112295
v -0.063249 -0.039845 0.112261
v -0.063032 -0.039970 0.112261
v -0.063183 -0.039733 0.112250
v -0.062967 -0.039858 0.112250
v -0.063118 -0.039620 0.112261
v -0.062902 -0.039745 0.112261
v -0.063055 -0.039511 0.112295
v -0.062839 -0.039636 0.112295
v -0.062996 -0.039408 0.112350
v -0.062779 -0.039533 0.112350
v -0.062942 -0.039315 0.112425
v -0.062726 -0.039440 0.112425
v -0.062896 -0.039235 0.112518
v -0.062680 -0.039360 0.112518
v -0.062859 -0.039170 0.112625
v -0.062642 -0.039295 0.112625
v -0.062831 -0.039122 0.112743
v -0.062615 -0.039247 0.112743
v -0.070000 0.045000 0.048000
v 0.000000 0.045000 0.048000
v -0.070000 0.045000 0.047900
v 0.000000 0.045000 0.047900
v 0.002141 0.044949 0.047900
v 0.002141 0.044949 0.048000
v 0.004278 0.044796 0.047900
v 0.004278 0.044796 0.048000
v 0.006404 0.044542 0.047900
v 0.006404 0.044542 0.048000
v 0.008516 0.044187 0.047900
v 0.008516 0.044187 0.048000
v 0.010609 0.043732 0.047900
v 0.010609 0.043732 0.048000
v 0.012678 0.043177 0.047900
v 0.012678 0.043177 0.048000
v 0.014718 0.042525 0.047900
v 0.014718 0.042525 0.048000
v 0.016725 0.041777 0.047900
v 0.016725 0.041777 0.048000
v 0.018694 0.040933 0.047900
v 0.018694 0.040933 0.048000
v 0.020620 0.039998 0.047900
v 0.020620 0.039998 0.048000
v 0.022500 0.038971 0.047900
v 0.022500 0.038971 0.048000
v 0.024329 0.037856 0.047900
v 0.024329 0.037856 0.048000
v 0.026103 0.036656 0.047900
v 0.026103 0.036656 0.048000
v 0.027817 0.035372 0.047900
v 0.027817 0.035372 0.048000
v 0.029469 0.034009 0.047900
v 0.029469 0.034009 0.048000
v 0.031054 0.032568 0.047900
v 0.031054 0.032568 0.048000
v 0.032568 0.031054 0.047900
v 0.032568 0.031054 0.048000
v 0.034009 0.029469 0.047900
v 0.034009 0.029469 0.048000
v 0.035372 0.027817 0.047900
v 0.035372 0.027817 0.048000
v 0.036656 0.026103 0.047900
v 0.036656 0.026103 0.048000
v 0.037856 0.024329 0.047900
v 0.037856 0.024329 0.048000
v 0.038971 0.022500 0.047900
v 0.038971 0.022500 0.048000
v 0.039998 0.020620 0.047900
v 0.039998 0.020620 0.048000
v 0.040933 0.018694 0.047900
v 0.040933 0.018694 0.048000
v 0.041777 0.016725 0.047900
v 0.041777 0.016725 0.048000
v 0.042525 0.014718 0.047900
v 0.042525 0.014718 0.048000
v 0.043177 0.012678 0.047900
v 0.043177 0.012678 0.048000
v 0.043732 0.010609 0.047900
v 0.043732 0.010609 0.048000
v 0.044187 0.008516 0.047900
v 0.044187 0.008516 0.048000
v 0.044542 0.006404 0.047900
v 0.044542 0.006404 0.048000
v 0.044796 0.004278 0.047900
v 0.044796 0.004278 0.048000
v 0.044949 0.002141 0.047900
v 0.044949 0.002141 0.048000
v 0.045000 -0.000000 0.047900
v 0.045000 -0.000000 0.048000
v 0.044949 -0.002141 0.047900
v 0.044949 -0.002141 0.048000
v 0.044796 -0.004278 0.047900
v 0.044796 -0.004278 0.048000
v 0.044542 -0.006404 0.047900
v 0.044542 -0.006404 0.048000
v 0.044187 -0.008516 0.047900
v 0.044187 -0.008516 0.048000
v 0.043732 -0.010609 0.047900
v 0.043732 -0.010609 0.048000
v 0.043177 -0.012678 0.047900
v 0.043177 -0.012678 0.048000
v 0.042525 -0.014718 0.047900
v 0.042525 -0.014718 0.048000
v 0.041777 -0.016725 0.047900
v 0.041777 -0.016725 0.048000
v 0.040933 -0.018694 0.047900
v 0.040933 -0.018694 0.048000
v 0.039998 -0.020620 0.047900
v 0.039998 -0.020620 0.048000
v 0.038971 -0.022500 0.047900
v 0.038971 -0.022500 0.048000
v 0.037856 -0.024329 0.047900
v 0.037856 -0.024329 0.048000
v 0.036656 -0.026103 0.047900
v 0.036656 -0.026103 0.048000
v 0.035372 -0.027817 0.047900
v 0.035372 -0.027817 0.048000
v 0.034009 -0.029469 0.047900
v 0.034009 -0.029469 0.048000
v 0.032568 -0.031054 0.047900
v 0.032568 -0.031054 0.048000
v 0.031054 -0.032568 0.047900
v 0.031054 -0.032568 0.048000
v 0.029469 -0.034009 0.047900
v 0.029469 -0.034009 0.048000
v 0.027817 -0.035372 0.047900
v 0.027817 -0.035372 0.048000
v 0.026103 -0.036656 0.047900
v 0.026103 -0.036656 0.048000
v 0.024329 -0.037856 0.047900
v 0.024329 -0.037856 0.048000
v 0.022500 -0.038971 0.047900
v 0.022500 -0.038971 0.048000
v 0.020620 -0.039998 0.047900
v 0.020620 -0.039998 0.048000
v 0.018694 -0.040933 0.047900
v 0.018694 -0.040933 0.048000
v 0.016725 -0.041777 0.047900
v 0.016725 -0.041777 0.048000
v 0.014718 -0.042525 0.047900
v 0.014718 -0.042525 0.048000
v 0.012678 -0.043177 0.047900
v 0.012678 -0.043177 0.048000
v 0.010609 -0.043732 0.047900
v 0.010609 -0.043732 0.048000
v 0.008516 -0.044187 0.047900
v 0.008516 -0.044187 0.048000
v 0.006404 -0.044542 0.047900
v 0.006404 -0.044542 0.048000
v 0.004278 -0.044796 0.047900
v 0.004278 -0.044796 0.048000
v 0.002141 -0.044949 0.047900
v 0.002141 -0.044949 0.048000
v 0.000000 -0.045000 0.047900
v 0.000000 -0.045000 0.048000
v -0.070000 -0.045000 0.048000
v -0.070000 -0.045000 0.047900
v -0.075000 0.050000 0.047900
v 0.000000 0.050000 0.047900
v 0.002243 0.049950 0.047900
v 0.004482 0.049799 0.047900
v 0.006712 0.049547 0.047900
v 0.008928 0.049196 0.047900
v 0.011126 0.048746 0.047900
v 0.013302 0.048198 0.047900
v 0.015451 0.047553 0.047900
v 0.017569 0.046812 0.047900
v 0.019651 0.045976 0.047900
v 0.021694 0.045048 0.047900
v 0.023693 0.044030 0.047900
v 0.025645 0.042922 0.047900
v 0.027545 0.041729 0.047900
v 0.029389 0.040451 0.047900
v 0.031174 0.039092 0.047900
v 0.032897 0.037654 0.047900
v 0.034553 0.036140 0.047900
v 0.036140 0.034553 0.047900
v 0.037654 0.032897 0.047900
v 0.039092 0.031174 0.047900
v 0.040451 0.029389 0.047900
v 0.041729 0.027545 0.047900
v 0.042922 0.025645 0.047900
v 0.044030 0.023693 0.047900
v 0.045048 0.021694 0.047900
v 0.045976 0.019651 0.047900
v 0.046812 0.017569 0.047900
v 0.047553 0.015451 0.047900
v 0.048198 0.013302 0.047900
v 0.048746 0.011126 0.047900
v 0.049196 0.008928 0.047900
v 0.049547 0.006712 0.047900
v 0.049799 0.004482 0.047900
v 0.049950 0.002243 0.047900
v 0.050000 -0.000000 0.047900
v 0.049950 -0.002243 0.047900
v 0.049799 -0.004482 0.047900
v 0.049547 -0.006712 0.047900
v 0.049196 -0.008928 0.047900
v 0.048746 -0.011126 0.047900
v 0.048198 -0.013302 0.047900
v 0.047553 -0.015451 0.047900
v 0.046812 -0.017569 0.047900
v 0.045976 -0.019651 0.047900
v 0.045048 -0.021694 0.047900
v 0.044030 -0.023693 0.047900
v 0.042922 -0.025645 0.047900
v 0.041729 -0.027545 0.047900
v 0.040451 -0.029389 0.047900
v 0.039092 -0.031174 0.047900
v 0.037654 -0.032897 0.047900
v 0.036140 -0.034553 0.047900
v 0.034553 -0.036140 0.047900
v 0.032897 -0.037654 0.047900
v 0.031174 -0.039092 0.047900
v 0.029389 -0.040451 0.047900
v 0.027545 -0.041729 0.047900
v 0.025645 -0.042922 0.047900
v 0.023693 -0.044030 0.047900
v 0.021694 -0.045048 0.047900
v 0.019651 -0.045976 0.047900
v 0.017569 -0.046812 0.047900
v 0.015451 -0.047553 0.047900
v 0.013302 -0.048198 0.047900
v 0.011126 -0.048746 0.047900
v 0.008928 -0.049196 0.047900
v 0.006712 -0.049547 0.047900
v 0.004482 -0.049799 0.047900
v 0.002243 -0.049950 0.047900
v 0.000000 -0.050000 0.047900
v -0.075000 -0.050000 0.047900
v -0.075000 -0.050000 0.044000
v -0.075000 0.050000 0.044000
v -0.075000 -0.034879 0.028879
v -0.075000 0.034879 0.028879
v -0.075000 0.034573 0.028521
v -0.075000 0.034327 0.028119
v -0.075000 -0.034327 0.028119
v -0.075000 -0.034573 0.028521
v -0.075000 -0.034147 0.027684
v -0.075000 0.034147 0.027684
v -0.075000 -0.034037 0.027227
v -0.075000 0.034037 0.027227
v -0.075000 -0.034000 0.026757
v -0.075000 0.034000 0.026757
v -0.075000 0.034000 0.018000
v -0.075000 0.029000 0.013000
v -0.075000 -0.029000 0.013000
v -0.075000 -0.034000 0.018000
v 0.000000 0.050000 0.044000
v -0.069000 0.042000 0.036000
v -0.069000 0.047000 0.041000
v -0.069000 0.042000 0.041000
v -0.061000 0.047000 0.041000
v -0.061000 0.042000 0.036000
v -0.061000 0.042000 0.041000
v -0.065000 0.046000 0.041000
v -0.065626 0.045951 0.041000
v -0.066236 0.045804 0.041000
v -0.061049 0.042626 0.041000
v -0.061196 0.043236 0.041000
v -0.061436 0.043816 0.041000
v -0.061764 0.044351 0.041000
v -0.062172 0.044828 0.041000
v -0.062649 0.045236 0.041000
v -0.063184 0.045564 0.041000
v -0.063764 0.045804 0.041000
v -0.064374 0.045951 0.041000
v -0.066816 0.045564 0.041000
v -0.067351 0.045236 0.041000
v -0.067828 0.044828 0.041000
v -0.068236 0.044351 0.041000
v -0.068564 0.043816 0.041000
v -0.068804 0.043236 0.041000
v -0.068951 0.042626 0.041000
v -0.014000 0.042000 0.036000
v -0.014000 0.047000 0.041000
v -0.014000 0.042000 0.041000
v -0.006000 0.047000 0.041000
v -0.006000 0.042000 0.036000
v -0.006000 0.042000 0.041000
v -0.010000 0.046000 0.041000
v -0.010626 0.045951 0.041000
v -0.011236 0.045804 0.041000
v -0.006049 0.042626 0.041000
v -0.006196 0.043236 0.041000
v -0.006436 0.043816 0.041000
v -0.006764 0.044351 0.041000
v -0.007172 0.044828 0.041000
v -0.007649 0.045236 0.041000
v -0.008184 0.045564 0.041000
v -0.008764 0.045804 0.041000
v -0.009374 0.045951 0.041000
v -0.011816 0.045564 0.041000
v -0.012351 0.045236 0.041000
v -0.012828 0.044828 0.041000
v -0.013236 0.044351 0.041000
v -0.013564 0.043816 0.041000
v -0.013804 0.043236 0.041000
v -0.013951 0.042626 0.041000
v -0.006000 -0.042000 0.036000
v -0.006000 -0.047000 0.041000
v -0.006000 -0.042000 0.041000
v -0.014000 -0.047000 0.041000
v -0.014000 -0.042000 0.036000
v -0.014000 -0.042000 0.041000
v -0.010000 -0.046000 0.041000
v -0.009374 -0.045951 0.041000
v -0.008764 -0.045804 0.041000
v -0.013951 -0.042626 0.041000
v -0.013804 -0.043236 0.041000
v -0.013564 -0.043816 0.041000
v -0.013236 -0.044351 0.041000
v -0.012828 -0.044828 0.041000
v -0.012351 -0.045236 0.041000
v -0.011816 -0.045564 0.041000
v -0.011236 -0.045804 0.041000
v -0.010626 -0.045951 0.041000
v -0.008184 -0.045564 0.041000
v -0.007649 -0.045236 0.041000
v -0.007172 -0.044828 0.041000
v -0.006764 -0.044351 0.041000
v -0.006436 -0.043816 0.041000
v -0.006196 -0.043236 0.041000
v -0.006049 -0.042626 0.041000
v -0.061000 -0.042000 0.036000
v -0.061000 -0.047000 0.041000
v -0.061000 -0.042000 0.041000
v -0.069000 -0.047000 0.041000
v -0.069000 -0.042000 0.036000
v -0.069000 -0.042000 0.041000
v -0.065000 -0.046000 0.041000
v -0.064374 -0.045951 0.041000
v -0.063764 -0.045804 0.041000
v -0.068951 -0.042626 0.041000
v -0.068804 -0.043236 0.041000
v -0.068564 -0.043816 0.041000
v -0.068236 -0.044351 0.041000
v -0.067828 -0.044828 0.041000
v -0.067351 -0.045236 0.041000
v -0.066816 -0.045564 0.041000
v -0.066236 -0.045804 0.041000
v -0.065626 -0.045951 0.041000
v -0.063184 -0.045564 0.041000
v -0.062649 -0.045236 0.041000
v -0.062172 -0.044828 0.041000
v -0.061764 -0.044351 0.041000
v -0.061436 -0.043816 0.041000
v -0.061196 -0.043236 0.041000
v -0.061049 -0.042626 0.041000
v 0.042000 0.004000 0.036190
v 0.046829 0.004000 0.041000
v 0.042000 0.004000 0.041000
v 0.046829 -0.004000 0.041000
v 0.042000 -0.004000 0.036190
v 0.042000 -0.004000 0.041000
v 0.042626 -0.003951 0.041000
v 0.043236 -0.003804 0.041000
v 0.043816 -0.003564 0.041000
v 0.044351 -0.003236 0.041000
v 0.044828 -0.002828 0.041000
v 0.045236 -0.002351 0.041000
v 0.045564 -0.001816 0.041000
v 0.046957 -0.002002 0.041000
v 0.045804 -0.001236 0.041000
v 0.045951 -0.000626 0.041000
v 0.047000 -0.000000 0.041000
v 0.046000 -0.000000 0.041000
v 0.045951 0.000626 0.041000
v 0.046957 0.002002 0.041000
v 0.045804 0.001236 0.041000
v 0.045564 0.001816 0.041000
v 0.045236 0.002351 0.041000
v 0.044828 0.002828 0.041000
v 0.044351 0.003236 0.041000
v 0.043816 0.003564 0.041000
v 0.043236 0.003804 0.041000
v 0.042626 0.003951 0.041000
v -0.013951 0.041374 0.045000
v -0.014000 0.042000 0.045000
v -0.013951 0.042626 0.045000
v -0.013804 0.043236 0.045000
v -0.013564 0.043816 0.045000
v -0.013236 0.044351 0.045000
v -0.012828 0.044828 0.045000
v -0.012351 0.045236 0.045000
v -0.011816 0.045564 0.045000
v -0.011236 0.045804 0.045000
v -0.010626 0.045951 0.045000
v -0.010000 0.046000 0.045000
v -0.009374 0.045951 0.045000
v -0.008764 0.045804 0.045000
v -0.008184 0.045564 0.045000
v -0.007649 0.045236 0.045000
v -0.007172 0.044828 0.045000
v -0.006764 0.044351 0.045000
v -0.006436 0.043816 0.045000
v -0.006196 0.043236 0.045000
v -0.006049 0.042626 0.045000
v -0.006000 0.042000 0.045000
v -0.006049 0.041374 0.045000
v -0.006196 0.040764 0.045000
v -0.006436 0.040184 0.045000
v -0.006764 0.039649 0.045000
v -0.007172 0.039172 0.045000
v -0.007649 0.038764 0.045000
v -0.008184 0.038436 0.045000
v -0.008764 0.038196 0.045000
v -0.009374 0.038049 0.045000
v -0.010000 0.038000 0.045000
v -0.010626 0.038049 0.045000
v -0.011236 0.038196 0.045000
v -0.011816 0.038436 0.045000
v -0.012351 0.038764 0.045000
v -0.012828 0.039172 0.045000
v -0.013236 0.039649 0.045000
v -0.013564 0.040184 0.045000
v -0.013804 0.040764 0.045000
v -0.068951 0.041374 0.045000
v -0.069000 0.042000 0.045000
v -0.068951 0.042626 0.045000
v -0.068804 0.043236 0.045000
v -0.068564 0.043816 0.045000
v -0.068236 0.044351 0.045000
v -0.067828 0.044828 0.045000
v -0.067351 0.045236 0.045000
v -0.066816 0.045564 0.045000
v -0.066236 0.045804 0.045000
v -0.065626 0.045951 0.045000
v -0.065000 0.046000 0.045000
v -0.064374 0.045951 0.045000
v -0.063764 0.045804 0.045000
v -0.063184 0.045564 0.045000
v -0.062649 0.045236 0.045000
v -0.062172 0.044828 0.045000
v -0.061764 0.044351 0.045000
v -0.061436 0.043816 0.045000
v -0.061196 0.043236 0.045000
v -0.061049 0.042626 0.045000
v -0.061000 0.042000 0.045000
v -0.061049 0.041374 0.045000
v -0.061196 0.040764 0.045000
v -0.061436 0.040184 0.045000
v -0.061764 0.039649 0.045000
v -0.062172 0.039172 0.045000
v -0.062649 0.038764 0.045000
v -0.063184 0.038436 0.045000
v -0.063764 0.038196 0.045000
v -0.064374 0.038049 0.045000
v -0.065000 0.038000 0.045000
v -0.065626 0.038049 0.045000
v -0.066236 0.038196 0.045000
v -0.066816 0.038436 0.045000
v -0.067351 0.038764 0.045000
v -0.067828 0.039172 0.045000
v -0.068236 0.039649 0.045000
v -0.068564 0.040184 0.045000
v -0.068804 0.040764 0.045000
v -0.068951 -0.042626 0.045000
v -0.069000 -0.042000 0.045000
v -0.068951 -0.041374 0.045000
v -0.068804 -0.040764 0.045000
v -0.068564 -0.040184 0.045000
v -0.068236 -0.039649 0.045000
v -0.067828 -0.039172 0.045000
v -0.067351 -0.038764 0.045000
v -0.066816 -0.038436 0.045000
v -0.066236 -0.038196 0.045000
v -0.065626 -0.038049 0.045000
v -0.065000 -0.038000 0.045000
v -0.064374 -0.038049 0.045000
v -0.063764 -0.038196 0.045000
v -0.063184 -0.038436 0.045000
v -0.062649 -0.038764 0.045000
v -0.062172 -0.039172 0.045000
v -0.061764 -0.039649 0.045000
v -0.061436 -0.040184 0.045000
v -0.061196 -0.040764 0.045000
v -0.061049 -0.041374 0.045000
v -0.061000 -0.042000 0.045000
v -0.061049 -0.042626 0.045000
v -0.061196 -0.043236 0.045000
v -0.061436 -0.043816 0.045000
v -0.061764 -0.044351 0.045000
v -0.062172 -0.044828 0.045000
v -0.062649 -0.045236 0.045000
v -0.063184 -0.045564 0.045000
v -0.063764 -0.045804 0.045000
v -0.064374 -0.045951 0.045000
v -0.065000 -0.046000 0.045000
v -0.065626 -0.045951 0.045000
v -0.066236 -0.045804 0.045000
v -0.066816 -0.045564 0.045000
v -0.067351 -0.045236 0.045000
v -0.067828 -0.044828 0.045000
v -0.068236 -0.044351 0.045000
v -0.068564 -0.043816 0.045000
v -0.068804 -0.043236 0.045000
v -0.068981 -0.041608 0.035608
v -0.061019 -0.041608 0.035608
v -0.061077 -0.041220 0.035220
v -0.061172 -0.040839 0.034839
v -0.061304 -0.040469 0.034469
v -0.061472 -0.040114 0.034114
v -0.061674 -0.039778 0.033778
v -0.061908 -0.039462 0.033462
v -0.062172 -0.039172 0.033172
v -0.062462 -0.038908 0.032908
v -0.062778 -0.038674 0.032674
v -0.063114 -0.038472 0.032472
v -0.063469 -0.038304 0.032304
v -0.063839 -0.038172 0.032172
v -0.064220 -0.038077 0.032077
v -0.064608 -0.038019 0.032019
v -0.065000 -0.038000 0.032000
v -0.065392 -0.038019 0.032019
v -0.065780 -0.038077 0.032077
v -0.066161 -0.038172 0.032172
v -0.066531 -0.038304 0.032304
v -0.066886 -0.038472 0.032472
v -0.067222 -0.038674 0.032674
v -0.067538 -0.038908 0.032908
v -0.067828 -0.039172 0.033172
v -0.068092 -0.039462 0.033462
v -0.068326 -0.039778 0.033778
v -0.068528 -0.040114 0.034114
v -0.068696 -0.040469 0.034469
v -0.068828 -0.040839 0.034839
v -0.068923 -0.041220 0.035220
v -0.013951 -0.042626 0.045000
v -0.014000 -0.042000 0.045000
v -0.013951 -0.041374 0.045000
v -0.013804 -0.040764 0.045000
v -0.013564 -0.040184 0.045000
v -0.013236 -0.039649 0.045000
v -0.012828 -0.039172 0.045000
v -0.012351 -0.038764 0.045000
v -0.011816 -0.038436 0.045000
v -0.011236 -0.038196 0.045000
v -0.010626 -0.038049 0.045000
v -0.010000 -0.038000 0.045000
v -0.009374 -0.038049 0.045000
v -0.008764 -0.038196 0.045000
v -0.008184 -0.038436 0.045000
v -0.007649 -0.038764 0.045000
v -0.007172 -0.039172 0.045000
v -0.006764 -0.039649 0.045000
v -0.006436 -0.040184 0.045000
v -0.006196 -0.040764 0.045000
v -0.006049 -0.041374 0.045000
v -0.006000 -0.042000 0.045000
v -0.006049 -0.042626 0.045000
v -0.006196 -0.043236 0.045000
v -0.006436 -0.043816 0.045000
v -0.006764 -0.044351 0.045000
v -0.007172 -0.044828 0.045000
v -0.007649 -0.045236 0.045000
v -0.008184 -0.045564 0.045000
v -0.008764 -0.045804 0.045000
v -0.009374 -0.045951 0.045000
v -0.010000 -0.046000 0.045000
v -0.010626 -0.045951 0.045000
v -0.011236 -0.045804 0.045000
v -0.011816 -0.045564 0.045000
v -0.012351 -0.045236 0.045000
v -0.012828 -0.044828 0.045000
v -0.013236 -0.044351 0.045000
v -0.013564 -0.043816 0.045000
v -0.013804 -0.043236 0.045000
v -0.013981 -0.041608 0.035608
v -0.006019 -0.041608 0.035608
v -0.006077 -0.041220 0.035220
v -0.006172 -0.040839 0.034839
v -0.006304 -0.040469 0.034469
v -0.006472 -0.040114 0.034114
v -0.006674 -0.039778 0.033778
v -0.006908 -0.039462 0.033462
v -0.007172 -0.039172 0.033172
v -0.007462 -0.038908 0.032908
v -0.007778 -0.038674 0.032674
v -0.008114 -0.038472 0.032472
v -0.008469 -0.038304 0.032304
v -0.008839 -0.038172 0.032172
v -0.009220 -0.038077 0.032077
v -0.009608 -0.038019 0.032019
v -0.010000 -0.038000 0.032000
v -0.010392 -0.038019 0.032019
v -0.010780 -0.038077 0.032077
v -0.011161 -0.038172 0.032172
v -0.011531 -0.038304 0.032304
v -0.011886 -0.038472 0.032472
v -0.012222 -0.038674 0.032674
v -0.012538 -0.038908 0.032908
v -0.012828 -0.039172 0.033172
v -0.013092 -0.039462 0.033462
v -0.013326 -0.039778 0.033778
v -0.013528 -0.040114 0.034114
v -0.013696 -0.040469 0.034469
v -0.013828 -0.040839 0.034839
v -0.013923 -0.041220 0.035220
v 0.038049 -0.000626 0.045000
v 0.038000 -0.000000 0.045000
v 0.038049 0.000626 0.045000
v 0.038196 0.001236 0.045000
v 0.038436 0.001816 0.045000
v 0.038764 0.002351 0.045000
v 0.039172 0.002828 0.045000
v 0.039649 0.003236 0.045000
v 0.040184 0.003564 0.045000
v 0.040764 0.003804 0.045000
v 0.041374 0.003951 0.045000
v 0.042000 0.004000 0.045000
v 0.042626 0.003951 0.045000
v 0.043236 0.003804 0.045000
v 0.043816 0.003564 0.045000
v 0.044351 0.003236 0.045000
v 0.044828 0.002828 0.045000
v 0.045236 0.002351 0.045000
v 0.045564 0.001816 0.045000
v 0.045804 0.001236 0.045000
v 0.045951 0.000626 0.045000
v 0.046000 -0.000000 0.045000
v 0.045951 -0.000626 0.045000
v 0.045804 -0.001236 0.045000
v 0.045564 -0.001816 0.045000
v 0.045236 -0.002351 0.045000
v 0.044828 -0.002828 0.045000
v 0.044351 -0.003236 0.045000
v 0.043816 -0.003564 0.045000
v 0.043236 -0.003804 0.045000
v 0.042626 -0.003951 0.045000
v 0.042000 -0.004000 0.045000
v 0.041374 -0.003951 0.045000
v 0.040764 -0.003804 0.045000
v 0.040184 -0.003564 0.045000
v 0.039649 -0.003236 0.045000
v 0.039172 -0.002828 0.045000
v 0.038764 -0.002351 0.045000
v 0.038436 -0.001816 0.045000
v 0.038196 -0.001236 0.045000
v -0.065625 0.034037 0.027227
v -0.056250 0.034037 0.027227
v -0.046875 0.034037 0.027227
v -0.046875 0.034147 0.027684
v -0.037500 0.034147 0.027684
v -0.037500 0.034327 0.028119
v -0.028125 0.034327 0.028119
v -0.028125 0.034573 0.028521
v -0.018750 0.034573 0.028521
v 0.000000 0.034879 0.028879
v -0.009375 0.034573 0.028521
v 0.000000 0.034573 0.028521
v -0.009375 0.034327 0.028119
v 0.000000 0.034327 0.028119
v -0.009375 0.034147 0.027684
v 0.000000 0.034147 0.027684
v -0.009375 0.034037 0.027227
v 0.000000 0.034037 0.027227
v 0.000000 0.034000 0.026757
v -0.065625 0.034147 0.027684
v -0.065625 0.034327 0.028119
v -0.065625 0.034573 0.028521
v -0.037500 0.034573 0.028521
v -0.046875 0.034573 0.028521
v -0.056250 0.034573 0.028521
v -0.056250 0.034327 0.028119
v -0.037500 0.034037 0.027227
v -0.028125 0.034037 0.027227
v -0.018750 0.034037 0.027227
v -0.018750 0.034147 0.027684
v -0.056250 0.034147 0.027684
v -0.028125 0.034147 0.027684
v -0.046875 0.034327 0.028119
v -0.018750 0.034327 0.028119
v 0.001856 -0.034829 0.028879
v 0.000000 -0.034879 0.028879
v 0.001723 -0.034530 0.028521
v 0.000000 -0.034573 0.028521
v 0.000000 -0.034327 0.028119
v 0.001711 -0.034284 0.028119
v 0.000000 -0.034147 0.027684
v 0.001702 -0.034104 0.027684
v 0.000000 -0.034037 0.027227
v 0.001697 -0.033995 0.027227
v 0.000000 -0.034000 0.026757
v 0.001841 -0.033950 0.026757
v 0.003389 -0.033868 0.027227
v 0.003676 -0.033801 0.026757
v 0.005073 -0.033657 0.027227
v 0.005501 -0.033552 0.026757
v 0.006744 -0.033362 0.027227
v 0.007309 -0.033205 0.026757
v 0.008399 -0.032984 0.027227
v 0.009096 -0.032761 0.026757
v 0.010033 -0.032525 0.027227
v 0.010856 -0.032220 0.026757
v 0.011641 -0.031984 0.027227
v 0.012585 -0.031585 0.026757
v 0.013221 -0.031364 0.027227
v 0.014276 -0.030858 0.026757
v 0.014768 -0.030666 0.027227
v 0.015926 -0.030039 0.026757
v 0.016278 -0.029892 0.027227
v 0.017529 -0.029133 0.026757
v 0.017748 -0.029043 0.027227
v 0.019080 -0.028141 0.026757
v 0.019174 -0.028123 0.027227
v 0.020576 -0.027067 0.026757
v 0.020552 -0.027132 0.027227
v 0.021879 -0.026074 0.027227
v 0.021949 -0.026158 0.027684
v 0.023226 -0.025031 0.027684
v 0.023348 -0.025163 0.028119
v 0.024574 -0.023968 0.028119
v 0.024750 -0.024140 0.028521
v 0.025922 -0.022876 0.028521
v 0.024989 -0.024332 0.028879
v 0.026249 -0.022968 0.028879
v 0.027030 -0.021556 0.028521
v 0.027434 -0.021538 0.028879
v 0.028071 -0.020182 0.028521
v 0.028541 -0.020048 0.028879
v 0.029042 -0.018757 0.028521
v 0.029568 -0.018500 0.028879
v 0.029941 -0.017286 0.028521
v 0.030511 -0.016900 0.028879
v 0.030765 -0.015773 0.028521
v 0.031367 -0.015253 0.028879
v 0.031513 -0.014219 0.028521
v 0.032134 -0.013562 0.028879
v 0.032183 -0.012631 0.028521
v 0.032810 -0.011832 0.028879
v 0.032773 -0.011011 0.028521
v 0.033394 -0.010069 0.028879
v 0.033281 -0.009364 0.028521
v 0.033882 -0.008278 0.028879
v 0.033706 -0.007693 0.028521
v 0.034275 -0.006463 0.028879
v 0.034048 -0.006004 0.028521
v 0.034570 -0.004629 0.028879
v 0.034305 -0.004299 0.028521
v 0.034767 -0.002783 0.028879
v 0.034476 -0.002584 0.028521
v 0.034866 -0.000928 0.028879
v 0.034562 -0.000862 0.028521
v 0.034562 0.000862 0.028521
v 0.034316 -0.000856 0.028119
v 0.034316 0.000856 0.028119
v 0.034136 -0.000851 0.027684
v 0.034136 0.000851 0.027684
v 0.034026 -0.000849 0.027227
v 0.034026 0.000849 0.027227
v 0.034000 -0.000000 0.026757
v 0.033950 0.001841 0.026757
v 0.022011 -0.025914 0.026757
v 0.023151 -0.024951 0.027227
v 0.024445 -0.023843 0.027684
v 0.025738 -0.022714 0.028119
v 0.023382 -0.024684 0.026757
v 0.024366 -0.023766 0.027227
v 0.025603 -0.022594 0.027684
v 0.026838 -0.021403 0.028119
v 0.024684 -0.023382 0.026757
v 0.025520 -0.022522 0.027227
v 0.026697 -0.021290 0.027684
v 0.027871 -0.020038 0.028119
v 0.025914 -0.022011 0.026757
v 0.026611 -0.021222 0.027227
v 0.027725 -0.019933 0.027684
v 0.028836 -0.018624 0.028119
v 0.027067 -0.020576 0.026757
v 0.027636 -0.019869 0.027227
v 0.028684 -0.018526 0.027684
v 0.029728 -0.017163 0.028119
v 0.028141 -0.019080 0.026757
v 0.028592 -0.018467 0.027227
v 0.029572 -0.017073 0.027684
v 0.030547 -0.015660 0.028119
v 0.029133 -0.017529 0.026757
v 0.029477 -0.017018 0.027227
v 0.030386 -0.015578 0.027684
v 0.031289 -0.014118 0.028119
v 0.030039 -0.015926 0.026757
v 0.030289 -0.015528 0.027227
v 0.031125 -0.014044 0.027684
v 0.031954 -0.012541 0.028119
v 0.030858 -0.014276 0.026757
v 0.031025 -0.013999 0.027227
v 0.031786 -0.012475 0.027684
v 0.032539 -0.010933 0.028119
v 0.031585 -0.012585 0.026757
v 0.031684 -0.012435 0.027227
v 0.032369 -0.010875 0.027684
v 0.033044 -0.009297 0.028119
v 0.032220 -0.010856 0.026757
v 0.032265 -0.010840 0.027227
v 0.032871 -0.009248 0.027684
v 0.033466 -0.007638 0.028119
v 0.032765 -0.009219 0.027227
v 0.032761 -0.009096 0.026757
v 0.033184 -0.007574 0.027227
v 0.033205 -0.007309 0.026757
v 0.033520 -0.005910 0.027227
v 0.033552 -0.005501 0.026757
v 0.033773 -0.004232 0.027227
v 0.033801 -0.003676 0.026757
v 0.033942 -0.002544 0.027227
v 0.033950 -0.001841 0.026757
v 0.033942 0.002544 0.027227
v 0.033801 0.003676 0.026757
v 0.033773 0.004232 0.027227
v 0.033552 0.005501 0.026757
v 0.033520 0.005910 0.027227
v 0.033205 0.007309 0.026757
v 0.033184 0.007574 0.027227
v 0.032761 0.009096 0.026757
v 0.032765 0.009219 0.027227
v 0.032220 0.010856 0.026757
v 0.032265 0.010840 0.027227
v 0.031684 0.012435 0.027227
v 0.031786 0.012475 0.027684
v 0.031125 0.014044 0.027684
v 0.031289 0.014118 0.028119
v 0.030547 0.015660 0.028119
v 0.030765 0.015773 0.028521
v 0.029941 0.017286 0.028521
v 0.030511 0.016900 0.028879
v 0.029568 0.018500 0.028879
v 0.029042 0.018757 0.028521
v 0.028541 0.020048 0.028879
v 0.028071 0.020182 0.028521
v 0.027434 0.021538 0.028879
v 0.027030 0.021556 0.028521
v 0.026249 0.022968 0.028879
v 0.025922 0.022876 0.028521
v 0.024989 0.024332 0.028879
v 0.024750 0.024140 0.028521
v 0.023516 0.025344 0.028521
v 0.024574 0.023968 0.028119
v 0.023348 0.025163 0.028119
v 0.024445 0.023843 0.027684
v 0.023226 0.025031 0.027684
v 0.024366 0.023766 0.027227
v 0.023151 0.024951 0.027227
v 0.023382 0.024684 0.026757
v 0.022011 0.025914 0.026757
v 0.031585 0.012585 0.026757
v 0.031025 0.013999 0.027227
v 0.030386 0.015578 0.027684
v 0.029728 0.017163 0.028119
v 0.030858 0.014276 0.026757
v 0.030289 0.015528 0.027227
v 0.029572 0.017073 0.027684
v 0.028836 0.018624 0.028119
v 0.030039 0.015926 0.026757
v 0.029477 0.017018 0.027227
v 0.028684 0.018526 0.027684
v 0.027871 0.020038 0.028119
v 0.029133 0.017529 0.026757
v 0.028592 0.018467 0.027227
v 0.027725 0.019933 0.027684
v 0.026838 0.021403 0.028119
v 0.028141 0.019080 0.026757
v 0.027636 0.019869 0.027227
v 0.026697 0.021290 0.027684
v 0.025738 0.022714 0.028119
v 0.027067 0.020576 0.026757
v 0.026611 0.021222 0.027227
v 0.025603 0.022594 0.027684
v 0.025914 0.022011 0.026757
v 0.025520 0.022522 0.027227
v 0.024684 0.023382 0.026757
v 0.021879 0.026074 0.027227
v 0.020576 0.027067 0.026757
v 0.020552 0.027132 0.027227
v 0.019174 0.028123 0.027227
v 0.019236 0.028213 0.027684
v 0.017805 0.029137 0.027684
v 0.017899 0.029291 0.028119
v 0.016417 0.030147 0.028119
v 0.016535 0.030363 0.028521
v 0.015001 0.031149 0.028521
v 0.016082 0.030950 0.028879
v 0.014412 0.031762 0.028879
v 0.013429 0.031858 0.028521
v 0.012701 0.032484 0.028879
v 0.011825 0.032488 0.028521
v 0.010955 0.033114 0.028879
v 0.010191 0.033037 0.028521
v 0.009177 0.033650 0.028879
v 0.008531 0.033504 0.028521
v 0.007373 0.034091 0.028879
v 0.006850 0.033887 0.028521
v 0.005548 0.034435 0.028879
v 0.005153 0.034187 0.028521
v 0.003707 0.034681 0.028879
v 0.003442 0.034401 0.028521
v 0.001856 0.034829 0.028879
v 0.001723 0.034530 0.028521
v 0.001711 0.034284 0.028119
v 0.001702 0.034104 0.027684
v 0.001697 0.033995 0.027227
v 0.001841 0.033950 0.026757
v 0.003389 0.033868 0.027227
v 0.003676 0.033801 0.026757
v 0.005073 0.033657 0.027227
v 0.005501 0.033552 0.026757
v 0.006744 0.033362 0.027227
v 0.007309 0.033205 0.026757
v 0.008399 0.032984 0.027227
v 0.009096 0.032761 0.026757
v 0.010033 0.032525 0.027227
v 0.010856 0.032220 0.026757
v 0.011641 0.031984 0.027227
v 0.012585 0.031585 0.026757
v 0.013221 0.031364 0.027227
v 0.014276 0.030858 0.026757
v 0.014768 0.030666 0.027227
v 0.015926 0.030039 0.026757
v 0.016278 0.029892 0.027227
v 0.017529 0.029133 0.026757
v 0.017748 0.029043 0.027227
v 0.019080 0.028141 0.026757
v 0.017707 0.030050 0.028879
v 0.018028 0.029501 0.028521
v 0.019337 0.028362 0.028119
v 0.020618 0.027220 0.027684
v 0.019281 0.029065 0.028879
v 0.019476 0.028566 0.028521
v 0.020727 0.027363 0.028119
v 0.021949 0.026158 0.027684
v 0.020801 0.027998 0.028879
v 0.020875 0.027559 0.028521
v 0.022065 0.026296 0.028119
v 0.022261 0.026851 0.028879
v 0.022223 0.026484 0.028521
v 0.023659 0.025628 0.028879
v 0.031367 0.015253 0.028879
v 0.031513 0.014219 0.028521
v 0.031954 0.012541 0.028119
v 0.032369 0.010875 0.027684
v 0.032134 0.013562 0.028879
v 0.032183 0.012631 0.028521
v 0.032539 0.010933 0.028119
v 0.032871 0.009248 0.027684
v 0.032810 0.011832 0.028879
v 0.032773 0.011011 0.028521
v 0.033044 0.009297 0.028119
v 0.033291 0.007598 0.027684
v 0.033394 0.010069 0.028879
v 0.033281 0.009364 0.028521
v 0.033466 0.007638 0.028119
v 0.033628 0.005930 0.027684
v 0.033882 0.008278 0.028879
v 0.033706 0.007693 0.028521
v 0.033805 0.005961 0.028119
v 0.033882 0.004246 0.027684
v 0.034275 0.006463 0.028879
v 0.034048 0.006004 0.028521
v 0.034061 0.004268 0.028119
v 0.034051 0.002552 0.027684
v 0.034570 0.004629 0.028879
v 0.034305 0.004299 0.028521
v 0.034231 0.002565 0.028119
v 0.034767 0.002783 0.028879
v 0.034476 0.002584 0.028521
v 0.034866 0.000928 0.028879
v 0.023659 -0.025628 0.028879
v 0.023516 -0.025344 0.028521
v 0.022065 -0.026296 0.028119
v 0.020618 -0.027220 0.027684
v 0.022223 -0.026484 0.028521
v 0.022261 -0.026851 0.028879
v 0.020875 -0.027559 0.028521
v 0.020801 -0.027998 0.028879
v 0.019476 -0.028566 0.028521
v 0.019281 -0.029065 0.028879
v 0.018028 -0.029501 0.028521
v 0.017707 -0.030050 0.028879
v 0.016535 -0.030363 0.028521
v 0.016082 -0.030950 0.028879
v 0.015001 -0.031149 0.028521
v 0.014412 -0.031762 0.028879
v 0.013429 -0.031858 0.028521
v 0.012701 -0.032484 0.028879
v 0.011825 -0.032488 0.028521
v 0.010955 -0.033114 0.028879
v 0.010191 -0.033037 0.028521
v 0.009177 -0.033650 0.028879
v 0.008531 -0.033504 0.028521
v 0.007373 -0.034091 0.028879
v 0.006850 -0.033887 0.028521
v 0.005548 -0.034435 0.028879
v 0.005153 -0.034187 0.028521
v 0.003707 -0.034681 0.028879
v 0.003442 -0.034401 0.028521
v 0.003400 -0.033977 0.027684
v 0.005089 -0.033765 0.027684
v 0.006766 -0.033470 0.027684
v 0.008426 -0.033091 0.027684
v 0.010065 -0.032630 0.027684
v 0.011679 -0.032088 0.027684
v 0.013264 -0.031465 0.027684
v 0.014816 -0.030765 0.027684
v 0.016331 -0.029988 0.027684
v 0.017805 -0.029137 0.027684
v 0.019236 -0.028213 0.027684
v 0.003418 -0.034156 0.028119
v 0.005116 -0.033944 0.028119
v 0.006802 -0.033646 0.028119
v 0.008470 -0.033265 0.028119
v 0.010118 -0.032802 0.028119
v 0.011741 -0.032257 0.028119
v 0.013334 -0.031631 0.028119
v 0.014894 -0.030928 0.028119
v 0.016417 -0.030147 0.028119
v 0.017899 -0.029291 0.028119
v 0.019337 -0.028362 0.028119
v 0.020727 -0.027363 0.028119
v 0.033291 -0.007598 0.027684
v 0.033805 -0.005961 0.028119
v 0.033628 -0.005930 0.027684
v 0.033882 -0.004246 0.027684
v 0.034051 -0.002552 0.027684
v 0.034061 -0.004268 0.028119
v 0.034231 -0.002565 0.028119
v 0.016331 0.029988 0.027684
v 0.014894 0.030928 0.028119
v 0.014816 0.030765 0.027684
v 0.013334 0.031631 0.028119
v 0.013264 0.031465 0.027684
v 0.011741 0.032257 0.028119
v 0.011679 0.032088 0.027684
v 0.010118 0.032802 0.028119
v 0.010065 0.032630 0.027684
v 0.008470 0.033265 0.028119
v 0.008426 0.033091 0.027684
v 0.006802 0.033646 0.028119
v 0.006766 0.033470 0.027684
v 0.005116 0.033944 0.028119
v 0.005089 0.033765 0.027684
v 0.003418 0.034156 0.028119
v 0.003400 0.033977 0.027684
v -0.065625 -0.034573 0.028521
v -0.056250 -0.034573 0.028521
v -0.046875 -0.034573 0.028521
v -0.046875 -0.034327 0.028119
v -0.037500 -0.034327 0.028119
v -0.037500 -0.034147 0.027684
v -0.028125 -0.034147 0.027684
v -0.028125 -0.034037 0.027227
v -0.018750 -0.034037 0.027227
v -0.009375 -0.034037 0.027227
v -0.009375 -0.034147 0.027684
v -0.009375 -0.034327 0.028119
v -0.009375 -0.034573 0.028521
v -0.065625 -0.034327 0.028119
v -0.065625 -0.034147 0.027684
v -0.065625 -0.034037 0.027227
v -0.037500 -0.034037 0.027227
v -0.046875 -0.034037 0.027227
v -0.056250 -0.034037 0.027227
v -0.056250 -0.034147 0.027684
v -0.037500 -0.034573 0.028521
v -0.028125 -0.034573 0.028521
v -0.018750 -0.034573 0.028521
v -0.018750 -0.034327 0.028119
v -0.056250 -0.034327 0.028119
v -0.028125 -0.034327 0.028119
v -0.046875 -0.034147 0.027684
v -0.018750 -0.034147 0.027684
v 0.000000 0.034000 0.018000
v 0.000000 0.029000 0.013000
v 0.000000 -0.034000 0.018000
v 0.000000 -0.029000 0.013000
v 0.001841 -0.033950 0.018000
v 0.001718 -0.028949 0.013000
v 0.003676 -0.033801 0.018000
v 0.003430 -0.028796 0.013000
v 0.005501 -0.033552 0.018000
v 0.005130 -0.028543 0.013000
v 0.007309 -0.033205 0.018000
v 0.006812 -0.028189 0.013000
v 0.009096 -0.032761 0.018000
v 0.008470 -0.027736 0.013000
v 0.010856 -0.032220 0.018000
v 0.010098 -0.027185 0.013000
v 0.012585 -0.031585 0.018000
v 0.011691 -0.026539 0.013000
v 0.014276 -0.030858 0.018000
v 0.013242 -0.025800 0.013000
v 0.015926 -0.030039 0.018000
v 0.014747 -0.024970 0.013000
v 0.017529 -0.029133 0.018000
v 0.016201 -0.024053 0.013000
v 0.019080 -0.028141 0.018000
v 0.017597 -0.023051 0.013000
v 0.020576 -0.027067 0.018000
v 0.022011 -0.025914 0.018000
v 0.018932 -0.021968 0.013000
v 0.023382 -0.024684 0.018000
v 0.020200 -0.020808 0.013000
v 0.024684 -0.023382 0.018000
v 0.021397 -0.019575 0.013000
v 0.025914 -0.022011 0.018000
v 0.022519 -0.018273 0.013000
v 0.027067 -0.020576 0.018000
v 0.023562 -0.016906 0.013000
v 0.028141 -0.019080 0.018000
v 0.024522 -0.015481 0.013000
v 0.029133 -0.017529 0.018000
v 0.025396 -0.014001 0.013000
v 0.030039 -0.015926 0.018000
v 0.026181 -0.012472 0.013000
v 0.030858 -0.014276 0.018000
v 0.026874 -0.010899 0.013000
v 0.031585 -0.012585 0.018000
v 0.027472 -0.009288 0.013000
v 0.032220 -0.010856 0.018000
v 0.032761 -0.009096 0.018000
v 0.027974 -0.007644 0.013000
v 0.033205 -0.007309 0.018000
v 0.028378 -0.005973 0.013000
v 0.033552 -0.005501 0.018000
v 0.028682 -0.004282 0.013000
v 0.033801 -0.003676 0.018000
v 0.028885 -0.002575 0.013000
v 0.033950 -0.001841 0.018000
v 0.028987 -0.000859 0.013000
v 0.034000 -0.000000 0.018000
v 0.028987 0.000859 0.013000
v 0.033950 0.001841 0.018000
v 0.028885 0.002575 0.013000
v 0.033801 0.003676 0.018000
v 0.028682 0.004282 0.013000
v 0.033552 0.005501 0.018000
v 0.028378 0.005973 0.013000
v 0.033205 0.007309 0.018000
v 0.027974 0.007644 0.013000
v 0.032761 0.009096 0.018000
v 0.027472 0.009288 0.013000
v 0.032220 0.010856 0.018000
v 0.031585 0.012585 0.018000
v 0.026874 0.010899 0.013000
v 0.030858 0.014276 0.018000
v 0.026181 0.012472 0.013000
v 0.030039 0.015926 0.018000
v 0.025396 0.014001 0.013000
v 0.029133 0.017529 0.018000
v 0.024522 0.015481 0.013000
v 0.028141 0.019080 0.018000
v 0.023562 0.016906 0.013000
v 0.027067 0.020576 0.018000
v 0.022519 0.018273 0.013000
v 0.025914 0.022011 0.018000
v 0.021397 0.019575 0.013000
v 0.024684 0.023382 0.018000
v 0.020200 0.020808 0.013000
v 0.023382 0.024684 0.018000
v 0.018932 0.021968 0.013000
v 0.022011 0.025914 0.018000
v 0.017597 0.023051 0.013000
v 0.020576 0.027067 0.018000
v 0.019080 0.028141 0.018000
v 0.016201 0.024053 0.013000
v 0.017529 0.029133 0.018000
v 0.014747 0.024970 0.013000
v 0.015926 0.030039 0.018000
v 0.013242 0.025800 0.013000
v 0.014276 0.030858 0.018000
v 0.011691 0.026539 0.013000
v 0.012585 0.031585 0.018000
v 0.010098 0.027185 0.013000
v 0.010856 0.032220 0.018000
v 0.008470 0.027736 0.013000
v 0.009096 0.032761 0.018000
v 0.006812 0.028189 0.013000
v 0.007309 0.033205 0.018000
v 0.005130 0.028543 0.013000
v 0.005501 0.033552 0.018000
v 0.003430 0.028796 0.013000
v 0.003676 0.033801 0.018000
v 0.001718 0.028949 0.013000
v 0.001841 0.033950 0.018000
v -0.010780 0.038077 0.032077
v -0.010392 0.038019 0.032019
v -0.010000 0.038000 0.032000
v -0.068981 0.041608 0.035608
v -0.068923 0.041220 0.035220
v -0.061019 0.041608 0.035608
v -0.013981 0.041608 0.035608
v -0.061077 0.041220 0.035220
v -0.013923 0.041220 0.035220
v -0.061172 0.040839 0.034839
v -0.013828 0.040839 0.034839
v -0.061304 0.040469 0.034469
v -0.013696 0.040469 0.034469
v -0.061472 0.040114 0.034114
v -0.013528 0.040114 0.034114
v -0.061674 0.039778 0.033778
v -0.013326 0.039778 0.033778
v -0.061908 0.039462 0.033462
v -0.013092 0.039462 0.033462
v -0.062172 0.039172 0.033172
v -0.012828 0.039172 0.033172
v -0.062462 0.038908 0.032908
v -0.012538 0.038908 0.032908
v -0.062778 0.038674 0.032674
v -0.012222 0.038674 0.032674
v -0.063114 0.038472 0.032472
v -0.011886 0.038472 0.032472
v -0.063469 0.038304 0.032304
v -0.011531 0.038304 0.032304
v -0.063839 0.038172 0.032172
v -0.011161 0.038172 0.032172
v -0.064220 0.038077 0.032077
v -0.068828 0.040839 0.034839
v -0.068696 0.040469 0.034469
v -0.068528 0.040114 0.034114
v -0.068326 0.039778 0.033778
v -0.068092 0.039462 0.033462
v -0.067828 0.039172 0.033172
v -0.067538 0.038908 0.032908
v -0.067222 0.038674 0.032674
v -0.066886 0.038472 0.032472
v -0.066531 0.038304 0.032304
v -0.066161 0.038172 0.032172
v -0.065780 0.038077 0.032077
v -0.065392 0.038019 0.032019
v -0.065000 0.038000 0.032000
v -0.064608 0.038019 0.032019
v -0.009608 0.038019 0.032019
v -0.009220 0.038077 0.032077
v -0.008839 0.038172 0.032172
v -0.008469 0.038304 0.032304
v -0.008114 0.038472 0.032472
v -0.007778 0.038674 0.032674
v -0.007462 0.038908 0.032908
v -0.007172 0.039172 0.033172
v -0.006908 0.039462 0.033462
v -0.006674 0.039778 0.033778
v -0.006472 0.040114 0.034114
v -0.006304 0.040469 0.034469
v -0.006172 0.040839 0.034839
v -0.006077 0.041220 0.035220
v -0.006019 0.041608 0.035608
v 0.000000 -0.050000 0.044000
v 0.002243 -0.049950 0.044000
v 0.004482 -0.049799 0.044000
v 0.006712 -0.049547 0.044000
v 0.008928 -0.049196 0.044000
v 0.011126 -0.048746 0.044000
v 0.013302 -0.048198 0.044000
v 0.015451 -0.047553 0.044000
v 0.017569 -0.046812 0.044000
v 0.019651 -0.045976 0.044000
v 0.021694 -0.045048 0.044000
v 0.023693 -0.044030 0.044000
v 0.025645 -0.042922 0.044000
v 0.027545 -0.041729 0.044000
v 0.029389 -0.040451 0.044000
v 0.031174 -0.039092 0.044000
v 0.032897 -0.037654 0.044000
v 0.034553 -0.036140 0.044000
v 0.036140 -0.034553 0.044000
v 0.037654 -0.032897 0.044000
v 0.039092 -0.031174 0.044000
v 0.040451 -0.029389 0.044000
v 0.041729 -0.027545 0.044000
v 0.042922 -0.025645 0.044000
v 0.044030 -0.023693 0.044000
v 0.045048 -0.021694 0.044000
v 0.045976 -0.019651 0.044000
v 0.046812 -0.017569 0.044000
v 0.047553 -0.015451 0.044000
v 0.048198 -0.013302 0.044000
v 0.048746 -0.011126 0.044000
v 0.049196 -0.008928 0.044000
v 0.049547 -0.006712 0.044000
v 0.041665 -0.003986 0.035855
v 0.040662 -0.003769 0.034837
v 0.040999 -0.003872 0.035182
v 0.041335 -0.003944 0.035523
v 0.038421 -0.001785 0.032463
v 0.038633 -0.002158 0.032693
v 0.038866 -0.002486 0.032946
v 0.038000 -0.000000 0.032000
v 0.038007 -0.000233 0.032008
v 0.038028 -0.000467 0.032031
v 0.038421 0.001785 0.032463
v 0.038243 0.001373 0.032268
v 0.038110 0.000929 0.032122
v 0.040662 0.003769 0.034837
v 0.040329 0.003634 0.034493
v 0.040004 0.003467 0.034154
v 0.049196 0.008928 0.044000
v 0.049547 0.006712 0.044000
v 0.041665 0.003986 0.035855
v 0.049799 0.004482 0.044000
v 0.049950 0.002243 0.044000
v 0.050000 -0.000000 0.044000
v 0.049950 -0.002243 0.044000
v 0.049799 -0.004482 0.044000
v 0.048746 0.011126 0.044000
v 0.048198 0.013302 0.044000
v 0.047553 0.015451 0.044000
v 0.046812 0.017569 0.044000
v 0.045976 0.019651 0.044000
v 0.045048 0.021694 0.044000
v 0.044030 0.023693 0.044000
v 0.042922 0.025645 0.044000
v 0.041729 0.027545 0.044000
v 0.040451 0.029389 0.044000
v 0.039092 0.031174 0.044000
v 0.037654 0.032897 0.044000
v 0.036140 0.034553 0.044000
v 0.034553 0.036140 0.044000
v 0.032897 0.037654 0.044000
v 0.031174 0.039092 0.044000
v 0.029389 0.040451 0.044000
v 0.027545 0.041729 0.044000
v 0.025645 0.042922 0.044000
v 0.023693 0.044030 0.044000
v 0.021694 0.045048 0.044000
v 0.019651 0.045976 0.044000
v 0.017569 0.046812 0.044000
v 0.015451 0.047553 0.044000
v 0.013302 0.048198 0.044000
v 0.011126 0.048746 0.044000
v 0.008928 0.049196 0.044000
v 0.006712 0.049547 0.044000
v 0.004482 0.049799 0.044000
v 0.002243 0.049950 0.044000
v 0.041335 0.003944 0.035523
v 0.040999 0.003872 0.035182
v 0.039692 0.003266 0.033826
v 0.039395 0.003035 0.033512
v 0.039119 0.002774 0.033217
v 0.038866 0.002486 0.032946
v 0.038633 0.002158 0.032693
v 0.038028 0.000467 0.032031
v 0.038007 0.000233 0.032008
v 0.038110 -0.000929 0.032122
v 0.038243 -0.001373 0.032268
v 0.039119 -0.002774 0.033217
v 0.039395 -0.003035 0.033512
v 0.039692 -0.003266 0.033826
v 0.040004 -0.003467 0.034154
v 0.040329 -0.003634 0.034493
v -0.053656 0.008899 0.125949
v -0.053631 0.008500 0.125924
v -0.053656 0.008101 0.125949
v -0.053729 0.009287 0.126022
v -0.053849 0.009650 0.126142
v -0.054012 0.009978 0.126304
v -0.054212 0.010262 0.126505
v -0.054444 0.010492 0.126737
v -0.054701 0.010661 0.126994
v -0.054975 0.010765 0.127268
v -0.055257 0.010800 0.127550
v -0.055540 0.010765 0.127833
v -0.055814 0.010661 0.128106
v -0.056071 0.010492 0.128363
v -0.056303 0.010262 0.128596
v -0.056503 0.009978 0.128796
v -0.056666 0.009650 0.128959
v -0.056786 0.009287 0.129079
v -0.056859 0.008899 0.129152
v -0.056884 0.008500 0.129177
v -0.056859 0.008101 0.129152
v -0.056786 0.007713 0.129079
v -0.056666 0.007350 0.128959
v -0.056503 0.007022 0.128796
v -0.056303 0.006738 0.128596
v -0.056071 0.006508 0.128363
v -0.055814 0.006339 0.128106
v -0.055540 0.006235 0.127833
v -0.055257 0.006200 0.127550
v -0.054975 0.006235 0.127268
v -0.054701 0.006339 0.126994
v -0.054444 0.006508 0.126737
v -0.054212 0.006738 0.126505
v -0.054012 0.007022 0.126304
v -0.053849 0.007350 0.126142
v -0.053729 0.007713 0.126022
v -0.051888 0.008101 0.127716
v -0.051863 0.008500 0.127692
v -0.051888 0.008899 0.127716
v -0.051961 0.009287 0.127790
v -0.052081 0.009650 0.127910
v -0.052244 0.009978 0.128072
v -0.052444 0.010262 0.128273
v -0.052676 0.010492 0.128505
v -0.052933 0.010661 0.128762
v -0.053207 0.010765 0.129036
v -0.053490 0.010800 0.129318
v -0.053772 0.010765 0.129600
v -0.054046 0.010661 0.129874
v -0.054303 0.010492 0.130131
v -0.054535 0.010262 0.130363
v -0.054735 0.009978 0.130564
v -0.054898 0.009650 0.130726
v -0.055018 0.009287 0.130846
v -0.055091 0.008899 0.130920
v -0.055116 0.008500 0.130944
v -0.055091 0.008101 0.130920
v -0.055018 0.007713 0.130846
v -0.054898 0.007350 0.130726
v -0.054735 0.007022 0.130564
v -0.054535 0.006738 0.130363
v -0.054303 0.006508 0.130131
v -0.054046 0.006339 0.129874
v -0.053772 0.006235 0.129600
v -0.053490 0.006200 0.129318
v -0.053207 0.006235 0.129036
v -0.052933 0.006339 0.128762
v -0.052676 0.006508 0.128505
v -0.052444 0.006738 0.128273
v -0.052244 0.007022 0.128072
v -0.052081 0.007350 0.127910
v -0.051961 0.007713 0.127790
v -0.065677 0.008899 0.137969
v -0.065711 0.008891 0.138004
v -0.065652 0.008500 0.137945
v -0.065687 0.008500 0.137980
v -0.065677 0.008101 0.137969
v -0.065711 0.008109 0.138004
v -0.065783 0.007730 0.138076
v -0.065783 0.009270 0.138076
v -0.065750 0.009287 0.138043
v -0.065900 0.009625 0.138193
v -0.065870 0.009650 0.138163
v -0.066059 0.009946 0.138352
v -0.066032 0.009978 0.138325
v -0.066256 0.010224 0.138548
v -0.066233 0.010262 0.138526
v -0.066483 0.010449 0.138776
v -0.066465 0.010492 0.138758
v -0.066734 0.010614 0.139027
v -0.066722 0.010661 0.139015
v -0.067002 0.010716 0.139295
v -0.066996 0.010765 0.139289
v -0.067278 0.010750 0.139571
v -0.067278 0.010800 0.139571
v -0.067561 0.010765 0.139853
v -0.067554 0.010716 0.139847
v -0.067834 0.010661 0.140127
v -0.067822 0.010614 0.140115
v -0.068091 0.010492 0.140384
v -0.068074 0.010449 0.140367
v -0.068324 0.010262 0.140616
v -0.068301 0.010224 0.140594
v -0.068524 0.009978 0.140817
v -0.068497 0.009946 0.140790
v -0.068687 0.009650 0.140980
v -0.068656 0.009625 0.140949
v -0.068806 0.009287 0.141099
v -0.068773 0.009270 0.141066
v -0.068880 0.008899 0.141173
v -0.068845 0.008891 0.141138
v -0.068905 0.008500 0.141197
v -0.068869 0.008500 0.141162
v -0.068845 0.008109 0.141138
v -0.068880 0.008101 0.141173
v -0.068773 0.007730 0.141066
v -0.068806 0.007713 0.141099
v -0.068656 0.007375 0.140949
v -0.068687 0.007350 0.140980
v -0.068497 0.007054 0.140790
v -0.068524 0.007022 0.140817
v -0.068301 0.006776 0.140594
v -0.068324 0.006738 0.140616
v -0.068074 0.006551 0.140367
v -0.068091 0.006508 0.140384
v -0.067822 0.006386 0.140115
v -0.067834 0.006339 0.140127
v -0.067554 0.006284 0.139847
v -0.067561 0.006235 0.139853
v -0.067278 0.006250 0.139571
v -0.067278 0.006200 0.139571
v -0.066996 0.006235 0.139289
v -0.067002 0.006284 0.139295
v -0.066722 0.006339 0.139015
v -0.066734 0.006386 0.139027
v -0.066465 0.006508 0.138758
v -0.066483 0.006551 0.138776
v -0.066233 0.006738 0.138526
v -0.066256 0.006776 0.138548
v -0.066032 0.007022 0.138325
v -0.066059 0.007054 0.138352
v -0.065870 0.007350 0.138163
v -0.065900 0.007375 0.138193
v -0.065750 0.007713 0.138043
v -0.063909 0.008101 0.139737
v -0.063884 0.008500 0.139712
v -0.063909 0.008899 0.139737
v -0.063982 0.009287 0.139811
v -0.064102 0.009650 0.139930
v -0.064265 0.009978 0.140093
v -0.064465 0.010262 0.140293
v -0.064697 0.010492 0.140526
v -0.064954 0.010661 0.140783
v -0.065228 0.010765 0.141056
v -0.065510 0.010800 0.141339
v -0.065793 0.010765 0.141621
v -0.066067 0.010661 0.141895
v -0.066324 0.010492 0.142152
v -0.066556 0.010262 0.142384
v -0.066756 0.009978 0.142585
v -0.066919 0.009650 0.142747
v -0.067039 0.009287 0.142867
v -0.067112 0.008899 0.142940
v -0.067137 0.008500 0.142965
v -0.067112 0.008101 0.142940
v -0.067039 0.007713 0.142867
v -0.066919 0.007350 0.142747
v -0.066756 0.007022 0.142585
v -0.066556 0.006738 0.142384
v -0.066324 0.006508 0.142152
v -0.066067 0.006339 0.141895
v -0.065793 0.006235 0.141621
v -0.065510 0.006200 0.141339
v -0.065228 0.006235 0.141056
v -0.064954 0.006339 0.140783
v -0.064697 0.006508 0.140526
v -0.064465 0.006738 0.140293
v -0.064265 0.007022 0.140093
v -0.064102 0.007350 0.139930
v -0.063982 0.007713 0.139811
v -0.065677 -0.008101 0.137969
v -0.065652 -0.008500 0.137945
v -0.065677 -0.008899 0.137969
v -0.065750 -0.007713 0.138043
v -0.065870 -0.007350 0.138163
v -0.066032 -0.007022 0.138325
v -0.066233 -0.006738 0.138526
v -0.066465 -0.006508 0.138758
v -0.066722 -0.006339 0.139015
v -0.066996 -0.006235 0.139289
v -0.067278 -0.006200 0.139571
v -0.067561 -0.006235 0.139853
v -0.067834 -0.006339 0.140127
v -0.068091 -0.006508 0.140384
v -0.068324 -0.006738 0.140616
v -0.068524 -0.007022 0.140817
v -0.068687 -0.007350 0.140980
v -0.068806 -0.007713 0.141099
v -0.068880 -0.008101 0.141173
v -0.068905 -0.008500 0.141197
v -0.068880 -0.008899 0.141173
v -0.068806 -0.009287 0.141099
v -0.068687 -0.009650 0.140980
v -0.068524 -0.009978 0.140817
v -0.068324 -0.010262 0.140616
v -0.068091 -0.010492 0.140384
v -0.067834 -0.010661 0.140127
v -0.067561 -0.010765 0.139853
v -0.067278 -0.010800 0.139571
v -0.066996 -0.010765 0.139289
v -0.066722 -0.010661 0.139015
v -0.066465 -0.010492 0.138758
v -0.066233 -0.010262 0.138526
v -0.066032 -0.009978 0.138325
v -0.065870 -0.009650 0.138163
v -0.065750 -0.009287 0.138043
v -0.063909 -0.008899 0.139737
v -0.063884 -0.008500 0.139712
v -0.063909 -0.008101 0.139737
v -0.063982 -0.007713 0.139811
v -0.064102 -0.007350 0.139930
v -0.064265 -0.007022 0.140093
v -0.064465 -0.006738 0.140293
v -0.064697 -0.006508 0.140526
v -0.064954 -0.006339 0.140783
v -0.065228 -0.006235 0.141056
v -0.065510 -0.006200 0.141339
v -0.065793 -0.006235 0.141621
v -0.066067 -0.006339 0.141895
v -0.066324 -0.006508 0.142152
v -0.066556 -0.006738 0.142384
v -0.066756 -0.007022 0.142585
v -0.066919 -0.007350 0.142747
v -0.067039 -0.007713 0.142867
v -0.067112 -0.008101 0.142940
v -0.067137 -0.008500 0.142965
v -0.067112 -0.008899 0.142940
v -0.067039 -0.009287 0.142867
v -0.066919 -0.009650 0.142747
v -0.066756 -0.009978 0.142585
v -0.066556 -0.010262 0.142384
v -0.066324 -0.010492 0.142152
v -0.066067 -0.010661 0.141895
v -0.065793 -0.010765 0.141621
v -0.065510 -0.010800 0.141339
v -0.065228 -0.010765 0.141056
v -0.064954 -0.010661 0.140783
v -0.064697 -0.010492 0.140526
v -0.064465 -0.010262 0.140293
v -0.064265 -0.009978 0.140093
v -0.064102 -0.009650 0.139930
v -0.063982 -0.009287 0.139811
v -0.053656 -0.008101 0.125949
v -0.053691 -0.008109 0.125983
v -0.053631 -0.008500 0.125924
v -0.053666 -0.008500 0.125959
v -0.053656 -0.008899 0.125949
v -0.053691 -0.008891 0.125983
v -0.053762 -0.009270 0.126055
v -0.053762 -0.007730 0.126055
v -0.053729 -0.007713 0.126022
v -0.053880 -0.007375 0.126172
v -0.053849 -0.007350 0.126142
v -0.054039 -0.007054 0.126331
v -0.054012 -0.007022 0.126304
v -0.054235 -0.006776 0.126528
v -0.054212 -0.006738 0.126505
v -0.054462 -0.006551 0.126755
v -0.054444 -0.006508 0.126737
v -0.054713 -0.006386 0.127006
v -0.054701 -0.006339 0.126994
v -0.054981 -0.006284 0.127274
v -0.054975 -0.006235 0.127268
v -0.055257 -0.006250 0.127550
v -0.055257 -0.006200 0.127550
v -0.055540 -0.006235 0.127833
v -0.055534 -0.006284 0.127827
v -0.055814 -0.006339 0.128106
v -0.055802 -0.006386 0.128094
v -0.056071 -0.006508 0.128363
v -0.056053 -0.006551 0.128346
v -0.056303 -0.006738 0.128596
v -0.056280 -0.006776 0.128573
v -0.056503 -0.007022 0.128796
v -0.056476 -0.007054 0.128769
v -0.056666 -0.007350 0.128959
v -0.056635 -0.007375 0.128928
v -0.056786 -0.007713 0.129079
v -0.056752 -0.007730 0.129045
v -0.056859 -0.008101 0.129152
v -0.056824 -0.008109 0.129117
v -0.056884 -0.008500 0.129177
v -0.056848 -0.008500 0.129141
v -0.056824 -0.008891 0.129117
v -0.056859 -0.008899 0.129152
v -0.056752 -0.009270 0.129045
v -0.056786 -0.009287 0.129079
v -0.056635 -0.009625 0.128928
v -0.056666 -0.009650 0.128959
v -0.056476 -0.009946 0.128769
v -0.056503 -0.009978 0.128796
v -0.056280 -0.010224 0.128573
v -0.056303 -0.010262 0.128596
v -0.056053 -0.010449 0.128346
v -0.056071 -0.010492 0.128363
v -0.055802 -0.010614 0.128094
v -0.055814 -0.010661 0.128106
v -0.055534 -0.010716 0.127827
v -0.055540 -0.010765 0.127833
v -0.055257 -0.010750 0.127550
v -0.055257 -0.010800 0.127550
v -0.054975 -0.010765 0.127268
v -0.054981 -0.010716 0.127274
v -0.054701 -0.010661 0.126994
v -0.054713 -0.010614 0.127006
v -0.054444 -0.010492 0.126737
v -0.054462 -0.010449 0.126755
v -0.054212 -0.010262 0.126505
v -0.054235 -0.010224 0.126528
v -0.054012 -0.009978 0.126304
v -0.054039 -0.009946 0.126331
v -0.053849 -0.009650 0.126142
v -0.053880 -0.009625 0.126172
v -0.053729 -0.009287 0.126022
v -0.051888 -0.008899 0.127716
v -0.051863 -0.008500 0.127692
v -0.051888 -0.008101 0.127716
v -0.051961 -0.007713 0.127790
v -0.052081 -0.007350 0.127910
v -0.052244 -0.007022 0.128072
v -0.052444 -0.006738 0.128273
v -0.052676 -0.006508 0.128505
v -0.052933 -0.006339 0.128762
v -0.053207 -0.006235 0.129036
v -0.053490 -0.006200 0.129318
v -0.053772 -0.006235 0.129600
v -0.054046 -0.006339 0.129874
v -0.054303 -0.006508 0.130131
v -0.054535 -0.006738 0.130363
v -0.054735 -0.007022 0.130564
v -0.054898 -0.007350 0.130726
v -0.055018 -0.007713 0.130846
v -0.055091 -0.008101 0.130920
v -0.055116 -0.008500 0.130944
v -0.055091 -0.008899 0.130920
v -0.055018 -0.009287 0.130846
v -0.054898 -0.009650 0.130726
v -0.054735 -0.009978 0.130564
v -0.054535 -0.010262 0.130363
v -0.054303 -0.010492 0.130131
v -0.054046 -0.010661 0.129874
v -0.053772 -0.010765 0.129600
v -0.053490 -0.010800 0.129318
v -0.053207 -0.010765 0.129036
v -0.052933 -0.010661 0.128762
v -0.052676 -0.010492 0.128505
v -0.052444 -0.010262 0.128273
v -0.052244 -0.009978 0.128072
v -0.052081 -0.009650 0.127910
v -0.051961 -0.009287 0.127790
v -0.065879 0.011454 0.141707
v -0.065510 0.011500 0.141339
v -0.066236 0.011319 0.142064
v -0.066571 0.011098 0.142399
v -0.066874 0.010798 0.142702
v -0.067135 0.010428 0.142964
v -0.067348 0.010000 0.143176
v -0.067504 0.009526 0.143332
v -0.067600 0.009021 0.143428
v -0.067632 0.008500 0.143460
v -0.066075 0.001943 0.141904
v -0.065899 0.002889 0.141728
v -0.065655 0.003804 0.141484
v -0.065346 0.004679 0.141175
v -0.064975 0.005505 0.140803
v -0.064546 0.006271 0.140374
v -0.064063 0.006972 0.139891
v -0.063532 0.007598 0.139360
v -0.062958 0.008144 0.138787
v -0.062348 0.008604 0.138176
v -0.061707 0.008973 0.137535
v -0.061043 0.009246 0.136871
v -0.067632 -0.008500 0.143460
v -0.066218 -0.000000 0.142046
v -0.066182 0.000977 0.142010
v -0.067600 -0.009021 0.143428
v -0.067504 -0.009526 0.143332
v -0.067348 -0.010000 0.143176
v -0.067135 -0.010428 0.142964
v -0.066874 -0.010798 0.142702
v -0.066571 -0.011098 0.142399
v -0.066236 -0.011319 0.142064
v -0.065879 -0.011454 0.141707
v -0.065510 -0.011500 0.141339
v -0.061043 -0.009246 0.136871
v -0.061707 -0.008973 0.137535
v -0.062348 -0.008604 0.138176
v -0.062958 -0.008144 0.138787
v -0.063532 -0.007598 0.139360
v -0.064063 -0.006972 0.139891
v -0.064546 -0.006271 0.140374
v -0.064975 -0.005505 0.140803
v -0.065346 -0.004679 0.141175
v -0.065655 -0.003804 0.141484
v -0.065899 -0.002889 0.141728
v -0.066075 -0.001943 0.141904
v -0.053490 -0.011500 0.129318
v -0.059673 -0.009497 0.135501
v -0.060363 -0.009421 0.136191
v -0.053121 -0.011454 0.128950
v -0.052764 -0.011319 0.128592
v -0.052429 -0.011098 0.128257
v -0.052126 -0.010798 0.127954
v -0.051865 -0.010428 0.127693
v -0.051652 -0.010000 0.127481
v -0.051496 -0.009526 0.127325
v -0.051401 -0.009021 0.127229
v -0.051368 -0.008500 0.127197
v -0.052863 -0.001462 0.128691
v -0.053004 -0.002419 0.128832
v -0.053214 -0.003351 0.129043
v -0.053491 -0.004247 0.129320
v -0.053832 -0.005099 0.129660
v -0.054233 -0.005896 0.130061
v -0.054689 -0.006630 0.130518
v -0.055197 -0.007295 0.131025
v -0.055750 -0.007882 0.131578
v -0.056343 -0.008385 0.132171
v -0.056969 -0.008800 0.132798
v -0.057623 -0.009121 0.133451
v -0.058296 -0.009346 0.134124
v -0.052791 -0.000489 0.128620
v -0.051368 0.008500 0.127197
v -0.052791 0.000489 0.128620
v -0.052863 0.001462 0.128691
v -0.051401 0.009021 0.127229
v -0.051496 0.009526 0.127325
v -0.051652 0.010000 0.127481
v -0.051865 0.010428 0.127693
v -0.052126 0.010798 0.127954
v -0.052429 0.011098 0.128257
v -0.052764 0.011319 0.128592
v -0.053121 0.011454 0.128950
v -0.053490 0.011500 0.129318
v -0.058296 0.009346 0.134124
v -0.057623 0.009121 0.133451
v -0.056969 0.008800 0.132798
v -0.056343 0.008385 0.132171
v -0.055750 0.007882 0.131578
v -0.055197 0.007295 0.131025
v -0.054689 0.006630 0.130518
v -0.054233 0.005896 0.130061
v -0.053832 0.005099 0.129660
v -0.053491 0.004247 0.129320
v -0.053214 0.003351 0.129043
v -0.053004 0.002419 0.128832
v -0.059673 0.009497 0.135501
v -0.058982 0.009472 0.134810
v -0.060363 0.009421 0.136191
v -0.058982 -0.009472 0.134810
v -0.066182 -0.000977 0.142010
v -0.068339 0.011500 0.138510
v -0.068707 0.011454 0.138879
v -0.069064 0.011319 0.139236
v -0.069399 0.011098 0.139571
v -0.069702 0.010798 0.139874
v -0.069964 0.010428 0.140135
v -0.070176 0.010000 0.140348
v -0.070332 0.009526 0.140504
v -0.070428 0.009021 0.140600
v -0.070460 0.008500 0.140632
v -0.070460 -0.008500 0.140632
v -0.070428 -0.009021 0.140600
v -0.070332 -0.009526 0.140504
v -0.070176 -0.010000 0.140348
v -0.069964 -0.010428 0.140135
v -0.069702 -0.010798 0.139874
v -0.069399 -0.011098 0.139571
v -0.069064 -0.011319 0.139236
v -0.068707 -0.011454 0.138879
v -0.068339 -0.011500 0.138510
v -0.056318 -0.011500 0.126490
v -0.055950 -0.011454 0.126121
v -0.055592 -0.011319 0.125764
v -0.055257 -0.011098 0.125429
v -0.054954 -0.010798 0.125126
v -0.054693 -0.010428 0.124865
v -0.054481 -0.010000 0.124652
v -0.054325 -0.009526 0.124496
v -0.054229 -0.009021 0.124401
v -0.054197 -0.008500 0.124368
v -0.054197 0.008500 0.124368
v -0.054229 0.009021 0.124401
v -0.054325 0.009526 0.124496
v -0.054481 0.010000 0.124652
v -0.054693 0.010428 0.124865
v -0.054954 0.010798 0.125126
v -0.055257 0.011098 0.125429
v -0.055592 0.011319 0.125764
v -0.055950 0.011454 0.126121
v -0.056318 0.011500 0.126490
v -0.046277 0.000908 0.136955
v -0.056530 0.000908 0.126702
v -0.046242 0.000000 0.136919
v -0.056495 0.000000 0.126666
v -0.046277 -0.000908 0.136955
v -0.056530 -0.000908 0.126702
v -0.046383 -0.001804 0.137061
v -0.056636 -0.001804 0.126808
v -0.046558 -0.002679 0.137236
v -0.056811 -0.002679 0.126982
v -0.046800 -0.003521 0.137477
v -0.057053 -0.003521 0.127224
v -0.047106 -0.004320 0.137783
v -0.057359 -0.004320 0.127530
v -0.047472 -0.005067 0.138149
v -0.057725 -0.005067 0.127896
v -0.047894 -0.005753 0.138572
v -0.058147 -0.005753 0.128319
v -0.048367 -0.006368 0.139044
v -0.058620 -0.006368 0.128791
v -0.048885 -0.006907 0.139562
v -0.059138 -0.006907 0.129309
v -0.049441 -0.007361 0.140119
v -0.059694 -0.007361 0.129866
v -0.050030 -0.007726 0.140708
v -0.060283 -0.007726 0.130455
v -0.050643 -0.007998 0.141321
v -0.060896 -0.007998 0.131068
v -0.051274 -0.008172 0.141952
v -0.061527 -0.008172 0.131699
v -0.051915 -0.008247 0.142592
v -0.062168 -0.008247 0.132339
v -0.052557 -0.008222 0.143235
v -0.062810 -0.008222 0.132982
v -0.053194 -0.008097 0.143871
v -0.063447 -0.008097 0.133618
v -0.053817 -0.007874 0.144494
v -0.064070 -0.007874 0.134241
v -0.054419 -0.007555 0.145096
v -0.064672 -0.007555 0.134843
v -0.054992 -0.007145 0.145670
v -0.065245 -0.007145 0.135417
v -0.055530 -0.006648 0.146208
v -0.065783 -0.006648 0.135955
v -0.056026 -0.006070 0.146704
v -0.066279 -0.006070 0.136451
v -0.056475 -0.005418 0.147152
v -0.066728 -0.005418 0.136899
v -0.056869 -0.004701 0.147547
v -0.067122 -0.004701 0.137294
v -0.057206 -0.003927 0.147884
v -0.067459 -0.003927 0.137631
v -0.057480 -0.003105 0.148158
v -0.067733 -0.003105 0.137905
v -0.057689 -0.002245 0.148367
v -0.067942 -0.002245 0.138114
v -0.057829 -0.001358 0.148507
v -0.068082 -0.001358 0.138254
v -0.057900 -0.000454 0.148578
v -0.068153 -0.000454 0.138325
v -0.057900 0.000454 0.148578
v -0.068153 0.000454 0.138325
v -0.057829 0.001358 0.148507
v -0.068082 0.001358 0.138254
v -0.057689 0.002245 0.148367
v -0.067942 0.002245 0.138114
v -0.057480 0.003105 0.148158
v -0.067733 0.003105 0.137905
v -0.057206 0.003927 0.147884
v -0.067459 0.003927 0.137631
v -0.056869 0.004701 0.147547
v -0.067122 0.004701 0.137294
v -0.056475 0.005418 0.147152
v -0.066728 0.005418 0.136899
v -0.056026 0.006070 0.146704
v -0.066279 0.006070 0.136451
v -0.055530 0.006648 0.146208
v -0.065783 0.006648 0.135955
v -0.054992 0.007145 0.145670
v -0.065245 0.007145 0.135417
v -0.054419 0.007555 0.145096
v -0.064672 0.007555 0.134843
v -0.053817 0.007874 0.144494
v -0.064070 0.007874 0.134241
v -0.053194 0.008097 0.143871
v -0.063447 0.008097 0.133618
v -0.052557 0.008222 0.143235
v -0.062810 0.008222 0.132982
v -0.051915 0.008247 0.142592
v -0.062168 0.008247 0.132339
v -0.051274 0.008172 0.141952
v -0.061527 0.008172 0.131699
v -0.050643 0.007998 0.141321
v -0.060896 0.007998 0.131068
v -0.050030 0.007726 0.140708
v -0.060283 0.007726 0.130455
v -0.049441 0.007361 0.140119
v -0.059694 0.007361 0.129866
v -0.048885 0.006907 0.139562
v -0.059138 0.006907 0.129309
v -0.048367 0.006368 0.139044
v -0.058620 0.006368 0.128791
v -0.047894 0.005753 0.138572
v -0.058147 0.005753 0.128319
v -0.047472 0.005067 0.138149
v -0.057725 0.005067 0.127896
v -0.047106 0.004320 0.137783
v -0.057359 0.004320 0.127530
v -0.046800 0.003521 0.137477
v -0.057053 0.003521 0.127224
v -0.046558 0.002679 0.137236
v -0.056811 0.002679 0.126982
v -0.046383 0.001804 0.137061
v -0.056636 0.001804 0.126808
v -0.058050 -0.000957 0.149435
v -0.057900 -0.000466 0.149285
v -0.058086 -0.000000 0.149471
v -0.057900 0.000466 0.149285
v -0.058050 0.000957 0.149435
v -0.057830 0.001392 0.149215
v -0.057942 0.001902 0.149327
v -0.057691 0.002302 0.149076
v -0.057764 0.002827 0.149149
v -0.057484 0.003186 0.148869
v -0.057517 0.003719 0.148902
v -0.057212 0.004035 0.148597
v -0.057205 0.004569 0.148590
v -0.056878 0.004837 0.148262
v -0.056830 0.005367 0.148215
v -0.056485 0.005585 0.147870
v -0.056398 0.006105 0.147783
v -0.056038 0.006269 0.147423
v -0.055913 0.006773 0.147297
v -0.055543 0.006882 0.146927
v -0.055380 0.007365 0.146765
v -0.055004 0.007418 0.146388
v -0.054805 0.007873 0.146190
v -0.054428 0.007869 0.145812
v -0.054196 0.008292 0.145581
v -0.053821 0.008231 0.145206
v -0.053559 0.008617 0.144944
v -0.053190 0.008500 0.144575
v -0.052901 0.008844 0.144286
v -0.052543 0.008673 0.143928
v -0.052230 0.008971 0.143614
v -0.051887 0.008747 0.143271
v -0.051552 0.008997 0.142937
v -0.051228 0.008722 0.142613
v -0.050877 0.008920 0.142262
v -0.050575 0.008598 0.141960
v -0.050211 0.008743 0.141596
v -0.049936 0.008377 0.141320
v -0.049563 0.008466 0.140948
v -0.049316 0.008061 0.140701
v -0.048939 0.008094 0.140324
v -0.048724 0.007654 0.140109
v -0.048346 0.007630 0.139731
v -0.048166 0.007160 0.139550
v -0.047792 0.007079 0.139177
v -0.047647 0.006585 0.139032
v -0.047282 0.006448 0.138667
v -0.047176 0.005935 0.138560
v -0.046823 0.005744 0.138207
v -0.046755 0.005218 0.138140
v -0.046419 0.004975 0.137803
v -0.046391 0.004442 0.137776
v -0.046075 0.004150 0.137460
v -0.046088 0.003616 0.137472
v -0.045795 0.003277 0.137180
v -0.045848 0.002748 0.137232
v -0.045582 0.002368 0.136967
v -0.045674 0.001850 0.137059
v -0.045439 0.001432 0.136824
v -0.045570 0.000930 0.136954
v -0.045367 0.000479 0.136752
v -0.045535 0.000000 0.136919
v -0.045367 -0.000479 0.136752
v -0.045570 -0.000930 0.136954
v -0.045439 -0.001432 0.136824
v -0.045674 -0.001850 0.137059
v -0.045582 -0.002368 0.136967
v -0.045848 -0.002748 0.137232
v -0.045795 -0.003277 0.137180
v -0.046088 -0.003616 0.137472
v -0.046075 -0.004150 0.137460
v -0.046391 -0.004442 0.137776
v -0.046419 -0.004975 0.137803
v -0.046755 -0.005218 0.138140
v -0.046823 -0.005744 0.138207
v -0.047176 -0.005935 0.138560
v -0.047282 -0.006448 0.138667
v -0.047647 -0.006585 0.139032
v -0.047792 -0.007079 0.139177
v -0.048166 -0.007160 0.139550
v -0.048346 -0.007630 0.139731
v -0.048724 -0.007654 0.140109
v -0.048939 -0.008094 0.140324
v -0.049316 -0.008061 0.140701
v -0.049563 -0.008466 0.140948
v -0.049936 -0.008377 0.141320
v -0.050211 -0.008743 0.141596
v -0.050575 -0.008598 0.141960
v -0.050877 -0.008920 0.142262
v -0.051228 -0.008722 0.142613
v -0.051552 -0.008997 0.142937
v -0.051887 -0.008747 0.143271
v -0.052230 -0.008971 0.143614
v -0.052543 -0.008673 0.143928
v -0.052901 -0.008844 0.144286
v -0.053190 -0.008500 0.144575
v -0.053559 -0.008617 0.144944
v -0.053821 -0.008231 0.145206
v -0.054196 -0.008292 0.145581
v -0.054428 -0.007869 0.145812
v -0.054805 -0.007873 0.146190
v -0.055004 -0.007418 0.146388
v -0.055380 -0.007365 0.146765
v -0.055543 -0.006882 0.146927
v -0.055913 -0.006773 0.147297
v -0.056038 -0.006269 0.147423
v -0.056398 -0.006105 0.147783
v -0.056485 -0.005585 0.147870
v -0.056830 -0.005367 0.148215
v -0.056878 -0.004837 0.148262
v -0.057205 -0.004569 0.148590
v -0.057212 -0.004035 0.148597
v -0.057517 -0.003719 0.148902
v -0.057484 -0.003186 0.148869
v -0.057764 -0.002827 0.149149
v -0.057691 -0.002302 0.149076
v -0.057942 -0.001902 0.149327
v -0.057830 -0.001392 0.149215
v -0.058757 0.000977 0.149435
v -0.058793 -0.000000 0.149471
v -0.058757 -0.000977 0.149435
v -0.058651 -0.001943 0.149329
v -0.058475 -0.002889 0.149152
v -0.058231 -0.003804 0.148908
v -0.057922 -0.004679 0.148599
v -0.057550 -0.005505 0.148228
v -0.057121 -0.006271 0.147799
v -0.056638 -0.006972 0.147316
v -0.056107 -0.007598 0.146785
v -0.055534 -0.008144 0.146211
v -0.054923 -0.008604 0.145601
v -0.054282 -0.008973 0.144960
v -0.053618 -0.009246 0.144296
v -0.052938 -0.009421 0.143616
v -0.052248 -0.009497 0.142926
v -0.051557 -0.009472 0.142235
v -0.050871 -0.009346 0.141549
v -0.050198 -0.009121 0.140876
v -0.049545 -0.008800 0.140222
v -0.048918 -0.008385 0.139596
v -0.048325 -0.007882 0.139003
v -0.047772 -0.007295 0.138450
v -0.047265 -0.006630 0.137942
v -0.046808 -0.005896 0.137486
v -0.046407 -0.005099 0.137085
v -0.046067 -0.004247 0.136744
v -0.045790 -0.003351 0.136467
v -0.045579 -0.002419 0.136257
v -0.045438 -0.001462 0.136116
v -0.045367 -0.000489 0.136044
v -0.045367 0.000489 0.136044
v -0.045438 0.001462 0.136116
v -0.045579 0.002419 0.136257
v -0.045790 0.003351 0.136467
v -0.046067 0.004247 0.136744
v -0.046407 0.005099 0.137085
v -0.046808 0.005896 0.137486
v -0.047265 0.006630 0.137942
v -0.047772 0.007295 0.138450
v -0.048325 0.007882 0.139003
v -0.048918 0.008385 0.139596
v -0.049545 0.008800 0.140222
v -0.050198 0.009121 0.140876
v -0.050871 0.009346 0.141549
v -0.051557 0.009472 0.142235
v -0.052248 0.009497 0.142926
v -0.052938 0.009421 0.143616
v -0.053618 0.009246 0.144296
v -0.054282 0.008973 0.144960
v -0.054923 0.008604 0.145601
v -0.055534 0.008144 0.146211
v -0.056107 0.007598 0.146785
v -0.056638 0.006972 0.147316
v -0.057121 0.006271 0.147799
v -0.057550 0.005505 0.148228
v -0.057922 0.004679 0.148599
v -0.058231 0.003804 0.148908
v -0.058475 0.002889 0.149152
v -0.058651 0.001943 0.149329
v -0.053828 0.012000 0.124000
v -0.070828 0.012000 0.141000
v -0.075000 0.012000 0.103100
v -0.075000 0.050000 0.103100
v -0.069400 0.050000 0.103100
v -0.056359 0.027412 0.103100
v -0.056359 -0.027412 0.103100
v -0.055447 -0.025741 0.103100
v -0.055447 0.025741 0.103100
v -0.054615 -0.024029 0.103100
v -0.054615 0.024029 0.103100
v -0.053865 -0.022279 0.103100
v -0.053865 0.022279 0.103100
v -0.053200 -0.020495 0.103100
v -0.053200 0.020495 0.103100
v -0.051000 -0.007412 0.103100
v -0.051000 0.007412 0.103100
v -0.052620 0.018682 0.103100
v -0.052128 0.016843 0.103100
v -0.051723 0.014982 0.103100
v -0.051407 0.013105 0.103100
v -0.051181 0.011215 0.103100
v -0.051045 0.009316 0.103100
v -0.051045 -0.009316 0.103100
v -0.051181 -0.011215 0.103100
v -0.051407 -0.013105 0.103100
v -0.051723 -0.014982 0.103100
v -0.052128 -0.016843 0.103100
v -0.052620 -0.018682 0.103100
v -0.069400 -0.050000 0.103100
v -0.075000 -0.050000 0.103100
v -0.069400 -0.050000 0.119000
v -0.075000 -0.050000 0.119000
v -0.063400 -0.039608 0.108000
v -0.063756 -0.040224 0.108051
v -0.064104 -0.040828 0.108203
v -0.056359 -0.027412 0.124000
v -0.060900 -0.035278 0.113000
v -0.060925 -0.035322 0.112288
v -0.061001 -0.035453 0.111591
v -0.066513 -0.045000 0.124000
v -0.062696 -0.038388 0.117797
v -0.062361 -0.037809 0.117548
v -0.062048 -0.037267 0.117206
v -0.065037 -0.042443 0.116779
v -0.064752 -0.041949 0.117206
v -0.064439 -0.041406 0.117548
v -0.065875 -0.043894 0.112288
v -0.065900 -0.043938 0.113000
v -0.065875 -0.043894 0.113712
v -0.063756 -0.040224 0.117949
v -0.063400 -0.039608 0.118000
v -0.063044 -0.038991 0.117949
v -0.061763 -0.036772 0.116779
v -0.061511 -0.036335 0.116274
v -0.061297 -0.035965 0.115703
v -0.061126 -0.035669 0.115077
v -0.061001 -0.035453 0.114409
v -0.060925 -0.035322 0.113712
v -0.061126 -0.035669 0.110923
v -0.061297 -0.035965 0.110297
v -0.061511 -0.036335 0.109726
v -0.061763 -0.036772 0.109221
v -0.062048 -0.037267 0.108794
v -0.062361 -0.037809 0.108452
v -0.062696 -0.038388 0.108203
v -0.063044 -0.038991 0.108051
v -0.064439 -0.041406 0.108452
v -0.064752 -0.041949 0.108794
v -0.065037 -0.042443 0.109221
v -0.065289 -0.042880 0.109726
v -0.065503 -0.043250 0.110297
v -0.065674 -0.043547 0.110923
v -0.065799 -0.043762 0.111591
v -0.065799 -0.043762 0.114409
v -0.065674 -0.043547 0.115077
v -0.065503 -0.043250 0.115703
v -0.065289 -0.042880 0.116274
v -0.064104 -0.040828 0.117797
v -0.055447 -0.025741 0.124000
v -0.054615 -0.024029 0.124000
v -0.053865 -0.022279 0.124000
v -0.053200 -0.020495 0.124000
v -0.052620 -0.018682 0.124000
v -0.052128 -0.016843 0.124000
v -0.051723 -0.014982 0.124000
v -0.051407 -0.013105 0.124000
v -0.051181 -0.011215 0.124000
v -0.051045 -0.009316 0.124000
v -0.051000 -0.007412 0.124000
v -0.051000 0.007412 0.124000
v -0.051045 0.009316 0.124000
v -0.051181 0.011215 0.124000
v -0.051407 0.013105 0.124000
v -0.051723 0.014982 0.124000
v -0.052128 0.016843 0.124000
v -0.052620 0.018682 0.124000
v -0.053200 0.020495 0.124000
v -0.053865 0.022279 0.124000
v -0.054615 0.024029 0.124000
v -0.055447 0.025741 0.124000
v -0.056359 0.027412 0.124000
v -0.069400 0.050000 0.119000
v -0.066513 0.045000 0.124000
v -0.063910 -0.038491 0.117949
v -0.064266 -0.039108 0.118000
v -0.064622 -0.039724 0.117949
v -0.064970 -0.040328 0.117797
v -0.065305 -0.040906 0.117548
v -0.065618 -0.041449 0.117206
v -0.065903 -0.041943 0.116779
v -0.066155 -0.042380 0.116274
v -0.066369 -0.042750 0.115703
v -0.066540 -0.043047 0.115077
v -0.066665 -0.043262 0.114409
v -0.066741 -0.043394 0.113712
v -0.066766 -0.043438 0.113000
v -0.066741 -0.043394 0.112288
v -0.066665 -0.043262 0.111591
v -0.066540 -0.043047 0.110923
v -0.066369 -0.042750 0.110297
v -0.066155 -0.042380 0.109726
v -0.065903 -0.041943 0.109221
v -0.065618 -0.041449 0.108794
v -0.065305 -0.040906 0.108452
v -0.064970 -0.040328 0.108203
v -0.064622 -0.039724 0.108051
v -0.064266 -0.039108 0.108000
v -0.063910 -0.038491 0.108051
v -0.063562 -0.037888 0.108203
v -0.063227 -0.037309 0.108452
v -0.062914 -0.036767 0.108794
v -0.062629 -0.036272 0.109221
v -0.062377 -0.035835 0.109726
v -0.062163 -0.035465 0.110297
v -0.061992 -0.035169 0.110923
v -0.061867 -0.034953 0.111591
v -0.061791 -0.034822 0.112288
v -0.061766 -0.034778 0.113000
v -0.061791 -0.034822 0.113712
v -0.061867 -0.034953 0.114409
v -0.061992 -0.035169 0.115077
v -0.062163 -0.035465 0.115703
v -0.062377 -0.035835 0.116274
v -0.062629 -0.036272 0.116779
v -0.062914 -0.036767 0.117206
v -0.063227 -0.037309 0.117548
v -0.063562 -0.037888 0.117797
v -0.085000 0.012000 0.131000
v -0.075000 0.012000 0.141000
v -0.085000 0.012000 0.124000
v -0.075000 0.045000 0.124000
v -0.075000 0.050000 0.119000
v -0.075000 -0.045000 0.124000
v -0.065626 -0.021049 0.120000
v -0.065149 -0.021503 0.120000
v -0.065000 -0.021000 0.120000
v -0.064555 -0.021528 0.120000
v -0.064374 -0.021049 0.120000
v -0.063975 -0.021653 0.120000
v -0.063764 -0.021196 0.120000
v -0.063424 -0.021875 0.120000
v -0.063184 -0.021436 0.120000
v -0.062649 -0.021764 0.120000
v -0.062919 -0.022186 0.120000
v -0.062172 -0.022172 0.120000
v -0.062473 -0.022578 0.120000
v -0.061764 -0.022649 0.120000
v -0.062100 -0.023040 0.120000
v -0.061436 -0.023184 0.120000
v -0.061811 -0.023558 0.120000
v -0.061196 -0.023764 0.120000
v -0.061613 -0.024118 0.120000
v -0.061049 -0.024374 0.120000
v -0.061513 -0.024703 0.120000
v -0.061000 -0.025000 0.120000
v -0.061513 -0.025297 0.120000
v -0.061049 -0.025626 0.120000
v -0.061613 -0.025882 0.120000
v -0.061196 -0.026236 0.120000
v -0.061811 -0.026442 0.120000
v -0.061436 -0.026816 0.120000
v -0.062100 -0.026960 0.120000
v -0.061764 -0.027351 0.120000
v -0.062473 -0.027422 0.120000
v -0.062172 -0.027828 0.120000
v -0.062919 -0.027814 0.120000
v -0.062649 -0.028236 0.120000
v -0.063424 -0.028125 0.120000
v -0.063184 -0.028564 0.120000
v -0.063764 -0.028804 0.120000
v -0.063975 -0.028347 0.120000
v -0.064374 -0.028951 0.120000
v -0.064555 -0.028472 0.120000
v -0.065000 -0.029000 0.120000
v -0.065149 -0.028497 0.120000
v -0.065626 -0.028951 0.120000
v -0.065737 -0.028421 0.120000
v -0.066236 -0.028804 0.120000
v -0.066305 -0.028248 0.120000
v -0.066816 -0.028564 0.120000
v -0.066835 -0.027980 0.120000
v -0.067351 -0.028236 0.120000
v -0.067312 -0.027627 0.120000
v -0.067828 -0.027828 0.120000
v -0.067723 -0.027199 0.120000
v -0.068236 -0.027351 0.120000
v -0.068056 -0.026707 0.120000
v -0.068564 -0.026816 0.120000
v -0.068300 -0.026166 0.120000
v -0.068804 -0.026236 0.120000
v -0.068450 -0.025592 0.120000
v -0.068951 -0.025626 0.120000
v -0.068500 -0.025000 0.120000
v -0.069000 -0.025000 0.120000
v -0.068951 -0.024374 0.120000
v -0.068450 -0.024408 0.120000
v -0.068804 -0.023764 0.120000
v -0.068300 -0.023834 0.120000
v -0.068564 -0.023184 0.120000
v -0.068056 -0.023293 0.120000
v -0.068236 -0.022649 0.120000
v -0.067723 -0.022801 0.120000
v -0.067828 -0.022172 0.120000
v -0.067312 -0.022373 0.120000
v -0.067351 -0.021764 0.120000
v -0.066835 -0.022020 0.120000
v -0.066816 -0.021436 0.120000
v -0.066305 -0.021752 0.120000
v -0.066236 -0.021196 0.120000
v -0.065737 -0.021579 0.120000
v -0.065626 -0.021049 0.124000
v -0.065000 -0.021000 0.124000
v -0.064374 -0.021049 0.124000
v -0.063764 -0.021196 0.124000
v -0.063184 -0.021436 0.124000
v -0.062649 -0.021764 0.124000
v -0.062172 -0.022172 0.124000
v -0.061764 -0.022649 0.124000
v -0.061436 -0.023184 0.124000
v -0.061196 -0.023764 0.124000
v -0.061049 -0.024374 0.124000
v -0.061000 -0.025000 0.124000
v -0.061049 -0.025626 0.124000
v -0.061196 -0.026236 0.124000
v -0.061436 -0.026816 0.124000
v -0.061764 -0.027351 0.124000
v -0.062172 -0.027828 0.124000
v -0.062649 -0.028236 0.124000
v -0.063184 -0.028564 0.124000
v -0.063764 -0.028804 0.124000
v -0.064374 -0.028951 0.124000
v -0.065000 -0.029000 0.124000
v -0.065626 -0.028951 0.124000
v -0.066236 -0.028804 0.124000
v -0.066816 -0.028564 0.124000
v -0.067351 -0.028236 0.124000
v -0.067828 -0.027828 0.124000
v -0.068236 -0.027351 0.124000
v -0.068564 -0.026816 0.124000
v -0.068804 -0.026236 0.124000
v -0.068951 -0.025626 0.124000
v -0.069000 -0.025000 0.124000
v -0.068951 -0.024374 0.124000
v -0.068804 -0.023764 0.124000
v -0.068564 -0.023184 0.124000
v -0.068236 -0.022649 0.124000
v -0.067828 -0.022172 0.124000
v -0.067351 -0.021764 0.124000
v -0.066816 -0.021436 0.124000
v -0.066236 -0.021196 0.124000
v -0.065626 0.028951 0.120000
v -0.065000 0.029000 0.120000
v -0.064374 0.028951 0.120000
v -0.063764 0.028804 0.120000
v -0.063184 0.028564 0.120000
v -0.062649 0.028236 0.120000
v -0.062172 0.027828 0.120000
v -0.061764 0.027351 0.120000
v -0.061436 0.026816 0.120000
v -0.061196 0.026236 0.120000
v -0.061049 0.025626 0.120000
v -0.061000 0.025000 0.120000
v -0.061049 0.024374 0.120000
v -0.061196 0.023764 0.120000
v -0.061436 0.023184 0.120000
v -0.061764 0.022649 0.120000
v -0.062172 0.022172 0.120000
v -0.062649 0.021764 0.120000
v -0.063184 0.021436 0.120000
v -0.063764 0.021196 0.120000
v -0.064374 0.021049 0.120000
v -0.065000 0.021000 0.120000
v -0.065626 0.021049 0.120000
v -0.066236 0.021196 0.120000
v -0.066816 0.021436 0.120000
v -0.067351 0.021764 0.120000
v -0.067828 0.022172 0.120000
v -0.068236 0.022649 0.120000
v -0.068564 0.023184 0.120000
v -0.068804 0.023764 0.120000
v -0.068951 0.024374 0.120000
v -0.069000 0.025000 0.120000
v -0.068951 0.025626 0.120000
v -0.068804 0.026236 0.120000
v -0.068564 0.026816 0.120000
v -0.068236 0.027351 0.120000
v -0.067828 0.027828 0.120000
v -0.067351 0.028236 0.120000
v -0.066816 0.028564 0.120000
v -0.066236 0.028804 0.120000
v -0.065626 0.028951 0.124000
v -0.065000 0.029000 0.124000
v -0.064374 0.028951 0.124000
v -0.063764 0.028804 0.124000
v -0.063184 0.028564 0.124000
v -0.062649 0.028236 0.124000
v -0.062172 0.027828 0.124000
v -0.061764 0.027351 0.124000
v -0.061436 0.026816 0.124000
v -0.061196 0.026236 0.124000
v -0.061049 0.025626 0.124000
v -0.061000 0.025000 0.124000
v -0.061049 0.024374 0.124000
v -0.061196 0.023764 0.124000
v -0.061436 0.023184 0.124000
v -0.061764 0.022649 0.124000
v -0.062172 0.022172 0.124000
v -0.062649 0.021764 0.124000
v -0.063184 0.021436 0.124000
v -0.063764 0.021196 0.124000
v -0.064374 0.021049 0.124000
v -0.065000 0.021000 0.124000
v -0.065626 0.021049 0.124000
v -0.066236 0.021196 0.124000
v -0.066816 0.021436 0.124000
v -0.067351 0.021764 0.124000
v -0.067828 0.022172 0.124000
v -0.068236 0.022649 0.124000
v -0.068564 0.023184 0.124000
v -0.068804 0.023764 0.124000
v -0.068951 0.024374 0.124000
v -0.069000 0.025000 0.124000
v -0.068951 0.025626 0.124000
v -0.068804 0.026236 0.124000
v -0.068564 0.026816 0.124000
v -0.068236 0.027351 0.124000
v -0.067828 0.027828 0.124000
v -0.067351 0.028236 0.124000
v -0.066816 0.028564 0.124000
v -0.066236 0.028804 0.124000
v -0.075000 0.012000 0.124000
v -0.116000 0.012000 0.124000
v -0.102000 0.012000 0.048000
v -0.075000 0.012000 0.048000
v -0.075000 -0.050000 0.048000
v -0.075000 0.050000 0.048000
v -0.061229 0.040667 0.057771
v -0.061229 0.040667 0.058229
v -0.061214 0.040709 0.057701
v -0.061214 0.040709 0.058299
v -0.061197 0.040756 0.057638
v -0.061197 0.040756 0.058362
v -0.061155 0.040865 0.057523
v -0.061155 0.040865 0.058477
v -0.061052 0.041122 0.057325
v -0.061052 0.041122 0.058675
v -0.060937 0.041381 0.057172
v -0.060937 0.041381 0.058828
v -0.060804 0.041652 0.058958
v -0.060652 0.041934 0.059066
v -0.060652 0.041934 0.056934
v -0.060804 0.041652 0.057042
v -0.060485 0.042217 0.056848
v -0.060485 0.042217 0.059152
v -0.060304 0.042495 0.059212
v -0.060114 0.042762 0.059245
v -0.060114 0.042762 0.056755
v -0.060304 0.042495 0.056788
v -0.059919 0.043015 0.059247
v -0.059919 0.043015 0.056753
v -0.059708 0.043267 0.056785
v -0.059708 0.043267 0.059215
v -0.059488 0.043509 0.056860
v -0.059488 0.043509 0.059140
v -0.059378 0.043621 0.059084
v -0.059272 0.043727 0.059016
v -0.059272 0.043727 0.056984
v -0.059378 0.043621 0.056916
v -0.059171 0.043824 0.057065
v -0.059171 0.043824 0.058935
v -0.059076 0.043912 0.057158
v -0.059076 0.043912 0.058842
v -0.058989 0.043990 0.057266
v -0.058989 0.043990 0.058734
v -0.058909 0.044060 0.057391
v -0.058909 0.044060 0.058609
v -0.058841 0.044118 0.057531
v -0.058841 0.044118 0.058469
v -0.058791 0.044160 0.057683
v -0.058791 0.044160 0.058317
v -0.058760 0.044185 0.057841
v -0.058760 0.044185 0.058159
v -0.058750 0.044193 0.058000
v -0.061238 0.040642 0.058175
v -0.061238 0.040642 0.057825
v -0.061244 0.040623 0.058118
v -0.061244 0.040623 0.057882
v -0.061249 0.040612 0.058059
v -0.061249 0.040612 0.057941
v -0.061250 0.040608 0.058000
v -0.061229 0.040667 0.083229
v -0.061229 0.040667 0.082771
v -0.061238 0.040642 0.083175
v -0.061238 0.040642 0.082825
v -0.061244 0.040623 0.083118
v -0.061244 0.040623 0.082882
v -0.061249 0.040612 0.083059
v -0.061249 0.040612 0.082941
v -0.061250 0.040608 0.083000
v -0.061214 0.040709 0.082701
v -0.061214 0.040709 0.083299
v -0.061197 0.040756 0.082638
v -0.061197 0.040756 0.083362
v -0.061155 0.040865 0.082523
v -0.061155 0.040865 0.083477
v -0.061052 0.041122 0.082325
v -0.061052 0.041122 0.083675
v -0.060937 0.041381 0.082172
v -0.060937 0.041381 0.083828
v -0.060804 0.041652 0.083958
v -0.060652 0.041934 0.084066
v -0.060652 0.041934 0.081934
v -0.060804 0.041652 0.082042
v -0.060485 0.042217 0.081848
v -0.060485 0.042217 0.084152
v -0.060304 0.042495 0.084212
v -0.060114 0.042762 0.084245
v -0.060114 0.042762 0.081755
v -0.060304 0.042495 0.081788
v -0.059919 0.043015 0.084247
v -0.059919 0.043015 0.081753
v -0.059708 0.043267 0.081785
v -0.059708 0.043267 0.084215
v -0.059488 0.043509 0.081860
v -0.059488 0.043509 0.084140
v -0.059378 0.043621 0.084084
v -0.059272 0.043727 0.084016
v -0.059272 0.043727 0.081984
v -0.059378 0.043621 0.081916
v -0.059171 0.043824 0.082065
v -0.059171 0.043824 0.083935
v -0.059076 0.043912 0.082158
v -0.059076 0.043912 0.083842
v -0.058989 0.043990 0.082266
v -0.058989 0.043990 0.083734
v -0.058909 0.044060 0.082391
v -0.058909 0.044060 0.083609
v -0.058841 0.044118 0.082531
v -0.058841 0.044118 0.083469
v -0.058791 0.044160 0.082683
v -0.058791 0.044160 0.083317
v -0.058760 0.044185 0.082841
v -0.058760 0.044185 0.083159
v -0.058750 0.044193 0.083000
v 0.002243 0.049950 0.048000
v 0.000000 0.050000 0.048000
v 0.002211 0.049951 0.075500
v -0.000000 0.050000 0.098314
v -0.001265 0.049984 0.098332
v -0.002529 0.049936 0.098388
v -0.003791 0.049856 0.098481
v -0.005051 0.049744 0.098610
v -0.006307 0.049601 0.098777
v -0.007560 0.049425 0.098981
v -0.008808 0.049218 0.099221
v -0.010050 0.048980 0.099497
v -0.011285 0.048710 0.099810
v -0.012514 0.048409 0.100160
v -0.013734 0.048077 0.100545
v -0.014946 0.047714 0.100966
v -0.016148 0.047321 0.101422
v -0.017340 0.046897 0.101913
v -0.018521 0.046443 0.102439
v 0.004451 0.049801 0.075500
v 0.006682 0.049552 0.075500
v 0.008899 0.049202 0.075500
v 0.011099 0.048753 0.075500
v 0.013276 0.048205 0.075500
v 0.015426 0.047561 0.075500
v 0.017545 0.046821 0.075500
v 0.019629 0.045986 0.075500
v 0.021673 0.045059 0.075500
v 0.023674 0.044040 0.075500
v 0.025636 0.042928 0.075500
v 0.027536 0.041734 0.075500
v 0.029381 0.040457 0.075500
v 0.031167 0.039097 0.075500
v 0.032890 0.037659 0.075500
v 0.034547 0.036146 0.075500
v 0.036134 0.034559 0.075500
v 0.037649 0.032903 0.075500
v 0.039087 0.031180 0.075500
v 0.040447 0.029395 0.075500
v 0.041725 0.027550 0.075500
v 0.042920 0.025650 0.075500
v 0.044027 0.023698 0.075500
v 0.045046 0.021698 0.075500
v 0.045975 0.019655 0.075500
v 0.046810 0.017572 0.075500
v 0.047552 0.015454 0.075500
v 0.048197 0.013305 0.075500
v 0.048746 0.011128 0.075500
v 0.049196 0.008930 0.075500
v 0.049547 0.006713 0.075500
v 0.049799 0.004483 0.075500
v 0.049950 0.002244 0.075500
v 0.050000 -0.000000 0.075500
v 0.049950 -0.002244 0.075500
v 0.049950 -0.002243 0.048000
v 0.049799 -0.004482 0.048000
v 0.049799 -0.004483 0.075500
v 0.049547 -0.006712 0.048000
v 0.049547 -0.006713 0.075500
v 0.049196 -0.008928 0.048000
v 0.049196 -0.008930 0.075500
v 0.048746 -0.011126 0.048000
v 0.048746 -0.011128 0.075500
v 0.048198 -0.013302 0.048000
v 0.048197 -0.013305 0.075500
v 0.047553 -0.015451 0.048000
v 0.047552 -0.015454 0.075500
v 0.046812 -0.017569 0.048000
v 0.046810 -0.017572 0.075500
v 0.045976 -0.019651 0.048000
v 0.045975 -0.019655 0.075500
v 0.045048 -0.021694 0.048000
v 0.045046 -0.021698 0.075500
v 0.044030 -0.023693 0.048000
v 0.044027 -0.023698 0.075500
v 0.042922 -0.025645 0.048000
v 0.042920 -0.025650 0.075500
v 0.041729 -0.027545 0.048000
v 0.041725 -0.027550 0.075500
v 0.040451 -0.029389 0.048000
v 0.040447 -0.029395 0.075500
v 0.039092 -0.031174 0.048000
v 0.039087 -0.031180 0.075500
v 0.037654 -0.032897 0.048000
v 0.037649 -0.032903 0.075500
v 0.036140 -0.034553 0.048000
v 0.036134 -0.034559 0.075500
v 0.034553 -0.036140 0.048000
v 0.034547 -0.036146 0.075500
v 0.032897 -0.037654 0.048000
v 0.032890 -0.037659 0.075500
v 0.031174 -0.039092 0.048000
v 0.031167 -0.039097 0.075500
v 0.029389 -0.040451 0.048000
v 0.029381 -0.040457 0.075500
v 0.027545 -0.041729 0.048000
v 0.027536 -0.041734 0.075500
v 0.025645 -0.042922 0.048000
v 0.025636 -0.042928 0.075500
v 0.023693 -0.044030 0.048000
v 0.023674 -0.044040 0.075500
v 0.021694 -0.045048 0.048000
v 0.021673 -0.045059 0.075500
v 0.019651 -0.045976 0.048000
v 0.019629 -0.045986 0.075500
v 0.017569 -0.046812 0.048000
v 0.017545 -0.046821 0.075500
v 0.015451 -0.047553 0.048000
v 0.015426 -0.047561 0.075500
v 0.013302 -0.048198 0.048000
v 0.013276 -0.048205 0.075500
v 0.011126 -0.048746 0.048000
v 0.011099 -0.048753 0.075500
v 0.008928 -0.049196 0.048000
v 0.008899 -0.049202 0.075500
v 0.006712 -0.049547 0.048000
v 0.006682 -0.049552 0.075500
v 0.004482 -0.049799 0.048000
v 0.004451 -0.049801 0.075500
v 0.002243 -0.049950 0.048000
v 0.002211 -0.049951 0.075500
v 0.000000 -0.050000 0.048000
v 0.000000 -0.050000 0.098314
v -0.001265 -0.049984 0.098332
v -0.002529 -0.049936 0.098388
v -0.003791 -0.049856 0.098481
v -0.005051 -0.049744 0.098610
v -0.006307 -0.049601 0.098777
v -0.007560 -0.049425 0.098981
v -0.008808 -0.049218 0.099221
v -0.010050 -0.048980 0.099497
v -0.011285 -0.048710 0.099810
v -0.012514 -0.048409 0.100160
v -0.013734 -0.048077 0.100545
v -0.014946 -0.047714 0.100966
v -0.016148 -0.047321 0.101422
v -0.017340 -0.046897 0.101913
v -0.018521 -0.046443 0.102439
v 0.050000 -0.000000 0.048000
v 0.049950 0.002243 0.048000
v 0.049799 0.004482 0.048000
v 0.049547 0.006712 0.048000
v 0.049196 0.008928 0.048000
v 0.048746 0.011126 0.048000
v 0.048198 0.013302 0.048000
v 0.047553 0.015451 0.048000
v 0.046812 0.017569 0.048000
v 0.045976 0.019651 0.048000
v 0.045048 0.021694 0.048000
v 0.044030 0.023693 0.048000
v 0.042922 0.025645 0.048000
v 0.041729 0.027545 0.048000
v 0.040451 0.029389 0.048000
v 0.039092 0.031174 0.048000
v 0.037654 0.032897 0.048000
v 0.036140 0.034553 0.048000
v 0.034553 0.036140 0.048000
v 0.032897 0.037654 0.048000
v 0.031174 0.039092 0.048000
v 0.029389 0.040451 0.048000
v 0.027545 0.041729 0.048000
v 0.025645 0.042922 0.048000
v 0.023693 0.044030 0.048000
v 0.021694 0.045048 0.048000
v 0.019651 0.045976 0.048000
v 0.017569 0.046812 0.048000
v 0.015451 0.047553 0.048000
v 0.013302 0.048198 0.048000
v 0.011126 0.048746 0.048000
v 0.008928 0.049196 0.048000
v 0.006712 0.049547 0.048000
v 0.004482 0.049799 0.048000
v -0.065668 -0.050000 0.095000
v -0.016319 -0.050000 0.095000
v -0.015266 -0.050000 0.095014
v -0.014217 -0.050000 0.095057
v -0.013173 -0.050000 0.095126
v -0.012133 -0.050000 0.095223
v -0.011098 -0.050000 0.095347
v -0.010067 -0.050000 0.095496
v -0.008018 -0.050000 0.095871
v -0.005986 -0.050000 0.096343
v -0.003970 -0.050000 0.096911
v -0.001971 -0.050000 0.097571
v -0.066070 -0.050000 0.095020
v -0.066458 -0.050000 0.095081
v -0.066830 -0.050000 0.095181
v -0.067183 -0.050000 0.095321
v -0.067517 -0.050000 0.095499
v -0.067828 -0.050000 0.095715
v -0.068115 -0.050000 0.095967
v -0.068376 -0.050000 0.096254
v -0.068610 -0.050000 0.096574
v -0.068816 -0.050000 0.096926
v -0.068993 -0.050000 0.097307
v -0.069138 -0.050000 0.097715
v -0.069252 -0.050000 0.098148
v -0.069334 -0.050000 0.098603
v -0.069384 -0.050000 0.099079
v -0.069400 -0.050000 0.099571
v -0.069400 0.050000 0.099571
v -0.069384 0.050000 0.099079
v -0.069334 0.050000 0.098603
v -0.069252 0.050000 0.098148
v -0.069138 0.050000 0.097715
v -0.068993 0.050000 0.097307
v -0.068816 0.050000 0.096926
v -0.068610 0.050000 0.096574
v -0.068376 0.050000 0.096254
v -0.068115 0.050000 0.095967
v -0.061231 0.050000 0.082783
v -0.061250 0.050000 0.083000
v -0.067828 0.050000 0.095715
v -0.061231 0.050000 0.083217
v -0.067517 0.050000 0.095499
v -0.061175 0.050000 0.083428
v -0.067183 0.050000 0.095321
v -0.061083 0.050000 0.083625
v -0.066830 0.050000 0.095181
v -0.060958 0.050000 0.083803
v -0.066458 0.050000 0.095081
v -0.060803 0.050000 0.083958
v -0.066070 0.050000 0.095020
v -0.060625 0.050000 0.084083
v -0.065668 0.050000 0.095000
v -0.060428 0.050000 0.084175
v -0.060217 0.050000 0.084231
v -0.060000 0.050000 0.084250
v -0.059783 0.050000 0.084231
v -0.059572 0.050000 0.084175
v -0.059375 0.050000 0.084083
v -0.059197 0.050000 0.083958
v -0.016319 0.050000 0.095000
v -0.059042 0.050000 0.083803
v -0.058917 0.050000 0.083625
v -0.058825 0.050000 0.083428
v -0.058769 0.050000 0.083217
v -0.058750 0.050000 0.083000
v -0.058769 0.050000 0.082783
v -0.058825 0.050000 0.082572
v -0.058917 0.050000 0.082375
v -0.058917 0.050000 0.058625
v -0.059042 0.050000 0.082197
v -0.059042 0.050000 0.058803
v -0.059197 0.050000 0.082042
v -0.059197 0.050000 0.058958
v -0.059375 0.050000 0.081917
v -0.059375 0.050000 0.059083
v -0.059572 0.050000 0.081825
v -0.059572 0.050000 0.059175
v -0.059783 0.050000 0.081769
v -0.059783 0.050000 0.059231
v -0.060000 0.050000 0.081750
v -0.060000 0.050000 0.059250
v -0.060217 0.050000 0.081769
v -0.060217 0.050000 0.059231
v -0.060428 0.050000 0.081825
v -0.060428 0.050000 0.059175
v -0.060625 0.050000 0.081917
v -0.060625 0.050000 0.059083
v -0.060803 0.050000 0.082042
v -0.060803 0.050000 0.058958
v -0.060958 0.050000 0.082197
v -0.060958 0.050000 0.058803
v -0.061083 0.050000 0.082375
v -0.061083 0.050000 0.058625
v -0.061175 0.050000 0.058428
v -0.061231 0.050000 0.058217
v -0.015267 0.050000 0.095014
v -0.014219 0.050000 0.095056
v -0.013175 0.050000 0.095126
v -0.012136 0.050000 0.095223
v -0.011101 0.050000 0.095346
v -0.010070 0.050000 0.095496
v -0.008020 0.050000 0.095870
v -0.005986 0.050000 0.096343
v -0.003968 0.050000 0.096912
v -0.001969 0.050000 0.097571
v -0.059572 0.050000 0.056825
v -0.059375 0.050000 0.056917
v -0.059197 0.050000 0.057042
v -0.061175 0.050000 0.082572
v -0.060217 0.050000 0.056769
v -0.060000 0.050000 0.056750
v -0.059783 0.050000 0.056769
v -0.059042 0.050000 0.057197
v -0.058917 0.050000 0.057375
v -0.058825 0.050000 0.057572
v -0.058769 0.050000 0.057783
v -0.058750 0.050000 0.058000
v -0.058769 0.050000 0.058217
v -0.058825 0.050000 0.058428
v -0.061250 0.050000 0.058000
v -0.061231 0.050000 0.057783
v -0.061175 0.050000 0.057572
v -0.061083 0.050000 0.057375
v -0.060958 0.050000 0.057197
v -0.060803 0.050000 0.057042
v -0.060625 0.050000 0.056917
v -0.060428 0.050000 0.056825
v -0.102000 -0.050000 0.048000
v -0.116000 -0.050000 0.048000
v -0.116000 0.050000 0.048000
v -0.102000 0.050000 0.048000
v -0.032094 -0.042654 0.102346
v -0.031118 -0.043289 0.101711
v -0.030129 -0.043904 0.101096
v -0.029128 -0.044498 0.100502
v -0.028115 -0.045073 0.099927
v -0.027091 -0.045627 0.099373
v -0.026056 -0.046161 0.098839
v -0.025010 -0.046674 0.098326
v -0.023955 -0.047165 0.097835
v -0.022889 -0.047635 0.097365
v -0.021815 -0.048084 0.096916
v -0.020732 -0.048511 0.096489
v -0.019640 -0.048917 0.096083
v -0.018540 -0.049300 0.095700
v -0.017433 -0.049661 0.095339
v -0.017433 0.049661 0.095339
v -0.018540 0.049300 0.095700
v -0.019640 0.048917 0.096083
v -0.020732 0.048511 0.096489
v -0.021815 0.048084 0.096916
v -0.022889 0.047635 0.097365
v -0.023955 0.047165 0.097835
v -0.025010 0.046674 0.098326
v -0.026056 0.046161 0.098839
v -0.027091 0.045627 0.099373
v -0.028115 0.045073 0.099927
v -0.029128 0.044498 0.100502
v -0.030129 0.043904 0.101096
v -0.031118 0.043289 0.101711
v -0.032094 0.042654 0.102346
v -0.001410 0.049989 0.097952
v -0.002819 0.049930 0.098020
v -0.002842 0.049957 0.097633
v -0.004261 0.049856 0.097747
v -0.004297 0.049900 0.097359
v -0.005724 0.049758 0.097517
v -0.005775 0.049820 0.097129
v -0.007209 0.049634 0.097331
v -0.007275 0.049714 0.096945
v -0.008717 0.049484 0.097192
v -0.008798 0.049581 0.096809
v -0.010246 0.049307 0.097100
v -0.010344 0.049420 0.096722
v -0.011797 0.049101 0.097056
v -0.011911 0.049231 0.096684
v -0.012945 0.048978 0.096948
v -0.013073 0.049125 0.096583
v -0.014112 0.048848 0.096869
v -0.014251 0.049011 0.096514
v -0.015295 0.048711 0.096821
v -0.015447 0.048890 0.096478
v -0.016495 0.048566 0.096807
v -0.016659 0.048761 0.096476
v -0.018030 0.048304 0.096938
v -0.018209 0.048513 0.096622
v -0.019581 0.048016 0.097121
v -0.019775 0.048239 0.096822
v -0.021148 0.047704 0.097358
v -0.021354 0.047938 0.097077
v -0.022726 0.047365 0.097651
v -0.005827 0.049902 0.096743
v -0.004335 0.049964 0.096971
v -0.007413 0.049931 0.096185
v -0.007343 0.049813 0.096563
v -0.009056 0.049987 0.095695
v -0.008968 0.049833 0.096059
v -0.008882 0.049697 0.096431
v -0.010651 0.049875 0.095631
v -0.012268 0.049734 0.095622
v -0.012390 0.049937 0.095290
v -0.013466 0.049675 0.095554
v -0.013599 0.049892 0.095236
v -0.014680 0.049608 0.095522
v -0.014824 0.049839 0.095219
v -0.015910 0.049531 0.095527
v -0.016064 0.049773 0.095242
v -0.017155 0.049442 0.095573
v -0.018567 0.048977 0.096038
v -0.016990 0.049201 0.095858
v -0.018389 0.048738 0.096321
v -0.016825 0.048973 0.096160
v -0.019967 0.048476 0.096540
v -0.024083 0.046756 0.098260
v -0.022506 0.047133 0.097930
v -0.023849 0.046527 0.098538
v -0.022285 0.046916 0.098227
v -0.023614 0.046313 0.098833
v -0.022064 0.046716 0.098540
v -0.023379 0.046117 0.099146
v -0.021844 0.046535 0.098869
v -0.023146 0.045939 0.099473
v -0.021627 0.046372 0.099211
v -0.022915 0.045781 0.099815
v -0.021413 0.046230 0.099565
v -0.022688 0.045643 0.100170
v -0.021203 0.046108 0.099931
v -0.022465 0.045527 0.100535
v -0.020998 0.046008 0.100306
v -0.022248 0.045433 0.100911
v -0.020800 0.045930 0.100689
v -0.022038 0.045361 0.101294
v -0.020608 0.045875 0.101077
v -0.021835 0.045312 0.101684
v -0.020425 0.045841 0.101470
v -0.021641 0.045285 0.102077
v -0.020250 0.045829 0.101865
v -0.021456 0.045280 0.102473
v -0.020084 0.045839 0.102260
v -0.021281 0.045297 0.102870
v -0.019927 0.045870 0.102654
v -0.025424 0.046112 0.098905
v -0.025176 0.045886 0.099180
v -0.024927 0.045675 0.099474
v -0.024679 0.045483 0.099785
v -0.024432 0.045309 0.100112
v -0.024187 0.045156 0.100454
v -0.023947 0.045023 0.100808
v -0.023711 0.044913 0.101175
v -0.023482 0.044824 0.101551
v -0.023260 0.044759 0.101935
v -0.023047 0.044716 0.102325
v -0.022842 0.044696 0.102720
v -0.026747 0.045433 0.099584
v -0.026486 0.045210 0.099858
v -0.026223 0.045003 0.100150
v -0.025961 0.044815 0.100460
v -0.025700 0.044646 0.100786
v -0.025443 0.044497 0.101127
v -0.025189 0.044370 0.101482
v -0.024941 0.044265 0.101848
v -0.024700 0.044183 0.102225
v -0.024466 0.044124 0.102610
v -0.028053 0.044720 0.100297
v -0.029250 0.044027 0.100991
v -0.030429 0.043305 0.101713
v -0.031592 0.042555 0.102463
v -0.031279 0.042345 0.102729
v -0.029828 0.042897 0.102268
v -0.029526 0.042721 0.102574
v -0.029227 0.042566 0.102898
v -0.028098 0.043271 0.102181
v -0.027814 0.043133 0.102522
v -0.026680 0.043805 0.101834
v -0.026414 0.043684 0.102189
v -0.027536 0.043017 0.102876
v -0.026153 0.043585 0.102556
v -0.025900 0.043510 0.102933
v -0.018725 0.046373 0.102079
v -0.017509 0.046845 0.101540
v -0.016282 0.047286 0.101038
v -0.015044 0.047694 0.100572
v -0.014088 0.047985 0.100240
v -0.013126 0.048257 0.099929
v -0.012159 0.048509 0.099641
v -0.011187 0.048742 0.099375
v -0.009809 0.049038 0.099037
v -0.008422 0.049295 0.098744
v -0.007028 0.049513 0.098496
v -0.005630 0.049691 0.098292
v -0.004226 0.049830 0.098134
v -0.005676 0.049715 0.097905
v -0.007086 0.049534 0.098108
v -0.008491 0.049313 0.098356
v -0.009888 0.049052 0.098649
v -0.011278 0.048752 0.098986
v -0.012258 0.048516 0.099252
v -0.013232 0.048260 0.099540
v -0.014201 0.047984 0.099849
v -0.015165 0.047689 0.100181
v -0.016412 0.047275 0.100646
v -0.017648 0.046828 0.101148
v -0.018872 0.046350 0.101686
v -0.019029 0.046347 0.101292
v -0.019194 0.046365 0.100898
v -0.019367 0.046405 0.100506
v -0.019547 0.046467 0.100118
v -0.019734 0.046551 0.099736
v -0.019926 0.046656 0.099362
v -0.020122 0.046782 0.098997
v -0.020323 0.046929 0.098642
v -0.020527 0.047095 0.098299
v -0.020733 0.047281 0.097971
v -0.020940 0.047484 0.097656
v -0.017796 0.046832 0.100754
v -0.017950 0.046856 0.100361
v -0.018112 0.046902 0.099971
v -0.018281 0.046970 0.099584
v -0.018455 0.047059 0.099202
v -0.018634 0.047169 0.098828
v -0.018818 0.047300 0.098463
v -0.019006 0.047451 0.098108
v -0.019196 0.047621 0.097766
v -0.019388 0.047810 0.097436
v -0.016550 0.047284 0.100253
v -0.016694 0.047315 0.099861
v -0.016845 0.047366 0.099471
v -0.017001 0.047439 0.099085
v -0.017163 0.047533 0.098704
v -0.017330 0.047648 0.098331
v -0.017501 0.047783 0.097966
v -0.017675 0.047938 0.097611
v -0.017852 0.048112 0.097268
v -0.015292 0.047704 0.099789
v -0.015426 0.047740 0.099398
v -0.015565 0.047796 0.099008
v -0.015710 0.047874 0.098623
v -0.015860 0.047972 0.098242
v -0.016014 0.048091 0.097869
v -0.016171 0.048230 0.097504
v -0.016332 0.048389 0.097150
v -0.014321 0.048003 0.099458
v -0.014446 0.048043 0.099067
v -0.014577 0.048103 0.098678
v -0.014713 0.048184 0.098293
v -0.014853 0.048286 0.097913
v -0.014997 0.048408 0.097540
v -0.015145 0.048550 0.097176
v -0.013344 0.048282 0.099149
v -0.013461 0.048326 0.098758
v -0.013583 0.048389 0.098370
v -0.013709 0.048474 0.097985
v -0.013840 0.048578 0.097606
v -0.013974 0.048703 0.097233
v -0.012361 0.048542 0.098862
v -0.012470 0.048589 0.098472
v -0.012583 0.048655 0.098084
v -0.012700 0.048743 0.097699
v -0.012821 0.048850 0.097320
v -0.011374 0.048782 0.098596
v -0.011474 0.048831 0.098207
v -0.011578 0.048901 0.097819
v -0.011686 0.048991 0.097435
v -0.009972 0.049086 0.098260
v -0.010060 0.049140 0.097871
v -0.010152 0.049213 0.097484
v -0.008563 0.049350 0.097967
v -0.008638 0.049407 0.097579
v -0.007146 0.049574 0.097720
v -0.010444 0.049553 0.096350
v -0.010546 0.049705 0.095986
v -0.012028 0.049380 0.096320
v -0.012147 0.049548 0.095965
v -0.013202 0.049290 0.096229
v -0.014393 0.049193 0.096171
v -0.015601 0.049088 0.096147
v -0.026951 0.043949 0.101494
v -0.027225 0.044113 0.101168
v -0.027501 0.044297 0.100860
v -0.027778 0.044500 0.100569
v -0.013333 0.049474 0.095885
v -0.014536 0.049392 0.095839
v -0.015756 0.049301 0.095830
v -0.028384 0.043431 0.101857
v -0.028673 0.043611 0.101550
v -0.028962 0.043810 0.101260
v -0.030129 0.043092 0.101980
v -0.020808 -0.045516 0.102624
v -0.019228 -0.046167 0.102315
v -0.017792 -0.046739 0.101662
v -0.016425 -0.047237 0.101094
v -0.015044 -0.047694 0.100572
v -0.013703 -0.048096 0.100113
v -0.012351 -0.048461 0.099697
v -0.010989 -0.048787 0.099324
v -0.009619 -0.049076 0.098995
v -0.008241 -0.049326 0.098709
v -0.006857 -0.049537 0.098468
v -0.005467 -0.049710 0.098271
v -0.004073 -0.049843 0.098119
v -0.003057 -0.049916 0.098036
v -0.002038 -0.049968 0.097977
v -0.001019 -0.049999 0.097941
v -0.002055 -0.049995 0.097590
v -0.003108 -0.049988 0.097262
v -0.003082 -0.049942 0.097649
v -0.004107 -0.049869 0.097732
v -0.022398 -0.044824 0.102978
v -0.020979 -0.045502 0.102228
v -0.019540 -0.046135 0.101526
v -0.019380 -0.046140 0.101921
v -0.018082 -0.046722 0.100876
v -0.017933 -0.046720 0.101269
v -0.016694 -0.047234 0.100310
v -0.016556 -0.047225 0.100702
v -0.015292 -0.047704 0.099789
v -0.015165 -0.047689 0.100181
v -0.013930 -0.048118 0.099331
v -0.013813 -0.048097 0.099723
v -0.012556 -0.048492 0.098917
v -0.012451 -0.048467 0.099307
v -0.011172 -0.048828 0.098545
v -0.011078 -0.048798 0.098935
v -0.009780 -0.049125 0.098217
v -0.009697 -0.049090 0.098606
v -0.008379 -0.049382 0.097933
v -0.008309 -0.049344 0.098321
v -0.006972 -0.049599 0.097692
v -0.006913 -0.049558 0.098081
v -0.005559 -0.049776 0.097496
v -0.005512 -0.049733 0.097884
v -0.004142 -0.049913 0.097344
v -0.024212 -0.044105 0.102984
v -0.022590 -0.044823 0.102581
v -0.021160 -0.045509 0.101832
v -0.019710 -0.046150 0.101132
v -0.018239 -0.046746 0.100482
v -0.016840 -0.047263 0.099917
v -0.015426 -0.047740 0.099398
v -0.014052 -0.048159 0.098941
v -0.012666 -0.048538 0.098527
v -0.011271 -0.048878 0.098156
v -0.009866 -0.049179 0.097828
v -0.008453 -0.049439 0.097544
v -0.007034 -0.049659 0.097304
v -0.005608 -0.049839 0.097108
v -0.004179 -0.049978 0.096957
v -0.024437 -0.044140 0.102593
v -0.024670 -0.044199 0.102208
v -0.024911 -0.044282 0.101831
v -0.023450 -0.045045 0.101037
v -0.023683 -0.045157 0.100671
v -0.022184 -0.045880 0.099926
v -0.022406 -0.046020 0.099571
v -0.020869 -0.046701 0.098875
v -0.021079 -0.046866 0.098533
v -0.019505 -0.047503 0.097886
v -0.019701 -0.047691 0.097557
v -0.018188 -0.048248 0.096994
v -0.019898 -0.047897 0.097240
v -0.018370 -0.048459 0.096676
v -0.020094 -0.048118 0.096943
v -0.018550 -0.048682 0.096378
v -0.018730 -0.048921 0.096094
v -0.017155 -0.049441 0.095573
v -0.026347 -0.043472 0.102673
v -0.026610 -0.043570 0.102306
v -0.026878 -0.043691 0.101951
v -0.025412 -0.044514 0.101110
v -0.025669 -0.044663 0.100769
v -0.024162 -0.045445 0.099975
v -0.024406 -0.045619 0.099648
v -0.022859 -0.046359 0.098901
v -0.024652 -0.045813 0.099336
v -0.023089 -0.046557 0.098588
v -0.024898 -0.046024 0.099042
v -0.023318 -0.046771 0.098293
v -0.023546 -0.047001 0.098015
v -0.021928 -0.047703 0.097313
v -0.028318 -0.042822 0.102840
v -0.028607 -0.042958 0.102499
v -0.028899 -0.043116 0.102175
v -0.029194 -0.043294 0.101868
v -0.030653 -0.042361 0.102806
v -0.030964 -0.042554 0.102520
v -0.031273 -0.042764 0.102254
v -0.029781 -0.043706 0.101311
v -0.029488 -0.043491 0.101580
v -0.028261 -0.044602 0.100415
v -0.027984 -0.044383 0.100687
v -0.026714 -0.045450 0.099567
v -0.026453 -0.045227 0.099840
v -0.025142 -0.046250 0.098766
v -0.020289 -0.048354 0.096661
v -0.015625 -0.049899 0.095115
v -0.016990 -0.049200 0.095858
v -0.015475 -0.049656 0.095401
v -0.015326 -0.049428 0.095702
v -0.013814 -0.049839 0.095288
v -0.013678 -0.049621 0.095608
v -0.012170 -0.049987 0.095239
v -0.013543 -0.049420 0.095940
v -0.012051 -0.049784 0.095571
v -0.013410 -0.049237 0.096283
v -0.011932 -0.049598 0.095915
v -0.013279 -0.049072 0.096638
v -0.011815 -0.049430 0.096269
v -0.013149 -0.048925 0.097002
v -0.011701 -0.049280 0.096633
v -0.013023 -0.048798 0.097375
v -0.011588 -0.049150 0.097006
v -0.012900 -0.048691 0.097754
v -0.011479 -0.049039 0.097384
v -0.012781 -0.048604 0.098139
v -0.011373 -0.048949 0.097768
v -0.010445 -0.049917 0.095589
v -0.010343 -0.049746 0.095943
v -0.008776 -0.049866 0.096025
v -0.010242 -0.049594 0.096307
v -0.010144 -0.049461 0.096679
v -0.007232 -0.049957 0.096157
v -0.007164 -0.049838 0.096535
v -0.007098 -0.049739 0.096918
v -0.008530 -0.049516 0.097158
v -0.005659 -0.049921 0.096723
v -0.021350 -0.045539 0.101439
v -0.022793 -0.044844 0.102187
v -0.021549 -0.045591 0.101050
v -0.023004 -0.044888 0.101797
v -0.021754 -0.045665 0.100667
v -0.023224 -0.044955 0.101413
v -0.021966 -0.045762 0.100292
v -0.019887 -0.046188 0.100740
v -0.020072 -0.046247 0.100352
v -0.020263 -0.046328 0.099970
v -0.020460 -0.046431 0.099595
v -0.020663 -0.046556 0.099230
v -0.018404 -0.046790 0.100091
v -0.018575 -0.046856 0.099704
v -0.018752 -0.046944 0.099323
v -0.018935 -0.047053 0.098949
v -0.019121 -0.047183 0.098583
v -0.019312 -0.047333 0.098229
v -0.016992 -0.047314 0.099527
v -0.017150 -0.047386 0.099141
v -0.017314 -0.047480 0.098760
v -0.017482 -0.047594 0.098386
v -0.017654 -0.047729 0.098021
v -0.017830 -0.047883 0.097667
v -0.018008 -0.048057 0.097324
v -0.015565 -0.047796 0.099008
v -0.015710 -0.047874 0.098623
v -0.015860 -0.047972 0.098242
v -0.016014 -0.048091 0.097869
v -0.016171 -0.048230 0.097504
v -0.016332 -0.048389 0.097150
v -0.016495 -0.048566 0.096807
v -0.016659 -0.048761 0.096476
v -0.014179 -0.048220 0.098552
v -0.014311 -0.048303 0.098167
v -0.014447 -0.048406 0.097787
v -0.014588 -0.048529 0.097415
v -0.014731 -0.048672 0.097050
v -0.014877 -0.048834 0.096695
v -0.015025 -0.049014 0.096352
v -0.015175 -0.049212 0.096021
v -0.016826 -0.048975 0.096158
v -0.009955 -0.049253 0.097441
v -0.010048 -0.049347 0.097058
v -0.008610 -0.049613 0.096775
v -0.008692 -0.049730 0.096396
v -0.025159 -0.044387 0.101465
v -0.027151 -0.043833 0.101611
v -0.027427 -0.043997 0.101286
v -0.023921 -0.045290 0.100316
v -0.022631 -0.046179 0.099229
v -0.021290 -0.047050 0.098204
v -0.021504 -0.047252 0.097889
v -0.021716 -0.047470 0.097593
v -0.025929 -0.044832 0.100443
v -0.026192 -0.045021 0.100132
v -0.027706 -0.044181 0.100977
v -0.060217 0.045304 0.056769
v -0.060000 0.045304 0.056750
v -0.059783 0.045304 0.056769
v -0.059572 0.045304 0.056825
v -0.059375 0.045304 0.056917
v -0.059197 0.045304 0.057042
v -0.059042 0.045304 0.057197
v -0.058917 0.045304 0.057375
v -0.058825 0.045304 0.057572
v -0.058769 0.045304 0.057783
v -0.058750 0.045304 0.058000
v -0.060428 0.045304 0.056825
v -0.060625 0.045304 0.056917
v -0.060804 0.045304 0.057042
v -0.060958 0.045304 0.057197
v -0.061083 0.045304 0.057375
v -0.061175 0.045304 0.057572
v -0.061231 0.045304 0.057783
v -0.061250 0.045304 0.058000
v -0.061231 0.045304 0.058217
v -0.061175 0.045304 0.058428
v -0.061083 0.045304 0.058625
v -0.060958 0.045304 0.058803
v -0.060804 0.045304 0.058958
v -0.060625 0.045304 0.059083
v -0.060428 0.045304 0.059175
v -0.060217 0.045304 0.059231
v -0.060000 0.045304 0.059250
v -0.059783 0.045304 0.059231
v -0.059572 0.045304 0.059175
v -0.059375 0.045304 0.059083
v -0.059197 0.045304 0.058958
v -0.059042 0.045304 0.058803
v -0.058917 0.045304 0.058625
v -0.058825 0.045304 0.058428
v -0.058769 0.045304 0.058217
v -0.060217 0.045304 0.081769
v -0.060000 0.045304 0.081750
v -0.059783 0.045304 0.081769
v -0.059572 0.045304 0.081825
v -0.059375 0.045304 0.081917
v -0.059197 0.045304 0.082042
v -0.059042 0.045304 0.082197
v -0.058917 0.045304 0.082375
v -0.058825 0.045304 0.082572
v -0.058769 0.045304 0.082783
v -0.058750 0.045304 0.083000
v -0.060428 0.045304 0.081825
v -0.060625 0.045304 0.081917
v -0.060804 0.045304 0.082042
v -0.060958 0.045304 0.082197
v -0.061083 0.045304 0.082375
v -0.061175 0.045304 0.082572
v -0.061231 0.045304 0.082783
v -0.061250 0.045304 0.083000
v -0.061231 0.045304 0.083217
v -0.061175 0.045304 0.083428
v -0.061083 0.045304 0.083625
v -0.060958 0.045304 0.083803
v -0.060804 0.045304 0.083958
v -0.060625 0.045304 0.084083
v -0.060428 0.045304 0.084175
v -0.060217 0.045304 0.084231
v -0.060000 0.045304 0.084250
v -0.059783 0.045304 0.084231
v -0.059572 0.045304 0.084175
v -0.059375 0.045304 0.084083
v -0.059197 0.045304 0.083958
v -0.059042 0.045304 0.083803
v -0.058917 0.045304 0.083625
v -0.058825 0.045304 0.083428
v -0.058769 0.045304 0.083217
v -0.068102 -0.025547 0.124000
v -0.066500 -0.025866 0.124000
v -0.068150 -0.025000 0.124000
v -0.066500 -0.024134 0.124000
v -0.068102 -0.024453 0.124000
v -0.067960 -0.023923 0.124000
v -0.067728 -0.023425 0.124000
v -0.067413 -0.022975 0.124000
v -0.067025 -0.022587 0.124000
v -0.066575 -0.022272 0.124000
v -0.065000 -0.023268 0.124000
v -0.066077 -0.022040 0.124000
v -0.065547 -0.021898 0.124000
v -0.065000 -0.021850 0.124000
v -0.064453 -0.021898 0.124000
v -0.063923 -0.022040 0.124000
v -0.063425 -0.022272 0.124000
v -0.063500 -0.024134 0.124000
v -0.062975 -0.022587 0.124000
v -0.062587 -0.022975 0.124000
v -0.062272 -0.023425 0.124000
v -0.062040 -0.023923 0.124000
v -0.061898 -0.024453 0.124000
v -0.061850 -0.025000 0.124000
v -0.063500 -0.025866 0.124000
v -0.061898 -0.025547 0.124000
v -0.062040 -0.026077 0.124000
v -0.062272 -0.026575 0.124000
v -0.062587 -0.027025 0.124000
v -0.062975 -0.027413 0.124000
v -0.063425 -0.027728 0.124000
v -0.065000 -0.026732 0.124000
v -0.063923 -0.027960 0.124000
v -0.064453 -0.028102 0.124000
v -0.065000 -0.028150 0.124000
v -0.065547 -0.028102 0.124000
v -0.066077 -0.027960 0.124000
v -0.066575 -0.027728 0.124000
v -0.067025 -0.027413 0.124000
v -0.067413 -0.027025 0.124000
v -0.067728 -0.026575 0.124000
v -0.067960 -0.026077 0.124000
v -0.068450 -0.025592 0.123650
v -0.068500 -0.025000 0.123650
v -0.068450 -0.024408 0.123650
v -0.068300 -0.023834 0.123650
v -0.068056 -0.023293 0.123650
v -0.067723 -0.022801 0.123650
v -0.067312 -0.022373 0.123650
v -0.066835 -0.022020 0.123650
v -0.066305 -0.021752 0.123650
v -0.065737 -0.021579 0.123650
v -0.065149 -0.021503 0.123650
v -0.064555 -0.021528 0.123650
v -0.063975 -0.021653 0.123650
v -0.063424 -0.021875 0.123650
v -0.062919 -0.022186 0.123650
v -0.062473 -0.022578 0.123650
v -0.062100 -0.023040 0.123650
v -0.061811 -0.023558 0.123650
v -0.061613 -0.024118 0.123650
v -0.061513 -0.024703 0.123650
v -0.061513 -0.025297 0.123650
v -0.061613 -0.025882 0.123650
v -0.061811 -0.026442 0.123650
v -0.062100 -0.026960 0.123650
v -0.062473 -0.027422 0.123650
v -0.062919 -0.027814 0.123650
v -0.063424 -0.028125 0.123650
v -0.063975 -0.028347 0.123650
v -0.064555 -0.028472 0.123650
v -0.065149 -0.028497 0.123650
v -0.065737 -0.028421 0.123650
v -0.066305 -0.028248 0.123650
v -0.066835 -0.027980 0.123650
v -0.067312 -0.027627 0.123650
v -0.067723 -0.027199 0.123650
v -0.068056 -0.026707 0.123650
v -0.068300 -0.026166 0.123650
v -0.066500 -0.025866 0.122000
v -0.065000 -0.026732 0.122000
v -0.066500 -0.024134 0.122000
v -0.065000 -0.023268 0.122000
v -0.063500 -0.025866 0.122000
v -0.063500 -0.024134 0.122000
v -0.052097 -0.008153 0.127925
v -0.052782 -0.007923 0.128611
v -0.052075 -0.008500 0.127904
v -0.052782 -0.009077 0.128611
v -0.052097 -0.008847 0.127925
v -0.052161 -0.009184 0.127989
v -0.052265 -0.009500 0.128093
v -0.052406 -0.009786 0.128235
v -0.052581 -0.010032 0.128409
v -0.052782 -0.010232 0.128611
v -0.053490 -0.009655 0.129318
v -0.053006 -0.010379 0.128834
v -0.053244 -0.010470 0.129072
v -0.053490 -0.010500 0.129318
v -0.053735 -0.010470 0.129564
v -0.053973 -0.010379 0.129802
v -0.054197 -0.010232 0.130025
v -0.054197 -0.009077 0.130025
v -0.054399 -0.010032 0.130227
v -0.054573 -0.009786 0.130401
v -0.054714 -0.009500 0.130543
v -0.054819 -0.009184 0.130647
v -0.054882 -0.008847 0.130711
v -0.054904 -0.008500 0.130732
v -0.054197 -0.007923 0.130025
v -0.054882 -0.008153 0.130711
v -0.054819 -0.007816 0.130647
v -0.054714 -0.007500 0.130543
v -0.054573 -0.007214 0.130401
v -0.054399 -0.006968 0.130227
v -0.054197 -0.006768 0.130025
v -0.053490 -0.007345 0.129318
v -0.053973 -0.006621 0.129802
v -0.053735 -0.006530 0.129564
v -0.053490 -0.006500 0.129318
v -0.053244 -0.006530 0.129072
v -0.053006 -0.006621 0.128834
v -0.052782 -0.006768 0.128611
v -0.052581 -0.006968 0.128409
v -0.052406 -0.007214 0.128235
v -0.052265 -0.007500 0.128093
v -0.052161 -0.007816 0.127989
v -0.052100 -0.008109 0.127574
v -0.052075 -0.008500 0.127550
v -0.052100 -0.008891 0.127574
v -0.052171 -0.009270 0.127646
v -0.052289 -0.009625 0.127763
v -0.052448 -0.009946 0.127922
v -0.052644 -0.010224 0.128119
v -0.052871 -0.010449 0.128346
v -0.053122 -0.010614 0.128597
v -0.053390 -0.010716 0.128865
v -0.053666 -0.010750 0.129141
v -0.053943 -0.010716 0.129418
v -0.054211 -0.010614 0.129685
v -0.054462 -0.010449 0.129937
v -0.054689 -0.010224 0.130164
v -0.054885 -0.009946 0.130360
v -0.055044 -0.009625 0.130519
v -0.055161 -0.009270 0.130636
v -0.055233 -0.008891 0.130708
v -0.055257 -0.008500 0.130732
v -0.055233 -0.008109 0.130708
v -0.055161 -0.007730 0.130636
v -0.055044 -0.007375 0.130519
v -0.054885 -0.007054 0.130360
v -0.054689 -0.006776 0.130164
v -0.054462 -0.006551 0.129937
v -0.054211 -0.006386 0.129685
v -0.053943 -0.006284 0.129418
v -0.053666 -0.006250 0.129141
v -0.053390 -0.006284 0.128865
v -0.053122 -0.006386 0.128597
v -0.052871 -0.006551 0.128346
v -0.052644 -0.006776 0.128119
v -0.052448 -0.007054 0.127922
v -0.052289 -0.007375 0.127763
v -0.052171 -0.007730 0.127646
v -0.053843 -0.007923 0.127550
v -0.054550 -0.007345 0.128257
v -0.053843 -0.009077 0.127550
v -0.054550 -0.009655 0.128257
v -0.055257 -0.007923 0.128964
v -0.055257 -0.009077 0.128964
v -0.064118 0.008847 0.139946
v -0.064803 0.009077 0.140632
v -0.064096 0.008500 0.139925
v -0.064803 0.007923 0.140632
v -0.064118 0.008153 0.139946
v -0.064181 0.007816 0.140010
v -0.064286 0.007500 0.140114
v -0.064427 0.007214 0.140255
v -0.064601 0.006968 0.140430
v -0.064803 0.006768 0.140632
v -0.065510 0.007345 0.141339
v -0.065027 0.006621 0.140855
v -0.065265 0.006530 0.141093
v -0.065510 0.006500 0.141339
v -0.065756 0.006530 0.141584
v -0.065994 0.006621 0.141823
v -0.066218 0.006768 0.142046
v -0.066218 0.007923 0.142046
v -0.066419 0.006968 0.142248
v -0.066594 0.007214 0.142422
v -0.066735 0.007500 0.142564
v -0.066839 0.007816 0.142668
v -0.066903 0.008153 0.142732
v -0.066925 0.008500 0.142753
v -0.066218 0.009077 0.142046
v -0.066903 0.008847 0.142732
v -0.066839 0.009184 0.142668
v -0.066735 0.009500 0.142564
v -0.066594 0.009786 0.142422
v -0.066419 0.010032 0.142248
v -0.066218 0.010232 0.142046
v -0.065510 0.009655 0.141339
v -0.065994 0.010379 0.141823
v -0.065756 0.010470 0.141584
v -0.065510 0.010500 0.141339
v -0.065265 0.010470 0.141093
v -0.065027 0.010379 0.140855
v -0.064803 0.010232 0.140632
v -0.064601 0.010032 0.140430
v -0.064427 0.009786 0.140255
v -0.064286 0.009500 0.140114
v -0.064181 0.009184 0.140010
v -0.064120 0.008891 0.139595
v -0.064096 0.008500 0.139571
v -0.064120 0.008109 0.139595
v -0.064192 0.007730 0.139667
v -0.064309 0.007375 0.139784
v -0.064468 0.007054 0.139943
v -0.064665 0.006776 0.140139
v -0.064892 0.006551 0.140367
v -0.065143 0.006386 0.140618
v -0.065411 0.006284 0.140886
v -0.065687 0.006250 0.141162
v -0.065963 0.006284 0.141438
v -0.066231 0.006386 0.141706
v -0.066483 0.006551 0.141958
v -0.066710 0.006776 0.142185
v -0.066906 0.007054 0.142381
v -0.067065 0.007375 0.142540
v -0.067182 0.007730 0.142657
v -0.067254 0.008109 0.142729
v -0.067278 0.008500 0.142753
v -0.067254 0.008891 0.142729
v -0.067182 0.009270 0.142657
v -0.067065 0.009625 0.142540
v -0.066906 0.009946 0.142381
v -0.066710 0.010224 0.142185
v -0.066483 0.010449 0.141958
v -0.066231 0.010614 0.141706
v -0.065963 0.010716 0.141438
v -0.065687 0.010750 0.141162
v -0.065411 0.010716 0.140886
v -0.065143 0.010614 0.140618
v -0.064892 0.010449 0.140367
v -0.064665 0.010224 0.140139
v -0.064468 0.009946 0.139943
v -0.064309 0.009625 0.139784
v -0.064192 0.009270 0.139667
v -0.065864 0.009077 0.139571
v -0.066571 0.009655 0.140278
v -0.065864 0.007923 0.139571
v -0.066571 0.007345 0.140278
v -0.067278 0.009077 0.140985
v -0.067278 0.007923 0.140985
vn -0.8660 0.5000 0.0000
vn -0.8660 0.5001 -0.0000
vn 0.1658 0.4038 -0.8997
vn 0.2260 0.4001 -0.8882
vn 0.2611 0.4451 -0.8565
vn 0.2581 0.4918 -0.8316
vn 0.2867 0.5010 -0.8165
vn 0.3185 0.5465 -0.7745
vn 0.3192 0.5847 -0.7458
vn 0.3432 0.5961 -0.7259
vn 0.3712 0.6413 -0.6715
vn 0.3706 0.6679 -0.6454
vn 0.3971 0.6823 -0.6139
vn 0.4166 0.7218 -0.5526
vn 0.4140 0.7385 -0.5323
vn 0.4400 0.7541 -0.4876
vn 0.4500 0.7900 -0.4163
vn 0.4481 0.7951 -0.4086
vn 0.4736 0.8121 -0.3410
vn 0.4724 0.8367 -0.2770
vn 0.4791 0.8367 -0.2653
vn 0.4943 0.8481 -0.1908
vn 0.4863 0.8625 -0.1399
vn 0.4961 0.8605 -0.1158
vn 0.5008 0.8647 -0.0393
vn 0.4899 0.8718 0.0000
vn 0.5008 0.8647 0.0393
vn 0.4961 0.8605 0.1158
vn 0.4863 0.8625 0.1399
vn 0.4943 0.8481 0.1908
vn 0.4791 0.8367 0.2653
vn 0.4724 0.8367 0.2770
vn 0.4735 0.8121 0.3410
vn 0.4481 0.7951 0.4086
vn 0.4500 0.7900 0.4163
vn 0.4400 0.7541 0.4876
vn 0.4140 0.7385 0.5323
vn 0.4166 0.7218 0.5526
vn 0.3970 0.6823 0.6139
vn 0.3706 0.6679 0.6454
vn 0.3712 0.6413 0.6715
vn 0.3432 0.5961 0.7259
vn 0.3192 0.5847 0.7458
vn 0.3185 0.5465 0.7745
vn 0.2867 0.5010 0.8166
vn 0.2581 0.4918 0.8316
vn 0.2611 0.4451 0.8565
vn 0.2260 0.4001 0.8882
vn 0.1657 0.4039 0.8997
vn 0.0323 -0.6842 -0.7286
vn 0.0139 -0.6857 -0.7277
vn -0.0007 -0.7010 -0.7132
vn 0.0006 -0.7332 -0.6801
vn 0.0116 -0.7548 -0.6558
vn 0.0021 -0.7653 -0.6437
vn -0.0017 -0.7957 -0.6057
vn 0.0089 -0.8218 -0.5697
vn 0.0019 -0.8298 -0.5581
vn -0.0025 -0.8591 -0.5117
vn 0.0069 -0.8793 -0.4763
vn -0.0002 -0.8877 -0.4605
vn -0.0018 -0.9135 -0.4069
vn 0.0075 -0.9264 -0.3764
vn -0.0015 -0.9376 -0.3476
vn 0.0021 -0.9591 -0.2831
vn 0.0061 -0.9622 -0.2724
vn -0.0035 -0.9752 -0.2213
vn 0.0048 -0.9863 -0.1649
vn 0.0022 -0.9873 -0.1587
vn -0.0029 -0.9953 -0.0971
vn 0.0069 -0.9985 -0.0551
vn 0.0000 -0.9995 -0.0330
vn 0.0000 -0.9995 0.0330
vn 0.0069 -0.9985 0.0551
vn -0.0029 -0.9953 0.0971
vn 0.0022 -0.9873 0.1587
vn 0.0048 -0.9863 0.1649
vn -0.0035 -0.9752 0.2213
vn 0.0061 -0.9622 0.2724
vn 0.0021 -0.9591 0.2831
vn -0.0015 -0.9376 0.3476
vn 0.0075 -0.9264 0.3764
vn -0.0018 -0.9135 0.4069
vn -0.0002 -0.8877 0.4605
vn 0.0069 -0.8793 0.4763
vn -0.0025 -0.8591 0.5117
vn 0.0019 -0.8298 0.5581
vn 0.0089 -0.8218 0.5697
vn -0.0017 -0.7957 0.6057
vn 0.0021 -0.7653 0.6437
vn 0.0116 -0.7548 0.6558
vn 0.0006 -0.7332 0.6801
vn -0.0007 -0.7010 0.7132
vn 0.0190 -0.6803 0.7327
vn 0.1144 -0.7725 0.6247
vn -0.8661 0.4998 0.0000
vn 1.0000 0.0000 0.0000
vn 1.0000 0.0001 0.0000
vn 1.0000 -0.0001 0.0000
vn 1.0000 -0.0002 0.0000
vn 1.0000 0.0003 0.0000
vn -0.2677 -0.4637 0.8446
vn -0.3218 -0.5574 0.7654
vn -0.3701 -0.6410 0.6725
vn -0.4117 -0.7131 0.5675
vn -0.4459 -0.7724 0.4523
vn -0.4664 -0.8078 0.3605
vn -0.4794 -0.8136 0.3290
vn -0.4774 -0.8269 0.2972
vn -0.4863 -0.8423 0.2325
vn -0.4966 -0.8447 0.1998
vn -0.4930 -0.8539 0.1669
vn -0.4975 -0.8617 0.1004
vn -0.5054 -0.8603 0.0670
vn -0.4997 -0.8655 0.0335
vn -0.4997 -0.8655 -0.0335
vn -0.5054 -0.8603 -0.0670
vn -0.4975 -0.8616 -0.1004
vn -0.4930 -0.8539 -0.1669
vn -0.4966 -0.8447 -0.1998
vn -0.4863 -0.8423 -0.2325
vn -0.4774 -0.8269 -0.2972
vn -0.4794 -0.8136 -0.3290
vn -0.4664 -0.8078 -0.3605
vn -0.4459 -0.7724 -0.4523
vn -0.4117 -0.7131 -0.5675
vn -0.3701 -0.6410 -0.6725
vn -0.3218 -0.5574 -0.7654
vn -0.2678 -0.4637 -0.8445
vn -0.7071 0.0001 -0.7071
vn -0.7071 -0.0000 -0.7071
vn -0.7071 -0.0001 -0.7071
vn -0.7044 0.0871 0.7044
vn -0.7044 0.0872 0.7044
vn -0.7044 -0.0872 0.7044
vn -0.6830 -0.2588 0.6830
vn -0.6830 -0.2589 0.6830
vn -0.6409 -0.4226 0.6409
vn -0.5792 -0.5736 0.5792
vn -0.5792 -0.5735 0.5792
vn -0.5000 -0.7071 0.5000
vn -0.4056 -0.8192 0.4056
vn -0.2988 -0.9063 0.2988
vn -0.1830 -0.9659 0.1830
vn -0.0616 -0.9962 0.0616
vn 0.0616 -0.9962 -0.0616
vn 0.1830 -0.9659 -0.1830
vn 0.2988 -0.9063 -0.2988
vn 0.4056 -0.8192 -0.4056
vn 0.4056 -0.8191 -0.4056
vn 0.5000 -0.7071 -0.5000
vn 0.5792 -0.5736 -0.5792
vn 0.6409 -0.4226 -0.6409
vn 0.6830 -0.2588 -0.6830
vn 0.7044 -0.0872 -0.7044
vn 0.7044 -0.0871 -0.7044
vn 0.7044 0.0872 -0.7044
vn 0.7044 0.0871 -0.7044
vn 0.6830 0.2588 -0.6830
vn 0.6830 0.2589 -0.6830
vn 0.6409 0.4226 -0.6409
vn 0.5792 0.5736 -0.5792
vn 0.5000 0.7071 -0.5000
vn 0.4056 0.8192 -0.4056
vn 0.4056 0.8191 -0.4056
vn 0.2988 0.9063 -0.2988
vn 0.1830 0.9659 -0.1830
vn 0.0616 0.9962 -0.0616
vn -0.0616 0.9962 0.0616
vn -0.1830 0.9659 0.1830
vn -0.2988 0.9063 0.2988
vn -0.4056 0.8192 0.4056
vn -0.5000 0.7071 0.5000
vn -0.5792 0.5735 0.5793
vn -0.5792 0.5736 0.5792
vn -0.6409 0.4226 0.6409
vn -0.6409 0.4226 0.6408
vn -0.6830 0.2588 0.6830
vn -0.6830 0.2589 0.6830
vn 0.7065 0.0000 0.7077
vn 0.7072 0.0000 0.7070
vn 0.7070 0.0000 0.7072
vn 0.7071 0.0000 0.7071
vn 0.7071 0.0000 0.7072
vn 0.7072 0.0000 0.7071
vn 0.7069 0.0000 0.7073
vn 0.7077 0.0000 0.7065
vn -0.7071 0.0002 -0.7071
vn -0.7071 -0.0002 -0.7071
vn -0.7071 0.0004 -0.7071
vn -0.7071 -0.0004 -0.7071
vn 0.2417 -0.0449 0.9693
vn 0.2745 -0.2183 0.9365
vn 0.3472 -0.3652 0.8638
vn 0.4512 -0.4681 0.7598
vn 0.5738 -0.5144 0.6373
vn 0.7000 -0.4989 0.5109
vn 0.8150 -0.4231 0.3960
vn 0.9046 -0.2963 0.3063
vn 0.9583 -0.1336 0.2527
vn 0.9693 0.0451 0.2417
vn 0.9365 0.2183 0.2745
vn 0.8637 0.3652 0.3473
vn 0.7598 0.4681 0.4511
vn 0.6372 0.5146 0.5737
vn 0.5108 0.4990 0.7001
vn 0.3961 0.4231 0.8150
vn 0.3064 0.2962 0.9046
vn 0.2527 0.1337 0.9582
vn 0.2417 0.0449 0.9693
vn 0.8150 0.4231 0.3960
vn 0.7598 -0.4681 0.4512
vn 0.2745 0.2183 0.9365
vn 0.3472 0.3652 0.8638
vn 0.4512 0.4681 0.7598
vn 0.5738 0.5144 0.6373
vn 0.7000 0.4989 0.5109
vn 0.9046 0.2963 0.3063
vn 0.9583 0.1336 0.2527
vn 0.9693 -0.0451 0.2417
vn 0.9365 -0.2183 0.2745
vn 0.8637 -0.3652 0.3473
vn 0.6373 -0.5145 0.5737
vn 0.5108 -0.4990 0.7001
vn 0.3961 -0.4231 0.8150
vn 0.3064 -0.2962 0.9046
vn 0.2527 -0.1337 0.9582
vn -0.7044 -0.0871 0.7044
vn -0.4056 -0.8191 0.4056
vn -0.2988 -0.9063 0.2989
vn 0.6408 -0.4227 -0.6408
vn 0.6408 0.4227 -0.6408
vn 0.5792 0.5735 -0.5793
vn -0.4056 0.8191 0.4056
vn -0.6409 0.4225 0.6409
vn -0.6408 0.4227 0.6408
vn 0.5792 -0.5735 -0.5792
vn 0.5000 -0.7072 -0.5000
vn -0.5000 -0.7072 0.5000
vn -0.5793 -0.5735 0.5793
vn 0.7071 -0.0001 0.7071
vn 0.7071 0.0001 0.7071
vn 0.7073 0.0000 0.7069
vn 0.7070 0.0001 0.7072
vn 0.7070 0.0000 0.7073
vn -0.6408 -0.4227 0.6408
vn -0.6408 -0.4226 0.6409
vn -0.5792 -0.5735 0.5793
vn 0.6408 -0.4226 -0.6409
vn 0.5793 0.5736 -0.5792
vn -0.5793 0.5735 0.5793
vn -0.6408 0.4226 0.6408
vn 0.7073 0.0000 0.7070
vn 0.7069 0.0000 0.7074
vn 0.0000 -1.0000 0.0000
vn 0.0000 0.0000 1.0000
vn -0.9964 -0.0848 0.0000
vn -0.9677 -0.2520 0.0000
vn -0.9112 -0.4119 0.0000
vn -0.8285 -0.5600 0.0000
vn -0.7220 -0.6919 0.0000
vn -0.5946 -0.8040 0.0000
vn -0.4502 -0.8929 0.0000
vn -0.2928 -0.9562 0.0000
vn -0.1270 -0.9919 0.0000
vn 0.0424 -0.9991 0.0000
vn 0.2107 -0.9776 0.0000
vn 0.3729 -0.9279 0.0000
vn 0.5243 -0.8515 0.0000
vn 0.6607 -0.7507 0.0000
vn 0.7780 -0.6282 0.0000
vn 0.8730 -0.4877 0.0000
vn 0.9429 -0.3331 0.0000
vn 0.9856 -0.1690 0.0000
vn 0.9856 0.1690 0.0000
vn -0.5000 -0.8660 0.0000
vn -1.0000 0.0000 0.0000
vn -0.9964 0.0848 0.0000
vn -0.7219 -0.6919 0.0000
vn 0.2107 0.9776 0.0000
vn 0.0424 0.9991 0.0000
vn -0.1270 0.9919 0.0000
vn -0.2928 0.9562 0.0000
vn -0.4502 0.8929 0.0000
vn -0.5946 0.8040 0.0000
vn -0.7219 0.6919 0.0000
vn -0.7220 0.6919 0.0000
vn -0.8285 0.5600 0.0000
vn -0.9112 0.4119 0.0000
vn -0.9677 0.2520 0.0000
vn 0.9429 0.3331 0.0000
vn 0.8730 0.4877 0.0000
vn 0.7780 0.6282 0.0000
vn 0.6607 0.7507 0.0000
vn 0.5243 0.8515 0.0000
vn 0.3729 0.9279 0.0000
vn 0.6830 -0.2589 -0.6830
vn 0.6409 -0.4226 -0.6408
vn -0.6408 -0.4226 0.6408
vn 0.2988 0.9063 -0.2989
vn 0.5793 0.5735 -0.5792
vn 0.6408 0.4226 -0.6408
vn -0.6408 0.4227 0.6409
vn 0.4770 0.8760 0.0713
vn 0.5207 0.8537 0.0000
vn 0.4770 0.8760 -0.0713
vn 0.5158 0.8452 -0.1398
vn 0.4669 0.8584 -0.2125
vn 0.5011 0.8199 -0.2768
vn 0.4469 0.8236 -0.3494
vn 0.4768 0.7783 -0.4084
vn 0.4174 0.7722 -0.4791
vn 0.4436 0.7212 -0.5320
vn 0.3791 0.7053 -0.5991
vn 0.4020 0.6497 -0.6452
vn 0.3327 0.6242 -0.7069
vn 0.3529 0.5653 -0.7456
vn 0.2791 0.5307 -0.8003
vn 0.5158 0.8452 0.1398
vn 0.4669 0.8584 0.2125
vn 0.5011 0.8199 0.2768
vn 0.4469 0.8236 0.3494
vn 0.4769 0.7783 0.4084
vn 0.4174 0.7722 0.4791
vn 0.4436 0.7212 0.5320
vn 0.3791 0.7053 0.5991
vn 0.4021 0.6497 0.6452
vn 0.3326 0.6242 0.7069
vn 0.3529 0.5653 0.7456
vn 0.2791 0.5307 0.8003
vn -0.1798 -0.2997 0.9369
vn -0.3200 -0.5070 0.8003
vn -0.3131 -0.5882 0.7456
vn -0.3743 -0.6002 0.7069
vn -0.3616 -0.6730 0.6452
vn -0.4212 -0.6809 0.5991
vn -0.4028 -0.7448 0.5320
vn -0.4600 -0.7476 0.4791
vn -0.4356 -0.8021 0.4085
vn -0.4898 -0.7988 0.3494
vn -0.4596 -0.8439 0.2769
vn -0.5100 -0.8335 0.2125
vn -0.4741 -0.8693 0.1398
vn -0.5202 -0.8511 0.0713
vn -0.4790 -0.8778 0.0000
vn -0.5202 -0.8511 -0.0713
vn -0.4741 -0.8693 -0.1398
vn -0.5100 -0.8335 -0.2125
vn -0.4595 -0.8439 -0.2769
vn -0.4898 -0.7988 -0.3494
vn -0.4356 -0.8021 -0.4085
vn -0.4600 -0.7476 -0.4791
vn -0.4028 -0.7448 -0.5320
vn -0.4212 -0.6809 -0.5991
vn -0.3616 -0.6730 -0.6452
vn -0.3742 -0.6002 -0.7069
vn -0.3131 -0.5882 -0.7456
vn -0.3201 -0.5070 -0.8003
vn 0.2868 0.4967 0.8191
vn 0.8660 -0.5000 0.0000
vn 0.0000 1.0000 0.0000
vn 0.0238 0.9997 0.0000
vn 0.0713 0.9975 0.0000
vn 0.1187 0.9929 0.0000
vn 0.1658 0.9862 0.0000
vn 0.2125 0.9772 0.0000
vn 0.2126 0.9771 0.0000
vn 0.2588 0.9659 0.0000
vn 0.3045 0.9525 0.0000
vn 0.3494 0.9370 0.0000
vn 0.3495 0.9369 0.0000
vn 0.3936 0.9193 0.0000
vn 0.3937 0.9193 0.0000
vn 0.4369 0.8995 0.0000
vn 0.4792 0.8777 0.0000
vn 0.4793 0.8777 0.0000
vn 0.5205 0.8539 0.0000
vn 0.5605 0.8282 0.0000
vn 0.5605 0.8281 0.0000
vn 0.5992 0.8006 0.0000
vn 0.5993 0.8005 0.0000
vn 0.6367 0.7711 0.0000
vn 0.6727 0.7400 0.0000
vn 0.7071 0.7071 0.0000
vn 0.7399 0.6727 0.0000
vn 0.7400 0.6726 0.0000
vn 0.7711 0.6367 0.0000
vn 0.8005 0.5993 0.0000
vn 0.8006 0.5993 0.0000
vn 0.8281 0.5605 0.0000
vn 0.8282 0.5605 0.0000
vn 0.8539 0.5205 0.0000
vn 0.8777 0.4793 0.0000
vn 0.8777 0.4792 0.0000
vn 0.8995 0.4370 0.0000
vn 0.8995 0.4369 0.0000
vn 0.9193 0.3937 0.0000
vn 0.9193 0.3936 0.0000
vn 0.9369 0.3495 0.0000
vn 0.9370 0.3494 0.0000
vn 0.9525 0.3045 0.0000
vn 0.9659 0.2588 0.0000
vn 0.9771 0.2126 0.0000
vn 0.9772 0.2125 0.0000
vn 0.9862 0.1658 0.0000
vn 0.9929 0.1187 0.0000
vn 0.9975 0.0713 0.0000
vn 0.9997 0.0238 0.0000
vn 0.9997 -0.0238 0.0000
vn 0.9975 -0.0713 0.0000
vn 0.9929 -0.1187 0.0000
vn 0.9862 -0.1658 0.0000
vn 0.9771 -0.2126 0.0000
vn 0.9772 -0.2125 0.0000
vn 0.9659 -0.2588 0.0000
vn 0.9525 -0.3045 0.0000
vn 0.9369 -0.3495 0.0000
vn 0.9370 -0.3494 0.0000
vn 0.9193 -0.3937 0.0000
vn 0.9193 -0.3936 0.0000
vn 0.8995 -0.4370 0.0000
vn 0.8995 -0.4369 0.0000
vn 0.8777 -0.4793 0.0000
vn 0.8777 -0.4792 0.0000
vn 0.8539 -0.5205 0.0000
vn 0.8281 -0.5605 0.0000
vn 0.8282 -0.5605 0.0000
vn 0.8005 -0.5993 0.0000
vn 0.8006 -0.5993 0.0000
vn 0.7711 -0.6367 0.0000
vn 0.7399 -0.6727 0.0000
vn 0.7400 -0.6726 0.0000
vn 0.7071 -0.7071 0.0000
vn 0.6727 -0.7400 0.0000
vn 0.6367 -0.7711 0.0000
vn 0.5992 -0.8006 0.0000
vn 0.5993 -0.8005 0.0000
vn 0.5605 -0.8282 0.0000
vn 0.5605 -0.8281 0.0000
vn 0.5205 -0.8539 0.0000
vn 0.4792 -0.8777 0.0000
vn 0.4793 -0.8777 0.0000
vn 0.4369 -0.8995 0.0000
vn 0.3936 -0.9193 0.0000
vn 0.3937 -0.9193 0.0000
vn 0.3494 -0.9370 0.0000
vn 0.3495 -0.9369 0.0000
vn 0.3045 -0.9525 0.0000
vn 0.2588 -0.9659 0.0000
vn 0.2125 -0.9772 0.0000
vn 0.2126 -0.9771 0.0000
vn 0.1658 -0.9862 0.0000
vn 0.1187 -0.9929 0.0000
vn 0.0713 -0.9975 0.0000
vn 0.0238 -0.9997 0.0000
vn 0.0000 0.0000 -1.0000
vn -0.0001 0.0000 -1.0000
vn 0.0001 0.0000 -1.0000
vn 0.9988 -0.0491 0.0000
vn 0.9988 -0.0490 0.0000
vn 0.9969 0.0785 0.0000
vn 0.9724 0.2334 0.0000
vn 0.9239 0.3827 0.0000
vn 0.8527 0.5225 0.0000
vn 0.8526 0.5225 0.0000
vn 0.7604 0.6495 0.0000
vn 0.6494 0.7604 0.0000
vn 0.6495 0.7604 0.0000
vn 0.5225 0.8526 0.0000
vn 0.3827 0.9239 0.0000
vn 0.2334 0.9724 0.0000
vn 0.0785 0.9969 0.0000
vn -0.0785 0.9969 0.0000
vn -0.2334 0.9724 0.0000
vn -0.3827 0.9239 0.0000
vn -0.5225 0.8526 0.0000
vn -0.6494 0.7604 0.0000
vn -0.7604 0.6495 0.0000
vn -0.8526 0.5225 0.0000
vn -0.9239 0.3827 0.0000
vn -0.9724 0.2334 0.0000
vn -0.9724 0.2335 0.0000
vn -0.9969 0.0784 0.0000
vn -0.9969 0.0785 0.0000
vn -0.9988 -0.0491 0.0000
vn -0.9969 -0.0784 -0.0012
vn -0.9892 -0.1463 0.0005
vn -0.9724 -0.2334 -0.0009
vn -0.9699 -0.2434 -0.0005
vn -0.9416 -0.3366 0.0003
vn -0.9239 -0.3827 -0.0012
vn -0.9041 -0.4273 0.0003
vn -0.8575 -0.5144 -0.0004
vn -0.8526 -0.5225 -0.0008
vn -0.8034 -0.5954 0.0004
vn -0.7604 -0.6494 -0.0010
vn -0.7409 -0.6716 0.0000
vn -0.6716 -0.7409 0.0000
vn -0.6495 -0.7604 -0.0010
vn -0.5959 -0.8031 0.0004
vn -0.5225 -0.8526 -0.0008
vn -0.5139 -0.8578 -0.0004
vn -0.4277 -0.9039 0.0002
vn -0.3827 -0.9239 -0.0010
vn -0.3370 -0.9415 0.0002
vn -0.2429 -0.9701 -0.0004
vn -0.2334 -0.9724 -0.0007
vn -0.1468 -0.9892 0.0004
vn -0.0785 -0.9969 -0.0009
vn -0.0491 -0.9988 0.0000
vn 0.0491 -0.9988 0.0000
vn 0.0785 -0.9969 -0.0009
vn 0.1468 -0.9892 0.0004
vn 0.2334 -0.9724 -0.0007
vn 0.2429 -0.9700 -0.0004
vn 0.3370 -0.9415 0.0002
vn 0.3827 -0.9239 -0.0010
vn 0.4277 -0.9039 0.0002
vn 0.5140 -0.8578 -0.0004
vn 0.5225 -0.8526 -0.0008
vn 0.5959 -0.8031 0.0004
vn 0.6494 -0.7604 -0.0010
vn 0.6716 -0.7409 0.0000
vn 0.7410 -0.6716 0.0000
vn 0.7604 -0.6495 -0.0010
vn 0.8034 -0.5954 0.0004
vn 0.8527 -0.5225 -0.0008
vn 0.8575 -0.5144 -0.0004
vn 0.9041 -0.4273 0.0003
vn 0.9239 -0.3827 -0.0012
vn 0.9416 -0.3366 0.0003
vn 0.9699 -0.2434 -0.0005
vn 0.9724 -0.2334 -0.0009
vn 0.9892 -0.1463 0.0005
vn 0.9969 -0.0785 -0.0012
vn 0.7604 0.6494 0.0000
vn -0.7604 0.6494 0.0000
vn -0.9969 -0.0785 -0.0012
vn 0.2429 -0.9701 -0.0004
vn 0.5139 -0.8578 -0.0004
vn 0.5225 -0.8526 -0.0007
vn 0.6495 -0.7604 -0.0010
vn 0.6716 -0.7410 0.0000
vn 0.7604 -0.6494 -0.0010
vn 0.8526 -0.5225 -0.0008
vn 0.0000 0.9969 -0.0784
vn 0.0000 0.9969 -0.0785
vn 0.0000 0.9724 -0.2334
vn 0.0000 0.9724 -0.2335
vn 0.0000 0.9239 -0.3827
vn 0.0000 0.8526 -0.5225
vn 0.0000 0.7604 -0.6494
vn 0.0000 0.7604 -0.6495
vn 0.0203 -0.7633 -0.6457
vn 0.0190 -0.7603 -0.6493
vn 0.0213 -0.8524 -0.5224
vn 0.0230 -0.9236 -0.3826
vn 0.0242 -0.9721 -0.2334
vn 0.0249 -0.9966 -0.0784
vn 0.0270 -0.9959 -0.0861
vn 0.0745 -0.9947 -0.0714
vn 0.0808 -0.9924 -0.0925
vn 0.1241 -0.9901 -0.0657
vn 0.1344 -0.9861 -0.0975
vn 0.1733 -0.9830 -0.0613
vn 0.1875 -0.9770 -0.1012
vn 0.2221 -0.9733 -0.0582
vn 0.2400 -0.9652 -0.1036
vn 0.2704 -0.9611 -0.0565
vn 0.2919 -0.9507 -0.1046
vn 0.3180 -0.9464 -0.0561
vn 0.3430 -0.9335 -0.1044
vn 0.3647 -0.9294 -0.0570
vn 0.3931 -0.9137 -0.1028
vn 0.4106 -0.9099 -0.0593
vn 0.4421 -0.8914 -0.0999
vn 0.4553 -0.8881 -0.0629
vn 0.4899 -0.8665 -0.0957
vn 0.4989 -0.8640 -0.0678
vn 0.5364 -0.8392 -0.0901
vn 0.5411 -0.8377 -0.0740
vn 0.5814 -0.8094 -0.0832
vn 0.5818 -0.8092 -0.0816
vn 0.6217 -0.7796 -0.0755
vn 0.6063 -0.7602 -0.2334
vn 0.6434 -0.7291 -0.2334
vn 0.6113 -0.6927 -0.3826
vn 0.6451 -0.6614 -0.3826
vn 0.5954 -0.6104 -0.5224
vn 0.6251 -0.5800 -0.5224
vn 0.5569 -0.5168 -0.6502
vn 0.5616 -0.5184 -0.6449
vn 0.5799 -0.4866 -0.6534
vn 0.5903 -0.4894 -0.6419
vn 0.6016 -0.4557 -0.6561
vn 0.6173 -0.4586 -0.6393
vn 0.6219 -0.4240 -0.6583
vn 0.6422 -0.4260 -0.6372
vn 0.6410 -0.3917 -0.6601
vn 0.6651 -0.3919 -0.6356
vn 0.6588 -0.3587 -0.6613
vn 0.6858 -0.3564 -0.6345
vn 0.6752 -0.3252 -0.6621
vn 0.7042 -0.3196 -0.6340
vn 0.6904 -0.2910 -0.6623
vn 0.7203 -0.2817 -0.6339
vn 0.7042 -0.2563 -0.6622
vn 0.7339 -0.2428 -0.6344
vn 0.7166 -0.2210 -0.6615
vn 0.7450 -0.2032 -0.6353
vn 0.7277 -0.1853 -0.6604
vn 0.7536 -0.1630 -0.6368
vn 0.7374 -0.1491 -0.6588
vn 0.7596 -0.1224 -0.6387
vn 0.7457 -0.1124 -0.6567
vn 0.7631 -0.0816 -0.6412
vn 0.7526 -0.0753 -0.6542
vn 0.7639 -0.0407 -0.6441
vn 0.7581 -0.0378 -0.6511
vn 0.7621 0.0000 -0.6475
vn 0.8527 0.0000 -0.5224
vn 0.9239 0.0000 -0.3826
vn 0.9724 0.0000 -0.2334
vn 0.9984 0.0000 -0.0561
vn 0.9942 0.0269 -0.1045
vn 0.6240 -0.7763 -0.0888
vn 0.6601 -0.7480 -0.0690
vn 0.6790 -0.6961 -0.2334
vn 0.6773 -0.6284 -0.3826
vn 0.6532 -0.5481 -0.5224
vn 0.6648 -0.7410 -0.0947
vn 0.6968 -0.7144 -0.0638
vn 0.7128 -0.6614 -0.2334
vn 0.7078 -0.5939 -0.3826
vn 0.6797 -0.5149 -0.5224
vn 0.7036 -0.7036 -0.0991
vn 0.7317 -0.6790 -0.0599
vn 0.7449 -0.6250 -0.2334
vn 0.7365 -0.5579 -0.3826
vn 0.7045 -0.4803 -0.5224
vn 0.7404 -0.6643 -0.1023
vn 0.7648 -0.6417 -0.0574
vn 0.7751 -0.5871 -0.2334
vn 0.7634 -0.5205 -0.3826
vn 0.7045 -0.4804 -0.5224
vn 0.7276 -0.4446 -0.5224
vn 0.7752 -0.6231 -0.1042
vn 0.7959 -0.6029 -0.0562
vn 0.8034 -0.5478 -0.2334
vn 0.7884 -0.4818 -0.3826
vn 0.7489 -0.4078 -0.5224
vn 0.8077 -0.5802 -0.1047
vn 0.8249 -0.5624 -0.0563
vn 0.8297 -0.5070 -0.2334
vn 0.8114 -0.4419 -0.3826
vn 0.7683 -0.3700 -0.5224
vn 0.8380 -0.5357 -0.1039
vn 0.8519 -0.5206 -0.0578
vn 0.8540 -0.4650 -0.2334
vn 0.8324 -0.4009 -0.3826
vn 0.7858 -0.3312 -0.5224
vn 0.8660 -0.4896 -0.1018
vn 0.8766 -0.4774 -0.0606
vn 0.8761 -0.4219 -0.2334
vn 0.8514 -0.3589 -0.3826
vn 0.8013 -0.2916 -0.5224
vn 0.8915 -0.4422 -0.0983
vn 0.8991 -0.4330 -0.0647
vn 0.8960 -0.3777 -0.2334
vn 0.8682 -0.3160 -0.3826
vn 0.8148 -0.2513 -0.5224
vn 0.9146 -0.3934 -0.0936
vn 0.9192 -0.3875 -0.0701
vn 0.9137 -0.3326 -0.2334
vn 0.8829 -0.2723 -0.3826
vn 0.8263 -0.2104 -0.5224
vn 0.9351 -0.3435 -0.0875
vn 0.9369 -0.3410 -0.0769
vn 0.9292 -0.2866 -0.2334
vn 0.8954 -0.2280 -0.3826
vn 0.8358 -0.1690 -0.5224
vn 0.9525 -0.2938 -0.0800
vn 0.9525 -0.2925 -0.0847
vn 0.9665 -0.2461 -0.0727
vn 0.9664 -0.2403 -0.0913
vn 0.9780 -0.1977 -0.0667
vn 0.9775 -0.1876 -0.0966
vn 0.9869 -0.1487 -0.0621
vn 0.9858 -0.1343 -0.1006
vn 0.9933 -0.0994 -0.0587
vn 0.9914 -0.0807 -0.1032
vn 0.9971 -0.0498 -0.0567
vn 0.9942 -0.0269 -0.1045
vn 0.9971 0.0498 -0.0567
vn 0.9914 0.0807 -0.1032
vn 0.9933 0.0994 -0.0587
vn 0.9858 0.1343 -0.1006
vn 0.9869 0.1487 -0.0621
vn 0.9775 0.1876 -0.0966
vn 0.9780 0.1977 -0.0667
vn 0.9664 0.2403 -0.0913
vn 0.9665 0.2461 -0.0727
vn 0.9525 0.2925 -0.0847
vn 0.9525 0.2938 -0.0800
vn 0.9369 0.3410 -0.0769
vn 0.9137 0.3326 -0.2334
vn 0.8960 0.3777 -0.2334
vn 0.8514 0.3589 -0.3826
vn 0.8324 0.4009 -0.3826
vn 0.7683 0.3700 -0.5224
vn 0.7489 0.4078 -0.5224
vn 0.6588 0.3587 -0.6613
vn 0.6651 0.3919 -0.6356
vn 0.6410 0.3917 -0.6601
vn 0.6422 0.4260 -0.6372
vn 0.6219 0.4240 -0.6583
vn 0.6173 0.4586 -0.6393
vn 0.6016 0.4557 -0.6561
vn 0.5903 0.4894 -0.6419
vn 0.5799 0.4866 -0.6534
vn 0.5616 0.5184 -0.6449
vn 0.5569 0.5168 -0.6502
vn 0.5316 0.5450 -0.6484
vn 0.5954 0.6104 -0.5224
vn 0.6451 0.6614 -0.3826
vn 0.6790 0.6961 -0.2334
vn 0.6968 0.7144 -0.0638
vn 0.6648 0.7410 -0.0946
vn 0.9351 0.3435 -0.0875
vn 0.9192 0.3875 -0.0702
vn 0.8761 0.4219 -0.2334
vn 0.8114 0.4419 -0.3826
vn 0.7276 0.4446 -0.5224
vn 0.9146 0.3934 -0.0936
vn 0.8991 0.4330 -0.0647
vn 0.8540 0.4650 -0.2334
vn 0.7884 0.4818 -0.3826
vn 0.7045 0.4804 -0.5224
vn 0.8915 0.4422 -0.0983
vn 0.8766 0.4774 -0.0606
vn 0.8297 0.5070 -0.2334
vn 0.7634 0.5205 -0.3826
vn 0.7045 0.4803 -0.5224
vn 0.6797 0.5149 -0.5224
vn 0.8660 0.4896 -0.1018
vn 0.8519 0.5206 -0.0578
vn 0.8034 0.5478 -0.2334
vn 0.7365 0.5579 -0.3826
vn 0.6532 0.5481 -0.5224
vn 0.8380 0.5357 -0.1039
vn 0.8249 0.5624 -0.0563
vn 0.7751 0.5871 -0.2334
vn 0.7078 0.5939 -0.3826
vn 0.6251 0.5800 -0.5224
vn 0.8077 0.5802 -0.1047
vn 0.7959 0.6029 -0.0562
vn 0.7449 0.6250 -0.2334
vn 0.6773 0.6284 -0.3826
vn 0.7752 0.6231 -0.1042
vn 0.7648 0.6417 -0.0574
vn 0.7128 0.6614 -0.2334
vn 0.7404 0.6643 -0.1023
vn 0.7317 0.6790 -0.0599
vn 0.7036 0.7036 -0.0991
vn 0.6601 0.7480 -0.0690
vn 0.6240 0.7763 -0.0888
vn 0.6217 0.7796 -0.0755
vn 0.5818 0.8092 -0.0816
vn 0.5676 0.7895 -0.2334
vn 0.5276 0.8168 -0.2334
vn 0.5013 0.7761 -0.3826
vn 0.4620 0.8001 -0.3826
vn 0.4264 0.7385 -0.5224
vn 0.3890 0.7588 -0.5224
vn 0.3420 0.6672 -0.6617
vn 0.3381 0.6953 -0.6342
vn 0.3082 0.6830 -0.6623
vn 0.3007 0.7126 -0.6339
vn 0.2737 0.6974 -0.6623
vn 0.2623 0.7274 -0.6341
vn 0.2387 0.7105 -0.6619
vn 0.2231 0.7398 -0.6348
vn 0.2032 0.7223 -0.6610
vn 0.1831 0.7497 -0.6360
vn 0.1672 0.7327 -0.6597
vn 0.1427 0.7570 -0.6377
vn 0.1308 0.7417 -0.6578
vn 0.1020 0.7617 -0.6399
vn 0.0939 0.7493 -0.6555
vn 0.0611 0.7638 -0.6426
vn 0.0566 0.7555 -0.6527
vn 0.0203 0.7633 -0.6457
vn 0.0190 0.7603 -0.6493
vn 0.0213 0.8524 -0.5224
vn 0.0230 0.9236 -0.3826
vn 0.0242 0.9721 -0.2334
vn 0.0249 0.9966 -0.0784
vn 0.0270 0.9959 -0.0861
vn 0.0745 0.9947 -0.0714
vn 0.0808 0.9924 -0.0925
vn 0.1241 0.9901 -0.0657
vn 0.1344 0.9861 -0.0975
vn 0.1733 0.9830 -0.0613
vn 0.1875 0.9770 -0.1012
vn 0.2221 0.9733 -0.0582
vn 0.2400 0.9652 -0.1036
vn 0.2704 0.9611 -0.0565
vn 0.2919 0.9507 -0.1046
vn 0.3180 0.9464 -0.0561
vn 0.3430 0.9335 -0.1044
vn 0.3647 0.9294 -0.0570
vn 0.3931 0.9137 -0.1028
vn 0.4106 0.9099 -0.0593
vn 0.4421 0.8914 -0.0999
vn 0.4553 0.8881 -0.0629
vn 0.4899 0.8665 -0.0957
vn 0.4988 0.8640 -0.0678
vn 0.5364 0.8392 -0.0901
vn 0.5411 0.8377 -0.0740
vn 0.5814 0.8094 -0.0832
vn 0.3743 0.6757 -0.6350
vn 0.3753 0.6500 -0.6607
vn 0.4626 0.7163 -0.5224
vn 0.5393 0.7502 -0.3826
vn 0.6063 0.7602 -0.2334
vn 0.4092 0.6539 -0.6364
vn 0.4079 0.6316 -0.6593
vn 0.4978 0.6924 -0.5224
vn 0.5761 0.7223 -0.3826
vn 0.6434 0.7291 -0.2334
vn 0.4425 0.6300 -0.6382
vn 0.4399 0.6119 -0.6573
vn 0.4978 0.6923 -0.5224
vn 0.5317 0.6667 -0.5224
vn 0.5761 0.7224 -0.3826
vn 0.6113 0.6927 -0.3826
vn 0.4742 0.6040 -0.6405
vn 0.4712 0.5909 -0.6548
vn 0.5642 0.6393 -0.5224
vn 0.5042 0.5762 -0.6433
vn 0.5018 0.5686 -0.6519
vn 0.5322 0.5466 -0.6466
vn 0.6858 0.3564 -0.6345
vn 0.6752 0.3252 -0.6621
vn 0.7858 0.3312 -0.5224
vn 0.8682 0.3160 -0.3826
vn 0.9292 0.2866 -0.2334
vn 0.7042 0.3196 -0.6340
vn 0.6904 0.2910 -0.6624
vn 0.8013 0.2916 -0.5224
vn 0.8829 0.2723 -0.3826
vn 0.9423 0.2399 -0.2334
vn 0.7203 0.2817 -0.6339
vn 0.7042 0.2563 -0.6622
vn 0.8148 0.2513 -0.5224
vn 0.8954 0.2280 -0.3826
vn 0.9531 0.1927 -0.2334
vn 0.7339 0.2428 -0.6344
vn 0.7166 0.2210 -0.6615
vn 0.8263 0.2104 -0.5224
vn 0.9056 0.1831 -0.3826
vn 0.9615 0.1449 -0.2334
vn 0.7450 0.2032 -0.6353
vn 0.7277 0.1853 -0.6604
vn 0.8358 0.1690 -0.5224
vn 0.9136 0.1377 -0.3826
vn 0.9676 0.0968 -0.2334
vn 0.7536 0.1630 -0.6368
vn 0.7374 0.1491 -0.6588
vn 0.8432 0.1271 -0.5224
vn 0.9193 0.0920 -0.3826
vn 0.9712 0.0485 -0.2334
vn 0.7596 0.1224 -0.6387
vn 0.7457 0.1124 -0.6567
vn 0.8485 0.0849 -0.5224
vn 0.9228 0.0461 -0.3826
vn 0.7631 0.0816 -0.6412
vn 0.7526 0.0753 -0.6542
vn 0.8517 0.0425 -0.5224
vn 0.7639 0.0407 -0.6441
vn 0.7581 0.0378 -0.6511
vn 0.8516 0.0425 -0.5224
vn 0.5311 -0.5455 -0.6484
vn 0.5327 -0.5462 -0.6465
vn 0.5642 -0.6393 -0.5224
vn 0.5761 -0.7223 -0.3826
vn 0.5676 -0.7895 -0.2334
vn 0.5018 -0.5686 -0.6519
vn 0.5042 -0.5762 -0.6433
vn 0.4712 -0.5909 -0.6548
vn 0.4742 -0.6040 -0.6405
vn 0.4399 -0.6119 -0.6573
vn 0.4425 -0.6300 -0.6382
vn 0.4079 -0.6316 -0.6593
vn 0.4092 -0.6539 -0.6364
vn 0.3753 -0.6500 -0.6607
vn 0.3743 -0.6757 -0.6350
vn 0.3420 -0.6672 -0.6617
vn 0.3381 -0.6953 -0.6342
vn 0.3082 -0.6830 -0.6623
vn 0.3007 -0.7126 -0.6339
vn 0.2737 -0.6974 -0.6623
vn 0.2623 -0.7274 -0.6341
vn 0.2387 -0.7105 -0.6619
vn 0.2231 -0.7398 -0.6348
vn 0.2032 -0.7223 -0.6610
vn 0.1831 -0.7497 -0.6360
vn 0.1672 -0.7327 -0.6597
vn 0.1427 -0.7570 -0.6377
vn 0.1308 -0.7417 -0.6578
vn 0.1020 -0.7617 -0.6399
vn 0.0939 -0.7493 -0.6555
vn 0.0611 -0.7638 -0.6426
vn 0.0566 -0.7555 -0.6527
vn 0.0727 -0.9697 -0.2334
vn 0.1209 -0.9648 -0.2334
vn 0.1689 -0.9576 -0.2334
vn 0.2164 -0.9480 -0.2334
vn 0.2634 -0.9360 -0.2334
vn 0.3097 -0.9218 -0.2334
vn 0.3553 -0.9052 -0.2334
vn 0.3999 -0.8863 -0.2334
vn 0.4436 -0.8653 -0.2334
vn 0.4862 -0.8421 -0.2334
vn 0.5276 -0.8168 -0.2334
vn 0.0637 -0.8503 -0.5224
vn 0.0690 -0.9213 -0.3826
vn 0.1149 -0.9168 -0.3826
vn 0.1149 -0.9167 -0.3826
vn 0.1604 -0.9099 -0.3826
vn 0.2056 -0.9008 -0.3826
vn 0.2502 -0.8894 -0.3826
vn 0.2943 -0.8758 -0.3826
vn 0.3375 -0.8601 -0.3826
vn 0.3800 -0.8422 -0.3826
vn 0.4215 -0.8222 -0.3826
vn 0.4620 -0.8001 -0.3826
vn 0.5013 -0.7761 -0.3826
vn 0.5393 -0.7502 -0.3826
vn 0.5761 -0.7224 -0.3826
vn 0.1060 -0.8461 -0.5224
vn 0.1481 -0.8398 -0.5224
vn 0.1897 -0.8313 -0.5224
vn 0.2309 -0.8208 -0.5224
vn 0.2310 -0.8208 -0.5224
vn 0.2716 -0.8083 -0.5224
vn 0.3115 -0.7938 -0.5224
vn 0.3507 -0.7772 -0.5224
vn 0.3890 -0.7588 -0.5224
vn 0.4264 -0.7385 -0.5224
vn 0.4626 -0.7163 -0.5224
vn 0.4978 -0.6923 -0.5224
vn 0.5317 -0.6667 -0.5224
vn 0.9423 -0.2399 -0.2334
vn 0.9056 -0.1831 -0.3826
vn 0.8432 -0.1271 -0.5224
vn 0.9531 -0.1927 -0.2334
vn 0.9615 -0.1449 -0.2334
vn 0.9676 -0.0968 -0.2334
vn 0.9712 -0.0485 -0.2334
vn 0.9136 -0.1377 -0.3826
vn 0.8485 -0.0849 -0.5224
vn 0.9193 -0.0920 -0.3826
vn 0.9228 -0.0461 -0.3826
vn 0.8517 -0.0425 -0.5224
vn 0.4862 0.8421 -0.2334
vn 0.4215 0.8222 -0.3826
vn 0.3507 0.7772 -0.5224
vn 0.4436 0.8653 -0.2334
vn 0.3800 0.8422 -0.3826
vn 0.3507 0.7773 -0.5224
vn 0.3115 0.7938 -0.5224
vn 0.3999 0.8863 -0.2334
vn 0.3375 0.8601 -0.3826
vn 0.2716 0.8083 -0.5224
vn 0.3553 0.9052 -0.2334
vn 0.2943 0.8758 -0.3826
vn 0.2309 0.8208 -0.5224
vn 0.3097 0.9218 -0.2334
vn 0.2502 0.8894 -0.3826
vn 0.2310 0.8208 -0.5224
vn 0.1897 0.8313 -0.5224
vn 0.2634 0.9360 -0.2334
vn 0.2056 0.9008 -0.3826
vn 0.1481 0.8398 -0.5224
vn 0.2164 0.9480 -0.2334
vn 0.1604 0.9099 -0.3826
vn 0.1060 0.8461 -0.5224
vn 0.1689 0.9576 -0.2334
vn 0.1149 0.9168 -0.3826
vn 0.0637 0.8503 -0.5224
vn 0.1209 0.9648 -0.2334
vn 0.1149 0.9167 -0.3826
vn 0.0690 0.9213 -0.3826
vn 0.0727 0.9697 -0.2334
vn 0.0000 -0.7604 -0.6494
vn 0.0000 -0.7604 -0.6495
vn 0.0000 -0.8526 -0.5225
vn 0.0000 -0.9239 -0.3827
vn 0.0000 -0.9724 -0.2335
vn 0.0000 -0.9724 -0.2334
vn 0.0000 -0.9969 -0.0784
vn 0.0000 -0.9969 -0.0785
vn 0.0000 0.7071 -0.7071
vn 0.0192 -0.7070 -0.7070
vn 0.0209 -0.7066 -0.7073
vn 0.0574 -0.7052 -0.7067
vn 0.0627 -0.7039 -0.7076
vn 0.0955 -0.7012 -0.7065
vn 0.1043 -0.6987 -0.7078
vn 0.1334 -0.6952 -0.7064
vn 0.1455 -0.6912 -0.7079
vn 0.1709 -0.6870 -0.7063
vn 0.1862 -0.6813 -0.7080
vn 0.2078 -0.6768 -0.7062
vn 0.2262 -0.6690 -0.7080
vn 0.2441 -0.6645 -0.7062
vn 0.2654 -0.6545 -0.7080
vn 0.2797 -0.6503 -0.7063
vn 0.3038 -0.6377 -0.7079
vn 0.3145 -0.6341 -0.7064
vn 0.3411 -0.6187 -0.7077
vn 0.3483 -0.6160 -0.7066
vn 0.3773 -0.5976 -0.7075
vn 0.3810 -0.5960 -0.7068
vn 0.4122 -0.5745 -0.7072
vn 0.4125 -0.5743 -0.7071
vn 0.4432 -0.5513 -0.7069
vn 0.4454 -0.5489 -0.7074
vn 0.4725 -0.5267 -0.7066
vn 0.4769 -0.5213 -0.7076
vn 0.5005 -0.5005 -0.7064
vn 0.5068 -0.4920 -0.7078
vn 0.5269 -0.4727 -0.7063
vn 0.5350 -0.4611 -0.7079
vn 0.5518 -0.4435 -0.7062
vn 0.5613 -0.4285 -0.7080
vn 0.5750 -0.4130 -0.7062
vn 0.5857 -0.3945 -0.7080
vn 0.5965 -0.3813 -0.7063
vn 0.6081 -0.3592 -0.7079
vn 0.6162 -0.3484 -0.7063
vn 0.6285 -0.3226 -0.7078
vn 0.6340 -0.3145 -0.7065
vn 0.6467 -0.2849 -0.7076
vn 0.6500 -0.2796 -0.7067
vn 0.6626 -0.2461 -0.7073
vn 0.6639 -0.2439 -0.7069
vn 0.6760 -0.2076 -0.7070
vn 0.6762 -0.2065 -0.7072
vn 0.6865 -0.1707 -0.7068
vn 0.6869 -0.1660 -0.7075
vn 0.6950 -0.1334 -0.7066
vn 0.6953 -0.1250 -0.7077
vn 0.7013 -0.0956 -0.7064
vn 0.7014 -0.0835 -0.7079
vn 0.7056 -0.0575 -0.7063
vn 0.7050 -0.0418 -0.7080
vn 0.7077 -0.0192 -0.7062
vn 0.7062 0.0000 -0.7080
vn 0.7077 0.0192 -0.7062
vn 0.7050 0.0418 -0.7080
vn 0.7056 0.0575 -0.7063
vn 0.7014 0.0835 -0.7079
vn 0.7013 0.0956 -0.7064
vn 0.6953 0.1250 -0.7077
vn 0.6950 0.1334 -0.7066
vn 0.6869 0.1660 -0.7075
vn 0.6865 0.1707 -0.7068
vn 0.6762 0.2065 -0.7072
vn 0.6760 0.2076 -0.7070
vn 0.6639 0.2439 -0.7069
vn 0.6626 0.2461 -0.7073
vn 0.6500 0.2796 -0.7067
vn 0.6467 0.2849 -0.7076
vn 0.6340 0.3145 -0.7065
vn 0.6285 0.3226 -0.7078
vn 0.6162 0.3484 -0.7063
vn 0.6081 0.3592 -0.7079
vn 0.5965 0.3813 -0.7063
vn 0.5857 0.3945 -0.7080
vn 0.5750 0.4130 -0.7062
vn 0.5613 0.4285 -0.7080
vn 0.5518 0.4435 -0.7062
vn 0.5350 0.4611 -0.7079
vn 0.5269 0.4727 -0.7063
vn 0.5068 0.4920 -0.7078
vn 0.5005 0.5005 -0.7064
vn 0.4769 0.5213 -0.7076
vn 0.4725 0.5267 -0.7066
vn 0.4454 0.5489 -0.7074
vn 0.4432 0.5513 -0.7069
vn 0.4125 0.5743 -0.7071
vn 0.4122 0.5745 -0.7072
vn 0.3810 0.5960 -0.7068
vn 0.3773 0.5976 -0.7075
vn 0.3483 0.6160 -0.7066
vn 0.3411 0.6187 -0.7077
vn 0.3145 0.6341 -0.7064
vn 0.3038 0.6377 -0.7079
vn 0.2797 0.6503 -0.7063
vn 0.2654 0.6545 -0.7080
vn 0.2441 0.6645 -0.7062
vn 0.2262 0.6690 -0.7080
vn 0.2078 0.6768 -0.7062
vn 0.1862 0.6813 -0.7080
vn 0.1709 0.6870 -0.7063
vn 0.1455 0.6912 -0.7079
vn 0.1334 0.6952 -0.7064
vn 0.1043 0.6987 -0.7078
vn 0.0955 0.7012 -0.7065
vn 0.0627 0.7039 -0.7076
vn 0.0574 0.7052 -0.7067
vn 0.0209 0.7066 -0.7073
vn 0.0192 0.7070 -0.7070
vn 0.0000 -0.7071 -0.7071
vn 0.0271 0.9996 0.0000
vn 0.0812 0.9967 0.0000
vn 0.1350 0.9908 0.0000
vn 0.1884 0.9821 0.0000
vn 0.2413 0.9704 0.0000
vn 0.2935 0.9560 0.0000
vn 0.3448 0.9387 0.0000
vn 0.3952 0.9186 0.0000
vn 0.4443 0.8959 0.0000
vn 0.4922 0.8705 0.0000
vn 0.5386 0.8426 0.0000
vn 0.5834 0.8122 0.0000
vn 0.6265 0.7794 0.0000
vn 0.6678 0.7444 0.0000
vn 0.7444 0.6678 0.0000
vn 0.7794 0.6265 0.0000
vn 0.8122 0.5834 0.0000
vn 0.8426 0.5386 0.0000
vn 0.8705 0.4922 0.0000
vn 0.8959 0.4443 0.0000
vn 0.9186 0.3952 0.0000
vn 0.9387 0.3448 0.0000
vn 0.9560 0.2935 0.0000
vn 0.9704 0.2413 0.0000
vn 0.9821 0.1884 0.0000
vn 0.9908 0.1350 0.0000
vn 0.9967 0.0812 0.0000
vn 0.9996 0.0271 0.0000
vn 0.9996 -0.0271 0.0000
vn 0.9967 -0.0812 0.0000
vn 0.9908 -0.1350 0.0000
vn 0.9821 -0.1884 0.0000
vn 0.9704 -0.2413 0.0000
vn 0.9560 -0.2935 0.0000
vn 0.9387 -0.3448 0.0000
vn 0.9186 -0.3952 0.0000
vn 0.8959 -0.4443 0.0000
vn 0.8705 -0.4922 0.0000
vn 0.8426 -0.5386 0.0000
vn 0.8122 -0.5834 0.0000
vn 0.7794 -0.6265 0.0000
vn 0.7444 -0.6678 0.0000
vn 0.6678 -0.7444 0.0000
vn 0.6265 -0.7794 0.0000
vn 0.5834 -0.8122 0.0000
vn 0.5386 -0.8426 0.0000
vn 0.4922 -0.8705 0.0000
vn 0.4443 -0.8959 0.0000
vn 0.3952 -0.9186 0.0000
vn 0.3448 -0.9387 0.0000
vn 0.2935 -0.9560 0.0000
vn 0.2413 -0.9704 0.0000
vn 0.1884 -0.9821 0.0000
vn 0.1350 -0.9908 0.0000
vn 0.0812 -0.9967 0.0000
vn 0.0271 -0.9996 0.0000
vn 0.0159 -0.7070 -0.7070
vn 0.0188 -0.7068 -0.7072
vn 0.0476 -0.7057 -0.7069
vn 0.0564 -0.7046 -0.7073
vn 0.0792 -0.7029 -0.7068
vn 0.0938 -0.7006 -0.7074
vn 0.1107 -0.6987 -0.7068
vn 0.1310 -0.6946 -0.7074
vn 0.1419 -0.6930 -0.7069
vn 0.1678 -0.6868 -0.7073
vn 0.1728 -0.6858 -0.7070
vn 0.2034 -0.6773 -0.7071
vn 0.2041 -0.6770 -0.7071
vn 0.2336 -0.6676 -0.7069
vn 0.2398 -0.6650 -0.7073
vn 0.2634 -0.6565 -0.7068
vn 0.2748 -0.6512 -0.7074
vn 0.2926 -0.6441 -0.7068
vn 0.3091 -0.6357 -0.7074
vn 0.3211 -0.6303 -0.7068
vn 0.3425 -0.6184 -0.7073
vn 0.3491 -0.6152 -0.7069
vn 0.3750 -0.5994 -0.7071
vn 0.3762 -0.5988 -0.7071
vn 0.4028 -0.5813 -0.7070
vn 0.4064 -0.5785 -0.7072
vn 0.4285 -0.5628 -0.7069
vn 0.4365 -0.5560 -0.7074
vn 0.4534 -0.5430 -0.7068
vn 0.4654 -0.5319 -0.7074
vn 0.4773 -0.5221 -0.7068
vn 0.4931 -0.5064 -0.7073
vn 0.5002 -0.5002 -0.7069
vn 0.5195 -0.4796 -0.7072
vn 0.5220 -0.4771 -0.7070
vn 0.5429 -0.4532 -0.7070
vn 0.5443 -0.4513 -0.7072
vn 0.5628 -0.4285 -0.7069
vn 0.5674 -0.4216 -0.7073
vn 0.5815 -0.4028 -0.7068
vn 0.5890 -0.3907 -0.7074
vn 0.5990 -0.3764 -0.7068
vn 0.6090 -0.3588 -0.7074
vn 0.6152 -0.3491 -0.7069
vn 0.6273 -0.3260 -0.7073
vn 0.6302 -0.3211 -0.7070
vn 0.6438 -0.2924 -0.7071
vn 0.6439 -0.2922 -0.7071
vn 0.6564 -0.2633 -0.7069
vn 0.6584 -0.2574 -0.7073
vn 0.6677 -0.2336 -0.7068
vn 0.6711 -0.2220 -0.7074
vn 0.6775 -0.2034 -0.7068
vn 0.6819 -0.1860 -0.7074
vn 0.6859 -0.1728 -0.7068
vn 0.6909 -0.1494 -0.7073
vn 0.6929 -0.1419 -0.7069
vn 0.6980 -0.1125 -0.7072
vn 0.6985 -0.1106 -0.7070
vn 0.7026 -0.0809 -0.7070
vn 0.7031 -0.0786 -0.7068
vn 0.7026 -0.0751 -0.7076
vn 0.7026 -0.0732 -0.7078
vn 0.7026 -0.0757 -0.7076
vn 0.7050 -0.0376 -0.7082
vn 0.7050 -0.0375 -0.7082
vn 0.7053 -0.0431 -0.7076
vn 0.7057 0.0000 -0.7085
vn 0.7061 -0.0024 -0.7081
vn 0.7065 -0.0068 -0.7076
vn 0.7050 0.0376 -0.7082
vn 0.7062 0.0294 -0.7075
vn 0.7068 0.0211 -0.7071
vn 0.7026 0.0751 -0.7076
vn 0.7039 0.0651 -0.7073
vn 0.7042 0.0626 -0.7072
vn 0.6980 0.1125 -0.7072
vn 0.6985 0.1106 -0.7070
vn 0.7026 0.0809 -0.7070
vn 0.7029 0.0792 -0.7068
vn 0.7036 0.0708 -0.7071
vn 0.7043 0.0628 -0.7071
vn 0.7061 0.0476 -0.7065
vn 0.7055 0.0451 -0.7073
vn 0.7073 0.0159 -0.7067
vn 0.7070 0.0151 -0.7070
vn 0.7070 -0.0151 -0.7070
vn 0.7073 -0.0159 -0.7067
vn 0.7055 -0.0451 -0.7073
vn 0.7061 -0.0476 -0.7065
vn 0.7043 -0.0628 -0.7071
vn 0.7029 -0.0792 -0.7068
vn 0.6929 0.1419 -0.7069
vn 0.6909 0.1494 -0.7073
vn 0.6859 0.1728 -0.7068
vn 0.6819 0.1860 -0.7074
vn 0.6775 0.2034 -0.7068
vn 0.6711 0.2220 -0.7074
vn 0.6677 0.2336 -0.7068
vn 0.6584 0.2574 -0.7073
vn 0.6564 0.2633 -0.7069
vn 0.6439 0.2922 -0.7071
vn 0.6438 0.2924 -0.7071
vn 0.6302 0.3211 -0.7070
vn 0.6273 0.3260 -0.7073
vn 0.6152 0.3491 -0.7069
vn 0.6090 0.3588 -0.7074
vn 0.5990 0.3764 -0.7068
vn 0.5890 0.3907 -0.7074
vn 0.5815 0.4028 -0.7068
vn 0.5674 0.4216 -0.7073
vn 0.5628 0.4285 -0.7069
vn 0.5443 0.4513 -0.7072
vn 0.5429 0.4532 -0.7070
vn 0.5220 0.4771 -0.7070
vn 0.5195 0.4796 -0.7072
vn 0.5002 0.5002 -0.7069
vn 0.4931 0.5064 -0.7073
vn 0.4773 0.5221 -0.7068
vn 0.4654 0.5319 -0.7074
vn 0.4534 0.5430 -0.7068
vn 0.4365 0.5560 -0.7074
vn 0.4285 0.5628 -0.7069
vn 0.4064 0.5785 -0.7072
vn 0.4028 0.5813 -0.7070
vn 0.3762 0.5988 -0.7071
vn 0.3750 0.5994 -0.7071
vn 0.3491 0.6152 -0.7069
vn 0.3425 0.6184 -0.7073
vn 0.3211 0.6303 -0.7068
vn 0.3091 0.6357 -0.7074
vn 0.2926 0.6441 -0.7068
vn 0.2748 0.6512 -0.7074
vn 0.2634 0.6565 -0.7068
vn 0.2398 0.6650 -0.7073
vn 0.2336 0.6676 -0.7069
vn 0.2041 0.6770 -0.7071
vn 0.2034 0.6773 -0.7071
vn 0.1728 0.6858 -0.7070
vn 0.1678 0.6868 -0.7073
vn 0.1419 0.6930 -0.7069
vn 0.1310 0.6946 -0.7074
vn 0.1107 0.6987 -0.7068
vn 0.0938 0.7006 -0.7074
vn 0.0792 0.7029 -0.7068
vn 0.0564 0.7046 -0.7073
vn 0.0476 0.7057 -0.7069
vn 0.0188 0.7068 -0.7072
vn 0.0159 0.7070 -0.7070
vn 0.7026 0.0790 -0.7072
vn 0.7026 0.0757 -0.7076
vn 0.7026 0.0732 -0.7078
vn 0.7046 0.0598 -0.7071
vn 0.7049 0.0562 -0.7071
vn 0.7051 0.0522 -0.7071
vn 0.7053 0.0479 -0.7073
vn 0.7053 0.0431 -0.7076
vn 0.7050 0.0375 -0.7082
vn 0.7069 0.0130 -0.7071
vn 0.7065 0.0068 -0.7076
vn 0.7061 0.0024 -0.7081
vn 0.7069 -0.0130 -0.7071
vn 0.7068 -0.0211 -0.7071
vn 0.7062 -0.0294 -0.7075
vn 0.7053 -0.0479 -0.7073
vn 0.7051 -0.0522 -0.7071
vn 0.7049 -0.0562 -0.7071
vn 0.7046 -0.0598 -0.7071
vn 0.7042 -0.0626 -0.7072
vn 0.7039 -0.0651 -0.7073
vn 0.7026 -0.0790 -0.7072
vn 0.0224 0.9997 0.0000
vn 0.0673 0.9977 0.0000
vn 0.1120 0.9937 0.0000
vn 0.1564 0.9877 0.0000
vn 0.2006 0.9797 0.0000
vn 0.2443 0.9697 0.0000
vn 0.2876 0.9578 0.0000
vn 0.3303 0.9439 0.0000
vn 0.3723 0.9281 0.0000
vn 0.4136 0.9105 0.0000
vn 0.4540 0.8910 0.0000
vn 0.4935 0.8697 0.0000
vn 0.5320 0.8467 0.0000
vn 0.5695 0.8220 0.0000
vn 0.6058 0.7956 0.0000
vn 0.6409 0.7676 0.0000
vn 0.6747 0.7381 0.0000
vn 0.7381 0.6747 0.0000
vn 0.7676 0.6409 0.0000
vn 0.7956 0.6058 0.0000
vn 0.8220 0.5695 0.0000
vn 0.8467 0.5320 0.0000
vn 0.8697 0.4935 0.0000
vn 0.8910 0.4540 0.0000
vn 0.9105 0.4136 0.0000
vn 0.9281 0.3723 0.0000
vn 0.9439 0.3303 0.0000
vn 0.9578 0.2876 0.0000
vn 0.9697 0.2443 0.0000
vn 0.9797 0.2006 0.0000
vn 0.9877 0.1564 0.0000
vn 0.9937 0.1120 0.0000
vn 0.9977 0.0673 0.0000
vn 0.9997 0.0224 0.0000
vn 0.9997 -0.0224 0.0000
vn 0.9977 -0.0673 0.0000
vn 0.9937 -0.1120 0.0000
vn 0.9877 -0.1564 0.0000
vn 0.9797 -0.2006 0.0000
vn 0.9697 -0.2443 0.0000
vn 0.9578 -0.2876 0.0000
vn 0.9439 -0.3303 0.0000
vn 0.9281 -0.3723 0.0000
vn 0.9105 -0.4136 0.0000
vn 0.8910 -0.4540 0.0000
vn 0.8697 -0.4935 0.0000
vn 0.8467 -0.5320 0.0000
vn 0.8220 -0.5695 0.0000
vn 0.7956 -0.6058 0.0000
vn 0.7676 -0.6409 0.0000
vn 0.7381 -0.6747 0.0000
vn 0.6747 -0.7381 0.0000
vn 0.6409 -0.7676 0.0000
vn 0.6058 -0.7956 0.0000
vn 0.5695 -0.8220 0.0000
vn 0.5320 -0.8467 0.0000
vn 0.4935 -0.8697 0.0000
vn 0.4540 -0.8910 0.0000
vn 0.4136 -0.9105 0.0000
vn 0.3723 -0.9281 0.0000
vn 0.3303 -0.9439 0.0000
vn 0.2876 -0.9578 0.0000
vn 0.2443 -0.9697 0.0000
vn 0.2006 -0.9797 0.0000
vn 0.1564 -0.9877 0.0000
vn 0.1120 -0.9937 0.0000
vn 0.0673 -0.9977 0.0000
vn 0.0224 -0.9997 0.0000
vn 0.0420 0.9991 0.0000
vn -0.6495 0.7604 0.0000
vn -0.9969 -0.0785 0.0000
vn -0.9724 -0.2334 0.0000
vn -0.9239 -0.3827 0.0000
vn -0.8526 -0.5225 0.0000
vn -0.7604 -0.6494 0.0000
vn -0.6495 -0.7604 0.0000
vn -0.6494 -0.7604 0.0000
vn -0.5225 -0.8526 0.0000
vn -0.3827 -0.9239 0.0000
vn -0.2334 -0.9724 0.0000
vn -0.0785 -0.9969 0.0000
vn 0.0420 -0.9991 0.0000
vn 0.0785 -0.9969 -0.0013
vn 0.1258 -0.9921 0.0002
vn 0.2098 -0.9777 -0.0002
vn 0.2334 -0.9724 -0.0011
vn 0.2920 -0.9564 0.0004
vn 0.3757 -0.9267 -0.0005
vn 0.3827 -0.9239 -0.0009
vn 0.4583 -0.8888 0.0004
vn 0.5225 -0.8526 -0.0010
vn 0.5395 -0.8420 -0.0002
vn 0.6149 -0.7886 0.0002
vn 0.6859 -0.7277 0.0003
vn 0.7525 -0.6586 -0.0003
vn 0.7604 -0.6495 -0.0008
vn 0.8143 -0.5804 0.0004
vn 0.8526 -0.5225 -0.0009
vn 0.8696 -0.4938 0.0002
vn 0.9180 -0.3965 -0.0001
vn 0.9239 -0.3827 -0.0007
vn 0.9580 -0.2868 0.0005
vn 0.9846 -0.1749 0.0005
vn 0.9960 -0.0895 -0.0005
vn 0.9969 -0.0785 -0.0009
vn 0.9995 -0.0305 0.0000
vn 0.9995 0.0305 0.0000
vn 0.9969 0.0785 -0.0009
vn 0.9960 0.0895 -0.0005
vn 0.9846 0.1749 0.0005
vn 0.9724 0.2334 -0.0009
vn 0.9580 0.2868 0.0005
vn 0.9239 0.3827 -0.0007
vn 0.9180 0.3965 -0.0001
vn 0.8696 0.4938 0.0002
vn 0.8526 0.5225 -0.0009
vn 0.8143 0.5804 0.0004
vn 0.7604 0.6495 -0.0008
vn 0.7525 0.6586 -0.0003
vn 0.6859 0.7277 0.0003
vn 0.6495 0.7604 -0.0010
vn 0.6149 0.7886 0.0002
vn 0.5395 0.8420 -0.0002
vn 0.5225 0.8526 -0.0010
vn 0.4583 0.8888 0.0004
vn 0.3827 0.9239 -0.0009
vn 0.3757 0.9267 -0.0005
vn 0.2920 0.9564 0.0004
vn 0.2334 0.9724 -0.0011
vn 0.2098 0.9777 -0.0002
vn 0.1258 0.9921 0.0002
vn 0.0785 0.9969 -0.0013
vn 0.9969 -0.0785 0.0000
vn 0.9988 0.0491 0.0000
vn 0.9969 0.0785 -0.0012
vn 0.9892 0.1463 0.0005
vn 0.9699 0.2434 -0.0005
vn 0.9416 0.3366 0.0003
vn 0.9239 0.3827 -0.0012
vn 0.9041 0.4273 0.0003
vn 0.8575 0.5144 -0.0004
vn 0.8526 0.5225 -0.0008
vn 0.8034 0.5954 0.0004
vn 0.7604 0.6494 -0.0010
vn 0.7410 0.6716 0.0000
vn 0.6716 0.7410 0.0000
vn 0.5959 0.8031 0.0004
vn 0.5225 0.8526 -0.0007
vn 0.5139 0.8578 -0.0004
vn 0.4277 0.9039 0.0002
vn 0.3827 0.9239 -0.0010
vn 0.3370 0.9415 0.0002
vn 0.2429 0.9701 -0.0004
vn 0.2334 0.9724 -0.0007
vn 0.1468 0.9892 0.0004
vn 0.0785 0.9969 -0.0009
vn 0.0491 0.9988 0.0000
vn -0.0491 0.9988 0.0000
vn -0.0785 0.9969 -0.0009
vn -0.1468 0.9892 0.0004
vn -0.2334 0.9724 -0.0007
vn -0.2429 0.9701 -0.0004
vn -0.3370 0.9415 0.0002
vn -0.3827 0.9239 -0.0010
vn -0.4277 0.9039 0.0002
vn -0.5139 0.8578 -0.0004
vn -0.5225 0.8526 -0.0008
vn -0.5959 0.8031 0.0004
vn -0.6495 0.7604 -0.0010
vn -0.6716 0.7409 0.0000
vn -0.7409 0.6716 0.0000
vn -0.7604 0.6494 -0.0010
vn -0.8034 0.5954 0.0004
vn -0.8526 0.5225 -0.0008
vn -0.8575 0.5144 -0.0004
vn -0.9041 0.4273 0.0003
vn -0.9239 0.3827 -0.0012
vn -0.9416 0.3366 0.0003
vn -0.9699 0.2434 -0.0005
vn -0.9724 0.2334 -0.0009
vn -0.9892 0.1463 0.0005
vn -0.9969 0.0785 -0.0012
vn -0.9988 0.0491 0.0000
vn 0.0785 -0.9969 0.0000
vn 0.2334 -0.9724 0.0000
vn 0.3827 -0.9239 0.0000
vn 0.5225 -0.8526 0.0000
vn 0.6494 -0.7604 0.0000
vn 0.7604 -0.6494 0.0000
vn 0.8526 -0.5225 0.0000
vn 0.9239 -0.3827 0.0000
vn 0.9724 -0.2334 0.0000
vn 0.9988 0.0490 0.0000
vn 0.8527 0.5225 -0.0008
vn 0.7604 0.6495 -0.0010
vn 0.6716 0.7409 0.0000
vn 0.6494 0.7604 -0.0010
vn 0.5225 0.8526 -0.0008
vn 0.5140 0.8578 -0.0004
vn 0.2429 0.9700 -0.0004
vn -0.9969 0.0784 -0.0012
vn -0.9969 -0.0784 0.0000
vn -0.9724 -0.2335 0.0000
vn -0.7604 -0.6495 0.0000
vn 0.6495 -0.7604 0.0000
vn 0.7604 -0.6495 0.0000
vn 0.8527 -0.5225 0.0000
vn 0.7076 0.0000 0.7066
vn 0.7068 0.0001 0.7074
vn 0.7074 0.0000 0.7068
vn 0.7072 0.0001 0.7070
vn 0.7072 0.0002 0.7070
vn 0.7070 -0.0001 0.7073
vn 0.7072 -0.0001 0.7070
vn 0.7071 0.0003 0.7071
vn 0.7072 0.0002 0.7071
vn 0.7070 0.0003 0.7072
vn 0.7071 0.0001 0.7072
vn 0.7069 0.0001 0.7073
vn 0.7072 -0.0001 0.7071
vn 0.7075 0.0000 0.7067
vn 0.7070 -0.0001 0.7072
vn 0.7074 0.0000 0.7069
vn 0.7068 0.0000 0.7074
vn 0.7070 -0.0003 0.7073
vn 0.7070 -0.0002 0.7072
vn 0.7071 -0.0002 0.7071
vn 0.7071 -0.0003 0.7071
vn 0.7067 0.0000 0.7076
vn 0.7066 -0.0000 0.7076
vn 0.7074 0.0002 0.7068
vn 0.7072 -0.0002 0.7070
vn 0.7071 0.0002 0.7071
vn 0.7070 0.0002 0.7072
vn 0.7067 -0.0001 0.7075
vn 0.7067 0.0001 0.7075
vn 0.7073 -0.0002 0.7069
vn 0.7074 -0.0001 0.7068
vn 0.7074 0.0001 0.7068
vn 0.7069 -0.0001 0.7073
vn 0.7072 -0.0002 0.7071
vn 0.7072 0.0003 0.7070
vn 0.7074 -0.0002 0.7068
vn 0.7070 0.0003 0.7073
vn 0.7072 0.0001 0.7071
vn 0.7068 -0.0001 0.7074
vn 0.7071 -0.0001 0.7072
vn 0.7070 -0.0003 0.7072
vn 0.7070 0.0001 0.7073
vn 0.8660 0.5000 0.0000
vn -0.0357 -0.0618 -0.9975
vn 0.0357 0.0618 -0.9975
vn 0.1063 0.1841 -0.9771
vn 0.1747 0.3026 -0.9369
vn 0.2396 0.4150 -0.8777
vn 0.2996 0.5190 -0.8005
vn 0.3536 0.6124 -0.7071
vn 0.3535 0.6124 -0.7071
vn 0.4003 0.6933 -0.5993
vn 0.4388 0.7601 -0.4793
vn 0.4388 0.7601 -0.4792
vn 0.4685 0.8114 -0.3495
vn 0.4886 0.8462 -0.2126
vn 0.4987 0.8638 -0.0713
vn 0.4987 0.8638 0.0713
vn 0.4886 0.8462 0.2126
vn 0.4685 0.8114 0.3495
vn 0.4388 0.7601 0.4793
vn 0.4388 0.7601 0.4792
vn 0.4003 0.6933 0.5993
vn 0.3535 0.6124 0.7071
vn 0.3536 0.6124 0.7071
vn 0.2997 0.5190 0.8005
vn 0.2996 0.5190 0.8005
vn 0.2396 0.4150 0.8777
vn 0.1747 0.3027 0.9369
vn 0.1747 0.3026 0.9369
vn 0.1063 0.1841 0.9771
vn 0.0357 0.0618 0.9975
vn -0.0357 -0.0618 0.9975
vn -0.1063 -0.1841 0.9771
vn -0.1747 -0.3026 0.9369
vn -0.1748 -0.3027 0.9369
vn -0.2396 -0.4150 0.8777
vn -0.2996 -0.5190 0.8005
vn -0.3536 -0.6124 0.7071
vn -0.3535 -0.6124 0.7071
vn -0.4003 -0.6933 0.5993
vn -0.4388 -0.7601 0.4792
vn -0.4685 -0.8114 0.3495
vn -0.4886 -0.8462 0.2126
vn -0.4987 -0.8638 0.0713
vn -0.4987 -0.8638 -0.0713
vn -0.4886 -0.8462 -0.2126
vn -0.4685 -0.8114 -0.3495
vn -0.4388 -0.7601 -0.4792
vn -0.4388 -0.7601 -0.4793
vn -0.4003 -0.6933 -0.5993
vn -0.3535 -0.6124 -0.7071
vn -0.3536 -0.6124 -0.7071
vn -0.2996 -0.5190 -0.8005
vn -0.2396 -0.4150 -0.8777
vn -0.1747 -0.3027 -0.9369
vn -0.1063 -0.1841 -0.9771
vn 0.8661 -0.4999 -0.0001
vn 0.8660 -0.5000 -0.0001
vn 0.8660 -0.5000 0.0001
vn 0.8661 -0.4999 0.0001
vn 0.8661 -0.5000 0.0001
vn 0.8660 -0.5001 0.0000
vn 0.8661 -0.4999 0.0000
vn 0.8659 -0.5001 -0.0000
vn 0.8661 -0.5000 -0.0000
vn 0.8661 -0.4998 -0.0001
vn 0.8660 -0.5001 0.0001
vn 0.8661 -0.4998 0.0001
vn -0.7071 0.0000 0.7071
vn 0.0000 0.7071 0.7071
vn 0.0000 -0.7071 0.7071
vn -0.2335 -0.9724 0.0000
vn 0.2335 -0.9724 0.0000
vn 0.0001 0.0000 1.0000
vn -0.0001 0.0000 1.0000
vn -0.9418 0.3361 0.0000
vn -0.9418 0.3362 0.0000
vn -0.9398 0.3417 0.0000
vn -0.9397 0.3420 0.0000
vn -0.9354 0.3536 0.0000
vn -0.9354 0.3537 0.0000
vn -0.9274 0.3741 0.0000
vn -0.9139 0.4059 0.0000
vn -0.8979 0.4402 0.0000
vn -0.8806 0.4738 0.0000
vn -0.8605 0.5094 0.0000
vn -0.8605 0.5095 0.0000
vn -0.8384 0.5451 0.0000
vn -0.8158 0.5784 0.0000
vn -0.8158 0.5783 0.0000
vn -0.7915 0.6111 0.0000
vn -0.7658 0.6430 0.0000
vn -0.7659 0.6430 0.0000
vn -0.7395 0.6732 0.0000
vn -0.7394 0.6732 0.0000
vn -0.7180 0.6960 0.0000
vn -0.7048 0.7094 0.0000
vn -0.7047 0.7095 0.0000
vn -0.6922 0.7217 0.0000
vn -0.6801 0.7331 0.0000
vn -0.6681 0.7441 0.0000
vn -0.6681 0.7440 0.0000
vn -0.6578 0.7532 0.0000
vn -0.6489 0.7609 0.0000
vn -0.6416 0.7671 0.0000
vn -0.6416 0.7670 0.0000
vn -0.6362 0.7715 0.0000
vn -0.6364 0.7714 0.0000
vn -0.6316 0.7753 0.0000
vn -0.9417 0.3363 0.0000
vn -0.9417 0.3365 0.0000
vn -0.9396 0.3422 0.0000
vn -0.9398 0.3416 0.0000
vn -0.9382 0.3461 0.0000
vn -0.9386 0.3450 0.0000
vn -0.9374 0.3484 0.0000
vn -0.9417 0.3366 0.0000
vn -0.9383 0.3459 0.0000
vn -0.9419 0.3359 0.0000
vn -0.9397 0.3421 0.0000
vn -0.9354 0.3535 0.0000
vn -0.7915 0.6112 0.0000
vn -0.6363 0.7715 0.0000
vn 0.0221 0.9998 0.0000
vn 0.0218 0.9998 0.0002
vn -0.0126 0.9999 -0.0001
vn -0.0231 0.9997 0.0027
vn -0.0380 0.9993 -0.0006
vn -0.0631 0.9980 0.0008
vn -0.0680 0.9977 0.0024
vn -0.0885 0.9961 -0.0009
vn -0.1127 0.9936 0.0021
vn -0.1133 0.9936 0.0018
vn -0.1388 0.9903 -0.0009
vn -0.1571 0.9876 0.0029
vn -0.1636 0.9865 0.0006
vn -0.1887 0.9820 -0.0005
vn -0.2013 0.9795 0.0036
vn -0.2135 0.9769 -0.0004
vn -0.2379 0.9713 0.0005
vn -0.2451 0.9695 0.0042
vn -0.2629 0.9648 -0.0014
vn -0.2860 0.9582 0.0027
vn -0.2883 0.9575 0.0047
vn -0.3117 0.9502 -0.0022
vn -0.3310 0.9436 0.0068
vn -0.3332 0.9428 0.0045
vn -0.3597 0.9330 -0.0029
vn -0.3730 0.9276 0.0221
vn 0.0666 0.9978 0.0000
vn 0.1114 0.9938 0.0000
vn 0.1558 0.9878 0.0000
vn 0.2000 0.9798 0.0000
vn 0.2438 0.9698 0.0000
vn 0.2871 0.9579 0.0000
vn 0.3298 0.9441 0.0000
vn 0.3718 0.9283 0.0000
vn 0.4131 0.9107 0.0000
vn 0.4536 0.8912 0.0000
vn 0.4931 0.8700 0.0000
vn 0.4932 0.8699 -0.0000
vn 0.5317 0.8469 0.0000
vn 0.5319 0.8468 -0.0000
vn 0.5692 0.8222 0.0000
vn 0.5693 0.8221 -0.0000
vn 0.6055 0.7959 0.0000
vn 0.6056 0.7957 -0.0000
vn 0.6406 0.7679 0.0000
vn 0.6407 0.7678 -0.0000
vn 0.6744 0.7384 0.0000
vn 0.6745 0.7382 -0.0000
vn 0.7069 0.7073 0.0000
vn 0.7070 0.7072 -0.0000
vn 0.7379 0.6749 0.0000
vn 0.7380 0.6748 -0.0000
vn 0.7675 0.6411 0.0000
vn 0.7676 0.6410 -0.0000
vn 0.7955 0.6060 0.0000
vn 0.7955 0.6059 -0.0000
vn 0.8219 0.5697 0.0000
vn 0.8219 0.5696 -0.0000
vn 0.8466 0.5322 0.0000
vn 0.8467 0.5321 -0.0000
vn 0.8696 0.4937 0.0000
vn 0.8697 0.4936 -0.0000
vn 0.8909 0.4542 0.0000
vn 0.8910 0.4541 -0.0000
vn 0.9104 0.4137 0.0000
vn 0.9104 0.4136 -0.0000
vn 0.9281 0.3724 0.0000
vn 0.9438 0.3304 0.0000
vn 0.9577 0.2877 0.0000
vn 0.9697 0.2444 0.0000
vn 0.9797 0.2007 0.0000
vn 0.9877 0.1565 0.0000
vn 0.9877 -0.1565 0.0000
vn 0.9697 -0.2444 0.0000
vn 0.9577 -0.2877 0.0000
vn 0.9281 -0.3724 0.0000
vn 0.9104 -0.4136 0.0000
vn 0.8910 -0.4541 0.0000
vn 0.8697 -0.4936 0.0000
vn 0.8467 -0.5321 0.0000
vn 0.8219 -0.5696 0.0000
vn 0.7955 -0.6059 0.0000
vn 0.7675 -0.6410 0.0000
vn 0.7380 -0.6748 0.0000
vn 0.7070 -0.7072 0.0000
vn 0.6745 -0.7382 0.0000
vn 0.6407 -0.7678 0.0000
vn 0.6056 -0.7957 0.0000
vn 0.5693 -0.8221 0.0000
vn 0.5319 -0.8468 0.0000
vn 0.4932 -0.8699 0.0000
vn 0.4536 -0.8912 0.0000
vn 0.4131 -0.9107 0.0000
vn 0.3718 -0.9283 0.0000
vn 0.3298 -0.9441 0.0000
vn 0.2871 -0.9579 0.0000
vn 0.2438 -0.9698 0.0000
vn 0.2000 -0.9798 0.0000
vn 0.1558 -0.9878 0.0000
vn 0.1114 -0.9938 0.0000
vn 0.0666 -0.9978 0.0000
vn 0.0221 -0.9998 0.0000
vn 0.0218 -0.9998 0.0002
vn 0.9797 -0.2007 0.0000
vn 0.9438 -0.3304 0.0000
vn 0.9104 -0.4137 0.0000
vn 0.8909 -0.4542 0.0000
vn 0.8696 -0.4937 0.0000
vn 0.8466 -0.5322 0.0000
vn 0.8219 -0.5697 0.0000
vn 0.7955 -0.6060 0.0000
vn 0.7676 -0.6410 -0.0000
vn 0.7675 -0.6411 0.0000
vn 0.7379 -0.6749 0.0000
vn 0.7069 -0.7073 0.0000
vn 0.6744 -0.7384 0.0000
vn 0.6406 -0.7679 0.0000
vn 0.6055 -0.7959 0.0000
vn 0.5692 -0.8222 0.0000
vn 0.5317 -0.8469 0.0000
vn 0.4931 -0.8700 0.0000
vn -0.0126 -0.9999 -0.0001
vn -0.0231 -0.9997 0.0027
vn -0.0380 -0.9993 -0.0006
vn -0.0631 -0.9980 0.0008
vn -0.0680 -0.9977 0.0024
vn -0.0885 -0.9961 -0.0009
vn -0.1127 -0.9936 0.0021
vn -0.1133 -0.9936 0.0018
vn -0.1388 -0.9903 -0.0009
vn -0.1571 -0.9876 0.0029
vn -0.1636 -0.9865 0.0006
vn -0.1887 -0.9820 -0.0005
vn -0.2013 -0.9795 0.0036
vn -0.2135 -0.9769 -0.0004
vn -0.2379 -0.9713 0.0005
vn -0.2451 -0.9695 0.0042
vn -0.2629 -0.9648 -0.0014
vn -0.2860 -0.9582 0.0027
vn -0.2883 -0.9575 0.0047
vn -0.3117 -0.9502 -0.0022
vn -0.3310 -0.9436 0.0068
vn -0.3332 -0.9428 0.0045
vn -0.3597 -0.9330 -0.0029
vn -0.3730 -0.9276 0.0221
vn 0.7675 0.6410 0.0000
vn 0.0000 -1.0000 0.0001
vn 0.0000 1.0000 0.0001
vn -0.0124 0.9997 0.0187
vn -0.0236 0.9978 0.0627
vn -0.0381 0.9957 0.0839
vn -0.0445 0.9964 0.0718
vn -0.0649 0.9952 0.0729
vn -0.0608 0.9910 0.1196
vn -0.0855 0.9889 0.1218
vn -0.0797 0.9826 0.1680
vn -0.1028 0.9800 0.1706
vn -0.0953 0.9717 0.2163
vn -0.1167 0.9687 0.2193
vn -0.1073 0.9584 0.2645
vn -0.1269 0.9551 0.2678
vn -0.1156 0.9429 0.3124
vn -0.1333 0.9394 0.3159
vn -0.1201 0.9253 0.3597
vn -0.1337 0.9222 0.3628
vn -0.1185 0.9059 0.4067
vn -0.1285 0.9034 0.4092
vn -0.1118 0.8849 0.4521
vn -0.1204 0.8826 0.4545
vn -0.1022 0.8621 0.4963
vn -0.1095 0.8600 0.4984
vn -0.0898 0.8375 0.5391
vn -0.0965 0.8354 0.5412
vn -0.0754 0.8111 0.5800
vn -0.0811 0.8092 0.5820
vn -0.0581 0.7830 0.6192
vn -0.0621 0.7815 0.6207
vn -0.0374 0.7536 0.6562
vn -0.0398 0.7527 0.6572
vn -0.0131 0.7227 0.6911
vn -0.0134 0.7229 0.6909
vn -0.0406 0.9916 0.1231
vn -0.0697 0.9833 0.1679
vn -0.0751 0.9609 0.2665
vn -0.0676 0.9829 0.1713
vn -0.0680 0.9832 0.1691
vn -0.0800 0.9822 0.1701
vn -0.0852 0.9265 0.3665
vn -0.0802 0.9466 0.3122
vn -0.0884 0.9585 0.2712
vn -0.0878 0.9604 0.2645
vn -0.0955 0.9711 0.2189
vn -0.1218 0.7357 0.6663
vn -0.0800 0.9105 0.4058
vn -0.0888 0.9236 0.3729
vn -0.0881 0.9291 0.3593
vn -0.0980 0.9441 0.3147
vn -0.0978 0.9449 0.3123
vn -0.1075 0.9576 0.2673
vn -0.0804 0.8812 0.4658
vn -0.0713 0.8675 0.4922
vn -0.0784 0.8619 0.5010
vn -0.0649 0.8407 0.5376
vn -0.0717 0.8392 0.5391
vn -0.0557 0.8136 0.5788
vn -0.0604 0.8124 0.5799
vn -0.0431 0.7850 0.6181
vn -0.0464 0.7841 0.6189
vn -0.0278 0.7549 0.6553
vn -0.0298 0.7543 0.6558
vn -0.0098 0.7233 0.6905
vn -0.0101 0.7234 0.6903
vn -0.0650 0.8355 0.5456
vn -0.0534 0.8178 0.5731
vn -0.0558 0.8112 0.5821
vn -0.0411 0.7873 0.6152
vn -0.0431 0.7837 0.6197
vn -0.0264 0.7558 0.6543
vn -0.0278 0.7542 0.6560
vn -0.0093 0.7236 0.6902
vn -0.0106 0.7231 0.6907
vn -0.0106 0.7232 0.6906
vn -0.0320 0.7540 0.6561
vn -0.0322 0.7544 0.6556
vn -0.0535 0.7830 0.6198
vn -0.0537 0.7837 0.6188
vn -0.0751 0.8102 0.5813
vn -0.0114 0.7232 0.6905
vn -0.0114 0.7229 0.6908
vn -0.0346 0.7536 0.6565
vn -0.0348 0.7540 0.6559
vn -0.0578 0.7823 0.6202
vn -0.0121 0.7232 0.6905
vn -0.0122 0.7228 0.6910
vn -0.0372 0.7531 0.6568
vn -0.0128 0.7231 0.6906
vn -0.0140 0.7227 0.6910
vn -0.0140 0.7226 0.6911
vn -0.0423 0.7522 0.6576
vn -0.0426 0.7528 0.6569
vn -0.0707 0.7799 0.6219
vn -0.0711 0.7808 0.6208
vn -0.0991 0.8056 0.5841
vn -0.0997 0.8068 0.5824
vn -0.1274 0.8291 0.5443
vn -0.1282 0.8305 0.5420
vn -0.1555 0.8503 0.5027
vn -0.1565 0.8519 0.4998
vn -0.1833 0.8691 0.4595
vn -0.1844 0.8707 0.4559
vn -0.2105 0.8852 0.4148
vn -0.2117 0.8869 0.4105
vn -0.2372 0.8987 0.3688
vn -0.2385 0.9004 0.3639
vn -0.2631 0.9095 0.3217
vn -0.2645 0.9111 0.3161
vn -0.2881 0.9176 0.2738
vn -0.2896 0.9190 0.2674
vn -0.3123 0.9229 0.2253
vn -0.3138 0.9241 0.2182
vn -0.3353 0.9255 0.1763
vn -0.3369 0.9263 0.1685
vn -0.3573 0.9253 0.1271
vn -0.3588 0.9258 0.1187
vn -0.3780 0.9225 0.0780
vn -0.3738 0.9218 0.1032
vn -0.3907 0.9201 0.0283
vn -0.0148 0.7227 0.6910
vn -0.0147 0.7223 0.6914
vn -0.0448 0.7517 0.6580
vn -0.0452 0.7523 0.6573
vn -0.0749 0.7790 0.6225
vn -0.0754 0.7799 0.6213
vn -0.1051 0.8043 0.5849
vn -0.1058 0.8055 0.5831
vn -0.1351 0.8273 0.5452
vn -0.1360 0.8287 0.5429
vn -0.1649 0.8480 0.5037
vn -0.1660 0.8496 0.5007
vn -0.1943 0.8661 0.4605
vn -0.1955 0.8678 0.4568
vn -0.2232 0.8816 0.4158
vn -0.2246 0.8834 0.4114
vn -0.2514 0.8945 0.3698
vn -0.2529 0.8962 0.3646
vn -0.2788 0.9045 0.3227
vn -0.2804 0.9061 0.3168
vn -0.3053 0.9118 0.2747
vn -0.3070 0.9132 0.2680
vn -0.3307 0.9163 0.2260
vn -0.3325 0.9174 0.2186
vn -0.3550 0.9179 0.1769
vn -0.3498 0.9152 0.2002
vn -0.3772 0.9183 0.1201
vn -0.0155 0.7226 0.6911
vn -0.0156 0.7222 0.6915
vn -0.0474 0.7512 0.6584
vn -0.0477 0.7518 0.6577
vn -0.0792 0.7781 0.6232
vn -0.0798 0.7790 0.6219
vn -0.1110 0.8029 0.5857
vn -0.1118 0.8041 0.5839
vn -0.1428 0.8254 0.5462
vn -0.1438 0.8268 0.5437
vn -0.1742 0.8455 0.5048
vn -0.1755 0.8471 0.5016
vn -0.2053 0.8630 0.4616
vn -0.2067 0.8647 0.4578
vn -0.2357 0.8778 0.4169
vn -0.2373 0.8796 0.4123
vn -0.2655 0.8899 0.3708
vn -0.2673 0.8916 0.3655
vn -0.2944 0.8992 0.3237
vn -0.2963 0.9008 0.3175
vn -0.3223 0.9056 0.2756
vn -0.3169 0.9017 0.2941
vn -0.3527 0.9107 0.2149
vn -0.0161 0.7224 0.6913
vn -0.0165 0.7221 0.6916
vn -0.0166 0.7222 0.6915
vn -0.0173 0.7221 0.6916
vn -0.0172 0.7219 0.6918
vn -0.0180 0.7220 0.6916
vn -0.0180 0.7217 0.6920
vn -0.0187 0.7219 0.6918
vn -0.0187 0.7215 0.6921
vn -0.0193 0.7217 0.6919
vn -0.0184 0.7238 0.6898
vn -0.0240 0.7243 0.6890
vn -0.0605 0.7474 0.6616
vn -0.0709 0.7630 0.6424
vn -0.0894 0.7667 0.6358
vn -0.1143 0.7883 0.6046
vn -0.1350 0.7959 0.5901
vn -0.1549 0.8134 0.5606
vn -0.1745 0.8154 0.5520
vn -0.1941 0.8431 0.5016
vn -0.1971 0.8358 0.5124
vn -0.2020 0.8370 0.5086
vn -0.1938 0.8418 0.5038
vn -0.2267 0.8564 0.4638
vn -0.2178 0.8615 0.4588
vn -0.2482 0.8738 0.4180
vn -0.2257 0.8521 0.4722
vn -0.2383 0.8522 0.4658
vn -0.2283 0.8581 0.4599
vn -0.2603 0.8698 0.4191
vn -0.2500 0.8756 0.4133
vn -0.2795 0.8852 0.3719
vn -0.2726 0.8849 0.3776
vn -0.2726 0.8812 0.3863
vn -0.2943 0.8797 0.3735
vn -0.3220 0.9109 0.2579
vn -0.3207 0.9013 0.2912
vn -0.3786 0.9254 0.0186
vn -0.3700 0.9286 0.0290
vn -0.3547 0.9348 0.0191
vn -0.3474 0.9373 0.0284
vn -0.3305 0.9436 0.0198
vn -0.3246 0.9454 0.0277
vn -0.3060 0.9518 0.0206
vn -0.3016 0.9530 0.0269
vn -0.2840 0.9586 0.0222
vn -0.2766 0.9605 0.0317
vn -0.2663 0.9637 0.0188
vn -0.2526 0.9670 0.0333
vn -0.2475 0.9687 0.0185
vn -0.2294 0.9728 0.0317
vn -0.2276 0.9735 0.0217
vn -0.2068 0.9780 0.0268
vn -0.2059 0.9784 0.0170
vn -0.1821 0.9828 0.0300
vn -0.1793 0.9837 0.0142
vn -0.1575 0.9870 0.0324
vn -0.1523 0.9883 0.0124
vn -0.1332 0.9905 0.0336
vn -0.1248 0.9921 0.0115
vn -0.1091 0.9935 0.0337
vn -0.0972 0.9952 0.0117
vn -0.0850 0.9958 0.0328
vn -0.0694 0.9975 0.0130
vn -0.0609 0.9977 0.0309
vn -0.0415 0.9990 0.0156
vn -0.0367 0.9989 0.0280
vn -0.3309 0.9182 0.2178
vn -0.3580 0.9262 0.1184
vn -0.0645 0.9954 0.0712
vn -0.0907 0.9932 0.0733
vn -0.0903 0.9934 0.0708
vn -0.1164 0.9905 0.0738
vn -0.1161 0.9907 0.0705
vn -0.1421 0.9871 0.0742
vn -0.1418 0.9874 0.0702
vn -0.1677 0.9830 0.0747
vn -0.1675 0.9834 0.0700
vn -0.1931 0.9783 0.0751
vn -0.1930 0.9787 0.0697
vn -0.2149 0.9738 0.0747
vn -0.2145 0.9742 0.0704
vn -0.2327 0.9697 0.0749
vn -0.2324 0.9701 0.0703
vn -0.2505 0.9652 0.0752
vn -0.2502 0.9656 0.0703
vn -0.2682 0.9604 0.0755
vn -0.2680 0.9609 0.0702
vn -0.2882 0.9545 0.0765
vn -0.2887 0.9549 0.0693
vn -0.3110 0.9473 0.0769
vn -0.3117 0.9477 0.0692
vn -0.3335 0.9396 0.0773
vn -0.3345 0.9399 0.0691
vn -0.3559 0.9313 0.0776
vn -0.3571 0.9315 0.0690
vn -0.3375 0.9338 0.1186
vn -0.3362 0.9332 0.1266
vn -0.3168 0.9334 0.1683
vn -0.3155 0.9325 0.1757
vn -0.2950 0.9303 0.2178
vn -0.2937 0.9291 0.2245
vn -0.2722 0.9245 0.2670
vn -0.2710 0.9231 0.2730
vn -0.2485 0.9158 0.3155
vn -0.2474 0.9143 0.3209
vn -0.2241 0.9044 0.3631
vn -0.2229 0.9028 0.3679
vn -0.1989 0.8902 0.4098
vn -0.1979 0.8886 0.4138
vn -0.1732 0.8734 0.4551
vn -0.1722 0.8718 0.4585
vn -0.1470 0.8540 0.4990
vn -0.1462 0.8525 0.5018
vn -0.1204 0.8322 0.5413
vn -0.1198 0.8309 0.5434
vn -0.0937 0.8080 0.5817
vn -0.0931 0.8069 0.5833
vn -0.0668 0.7816 0.6202
vn -0.0664 0.7807 0.6213
vn -0.0400 0.7532 0.6566
vn -0.3160 0.9413 0.1186
vn -0.3150 0.9407 0.1262
vn -0.2966 0.9401 0.1681
vn -0.2955 0.9392 0.1751
vn -0.2761 0.9362 0.2175
vn -0.2750 0.9350 0.2239
vn -0.2547 0.9296 0.2665
vn -0.2537 0.9282 0.2722
vn -0.2325 0.9202 0.3149
vn -0.2315 0.9187 0.3200
vn -0.2096 0.9081 0.3625
vn -0.2087 0.9065 0.3670
vn -0.1860 0.8933 0.4091
vn -0.1852 0.8918 0.4129
vn -0.1619 0.8760 0.4544
vn -0.1612 0.8744 0.4576
vn -0.1374 0.8560 0.4983
vn -0.1367 0.8546 0.5009
vn -0.1126 0.8337 0.5406
vn -0.1120 0.8325 0.5426
vn -0.0876 0.8091 0.5811
vn -0.0871 0.8080 0.5826
vn -0.0625 0.7823 0.6197
vn -0.2944 0.9483 0.1185
vn -0.2936 0.9476 0.1257
vn -0.2762 0.9463 0.1680
vn -0.2754 0.9454 0.1745
vn -0.2571 0.9417 0.2172
vn -0.2562 0.9405 0.2232
vn -0.2371 0.9343 0.2661
vn -0.2363 0.9330 0.2715
vn -0.2164 0.9243 0.3144
vn -0.2156 0.9228 0.3192
vn -0.1950 0.9116 0.3619
vn -0.1943 0.9100 0.3661
vn -0.1731 0.8962 0.4084
vn -0.1724 0.8947 0.4120
vn -0.1507 0.8783 0.4537
vn -0.1500 0.8768 0.4568
vn -0.1278 0.8579 0.4976
vn -0.1273 0.8566 0.5001
vn -0.1047 0.8352 0.5399
vn -0.1043 0.8340 0.5419
vn -0.0815 0.8101 0.5805
vn -0.2726 0.9548 0.1185
vn -0.2721 0.9541 0.1252
vn -0.2557 0.9521 0.1678
vn -0.2551 0.9511 0.1740
vn -0.2379 0.9467 0.2170
vn -0.2373 0.9456 0.2226
vn -0.2194 0.9387 0.2657
vn -0.2188 0.9374 0.2708
vn -0.2002 0.9281 0.3140
vn -0.1996 0.9267 0.3185
vn -0.1804 0.9148 0.3614
vn -0.1799 0.9133 0.3653
vn -0.1601 0.8989 0.4078
vn -0.1596 0.8975 0.4112
vn -0.1393 0.8805 0.4531
vn -0.1389 0.8791 0.4559
vn -0.1182 0.8597 0.4970
vn -0.1178 0.8584 0.4993
vn -0.0969 0.8365 0.5393
vn -0.2530 0.9601 0.1193
vn -0.2531 0.9594 0.1242
vn -0.2372 0.9568 0.1684
vn -0.2373 0.9559 0.1730
vn -0.2207 0.9508 0.2174
vn -0.2207 0.9499 0.2215
vn -0.2035 0.9422 0.2660
vn -0.2034 0.9412 0.2698
vn -0.1856 0.9311 0.3141
vn -0.1856 0.9300 0.3174
vn -0.1673 0.9173 0.3614
vn -0.1672 0.9162 0.3643
vn -0.1484 0.9010 0.4077
vn -0.1483 0.8998 0.4102
vn -0.1292 0.8821 0.4529
vn -0.1291 0.8811 0.4550
vn -0.1096 0.8610 0.4967
vn -0.2362 0.9644 0.1193
vn -0.2364 0.9637 0.1239
vn -0.2214 0.9606 0.1683
vn -0.2215 0.9598 0.1726
vn -0.2059 0.9542 0.2172
vn -0.2060 0.9532 0.2211
vn -0.1898 0.9452 0.2658
vn -0.1899 0.9441 0.2693
vn -0.1732 0.9336 0.3138
vn -0.1732 0.9325 0.3169
vn -0.1560 0.9194 0.3610
vn -0.1560 0.9183 0.3638
vn -0.1384 0.9027 0.4074
vn -0.1384 0.9017 0.4097
vn -0.1205 0.8836 0.4525
vn -0.2193 0.9683 0.1192
vn -0.2196 0.9677 0.1235
vn -0.2055 0.9641 0.1682
vn -0.2058 0.9633 0.1722
vn -0.1912 0.9573 0.2171
vn -0.1913 0.9564 0.2207
vn -0.1762 0.9479 0.2656
vn -0.1763 0.9469 0.2688
vn -0.1607 0.9359 0.3135
vn -0.1608 0.9349 0.3164
vn -0.1448 0.9214 0.3607
vn -0.1449 0.9204 0.3633
vn -0.1285 0.9044 0.4070
vn -0.2023 0.9720 0.1193
vn -0.2027 0.9715 0.1233
vn -0.1896 0.9673 0.1682
vn -0.1899 0.9666 0.1719
vn -0.1763 0.9601 0.2170
vn -0.1766 0.9593 0.2203
vn -0.1625 0.9503 0.2654
vn -0.1627 0.9495 0.2684
vn -0.1482 0.9380 0.3133
vn -0.1484 0.9371 0.3160
vn -0.1335 0.9232 0.3605
vn -0.1821 0.9761 0.1185
vn -0.1821 0.9755 0.1236
vn -0.1706 0.9710 0.1674
vn -0.1706 0.9702 0.1721
vn -0.1586 0.9634 0.2162
vn -0.1586 0.9624 0.2204
vn -0.1462 0.9532 0.2646
vn -0.1462 0.9522 0.2684
vn -0.1333 0.9405 0.3126
vn -0.1580 0.9803 0.1187
vn -0.1581 0.9797 0.1231
vn -0.1480 0.9747 0.1675
vn -0.1481 0.9740 0.1715
vn -0.1376 0.9666 0.2162
vn -0.1377 0.9658 0.2199
vn -0.1268 0.9560 0.2645
vn -0.1337 0.9839 0.1190
vn -0.1340 0.9834 0.1226
vn -0.1253 0.9779 0.1677
vn -0.1255 0.9772 0.1711
vn -0.1164 0.9694 0.2162
vn -0.1094 0.9868 0.1191
vn -0.1098 0.9864 0.1222
vn -0.1025 0.9805 0.1678
vn -0.0851 0.9892 0.1194
vn -0.0741 0.9735 0.2164
vn -0.3099 0.8936 0.3247
vn -0.1157 0.9419 0.3153
vn -0.1041 0.9273 0.3595
vn -0.1042 0.9263 0.3620
vn -0.0924 0.9093 0.4057
vn -0.0924 0.9084 0.4079
vn -0.0804 0.8890 0.4508
vn -0.2815 0.8869 0.3664
vn -0.1065 0.9077 0.4060
vn -0.1064 0.9065 0.4085
vn -0.0927 0.8876 0.4511
vn -0.0926 0.8866 0.4532
vn -0.0786 0.8653 0.4950
vn -0.1200 0.9242 0.3626
vn -0.1185 0.9049 0.4087
vn -0.1031 0.8861 0.4518
vn -0.1118 0.8840 0.4539
vn -0.0948 0.8632 0.4960
vn -0.1022 0.8612 0.4979
vn -0.0838 0.8383 0.5387
vn -0.0897 0.8366 0.5404
vn -0.0698 0.8118 0.5797
vn -0.1031 0.8853 0.4535
vn -0.2162 0.8597 0.4628
vn -0.1849 0.8445 0.5026
vn -0.1835 0.8429 0.5059
vn -0.1515 0.8248 0.5447
vn -0.1504 0.8234 0.5472
vn -0.1179 0.8026 0.5847
vn -0.1169 0.8014 0.5866
vn -0.0840 0.7780 0.6226
vn -0.0834 0.7771 0.6239
vn -0.0503 0.7512 0.6582
vn -0.0499 0.7506 0.6589
vn -0.0875 0.8641 0.4956
vn -0.0875 0.8633 0.4970
vn -0.0716 0.8399 0.5380
vn -0.0948 0.8623 0.4975
vn -0.0777 0.8392 0.5383
vn -0.0837 0.8375 0.5399
vn -0.0651 0.8124 0.5794
vn -0.0698 0.8111 0.5807
vn -0.0498 0.7841 0.6186
vn -0.0777 0.8384 0.5395
vn -0.1925 0.8402 0.5069
vn -0.1589 0.8228 0.5457
vn -0.1647 0.8193 0.5492
vn -0.1291 0.7996 0.5865
vn -0.1577 0.8214 0.5482
vn -0.1660 0.8207 0.5467
vn -0.0651 0.8118 0.5803
vn -0.0604 0.8130 0.5791
vn -0.1236 0.8011 0.5856
vn -0.1227 0.7999 0.5874
vn -0.0881 0.7770 0.6233
vn -0.0875 0.7761 0.6245
vn -0.0527 0.7506 0.6586
vn -0.0523 0.7500 0.6593
vn -0.0497 0.7836 0.6193
vn -0.0465 0.7846 0.6183
vn -0.1281 0.7984 0.5883
vn -0.0920 0.7760 0.6240
vn -0.0952 0.7740 0.6260
vn -0.0574 0.7495 0.6595
vn -0.0914 0.7751 0.6252
vn -0.0298 0.7546 0.6554
vn -0.0546 0.7495 0.6598
vn -0.0551 0.7501 0.6591
vn -0.0570 0.7489 0.6603
vn -0.3898 -0.9179 0.0741
vn -0.3767 -0.9260 0.0260
vn -0.3686 -0.9290 0.0323
vn -0.3656 -0.9307 0.0112
vn -0.3459 -0.9377 0.0323
vn -0.3369 -0.9414 0.0138
vn -0.3236 -0.9457 0.0305
vn -0.3088 -0.9510 0.0167
vn -0.3016 -0.9530 0.0269
vn -0.2800 -0.9598 0.0211
vn -0.2800 -0.9597 0.0230
vn -0.2550 -0.9666 0.0252
vn -0.2548 -0.9668 0.0191
vn -0.2303 -0.9727 0.0284
vn -0.2291 -0.9733 0.0160
vn -0.2058 -0.9781 0.0309
vn -0.2028 -0.9791 0.0136
vn -0.1815 -0.9829 0.0327
vn -0.1760 -0.9843 0.0123
vn -0.1573 -0.9870 0.0337
vn -0.1489 -0.9888 0.0118
vn -0.1332 -0.9905 0.0336
vn -0.1214 -0.9925 0.0122
vn -0.1093 -0.9935 0.0327
vn -0.0939 -0.9955 0.0135
vn -0.0852 -0.9959 0.0307
vn -0.0697 -0.9974 0.0186
vn -0.0607 -0.9976 0.0335
vn -0.0499 -0.9986 0.0173
vn -0.0364 -0.9988 0.0334
vn -0.0299 -0.9994 0.0191
vn -0.0122 -0.9995 0.0303
vn -0.0371 -0.9945 0.0984
vn -0.0364 -0.9947 0.0967
vn -0.0365 -0.9947 0.0960
vn -0.0440 -0.9918 0.1201
vn -0.0614 -0.9907 0.1212
vn -0.0658 -0.9953 0.0715
vn -0.0871 -0.9935 0.0733
vn -0.3798 -0.9250 -0.0109
vn -0.3798 -0.9183 0.1113
vn -0.3609 -0.9244 0.1234
vn -0.3508 -0.9289 0.1188
vn -0.3446 -0.9302 0.1267
vn -0.3253 -0.9381 0.1187
vn -0.3197 -0.9391 0.1262
vn -0.3002 -0.9464 0.1188
vn -0.2953 -0.9471 0.1255
vn -0.2758 -0.9539 0.1187
vn -0.2714 -0.9543 0.1250
vn -0.2516 -0.9605 0.1188
vn -0.2478 -0.9608 0.1244
vn -0.2278 -0.9664 0.1188
vn -0.2245 -0.9666 0.1240
vn -0.2039 -0.9718 0.1188
vn -0.2010 -0.9718 0.1236
vn -0.1799 -0.9765 0.1189
vn -0.1775 -0.9764 0.1232
vn -0.1558 -0.9806 0.1190
vn -0.1538 -0.9804 0.1228
vn -0.1316 -0.9841 0.1192
vn -0.1300 -0.9839 0.1224
vn -0.1073 -0.9870 0.1193
vn -0.1061 -0.9868 0.1220
vn -0.0830 -0.9894 0.1195
vn -0.0821 -0.9892 0.1216
vn -0.0620 -0.9908 0.1200
vn -0.3604 -0.9315 -0.0491
vn -0.3574 -0.9142 0.1910
vn -0.3688 -0.9126 0.1766
vn -0.3531 -0.9202 0.1690
vn -0.3468 -0.9212 0.1765
vn -0.3293 -0.9291 0.1686
vn -0.3234 -0.9298 0.1758
vn -0.3052 -0.9373 0.1683
vn -0.2999 -0.9377 0.1752
vn -0.2816 -0.9447 0.1682
vn -0.2770 -0.9449 0.1744
vn -0.2586 -0.9512 0.1680
vn -0.2545 -0.9513 0.1738
vn -0.2359 -0.9572 0.1680
vn -0.2323 -0.9571 0.1732
vn -0.2135 -0.9624 0.1678
vn -0.2104 -0.9622 0.1727
vn -0.1911 -0.9671 0.1678
vn -0.1884 -0.9669 0.1722
vn -0.1686 -0.9713 0.1678
vn -0.1663 -0.9710 0.1717
vn -0.1460 -0.9750 0.1678
vn -0.1441 -0.9746 0.1713
vn -0.1233 -0.9781 0.1678
vn -0.1218 -0.9777 0.1709
vn -0.1005 -0.9807 0.1679
vn -0.0994 -0.9803 0.1704
vn -0.0777 -0.9827 0.1681
vn -0.0769 -0.9824 0.1700
vn -0.0576 -0.9840 0.1685
vn -0.3385 -0.8995 0.2764
vn -0.3187 -0.9015 0.2929
vn -0.3090 -0.8940 0.3244
vn -0.2816 -0.8840 0.3732
vn -0.2672 -0.8916 0.3656
vn -0.2328 -0.8788 0.4165
vn -0.2221 -0.8840 0.4113
vn -0.1898 -0.8674 0.4600
vn -0.1800 -0.8718 0.4556
vn -0.1500 -0.8517 0.5021
vn -0.1414 -0.8552 0.4986
vn -0.1138 -0.8321 0.5428
vn -0.1067 -0.8348 0.5401
vn -0.0825 -0.8100 0.5806
vn -0.0820 -0.8088 0.5823
vn -0.0588 -0.7829 0.6193
vn -0.0585 -0.7821 0.6204
vn -0.0349 -0.7535 0.6565
vn -0.0325 -0.7544 0.6557
vn -0.0106 -0.7231 0.6907
vn -0.0106 -0.7231 0.6906
vn -0.2725 -0.8825 0.3834
vn -0.2719 -0.8826 0.3835
vn -0.2604 -0.8702 0.4182
vn -0.2300 -0.8550 0.4648
vn -0.2198 -0.8608 0.4591
vn -0.1831 -0.8430 0.5057
vn -0.1754 -0.8471 0.5017
vn -0.1410 -0.8259 0.5459
vn -0.1345 -0.8291 0.5427
vn -0.1040 -0.8059 0.5828
vn -0.1031 -0.8046 0.5848
vn -0.0742 -0.7802 0.6211
vn -0.0735 -0.7792 0.6224
vn -0.0439 -0.7519 0.6578
vn -0.0415 -0.7530 0.6568
vn -0.0134 -0.7225 0.6913
vn -0.0134 -0.7229 0.6908
vn -0.2271 -0.8543 0.4675
vn -0.2265 -0.8550 0.4665
vn -0.2065 -0.8353 0.5095
vn -0.1920 -0.8341 0.5171
vn -0.1691 -0.8176 0.5504
vn -0.1549 -0.8132 0.5611
vn -0.1322 -0.7967 0.5898
vn -0.1219 -0.7921 0.5981
vn -0.0945 -0.7755 0.6243
vn -0.1001 -0.7719 0.6279
vn -0.0707 -0.7605 0.6455
vn -0.1151 -0.7938 0.5972
vn -0.0240 -0.7243 0.6890
vn -0.0199 -0.7239 0.6896
vn -0.0596 -0.7478 0.6613
vn -0.0567 -0.7496 0.6594
vn -0.0557 -0.7492 0.6600
vn -0.0537 -0.7504 0.6588
vn -0.0528 -0.7499 0.6594
vn -0.0507 -0.7511 0.6582
vn -0.0498 -0.7506 0.6588
vn -0.0477 -0.7518 0.6577
vn -0.0468 -0.7513 0.6583
vn -0.0446 -0.7524 0.6572
vn -0.0194 -0.7217 0.6919
vn -0.0184 -0.7216 0.6921
vn -0.0185 -0.7217 0.6920
vn -0.0180 -0.7220 0.6917
vn -0.0173 -0.7217 0.6920
vn -0.0174 -0.7222 0.6915
vn -0.0165 -0.7220 0.6917
vn -0.0165 -0.7221 0.6916
vn -0.0161 -0.7224 0.6912
vn -0.0154 -0.7221 0.6916
vn -0.0154 -0.7226 0.6911
vn -0.0145 -0.7225 0.6913
vn -0.0145 -0.7224 0.6913
vn -0.0141 -0.7229 0.6909
vn -0.0125 -0.7228 0.6909
vn -0.0125 -0.7227 0.6910
vn -0.0121 -0.7232 0.6905
vn -0.0114 -0.7228 0.6909
vn -0.0114 -0.7233 0.6905
vn -0.0101 -0.7234 0.6903
vn -0.0096 -0.7231 0.6907
vn -0.0296 -0.7547 0.6554
vn -0.0292 -0.7544 0.6558
vn -0.0490 -0.7835 0.6194
vn -0.0444 -0.7848 0.6182
vn -0.0622 -0.8120 0.5804
vn -0.0557 -0.8136 0.5788
vn -0.0721 -0.8399 0.5379
vn -0.0712 -0.8392 0.5391
vn -0.0881 -0.8641 0.4955
vn -0.0869 -0.8633 0.4971
vn -0.1038 -0.8862 0.4516
vn -0.1024 -0.8853 0.4536
vn -0.1193 -0.9059 0.4064
vn -0.1177 -0.9050 0.4089
vn -0.1345 -0.9231 0.3602
vn -0.1326 -0.9223 0.3630
vn -0.1493 -0.9379 0.3130
vn -0.1473 -0.9372 0.3162
vn -0.1638 -0.9502 0.2651
vn -0.1615 -0.9496 0.2687
vn -0.1777 -0.9600 0.2166
vn -0.1752 -0.9595 0.2206
vn -0.0093 -0.7240 0.6897
vn -0.0276 -0.7548 0.6553
vn -0.0265 -0.7545 0.6557
vn -0.0418 -0.7797 0.6247
vn -0.0465 -0.7952 0.6046
vn -0.0546 -0.8086 0.5859
vn -0.0583 -0.8326 0.5507
vn -0.0645 -0.8386 0.5410
vn -0.0642 -0.8407 0.5376
vn -0.0740 -0.8565 0.5109
vn -0.0780 -0.8790 0.4704
vn -0.0846 -0.8881 0.4519
vn -0.0903 -0.8869 0.4530
vn -0.1052 -0.9078 0.4061
vn -0.0828 -0.8878 0.4528
vn -0.0897 -0.9262 0.3663
vn -0.0905 -0.9095 0.4057
vn -0.1026 -0.9274 0.3596
vn -0.1170 -0.9247 0.3624
vn -0.1317 -0.9407 0.3127
vn -0.0871 -0.9226 0.3759
vn -0.0879 -0.9216 0.3779
vn -0.0790 -0.9467 0.3124
vn -0.0886 -0.9602 0.2650
vn -0.1043 -0.9580 0.2671
vn -0.1146 -0.9696 0.2164
vn -0.1339 -0.9663 0.2196
vn -0.0840 -0.9584 0.2730
vn -0.0748 -0.9612 0.2656
vn -0.0661 -0.9816 0.1791
vn -0.0636 -0.9798 0.1897
vn -0.0583 -0.9825 0.1766
vn -0.3442 -0.9363 0.0692
vn -0.3384 -0.9378 0.0772
vn -0.3178 -0.9456 0.0695
vn -0.3127 -0.9467 0.0766
vn -0.2921 -0.9539 0.0695
vn -0.2875 -0.9547 0.0763
vn -0.2665 -0.9613 0.0697
vn -0.2626 -0.9619 0.0758
vn -0.2414 -0.9679 0.0698
vn -0.2379 -0.9684 0.0754
vn -0.2161 -0.9739 0.0699
vn -0.2131 -0.9741 0.0750
vn -0.1907 -0.9791 0.0701
vn -0.1882 -0.9793 0.0747
vn -0.1652 -0.9838 0.0702
vn -0.1631 -0.9838 0.0744
vn -0.1396 -0.9877 0.0704
vn -0.1379 -0.9877 0.0740
vn -0.1138 -0.9910 0.0707
vn -0.1125 -0.9909 0.0737
vn -0.0881 -0.9936 0.0709
vn -0.0652 -0.9952 0.0728
vn -0.0470 -0.9963 0.0717
vn -0.0466 -0.9963 0.0726
vn -0.0280 -0.9970 0.0718
vn -0.3669 -0.9269 0.0785
vn -0.3230 -0.9191 0.2255
vn -0.3290 -0.9187 0.2187
vn -0.2981 -0.9143 0.2741
vn -0.3037 -0.9143 0.2681
vn -0.2722 -0.9067 0.3221
vn -0.2774 -0.9071 0.3167
vn -0.2455 -0.8963 0.3693
vn -0.2501 -0.8970 0.3646
vn -0.2180 -0.8832 0.4153
vn -0.3012 -0.9267 0.2247
vn -0.3066 -0.9265 0.2182
vn -0.2779 -0.9209 0.2732
vn -0.2830 -0.9211 0.2674
vn -0.2537 -0.9124 0.3211
vn -0.2584 -0.9129 0.3159
vn -0.2287 -0.9012 0.3682
vn -0.2329 -0.9019 0.3636
vn -0.2030 -0.8873 0.4142
vn -0.2068 -0.8882 0.4103
vn -0.1767 -0.8707 0.4589
vn -0.2792 -0.9338 0.2239
vn -0.2841 -0.9337 0.2177
vn -0.2575 -0.9271 0.2724
vn -0.2621 -0.9274 0.2667
vn -0.2351 -0.9177 0.3202
vn -0.2393 -0.9184 0.3152
vn -0.2119 -0.9057 0.3671
vn -0.2157 -0.9066 0.3628
vn -0.1881 -0.8911 0.4131
vn -0.1914 -0.8921 0.4094
vn -0.1637 -0.8738 0.4578
vn -0.1666 -0.8749 0.4547
vn -0.1389 -0.8542 0.5011
vn -0.2578 -0.9401 0.2231
vn -0.2621 -0.9402 0.2175
vn -0.2377 -0.9326 0.2714
vn -0.2417 -0.9331 0.2664
vn -0.2170 -0.9225 0.3191
vn -0.2206 -0.9232 0.3147
vn -0.1955 -0.9098 0.3661
vn -0.1988 -0.9107 0.3622
vn -0.1735 -0.8945 0.4120
vn -0.1764 -0.8955 0.4087
vn -0.1511 -0.8767 0.4567
vn -0.1535 -0.8777 0.4540
vn -0.1281 -0.8564 0.5001
vn -0.1303 -0.8574 0.4978
vn -0.1050 -0.8339 0.5419
vn -0.2368 -0.9458 0.2224
vn -0.2406 -0.9460 0.2172
vn -0.2183 -0.9376 0.2707
vn -0.2219 -0.9381 0.2659
vn -0.1992 -0.9268 0.3183
vn -0.2025 -0.9275 0.3141
vn -0.1795 -0.9135 0.3652
vn -0.1824 -0.9143 0.3616
vn -0.1593 -0.8975 0.4111
vn -0.1619 -0.8985 0.4080
vn -0.1386 -0.8792 0.4559
vn -0.1409 -0.8802 0.4532
vn -0.1176 -0.8584 0.4993
vn -0.1195 -0.8594 0.4971
vn -0.0964 -0.8354 0.5411
vn -0.0979 -0.8363 0.5395
vn -0.0757 -0.8111 0.5801
vn -0.1957 -0.9554 0.2211
vn -0.2161 -0.9509 0.2217
vn -0.2194 -0.9512 0.2170
vn -0.1992 -0.9421 0.2699
vn -0.2023 -0.9426 0.2657
vn -0.1817 -0.9307 0.3175
vn -0.1845 -0.9314 0.3137
vn -0.1637 -0.9168 0.3643
vn -0.1663 -0.9176 0.3611
vn -0.1453 -0.9003 0.4103
vn -0.1475 -0.9012 0.4074
vn -0.1264 -0.8815 0.4550
vn -0.1284 -0.8824 0.4526
vn -0.1073 -0.8603 0.4984
vn -0.1089 -0.8612 0.4965
vn -0.0879 -0.8368 0.5404
vn -0.0892 -0.8377 0.5389
vn -0.0689 -0.8120 0.5796
vn -0.0753 -0.8100 0.5816
vn -0.0540 -0.7836 0.6189
vn -0.1546 -0.9631 0.2201
vn -0.1567 -0.9636 0.2165
vn -0.1425 -0.9528 0.2681
vn -0.1444 -0.9534 0.2649
vn -0.1299 -0.9399 0.3156
vn -0.1132 -0.9691 0.2192
vn -0.0934 -0.9718 0.2164
vn -0.0923 -0.9714 0.2188
vn -0.0717 -0.9737 0.2165
vn -0.3243 -0.9069 0.2689
vn -0.3182 -0.9072 0.2751
vn -0.3466 -0.9101 0.2273
vn -0.2907 -0.9006 0.3233
vn -0.2962 -0.9007 0.3177
vn -0.2622 -0.8911 0.3705
vn -0.1831 -0.9466 0.2653
vn -0.1804 -0.9460 0.2693
vn -0.1986 -0.9558 0.2168
vn -0.1645 -0.9341 0.3168
vn -0.1670 -0.9348 0.3133
vn -0.1482 -0.9197 0.3637
vn -0.1504 -0.9205 0.3606
vn -0.1315 -0.9028 0.4095
vn -0.1334 -0.9037 0.4069
vn -0.1144 -0.8835 0.4543
vn -0.1161 -0.8844 0.4521
vn -0.0971 -0.8619 0.4977
vn -0.0985 -0.8627 0.4960
vn -0.0795 -0.8381 0.5397
vn -0.0807 -0.8389 0.5383
vn -0.0623 -0.8129 0.5791
vn -0.0687 -0.8110 0.5809
vn -0.0492 -0.7843 0.6185
vn -0.0537 -0.7828 0.6199
vn -0.0320 -0.7540 0.6561
vn -0.1250 -0.9562 0.2647
vn -0.1234 -0.9556 0.2676
vn -0.1357 -0.9668 0.2164
vn -0.0951 -0.9445 0.3146
vn -0.1055 -0.9585 0.2647
vn -0.1125 -0.9424 0.3151
vn -0.1140 -0.9431 0.3125
vn -0.1013 -0.9267 0.3619
vn -0.2476 -0.8741 0.4178
vn -0.2524 -0.8748 0.4136
vn -0.2156 -0.8599 0.4626
vn -0.1038 -0.9070 0.4082
vn -0.1186 -0.9254 0.3599
vn -0.0962 -0.9451 0.3124
vn -0.0861 -0.9292 0.3593
vn -0.1940 -0.8398 0.5071
vn -0.1977 -0.8406 0.5042
vn -0.1589 -0.8210 0.5484
vn -0.1620 -0.8219 0.5461
vn -0.1255 -0.8008 0.5857
vn -0.2066 -0.8647 0.4578
vn -0.2028 -0.8638 0.4613
vn -0.2373 -0.8796 0.4124
vn -0.1933 -0.8684 0.4567
vn -0.1611 -0.8490 0.5033
vn -0.1528 -0.8527 0.4995
vn -0.1229 -0.8302 0.5438
vn -0.1158 -0.8331 0.5409
vn -0.0896 -0.8088 0.5812
vn -0.0889 -0.8075 0.5831
vn -0.0639 -0.7821 0.6198
vn -0.0634 -0.7812 0.6211
vn -0.0378 -0.7531 0.6569
vn -0.0354 -0.7539 0.6560
vn -0.1641 -0.8500 0.5006
vn -0.1721 -0.8461 0.5045
vn -0.0772 -0.8655 0.4949
vn -0.0915 -0.8877 0.4512
vn -0.1866 -0.8440 0.5029
vn -0.1500 -0.8235 0.5471
vn -0.1437 -0.8268 0.5438
vn -0.1112 -0.8043 0.5837
vn -0.1102 -0.8029 0.5858
vn -0.0793 -0.7792 0.6218
vn -0.0786 -0.7781 0.6232
vn -0.1529 -0.8244 0.5449
vn -0.1252 -0.8312 0.5417
vn -0.1320 -0.8281 0.5448
vn -0.1184 -0.8026 0.5846
vn -0.1242 -0.7993 0.5879
vn -0.0895 -0.7768 0.6234
vn -0.0935 -0.7744 0.6258
vn -0.0961 -0.8061 0.5839
vn -0.0968 -0.8074 0.5820
vn -0.1172 -0.8012 0.5868
vn -0.0844 -0.7780 0.6226
vn -0.0836 -0.7769 0.6240
vn -0.0885 -0.7757 0.6249
vn -0.0685 -0.7802 0.6217
vn -0.0690 -0.7812 0.6204
vn -0.0385 -0.7535 0.6563
vn -0.0409 -0.7525 0.6573
vn 0.8530 0.5211 0.0286
vn 0.8234 0.5609 0.0855
vn 0.7891 0.5976 0.1420
vn 0.7503 0.6308 0.1977
vn 0.7072 0.6605 0.2522
vn 0.6601 0.6864 0.3053
vn 0.6091 0.7084 0.3566
vn 0.6092 0.7083 0.3567
vn 0.5548 0.7263 0.4059
vn 0.5548 0.7263 0.4060
vn 0.4972 0.7400 0.4530
vn 0.4368 0.7496 0.4974
vn 0.3739 0.7548 0.5389
vn 0.3089 0.7558 0.5774
vn 0.2421 0.7524 0.6126
vn 0.1739 0.7447 0.6443
vn 0.1047 0.7328 0.6723
vn 0.1048 0.7328 0.6723
vn 0.0350 0.7167 0.6965
vn 0.8530 -0.5211 0.0286
vn 0.8234 -0.5609 0.0855
vn 0.7891 -0.5976 0.1420
vn 0.7503 -0.6309 0.1977
vn 0.7503 -0.6308 0.1977
vn 0.7072 -0.6605 0.2522
vn 0.6601 -0.6864 0.3053
vn 0.6091 -0.7084 0.3566
vn 0.6091 -0.7083 0.3567
vn 0.5548 -0.7263 0.4059
vn 0.5548 -0.7263 0.4060
vn 0.4972 -0.7400 0.4530
vn 0.4972 -0.7400 0.4529
vn 0.4368 -0.7496 0.4974
vn 0.3739 -0.7548 0.5389
vn 0.3089 -0.7558 0.5774
vn 0.2421 -0.7524 0.6126
vn 0.1739 -0.7447 0.6443
vn 0.1047 -0.7328 0.6723
vn 0.1048 -0.7328 0.6723
vn 0.0350 -0.7167 0.6965
vn 0.0871 0.0000 0.9962
vn 0.0872 0.0000 0.9962
vn -0.0872 0.0000 0.9962
vn -0.0871 0.0000 0.9962
vn -0.2589 0.0000 0.9659
vn -0.2588 0.0000 0.9659
vn -0.4226 0.0000 0.9063
vn -0.5736 0.0000 0.8191
vn -0.8191 0.0000 0.5736
vn -0.8192 0.0000 0.5736
vn -0.9063 0.0000 0.4226
vn -0.9659 0.0000 0.2588
vn -0.9587 -0.0012 0.2843
vn -0.9763 0.0000 0.2164
vn -0.9817 0.0024 0.1903
vn -0.9962 -0.0031 0.0871
vn -0.9978 0.0000 0.0655
vn -0.9978 0.0000 -0.0655
vn 0.2589 0.0000 0.9659
vn 0.2588 0.0000 0.9659
vn 0.4226 0.0000 0.9063
vn 0.5736 0.0000 0.8191
vn 0.8191 0.0000 0.5736
vn 0.8192 -0.0008 0.5736
vn 0.8861 0.0010 0.4635
vn 0.9063 -0.0007 0.4226
vn 0.9413 0.0004 0.3377
vn 0.9646 -0.0008 0.2639
vn 0.9659 -0.0010 0.2588
vn 0.9773 -0.0001 0.2117
vn 0.9869 0.0000 0.1615
vn 0.9931 -0.0004 0.1169
vn 0.9962 -0.0010 0.0871
vn 0.9975 -0.0006 0.0704
vn 0.9997 0.0000 0.0238
vn 0.9997 0.0000 -0.0238
vn 0.9975 -0.0006 -0.0704
vn 0.9962 -0.0010 -0.0871
vn 0.9931 -0.0004 -0.1169
vn 0.9869 0.0000 -0.1616
vn 0.9773 -0.0001 -0.2117
vn 0.9659 -0.0010 -0.2588
vn 0.9646 -0.0008 -0.2639
vn 0.9413 0.0004 -0.3377
vn 0.9063 -0.0007 -0.4226
vn 0.8861 0.0010 -0.4635
vn 0.8192 -0.0009 -0.5736
vn 0.7979 0.0005 -0.6027
vn 0.7071 -0.0006 -0.7071
vn 0.6982 -0.0000 -0.7159
vn 0.5839 -0.0000 -0.8119
vn 0.5736 -0.0007 -0.8191
vn 0.4549 0.0006 -0.8905
vn 0.4226 -0.0012 -0.9063
vn 0.3138 0.0011 -0.9495
vn 0.2588 -0.0015 -0.9659
vn 0.1665 0.0014 -0.9860
vn 0.0871 -0.0018 -0.9962
vn 0.0114 0.0016 -0.9999
vn -0.0871 -0.0019 -0.9962
vn -0.1527 0.0020 -0.9883
vn -0.2588 -0.0020 -0.9659
vn -0.3254 0.0028 -0.9456
vn -0.4226 -0.0026 -0.9063
vn -0.4551 -0.0000 -0.8904
vn -0.5410 0.0002 -0.8410
vn -0.5736 -0.0028 -0.8192
vn -0.6238 0.0010 -0.7816
vn -0.7009 -0.0014 -0.7132
vn -0.7071 -0.0025 -0.7071
vn -0.7767 0.0014 -0.6299
vn -0.8191 -0.0033 -0.5736
vn -0.8433 0.0010 -0.5375
vn -0.9011 -0.0008 -0.4336
vn -0.9063 -0.0026 -0.4226
vn -0.9498 0.0018 -0.3130
vn -0.9552 0.0000 -0.2960
vn -0.9730 -0.0013 -0.2309
vn -0.9659 0.0000 -0.2588
vn -0.9962 0.0000 -0.0871
vn -0.9962 0.0000 0.0871
vn 0.8192 0.0000 0.5736
vn 0.9063 0.0000 0.4226
vn 0.9659 0.0000 0.2588
vn 0.9962 0.0000 0.0871
vn 0.9962 0.0000 -0.0871
vn 0.9659 0.0000 -0.2588
vn 0.9063 0.0000 -0.4226
vn 0.8192 0.0000 -0.5736
vn 0.8191 0.0000 -0.5736
vn 0.7071 0.0000 -0.7071
vn 0.5736 0.0000 -0.8191
vn 0.4226 0.0000 -0.9063
vn 0.2588 0.0000 -0.9659
vn 0.0872 0.0000 -0.9962
vn -0.0872 0.0000 -0.9962
vn -0.2588 0.0000 -0.9659
vn -0.4226 0.0000 -0.9063
vn -0.5736 0.0000 -0.8191
vn -0.5735 0.0000 -0.8192
vn -0.8191 0.0000 -0.5736
vn -0.8192 0.0000 -0.5736
vn -0.9063 0.0000 -0.4226
vn 0.7979 0.0005 0.6027
vn 0.7071 -0.0006 0.7071
vn 0.6981 -0.0000 0.7160
vn 0.5838 -0.0000 0.8119
vn 0.5736 -0.0007 0.8191
vn 0.4549 0.0006 0.8905
vn 0.4226 -0.0012 0.9063
vn 0.3139 0.0011 0.9495
vn 0.2588 -0.0015 0.9659
vn 0.1665 0.0014 0.9860
vn 0.0871 -0.0018 0.9962
vn 0.0115 0.0016 0.9999
vn -0.0872 -0.0019 0.9962
vn -0.1526 0.0020 0.9883
vn -0.2588 -0.0020 0.9659
vn -0.3254 0.0028 0.9456
vn -0.4226 -0.0026 0.9063
vn -0.4551 -0.0000 0.8904
vn -0.5411 0.0002 0.8410
vn -0.5736 -0.0028 0.8192
vn -0.6238 0.0010 0.7816
vn -0.7010 -0.0014 0.7132
vn -0.7071 -0.0025 0.7071
vn -0.7767 0.0014 0.6299
vn -0.8191 -0.0033 0.5736
vn -0.8433 0.0010 0.5375
vn -0.9011 -0.0008 0.4336
vn -0.9063 -0.0026 0.4226
vn -0.9498 0.0018 0.3130
vn -0.9962 -0.0031 -0.0871
vn -0.9817 0.0024 -0.1903
vn -0.5736 0.0000 0.8192
vn 0.9645 -0.0008 0.2639
vn 0.9869 0.0000 0.1616
vn 0.8191 -0.0009 -0.5736
vn 0.7979 0.0005 -0.6028
vn 0.7072 -0.0006 -0.7070
vn 0.6981 -0.0000 -0.7160
vn 0.4548 0.0006 -0.8906
vn 0.4227 -0.0012 -0.9063
vn 0.1666 0.0014 -0.9860
vn 0.0115 0.0016 -0.9999
vn -0.0872 -0.0019 -0.9962
vn -0.2589 -0.0021 -0.9659
vn -0.3253 0.0028 -0.9456
vn -0.4553 -0.0000 -0.8903
vn -0.5411 0.0002 -0.8410
vn -0.5735 -0.0028 -0.8192
vn -0.7010 -0.0014 -0.7132
vn 0.7072 0.0000 -0.7071
vn 0.5735 0.0000 -0.8192
vn 0.0871 0.0000 -0.9962
vn -0.0871 0.0000 -0.9962
vn -0.5736 0.0000 -0.8192
vn 0.5839 -0.0000 0.8118
vn 0.4548 0.0006 0.8906
vn 0.3138 0.0011 0.9495
vn 0.2589 -0.0015 0.9659
vn 0.1664 0.0014 0.9860
vn 0.0116 0.0016 0.9999
vn -0.2589 -0.0021 0.9659
vn -0.3253 0.0028 0.9456
vn -0.4553 -0.0000 0.8904
vn -0.5410 0.0002 0.8410
vn -0.6237 0.0010 0.7816
vn 0.6408 0.4226 -0.6409
vn -0.6409 -0.4226 0.6408
vn -0.3535 -0.8660 0.3536
vn -0.3536 -0.8660 0.3536
vn 0.3536 -0.8660 -0.3536
vn 0.3536 0.8660 -0.3536
vn -0.3536 0.8660 0.3536
vn -0.3535 0.8660 0.3536
vn 0.9981 0.0617 -0.0000
vn 0.9981 0.0618 0.0000
vn 0.9981 -0.0617 0.0000
vn 0.9981 -0.0618 -0.0000
vn 0.9829 -0.1833 0.0152
vn 0.9531 -0.2994 0.0450
vn 0.9094 -0.4063 0.0887
vn 0.9094 -0.4064 0.0887
vn 0.8533 -0.5010 0.1448
vn 0.8533 -0.5009 0.1449
vn 0.7864 -0.5803 0.2117
vn 0.7108 -0.6421 0.2873
vn 0.7107 -0.6421 0.2873
vn 0.6288 -0.6843 0.3693
vn 0.6287 -0.6843 0.3694
vn 0.5427 -0.7057 0.4554
vn 0.5427 -0.7058 0.4554
vn 0.4554 -0.7058 0.5427
vn 0.3693 -0.6843 0.6287
vn 0.3694 -0.6843 0.6287
vn 0.2873 -0.6421 0.7108
vn 0.2117 -0.5804 0.7864
vn 0.1448 -0.5010 0.8533
vn 0.1449 -0.5009 0.8533
vn 0.0887 -0.4063 0.9094
vn 0.0887 -0.4064 0.9094
vn 0.0450 -0.2994 0.9531
vn 0.0451 -0.2993 0.9531
vn 0.0153 -0.1833 0.9829
vn 0.0152 -0.1834 0.9829
vn 0.0001 -0.0617 0.9981
vn 0.0000 -0.0618 0.9981
vn 0.0000 0.0617 0.9981
vn 0.0000 0.0618 0.9981
vn 0.0151 0.1834 0.9829
vn 0.0153 0.1834 0.9829
vn 0.0451 0.2994 0.9531
vn 0.0450 0.2994 0.9531
vn 0.0887 0.4064 0.9094
vn 0.1449 0.5009 0.8533
vn 0.1448 0.5009 0.8533
vn 0.2117 0.5803 0.7864
vn 0.2117 0.5804 0.7864
vn 0.2874 0.6421 0.7108
vn 0.2873 0.6421 0.7108
vn 0.3693 0.6843 0.6287
vn 0.3694 0.6843 0.6287
vn 0.4553 0.7058 0.5427
vn 0.4554 0.7057 0.5427
vn 0.5427 0.7058 0.4554
vn 0.6287 0.6843 0.3694
vn 0.7107 0.6421 0.2873
vn 0.7108 0.6420 0.2874
vn 0.7864 0.5803 0.2117
vn 0.8533 0.5009 0.1448
vn 0.8533 0.5010 0.1448
vn 0.9094 0.4064 0.0887
vn 0.9531 0.2994 0.0450
vn 0.9829 0.1833 0.0152
vn 0.9829 0.1834 0.0152
vn 0.9829 -0.1834 0.0152
vn 0.8533 -0.5009 0.1448
vn 0.7107 -0.6421 0.2874
vn 0.2117 -0.5803 0.7864
vn 0.1448 -0.5009 0.8533
vn 0.0449 -0.2995 0.9530
vn 0.0452 -0.2994 0.9531
vn 0.0152 -0.1833 0.9829
vn 0.0151 -0.1834 0.9829
vn -0.0001 -0.0617 0.9981
vn 0.0000 -0.0617 0.9981
vn -0.0001 0.0617 0.9981
vn 0.0151 0.1833 0.9829
vn 0.0887 0.4063 0.9094
vn 0.0888 0.4063 0.9094
vn 0.1447 0.5009 0.8533
vn 0.2874 0.6421 0.7107
vn 0.4554 0.7058 0.5427
vn 0.5427 0.7057 0.4554
vn 0.7108 0.6421 0.2873
vn 0.9094 0.4063 0.0887
vn 0.6409 0.4226 -0.6408
vn -0.7060 -0.0551 0.7060
vn -0.7060 0.0551 0.7060
vn -0.6975 0.1646 0.6975
vn -0.6804 0.2721 0.6804
vn -0.6551 0.3763 0.6551
vn -0.6219 0.4760 0.6219
vn -0.5811 0.5698 0.5811
vn -0.5332 0.6568 0.5332
vn -0.4789 0.7357 0.4789
vn -0.4188 0.8058 0.4188
vn -0.3535 0.8660 0.3535
vn -0.2840 0.9158 0.2840
vn -0.2111 0.9544 0.2111
vn -0.1356 0.9815 0.1356
vn -0.0584 0.9966 0.0584
vn 0.0195 0.9996 -0.0195
vn 0.0971 0.9905 -0.0971
vn 0.1736 0.9694 -0.1736
vn 0.2479 0.9365 -0.2479
vn 0.3193 0.8923 -0.3193
vn 0.3867 0.8372 -0.3867
vn 0.4495 0.7719 -0.4495
vn 0.5068 0.6973 -0.5068
vn 0.5580 0.6142 -0.5580
vn 0.6024 0.5237 -0.6024
vn 0.6395 0.4268 -0.6395
vn 0.6688 0.3247 -0.6688
vn 0.6900 0.2187 -0.6900
vn 0.7028 0.1100 -0.7028
vn 0.7028 -0.1100 -0.7028
vn 0.6900 -0.2187 -0.6900
vn 0.6688 -0.3247 -0.6688
vn 0.6395 -0.4268 -0.6395
vn 0.6024 -0.5237 -0.6024
vn 0.5580 -0.6142 -0.5580
vn 0.5068 -0.6973 -0.5068
vn 0.4495 -0.7719 -0.4495
vn 0.3867 -0.8372 -0.3867
vn 0.3193 -0.8923 -0.3193
vn 0.2479 -0.9365 -0.2479
vn 0.1736 -0.9694 -0.1736
vn 0.0971 -0.9905 -0.0971
vn 0.0195 -0.9996 -0.0195
vn -0.0584 -0.9966 0.0584
vn -0.1356 -0.9815 0.1356
vn -0.2111 -0.9544 0.2111
vn -0.2840 -0.9158 0.2840
vn -0.3535 -0.8660 0.3535
vn -0.4188 -0.8058 0.4188
vn -0.4789 -0.7357 0.4789
vn -0.5332 -0.6568 0.5332
vn -0.5811 -0.5698 0.5811
vn -0.6219 -0.4760 0.6219
vn -0.6551 -0.3763 0.6551
vn -0.6804 -0.2721 0.6804
vn -0.6975 -0.1646 0.6975
vn -0.7062 0.0515 0.7062
vn -0.7062 -0.0515 0.7062
vn -0.6987 -0.1539 0.6987
vn -0.6838 -0.2547 0.6838
vn -0.6617 -0.3528 0.6616
vn -0.6616 -0.3528 0.6617
vn -0.6325 -0.4471 0.6325
vn -0.5966 -0.5367 0.5966
vn -0.5545 -0.6206 0.5545
vn -0.5064 -0.6979 0.5064
vn -0.4530 -0.7679 0.4530
vn -0.3947 -0.8297 0.3947
vn -0.3323 -0.8827 0.3323
vn -0.2664 -0.9263 0.2664
vn -0.1976 -0.9602 0.1976
vn -0.1268 -0.9838 0.1268
vn -0.0546 -0.9970 0.0546
vn 0.0182 -0.9997 -0.0182
vn 0.0908 -0.9917 -0.0908
vn 0.1624 -0.9733 -0.1624
vn 0.2323 -0.9445 -0.2323
vn 0.2998 -0.9057 -0.2998
vn 0.3640 -0.8573 -0.3640
vn 0.4244 -0.7998 -0.4244
vn 0.4803 -0.7339 -0.4803
vn 0.5311 -0.6602 -0.5311
vn 0.5763 -0.5794 -0.5763
vn 0.6154 -0.4925 -0.6154
vn 0.6479 -0.4005 -0.6479
vn 0.6736 -0.3041 -0.6736
vn 0.6922 -0.2045 -0.6922
vn 0.7034 -0.1028 -0.7034
vn 0.7034 0.1028 -0.7034
vn 0.6922 0.2045 -0.6922
vn 0.6736 0.3041 -0.6736
vn 0.6479 0.4005 -0.6479
vn 0.6154 0.4925 -0.6154
vn 0.5763 0.5794 -0.5763
vn 0.5311 0.6602 -0.5311
vn 0.4803 0.7339 -0.4803
vn 0.4244 0.7998 -0.4244
vn 0.3640 0.8573 -0.3640
vn 0.2998 0.9057 -0.2998
vn 0.2323 0.9445 -0.2323
vn 0.1624 0.9733 -0.1624
vn 0.0908 0.9917 -0.0908
vn 0.0182 0.9997 -0.0182
vn -0.0546 0.9970 0.0546
vn -0.1268 0.9838 0.1268
vn -0.1976 0.9602 0.1976
vn -0.2664 0.9263 0.2664
vn -0.3323 0.8827 0.3323
vn -0.3947 0.8297 0.3947
vn -0.4530 0.7679 0.4530
vn -0.5064 0.6979 0.5064
vn -0.5545 0.6206 0.5545
vn -0.5966 0.5367 0.5966
vn -0.6325 0.4471 0.6325
vn -0.6617 0.3528 0.6616
vn -0.6616 0.3528 0.6617
vn -0.6838 0.2547 0.6838
vn -0.6987 0.1539 0.6987
vn 0.0000 0.0377 0.9993
vn 0.0000 -0.0377 0.9993
vn 0.0017 -0.0389 0.9992
vn 0.0041 -0.1127 0.9936
vn 0.0094 -0.1161 0.9932
vn 0.0139 -0.1867 0.9823
vn 0.0228 -0.1916 0.9812
vn 0.0294 -0.2588 0.9655
vn 0.0420 -0.2646 0.9634
vn 0.0503 -0.3281 0.9433
vn 0.0666 -0.3343 0.9401
vn 0.0765 -0.3938 0.9160
vn 0.0962 -0.3998 0.9116
vn 0.1075 -0.4552 0.8839
vn 0.1307 -0.4603 0.8781
vn 0.1431 -0.5114 0.8474
vn 0.1694 -0.5152 0.8402
vn 0.1829 -0.5619 0.8067
vn 0.2122 -0.5638 0.7982
vn 0.2264 -0.6060 0.7626
vn 0.2583 -0.6056 0.7527
vn 0.2731 -0.6432 0.7154
vn 0.3072 -0.6400 0.7043
vn 0.3223 -0.6731 0.6656
vn 0.3585 -0.6668 0.6534
vn 0.3737 -0.6953 0.6139
vn 0.4114 -0.6855 0.6007
vn 0.4265 -0.7095 0.5609
vn 0.4654 -0.6959 0.5469
vn 0.4802 -0.7157 0.5072
vn 0.5197 -0.6980 0.4925
vn 0.5341 -0.7136 0.4533
vn 0.5739 -0.6917 0.4383
vn 0.5876 -0.7034 0.4000
vn 0.6273 -0.6771 0.3847
vn 0.6400 -0.6851 0.3478
vn 0.6791 -0.6544 0.3326
vn 0.6908 -0.6591 0.2974
vn 0.7288 -0.6238 0.2824
vn 0.7394 -0.6254 0.2494
vn 0.7759 -0.5856 0.2348
vn 0.7851 -0.5847 0.2042
vn 0.8196 -0.5403 0.1903
vn 0.8275 -0.5374 0.1626
vn 0.8597 -0.4885 0.1495
vn 0.8661 -0.4840 0.1248
vn 0.8954 -0.4307 0.1129
vn 0.9005 -0.4251 0.0914
vn 0.9265 -0.3676 0.0808
vn 0.9303 -0.3615 0.0627
vn 0.9525 -0.2999 0.0536
vn 0.9550 -0.2939 0.0392
vn 0.9730 -0.2285 0.0317
vn 0.9746 -0.2231 0.0209
vn 0.9879 -0.1541 0.0154
vn 0.9887 -0.1499 0.0083
vn 0.9970 -0.0776 0.0048
vn 0.9972 -0.0753 0.0013
vn 1.0000 0.0000 0.0001
vn 0.9972 0.0753 0.0013
vn 0.9970 0.0776 0.0048
vn 0.9887 0.1499 0.0083
vn 0.9879 0.1541 0.0154
vn 0.9746 0.2231 0.0209
vn 0.9730 0.2285 0.0317
vn 0.9550 0.2939 0.0392
vn 0.9525 0.2999 0.0536
vn 0.9303 0.3615 0.0627
vn 0.9265 0.3676 0.0808
vn 0.9005 0.4251 0.0914
vn 0.8954 0.4307 0.1129
vn 0.8661 0.4840 0.1248
vn 0.8597 0.4885 0.1495
vn 0.8275 0.5374 0.1626
vn 0.8196 0.5403 0.1903
vn 0.7851 0.5847 0.2042
vn 0.7759 0.5856 0.2348
vn 0.7394 0.6254 0.2494
vn 0.7288 0.6238 0.2824
vn 0.6908 0.6591 0.2974
vn 0.6791 0.6544 0.3326
vn 0.6400 0.6851 0.3478
vn 0.6273 0.6771 0.3847
vn 0.5876 0.7034 0.4000
vn 0.5739 0.6917 0.4383
vn 0.5341 0.7136 0.4533
vn 0.5197 0.6980 0.4925
vn 0.4802 0.7157 0.5072
vn 0.4654 0.6959 0.5469
vn 0.4265 0.7095 0.5609
vn 0.4114 0.6855 0.6007
vn 0.3737 0.6953 0.6139
vn 0.3585 0.6668 0.6534
vn 0.3223 0.6731 0.6656
vn 0.3072 0.6400 0.7043
vn 0.2731 0.6432 0.7154
vn 0.2582 0.6056 0.7527
vn 0.2264 0.6060 0.7626
vn 0.2121 0.5638 0.7982
vn 0.1829 0.5619 0.8067
vn 0.1694 0.5152 0.8402
vn 0.1431 0.5114 0.8474
vn 0.1307 0.4603 0.8781
vn 0.1075 0.4552 0.8839
vn 0.0962 0.3998 0.9116
vn 0.0765 0.3938 0.9160
vn 0.0666 0.3343 0.9401
vn 0.0503 0.3281 0.9433
vn 0.0420 0.2646 0.9634
vn 0.0294 0.2588 0.9655
vn 0.0228 0.1916 0.9812
vn 0.0139 0.1867 0.9823
vn 0.0094 0.1161 0.9932
vn 0.0041 0.1127 0.9936
vn 0.0017 0.0389 0.9992
vn 0.0017 0.0376 0.9993
vn 0.0000 0.0364 0.9993
vn 0.0000 -0.0364 0.9993
vn 0.0037 0.1091 0.9940
vn 0.0089 0.1122 0.9936
vn 0.0128 0.1807 0.9834
vn 0.0216 0.1853 0.9824
vn 0.0272 0.2507 0.9677
vn 0.0396 0.2561 0.9658
vn 0.0468 0.3181 0.9469
vn 0.0625 0.3239 0.9440
vn 0.0712 0.3823 0.9213
vn 0.0905 0.3878 0.9173
vn 0.1004 0.4425 0.8911
vn 0.1228 0.4474 0.8859
vn 0.1338 0.4981 0.8567
vn 0.1593 0.5017 0.8502
vn 0.1713 0.5485 0.8184
vn 0.1996 0.5504 0.8107
vn 0.2124 0.5930 0.7767
vn 0.2432 0.5928 0.7678
vn 0.2566 0.6313 0.7319
vn 0.2896 0.6285 0.7219
vn 0.3034 0.6628 0.6846
vn 0.3384 0.6572 0.6735
vn 0.3523 0.6873 0.6352
vn 0.3889 0.6784 0.6233
vn 0.4029 0.7044 0.5844
vn 0.4407 0.6920 0.5718
vn 0.4545 0.7139 0.5327
vn 0.4931 0.6979 0.5194
vn 0.5066 0.7158 0.4805
vn 0.5456 0.6959 0.4669
vn 0.5586 0.7101 0.4286
vn 0.5976 0.6862 0.4147
vn 0.6100 0.6967 0.3775
vn 0.6486 0.6687 0.3635
vn 0.6601 0.6759 0.3276
vn 0.6980 0.6437 0.3138
vn 0.7085 0.6479 0.2797
vn 0.7451 0.6115 0.2661
vn 0.7546 0.6130 0.2341
vn 0.7896 0.5724 0.2210
vn 0.7980 0.5715 0.1914
vn 0.8309 0.5268 0.1790
vn 0.8380 0.5240 0.1521
vn 0.8686 0.4752 0.1406
vn 0.8744 0.4709 0.1166
vn 0.9021 0.4182 0.1061
vn 0.9067 0.4130 0.0853
vn 0.9312 0.3564 0.0759
vn 0.9347 0.3507 0.0584
vn 0.9556 0.2904 0.0504
vn 0.9579 0.2848 0.0364
vn 0.9748 0.2210 0.0299
vn 0.9762 0.2160 0.0194
vn 0.9887 0.1490 0.0146
vn 0.9894 0.1451 0.0076
vn 0.9972 0.0750 0.0046
vn 0.9973 0.0728 0.0012
vn 1.0000 0.0000 0.0002
vn 0.9973 -0.0728 0.0012
vn 0.9972 -0.0750 0.0046
vn 0.9894 -0.1451 0.0076
vn 0.9887 -0.1490 0.0146
vn 0.9762 -0.2160 0.0194
vn 0.9748 -0.2210 0.0299
vn 0.9579 -0.2848 0.0364
vn 0.9556 -0.2904 0.0504
vn 0.9347 -0.3507 0.0584
vn 0.9312 -0.3564 0.0759
vn 0.9067 -0.4130 0.0853
vn 0.9021 -0.4182 0.1061
vn 0.8744 -0.4709 0.1166
vn 0.8686 -0.4752 0.1406
vn 0.8380 -0.5240 0.1521
vn 0.8309 -0.5268 0.1790
vn 0.7980 -0.5715 0.1914
vn 0.7896 -0.5724 0.2210
vn 0.7546 -0.6130 0.2341
vn 0.7451 -0.6115 0.2661
vn 0.7085 -0.6479 0.2797
vn 0.6980 -0.6437 0.3138
vn 0.6601 -0.6759 0.3276
vn 0.6486 -0.6687 0.3635
vn 0.6100 -0.6967 0.3775
vn 0.5976 -0.6862 0.4147
vn 0.5586 -0.7101 0.4286
vn 0.5456 -0.6959 0.4669
vn 0.5066 -0.7158 0.4805
vn 0.4931 -0.6979 0.5194
vn 0.4545 -0.7139 0.5327
vn 0.4407 -0.6920 0.5718
vn 0.4029 -0.7044 0.5844
vn 0.3889 -0.6784 0.6233
vn 0.3523 -0.6873 0.6352
vn 0.3384 -0.6572 0.6735
vn 0.3034 -0.6628 0.6846
vn 0.2896 -0.6285 0.7219
vn 0.2566 -0.6313 0.7319
vn 0.2432 -0.5928 0.7678
vn 0.2124 -0.5930 0.7767
vn 0.1996 -0.5504 0.8107
vn 0.1713 -0.5485 0.8184
vn 0.1593 -0.5017 0.8502
vn 0.1338 -0.4981 0.8567
vn 0.1228 -0.4474 0.8859
vn 0.1004 -0.4425 0.8911
vn 0.0905 -0.3878 0.9173
vn 0.0712 -0.3823 0.9213
vn 0.0625 -0.3239 0.9440
vn 0.0468 -0.3181 0.9469
vn 0.0396 -0.2561 0.9658
vn 0.0272 -0.2507 0.9677
vn 0.0216 -0.1853 0.9824
vn 0.0129 -0.1807 0.9834
vn 0.0089 -0.1122 0.9936
vn 0.0037 -0.1091 0.9940
vn 0.0017 -0.0376 0.9993
vn 0.7067 0.0000 0.7075
vn 0.2874 -0.6421 0.7107
vn 0.0451 -0.2994 0.9531
vn 0.0150 -0.1834 0.9829
vn 0.0152 0.1833 0.9829
vn 0.0886 0.4063 0.9094
vn 0.2118 0.5803 0.7864
vn 0.0001 0.0618 0.9981
vn 0.0152 0.1834 0.9829
vn 0.0449 0.2994 0.9531
vn 0.1450 0.5009 0.8533
vn 0.5000 0.8660 0.0000
vn -0.5000 0.8660 0.0000
vn 0.5000 -0.8660 0.0000
vn -0.7058 0.0601 0.7058
vn -0.7058 -0.0601 0.7058
vn -0.7044 -0.0616 0.7072
vn -0.6867 -0.1788 0.7046
vn -0.6816 -0.1827 0.7085
vn -0.6477 -0.2928 0.7034
vn -0.6385 -0.2977 0.7097
vn -0.5898 -0.3987 0.7023
vn -0.5761 -0.4034 0.7109
vn -0.5147 -0.4933 0.7012
vn -0.4965 -0.4965 0.7120
vn -0.4245 -0.5740 0.7003
vn -0.4022 -0.5744 0.7130
vn -0.3218 -0.6382 0.6993
vn -0.2959 -0.6346 0.7139
vn -0.2095 -0.6842 0.6985
vn -0.1810 -0.6755 0.7148
vn -0.0910 -0.7106 0.6977
vn -0.0609 -0.6959 0.7155
vn 0.0304 -0.7164 0.6970
vn 0.0608 -0.6952 0.7162
vn 0.1512 -0.7015 0.6964
vn 0.1805 -0.6735 0.7168
vn 0.2678 -0.6664 0.6959
vn 0.2945 -0.6315 0.7173
vn 0.3768 -0.6120 0.6954
vn 0.3994 -0.5703 0.7178
vn 0.4751 -0.5398 0.6950
vn 0.4921 -0.4921 0.7181
vn 0.5597 -0.4519 0.6946
vn 0.5698 -0.3990 0.7185
vn 0.6282 -0.3510 0.6944
vn 0.6302 -0.2939 0.7187
vn 0.6787 -0.2398 0.6942
vn 0.6715 -0.1799 0.7188
vn 0.7096 -0.1217 0.6940
vn 0.6925 -0.0606 0.7189
vn 0.7200 0.0000 0.6940
vn 0.6925 0.0606 0.7189
vn 0.7096 0.1217 0.6941
vn 0.6715 0.1799 0.7188
vn 0.6787 0.2398 0.6942
vn 0.6302 0.2939 0.7187
vn 0.6283 0.3510 0.6943
vn 0.5698 0.3990 0.7185
vn 0.5597 0.4519 0.6946
vn 0.4921 0.4921 0.7181
vn 0.4751 0.5398 0.6950
vn 0.3994 0.5703 0.7178
vn 0.3768 0.6120 0.6954
vn 0.2945 0.6315 0.7173
vn 0.2678 0.6664 0.6958
vn 0.1805 0.6735 0.7168
vn 0.1512 0.7015 0.6964
vn 0.0608 0.6952 0.7162
vn 0.0304 0.7164 0.6970
vn -0.0609 0.6959 0.7155
vn -0.0910 0.7106 0.6977
vn -0.1810 0.6755 0.7148
vn -0.2095 0.6842 0.6985
vn -0.2960 0.6346 0.7139
vn -0.3218 0.6382 0.6993
vn -0.4022 0.5744 0.7130
vn -0.4245 0.5740 0.7003
vn -0.4965 0.4965 0.7120
vn -0.5147 0.4933 0.7012
vn -0.5761 0.4034 0.7109
vn -0.5898 0.3987 0.7023
vn -0.6384 0.2977 0.7098
vn -0.6477 0.2928 0.7034
vn -0.6816 0.1827 0.7085
vn -0.6867 0.1788 0.7046
vn -0.7043 0.0616 0.7072
vn -0.7058 -0.0601 -0.7058
vn -0.7058 0.0601 -0.7058
vn -0.7043 0.0616 -0.7072
vn -0.6867 0.1788 -0.7046
vn -0.6817 0.1827 -0.7085
vn -0.6477 0.2928 -0.7034
vn -0.6384 0.2977 -0.7098
vn -0.5898 0.3987 -0.7023
vn -0.5761 0.4034 -0.7109
vn -0.5147 0.4933 -0.7012
vn -0.4965 0.4965 -0.7120
vn -0.4245 0.5740 -0.7003
vn -0.4022 0.5744 -0.7130
vn -0.3218 0.6382 -0.6993
vn -0.2959 0.6346 -0.7139
vn -0.2095 0.6842 -0.6985
vn -0.1810 0.6755 -0.7148
vn -0.0910 0.7106 -0.6977
vn -0.0609 0.6959 -0.7155
vn 0.0304 0.7164 -0.6970
vn 0.0608 0.6952 -0.7162
vn 0.1512 0.7015 -0.6964
vn 0.1805 0.6735 -0.7168
vn 0.2678 0.6664 -0.6958
vn 0.2944 0.6314 -0.7173
vn 0.3768 0.6120 -0.6954
vn 0.3994 0.5703 -0.7178
vn 0.4750 0.5398 -0.6950
vn 0.4921 0.4921 -0.7181
vn 0.5597 0.4519 -0.6946
vn 0.5698 0.3990 -0.7185
vn 0.6283 0.3510 -0.6944
vn 0.6302 0.2939 -0.7187
vn 0.6787 0.2398 -0.6942
vn 0.6715 0.1799 -0.7188
vn 0.7096 0.1217 -0.6941
vn 0.6925 0.0606 -0.7189
vn 0.7200 0.0000 -0.6940
vn 0.6925 -0.0606 -0.7189
vn 0.7096 -0.1217 -0.6941
vn 0.6715 -0.1799 -0.7188
vn 0.6787 -0.2398 -0.6942
vn 0.6302 -0.2939 -0.7187
vn 0.6283 -0.3510 -0.6944
vn 0.5698 -0.3990 -0.7185
vn 0.5597 -0.4519 -0.6946
vn 0.4921 -0.4921 -0.7181
vn 0.4751 -0.5398 -0.6950
vn 0.3994 -0.5703 -0.7178
vn 0.3768 -0.6120 -0.6954
vn 0.2944 -0.6315 -0.7173
vn 0.2678 -0.6664 -0.6959
vn 0.1805 -0.6735 -0.7168
vn 0.1512 -0.7015 -0.6964
vn 0.0608 -0.6952 -0.7162
vn 0.0304 -0.7164 -0.6970
vn -0.0609 -0.6959 -0.7155
vn -0.0910 -0.7106 -0.6977
vn -0.1810 -0.6755 -0.7148
vn -0.2095 -0.6842 -0.6985
vn -0.2959 -0.6346 -0.7139
vn -0.3218 -0.6382 -0.6994
vn -0.4022 -0.5744 -0.7130
vn -0.4245 -0.5740 -0.7003
vn -0.4965 -0.4965 -0.7120
vn -0.5147 -0.4933 -0.7012
vn -0.5761 -0.4034 -0.7109
vn -0.5898 -0.3986 -0.7023
vn -0.6384 -0.2977 -0.7098
vn -0.6477 -0.2928 -0.7034
vn -0.6817 -0.1827 -0.7085
vn -0.6867 -0.1788 -0.7046
vn -0.7043 -0.0616 -0.7072
vn -0.6817 0.1826 -0.7085
vn -0.5898 0.3986 -0.7023
vn -0.3218 0.6383 -0.6993
vn 0.1512 0.7016 -0.6964
vn 0.2945 0.6315 -0.7173
vn 0.3994 0.5704 -0.7178
vn 0.4751 0.5398 -0.6950
vn 0.6282 0.3510 -0.6944
vn 0.4921 -0.4921 -0.7182
vn 0.4751 -0.5398 -0.6949
vn 0.3994 -0.5704 -0.7178
vn 0.2678 -0.6664 -0.6958
vn 0.1512 -0.7016 -0.6964
vn -0.3218 -0.6382 -0.6993
vn -0.6817 -0.1826 -0.7085
vn 0.4921 0.4921 -0.7182
vn 0.6282 -0.3510 -0.6944
vn -0.3218 -0.6383 -0.6993
vn 0.4751 0.5398 -0.6949
vn 0.2945 -0.6315 -0.7173
vn -0.3218 0.6382 -0.6994
vn 0.2678 0.6664 -0.6959
vn 0.5698 0.3990 -0.7184
vn 0.5698 -0.3990 -0.7184
vn 0.4750 -0.5398 -0.6950
vn 0.2944 -0.6314 -0.7173
vn -0.5898 -0.3987 -0.7023
vn 0.2885 0.4997 -0.8167
vn 0.2849 0.4808 -0.8292
vn 0.2885 0.4997 0.8167
vn 0.2849 0.4808 0.8292
vn 0.2335 0.4186 0.8777
vn 0.2271 0.3828 0.8955
vn 0.1696 0.3056 0.9369
vn 0.1652 0.2782 0.9462
vn 0.1025 0.1863 0.9771
vn 0.1001 0.1690 0.9805
vn 0.0336 0.0630 0.9974
vn 0.0329 0.0570 0.9978
vn -0.0329 -0.0570 0.9978
vn -0.0377 -0.0606 0.9974
vn -0.0963 -0.1712 0.9805
vn -0.1101 -0.1819 0.9771
vn -0.1583 -0.2821 0.9462
vn -0.2179 -0.3881 0.8955
vn -0.2458 -0.4115 0.8777
vn -0.2740 -0.4871 0.8292
vn -0.2885 -0.4997 0.8167
vn -0.2885 -0.4997 -0.8167
vn -0.2740 -0.4871 -0.8292
vn -0.2458 -0.4115 -0.8777
vn -0.2179 -0.3881 -0.8955
vn -0.1798 -0.2997 -0.9369
vn -0.1584 -0.2821 -0.9462
vn -0.1100 -0.1819 -0.9771
vn -0.0963 -0.1712 -0.9805
vn -0.0377 -0.0606 -0.9974
vn -0.0329 -0.0570 -0.9978
vn 0.0329 0.0570 -0.9978
vn 0.0336 0.0630 -0.9974
vn 0.1001 0.1690 -0.9805
vn 0.1025 0.1863 -0.9771
vn 0.1652 0.2782 -0.9462
vn 0.1696 0.3056 -0.9369
vn 0.2271 0.3828 -0.8955
vn 0.2335 0.4186 -0.8777
vn 0.8636 0.4985 0.0755
vn 0.8246 0.4311 0.3663
vn 0.7383 0.2815 0.6130
vn 0.6150 0.0680 0.7856
vn 0.4695 -0.1838 0.8636
vn 0.3196 -0.4435 0.8373
vn 0.1832 -0.6799 0.7101
vn 0.0768 -0.8642 0.4972
vn 0.0131 -0.9744 0.2244
vn 0.0000 -0.9971 -0.0755
vn 0.0390 -0.9297 -0.3663
vn 0.1253 -0.7801 -0.6130
vn 0.2486 -0.5665 -0.7856
vn 0.3940 -0.3148 -0.8635
vn 0.5439 -0.0551 -0.8373
vn 0.6804 0.1814 -0.7100
vn 0.7868 0.3657 -0.4972
vn 0.8504 0.4758 -0.2244
vn 0.8635 0.4986 -0.0755
vn 0.1832 -0.6799 -0.7100
vn 0.2486 -0.5665 0.7856
vn 0.8246 0.4311 -0.3663
vn 0.7382 0.2815 -0.6130
vn 0.6150 0.0680 -0.7856
vn 0.4695 -0.1838 -0.8636
vn 0.3196 -0.4435 -0.8373
vn 0.0768 -0.8642 -0.4972
vn 0.0131 -0.9744 -0.2244
vn 0.0000 -0.9971 0.0755
vn 0.0389 -0.9297 0.3663
vn 0.1253 -0.7801 0.6130
vn 0.3940 -0.3148 0.8635
vn 0.5439 -0.0551 0.8373
vn 0.6804 0.1814 0.7101
vn 0.7868 0.3657 0.4972
vn 0.8504 0.4758 0.2244
vn -0.4981 -0.8627 0.0872
vn -0.4981 -0.8627 0.0871
vn -0.4981 -0.8628 -0.0871
vn -0.4981 -0.8627 -0.0872
vn -0.4829 -0.8365 -0.2588
vn -0.4830 -0.8365 -0.2589
vn -0.4532 -0.7849 -0.4226
vn -0.4531 -0.7849 -0.4226
vn -0.4096 -0.7094 -0.5736
vn -0.4096 -0.7094 -0.5735
vn -0.3535 -0.6123 -0.7072
vn -0.2868 -0.4967 -0.8191
vn -0.2869 -0.4968 -0.8191
vn -0.2113 -0.3660 -0.9063
vn -0.1294 -0.2241 -0.9659
vn -0.0435 -0.0755 -0.9962
vn -0.0436 -0.0755 -0.9962
vn 0.0436 0.0755 -0.9962
vn 0.1294 0.2241 -0.9659
vn 0.2114 0.3661 -0.9063
vn 0.2114 0.3660 -0.9063
vn 0.2868 0.4967 -0.8192
vn 0.3536 0.6123 -0.7071
vn 0.4095 0.7094 -0.5736
vn 0.4096 0.7094 -0.5736
vn 0.4532 0.7849 -0.4225
vn 0.4531 0.7849 -0.4226
vn 0.4830 0.8365 -0.2588
vn 0.4981 0.8627 -0.0872
vn 0.4981 0.8627 0.0872
vn 0.4830 0.8365 0.2588
vn 0.4531 0.7849 0.4226
vn 0.4532 0.7849 0.4226
vn 0.4096 0.7094 0.5736
vn 0.3534 0.6124 0.7072
vn 0.3535 0.6123 0.7072
vn 0.2868 0.4967 0.8192
vn 0.2113 0.3661 0.9063
vn 0.2113 0.3660 0.9063
vn 0.1293 0.2241 0.9659
vn 0.1294 0.2241 0.9659
vn 0.0435 0.0755 0.9962
vn 0.0436 0.0755 0.9962
vn -0.0435 -0.0755 0.9962
vn -0.1294 -0.2241 0.9659
vn -0.1295 -0.2241 0.9659
vn -0.2113 -0.3660 0.9063
vn -0.2868 -0.4967 0.8191
vn -0.2868 -0.4968 0.8191
vn -0.3536 -0.6123 0.7071
vn -0.4096 -0.7094 0.5736
vn -0.4096 -0.7095 0.5735
vn -0.4531 -0.7849 0.4226
vn -0.4830 -0.8365 0.2588
vn -0.4829 -0.8365 0.2588
vn 0.8659 -0.5002 0.0000
vn -0.7043 -0.0616 0.7072
vn 0.2678 -0.6664 0.6958
vn 0.6283 -0.3510 0.6943
vn 0.7096 -0.1217 0.6941
vn 0.7096 0.1217 0.6940
vn 0.6282 0.3510 0.6944
vn 0.4921 0.4921 0.7182
vn 0.2678 0.6664 0.6959
vn -0.2959 0.6346 0.7139
vn -0.7044 0.0616 0.7071
usemtl N9_white_powder
s off
f 1//1 2//1 3//1
f 3//2 2//2 4//2
f 3//1 4//1 5//1
f 5//1 4//1 6//1
f 5//1 6//1 7//1
f 7//1 6//1 8//1
f 7//1 8//1 9//1
f 9//1 8//1 10//1
f 9//1 10//1 11//1
f 11//1 10//1 12//1
f 11//1 12//1 13//1
f 13//1 12//1 14//1
f 13//1 14//1 15//1
f 15//1 14//1 16//1
f 15//1 16//1 17//1
f 17//1 16//1 18//1
f 18//1 16//1 19//1
f 19//1 16//1 20//1
f 19//1 20//1 21//1
f 21//1 20//1 22//1
f 21//1 22//1 23//1
f 23//1 22//1 24//1
f 23//1 24//1 25//1
f 25//1 24//1 26//1
f 25//1 26//1 27//1
f 27//1 26//1 28//1
f 27//1 28//1 29//1
f 29//1 28//1 30//1
f 29//1 30//1 31//1
f 31//2 30//2 32//2
f 31//1 32//1 33//1
f 1//3 3//3 34//3
f 34//4 3//4 35//4
f 35//5 3//5 36//5
f 36//6 3//6 5//6
f 36//7 5//7 37//7
f 37//8 5//8 38//8
f 38//9 5//9 7//9
f 38//10 7//10 39//10
f 39//11 7//11 40//11
f 40//12 7//12 9//12
f 40//13 9//13 41//13
f 41//14 9//14 42//14
f 42//15 9//15 11//15
f 42//16 11//16 43//16
f 43//17 11//17 44//17
f 44//18 11//18 13//18
f 44//19 13//19 45//19
f 45//20 13//20 15//20
f 45//21 15//21 46//21
f 46//22 15//22 47//22
f 47//23 15//23 17//23
f 47//24 17//24 48//24
f 48//25 17//25 49//25
f 49//26 17//26 18//26
f 49//27 18//27 50//27
f 50//28 18//28 51//28
f 51//29 18//29 19//29
f 51//30 19//30 52//30
f 52//31 19//31 53//31
f 53//32 19//32 21//32
f 53//33 21//33 54//33
f 54//34 21//34 23//34
f 54//35 23//35 55//35
f 55//36 23//36 56//36
f 56//37 23//37 25//37
f 56//38 25//38 57//38
f 57//39 25//39 58//39
f 58//40 25//40 27//40
f 58//41 27//41 59//41
f 59//42 27//42 60//42
f 60//43 27//43 29//43
f 60//44 29//44 61//44
f 61//45 29//45 62//45
f 62//46 29//46 31//46
f 62//47 31//47 63//47
f 63//48 31//48 64//48
f 64//49 31//49 33//49
f 33//50 32//50 64//50
f 64//51 32//51 63//51
f 63//52 32//52 62//52
f 62//53 32//53 61//53
f 61//54 32//54 30//54
f 61//55 30//55 60//55
f 60//56 30//56 59//56
f 59//57 30//57 28//57
f 59//58 28//58 58//58
f 58//59 28//59 57//59
f 57//60 28//60 26//60
f 57//61 26//61 56//61
f 56//62 26//62 55//62
f 55//63 26//63 24//63
f 55//64 24//64 54//64
f 54//65 24//65 53//65
f 53//66 24//66 22//66
f 53//67 22//67 52//67
f 52//68 22//68 20//68
f 52//69 20//69 51//69
f 51//70 20//70 50//70
f 50//71 20//71 16//71
f 50//72 16//72 49//72
f 49//73 16//73 48//73
f 48//74 16//74 14//74
f 48//75 14//75 47//75
f 47//76 14//76 46//76
f 46//77 14//77 12//77
f 46//78 12//78 45//78
f 45//79 12//79 10//79
f 45//80 10//80 44//80
f 44//81 10//81 43//81
f 43//82 10//82 8//82
f 43//83 8//83 42//83
f 42//84 8//84 41//84
f 41//85 8//85 6//85
f 41//86 6//86 40//86
f 40//87 6//87 39//87
f 39//88 6//88 4//88
f 39//89 4//89 38//89
f 38//90 4//90 37//90
f 37//91 4//91 2//91
f 37//92 2//92 36//92
f 36//93 2//93 35//93
f 35//94 2//94 1//94
f 35//95 1//95 34//95
f 65//1 66//1 67//1
f 67//1 66//1 68//1
f 67//1 68//1 69//1
f 69//1 68//1 70//1
f 69//1 70//1 71//1
f 71//1 70//1 72//1
f 71//1 72//1 73//1
f 73//1 72//1 74//1
f 73//1 74//1 75//1
f 75//1 74//1 76//1
f 75//1 76//1 77//1
f 77//1 76//1 78//1
f 77//1 78//1 79//1
f 79//2 78//2 80//2
f 79//96 80//96 81//96
f 66//97 65//97 82//97
f 82//97 65//97 83//97
f 82//97 83//97 84//97
f 82//97 84//97 85//97
f 85//97 84//97 86//97
f 85//97 86//97 87//97
f 87//97 86//97 88//97
f 87//97 88//97 89//97
f 89//97 88//97 90//97
f 89//97 90//97 91//97
f 91//97 90//97 92//97
f 91//98 92//98 93//98
f 93//99 92//99 94//99
f 93//97 94//97 95//97
f 95//97 94//97 96//97
f 95//100 96//100 97//100
f 97//98 96//98 98//98
f 97//97 98//97 99//97
f 99//100 98//100 100//100
f 99//101 100//101 101//101
f 101//97 100//97 102//97
f 65//102 67//102 83//102
f 83//103 67//103 69//103
f 83//103 69//103 84//103
f 84//104 69//104 71//104
f 84//104 71//104 86//104
f 86//105 71//105 73//105
f 86//105 73//105 88//105
f 88//106 73//106 75//106
f 88//106 75//106 90//106
f 90//107 75//107 92//107
f 92//108 75//108 77//108
f 92//109 77//109 94//109
f 94//110 77//110 96//110
f 96//111 77//111 79//111
f 96//112 79//112 98//112
f 98//113 79//113 100//113
f 100//114 79//114 81//114
f 100//115 81//115 102//115
f 102//116 81//116 101//116
f 101//117 81//117 80//117
f 101//118 80//118 99//118
f 99//119 80//119 97//119
f 97//120 80//120 78//120
f 97//121 78//121 95//121
f 95//122 78//122 93//122
f 93//123 78//123 76//123
f 93//124 76//124 91//124
f 91//125 76//125 89//125
f 89//125 76//125 74//125
f 89//126 74//126 87//126
f 87//126 74//126 72//126
f 87//127 72//127 85//127
f 85//127 72//127 70//127
f 85//128 70//128 82//128
f 82//128 70//128 68//128
f 82//129 68//129 66//129
f 103//130 104//130 105//130
f 105//131 104//131 106//131
f 105//131 106//131 107//131
f 107//131 106//131 108//131
f 107//130 108//130 109//130
f 109//131 108//131 110//131
f 109//131 110//131 111//131
f 111//131 110//131 112//131
f 111//131 112//131 113//131
f 113//131 112//131 114//131
f 113//131 114//131 115//131
f 115//130 114//130 116//130
f 115//131 116//131 117//131
f 117//132 116//132 118//132
f 117//131 118//131 119//131
f 119//130 118//130 120//130
f 119//131 120//131 121//131
f 121//132 120//132 122//132
f 121//131 122//131 123//131
f 104//131 103//131 124//131
f 124//132 103//132 125//132
f 124//131 125//131 126//131
f 126//131 125//131 127//131
f 126//131 127//131 128//131
f 128//131 127//131 129//131
f 128//131 129//131 130//131
f 130//131 129//131 131//131
f 130//130 131//130 132//130
f 132//131 131//131 133//131
f 132//132 133//132 134//132
f 134//131 133//131 135//131
f 134//130 135//130 136//130
f 136//132 135//132 137//132
f 136//131 137//131 138//131
f 139//133 103//133 140//133
f 140//134 103//134 105//134
f 140//135 105//135 141//135
f 141//135 105//135 107//135
f 141//136 107//136 142//136
f 142//137 107//137 109//137
f 142//138 109//138 143//138
f 143//138 109//138 111//138
f 143//139 111//139 144//139
f 144//140 111//140 113//140
f 144//141 113//141 145//141
f 145//141 113//141 115//141
f 145//142 115//142 146//142
f 146//142 115//142 117//142
f 146//143 117//143 147//143
f 147//143 117//143 119//143
f 147//144 119//144 148//144
f 148//144 119//144 121//144
f 148//145 121//145 149//145
f 149//145 121//145 123//145
f 149//146 123//146 150//146
f 150//146 123//146 122//146
f 150//147 122//147 151//147
f 151//147 122//147 120//147
f 151//148 120//148 152//148
f 152//148 120//148 118//148
f 152//149 118//149 153//149
f 153//150 118//150 116//150
f 153//151 116//151 154//151
f 154//151 116//151 114//151
f 154//152 114//152 155//152
f 155//152 114//152 112//152
f 155//153 112//153 156//153
f 156//153 112//153 110//153
f 156//154 110//154 157//154
f 157//154 110//154 108//154
f 157//155 108//155 158//155
f 158//156 108//156 106//156
f 158//157 106//157 159//157
f 159//158 106//158 104//158
f 159//159 104//159 160//159
f 160//160 104//160 124//160
f 160//161 124//161 161//161
f 161//161 124//161 126//161
f 161//162 126//162 162//162
f 162//162 126//162 128//162
f 162//163 128//163 163//163
f 163//163 128//163 130//163
f 163//164 130//164 164//164
f 164//165 130//165 132//165
f 164//166 132//166 165//166
f 165//166 132//166 134//166
f 165//167 134//167 166//167
f 166//167 134//167 136//167
f 166//168 136//168 167//168
f 167//168 136//168 138//168
f 167//169 138//169 168//169
f 168//169 138//169 137//169
f 168//170 137//170 169//170
f 169//170 137//170 135//170
f 169//171 135//171 170//171
f 170//171 135//171 133//171
f 170//172 133//172 171//172
f 171//172 133//172 131//172
f 171//173 131//173 172//173
f 172//173 131//173 129//173
f 172//174 129//174 173//174
f 173//175 129//175 127//175
f 173//176 127//176 174//176
f 174//177 127//177 125//177
f 174//178 125//178 139//178
f 139//179 125//179 103//179
f 140//180 141//180 139//180
f 139//181 141//181 174//181
f 174//182 141//182 142//182
f 174//183 142//183 173//183
f 173//181 142//181 143//181
f 173//184 143//184 172//184
f 172//183 143//183 144//183
f 172//183 144//183 171//183
f 171//182 144//182 145//182
f 171//185 145//185 170//185
f 170//183 145//183 146//183
f 170//184 146//184 169//184
f 169//181 146//181 147//181
f 169//183 147//183 168//183
f 168//183 147//183 148//183
f 168//184 148//184 167//184
f 167//183 148//183 149//183
f 167//183 149//183 166//183
f 166//183 149//183 150//183
f 166//183 150//183 165//183
f 165//183 150//183 151//183
f 165//183 151//183 164//183
f 164//183 151//183 152//183
f 164//183 152//183 163//183
f 163//183 152//183 153//183
f 163//182 153//182 162//182
f 162//181 153//181 154//181
f 162//183 154//183 161//183
f 161//183 154//183 155//183
f 161//185 155//185 160//185
f 160//186 155//186 156//186
f 160//183 156//183 159//183
f 159//182 156//182 157//182
f 159//187 157//187 158//187
f 175//130 176//130 177//130
f 177//131 176//131 178//131
f 177//131 178//131 179//131
f 179//131 178//131 180//131
f 179//130 180//130 181//130
f 181//131 180//131 182//131
f 181//131 182//131 183//131
f 183//131 182//131 184//131
f 183//131 184//131 185//131
f 185//131 184//131 186//131
f 185//131 186//131 187//131
f 187//130 186//130 188//130
f 187//131 188//131 189//131
f 189//132 188//132 190//132
f 189//131 190//131 191//131
f 191//130 190//130 192//130
f 191//131 192//131 193//131
f 193//132 192//132 194//132
f 193//131 194//131 195//131
f 176//131 175//131 196//131
f 196//132 175//132 197//132
f 196//131 197//131 198//131
f 198//131 197//131 199//131
f 198//131 199//131 200//131
f 200//131 199//131 201//131
f 200//131 201//131 202//131
f 202//131 201//131 203//131
f 202//130 203//130 204//130
f 204//131 203//131 205//131
f 204//132 205//132 206//132
f 206//131 205//131 207//131
f 206//130 207//130 208//130
f 208//132 207//132 209//132
f 208//131 209//131 210//131
f 211//180 212//180 213//180
f 213//181 212//181 214//181
f 214//183 212//183 215//183
f 214//183 215//183 216//183
f 216//181 215//181 217//181
f 216//184 217//184 218//184
f 218//183 217//183 219//183
f 218//183 219//183 220//183
f 220//182 219//182 221//182
f 220//185 221//185 222//185
f 222//183 221//183 223//183
f 222//184 223//184 224//184
f 224//185 223//185 225//185
f 224//183 225//183 226//183
f 226//183 225//183 227//183
f 226//184 227//184 228//184
f 228//183 227//183 229//183
f 228//183 229//183 230//183
f 230//183 229//183 231//183
f 230//183 231//183 232//183
f 232//183 231//183 233//183
f 232//183 233//183 234//183
f 234//183 233//183 235//183
f 234//183 235//183 236//183
f 236//183 235//183 237//183
f 236//182 237//182 238//182
f 238//181 237//181 239//181
f 238//183 239//183 240//183
f 240//183 239//183 241//183
f 240//185 241//185 242//185
f 242//186 241//186 243//186
f 242//183 243//183 244//183
f 244//182 243//182 245//182
f 244//187 245//187 246//187
f 213//133 175//133 211//133
f 211//134 175//134 177//134
f 211//135 177//135 212//135
f 212//135 177//135 179//135
f 212//136 179//136 215//136
f 215//137 179//137 181//137
f 215//138 181//138 217//138
f 217//138 181//138 183//138
f 217//139 183//139 219//139
f 219//140 183//140 185//140
f 219//141 185//141 221//141
f 221//141 185//141 187//141
f 221//142 187//142 223//142
f 223//142 187//142 189//142
f 223//143 189//143 225//143
f 225//143 189//143 191//143
f 225//144 191//144 227//144
f 227//144 191//144 193//144
f 227//145 193//145 229//145
f 229//145 193//145 195//145
f 229//146 195//146 231//146
f 231//146 195//146 194//146
f 231//147 194//147 233//147
f 233//147 194//147 192//147
f 233//148 192//148 235//148
f 235//148 192//148 190//148
f 235//149 190//149 237//149
f 237//150 190//150 188//150
f 237//151 188//151 239//151
f 239//151 188//151 186//151
f 239//152 186//152 241//152
f 241//152 186//152 184//152
f 241//153 184//153 243//153
f 243//153 184//153 182//153
f 243//154 182//154 245//154
f 245//154 182//154 180//154
f 245//155 180//155 246//155
f 246//156 180//156 178//156
f 246//157 178//157 244//157
f 244//158 178//158 176//158
f 244//159 176//159 242//159
f 242//160 176//160 196//160
f 242//161 196//161 240//161
f 240//161 196//161 198//161
f 240//162 198//162 238//162
f 238//162 198//162 200//162
f 238//163 200//163 236//163
f 236//163 200//163 202//163
f 236//164 202//164 234//164
f 234//165 202//165 204//165
f 234//166 204//166 232//166
f 232//166 204//166 206//166
f 232//167 206//167 230//167
f 230//167 206//167 208//167
f 230//168 208//168 228//168
f 228//168 208//168 210//168
f 228//169 210//169 226//169
f 226//169 210//169 209//169
f 226//170 209//170 224//170
f 224//170 209//170 207//170
f 224//171 207//171 222//171
f 222//171 207//171 205//171
f 222//172 205//172 220//172
f 220//172 205//172 203//172
f 220//173 203//173 218//173
f 218//173 203//173 201//173
f 218//174 201//174 216//174
f 216//175 201//175 199//175
f 216//176 199//176 214//176
f 214//177 199//177 197//177
f 214//178 197//178 213//178
f 213//179 197//179 175//179
f 247//131 248//131 249//131
f 249//131 248//131 250//131
f 249//131 250//131 251//131
f 251//131 250//131 252//131
f 251//131 252//131 253//131
f 253//132 252//132 254//132
f 253//131 254//131 255//131
f 255//131 254//131 256//131
f 255//131 256//131 257//131
f 257//131 256//131 258//131
f 257//131 258//131 259//131
f 259//132 258//132 260//132
f 259//131 260//131 261//131
f 261//188 260//188 262//188
f 261//130 262//130 263//130
f 263//189 262//189 264//189
f 263//131 264//131 265//131
f 265//132 264//132 266//132
f 265//190 266//190 267//190
f 248//131 247//131 268//131
f 268//131 247//131 269//131
f 268//132 269//132 270//132
f 270//131 269//131 271//131
f 270//131 271//131 272//131
f 272//131 271//131 273//131
f 272//130 273//130 274//130
f 274//131 273//131 275//131
f 274//132 275//132 276//132
f 276//131 275//131 277//131
f 276//188 277//188 278//188
f 278//189 277//189 279//189
f 278//131 279//131 280//131
f 280//131 279//131 281//131
f 280//191 281//191 282//191
f 283//192 284//192 285//192
f 286//193 284//193 287//193
f 288//194 284//194 289//194
f 290//195 284//195 291//195
f 292//196 284//196 293//196
f 294//197 284//197 295//197
f 296//198 284//198 297//198
f 298//199 284//199 299//199
f 300//200 284//200 301//200
f 302//201 284//201 303//201
f 304//202 284//202 305//202
f 306//203 284//203 307//203
f 308//204 284//204 309//204
f 310//205 284//205 311//205
f 312//206 284//206 313//206
f 314//207 284//207 315//207
f 316//208 284//208 317//208
f 318//209 284//209 319//209
f 285//210 284//210 318//210
f 309//211 284//211 306//211
f 297//212 284//212 294//212
f 319//213 284//213 316//213
f 317//214 284//214 314//214
f 315//215 284//215 312//215
f 313//216 284//216 310//216
f 311//217 284//217 308//217
f 307//218 284//218 304//218
f 305//219 284//219 302//219
f 303//220 284//220 300//220
f 301//221 284//221 298//221
f 299//222 284//222 296//222
f 295//223 284//223 292//223
f 293//224 284//224 290//224
f 291//225 284//225 288//225
f 289//226 284//226 286//226
f 287//227 284//227 283//227
f 318//134 320//134 285//134
f 285//133 320//133 321//133
f 285//228 321//228 283//228
f 283//135 321//135 322//135
f 283//137 322//137 287//137
f 287//136 322//136 323//136
f 287//138 323//138 286//138
f 286//138 323//138 324//138
f 286//139 324//139 289//139
f 289//139 324//139 325//139
f 289//141 325//141 288//141
f 288//141 325//141 326//141
f 288//142 326//142 291//142
f 291//229 326//229 327//229
f 291//230 327//230 290//230
f 290//143 327//143 328//143
f 290//144 328//144 293//144
f 293//144 328//144 329//144
f 293//145 329//145 292//145
f 292//145 329//145 330//145
f 292//146 330//146 295//146
f 295//146 330//146 331//146
f 295//147 331//147 294//147
f 294//147 331//147 332//147
f 294//148 332//148 297//148
f 297//148 332//148 333//148
f 297//150 333//150 296//150
f 296//149 333//149 334//149
f 296//151 334//151 299//151
f 299//151 334//151 335//151
f 299//152 335//152 298//152
f 298//152 335//152 336//152
f 298//231 336//231 301//231
f 301//153 336//153 337//153
f 301//154 337//154 300//154
f 300//154 337//154 338//154
f 300//155 338//155 303//155
f 303//155 338//155 339//155
f 303//157 339//157 302//157
f 302//157 339//157 340//157
f 302//159 340//159 305//159
f 305//159 340//159 341//159
f 305//161 341//161 304//161
f 304//232 341//232 342//232
f 304//233 342//233 307//233
f 307//162 342//162 343//162
f 307//163 343//163 306//163
f 306//163 343//163 344//163
f 306//165 344//165 309//165
f 309//165 344//165 345//165
f 309//166 345//166 308//166
f 308//166 345//166 346//166
f 308//167 346//167 311//167
f 311//167 346//167 347//167
f 311//168 347//168 310//168
f 310//168 347//168 348//168
f 310//169 348//169 313//169
f 313//169 348//169 349//169
f 313//170 349//170 312//170
f 312//170 349//170 350//170
f 312//171 350//171 315//171
f 315//171 350//171 351//171
f 315//234 351//234 314//234
f 314//234 351//234 352//234
f 314//173 352//173 317//173
f 317//173 352//173 353//173
f 317//175 353//175 316//175
f 316//175 353//175 354//175
f 316//176 354//176 319//176
f 319//176 354//176 355//176
f 319//178 355//178 318//178
f 318//178 355//178 320//178
f 356//228 322//228 357//228
f 357//228 322//228 321//228
f 357//133 321//133 358//133
f 358//133 321//133 320//133
f 358//178 320//178 359//178
f 359//179 320//179 355//179
f 359//235 355//235 360//235
f 360//236 355//236 354//236
f 360//174 354//174 361//174
f 361//175 354//175 353//175
f 361//173 353//173 362//173
f 362//173 353//173 352//173
f 362//234 352//234 363//234
f 363//234 352//234 351//234
f 363//171 351//171 364//171
f 364//171 351//171 350//171
f 364//170 350//170 365//170
f 365//170 350//170 349//170
f 365//169 349//169 366//169
f 366//169 349//169 348//169
f 366//168 348//168 367//168
f 367//168 348//168 347//168
f 367//167 347//167 368//167
f 368//167 347//167 346//167
f 368//166 346//166 369//166
f 369//166 346//166 345//166
f 369//164 345//164 370//164
f 370//164 345//164 344//164
f 370//163 344//163 371//163
f 371//163 344//163 343//163
f 371//233 343//233 372//233
f 372//162 343//162 342//162
f 372//161 342//161 373//161
f 373//161 342//161 341//161
f 373//159 341//159 374//159
f 374//159 341//159 340//159
f 374//157 340//157 375//157
f 375//157 340//157 339//157
f 375//156 339//156 376//156
f 376//155 339//155 338//155
f 376//154 338//154 377//154
f 377//154 338//154 337//154
f 377//153 337//153 378//153
f 378//153 337//153 336//153
f 378//152 336//152 379//152
f 379//237 336//237 335//237
f 379//238 335//238 380//238
f 380//151 335//151 334//151
f 380//149 334//149 381//149
f 381//150 334//150 333//150
f 381//148 333//148 382//148
f 382//148 333//148 332//148
f 382//147 332//147 383//147
f 383//147 332//147 331//147
f 383//146 331//146 384//146
f 384//146 331//146 330//146
f 384//145 330//145 385//145
f 385//145 330//145 329//145
f 385//144 329//144 386//144
f 386//144 329//144 328//144
f 386//143 328//143 387//143
f 387//143 328//143 327//143
f 387//229 327//229 388//229
f 388//229 327//229 326//229
f 388//239 326//239 389//239
f 389//141 326//141 325//141
f 389//139 325//139 390//139
f 390//240 325//240 324//240
f 390//138 324//138 391//138
f 391//138 324//138 323//138
f 391//137 323//137 356//137
f 356//136 323//136 322//136
f 392//183 393//183 357//183
f 357//183 393//183 394//183
f 357//182 394//182 356//182
f 356//184 394//184 395//184
f 356//181 395//181 391//181
f 391//241 395//241 396//241
f 391//183 396//183 390//183
f 390//242 396//242 397//242
f 390//183 397//183 389//183
f 389//183 397//183 398//183
f 389//183 398//183 388//183
f 388//183 398//183 399//183
f 388//183 399//183 387//183
f 387//183 399//183 400//183
f 387//185 400//185 386//185
f 386//183 400//183 401//183
f 386//243 401//243 385//243
f 385//183 401//183 402//183
f 385//183 402//183 384//183
f 384//183 402//183 383//183
f 383//181 402//181 403//181
f 383//186 403//186 382//186
f 382//185 403//185 404//185
f 382//183 404//183 381//183
f 381//181 404//181 405//181
f 381//183 405//183 380//183
f 380//183 405//183 406//183
f 380//182 406//182 379//182
f 379//242 406//242 407//242
f 379//181 407//181 378//181
f 378//244 407//244 408//244
f 378//182 408//182 377//182
f 377//185 408//185 409//185
f 377//182 409//182 376//182
f 376//183 409//183 410//183
f 376//183 410//183 375//183
f 375//241 410//241 411//241
f 375//242 411//242 412//242
f 375//183 412//183 374//183
f 374//183 412//183 413//183
f 374//183 413//183 373//183
f 373//185 413//185 414//185
f 373//245 414//245 372//245
f 372//241 414//241 415//241
f 372//183 415//183 371//183
f 371//241 415//241 416//241
f 371//183 416//183 370//183
f 370//183 416//183 417//183
f 370//183 417//183 369//183
f 369//183 417//183 418//183
f 369//185 418//185 368//185
f 368//183 418//183 419//183
f 368//242 419//242 367//242
f 367//185 419//185 366//185
f 366//183 419//183 420//183
f 366//182 420//182 365//182
f 365//183 420//183 421//183
f 365//181 421//181 364//181
f 364//183 421//183 422//183
f 364//181 422//181 363//181
f 363//183 422//183 423//183
f 363//182 423//182 362//182
f 362//183 423//183 424//183
f 362//183 424//183 361//183
f 361//183 424//183 425//183
f 361//182 425//182 360//182
f 360//241 425//241 426//241
f 360//182 426//182 359//182
f 359//242 426//242 427//242
f 359//181 427//181 358//181
f 358//183 427//183 392//183
f 358//183 392//183 357//183
f 392//134 247//134 393//134
f 393//133 247//133 249//133
f 393//135 249//135 394//135
f 394//135 249//135 251//135
f 394//136 251//136 395//136
f 395//136 251//136 253//136
f 395//246 253//246 396//246
f 396//247 253//247 255//247
f 396//248 255//248 397//248
f 397//140 255//140 257//140
f 397//141 257//141 398//141
f 398//141 257//141 259//141
f 398//229 259//229 399//229
f 399//142 259//142 261//142
f 399//143 261//143 400//143
f 400//143 261//143 263//143
f 400//144 263//144 401//144
f 401//144 263//144 265//144
f 401//145 265//145 402//145
f 402//145 265//145 267//145
f 402//146 267//146 403//146
f 403//146 267//146 266//146
f 403//147 266//147 404//147
f 404//147 266//147 264//147
f 404//148 264//148 405//148
f 405//148 264//148 262//148
f 405//149 262//149 406//149
f 406//149 262//149 260//149
f 406//151 260//151 407//151
f 407//151 260//151 258//151
f 407//152 258//152 408//152
f 408//152 258//152 256//152
f 408//153 256//153 409//153
f 409//249 256//249 254//249
f 409//154 254//154 410//154
f 410//154 254//154 252//154
f 410//155 252//155 411//155
f 411//156 252//156 250//156
f 411//158 250//158 412//158
f 412//157 250//157 248//157
f 412//159 248//159 413//159
f 413//159 248//159 268//159
f 413//161 268//161 414//161
f 414//161 268//161 270//161
f 414//162 270//162 415//162
f 415//250 270//250 272//250
f 415//163 272//163 416//163
f 416//163 272//163 274//163
f 416//164 274//164 417//164
f 417//164 274//164 276//164
f 417//166 276//166 418//166
f 418//166 276//166 278//166
f 418//167 278//167 419//167
f 419//167 278//167 280//167
f 419//168 280//168 420//168
f 420//168 280//168 282//168
f 420//169 282//169 421//169
f 421//169 282//169 281//169
f 421//170 281//170 422//170
f 422//170 281//170 279//170
f 422//171 279//171 423//171
f 423//171 279//171 277//171
f 423//234 277//234 424//234
f 424//172 277//172 275//172
f 424//173 275//173 425//173
f 425//173 275//173 273//173
f 425//251 273//251 426//251
f 426//175 273//175 271//175
f 426//236 271//236 427//236
f 427//252 271//252 269//252
f 427//178 269//178 392//178
f 392//178 269//178 247//178
f 428//131 429//131 430//131
f 430//131 429//131 431//131
f 430//131 431//131 432//131
f 432//131 431//131 433//131
f 432//131 433//131 434//131
f 434//132 433//132 435//132
f 434//131 435//131 436//131
f 436//131 435//131 437//131
f 436//131 437//131 438//131
f 438//131 437//131 439//131
f 438//131 439//131 440//131
f 440//132 439//132 441//132
f 440//131 441//131 442//131
f 442//188 441//188 443//188
f 442//130 443//130 444//130
f 444//189 443//189 445//189
f 444//131 445//131 446//131
f 446//132 445//132 447//132
f 446//190 447//190 448//190
f 429//131 428//131 449//131
f 449//131 428//131 450//131
f 449//132 450//132 451//132
f 451//131 450//131 452//131
f 451//131 452//131 453//131
f 453//131 452//131 454//131
f 453//130 454//130 455//130
f 455//131 454//131 456//131
f 455//132 456//132 457//132
f 457//131 456//131 458//131
f 457//188 458//188 459//188
f 459//189 458//189 460//189
f 459//131 460//131 461//131
f 461//131 460//131 462//131
f 461//191 462//191 463//191
f 464//134 428//134 465//134
f 465//133 428//133 430//133
f 465//135 430//135 466//135
f 466//135 430//135 432//135
f 466//136 432//136 467//136
f 467//136 432//136 434//136
f 467//246 434//246 468//246
f 468//247 434//247 436//247
f 468//248 436//248 469//248
f 469//140 436//140 438//140
f 469//141 438//141 470//141
f 470//141 438//141 440//141
f 470//229 440//229 471//229
f 471//142 440//142 442//142
f 471//143 442//143 472//143
f 472//143 442//143 444//143
f 472//144 444//144 473//144
f 473//144 444//144 446//144
f 473//145 446//145 474//145
f 474//145 446//145 448//145
f 474//146 448//146 475//146
f 475//146 448//146 447//146
f 475//147 447//147 476//147
f 476//147 447//147 445//147
f 476//148 445//148 477//148
f 477//148 445//148 443//148
f 477//149 443//149 478//149
f 478//149 443//149 441//149
f 478//151 441//151 479//151
f 479//151 441//151 439//151
f 479//152 439//152 480//152
f 480//152 439//152 437//152
f 480//153 437//153 481//153
f 481//249 437//249 435//249
f 481//154 435//154 482//154
f 482//154 435//154 433//154
f 482//155 433//155 483//155
f 483//156 433//156 431//156
f 483//158 431//158 484//158
f 484//157 431//157 429//157
f 484//159 429//159 485//159
f 485//159 429//159 449//159
f 485//161 449//161 486//161
f 486//161 449//161 451//161
f 486//162 451//162 487//162
f 487//250 451//250 453//250
f 487//163 453//163 488//163
f 488//163 453//163 455//163
f 488//164 455//164 489//164
f 489//164 455//164 457//164
f 489//166 457//166 490//166
f 490//166 457//166 459//166
f 490//167 459//167 491//167
f 491//167 459//167 461//167
f 491//168 461//168 492//168
f 492//168 461//168 463//168
f 492//169 463//169 493//169
f 493//169 463//169 462//169
f 493//170 462//170 494//170
f 494//170 462//170 460//170
f 494//171 460//171 495//171
f 495//171 460//171 458//171
f 495//234 458//234 496//234
f 496//172 458//172 456//172
f 496//173 456//173 497//173
f 497//173 456//173 454//173
f 497//251 454//251 498//251
f 498//175 454//175 452//175
f 498//236 452//236 499//236
f 499//252 452//252 450//252
f 499//178 450//178 464//178
f 464//178 450//178 428//178
f 465//243 466//243 464//243
f 464//186 466//186 499//186
f 499//253 466//253 467//253
f 499//183 467//183 498//183
f 498//243 467//243 468//243
f 498//182 468//182 497//182
f 497//183 468//183 469//183
f 497//183 469//183 496//183
f 496//185 469//185 470//185
f 496//184 470//184 495//184
f 495//183 470//183 471//183
f 495//181 471//181 494//181
f 494//184 471//184 472//184
f 494//183 472//183 493//183
f 493//183 472//183 473//183
f 493//182 473//182 492//182
f 492//183 473//183 474//183
f 492//183 474//183 491//183
f 491//181 474//181 475//181
f 491//182 475//182 490//182
f 490//183 475//183 476//183
f 490//183 476//183 489//183
f 489//183 476//183 477//183
f 489//183 477//183 488//183
f 488//182 477//182 478//182
f 488//182 478//182 487//182
f 487//183 478//183 479//183
f 487//183 479//183 486//183
f 486//181 479//181 480//181
f 486//181 480//181 485//181
f 485//181 480//181 481//181
f 485//183 481//183 484//183
f 484//183 481//183 482//183
f 484//254 482//254 483//254
f 500//255 501//255 502//255
f 502//255 501//255 503//255
f 503//255 501//255 504//255
f 503//255 504//255 505//255
f 504//255 501//255 506//255
f 506//255 501//255 507//255
f 506//255 507//255 508//255
f 509//255 510//255 505//255
f 505//255 510//255 511//255
f 505//255 511//255 512//255
f 512//255 503//255 505//255
f 513//256 514//256 515//256
f 515//256 514//256 516//256
f 517//256 518//256 519//256
f 519//256 518//256 520//256
f 519//256 520//256 521//256
f 506//256 522//256 517//256
f 517//256 522//256 523//256
f 517//256 523//256 524//256
f 525//256 526//256 506//256
f 506//256 526//256 527//256
f 506//256 527//256 528//256
f 529//256 530//256 525//256
f 525//256 530//256 531//256
f 525//256 531//256 532//256
f 532//256 533//256 525//256
f 525//256 533//256 534//256
f 525//256 534//256 526//256
f 528//256 535//256 506//256
f 506//256 535//256 536//256
f 506//256 536//256 537//256
f 537//256 538//256 506//256
f 506//256 538//256 539//256
f 506//256 539//256 540//256
f 540//256 541//256 506//256
f 506//256 541//256 542//256
f 506//256 542//256 543//256
f 543//256 544//256 506//256
f 506//256 544//256 545//256
f 506//256 545//256 546//256
f 546//256 547//256 506//256
f 506//256 547//256 548//256
f 506//256 548//256 549//256
f 549//256 522//256 506//256
f 550//256 551//256 522//256
f 522//256 551//256 552//256
f 522//256 552//256 523//256
f 550//256 553//256 551//256
f 551//256 553//256 554//256
f 554//256 553//256 555//256
f 555//256 553//256 556//256
f 555//256 556//256 557//256
f 558//256 559//256 553//256
f 553//256 559//256 560//256
f 553//256 560//256 561//256
f 558//256 562//256 559//256
f 559//256 562//256 563//256
f 559//256 563//256 564//256
f 564//256 563//256 565//256
f 565//256 563//256 566//256
f 566//256 563//256 567//256
f 567//256 563//256 568//256
f 567//256 568//256 569//256
f 569//256 568//256 570//256
f 569//256 570//256 571//256
f 571//256 570//256 572//256
f 571//256 572//256 573//256
f 573//256 572//256 574//256
f 573//256 574//256 575//256
f 575//256 574//256 576//256
f 575//256 576//256 577//256
f 577//256 576//256 578//256
f 577//256 578//256 579//256
f 579//256 578//256 580//256
f 579//256 580//256 581//256
f 581//256 580//256 582//256
f 581//256 582//256 583//256
f 583//256 582//256 584//256
f 561//256 585//256 553//256
f 553//256 585//256 586//256
f 553//256 586//256 587//256
f 587//256 588//256 553//256
f 553//256 588//256 589//256
f 553//256 589//256 590//256
f 590//256 591//256 553//256
f 553//256 591//256 592//256
f 553//256 592//256 593//256
f 593//256 594//256 553//256
f 553//256 594//256 595//256
f 553//256 595//256 596//256
f 596//256 597//256 553//256
f 553//256 597//256 598//256
f 553//256 598//256 599//256
f 599//256 600//256 553//256
f 553//256 600//256 601//256
f 553//256 601//256 602//256
f 602//256 603//256 553//256
f 553//256 603//256 556//256
f 555//256 557//256 604//256
f 604//256 557//256 605//256
f 604//256 605//256 606//256
f 606//256 607//256 604//256
f 604//256 607//256 608//256
f 604//256 608//256 609//256
f 609//256 610//256 604//256
f 604//256 610//256 611//256
f 611//256 610//256 612//256
f 611//256 612//256 613//256
f 613//256 614//256 611//256
f 611//256 614//256 615//256
f 611//256 615//256 616//256
f 611//256 616//256 617//256
f 617//256 616//256 618//256
f 617//256 618//256 619//256
f 619//256 620//256 617//256
f 617//256 620//256 621//256
f 617//256 621//256 622//256
f 622//256 621//256 623//256
f 622//256 623//256 624//256
f 624//256 625//256 622//256
f 622//256 625//256 626//256
f 622//256 626//256 627//256
f 627//256 628//256 622//256
f 622//256 628//256 629//256
f 629//256 628//256 630//256
f 629//256 630//256 631//256
f 631//256 632//256 629//256
f 629//256 632//256 633//256
f 629//256 633//256 634//256
f 634//256 633//256 635//256
f 634//256 635//256 636//256
f 636//256 635//256 637//256
f 636//256 637//256 638//256
f 638//256 637//256 639//256
f 638//256 639//256 640//256
f 640//256 639//256 641//256
f 640//256 641//256 642//256
f 642//256 641//256 643//256
f 642//256 643//256 644//256
f 644//256 643//256 645//256
f 644//256 645//256 646//256
f 646//256 645//256 647//256
f 646//256 647//256 648//256
f 648//256 647//256 649//256
f 648//256 649//256 650//256
f 524//256 651//256 517//256
f 517//256 651//256 652//256
f 517//256 652//256 653//256
f 653//256 654//256 517//256
f 517//256 654//256 655//256
f 517//256 655//256 656//256
f 656//256 657//256 517//256
f 517//256 657//256 658//256
f 517//256 658//256 659//256
f 659//256 660//256 517//256
f 517//256 660//256 661//256
f 517//256 661//256 662//256
f 662//256 518//256 517//256
f 521//256 663//256 519//256
f 519//256 663//256 664//256
f 519//256 664//256 665//256
f 665//256 666//256 519//256
f 501//256 500//256 667//256
f 667//256 500//256 668//256
f 877//257 804//257 878//257
f 878//257 804//257 803//257
f 878//258 803//258 879//258
f 879//258 803//258 874//258
f 879//259 874//259 880//259
f 880//259 874//259 872//259
f 880//260 872//260 881//260
f 881//260 872//260 870//260
f 881//261 870//261 882//261
f 882//261 870//261 868//261
f 882//262 868//262 883//262
f 883//262 868//262 866//262
f 883//263 866//263 884//263
f 884//263 866//263 864//263
f 884//264 864//264 885//264
f 885//264 864//264 862//264
f 885//265 862//265 886//265
f 886//265 862//265 860//265
f 886//266 860//266 887//266
f 887//266 860//266 858//266
f 887//267 858//267 888//267
f 888//267 858//267 856//267
f 888//268 856//268 889//268
f 889//268 856//268 854//268
f 889//269 854//269 890//269
f 890//269 854//269 852//269
f 890//270 852//270 891//270
f 891//270 852//270 850//270
f 891//271 850//271 892//271
f 892//271 850//271 848//271
f 892//272 848//272 893//272
f 893//272 848//272 846//272
f 893//273 846//273 894//273
f 894//273 846//273 844//273
f 894//274 844//274 895//274
f 895//274 844//274 842//274
f 895//97 842//97 896//97
f 896//97 842//97 840//97
f 896//275 840//275 897//275
f 897//275 840//275 838//275
f 1000//258 925//258 1001//258
f 1001//258 925//258 996//258
f 1001//259 996//259 1002//259
f 1002//259 996//259 994//259
f 1002//260 994//260 1003//260
f 1003//260 994//260 992//260
f 1003//261 992//261 1004//261
f 1004//261 992//261 990//261
f 1004//262 990//262 1005//262
f 1005//262 990//262 988//262
f 1005//263 988//263 1006//263
f 1006//263 988//263 986//263
f 1006//264 986//264 1007//264
f 1007//264 986//264 984//264
f 1007//265 984//265 1008//265
f 1008//265 984//265 982//265
f 1008//266 982//266 1009//266
f 1009//266 982//266 980//266
f 1009//267 980//267 1010//267
f 1010//267 980//267 978//267
f 1010//268 978//268 1011//268
f 1011//268 978//268 976//268
f 1011//269 976//269 1012//269
f 1012//269 976//269 974//269
f 1012//270 974//270 1013//270
f 1013//270 974//270 972//270
f 1013//271 972//271 1014//271
f 1014//271 972//271 970//271
f 1014//272 970//272 1015//272
f 1015//272 970//272 968//272
f 1015//273 968//273 1016//273
f 1016//273 968//273 966//273
f 1036//276 1039//276 1038//276
f 1038//276 1039//276 1040//276
f 1039//277 1041//277 1040//277
f 1040//277 1041//277 1042//277
f 1120//278 1050//278 1121//278
f 1121//278 1050//278 1048//278
f 1121//257 1048//257 1122//257
f 1122//257 1048//257 1047//257
f 1122//258 1047//258 1123//258
f 1123//258 1047//258 1118//258
f 1123//259 1118//259 1124//259
f 1124//259 1118//259 1116//259
f 1124//260 1116//260 1125//260
f 1125//260 1116//260 1114//260
f 1125//261 1114//261 1126//261
f 1126//279 1114//279 1112//279
f 1126//262 1112//262 1127//262
f 1127//262 1112//262 1110//262
f 1127//263 1110//263 1128//263
f 1128//263 1110//263 1108//263
f 1128//264 1108//264 1129//264
f 1129//264 1108//264 1106//264
f 1129//265 1106//265 1130//265
f 1130//265 1106//265 1104//265
f 1130//266 1104//266 1131//266
f 1131//266 1104//266 1102//266
f 1131//267 1102//267 1132//267
f 1147//280 1070//280 1148//280
f 1148//281 1068//281 1149//281
f 1149//281 1068//281 1066//281
f 1149//282 1066//282 1150//282
f 1150//282 1066//282 1064//282
f 1150//283 1064//283 1151//283
f 1151//283 1064//283 1062//283
f 1151//284 1062//284 1152//284
f 1152//284 1062//284 1060//284
f 1152//285 1060//285 1153//285
f 1153//285 1060//285 1058//285
f 1153//286 1058//286 1154//286
f 1154//287 1058//287 1056//287
f 1154//288 1056//288 1155//288
f 1155//288 1056//288 1054//288
f 1155//289 1054//289 1156//289
f 1156//289 1054//289 1052//289
f 1156//290 1052//290 1120//290
f 1120//290 1052//290 1050//290
f 1242//278 1172//278 1243//278
f 1243//278 1172//278 1170//278
f 1243//257 1170//257 1244//257
f 1244//257 1170//257 1169//257
f 1244//258 1169//258 1245//258
f 1262//275 1206//275 1263//275
f 1263//275 1206//275 1204//275
f 1263//291 1204//291 1264//291
f 1264//291 1204//291 1202//291
f 1264//292 1202//292 1265//292
f 1265//292 1202//292 1200//292
f 1265//293 1200//293 1266//293
f 1266//293 1200//293 1198//293
f 1266//294 1198//294 1267//294
f 1267//294 1198//294 1196//294
f 1267//295 1196//295 1268//295
f 1268//295 1196//295 1194//295
f 1268//296 1194//296 1269//296
f 1269//296 1194//296 1192//296
f 1269//280 1192//280 1270//280
f 1270//280 1192//280 1190//280
f 1270//281 1190//281 1271//281
f 1271//281 1190//281 1188//281
f 1271//282 1188//282 1272//282
f 1272//282 1188//282 1186//282
f 1272//283 1186//283 1273//283
f 1273//283 1186//283 1184//283
f 1273//284 1184//284 1274//284
f 1274//284 1184//284 1182//284
f 1274//285 1182//285 1275//285
f 1275//285 1182//285 1180//285
f 1275//287 1180//287 1276//287
f 1276//287 1180//287 1178//287
f 1276//288 1178//288 1277//288
f 1277//288 1178//288 1176//288
f 1277//289 1176//289 1278//289
f 1278//289 1176//289 1174//289
f 1278//290 1174//290 1242//290
f 1242//290 1174//290 1172//290
f 1364//278 1294//278 1365//278
f 1365//278 1294//278 1292//278
f 1384//275 1328//275 1385//275
f 1385//291 1326//291 1386//291
f 1386//291 1326//291 1324//291
f 1386//292 1324//292 1387//292
f 1387//292 1324//292 1322//292
f 1387//293 1322//293 1388//293
f 1388//293 1322//293 1320//293
f 1388//294 1320//294 1389//294
f 1389//294 1320//294 1318//294
f 1389//295 1318//295 1390//295
f 1390//295 1318//295 1316//295
f 1390//296 1316//296 1391//296
f 1391//296 1316//296 1314//296
f 1391//280 1314//280 1392//280
f 1392//280 1314//280 1312//280
f 1392//281 1312//281 1393//281
f 1393//281 1312//281 1310//281
f 1393//282 1310//282 1394//282
f 1394//282 1310//282 1308//282
f 1394//283 1308//283 1395//283
f 1395//283 1308//283 1306//283
f 1395//284 1306//284 1396//284
f 1396//284 1306//284 1304//284
f 1396//285 1304//285 1397//285
f 1397//285 1304//285 1302//285
f 1397//287 1302//287 1398//287
f 1398//287 1302//287 1300//287
f 1398//288 1300//288 1399//288
f 1399//288 1300//288 1298//288
f 1399//289 1298//289 1400//289
f 1400//289 1298//289 1296//289
f 1400//290 1296//290 1364//290
f 1364//290 1296//290 1294//290
f 1485//157 1413//157 1486//157
f 1486//157 1413//157 1415//157
f 1486//155 1415//155 1487//155
f 1487//156 1415//156 1417//156
f 1487//154 1417//154 1488//154
f 1488//297 1417//297 1419//297
f 1488//298 1419//298 1489//298
f 1489//152 1421//152 1490//152
f 1490//151 1423//151 1491//151
f 1491//151 1423//151 1425//151
f 1491//149 1425//149 1492//149
f 1492//150 1425//150 1427//150
f 1492//148 1427//148 1493//148
f 1493//148 1427//148 1429//148
f 1493//147 1429//147 1494//147
f 1494//147 1429//147 1431//147
f 1494//146 1431//146 1495//146
f 1495//146 1431//146 1433//146
f 1495//145 1433//145 1496//145
f 1496//145 1433//145 1435//145
f 1496//144 1435//144 1497//144
f 1497//144 1435//144 1437//144
f 1497//143 1437//143 1498//143
f 1498//143 1437//143 1439//143
f 1498//142 1439//142 1499//142
f 1499//229 1439//229 1441//229
f 1499//141 1441//141 1500//141
f 1500//141 1441//141 1443//141
f 1500//139 1443//139 1501//139
f 1501//139 1443//139 1445//139
f 1501//138 1445//138 1502//138
f 1502//299 1445//299 1447//299
f 1502//136 1447//136 1503//136
f 1503//136 1447//136 1449//136
f 1503//135 1449//135 1504//135
f 1504//228 1449//228 1451//228
f 1504//133 1451//133 1505//133
f 1505//134 1451//134 1453//134
f 1505//178 1453//178 1506//178
f 1506//178 1453//178 1455//178
f 1506//236 1455//236 1507//236
f 1507//176 1455//176 1457//176
f 1507//175 1457//175 1508//175
f 1508//175 1457//175 1459//175
f 1508//173 1459//173 1509//173
f 1509//173 1459//173 1461//173
f 1509//234 1461//234 1510//234
f 1510//172 1461//172 1463//172
f 1510//171 1463//171 1511//171
f 1511//171 1463//171 1465//171
f 1511//170 1465//170 1512//170
f 1512//170 1465//170 1467//170
f 1512//169 1467//169 1513//169
f 1513//169 1467//169 1469//169
f 1513//168 1469//168 1514//168
f 1514//168 1469//168 1471//168
f 1514//167 1471//167 1515//167
f 1515//167 1471//167 1473//167
f 1515//300 1473//300 1516//300
f 1516//166 1473//166 1475//166
f 1516//164 1475//164 1517//164
f 1517//164 1475//164 1477//164
f 1517//163 1477//163 1518//163
f 1518//163 1477//163 1479//163
f 1518//301 1479//301 1519//301
f 1519//162 1479//162 1481//162
f 1519//302 1481//302 1520//302
f 1520//161 1481//161 1483//161
f 1520//160 1483//160 1485//160
f 1485//159 1483//159 1413//159
f 1605//157 1533//157 1606//157
f 1606//157 1533//157 1535//157
f 1606//155 1535//155 1607//155
f 1607//155 1535//155 1537//155
f 1607//154 1537//154 1608//154
f 1608//154 1537//154 1539//154
f 1608//153 1539//153 1609//153
f 1609//152 1541//152 1610//152
f 1610//152 1541//152 1543//152
f 1610//151 1543//151 1611//151
f 1611//151 1543//151 1545//151
f 1611//150 1545//150 1612//150
f 1612//150 1545//150 1547//150
f 1612//148 1547//148 1613//148
f 1613//148 1547//148 1549//148
f 1613//147 1549//147 1614//147
f 1614//146 1551//146 1615//146
f 1615//145 1553//145 1616//145
f 1616//145 1553//145 1555//145
f 1616//144 1555//144 1617//144
f 1617//143 1557//143 1618//143
f 1618//143 1557//143 1559//143
f 1618//229 1559//229 1619//229
f 1619//142 1559//142 1561//142
f 1619//141 1561//141 1620//141
f 1620//141 1561//141 1563//141
f 1620//139 1563//139 1621//139
f 1621//139 1563//139 1565//139
f 1621//138 1565//138 1622//138
f 1622//246 1565//246 1567//246
f 1622//136 1567//136 1623//136
f 1623//136 1567//136 1569//136
f 1623//135 1569//135 1624//135
f 1624//135 1569//135 1571//135
f 1624//134 1571//134 1625//134
f 1625//134 1571//134 1573//134
f 1625//178 1573//178 1626//178
f 1626//178 1573//178 1575//178
f 1626//176 1575//176 1627//176
f 1627//303 1575//303 1577//303
f 1627//175 1577//175 1628//175
f 1628//175 1577//175 1579//175
f 1628//173 1579//173 1629//173
f 1629//173 1579//173 1581//173
f 1629//234 1581//234 1630//234
f 1630//172 1581//172 1583//172
f 1630//171 1583//171 1631//171
f 1631//171 1583//171 1585//171
f 1631//170 1585//170 1632//170
f 1632//170 1585//170 1587//170
f 1632//169 1587//169 1633//169
f 1633//169 1587//169 1589//169
f 1633//168 1589//168 1634//168
f 1634//168 1589//168 1591//168
f 1634//167 1591//167 1635//167
f 1635//166 1593//166 1636//166
f 1636//165 1595//165 1637//165
f 1637//165 1595//165 1597//165
f 1637//163 1597//163 1638//163
f 1638//163 1597//163 1599//163
f 1638//162 1599//162 1639//162
f 1639//162 1599//162 1601//162
f 1639//161 1601//161 1640//161
f 1640//161 1601//161 1603//161
f 1640//159 1603//159 1605//159
f 1605//159 1603//159 1533//159
f 1641//304 1642//304 1643//304
f 1643//305 1642//305 1644//305
f 1643//306 1644//306 1645//306
f 1645//307 1644//307 1646//307
f 1645//308 1646//308 1647//308
f 1647//309 1646//309 1648//309
f 1647//310 1648//310 1649//310
f 1649//311 1648//311 1650//311
f 1649//312 1650//312 1651//312
f 1651//313 1650//313 1652//313
f 1651//314 1652//314 1653//314
f 1653//315 1652//315 1654//315
f 1653//316 1654//316 1655//316
f 1655//317 1654//317 1656//317
f 1655//318 1656//318 1657//318
f 1642//319 1641//319 1660//319
f 1660//320 1641//320 1661//320
f 1660//321 1661//321 1662//321
f 1662//322 1661//322 1663//322
f 1662//323 1663//323 1664//323
f 1664//324 1663//324 1665//324
f 1664//325 1665//325 1666//325
f 1666//326 1665//326 1667//326
f 1666//327 1667//327 1668//327
f 1668//328 1667//328 1669//328
f 1668//329 1669//329 1670//329
f 1670//330 1669//330 1671//330
f 1686//331 1685//331 1687//331
f 1691//332 1689//332 1692//332
f 1691//333 1692//333 1693//333
f 1693//334 1692//334 1694//334
f 1693//335 1694//335 1695//335
f 1695//336 1694//336 1696//336
f 1695//337 1696//337 1697//337
f 1697//338 1696//338 1698//338
f 1697//339 1698//339 1699//339
f 1699//340 1698//340 1700//340
f 1699//341 1700//341 1701//341
f 1701//342 1700//342 1702//342
f 1701//343 1702//343 1703//343
f 1703//344 1702//344 1704//344
f 1703//345 1704//345 1705//345
f 1705//346 1704//346 1706//346
f 1705//347 1706//347 1707//347
f 1707//348 1706//348 1708//348
f 1707//349 1708//349 1709//349
f 1709//350 1708//350 1710//350
f 1709//351 1710//351 1711//351
f 1711//352 1710//352 1712//352
f 1711//353 1712//353 1713//353
f 1713//354 1712//354 1714//354
f 1713//355 1714//355 1715//355
f 1715//356 1714//356 1716//356
f 1715//357 1716//357 1717//357
f 1717//358 1716//358 1718//358
f 1820//359 1821//359 1822//359
f 1660//360 1644//360 1642//360
f 1844//361 1845//361 1846//361
f 1846//361 1845//361 1847//361
f 1847//362 1845//362 1848//362
f 1848//362 1845//362 1849//362
f 1848//363 1849//363 1850//363
f 1850//363 1849//363 1851//363
f 1850//364 1851//364 1852//364
f 1852//364 1851//364 1853//364
f 1852//365 1853//365 1854//365
f 1854//365 1853//365 1855//365
f 1854//366 1855//366 1856//366
f 1856//367 1855//367 1857//367
f 1856//368 1857//368 1858//368
f 1858//368 1857//368 1859//368
f 1858//369 1859//369 1860//369
f 1860//369 1859//369 1861//369
f 1860//370 1861//370 1862//370
f 1862//371 1861//371 1863//371
f 1862//372 1863//372 1864//372
f 1864//373 1863//373 1865//373
f 1864//374 1865//374 1866//374
f 1866//374 1865//374 1867//374
f 1866//375 1867//375 1868//375
f 1868//376 1867//376 1869//376
f 1868//377 1869//377 1870//377
f 1870//377 1869//377 1871//377
f 1870//378 1871//378 1872//378
f 1872//379 1871//379 1873//379
f 1872//380 1873//380 1874//380
f 1874//381 1873//381 1875//381
f 1874//382 1875//382 1876//382
f 1876//382 1875//382 1877//382
f 1876//383 1877//383 1878//383
f 1878//383 1877//383 1879//383
f 1878//384 1879//384 1880//384
f 1880//384 1879//384 1881//384
f 1880//385 1881//385 1882//385
f 1882//386 1881//386 1883//386
f 1882//387 1883//387 1884//387
f 1884//387 1883//387 1885//387
f 1884//388 1885//388 1886//388
f 1886//389 1885//389 1887//389
f 1886//390 1887//390 1888//390
f 1888//391 1887//391 1889//391
f 1888//392 1889//392 1890//392
f 1890//392 1889//392 1891//392
f 1890//393 1891//393 1892//393
f 1892//394 1891//394 1893//394
f 1892//395 1893//395 1894//395
f 1894//396 1893//396 1895//396
f 1894//397 1895//397 1896//397
f 1896//398 1895//398 1897//398
f 1896//399 1897//399 1898//399
f 1898//400 1897//400 1899//400
f 1898//401 1899//401 1900//401
f 1900//401 1899//401 1901//401
f 1900//402 1901//402 1902//402
f 1902//402 1901//402 1903//402
f 1902//403 1903//403 1904//403
f 1904//404 1903//404 1905//404
f 1904//405 1905//405 1906//405
f 1906//405 1905//405 1907//405
f 1906//406 1907//406 1908//406
f 1908//406 1907//406 1909//406
f 1908//407 1909//407 1910//407
f 1910//407 1909//407 1911//407
f 1910//408 1911//408 1912//408
f 1912//408 1911//408 1913//408
f 1912//409 1913//409 1914//409
f 1914//409 1913//409 1915//409
f 1914//410 1915//410 1916//410
f 1916//410 1915//410 1917//410
f 1916//411 1917//411 1918//411
f 1918//411 1917//411 1919//411
f 1918//412 1919//412 1920//412
f 1920//412 1919//412 1921//412
f 1920//413 1921//413 1922//413
f 1922//414 1921//414 1923//414
f 1922//415 1923//415 1924//415
f 1924//415 1923//415 1925//415
f 1924//416 1925//416 1926//416
f 1926//416 1925//416 1927//416
f 1926//417 1927//417 1928//417
f 1928//418 1927//418 1929//418
f 1928//419 1929//419 1930//419
f 1930//420 1929//420 1931//420
f 1930//421 1931//421 1932//421
f 1932//422 1931//422 1933//422
f 1932//423 1933//423 1934//423
f 1934//424 1933//424 1935//424
f 1934//425 1935//425 1936//425
f 1936//425 1935//425 1937//425
f 1936//426 1937//426 1938//426
f 1938//427 1937//427 1939//427
f 1938//428 1939//428 1940//428
f 1940//429 1939//429 1941//429
f 1940//430 1941//430 1942//430
f 1942//430 1941//430 1943//430
f 1942//431 1943//431 1944//431
f 1944//432 1943//432 1945//432
f 1944//433 1945//433 1946//433
f 1946//433 1945//433 1947//433
f 1946//434 1947//434 1948//434
f 1948//434 1947//434 1949//434
f 1948//435 1949//435 1950//435
f 1950//435 1949//435 1951//435
f 1950//436 1951//436 1952//436
f 1952//437 1951//437 1953//437
f 1952//438 1953//438 1954//438
f 1954//439 1953//439 1955//439
f 1954//440 1955//440 1956//440
f 1956//440 1955//440 1957//440
f 1956//441 1957//441 1958//441
f 1958//442 1957//442 1959//442
f 1958//443 1959//443 1960//443
f 1960//443 1959//443 1961//443
f 1960//444 1961//444 1962//444
f 1962//445 1961//445 1963//445
f 1962//446 1963//446 1964//446
f 1964//447 1963//447 1965//447
f 1964//448 1965//448 1966//448
f 1966//448 1965//448 1967//448
f 1966//449 1967//449 1968//449
f 1968//449 1967//449 1969//449
f 1968//450 1969//450 1970//450
f 1970//451 1969//451 1971//451
f 1970//452 1971//452 1972//452
f 1972//452 1971//452 1973//452
f 1972//453 1973//453 1974//453
f 1974//453 1973//453 1975//453
f 1974//454 1975//454 1976//454
f 1976//454 1975//454 1977//454
f 1976//455 1977//455 1978//455
f 1978//455 1977//455 1979//455
f 1979//255 1980//255 1978//255
f 1978//255 1980//255 1981//255
f 1980//277 1844//277 1981//277
f 1981//277 1844//277 1846//277
f 1982//256 1846//256 1983//256
f 1983//256 1846//256 1847//256
f 1983//256 1847//256 1984//256
f 1984//256 1847//256 1848//256
f 1984//256 1848//256 1985//256
f 1985//256 1848//256 1850//256
f 1985//256 1850//256 1986//256
f 1986//256 1850//256 1852//256
f 1986//256 1852//256 1987//256
f 1987//256 1852//256 1854//256
f 1987//256 1854//256 1988//256
f 1988//256 1854//256 1856//256
f 1988//256 1856//256 1989//256
f 1989//256 1856//256 1858//256
f 1989//256 1858//256 1990//256
f 1990//256 1858//256 1860//256
f 1990//256 1860//256 1991//256
f 1991//256 1860//256 1862//256
f 1991//256 1862//256 1992//256
f 1992//256 1862//256 1864//256
f 1992//256 1864//256 1993//256
f 1993//256 1864//256 1994//256
f 1994//256 1864//256 1866//256
f 1994//256 1866//256 1995//256
f 1995//256 1866//256 1868//256
f 1995//256 1868//256 1996//256
f 1996//256 1868//256 1870//256
f 1996//256 1870//256 1997//256
f 1997//256 1870//256 1872//256
f 1997//256 1872//256 1998//256
f 1998//256 1872//256 1874//256
f 1998//256 1874//256 1999//256
f 1999//256 1874//256 1876//256
f 1999//256 1876//256 2000//256
f 2000//256 1876//256 1878//256
f 2000//256 1878//256 2001//256
f 2001//256 1878//256 1880//256
f 2001//256 1880//256 2002//256
f 2002//256 1880//256 1882//256
f 2002//256 1882//256 2003//256
f 2003//256 1882//256 1884//256
f 2003//256 1884//256 2004//256
f 2004//256 1884//256 1886//256
f 2004//256 1886//256 2005//256
f 2005//256 1886//256 1888//256
f 2005//256 1888//256 2006//256
f 2006//256 1888//256 1890//256
f 2006//256 1890//256 2007//256
f 2007//256 1890//256 1892//256
f 2007//256 1892//256 2008//256
f 2008//256 1892//256 1894//256
f 2008//256 1894//256 2009//256
f 2009//256 1894//256 1896//256
f 2009//256 1896//256 2010//256
f 2010//256 1896//256 1898//256
f 2010//256 1898//256 2011//256
f 2011//256 1898//256 1900//256
f 2011//256 1900//256 2012//256
f 2012//256 1900//256 1902//256
f 2012//256 1902//256 2013//256
f 2013//256 1902//256 1904//256
f 2013//256 1904//256 2014//256
f 2014//256 1904//256 1906//256
f 2014//256 1906//256 2015//256
f 2015//256 1906//256 1908//256
f 2015//256 1908//256 2016//256
f 2016//256 1908//256 1910//256
f 2016//256 1910//256 2017//256
f 2017//256 1910//256 1912//256
f 2017//256 1912//256 2018//256
f 2018//256 1912//256 2019//256
f 2019//256 1912//256 1914//256
f 2019//256 1914//256 2020//256
f 2020//256 1914//256 1916//256
f 2020//256 1916//256 2021//256
f 2021//256 1916//256 1918//256
f 2021//256 1918//256 2022//256
f 2022//256 1918//256 1920//256
f 2022//256 1920//256 2023//256
f 2023//256 1920//256 1922//256
f 2023//256 1922//256 2024//256
f 2024//256 1922//256 1924//256
f 2024//256 1924//256 2025//256
f 2025//256 1924//256 1926//256
f 2025//256 1926//256 2026//256
f 2026//256 1926//256 1928//256
f 2026//256 1928//256 2027//256
f 2027//256 1928//256 1930//256
f 2027//256 1930//256 2028//256
f 2028//256 1930//256 1932//256
f 2028//256 1932//256 2029//256
f 2029//256 1932//256 1934//256
f 2029//256 1934//256 2030//256
f 2030//256 1934//256 1936//256
f 2030//256 1936//256 2031//256
f 2031//256 1936//256 1938//256
f 2031//256 1938//256 2032//256
f 2032//256 1938//256 1940//256
f 2032//256 1940//256 2033//256
f 2033//256 1940//256 1942//256
f 2033//256 1942//256 2034//256
f 2034//256 1942//256 1944//256
f 2034//256 1944//256 2035//256
f 2035//256 1944//256 1946//256
f 2035//256 1946//256 2036//256
f 2036//256 1946//256 1948//256
f 2036//256 1948//256 2037//256
f 2037//256 1948//256 1950//256
f 2037//256 1950//256 2038//256
f 2038//256 1950//256 1952//256
f 2038//256 1952//256 2039//256
f 2039//256 1952//256 1954//256
f 2039//256 1954//256 2040//256
f 2040//256 1954//256 1956//256
f 2040//256 1956//256 2041//256
f 2041//256 1956//256 1958//256
f 2041//256 1958//256 2042//256
f 2042//256 1958//256 1960//256
f 2042//256 1960//256 2043//256
f 2043//256 1960//256 2044//256
f 2044//256 1960//256 1962//256
f 2044//256 1962//256 2045//256
f 2045//256 1962//256 1964//256
f 2045//256 1964//256 2046//256
f 2046//256 1964//256 1966//256
f 2046//256 1966//256 2047//256
f 2047//256 1966//256 1968//256
f 2047//256 1968//256 2048//256
f 2048//256 1968//256 1970//256
f 2048//256 1970//256 2049//256
f 2049//256 1970//256 1972//256
f 2049//256 1972//256 2050//256
f 2050//256 1972//256 1974//256
f 2050//256 1974//256 2051//256
f 2051//256 1974//256 1976//256
f 2051//256 1976//256 2052//256
f 2052//256 1976//256 1978//256
f 2052//256 1978//256 2053//256
f 2053//256 1978//256 1981//256
f 2053//256 1981//256 2054//256
f 2054//256 1981//256 1846//256
f 2054//256 1846//256 1982//256
f 2054//277 1982//277 2055//277
f 2055//277 1982//277 2056//277
f 2055//277 2056//277 2057//277
f 2057//277 2056//277 2058//277
f 2057//277 2058//277 2059//277
f 2060//277 2061//277 2059//277
f 2059//277 2061//277 2062//277
f 2059//277 2062//277 2057//277
f 2061//277 2060//277 2063//277
f 2063//277 2060//277 2064//277
f 2063//277 2064//277 2065//277
f 2065//277 2064//277 2066//277
f 2065//277 2066//277 2067//277
f 2067//277 2066//277 2068//277
f 2067//277 2068//277 2069//277
f 2070//277 2071//277 2069//277
f 2069//277 2071//277 2072//277
f 2069//277 2072//277 2067//277
f 1983//361 2073//361 1982//361
f 1982//361 2073//361 2056//361
f 2074//97 2075//97 2076//97
f 2077//277 2078//277 2079//277
f 2077//456 2080//456 2075//456
f 2075//456 2080//456 2081//456
f 2075//456 2081//456 2082//456
f 2079//457 2083//457 2077//457
f 2077//456 2083//456 2084//456
f 2077//456 2084//456 2085//456
f 2085//456 2086//456 2077//456
f 2077//456 2086//456 2087//456
f 2077//456 2087//456 2088//456
f 2088//456 2089//456 2077//456
f 2077//456 2089//456 2090//456
f 2077//456 2090//456 2091//456
f 2091//456 2080//456 2077//456
f 2082//456 2092//456 2075//456
f 2075//456 2092//456 2093//456
f 2075//456 2093//456 2094//456
f 2094//456 2095//456 2075//456
f 2075//456 2095//456 2096//456
f 2075//456 2096//456 2097//456
f 2097//456 2098//456 2075//456
f 2075//458 2098//458 2076//458
f 2099//97 2100//97 2101//97
f 2102//277 2103//277 2104//277
f 2102//456 2105//456 2100//456
f 2100//456 2105//456 2106//456
f 2100//456 2106//456 2107//456
f 2104//457 2108//457 2102//457
f 2102//456 2108//456 2109//456
f 2102//456 2109//456 2110//456
f 2110//456 2111//456 2102//456
f 2102//456 2111//456 2112//456
f 2102//456 2112//456 2113//456
f 2113//456 2114//456 2102//456
f 2102//456 2114//456 2115//456
f 2102//456 2115//456 2116//456
f 2116//456 2105//456 2102//456
f 2107//456 2117//456 2100//456
f 2100//456 2117//456 2118//456
f 2100//456 2118//456 2119//456
f 2119//456 2120//456 2100//456
f 2100//456 2120//456 2121//456
f 2100//456 2121//456 2122//456
f 2122//456 2123//456 2100//456
f 2100//458 2123//458 2101//458
f 2124//277 2125//277 2126//277
f 2127//97 2128//97 2129//97
f 2127//456 2130//456 2125//456
f 2125//456 2130//456 2131//456
f 2125//456 2131//456 2132//456
f 2129//458 2133//458 2127//458
f 2127//456 2133//456 2134//456
f 2127//456 2134//456 2135//456
f 2135//456 2136//456 2127//456
f 2127//456 2136//456 2137//456
f 2127//456 2137//456 2138//456
f 2138//456 2139//456 2127//456
f 2127//456 2139//456 2140//456
f 2127//456 2140//456 2141//456
f 2141//456 2130//456 2127//456
f 2132//456 2142//456 2125//456
f 2125//456 2142//456 2143//456
f 2125//456 2143//456 2144//456
f 2144//456 2145//456 2125//456
f 2125//456 2145//456 2146//456
f 2125//456 2146//456 2147//456
f 2147//456 2148//456 2125//456
f 2125//457 2148//457 2126//457
f 2149//277 2150//277 2151//277
f 2152//97 2153//97 2154//97
f 2152//456 2155//456 2150//456
f 2150//456 2155//456 2156//456
f 2150//456 2156//456 2157//456
f 2154//458 2158//458 2152//458
f 2152//456 2158//456 2159//456
f 2152//456 2159//456 2160//456
f 2160//456 2161//456 2152//456
f 2152//456 2161//456 2162//456
f 2152//456 2162//456 2163//456
f 2163//456 2164//456 2152//456
f 2152//456 2164//456 2165//456
f 2152//456 2165//456 2166//456
f 2166//456 2155//456 2152//456
f 2157//456 2167//456 2150//456
f 2150//456 2167//456 2168//456
f 2150//456 2168//456 2169//456
f 2169//456 2170//456 2150//456
f 2150//456 2170//456 2171//456
f 2150//456 2171//456 2172//456
f 2172//456 2173//456 2150//456
f 2150//457 2173//457 2151//457
f 2174//255 2175//255 2176//255
f 2177//361 2178//361 2179//361
f 2179//456 2180//456 2177//456
f 2177//456 2180//456 2181//456
f 2177//456 2181//456 2182//456
f 2182//456 2183//456 2177//456
f 2177//456 2183//456 2184//456
f 2177//456 2184//456 2185//456
f 2185//456 2186//456 2177//456
f 2177//456 2186//456 2187//456
f 2187//456 2186//456 2188//456
f 2187//456 2188//456 2189//456
f 2187//456 2189//456 2190//456
f 2190//456 2189//456 2191//456
f 2190//456 2191//456 2192//456
f 2190//456 2192//456 2193//456
f 2193//456 2192//456 2194//456
f 2193//456 2194//456 2195//456
f 2193//456 2195//456 2175//456
f 2175//456 2195//456 2196//456
f 2175//456 2196//456 2197//456
f 2197//456 2198//456 2175//456
f 2175//456 2198//456 2199//456
f 2175//456 2199//456 2200//456
f 2200//456 2201//456 2175//456
f 2175//456 2201//456 2176//456
f 2202//456 2203//456 999//456
f 999//456 2203//456 2204//456
f 999//456 2204//456 998//456
f 998//456 2204//456 2205//456
f 998//456 2205//456 1034//456
f 1034//456 2205//456 2206//456
f 1034//456 2206//456 1033//456
f 1033//456 2206//456 2207//456
f 1033//456 2207//456 1032//456
f 1032//456 2207//456 2208//456
f 1032//456 2208//456 1031//456
f 1031//456 2208//456 2209//456
f 1031//456 2209//456 1030//456
f 1030//456 2209//456 2210//456
f 1030//456 2210//456 1029//456
f 1029//456 2210//456 2211//456
f 1029//456 2211//456 1028//456
f 1028//456 2211//456 2212//456
f 1028//456 2212//456 1027//456
f 1027//456 2212//456 2213//456
f 1027//456 2213//456 1026//456
f 1026//456 2213//456 2214//456
f 1026//456 2214//456 1025//456
f 1025//456 2214//456 2215//456
f 1025//456 2215//456 1024//456
f 1024//456 2215//456 2216//456
f 1024//456 2216//456 2217//456
f 1024//456 2217//456 1023//456
f 1023//456 2217//456 2218//456
f 1023//456 2218//456 1022//456
f 1022//456 2218//456 2219//456
f 1022//456 2219//456 1021//456
f 1021//456 2219//456 2220//456
f 1021//456 2220//456 1020//456
f 1020//456 2220//456 2221//456
f 1020//456 2221//456 1019//456
f 1019//456 2221//456 2222//456
f 1019//456 2222//456 1018//456
f 1018//456 2222//456 2223//456
f 1018//456 2223//456 1017//456
f 1017//456 2223//456 2224//456
f 1017//456 2224//456 1016//456
f 1016//456 2224//456 2225//456
f 1016//456 2225//456 1015//456
f 1015//456 2225//456 2226//456
f 1015//456 2226//456 1014//456
f 1014//456 2226//456 2227//456
f 1014//456 2227//456 1013//456
f 1013//456 2227//456 2228//456
f 1013//456 2228//456 1012//456
f 1012//456 2228//456 2229//456
f 1012//456 2229//456 1011//456
f 1011//456 2229//456 2230//456
f 1011//456 2230//456 2231//456
f 1011//456 2231//456 1010//456
f 1010//456 2231//456 2232//456
f 1010//456 2232//456 1009//456
f 1009//456 2232//456 2233//456
f 1009//456 2233//456 1008//456
f 1008//456 2233//456 2234//456
f 1008//456 2234//456 1007//456
f 1007//456 2234//456 2235//456
f 1007//456 2235//456 1006//456
f 1006//456 2235//456 2236//456
f 1006//456 2236//456 1005//456
f 1005//456 2236//456 2237//456
f 1005//456 2237//456 1004//456
f 1004//456 2237//456 2238//456
f 1004//456 2238//456 1003//456
f 1003//456 2238//456 2239//456
f 1003//456 2239//456 1002//456
f 1002//456 2239//456 2240//456
f 1002//456 2240//456 1001//456
f 1001//456 2240//456 2241//456
f 1001//456 2241//456 1000//456
f 1000//456 2241//456 2202//456
f 1000//456 2202//456 999//456
f 2242//456 2243//456 877//456
f 877//456 2243//456 2244//456
f 877//456 2244//456 876//456
f 876//456 2244//456 2245//456
f 876//456 2245//456 912//456
f 912//456 2245//456 2246//456
f 912//456 2246//456 911//456
f 911//456 2246//456 2247//456
f 911//456 2247//456 910//456
f 910//456 2247//456 2248//456
f 910//456 2248//456 909//456
f 909//456 2248//456 2249//456
f 909//456 2249//456 908//456
f 908//456 2249//456 2250//456
f 908//456 2250//456 907//456
f 907//456 2250//456 2251//456
f 907//456 2251//456 906//456
f 906//456 2251//456 2252//456
f 906//456 2252//456 905//456
f 905//456 2252//456 2253//456
f 905//456 2253//456 904//456
f 904//456 2253//456 2254//456
f 904//456 2254//456 903//456
f 903//456 2254//456 2255//456
f 903//456 2255//456 902//456
f 902//456 2255//456 2256//456
f 902//456 2256//456 2257//456
f 902//456 2257//456 901//456
f 901//456 2257//456 2258//456
f 901//456 2258//456 900//456
f 900//456 2258//456 2259//456
f 900//456 2259//456 899//456
f 899//456 2259//456 2260//456
f 899//456 2260//456 898//456
f 898//456 2260//456 2261//456
f 898//456 2261//456 897//456
f 897//456 2261//456 2262//456
f 897//456 2262//456 896//456
f 896//456 2262//456 2263//456
f 896//456 2263//456 895//456
f 895//456 2263//456 2264//456
f 895//456 2264//456 894//456
f 894//456 2264//456 2265//456
f 894//456 2265//456 893//456
f 893//456 2265//456 2266//456
f 893//456 2266//456 892//456
f 892//456 2266//456 2267//456
f 892//456 2267//456 891//456
f 891//456 2267//456 2268//456
f 891//456 2268//456 890//456
f 890//456 2268//456 2269//456
f 890//456 2269//456 889//456
f 889//456 2269//456 2270//456
f 889//456 2270//456 2271//456
f 889//456 2271//456 888//456
f 888//456 2271//456 2272//456
f 888//456 2272//456 887//456
f 887//456 2272//456 2273//456
f 887//456 2273//456 886//456
f 886//456 2273//456 2274//456
f 886//456 2274//456 885//456
f 885//456 2274//456 2275//456
f 885//456 2275//456 884//456
f 884//456 2275//456 2276//456
f 884//456 2276//456 883//456
f 883//456 2276//456 2277//456
f 883//456 2277//456 882//456
f 882//456 2277//456 2278//456
f 882//456 2278//456 881//456
f 881//456 2278//456 2279//456
f 881//456 2279//456 880//456
f 880//456 2279//456 2280//456
f 880//456 2280//456 879//456
f 879//456 2281//456 878//456
f 878//456 2281//456 2242//456
f 878//456 2242//456 877//456
f 2282//456 2283//456 1365//456
f 1365//456 2283//456 2284//456
f 1365//456 2284//456 1364//456
f 1364//456 2284//456 2285//456
f 1364//456 2285//456 1400//456
f 1400//456 2285//456 2286//456
f 1400//456 2286//456 1399//456
f 1399//456 2286//456 2287//456
f 1399//456 2287//456 1398//456
f 1398//456 2287//456 2288//456
f 1398//456 2288//456 1397//456
f 1397//456 2288//456 2289//456
f 1397//456 2289//456 1396//456
f 1396//456 2289//456 2290//456
f 1396//456 2290//456 1395//456
f 1395//456 2290//456 2291//456
f 1395//456 2291//456 1394//456
f 1394//456 2291//456 2292//456
f 1394//456 2292//456 1393//456
f 1393//456 2292//456 2293//456
f 1393//456 2293//456 1392//456
f 1392//456 2293//456 2294//456
f 1392//456 2294//456 1391//456
f 1391//456 2294//456 2295//456
f 1391//456 2295//456 1390//456
f 1390//456 2295//456 2296//456
f 1390//456 2296//456 2297//456
f 1390//456 2297//456 1389//456
f 1389//456 2297//456 2298//456
f 1389//456 2298//456 1388//456
f 1388//456 2298//456 2299//456
f 1387//456 2299//456 2300//456
f 1387//456 2300//456 1386//456
f 1386//456 2300//456 2301//456
f 1386//456 2301//456 1385//456
f 1385//456 2301//456 2302//456
f 1385//456 2302//456 1384//456
f 1384//456 2302//456 2303//456
f 1384//456 2303//456 1383//456
f 1383//456 2303//456 2304//456
f 1383//456 2304//456 1382//456
f 1382//456 2304//456 2305//456
f 1382//456 2305//456 1381//456
f 1381//456 2305//456 2306//456
f 1381//456 2306//456 1380//456
f 1380//456 2306//456 2307//456
f 1380//456 2307//456 1379//456
f 1379//456 2307//456 2308//456
f 1379//456 2308//456 1378//456
f 1378//456 2308//456 2309//456
f 1378//456 2309//456 1377//456
f 1377//456 2309//456 2310//456
f 1377//456 2310//456 2311//456
f 1377//456 2311//456 1376//456
f 1376//456 2311//456 2312//456
f 1376//456 2312//456 1375//456
f 1375//456 2312//456 2313//456
f 1375//456 2313//456 1374//456
f 1374//456 2313//456 2314//456
f 1374//456 2314//456 1373//456
f 1373//456 2314//456 2315//456
f 1373//456 2315//456 1372//456
f 1372//456 2315//456 2316//456
f 1372//456 2316//456 1371//456
f 1371//456 2316//456 2317//456
f 1371//456 2317//456 1370//456
f 1370//456 2317//456 2318//456
f 1370//456 2318//456 1369//456
f 1369//456 2318//456 2319//456
f 1369//456 2319//456 1368//456
f 1368//456 2319//456 2320//456
f 1368//456 2320//456 1367//456
f 1367//456 2320//456 2321//456
f 1367//456 2321//456 1366//456
f 1366//456 2321//456 2282//456
f 2153//459 2322//459 2154//459
f 2154//460 2322//460 2283//460
f 2154//461 2283//461 2158//461
f 2158//461 2283//461 2282//461
f 2158//462 2282//462 2159//462
f 2159//462 2282//462 2321//462
f 2159//463 2321//463 2160//463
f 2160//463 2321//463 2320//463
f 2160//464 2320//464 2161//464
f 2161//465 2320//465 2319//465
f 2161//466 2319//466 2162//466
f 2162//466 2319//466 2318//466
f 2162//467 2318//467 2163//467
f 2163//468 2318//468 2317//468
f 2163//469 2317//469 2164//469
f 2164//469 2317//469 2316//469
f 2164//470 2316//470 2165//470
f 2165//470 2316//470 2315//470
f 2165//471 2315//471 2166//471
f 2166//471 2315//471 2314//471
f 2166//472 2314//472 2155//472
f 2155//472 2314//472 2313//472
f 2155//473 2313//473 2156//473
f 2156//473 2313//473 2312//473
f 2156//474 2312//474 2157//474
f 2157//474 2312//474 2311//474
f 2157//475 2311//475 2167//475
f 2167//475 2311//475 2310//475
f 2167//476 2310//476 2168//476
f 2168//476 2310//476 2309//476
f 2168//477 2309//477 2169//477
f 2169//477 2309//477 2308//477
f 2169//478 2308//478 2170//478
f 2170//478 2308//478 2307//478
f 2170//479 2307//479 2171//479
f 2171//479 2307//479 2306//479
f 2171//480 2306//480 2172//480
f 2172//480 2306//480 2305//480
f 2172//481 2305//481 2173//481
f 2173//482 2305//482 2304//482
f 2173//483 2304//483 2151//483
f 2151//484 2304//484 2303//484
f 2151//485 2303//485 2323//485
f 2323//486 2303//486 2302//486
f 2323//487 2302//487 2324//487
f 2324//488 2302//488 2301//488
f 2324//489 2301//489 2325//489
f 2325//490 2301//490 2326//490
f 2326//491 2301//491 2300//491
f 2326//492 2300//492 2327//492
f 2327//493 2300//493 2328//493
f 2328//494 2300//494 2299//494
f 2328//495 2299//495 2329//495
f 2329//496 2299//496 2298//496
f 2329//497 2298//497 2330//497
f 2330//498 2298//498 2331//498
f 2331//499 2298//499 2297//499
f 2331//500 2297//500 2332//500
f 2332//501 2297//501 2296//501
f 2332//502 2296//502 2333//502
f 2333//503 2296//503 2334//503
f 2334//504 2296//504 2295//504
f 2334//505 2295//505 2335//505
f 2335//506 2295//506 2336//506
f 2336//507 2295//507 2294//507
f 2336//508 2294//508 2337//508
f 2337//509 2294//509 2293//509
f 2337//510 2293//510 2338//510
f 2338//511 2293//511 2339//511
f 2339//512 2293//512 2292//512
f 2339//513 2292//513 2340//513
f 2340//514 2292//514 2291//514
f 2340//515 2291//515 2341//515
f 2341//516 2291//516 2342//516
f 2342//517 2291//517 2290//517
f 2342//518 2290//518 2343//518
f 2343//519 2290//519 2344//519
f 2344//520 2290//520 2289//520
f 2344//521 2289//521 2345//521
f 2345//522 2289//522 2288//522
f 2345//523 2288//523 2346//523
f 2346//524 2288//524 2347//524
f 2347//525 2288//525 2287//525
f 2347//526 2287//526 2348//526
f 2348//527 2287//527 2286//527
f 2348//528 2286//528 2349//528
f 2349//529 2286//529 2350//529
f 2350//530 2286//530 2285//530
f 2350//531 2285//531 2351//531
f 2351//532 2285//532 2352//532
f 2352//533 2285//533 2284//533
f 2352//534 2284//534 2322//534
f 2322//535 2284//535 2283//535
f 2323//485 2149//485 2151//485
f 2353//456 2354//456 1243//456
f 1243//456 2354//456 2355//456
f 1243//456 2355//456 1242//456
f 1242//456 2355//456 2356//456
f 1242//456 2356//456 1278//456
f 1278//456 2356//456 2357//456
f 1278//456 2357//456 1277//456
f 1277//456 2357//456 2358//456
f 1277//456 2358//456 1276//456
f 1276//456 2358//456 2359//456
f 1276//456 2359//456 1275//456
f 1275//456 2359//456 2360//456
f 1275//456 2360//456 1274//456
f 1274//456 2360//456 2361//456
f 1274//456 2361//456 1273//456
f 1273//456 2361//456 2362//456
f 1273//456 2362//456 1272//456
f 1272//456 2362//456 2363//456
f 1272//456 2363//456 1271//456
f 1271//456 2363//456 2364//456
f 1271//456 2364//456 1270//456
f 1270//456 2364//456 2365//456
f 1270//456 2365//456 1269//456
f 1269//456 2365//456 2366//456
f 1269//456 2366//456 1268//456
f 1268//456 2366//456 2367//456
f 1268//456 2367//456 2368//456
f 1268//456 2368//456 1267//456
f 1267//456 2368//456 2369//456
f 1267//456 2369//456 1266//456
f 1266//456 2369//456 2370//456
f 1266//456 2370//456 1265//456
f 1265//456 2370//456 2371//456
f 1265//456 2371//456 1264//456
f 1264//456 2371//456 2372//456
f 1264//456 2372//456 1263//456
f 1263//456 2372//456 2373//456
f 1262//456 2373//456 2374//456
f 1261//456 2374//456 2375//456
f 1261//456 2375//456 1260//456
f 1260//456 2375//456 2376//456
f 1260//456 2376//456 1259//456
f 1259//456 2376//456 2377//456
f 1259//456 2377//456 1258//456
f 1258//456 2377//456 2378//456
f 1258//456 2378//456 1257//456
f 1257//456 2378//456 2379//456
f 1257//456 2379//456 1256//456
f 1256//456 2379//456 2380//456
f 1256//456 2380//456 1255//456
f 1255//456 2380//456 2381//456
f 1255//456 2381//456 2382//456
f 1255//456 2382//456 1254//456
f 1254//456 2382//456 2383//456
f 1254//456 2383//456 1253//456
f 1253//456 2383//456 2384//456
f 1253//456 2384//456 1252//456
f 1252//456 2384//456 2385//456
f 1252//456 2385//456 1251//456
f 1251//456 2385//456 2386//456
f 1251//456 2386//456 1250//456
f 1250//456 2386//456 2387//456
f 1250//456 2387//456 1249//456
f 1249//456 2387//456 2388//456
f 1249//456 2388//456 1248//456
f 1248//456 2388//456 2389//456
f 1248//456 2389//456 1247//456
f 1247//456 2389//456 2390//456
f 1247//456 2390//456 1246//456
f 1246//456 2390//456 2391//456
f 1246//456 2391//456 1245//456
f 1245//456 2391//456 2392//456
f 1245//456 2392//456 1244//456
f 1244//456 2392//456 2353//456
f 1244//456 2353//456 1243//456
f 2128//459 2393//459 2129//459
f 2129//459 2393//459 2354//459
f 2129//461 2354//461 2133//461
f 2133//461 2354//461 2353//461
f 2133//462 2353//462 2134//462
f 2134//462 2353//462 2392//462
f 2134//463 2392//463 2135//463
f 2135//463 2392//463 2391//463
f 2135//465 2391//465 2136//465
f 2136//465 2391//465 2390//465
f 2136//536 2390//536 2137//536
f 2137//536 2390//536 2389//536
f 2137//467 2389//467 2138//467
f 2138//467 2389//467 2388//467
f 2138//469 2388//469 2139//469
f 2139//469 2388//469 2387//469
f 2139//470 2387//470 2140//470
f 2140//470 2387//470 2386//470
f 2140//471 2386//471 2141//471
f 2141//471 2386//471 2385//471
f 2141//472 2385//472 2130//472
f 2130//472 2385//472 2384//472
f 2130//473 2384//473 2131//473
f 2131//473 2384//473 2383//473
f 2131//474 2383//474 2132//474
f 2132//474 2383//474 2382//474
f 2132//475 2382//475 2142//475
f 2142//475 2382//475 2381//475
f 2142//476 2381//476 2143//476
f 2143//476 2381//476 2380//476
f 2143//477 2380//477 2144//477
f 2144//477 2380//477 2379//477
f 2144//537 2379//537 2145//537
f 2145//537 2379//537 2378//537
f 2145//479 2378//479 2146//479
f 2146//479 2378//479 2377//479
f 2146//480 2377//480 2147//480
f 2147//480 2377//480 2376//480
f 2147//481 2376//481 2148//481
f 2148//481 2376//481 2375//481
f 2148//484 2375//484 2126//484
f 2126//484 2375//484 2374//484
f 2126//485 2374//485 2394//485
f 2394//538 2374//538 2373//538
f 2394//487 2373//487 2395//487
f 2395//488 2373//488 2372//488
f 2395//489 2372//489 2396//489
f 2396//490 2372//490 2397//490
f 2397//491 2372//491 2371//491
f 2397//492 2371//492 2398//492
f 2398//493 2371//493 2399//493
f 2399//494 2371//494 2370//494
f 2399//495 2370//495 2400//495
f 2400//496 2370//496 2369//496
f 2400//497 2369//497 2401//497
f 2401//498 2369//498 2402//498
f 2402//499 2369//499 2368//499
f 2402//500 2368//500 2403//500
f 2403//501 2368//501 2367//501
f 2403//502 2367//502 2404//502
f 2404//503 2367//503 2405//503
f 2405//504 2367//504 2366//504
f 2405//505 2366//505 2406//505
f 2406//506 2366//506 2407//506
f 2407//507 2366//507 2365//507
f 2407//508 2365//508 2408//508
f 2408//509 2365//509 2364//509
f 2408//510 2364//510 2409//510
f 2409//511 2364//511 2410//511
f 2410//512 2364//512 2363//512
f 2410//513 2363//513 2411//513
f 2411//514 2363//514 2362//514
f 2411//539 2362//539 2412//539
f 2412//516 2362//516 2413//516
f 2413//517 2362//517 2361//517
f 2413//518 2361//518 2414//518
f 2414//540 2361//540 2415//540
f 2415//541 2361//541 2360//541
f 2415//521 2360//521 2416//521
f 2416//542 2360//542 2359//542
f 2416//543 2359//543 2417//543
f 2417//524 2359//524 2418//524
f 2418//544 2359//544 2358//544
f 2418//526 2358//526 2419//526
f 2419//545 2358//545 2357//545
f 2419//528 2357//528 2420//528
f 2420//529 2357//529 2421//529
f 2421//530 2357//530 2356//530
f 2421//531 2356//531 2422//531
f 2422//532 2356//532 2423//532
f 2423//533 2356//533 2355//533
f 2423//534 2355//534 2393//534
f 2393//535 2355//535 2354//535
f 2394//485 2124//485 2126//485
f 2424//456 2425//456 1121//456
f 1121//456 2425//456 2426//456
f 1121//456 2426//456 1120//456
f 1120//456 2426//456 2427//456
f 1120//456 2427//456 1156//456
f 1156//456 2427//456 2428//456
f 1156//456 2428//456 1155//456
f 1155//456 2429//456 1154//456
f 1154//456 2429//456 2430//456
f 1154//456 2430//456 1153//456
f 1153//456 2430//456 2431//456
f 1153//456 2431//456 1152//456
f 1152//456 2431//456 2432//456
f 1152//456 2432//456 1151//456
f 1151//456 2432//456 2433//456
f 1151//456 2433//456 1150//456
f 1150//456 2433//456 2434//456
f 1150//456 2434//456 1149//456
f 1149//456 2434//456 2435//456
f 1149//456 2435//456 1148//456
f 1148//456 2435//456 2436//456
f 1148//456 2436//456 1147//456
f 1147//456 2436//456 2437//456
f 1147//456 2437//456 1146//456
f 1146//456 2437//456 2438//456
f 1146//456 2438//456 2439//456
f 1146//456 2439//456 1145//456
f 1145//456 2439//456 2440//456
f 1145//456 2440//456 1144//456
f 1144//456 2440//456 2441//456
f 1144//456 2441//456 1143//456
f 1143//456 2441//456 2442//456
f 1143//456 2442//456 1142//456
f 1142//456 2442//456 2443//456
f 1142//456 2443//456 1141//456
f 1141//456 2443//456 2444//456
f 1141//456 2444//456 1140//456
f 1140//456 2444//456 2445//456
f 1140//456 2445//456 1139//456
f 1139//456 2445//456 2446//456
f 1139//456 2446//456 1138//456
f 1138//456 2446//456 2447//456
f 1138//456 2447//456 1137//456
f 1137//456 2447//456 2448//456
f 1137//456 2448//456 1136//456
f 1136//456 2448//456 2449//456
f 1136//456 2449//456 1135//456
f 1135//456 2449//456 2450//456
f 1135//456 2450//456 1134//456
f 1134//456 2450//456 2451//456
f 1134//456 2451//456 1133//456
f 1133//456 2451//456 2452//456
f 1133//456 2452//456 2453//456
f 1133//456 2453//456 1132//456
f 1132//456 2453//456 2454//456
f 1132//456 2454//456 1131//456
f 1131//456 2454//456 2455//456
f 1131//456 2455//456 1130//456
f 1130//456 2455//456 2456//456
f 1130//456 2456//456 1129//456
f 1129//456 2456//456 2457//456
f 1129//456 2457//456 1128//456
f 1128//456 2457//456 2458//456
f 1128//456 2458//456 1127//456
f 1127//456 2458//456 2459//456
f 1127//456 2459//456 1126//456
f 1126//456 2459//456 2460//456
f 1126//456 2460//456 1125//456
f 1125//456 2460//456 2461//456
f 1125//456 2461//456 1124//456
f 1124//456 2461//456 2462//456
f 1124//456 2462//456 1123//456
f 1123//456 2462//456 2463//456
f 1123//456 2463//456 1122//456
f 1122//456 2463//456 2424//456
f 1122//456 2424//456 1121//456
f 2066//546 2464//546 2068//546
f 2068//547 2464//547 2465//547
f 2068//546 2465//546 2466//546
f 2466//548 2465//548 2467//548
f 2466//549 2467//549 2468//549
f 2468//550 2467//550 2469//550
f 2468//550 2469//550 2470//550
f 2470//551 2469//551 2471//551
f 2470//551 2471//551 2472//551
f 2472//552 2471//552 2473//552
f 2472//552 2473//552 2474//552
f 2474//552 2473//552 2475//552
f 2474//551 2475//551 2476//551
f 2476//551 2475//551 2477//551
f 2476//550 2477//550 2478//550
f 2478//550 2477//550 2479//550
f 2478//549 2479//549 2480//549
f 2480//548 2479//548 2481//548
f 2480//546 2481//546 2482//546
f 2464//548 2066//548 2483//548
f 2483//549 2066//549 2064//549
f 2483//550 2064//550 2484//550
f 2484//550 2064//550 2060//550
f 2484//551 2060//551 2485//551
f 2485//551 2060//551 2059//551
f 2485//552 2059//552 2058//552
f 2473//553 2486//553 2058//553
f 2058//552 2486//552 2487//552
f 2058//553 2487//553 2488//553
f 2488//551 2487//551 2489//551
f 2488//551 2489//551 2484//551
f 2484//550 2489//550 2483//550
f 2068//546 2490//546 2482//546
f 2482//546 2490//546 2491//546
f 2482//546 2491//546 2492//546
f 2492//548 2491//548 2493//548
f 2492//549 2493//549 2478//549
f 2478//550 2493//550 2476//550
f 2490//547 2068//547 2466//547
f 2465//548 2464//548 2494//548
f 2494//549 2464//549 2483//549
f 2494//550 2483//550 2489//550
f 2466//548 2468//548 2490//548
f 2490//549 2468//549 2495//549
f 2490//548 2495//548 2491//548
f 2491//549 2495//549 2493//549
f 2480//546 2482//546 2492//546
f 2478//548 2480//548 2492//548
f 2465//549 2494//549 2467//549
f 2467//550 2494//550 2496//550
f 2467//550 2496//550 2469//550
f 2469//551 2496//551 2486//551
f 2469//551 2486//551 2471//551
f 2471//552 2486//552 2473//552
f 2496//550 2494//550 2489//550
f 2468//550 2470//550 2495//550
f 2495//550 2470//550 2497//550
f 2495//550 2497//550 2493//550
f 2493//550 2497//550 2476//550
f 2488//551 2484//551 2485//551
f 2486//551 2496//551 2487//551
f 2487//551 2496//551 2489//551
f 2474//551 2476//551 2497//551
f 2474//551 2497//551 2472//551
f 2472//551 2497//551 2470//551
f 2058//552 2488//552 2485//552
f 2498//554 2499//554 2500//554
f 2500//555 2499//555 2501//555
f 2500//556 2501//556 2502//556
f 2500//556 2502//556 2503//556
f 2503//557 2502//557 2504//557
f 2503//557 2504//557 2505//557
f 2505//558 2504//558 2506//558
f 2505//558 2506//558 2507//558
f 2507//559 2506//559 2508//559
f 2507//560 2508//560 2509//560
f 2507//561 2509//561 2510//561
f 2510//562 2509//562 2511//562
f 2510//563 2511//563 2512//563
f 2512//564 2511//564 2513//564
f 2512//565 2513//565 2514//565
f 2514//566 2513//566 2515//566
f 2514//567 2515//567 2516//567
f 2516//568 2515//568 2517//568
f 2516//569 2517//569 2518//569
f 2518//570 2517//570 2519//570
f 2518//571 2519//571 2520//571
f 2520//572 2519//572 2521//572
f 2520//573 2521//573 2522//573
f 2522//574 2521//574 2523//574
f 2522//575 2523//575 2524//575
f 2524//576 2523//576 2525//576
f 2524//577 2525//577 2526//577
f 2526//578 2525//578 2527//578
f 2526//579 2527//579 2528//579
f 2528//580 2527//580 2529//580
f 2528//581 2529//581 2530//581
f 2530//582 2529//582 2531//582
f 2530//583 2531//583 2532//583
f 2532//584 2531//584 2533//584
f 2532//585 2533//585 2534//585
f 2534//586 2533//586 2535//586
f 2534//587 2535//587 2536//587
f 2536//588 2535//588 2537//588
f 2536//589 2537//589 2538//589
f 2538//590 2537//590 2539//590
f 2538//591 2539//591 2540//591
f 2540//592 2539//592 2541//592
f 2541//593 2539//593 2542//593
f 2541//594 2542//594 2543//594
f 2543//595 2542//595 2544//595
f 2543//596 2544//596 2545//596
f 2545//597 2544//597 2546//597
f 2545//598 2546//598 2547//598
f 2547//599 2546//599 2548//599
f 2547//600 2548//600 2549//600
f 2549//601 2548//601 2550//601
f 2549//602 2550//602 2551//602
f 2551//603 2550//603 2552//603
f 2551//604 2552//604 2553//604
f 2553//605 2552//605 2554//605
f 2553//606 2554//606 2555//606
f 2555//607 2554//607 2556//607
f 2555//608 2556//608 2557//608
f 2557//609 2556//609 2558//609
f 2557//610 2558//610 2559//610
f 2559//611 2558//611 2560//611
f 2559//612 2560//612 2561//612
f 2561//613 2560//613 2562//613
f 2561//614 2562//614 2563//614
f 2563//615 2562//615 2564//615
f 2563//616 2564//616 2565//616
f 2565//617 2564//617 2566//617
f 2565//618 2566//618 2567//618
f 2567//619 2566//619 2568//619
f 2567//620 2568//620 2569//620
f 2569//621 2568//621 2570//621
f 2569//621 2570//621 2571//621
f 2571//622 2570//622 2572//622
f 2571//622 2572//622 2573//622
f 2573//623 2572//623 2574//623
f 2573//623 2574//623 2575//623
f 2575//624 2574//624 2576//624
f 2575//625 2576//625 2577//625
f 2531//626 2578//626 2533//626
f 2533//627 2578//627 2579//627
f 2533//586 2579//586 2535//586
f 2535//628 2579//628 2580//628
f 2535//588 2580//588 2537//588
f 2537//629 2580//629 2581//629
f 2537//590 2581//590 2539//590
f 2539//630 2581//630 2542//630
f 2578//631 2582//631 2579//631
f 2579//632 2582//632 2583//632
f 2579//628 2583//628 2580//628
f 2580//633 2583//633 2584//633
f 2580//629 2584//629 2581//629
f 2581//634 2584//634 2585//634
f 2581//630 2585//630 2542//630
f 2542//635 2585//635 2544//635
f 2582//636 2586//636 2583//636
f 2583//637 2586//637 2587//637
f 2583//633 2587//633 2584//633
f 2584//638 2587//638 2588//638
f 2584//634 2588//634 2585//634
f 2585//639 2588//639 2589//639
f 2585//635 2589//635 2544//635
f 2544//640 2589//640 2546//640
f 2586//641 2590//641 2587//641
f 2587//642 2590//642 2591//642
f 2587//638 2591//638 2588//638
f 2588//643 2591//643 2592//643
f 2588//639 2592//639 2589//639
f 2589//644 2592//644 2593//644
f 2589//645 2593//645 2546//645
f 2546//646 2593//646 2548//646
f 2590//647 2594//647 2591//647
f 2591//648 2594//648 2595//648
f 2591//643 2595//643 2592//643
f 2592//649 2595//649 2596//649
f 2592//644 2596//644 2593//644
f 2593//650 2596//650 2597//650
f 2593//646 2597//646 2548//646
f 2548//651 2597//651 2550//651
f 2594//652 2598//652 2595//652
f 2595//653 2598//653 2599//653
f 2595//649 2599//649 2596//649
f 2596//654 2599//654 2600//654
f 2596//650 2600//650 2597//650
f 2597//655 2600//655 2601//655
f 2597//651 2601//651 2550//651
f 2550//656 2601//656 2552//656
f 2598//657 2602//657 2599//657
f 2599//658 2602//658 2603//658
f 2599//654 2603//654 2600//654
f 2600//659 2603//659 2604//659
f 2600//655 2604//655 2601//655
f 2601//660 2604//660 2605//660
f 2601//656 2605//656 2552//656
f 2552//661 2605//661 2554//661
f 2602//662 2606//662 2603//662
f 2603//663 2606//663 2607//663
f 2603//659 2607//659 2604//659
f 2604//664 2607//664 2608//664
f 2604//660 2608//660 2605//660
f 2605//665 2608//665 2609//665
f 2605//661 2609//661 2554//661
f 2554//666 2609//666 2556//666
f 2606//667 2610//667 2607//667
f 2607//668 2610//668 2611//668
f 2607//664 2611//664 2608//664
f 2608//669 2611//669 2612//669
f 2608//665 2612//665 2609//665
f 2609//670 2612//670 2613//670
f 2609//666 2613//666 2556//666
f 2556//671 2613//671 2558//671
f 2610//672 2614//672 2611//672
f 2611//673 2614//673 2615//673
f 2611//669 2615//669 2612//669
f 2612//674 2615//674 2616//674
f 2612//670 2616//670 2613//670
f 2613//675 2616//675 2617//675
f 2613//671 2617//671 2558//671
f 2558//676 2617//676 2560//676
f 2614//677 2618//677 2615//677
f 2615//678 2618//678 2619//678
f 2615//674 2619//674 2616//674
f 2616//679 2619//679 2620//679
f 2616//675 2620//675 2617//675
f 2617//680 2620//680 2621//680
f 2617//676 2621//676 2560//676
f 2560//681 2621//681 2562//681
f 2619//682 2618//682 2622//682
f 2622//683 2618//683 2623//683
f 2622//684 2623//684 2624//684
f 2624//685 2623//685 2625//685
f 2624//686 2625//686 2626//686
f 2626//687 2625//687 2627//687
f 2626//688 2627//688 2628//688
f 2628//689 2627//689 2629//689
f 2628//690 2629//690 2630//690
f 2630//691 2629//691 2631//691
f 2630//692 2631//692 2574//692
f 2574//693 2631//693 2576//693
f 2575//694 2577//694 2632//694
f 2632//695 2577//695 2633//695
f 2632//696 2633//696 2634//696
f 2634//697 2633//697 2635//697
f 2634//698 2635//698 2636//698
f 2636//699 2635//699 2637//699
f 2636//700 2637//700 2638//700
f 2638//701 2637//701 2639//701
f 2638//702 2639//702 2640//702
f 2640//703 2639//703 2641//703
f 2640//704 2641//704 2642//704
f 2642//705 2641//705 2643//705
f 2642//706 2643//706 2644//706
f 2644//707 2643//707 2645//707
f 2644//708 2645//708 2646//708
f 2646//709 2645//709 2647//709
f 2646//710 2647//710 2648//710
f 2648//711 2647//711 2649//711
f 2648//712 2649//712 2650//712
f 2650//713 2649//713 2651//713
f 2651//714 2649//714 2652//714
f 2651//715 2652//715 2653//715
f 2653//716 2652//716 2654//716
f 2653//717 2654//717 2655//717
f 2655//718 2654//718 2656//718
f 2655//719 2656//719 2657//719
f 2657//720 2656//720 2658//720
f 2657//721 2658//721 2659//721
f 2659//722 2658//722 2660//722
f 2659//723 2660//723 2661//723
f 2661//724 2660//724 2662//724
f 2661//724 2662//724 2663//724
f 2663//725 2662//725 2664//725
f 2663//725 2664//725 2665//725
f 2665//726 2664//726 2666//726
f 2665//726 2666//726 2667//726
f 2667//727 2666//727 2668//727
f 2667//728 2668//728 2669//728
f 2641//729 2670//729 2643//729
f 2643//730 2670//730 2671//730
f 2643//707 2671//707 2645//707
f 2645//731 2671//731 2672//731
f 2645//709 2672//709 2647//709
f 2647//732 2672//732 2673//732
f 2647//711 2673//711 2649//711
f 2649//733 2673//733 2652//733
f 2670//734 2674//734 2671//734
f 2671//735 2674//735 2675//735
f 2671//731 2675//731 2672//731
f 2672//736 2675//736 2676//736
f 2672//732 2676//732 2673//732
f 2673//737 2676//737 2677//737
f 2673//733 2677//733 2652//733
f 2652//738 2677//738 2654//738
f 2674//739 2678//739 2675//739
f 2675//740 2678//740 2679//740
f 2675//736 2679//736 2676//736
f 2676//741 2679//741 2680//741
f 2676//737 2680//737 2677//737
f 2677//742 2680//742 2681//742
f 2677//743 2681//743 2654//743
f 2654//744 2681//744 2656//744
f 2678//745 2682//745 2679//745
f 2679//746 2682//746 2683//746
f 2679//741 2683//741 2680//741
f 2680//747 2683//747 2684//747
f 2680//742 2684//742 2681//742
f 2681//748 2684//748 2685//748
f 2681//744 2685//744 2656//744
f 2656//749 2685//749 2658//749
f 2682//750 2686//750 2683//750
f 2683//751 2686//751 2687//751
f 2683//747 2687//747 2684//747
f 2684//752 2687//752 2688//752
f 2684//748 2688//748 2685//748
f 2685//753 2688//753 2689//753
f 2685//749 2689//749 2658//749
f 2658//754 2689//754 2660//754
f 2686//755 2690//755 2687//755
f 2687//756 2690//756 2691//756
f 2687//752 2691//752 2688//752
f 2688//757 2691//757 2692//757
f 2688//753 2692//753 2689//753
f 2689//758 2692//758 2662//758
f 2689//754 2662//754 2660//754
f 2690//759 2693//759 2691//759
f 2691//760 2693//760 2694//760
f 2691//757 2694//757 2692//757
f 2692//761 2694//761 2664//761
f 2692//758 2664//758 2662//758
f 2693//762 2695//762 2694//762
f 2694//763 2695//763 2666//763
f 2694//761 2666//761 2664//761
f 2695//764 2668//764 2666//764
f 2667//765 2669//765 2696//765
f 2696//766 2669//766 2697//766
f 2696//767 2697//767 2698//767
f 2698//768 2697//768 2699//768
f 2698//769 2699//769 2700//769
f 2700//770 2699//770 2701//770
f 2700//771 2701//771 2702//771
f 2702//772 2701//772 2703//772
f 2702//773 2703//773 2704//773
f 2704//774 2703//774 2705//774
f 2704//775 2705//775 2706//775
f 2706//776 2705//776 2707//776
f 2707//777 2705//777 2708//777
f 2707//778 2708//778 2709//778
f 2709//779 2708//779 2710//779
f 2709//780 2710//780 2711//780
f 2711//781 2710//781 2712//781
f 2711//782 2712//782 2713//782
f 2713//783 2712//783 2714//783
f 2713//784 2714//784 2715//784
f 2715//785 2714//785 2716//785
f 2715//786 2716//786 2717//786
f 2717//787 2716//787 2718//787
f 2717//788 2718//788 2719//788
f 2719//789 2718//789 2720//789
f 2719//790 2720//790 2721//790
f 2721//791 2720//791 2722//791
f 2721//792 2722//792 2473//792
f 2473//793 2722//793 2475//793
f 2475//794 2722//794 2723//794
f 2475//794 2723//794 2477//794
f 2477//795 2723//795 2724//795
f 2477//795 2724//795 2479//795
f 2479//796 2724//796 2725//796
f 2479//796 2725//796 2481//796
f 2481//797 2725//797 2482//797
f 2482//798 2725//798 2726//798
f 2726//799 2725//799 2727//799
f 2726//800 2727//800 2728//800
f 2728//801 2727//801 2729//801
f 2728//802 2729//802 2730//802
f 2730//803 2729//803 2731//803
f 2730//804 2731//804 2732//804
f 2732//805 2731//805 2733//805
f 2732//806 2733//806 2734//806
f 2734//807 2733//807 2735//807
f 2734//808 2735//808 2736//808
f 2736//809 2735//809 2737//809
f 2736//810 2737//810 2738//810
f 2738//811 2737//811 2739//811
f 2738//812 2739//812 2740//812
f 2740//813 2739//813 2741//813
f 2740//814 2741//814 2742//814
f 2742//815 2741//815 2743//815
f 2742//816 2743//816 2744//816
f 2744//817 2743//817 2745//817
f 2744//818 2745//818 2746//818
f 2746//819 2745//819 2699//819
f 2746//820 2699//820 2697//820
f 2706//821 2747//821 2704//821
f 2704//822 2747//822 2748//822
f 2704//773 2748//773 2702//773
f 2702//823 2748//823 2749//823
f 2702//771 2749//771 2700//771
f 2700//824 2749//824 2750//824
f 2700//769 2750//769 2698//769
f 2698//825 2750//825 2696//825
f 2747//826 2751//826 2748//826
f 2748//827 2751//827 2752//827
f 2748//823 2752//823 2749//823
f 2749//828 2752//828 2753//828
f 2749//824 2753//824 2750//824
f 2750//829 2753//829 2754//829
f 2750//825 2754//825 2696//825
f 2696//830 2754//830 2667//830
f 2751//831 2755//831 2752//831
f 2752//832 2755//832 2756//832
f 2752//833 2756//833 2753//833
f 2753//834 2756//834 2757//834
f 2753//835 2757//835 2754//835
f 2754//836 2757//836 2665//836
f 2754//830 2665//830 2667//830
f 2755//837 2758//837 2756//837
f 2756//838 2758//838 2759//838
f 2756//834 2759//834 2757//834
f 2757//839 2759//839 2663//839
f 2757//836 2663//836 2665//836
f 2758//840 2760//840 2759//840
f 2759//841 2760//841 2661//841
f 2759//839 2661//839 2663//839
f 2760//842 2659//842 2661//842
f 2650//843 2761//843 2648//843
f 2648//844 2761//844 2762//844
f 2648//710 2762//710 2646//710
f 2646//845 2762//845 2763//845
f 2646//708 2763//708 2644//708
f 2644//846 2763//846 2764//846
f 2644//706 2764//706 2642//706
f 2642//847 2764//847 2640//847
f 2761//848 2765//848 2762//848
f 2762//849 2765//849 2766//849
f 2762//845 2766//845 2763//845
f 2763//850 2766//850 2767//850
f 2763//846 2767//846 2764//846
f 2764//851 2767//851 2768//851
f 2764//847 2768//847 2640//847
f 2640//852 2768//852 2638//852
f 2765//853 2769//853 2766//853
f 2766//854 2769//854 2770//854
f 2766//850 2770//850 2767//850
f 2767//855 2770//855 2771//855
f 2767//851 2771//851 2768//851
f 2768//856 2771//856 2772//856
f 2768//852 2772//852 2638//852
f 2638//857 2772//857 2636//857
f 2769//858 2773//858 2770//858
f 2770//859 2773//859 2774//859
f 2770//855 2774//855 2771//855
f 2771//860 2774//860 2775//860
f 2771//856 2775//856 2772//856
f 2772//861 2775//861 2776//861
f 2772//857 2776//857 2636//857
f 2636//862 2776//862 2634//862
f 2773//863 2777//863 2774//863
f 2774//864 2777//864 2778//864
f 2774//860 2778//860 2775//860
f 2775//865 2778//865 2779//865
f 2775//861 2779//861 2776//861
f 2776//866 2779//866 2780//866
f 2776//862 2780//862 2634//862
f 2634//867 2780//867 2632//867
f 2777//868 2781//868 2778//868
f 2778//869 2781//869 2782//869
f 2778//865 2782//865 2779//865
f 2779//870 2782//870 2783//870
f 2779//866 2783//866 2780//866
f 2780//871 2783//871 2784//871
f 2780//867 2784//867 2632//867
f 2632//872 2784//872 2575//872
f 2781//873 2785//873 2782//873
f 2782//874 2785//874 2786//874
f 2782//870 2786//870 2783//870
f 2783//875 2786//875 2787//875
f 2783//871 2787//871 2784//871
f 2784//876 2787//876 2573//876
f 2784//872 2573//872 2575//872
f 2785//877 2788//877 2786//877
f 2786//878 2788//878 2789//878
f 2786//875 2789//875 2787//875
f 2787//879 2789//879 2571//879
f 2787//876 2571//876 2573//876
f 2788//880 2790//880 2789//880
f 2789//881 2790//881 2569//881
f 2789//882 2569//882 2571//882
f 2790//620 2567//620 2569//620
f 2540//883 2791//883 2538//883
f 2538//884 2791//884 2792//884
f 2538//589 2792//589 2536//589
f 2536//885 2792//885 2793//885
f 2536//587 2793//587 2534//587
f 2534//886 2793//886 2794//886
f 2534//585 2794//585 2532//585
f 2532//887 2794//887 2530//887
f 2792//888 2791//888 2795//888
f 2795//889 2791//889 2796//889
f 2795//890 2796//890 2797//890
f 2797//891 2796//891 2798//891
f 2797//892 2798//892 2799//892
f 2799//893 2798//893 2800//893
f 2799//894 2800//894 2801//894
f 2801//895 2800//895 2802//895
f 2801//896 2802//896 2803//896
f 2803//897 2802//897 2804//897
f 2803//898 2804//898 2805//898
f 2805//899 2804//899 2806//899
f 2805//900 2806//900 2807//900
f 2807//901 2806//901 2808//901
f 2807//902 2808//902 2809//902
f 2809//903 2808//903 2810//903
f 2809//904 2810//904 2811//904
f 2811//905 2810//905 2812//905
f 2811//906 2812//906 2813//906
f 2813//907 2812//907 2814//907
f 2813//908 2814//908 2815//908
f 2815//909 2814//909 2816//909
f 2815//910 2816//910 2817//910
f 2817//911 2816//911 2818//911
f 2817//912 2818//912 2819//912
f 2819//913 2818//913 2498//913
f 2819//914 2498//914 2500//914
f 2505//915 2507//915 2820//915
f 2820//915 2507//915 2510//915
f 2820//916 2510//916 2821//916
f 2821//916 2510//916 2512//916
f 2821//917 2512//917 2822//917
f 2822//917 2512//917 2514//917
f 2822//918 2514//918 2823//918
f 2823//918 2514//918 2516//918
f 2823//919 2516//919 2824//919
f 2824//919 2516//919 2518//919
f 2824//920 2518//920 2825//920
f 2825//920 2518//920 2520//920
f 2825//921 2520//921 2826//921
f 2826//921 2520//921 2522//921
f 2826//922 2522//922 2827//922
f 2827//922 2522//922 2524//922
f 2827//923 2524//923 2828//923
f 2828//923 2524//923 2526//923
f 2828//924 2526//924 2829//924
f 2829//924 2526//924 2528//924
f 2829//925 2528//925 2830//925
f 2830//925 2528//925 2530//925
f 2830//887 2530//887 2794//887
f 2819//926 2500//926 2503//926
f 2503//927 2505//927 2831//927
f 2831//927 2505//927 2820//927
f 2831//928 2820//928 2832//928
f 2832//929 2820//929 2821//929
f 2832//930 2821//930 2833//930
f 2833//930 2821//930 2822//930
f 2833//931 2822//931 2834//931
f 2834//931 2822//931 2823//931
f 2834//932 2823//932 2835//932
f 2835//932 2823//932 2824//932
f 2835//933 2824//933 2836//933
f 2836//933 2824//933 2825//933
f 2836//934 2825//934 2837//934
f 2837//934 2825//934 2826//934
f 2837//935 2826//935 2838//935
f 2838//935 2826//935 2827//935
f 2838//936 2827//936 2839//936
f 2839//936 2827//936 2828//936
f 2839//937 2828//937 2840//937
f 2840//937 2828//937 2829//937
f 2840//938 2829//938 2841//938
f 2841//938 2829//938 2830//938
f 2841//939 2830//939 2842//939
f 2842//939 2830//939 2794//939
f 2842//940 2794//940 2793//940
f 2817//941 2819//941 2831//941
f 2831//926 2819//926 2503//926
f 2817//941 2831//941 2832//941
f 2815//942 2817//942 2832//942
f 2815//942 2832//942 2833//942
f 2813//943 2815//943 2833//943
f 2813//943 2833//943 2834//943
f 2811//944 2813//944 2834//944
f 2811//945 2834//945 2835//945
f 2809//946 2811//946 2835//946
f 2809//946 2835//946 2836//946
f 2807//947 2809//947 2836//947
f 2807//947 2836//947 2837//947
f 2805//948 2807//948 2837//948
f 2805//948 2837//948 2838//948
f 2803//949 2805//949 2838//949
f 2803//949 2838//949 2839//949
f 2801//950 2803//950 2839//950
f 2801//950 2839//950 2840//950
f 2799//951 2801//951 2840//951
f 2799//951 2840//951 2841//951
f 2797//952 2799//952 2841//952
f 2797//952 2841//952 2842//952
f 2797//953 2842//953 2795//953
f 2795//953 2842//953 2793//953
f 2795//885 2793//885 2792//885
f 2624//954 2843//954 2622//954
f 2622//954 2843//954 2620//954
f 2622//679 2620//679 2619//679
f 2620//680 2843//680 2621//680
f 2621//955 2843//955 2844//955
f 2621//681 2844//681 2562//681
f 2562//956 2844//956 2564//956
f 2843//957 2624//957 2845//957
f 2845//957 2624//957 2626//957
f 2845//958 2626//958 2846//958
f 2846//958 2626//958 2628//958
f 2846//959 2628//959 2847//959
f 2847//959 2628//959 2630//959
f 2847//960 2630//960 2572//960
f 2572//960 2630//960 2574//960
f 2843//955 2845//955 2844//955
f 2844//961 2845//961 2848//961
f 2844//956 2848//956 2564//956
f 2564//962 2848//962 2566//962
f 2848//961 2845//961 2846//961
f 2848//963 2846//963 2849//963
f 2849//963 2846//963 2847//963
f 2849//964 2847//964 2570//964
f 2570//964 2847//964 2572//964
f 2568//965 2566//965 2849//965
f 2849//962 2566//962 2848//962
f 2568//965 2849//965 2570//965
f 2699//770 2745//770 2701//770
f 2701//966 2745//966 2850//966
f 2701//772 2850//772 2703//772
f 2703//967 2850//967 2851//967
f 2703//774 2851//774 2705//774
f 2705//968 2851//968 2708//968
f 2745//966 2743//966 2850//966
f 2850//969 2743//969 2852//969
f 2850//967 2852//967 2851//967
f 2851//970 2852//970 2853//970
f 2851//971 2853//971 2708//971
f 2708//972 2853//972 2710//972
f 2743//969 2741//969 2852//969
f 2852//973 2741//973 2854//973
f 2852//970 2854//970 2853//970
f 2853//974 2854//974 2855//974
f 2853//972 2855//972 2710//972
f 2710//975 2855//975 2712//975
f 2741//973 2739//973 2854//973
f 2854//976 2739//976 2856//976
f 2854//974 2856//974 2855//974
f 2855//977 2856//977 2857//977
f 2855//975 2857//975 2712//975
f 2712//978 2857//978 2714//978
f 2739//976 2737//976 2856//976
f 2856//979 2737//979 2858//979
f 2856//977 2858//977 2857//977
f 2857//980 2858//980 2859//980
f 2857//981 2859//981 2714//981
f 2714//982 2859//982 2716//982
f 2737//979 2735//979 2858//979
f 2858//983 2735//983 2860//983
f 2858//980 2860//980 2859//980
f 2859//984 2860//984 2861//984
f 2859//982 2861//982 2716//982
f 2716//985 2861//985 2718//985
f 2735//983 2733//983 2860//983
f 2860//986 2733//986 2862//986
f 2860//984 2862//984 2861//984
f 2861//987 2862//987 2863//987
f 2861//985 2863//985 2718//985
f 2718//988 2863//988 2720//988
f 2733//986 2731//986 2862//986
f 2862//989 2731//989 2864//989
f 2862//987 2864//987 2863//987
f 2863//990 2864//990 2865//990
f 2863//988 2865//988 2720//988
f 2720//991 2865//991 2722//991
f 2731//989 2729//989 2864//989
f 2864//992 2729//992 2866//992
f 2864//993 2866//993 2865//993
f 2865//994 2866//994 2723//994
f 2865//991 2723//991 2722//991
f 2729//992 2727//992 2866//992
f 2866//995 2727//995 2724//995
f 2866//994 2724//994 2723//994
f 2725//995 2724//995 2727//995
f 2062//996 2867//996 2057//996
f 2057//996 2867//996 2868//996
f 2057//997 2868//997 2869//997
f 2869//998 2868//998 2870//998
f 2869//998 2870//998 2871//998
f 2871//999 2870//999 2872//999
f 2871//999 2872//999 2873//999
f 2873//1000 2872//1000 2874//1000
f 2873//1001 2874//1001 2875//1001
f 2875//1002 2874//1002 2508//1002
f 2875//1002 2508//1002 2876//1002
f 2876//1002 2508//1002 2506//1002
f 2876//1001 2506//1001 2877//1001
f 2877//1000 2506//1000 2504//1000
f 2877//999 2504//999 2878//999
f 2878//999 2504//999 2502//999
f 2878//998 2502//998 2879//998
f 2879//998 2502//998 2501//998
f 2879//996 2501//996 2499//996
f 2867//998 2062//998 2880//998
f 2880//998 2062//998 2061//998
f 2880//999 2061//999 2881//999
f 2881//999 2061//999 2063//999
f 2881//1000 2063//1000 2882//1000
f 2882//1001 2063//1001 2065//1001
f 2882//1002 2065//1002 2067//1002
f 2508//1002 2883//1002 2067//1002
f 2067//1003 2883//1003 2884//1003
f 2067//1002 2884//1002 2885//1002
f 2885//1001 2884//1001 2886//1001
f 2885//1000 2886//1000 2881//1000
f 2881//999 2886//999 2880//999
f 2057//997 2887//997 2499//997
f 2499//996 2887//996 2888//996
f 2499//996 2888//996 2889//996
f 2889//998 2888//998 2890//998
f 2889//998 2890//998 2878//998
f 2878//999 2890//999 2877//999
f 2887//996 2057//996 2869//996
f 2868//998 2867//998 2891//998
f 2891//998 2867//998 2880//998
f 2891//999 2880//999 2886//999
f 2869//998 2871//998 2887//998
f 2887//998 2871//998 2892//998
f 2887//998 2892//998 2888//998
f 2888//998 2892//998 2890//998
f 2879//996 2499//996 2889//996
f 2878//998 2879//998 2889//998
f 2868//998 2891//998 2870//998
f 2870//999 2891//999 2893//999
f 2870//999 2893//999 2872//999
f 2872//1000 2893//1000 2883//1000
f 2872//1001 2883//1001 2874//1001
f 2874//1002 2883//1002 2508//1002
f 2893//999 2891//999 2886//999
f 2871//999 2873//999 2892//999
f 2892//999 2873//999 2894//999
f 2892//999 2894//999 2890//999
f 2890//999 2894//999 2877//999
f 2885//1001 2881//1001 2882//1001
f 2883//1001 2893//1001 2884//1001
f 2884//1000 2893//1000 2886//1000
f 2876//1000 2877//1000 2894//1000
f 2876//1001 2894//1001 2875//1001
f 2875//1000 2894//1000 2873//1000
f 2067//1003 2885//1003 2882//1003
f 2069//1004 2895//1004 2070//1004
f 2070//1004 2895//1004 2896//1004
f 2897//1005 2898//1005 2899//1005
f 2899//1006 2898//1006 2900//1006
f 2899//1007 2900//1007 2901//1007
f 2901//1008 2900//1008 2902//1008
f 2901//1009 2902//1009 2903//1009
f 2903//1010 2902//1010 2904//1010
f 2903//1011 2904//1011 2905//1011
f 2905//1012 2904//1012 2906//1012
f 2905//1013 2906//1013 2907//1013
f 2907//1014 2906//1014 2908//1014
f 2907//1015 2908//1015 2909//1015
f 2909//1016 2908//1016 2910//1016
f 2909//1017 2910//1017 2911//1017
f 2911//1018 2910//1018 2912//1018
f 2911//1019 2912//1019 2913//1019
f 2913//1020 2912//1020 2914//1020
f 2913//1021 2914//1021 2915//1021
f 2915//1022 2914//1022 2916//1022
f 2915//1023 2916//1023 2917//1023
f 2917//1024 2916//1024 2918//1024
f 2917//1025 2918//1025 2919//1025
f 2919//1026 2918//1026 2920//1026
f 2919//1027 2920//1027 2921//1027
f 2921//1028 2920//1028 2922//1028
f 2922//1029 2920//1029 2923//1029
f 2922//1030 2923//1030 2924//1030
f 2924//1031 2923//1031 2925//1031
f 2924//1032 2925//1032 2926//1032
f 2926//1033 2925//1033 2927//1033
f 2926//1034 2927//1034 2928//1034
f 2928//1035 2927//1035 2929//1035
f 2928//1036 2929//1036 2930//1036
f 2930//1037 2929//1037 2931//1037
f 2930//1038 2931//1038 2932//1038
f 2932//1039 2931//1039 2933//1039
f 2932//1040 2933//1040 2934//1040
f 2934//1041 2933//1041 2935//1041
f 2934//1042 2935//1042 2936//1042
f 2936//1043 2935//1043 2937//1043
f 2936//1044 2937//1044 2938//1044
f 2938//1045 2937//1045 2939//1045
f 2938//1046 2939//1046 2940//1046
f 2940//1047 2939//1047 2941//1047
f 2940//1048 2941//1048 2942//1048
f 2942//1049 2941//1049 2943//1049
f 2943//1050 2941//1050 2944//1050
f 2943//1051 2944//1051 2945//1051
f 2945//1052 2944//1052 2946//1052
f 2945//1053 2946//1053 2947//1053
f 2947//1054 2946//1054 2948//1054
f 2947//1055 2948//1055 2949//1055
f 2949//1056 2948//1056 2950//1056
f 2949//1057 2950//1057 2951//1057
f 2951//1058 2950//1058 2952//1058
f 2951//1059 2952//1059 2953//1059
f 2953//1060 2952//1060 2954//1060
f 2953//1061 2954//1061 2955//1061
f 2955//1062 2954//1062 2956//1062
f 2955//1063 2956//1063 2957//1063
f 2957//1064 2956//1064 2958//1064
f 2957//1065 2958//1065 2959//1065
f 2959//1066 2958//1066 2960//1066
f 2959//1067 2960//1067 2961//1067
f 2961//1068 2960//1068 2962//1068
f 2961//1069 2962//1069 2963//1069
f 2963//1070 2962//1070 2964//1070
f 2963//1071 2964//1071 2965//1071
f 2965//1072 2964//1072 2966//1072
f 2966//1073 2964//1073 2967//1073
f 2966//1074 2967//1074 2968//1074
f 2968//1075 2967//1075 2969//1075
f 2968//1076 2969//1076 2970//1076
f 2970//1077 2969//1077 2971//1077
f 2970//1078 2971//1078 2972//1078
f 2972//1079 2971//1079 2973//1079
f 2972//1080 2973//1080 2974//1080
f 2974//1081 2973//1081 2975//1081
f 2974//1082 2975//1082 2976//1082
f 2976//1083 2975//1083 2977//1083
f 2976//1084 2977//1084 2978//1084
f 2978//1085 2977//1085 2979//1085
f 2978//1086 2979//1086 2980//1086
f 2980//1087 2979//1087 2981//1087
f 2980//1088 2981//1088 2982//1088
f 2982//1089 2981//1089 2983//1089
f 2982//1090 2983//1090 2984//1090
f 2984//1091 2983//1091 2985//1091
f 2984//1092 2985//1092 2986//1092
f 2986//1093 2985//1093 2987//1093
f 2987//1094 2985//1094 2988//1094
f 2987//1095 2988//1095 2989//1095
f 2989//1096 2988//1096 2990//1096
f 2989//1097 2990//1097 2991//1097
f 2991//1098 2990//1098 2992//1098
f 2991//1099 2992//1099 2993//1099
f 2993//1100 2992//1100 2994//1100
f 2993//1101 2994//1101 2995//1101
f 2995//1102 2994//1102 2996//1102
f 2995//1103 2996//1103 2997//1103
f 2997//1104 2996//1104 2998//1104
f 2997//1105 2998//1105 2999//1105
f 2999//1106 2998//1106 3000//1106
f 2999//1107 3000//1107 3001//1107
f 3001//1108 3000//1108 3002//1108
f 3001//1109 3002//1109 3003//1109
f 3003//1110 3002//1110 3004//1110
f 3003//1111 3004//1111 3005//1111
f 3005//1112 3004//1112 3006//1112
f 3005//1113 3006//1113 3007//1113
f 3007//1114 3006//1114 2896//1114
f 3007//1115 2896//1115 2895//1115
f 2071//1116 2898//1116 2072//1116
f 2072//1116 2898//1116 2897//1116
f 2071//456 2070//456 2898//456
f 2898//456 2070//456 2956//456
f 2898//456 2956//456 2954//456
f 2896//456 3006//456 2070//456
f 2070//456 3006//456 2956//456
f 3004//456 2979//456 3006//456
f 3006//456 2979//456 2977//456
f 3006//456 2977//456 2975//456
f 3002//456 3000//456 3004//456
f 3004//456 3000//456 2998//456
f 3004//456 2998//456 2996//456
f 2996//456 2994//456 3004//456
f 3004//456 2994//456 2992//456
f 3004//456 2992//456 2990//456
f 2990//456 2988//456 3004//456
f 3004//456 2988//456 2985//456
f 3004//456 2985//456 2983//456
f 2983//456 2981//456 3004//456
f 3004//456 2981//456 2979//456
f 2975//456 2973//456 3006//456
f 3006//456 2973//456 2971//456
f 3006//456 2971//456 2969//456
f 2969//456 2967//456 3006//456
f 3006//456 2967//456 2964//456
f 3006//456 2964//456 2962//456
f 2962//456 2960//456 3006//456
f 3006//456 2960//456 2958//456
f 3006//456 2958//456 2956//456
f 2954//456 2952//456 2898//456
f 2898//456 2952//456 2950//456
f 2898//456 2950//456 2948//456
f 2948//456 2946//456 2898//456
f 2898//456 2946//456 2944//456
f 2898//456 2944//456 2941//456
f 2941//456 2939//456 2898//456
f 2898//456 2939//456 2937//456
f 2898//456 2937//456 2935//456
f 2935//456 2933//456 2898//456
f 2898//456 2933//456 2931//456
f 2898//456 2931//456 2929//456
f 2929//456 2927//456 2898//456
f 2898//456 2927//456 2925//456
f 2898//456 2925//456 2923//456
f 2923//456 2920//456 2898//456
f 2898//456 2920//456 2918//456
f 2898//456 2918//456 2916//456
f 2916//456 2914//456 2898//456
f 2898//456 2914//456 2912//456
f 2898//456 2912//456 2910//456
f 2910//456 2908//456 2898//456
f 2898//456 2908//456 2906//456
f 2898//456 2906//456 2904//456
f 2904//456 2902//456 2898//456
f 2898//456 2902//456 2900//456
f 2069//361 2068//361 2895//361
f 2895//361 2068//361 2482//361
f 2897//255 2508//255 2072//255
f 2072//255 2508//255 2067//255
f 2895//1117 2482//1117 3007//1117
f 3007//1117 2482//1117 2726//1117
f 3007//1118 2726//1118 3005//1118
f 3005//1118 2726//1118 2728//1118
f 3005//1119 2728//1119 3003//1119
f 3003//1119 2728//1119 2730//1119
f 3003//1120 2730//1120 3001//1120
f 3001//1120 2730//1120 2732//1120
f 3001//1121 2732//1121 2999//1121
f 2999//1121 2732//1121 2734//1121
f 2999//1122 2734//1122 2997//1122
f 2997//1122 2734//1122 2736//1122
f 2997//1123 2736//1123 2995//1123
f 2995//1123 2736//1123 2738//1123
f 2995//1124 2738//1124 2993//1124
f 2993//1124 2738//1124 2740//1124
f 2993//1125 2740//1125 2991//1125
f 2991//1125 2740//1125 2742//1125
f 2991//1126 2742//1126 2989//1126
f 2989//1126 2742//1126 2744//1126
f 2989//1127 2744//1127 2987//1127
f 2987//1127 2744//1127 2746//1127
f 2987//1128 2746//1128 2986//1128
f 2986//1128 2746//1128 2697//1128
f 2986//1129 2697//1129 2984//1129
f 2984//1129 2697//1129 2669//1129
f 2984//1130 2669//1130 2982//1130
f 2982//1130 2669//1130 2668//1130
f 2982//384 2668//384 2980//384
f 2980//384 2668//384 2695//384
f 2980//1131 2695//1131 2978//1131
f 2978//1131 2695//1131 2693//1131
f 2978//1132 2693//1132 2976//1132
f 2976//1132 2693//1132 2690//1132
f 2976//1133 2690//1133 2974//1133
f 2974//1133 2690//1133 2686//1133
f 2974//1134 2686//1134 2972//1134
f 2972//1134 2686//1134 2682//1134
f 2972//1135 2682//1135 2970//1135
f 2970//1135 2682//1135 2678//1135
f 2970//1136 2678//1136 2968//1136
f 2968//1136 2678//1136 2674//1136
f 2968//1137 2674//1137 2966//1137
f 2966//1137 2674//1137 2670//1137
f 2966//1138 2670//1138 2965//1138
f 2965//1138 2670//1138 2641//1138
f 2965//1139 2641//1139 2963//1139
f 2963//1139 2641//1139 2639//1139
f 2963//1140 2639//1140 2961//1140
f 2961//1140 2639//1140 2637//1140
f 2961//1141 2637//1141 2959//1141
f 2959//1141 2637//1141 2635//1141
f 2959//1142 2635//1142 2957//1142
f 2957//1142 2635//1142 2633//1142
f 2957//1143 2633//1143 2955//1143
f 2955//1143 2633//1143 2577//1143
f 2955//1144 2577//1144 2953//1144
f 2953//1144 2577//1144 2576//1144
f 2953//1145 2576//1145 2951//1145
f 2951//1145 2576//1145 2631//1145
f 2951//1146 2631//1146 2949//1146
f 2949//1146 2631//1146 2629//1146
f 2949//1147 2629//1147 2947//1147
f 2947//1147 2629//1147 2627//1147
f 2947//1148 2627//1148 2945//1148
f 2945//1148 2627//1148 2625//1148
f 2945//1149 2625//1149 2943//1149
f 2943//1149 2625//1149 2623//1149
f 2943//1150 2623//1150 2942//1150
f 2942//1150 2623//1150 2618//1150
f 2942//1151 2618//1151 2940//1151
f 2940//1151 2618//1151 2614//1151
f 2940//1152 2614//1152 2938//1152
f 2938//1152 2614//1152 2610//1152
f 2938//1153 2610//1153 2936//1153
f 2936//1153 2610//1153 2606//1153
f 2936//1154 2606//1154 2934//1154
f 2934//1154 2606//1154 2602//1154
f 2934//1155 2602//1155 2932//1155
f 2932//1155 2602//1155 2598//1155
f 2932//1156 2598//1156 2930//1156
f 2930//1156 2598//1156 2594//1156
f 2930//1157 2594//1157 2928//1157
f 2928//1157 2594//1157 2590//1157
f 2928//1158 2590//1158 2926//1158
f 2926//1158 2590//1158 2586//1158
f 2926//433 2586//433 2924//433
f 2924//433 2586//433 2582//433
f 2924//1159 2582//1159 2922//1159
f 2922//1159 2582//1159 2578//1159
f 2922//1160 2578//1160 2921//1160
f 2921//1160 2578//1160 2531//1160
f 2921//1161 2531//1161 2919//1161
f 2919//1161 2531//1161 2529//1161
f 2919//1162 2529//1162 2917//1162
f 2917//1162 2529//1162 2527//1162
f 2917//1163 2527//1163 2915//1163
f 2915//1163 2527//1163 2525//1163
f 2915//1164 2525//1164 2913//1164
f 2913//1164 2525//1164 2523//1164
f 2913//1165 2523//1165 2911//1165
f 2911//1165 2523//1165 2521//1165
f 2911//1166 2521//1166 2909//1166
f 2909//1166 2521//1166 2519//1166
f 2909//1167 2519//1167 2907//1167
f 2907//1167 2519//1167 2517//1167
f 2907//1168 2517//1168 2905//1168
f 2905//1168 2517//1168 2515//1168
f 2905//1169 2515//1169 2903//1169
f 2903//1169 2515//1169 2513//1169
f 2903//1170 2513//1170 2901//1170
f 2901//1170 2513//1170 2511//1170
f 2901//1171 2511//1171 2899//1171
f 2899//1171 2511//1171 2509//1171
f 2899//1172 2509//1172 2897//1172
f 2897//1172 2509//1172 2508//1172
f 2473//1004 2103//1004 2073//1004
f 2073//1004 2103//1004 2102//1004
f 2073//1004 2102//1004 2100//1004
f 2058//1004 3008//1004 2473//1004
f 2473//1004 3008//1004 3009//1004
f 2473//1004 3009//1004 3010//1004
f 2056//1004 2074//1004 2058//1004
f 2058//1004 2074//1004 3011//1004
f 2058//1004 3011//1004 3012//1004
f 2073//1004 2077//1004 2056//1004
f 2056//1004 2077//1004 2075//1004
f 2056//1004 2075//1004 2074//1004
f 2077//1004 2100//1004 2078//1004
f 2078//1004 2100//1004 2099//1004
f 2078//1004 2099//1004 3013//1004
f 3013//1004 2099//1004 3014//1004
f 3013//1004 3014//1004 3015//1004
f 3015//1004 3014//1004 3016//1004
f 3015//1004 3016//1004 3017//1004
f 3017//1004 3016//1004 3018//1004
f 3017//1004 3018//1004 3019//1004
f 3019//1004 3018//1004 3020//1004
f 3019//1004 3020//1004 3021//1004
f 3021//1004 3020//1004 3022//1004
f 3021//1004 3022//1004 3023//1004
f 3023//1004 3022//1004 3024//1004
f 3023//1004 3024//1004 3025//1004
f 3025//1004 3024//1004 3026//1004
f 3025//1004 3026//1004 3027//1004
f 3027//1004 3026//1004 3028//1004
f 3027//1004 3028//1004 3029//1004
f 3029//1004 3028//1004 3030//1004
f 3029//1004 3030//1004 3031//1004
f 3031//1004 3030//1004 3032//1004
f 3031//1004 3032//1004 3033//1004
f 3033//1004 3032//1004 3034//1004
f 3033//1004 3034//1004 3035//1004
f 3035//1004 3034//1004 3036//1004
f 3035//1004 3036//1004 3037//1004
f 3037//1004 3036//1004 3038//1004
f 3037//1004 3038//1004 3039//1004
f 3039//1004 3038//1004 3008//1004
f 3039//1004 3008//1004 2058//1004
f 3012//1004 3040//1004 2058//1004
f 2058//1004 3040//1004 3041//1004
f 2058//1004 3041//1004 3042//1004
f 3042//1004 3043//1004 2058//1004
f 2058//1004 3043//1004 3044//1004
f 2058//1004 3044//1004 3045//1004
f 3045//1004 3046//1004 2058//1004
f 2058//1004 3046//1004 3047//1004
f 2058//1004 3047//1004 3048//1004
f 3048//1004 3049//1004 2058//1004
f 2058//1004 3049//1004 3050//1004
f 2058//1004 3050//1004 3051//1004
f 3051//1004 3052//1004 2058//1004
f 2058//1004 3052//1004 3053//1004
f 2058//1004 3053//1004 3054//1004
f 3054//1004 3039//1004 2058//1004
f 3010//1004 3055//1004 2473//1004
f 2473//1004 3055//1004 3056//1004
f 2473//1004 3056//1004 3057//1004
f 3057//1004 3058//1004 2473//1004
f 2473//1004 3058//1004 3059//1004
f 2473//1004 3059//1004 3060//1004
f 3060//1004 3061//1004 2473//1004
f 2473//1004 3061//1004 3062//1004
f 2473//1004 3062//1004 3063//1004
f 3063//1004 3064//1004 2473//1004
f 2473//1004 3064//1004 3065//1004
f 2473//1004 3065//1004 3066//1004
f 3066//1004 3067//1004 2473//1004
f 2473//1004 3067//1004 3068//1004
f 2473//1004 3068//1004 3069//1004
f 3069//1004 2103//1004 2473//1004
f 2100//1004 2077//1004 2073//1004
f 3070//1173 2499//1173 3071//1173
f 3071//1174 2499//1174 2498//1174
f 3071//1175 2498//1175 3072//1175
f 3072//1176 2498//1176 2818//1176
f 3072//1177 2818//1177 3073//1177
f 3073//1178 2818//1178 2816//1178
f 3073//1179 2816//1179 3074//1179
f 3074//1180 2816//1180 2814//1180
f 3074//1181 2814//1181 3075//1181
f 3075//1182 2814//1182 2812//1182
f 3075//1183 2812//1183 3076//1183
f 3076//1184 2812//1184 3077//1184
f 3077//1185 2812//1185 2810//1185
f 3077//1186 2810//1186 3078//1186
f 3078//1187 2810//1187 2808//1187
f 3078//1188 2808//1188 3079//1188
f 3079//1189 2808//1189 2806//1189
f 3079//1190 2806//1190 3080//1190
f 3080//1191 2806//1191 2804//1191
f 3080//1192 2804//1192 3081//1192
f 3081//1193 2804//1193 2802//1193
f 3081//1194 2802//1194 3082//1194
f 3082//1195 2802//1195 2800//1195
f 3082//1196 2800//1196 3083//1196
f 3083//1197 2800//1197 3084//1197
f 3084//1198 2800//1198 2798//1198
f 3084//1199 2798//1199 3085//1199
f 3085//1200 2798//1200 2796//1200
f 3085//1201 2796//1201 3086//1201
f 3086//1202 2796//1202 2791//1202
f 3086//1203 2791//1203 3087//1203
f 3087//1204 2791//1204 2540//1204
f 3087//1205 2540//1205 3088//1205
f 3088//1206 2540//1206 2541//1206
f 3088//1207 2541//1207 3089//1207
f 3089//1208 2541//1208 3090//1208
f 3090//1209 2541//1209 2543//1209
f 3090//1210 2543//1210 3091//1210
f 3091//1211 2543//1211 2545//1211
f 3091//1212 2545//1212 3092//1212
f 3092//1213 2545//1213 2547//1213
f 3092//1214 2547//1214 3093//1214
f 3093//1215 2547//1215 2549//1215
f 3093//1216 2549//1216 3094//1216
f 3094//1217 2549//1217 2551//1217
f 3094//1218 2551//1218 3095//1218
f 3095//1219 2551//1219 3096//1219
f 3096//1220 2551//1220 2553//1220
f 3096//1221 2553//1221 3097//1221
f 3097//1222 2553//1222 2555//1222
f 3097//1223 2555//1223 3098//1223
f 3098//1224 2555//1224 2557//1224
f 3098//1225 2557//1225 3099//1225
f 3099//1226 2557//1226 2559//1226
f 3099//1227 2559//1227 3100//1227
f 3100//1228 2559//1228 2561//1228
f 3100//1229 2561//1229 3101//1229
f 3101//1230 2561//1230 2563//1230
f 3101//1231 2563//1231 3102//1231
f 3102//1232 2563//1232 3103//1232
f 3102//1233 3103//1233 2178//1233
f 2565//1234 3104//1234 2563//1234
f 2563//1235 3104//1235 3105//1235
f 2563//1236 3105//1236 3106//1236
f 2567//1237 3107//1237 2565//1237
f 2565//1238 3107//1238 3108//1238
f 2565//1239 3108//1239 3109//1239
f 2790//1240 3110//1240 2567//1240
f 2567//1241 3110//1241 3111//1241
f 2567//1242 3111//1242 3112//1242
f 2788//1243 3113//1243 2790//1243
f 2790//1244 3113//1244 3114//1244
f 2790//1245 3114//1245 3115//1245
f 2785//1246 3116//1246 2788//1246
f 2788//1247 3116//1247 3117//1247
f 2788//1248 3117//1248 3118//1248
f 2781//1249 3119//1249 2785//1249
f 2785//1250 3119//1250 3120//1250
f 2785//1251 3120//1251 3121//1251
f 3121//1252 3120//1252 3122//1252
f 3121//1253 3122//1253 2174//1253
f 2174//1254 3122//1254 2175//1254
f 2175//1255 3122//1255 3123//1255
f 2175//1256 3123//1256 2193//1256
f 2193//1257 3123//1257 3124//1257
f 2193//1258 3124//1258 2190//1258
f 2190//1259 3124//1259 2187//1259
f 2187//1260 3124//1260 3125//1260
f 2187//1261 3125//1261 2177//1261
f 2177//1262 3125//1262 3126//1262
f 2177//1263 3126//1263 2178//1263
f 2178//1264 3126//1264 3102//1264
f 3119//1265 2781//1265 3127//1265
f 3127//1266 2781//1266 2777//1266
f 3127//1267 2777//1267 3128//1267
f 3128//1268 2777//1268 2773//1268
f 3128//1269 2773//1269 3129//1269
f 3129//1270 2773//1270 2769//1270
f 3129//1271 2769//1271 3130//1271
f 3130//1272 2769//1272 2765//1272
f 3130//1273 2765//1273 3131//1273
f 3131//1274 2765//1274 2761//1274
f 3131//1275 2761//1275 3132//1275
f 3132//1276 2761//1276 3133//1276
f 3133//1277 2761//1277 2650//1277
f 3133//1278 2650//1278 3134//1278
f 3134//1279 2650//1279 2651//1279
f 3134//1280 2651//1280 3135//1280
f 3135//1281 2651//1281 2653//1281
f 3135//1282 2653//1282 3136//1282
f 3136//1283 2653//1283 2655//1283
f 3136//1284 2655//1284 3137//1284
f 3137//1285 2655//1285 2657//1285
f 3137//1286 2657//1286 3138//1286
f 3138//1287 2657//1287 3139//1287
f 3139//1288 2657//1288 2659//1288
f 3139//1289 2659//1289 3140//1289
f 3140//1290 2659//1290 2760//1290
f 3140//1291 2760//1291 3141//1291
f 3141//1292 2760//1292 2758//1292
f 3141//1293 2758//1293 3142//1293
f 3142//1294 2758//1294 2755//1294
f 3142//1295 2755//1295 3143//1295
f 3143//1296 2755//1296 2751//1296
f 3143//1297 2751//1297 3144//1297
f 3144//1298 2751//1298 3145//1298
f 3145//1299 2751//1299 2747//1299
f 3145//1300 2747//1300 3146//1300
f 3146//1301 2747//1301 2706//1301
f 3146//1302 2706//1302 3147//1302
f 3147//1303 2706//1303 2707//1303
f 3147//1304 2707//1304 3148//1304
f 3148//1305 2707//1305 2709//1305
f 3148//1306 2709//1306 3149//1306
f 3149//1307 2709//1307 2711//1307
f 3149//1308 2711//1308 3150//1308
f 3150//1309 2711//1309 2713//1309
f 3150//1310 2713//1310 3151//1310
f 3151//1311 2713//1311 3152//1311
f 3152//1312 2713//1312 2715//1312
f 3152//1313 2715//1313 3153//1313
f 3153//1314 2715//1314 2717//1314
f 3153//1315 2717//1315 3154//1315
f 3154//1316 2717//1316 2719//1316
f 3154//1317 2719//1317 3155//1317
f 3155//1318 2719//1318 2721//1318
f 3155//1319 2721//1319 3156//1319
f 3156//1320 2721//1320 2473//1320
f 3156//1321 2473//1321 2073//1321
f 3121//1322 3157//1322 2785//1322
f 2785//1323 3157//1323 3158//1323
f 2785//1324 3158//1324 3116//1324
f 3118//1325 3159//1325 2788//1325
f 2788//1326 3159//1326 3160//1326
f 2788//1327 3160//1327 3161//1327
f 3161//1328 3162//1328 2788//1328
f 2788//1329 3162//1329 3163//1329
f 2788//1330 3163//1330 3113//1330
f 3115//1331 3164//1331 2790//1331
f 2790//1332 3164//1332 3165//1332
f 2790//1333 3165//1333 3110//1333
f 3112//1334 3166//1334 2567//1334
f 2567//1335 3166//1335 3167//1335
f 2567//1336 3167//1336 3107//1336
f 3109//1337 3168//1337 2565//1337
f 2565//1338 3168//1338 3169//1338
f 2565//1339 3169//1339 3170//1339
f 3170//1340 3171//1340 2565//1340
f 2565//1341 3171//1341 3172//1341
f 2565//1342 3172//1342 3104//1342
f 3106//1343 3103//1343 2563//1343
f 2057//1116 2153//1116 2055//1116
f 2055//1116 2153//1116 2152//1116
f 2055//1116 2152//1116 2150//1116
f 2499//1116 2336//1116 2057//1116
f 2057//1116 2336//1116 2337//1116
f 2057//1116 2337//1116 2338//1116
f 3070//1116 2124//1116 2499//1116
f 2499//1116 2124//1116 2394//1116
f 2499//1116 2394//1116 2395//1116
f 2055//1116 2127//1116 3070//1116
f 3070//1116 2127//1116 2125//1116
f 3070//1116 2125//1116 2124//1116
f 2127//1116 2150//1116 2128//1116
f 2128//1116 2150//1116 2149//1116
f 2128//1116 2149//1116 2393//1116
f 2393//1116 2149//1116 2323//1116
f 2393//1116 2323//1116 2423//1116
f 2423//1116 2323//1116 2324//1116
f 2423//1116 2324//1116 2422//1116
f 2422//1116 2324//1116 2325//1116
f 2422//1116 2325//1116 2421//1116
f 2421//1116 2325//1116 2326//1116
f 2421//1116 2326//1116 2420//1116
f 2420//1116 2326//1116 2327//1116
f 2420//1116 2327//1116 2419//1116
f 2419//1116 2327//1116 2328//1116
f 2419//1116 2328//1116 2418//1116
f 2418//1116 2328//1116 2329//1116
f 2418//1116 2329//1116 2417//1116
f 2417//1116 2329//1116 2330//1116
f 2417//1116 2330//1116 2416//1116
f 2416//1116 2330//1116 2331//1116
f 2416//1116 2331//1116 2415//1116
f 2415//1116 2331//1116 2332//1116
f 2415//1116 2332//1116 2414//1116
f 2414//1116 2332//1116 2333//1116
f 2414//1116 2333//1116 2413//1116
f 2413//1116 2333//1116 2334//1116
f 2413//1116 2334//1116 2412//1116
f 2412//1116 2334//1116 2335//1116
f 2412//1116 2335//1116 2411//1116
f 2411//1116 2335//1116 2336//1116
f 2411//1116 2336//1116 2499//1116
f 2395//1116 2396//1116 2499//1116
f 2499//1116 2396//1116 2397//1116
f 2499//1116 2397//1116 2398//1116
f 2398//1116 2399//1116 2499//1116
f 2499//1116 2399//1116 2400//1116
f 2499//1116 2400//1116 2401//1116
f 2401//1116 2402//1116 2499//1116
f 2499//1116 2402//1116 2403//1116
f 2499//1116 2403//1116 2404//1116
f 2404//1116 2405//1116 2499//1116
f 2499//1116 2405//1116 2406//1116
f 2499//1116 2406//1116 2407//1116
f 2407//1116 2408//1116 2499//1116
f 2499//1116 2408//1116 2409//1116
f 2499//1116 2409//1116 2410//1116
f 2410//1116 2411//1116 2499//1116
f 2338//1116 2339//1116 2057//1116
f 2057//1116 2339//1116 2340//1116
f 2057//1116 2340//1116 2341//1116
f 2341//1116 2342//1116 2057//1116
f 2057//1116 2342//1116 2343//1116
f 2057//1116 2343//1116 2344//1116
f 2344//1116 2345//1116 2057//1116
f 2057//1116 2345//1116 2346//1116
f 2057//1116 2346//1116 2347//1116
f 2347//1116 2348//1116 2057//1116
f 2057//1116 2348//1116 2349//1116
f 2057//1116 2349//1116 2350//1116
f 2350//1116 2351//1116 2057//1116
f 2057//1116 2351//1116 2352//1116
f 2057//1116 2352//1116 2322//1116
f 2322//1116 2153//1116 2057//1116
f 2150//1116 2127//1116 2055//1116
f 2054//255 2055//255 2053//255
f 2053//255 2055//255 3070//255
f 2073//1344 1983//1344 3156//1344
f 3156//1344 1983//1344 1984//1344
f 3156//1345 1984//1345 3155//1345
f 3155//1345 1984//1345 1985//1345
f 3155//1346 1985//1346 3154//1346
f 3154//1346 1985//1346 1986//1346
f 3154//1347 1986//1347 3153//1347
f 3153//1347 1986//1347 1987//1347
f 3153//1348 1987//1348 3152//1348
f 3152//1348 1987//1348 1988//1348
f 3152//1349 1988//1349 3151//1349
f 3151//1349 1988//1349 1989//1349
f 3151//1350 1989//1350 3150//1350
f 3150//1350 1989//1350 1990//1350
f 3150//1351 1990//1351 3149//1351
f 3149//1351 1990//1351 1991//1351
f 3149//1352 1991//1352 3148//1352
f 3148//1352 1991//1352 1992//1352
f 3148//1353 1992//1353 3147//1353
f 3147//1353 1992//1353 1993//1353
f 3147//1354 1993//1354 3146//1354
f 3146//1354 1993//1354 1994//1354
f 3146//1355 1994//1355 3145//1355
f 3145//1355 1994//1355 1995//1355
f 3145//1356 1995//1356 3144//1356
f 3144//1356 1995//1356 1996//1356
f 3144//1357 1996//1357 3143//1357
f 3143//1357 1996//1357 1997//1357
f 3143//1358 1997//1358 3142//1358
f 3142//1358 1997//1358 1998//1358
f 3142//1359 1998//1359 3141//1359
f 3141//1359 1998//1359 1999//1359
f 3141//1360 1999//1360 3140//1360
f 3140//1360 1999//1360 2000//1360
f 3140//384 2000//384 3139//384
f 3139//384 2000//384 2001//384
f 3139//1361 2001//1361 3138//1361
f 3138//1361 2001//1361 2002//1361
f 3138//1362 2002//1362 3137//1362
f 3137//1362 2002//1362 2003//1362
f 3137//1363 2003//1363 3136//1363
f 3136//1363 2003//1363 2004//1363
f 3136//1364 2004//1364 3135//1364
f 3135//1364 2004//1364 2005//1364
f 3135//1365 2005//1365 3134//1365
f 3134//1365 2005//1365 2006//1365
f 3134//1366 2006//1366 3133//1366
f 3133//1366 2006//1366 2007//1366
f 3133//1367 2007//1367 3132//1367
f 3132//1367 2007//1367 2008//1367
f 3132//1368 2008//1368 3131//1368
f 3131//1368 2008//1368 2009//1368
f 3131//1369 2009//1369 3130//1369
f 3130//1369 2009//1369 2010//1369
f 3130//1370 2010//1370 3129//1370
f 3129//1370 2010//1370 2011//1370
f 3129//1371 2011//1371 3128//1371
f 3128//1371 2011//1371 2012//1371
f 3128//1372 2012//1372 3127//1372
f 3127//1372 2012//1372 2013//1372
f 3127//1373 2013//1373 3119//1373
f 3119//1373 2013//1373 2014//1373
f 3119//1374 2014//1374 3120//1374
f 3120//1374 2014//1374 2015//1374
f 3120//1375 2015//1375 3122//1375
f 3122//1375 2015//1375 2016//1375
f 3122//1376 2016//1376 3123//1376
f 3123//1376 2016//1376 2017//1376
f 3123//1377 2017//1377 3124//1377
f 3124//1377 2017//1377 2018//1377
f 3124//1378 2018//1378 3125//1378
f 3125//1378 2018//1378 2019//1378
f 3125//1379 2019//1379 3126//1379
f 3126//1379 2019//1379 2020//1379
f 3126//1380 2020//1380 3102//1380
f 3102//1380 2020//1380 2021//1380
f 3102//1381 2021//1381 3101//1381
f 3101//1381 2021//1381 2022//1381
f 3101//1382 2022//1382 3100//1382
f 3100//1382 2022//1382 2023//1382
f 3100//1383 2023//1383 3099//1383
f 3099//1383 2023//1383 2024//1383
f 3099//1384 2024//1384 3098//1384
f 3098//1384 2024//1384 2025//1384
f 3098//1385 2025//1385 3097//1385
f 3097//1385 2025//1385 2026//1385
f 3097//1386 2026//1386 3096//1386
f 3096//1386 2026//1386 2027//1386
f 3096//1387 2027//1387 3095//1387
f 3095//1387 2027//1387 2028//1387
f 3095//1388 2028//1388 3094//1388
f 3094//1388 2028//1388 2029//1388
f 3094//1389 2029//1389 3093//1389
f 3093//1389 2029//1389 2030//1389
f 3093//1390 2030//1390 3092//1390
f 3092//1390 2030//1390 2031//1390
f 3092//1391 2031//1391 3091//1391
f 3091//1391 2031//1391 2032//1391
f 3091//1392 2032//1392 3090//1392
f 3090//1392 2032//1392 2033//1392
f 3090//1393 2033//1393 3089//1393
f 3089//1393 2033//1393 2034//1393
f 3089//1394 2034//1394 3088//1394
f 3088//1394 2034//1394 2035//1394
f 3088//433 2035//433 3087//433
f 3087//433 2035//433 2036//433
f 3087//1395 2036//1395 3086//1395
f 3086//1395 2036//1395 2037//1395
f 3086//1396 2037//1396 3085//1396
f 3085//1396 2037//1396 2038//1396
f 3085//1397 2038//1397 3084//1397
f 3084//1397 2038//1397 2039//1397
f 3084//1398 2039//1398 3083//1398
f 3083//1398 2039//1398 2040//1398
f 3083//1399 2040//1399 3082//1399
f 3082//1399 2040//1399 2041//1399
f 3082//1400 2041//1400 3081//1400
f 3081//1400 2041//1400 2042//1400
f 3081//1401 2042//1401 3080//1401
f 3080//1401 2042//1401 2043//1401
f 3080//1402 2043//1402 3079//1402
f 3079//1402 2043//1402 2044//1402
f 3079//1403 2044//1403 3078//1403
f 3078//1403 2044//1403 2045//1403
f 3078//1404 2045//1404 3077//1404
f 3077//1404 2045//1404 2046//1404
f 3077//1405 2046//1405 3076//1405
f 3076//1405 2046//1405 2047//1405
f 3076//1406 2047//1406 3075//1406
f 3075//1406 2047//1406 2048//1406
f 3075//1407 2048//1407 3074//1407
f 3074//1407 2048//1407 2049//1407
f 3074//1408 2049//1408 3073//1408
f 3073//1408 2049//1408 2050//1408
f 3073//1409 2050//1409 3072//1409
f 3072//1409 2050//1409 2051//1409
f 3072//1410 2051//1410 3071//1410
f 3071//1410 2051//1410 2052//1410
f 3071//1411 2052//1411 3070//1411
f 3070//1411 2052//1411 2053//1411
f 2178//1412 3103//1412 2179//1412
f 2179//1412 3103//1412 2455//1412
f 2179//473 2455//473 2180//473
f 2180//473 2455//473 2454//473
f 2180//474 2454//474 2181//474
f 2181//474 2454//474 2453//474
f 2181//475 2453//475 2182//475
f 2182//475 2453//475 2452//475
f 2182//476 2452//476 2183//476
f 2183//476 2452//476 2451//476
f 2183//477 2451//477 2184//477
f 2184//1413 2451//1413 2450//1413
f 2184//537 2450//537 2185//537
f 2185//537 2450//537 2449//537
f 2185//479 2449//479 2186//479
f 2186//479 2449//479 2448//479
f 2186//480 2448//480 2188//480
f 2188//480 2448//480 2447//480
f 2188//482 2447//482 2189//482
f 2189//481 2447//481 2446//481
f 2189//484 2446//484 2191//484
f 2191//484 2446//484 2445//484
f 2191//1414 2445//1414 2192//1414
f 2192//1414 2445//1414 2444//1414
f 2192//1415 2444//1415 2194//1415
f 2194//1415 2444//1415 2443//1415
f 2194//1416 2443//1416 2195//1416
f 2195//1416 2443//1416 2442//1416
f 2195//1417 2442//1417 2196//1417
f 2196//1417 2442//1417 2441//1417
f 2196//1418 2441//1418 2197//1418
f 2197//1418 2441//1418 2440//1418
f 2197//1419 2440//1419 2198//1419
f 2198//1420 2440//1420 2439//1420
f 2198//1421 2439//1421 2199//1421
f 2199//1421 2439//1421 2438//1421
f 2199//1422 2438//1422 2200//1422
f 2200//1422 2438//1422 2437//1422
f 2200//1423 2437//1423 2201//1423
f 2201//1423 2437//1423 2436//1423
f 2201//1424 2436//1424 2176//1424
f 2176//1424 2436//1424 2435//1424
f 2176//1425 2435//1425 3121//1425
f 3121//1426 2435//1426 2434//1426
f 3121//1427 2434//1427 3157//1427
f 3157//1428 2434//1428 3158//1428
f 3158//1429 2434//1429 2433//1429
f 3158//1430 2433//1430 3116//1430
f 3116//1431 2433//1431 3117//1431
f 3117//1432 2433//1432 2432//1432
f 3117//1433 2432//1433 3118//1433
f 3118//1434 2432//1434 2431//1434
f 3118//1435 2431//1435 3159//1435
f 3159//1436 2431//1436 3160//1436
f 3160//542 2431//542 2430//542
f 3160//1437 2430//1437 3161//1437
f 3161//1438 2430//1438 3162//1438
f 3162//1439 2430//1439 2429//1439
f 3162//1440 2429//1440 3163//1440
f 3163//1441 2429//1441 2428//1441
f 3163//1442 2428//1442 3113//1442
f 3113//1443 2428//1443 3114//1443
f 3114//1444 2428//1444 2427//1444
f 3114//1445 2427//1445 3115//1445
f 3115//533 2427//533 2426//533
f 3115//1446 2426//1446 3164//1446
f 3164//1447 2426//1447 3165//1447
f 3165//1448 2426//1448 2425//1448
f 3165//1449 2425//1449 3110//1449
f 3110//1450 2425//1450 3111//1450
f 3111//1451 2425//1451 2424//1451
f 3111//1452 2424//1452 3112//1452
f 3112//1453 2424//1453 3166//1453
f 3166//1454 2424//1454 2463//1454
f 3166//1455 2463//1455 3167//1455
f 3167//1456 2463//1456 2462//1456
f 3167//1457 2462//1457 3107//1457
f 3107//1458 2462//1458 3108//1458
f 3108//1459 2462//1459 2461//1459
f 3108//1460 2461//1460 3109//1460
f 3109//1461 2461//1461 2460//1461
f 3109//1462 2460//1462 3168//1462
f 3168//1463 2460//1463 3169//1463
f 3169//1464 2460//1464 2459//1464
f 3169//1465 2459//1465 3170//1465
f 3170//1466 2459//1466 3171//1466
f 3171//1467 2459//1467 2458//1467
f 3171//1468 2458//1468 3172//1468
f 3172//1469 2458//1469 2457//1469
f 3172//1470 2457//1470 3104//1470
f 3104//1471 2457//1471 3105//1471
f 3105//1472 2457//1472 2456//1472
f 3105//1473 2456//1473 3106//1473
f 3106//1474 2456//1474 3103//1474
f 3103//1475 2456//1475 2455//1475
f 3121//1425 2174//1425 2176//1425
f 2123//1476 2204//1476 2101//1476
f 2101//1476 2204//1476 2203//1476
f 2101//1477 2203//1477 3014//1477
f 3014//1478 2203//1478 2202//1478
f 3014//1479 2202//1479 3016//1479
f 3016//1454 2202//1454 2241//1454
f 3016//1480 2241//1480 3018//1480
f 3018//1481 2241//1481 3020//1481
f 3020//1482 2241//1482 2240//1482
f 3020//1483 2240//1483 3022//1483
f 3022//1484 2240//1484 3024//1484
f 3024//1485 2240//1485 2239//1485
f 3024//1486 2239//1486 3026//1486
f 3026//1487 2239//1487 2238//1487
f 3026//1488 2238//1488 3028//1488
f 3028//1489 2238//1489 3030//1489
f 3030//1464 2238//1464 2237//1464
f 3030//1490 2237//1490 3032//1490
f 3032//1491 2237//1491 2236//1491
f 3032//1492 2236//1492 3034//1492
f 3034//1493 2236//1493 3036//1493
f 3036//1494 2236//1494 2235//1494
f 3036//1495 2235//1495 3038//1495
f 3038//1496 2235//1496 3008//1496
f 3008//1497 2235//1497 2234//1497
f 3008//1498 2234//1498 3009//1498
f 3009//1499 2234//1499 2233//1499
f 3009//1500 2233//1500 3010//1500
f 3010//1501 2233//1501 3055//1501
f 3055//1502 2233//1502 2232//1502
f 3055//1503 2232//1503 3056//1503
f 3056//1504 2232//1504 2231//1504
f 3056//1505 2231//1505 3057//1505
f 3057//1506 2231//1506 3058//1506
f 3058//1507 2231//1507 2230//1507
f 3058//1508 2230//1508 3059//1508
f 3059//1509 2230//1509 3060//1509
f 3060//1510 2230//1510 2229//1510
f 3060//1511 2229//1511 3061//1511
f 3061//1512 2229//1512 2228//1512
f 3061//1513 2228//1513 3062//1513
f 3062//1514 2228//1514 3063//1514
f 3063//1515 2228//1515 2227//1515
f 3063//1516 2227//1516 3064//1516
f 3064//1517 2227//1517 2226//1517
f 3064//1518 2226//1518 3065//1518
f 3065//1519 2226//1519 3066//1519
f 3066//1520 2226//1520 2225//1520
f 3066//1521 2225//1521 3067//1521
f 3067//1522 2225//1522 3068//1522
f 3068//1523 2225//1523 2224//1523
f 3068//1524 2224//1524 3069//1524
f 3069//1525 2224//1525 2223//1525
f 3069//1526 2223//1526 2104//1526
f 2104//1414 2223//1414 2108//1414
f 2108//1414 2223//1414 2222//1414
f 2108//1415 2222//1415 2109//1415
f 2109//1415 2222//1415 2221//1415
f 2109//1416 2221//1416 2110//1416
f 2110//1416 2221//1416 2220//1416
f 2110//1417 2220//1417 2111//1417
f 2111//1417 2220//1417 2219//1417
f 2111//1418 2219//1418 2112//1418
f 2112//1418 2219//1418 2218//1418
f 2112//1420 2218//1420 2113//1420
f 2113//1420 2218//1420 2217//1420
f 2113//1421 2217//1421 2114//1421
f 2114//1421 2217//1421 2216//1421
f 2114//1422 2216//1422 2115//1422
f 2115//1422 2216//1422 2215//1422
f 2115//1423 2215//1423 2116//1423
f 2116//1423 2215//1423 2214//1423
f 2116//1424 2214//1424 2105//1424
f 2105//1424 2214//1424 2213//1424
f 2105//1527 2213//1527 2106//1527
f 2106//1527 2213//1527 2212//1527
f 2106//1528 2212//1528 2107//1528
f 2107//1528 2212//1528 2211//1528
f 2107//1529 2211//1529 2117//1529
f 2117//1529 2211//1529 2210//1529
f 2117//1530 2210//1530 2118//1530
f 2118//1530 2210//1530 2209//1530
f 2118//1531 2209//1531 2119//1531
f 2119//1531 2209//1531 2208//1531
f 2119//1532 2208//1532 2120//1532
f 2120//1532 2208//1532 2207//1532
f 2120//1533 2207//1533 2121//1533
f 2121//1533 2207//1533 2206//1533
f 2121//1534 2206//1534 2122//1534
f 2122//1534 2206//1534 2205//1534
f 2122//1535 2205//1535 2123//1535
f 2123//1535 2205//1535 2204//1535
f 2104//1526 2103//1526 3069//1526
f 3014//1477 2099//1477 2101//1477
f 2098//1476 2244//1476 2076//1476
f 2076//1476 2244//1476 2243//1476
f 2076//1536 2243//1536 3011//1536
f 3011//1478 2243//1478 2242//1478
f 3011//1479 2242//1479 3012//1479
f 3012//1454 2242//1454 2281//1454
f 3012//1480 2281//1480 3040//1480
f 3040//1481 2281//1481 3041//1481
f 3041//1482 2281//1482 2280//1482
f 3041//1483 2280//1483 3042//1483
f 3042//1484 2280//1484 3043//1484
f 3043//1537 2280//1537 2279//1537
f 3043//1486 2279//1486 3044//1486
f 3044//1538 2279//1538 2278//1538
f 3044//1488 2278//1488 3045//1488
f 3045//1539 2278//1539 3046//1539
f 3046//1540 2278//1540 2277//1540
f 3046//1490 2277//1490 3047//1490
f 3047//1541 2277//1541 2276//1541
f 3047//1542 2276//1542 3048//1542
f 3048//1493 2276//1493 3049//1493
f 3049//1494 2276//1494 2275//1494
f 3049//1495 2275//1495 3050//1495
f 3050//1543 2275//1543 3051//1543
f 3051//1497 2275//1497 2274//1497
f 3051//1498 2274//1498 3052//1498
f 3052//1499 2274//1499 2273//1499
f 3052//1500 2273//1500 3053//1500
f 3053//1501 2273//1501 3054//1501
f 3054//1502 2273//1502 2272//1502
f 3054//1503 2272//1503 3039//1503
f 3039//1504 2272//1504 2271//1504
f 3039//1505 2271//1505 3037//1505
f 3037//1506 2271//1506 3035//1506
f 3035//1507 2271//1507 2270//1507
f 3035//1508 2270//1508 3033//1508
f 3033//1509 2270//1509 3031//1509
f 3031//1510 2270//1510 2269//1510
f 3031//1511 2269//1511 3029//1511
f 3029//1512 2269//1512 2268//1512
f 3029//1513 2268//1513 3027//1513
f 3027//1514 2268//1514 3025//1514
f 3025//1515 2268//1515 2267//1515
f 3025//1516 2267//1516 3023//1516
f 3023//1517 2267//1517 2266//1517
f 3023//1518 2266//1518 3021//1518
f 3021//1519 2266//1519 3019//1519
f 3019//1520 2266//1520 2265//1520
f 3019//1521 2265//1521 3017//1521
f 3017//1522 2265//1522 3015//1522
f 3015//1523 2265//1523 2264//1523
f 3015//1524 2264//1524 3013//1524
f 3013//1544 2264//1544 2263//1544
f 3013//1526 2263//1526 2079//1526
f 2079//1414 2263//1414 2083//1414
f 2083//1545 2263//1545 2262//1545
f 2083//1546 2262//1546 2084//1546
f 2084//1415 2262//1415 2261//1415
f 2084//1416 2261//1416 2085//1416
f 2085//1416 2261//1416 2260//1416
f 2085//1417 2260//1417 2086//1417
f 2086//1417 2260//1417 2259//1417
f 2086//1547 2259//1547 2087//1547
f 2087//1547 2259//1547 2258//1547
f 2087//1420 2258//1420 2088//1420
f 2088//1420 2258//1420 2257//1420
f 2088//1421 2257//1421 2089//1421
f 2089//1421 2257//1421 2256//1421
f 2089//1422 2256//1422 2090//1422
f 2090//1422 2256//1422 2255//1422
f 2090//1423 2255//1423 2091//1423
f 2091//1423 2255//1423 2254//1423
f 2091//1424 2254//1424 2080//1424
f 2080//1424 2254//1424 2253//1424
f 2080//1527 2253//1527 2081//1527
f 2081//1527 2253//1527 2252//1527
f 2081//1528 2252//1528 2082//1528
f 2082//1528 2252//1528 2251//1528
f 2082//1529 2251//1529 2092//1529
f 2092//1529 2251//1529 2250//1529
f 2092//1530 2250//1530 2093//1530
f 2093//1530 2250//1530 2249//1530
f 2093//1548 2249//1548 2094//1548
f 2094//1531 2249//1531 2248//1531
f 2094//1549 2248//1549 2095//1549
f 2095//1549 2248//1549 2247//1549
f 2095//1533 2247//1533 2096//1533
f 2096//1550 2247//1550 2246//1550
f 2096//1534 2246//1534 2097//1534
f 2097//1534 2246//1534 2245//1534
f 2097//1535 2245//1535 2098//1535
f 2098//1535 2245//1535 2244//1535
f 2079//1526 2078//1526 3013//1526
f 3011//1477 2074//1477 2076//1477
f 3173//183 1605//183 3174//183
f 3174//182 1605//182 1606//182
f 3174//245 1606//245 3175//245
f 3175//181 1606//181 1607//181
f 3175//182 1607//182 1608//182
f 1605//182 3173//182 1640//182
f 1640//181 3173//181 3176//181
f 1640//1551 3176//1551 1639//1551
f 1639//1552 3176//1552 3177//1552
f 1639//1553 3177//1553 1638//1553
f 1638//1554 3177//1554 3178//1554
f 1638//1555 3178//1555 1637//1555
f 1637//1556 3178//1556 3179//1556
f 1637//181 3179//181 1636//181
f 1636//1557 3179//1557 3180//1557
f 1636//183 3180//183 1635//183
f 1635//1555 3180//1555 3181//1555
f 1635//183 3181//183 1634//183
f 1634//1558 3181//1558 3182//1558
f 1634//1559 3182//1559 1633//1559
f 1633//183 3182//183 3183//183
f 1633//183 3183//183 3184//183
f 1633//183 3184//183 1632//183
f 1632//183 3184//183 3185//183
f 1632//244 3185//244 1631//244
f 1631//1560 3185//1560 3186//1560
f 1631//183 3186//183 1630//183
f 1630//1561 3186//1561 3187//1561
f 1630//253 3187//253 1629//253
f 1629//182 3187//182 3188//182
f 1629//1562 3188//1562 1628//1562
f 1628//1563 3188//1563 3189//1563
f 1628//183 3189//183 1627//183
f 1627//182 3189//182 3190//182
f 1627//1564 3190//1564 1626//1564
f 1626//183 3190//183 3191//183
f 1626//1565 3191//1565 1625//1565
f 1625//182 3191//182 3192//182
f 1625//1553 3192//1553 1624//1553
f 1624//181 3192//181 1623//181
f 1623//182 3192//182 3193//182
f 1623//244 3193//244 1622//244
f 1622//183 3193//183 3194//183
f 1622//1566 3194//1566 1621//1566
f 1621//185 3194//185 3195//185
f 1621//1567 3195//1567 1620//1567
f 1620//1554 3195//1554 3196//1554
f 1620//1565 3196//1565 1619//1565
f 1619//182 3196//182 3197//182
f 1619//243 3197//243 1618//243
f 1618//1565 3197//1565 3198//1565
f 1618//181 3198//181 1617//181
f 1617//1568 3198//1568 3199//1568
f 1617//1569 3199//1569 1616//1569
f 1616//183 3199//183 3200//183
f 1616//183 3200//183 1615//183
f 1615//183 3200//183 3201//183
f 1615//183 3201//183 3202//183
f 1615//1570 3202//1570 1614//1570
f 1614//1571 3202//1571 3203//1571
f 1614//242 3203//242 1613//242
f 1613//1570 3203//1570 3204//1570
f 1613//183 3204//183 1612//183
f 1612//242 3204//242 3205//242
f 1612//185 3205//185 1611//185
f 1611//242 3205//242 3206//242
f 1611//1570 3206//1570 1610//1570
f 1610//1557 3206//1557 3207//1557
f 1610//243 3207//243 1609//243
f 1609//1565 3207//1565 3208//1565
f 1609//1551 3208//1551 1608//1551
f 1608//181 3208//181 3175//181
f 3174//135 3210//135 3173//135
f 3173//136 3211//136 3176//136
f 3179//142 3215//142 3180//142
f 3180//143 3216//143 3181//143
f 3181//143 3216//143 3217//143
f 3181//144 3217//144 3182//144
f 3199//167 3235//167 3200//167
f 3200//168 3236//168 3201//168
f 3201//169 3237//169 3202//169
f 3202//170 3238//170 3203//170
f 3203//171 3239//171 3204//171
f 3204//172 3240//172 3205//172
f 3245//1567 3246//1567 3247//1567
f 3247//182 3246//182 3248//182
f 3247//181 3248//181 3249//181
f 3249//1572 3248//1572 3250//1572
f 3249//1572 3250//1572 3251//1572
f 3246//1573 3245//1573 3252//1573
f 3252//181 3245//181 3253//181
f 3252//1565 3253//1565 3254//1565
f 3254//1554 3253//1554 3255//1554
f 3254//1574 3255//1574 3256//1574
f 3256//1554 3255//1554 3257//1554
f 3256//1557 3257//1557 3258//1557
f 3258//1566 3257//1566 3259//1566
f 3258//1575 3259//1575 3260//1575
f 3260//1559 3259//1559 3261//1559
f 3260//1555 3261//1555 3262//1555
f 3262//1570 3261//1570 3263//1570
f 3262//183 3263//183 3264//183
f 3264//1576 3263//1576 3265//1576
f 3264//183 3265//183 3266//183
f 3266//185 3265//185 3267//185
f 3266//183 3267//183 3268//183
f 3266//1570 3268//1570 3269//1570
f 3269//181 3268//181 3270//181
f 3269//183 3270//183 3271//183
f 3271//1577 3270//1577 3272//1577
f 3271//1570 3272//1570 3273//1570
f 3273//1575 3272//1575 3274//1575
f 3273//186 3274//186 3275//186
f 3275//243 3274//243 3276//243
f 3275//1555 3276//1555 3277//1555
f 3277//1577 3276//1577 3278//1577
f 3277//1575 3278//1575 3279//1575
f 3279//1557 3278//1557 3280//1557
f 3279//183 3280//183 3281//183
f 3281//1578 3280//1578 3282//1578
f 3281//1562 3282//1562 3283//1562
f 3283//186 3282//186 3284//186
f 3283//181 3284//181 3285//181
f 3285//181 3284//181 3286//181
f 3286//186 3284//186 3287//186
f 3286//1556 3287//1556 3288//1556
f 3288//1579 3287//1579 3289//1579
f 3288//183 3289//183 3290//183
f 3290//1554 3289//1554 3291//1554
f 3290//1555 3291//1555 3292//1555
f 3292//1569 3291//1569 3293//1569
f 3292//1575 3293//1575 3294//1575
f 3294//243 3293//243 3295//243
f 3294//182 3295//182 3296//182
f 3296//1555 3295//1555 3297//1555
f 3296//1576 3297//1576 3298//1576
f 3298//1569 3297//1569 3299//1569
f 3298//183 3299//183 3300//183
f 3300//181 3299//181 3301//181
f 3300//1576 3301//1576 3302//1576
f 3302//183 3301//183 3303//183
f 3302//183 3303//183 3304//183
f 3302//183 3304//183 3305//183
f 3305//1570 3304//1570 3306//1570
f 3305//242 3306//242 3307//242
f 3307//1576 3306//1576 3308//1576
f 3307//241 3308//241 3309//241
f 3309//1569 3308//1569 3310//1569
f 3309//1558 3310//1558 3311//1558
f 3311//243 3310//243 3312//243
f 3311//183 3312//183 3313//183
f 3313//1557 3312//1557 3314//1557
f 3313//1580 3314//1580 3315//1580
f 3315//1581 3314//1581 3316//1581
f 3315//245 3316//245 3251//245
f 3251//181 3316//181 3249//181
f 3249//134 3317//134 3247//134
f 3247//135 3318//135 3245//135
f 3265//145 3326//145 3267//145
f 3268//147 3328//147 3270//147
f 3274//151 3331//151 3276//151
f 3291//162 3339//162 3293//162
f 3293//163 3340//163 3295//163
f 3295//165 3341//165 3297//165
f 3297//166 3342//166 3299//166
f 3353//1567 1485//1567 3354//1567
f 3354//182 1485//182 1486//182
f 3354//181 1486//181 3355//181
f 3355//1572 1486//1572 1487//1572
f 3355//1573 1487//1573 1488//1573
f 1485//1572 3353//1572 1520//1572
f 1520//181 3353//181 3356//181
f 1520//1565 3356//1565 1519//1565
f 1519//1582 3356//1582 3357//1582
f 1519//1555 3357//1555 1518//1555
f 1518//1554 3357//1554 3358//1554
f 1518//1557 3358//1557 1517//1557
f 1517//243 3358//243 3359//243
f 1517//1570 3359//1570 1516//1570
f 1516//1577 3359//1577 3360//1577
f 1516//1576 3360//1576 1515//1576
f 1515//1570 3360//1570 3361//1570
f 1515//183 3361//183 1514//183
f 1514//1576 3361//1576 3362//1576
f 1514//183 3362//183 1513//183
f 1513//183 3362//183 3363//183
f 1513//183 3363//183 3364//183
f 1513//1570 3364//1570 1512//1570
f 1512//181 3364//181 3365//181
f 1512//183 3365//183 1511//183
f 1511//1577 3365//1577 3366//1577
f 1511//1570 3366//1570 1510//1570
f 1510//1575 3366//1575 3367//1575
f 1510//245 3367//245 1509//245
f 1509//243 3367//243 3368//243
f 1509//1555 3368//1555 1508//1555
f 1508//1577 3368//1577 3369//1577
f 1508//1575 3369//1575 1507//1575
f 1507//1557 3369//1557 3370//1557
f 1507//183 3370//183 1506//183
f 1506//1578 3370//1578 3371//1578
f 1506//1562 3371//1562 1505//1562
f 1505//186 3371//186 3372//186
f 1505//181 3372//181 1504//181
f 1504//181 3372//181 1503//181
f 1503//186 3372//186 3373//186
f 1503//1583 3373//1583 1502//1583
f 1502//1579 3373//1579 3374//1579
f 1502//183 3374//183 1501//183
f 1501//1554 3374//1554 3375//1554
f 1501//1555 3375//1555 1500//1555
f 1500//1569 3375//1569 3376//1569
f 1500//1575 3376//1575 1499//1575
f 1499//243 3376//243 3377//243
f 1499//182 3377//182 1498//182
f 1498//1555 3377//1555 3378//1555
f 1498//1576 3378//1576 1497//1576
f 1497//1569 3378//1569 3379//1569
f 1497//183 3379//183 1496//183
f 1496//181 3379//181 3380//181
f 1496//1576 3380//1576 1495//1576
f 1495//183 3380//183 3381//183
f 1495//185 3381//185 3382//185
f 1495//183 3382//183 1494//183
f 1494//1570 3382//1570 3383//1570
f 1494//242 3383//242 1493//242
f 1493//1576 3383//1576 3384//1576
f 1493//241 3384//241 1492//241
f 1492//1584 3384//1584 3385//1584
f 1492//1585 3385//1585 1491//1585
f 1491//1566 3385//1566 3386//1566
f 1491//253 3386//253 1490//253
f 1490//1557 3386//1557 3387//1557
f 1490//1586 3387//1586 1489//1586
f 1489//1557 3387//1557 3388//1557
f 1489//182 3388//182 1488//182
f 1488//181 3388//181 3355//181
f 3354//135 3390//135 3353//135
f 3357//139 3393//139 3358//139
f 3359//142 3395//142 3360//142
f 3360//143 3396//143 3361//143
f 3368//152 3404//152 3369//152
f 3369//231 3405//231 3370//231
f 3370//154 3406//154 3371//154
f 3371//155 3407//155 3372//155
f 3372//157 3408//157 3373//157
f 3375//162 3411//162 3376//162
f 3376//163 3412//163 3377//163
f 3377//165 3413//165 3378//165
f 3387//176 3423//176 3388//176
f 3388//178 3424//178 3355//178
f 3425//183 3426//183 3427//183
f 3427//182 3426//182 3428//182
f 3427//245 3428//245 3429//245
f 3429//181 3428//181 3430//181
f 3429//182 3430//182 3431//182
f 3426//182 3425//182 3432//182
f 3432//181 3425//181 3433//181
f 3432//1551 3433//1551 3434//1551
f 3434//244 3433//244 3435//244
f 3434//181 3435//181 3436//181
f 3436//1554 3435//1554 3437//1554
f 3436//1555 3437//1555 3438//1555
f 3438//241 3437//241 3439//241
f 3438//181 3439//181 3440//181
f 3440//241 3439//241 3441//241
f 3440//183 3441//183 3442//183
f 3442//1576 3441//1576 3443//1576
f 3442//183 3443//183 3444//183
f 3444//1558 3443//1558 3445//1558
f 3444//1576 3445//1576 3446//1576
f 3446//183 3445//183 3447//183
f 3446//183 3447//183 3448//183
f 3446//183 3448//183 3449//183
f 3449//183 3448//183 3450//183
f 3449//244 3450//244 3451//244
f 3451//1587 3450//1587 3452//1587
f 3451//185 3452//185 3453//185
f 3453//244 3452//244 3454//244
f 3453//253 3454//253 3455//253
f 3455//182 3454//182 3456//182
f 3455//244 3456//244 3457//244
f 3457//1557 3456//1557 3458//1557
f 3457//186 3458//186 3459//186
f 3459//185 3458//185 3460//185
f 3459//1553 3460//1553 3461//1553
f 3461//183 3460//183 3462//183
f 3461//1565 3462//1565 3463//1565
f 3463//182 3462//182 3464//182
f 3463//181 3464//181 3465//181
f 3465//1553 3464//1553 3466//1553
f 3466//182 3464//182 3467//182
f 3466//244 3467//244 3468//244
f 3468//183 3467//183 3469//183
f 3468//1564 3469//1564 3470//1564
f 3470//182 3469//182 3471//182
f 3470//182 3471//182 3472//182
f 3472//1588 3471//1588 3473//1588
f 3472//1589 3473//1589 3474//1589
f 3474//182 3473//182 3475//182
f 3474//243 3475//243 3476//243
f 3476//1590 3475//1590 3477//1590
f 3476//181 3477//181 3478//181
f 3478//1591 3477//1591 3479//1591
f 3478//1569 3479//1569 3480//1569
f 3480//183 3479//183 3481//183
f 3480//183 3481//183 3482//183
f 3482//183 3481//183 3483//183
f 3482//183 3483//183 3484//183
f 3482//1570 3484//1570 3485//1570
f 3485//1571 3484//1571 3486//1571
f 3485//242 3486//242 3487//242
f 3487//1575 3486//1575 3488//1575
f 3487//182 3488//182 3489//182
f 3489//1554 3488//1554 3490//1554
f 3489//185 3490//185 3491//185
f 3491//1592 3490//1592 3492//1592
f 3491//1575 3492//1575 3493//1575
f 3493//1557 3492//1557 3494//1557
f 3493//243 3494//243 3495//243
f 3495//1589 3494//1589 3496//1589
f 3495//1564 3496//1564 3431//1564
f 3431//181 3496//181 3429//181
f 3435//139 3501//139 3437//139
f 3441//143 3504//143 3443//143
f 3445//145 3506//145 3447//145
f 3460//154 3514//154 3462//154
f 3471//162 3519//162 3473//162
f 3473//163 3520//163 3475//163
f 3477//166 3522//166 3479//166
f 3481//168 3524//168 3483//168
f 3483//168 3524//168 3525//168
f 3483//169 3525//169 3484//169
f 3484//169 3525//169 3526//169
f 3484//170 3526//170 3486//170
f 3486//170 3526//170 3527//170
f 3486//171 3527//171 3488//171
f 3488//171 3527//171 3528//171
f 509//183 3654//183 510//183
f 510//183 3654//183 3653//183
f 510//241 3653//241 3652//241
f 3967//183 3663//183 509//183
f 509//182 3663//182 3662//182
f 509//183 3662//183 3661//183
f 3968//183 3673//183 3967//183
f 3967//183 3673//183 3672//183
f 3967//183 3672//183 3671//183
f 510//183 3643//183 3968//183
f 3968//183 3643//183 3642//183
f 3968//183 3642//183 3641//183
f 3641//183 3640//183 3968//183
f 3968//183 3640//183 3639//183
f 3968//183 3639//183 3638//183
f 3638//183 3637//183 3968//183
f 3968//183 3637//183 3636//183
f 3968//183 3636//183 3635//183
f 3635//242 3634//242 3968//242
f 3968//183 3634//183 3673//183
f 3671//183 3670//183 3967//183
f 3967//183 3670//183 3669//183
f 3967//183 3669//183 3668//183
f 3668//183 3667//183 3967//183
f 3967//183 3667//183 3666//183
f 3967//183 3666//183 3665//183
f 3665//182 3664//182 3967//182
f 3967//183 3664//183 3663//183
f 3661//183 3660//183 509//183
f 509//183 3660//183 3659//183
f 509//183 3659//183 3658//183
f 3658//183 3657//183 509//183
f 509//183 3657//183 3656//183
f 509//183 3656//183 3655//183
f 3655//183 3654//183 509//183
f 3652//183 3651//183 510//183
f 510//183 3651//183 3650//183
f 510//183 3650//183 3649//183
f 3649//183 3648//183 510//183
f 510//183 3648//183 3647//183
f 510//183 3647//183 3646//183
f 3646//183 3645//183 510//183
f 510//183 3645//183 3644//183
f 510//183 3644//183 3643//183
f 506//97 517//97 504//97
f 504//97 517//97 3969//97
f 3970//456 3971//456 3969//456
f 3969//456 3971//456 3972//456
f 3969//456 3972//456 3973//456
f 3973//456 3972//456 3974//456
f 3974//456 3972//456 3975//456
f 3974//456 3975//456 3976//456
f 3976//456 3975//456 3977//456
f 3976//456 3977//456 3978//456
f 3978//456 3977//456 3979//456
f 3978//456 3979//456 3980//456
f 3980//456 3979//456 3981//456
f 3980//456 3981//456 3982//456
f 3982//456 3981//456 3983//456
f 3983//456 3981//456 3984//456
f 3983//456 3984//456 3985//456
f 3985//458 3986//458 3983//458
f 3983//456 3986//456 3987//456
f 3983//457 3987//457 3988//457
f 3988//456 3989//456 3983//456
f 3990//456 3991//456 3982//456
f 3982//457 3991//457 3992//457
f 3982//456 3992//456 3993//456
f 3993//456 3994//456 3982//456
f 3982//456 3994//456 3995//456
f 3982//456 3995//456 3980//456
f 3969//456 3973//456 504//456
f 504//456 3973//456 3996//456
f 504//456 3996//456 3997//456
f 3996//255 3998//255 3997//255
f 3997//255 3998//255 3999//255
f 3973//360 4000//360 3996//360
f 3996//360 4000//360 4001//360
f 3996//360 4001//360 4002//360
f 4003//360 4004//360 3973//360
f 3973//360 4004//360 4005//360
f 3973//360 4005//360 4006//360
f 4007//360 4008//360 4003//360
f 4003//360 4008//360 4009//360
f 4003//360 4009//360 4010//360
f 3998//360 4011//360 4007//360
f 4007//360 4011//360 4012//360
f 4007//360 4012//360 4013//360
f 3996//360 4014//360 3998//360
f 3998//360 4014//360 4015//360
f 3998//360 4015//360 4016//360
f 4017//360 4018//360 4007//360
f 4007//360 4018//360 4019//360
f 4007//360 4019//360 4008//360
f 4010//360 4020//360 4003//360
f 4003//360 4020//360 4021//360
f 4003//360 4021//360 4022//360
f 4022//360 4023//360 4003//360
f 4003//360 4023//360 4024//360
f 4003//360 4024//360 4025//360
f 4025//360 4004//360 4003//360
f 4006//360 4026//360 3973//360
f 3973//360 4026//360 4027//360
f 3973//360 4027//360 4028//360
f 4028//360 4029//360 3973//360
f 3973//360 4029//360 4030//360
f 3973//360 4030//360 4031//360
f 4031//360 4032//360 3973//360
f 3973//360 4032//360 4033//360
f 3973//360 4033//360 4000//360
f 4002//360 4034//360 3996//360
f 3996//360 4034//360 4035//360
f 3996//360 4035//360 4036//360
f 4036//360 4037//360 3996//360
f 3996//360 4037//360 4038//360
f 3996//360 4038//360 4039//360
f 4039//360 4040//360 3996//360
f 3996//360 4040//360 4014//360
f 4016//360 4041//360 3998//360
f 3998//360 4041//360 4042//360
f 3998//360 4042//360 4043//360
f 4043//360 4044//360 3998//360
f 3998//360 4044//360 4011//360
f 4013//360 4045//360 4007//360
f 4007//360 4045//360 4017//360
f 4003//423 3973//423 4046//423
f 4046//424 3973//424 3974//424
f 4046//422 3974//422 4047//422
f 4047//422 3974//422 3976//422
f 4047//420 3976//420 4048//420
f 4048//420 3976//420 3978//420
f 4048//417 3978//417 4049//417
f 4049//417 3978//417 3980//417
f 4049//416 3980//416 4050//416
f 4050//416 3980//416 3995//416
f 4050//415 3995//415 4051//415
f 4051//415 3995//415 3994//415
f 4051//413 3994//413 4052//413
f 4052//413 3994//413 3993//413
f 4052//412 3993//412 4053//412
f 4053//412 3993//412 3992//412
f 4053//411 3992//411 4054//411
f 4054//411 3992//411 3991//411
f 4054//410 3991//410 4055//410
f 4055//410 3991//410 3990//410
f 4055//409 3990//409 4056//409
f 4056//409 3990//409 3982//409
f 3983//97 4057//97 3982//97
f 3982//97 4057//97 4056//97
f 4057//408 3983//408 4058//408
f 4058//408 3983//408 3989//408
f 4058//407 3989//407 4059//407
f 4059//407 3989//407 3988//407
f 4059//406 3988//406 4060//406
f 4060//406 3988//406 3987//406
f 4060//405 3987//405 4061//405
f 4061//405 3987//405 3986//405
f 4061//403 3986//403 4062//403
f 4062//403 3986//403 3985//403
f 4062//402 3985//402 4063//402
f 4063//402 3985//402 3984//402
f 4063//401 3984//401 4064//401
f 4064//401 3984//401 3981//401
f 4064//399 3981//399 4065//399
f 4065//399 3981//399 3979//399
f 4065//398 3979//398 4066//398
f 4066//398 3979//398 3977//398
f 4066//396 3977//396 4067//396
f 4067//396 3977//396 3975//396
f 4067//394 3975//394 4068//394
f 4068//393 3975//393 3972//393
f 3971//1593 4069//1593 3972//1593
f 3972//1593 4069//1593 4070//1593
f 3972//1593 4070//1593 4068//1593
f 4071//1594 4019//1594 4072//1594
f 4072//1594 4019//1594 4018//1594
f 4072//1595 4018//1595 4073//1595
f 4073//1595 4018//1595 4017//1595
f 4073//1596 4017//1596 4074//1596
f 4074//1596 4017//1596 4045//1596
f 4074//1597 4045//1597 4075//1597
f 4075//1597 4045//1597 4013//1597
f 4075//1598 4013//1598 4076//1598
f 4076//1598 4013//1598 4012//1598
f 4076//1599 4012//1599 4077//1599
f 4077//1599 4012//1599 4011//1599
f 4077//1600 4011//1600 4078//1600
f 4078//1601 4011//1601 4044//1601
f 4078//1602 4044//1602 4079//1602
f 4079//1602 4044//1602 4043//1602
f 4079//1603 4043//1603 4080//1603
f 4080//1604 4043//1604 4042//1604
f 4080//1605 4042//1605 4081//1605
f 4081//1605 4042//1605 4041//1605
f 4081//1606 4041//1606 4082//1606
f 4082//1606 4041//1606 4016//1606
f 4082//1607 4016//1607 4083//1607
f 4083//1607 4016//1607 4015//1607
f 4083//1608 4015//1608 4084//1608
f 4084//1608 4015//1608 4014//1608
f 4084//1609 4014//1609 4085//1609
f 4085//1609 4014//1609 4040//1609
f 4085//1610 4040//1610 4086//1610
f 4086//1610 4040//1610 4039//1610
f 4086//1611 4039//1611 4087//1611
f 4087//1612 4039//1612 4038//1612
f 4087//1613 4038//1613 4088//1613
f 4088//1613 4038//1613 4037//1613
f 4088//1614 4037//1614 4089//1614
f 4089//1615 4037//1615 4036//1615
f 4089//1616 4036//1616 4090//1616
f 4090//1617 4036//1617 4035//1617
f 4090//1618 4035//1618 4091//1618
f 4091//1618 4035//1618 4034//1618
f 4091//1619 4034//1619 4092//1619
f 4092//1620 4034//1620 4002//1620
f 4092//1621 4002//1621 4093//1621
f 4093//1621 4002//1621 4001//1621
f 4093//1622 4001//1622 4094//1622
f 4094//1622 4001//1622 4000//1622
f 4094//1623 4000//1623 4095//1623
f 4095//1623 4000//1623 4033//1623
f 4095//1624 4033//1624 4096//1624
f 4096//1624 4033//1624 4032//1624
f 4096//1625 4032//1625 4097//1625
f 4097//1626 4032//1626 4031//1626
f 4097//1627 4031//1627 4098//1627
f 4098//1627 4031//1627 4030//1627
f 4098//1628 4030//1628 4099//1628
f 4099//1628 4030//1628 4029//1628
f 4099//1629 4029//1629 4100//1629
f 4100//1630 4029//1630 4028//1630
f 4100//1631 4028//1631 4101//1631
f 4101//1631 4028//1631 4027//1631
f 4101//1632 4027//1632 4102//1632
f 4102//1632 4027//1632 4026//1632
f 4102//1633 4026//1633 4103//1633
f 4103//1633 4026//1633 4006//1633
f 4103//1634 4006//1634 4104//1634
f 4104//1634 4006//1634 4005//1634
f 4104//1635 4005//1635 4105//1635
f 4105//1635 4005//1635 4004//1635
f 4105//1636 4004//1636 4106//1636
f 4106//1636 4004//1636 4025//1636
f 4106//1637 4025//1637 4107//1637
f 4107//1637 4025//1637 4024//1637
f 4107//1638 4024//1638 4108//1638
f 4108//1638 4024//1638 4023//1638
f 4108//1639 4023//1639 4109//1639
f 4109//1640 4023//1640 4022//1640
f 4109//1641 4022//1641 4110//1641
f 4110//1641 4022//1641 4021//1641
f 4110//1642 4021//1642 4111//1642
f 4111//1643 4021//1643 4020//1643
f 4111//1644 4020//1644 4112//1644
f 4112//1644 4020//1644 4010//1644
f 4112//1645 4010//1645 4113//1645
f 4113//1645 4010//1645 4009//1645
f 4113//1646 4009//1646 4114//1646
f 4114//1646 4009//1646 4008//1646
f 4114//1647 4008//1647 4071//1647
f 4071//1647 4008//1647 4019//1647
f 4073//1648 1683//1648 4072//1648
f 4072//360 1683//360 1680//360
f 4072//360 1680//360 1678//360
f 1683//1649 4073//1649 1685//1649
f 1685//360 4073//360 4074//360
f 1685//1650 4074//1650 1687//1650
f 1687//1651 4074//1651 4075//1651
f 1687//1652 4075//1652 1689//1652
f 1689//360 4075//360 4076//360
f 1689//1653 4076//1653 1692//1653
f 1692//1648 4076//1648 4077//1648
f 1692//1653 4077//1653 1694//1653
f 1694//360 4077//360 4078//360
f 1694//1654 4078//1654 1696//1654
f 1696//360 4078//360 4079//360
f 1696//1653 4079//1653 1698//1653
f 1698//1654 4079//1654 4080//1654
f 1698//1654 4080//1654 1700//1654
f 1700//1653 4080//1653 4081//1653
f 1700//1653 4081//1653 1702//1653
f 1702//1654 4081//1654 4082//1654
f 1702//1655 4082//1655 1704//1655
f 1704//1654 4083//1654 4084//1654
f 1704//1653 4084//1653 1706//1653
f 1706//1654 4084//1654 4085//1654
f 1706//1653 4085//1653 1708//1653
f 1708//1653 4085//1653 4086//1653
f 1708//1654 4086//1654 1710//1654
f 1710//1656 4086//1656 4087//1656
f 1710//1653 4087//1653 1712//1653
f 1712//1654 4087//1654 4088//1654
f 1712//1653 4088//1653 1714//1653
f 1714//360 4088//360 4089//360
f 1714//1653 4089//1653 1716//1653
f 1716//1651 4089//1651 4090//1651
f 1716//360 4090//360 1718//360
f 1718//360 4090//360 4091//360
f 1718//1649 4091//1649 1721//1649
f 1721//1649 4091//1649 4092//1649
f 1721//360 4092//360 1723//360
f 1723//1654 4092//1654 4093//1654
f 1723//1650 4093//1650 1725//1650
f 1725//1650 4093//1650 1727//1650
f 1727//360 4093//360 4094//360
f 1727//360 4094//360 1730//360
f 1730//360 4094//360 4095//360
f 1730//1653 4095//1653 1732//1653
f 1732//1657 4095//1657 4096//1657
f 1732//360 4096//360 1734//360
f 1734//360 4096//360 4097//360
f 1734//360 4097//360 1657//360
f 1657//360 4097//360 4098//360
f 1657//360 4098//360 1655//360
f 1655//1658 4098//1658 4099//1658
f 1655//360 4099//360 1653//360
f 1653//360 4099//360 4100//360
f 1653//1656 4100//1656 1651//1656
f 1651//360 4100//360 4101//360
f 1651//1653 4101//1653 1649//1653
f 1649//360 4101//360 4102//360
f 1649//360 4102//360 1647//360
f 1645//1654 4103//1654 4104//1654
f 1645//360 4104//360 1643//360
f 1643//360 4104//360 4105//360
f 1643//360 4105//360 4106//360
f 1643//360 4106//360 1641//360
f 1641//1654 4106//1654 4107//1654
f 1641//1654 4107//1654 1661//1654
f 1661//360 4107//360 4108//360
f 1661//360 4108//360 1663//360
f 1663//360 4108//360 4109//360
f 1663//360 4109//360 1665//360
f 1665//1653 4109//1653 4110//1653
f 1665//1654 4110//1654 1667//1654
f 1667//360 4110//360 4111//360
f 1667//1654 4111//1654 1669//1654
f 1669//1649 4111//1649 4112//1649
f 1669//360 4112//360 1671//360
f 1671//360 4112//360 4113//360
f 1671//1656 4113//1656 1674//1656
f 1674//1654 4113//1654 4114//1654
f 1674//360 4114//360 1676//360
f 1676//1659 4114//1659 4071//1659
f 1676//360 4071//360 1678//360
f 1678//360 4071//360 4072//360
f 4115//1660 512//1660 4116//1660
f 4116//1660 512//1660 511//1660
f 503//277 512//277 4117//277
f 4117//277 512//277 4115//277
f 4116//256 511//256 3968//256
f 3968//256 511//256 510//256
f 4070//1661 4069//1661 4118//1661
f 4118//1661 4069//1661 4119//1661
f 3999//1662 3998//1662 4120//1662
f 4120//1662 3998//1662 4007//1662
f 4121//256 4122//256 4123//256
f 4123//256 4122//256 4124//256
f 4123//256 4124//256 4125//256
f 4125//256 4124//256 4126//256
f 4125//256 4126//256 4127//256
f 4127//256 4126//256 4128//256
f 4127//256 4128//256 4129//256
f 4129//256 4128//256 4130//256
f 4130//256 4128//256 4131//256
f 4130//256 4131//256 4132//256
f 4132//256 4131//256 4133//256
f 4132//256 4133//256 4134//256
f 4134//256 4133//256 4135//256
f 4134//256 4135//256 4136//256
f 4136//256 4135//256 4137//256
f 4136//256 4137//256 4138//256
f 4138//256 4137//256 4139//256
f 4138//256 4139//256 4140//256
f 4140//256 4139//256 4141//256
f 4140//256 4141//256 4142//256
f 4142//256 4141//256 4143//256
f 4142//256 4143//256 4144//256
f 4144//256 4143//256 4145//256
f 4144//256 4145//256 4146//256
f 4146//256 4145//256 4147//256
f 4146//256 4147//256 4148//256
f 4148//256 4147//256 4149//256
f 4148//256 4149//256 4150//256
f 4150//256 4149//256 4151//256
f 4150//256 4151//256 4152//256
f 4152//256 4151//256 4153//256
f 4152//256 4153//256 4154//256
f 4154//256 4153//256 4155//256
f 4154//256 4155//256 4156//256
f 4156//256 4155//256 4157//256
f 4157//256 4155//256 4158//256
f 4157//256 4158//256 4159//256
f 4159//256 4158//256 4160//256
f 4159//256 4160//256 4161//256
f 4161//256 4160//256 4162//256
f 4161//256 4162//256 4163//256
f 4163//256 4162//256 4164//256
f 4163//256 4164//256 4165//256
f 4165//256 4164//256 4166//256
f 4165//256 4166//256 4167//256
f 4167//256 4166//256 4168//256
f 4167//256 4168//256 4169//256
f 4169//256 4168//256 4170//256
f 4169//256 4170//256 4171//256
f 4171//256 4170//256 4172//256
f 4171//256 4172//256 4173//256
f 4173//256 4172//256 4174//256
f 4173//256 4174//256 4175//256
f 4175//256 4174//256 4176//256
f 4175//256 4176//256 4177//256
f 4177//256 4176//256 4178//256
f 4177//256 4178//256 4179//256
f 4179//256 4178//256 4180//256
f 4179//256 4180//256 4181//256
f 4181//256 4180//256 4182//256
f 4182//256 4180//256 4183//256
f 4182//256 4183//256 4184//256
f 4184//256 4183//256 4185//256
f 4184//256 4185//256 4186//256
f 4186//256 4185//256 4187//256
f 4186//256 4187//256 4188//256
f 4188//256 4187//256 4189//256
f 4188//256 4189//256 4190//256
f 4190//256 4189//256 4191//256
f 4190//256 4191//256 4192//256
f 4192//256 4191//256 4193//256
f 4192//256 4193//256 4194//256
f 4194//256 4193//256 4195//256
f 4194//256 4195//256 4196//256
f 4196//256 4195//256 4197//256
f 4196//256 4197//256 4121//256
f 4121//256 4197//256 4122//256
f 4198//1527 4121//1527 4199//1527
f 4199//1527 4121//1527 4123//1527
f 4199//1424 4123//1424 4200//1424
f 4200//1424 4123//1424 4125//1424
f 4200//1423 4125//1423 4201//1423
f 4201//1663 4125//1663 4127//1663
f 4201//1422 4127//1422 4202//1422
f 4202//1422 4127//1422 4129//1422
f 4202//1421 4129//1421 4203//1421
f 4203//1421 4129//1421 4130//1421
f 4203//1420 4130//1420 4204//1420
f 4204//1420 4130//1420 4132//1420
f 4204//1547 4132//1547 4205//1547
f 4205//1418 4132//1418 4134//1418
f 4205//1417 4134//1417 4206//1417
f 4206//1417 4134//1417 4136//1417
f 4206//1416 4136//1416 4207//1416
f 4207//1416 4136//1416 4138//1416
f 4207//1415 4138//1415 4208//1415
f 4208//1546 4138//1546 4140//1546
f 4208//1545 4140//1545 4209//1545
f 4209//1414 4140//1414 4142//1414
f 4209//484 4142//484 4210//484
f 4210//483 4142//483 4144//483
f 4210//482 4144//482 4211//482
f 4211//481 4144//481 4146//481
f 4211//480 4146//480 4212//480
f 4212//480 4146//480 4148//480
f 4212//479 4148//479 4213//479
f 4213//479 4148//479 4150//479
f 4213//478 4150//478 4214//478
f 4214//537 4150//537 4152//537
f 4214//477 4152//477 4215//477
f 4215//477 4152//477 4154//477
f 4215//476 4154//476 4216//476
f 4216//476 4154//476 4156//476
f 4216//475 4156//475 4217//475
f 4217//475 4156//475 4157//475
f 4217//474 4157//474 4218//474
f 4218//474 4157//474 4159//474
f 4218//473 4159//473 4219//473
f 4219//473 4159//473 4161//473
f 4219//472 4161//472 4220//472
f 4220//472 4161//472 4163//472
f 4220//471 4163//471 4221//471
f 4221//471 4163//471 4165//471
f 4221//470 4165//470 4222//470
f 4222//470 4165//470 4167//470
f 4222//469 4167//469 4223//469
f 4223//469 4167//469 4169//469
f 4223//468 4169//468 4224//468
f 4224//467 4169//467 4171//467
f 4224//466 4171//466 4225//466
f 4225//536 4171//536 4173//536
f 4225//465 4173//465 4226//465
f 4226//464 4173//464 4175//464
f 4226//463 4175//463 4227//463
f 4227//463 4175//463 4177//463
f 4227//462 4177//462 4228//462
f 4228//462 4177//462 4179//462
f 4228//461 4179//461 4229//461
f 4229//461 4179//461 4181//461
f 4229//1476 4181//1476 4230//1476
f 4230//1476 4181//1476 4182//1476
f 4230//1535 4182//1535 4231//1535
f 4231//1535 4182//1535 4184//1535
f 4231//1534 4184//1534 4232//1534
f 4232//1534 4184//1534 4186//1534
f 4232//1550 4186//1550 4233//1550
f 4233//1533 4186//1533 4188//1533
f 4233//1549 4188//1549 4234//1549
f 4234//1532 4188//1532 4190//1532
f 4234//1531 4190//1531 4235//1531
f 4235//1548 4190//1548 4192//1548
f 4235//1530 4192//1530 4236//1530
f 4236//1530 4192//1530 4194//1530
f 4236//1529 4194//1529 4237//1529
f 4237//1529 4194//1529 4196//1529
f 4237//1528 4196//1528 4198//1528
f 4198//1664 4196//1664 4121//1664
f 4238//256 764//256 4239//256
f 4239//256 764//256 765//256
f 4239//256 765//256 4240//256
f 4240//256 765//256 766//256
f 4240//256 766//256 4241//256
f 4241//256 766//256 767//256
f 4241//256 767//256 4242//256
f 4242//256 767//256 4243//256
f 4243//256 767//256 768//256
f 4243//256 768//256 4244//256
f 4244//256 768//256 769//256
f 4244//256 769//256 4245//256
f 4245//256 769//256 770//256
f 4245//256 770//256 4246//256
f 4246//256 770//256 771//256
f 4246//256 771//256 4247//256
f 4247//256 771//256 772//256
f 4247//256 772//256 4248//256
f 4248//256 772//256 773//256
f 4248//256 773//256 4249//256
f 4249//256 773//256 774//256
f 4249//256 774//256 4250//256
f 4250//256 774//256 775//256
f 4250//256 775//256 4251//256
f 4251//256 775//256 776//256
f 4251//256 776//256 4252//256
f 4252//256 776//256 777//256
f 4252//256 777//256 4253//256
f 4253//256 777//256 778//256
f 4253//256 778//256 4254//256
f 4254//256 778//256 779//256
f 4254//256 779//256 4255//256
f 4255//256 779//256 780//256
f 4255//256 780//256 4256//256
f 4256//256 780//256 4257//256
f 4257//256 780//256 781//256
f 4257//256 781//256 4258//256
f 4258//256 781//256 782//256
f 4258//256 782//256 4259//256
f 4259//256 782//256 783//256
f 4259//256 783//256 4260//256
f 4260//256 783//256 784//256
f 4260//256 784//256 4261//256
f 4261//256 784//256 785//256
f 4261//256 785//256 4262//256
f 4262//256 785//256 786//256
f 4263//256 786//256 787//256
f 4263//256 787//256 4264//256
f 4264//256 787//256 788//256
f 4264//256 788//256 4265//256
f 4265//256 788//256 789//256
f 4265//256 789//256 4266//256
f 4266//256 789//256 790//256
f 4266//256 790//256 4267//256
f 4267//256 790//256 754//256
f 4267//256 754//256 4268//256
f 4268//256 754//256 755//256
f 4268//256 755//256 4269//256
f 4269//256 755//256 4270//256
f 4270//256 755//256 756//256
f 4270//256 756//256 4271//256
f 4271//256 756//256 757//256
f 4271//256 757//256 4272//256
f 4272//256 757//256 758//256
f 4272//256 758//256 4273//256
f 4273//256 758//256 759//256
f 4273//256 759//256 4274//256
f 4274//256 759//256 760//256
f 4274//256 760//256 4275//256
f 4275//256 760//256 761//256
f 4275//256 761//256 4276//256
f 4276//256 761//256 762//256
f 4276//256 762//256 4277//256
f 4277//256 762//256 763//256
f 4277//256 763//256 4238//256
f 4238//256 763//256 764//256
f 4278//1527 4238//1527 4279//1527
f 4279//1527 4238//1527 4239//1527
f 4279//1424 4239//1424 4280//1424
f 4280//1424 4239//1424 4240//1424
f 4280//1423 4240//1423 4281//1423
f 4281//1663 4240//1663 4241//1663
f 4281//1422 4241//1422 4282//1422
f 4282//1422 4241//1422 4242//1422
f 4282//1421 4242//1421 4283//1421
f 4283//1421 4242//1421 4243//1421
f 4283//1420 4243//1420 4284//1420
f 4284//1420 4243//1420 4244//1420
f 4284//1547 4244//1547 4285//1547
f 4285//1418 4244//1418 4245//1418
f 4285//1417 4245//1417 4286//1417
f 4286//1417 4245//1417 4246//1417
f 4286//1416 4246//1416 4287//1416
f 4287//1416 4246//1416 4247//1416
f 4287//1415 4247//1415 4288//1415
f 4288//1546 4247//1546 4248//1546
f 4288//1545 4248//1545 4289//1545
f 4289//1414 4248//1414 4249//1414
f 4289//484 4249//484 4290//484
f 4290//483 4249//483 4250//483
f 4290//482 4250//482 4291//482
f 4291//481 4250//481 4251//481
f 4291//480 4251//480 4292//480
f 4292//480 4251//480 4252//480
f 4292//479 4252//479 4293//479
f 4293//479 4252//479 4253//479
f 4293//478 4253//478 4294//478
f 4294//537 4253//537 4254//537
f 4294//477 4254//477 4295//477
f 4295//477 4254//477 4255//477
f 4295//476 4255//476 4296//476
f 4296//476 4255//476 4256//476
f 4296//475 4256//475 4297//475
f 4297//475 4256//475 4257//475
f 4297//474 4257//474 4298//474
f 4298//474 4257//474 4258//474
f 4298//473 4258//473 4299//473
f 4299//473 4258//473 4259//473
f 4299//472 4259//472 4300//472
f 4300//472 4259//472 4260//472
f 4300//471 4260//471 4301//471
f 4301//471 4260//471 4261//471
f 4301//470 4261//470 4302//470
f 4302//470 4261//470 4262//470
f 4302//469 4262//469 4303//469
f 4303//469 4262//469 4263//469
f 4303//468 4263//468 4304//468
f 4304//467 4263//467 4264//467
f 4304//466 4264//466 4305//466
f 4305//536 4264//536 4265//536
f 4305//465 4265//465 4306//465
f 4306//464 4265//464 4266//464
f 4306//463 4266//463 4307//463
f 4307//463 4266//463 4267//463
f 4307//462 4267//462 4308//462
f 4308//462 4267//462 4268//462
f 4308//461 4268//461 4309//461
f 4309//461 4268//461 4269//461
f 4309//1476 4269//1476 4310//1476
f 4310//1476 4269//1476 4270//1476
f 4310//1535 4270//1535 4311//1535
f 4311//1535 4270//1535 4271//1535
f 4311//1534 4271//1534 4312//1534
f 4312//1534 4271//1534 4272//1534
f 4312//1550 4272//1550 4313//1550
f 4313//1533 4272//1533 4273//1533
f 4313//1549 4273//1549 4314//1549
f 4314//1532 4273//1532 4274//1532
f 4314//1531 4274//1531 4315//1531
f 4315//1548 4274//1548 4275//1548
f 4315//1530 4275//1530 4316//1530
f 4316//1530 4275//1530 4276//1530
f 4316//1529 4276//1529 4317//1529
f 4317//1529 4276//1529 4277//1529
f 4317//1528 4277//1528 4278//1528
f 4278//1664 4277//1664 4238//1664
f 3997//277 3999//277 504//277
f 504//277 3999//277 505//277
f 505//277 3999//277 4120//277
f 3970//277 3969//277 4119//277
f 4119//277 3969//277 4318//277
f 4119//277 4318//277 4118//277
f 3970//361 4119//361 3971//361
f 3971//361 4119//361 4069//361
f 4003//256 4213//256 4007//256
f 4007//256 4213//256 4214//256
f 4007//256 4214//256 4215//256
f 4046//256 509//256 4003//256
f 4003//256 509//256 4207//256
f 4003//256 4207//256 4208//256
f 4046//256 4047//256 509//256
f 509//256 4047//256 4048//256
f 509//256 4048//256 4049//256
f 4049//256 4050//256 509//256
f 509//256 4050//256 4051//256
f 509//256 4051//256 4052//256
f 4052//256 4053//256 509//256
f 509//256 4053//256 4054//256
f 509//256 4054//256 4055//256
f 4055//256 4056//256 509//256
f 509//256 4056//256 4057//256
f 509//256 4057//256 3967//256
f 3967//256 4057//256 4058//256
f 3967//256 4058//256 4059//256
f 4059//256 4060//256 3967//256
f 3967//256 4060//256 4061//256
f 3967//256 4061//256 4062//256
f 4062//256 4063//256 3967//256
f 3967//256 4063//256 4064//256
f 3967//256 4064//256 4065//256
f 4065//256 4066//256 3967//256
f 3967//256 4066//256 4067//256
f 3967//256 4067//256 4068//256
f 4070//256 4285//256 4068//256
f 4068//256 4285//256 4286//256
f 4068//256 4286//256 4287//256
f 4118//256 4312//256 4070//256
f 4070//1665 4312//1665 4313//1665
f 4070//256 4313//256 4314//256
f 4318//256 4309//256 4118//256
f 4118//256 4309//256 4310//256
f 4118//256 4310//256 4311//256
f 3967//256 4299//256 4318//256
f 4318//256 4299//256 4300//256
f 4318//256 4300//256 4301//256
f 505//256 4199//256 509//256
f 509//256 4199//256 4200//256
f 509//256 4200//256 4201//256
f 4120//256 4229//256 505//256
f 505//256 4229//256 4230//256
f 505//256 4230//256 4231//256
f 4007//256 4226//256 4120//256
f 4120//256 4226//256 4227//256
f 4120//256 4227//256 4228//256
f 4278//256 4279//256 4070//256
f 4070//256 4279//256 4280//256
f 4070//256 4280//256 4281//256
f 4281//256 4282//256 4070//256
f 4070//256 4282//256 4283//256
f 4070//256 4283//256 4284//256
f 4284//256 4285//256 4070//256
f 4287//256 4288//256 4068//256
f 4068//256 4288//256 4289//256
f 4068//256 4289//256 4290//256
f 4290//256 4291//256 4068//256
f 4068//256 4291//256 3967//256
f 4291//256 4292//256 3967//256
f 3967//256 4292//256 4293//256
f 3967//256 4293//256 4294//256
f 4294//256 4295//256 3967//256
f 3967//256 4295//256 4296//256
f 3967//256 4296//256 4297//256
f 4297//256 4298//256 3967//256
f 3967//256 4298//256 4299//256
f 4301//256 4302//256 4318//256
f 4318//256 4302//256 4303//256
f 4318//256 4303//256 4304//256
f 4304//256 4305//256 4318//256
f 4318//256 4305//256 4306//256
f 4318//256 4306//256 4307//256
f 4307//256 4308//256 4318//256
f 4318//256 4308//256 4309//256
f 4311//256 4312//256 4118//256
f 4314//256 4315//256 4070//256
f 4070//256 4315//256 4316//256
f 4070//256 4316//256 4317//256
f 4317//256 4278//256 4070//256
f 4201//256 4202//256 509//256
f 509//256 4202//256 4203//256
f 509//256 4203//256 4204//256
f 4204//256 4205//256 509//256
f 509//256 4205//256 4206//256
f 509//256 4206//256 4207//256
f 4208//256 4209//256 4003//256
f 4003//256 4209//256 4210//256
f 4003//256 4210//256 4211//256
f 4211//256 4212//256 4003//256
f 4003//256 4212//256 4213//256
f 4215//1666 4216//1666 4007//1666
f 4007//256 4216//256 4217//256
f 4007//256 4217//256 4218//256
f 4218//256 4219//256 4007//256
f 4007//256 4219//256 4220//256
f 4007//256 4220//256 4221//256
f 4221//256 4222//256 4007//256
f 4007//256 4222//256 4223//256
f 4007//256 4223//256 4224//256
f 4224//256 4225//256 4007//256
f 4007//1665 4225//1665 4226//1665
f 4228//256 4229//256 4120//256
f 4231//256 4232//256 505//256
f 505//256 4232//256 4233//256
f 505//256 4233//256 4234//256
f 4234//256 4235//256 505//256
f 505//256 4235//256 4236//256
f 505//256 4236//256 4237//256
f 4237//256 4198//256 505//256
f 505//256 4198//256 4199//256
f 516//361 4319//361 515//361
f 515//361 4319//361 4117//361
f 515//361 4117//361 3969//361
f 3969//361 4117//361 4318//361
f 4318//361 4117//361 4115//361
f 4318//361 4115//361 4116//361
f 4116//361 3968//361 4318//361
f 4318//361 3968//361 3967//361
f 3969//361 517//361 515//361
f 515//361 517//361 4320//361
f 4320//361 517//361 4321//361
f 4319//256 502//256 4117//256
f 4117//256 502//256 503//256
f 4322//277 525//277 508//277
f 508//277 525//277 506//277
f 519//277 4323//277 517//277
f 517//277 4323//277 4321//277
f 4324//1667 4325//1667 4326//1667
f 4326//1668 4325//1668 4327//1668
f 4326//1669 4327//1669 4328//1669
f 4328//1670 4327//1670 4329//1670
f 4328//1671 4329//1671 4330//1671
f 4330//1672 4329//1672 4331//1672
f 4330//1673 4331//1673 4332//1673
f 4332//1673 4331//1673 4333//1673
f 4332//1674 4333//1674 4334//1674
f 4334//1674 4333//1674 4335//1674
f 4334//1675 4335//1675 4336//1675
f 4337//1676 4338//1676 4336//1676
f 4336//1676 4338//1676 4339//1676
f 4336//1675 4339//1675 4334//1675
f 4338//1677 4337//1677 4340//1677
f 4340//1678 4337//1678 4341//1678
f 4340//1679 4341//1679 4342//1679
f 4343//1680 4344//1680 4342//1680
f 4342//1681 4344//1681 4345//1681
f 4342//1679 4345//1679 4340//1679
f 4343//1682 4346//1682 4344//1682
f 4344//1682 4346//1682 4347//1682
f 4347//1683 4346//1683 4348//1683
f 4348//1684 4346//1684 4349//1684
f 4348//1685 4349//1685 4350//1685
f 4350//1686 4349//1686 4351//1686
f 4350//1687 4351//1687 4352//1687
f 4353//1688 4354//1688 4352//1688
f 4352//1689 4354//1689 4355//1689
f 4352//1687 4355//1687 4350//1687
f 4354//1690 4353//1690 4356//1690
f 4356//1690 4353//1690 4357//1690
f 4356//1691 4357//1691 4358//1691
f 4358//1691 4357//1691 4359//1691
f 4358//1692 4359//1692 4360//1692
f 4360//1693 4359//1693 4361//1693
f 4360//1694 4361//1694 4362//1694
f 4362//1694 4361//1694 4363//1694
f 4362//1695 4363//1695 4364//1695
f 4364//1695 4363//1695 4365//1695
f 4364//1696 4365//1696 4366//1696
f 4366//1697 4365//1697 4367//1697
f 4366//1698 4367//1698 4368//1698
f 4368//1699 4367//1699 4369//1699
f 4368//1700 4369//1700 4370//1700
f 4325//1701 4324//1701 4371//1701
f 4371//1702 4324//1702 4372//1702
f 4371//1703 4372//1703 4373//1703
f 4373//1704 4372//1704 4374//1704
f 4373//1705 4374//1705 4375//1705
f 4375//1706 4374//1706 4376//1706
f 4375//1707 4376//1707 4377//1707
f 4378//1708 4379//1708 4380//1708
f 4380//1702 4379//1702 4381//1702
f 4380//1703 4381//1703 4382//1703
f 4382//1704 4381//1704 4383//1704
f 4382//1706 4383//1706 4384//1706
f 4384//1709 4383//1709 4385//1709
f 4384//1707 4385//1707 4386//1707
f 4379//1667 4378//1667 4387//1667
f 4387//1710 4378//1710 4388//1710
f 4387//1669 4388//1669 4389//1669
f 4389//1711 4388//1711 4390//1711
f 4389//1712 4390//1712 4391//1712
f 4391//1672 4390//1672 4392//1672
f 4391//1673 4392//1673 4393//1673
f 4393//1673 4392//1673 4394//1673
f 4393//1674 4394//1674 4395//1674
f 4395//1674 4394//1674 4396//1674
f 4395//1675 4396//1675 4397//1675
f 4398//1676 4399//1676 4397//1676
f 4397//1676 4399//1676 4400//1676
f 4397//1675 4400//1675 4395//1675
f 4399//1677 4398//1677 4401//1677
f 4401//1678 4398//1678 4402//1678
f 4401//1679 4402//1679 4403//1679
f 4404//1681 4405//1681 4403//1681
f 4403//1681 4405//1681 4406//1681
f 4403//1679 4406//1679 4401//1679
f 4404//1713 4407//1713 4405//1713
f 4405//1682 4407//1682 4408//1682
f 4408//1683 4407//1683 4409//1683
f 4409//1684 4407//1684 4410//1684
f 4409//1685 4410//1685 4411//1685
f 4411//1685 4410//1685 4412//1685
f 4411//1687 4412//1687 4413//1687
f 4414//1688 4415//1688 4413//1688
f 4413//1689 4415//1689 4416//1689
f 4413//1687 4416//1687 4411//1687
f 4415//1690 4414//1690 4417//1690
f 4417//1690 4414//1690 4418//1690
f 4417//1691 4418//1691 4419//1691
f 4419//1691 4418//1691 4420//1691
f 4419//1692 4420//1692 4421//1692
f 4421//1692 4420//1692 4422//1692
f 4421//1694 4422//1694 4423//1694
f 4423//1694 4422//1694 4424//1694
f 4423//1695 4424//1695 4425//1695
f 4425//1695 4424//1695 4426//1695
f 4425//1697 4426//1697 4427//1697
f 4427//1696 4426//1696 4428//1696
f 4427//1698 4428//1698 4429//1698
f 4429//1714 4428//1714 4430//1714
f 4429//1700 4430//1700 4431//1700
f 4432//1344 4433//1344 4434//1344
f 4434//1715 4433//1715 4435//1715
f 4434//1715 4435//1715 649//1715
f 649//1716 4435//1716 650//1716
f 650//1717 4435//1717 4436//1717
f 650//1718 4436//1718 648//1718
f 648//1719 4436//1719 4437//1719
f 648//1720 4437//1720 4438//1720
f 648//1721 4438//1721 646//1721
f 646//1722 4438//1722 4439//1722
f 646//1723 4439//1723 644//1723
f 644//1724 4439//1724 4440//1724
f 644//1725 4440//1725 4441//1725
f 644//1726 4441//1726 642//1726
f 642//1727 4441//1727 4442//1727
f 642//1728 4442//1728 4443//1728
f 642//1729 4443//1729 640//1729
f 640//1730 4443//1730 4444//1730
f 640//1731 4444//1731 4445//1731
f 640//1732 4445//1732 638//1732
f 638//1733 4445//1733 4446//1733
f 638//1734 4446//1734 4447//1734
f 638//1735 4447//1735 636//1735
f 636//1736 4447//1736 4448//1736
f 636//1737 4448//1737 634//1737
f 634//1738 4448//1738 4449//1738
f 634//1739 4449//1739 4450//1739
f 4450//1740 629//1740 634//1740
f 4434//1741 649//1741 4451//1741
f 4451//1741 649//1741 647//1741
f 4451//1742 647//1742 4452//1742
f 4452//1742 647//1742 645//1742
f 4452//1743 645//1743 4453//1743
f 4453//1743 645//1743 643//1743
f 4453//1744 643//1744 4454//1744
f 4454//1744 643//1744 641//1744
f 4454//1745 641//1745 4455//1745
f 4455//1745 641//1745 639//1745
f 4455//1746 639//1746 4456//1746
f 4456//1746 639//1746 637//1746
f 4456//1747 637//1747 4457//1747
f 4457//1747 637//1747 635//1747
f 4457//1748 635//1748 4458//1748
f 4458//1748 635//1748 633//1748
f 4458//1749 633//1749 4459//1749
f 4459//1749 633//1749 632//1749
f 4459//1750 632//1750 4460//1750
f 4460//1750 632//1750 631//1750
f 4460//1751 631//1751 630//1751
f 4460//1752 630//1752 4461//1752
f 4461//1753 630//1753 628//1753
f 4461//1754 628//1754 4462//1754
f 4462//1755 628//1755 627//1755
f 4462//1756 627//1756 4463//1756
f 4463//1757 627//1757 626//1757
f 4463//1758 626//1758 4464//1758
f 4464//1759 626//1759 625//1759
f 4464//1760 625//1760 4465//1760
f 4465//1761 625//1761 624//1761
f 4465//1762 624//1762 4466//1762
f 4466//1763 624//1763 623//1763
f 4466//1764 623//1764 4467//1764
f 4467//1765 623//1765 621//1765
f 4467//1766 621//1766 4468//1766
f 4468//1767 621//1767 620//1767
f 4468//1768 620//1768 4469//1768
f 4469//1769 620//1769 619//1769
f 4469//1770 619//1770 4470//1770
f 4470//1771 619//1771 618//1771
f 4470//1772 618//1772 4471//1772
f 4471//1773 618//1773 616//1773
f 4471//1774 616//1774 4472//1774
f 4472//1775 616//1775 615//1775
f 4472//1776 615//1776 4473//1776
f 4473//1777 615//1777 614//1777
f 4473//1778 614//1778 4474//1778
f 4474//1779 614//1779 613//1779
f 4474//1780 613//1780 4475//1780
f 4475//1781 613//1781 612//1781
f 4475//1781 612//1781 4476//1781
f 4476//1782 612//1782 610//1782
f 4476//1370 610//1370 4477//1370
f 4477//1783 610//1783 609//1783
f 4477//1783 609//1783 4478//1783
f 4478//1784 609//1784 608//1784
f 4478//1784 608//1784 4479//1784
f 4479//1785 608//1785 607//1785
f 4479//1373 607//1373 4480//1373
f 4480//1786 607//1786 606//1786
f 4480//1786 606//1786 4481//1786
f 4481//1375 606//1375 605//1375
f 4481//1375 605//1375 4482//1375
f 4482//1376 605//1376 557//1376
f 4482//1376 557//1376 4483//1376
f 4483//1377 557//1377 556//1377
f 4483//1377 556//1377 4484//1377
f 4484//1378 556//1378 4485//1378
f 4484//1378 4485//1378 4486//1378
f 4486//1379 4485//1379 4487//1379
f 4487//1379 4485//1379 4488//1379
f 4487//1380 4488//1380 4489//1380
f 4489//1380 4488//1380 4490//1380
f 4489//1381 4490//1381 4491//1381
f 4491//1787 4490//1787 4492//1787
f 4491//1382 4492//1382 4493//1382
f 4493//1382 4492//1382 4494//1382
f 4493//1383 4494//1383 4495//1383
f 4495//1788 4494//1788 4496//1788
f 4495//1384 4496//1384 4497//1384
f 4497//1789 4496//1789 4498//1789
f 4497//1385 4498//1385 4499//1385
f 4499//1385 4498//1385 4500//1385
f 4499//1386 4500//1386 4501//1386
f 4501//1790 4500//1790 4502//1790
f 4501//1387 4502//1387 4503//1387
f 4503//1791 4502//1791 4504//1791
f 4503//1388 4504//1388 4505//1388
f 4505//1792 4504//1792 4506//1792
f 4505//1389 4506//1389 4507//1389
f 4507//1793 4506//1793 4508//1793
f 4507//1390 4508//1390 4509//1390
f 4509//1794 4508//1794 4510//1794
f 4509//1391 4510//1391 4511//1391
f 4511//1795 4510//1795 4512//1795
f 4511//1392 4512//1392 4513//1392
f 4513//1796 4512//1796 4514//1796
f 4513//1393 4514//1393 4515//1393
f 4515//1797 4514//1797 4516//1797
f 4515//1394 4516//1394 4517//1394
f 4517//1798 4516//1798 4518//1798
f 4517//433 4518//433 4519//433
f 4519//1799 4518//1799 4520//1799
f 4519//1395 4520//1395 4521//1395
f 4521//1800 4520//1800 4522//1800
f 4521//1396 4522//1396 4523//1396
f 4523//1801 4522//1801 4524//1801
f 4523//1397 4524//1397 4525//1397
f 4525//1802 4524//1802 4526//1802
f 4525//1398 4526//1398 4527//1398
f 4527//1803 4526//1803 4528//1803
f 4527//1399 4528//1399 4529//1399
f 4529//1804 4528//1804 4530//1804
f 4529//1400 4530//1400 4531//1400
f 4531//1805 4530//1805 4532//1805
f 4531//1401 4532//1401 4533//1401
f 4533//1806 4532//1806 4534//1806
f 4533//1402 4534//1402 4535//1402
f 4535//1807 4534//1807 4536//1807
f 4535//1403 4536//1403 4537//1403
f 4537//1808 4536//1808 4538//1808
f 4537//1404 4538//1404 4539//1404
f 4539//1809 4538//1809 4540//1809
f 4539//1405 4540//1405 4541//1405
f 4541//1810 4540//1810 4542//1810
f 4541//1406 4542//1406 4543//1406
f 4543//1811 4542//1811 4544//1811
f 4543//1407 4544//1407 4545//1407
f 4545//1812 4544//1812 4546//1812
f 4545//1408 4546//1408 4547//1408
f 4547//1813 4546//1813 4548//1813
f 4547//1409 4548//1409 4549//1409
f 4549//1814 4548//1814 4550//1814
f 4549//1410 4550//1410 4551//1410
f 4551//1815 4550//1815 4552//1815
f 4551//1411 4552//1411 4553//1411
f 4553//1816 4552//1816 4554//1816
f 4554//1816 4552//1816 583//1816
f 4554//1817 583//1817 584//1817
f 556//1378 603//1378 4485//1378
f 4485//1379 603//1379 4488//1379
f 603//1379 602//1379 4488//1379
f 4488//1380 602//1380 4490//1380
f 602//1380 601//1380 4490//1380
f 4490//1787 601//1787 4492//1787
f 601//1787 600//1787 4492//1787
f 4492//1382 600//1382 4494//1382
f 600//1818 599//1818 4494//1818
f 4494//1788 599//1788 4496//1788
f 599//1788 598//1788 4496//1788
f 4496//1789 598//1789 4498//1789
f 598//1789 597//1789 4498//1789
f 4498//1385 597//1385 4500//1385
f 597//1819 596//1819 4500//1819
f 4500//1790 596//1790 4502//1790
f 596//1790 595//1790 4502//1790
f 4502//1791 595//1791 4504//1791
f 595//1820 594//1820 4504//1820
f 4504//1792 594//1792 4506//1792
f 594//1821 593//1821 4506//1821
f 4506//1793 593//1793 4508//1793
f 593//1822 592//1822 4508//1822
f 4508//1794 592//1794 4510//1794
f 592//1823 591//1823 4510//1823
f 4510//1795 591//1795 4512//1795
f 591//1824 590//1824 4512//1824
f 4512//1796 590//1796 4514//1796
f 590//1825 589//1825 4514//1825
f 4514//1826 589//1826 4516//1826
f 589//1827 588//1827 4516//1827
f 4516//1798 588//1798 4518//1798
f 588//1828 587//1828 4518//1828
f 4518//1799 587//1799 4520//1799
f 587//1829 586//1829 4520//1829
f 4520//1800 586//1800 4522//1800
f 586//1830 585//1830 4522//1830
f 4522//1801 585//1801 4524//1801
f 585//1831 561//1831 4524//1831
f 4524//1802 561//1802 4526//1802
f 561//1832 560//1832 4526//1832
f 4526//1803 560//1803 4528//1803
f 560//1833 559//1833 4528//1833
f 4528//1804 559//1804 4530//1804
f 559//1834 564//1834 4530//1834
f 4530//1805 564//1805 4532//1805
f 564//1835 565//1835 4532//1835
f 4532//1806 565//1806 4534//1806
f 565//1806 566//1806 4534//1806
f 4534//1807 566//1807 4536//1807
f 566//1807 567//1807 4536//1807
f 4536//1808 567//1808 4538//1808
f 567//1808 569//1808 4538//1808
f 4538//1809 569//1809 4540//1809
f 569//1809 571//1809 4540//1809
f 4540//1810 571//1810 4542//1810
f 571//1810 573//1810 4542//1810
f 4542//1811 573//1811 4544//1811
f 573//1811 575//1811 4544//1811
f 4544//1812 575//1812 4546//1812
f 575//1812 577//1812 4546//1812
f 4546//1813 577//1813 4548//1813
f 577//1813 579//1813 4548//1813
f 4548//1814 579//1814 4550//1814
f 579//1814 581//1814 4550//1814
f 4550//1815 581//1815 4552//1815
f 581//1815 583//1815 4552//1815
f 4554//1836 584//1836 4555//1836
f 4555//1837 584//1837 582//1837
f 4555//1838 582//1838 4556//1838
f 4556//1839 582//1839 4557//1839
f 4557//1840 582//1840 580//1840
f 4557//1841 580//1841 4558//1841
f 4558//1842 580//1842 578//1842
f 4558//1843 578//1843 4559//1843
f 4559//1844 578//1844 4560//1844
f 4560//1845 578//1845 576//1845
f 4560//1846 576//1846 4561//1846
f 4561//1847 576//1847 4562//1847
f 4562//1848 576//1848 574//1848
f 4562//1849 574//1849 4563//1849
f 4563//1850 574//1850 4564//1850
f 4564//1851 574//1851 572//1851
f 4564//1852 572//1852 4565//1852
f 4565//1853 572//1853 4566//1853
f 4566//1854 572//1854 570//1854
f 4566//1855 570//1855 4567//1855
f 4567//1856 570//1856 568//1856
f 4567//1857 568//1857 4568//1857
f 4568//1858 568//1858 4569//1858
f 4569//1859 568//1859 563//1859
f 4486//1378 4570//1378 4484//1378
f 4484//1377 4570//1377 4571//1377
f 4484//1377 4571//1377 4483//1377
f 4483//1376 4571//1376 4572//1376
f 4483//1376 4572//1376 4482//1376
f 4482//1375 4572//1375 4573//1375
f 4482//1375 4573//1375 4481//1375
f 4481//1374 4573//1374 4574//1374
f 4481//1786 4574//1786 4480//1786
f 4480//1373 4574//1373 4575//1373
f 4480//1373 4575//1373 4479//1373
f 4479//1372 4575//1372 4576//1372
f 4479//1784 4576//1784 4478//1784
f 4478//1371 4576//1371 4577//1371
f 4478//1783 4577//1783 4477//1783
f 4477//1370 4577//1370 4578//1370
f 4477//1370 4578//1370 4476//1370
f 4476//1369 4578//1369 4579//1369
f 4476//1781 4579//1781 4475//1781
f 4475//1368 4579//1368 4580//1368
f 4475//1780 4580//1780 4474//1780
f 4474//1367 4580//1367 4581//1367
f 4474//1778 4581//1778 4473//1778
f 4473//1366 4581//1366 4582//1366
f 4473//1776 4582//1776 4472//1776
f 4472//1365 4582//1365 4583//1365
f 4472//1774 4583//1774 4471//1774
f 4471//1364 4583//1364 4584//1364
f 4471//1772 4584//1772 4470//1772
f 4470//1363 4584//1363 4585//1363
f 4470//1770 4585//1770 4469//1770
f 4469//1362 4585//1362 4586//1362
f 4469//1860 4586//1860 4468//1860
f 4468//1361 4586//1361 4587//1361
f 4468//1766 4587//1766 4467//1766
f 4467//384 4587//384 4588//384
f 4467//1764 4588//1764 4466//1764
f 4466//1360 4588//1360 4589//1360
f 4466//1762 4589//1762 4465//1762
f 4465//1359 4589//1359 4590//1359
f 4465//1760 4590//1760 4464//1760
f 4464//1358 4590//1358 4591//1358
f 4464//1758 4591//1758 4463//1758
f 4463//1357 4591//1357 4592//1357
f 4463//1756 4592//1756 4462//1756
f 4462//1356 4592//1356 4593//1356
f 4462//1754 4593//1754 4461//1754
f 4461//1355 4593//1355 4594//1355
f 4461//1752 4594//1752 4460//1752
f 4460//1354 4594//1354 4595//1354
f 4460//1750 4595//1750 4459//1750
f 4459//1353 4595//1353 4596//1353
f 4459//1749 4596//1749 4458//1749
f 4458//1352 4596//1352 4597//1352
f 4458//1748 4597//1748 4457//1748
f 4457//1351 4597//1351 4598//1351
f 4457//1747 4598//1747 4456//1747
f 4456//1350 4598//1350 4599//1350
f 4456//1746 4599//1746 4455//1746
f 4455//1349 4599//1349 4600//1349
f 4455//1745 4600//1745 4454//1745
f 4454//1348 4600//1348 4601//1348
f 4454//1744 4601//1744 4453//1744
f 4453//1347 4601//1347 4602//1347
f 4453//1743 4602//1743 4452//1743
f 4452//1346 4602//1346 4603//1346
f 4452//1742 4603//1742 4451//1742
f 4451//1345 4603//1345 4432//1345
f 4451//1741 4432//1741 4434//1741
f 4604//255 4322//255 4605//255
f 4605//255 4322//255 4553//255
f 4605//255 4553//255 4606//255
f 4606//255 4553//255 4607//255
f 4607//255 4553//255 4608//255
f 4608//255 4553//255 4609//255
f 4609//255 4553//255 4610//255
f 4610//255 4553//255 4611//255
f 4611//255 4553//255 4612//255
f 4612//255 4553//255 4613//255
f 4613//255 4553//255 4614//255
f 4614//255 4553//255 4615//255
f 4615//255 4553//255 4554//255
f 4604//255 4616//255 4322//255
f 4322//255 4616//255 4617//255
f 4322//255 4617//255 4618//255
f 4618//255 4619//255 4322//255
f 4322//255 4619//255 4620//255
f 4322//255 4620//255 4621//255
f 4621//255 4622//255 4322//255
f 4322//255 4622//255 4623//255
f 4322//255 4623//255 525//255
f 525//1861 4623//1861 4624//1861
f 525//255 4624//255 4625//255
f 4625//255 4626//255 525//255
f 525//255 4626//255 4627//255
f 525//255 4627//255 4628//255
f 4628//255 4629//255 525//255
f 525//255 4629//255 4630//255
f 525//255 4630//255 4631//255
f 4631//255 529//255 525//255
f 666//361 4632//361 519//361
f 519//361 4632//361 4633//361
f 519//361 4633//361 4634//361
f 4634//361 4635//361 519//361
f 519//361 4635//361 4636//361
f 519//361 4636//361 4637//361
f 4637//361 4638//361 519//361
f 519//361 4638//361 4639//361
f 519//1862 4639//1862 4640//1862
f 4641//361 4642//361 4640//361
f 4640//361 4642//361 4323//361
f 4640//361 4323//361 519//361
f 4642//361 4641//361 4643//361
f 4643//361 4641//361 4644//361
f 4643//361 4644//361 4645//361
f 4645//361 4644//361 4646//361
f 4645//361 4646//361 4647//361
f 4647//361 4646//361 4648//361
f 4647//361 4648//361 4649//361
f 4649//361 4648//361 4650//361
f 4649//361 4650//361 4651//361
f 4651//361 4650//361 4652//361
f 4651//361 4652//361 4653//361
f 4653//361 4652//361 4654//361
f 4653//361 4654//361 4655//361
f 4655//361 4654//361 4656//361
f 4655//361 4656//361 4657//361
f 4657//361 4656//361 4658//361
f 4658//361 4656//361 4659//361
f 4659//361 4656//361 4660//361
f 4660//361 4656//361 4661//361
f 4661//361 4656//361 4662//361
f 4662//361 4656//361 4663//361
f 4663//361 4656//361 4664//361
f 4663//361 4664//361 4665//361
f 4665//361 4664//361 4666//361
f 4666//361 4664//361 4667//361
f 4667//361 4664//361 4668//361
f 4668//361 4664//361 4669//361
f 4669//361 4664//361 4670//361
f 4670//361 4664//361 4671//361
f 4671//361 4664//361 4672//361
f 4672//361 4664//361 4673//361
f 4672//361 4673//361 4674//361
f 4674//361 4673//361 4675//361
f 4674//361 4675//361 4676//361
f 4676//361 4675//361 4677//361
f 4676//361 4677//361 4678//361
f 4678//361 4677//361 4679//361
f 4678//361 4679//361 4680//361
f 4680//361 4679//361 4681//361
f 4680//361 4681//361 4682//361
f 4682//361 4681//361 4683//361
f 4682//361 4683//361 4684//361
f 4684//361 4683//361 4685//361
f 4684//361 4685//361 4686//361
f 4686//361 4685//361 4687//361
f 4686//361 4687//361 4688//361
f 4688//361 4687//361 4689//361
f 4688//361 4689//361 4690//361
f 4690//361 4689//361 4691//361
f 4690//361 4691//361 4692//361
f 4692//361 4691//361 4693//361
f 4692//361 4693//361 4694//361
f 4694//361 4693//361 4695//361
f 4694//361 4695//361 4696//361
f 4696//361 4695//361 4697//361
f 4696//361 4697//361 4323//361
f 4323//361 4697//361 4698//361
f 4323//361 4698//361 4699//361
f 4673//361 4664//361 4433//361
f 4433//361 4664//361 4700//361
f 4433//361 4700//361 4701//361
f 4701//361 4702//361 4433//361
f 4433//361 4702//361 4703//361
f 4433//361 4703//361 4704//361
f 4704//361 4705//361 4433//361
f 4433//361 4705//361 4706//361
f 4433//361 4706//361 4707//361
f 4707//361 4708//361 4433//361
f 4433//361 4708//361 4709//361
f 4433//361 4709//361 4435//361
f 4323//361 4710//361 4433//361
f 4433//361 4710//361 4711//361
f 4433//361 4711//361 4712//361
f 4642//361 4713//361 4323//361
f 4323//361 4713//361 4696//361
f 4714//1862 4715//1862 4323//1862
f 4323//361 4715//361 4716//361
f 4323//361 4716//361 4710//361
f 4712//361 4717//361 4433//361
f 4433//361 4717//361 4718//361
f 4433//361 4718//361 4719//361
f 4719//361 4720//361 4433//361
f 4433//361 4720//361 4721//361
f 4433//361 4721//361 4722//361
f 4722//361 4723//361 4433//361
f 4433//361 4723//361 4673//361
f 4699//361 4724//361 4323//361
f 4323//361 4724//361 4725//361
f 4323//361 4725//361 4726//361
f 4726//361 4727//361 4323//361
f 4323//361 4727//361 4728//361
f 4323//361 4728//361 4729//361
f 4729//361 4730//361 4323//361
f 4323//361 4730//361 4731//361
f 4323//361 4731//361 4714//361
f 4323//456 1844//456 4321//456
f 4321//456 1844//456 508//456
f 4321//456 508//456 507//456
f 4323//456 4433//456 1844//456
f 1844//456 4433//456 1845//456
f 1845//456 4433//456 4432//456
f 1845//456 4432//456 1849//456
f 1849//456 4432//456 4603//456
f 1849//456 4603//456 1851//456
f 1851//456 4603//456 4602//456
f 1851//456 4602//456 1853//456
f 1853//456 4602//456 4601//456
f 1853//456 4601//456 1855//456
f 1855//456 4601//456 4600//456
f 1855//456 4600//456 4599//456
f 1855//456 4599//456 1857//456
f 1857//456 4599//456 4598//456
f 1857//456 4598//456 1859//456
f 1859//456 4598//456 4597//456
f 1859//456 4597//456 1861//456
f 1861//456 4597//456 4596//456
f 1861//456 4596//456 1863//456
f 1863//456 4596//456 4595//456
f 1863//456 4595//456 1865//456
f 1865//456 4595//456 4594//456
f 1865//456 4594//456 1867//456
f 1867//456 4594//456 4593//456
f 1867//456 4593//456 1869//456
f 1869//456 4593//456 4592//456
f 1869//456 4592//456 1871//456
f 1871//456 4592//456 4591//456
f 1871//456 4591//456 1873//456
f 1873//456 4591//456 4590//456
f 1873//456 4590//456 4589//456
f 1873//456 4589//456 1875//456
f 1875//456 4589//456 4588//456
f 1875//456 4588//456 1877//456
f 1877//456 4588//456 4587//456
f 1877//456 4587//456 1879//456
f 1879//456 4587//456 4586//456
f 1879//456 4586//456 1881//456
f 1881//456 4586//456 4585//456
f 1881//456 4585//456 1883//456
f 1883//456 4585//456 4584//456
f 1883//456 4584//456 1885//456
f 1885//456 4584//456 4583//456
f 1885//456 4583//456 1887//456
f 1887//456 4583//456 4582//456
f 1887//456 4582//456 1889//456
f 1889//456 4582//456 4581//456
f 1889//456 4581//456 1891//456
f 1891//456 4581//456 4580//456
f 1891//456 4580//456 1893//456
f 1893//456 4580//456 4579//456
f 1893//456 4579//456 1895//456
f 1895//456 4579//456 4578//456
f 1895//456 4578//456 1897//456
f 1897//456 4578//456 4577//456
f 1897//456 4577//456 1899//456
f 1899//456 4577//456 4576//456
f 1899//456 4576//456 1901//456
f 1901//456 4576//456 4575//456
f 1901//456 4575//456 1903//456
f 1903//456 4575//456 4574//456
f 1903//456 4574//456 1905//456
f 1905//456 4574//456 4573//456
f 1905//456 4573//456 1907//456
f 1907//456 4573//456 4572//456
f 1907//456 4572//456 1909//456
f 1909//456 4572//456 4571//456
f 1909//456 4571//456 1911//456
f 1911//456 4571//456 4570//456
f 1911//456 4570//456 1913//456
f 1913//456 4570//456 1915//456
f 1915//456 4570//456 4486//456
f 1915//456 4486//456 1917//456
f 1917//456 4486//456 4487//456
f 1917//456 4487//456 1919//456
f 1919//456 4487//456 4489//456
f 1919//456 4489//456 1921//456
f 1921//456 4489//456 4491//456
f 1921//456 4491//456 1923//456
f 1923//456 4491//456 4493//456
f 1923//456 4493//456 1925//456
f 1925//456 4493//456 4495//456
f 1925//456 4495//456 1927//456
f 1927//456 4495//456 4497//456
f 1927//456 4497//456 1929//456
f 1929//456 4497//456 4499//456
f 1929//456 4499//456 1931//456
f 1931//456 4499//456 4501//456
f 1931//456 4501//456 1933//456
f 1933//456 4501//456 4503//456
f 1933//456 4503//456 1935//456
f 1935//456 4503//456 4505//456
f 1935//456 4505//456 1937//456
f 1937//456 4505//456 4507//456
f 1937//456 4507//456 1939//456
f 1939//456 4507//456 4509//456
f 1939//456 4509//456 1941//456
f 1941//456 4509//456 4511//456
f 1941//456 4511//456 1943//456
f 1943//456 4511//456 4513//456
f 1943//456 4513//456 1945//456
f 1945//456 4513//456 4515//456
f 1945//456 4515//456 1947//456
f 1947//456 4515//456 4517//456
f 1947//456 4517//456 1949//456
f 1949//456 4517//456 4519//456
f 1949//456 4519//456 1951//456
f 1951//456 4519//456 4521//456
f 1951//456 4521//456 1953//456
f 1953//456 4521//456 4523//456
f 1953//456 4523//456 4525//456
f 1953//456 4525//456 1955//456
f 1955//456 4525//456 4527//456
f 1955//456 4527//456 1957//456
f 1957//456 4527//456 4529//456
f 1957//456 4529//456 1959//456
f 1959//456 4529//456 4531//456
f 1959//456 4531//456 1961//456
f 1961//456 4531//456 4533//456
f 1961//456 4533//456 1963//456
f 1963//456 4533//456 4535//456
f 1963//456 4535//456 1965//456
f 1965//456 4535//456 4537//456
f 1965//456 4537//456 1967//456
f 1967//456 4537//456 4539//456
f 1967//456 4539//456 1969//456
f 1969//456 4539//456 4541//456
f 1969//456 4541//456 1971//456
f 1971//456 4541//456 4543//456
f 1971//456 4543//456 4545//456
f 1971//456 4545//456 1973//456
f 1973//456 4545//456 4547//456
f 1973//456 4547//456 1975//456
f 1975//456 4547//456 4549//456
f 1975//456 4549//456 1977//456
f 1977//456 4549//456 4551//456
f 1977//456 4551//456 1979//456
f 1979//456 4551//456 4553//456
f 1979//456 4553//456 1980//456
f 1980//456 4553//456 4322//456
f 1980//456 4322//456 508//456
f 4732//456 4733//456 507//456
f 507//456 4733//456 4734//456
f 507//456 4734//456 4320//456
f 4320//456 4734//456 4735//456
f 4320//456 4321//456 507//456
f 1844//456 1980//456 508//456
f 4732//255 667//255 4733//255
f 4733//255 667//255 668//255
f 667//97 4732//97 501//97
f 501//97 4732//97 507//97
f 4735//97 513//97 4320//97
f 4320//97 513//97 515//97
f 4734//361 514//361 4735//361
f 4735//361 514//361 513//361
f 544//1662 543//1662 4736//1662
f 4736//1662 543//1662 4737//1662
f 4737//1662 543//1662 4738//1662
f 4738//1662 543//1662 4739//1662
f 4739//1662 543//1662 4740//1662
f 4740//1662 543//1662 4604//1662
f 4740//1662 4604//1662 4741//1662
f 4741//1662 4604//1662 4742//1662
f 4742//1662 4604//1662 4743//1662
f 4743//1662 4604//1662 4744//1662
f 4744//1662 4604//1662 4745//1662
f 4745//1662 4604//1662 4746//1662
f 4746//1662 4604//1662 4747//1662
f 4747//1662 4604//1662 4748//1662
f 4748//1662 4604//1662 4749//1662
f 4749//1662 4604//1662 4750//1662
f 4750//1662 4604//1662 4605//1662
f 4664//1661 4656//1661 4751//1661
f 4751//1661 4656//1661 4752//1661
f 4752//1661 4656//1661 4753//1661
f 4753//1661 4656//1661 4754//1661
f 4754//1661 4656//1661 4755//1661
f 4755//1661 4656//1661 4756//1661
f 4756//1661 4656//1661 4757//1661
f 4757//1661 4656//1661 4758//1661
f 4758//1661 4656//1661 4759//1661
f 4759//1661 4656//1661 4760//1661
f 4760//1661 4656//1661 4761//1661
f 4761//1661 4656//1661 652//1661
f 4761//1661 652//1661 4762//1661
f 4762//1661 652//1661 4763//1661
f 4763//1661 652//1661 4764//1661
f 4764//1661 652//1661 4765//1661
f 4765//1661 652//1661 651//1661
f 4436//1863 4435//1863 4766//1863
f 4766//1864 4435//1864 4709//1864
f 4766//1865 4709//1865 4767//1865
f 4767//1866 4709//1866 4768//1866
f 4767//1867 4768//1867 4769//1867
f 4769//1868 4768//1868 4770//1868
f 4769//1869 4770//1869 4771//1869
f 4771//1870 4770//1870 4772//1870
f 4771//1871 4772//1871 4773//1871
f 4773//1872 4772//1872 4774//1872
f 4773//1873 4774//1873 4775//1873
f 4775//1874 4774//1874 4776//1874
f 4775//1875 4776//1875 4777//1875
f 4777//1876 4776//1876 4778//1876
f 4777//1877 4778//1877 4779//1877
f 4779//1878 4778//1878 4780//1878
f 4779//1879 4780//1879 4781//1879
f 4781//1880 4780//1880 4782//1880
f 4781//1881 4782//1881 4783//1881
f 4783//1882 4782//1882 4784//1882
f 4783//1883 4784//1883 4785//1883
f 4785//1884 4784//1884 4786//1884
f 4785//1885 4786//1885 4787//1885
f 4787//1886 4786//1886 4788//1886
f 4787//1887 4788//1887 4789//1887
f 4789//1888 4788//1888 4790//1888
f 4789//1889 4790//1889 4791//1889
f 4791//1890 4790//1890 4792//1890
f 4791//1891 4792//1891 4793//1891
f 4793//1892 4792//1892 4794//1892
f 4793//1893 4794//1893 4795//1893
f 4795//1894 4794//1894 4755//1894
f 4795//1895 4755//1895 4756//1895
f 4709//1896 4708//1896 4768//1896
f 4768//1897 4708//1897 4770//1897
f 4707//1898 4796//1898 4708//1898
f 4708//1899 4796//1899 4797//1899
f 4708//1900 4797//1900 4770//1900
f 4770//1901 4797//1901 4772//1901
f 4706//1902 4798//1902 4707//1902
f 4707//1903 4798//1903 4799//1903
f 4707//1904 4799//1904 4796//1904
f 4796//1905 4799//1905 4774//1905
f 4796//1906 4774//1906 4772//1906
f 4705//1907 4800//1907 4706//1907
f 4706//1908 4800//1908 4801//1908
f 4706//1909 4801//1909 4798//1909
f 4798//1910 4801//1910 4802//1910
f 4798//1911 4802//1911 4799//1911
f 4799//1912 4802//1912 4776//1912
f 4799//1913 4776//1913 4774//1913
f 4800//1914 4705//1914 4803//1914
f 4803//1915 4705//1915 4704//1915
f 4803//1916 4704//1916 4804//1916
f 4804//1917 4704//1917 4805//1917
f 4804//1918 4805//1918 4806//1918
f 4806//1919 4805//1919 4807//1919
f 4806//1920 4807//1920 4808//1920
f 4808//1921 4807//1921 4809//1921
f 4808//1922 4809//1922 4810//1922
f 4810//1923 4809//1923 4811//1923
f 4810//1924 4811//1924 4812//1924
f 4812//1925 4811//1925 4664//1925
f 4812//1926 4664//1926 4751//1926
f 4704//1927 4703//1927 4805//1927
f 4805//1928 4703//1928 4702//1928
f 4805//1929 4702//1929 4807//1929
f 4807//1930 4702//1930 4701//1930
f 4807//1931 4701//1931 4809//1931
f 4809//1932 4701//1932 4700//1932
f 4809//1933 4700//1933 4811//1933
f 4811//1934 4700//1934 4664//1934
f 4751//1935 4752//1935 4812//1935
f 4812//1936 4752//1936 4813//1936
f 4812//1937 4813//1937 4814//1937
f 4814//1938 4813//1938 4815//1938
f 4814//1939 4815//1939 4816//1939
f 4816//1940 4815//1940 4790//1940
f 4816//1941 4790//1941 4788//1941
f 4752//1942 4753//1942 4813//1942
f 4813//1943 4753//1943 4817//1943
f 4813//1944 4817//1944 4815//1944
f 4815//1945 4817//1945 4792//1945
f 4815//1946 4792//1946 4790//1946
f 4753//1947 4754//1947 4817//1947
f 4817//1948 4754//1948 4794//1948
f 4817//1949 4794//1949 4792//1949
f 4754//1950 4755//1950 4794//1950
f 4756//1951 4757//1951 4795//1951
f 4795//1952 4757//1952 4818//1952
f 4795//1953 4818//1953 4819//1953
f 4819//1954 4818//1954 4820//1954
f 4819//1955 4820//1955 4821//1955
f 4821//1956 4820//1956 4822//1956
f 4821//1957 4822//1957 4823//1957
f 4823//1958 4822//1958 4824//1958
f 4823//1959 4824//1959 4825//1959
f 4825//1960 4824//1960 4826//1960
f 4825//1961 4826//1961 4827//1961
f 4827//1962 4826//1962 4828//1962
f 4827//1963 4828//1963 4829//1963
f 4829//1964 4828//1964 4830//1964
f 4829//1965 4830//1965 4831//1965
f 4831//1966 4830//1966 4832//1966
f 4831//1967 4832//1967 4833//1967
f 4833//1968 4832//1968 4834//1968
f 4833//1969 4834//1969 4835//1969
f 4835//1970 4834//1970 4836//1970
f 4835//1971 4836//1971 4837//1971
f 4837//1972 4836//1972 4838//1972
f 4837//1973 4838//1973 4839//1973
f 4839//1974 4838//1974 4840//1974
f 4839//1975 4840//1975 4841//1975
f 4841//1976 4840//1976 4842//1976
f 4841//1977 4842//1977 4843//1977
f 4843//1978 4842//1978 4844//1978
f 4843//1979 4844//1979 4845//1979
f 4845//1980 4844//1980 622//1980
f 4845//1981 622//1981 629//1981
f 4757//1982 4758//1982 4818//1982
f 4818//1983 4758//1983 4846//1983
f 4818//1984 4846//1984 4820//1984
f 4820//1985 4846//1985 4847//1985
f 4820//1986 4847//1986 4822//1986
f 4822//1987 4847//1987 4848//1987
f 4822//1988 4848//1988 4824//1988
f 4824//1989 4848//1989 4849//1989
f 4824//1990 4849//1990 4826//1990
f 4826//1991 4849//1991 4850//1991
f 4826//1992 4850//1992 4828//1992
f 4828//1993 4850//1993 4851//1993
f 4828//1994 4851//1994 4830//1994
f 4830//1995 4851//1995 4852//1995
f 4830//1996 4852//1996 4832//1996
f 4832//1997 4852//1997 4853//1997
f 4832//1998 4853//1998 4834//1998
f 4834//1999 4853//1999 4854//1999
f 4834//2000 4854//2000 4836//2000
f 4836//2001 4854//2001 4855//2001
f 4836//2002 4855//2002 4838//2002
f 4838//2003 4855//2003 4856//2003
f 4838//2004 4856//2004 4840//2004
f 4840//2005 4856//2005 4857//2005
f 4840//2006 4857//2006 4842//2006
f 4842//2007 4857//2007 617//2007
f 4842//2008 617//2008 622//2008
f 4758//2009 4759//2009 4846//2009
f 4846//2010 4759//2010 4858//2010
f 4846//2011 4858//2011 4847//2011
f 4847//2012 4858//2012 4859//2012
f 4847//2013 4859//2013 4848//2013
f 4848//2014 4859//2014 4860//2014
f 4848//2015 4860//2015 4849//2015
f 4849//2016 4860//2016 4861//2016
f 4849//2017 4861//2017 4850//2017
f 4850//2018 4861//2018 4862//2018
f 4850//2019 4862//2019 4851//2019
f 4851//2020 4862//2020 4863//2020
f 4851//2021 4863//2021 4852//2021
f 4852//2022 4863//2022 4864//2022
f 4852//2023 4864//2023 4853//2023
f 4853//2024 4864//2024 4865//2024
f 4853//2025 4865//2025 4854//2025
f 4854//2026 4865//2026 4866//2026
f 4854//2027 4866//2027 4855//2027
f 4855//2028 4866//2028 4867//2028
f 4855//2029 4867//2029 4856//2029
f 4856//2030 4867//2030 611//2030
f 4856//2031 611//2031 617//2031
f 4759//2032 4760//2032 4858//2032
f 4858//2033 4760//2033 4761//2033
f 4858//2034 4761//2034 4868//2034
f 4868//2035 4761//2035 4762//2035
f 4868//2036 4762//2036 4869//2036
f 4869//2037 4762//2037 4763//2037
f 4869//2038 4763//2038 4870//2038
f 4870//2039 4763//2039 4764//2039
f 4870//2040 4764//2040 4871//2040
f 4871//2041 4764//2041 4765//2041
f 4871//2042 4765//2042 524//2042
f 524//2043 4765//2043 651//2043
f 4871//2044 524//2044 4872//2044
f 4872//2045 524//2045 523//2045
f 4872//2046 523//2046 4873//2046
f 4873//2047 523//2047 552//2047
f 4873//2048 552//2048 4874//2048
f 4874//2049 552//2049 551//2049
f 4874//2050 551//2050 4875//2050
f 4875//2051 551//2051 554//2051
f 4875//2052 554//2052 4876//2052
f 4876//2053 554//2053 4877//2053
f 4876//2054 4877//2054 4878//2054
f 4878//2055 4877//2055 4879//2055
f 4878//2056 4879//2056 4864//2056
f 4864//2057 4879//2057 4865//2057
f 554//2058 555//2058 4877//2058
f 4877//2059 555//2059 4880//2059
f 4877//2060 4880//2060 4879//2060
f 4879//2061 4880//2061 4881//2061
f 4879//2062 4881//2062 4865//2062
f 4865//2063 4881//2063 4866//2063
f 555//2064 604//2064 4880//2064
f 4880//2065 604//2065 4881//2065
f 4881//2066 604//2066 4882//2066
f 4882//2067 604//2067 611//2067
f 4882//2068 611//2068 4867//2068
f 4845//2069 629//2069 4883//2069
f 4883//2070 629//2070 4450//2070
f 4883//2071 4450//2071 4884//2071
f 4884//2072 4450//2072 4449//2072
f 4884//2073 4449//2073 4885//2073
f 4885//2074 4449//2074 4448//2074
f 4885//2075 4448//2075 4886//2075
f 4886//2076 4448//2076 4447//2076
f 4886//2077 4447//2077 4887//2077
f 4887//2078 4447//2078 4446//2078
f 4887//2079 4446//2079 4888//2079
f 4888//2080 4446//2080 4445//2080
f 4888//2081 4445//2081 4889//2081
f 4889//2082 4445//2082 4444//2082
f 4889//2083 4444//2083 4890//2083
f 4890//2084 4444//2084 4443//2084
f 4890//2085 4443//2085 4891//2085
f 4891//2086 4443//2086 4442//2086
f 4891//2087 4442//2087 4892//2087
f 4892//2088 4442//2088 4441//2088
f 4892//2089 4441//2089 4893//2089
f 4893//2090 4441//2090 4440//2090
f 4893//2091 4440//2091 4894//2091
f 4894//2092 4440//2092 4439//2092
f 4894//2093 4439//2093 4895//2093
f 4895//2094 4439//2094 4438//2094
f 4895//2095 4438//2095 4767//2095
f 4767//2096 4438//2096 4437//2096
f 4767//2097 4437//2097 4766//2097
f 4766//2098 4437//2098 4436//2098
f 4856//2099 617//2099 4857//2099
f 4842//2100 622//2100 4844//2100
f 4767//2101 4769//2101 4895//2101
f 4895//2102 4769//2102 4896//2102
f 4895//2103 4896//2103 4894//2103
f 4894//2104 4896//2104 4897//2104
f 4894//2105 4897//2105 4893//2105
f 4893//2106 4897//2106 4898//2106
f 4893//2107 4898//2107 4892//2107
f 4892//2108 4898//2108 4899//2108
f 4892//2109 4899//2109 4891//2109
f 4891//2110 4899//2110 4900//2110
f 4891//2111 4900//2111 4890//2111
f 4890//2112 4900//2112 4901//2112
f 4890//2113 4901//2113 4889//2113
f 4889//2114 4901//2114 4902//2114
f 4889//2115 4902//2115 4888//2115
f 4888//2116 4902//2116 4903//2116
f 4888//2117 4903//2117 4887//2117
f 4887//2118 4903//2118 4904//2118
f 4887//2119 4904//2119 4886//2119
f 4886//2120 4904//2120 4905//2120
f 4886//2121 4905//2121 4885//2121
f 4885//2122 4905//2122 4906//2122
f 4885//2123 4906//2123 4884//2123
f 4884//2124 4906//2124 4907//2124
f 4884//2125 4907//2125 4883//2125
f 4883//2126 4907//2126 4843//2126
f 4883//2127 4843//2127 4845//2127
f 4843//2128 4907//2128 4841//2128
f 4841//2129 4907//2129 4908//2129
f 4841//2130 4908//2130 4839//2130
f 4839//2131 4908//2131 4909//2131
f 4839//2132 4909//2132 4837//2132
f 4837//2133 4909//2133 4910//2133
f 4837//2134 4910//2134 4835//2134
f 4835//2135 4910//2135 4911//2135
f 4835//2136 4911//2136 4833//2136
f 4833//2137 4911//2137 4912//2137
f 4833//2138 4912//2138 4831//2138
f 4831//2139 4912//2139 4913//2139
f 4831//2140 4913//2140 4829//2140
f 4829//2141 4913//2141 4914//2141
f 4829//2142 4914//2142 4827//2142
f 4827//2143 4914//2143 4915//2143
f 4827//2144 4915//2144 4825//2144
f 4825//2145 4915//2145 4916//2145
f 4825//2146 4916//2146 4823//2146
f 4823//2147 4916//2147 4917//2147
f 4823//2148 4917//2148 4821//2148
f 4821//2149 4917//2149 4918//2149
f 4821//2150 4918//2150 4819//2150
f 4819//2151 4918//2151 4793//2151
f 4819//2152 4793//2152 4795//2152
f 4907//2153 4906//2153 4908//2153
f 4908//2154 4906//2154 4919//2154
f 4908//2155 4919//2155 4909//2155
f 4909//2156 4919//2156 4920//2156
f 4909//2157 4920//2157 4910//2157
f 4910//2158 4920//2158 4921//2158
f 4910//2159 4921//2159 4911//2159
f 4911//2160 4921//2160 4922//2160
f 4911//2161 4922//2161 4912//2161
f 4912//2162 4922//2162 4923//2162
f 4912//2163 4923//2163 4913//2163
f 4913//2164 4923//2164 4924//2164
f 4913//2165 4924//2165 4914//2165
f 4914//2166 4924//2166 4925//2166
f 4914//2167 4925//2167 4915//2167
f 4915//2168 4925//2168 4926//2168
f 4915//2169 4926//2169 4916//2169
f 4916//2170 4926//2170 4927//2170
f 4916//2171 4927//2171 4917//2171
f 4917//2172 4927//2172 4928//2172
f 4917//2173 4928//2173 4918//2173
f 4918//2174 4928//2174 4791//2174
f 4918//2175 4791//2175 4793//2175
f 4906//2176 4905//2176 4919//2176
f 4919//2177 4905//2177 4929//2177
f 4919//2178 4929//2178 4920//2178
f 4920//2179 4929//2179 4930//2179
f 4920//2180 4930//2180 4921//2180
f 4921//2181 4930//2181 4931//2181
f 4921//2182 4931//2182 4922//2182
f 4922//2183 4931//2183 4932//2183
f 4922//2184 4932//2184 4923//2184
f 4923//2185 4932//2185 4933//2185
f 4923//2186 4933//2186 4924//2186
f 4924//2187 4933//2187 4934//2187
f 4924//2188 4934//2188 4925//2188
f 4925//2189 4934//2189 4935//2189
f 4925//2190 4935//2190 4926//2190
f 4926//2191 4935//2191 4936//2191
f 4926//2192 4936//2192 4927//2192
f 4927//2193 4936//2193 4937//2193
f 4927//2194 4937//2194 4928//2194
f 4928//2195 4937//2195 4789//2195
f 4928//2196 4789//2196 4791//2196
f 4905//2197 4904//2197 4929//2197
f 4929//2198 4904//2198 4938//2198
f 4929//2199 4938//2199 4930//2199
f 4930//2200 4938//2200 4939//2200
f 4930//2201 4939//2201 4931//2201
f 4931//2202 4939//2202 4940//2202
f 4931//2203 4940//2203 4932//2203
f 4932//2204 4940//2204 4941//2204
f 4932//2205 4941//2205 4933//2205
f 4933//2206 4941//2206 4942//2206
f 4933//2207 4942//2207 4934//2207
f 4934//2208 4942//2208 4943//2208
f 4934//2209 4943//2209 4935//2209
f 4935//2210 4943//2210 4944//2210
f 4935//2211 4944//2211 4936//2211
f 4936//2212 4944//2212 4945//2212
f 4936//2213 4945//2213 4937//2213
f 4937//2214 4945//2214 4787//2214
f 4937//2215 4787//2215 4789//2215
f 4904//2216 4903//2216 4938//2216
f 4938//2217 4903//2217 4946//2217
f 4938//2218 4946//2218 4939//2218
f 4939//2219 4946//2219 4947//2219
f 4939//2220 4947//2220 4940//2220
f 4940//2221 4947//2221 4948//2221
f 4940//2222 4948//2222 4941//2222
f 4941//2223 4948//2223 4949//2223
f 4941//2224 4949//2224 4942//2224
f 4942//2225 4949//2225 4950//2225
f 4942//2226 4950//2226 4943//2226
f 4943//2227 4950//2227 4951//2227
f 4943//2228 4951//2228 4944//2228
f 4944//2229 4951//2229 4952//2229
f 4944//2230 4952//2230 4945//2230
f 4945//2231 4952//2231 4785//2231
f 4945//2232 4785//2232 4787//2232
f 4903//2233 4902//2233 4946//2233
f 4946//2234 4902//2234 4953//2234
f 4946//2235 4953//2235 4947//2235
f 4947//2236 4953//2236 4954//2236
f 4947//2237 4954//2237 4948//2237
f 4948//2238 4954//2238 4955//2238
f 4948//2239 4955//2239 4949//2239
f 4949//2240 4955//2240 4956//2240
f 4949//2241 4956//2241 4950//2241
f 4950//2242 4956//2242 4957//2242
f 4950//2243 4957//2243 4951//2243
f 4951//2244 4957//2244 4958//2244
f 4951//2245 4958//2245 4952//2245
f 4952//2246 4958//2246 4783//2246
f 4952//2247 4783//2247 4785//2247
f 4902//2248 4901//2248 4953//2248
f 4953//2249 4901//2249 4959//2249
f 4953//2250 4959//2250 4954//2250
f 4954//2251 4959//2251 4960//2251
f 4954//2252 4960//2252 4955//2252
f 4955//2253 4960//2253 4961//2253
f 4955//2254 4961//2254 4956//2254
f 4956//2255 4961//2255 4962//2255
f 4956//2256 4962//2256 4957//2256
f 4957//2257 4962//2257 4963//2257
f 4957//2258 4963//2258 4958//2258
f 4958//2259 4963//2259 4781//2259
f 4958//2260 4781//2260 4783//2260
f 4901//2261 4900//2261 4959//2261
f 4959//2262 4900//2262 4964//2262
f 4959//2263 4964//2263 4960//2263
f 4960//2264 4964//2264 4965//2264
f 4960//2265 4965//2265 4961//2265
f 4961//2266 4965//2266 4966//2266
f 4961//2267 4966//2267 4962//2267
f 4962//2268 4966//2268 4967//2268
f 4962//2269 4967//2269 4963//2269
f 4963//2270 4967//2270 4779//2270
f 4963//2271 4779//2271 4781//2271
f 4900//2272 4899//2272 4964//2272
f 4964//2273 4899//2273 4968//2273
f 4964//2274 4968//2274 4965//2274
f 4965//2275 4968//2275 4969//2275
f 4965//2276 4969//2276 4966//2276
f 4966//2277 4969//2277 4970//2277
f 4966//2278 4970//2278 4967//2278
f 4967//2279 4970//2279 4777//2279
f 4967//2280 4777//2280 4779//2280
f 4899//2281 4898//2281 4968//2281
f 4968//2282 4898//2282 4971//2282
f 4968//2283 4971//2283 4969//2283
f 4969//2284 4971//2284 4972//2284
f 4969//2285 4972//2285 4970//2285
f 4970//2286 4972//2286 4775//2286
f 4970//2287 4775//2287 4777//2287
f 4898//2288 4897//2288 4971//2288
f 4971//2289 4897//2289 4973//2289
f 4971//2290 4973//2290 4972//2290
f 4972//2291 4973//2291 4773//2291
f 4972//2292 4773//2292 4775//2292
f 4897//2293 4896//2293 4973//2293
f 4973//2294 4896//2294 4771//2294
f 4973//2295 4771//2295 4773//2295
f 4896//2296 4769//2296 4771//2296
f 4772//2297 4797//2297 4796//2297
f 4882//2298 4867//2298 4866//2298
f 4778//2299 4776//2299 4802//2299
f 4778//2300 4802//2300 4974//2300
f 4974//2301 4802//2301 4801//2301
f 4974//2302 4801//2302 4975//2302
f 4975//2303 4801//2303 4800//2303
f 4975//2304 4800//2304 4803//2304
f 4881//2305 4882//2305 4866//2305
f 4780//2306 4974//2306 4976//2306
f 4976//2307 4974//2307 4975//2307
f 4976//2308 4975//2308 4977//2308
f 4977//2309 4975//2309 4803//2309
f 4977//2310 4803//2310 4804//2310
f 4974//2311 4780//2311 4778//2311
f 4780//2312 4976//2312 4782//2312
f 4782//2313 4976//2313 4978//2313
f 4782//2314 4978//2314 4784//2314
f 4784//2315 4978//2315 4979//2315
f 4784//2316 4979//2316 4786//2316
f 4786//2317 4979//2317 4980//2317
f 4786//2318 4980//2318 4788//2318
f 4788//2319 4980//2319 4816//2319
f 4978//2320 4976//2320 4977//2320
f 4878//2321 4864//2321 4863//2321
f 4878//2322 4863//2322 4981//2322
f 4981//2323 4863//2323 4862//2323
f 4981//2324 4862//2324 4982//2324
f 4982//2325 4862//2325 4861//2325
f 4982//2326 4861//2326 4983//2326
f 4983//2327 4861//2327 4860//2327
f 4983//2328 4860//2328 4984//2328
f 4984//2329 4860//2329 4859//2329
f 4984//2330 4859//2330 4868//2330
f 4868//2331 4859//2331 4858//2331
f 4978//2332 4977//2332 4985//2332
f 4985//2333 4977//2333 4804//2333
f 4985//2334 4804//2334 4806//2334
f 4978//2335 4985//2335 4979//2335
f 4979//2336 4985//2336 4986//2336
f 4979//2337 4986//2337 4980//2337
f 4980//2338 4986//2338 4987//2338
f 4980//2339 4987//2339 4816//2339
f 4816//2340 4987//2340 4814//2340
f 4986//2341 4985//2341 4806//2341
f 4878//2342 4981//2342 4876//2342
f 4876//2343 4981//2343 4988//2343
f 4876//2344 4988//2344 4874//2344
f 4874//2345 4988//2345 4873//2345
f 4988//2346 4981//2346 4982//2346
f 4874//2347 4875//2347 4876//2347
f 4987//2348 4986//2348 4808//2348
f 4808//2349 4986//2349 4806//2349
f 4988//2350 4982//2350 4989//2350
f 4989//2351 4982//2351 4983//2351
f 4989//2352 4983//2352 4990//2352
f 4990//2353 4983//2353 4984//2353
f 4990//2354 4984//2354 4869//2354
f 4869//2355 4984//2355 4868//2355
f 4814//2356 4987//2356 4810//2356
f 4810//2357 4987//2357 4808//2357
f 4988//2358 4989//2358 4873//2358
f 4873//2359 4989//2359 4991//2359
f 4873//2360 4991//2360 4872//2360
f 4872//2361 4991//2361 4871//2361
f 4991//2362 4989//2362 4990//2362
f 4812//2363 4814//2363 4810//2363
f 4869//2364 4870//2364 4990//2364
f 4990//2365 4870//2365 4991//2365
f 4870//2366 4871//2366 4991//2366
f 562//2367 4992//2367 563//2367
f 563//2368 4992//2368 4993//2368
f 563//2369 4993//2369 4569//2369
f 4569//2370 4993//2370 4994//2370
f 4569//2371 4994//2371 4568//2371
f 4568//2372 4994//2372 4995//2372
f 4568//2373 4995//2373 4567//2373
f 4567//2374 4995//2374 4996//2374
f 4567//2375 4996//2375 4566//2375
f 4566//2376 4996//2376 4565//2376
f 4565//2377 4996//2377 4997//2377
f 4565//2378 4997//2378 4564//2378
f 4564//2379 4997//2379 4998//2379
f 4564//2380 4998//2380 4563//2380
f 4563//2381 4998//2381 4999//2381
f 4563//2382 4999//2382 4562//2382
f 4562//2383 4999//2383 5000//2383
f 4562//2384 5000//2384 4561//2384
f 4561//2385 5000//2385 5001//2385
f 4561//2386 5001//2386 4560//2386
f 4560//2387 5001//2387 5002//2387
f 4560//2388 5002//2388 4559//2388
f 4559//2389 5002//2389 5003//2389
f 4559//2390 5003//2390 4558//2390
f 4558//2391 5003//2391 5004//2391
f 4558//2392 5004//2392 4557//2392
f 4557//2393 5004//2393 5005//2393
f 4557//2394 5005//2394 4556//2394
f 4556//2395 5005//2395 5006//2395
f 4556//2396 5006//2396 4555//2396
f 4555//2397 5006//2397 5007//2397
f 4555//2398 5007//2398 4554//2398
f 4554//2399 5007//2399 4615//2399
f 4615//2400 5007//2400 5008//2400
f 4615//2401 5008//2401 5009//2401
f 5009//2402 5008//2402 5010//2402
f 5009//2403 5010//2403 5011//2403
f 5011//2404 5010//2404 5004//2404
f 5011//2405 5004//2405 5003//2405
f 558//2406 5012//2406 562//2406
f 562//2407 5012//2407 5013//2407
f 562//2408 5013//2408 4992//2408
f 4992//2409 5013//2409 5014//2409
f 4992//2410 5014//2410 5015//2410
f 5015//2411 5014//2411 5016//2411
f 5015//2412 5016//2412 5017//2412
f 5017//2413 5016//2413 5018//2413
f 5017//2414 5018//2414 5019//2414
f 5019//2415 5018//2415 5020//2415
f 5019//2416 5020//2416 5021//2416
f 5021//2417 5020//2417 5022//2417
f 5021//2418 5022//2418 5023//2418
f 5023//2419 5022//2419 5024//2419
f 5023//2420 5024//2420 5025//2420
f 5025//2421 5024//2421 5026//2421
f 5025//2422 5026//2422 5027//2422
f 5027//2423 5026//2423 5028//2423
f 5027//2424 5028//2424 5029//2424
f 5029//2425 5028//2425 5030//2425
f 5029//2426 5030//2426 5031//2426
f 5031//2427 5030//2427 5032//2427
f 5031//2428 5032//2428 5033//2428
f 5033//2429 5032//2429 5034//2429
f 5033//2430 5034//2430 5035//2430
f 5035//2431 5034//2431 5036//2431
f 5035//2432 5036//2432 5011//2432
f 5011//2433 5036//2433 5009//2433
f 553//2434 5037//2434 558//2434
f 558//2435 5037//2435 5038//2435
f 558//2436 5038//2436 5012//2436
f 5012//2437 5038//2437 5039//2437
f 5012//2438 5039//2438 5013//2438
f 5013//2439 5039//2439 5040//2439
f 5013//2440 5040//2440 5014//2440
f 5014//2441 5040//2441 5041//2441
f 5014//2442 5041//2442 5016//2442
f 5016//2443 5041//2443 5042//2443
f 5016//2444 5042//2444 5018//2444
f 5018//2445 5042//2445 5043//2445
f 5018//2446 5043//2446 5020//2446
f 5020//2447 5043//2447 5044//2447
f 5020//2448 5044//2448 5022//2448
f 5022//2449 5044//2449 5045//2449
f 5022//2450 5045//2450 5024//2450
f 5024//2451 5045//2451 5046//2451
f 5024//2452 5046//2452 5026//2452
f 5026//2453 5046//2453 5047//2453
f 5026//2454 5047//2454 5028//2454
f 5028//2455 5047//2455 5048//2455
f 5028//2456 5048//2456 5030//2456
f 5030//2457 5048//2457 5049//2457
f 5030//2458 5049//2458 5032//2458
f 5032//2459 5049//2459 5050//2459
f 5032//2460 5050//2460 5034//2460
f 5034//2461 5050//2461 5051//2461
f 5034//2462 5051//2462 5036//2462
f 5036//2463 5051//2463 5009//2463
f 5037//2464 553//2464 5052//2464
f 5052//2465 553//2465 550//2465
f 5052//2466 550//2466 5053//2466
f 5053//2467 550//2467 5054//2467
f 5053//2468 5054//2468 5055//2468
f 5055//2469 5054//2469 5056//2469
f 5055//2470 5056//2470 5057//2470
f 5057//2471 5056//2471 5058//2471
f 5057//2472 5058//2472 5059//2472
f 5059//2473 5058//2473 5060//2473
f 5059//2474 5060//2474 5061//2474
f 5061//2475 5060//2475 5062//2475
f 5061//2476 5062//2476 5063//2476
f 5063//2477 5062//2477 5064//2477
f 5063//2478 5064//2478 5065//2478
f 5065//2479 5064//2479 5066//2479
f 5065//2480 5066//2480 5067//2480
f 5067//2481 5066//2481 5068//2481
f 5067//2482 5068//2482 5069//2482
f 5069//2483 5068//2483 4749//2483
f 5069//2484 4749//2484 4750//2484
f 5054//2485 550//2485 5070//2485
f 5070//2486 550//2486 522//2486
f 5070//2487 522//2487 5071//2487
f 5071//2488 522//2488 5072//2488
f 5071//2489 5072//2489 5073//2489
f 5073//2490 5072//2490 5074//2490
f 5073//2491 5074//2491 5075//2491
f 5075//2492 5074//2492 5076//2492
f 5075//2493 5076//2493 5077//2493
f 5077//2494 5076//2494 5078//2494
f 5077//2495 5078//2495 5079//2495
f 5079//2496 5078//2496 5080//2496
f 5079//2497 5080//2497 5081//2497
f 5081//2498 5080//2498 5082//2498
f 5081//2499 5082//2499 5083//2499
f 5083//2500 5082//2500 4745//2500
f 5083//2501 4745//2501 4746//2501
f 5072//2502 522//2502 5084//2502
f 5084//2503 522//2503 549//2503
f 5084//2504 549//2504 5085//2504
f 5085//2505 549//2505 548//2505
f 5085//2506 548//2506 5086//2506
f 5086//2507 548//2507 547//2507
f 5086//2508 547//2508 5087//2508
f 5087//2509 547//2509 5088//2509
f 5087//2510 5088//2510 5089//2510
f 5089//2511 5088//2511 546//2511
f 5089//2512 546//2512 545//2512
f 547//2513 546//2513 5088//2513
f 544//2514 4736//2514 545//2514
f 545//2515 4736//2515 5090//2515
f 545//2516 5090//2516 5089//2516
f 5089//2517 5090//2517 5091//2517
f 5089//2518 5091//2518 5092//2518
f 5092//2519 5091//2519 5093//2519
f 5092//2520 5093//2520 5094//2520
f 5094//2521 5093//2521 5095//2521
f 5094//2522 5095//2522 5096//2522
f 5096//2523 5095//2523 5097//2523
f 5096//2524 5097//2524 5080//2524
f 5080//2525 5097//2525 5082//2525
f 4736//2526 4737//2526 5090//2526
f 5090//2527 4737//2527 5091//2527
f 4737//2528 4738//2528 5091//2528
f 5091//2529 4738//2529 4739//2529
f 5091//2530 4739//2530 5093//2530
f 5093//2531 4739//2531 4740//2531
f 5093//2532 4740//2532 5095//2532
f 5095//2533 4740//2533 4741//2533
f 5095//2534 4741//2534 4742//2534
f 5095//2535 4742//2535 5097//2535
f 5097//2536 4742//2536 4743//2536
f 5097//2537 4743//2537 5082//2537
f 5082//2538 4743//2538 4744//2538
f 5082//2539 4744//2539 4745//2539
f 5083//2540 4746//2540 5098//2540
f 5098//2541 4746//2541 4747//2541
f 5098//2542 4747//2542 4748//2542
f 5098//2543 4748//2543 5068//2543
f 5068//2544 4748//2544 4749//2544
f 4750//2545 4605//2545 5069//2545
f 5069//2546 4605//2546 5099//2546
f 5069//2547 5099//2547 5100//2547
f 5100//2548 5099//2548 5101//2548
f 5100//2549 5101//2549 5102//2549
f 5102//2550 5101//2550 5103//2550
f 5102//2551 5103//2551 5104//2551
f 5104//2552 5103//2552 5105//2552
f 5104//2553 5105//2553 5106//2553
f 5106//2554 5105//2554 5107//2554
f 5106//2555 5107//2555 5108//2555
f 5108//2556 5107//2556 5109//2556
f 5108//2557 5109//2557 5110//2557
f 5110//2558 5109//2558 5111//2558
f 5110//2559 5111//2559 5112//2559
f 5112//2560 5111//2560 5113//2560
f 5112//2561 5113//2561 5114//2561
f 5114//2562 5113//2562 5115//2562
f 5114//2563 5115//2563 5116//2563
f 5116//2564 5115//2564 5117//2564
f 5116//2565 5117//2565 5118//2565
f 5118//2566 5117//2566 5119//2566
f 5118//2567 5119//2567 5045//2567
f 5045//2568 5119//2568 5046//2568
f 4605//2569 4606//2569 5099//2569
f 5099//2570 4606//2570 5101//2570
f 4606//2571 4607//2571 5101//2571
f 5101//2572 4607//2572 4608//2572
f 5101//2573 4608//2573 5103//2573
f 5103//2574 4608//2574 4609//2574
f 5103//2575 4609//2575 5105//2575
f 5105//2576 4609//2576 4610//2576
f 5105//2577 4610//2577 5107//2577
f 5107//2578 4610//2578 4611//2578
f 5107//2579 4611//2579 5120//2579
f 5120//2580 4611//2580 5121//2580
f 5120//2581 5121//2581 5111//2581
f 5111//2582 5121//2582 5113//2582
f 4611//2583 4612//2583 5121//2583
f 5121//2584 4612//2584 5122//2584
f 5121//2585 5122//2585 5123//2585
f 5123//2586 5122//2586 5124//2586
f 5123//2587 5124//2587 5115//2587
f 5115//2588 5124//2588 5117//2588
f 5122//2589 4612//2589 5125//2589
f 5125//2590 4612//2590 4613//2590
f 5125//2591 4613//2591 5126//2591
f 5126//2592 4613//2592 5127//2592
f 5126//2593 5127//2593 5128//2593
f 5128//2594 5127//2594 5048//2594
f 5128//2595 5048//2595 5047//2595
f 5127//2596 4613//2596 5129//2596
f 5129//2597 4613//2597 4614//2597
f 5129//2598 4614//2598 5051//2598
f 5051//2599 4614//2599 5009//2599
f 4614//2600 4615//2600 5009//2600
f 5015//2601 5017//2601 4993//2601
f 4993//2602 5017//2602 4994//2602
f 5017//2603 5019//2603 4994//2603
f 4994//2604 5019//2604 4995//2604
f 5019//2605 5021//2605 4995//2605
f 4995//2606 5021//2606 4996//2606
f 5021//2607 5023//2607 4996//2607
f 4996//2608 5023//2608 4997//2608
f 5023//2609 5025//2609 4997//2609
f 4997//2610 5025//2610 4998//2610
f 5025//2611 5027//2611 4998//2611
f 4998//2612 5027//2612 4999//2612
f 5027//2613 5029//2613 4999//2613
f 4999//2614 5029//2614 5000//2614
f 5029//2615 5031//2615 5000//2615
f 5000//2616 5031//2616 5001//2616
f 5031//2617 5033//2617 5001//2617
f 5001//2618 5033//2618 5002//2618
f 5033//2619 5035//2619 5002//2619
f 5002//2620 5035//2620 5003//2620
f 5035//2621 5011//2621 5003//2621
f 5004//2622 5010//2622 5005//2622
f 5005//2623 5010//2623 5008//2623
f 5005//2624 5008//2624 5006//2624
f 5006//2625 5008//2625 5007//2625
f 4992//2626 5015//2626 4993//2626
f 5039//2627 5038//2627 5130//2627
f 5130//2628 5038//2628 5131//2628
f 5130//2629 5131//2629 5132//2629
f 5132//2630 5131//2630 5133//2630
f 5132//2631 5133//2631 5134//2631
f 5134//2632 5133//2632 5135//2632
f 5134//2633 5135//2633 5136//2633
f 5136//2634 5135//2634 5055//2634
f 5136//2635 5055//2635 5057//2635
f 5040//2636 5039//2636 5137//2636
f 5137//2637 5039//2637 5130//2637
f 5137//2638 5130//2638 5138//2638
f 5138//2639 5130//2639 5132//2639
f 5138//2640 5132//2640 5139//2640
f 5139//2641 5132//2641 5134//2641
f 5139//2642 5134//2642 5140//2642
f 5140//2643 5134//2643 5136//2643
f 5140//2644 5136//2644 5141//2644
f 5141//2645 5136//2645 5057//2645
f 5141//2646 5057//2646 5059//2646
f 5041//2647 5040//2647 5142//2647
f 5142//2648 5040//2648 5137//2648
f 5142//2649 5137//2649 5143//2649
f 5143//2650 5137//2650 5138//2650
f 5143//2651 5138//2651 5144//2651
f 5144//2652 5138//2652 5139//2652
f 5144//2653 5139//2653 5145//2653
f 5145//2654 5139//2654 5140//2654
f 5145//2655 5140//2655 5146//2655
f 5146//2656 5140//2656 5141//2656
f 5146//2657 5141//2657 5147//2657
f 5147//2658 5141//2658 5059//2658
f 5147//2659 5059//2659 5061//2659
f 5042//2660 5041//2660 5148//2660
f 5148//2661 5041//2661 5142//2661
f 5148//2662 5142//2662 5149//2662
f 5149//2663 5142//2663 5143//2663
f 5149//2664 5143//2664 5150//2664
f 5150//2665 5143//2665 5144//2665
f 5150//2666 5144//2666 5151//2666
f 5151//2667 5144//2667 5145//2667
f 5151//2668 5145//2668 5152//2668
f 5152//2669 5145//2669 5146//2669
f 5152//2670 5146//2670 5153//2670
f 5153//2671 5146//2671 5147//2671
f 5153//2672 5147//2672 5154//2672
f 5154//2673 5147//2673 5061//2673
f 5154//2674 5061//2674 5063//2674
f 5043//2675 5042//2675 5155//2675
f 5155//2676 5042//2676 5148//2676
f 5155//2677 5148//2677 5156//2677
f 5156//2678 5148//2678 5149//2678
f 5156//2679 5149//2679 5157//2679
f 5157//2680 5149//2680 5150//2680
f 5157//2681 5150//2681 5158//2681
f 5158//2682 5150//2682 5151//2682
f 5158//2683 5151//2683 5159//2683
f 5159//2684 5151//2684 5152//2684
f 5159//2685 5152//2685 5160//2685
f 5160//2686 5152//2686 5153//2686
f 5160//2687 5153//2687 5161//2687
f 5161//2688 5153//2688 5154//2688
f 5161//2689 5154//2689 5162//2689
f 5162//2690 5154//2690 5063//2690
f 5162//2691 5063//2691 5065//2691
f 5118//2692 5045//2692 5044//2692
f 5044//2693 5043//2693 5163//2693
f 5163//2694 5043//2694 5155//2694
f 5163//2695 5155//2695 5164//2695
f 5164//2696 5155//2696 5156//2696
f 5164//2697 5156//2697 5165//2697
f 5165//2698 5156//2698 5157//2698
f 5165//2699 5157//2699 5166//2699
f 5166//2700 5157//2700 5158//2700
f 5166//2701 5158//2701 5167//2701
f 5167//2702 5158//2702 5159//2702
f 5167//2703 5159//2703 5168//2703
f 5168//2704 5159//2704 5160//2704
f 5168//2705 5160//2705 5169//2705
f 5169//2706 5160//2706 5161//2706
f 5169//2707 5161//2707 5170//2707
f 5170//2708 5161//2708 5162//2708
f 5170//2709 5162//2709 5171//2709
f 5171//2710 5162//2710 5065//2710
f 5171//2711 5065//2711 5067//2711
f 5047//2712 5046//2712 5172//2712
f 5172//2713 5046//2713 5119//2713
f 5172//2714 5119//2714 5173//2714
f 5173//2715 5119//2715 5117//2715
f 5173//2716 5117//2716 5124//2716
f 5048//2717 5127//2717 5049//2717
f 5049//2718 5127//2718 5129//2718
f 5049//2719 5129//2719 5050//2719
f 5050//2720 5129//2720 5051//2720
f 5052//2721 5133//2721 5037//2721
f 5037//2722 5133//2722 5131//2722
f 5037//2723 5131//2723 5038//2723
f 5133//2724 5052//2724 5135//2724
f 5135//2725 5052//2725 5053//2725
f 5135//2726 5053//2726 5055//2726
f 5164//2727 5116//2727 5163//2727
f 5163//2728 5116//2728 5118//2728
f 5163//2729 5118//2729 5044//2729
f 5116//2730 5164//2730 5114//2730
f 5114//2731 5164//2731 5165//2731
f 5114//2732 5165//2732 5112//2732
f 5112//2733 5165//2733 5166//2733
f 5112//2734 5166//2734 5110//2734
f 5110//2735 5166//2735 5167//2735
f 5110//2736 5167//2736 5108//2736
f 5108//2737 5167//2737 5168//2737
f 5108//2738 5168//2738 5106//2738
f 5106//2739 5168//2739 5169//2739
f 5106//2740 5169//2740 5104//2740
f 5104//2741 5169//2741 5170//2741
f 5104//2742 5170//2742 5102//2742
f 5102//2743 5170//2743 5171//2743
f 5102//2744 5171//2744 5100//2744
f 5100//2745 5171//2745 5067//2745
f 5100//2746 5067//2746 5069//2746
f 5173//2747 5174//2747 5172//2747
f 5172//2748 5174//2748 5128//2748
f 5172//2749 5128//2749 5047//2749
f 5125//2750 5126//2750 5174//2750
f 5174//2751 5126//2751 5128//2751
f 5174//2752 5173//2752 5175//2752
f 5175//2753 5173//2753 5124//2753
f 5175//2754 5124//2754 5122//2754
f 5054//2755 5070//2755 5176//2755
f 5176//2756 5070//2756 5071//2756
f 5176//2757 5071//2757 5073//2757
f 5121//2758 5123//2758 5113//2758
f 5113//2759 5123//2759 5115//2759
f 5174//2760 5175//2760 5125//2760
f 5125//2761 5175//2761 5122//2761
f 5072//2762 5084//2762 5177//2762
f 5177//2763 5084//2763 5085//2763
f 5177//2764 5085//2764 5178//2764
f 5178//2765 5085//2765 5086//2765
f 5178//2766 5086//2766 5087//2766
f 5073//2767 5179//2767 5176//2767
f 5176//2768 5179//2768 5056//2768
f 5176//2769 5056//2769 5054//2769
f 5056//2770 5179//2770 5058//2770
f 5058//2771 5179//2771 5180//2771
f 5058//2772 5180//2772 5060//2772
f 5060//2773 5180//2773 5181//2773
f 5060//2774 5181//2774 5062//2774
f 5062//2775 5181//2775 5182//2775
f 5062//2776 5182//2776 5064//2776
f 5064//2777 5182//2777 5183//2777
f 5064//2778 5183//2778 5066//2778
f 5066//2779 5183//2779 5098//2779
f 5066//2780 5098//2780 5068//2780
f 5180//2781 5179//2781 5075//2781
f 5075//2782 5179//2782 5073//2782
f 5107//2783 5120//2783 5109//2783
f 5109//2784 5120//2784 5111//2784
f 5072//2785 5177//2785 5074//2785
f 5074//2786 5177//2786 5184//2786
f 5074//2787 5184//2787 5076//2787
f 5076//2788 5184//2788 5185//2788
f 5076//2789 5185//2789 5078//2789
f 5078//2790 5185//2790 5096//2790
f 5078//2791 5096//2791 5080//2791
f 5184//2792 5177//2792 5178//2792
f 5181//2793 5180//2793 5077//2793
f 5077//2794 5180//2794 5075//2794
f 5184//2795 5178//2795 5186//2795
f 5186//2796 5178//2796 5087//2796
f 5186//2797 5087//2797 5092//2797
f 5092//2798 5087//2798 5089//2798
f 5182//2799 5181//2799 5079//2799
f 5079//2800 5181//2800 5077//2800
f 5184//2801 5186//2801 5185//2801
f 5185//2802 5186//2802 5094//2802
f 5185//2803 5094//2803 5096//2803
f 5094//2804 5186//2804 5092//2804
f 5183//2805 5182//2805 5081//2805
f 5081//2806 5182//2806 5079//2806
f 5098//2807 5183//2807 5083//2807
f 5083//2808 5183//2808 5081//2808
f 529//360 4631//360 530//360
f 666//1593 665//1593 4632//1593
f 4632//2809 665//2809 4633//2809
f 4633//2809 665//2809 664//2809
f 4633//2810 664//2810 4634//2810
f 4634//2810 664//2810 663//2810
f 4634//2811 663//2811 4635//2811
f 4635//2811 663//2811 521//2811
f 4635//2812 521//2812 4636//2812
f 4636//2812 521//2812 520//2812
f 4636//2813 520//2813 4637//2813
f 4637//2813 520//2813 518//2813
f 4637//2814 518//2814 4638//2814
f 4638//2814 518//2814 662//2814
f 4638//2815 662//2815 4639//2815
f 4639//2816 662//2816 661//2816
f 4639//2817 661//2817 4640//2817
f 4640//2818 661//2818 660//2818
f 4640//2819 660//2819 4641//2819
f 4641//2819 660//2819 659//2819
f 4641//2820 659//2820 4644//2820
f 4644//2820 659//2820 658//2820
f 4644//2821 658//2821 4646//2821
f 4646//2821 658//2821 657//2821
f 4646//2822 657//2822 4648//2822
f 4648//2822 657//2822 656//2822
f 4648//2823 656//2823 4650//2823
f 4650//2823 656//2823 655//2823
f 4650//2824 655//2824 4652//2824
f 4652//2824 655//2824 654//2824
f 4652//2825 654//2825 4654//2825
f 4654//2826 654//2826 653//2826
f 4654//2827 653//2827 4656//2827
f 4656//2827 653//2827 652//2827
f 4631//2828 4630//2828 530//2828
f 530//2828 4630//2828 531//2828
f 531//2829 4630//2829 4629//2829
f 531//2829 4629//2829 532//2829
f 532//2830 4629//2830 4628//2830
f 532//2830 4628//2830 533//2830
f 533//2831 4628//2831 4627//2831
f 533//2832 4627//2832 534//2832
f 534//2833 4627//2833 4626//2833
f 534//2833 4626//2833 526//2833
f 526//2834 4626//2834 4625//2834
f 526//2834 4625//2834 527//2834
f 527//2835 4625//2835 4624//2835
f 527//2836 4624//2836 528//2836
f 528//2837 4624//2837 4623//2837
f 528//2838 4623//2838 535//2838
f 535//2839 4623//2839 4622//2839
f 535//2840 4622//2840 536//2840
f 536//2841 4622//2841 4621//2841
f 536//2841 4621//2841 537//2841
f 537//2842 4621//2842 4620//2842
f 537//2842 4620//2842 538//2842
f 538//2843 4620//2843 4619//2843
f 538//2843 4619//2843 539//2843
f 539//2844 4619//2844 4618//2844
f 539//2844 4618//2844 540//2844
f 540//2845 4618//2845 4617//2845
f 540//2845 4617//2845 541//2845
f 541//2846 4617//2846 4616//2846
f 541//2847 4616//2847 542//2847
f 542//2848 4616//2848 4604//2848
f 542//2848 4604//2848 543//2848
f 668//277 500//277 4733//277
f 4733//277 500//277 4734//277
f 4734//277 500//277 516//277
f 4734//277 516//277 514//277
f 500//277 502//277 516//277
f 516//277 502//277 4319//277
f 4714//2849 5187//2849 4715//2849
f 4715//2850 5187//2850 5188//2850
f 4715//2851 5188//2851 4716//2851
f 4716//2852 5188//2852 5189//2852
f 4716//2853 5189//2853 4710//2853
f 4710//2854 5189//2854 5190//2854
f 4710//2855 5190//2855 4711//2855
f 4711//2855 5190//2855 5191//2855
f 4711//2856 5191//2856 4712//2856
f 4712//2856 5191//2856 5192//2856
f 4712//1660 5192//1660 4717//1660
f 4717//1660 5192//1660 5193//1660
f 4717//2857 5193//2857 4718//2857
f 4718//2858 5193//2858 5194//2858
f 4718//2859 5194//2859 4719//2859
f 4719//2859 5194//2859 5195//2859
f 4719//2860 5195//2860 4720//2860
f 4720//2861 5195//2861 4366//2861
f 4720//2862 4366//2862 5196//2862
f 5196//2863 4366//2863 4368//2863
f 5196//2864 4368//2864 5197//2864
f 5197//2865 4368//2865 4370//2865
f 5197//2866 4370//2866 4369//2866
f 5187//2867 4714//2867 5198//2867
f 5198//2868 4714//2868 4731//2868
f 5198//2869 4731//2869 5199//2869
f 5199//2869 4731//2869 4730//2869
f 5199//2870 4730//2870 4729//2870
f 5199//2870 4729//2870 5200//2870
f 5200//183 4729//183 4728//183
f 5200//185 4728//185 5201//185
f 5201//2871 4728//2871 5202//2871
f 5201//2872 5202//2872 4332//2872
f 4332//2873 5202//2873 4330//2873
f 4330//2874 5202//2874 5203//2874
f 4330//2875 5203//2875 4328//2875
f 4328//2876 5203//2876 4326//2876
f 4326//2877 5203//2877 5204//2877
f 4326//2878 5204//2878 4324//2878
f 4324//2879 5204//2879 4372//2879
f 4372//2880 5204//2880 4374//2880
f 4374//2881 5204//2881 5205//2881
f 4374//2882 5205//2882 4376//2882
f 4376//2883 5205//2883 4377//2883
f 4377//2884 5205//2884 4375//2884
f 4375//2885 5205//2885 4373//2885
f 4373//2886 5205//2886 5206//2886
f 4373//2887 5206//2887 4371//2887
f 4371//2888 5206//2888 4325//2888
f 4325//2889 5206//2889 4327//2889
f 4327//2890 5206//2890 5207//2890
f 4327//2891 5207//2891 4329//2891
f 4329//2892 5207//2892 4331//2892
f 4331//2893 5207//2893 5208//2893
f 4331//2894 5208//2894 4333//2894
f 4333//2895 5208//2895 5209//2895
f 4333//2896 5209//2896 4335//2896
f 4335//2897 5209//2897 5210//2897
f 4335//2898 5210//2898 4336//2898
f 4336//2899 5210//2899 4337//2899
f 4337//2900 5210//2900 5211//2900
f 4337//2901 5211//2901 4341//2901
f 4341//2902 5211//2902 5212//2902
f 4341//2903 5212//2903 4342//2903
f 4342//2904 5212//2904 5213//2904
f 4342//2905 5213//2905 4343//2905
f 4343//2906 5213//2906 5214//2906
f 4343//2907 5214//2907 4346//2907
f 4346//2908 5214//2908 5215//2908
f 4346//2909 5215//2909 4349//2909
f 4349//2910 5215//2910 5216//2910
f 4349//2911 5216//2911 4351//2911
f 4351//2912 5216//2912 5217//2912
f 4351//2913 5217//2913 4352//2913
f 4352//2914 5217//2914 4353//2914
f 4353//2915 5217//2915 5218//2915
f 4353//2916 5218//2916 4357//2916
f 4357//2917 5218//2917 4359//2917
f 4359//2918 5218//2918 5219//2918
f 4359//2919 5219//2919 4361//2919
f 4361//2920 5219//2920 5220//2920
f 4361//2921 5220//2921 4363//2921
f 4363//2922 5220//2922 4365//2922
f 4365//2923 5220//2923 5221//2923
f 4365//2924 5221//2924 4367//2924
f 4367//2925 5221//2925 4723//2925
f 4367//2926 4723//2926 5222//2926
f 5222//2927 4723//2927 4722//2927
f 5222//2928 4722//2928 5197//2928
f 5197//2928 4722//2928 4721//2928
f 5197//2929 4721//2929 5196//2929
f 5196//2929 4721//2929 4720//2929
f 4728//2930 4727//2930 5202//2930
f 5202//2931 4727//2931 5203//2931
f 4727//2931 4726//2931 5203//2931
f 5203//2932 4726//2932 5204//2932
f 4726//2932 4725//2932 5204//2932
f 5204//2933 4725//2933 5205//2933
f 4725//2933 4724//2933 5205//2933
f 5205//2934 4724//2934 5206//2934
f 4724//2934 4699//2934 5206//2934
f 5206//2935 4699//2935 5207//2935
f 4699//2935 4698//2935 5207//2935
f 5207//2936 4698//2936 5208//2936
f 4698//2936 4697//2936 5208//2936
f 5208//2937 4697//2937 5209//2937
f 4697//2938 4695//2938 5209//2938
f 5209//2939 4695//2939 5210//2939
f 4695//2939 4693//2939 5210//2939
f 5210//2940 4693//2940 5211//2940
f 4693//2940 4691//2940 5211//2940
f 5211//2941 4691//2941 5212//2941
f 4691//2941 4689//2941 5212//2941
f 5212//2942 4689//2942 5213//2942
f 4689//2942 4687//2942 5213//2942
f 5213//2943 4687//2943 5214//2943
f 4687//2943 4685//2943 5214//2943
f 5214//2944 4685//2944 5215//2944
f 4685//2944 4683//2944 5215//2944
f 5215//2945 4683//2945 5216//2945
f 4683//2945 4681//2945 5216//2945
f 5216//2946 4681//2946 5217//2946
f 4681//2946 4679//2946 5217//2946
f 5217//2947 4679//2947 5218//2947
f 4679//2948 4677//2948 5218//2948
f 5218//131 4677//131 5219//131
f 4677//131 4675//131 5219//131
f 5219//2949 4675//2949 5220//2949
f 4675//2950 4673//2950 5220//2950
f 5220//2951 4673//2951 5221//2951
f 4673//2951 4723//2951 5221//2951
f 4332//2952 4334//2952 5201//2952
f 5201//2953 4334//2953 5200//2953
f 4334//2954 4339//2954 5200//2954
f 5200//2955 4339//2955 4338//2955
f 5200//2956 4338//2956 5199//2956
f 5199//2957 4338//2957 4340//2957
f 5199//2958 4340//2958 5198//2958
f 5198//2959 4340//2959 4345//2959
f 5198//2960 4345//2960 5187//2960
f 5187//2961 4345//2961 4344//2961
f 5187//2962 4344//2962 5188//2962
f 5188//2963 4344//2963 4347//2963
f 5188//2964 4347//2964 5189//2964
f 5189//2965 4347//2965 4348//2965
f 5189//2966 4348//2966 5190//2966
f 5190//2967 4348//2967 4350//2967
f 5190//2968 4350//2968 5191//2968
f 5191//2969 4350//2969 4355//2969
f 5191//2970 4355//2970 4354//2970
f 5191//2971 4354//2971 5192//2971
f 5192//2972 4354//2972 4356//2972
f 5192//2973 4356//2973 4358//2973
f 5192//2974 4358//2974 5193//2974
f 5193//2975 4358//2975 4360//2975
f 5193//2976 4360//2976 5194//2976
f 5194//2977 4360//2977 4362//2977
f 5194//2978 4362//2978 4364//2978
f 5194//2979 4364//2979 5195//2979
f 5195//2980 4364//2980 4366//2980
f 5197//2981 4369//2981 5222//2981
f 5222//2982 4369//2982 4367//2982
f 4686//2850 5223//2850 4684//2850
f 4684//2850 5223//2850 5224//2850
f 4684//2851 5224//2851 4682//2851
f 4682//2851 5224//2851 5225//2851
f 4682//2853 5225//2853 4680//2853
f 4680//2854 5225//2854 5226//2854
f 4680//2855 5226//2855 4678//2855
f 4678//2855 5226//2855 5227//2855
f 4678//2856 5227//2856 4676//2856
f 4676//2983 5227//2983 5228//2983
f 4676//1660 5228//1660 4674//1660
f 4674//1660 5228//1660 5229//1660
f 4674//2858 5229//2858 4672//2858
f 4672//2857 5229//2857 5230//2857
f 4672//2859 5230//2859 4671//2859
f 4671//2859 5230//2859 5231//2859
f 4671//2860 5231//2860 4670//2860
f 4670//2861 5231//2861 4427//2861
f 4670//2862 4427//2862 5232//2862
f 5232//2863 4427//2863 4429//2863
f 5232//2864 4429//2864 5233//2864
f 5233//2865 4429//2865 4431//2865
f 5233//2866 4431//2866 4430//2866
f 5223//2867 4686//2867 5234//2867
f 5234//2868 4686//2868 4688//2868
f 5234//2869 4688//2869 5235//2869
f 5235//2869 4688//2869 4690//2869
f 5235//2870 4690//2870 4692//2870
f 5235//2870 4692//2870 5236//2870
f 5236//183 4692//183 4694//183
f 5236//183 4694//183 5237//183
f 5237//2930 4694//2930 5238//2930
f 5237//2872 5238//2872 4393//2872
f 4393//2873 5238//2873 4391//2873
f 4391//2874 5238//2874 5239//2874
f 4391//2875 5239//2875 4389//2875
f 4389//2984 5239//2984 4387//2984
f 4387//2877 5239//2877 5240//2877
f 4387//2878 5240//2878 4379//2878
f 4379//2985 5240//2985 4381//2985
f 4381//2880 5240//2880 4383//2880
f 4383//2881 5240//2881 5241//2881
f 4383//2882 5241//2882 4385//2882
f 4385//2883 5241//2883 4386//2883
f 4386//2884 5241//2884 4384//2884
f 4384//2885 5241//2885 4382//2885
f 4382//2886 5241//2886 5242//2886
f 4382//2887 5242//2887 4380//2887
f 4380//2888 5242//2888 4378//2888
f 4378//2889 5242//2889 4388//2889
f 4388//2890 5242//2890 5243//2890
f 4388//2891 5243//2891 4390//2891
f 4390//2892 5243//2892 4392//2892
f 4392//2893 5243//2893 5244//2893
f 4392//2894 5244//2894 4394//2894
f 4394//2986 5244//2986 5245//2986
f 4394//2987 5245//2987 4396//2987
f 4396//2988 5245//2988 5246//2988
f 4396//2989 5246//2989 4397//2989
f 4397//2899 5246//2899 4398//2899
f 4398//2900 5246//2900 5247//2900
f 4398//2990 5247//2990 4402//2990
f 4402//2991 5247//2991 5248//2991
f 4402//2903 5248//2903 4403//2903
f 4403//2904 5248//2904 5249//2904
f 4403//2992 5249//2992 4404//2992
f 4404//2906 5249//2906 5250//2906
f 4404//2993 5250//2993 4407//2993
f 4407//2994 5250//2994 5251//2994
f 4407//2909 5251//2909 4410//2909
f 4410//2995 5251//2995 5252//2995
f 4410//2996 5252//2996 4412//2996
f 4412//2912 5252//2912 5253//2912
f 4412//2997 5253//2997 4413//2997
f 4413//2998 5253//2998 4414//2998
f 4414//2999 5253//2999 5254//2999
f 4414//2916 5254//2916 4418//2916
f 4418//3000 5254//3000 4420//3000
f 4420//2918 5254//2918 5255//2918
f 4420//2919 5255//2919 4422//2919
f 4422//2920 5255//2920 5256//2920
f 4422//2921 5256//2921 4424//2921
f 4424//2922 5256//2922 4426//2922
f 4426//2923 5256//2923 5257//2923
f 4426//2924 5257//2924 4428//2924
f 4428//2925 5257//2925 4667//2925
f 4428//2926 4667//2926 5258//2926
f 5258//2927 4667//2927 4668//2927
f 5258//2928 4668//2928 5233//2928
f 5233//2928 4668//2928 4669//2928
f 5233//2929 4669//2929 5232//2929
f 5232//2929 4669//2929 4670//2929
f 4694//2871 4696//2871 5238//2871
f 5238//2931 4696//2931 5239//2931
f 4696//2931 4713//2931 5239//2931
f 5239//2932 4713//2932 5240//2932
f 4713//2932 4642//2932 5240//2932
f 5240//2933 4642//2933 5241//2933
f 4642//2933 4643//2933 5241//2933
f 5241//2934 4643//2934 5242//2934
f 4643//2934 4645//2934 5242//2934
f 5242//2935 4645//2935 5243//2935
f 4645//2935 4647//2935 5243//2935
f 5243//2936 4647//2936 5244//2936
f 4647//2936 4649//2936 5244//2936
f 5244//2937 4649//2937 5245//2937
f 4649//2938 4651//2938 5245//2938
f 5245//3001 4651//3001 5246//3001
f 4651//2939 4653//2939 5246//2939
f 5246//2940 4653//2940 5247//2940
f 4653//3002 4655//3002 5247//3002
f 5247//2941 4655//2941 5248//2941
f 4655//2941 4657//2941 5248//2941
f 5248//2942 4657//2942 5249//2942
f 4657//2942 4658//2942 5249//2942
f 5249//2943 4658//2943 5250//2943
f 4658//3003 4659//3003 5250//3003
f 5250//3004 4659//3004 5251//3004
f 4659//2944 4660//2944 5251//2944
f 5251//2945 4660//2945 5252//2945
f 4660//2945 4661//2945 5252//2945
f 5252//2946 4661//2946 5253//2946
f 4661//2946 4662//2946 5253//2946
f 5253//3005 4662//3005 5254//3005
f 4662//2947 4663//2947 5254//2947
f 5254//131 4663//131 5255//131
f 4663//131 4665//131 5255//131
f 5255//2949 4665//2949 5256//2949
f 4665//2950 4666//2950 5256//2950
f 5256//2951 4666//2951 5257//2951
f 4666//2951 4667//2951 5257//2951
f 4393//2952 4395//2952 5237//2952
f 5237//2953 4395//2953 5236//2953
f 4395//2954 4400//2954 5236//2954
f 5236//3006 4400//3006 4399//3006
f 5236//2956 4399//2956 5235//2956
f 5235//3007 4399//3007 4401//3007
f 5235//2958 4401//2958 5234//2958
f 5234//3008 4401//3008 4406//3008
f 5234//3009 4406//3009 5223//3009
f 5223//3010 4406//3010 4405//3010
f 5223//2962 4405//2962 5224//2962
f 5224//3011 4405//3011 4408//3011
f 5224//2964 4408//2964 5225//2964
f 5225//2965 4408//2965 4409//2965
f 5225//3012 4409//3012 5226//3012
f 5226//3013 4409//3013 4411//3013
f 5226//2968 4411//2968 5227//2968
f 5227//3014 4411//3014 4416//3014
f 5227//3015 4416//3015 4415//3015
f 5227//2971 4415//2971 5228//2971
f 5228//3016 4415//3016 4417//3016
f 5228//2973 4417//2973 4419//2973
f 5228//2974 4419//2974 5229//2974
f 5229//2975 4419//2975 4421//2975
f 5229//2976 4421//2976 5230//2976
f 5230//2977 4421//2977 4423//2977
f 5230//2978 4423//2978 4425//2978
f 5230//2979 4425//2979 5231//2979
f 5231//2980 4425//2980 4427//2980
f 5233//2981 4430//2981 5258//2981
f 5258//2982 4430//2982 4428//2982
f 3426//157 5386//157 3428//157
f 3428//157 5386//157 5387//157
f 3428//155 5387//155 3430//155
f 3430//155 5387//155 5388//155
f 3430//154 5388//154 3431//154
f 3431//154 5388//154 5389//154
f 3431//153 5389//153 3495//153
f 3495//153 5389//153 5390//153
f 3495//152 5390//152 3493//152
f 3493//151 5391//151 3491//151
f 3491//151 5391//151 5392//151
f 3491//150 5392//150 3489//150
f 3489//148 5393//148 3487//148
f 3487//148 5393//148 5394//148
f 3487//147 5394//147 3485//147
f 3485//147 5394//147 5395//147
f 3485//146 5395//146 3482//146
f 3482//146 5395//146 5396//146
f 3482//145 5396//145 3480//145
f 3480//145 5396//145 5397//145
f 3480//144 5397//144 3478//144
f 3478//144 5397//144 5398//144
f 3478//143 5398//143 3476//143
f 3476//143 5398//143 5399//143
f 3476//229 5399//229 3474//229
f 3474//142 5399//142 5400//142
f 3474//141 5400//141 3472//141
f 3472//141 5400//141 5401//141
f 3472//139 5401//139 3470//139
f 3470//139 5401//139 5402//139
f 3470//138 5402//138 3468//138
f 3468//246 5402//246 5403//246
f 3468//136 5403//136 3466//136
f 3466//136 5403//136 5404//136
f 3466//135 5404//135 3465//135
f 3465//135 5404//135 5405//135
f 3465//134 5405//134 3463//134
f 3463//134 5405//134 5406//134
f 3463//178 5406//178 3461//178
f 3461//178 5406//178 5407//178
f 3461//176 5407//176 3459//176
f 3459//236 5407//236 5408//236
f 3459//175 5408//175 3457//175
f 3457//175 5408//175 5409//175
f 3457//173 5409//173 3455//173
f 3455//173 5409//173 5410//173
f 3455//234 5410//234 3453//234
f 3453//172 5410//172 5411//172
f 3453//171 5411//171 3451//171
f 3451//171 5411//171 5412//171
f 3451//170 5412//170 3449//170
f 3449//169 5413//169 3446//169
f 3446//168 5414//168 3444//168
f 3444//167 5415//167 3442//167
f 3442//167 5415//167 5416//167
f 3442//166 5416//166 3440//166
f 3440//166 5416//166 5417//166
f 3440//165 5417//165 3438//165
f 3438//165 5417//165 5418//165
f 3438//163 5418//163 3436//163
f 3436//163 5418//163 5419//163
f 3436//162 5419//162 3434//162
f 3434//162 5419//162 5420//162
f 3434//161 5420//161 3432//161
f 3432//3017 5420//3017 5421//3017
f 3432//159 5421//159 3426//159
f 3426//159 5421//159 5386//159
f 3246//157 5470//157 3248//157
f 3248//157 5470//157 5471//157
f 3248//155 5471//155 3250//155
f 3250//156 5471//156 5472//156
f 3250//154 5472//154 3251//154
f 3251//297 5472//297 5473//297
f 3251//298 5473//298 3315//298
f 3315//153 5473//153 5474//153
f 3315//152 5474//152 3313//152
f 3313//152 5474//152 5475//152
f 3313//151 5475//151 3311//151
f 3311//151 5475//151 5476//151
f 3311//149 5476//149 3309//149
f 3309//150 5476//150 5477//150
f 3309//148 5477//148 3307//148
f 3307//148 5477//148 5478//148
f 3307//147 5478//147 3305//147
f 3305//147 5478//147 5479//147
f 3305//146 5479//146 3302//146
f 3302//146 5479//146 5480//146
f 3302//145 5480//145 3300//145
f 3300//145 5480//145 5481//145
f 3300//144 5481//144 3298//144
f 3298//144 5481//144 5482//144
f 3298//143 5482//143 3296//143
f 3296//143 5482//143 5483//143
f 3296//142 5483//142 3294//142
f 3294//229 5483//229 5484//229
f 3294//141 5484//141 3292//141
f 3292//141 5484//141 5485//141
f 3292//139 5485//139 3290//139
f 3290//139 5485//139 5486//139
f 3290//138 5486//138 3288//138
f 3288//3018 5486//3018 5487//3018
f 3288//136 5487//136 3286//136
f 3286//136 5487//136 5488//136
f 3286//135 5488//135 3285//135
f 3285//228 5488//228 5489//228
f 3285//133 5489//133 3283//133
f 3283//134 5489//134 5490//134
f 3283//178 5490//178 3281//178
f 3281//178 5490//178 5491//178
f 3281//236 5491//236 3279//236
f 3279//176 5491//176 5492//176
f 3279//175 5492//175 3277//175
f 3277//175 5492//175 5493//175
f 3277//173 5493//173 3275//173
f 3275//173 5493//173 5494//173
f 3275//234 5494//234 3273//234
f 3273//172 5494//172 5495//172
f 3273//171 5495//171 3271//171
f 3271//171 5495//171 5496//171
f 3271//170 5496//170 3269//170
f 3269//170 5496//170 5497//170
f 3269//169 5497//169 3266//169
f 3266//169 5497//169 5498//169
f 3266//168 5498//168 3264//168
f 3264//168 5498//168 5499//168
f 3264//167 5499//167 3262//167
f 3262//167 5499//167 5500//167
f 3262//300 5500//300 3260//300
f 3260//166 5500//166 5501//166
f 3260//164 5501//164 3258//164
f 3258//164 5501//164 5502//164
f 3258//163 5502//163 3256//163
f 3256//163 5502//163 5503//163
f 3256//301 5503//301 3254//301
f 3254//162 5503//162 5504//162
f 3254//3017 5504//3017 3252//3017
f 3252//161 5504//161 5505//161
f 3252//160 5505//160 3246//160
f 3246//159 5505//159 5470//159
usemtl N9_aluminum_ano
f 1401//3019 1402//3019 1403//3019
f 1403//3020 1402//3020 1404//3020
f 1402//3021 1405//3021 1404//3021
f 1404//3021 1405//3021 1406//3021
f 1405//2939 1407//2939 1406//2939
f 1406//2939 1407//2939 1408//2939
f 1407//3022 1409//3022 1408//3022
f 1408//3022 1409//3022 1410//3022
f 1409//3023 1411//3023 1410//3023
f 1410//3024 1411//3024 1412//3024
f 1411//1660 1401//1660 1412//1660
f 1412//1660 1401//1660 1403//1660
f 1403//183 1404//183 1412//183
f 1412//183 1404//183 1410//183
f 1410//183 1404//183 1406//183
f 1410//183 1406//183 1408//183
f 1413//3025 1414//3025 1415//3025
f 1415//3026 1414//3026 1416//3026
f 1415//3027 1416//3027 1417//3027
f 1417//3028 1416//3028 1418//3028
f 1417//3029 1418//3029 1419//3029
f 1419//3029 1418//3029 1420//3029
f 1419//3030 1420//3030 1421//3030
f 1421//3030 1420//3030 1422//3030
f 1421//3031 1422//3031 1423//3031
f 1423//3032 1422//3032 1424//3032
f 1423//3033 1424//3033 1425//3033
f 1425//3034 1424//3034 1426//3034
f 1425//3035 1426//3035 1427//3035
f 1427//3035 1426//3035 1428//3035
f 1427//3036 1428//3036 1429//3036
f 1429//3037 1428//3037 1430//3037
f 1429//3038 1430//3038 1431//3038
f 1431//3039 1430//3039 1432//3039
f 1431//3040 1432//3040 1433//3040
f 1433//3041 1432//3041 1434//3041
f 1433//3042 1434//3042 1435//3042
f 1435//3042 1434//3042 1436//3042
f 1435//3043 1436//3043 1437//3043
f 1437//3044 1436//3044 1438//3044
f 1437//3045 1438//3045 1439//3045
f 1439//3045 1438//3045 1440//3045
f 1439//3046 1440//3046 1441//3046
f 1441//3046 1440//3046 1442//3046
f 1441//3047 1442//3047 1443//3047
f 1443//3048 1442//3048 1444//3048
f 1443//3049 1444//3049 1445//3049
f 1445//3050 1444//3050 1446//3050
f 1445//3051 1446//3051 1447//3051
f 1447//3052 1446//3052 1448//3052
f 1447//3053 1448//3053 1449//3053
f 1449//3054 1448//3054 1450//3054
f 1449//3055 1450//3055 1451//3055
f 1451//3056 1450//3056 1452//3056
f 1451//3057 1452//3057 1453//3057
f 1453//3058 1452//3058 1454//3058
f 1453//3059 1454//3059 1455//3059
f 1455//3060 1454//3060 1456//3060
f 1455//3061 1456//3061 1457//3061
f 1457//3062 1456//3062 1458//3062
f 1457//3063 1458//3063 1459//3063
f 1459//3063 1458//3063 1460//3063
f 1459//3064 1460//3064 1461//3064
f 1461//3065 1460//3065 1462//3065
f 1461//3066 1462//3066 1463//3066
f 1463//3067 1462//3067 1464//3067
f 1463//3068 1464//3068 1465//3068
f 1465//3069 1464//3069 1466//3069
f 1465//3070 1466//3070 1467//3070
f 1467//3071 1466//3071 1468//3071
f 1467//3072 1468//3072 1469//3072
f 1469//3073 1468//3073 1470//3073
f 1469//3074 1470//3074 1471//3074
f 1471//3074 1470//3074 1472//3074
f 1471//3075 1472//3075 1473//3075
f 1473//3075 1472//3075 1474//3075
f 1473//3076 1474//3076 1475//3076
f 1475//3077 1474//3077 1476//3077
f 1475//3078 1476//3078 1477//3078
f 1477//3078 1476//3078 1478//3078
f 1477//3079 1478//3079 1479//3079
f 1479//3080 1478//3080 1480//3080
f 1479//3081 1480//3081 1481//3081
f 1481//3081 1480//3081 1482//3081
f 1481//3082 1482//3082 1483//3082
f 1483//3082 1482//3082 1484//3082
f 1483//3083 1484//3083 1413//3083
f 1413//3084 1484//3084 1414//3084
f 1489//153 1419//153 1421//153
f 1490//152 1421//152 1423//152
f 1414//183 1401//183 1416//183
f 1416//183 1401//183 1411//183
f 1416//183 1411//183 1418//183
f 1418//183 1411//183 1420//183
f 1420//183 1411//183 1422//183
f 1422//183 1411//183 1424//183
f 1424//183 1411//183 1426//183
f 1426//183 1411//183 1428//183
f 1428//183 1411//183 1409//183
f 1428//183 1409//183 1430//183
f 1430//183 1409//183 1432//183
f 1432//183 1409//183 1434//183
f 1434//183 1409//183 1436//183
f 1436//183 1409//183 1438//183
f 1438//183 1409//183 1440//183
f 1440//183 1409//183 1407//183
f 1440//183 1407//183 1442//183
f 1442//182 1407//182 1444//182
f 1444//185 1407//185 1446//185
f 1446//183 1407//183 1448//183
f 1448//183 1407//183 1450//183
f 1450//183 1407//183 1452//183
f 1452//183 1407//183 1405//183
f 1452//183 1405//183 1454//183
f 1454//183 1405//183 1456//183
f 1456//183 1405//183 1458//183
f 1458//185 1405//185 1460//185
f 1460//182 1405//182 1462//182
f 1462//185 1405//185 1464//185
f 1464//183 1405//183 1402//183
f 1464//183 1402//183 1466//183
f 1466//183 1402//183 1468//183
f 1468//183 1402//183 1470//183
f 1470//183 1402//183 1472//183
f 1472//183 1402//183 1474//183
f 1474//183 1402//183 1476//183
f 1476//183 1402//183 1401//183
f 1476//183 1401//183 1478//183
f 1478//183 1401//183 1480//183
f 1480//183 1401//183 1482//183
f 1482//183 1401//183 1484//183
f 1484//183 1401//183 1414//183
f 1521//3020 1522//3020 1523//3020
f 1523//3020 1522//3020 1524//3020
f 1522//3021 1525//3021 1524//3021
f 1524//3021 1525//3021 1526//3021
f 1525//2939 1527//2939 1526//2939
f 1526//2939 1527//2939 1528//2939
f 1527//3022 1529//3022 1528//3022
f 1528//3022 1529//3022 1530//3022
f 1529//3023 1531//3023 1530//3023
f 1530//3023 1531//3023 1532//3023
f 1531//1660 1521//1660 1532//1660
f 1532//1660 1521//1660 1523//1660
f 1523//183 1524//183 1532//183
f 1532//183 1524//183 1530//183
f 1530//183 1524//183 1526//183
f 1530//183 1526//183 1528//183
f 1533//3025 1534//3025 1535//3025
f 1535//3025 1534//3025 1536//3025
f 1535//3027 1536//3027 1537//3027
f 1537//3027 1536//3027 1538//3027
f 1537//3085 1538//3085 1539//3085
f 1539//3085 1538//3085 1540//3085
f 1539//3030 1540//3030 1541//3030
f 1541//3030 1540//3030 1542//3030
f 1541//3031 1542//3031 1543//3031
f 1543//3032 1542//3032 1544//3032
f 1543//3086 1544//3086 1545//3086
f 1545//3086 1544//3086 1546//3086
f 1545//3035 1546//3035 1547//3035
f 1547//3035 1546//3035 1548//3035
f 1547//3087 1548//3087 1549//3087
f 1549//3036 1548//3036 1550//3036
f 1549//3039 1550//3039 1551//3039
f 1551//3039 1550//3039 1552//3039
f 1551//3041 1552//3041 1553//3041
f 1553//3041 1552//3041 1554//3041
f 1553//3042 1554//3042 1555//3042
f 1555//3042 1554//3042 1556//3042
f 1555//3044 1556//3044 1557//3044
f 1557//3044 1556//3044 1558//3044
f 1557//3045 1558//3045 1559//3045
f 1559//3045 1558//3045 1560//3045
f 1559//3088 1560//3088 1561//3088
f 1561//3088 1560//3088 1562//3088
f 1561//3047 1562//3047 1563//3047
f 1563//3089 1562//3089 1564//3089
f 1563//3049 1564//3049 1565//3049
f 1565//3050 1564//3050 1566//3050
f 1565//3090 1566//3090 1567//3090
f 1567//3091 1566//3091 1568//3091
f 1567//3092 1568//3092 1569//3092
f 1569//3093 1568//3093 1570//3093
f 1569//3094 1570//3094 1571//3094
f 1571//3095 1570//3095 1572//3095
f 1571//3057 1572//3057 1573//3057
f 1573//3096 1572//3096 1574//3096
f 1573//3097 1574//3097 1575//3097
f 1575//3059 1574//3059 1576//3059
f 1575//3062 1576//3062 1577//3062
f 1577//3061 1576//3061 1578//3061
f 1577//3098 1578//3098 1579//3098
f 1579//3099 1578//3099 1580//3099
f 1579//3064 1580//3064 1581//3064
f 1581//3100 1580//3100 1582//3100
f 1581//3066 1582//3066 1583//3066
f 1583//3067 1582//3067 1584//3067
f 1583//3069 1584//3069 1585//3069
f 1585//3101 1584//3101 1586//3101
f 1585//3071 1586//3071 1587//3071
f 1587//3071 1586//3071 1588//3071
f 1587//3102 1588//3102 1589//3102
f 1589//3102 1588//3102 1590//3102
f 1589//3103 1590//3103 1591//3103
f 1591//3074 1590//3074 1592//3074
f 1591//3075 1592//3075 1593//3075
f 1593//3075 1592//3075 1594//3075
f 1593//3076 1594//3076 1595//3076
f 1595//3104 1594//3104 1596//3104
f 1595//3078 1596//3078 1597//3078
f 1597//3078 1596//3078 1598//3078
f 1597//3079 1598//3079 1599//3079
f 1599//3080 1598//3080 1600//3080
f 1599//3105 1600//3105 1601//3105
f 1601//3081 1600//3081 1602//3081
f 1601//3082 1602//3082 1603//3082
f 1603//3082 1602//3082 1604//3082
f 1603//3084 1604//3084 1533//3084
f 1533//3084 1604//3084 1534//3084
f 1609//249 1539//249 1541//249
f 1614//147 1549//147 1551//147
f 1615//146 1551//146 1553//146
f 1617//144 1555//144 1557//144
f 1635//167 1591//167 1593//167
f 1636//166 1593//166 1595//166
f 1534//183 1521//183 1536//183
f 1536//183 1521//183 1531//183
f 1536//183 1531//183 1538//183
f 1538//183 1531//183 1540//183
f 1540//183 1531//183 1542//183
f 1542//183 1531//183 1544//183
f 1544//183 1531//183 1546//183
f 1546//183 1531//183 1548//183
f 1548//183 1531//183 1529//183
f 1548//183 1529//183 1550//183
f 1550//183 1529//183 1552//183
f 1552//183 1529//183 1554//183
f 1554//183 1529//183 1556//183
f 1556//183 1529//183 1558//183
f 1558//183 1529//183 1560//183
f 1560//183 1529//183 1527//183
f 1560//183 1527//183 1562//183
f 1562//183 1527//183 1564//183
f 1564//183 1527//183 1566//183
f 1566//183 1527//183 1568//183
f 1568//183 1527//183 1570//183
f 1570//183 1527//183 1572//183
f 1572//183 1527//183 1525//183
f 1572//183 1525//183 1574//183
f 1574//183 1525//183 1576//183
f 1576//183 1525//183 1578//183
f 1578//183 1525//183 1580//183
f 1580//183 1525//183 1582//183
f 1582//183 1525//183 1584//183
f 1584//183 1525//183 1522//183
f 1584//183 1522//183 1586//183
f 1586//183 1522//183 1588//183
f 1588//183 1522//183 1590//183
f 1590//183 1522//183 1592//183
f 1592//183 1522//183 1594//183
f 1594//183 1522//183 1596//183
f 1596//183 1522//183 1521//183
f 1596//183 1521//183 1598//183
f 1598//183 1521//183 1600//183
f 1600//183 1521//183 1602//183
f 1602//183 1521//183 1604//183
f 1604//183 1521//183 1534//183
f 3175//134 3209//134 3174//134
f 3174//134 3209//134 3210//134
f 3173//135 3210//135 3211//135
f 3176//136 3211//136 3212//136
f 3176//138 3212//138 3177//138
f 3177//138 3212//138 3213//138
f 3177//139 3213//139 3178//139
f 3178//139 3213//139 3214//139
f 3178//141 3214//141 3179//141
f 3179//141 3214//141 3215//141
f 3180//229 3215//229 3216//229
f 3182//144 3217//144 3218//144
f 3182//145 3218//145 3183//145
f 3183//145 3218//145 3219//145
f 3183//146 3219//146 3184//146
f 3184//146 3219//146 3220//146
f 3184//147 3220//147 3185//147
f 3185//147 3220//147 3221//147
f 3185//148 3221//148 3186//148
f 3186//148 3221//148 3222//148
f 3186//150 3222//150 3187//150
f 3187//150 3222//150 3223//150
f 3187//151 3223//151 3188//151
f 3188//151 3223//151 3224//151
f 3188//152 3224//152 3189//152
f 3189//152 3224//152 3225//152
f 3189//153 3225//153 3190//153
f 3190//298 3225//298 3226//298
f 3190//154 3226//154 3191//154
f 3191//154 3226//154 3227//154
f 3191//155 3227//155 3192//155
f 3192//155 3227//155 3228//155
f 3192//157 3228//157 3193//157
f 3193//158 3228//158 3229//158
f 3193//159 3229//159 3194//159
f 3194//159 3229//159 3230//159
f 3194//161 3230//161 3195//161
f 3195//3017 3230//3017 3231//3017
f 3195//162 3231//162 3196//162
f 3196//162 3231//162 3232//162
f 3196//163 3232//163 3197//163
f 3197//163 3232//163 3233//163
f 3197//164 3233//164 3198//164
f 3198//165 3233//165 3234//165
f 3198//166 3234//166 3199//166
f 3199//166 3234//166 3235//166
f 3200//167 3235//167 3236//167
f 3201//168 3236//168 3237//168
f 3202//169 3237//169 3238//169
f 3203//170 3238//170 3239//170
f 3204//171 3239//171 3240//171
f 3205//172 3240//172 3241//172
f 3205//173 3241//173 3206//173
f 3206//173 3241//173 3242//173
f 3206//175 3242//175 3207//175
f 3207//175 3242//175 3243//175
f 3207//176 3243//176 3208//176
f 3208//176 3243//176 3244//176
f 3208//178 3244//178 3175//178
f 3175//178 3244//178 3209//178
f 3247//134 3317//134 3318//134
f 3245//135 3318//135 3319//135
f 3245//136 3319//136 3253//136
f 3253//136 3319//136 3320//136
f 3253//247 3320//247 3255//247
f 3255//138 3320//138 3321//138
f 3255//139 3321//139 3257//139
f 3257//139 3321//139 3322//139
f 3257//141 3322//141 3259//141
f 3259//141 3322//141 3323//141
f 3259//142 3323//142 3261//142
f 3261//229 3323//229 3324//229
f 3261//143 3324//143 3263//143
f 3263//143 3324//143 3325//143
f 3263//144 3325//144 3265//144
f 3265//144 3325//144 3326//144
f 3267//145 3326//145 3327//145
f 3267//146 3327//146 3268//146
f 3268//146 3327//146 3328//146
f 3270//147 3328//147 3329//147
f 3270//148 3329//148 3272//148
f 3272//148 3329//148 3330//148
f 3272//150 3330//150 3274//150
f 3274//149 3330//149 3331//149
f 3276//151 3331//151 3332//151
f 3276//152 3332//152 3278//152
f 3278//152 3332//152 3333//152
f 3278//231 3333//231 3280//231
f 3280//153 3333//153 3334//153
f 3280//154 3334//154 3282//154
f 3282//154 3334//154 3335//154
f 3282//155 3335//155 3284//155
f 3284//156 3335//156 3336//156
f 3284//157 3336//157 3287//157
f 3287//158 3336//158 3337//158
f 3287//159 3337//159 3289//159
f 3289//159 3337//159 3338//159
f 3289//3017 3338//3017 3291//3017
f 3291//161 3338//161 3339//161
f 3293//162 3339//162 3340//162
f 3295//163 3340//163 3341//163
f 3297//164 3341//164 3342//164
f 3299//166 3342//166 3343//166
f 3299//167 3343//167 3301//167
f 3301//167 3343//167 3344//167
f 3301//168 3344//168 3303//168
f 3303//168 3344//168 3345//168
f 3303//169 3345//169 3304//169
f 3304//169 3345//169 3346//169
f 3304//170 3346//170 3306//170
f 3306//170 3346//170 3347//170
f 3306//171 3347//171 3308//171
f 3308//171 3347//171 3348//171
f 3308//234 3348//234 3310//234
f 3310//172 3348//172 3349//172
f 3310//173 3349//173 3312//173
f 3312//173 3349//173 3350//173
f 3312//175 3350//175 3314//175
f 3314//175 3350//175 3351//175
f 3314//176 3351//176 3316//176
f 3316//176 3351//176 3352//176
f 3316//178 3352//178 3249//178
f 3249//178 3352//178 3317//178
f 3355//134 3389//134 3354//134
f 3354//134 3389//134 3390//134
f 3353//135 3390//135 3391//135
f 3353//136 3391//136 3356//136
f 3356//136 3391//136 3392//136
f 3356//247 3392//247 3357//247
f 3357//138 3392//138 3393//138
f 3358//139 3393//139 3394//139
f 3358//141 3394//141 3359//141
f 3359//141 3394//141 3395//141
f 3360//229 3395//229 3396//229
f 3361//143 3396//143 3397//143
f 3361//144 3397//144 3362//144
f 3362//144 3397//144 3398//144
f 3362//145 3398//145 3363//145
f 3363//145 3398//145 3399//145
f 3363//146 3399//146 3364//146
f 3364//146 3399//146 3400//146
f 3364//147 3400//147 3365//147
f 3365//147 3400//147 3401//147
f 3365//148 3401//148 3366//148
f 3366//148 3401//148 3402//148
f 3366//150 3402//150 3367//150
f 3367//149 3402//149 3403//149
f 3367//151 3403//151 3368//151
f 3368//151 3403//151 3404//151
f 3369//152 3404//152 3405//152
f 3370//153 3405//153 3406//153
f 3371//154 3406//154 3407//154
f 3372//156 3407//156 3408//156
f 3373//158 3408//158 3409//158
f 3373//159 3409//159 3374//159
f 3374//159 3409//159 3410//159
f 3374//3017 3410//3017 3375//3017
f 3375//3106 3410//3106 3411//3106
f 3376//162 3411//162 3412//162
f 3377//163 3412//163 3413//163
f 3378//164 3413//164 3414//164
f 3378//166 3414//166 3379//166
f 3379//166 3414//166 3415//166
f 3379//167 3415//167 3380//167
f 3380//167 3415//167 3416//167
f 3380//168 3416//168 3381//168
f 3381//168 3416//168 3417//168
f 3381//169 3417//169 3382//169
f 3382//169 3417//169 3418//169
f 3382//170 3418//170 3383//170
f 3383//170 3418//170 3419//170
f 3383//171 3419//171 3384//171
f 3384//171 3419//171 3420//171
f 3384//234 3420//234 3385//234
f 3385//172 3420//172 3421//172
f 3385//173 3421//173 3386//173
f 3386//173 3421//173 3422//173
f 3386//175 3422//175 3387//175
f 3387//175 3422//175 3423//175
f 3388//176 3423//176 3424//176
f 3355//178 3424//178 3389//178
f 3429//134 3497//134 3427//134
f 3427//134 3497//134 3498//134
f 3427//135 3498//135 3425//135
f 3425//135 3498//135 3499//135
f 3425//136 3499//136 3433//136
f 3433//136 3499//136 3500//136
f 3433//138 3500//138 3435//138
f 3435//138 3500//138 3501//138
f 3437//139 3501//139 3502//139
f 3437//141 3502//141 3439//141
f 3439//141 3502//141 3503//141
f 3439//142 3503//142 3441//142
f 3441//229 3503//229 3504//229
f 3443//143 3504//143 3505//143
f 3443//144 3505//144 3445//144
f 3445//144 3505//144 3506//144
f 3447//145 3506//145 3507//145
f 3447//146 3507//146 3448//146
f 3448//146 3507//146 3508//146
f 3448//147 3508//147 3450//147
f 3450//147 3508//147 3509//147
f 3450//148 3509//148 3452//148
f 3452//148 3509//148 3510//148
f 3452//150 3510//150 3454//150
f 3454//149 3510//149 3511//149
f 3454//151 3511//151 3456//151
f 3456//151 3511//151 3512//151
f 3456//152 3512//152 3458//152
f 3458//152 3512//152 3513//152
f 3458//153 3513//153 3460//153
f 3460//298 3513//298 3514//298
f 3462//154 3514//154 3515//154
f 3462//155 3515//155 3464//155
f 3464//155 3515//155 3516//155
f 3464//157 3516//157 3467//157
f 3467//158 3516//158 3517//158
f 3467//159 3517//159 3469//159
f 3469//159 3517//159 3518//159
f 3469//161 3518//161 3471//161
f 3471//3017 3518//3017 3519//3017
f 3473//162 3519//162 3520//162
f 3475//163 3520//163 3521//163
f 3475//165 3521//165 3477//165
f 3477//165 3521//165 3522//165
f 3479//166 3522//166 3523//166
f 3479//167 3523//167 3481//167
f 3481//167 3523//167 3524//167
f 3488//172 3528//172 3490//172
f 3490//172 3528//172 3529//172
f 3490//173 3529//173 3492//173
f 3492//173 3529//173 3530//173
f 3492//175 3530//175 3494//175
f 3494//175 3530//175 3531//175
f 3494//176 3531//176 3496//176
f 3496//176 3531//176 3532//176
f 3496//178 3532//178 3429//178
f 3429//178 3532//178 3497//178
f 3533//183 3327//183 3534//183
f 3534//183 3327//183 3326//183
f 3534//183 3326//183 3325//183
f 3327//183 3533//183 3328//183
f 3328//183 3533//183 3535//183
f 3328//183 3535//183 3329//183
f 3329//183 3535//183 3536//183
f 3329//183 3536//183 3330//183
f 3330//183 3536//183 3537//183
f 3330//183 3537//183 3331//183
f 3331//183 3537//183 3538//183
f 3331//183 3538//183 3332//183
f 3332//183 3538//183 3539//183
f 3332//183 3539//183 3333//183
f 3333//183 3539//183 3540//183
f 3333//183 3540//183 3334//183
f 3334//183 3540//183 3541//183
f 3334//183 3541//183 3335//183
f 3335//183 3541//183 3336//183
f 3336//183 3541//183 3542//183
f 3336//183 3542//183 3337//183
f 3337//183 3542//183 3338//183
f 3338//184 3542//184 3339//184
f 3339//183 3542//183 3543//183
f 3339//183 3543//183 3340//183
f 3340//183 3543//183 3544//183
f 3340//181 3544//181 3341//181
f 3341//183 3544//183 3545//183
f 3341//183 3545//183 3342//183
f 3342//184 3545//184 3343//184
f 3343//183 3545//183 3546//183
f 3343//183 3546//183 3344//183
f 3344//183 3546//183 3345//183
f 3345//183 3546//183 3547//183
f 3345//183 3547//183 3346//183
f 3346//183 3547//183 3347//183
f 3347//183 3547//183 3548//183
f 3347//183 3548//183 3348//183
f 3348//183 3548//183 3349//183
f 3349//183 3548//183 3549//183
f 3349//183 3549//183 3350//183
f 3350//183 3549//183 3351//183
f 3351//183 3549//183 3550//183
f 3351//183 3550//183 3352//183
f 3352//183 3550//183 3317//183
f 3317//183 3550//183 3551//183
f 3317//183 3551//183 3318//183
f 3318//183 3551//183 3319//183
f 3319//183 3551//183 3552//183
f 3319//183 3552//183 3320//183
f 3320//183 3552//183 3321//183
f 3321//183 3552//183 3553//183
f 3321//183 3553//183 3322//183
f 3322//183 3553//183 3323//183
f 3323//183 3553//183 3554//183
f 3323//183 3554//183 3324//183
f 3324//183 3554//183 3534//183
f 3324//182 3534//182 3325//182
f 3555//183 3556//183 3542//183
f 3542//183 3556//183 3557//183
f 3542//183 3557//183 3543//183
f 3558//183 3409//183 3555//183
f 3555//183 3409//183 3408//183
f 3555//183 3408//183 3407//183
f 3409//183 3558//183 3410//183
f 3410//183 3558//183 3559//183
f 3410//183 3559//183 3411//183
f 3411//183 3559//183 3560//183
f 3411//183 3560//183 3412//183
f 3412//183 3560//183 3561//183
f 3412//183 3561//183 3413//183
f 3413//183 3561//183 3562//183
f 3413//183 3562//183 3414//183
f 3414//183 3562//183 3563//183
f 3414//183 3563//183 3415//183
f 3415//183 3563//183 3564//183
f 3415//183 3564//183 3416//183
f 3416//183 3564//183 3565//183
f 3416//183 3565//183 3417//183
f 3417//183 3565//183 3566//183
f 3417//183 3566//183 3418//183
f 3418//183 3566//183 3419//183
f 3419//182 3566//182 3420//182
f 3420//183 3566//183 3567//183
f 3420//183 3567//183 3421//183
f 3421//183 3567//183 3568//183
f 3421//183 3568//183 3422//183
f 3422//183 3568//183 3423//183
f 3423//183 3568//183 3569//183
f 3423//183 3569//183 3424//183
f 3424//183 3569//183 3389//183
f 3389//183 3569//183 3570//183
f 3389//183 3570//183 3390//183
f 3390//183 3570//183 3391//183
f 3391//183 3570//183 3571//183
f 3391//183 3571//183 3392//183
f 3392//183 3571//183 3393//183
f 3393//183 3571//183 3572//183
f 3393//183 3572//183 3394//183
f 3394//183 3572//183 3395//183
f 3395//183 3572//183 3573//183
f 3395//183 3573//183 3396//183
f 3396//183 3573//183 3397//183
f 3397//183 3573//183 3574//183
f 3397//183 3574//183 3398//183
f 3398//183 3574//183 3399//183
f 3399//183 3574//183 3575//183
f 3399//183 3575//183 3400//183
f 3400//183 3575//183 3401//183
f 3401//183 3575//183 3576//183
f 3401//183 3576//183 3402//183
f 3402//183 3576//183 3403//183
f 3403//183 3576//183 3577//183
f 3403//181 3577//181 3404//181
f 3404//183 3577//183 3578//183
f 3404//183 3578//183 3405//183
f 3405//183 3578//183 3555//183
f 3405//183 3555//183 3406//183
f 3406//183 3555//183 3407//183
f 3579//183 3580//183 3566//183
f 3566//183 3580//183 3581//183
f 3566//183 3581//183 3567//183
f 3582//183 3525//183 3579//183
f 3579//183 3525//183 3524//183
f 3579//183 3524//183 3523//183
f 3525//183 3582//183 3526//183
f 3526//183 3582//183 3583//183
f 3526//185 3583//185 3527//185
f 3527//183 3583//183 3584//183
f 3527//183 3584//183 3528//183
f 3528//183 3584//183 3585//183
f 3528//183 3585//183 3529//183
f 3529//183 3585//183 3586//183
f 3529//183 3586//183 3530//183
f 3530//183 3586//183 3587//183
f 3530//183 3587//183 3531//183
f 3531//183 3587//183 3588//183
f 3531//183 3588//183 3532//183
f 3532//183 3588//183 3589//183
f 3532//183 3589//183 3497//183
f 3497//183 3589//183 3590//183
f 3497//183 3590//183 3498//183
f 3498//183 3590//183 3499//183
f 3499//183 3590//183 3500//183
f 3500//183 3590//183 3501//183
f 3501//183 3590//183 3591//183
f 3501//181 3591//181 3502//181
f 3502//183 3591//183 3592//183
f 3502//183 3592//183 3503//183
f 3503//183 3592//183 3593//183
f 3503//183 3593//183 3504//183
f 3504//183 3593//183 3594//183
f 3504//184 3594//184 3505//184
f 3505//183 3594//183 3506//183
f 3506//183 3594//183 3595//183
f 3506//183 3595//183 3507//183
f 3507//184 3595//184 3508//184
f 3508//183 3595//183 3596//183
f 3508//183 3596//183 3509//183
f 3509//183 3596//183 3510//183
f 3510//183 3596//183 3597//183
f 3510//183 3597//183 3511//183
f 3511//183 3597//183 3512//183
f 3512//183 3597//183 3598//183
f 3512//183 3598//183 3513//183
f 3513//183 3598//183 3514//183
f 3514//183 3598//183 3599//183
f 3514//183 3599//183 3515//183
f 3515//183 3599//183 3516//183
f 3516//183 3599//183 3600//183
f 3516//183 3600//183 3517//183
f 3517//183 3600//183 3518//183
f 3518//183 3600//183 3601//183
f 3518//183 3601//183 3519//183
f 3519//183 3601//183 3520//183
f 3520//183 3601//183 3602//183
f 3520//183 3602//183 3521//183
f 3521//183 3602//183 3603//183
f 3521//183 3603//183 3522//183
f 3522//183 3603//183 3579//183
f 3522//181 3579//181 3523//181
f 3591//183 3590//183 3604//183
f 3604//183 3590//183 3605//183
f 3604//183 3605//183 3606//183
f 3606//183 3605//183 3607//183
f 3607//183 3605//183 3243//183
f 3607//181 3243//181 3242//181
f 3608//183 3211//183 3605//183
f 3605//183 3211//183 3210//183
f 3605//183 3210//183 3209//183
f 3211//183 3608//183 3212//183
f 3212//183 3608//183 3609//183
f 3212//183 3609//183 3213//183
f 3213//183 3609//183 3610//183
f 3213//183 3610//183 3214//183
f 3214//183 3610//183 3611//183
f 3214//183 3611//183 3215//183
f 3215//183 3611//183 3612//183
f 3215//183 3612//183 3216//183
f 3216//183 3612//183 3613//183
f 3216//183 3613//183 3217//183
f 3217//183 3613//183 3614//183
f 3217//185 3614//185 3218//185
f 3218//183 3614//183 3615//183
f 3218//183 3615//183 3219//183
f 3219//183 3615//183 3616//183
f 3219//183 3616//183 3220//183
f 3220//183 3616//183 3221//183
f 3221//181 3616//181 3222//181
f 3222//183 3616//183 3617//183
f 3222//183 3617//183 3223//183
f 3223//183 3617//183 3618//183
f 3223//183 3618//183 3224//183
f 3224//183 3618//183 3619//183
f 3224//183 3619//183 3225//183
f 3225//183 3619//183 3226//183
f 3226//183 3619//183 3620//183
f 3226//183 3620//183 3227//183
f 3227//183 3620//183 3228//183
f 3228//183 3620//183 3621//183
f 3228//183 3621//183 3229//183
f 3229//183 3621//183 3230//183
f 3230//183 3621//183 3622//183
f 3230//183 3622//183 3231//183
f 3231//183 3622//183 3232//183
f 3232//183 3622//183 3623//183
f 3232//183 3623//183 3233//183
f 3233//183 3623//183 3234//183
f 3234//183 3623//183 3624//183
f 3234//183 3624//183 3235//183
f 3235//183 3624//183 3236//183
f 3236//183 3624//183 3625//183
f 3236//184 3625//184 3237//184
f 3237//183 3625//183 3238//183
f 3238//183 3625//183 3626//183
f 3238//183 3626//183 3239//183
f 3239//184 3626//184 3240//184
f 3240//183 3626//183 3627//183
f 3240//183 3627//183 3241//183
f 3241//183 3627//183 3628//183
f 3241//183 3628//183 3242//183
f 3242//183 3628//183 3607//183
f 3534//183 3629//183 3616//183
f 3616//183 3629//183 3630//183
f 3616//183 3630//183 3617//183
f 3209//183 3244//183 3605//183
f 3605//183 3244//183 3243//183
f 3554//183 3631//183 3534//183
f 3534//183 3631//183 3629//183
f 3603//183 3632//183 3579//183
f 3579//183 3632//183 3580//183
f 3578//183 3633//183 3555//183
f 3555//183 3633//183 3556//183
f 3534//169 3634//169 3533//169
f 3533//169 3634//169 3635//169
f 3533//170 3635//170 3535//170
f 3535//170 3635//170 3636//170
f 3535//171 3636//171 3536//171
f 3536//171 3636//171 3637//171
f 3536//172 3637//172 3537//172
f 3537//234 3637//234 3638//234
f 3537//173 3638//173 3538//173
f 3538//173 3638//173 3639//173
f 3538//175 3639//175 3539//175
f 3539//175 3639//175 3640//175
f 3539//252 3640//252 3540//252
f 3540//176 3640//176 3641//176
f 3540//178 3641//178 3541//178
f 3541//178 3641//178 3642//178
f 3541//134 3642//134 3542//134
f 3542//134 3642//134 3643//134
f 3644//1660 3555//1660 3643//1660
f 3643//1660 3555//1660 3542//1660
f 3555//135 3644//135 3558//135
f 3558//135 3644//135 3645//135
f 3558//136 3645//136 3559//136
f 3559//136 3645//136 3646//136
f 3559//138 3646//138 3560//138
f 3560//299 3646//299 3647//299
f 3560//139 3647//139 3561//139
f 3561//139 3647//139 3648//139
f 3561//141 3648//141 3562//141
f 3562//141 3648//141 3649//141
f 3562//142 3649//142 3563//142
f 3563//229 3649//229 3650//229
f 3563//143 3650//143 3564//143
f 3564//143 3650//143 3651//143
f 3564//144 3651//144 3565//144
f 3565//144 3651//144 3652//144
f 3565//145 3652//145 3566//145
f 3566//145 3652//145 3653//145
f 3654//255 3579//255 3653//255
f 3653//255 3579//255 3566//255
f 3579//146 3654//146 3582//146
f 3582//146 3654//146 3655//146
f 3582//147 3655//147 3583//147
f 3583//147 3655//147 3656//147
f 3583//148 3656//148 3584//148
f 3584//148 3656//148 3657//148
f 3584//150 3657//150 3585//150
f 3585//150 3657//150 3658//150
f 3585//151 3658//151 3586//151
f 3586//151 3658//151 3659//151
f 3586//152 3659//152 3587//152
f 3587//152 3659//152 3660//152
f 3587//153 3660//153 3588//153
f 3588//153 3660//153 3661//153
f 3588//154 3661//154 3589//154
f 3589//154 3661//154 3662//154
f 3589//156 3662//156 3590//156
f 3590//155 3662//155 3663//155
f 3664//2939 3605//2939 3663//2939
f 3663//2939 3605//2939 3590//2939
f 3605//157 3664//157 3608//157
f 3608//157 3664//157 3665//157
f 3608//159 3665//159 3609//159
f 3609//159 3665//159 3666//159
f 3609//161 3666//161 3610//161
f 3610//161 3666//161 3667//161
f 3610//162 3667//162 3611//162
f 3611//162 3667//162 3668//162
f 3611//163 3668//163 3612//163
f 3612//163 3668//163 3669//163
f 3612//165 3669//165 3613//165
f 3613//165 3669//165 3670//165
f 3613//166 3670//166 3614//166
f 3614//166 3670//166 3671//166
f 3614//167 3671//167 3615//167
f 3615//167 3671//167 3672//167
f 3615//168 3672//168 3616//168
f 3616//168 3672//168 3673//168
f 3634//361 3534//361 3673//361
f 3673//361 3534//361 3616//361
f 3674//3107 3675//3107 3676//3107
f 3676//3107 3675//3107 3677//3107
f 3676//3108 3677//3108 3678//3108
f 3678//3108 3677//3108 3679//3108
f 3678//3109 3679//3109 3680//3109
f 3680//3109 3679//3109 3681//3109
f 3680//3110 3681//3110 3682//3110
f 3682//3110 3681//3110 3683//3110
f 3682//3111 3683//3111 3684//3111
f 3684//3111 3683//3111 3685//3111
f 3684//3112 3685//3112 3686//3112
f 3686//3112 3685//3112 3687//3112
f 3686//3113 3687//3113 3688//3113
f 3688//3113 3687//3113 3689//3113
f 3688//3114 3689//3114 3690//3114
f 3690//3114 3689//3114 3691//3114
f 3690//3115 3691//3115 3692//3115
f 3692//3115 3691//3115 3693//3115
f 3692//3116 3693//3116 3694//3116
f 3694//3116 3693//3116 3695//3116
f 3694//3117 3695//3117 3696//3117
f 3696//3023 3695//3023 3697//3023
f 3696//3118 3697//3118 3698//3118
f 3698//3118 3697//3118 3699//3118
f 3698//3119 3699//3119 3700//3119
f 3700//3119 3699//3119 3701//3119
f 3700//3120 3701//3120 3702//3120
f 3702//3120 3701//3120 3703//3120
f 3702//3121 3703//3121 3704//3121
f 3704//3121 3703//3121 3705//3121
f 3704//3122 3705//3122 3706//3122
f 3706//3122 3705//3122 3707//3122
f 3706//3123 3707//3123 3708//3123
f 3708//3123 3707//3123 3709//3123
f 3708//3124 3709//3124 3710//3124
f 3710//3124 3709//3124 3711//3124
f 3710//3125 3711//3125 3712//3125
f 3712//3125 3711//3125 3713//3125
f 3712//3126 3713//3126 3714//3126
f 3714//3126 3713//3126 3715//3126
f 3714//3127 3715//3127 3716//3127
f 3716//3127 3715//3127 3717//3127
f 3716//3128 3717//3128 3718//3128
f 3718//3128 3717//3128 3719//3128
f 3718//3129 3719//3129 3720//3129
f 3720//3129 3719//3129 3721//3129
f 3720//3130 3721//3130 3722//3130
f 3722//3130 3721//3130 3723//3130
f 3722//3131 3723//3131 3724//3131
f 3724//3131 3723//3131 3725//3131
f 3724//3132 3725//3132 3726//3132
f 3726//3132 3725//3132 3727//3132
f 3726//3133 3727//3133 3728//3133
f 3728//3133 3727//3133 3729//3133
f 3728//3134 3729//3134 3730//3134
f 3730//3134 3729//3134 3731//3134
f 3730//3135 3731//3135 3732//3135
f 3732//3135 3731//3135 3733//3135
f 3732//2939 3733//2939 3734//2939
f 3734//2939 3733//2939 3735//2939
f 3734//3136 3735//3136 3736//3136
f 3736//3136 3735//3136 3737//3136
f 3736//3137 3737//3137 3738//3137
f 3738//3137 3737//3137 3739//3137
f 3738//3138 3739//3138 3740//3138
f 3740//3138 3739//3138 3741//3138
f 3740//3139 3741//3139 3742//3139
f 3742//3139 3741//3139 3743//3139
f 3742//3140 3743//3140 3744//3140
f 3744//3140 3743//3140 3745//3140
f 3744//3141 3745//3141 3746//3141
f 3746//3141 3745//3141 3747//3141
f 3746//3142 3747//3142 3748//3142
f 3748//3142 3747//3142 3749//3142
f 3748//3143 3749//3143 3750//3143
f 3750//3143 3749//3143 3751//3143
f 3750//3144 3751//3144 3752//3144
f 3752//3144 3751//3144 3753//3144
f 3752//3145 3753//3145 3754//3145
f 3754//3145 3753//3145 3755//3145
f 3754//3146 3755//3146 3756//3146
f 3756//3146 3755//3146 3757//3146
f 3756//3147 3757//3147 3758//3147
f 3758//3147 3757//3147 3759//3147
f 3758//3148 3759//3148 3760//3148
f 3760//3148 3759//3148 3761//3148
f 3760//3149 3761//3149 3762//3149
f 3762//3149 3761//3149 3763//3149
f 3762//3150 3763//3150 3764//3150
f 3764//3150 3763//3150 3765//3150
f 3764//3151 3765//3151 3766//3151
f 3766//3151 3765//3151 3767//3151
f 3766//3152 3767//3152 3768//3152
f 3768//3152 3767//3152 3769//3152
f 3768//3153 3769//3153 3770//3153
f 3770//3153 3769//3153 3771//3153
f 3770//3154 3771//3154 3772//3154
f 3772//3020 3771//3020 3773//3020
f 3772//3155 3773//3155 3774//3155
f 3774//3155 3773//3155 3775//3155
f 3774//3156 3775//3156 3776//3156
f 3776//3156 3775//3156 3777//3156
f 3776//3157 3777//3157 3778//3157
f 3778//3157 3777//3157 3779//3157
f 3778//3158 3779//3158 3780//3158
f 3780//3158 3779//3158 3781//3158
f 3780//3159 3781//3159 3782//3159
f 3782//3159 3781//3159 3783//3159
f 3782//3160 3783//3160 3784//3160
f 3784//3160 3783//3160 3785//3160
f 3784//3161 3785//3161 3786//3161
f 3786//3161 3785//3161 3787//3161
f 3786//3162 3787//3162 3674//3162
f 3674//3162 3787//3162 3675//3162
f 3788//184 3789//184 3790//184
f 3790//184 3789//184 3791//184
f 3790//184 3791//184 3792//184
f 3792//184 3791//184 3793//184
f 3792//183 3793//183 3794//183
f 3794//184 3793//184 3795//184
f 3794//183 3795//183 3796//183
f 3796//182 3795//182 3797//182
f 3796//183 3797//183 3798//183
f 3798//184 3797//184 3799//184
f 3798//181 3799//181 3800//181
f 3800//183 3799//183 3801//183
f 3800//183 3801//183 3802//183
f 3802//183 3801//183 3803//183
f 3802//183 3803//183 3804//183
f 3804//183 3803//183 3805//183
f 3804//183 3805//183 3806//183
f 3806//183 3805//183 3807//183
f 3806//183 3807//183 3808//183
f 3808//183 3807//183 3809//183
f 3808//183 3809//183 3810//183
f 3810//183 3809//183 3811//183
f 3810//183 3811//183 3812//183
f 3812//183 3811//183 3813//183
f 3812//183 3813//183 3814//183
f 3814//183 3813//183 3815//183
f 3814//183 3815//183 3816//183
f 3816//183 3815//183 3817//183
f 3816//183 3817//183 3818//183
f 3818//183 3817//183 3819//183
f 3818//183 3819//183 3820//183
f 3820//183 3819//183 3821//183
f 3820//183 3821//183 3822//183
f 3822//183 3821//183 3823//183
f 3822//183 3823//183 3824//183
f 3824//183 3823//183 3825//183
f 3824//183 3825//183 3826//183
f 3826//183 3825//183 3827//183
f 3826//242 3827//242 3828//242
f 3828//183 3827//183 3829//183
f 3828//183 3829//183 3830//183
f 3830//183 3829//183 3831//183
f 3830//242 3831//242 3832//242
f 3832//183 3831//183 3833//183
f 3832//183 3833//183 3834//183
f 3834//183 3833//183 3835//183
f 3834//183 3835//183 3836//183
f 3836//182 3835//182 3837//182
f 3836//183 3837//183 3838//183
f 3838//183 3837//183 3839//183
f 3838//183 3839//183 3840//183
f 3840//183 3839//183 3841//183
f 3840//183 3841//183 3842//183
f 3842//183 3841//183 3843//183
f 3842//182 3843//182 3844//182
f 3844//184 3843//184 3845//184
f 3844//183 3845//183 3846//183
f 3846//183 3845//183 3847//183
f 3846//182 3847//182 3848//182
f 3848//183 3847//183 3849//183
f 3848//183 3849//183 3850//183
f 3850//183 3849//183 3851//183
f 3850//182 3851//182 3852//182
f 3852//183 3851//183 3853//183
f 3852//183 3853//183 3854//183
f 3854//184 3853//184 3855//184
f 3854//182 3855//182 3856//182
f 3856//183 3855//183 3857//183
f 3856//183 3857//183 3858//183
f 3858//183 3857//183 3859//183
f 3858//183 3859//183 3860//183
f 3860//183 3859//183 3861//183
f 3860//183 3861//183 3862//183
f 3862//182 3861//182 3863//182
f 3862//183 3863//183 3864//183
f 3864//183 3863//183 3865//183
f 3864//183 3865//183 3866//183
f 3866//183 3865//183 3867//183
f 3866//241 3867//241 3868//241
f 3868//183 3867//183 3869//183
f 3868//183 3869//183 3870//183
f 3870//183 3869//183 3871//183
f 3870//241 3871//241 3872//241
f 3872//183 3871//183 3873//183
f 3872//183 3873//183 3874//183
f 3874//183 3873//183 3875//183
f 3874//183 3875//183 3876//183
f 3876//183 3875//183 3877//183
f 3876//183 3877//183 3878//183
f 3878//183 3877//183 3879//183
f 3878//183 3879//183 3880//183
f 3880//183 3879//183 3881//183
f 3880//183 3881//183 3882//183
f 3882//183 3881//183 3883//183
f 3882//183 3883//183 3884//183
f 3884//183 3883//183 3885//183
f 3884//183 3885//183 3886//183
f 3886//183 3885//183 3887//183
f 3886//183 3887//183 3888//183
f 3888//183 3887//183 3889//183
f 3888//183 3889//183 3890//183
f 3890//183 3889//183 3891//183
f 3890//183 3891//183 3892//183
f 3892//183 3891//183 3893//183
f 3892//183 3893//183 3894//183
f 3894//183 3893//183 3895//183
f 3894//183 3895//183 3896//183
f 3896//183 3895//183 3897//183
f 3896//183 3897//183 3898//183
f 3898//183 3897//183 3899//183
f 3898//185 3899//185 3900//185
f 3900//184 3899//184 3901//184
f 3900//183 3901//183 3902//183
f 3902//182 3901//182 3903//182
f 3902//183 3903//183 3904//183
f 3904//184 3903//184 3905//184
f 3904//183 3905//183 3788//183
f 3788//184 3905//184 3789//184
f 3906//3163 3557//3163 3907//3163
f 3907//3163 3557//3163 3556//3163
f 3907//3164 3556//3164 3908//3164
f 3908//3164 3556//3164 3633//3164
f 3908//3165 3633//3165 3909//3165
f 3909//3165 3633//3165 3578//3165
f 3909//3166 3578//3166 3910//3166
f 3910//3166 3578//3166 3577//3166
f 3910//3167 3577//3167 3911//3167
f 3911//3168 3577//3168 3576//3168
f 3911//3169 3576//3169 3912//3169
f 3912//3169 3576//3169 3575//3169
f 3912//3170 3575//3170 3913//3170
f 3913//3170 3575//3170 3574//3170
f 3913//3171 3574//3171 3914//3171
f 3914//3171 3574//3171 3573//3171
f 3914//3172 3573//3172 3915//3172
f 3915//3172 3573//3172 3572//3172
f 3915//3173 3572//3173 3916//3173
f 3916//3173 3572//3173 3571//3173
f 3916//3174 3571//3174 3917//3174
f 3917//3174 3571//3174 3570//3174
f 3917//3175 3570//3175 3918//3175
f 3918//3175 3570//3175 3569//3175
f 3918//3176 3569//3176 3919//3176
f 3919//3176 3569//3176 3568//3176
f 3919//3177 3568//3177 3920//3177
f 3920//3177 3568//3177 3567//3177
f 3920//3178 3567//3178 3921//3178
f 3921//3178 3567//3178 3581//3178
f 3921//3179 3581//3179 3922//3179
f 3922//3179 3581//3179 3580//3179
f 3922//3180 3580//3180 3923//3180
f 3923//3180 3580//3180 3632//3180
f 3923//3181 3632//3181 3924//3181
f 3924//3181 3632//3181 3603//3181
f 3924//3182 3603//3182 3925//3182
f 3925//3182 3603//3182 3602//3182
f 3925//3183 3602//3183 3926//3183
f 3926//3183 3602//3183 3601//3183
f 3926//3184 3601//3184 3927//3184
f 3927//3184 3601//3184 3600//3184
f 3927//3185 3600//3185 3928//3185
f 3928//3185 3600//3185 3599//3185
f 3928//3186 3599//3186 3929//3186
f 3929//3186 3599//3186 3598//3186
f 3929//3187 3598//3187 3930//3187
f 3930//3187 3598//3187 3597//3187
f 3930//3188 3597//3188 3931//3188
f 3931//3188 3597//3188 3596//3188
f 3931//3189 3596//3189 3932//3189
f 3932//3189 3596//3189 3595//3189
f 3932//3190 3595//3190 3933//3190
f 3933//3190 3595//3190 3594//3190
f 3933//3191 3594//3191 3934//3191
f 3934//3191 3594//3191 3593//3191
f 3934//3192 3593//3192 3935//3192
f 3935//3192 3593//3192 3592//3192
f 3935//3193 3592//3193 3936//3193
f 3936//3193 3592//3193 3591//3193
f 3936//3194 3591//3194 3937//3194
f 3937//3194 3591//3194 3604//3194
f 3937//2939 3604//2939 3938//2939
f 3938//2939 3604//2939 3606//2939
f 3938//3195 3606//3195 3939//3195
f 3939//3195 3606//3195 3607//3195
f 3939//3196 3607//3196 3940//3196
f 3940//3196 3607//3196 3628//3196
f 3940//3197 3628//3197 3941//3197
f 3941//3197 3628//3197 3627//3197
f 3941//3198 3627//3198 3942//3198
f 3942//3198 3627//3198 3626//3198
f 3942//3199 3626//3199 3943//3199
f 3943//3199 3626//3199 3625//3199
f 3943//3200 3625//3200 3944//3200
f 3944//3200 3625//3200 3624//3200
f 3944//3201 3624//3201 3945//3201
f 3945//3201 3624//3201 3623//3201
f 3945//3202 3623//3202 3946//3202
f 3946//3202 3623//3202 3622//3202
f 3946//3203 3622//3203 3947//3203
f 3947//3203 3622//3203 3621//3203
f 3947//3204 3621//3204 3948//3204
f 3948//3204 3621//3204 3620//3204
f 3948//3205 3620//3205 3949//3205
f 3949//3205 3620//3205 3619//3205
f 3949//3206 3619//3206 3950//3206
f 3950//3206 3619//3206 3618//3206
f 3950//3207 3618//3207 3951//3207
f 3951//3207 3618//3207 3617//3207
f 3951//3208 3617//3208 3952//3208
f 3952//3208 3617//3208 3630//3208
f 3952//3209 3630//3209 3953//3209
f 3953//3209 3630//3209 3629//3209
f 3953//3210 3629//3210 3954//3210
f 3954//3210 3629//3210 3631//3210
f 3954//3211 3631//3211 3955//3211
f 3955//3211 3631//3211 3554//3211
f 3955//3212 3554//3212 3956//3212
f 3956//3212 3554//3212 3553//3212
f 3956//3213 3553//3213 3957//3213
f 3957//3213 3553//3213 3552//3213
f 3957//3214 3552//3214 3958//3214
f 3958//3214 3552//3214 3551//3214
f 3958//3215 3551//3215 3959//3215
f 3959//3215 3551//3215 3550//3215
f 3959//3216 3550//3216 3960//3216
f 3960//3216 3550//3216 3549//3216
f 3960//3217 3549//3217 3961//3217
f 3961//3217 3549//3217 3548//3217
f 3961//3218 3548//3218 3962//3218
f 3962//3218 3548//3218 3547//3218
f 3962//3219 3547//3219 3963//3219
f 3963//3219 3547//3219 3546//3219
f 3963//3220 3546//3220 3964//3220
f 3964//3220 3546//3220 3545//3220
f 3964//3221 3545//3221 3965//3221
f 3965//3222 3545//3222 3544//3222
f 3965//3223 3544//3223 3966//3223
f 3966//3223 3544//3223 3543//3223
f 3966//3224 3543//3224 3906//3224
f 3906//3224 3543//3224 3557//3224
f 3851//3225 3849//3225 3676//3225
f 3676//3226 3849//3226 3847//3226
f 3676//3227 3847//3227 3674//3227
f 3674//3228 3847//3228 3845//3228
f 3674//3229 3845//3229 3786//3229
f 3786//3230 3845//3230 3843//3230
f 3786//3231 3843//3231 3784//3231
f 3784//3232 3843//3232 3841//3232
f 3784//3233 3841//3233 3782//3233
f 3782//3234 3841//3234 3839//3234
f 3782//3235 3839//3235 3780//3235
f 3780//3236 3839//3236 3837//3236
f 3780//3237 3837//3237 3778//3237
f 3778//3238 3837//3238 3835//3238
f 3778//3239 3835//3239 3776//3239
f 3776//3240 3835//3240 3833//3240
f 3776//3241 3833//3241 3774//3241
f 3774//3242 3833//3242 3831//3242
f 3774//3243 3831//3243 3772//3243
f 3772//3244 3831//3244 3829//3244
f 3772//3245 3829//3245 3770//3245
f 3770//3246 3829//3246 3827//3246
f 3770//3247 3827//3247 3768//3247
f 3768//3248 3827//3248 3825//3248
f 3768//3249 3825//3249 3766//3249
f 3766//3250 3825//3250 3823//3250
f 3766//3251 3823//3251 3764//3251
f 3764//3252 3823//3252 3821//3252
f 3764//3253 3821//3253 3762//3253
f 3762//3254 3821//3254 3819//3254
f 3762//3255 3819//3255 3760//3255
f 3760//3256 3819//3256 3817//3256
f 3760//3257 3817//3257 3758//3257
f 3758//3258 3817//3258 3815//3258
f 3758//3259 3815//3259 3756//3259
f 3756//3260 3815//3260 3813//3260
f 3756//3261 3813//3261 3754//3261
f 3754//3262 3813//3262 3811//3262
f 3754//3263 3811//3263 3752//3263
f 3752//3264 3811//3264 3809//3264
f 3752//3265 3809//3265 3750//3265
f 3750//3266 3809//3266 3807//3266
f 3750//3267 3807//3267 3748//3267
f 3748//3268 3807//3268 3805//3268
f 3748//3269 3805//3269 3746//3269
f 3746//3270 3805//3270 3803//3270
f 3746//3271 3803//3271 3744//3271
f 3744//3272 3803//3272 3801//3272
f 3744//3273 3801//3273 3742//3273
f 3742//3274 3801//3274 3799//3274
f 3742//3275 3799//3275 3740//3275
f 3740//3276 3799//3276 3797//3276
f 3740//3277 3797//3277 3738//3277
f 3738//3278 3797//3278 3795//3278
f 3738//3279 3795//3279 3736//3279
f 3736//3280 3795//3280 3793//3280
f 3736//3281 3793//3281 3734//3281
f 3734//3282 3793//3282 3791//3282
f 3734//3283 3791//3283 3789//3283
f 3734//3283 3789//3283 3732//3283
f 3732//3284 3789//3284 3905//3284
f 3732//3285 3905//3285 3730//3285
f 3730//3286 3905//3286 3903//3286
f 3730//3287 3903//3287 3728//3287
f 3728//3288 3903//3288 3901//3288
f 3728//3289 3901//3289 3726//3289
f 3726//3290 3901//3290 3899//3290
f 3726//3291 3899//3291 3724//3291
f 3724//3292 3899//3292 3897//3292
f 3724//3293 3897//3293 3722//3293
f 3722//3294 3897//3294 3895//3294
f 3722//3295 3895//3295 3720//3295
f 3720//3296 3895//3296 3893//3296
f 3720//3297 3893//3297 3718//3297
f 3718//3298 3893//3298 3891//3298
f 3718//3299 3891//3299 3716//3299
f 3716//3300 3891//3300 3889//3300
f 3716//3301 3889//3301 3714//3301
f 3714//3302 3889//3302 3887//3302
f 3714//3303 3887//3303 3712//3303
f 3712//3304 3887//3304 3885//3304
f 3712//3305 3885//3305 3710//3305
f 3710//3306 3885//3306 3883//3306
f 3710//3307 3883//3307 3708//3307
f 3708//3308 3883//3308 3881//3308
f 3708//3309 3881//3309 3706//3309
f 3706//3310 3881//3310 3879//3310
f 3706//3311 3879//3311 3704//3311
f 3704//3312 3879//3312 3877//3312
f 3704//3313 3877//3313 3702//3313
f 3702//3314 3877//3314 3875//3314
f 3702//3315 3875//3315 3700//3315
f 3700//3316 3875//3316 3873//3316
f 3700//3317 3873//3317 3698//3317
f 3698//3318 3873//3318 3871//3318
f 3698//3319 3871//3319 3696//3319
f 3696//3320 3871//3320 3869//3320
f 3696//3321 3869//3321 3694//3321
f 3694//3322 3869//3322 3867//3322
f 3694//3323 3867//3323 3692//3323
f 3692//3324 3867//3324 3865//3324
f 3692//3325 3865//3325 3690//3325
f 3690//3326 3865//3326 3863//3326
f 3690//3327 3863//3327 3688//3327
f 3688//3328 3863//3328 3861//3328
f 3688//3329 3861//3329 3686//3329
f 3686//3330 3861//3330 3859//3330
f 3686//3331 3859//3331 3684//3331
f 3684//3332 3859//3332 3857//3332
f 3684//3333 3857//3333 3682//3333
f 3682//3334 3857//3334 3855//3334
f 3682//3335 3855//3335 3680//3335
f 3680//3336 3855//3336 3853//3336
f 3680//3337 3853//3337 3678//3337
f 3678//3338 3853//3338 3851//3338
f 3678//3339 3851//3339 3676//3339
f 3792//3340 3906//3340 3790//3340
f 3790//3341 3906//3341 3907//3341
f 3790//3342 3907//3342 3908//3342
f 3906//3343 3792//3343 3966//3343
f 3966//3344 3792//3344 3794//3344
f 3966//3345 3794//3345 3965//3345
f 3965//3346 3794//3346 3796//3346
f 3965//3347 3796//3347 3964//3347
f 3964//3348 3796//3348 3798//3348
f 3964//3349 3798//3349 3963//3349
f 3963//3350 3798//3350 3800//3350
f 3963//3351 3800//3351 3962//3351
f 3962//3352 3800//3352 3802//3352
f 3962//3353 3802//3353 3961//3353
f 3961//3354 3802//3354 3804//3354
f 3961//3355 3804//3355 3960//3355
f 3960//3356 3804//3356 3806//3356
f 3960//3357 3806//3357 3959//3357
f 3959//3358 3806//3358 3808//3358
f 3959//3359 3808//3359 3958//3359
f 3958//3360 3808//3360 3810//3360
f 3958//3361 3810//3361 3957//3361
f 3957//3362 3810//3362 3812//3362
f 3957//3363 3812//3363 3956//3363
f 3956//3364 3812//3364 3814//3364
f 3956//3365 3814//3365 3955//3365
f 3955//3366 3814//3366 3816//3366
f 3955//3367 3816//3367 3954//3367
f 3954//3368 3816//3368 3818//3368
f 3954//3369 3818//3369 3953//3369
f 3953//3370 3818//3370 3820//3370
f 3953//3371 3820//3371 3952//3371
f 3952//3372 3820//3372 3822//3372
f 3952//3373 3822//3373 3951//3373
f 3951//3374 3822//3374 3824//3374
f 3951//3375 3824//3375 3950//3375
f 3950//3376 3824//3376 3826//3376
f 3950//3377 3826//3377 3949//3377
f 3949//3378 3826//3378 3828//3378
f 3949//3379 3828//3379 3948//3379
f 3948//3380 3828//3380 3830//3380
f 3948//3381 3830//3381 3947//3381
f 3947//3382 3830//3382 3832//3382
f 3947//3383 3832//3383 3946//3383
f 3946//3384 3832//3384 3834//3384
f 3946//3385 3834//3385 3945//3385
f 3945//3386 3834//3386 3836//3386
f 3945//3387 3836//3387 3944//3387
f 3944//3388 3836//3388 3838//3388
f 3944//3389 3838//3389 3943//3389
f 3943//3390 3838//3390 3840//3390
f 3943//3391 3840//3391 3942//3391
f 3942//3392 3840//3392 3842//3392
f 3942//3393 3842//3393 3941//3393
f 3941//3394 3842//3394 3844//3394
f 3941//3395 3844//3395 3940//3395
f 3940//3396 3844//3396 3846//3396
f 3940//3397 3846//3397 3939//3397
f 3939//3398 3846//3398 3848//3398
f 3939//3399 3848//3399 3938//3399
f 3938//3400 3848//3400 3850//3400
f 3938//3400 3850//3400 3937//3400
f 3937//3401 3850//3401 3936//3401
f 3936//3402 3850//3402 3852//3402
f 3936//3403 3852//3403 3935//3403
f 3935//3404 3852//3404 3854//3404
f 3935//3405 3854//3405 3934//3405
f 3934//3406 3854//3406 3856//3406
f 3934//3407 3856//3407 3933//3407
f 3933//3408 3856//3408 3858//3408
f 3933//3409 3858//3409 3932//3409
f 3932//3410 3858//3410 3860//3410
f 3932//3411 3860//3411 3931//3411
f 3931//3412 3860//3412 3862//3412
f 3931//3413 3862//3413 3930//3413
f 3930//3414 3862//3414 3864//3414
f 3930//3415 3864//3415 3929//3415
f 3929//3416 3864//3416 3866//3416
f 3929//3417 3866//3417 3928//3417
f 3928//3418 3866//3418 3868//3418
f 3928//3419 3868//3419 3927//3419
f 3927//3420 3868//3420 3870//3420
f 3927//3421 3870//3421 3926//3421
f 3926//3422 3870//3422 3872//3422
f 3926//3423 3872//3423 3925//3423
f 3925//3424 3872//3424 3874//3424
f 3925//3425 3874//3425 3924//3425
f 3924//3426 3874//3426 3876//3426
f 3924//3427 3876//3427 3923//3427
f 3923//3428 3876//3428 3878//3428
f 3923//3429 3878//3429 3922//3429
f 3922//3430 3878//3430 3880//3430
f 3922//3431 3880//3431 3921//3431
f 3921//3432 3880//3432 3882//3432
f 3921//3433 3882//3433 3920//3433
f 3920//3434 3882//3434 3884//3434
f 3920//3435 3884//3435 3919//3435
f 3919//3436 3884//3436 3886//3436
f 3919//3437 3886//3437 3918//3437
f 3918//3438 3886//3438 3888//3438
f 3918//3439 3888//3439 3917//3439
f 3917//3440 3888//3440 3890//3440
f 3917//3441 3890//3441 3916//3441
f 3916//3442 3890//3442 3892//3442
f 3916//3443 3892//3443 3915//3443
f 3915//3444 3892//3444 3894//3444
f 3915//3445 3894//3445 3914//3445
f 3914//3446 3894//3446 3896//3446
f 3914//3447 3896//3447 3913//3447
f 3913//3448 3896//3448 3898//3448
f 3913//3449 3898//3449 3912//3449
f 3912//3450 3898//3450 3900//3450
f 3912//3451 3900//3451 3911//3451
f 3911//3452 3900//3452 3902//3452
f 3911//3453 3902//3453 3910//3453
f 3910//3454 3902//3454 3904//3454
f 3910//3455 3904//3455 3909//3455
f 3909//3456 3904//3456 3788//3456
f 3909//3457 3788//3457 3908//3457
f 3908//3458 3788//3458 3790//3458
f 3677//1553 3675//1553 3679//1553
f 3679//183 3675//183 3681//183
f 3681//183 3675//183 3787//183
f 3681//183 3787//183 3683//183
f 3683//181 3787//181 3785//181
f 3683//183 3785//183 3685//183
f 3685//184 3785//184 3783//184
f 3685//183 3783//183 3687//183
f 3687//183 3783//183 3781//183
f 3687//183 3781//183 3689//183
f 3689//183 3781//183 3779//183
f 3689//183 3779//183 3691//183
f 3691//183 3779//183 3777//183
f 3691//183 3777//183 3693//183
f 3693//183 3777//183 3775//183
f 3693//183 3775//183 3695//183
f 3695//183 3775//183 3773//183
f 3695//183 3773//183 3697//183
f 3697//183 3773//183 3771//183
f 3697//183 3771//183 3699//183
f 3699//183 3771//183 3769//183
f 3699//183 3769//183 3701//183
f 3701//183 3769//183 3767//183
f 3701//183 3767//183 3703//183
f 3703//183 3767//183 3765//183
f 3703//183 3765//183 3705//183
f 3705//183 3765//183 3763//183
f 3705//183 3763//183 3707//183
f 3707//183 3763//183 3761//183
f 3707//183 3761//183 3709//183
f 3709//183 3761//183 3759//183
f 3709//183 3759//183 3711//183
f 3711//183 3759//183 3757//183
f 3711//183 3757//183 3713//183
f 3713//183 3757//183 3755//183
f 3713//183 3755//183 3715//183
f 3715//183 3755//183 3753//183
f 3715//183 3753//183 3717//183
f 3717//183 3753//183 3751//183
f 3717//183 3751//183 3719//183
f 3719//183 3751//183 3749//183
f 3719//183 3749//183 3721//183
f 3721//183 3749//183 3747//183
f 3721//183 3747//183 3723//183
f 3723//183 3747//183 3745//183
f 3723//183 3745//183 3725//183
f 3725//183 3745//183 3743//183
f 3725//183 3743//183 3727//183
f 3727//183 3743//183 3741//183
f 3727//183 3741//183 3729//183
f 3729//184 3741//184 3739//184
f 3729//183 3739//183 3731//183
f 3731//181 3739//181 3737//181
f 3731//183 3737//183 3733//183
f 3733//3459 3737//3459 3735//3459
f 5344//183 5345//183 5346//183
f 5346//183 5345//183 5347//183
f 5346//183 5347//183 5348//183
f 5348//183 5347//183 5349//183
f 5349//183 5347//183 5350//183
f 5350//183 5347//183 5351//183
f 5351//183 5347//183 5352//183
f 5352//183 5347//183 5353//183
f 5353//183 5347//183 5354//183
f 5353//183 5354//183 5355//183
f 5355//183 5354//183 5356//183
f 5356//183 5354//183 5357//183
f 5357//183 5354//183 5358//183
f 5358//183 5354//183 5359//183
f 5359//183 5354//183 5360//183
f 5360//183 5354//183 5361//183
f 5360//183 5361//183 5362//183
f 5362//183 5361//183 5363//183
f 5363//183 5361//183 5364//183
f 5364//183 5361//183 5365//183
f 5365//183 5361//183 5366//183
f 5366//183 5361//183 5367//183
f 5367//183 5361//183 5368//183
f 5367//183 5368//183 5369//183
f 5369//183 5368//183 5370//183
f 5370//183 5368//183 5371//183
f 5371//183 5368//183 5372//183
f 5372//183 5368//183 5373//183
f 5373//183 5368//183 5374//183
f 5374//183 5368//183 5375//183
f 5374//183 5375//183 5376//183
f 5376//183 5375//183 5377//183
f 5377//183 5375//183 5378//183
f 5378//183 5375//183 5379//183
f 5379//183 5375//183 5380//183
f 5380//183 5375//183 5381//183
f 5381//183 5375//183 5345//183
f 5381//183 5345//183 5382//183
f 5382//183 5345//183 5383//183
f 5383//183 5345//183 5384//183
f 5384//183 5345//183 5385//183
f 5385//183 5345//183 5344//183
f 3493//152 5390//152 5391//152
f 3489//150 5392//150 5393//150
f 3449//170 5412//170 5413//170
f 3446//169 5413//169 5414//169
f 3444//168 5414//168 5415//168
f 5386//3025 5344//3025 5387//3025
f 5387//3025 5344//3025 5346//3025
f 5387//3027 5346//3027 5388//3027
f 5388//3027 5346//3027 5348//3027
f 5388//3085 5348//3085 5389//3085
f 5389//3085 5348//3085 5349//3085
f 5389//3030 5349//3030 5390//3030
f 5390//3030 5349//3030 5350//3030
f 5390//3031 5350//3031 5391//3031
f 5391//3032 5350//3032 5351//3032
f 5391//3086 5351//3086 5392//3086
f 5392//3086 5351//3086 5352//3086
f 5392//3035 5352//3035 5393//3035
f 5393//3035 5352//3035 5353//3035
f 5393//3087 5353//3087 5394//3087
f 5394//3036 5353//3036 5355//3036
f 5394//3039 5355//3039 5395//3039
f 5395//3039 5355//3039 5356//3039
f 5395//3041 5356//3041 5396//3041
f 5396//3040 5356//3040 5357//3040
f 5396//3042 5357//3042 5397//3042
f 5397//3042 5357//3042 5358//3042
f 5397//3044 5358//3044 5398//3044
f 5398//3044 5358//3044 5359//3044
f 5398//3045 5359//3045 5399//3045
f 5399//3460 5359//3460 5360//3460
f 5399//3088 5360//3088 5400//3088
f 5400//3088 5360//3088 5362//3088
f 5400//3047 5362//3047 5401//3047
f 5401//3089 5362//3089 5363//3089
f 5401//3049 5363//3049 5402//3049
f 5402//3050 5363//3050 5364//3050
f 5402//3090 5364//3090 5403//3090
f 5403//3461 5364//3461 5365//3461
f 5403//3092 5365//3092 5404//3092
f 5404//3462 5365//3462 5366//3462
f 5404//3094 5366//3094 5405//3094
f 5405//3095 5366//3095 5367//3095
f 5405//3057 5367//3057 5406//3057
f 5406//3096 5367//3096 5369//3096
f 5406//3463 5369//3463 5407//3463
f 5407//3059 5369//3059 5370//3059
f 5407//3062 5370//3062 5408//3062
f 5408//3061 5370//3061 5371//3061
f 5408//3464 5371//3464 5409//3464
f 5409//3099 5371//3099 5372//3099
f 5409//3064 5372//3064 5410//3064
f 5410//3100 5372//3100 5373//3100
f 5410//3465 5373//3465 5411//3465
f 5411//3067 5373//3067 5374//3067
f 5411//3069 5374//3069 5412//3069
f 5412//3101 5374//3101 5376//3101
f 5412//3071 5376//3071 5413//3071
f 5413//3071 5376//3071 5377//3071
f 5413//3102 5377//3102 5414//3102
f 5414//3102 5377//3102 5378//3102
f 5414//3074 5378//3074 5415//3074
f 5415//3074 5378//3074 5379//3074
f 5415//3075 5379//3075 5416//3075
f 5416//3075 5379//3075 5380//3075
f 5416//3076 5380//3076 5417//3076
f 5417//3104 5380//3104 5381//3104
f 5417//3078 5381//3078 5418//3078
f 5418//3078 5381//3078 5382//3078
f 5418//3079 5382//3079 5419//3079
f 5419//3080 5382//3080 5383//3080
f 5419//3105 5383//3105 5420//3105
f 5420//3081 5383//3081 5384//3081
f 5420//3082 5384//3082 5421//3082
f 5421//3082 5384//3082 5385//3082
f 5421//3084 5385//3084 5386//3084
f 5386//3084 5385//3084 5344//3084
f 5422//183 5423//183 5424//183
f 5424//183 5423//183 5425//183
f 5425//183 5423//183 5426//183
f 5425//183 5426//183 5427//183
f 5347//1660 5345//1660 5424//1660
f 5424//1660 5345//1660 5422//1660
f 5354//3023 5347//3023 5425//3023
f 5425//3023 5347//3023 5424//3023
f 5361//3022 5354//3022 5427//3022
f 5427//3022 5354//3022 5425//3022
f 5368//2939 5361//2939 5426//2939
f 5426//2939 5361//2939 5427//2939
f 5375//3021 5368//3021 5423//3021
f 5423//3021 5368//3021 5426//3021
f 5345//3020 5375//3020 5422//3020
f 5422//3020 5375//3020 5423//3020
f 5428//183 5429//183 5430//183
f 5430//183 5429//183 5431//183
f 5430//183 5431//183 5432//183
f 5432//183 5431//183 5433//183
f 5433//183 5431//183 5434//183
f 5434//183 5431//183 5435//183
f 5435//183 5431//183 5436//183
f 5436//183 5431//183 5437//183
f 5437//183 5431//183 5438//183
f 5437//183 5438//183 5439//183
f 5439//183 5438//183 5440//183
f 5440//183 5438//183 5441//183
f 5441//183 5438//183 5442//183
f 5442//183 5438//183 5443//183
f 5443//183 5438//183 5444//183
f 5444//183 5438//183 5445//183
f 5444//185 5445//185 5446//185
f 5446//182 5445//182 5447//182
f 5447//185 5445//185 5448//185
f 5448//183 5445//183 5449//183
f 5449//183 5445//183 5450//183
f 5450//183 5445//183 5451//183
f 5451//183 5445//183 5452//183
f 5451//183 5452//183 5453//183
f 5453//183 5452//183 5454//183
f 5454//183 5452//183 5455//183
f 5455//185 5452//185 5456//185
f 5456//182 5452//182 5457//182
f 5457//183 5452//183 5458//183
f 5458//183 5452//183 5459//183
f 5458//183 5459//183 5460//183
f 5460//183 5459//183 5461//183
f 5461//183 5459//183 5462//183
f 5462//183 5459//183 5463//183
f 5463//183 5459//183 5464//183
f 5464//183 5459//183 5465//183
f 5465//183 5459//183 5429//183
f 5465//183 5429//183 5466//183
f 5466//183 5429//183 5467//183
f 5467//183 5429//183 5468//183
f 5468//183 5429//183 5469//183
f 5469//183 5429//183 5428//183
f 5470//3025 5428//3025 5471//3025
f 5471//3026 5428//3026 5430//3026
f 5471//3027 5430//3027 5472//3027
f 5472//3028 5430//3028 5432//3028
f 5472//3029 5432//3029 5473//3029
f 5473//3029 5432//3029 5433//3029
f 5473//3030 5433//3030 5474//3030
f 5474//3030 5433//3030 5434//3030
f 5474//3031 5434//3031 5475//3031
f 5475//3032 5434//3032 5435//3032
f 5475//3033 5435//3033 5476//3033
f 5476//3034 5435//3034 5436//3034
f 5476//3035 5436//3035 5477//3035
f 5477//3035 5436//3035 5437//3035
f 5477//3036 5437//3036 5478//3036
f 5478//3037 5437//3037 5439//3037
f 5478//3038 5439//3038 5479//3038
f 5479//3039 5439//3039 5440//3039
f 5479//3040 5440//3040 5480//3040
f 5480//3041 5440//3041 5441//3041
f 5480//3042 5441//3042 5481//3042
f 5481//3042 5441//3042 5442//3042
f 5481//3044 5442//3044 5482//3044
f 5482//3044 5442//3044 5443//3044
f 5482//3045 5443//3045 5483//3045
f 5483//3045 5443//3045 5444//3045
f 5483//3088 5444//3088 5484//3088
f 5484//3046 5444//3046 5446//3046
f 5484//3047 5446//3047 5485//3047
f 5485//3048 5446//3048 5447//3048
f 5485//3049 5447//3049 5486//3049
f 5486//3050 5447//3050 5448//3050
f 5486//3051 5448//3051 5487//3051
f 5487//3052 5448//3052 5449//3052
f 5487//3054 5449//3054 5488//3054
f 5488//3054 5449//3054 5450//3054
f 5488//3095 5450//3095 5489//3095
f 5489//3056 5450//3056 5451//3056
f 5489//3057 5451//3057 5490//3057
f 5490//3466 5451//3466 5453//3466
f 5490//3467 5453//3467 5491//3467
f 5491//3060 5453//3060 5454//3060
f 5491//3061 5454//3061 5492//3061
f 5492//3468 5454//3468 5455//3468
f 5492//3063 5455//3063 5493//3063
f 5493//3063 5455//3063 5456//3063
f 5493//3065 5456//3065 5494//3065
f 5494//3469 5456//3469 5457//3469
f 5494//3066 5457//3066 5495//3066
f 5495//3067 5457//3067 5458//3067
f 5495//3101 5458//3101 5496//3101
f 5496//3069 5458//3069 5460//3069
f 5496//3070 5460//3070 5497//3070
f 5497//3071 5460//3071 5461//3071
f 5497//3102 5461//3102 5498//3102
f 5498//3102 5461//3102 5462//3102
f 5498//3074 5462//3074 5499//3074
f 5499//3074 5462//3074 5463//3074
f 5499//3075 5463//3075 5500//3075
f 5500//3075 5463//3075 5464//3075
f 5500//3076 5464//3076 5501//3076
f 5501//3077 5464//3077 5465//3077
f 5501//3078 5465//3078 5502//3078
f 5502//3078 5465//3078 5466//3078
f 5502//3079 5466//3079 5503//3079
f 5503//3080 5466//3080 5467//3080
f 5503//3081 5467//3081 5504//3081
f 5504//3105 5467//3105 5468//3105
f 5504//3082 5468//3082 5505//3082
f 5505//3082 5468//3082 5469//3082
f 5505//3083 5469//3083 5470//3083
f 5470//3084 5469//3084 5428//3084
f 5506//183 5507//183 5508//183
f 5508//183 5507//183 5509//183
f 5509//183 5507//183 5510//183
f 5509//183 5510//183 5511//183
f 5431//1660 5429//1660 5508//1660
f 5508//1660 5429//1660 5506//1660
f 5438//3023 5431//3023 5509//3023
f 5509//3024 5431//3024 5508//3024
f 5445//3022 5438//3022 5511//3022
f 5511//3022 5438//3022 5509//3022
f 5452//2939 5445//2939 5510//2939
f 5510//2939 5445//2939 5511//2939
f 5459//3021 5452//3021 5507//3021
f 5507//3021 5452//3021 5510//3021
f 5429//3019 5459//3019 5506//3019
f 5506//3020 5459//3020 5507//3020
usemtl N9_aluminum_machined
f 669//3470 670//3470 671//3470
f 671//3470 670//3470 672//3470
f 670//3471 673//3471 672//3471
f 672//3471 673//3471 674//3471
f 673//277 675//277 674//277
f 674//277 675//277 676//277
f 675//276 677//276 676//276
f 676//276 677//276 678//276
f 677//3472 679//3472 678//3472
f 678//3472 679//3472 680//3472
f 679//97 669//97 680//97
f 680//97 669//97 671//97
f 671//256 672//256 680//256
f 680//256 672//256 678//256
f 678//256 672//256 674//256
f 678//256 674//256 676//256
f 681//3473 682//3473 683//3473
f 683//3474 682//3474 684//3474
f 683//3475 684//3475 685//3475
f 685//3476 684//3476 686//3476
f 685//3477 686//3477 687//3477
f 687//3478 686//3478 688//3478
f 687//3479 688//3479 689//3479
f 689//3480 688//3480 690//3480
f 689//3481 690//3481 691//3481
f 691//3482 690//3482 692//3482
f 691//3483 692//3483 693//3483
f 693//3484 692//3484 694//3484
f 693//3485 694//3485 695//3485
f 695//3486 694//3486 696//3486
f 695//3487 696//3487 697//3487
f 697//3488 696//3488 698//3488
f 697//3489 698//3489 699//3489
f 699//3490 698//3490 700//3490
f 699//3491 700//3491 701//3491
f 701//3492 700//3492 702//3492
f 701//3493 702//3493 703//3493
f 703//3494 702//3494 704//3494
f 703//3495 704//3495 705//3495
f 705//3496 704//3496 706//3496
f 705//3497 706//3497 707//3497
f 707//3498 706//3498 708//3498
f 707//3499 708//3499 709//3499
f 709//3500 708//3500 710//3500
f 709//3501 710//3501 711//3501
f 711//3502 710//3502 712//3502
f 711//3503 712//3503 713//3503
f 713//3504 712//3504 714//3504
f 713//3505 714//3505 715//3505
f 715//3506 714//3506 716//3506
f 715//3507 716//3507 717//3507
f 717//3508 716//3508 718//3508
f 717//3509 718//3509 719//3509
f 719//3510 718//3510 720//3510
f 719//3511 720//3511 721//3511
f 721//3512 720//3512 722//3512
f 721//3513 722//3513 723//3513
f 723//3514 722//3514 724//3514
f 723//3515 724//3515 725//3515
f 725//3516 724//3516 726//3516
f 725//3517 726//3517 727//3517
f 727//3518 726//3518 728//3518
f 727//3519 728//3519 729//3519
f 729//3520 728//3520 730//3520
f 729//3521 730//3521 731//3521
f 731//3522 730//3522 732//3522
f 731//3523 732//3523 733//3523
f 733//3524 732//3524 734//3524
f 733//3525 734//3525 735//3525
f 735//3526 734//3526 736//3526
f 735//3527 736//3527 737//3527
f 737//3528 736//3528 738//3528
f 737//3529 738//3529 739//3529
f 739//3530 738//3530 740//3530
f 739//3531 740//3531 741//3531
f 741//3532 740//3532 742//3532
f 741//3533 742//3533 743//3533
f 743//3534 742//3534 744//3534
f 743//3535 744//3535 745//3535
f 745//3536 744//3536 746//3536
f 745//3537 746//3537 747//3537
f 747//3538 746//3538 748//3538
f 747//3539 748//3539 749//3539
f 749//3540 748//3540 750//3540
f 749//3541 750//3541 751//3541
f 751//3542 750//3542 752//3542
f 751//3543 752//3543 753//3543
f 753//3544 752//3544 681//3544
f 753//3545 681//3545 683//3545
f 754//257 684//257 755//257
f 755//257 684//257 682//257
f 755//278 682//278 756//278
f 756//278 682//278 681//278
f 756//290 681//290 757//290
f 757//290 681//290 752//290
f 757//289 752//289 758//289
f 758//289 752//289 750//289
f 758//288 750//288 759//288
f 759//288 750//288 748//288
f 759//287 748//287 760//287
f 760//287 748//287 746//287
f 760//285 746//285 761//285
f 761//285 746//285 744//285
f 761//284 744//284 762//284
f 762//284 744//284 742//284
f 762//283 742//283 763//283
f 763//283 742//283 740//283
f 763//282 740//282 764//282
f 764//282 740//282 738//282
f 764//281 738//281 765//281
f 765//281 738//281 736//281
f 765//280 736//280 766//280
f 766//280 736//280 734//280
f 766//296 734//296 767//296
f 767//296 734//296 732//296
f 767//295 732//295 768//295
f 768//295 732//295 730//295
f 768//294 730//294 769//294
f 769//294 730//294 728//294
f 769//293 728//293 770//293
f 770//293 728//293 726//293
f 770//292 726//292 771//292
f 771//292 726//292 724//292
f 771//291 724//291 772//291
f 772//291 724//291 722//291
f 772//275 722//275 773//275
f 773//275 722//275 720//275
f 773//97 720//97 774//97
f 774//97 720//97 718//97
f 774//274 718//274 775//274
f 775//274 718//274 716//274
f 775//273 716//273 776//273
f 776//273 716//273 714//273
f 776//272 714//272 777//272
f 777//272 714//272 712//272
f 777//271 712//271 778//271
f 778//271 712//271 710//271
f 778//270 710//270 779//270
f 779//270 710//270 708//270
f 779//269 708//269 780//269
f 780//269 708//269 706//269
f 780//268 706//268 781//268
f 781//268 706//268 704//268
f 781//267 704//267 782//267
f 782//267 704//267 702//267
f 782//266 702//266 783//266
f 783//266 702//266 700//266
f 783//265 700//265 784//265
f 784//265 700//265 698//265
f 784//264 698//264 785//264
f 785//264 698//264 696//264
f 785//263 696//263 786//263
f 786//263 696//263 694//263
f 786//262 694//262 787//262
f 787//262 694//262 692//262
f 787//261 692//261 788//261
f 788//261 692//261 690//261
f 788//260 690//260 789//260
f 789//260 690//260 688//260
f 789//259 688//259 790//259
f 790//259 688//259 686//259
f 790//258 686//258 754//258
f 754//258 686//258 684//258
f 685//256 669//256 683//256
f 683//256 669//256 679//256
f 683//256 679//256 753//256
f 753//256 679//256 751//256
f 751//256 679//256 749//256
f 749//256 679//256 747//256
f 747//256 679//256 745//256
f 745//256 679//256 743//256
f 743//256 679//256 677//256
f 743//256 677//256 741//256
f 741//256 677//256 739//256
f 739//256 677//256 737//256
f 737//256 677//256 735//256
f 735//256 677//256 733//256
f 733//256 677//256 731//256
f 731//256 677//256 675//256
f 731//256 675//256 729//256
f 729//256 675//256 727//256
f 727//256 675//256 725//256
f 725//256 675//256 723//256
f 723//256 675//256 721//256
f 721//256 675//256 719//256
f 719//256 675//256 673//256
f 719//256 673//256 717//256
f 717//256 673//256 715//256
f 715//256 673//256 713//256
f 713//256 673//256 711//256
f 711//256 673//256 709//256
f 709//256 673//256 707//256
f 707//256 673//256 670//256
f 707//256 670//256 705//256
f 705//256 670//256 703//256
f 703//256 670//256 701//256
f 701//256 670//256 699//256
f 699//256 670//256 697//256
f 697//256 670//256 695//256
f 695//256 670//256 669//256
f 695//256 669//256 693//256
f 693//256 669//256 691//256
f 691//256 669//256 689//256
f 689//256 669//256 687//256
f 687//256 669//256 685//256
f 791//3472 792//3472 793//3472
f 793//3472 792//3472 794//3472
f 792//276 795//276 794//276
f 794//276 795//276 796//276
f 795//277 797//277 796//277
f 796//277 797//277 798//277
f 797//3471 799//3471 798//3471
f 798//3471 799//3471 800//3471
f 799//3470 801//3470 800//3470
f 800//3470 801//3470 802//3470
f 801//97 791//97 802//97
f 802//97 791//97 793//97
f 793//456 794//456 802//456
f 802//456 794//456 800//456
f 800//456 794//456 796//456
f 800//456 796//456 798//456
f 803//3546 804//3546 805//3546
f 805//3547 804//3547 806//3547
f 805//3548 806//3548 807//3548
f 807//3549 806//3549 808//3549
f 807//3550 808//3550 809//3550
f 809//3551 808//3551 810//3551
f 809//3552 810//3552 811//3552
f 811//3553 810//3553 812//3553
f 811//3554 812//3554 813//3554
f 813//3555 812//3555 814//3555
f 813//3556 814//3556 815//3556
f 815//3557 814//3557 816//3557
f 815//3558 816//3558 817//3558
f 817//3559 816//3559 818//3559
f 817//3560 818//3560 819//3560
f 819//3561 818//3561 820//3561
f 819//3562 820//3562 821//3562
f 821//3563 820//3563 822//3563
f 821//3564 822//3564 823//3564
f 823//3565 822//3565 824//3565
f 823//3566 824//3566 825//3566
f 825//3567 824//3567 826//3567
f 825//3568 826//3568 827//3568
f 827//3569 826//3569 828//3569
f 827//3570 828//3570 829//3570
f 829//3571 828//3571 830//3571
f 829//3572 830//3572 831//3572
f 831//3573 830//3573 832//3573
f 831//3574 832//3574 833//3574
f 833//3575 832//3575 834//3575
f 833//3576 834//3576 835//3576
f 835//3577 834//3577 836//3577
f 835//3578 836//3578 837//3578
f 837//3579 836//3579 838//3579
f 837//3580 838//3580 839//3580
f 839//3581 838//3581 840//3581
f 839//3582 840//3582 841//3582
f 841//3583 840//3583 842//3583
f 841//3584 842//3584 843//3584
f 843//3585 842//3585 844//3585
f 843//3586 844//3586 845//3586
f 845//3587 844//3587 846//3587
f 845//3588 846//3588 847//3588
f 847//3589 846//3589 848//3589
f 847//3590 848//3590 849//3590
f 849//3591 848//3591 850//3591
f 849//3592 850//3592 851//3592
f 851//3593 850//3593 852//3593
f 851//3594 852//3594 853//3594
f 853//3595 852//3595 854//3595
f 853//3596 854//3596 855//3596
f 855//3597 854//3597 856//3597
f 855//3598 856//3598 857//3598
f 857//3599 856//3599 858//3599
f 857//3600 858//3600 859//3600
f 859//3601 858//3601 860//3601
f 859//3602 860//3602 861//3602
f 861//3603 860//3603 862//3603
f 861//3604 862//3604 863//3604
f 863//3605 862//3605 864//3605
f 863//3606 864//3606 865//3606
f 865//3607 864//3607 866//3607
f 865//3608 866//3608 867//3608
f 867//3609 866//3609 868//3609
f 867//3610 868//3610 869//3610
f 869//3611 868//3611 870//3611
f 869//3612 870//3612 871//3612
f 871//3613 870//3613 872//3613
f 871//3614 872//3614 873//3614
f 873//3615 872//3615 874//3615
f 873//3616 874//3616 875//3616
f 875//3617 874//3617 803//3617
f 875//3618 803//3618 805//3618
f 876//278 806//278 877//278
f 877//278 806//278 804//278
f 897//291 838//291 898//291
f 898//291 838//291 836//291
f 898//292 836//292 899//292
f 899//292 836//292 834//292
f 899//293 834//293 900//293
f 900//293 834//293 832//293
f 900//294 832//294 901//294
f 901//294 832//294 830//294
f 901//295 830//295 902//295
f 902//295 830//295 828//295
f 902//296 828//296 903//296
f 903//296 828//296 826//296
f 903//280 826//280 904//280
f 904//280 826//280 824//280
f 904//281 824//281 905//281
f 905//281 824//281 822//281
f 905//282 822//282 906//282
f 906//282 822//282 820//282
f 906//283 820//283 907//283
f 907//283 820//283 818//283
f 907//284 818//284 908//284
f 908//284 818//284 816//284
f 908//285 816//285 909//285
f 909//285 816//285 814//285
f 909//287 814//287 910//287
f 910//287 814//287 812//287
f 910//288 812//288 911//288
f 911//288 812//288 810//288
f 911//289 810//289 912//289
f 912//289 810//289 808//289
f 912//290 808//290 876//290
f 876//290 808//290 806//290
f 807//456 791//456 805//456
f 805//456 791//456 801//456
f 805//456 801//456 875//456
f 875//456 801//456 873//456
f 873//456 801//456 871//456
f 871//456 801//456 869//456
f 869//456 801//456 867//456
f 867//456 801//456 865//456
f 865//456 801//456 799//456
f 865//456 799//456 863//456
f 863//456 799//456 861//456
f 861//456 799//456 859//456
f 859//456 799//456 857//456
f 857//456 799//456 855//456
f 855//456 799//456 853//456
f 853//456 799//456 797//456
f 853//456 797//456 851//456
f 851//456 797//456 849//456
f 849//456 797//456 847//456
f 847//456 797//456 845//456
f 845//456 797//456 843//456
f 843//456 797//456 841//456
f 841//456 797//456 795//456
f 841//456 795//456 839//456
f 839//456 795//456 837//456
f 837//456 795//456 835//456
f 835//456 795//456 833//456
f 833//456 795//456 831//456
f 831//456 795//456 829//456
f 829//456 795//456 792//456
f 829//456 792//456 827//456
f 827//456 792//456 825//456
f 825//456 792//456 823//456
f 823//456 792//456 821//456
f 821//456 792//456 819//456
f 819//456 792//456 817//456
f 817//456 792//456 791//456
f 817//456 791//456 815//456
f 815//456 791//456 813//456
f 813//456 791//456 811//456
f 811//456 791//456 809//456
f 809//456 791//456 807//456
f 913//3472 914//3472 915//3472
f 915//3472 914//3472 916//3472
f 914//276 917//276 916//276
f 916//276 917//276 918//276
f 917//277 919//277 918//277
f 918//277 919//277 920//277
f 919//3471 921//3471 920//3471
f 920//3471 921//3471 922//3471
f 921//3470 923//3470 922//3470
f 922//3470 923//3470 924//3470
f 923//97 913//97 924//97
f 924//97 913//97 915//97
f 915//456 916//456 924//456
f 924//456 916//456 922//456
f 922//456 916//456 918//456
f 922//456 918//456 920//456
f 925//3546 926//3546 927//3546
f 927//3547 926//3547 928//3547
f 927//3548 928//3548 929//3548
f 929//3549 928//3549 930//3549
f 929//3619 930//3619 931//3619
f 931//3551 930//3551 932//3551
f 931//3552 932//3552 933//3552
f 933//3620 932//3620 934//3620
f 933//3554 934//3554 935//3554
f 935//3555 934//3555 936//3555
f 935//3556 936//3556 937//3556
f 937//3557 936//3557 938//3557
f 937//3558 938//3558 939//3558
f 939//3621 938//3621 940//3621
f 939//3560 940//3560 941//3560
f 941//3561 940//3561 942//3561
f 941//3562 942//3562 943//3562
f 943//3563 942//3563 944//3563
f 943//3564 944//3564 945//3564
f 945//3565 944//3565 946//3565
f 945//3566 946//3566 947//3566
f 947//3622 946//3622 948//3622
f 947//3568 948//3568 949//3568
f 949//3569 948//3569 950//3569
f 949//3623 950//3623 951//3623
f 951//3571 950//3571 952//3571
f 951//3624 952//3624 953//3624
f 953//3625 952//3625 954//3625
f 953//3574 954//3574 955//3574
f 955//3575 954//3575 956//3575
f 955//3576 956//3576 957//3576
f 957//3626 956//3626 958//3626
f 957//3578 958//3578 959//3578
f 959//3579 958//3579 960//3579
f 959//3580 960//3580 961//3580
f 961//3581 960//3581 962//3581
f 961//3582 962//3582 963//3582
f 963//3583 962//3583 964//3583
f 963//3584 964//3584 965//3584
f 965//3585 964//3585 966//3585
f 965//3586 966//3586 967//3586
f 967//3587 966//3587 968//3587
f 967//3588 968//3588 969//3588
f 969//3589 968//3589 970//3589
f 969//3590 970//3590 971//3590
f 971//3591 970//3591 972//3591
f 971//3627 972//3627 973//3627
f 973//3628 972//3628 974//3628
f 973//3629 974//3629 975//3629
f 975//3595 974//3595 976//3595
f 975//3596 976//3596 977//3596
f 977//3630 976//3630 978//3630
f 977//3598 978//3598 979//3598
f 979//3631 978//3631 980//3631
f 979//3600 980//3600 981//3600
f 981//3601 980//3601 982//3601
f 981//3602 982//3602 983//3602
f 983//3603 982//3603 984//3603
f 983//3604 984//3604 985//3604
f 985//3605 984//3605 986//3605
f 985//3606 986//3606 987//3606
f 987//3632 986//3632 988//3632
f 987//3608 988//3608 989//3608
f 989//3609 988//3609 990//3609
f 989//3610 990//3610 991//3610
f 991//3611 990//3611 992//3611
f 991//3612 992//3612 993//3612
f 993//3613 992//3613 994//3613
f 993//3614 994//3614 995//3614
f 995//3615 994//3615 996//3615
f 995//3633 996//3633 997//3633
f 997//3617 996//3617 925//3617
f 997//3618 925//3618 927//3618
f 998//278 928//278 999//278
f 999//278 928//278 926//278
f 999//257 926//257 1000//257
f 1000//257 926//257 925//257
f 1016//274 966//274 1017//274
f 1017//274 966//274 964//274
f 1017//97 964//97 1018//97
f 1018//97 964//97 962//97
f 1018//275 962//275 1019//275
f 1019//275 962//275 960//275
f 1019//291 960//291 1020//291
f 1020//291 960//291 958//291
f 1020//292 958//292 1021//292
f 1021//292 958//292 956//292
f 1021//293 956//293 1022//293
f 1022//293 956//293 954//293
f 1022//294 954//294 1023//294
f 1023//294 954//294 952//294
f 1023//295 952//295 1024//295
f 1024//295 952//295 950//295
f 1024//296 950//296 1025//296
f 1025//296 950//296 948//296
f 1025//280 948//280 1026//280
f 1026//280 948//280 946//280
f 1026//281 946//281 1027//281
f 1027//281 946//281 944//281
f 1027//282 944//282 1028//282
f 1028//282 944//282 942//282
f 1028//283 942//283 1029//283
f 1029//283 942//283 940//283
f 1029//284 940//284 1030//284
f 1030//284 940//284 938//284
f 1030//285 938//285 1031//285
f 1031//285 938//285 936//285
f 1031//287 936//287 1032//287
f 1032//287 936//287 934//287
f 1032//288 934//288 1033//288
f 1033//288 934//288 932//288
f 1033//289 932//289 1034//289
f 1034//289 932//289 930//289
f 1034//290 930//290 998//290
f 998//290 930//290 928//290
f 929//456 913//456 927//456
f 927//456 913//456 923//456
f 927//456 923//456 997//456
f 997//456 923//456 995//456
f 995//456 923//456 993//456
f 993//456 923//456 991//456
f 991//456 923//456 989//456
f 989//456 923//456 987//456
f 987//456 923//456 921//456
f 987//456 921//456 985//456
f 985//456 921//456 983//456
f 983//456 921//456 981//456
f 981//456 921//456 979//456
f 979//456 921//456 977//456
f 977//456 921//456 975//456
f 975//456 921//456 919//456
f 975//456 919//456 973//456
f 973//456 919//456 971//456
f 971//456 919//456 969//456
f 969//456 919//456 967//456
f 967//456 919//456 965//456
f 965//456 919//456 963//456
f 963//456 919//456 917//456
f 963//456 917//456 961//456
f 961//456 917//456 959//456
f 959//456 917//456 957//456
f 957//456 917//456 955//456
f 955//456 917//456 953//456
f 953//456 917//456 951//456
f 951//456 917//456 914//456
f 951//456 914//456 949//456
f 949//456 914//456 947//456
f 947//456 914//456 945//456
f 945//456 914//456 943//456
f 943//456 914//456 941//456
f 941//456 914//456 939//456
f 939//456 914//456 913//456
f 939//456 913//456 937//456
f 937//456 913//456 935//456
f 935//456 913//456 933//456
f 933//456 913//456 931//456
f 931//456 913//456 929//456
f 1035//3472 1036//3472 1037//3472
f 1037//3472 1036//3472 1038//3472
f 1041//3471 1043//3471 1042//3471
f 1042//3471 1043//3471 1044//3471
f 1043//3470 1045//3470 1044//3470
f 1044//3470 1045//3470 1046//3470
f 1045//97 1035//97 1046//97
f 1046//97 1035//97 1037//97
f 1037//456 1038//456 1046//456
f 1046//456 1038//456 1044//456
f 1044//456 1038//456 1040//456
f 1044//456 1040//456 1042//456
f 1047//3546 1048//3546 1049//3546
f 1049//3547 1048//3547 1050//3547
f 1049//3548 1050//3548 1051//3548
f 1051//3549 1050//3549 1052//3549
f 1051//3619 1052//3619 1053//3619
f 1053//3551 1052//3551 1054//3551
f 1053//3552 1054//3552 1055//3552
f 1055//3620 1054//3620 1056//3620
f 1055//3554 1056//3554 1057//3554
f 1057//3555 1056//3555 1058//3555
f 1057//3556 1058//3556 1059//3556
f 1059//3557 1058//3557 1060//3557
f 1059//3558 1060//3558 1061//3558
f 1061//3621 1060//3621 1062//3621
f 1061//3560 1062//3560 1063//3560
f 1063//3561 1062//3561 1064//3561
f 1063//3562 1064//3562 1065//3562
f 1065//3563 1064//3563 1066//3563
f 1065//3564 1066//3564 1067//3564
f 1067//3565 1066//3565 1068//3565
f 1067//3566 1068//3566 1069//3566
f 1069//3567 1068//3567 1070//3567
f 1069//3568 1070//3568 1071//3568
f 1071//3569 1070//3569 1072//3569
f 1071//3623 1072//3623 1073//3623
f 1073//3571 1072//3571 1074//3571
f 1073//3624 1074//3624 1075//3624
f 1075//3625 1074//3625 1076//3625
f 1075//3634 1076//3634 1077//3634
f 1077//3575 1076//3575 1078//3575
f 1077//3576 1078//3576 1079//3576
f 1079//3626 1078//3626 1080//3626
f 1079//3578 1080//3578 1081//3578
f 1081//3579 1080//3579 1082//3579
f 1081//3580 1082//3580 1083//3580
f 1083//3581 1082//3581 1084//3581
f 1083//3582 1084//3582 1085//3582
f 1085//3583 1084//3583 1086//3583
f 1085//3584 1086//3584 1087//3584
f 1087//3585 1086//3585 1088//3585
f 1087//3586 1088//3586 1089//3586
f 1089//3587 1088//3587 1090//3587
f 1089//3588 1090//3588 1091//3588
f 1091//3635 1090//3635 1092//3635
f 1091//3590 1092//3590 1093//3590
f 1093//3591 1092//3591 1094//3591
f 1093//3627 1094//3627 1095//3627
f 1095//3593 1094//3593 1096//3593
f 1095//3629 1096//3629 1097//3629
f 1097//3595 1096//3595 1098//3595
f 1097//3596 1098//3596 1099//3596
f 1099//3630 1098//3630 1100//3630
f 1099//3598 1100//3598 1101//3598
f 1101//3599 1100//3599 1102//3599
f 1101//3600 1102//3600 1103//3600
f 1103//3601 1102//3601 1104//3601
f 1103//3602 1104//3602 1105//3602
f 1105//3603 1104//3603 1106//3603
f 1105//3604 1106//3604 1107//3604
f 1107//3605 1106//3605 1108//3605
f 1107//3606 1108//3606 1109//3606
f 1109//3636 1108//3636 1110//3636
f 1109//3608 1110//3608 1111//3608
f 1111//3609 1110//3609 1112//3609
f 1111//3610 1112//3610 1113//3610
f 1113//3611 1112//3611 1114//3611
f 1113//3612 1114//3612 1115//3612
f 1115//3613 1114//3613 1116//3613
f 1115//3614 1116//3614 1117//3614
f 1117//3615 1116//3615 1118//3615
f 1117//3633 1118//3633 1119//3633
f 1119//3617 1118//3617 1047//3617
f 1119//3618 1047//3618 1049//3618
f 1132//267 1102//267 1100//267
f 1132//268 1100//268 1133//268
f 1133//268 1100//268 1098//268
f 1133//269 1098//269 1134//269
f 1134//269 1098//269 1096//269
f 1134//270 1096//270 1135//270
f 1135//270 1096//270 1094//270
f 1135//271 1094//271 1136//271
f 1136//271 1094//271 1092//271
f 1136//272 1092//272 1137//272
f 1137//272 1092//272 1090//272
f 1137//273 1090//273 1138//273
f 1138//273 1090//273 1088//273
f 1138//274 1088//274 1139//274
f 1139//274 1088//274 1086//274
f 1139//97 1086//97 1140//97
f 1140//97 1086//97 1084//97
f 1140//275 1084//275 1141//275
f 1141//275 1084//275 1082//275
f 1141//291 1082//291 1142//291
f 1142//291 1082//291 1080//291
f 1142//292 1080//292 1143//292
f 1143//292 1080//292 1078//292
f 1143//293 1078//293 1144//293
f 1144//293 1078//293 1076//293
f 1144//294 1076//294 1145//294
f 1145//294 1076//294 1074//294
f 1145//295 1074//295 1146//295
f 1146//295 1074//295 1072//295
f 1146//296 1072//296 1147//296
f 1147//296 1072//296 1070//296
f 1148//280 1070//280 1068//280
f 1051//456 1035//456 1049//456
f 1049//456 1035//456 1045//456
f 1049//456 1045//456 1119//456
f 1119//456 1045//456 1117//456
f 1117//456 1045//456 1115//456
f 1115//456 1045//456 1113//456
f 1113//456 1045//456 1111//456
f 1111//456 1045//456 1109//456
f 1109//456 1045//456 1043//456
f 1109//456 1043//456 1107//456
f 1107//456 1043//456 1105//456
f 1105//456 1043//456 1103//456
f 1103//456 1043//456 1101//456
f 1101//456 1043//456 1099//456
f 1099//456 1043//456 1097//456
f 1097//456 1043//456 1041//456
f 1097//456 1041//456 1095//456
f 1095//456 1041//456 1093//456
f 1093//456 1041//456 1091//456
f 1091//456 1041//456 1089//456
f 1089//456 1041//456 1087//456
f 1087//456 1041//456 1085//456
f 1085//456 1041//456 1039//456
f 1085//456 1039//456 1083//456
f 1083//456 1039//456 1081//456
f 1081//456 1039//456 1079//456
f 1079//456 1039//456 1077//456
f 1077//456 1039//456 1075//456
f 1075//456 1039//456 1073//456
f 1073//456 1039//456 1036//456
f 1073//456 1036//456 1071//456
f 1071//456 1036//456 1069//456
f 1069//456 1036//456 1067//456
f 1067//456 1036//456 1065//456
f 1065//456 1036//456 1063//456
f 1063//456 1036//456 1061//456
f 1061//456 1036//456 1035//456
f 1061//456 1035//456 1059//456
f 1059//456 1035//456 1057//456
f 1057//456 1035//456 1055//456
f 1055//456 1035//456 1053//456
f 1053//456 1035//456 1051//456
f 1157//3472 1158//3472 1159//3472
f 1159//3472 1158//3472 1160//3472
f 1158//276 1161//276 1160//276
f 1160//276 1161//276 1162//276
f 1161//277 1163//277 1162//277
f 1162//277 1163//277 1164//277
f 1163//3471 1165//3471 1164//3471
f 1164//3471 1165//3471 1166//3471
f 1165//3470 1167//3470 1166//3470
f 1166//3470 1167//3470 1168//3470
f 1167//97 1157//97 1168//97
f 1168//97 1157//97 1159//97
f 1159//456 1160//456 1168//456
f 1168//456 1160//456 1166//456
f 1166//456 1160//456 1162//456
f 1166//456 1162//456 1164//456
f 1169//3546 1170//3546 1171//3546
f 1171//3547 1170//3547 1172//3547
f 1171//3548 1172//3548 1173//3548
f 1173//3549 1172//3549 1174//3549
f 1173//3619 1174//3619 1175//3619
f 1175//3551 1174//3551 1176//3551
f 1175//3552 1176//3552 1177//3552
f 1177//3620 1176//3620 1178//3620
f 1177//3554 1178//3554 1179//3554
f 1179//3555 1178//3555 1180//3555
f 1179//3556 1180//3556 1181//3556
f 1181//3557 1180//3557 1182//3557
f 1181//3558 1182//3558 1183//3558
f 1183//3559 1182//3559 1184//3559
f 1183//3560 1184//3560 1185//3560
f 1185//3561 1184//3561 1186//3561
f 1185//3562 1186//3562 1187//3562
f 1187//3563 1186//3563 1188//3563
f 1187//3564 1188//3564 1189//3564
f 1189//3565 1188//3565 1190//3565
f 1189//3566 1190//3566 1191//3566
f 1191//3622 1190//3622 1192//3622
f 1191//3568 1192//3568 1193//3568
f 1193//3569 1192//3569 1194//3569
f 1193//3623 1194//3623 1195//3623
f 1195//3571 1194//3571 1196//3571
f 1195//3624 1196//3624 1197//3624
f 1197//3637 1196//3637 1198//3637
f 1197//3634 1198//3634 1199//3634
f 1199//3575 1198//3575 1200//3575
f 1199//3576 1200//3576 1201//3576
f 1201//3577 1200//3577 1202//3577
f 1201//3578 1202//3578 1203//3578
f 1203//3579 1202//3579 1204//3579
f 1203//3580 1204//3580 1205//3580
f 1205//3581 1204//3581 1206//3581
f 1205//3582 1206//3582 1207//3582
f 1207//3583 1206//3583 1208//3583
f 1207//3584 1208//3584 1209//3584
f 1209//3585 1208//3585 1210//3585
f 1209//3586 1210//3586 1211//3586
f 1211//3587 1210//3587 1212//3587
f 1211//3588 1212//3588 1213//3588
f 1213//3635 1212//3635 1214//3635
f 1213//3590 1214//3590 1215//3590
f 1215//3591 1214//3591 1216//3591
f 1215//3592 1216//3592 1217//3592
f 1217//3593 1216//3593 1218//3593
f 1217//3629 1218//3629 1219//3629
f 1219//3595 1218//3595 1220//3595
f 1219//3638 1220//3638 1221//3638
f 1221//3630 1220//3630 1222//3630
f 1221//3598 1222//3598 1223//3598
f 1223//3631 1222//3631 1224//3631
f 1223//3600 1224//3600 1225//3600
f 1225//3601 1224//3601 1226//3601
f 1225//3602 1226//3602 1227//3602
f 1227//3603 1226//3603 1228//3603
f 1227//3604 1228//3604 1229//3604
f 1229//3605 1228//3605 1230//3605
f 1229//3606 1230//3606 1231//3606
f 1231//3636 1230//3636 1232//3636
f 1231//3608 1232//3608 1233//3608
f 1233//3609 1232//3609 1234//3609
f 1233//3610 1234//3610 1235//3610
f 1235//3611 1234//3611 1236//3611
f 1235//3612 1236//3612 1237//3612
f 1237//3613 1236//3613 1238//3613
f 1237//3614 1238//3614 1239//3614
f 1239//3615 1238//3615 1240//3615
f 1239//3633 1240//3633 1241//3633
f 1241//3617 1240//3617 1169//3617
f 1241//3618 1169//3618 1171//3618
f 1245//258 1169//258 1240//258
f 1245//259 1240//259 1246//259
f 1246//259 1240//259 1238//259
f 1246//260 1238//260 1247//260
f 1247//260 1238//260 1236//260
f 1247//261 1236//261 1248//261
f 1248//261 1236//261 1234//261
f 1248//262 1234//262 1249//262
f 1249//262 1234//262 1232//262
f 1249//263 1232//263 1250//263
f 1250//263 1232//263 1230//263
f 1250//264 1230//264 1251//264
f 1251//264 1230//264 1228//264
f 1251//265 1228//265 1252//265
f 1252//265 1228//265 1226//265
f 1252//266 1226//266 1253//266
f 1253//266 1226//266 1224//266
f 1253//267 1224//267 1254//267
f 1254//267 1224//267 1222//267
f 1254//268 1222//268 1255//268
f 1255//268 1222//268 1220//268
f 1255//269 1220//269 1256//269
f 1256//269 1220//269 1218//269
f 1256//270 1218//270 1257//270
f 1257//270 1218//270 1216//270
f 1257//271 1216//271 1258//271
f 1258//271 1216//271 1214//271
f 1258//272 1214//272 1259//272
f 1259//272 1214//272 1212//272
f 1259//273 1212//273 1260//273
f 1260//273 1212//273 1210//273
f 1260//274 1210//274 1261//274
f 1261//274 1210//274 1208//274
f 1261//97 1208//97 1262//97
f 1262//97 1208//97 1206//97
f 1173//456 1157//456 1171//456
f 1171//456 1157//456 1167//456
f 1171//456 1167//456 1241//456
f 1241//456 1167//456 1239//456
f 1239//456 1167//456 1237//456
f 1237//456 1167//456 1235//456
f 1235//456 1167//456 1233//456
f 1233//456 1167//456 1231//456
f 1231//456 1167//456 1165//456
f 1231//456 1165//456 1229//456
f 1229//456 1165//456 1227//456
f 1227//456 1165//456 1225//456
f 1225//456 1165//456 1223//456
f 1223//456 1165//456 1221//456
f 1221//456 1165//456 1219//456
f 1219//456 1165//456 1163//456
f 1219//456 1163//456 1217//456
f 1217//456 1163//456 1215//456
f 1215//456 1163//456 1213//456
f 1213//456 1163//456 1211//456
f 1211//456 1163//456 1209//456
f 1209//456 1163//456 1207//456
f 1207//456 1163//456 1161//456
f 1207//456 1161//456 1205//456
f 1205//456 1161//456 1203//456
f 1203//456 1161//456 1201//456
f 1201//456 1161//456 1199//456
f 1199//456 1161//456 1197//456
f 1197//456 1161//456 1195//456
f 1195//456 1161//456 1158//456
f 1195//456 1158//456 1193//456
f 1193//456 1158//456 1191//456
f 1191//456 1158//456 1189//456
f 1189//456 1158//456 1187//456
f 1187//456 1158//456 1185//456
f 1185//456 1158//456 1183//456
f 1183//456 1158//456 1157//456
f 1183//456 1157//456 1181//456
f 1181//456 1157//456 1179//456
f 1179//456 1157//456 1177//456
f 1177//456 1157//456 1175//456
f 1175//456 1157//456 1173//456
f 1279//3472 1280//3472 1281//3472
f 1281//3472 1280//3472 1282//3472
f 1280//276 1283//276 1282//276
f 1282//276 1283//276 1284//276
f 1283//277 1285//277 1284//277
f 1284//277 1285//277 1286//277
f 1285//3471 1287//3471 1286//3471
f 1286//3471 1287//3471 1288//3471
f 1287//3470 1289//3470 1288//3470
f 1288//3470 1289//3470 1290//3470
f 1289//97 1279//97 1290//97
f 1290//97 1279//97 1281//97
f 1281//456 1282//456 1290//456
f 1290//456 1282//456 1288//456
f 1288//456 1282//456 1284//456
f 1288//456 1284//456 1286//456
f 1291//3546 1292//3546 1293//3546
f 1293//3547 1292//3547 1294//3547
f 1293//3548 1294//3548 1295//3548
f 1295//3549 1294//3549 1296//3549
f 1295//3550 1296//3550 1297//3550
f 1297//3551 1296//3551 1298//3551
f 1297//3552 1298//3552 1299//3552
f 1299//3620 1298//3620 1300//3620
f 1299//3554 1300//3554 1301//3554
f 1301//3555 1300//3555 1302//3555
f 1301//3556 1302//3556 1303//3556
f 1303//3557 1302//3557 1304//3557
f 1303//3558 1304//3558 1305//3558
f 1305//3639 1304//3639 1306//3639
f 1305//3560 1306//3560 1307//3560
f 1307//3561 1306//3561 1308//3561
f 1307//3562 1308//3562 1309//3562
f 1309//3563 1308//3563 1310//3563
f 1309//3564 1310//3564 1311//3564
f 1311//3565 1310//3565 1312//3565
f 1311//3566 1312//3566 1313//3566
f 1313//3567 1312//3567 1314//3567
f 1313//3568 1314//3568 1315//3568
f 1315//3640 1314//3640 1316//3640
f 1315//3623 1316//3623 1317//3623
f 1317//3571 1316//3571 1318//3571
f 1317//3572 1318//3572 1319//3572
f 1319//3625 1318//3625 1320//3625
f 1319//3574 1320//3574 1321//3574
f 1321//3575 1320//3575 1322//3575
f 1321//3641 1322//3641 1323//3641
f 1323//3577 1322//3577 1324//3577
f 1323//3578 1324//3578 1325//3578
f 1325//3579 1324//3579 1326//3579
f 1325//3580 1326//3580 1327//3580
f 1327//3581 1326//3581 1328//3581
f 1327//3582 1328//3582 1329//3582
f 1329//3583 1328//3583 1330//3583
f 1329//3584 1330//3584 1331//3584
f 1331//3585 1330//3585 1332//3585
f 1331//3586 1332//3586 1333//3586
f 1333//3587 1332//3587 1334//3587
f 1333//3588 1334//3588 1335//3588
f 1335//3589 1334//3589 1336//3589
f 1335//3642 1336//3642 1337//3642
f 1337//3591 1336//3591 1338//3591
f 1337//3592 1338//3592 1339//3592
f 1339//3643 1338//3643 1340//3643
f 1339//3594 1340//3594 1341//3594
f 1341//3595 1340//3595 1342//3595
f 1341//3644 1342//3644 1343//3644
f 1343//3630 1342//3630 1344//3630
f 1343//3598 1344//3598 1345//3598
f 1345//3599 1344//3599 1346//3599
f 1345//3600 1346//3600 1347//3600
f 1347//3601 1346//3601 1348//3601
f 1347//3602 1348//3602 1349//3602
f 1349//3603 1348//3603 1350//3603
f 1349//3604 1350//3604 1351//3604
f 1351//3605 1350//3605 1352//3605
f 1351//3606 1352//3606 1353//3606
f 1353//3632 1352//3632 1354//3632
f 1353//3608 1354//3608 1355//3608
f 1355//3609 1354//3609 1356//3609
f 1355//3610 1356//3610 1357//3610
f 1357//3611 1356//3611 1358//3611
f 1357//3612 1358//3612 1359//3612
f 1359//3645 1358//3645 1360//3645
f 1359//3614 1360//3614 1361//3614
f 1361//3615 1360//3615 1362//3615
f 1361//3616 1362//3616 1363//3616
f 1363//3617 1362//3617 1291//3617
f 1363//3618 1291//3618 1293//3618
f 1365//257 1292//257 1366//257
f 1366//257 1292//257 1291//257
f 1366//258 1291//258 1367//258
f 1367//258 1291//258 1362//258
f 1367//259 1362//259 1368//259
f 1368//259 1362//259 1360//259
f 1368//260 1360//260 1369//260
f 1369//260 1360//260 1358//260
f 1369//261 1358//261 1370//261
f 1370//261 1358//261 1356//261
f 1370//262 1356//262 1371//262
f 1371//262 1356//262 1354//262
f 1371//263 1354//263 1372//263
f 1372//263 1354//263 1352//263
f 1372//264 1352//264 1373//264
f 1373//264 1352//264 1350//264
f 1373//265 1350//265 1374//265
f 1374//265 1350//265 1348//265
f 1374//266 1348//266 1375//266
f 1375//266 1348//266 1346//266
f 1375//267 1346//267 1376//267
f 1376//267 1346//267 1344//267
f 1376//268 1344//268 1377//268
f 1377//268 1344//268 1342//268
f 1377//269 1342//269 1378//269
f 1378//269 1342//269 1340//269
f 1378//270 1340//270 1379//270
f 1379//270 1340//270 1338//270
f 1379//271 1338//271 1380//271
f 1380//271 1338//271 1336//271
f 1380//272 1336//272 1381//272
f 1381//272 1336//272 1334//272
f 1381//273 1334//273 1382//273
f 1382//273 1334//273 1332//273
f 1382//274 1332//274 1383//274
f 1383//274 1332//274 1330//274
f 1383//97 1330//97 1384//97
f 1384//97 1330//97 1328//97
f 1385//275 1328//275 1326//275
f 1295//456 1279//456 1293//456
f 1293//456 1279//456 1289//456
f 1293//456 1289//456 1363//456
f 1363//456 1289//456 1361//456
f 1361//456 1289//456 1359//456
f 1359//456 1289//456 1357//456
f 1357//456 1289//456 1355//456
f 1355//456 1289//456 1353//456
f 1353//456 1289//456 1287//456
f 1353//456 1287//456 1351//456
f 1351//456 1287//456 1349//456
f 1349//456 1287//456 1347//456
f 1347//456 1287//456 1345//456
f 1345//456 1287//456 1343//456
f 1343//456 1287//456 1341//456
f 1341//456 1287//456 1285//456
f 1341//456 1285//456 1339//456
f 1339//456 1285//456 1337//456
f 1337//456 1285//456 1335//456
f 1335//456 1285//456 1333//456
f 1333//456 1285//456 1331//456
f 1331//456 1285//456 1329//456
f 1329//456 1285//456 1283//456
f 1329//456 1283//456 1327//456
f 1327//456 1283//456 1325//456
f 1325//456 1283//456 1323//456
f 1323//456 1283//456 1321//456
f 1321//456 1283//456 1319//456
f 1319//456 1283//456 1317//456
f 1317//456 1283//456 1280//456
f 1317//456 1280//456 1315//456
f 1315//456 1280//456 1313//456
f 1313//456 1280//456 1311//456
f 1311//456 1280//456 1309//456
f 1309//456 1280//456 1307//456
f 1307//456 1280//456 1305//456
f 1305//456 1280//456 1279//456
f 1305//456 1279//456 1303//456
f 1303//456 1279//456 1301//456
f 1301//456 1279//456 1299//456
f 1299//456 1279//456 1297//456
f 1297//456 1279//456 1295//456
f 1657//3646 1656//3646 1658//3646
f 1657//3647 1658//3647 1659//3647
f 1670//3648 1671//3648 1672//3648
f 1672//3649 1671//3649 1673//3649
f 1673//3650 1671//3650 1674//3650
f 1673//3651 1674//3651 1675//3651
f 1675//3652 1674//3652 1676//3652
f 1675//3653 1676//3653 1677//3653
f 1677//3654 1676//3654 1678//3654
f 1677//3655 1678//3655 1679//3655
f 1679//3656 1678//3656 1680//3656
f 1679//3657 1680//3657 1681//3657
f 1681//3658 1680//3658 1682//3658
f 1682//3659 1680//3659 1683//3659
f 1682//3660 1683//3660 1684//3660
f 1684//3661 1683//3661 1685//3661
f 1684//3662 1685//3662 1686//3662
f 1686//3663 1687//3663 1688//3663
f 1688//3664 1687//3664 1689//3664
f 1688//3665 1689//3665 1690//3665
f 1690//3666 1689//3666 1691//3666
f 1717//3667 1718//3667 1719//3667
f 1719//3668 1718//3668 1720//3668
f 1720//3669 1718//3669 1721//3669
f 1720//3670 1721//3670 1722//3670
f 1722//3671 1721//3671 1723//3671
f 1722//3672 1723//3672 1724//3672
f 1724//3673 1723//3673 1725//3673
f 1724//3674 1725//3674 1726//3674
f 1726//3675 1725//3675 1727//3675
f 1726//3676 1727//3676 1728//3676
f 1728//3677 1727//3677 1729//3677
f 1729//3678 1727//3678 1730//3678
f 1729//3679 1730//3679 1731//3679
f 1731//3680 1730//3680 1732//3680
f 1731//3681 1732//3681 1733//3681
f 1733//3682 1732//3682 1734//3682
f 1733//3683 1734//3683 1659//3683
f 1659//3684 1734//3684 1657//3684
f 1735//3685 1736//3685 1737//3685
f 1738//3686 1736//3686 1739//3686
f 1740//3687 1736//3687 1741//3687
f 1742//3688 1736//3688 1743//3688
f 1744//3689 1736//3689 1745//3689
f 1746//3690 1736//3690 1747//3690
f 1748//3691 1736//3691 1749//3691
f 1750//3692 1736//3692 1751//3692
f 1752//3693 1736//3693 1753//3693
f 1754//3694 1736//3694 1755//3694
f 1756//3695 1736//3695 1757//3695
f 1758//3696 1736//3696 1759//3696
f 1760//3697 1736//3697 1761//3697
f 1762//3698 1736//3698 1763//3698
f 1764//3699 1736//3699 1765//3699
f 1766//3700 1736//3700 1767//3700
f 1768//3701 1736//3701 1769//3701
f 1770//3702 1736//3702 1771//3702
f 1737//3703 1736//3703 1770//3703
f 1761//3704 1736//3704 1758//3704
f 1749//3705 1736//3705 1746//3705
f 1771//3706 1736//3706 1768//3706
f 1769//3707 1736//3707 1766//3707
f 1767//3708 1736//3708 1764//3708
f 1765//3709 1736//3709 1762//3709
f 1763//3710 1736//3710 1760//3710
f 1759//3711 1736//3711 1756//3711
f 1757//3712 1736//3712 1754//3712
f 1755//3713 1736//3713 1752//3713
f 1753//3714 1736//3714 1750//3714
f 1751//3715 1736//3715 1748//3715
f 1747//3716 1736//3716 1744//3716
f 1745//3717 1736//3717 1742//3717
f 1743//3718 1736//3718 1740//3718
f 1741//3719 1736//3719 1738//3719
f 1739//3720 1736//3720 1735//3720
f 1772//3721 1773//3721 1774//3721
f 1774//3722 1773//3722 1775//3722
f 1774//3723 1775//3723 1776//3723
f 1776//3724 1775//3724 1777//3724
f 1776//3725 1777//3725 1778//3725
f 1778//3726 1777//3726 1779//3726
f 1778//3727 1779//3727 1780//3727
f 1780//3728 1779//3728 1781//3728
f 1780//3729 1781//3729 1782//3729
f 1782//3730 1781//3730 1783//3730
f 1782//3731 1783//3731 1784//3731
f 1784//3731 1783//3731 1785//3731
f 1784//3732 1785//3732 1786//3732
f 1786//3733 1785//3733 1787//3733
f 1786//3734 1787//3734 1788//3734
f 1788//3734 1787//3734 1789//3734
f 1788//3735 1789//3735 1790//3735
f 1790//3735 1789//3735 1791//3735
f 1790//3736 1791//3736 1792//3736
f 1792//3737 1791//3737 1793//3737
f 1792//3738 1793//3738 1794//3738
f 1794//3738 1793//3738 1795//3738
f 1794//3739 1795//3739 1796//3739
f 1796//3739 1795//3739 1797//3739
f 1796//3740 1797//3740 1798//3740
f 1798//3741 1797//3741 1799//3741
f 1798//3742 1799//3742 1800//3742
f 1800//3742 1799//3742 1801//3742
f 1800//1601 1801//1601 1802//1601
f 1802//3743 1801//3743 1803//3743
f 1802//3744 1803//3744 1804//3744
f 1804//3745 1803//3745 1805//3745
f 1804//3746 1805//3746 1806//3746
f 1806//3747 1805//3747 1807//3747
f 1806//3748 1807//3748 1808//3748
f 1808//3748 1807//3748 1809//3748
f 1808//3749 1809//3749 1810//3749
f 1810//3749 1809//3749 1811//3749
f 1810//3750 1811//3750 1812//3750
f 1812//3750 1811//3750 1813//3750
f 1812//3751 1813//3751 1814//3751
f 1814//3751 1813//3751 1815//3751
f 1814//3752 1815//3752 1816//3752
f 1816//3753 1815//3753 1817//3753
f 1816//3754 1817//3754 1818//3754
f 1818//3754 1817//3754 1819//3754
f 1818//3755 1819//3755 1820//3755
f 1820//3756 1819//3756 1821//3756
f 1822//3757 1821//3757 1823//3757
f 1822//3758 1823//3758 1824//3758
f 1824//3759 1823//3759 1825//3759
f 1824//3760 1825//3760 1826//3760
f 1826//3761 1825//3761 1827//3761
f 1826//3762 1827//3762 1828//3762
f 1828//3763 1827//3763 1829//3763
f 1828//3764 1829//3764 1830//3764
f 1830//3764 1829//3764 1831//3764
f 1830//3765 1831//3765 1832//3765
f 1832//3766 1831//3766 1833//3766
f 1832//3767 1833//3767 1834//3767
f 1834//3767 1833//3767 1835//3767
f 1834//3768 1835//3768 1836//3768
f 1836//3769 1835//3769 1837//3769
f 1836//3770 1837//3770 1838//3770
f 1838//1630 1837//1630 1839//1630
f 1838//3771 1839//3771 1840//3771
f 1840//3772 1839//3772 1841//3772
f 1840//3773 1841//3773 1842//3773
f 1842//3773 1841//3773 1843//3773
f 1842//3774 1843//3774 1772//3774
f 1772//3775 1843//3775 1773//3775
f 1776//360 1735//360 1774//360
f 1774//360 1735//360 1737//360
f 1774//1654 1737//1654 1770//1654
f 1735//360 1776//360 1739//360
f 1739//360 1776//360 1778//360
f 1739//1656 1778//1656 1738//1656
f 1738//360 1778//360 1780//360
f 1738//360 1780//360 1741//360
f 1741//1654 1780//1654 1782//1654
f 1741//360 1782//360 1740//360
f 1740//360 1782//360 1784//360
f 1740//1652 1784//1652 1743//1652
f 1743//1653 1784//1653 1786//1653
f 1743//360 1786//360 1742//360
f 1742//1656 1786//1656 1788//1656
f 1742//360 1788//360 1745//360
f 1745//360 1788//360 1790//360
f 1745//1654 1790//1654 1744//1654
f 1744//360 1790//360 1792//360
f 1744//360 1792//360 1794//360
f 1744//360 1794//360 1747//360
f 1747//1648 1794//1648 1796//1648
f 1747//1653 1796//1653 1746//1653
f 1746//1654 1796//1654 1798//1654
f 1746//360 1798//360 1749//360
f 1749//360 1798//360 1800//360
f 1749//1654 1800//1654 1748//1654
f 1748//1656 1800//1656 1802//1656
f 1748//1653 1802//1653 1751//1653
f 1751//1651 1802//1651 1804//1651
f 1751//3776 1804//3776 1750//3776
f 1750//360 1804//360 1806//360
f 1750//360 1806//360 1753//360
f 1753//1654 1806//1654 1808//1654
f 1753//1658 1808//1658 1752//1658
f 1752//1648 1808//1648 1755//1648
f 1755//360 1808//360 1810//360
f 1755//1651 1810//1651 1754//1651
f 1754//1656 1810//1656 1812//1656
f 1754//1655 1812//1655 1757//1655
f 1757//1654 1812//1654 1814//1654
f 1757//1656 1814//1656 1756//1656
f 1756//360 1814//360 1816//360
f 1756//1655 1816//1655 1759//1655
f 1759//1649 1816//1649 1818//1649
f 1759//1653 1818//1653 1758//1653
f 1758//360 1818//360 1820//360
f 1758//360 1820//360 1761//360
f 1761//1654 1820//1654 1822//1654
f 1761//360 1822//360 1760//360
f 1760//360 1822//360 1824//360
f 1760//1653 1824//1653 1763//1653
f 1763//1651 1824//1651 1826//1651
f 1763//1654 1826//1654 1762//1654
f 1762//1653 1826//1653 1828//1653
f 1762//360 1828//360 1830//360
f 1762//1654 1830//1654 1765//1654
f 1765//360 1830//360 1832//360
f 1765//1654 1832//1654 1764//1654
f 1764//1654 1832//1654 1834//1654
f 1764//1653 1834//1653 1767//1653
f 1767//360 1834//360 1836//360
f 1767//1649 1836//1649 1766//1649
f 1766//360 1836//360 1838//360
f 1766//1653 1838//1653 1769//1653
f 1769//1654 1838//1654 1840//1654
f 1769//1653 1840//1653 1768//1653
f 1768//1653 1840//1653 1842//1653
f 1768//1656 1842//1656 1771//1656
f 1771//360 1842//360 1772//360
f 1771//1653 1772//1653 1770//1653
f 1770//360 1772//360 1774//360
f 1691//276 1717//276 1690//276
f 1690//276 1717//276 1719//276
f 1656//3470 1670//3470 1658//3470
f 1658//3470 1670//3470 1672//3470
f 1720//360 1815//360 1719//360
f 1719//360 1815//360 1813//360
f 1719//1653 1813//1653 1811//1653
f 1815//1654 1720//1654 1817//1654
f 1817//360 1720//360 1722//360
f 1817//1653 1722//1653 1819//1653
f 1819//360 1722//360 1724//360
f 1819//360 1724//360 1821//360
f 1821//3776 1724//3776 1823//3776
f 1823//360 1724//360 1726//360
f 1823//1653 1726//1653 1825//1653
f 1825//1653 1726//1653 1827//1653
f 1827//360 1726//360 1728//360
f 1827//1654 1728//1654 1829//1654
f 1829//1654 1728//1654 1831//1654
f 1831//360 1728//360 1729//360
f 1831//1654 1729//1654 1833//1654
f 1833//360 1729//360 1835//360
f 1835//360 1729//360 1731//360
f 1835//1654 1731//1654 1837//1654
f 1837//360 1731//360 1839//360
f 1839//360 1731//360 1733//360
f 1839//360 1733//360 1841//360
f 1841//360 1733//360 1659//360
f 1841//1654 1659//1654 1843//1654
f 1843//360 1659//360 1658//360
f 1843//360 1658//360 1773//360
f 1773//360 1658//360 1775//360
f 1775//360 1658//360 1672//360
f 1775//1654 1672//1654 1777//1654
f 1777//1653 1672//1653 1779//1653
f 1779//360 1672//360 1673//360
f 1779//1654 1673//1654 1781//1654
f 1781//360 1673//360 1675//360
f 1781//1654 1675//1654 1783//1654
f 1783//360 1675//360 1677//360
f 1783//360 1677//360 1785//360
f 1785//1654 1677//1654 1787//1654
f 1787//360 1677//360 1679//360
f 1787//1656 1679//1656 1789//1656
f 1789//1654 1679//1654 1791//1654
f 1791//360 1679//360 1681//360
f 1791//1654 1681//1654 1793//1654
f 1793//1654 1681//1654 1795//1654
f 1795//360 1681//360 1682//360
f 1795//1653 1682//1653 1797//1653
f 1797//1653 1682//1653 1799//1653
f 1799//360 1682//360 1684//360
f 1799//3776 1684//3776 1801//3776
f 1801//360 1684//360 1803//360
f 1803//360 1684//360 1686//360
f 1803//360 1686//360 1805//360
f 1805//360 1686//360 1688//360
f 1805//1654 1688//1654 1807//1654
f 1807//360 1688//360 1690//360
f 1807//360 1690//360 1809//360
f 1809//1653 1690//1653 1811//1653
f 1811//360 1690//360 1719//360
f 1691//360 1693//360 1717//360
f 1717//360 1693//360 1715//360
f 1715//360 1693//360 1713//360
f 1713//360 1693//360 1695//360
f 1713//360 1695//360 1711//360
f 1711//360 1695//360 1697//360
f 1711//360 1697//360 1709//360
f 1709//360 1697//360 1699//360
f 1709//1653 1699//1653 1707//1653
f 1707//1654 1699//1654 1701//1654
f 1707//1654 1701//1654 1705//1654
f 1705//1655 1701//1655 1703//1655
f 1670//360 1656//360 1668//360
f 1668//360 1656//360 1654//360
f 1668//360 1654//360 1652//360
f 1668//360 1652//360 1666//360
f 1666//360 1652//360 1650//360
f 1666//360 1650//360 1664//360
f 1664//360 1650//360 1648//360
f 1664//360 1648//360 1662//360
f 1662//360 1648//360 1646//360
f 1662//360 1646//360 1660//360
f 1660//360 1646//360 1644//360
f 879//456 2280//456 2281//456
f 1388//456 2299//456 1387//456
f 1366//456 2282//456 1365//456
f 1263//456 2373//456 1262//456
f 1262//456 2374//456 1261//456
f 1155//456 2428//456 2429//456
f 1704//1654 4082//1654 4083//1654
f 1647//360 4102//360 4103//360
f 1647//1654 4103//1654 1645//1654
f 4262//256 786//256 4263//256
f 5259//256 5260//256 5261//256
f 5261//256 5260//256 5262//256
f 5261//256 5262//256 5263//256
f 5263//256 5262//256 5264//256
f 5264//256 5262//256 5265//256
f 5265//256 5262//256 5266//256
f 5266//256 5262//256 5267//256
f 5267//256 5262//256 5268//256
f 5268//256 5262//256 5269//256
f 5268//256 5269//256 5270//256
f 5270//256 5269//256 5271//256
f 5271//256 5269//256 5272//256
f 5272//256 5269//256 5273//256
f 5273//256 5269//256 5274//256
f 5274//256 5269//256 5275//256
f 5275//256 5269//256 5276//256
f 5275//256 5276//256 5277//256
f 5277//256 5276//256 5278//256
f 5278//256 5276//256 5279//256
f 5279//256 5276//256 5280//256
f 5280//256 5276//256 5281//256
f 5281//256 5276//256 5282//256
f 5282//256 5276//256 5283//256
f 5282//256 5283//256 5284//256
f 5284//256 5283//256 5285//256
f 5285//256 5283//256 5286//256
f 5286//256 5283//256 5287//256
f 5287//256 5283//256 5288//256
f 5288//256 5283//256 5289//256
f 5289//256 5283//256 5290//256
f 5289//256 5290//256 5291//256
f 5291//256 5290//256 5292//256
f 5292//256 5290//256 5293//256
f 5293//256 5290//256 5294//256
f 5294//256 5290//256 5295//256
f 5295//256 5290//256 5296//256
f 5296//256 5290//256 5260//256
f 5296//256 5260//256 5297//256
f 5297//256 5260//256 5298//256
f 5298//256 5260//256 5299//256
f 5299//256 5260//256 5300//256
f 5300//256 5260//256 5259//256
f 4178//257 5301//257 4180//257
f 4180//257 5301//257 5302//257
f 4180//278 5302//278 4183//278
f 4183//278 5302//278 5303//278
f 4183//290 5303//290 4185//290
f 4185//290 5303//290 5304//290
f 4185//289 5304//289 4187//289
f 4187//289 5304//289 5305//289
f 4187//288 5305//288 4189//288
f 4189//288 5305//288 5306//288
f 4189//287 5306//287 4191//287
f 4191//287 5306//287 5307//287
f 4191//285 5307//285 4193//285
f 4193//285 5307//285 5308//285
f 4193//284 5308//284 4195//284
f 4195//284 5308//284 5309//284
f 4195//283 5309//283 4197//283
f 4197//283 5309//283 5310//283
f 4197//282 5310//282 4122//282
f 4122//282 5310//282 5311//282
f 4122//281 5311//281 4124//281
f 4124//281 5311//281 5312//281
f 4124//280 5312//280 4126//280
f 4126//280 5312//280 5313//280
f 4126//296 5313//296 4128//296
f 4128//296 5313//296 5314//296
f 4128//295 5314//295 4131//295
f 4131//295 5314//295 5315//295
f 4131//294 5315//294 4133//294
f 4133//294 5315//294 5316//294
f 4133//293 5316//293 4135//293
f 4135//293 5316//293 5317//293
f 4135//292 5317//292 4137//292
f 4137//292 5317//292 5318//292
f 4137//291 5318//291 4139//291
f 4139//291 5318//291 5319//291
f 4139//275 5319//275 4141//275
f 4141//275 5319//275 5320//275
f 4141//97 5320//97 4143//97
f 4143//97 5320//97 5321//97
f 4143//274 5321//274 4145//274
f 4145//274 5321//274 5322//274
f 4145//273 5322//273 4147//273
f 4147//273 5322//273 5323//273
f 4147//272 5323//272 4149//272
f 4149//272 5323//272 5324//272
f 4149//271 5324//271 4151//271
f 4151//271 5324//271 5325//271
f 4151//270 5325//270 4153//270
f 4153//270 5325//270 5326//270
f 4153//269 5326//269 4155//269
f 4155//269 5326//269 5327//269
f 4155//268 5327//268 4158//268
f 4158//268 5327//268 5328//268
f 4158//267 5328//267 4160//267
f 4160//267 5328//267 5329//267
f 4160//266 5329//266 4162//266
f 4162//266 5329//266 5330//266
f 4162//265 5330//265 4164//265
f 4164//265 5330//265 5331//265
f 4164//264 5331//264 4166//264
f 4166//264 5331//264 5332//264
f 4166//263 5332//263 4168//263
f 4168//263 5332//263 5333//263
f 4168//262 5333//262 4170//262
f 4170//262 5333//262 5334//262
f 4170//261 5334//261 4172//261
f 4172//261 5334//261 5335//261
f 4172//260 5335//260 4174//260
f 4174//260 5335//260 5336//260
f 4174//259 5336//259 4176//259
f 4176//259 5336//259 5337//259
f 4176//258 5337//258 4178//258
f 4178//258 5337//258 5301//258
f 5303//3473 5302//3473 5261//3473
f 5261//3474 5302//3474 5301//3474
f 5261//3777 5301//3777 5259//3777
f 5259//3476 5301//3476 5337//3476
f 5259//3477 5337//3477 5300//3477
f 5300//3478 5337//3478 5336//3478
f 5300//3479 5336//3479 5299//3479
f 5299//3480 5336//3480 5335//3480
f 5299//3481 5335//3481 5298//3481
f 5298//3482 5335//3482 5334//3482
f 5298//3483 5334//3483 5297//3483
f 5297//3484 5334//3484 5333//3484
f 5297//3485 5333//3485 5296//3485
f 5296//3486 5333//3486 5332//3486
f 5296//3487 5332//3487 5295//3487
f 5295//3488 5332//3488 5331//3488
f 5295//3489 5331//3489 5294//3489
f 5294//3490 5331//3490 5330//3490
f 5294//3491 5330//3491 5293//3491
f 5293//3492 5330//3492 5329//3492
f 5293//3493 5329//3493 5292//3493
f 5292//3494 5329//3494 5328//3494
f 5292//3495 5328//3495 5291//3495
f 5291//3778 5328//3778 5327//3778
f 5291//3497 5327//3497 5289//3497
f 5289//3498 5327//3498 5326//3498
f 5289//3499 5326//3499 5288//3499
f 5288//3500 5326//3500 5325//3500
f 5288//3501 5325//3501 5287//3501
f 5287//3502 5325//3502 5324//3502
f 5287//3503 5324//3503 5286//3503
f 5286//3779 5324//3779 5323//3779
f 5286//3505 5323//3505 5285//3505
f 5285//3506 5323//3506 5322//3506
f 5285//3507 5322//3507 5284//3507
f 5284//3780 5322//3780 5321//3780
f 5284//3509 5321//3509 5282//3509
f 5282//3510 5321//3510 5320//3510
f 5282//3511 5320//3511 5281//3511
f 5281//3781 5320//3781 5319//3781
f 5281//3513 5319//3513 5280//3513
f 5280//3514 5319//3514 5318//3514
f 5280//3515 5318//3515 5279//3515
f 5279//3782 5318//3782 5317//3782
f 5279//3517 5317//3517 5278//3517
f 5278//3518 5317//3518 5316//3518
f 5278//3783 5316//3783 5277//3783
f 5277//3520 5316//3520 5315//3520
f 5277//3521 5315//3521 5275//3521
f 5275//3522 5315//3522 5314//3522
f 5275//3523 5314//3523 5274//3523
f 5274//3784 5314//3784 5313//3784
f 5274//3525 5313//3525 5273//3525
f 5273//3526 5313//3526 5312//3526
f 5273//3527 5312//3527 5272//3527
f 5272//3528 5312//3528 5311//3528
f 5272//3529 5311//3529 5271//3529
f 5271//3530 5311//3530 5310//3530
f 5271//3531 5310//3531 5270//3531
f 5270//3532 5310//3532 5309//3532
f 5270//3785 5309//3785 5268//3785
f 5268//3534 5309//3534 5308//3534
f 5268//3535 5308//3535 5267//3535
f 5267//3536 5308//3536 5307//3536
f 5267//3537 5307//3537 5266//3537
f 5266//3538 5307//3538 5306//3538
f 5266//3539 5306//3539 5265//3539
f 5265//3540 5306//3540 5305//3540
f 5265//3541 5305//3541 5264//3541
f 5264//3542 5305//3542 5304//3542
f 5264//3543 5304//3543 5263//3543
f 5263//3544 5304//3544 5303//3544
f 5263//3786 5303//3786 5261//3786
f 5338//256 5339//256 5340//256
f 5340//256 5339//256 5341//256
f 5341//256 5339//256 5342//256
f 5341//256 5342//256 5343//256
f 5262//97 5260//97 5340//97
f 5340//97 5260//97 5338//97
f 5269//3472 5262//3472 5341//3472
f 5341//3472 5262//3472 5340//3472
f 5276//276 5269//276 5343//276
f 5343//276 5269//276 5341//276
f 5283//277 5276//277 5342//277
f 5342//277 5276//277 5343//277
f 5290//3471 5283//3471 5339//3471
f 5339//3471 5283//3471 5342//3471
f 5260//3470 5290//3470 5338//3470
f 5338//3470 5290//3470 5339//3470

###north_ide_processed
###lsh 0 2
###lsh 2 4
###lsh 4 6
###lsh 6 8
###lsh 8 10
###lsh 10 12
###lsh 12 14
###lsh 14 16
###lsh 16 17
###lsh 17 18
###lsh 18 20
###lsh 20 22
###lsh 22 24
###lsh 24 26
###lsh 26 28
###lsh 28 30
###lsh 30 32
###lsh 32 31
###lsh 31 29
###lsh 29 27
###lsh 27 25
###lsh 25 23
###lsh 23 21
###lsh 21 19
###lsh 19 15
###lsh 15 13
###lsh 13 11
###lsh 11 9
###lsh 9 7
###lsh 7 5
###lsh 5 3
###lsh 3 1
###lsh 1 0
###lsh 33 34
###lsh 64 66
###lsh 82 64
###lsh 66 68
###lsh 83 82
###lsh 68 70
###lsh 85 83
###lsh 70 72
###lsh 87 85
###lsh 72 74
###lsh 89 87
###lsh 91 89
###lsh 74 76
###lsh 93 91
###lsh 95 93
###lsh 76 78
###lsh 97 95
###lsh 99 97
###lsh 78 80
###lsh 101 99
###lsh 100 101
###lsh 80 79
###lsh 98 100
###lsh 96 98
###lsh 79 77
###lsh 94 96
###lsh 92 94
###lsh 77 75
###lsh 90 92
###lsh 88 90
###lsh 75 73
###lsh 86 88
###lsh 73 71
###lsh 84 86
###lsh 71 69
###lsh 81 84
###lsh 69 67
###lsh 67 65
###lsh 65 81
###lsh 102 104
###lsh 104 106
###lsh 106 108
###lsh 108 110
###lsh 110 112
###lsh 112 114
###lsh 114 116
###lsh 116 118
###lsh 118 120
###lsh 120 122
###lsh 122 121
###lsh 121 119
###lsh 119 117
###lsh 117 115
###lsh 115 113
###lsh 113 111
###lsh 111 109
###lsh 109 107
###lsh 107 105
###lsh 105 103
###lsh 103 123
###lsh 123 125
###lsh 125 127
###lsh 127 129
###lsh 129 131
###lsh 131 133
###lsh 133 135
###lsh 135 137
###lsh 137 136
###lsh 136 134
###lsh 134 132
###lsh 132 130
###lsh 130 128
###lsh 128 126
###lsh 126 124
###lsh 124 102
###lsh 139 140
###lsh 138 139
###lsh 173 138
###lsh 140 141
###lsh 172 173
###lsh 141 142
###lsh 171 172
###lsh 142 143
###lsh 170 171
###lsh 143 144
###lsh 169 170
###lsh 144 145
###lsh 168 169
###lsh 145 146
###lsh 167 168
###lsh 146 147
###lsh 166 167
###lsh 147 148
###lsh 165 166
###lsh 148 149
###lsh 164 165
###lsh 149 150
###lsh 163 164
###lsh 150 151
###lsh 162 163
###lsh 151 152
###lsh 161 162
###lsh 152 153
###lsh 160 161
###lsh 153 154
###lsh 159 160
###lsh 154 155
###lsh 158 159
###lsh 155 156
###lsh 156 157
###lsh 157 158
###lsh 210 212
###lsh 174 176
###lsh 211 210
###lsh 176 178
###lsh 214 211
###lsh 178 180
###lsh 216 214
###lsh 180 182
###lsh 218 216
###lsh 182 184
###lsh 220 218
###lsh 184 186
###lsh 222 220
###lsh 186 188
###lsh 224 222
###lsh 188 190
###lsh 226 224
###lsh 190 192
###lsh 228 226
###lsh 192 194
###lsh 230 228
###lsh 194 193
###lsh 232 230
###lsh 193 191
###lsh 234 232
###lsh 191 189
###lsh 236 234
###lsh 189 187
###lsh 238 236
###lsh 187 185
###lsh 240 238
###lsh 185 183
###lsh 242 240
###lsh 183 181
###lsh 244 242
###lsh 181 179
###lsh 245 244
###lsh 179 177
###lsh 243 245
###lsh 177 175
###lsh 241 243
###lsh 175 195
###lsh 239 241
###lsh 195 197
###lsh 237 239
###lsh 197 199
###lsh 235 237
###lsh 199 201
###lsh 233 235
###lsh 201 203
###lsh 231 233
###lsh 203 205
###lsh 229 231
###lsh 205 207
###lsh 227 229
###lsh 207 209
###lsh 225 227
###lsh 209 208
###lsh 223 225
###lsh 208 206
###lsh 221 223
###lsh 206 204
###lsh 219 221
###lsh 204 202
###lsh 217 219
###lsh 202 200
###lsh 215 217
###lsh 200 198
###lsh 213 215
###lsh 198 196
###lsh 212 213
###lsh 196 174
###lsh 284 317
###lsh 282 284
###lsh 286 282
###lsh 285 286
###lsh 288 285
###lsh 287 288
###lsh 290 287
###lsh 289 290
###lsh 292 289
###lsh 291 292
###lsh 294 291
###lsh 293 294
###lsh 296 293
###lsh 295 296
###lsh 298 295
###lsh 297 298
###lsh 300 297
###lsh 299 300
###lsh 302 299
###lsh 301 302
###lsh 304 301
###lsh 303 304
###lsh 306 303
###lsh 305 306
###lsh 308 305
###lsh 307 308
###lsh 310 307
###lsh 309 310
###lsh 312 309
###lsh 311 312
###lsh 314 311
###lsh 313 314
###lsh 316 313
###lsh 315 316
###lsh 318 315
###lsh 317 318
###lsh 355 356
###lsh 390 355
###lsh 389 390
###lsh 388 389
###lsh 387 388
###lsh 386 387
###lsh 385 386
###lsh 384 385
###lsh 383 384
###lsh 382 383
###lsh 381 382
###lsh 380 381
###lsh 379 380
###lsh 378 379
###lsh 377 378
###lsh 376 377
###lsh 375 376
###lsh 374 375
###lsh 373 374
###lsh 372 373
###lsh 371 372
###lsh 370 371
###lsh 369 370
###lsh 368 369
###lsh 367 368
###lsh 366 367
###lsh 365 366
###lsh 364 365
###lsh 363 364
###lsh 362 363
###lsh 361 362
###lsh 360 361
###lsh 359 360
###lsh 358 359
###lsh 357 358
###lsh 356 357
###lsh 392 391
###lsh 246 248
###lsh 393 392
###lsh 248 250
###lsh 394 393
###lsh 250 252
###lsh 395 394
###lsh 252 254
###lsh 396 395
###lsh 254 256
###lsh 397 396
###lsh 256 258
###lsh 398 397
###lsh 258 260
###lsh 399 398
###lsh 260 262
###lsh 400 399
###lsh 262 264
###lsh 401 400
###lsh 264 266
###lsh 402 401
###lsh 266 265
###lsh 403 402
###lsh 265 263
###lsh 404 403
###lsh 263 261
###lsh 405 404
###lsh 261 259
###lsh 406 405
###lsh 259 257
###lsh 407 406
###lsh 257 255
###lsh 408 407
###lsh 255 253
###lsh 409 408
###lsh 253 251
###lsh 410 409
###lsh 251 249
###lsh 411 410
###lsh 249 247
###lsh 412 411
###lsh 247 267
###lsh 413 412
###lsh 267 269
###lsh 414 413
###lsh 269 271
###lsh 415 414
###lsh 271 273
###lsh 416 415
###lsh 273 275
###lsh 417 416
###lsh 275 277
###lsh 418 417
###lsh 277 279
###lsh 419 418
###lsh 279 281
###lsh 420 419
###lsh 281 280
###lsh 421 420
###lsh 280 278
###lsh 422 421
###lsh 278 276
###lsh 423 422
###lsh 276 274
###lsh 424 423
###lsh 274 272
###lsh 425 424
###lsh 272 270
###lsh 426 425
###lsh 270 268
###lsh 391 426
###lsh 268 246
###lsh 427 429
###lsh 429 431
###lsh 431 433
###lsh 433 435
###lsh 435 437
###lsh 437 439
###lsh 439 441
###lsh 441 443
###lsh 443 445
###lsh 445 447
###lsh 447 446
###lsh 446 444
###lsh 444 442
###lsh 442 440
###lsh 440 438
###lsh 438 436
###lsh 436 434
###lsh 434 432
###lsh 432 430
###lsh 430 428
###lsh 428 448
###lsh 448 450
###lsh 450 452
###lsh 452 454
###lsh 454 456
###lsh 456 458
###lsh 458 460
###lsh 460 462
###lsh 462 461
###lsh 461 459
###lsh 459 457
###lsh 457 455
###lsh 455 453
###lsh 453 451
###lsh 451 449
###lsh 449 427
###lsh 464 465
###lsh 463 464
###lsh 498 463
###lsh 465 466
###lsh 497 498
###lsh 466 467
###lsh 496 497
###lsh 467 468
###lsh 495 496
###lsh 468 469
###lsh 494 495
###lsh 469 470
###lsh 493 494
###lsh 470 471
###lsh 492 493
###lsh 471 472
###lsh 491 492
###lsh 472 473
###lsh 490 491
###lsh 473 474
###lsh 489 490
###lsh 474 475
###lsh 488 489
###lsh 475 476
###lsh 487 488
###lsh 476 477
###lsh 486 487
###lsh 477 478
###lsh 485 486
###lsh 478 479
###lsh 484 485
###lsh 479 480
###lsh 483 484
###lsh 480 481
###lsh 481 482
###lsh 482 483
###lsh 500 499
###lsh 1039 1038
###lsh 1643 1641
###lsh 1641 1659
###lsh 1980 1979
###lsh 1843 1845
###lsh 1845 1846
###lsh 1846 1847
###lsh 1847 1849
###lsh 1849 1851
###lsh 1851 1853
###lsh 1853 1855
###lsh 1855 1857
###lsh 1857 1859
###lsh 1859 1861
###lsh 1861 1863
###lsh 1863 1865
###lsh 1865 1867
###lsh 1867 1869
###lsh 1869 1871
###lsh 1871 1873
###lsh 1873 1875
###lsh 1875 1877
###lsh 1877 1879
###lsh 1879 1881
###lsh 1881 1883
###lsh 1883 1885
###lsh 1885 1887
###lsh 1887 1889
###lsh 1889 1891
###lsh 1891 1893
###lsh 1893 1895
###lsh 1895 1897
###lsh 1897 1899
###lsh 1899 1901
###lsh 1901 1903
###lsh 1903 1905
###lsh 1905 1907
###lsh 1907 1909
###lsh 1909 1911
###lsh 1911 1913
###lsh 1913 1915
###lsh 1915 1917
###lsh 1917 1919
###lsh 1919 1921
###lsh 1921 1923
###lsh 1923 1925
###lsh 1925 1927
###lsh 1927 1929
###lsh 1929 1931
###lsh 1931 1933
###lsh 1933 1935
###lsh 1935 1937
###lsh 1937 1939
###lsh 1939 1941
###lsh 1941 1943
###lsh 1943 1945
###lsh 1945 1947
###lsh 1947 1949
###lsh 1949 1951
###lsh 1951 1953
###lsh 1953 1955
###lsh 1955 1957
###lsh 1957 1959
###lsh 1959 1961
###lsh 1961 1963
###lsh 1963 1965
###lsh 1965 1967
###lsh 1967 1969
###lsh 1969 1971
###lsh 1971 1973
###lsh 1973 1975
###lsh 1975 1977
###lsh 1977 1980
###lsh 1980 1845
###lsh 2053 1981
###lsh 1981 1982
###lsh 2055 1981
###lsh 2076 2078
###lsh 2075 2074
###lsh 2101 2103
###lsh 2100 2099
###lsh 2126 2128
###lsh 2125 2124
###lsh 2151 2153
###lsh 2150 2149
###lsh 2176 2178
###lsh 2175 2174
###lsh 1014 1015
###lsh 1013 1014
###lsh 1012 1013
###lsh 1011 1012
###lsh 1010 1011
###lsh 1009 1010
###lsh 1008 1009
###lsh 1007 1008
###lsh 1006 1007
###lsh 1005 1006
###lsh 1004 1005
###lsh 1003 1004
###lsh 1002 1003
###lsh 1001 1002
###lsh 1000 1001
###lsh 999 1000
###lsh 895 896
###lsh 894 895
###lsh 893 894
###lsh 892 893
###lsh 891 892
###lsh 890 891
###lsh 889 890
###lsh 888 889
###lsh 887 888
###lsh 886 887
###lsh 885 886
###lsh 884 885
###lsh 883 884
###lsh 882 883
###lsh 881 882
###lsh 880 881
###lsh 879 880
###lsh 878 879
###lsh 877 878
###lsh 876 877
###lsh 1363 1364
###lsh 1399 1363
###lsh 1398 1399
###lsh 1397 1398
###lsh 1396 1397
###lsh 1395 1396
###lsh 1394 1395
###lsh 1393 1394
###lsh 1392 1393
###lsh 1391 1392
###lsh 1390 1391
###lsh 1389 1390
###lsh 1388 1389
###lsh 1387 1388
###lsh 1385 1386
###lsh 1384 1385
###lsh 1383 1384
###lsh 2157 2153
###lsh 2282 2281
###lsh 2158 2157
###lsh 2281 2320
###lsh 2159 2158
###lsh 2320 2319
###lsh 2160 2159
###lsh 2319 2318
###lsh 2161 2160
###lsh 2318 2317
###lsh 2162 2161
###lsh 2317 2316
###lsh 2163 2162
###lsh 2316 2315
###lsh 2164 2163
###lsh 2315 2314
###lsh 2165 2164
###lsh 2314 2313
###lsh 2154 2165
###lsh 2313 2312
###lsh 2155 2154
###lsh 2312 2311
###lsh 2156 2155
###lsh 2311 2310
###lsh 2166 2156
###lsh 2310 2309
###lsh 2167 2166
###lsh 2309 2308
###lsh 2168 2167
###lsh 2308 2307
###lsh 2169 2168
###lsh 2307 2306
###lsh 2170 2169
###lsh 2306 2305
###lsh 2171 2170
###lsh 2305 2304
###lsh 2172 2171
###lsh 2304 2303
###lsh 2150 2172
###lsh 2303 2302
###lsh 2302 2301
###lsh 2301 2300
###lsh 2300 2299
###lsh 2299 2298
###lsh 2298 2297
###lsh 2297 2296
###lsh 2296 2295
###lsh 2295 2294
###lsh 2294 2293
###lsh 2293 2292
###lsh 2292 2291
###lsh 2291 2290
###lsh 2290 2289
###lsh 2289 2288
###lsh 2288 2287
###lsh 2287 2286
###lsh 2286 2285
###lsh 2285 2284
###lsh 2284 2283
###lsh 2283 2282
###lsh 1241 1242
###lsh 1277 1241
###lsh 1276 1277
###lsh 1275 1276
###lsh 1274 1275
###lsh 1273 1274
###lsh 1272 1273
###lsh 1271 1272
###lsh 1270 1271
###lsh 1269 1270
###lsh 1268 1269
###lsh 1267 1268
###lsh 1266 1267
###lsh 1265 1266
###lsh 1264 1265
###lsh 1263 1264
###lsh 1262 1263
###lsh 1243 1244
###lsh 1242 1243
###lsh 2132 2128
###lsh 2353 2352
###lsh 2133 2132
###lsh 2352 2391
###lsh 2134 2133
###lsh 2391 2390
###lsh 2135 2134
###lsh 2390 2389
###lsh 2136 2135
###lsh 2389 2388
###lsh 2137 2136
###lsh 2388 2387
###lsh 2138 2137
###lsh 2387 2386
###lsh 2139 2138
###lsh 2386 2385
###lsh 2140 2139
###lsh 2385 2384
###lsh 2129 2140
###lsh 2384 2383
###lsh 2130 2129
###lsh 2383 2382
###lsh 2131 2130
###lsh 2382 2381
###lsh 2141 2131
###lsh 2381 2380
###lsh 2142 2141
###lsh 2380 2379
###lsh 2143 2142
###lsh 2379 2378
###lsh 2144 2143
###lsh 2378 2377
###lsh 2145 2144
###lsh 2377 2376
###lsh 2146 2145
###lsh 2376 2375
###lsh 2147 2146
###lsh 2375 2374
###lsh 2125 2147
###lsh 2374 2373
###lsh 2373 2372
###lsh 2372 2371
###lsh 2371 2370
###lsh 2370 2369
###lsh 2369 2368
###lsh 2368 2367
###lsh 2367 2366
###lsh 2366 2365
###lsh 2365 2364
###lsh 2364 2363
###lsh 2363 2362
###lsh 2362 2361
###lsh 2361 2360
###lsh 2360 2359
###lsh 2359 2358
###lsh 2358 2357
###lsh 2357 2356
###lsh 2356 2355
###lsh 2355 2354
###lsh 2354 2353
###lsh 1119 1120
###lsh 1155 1119
###lsh 1154 1155
###lsh 1153 1154
###lsh 1152 1153
###lsh 1151 1152
###lsh 1150 1151
###lsh 1149 1150
###lsh 1148 1149
###lsh 1147 1148
###lsh 1146 1147
###lsh 1130 1131
###lsh 1129 1130
###lsh 1128 1129
###lsh 1127 1128
###lsh 1126 1127
###lsh 1125 1126
###lsh 1124 1125
###lsh 1123 1124
###lsh 1122 1123
###lsh 1121 1122
###lsh 1120 1121
###lsh 2067 2065
###lsh 2065 2063
###lsh 2063 2059
###lsh 2059 2058
###lsh 2058 2057
###lsh 2056 2061
###lsh 2061 2060
###lsh 2060 2062
###lsh 2062 2064
###lsh 2064 2066
###lsh 2069 2068
###lsh 2071 2070
###lsh 2070 2069
###lsh 2897 2070
###lsh 2955 2953
###lsh 2895 3005
###lsh 2069 2895
###lsh 3005 3003
###lsh 2978 2976
###lsh 2976 2974
###lsh 3001 2999
###lsh 3003 3001
###lsh 2999 2997
###lsh 2997 2995
###lsh 2995 2993
###lsh 2993 2991
###lsh 2991 2989
###lsh 2989 2987
###lsh 2987 2984
###lsh 2984 2982
###lsh 2982 2980
###lsh 2980 2978
###lsh 2974 2972
###lsh 2972 2970
###lsh 2970 2968
###lsh 2968 2966
###lsh 2966 2963
###lsh 2963 2961
###lsh 2961 2959
###lsh 2959 2957
###lsh 2957 2955
###lsh 2953 2951
###lsh 2951 2949
###lsh 2949 2947
###lsh 2947 2945
###lsh 2945 2943
###lsh 2943 2940
###lsh 2940 2938
###lsh 2938 2936
###lsh 2936 2934
###lsh 2934 2932
###lsh 2932 2930
###lsh 2930 2928
###lsh 2928 2926
###lsh 2926 2924
###lsh 2924 2922
###lsh 2922 2919
###lsh 2919 2917
###lsh 2917 2915
###lsh 2915 2913
###lsh 2913 2911
###lsh 2911 2909
###lsh 2909 2907
###lsh 2907 2905
###lsh 2905 2903
###lsh 2903 2901
###lsh 2901 2899
###lsh 2899 2897
###lsh 2068 2067
###lsh 2894 2068
###lsh 2071 2896
###lsh 2066 2071
###lsh 3006 2894
###lsh 3004 3006
###lsh 3002 3004
###lsh 3000 3002
###lsh 2998 3000
###lsh 2996 2998
###lsh 2994 2996
###lsh 2992 2994
###lsh 2990 2992
###lsh 2988 2990
###lsh 2986 2988
###lsh 2985 2986
###lsh 2983 2985
###lsh 2981 2983
###lsh 2979 2981
###lsh 2977 2979
###lsh 2975 2977
###lsh 2973 2975
###lsh 2971 2973
###lsh 2969 2971
###lsh 2967 2969
###lsh 2965 2967
###lsh 2964 2965
###lsh 2962 2964
###lsh 2960 2962
###lsh 2958 2960
###lsh 2956 2958
###lsh 2954 2956
###lsh 2952 2954
###lsh 2950 2952
###lsh 2948 2950
###lsh 2946 2948
###lsh 2944 2946
###lsh 2942 2944
###lsh 2941 2942
###lsh 2939 2941
###lsh 2937 2939
###lsh 2935 2937
###lsh 2933 2935
###lsh 2931 2933
###lsh 2929 2931
###lsh 2927 2929
###lsh 2925 2927
###lsh 2923 2925
###lsh 2921 2923
###lsh 2920 2921
###lsh 2918 2920
###lsh 2916 2918
###lsh 2914 2916
###lsh 2912 2914
###lsh 2910 2912
###lsh 2908 2910
###lsh 2906 2908
###lsh 2904 2906
###lsh 2902 2904
###lsh 2900 2902
###lsh 2898 2900
###lsh 2896 2898
###lsh 2102 2101
###lsh 2101 2099
###lsh 2057 2055
###lsh 2055 2072
###lsh 2076 2074
###lsh 2074 2073
###lsh 2077 2076
###lsh 2099 2098
###lsh 2174 2173
###lsh 2192 2174
###lsh 2189 2192
###lsh 2186 2189
###lsh 2176 2186
###lsh 2177 2176
###lsh 2054 2056
###lsh 2152 2151
###lsh 2151 2149
###lsh 2335 2336
###lsh 2336 2337
###lsh 2123 2393
###lsh 2393 2394
###lsh 2126 2124
###lsh 2124 2123
###lsh 2127 2126
###lsh 2149 2148
###lsh 2392 2127
###lsh 2148 2322
###lsh 2422 2392
###lsh 2322 2323
###lsh 2421 2422
###lsh 2323 2324
###lsh 2420 2421
###lsh 2324 2325
###lsh 2419 2420
###lsh 2325 2326
###lsh 2418 2419
###lsh 2326 2327
###lsh 2417 2418
###lsh 2327 2328
###lsh 2416 2417
###lsh 2328 2329
###lsh 2415 2416
###lsh 2329 2330
###lsh 2414 2415
###lsh 2330 2331
###lsh 2413 2414
###lsh 2331 2332
###lsh 2412 2413
###lsh 2332 2333
###lsh 2411 2412
###lsh 2333 2334
###lsh 2410 2411
###lsh 2334 2335
###lsh 2394 2395
###lsh 2395 2396
###lsh 2396 2397
###lsh 2397 2398
###lsh 2398 2399
###lsh 2399 2400
###lsh 2400 2401
###lsh 2401 2402
###lsh 2402 2403
###lsh 2403 2404
###lsh 2404 2405
###lsh 2405 2406
###lsh 2406 2407
###lsh 2407 2408
###lsh 2408 2409
###lsh 2409 2410
###lsh 2337 2338
###lsh 2338 2339
###lsh 2339 2340
###lsh 2340 2341
###lsh 2341 2342
###lsh 2342 2343
###lsh 2343 2344
###lsh 2344 2345
###lsh 2345 2346
###lsh 2346 2347
###lsh 2347 2348
###lsh 2348 2349
###lsh 2349 2350
###lsh 2350 2351
###lsh 2351 2321
###lsh 2321 2152
###lsh 2053 2054
###lsh 2052 2053
###lsh 2054 3069
###lsh 3155 2072
###lsh 1982 1983
###lsh 3154 3155
###lsh 1983 1984
###lsh 3153 3154
###lsh 1984 1985
###lsh 3152 3153
###lsh 1985 1986
###lsh 3151 3152
###lsh 1986 1987
###lsh 3150 3151
###lsh 1987 1988
###lsh 3149 3150
###lsh 1988 1989
###lsh 3148 3149
###lsh 1989 1990
###lsh 3147 3148
###lsh 1990 1991
###lsh 3146 3147
###lsh 1991 1992
###lsh 3145 3146
###lsh 1992 1993
###lsh 3144 3145
###lsh 1993 1994
###lsh 3143 3144
###lsh 1994 1995
###lsh 3142 3143
###lsh 1995 1996
###lsh 3141 3142
###lsh 1996 1997
###lsh 3140 3141
###lsh 1997 1998
###lsh 3139 3140
###lsh 1998 1999
###lsh 3138 3139
###lsh 1999 2000
###lsh 3137 3138
###lsh 2000 2001
###lsh 3136 3137
###lsh 2001 2002
###lsh 3135 3136
###lsh 2002 2003
###lsh 3134 3135
###lsh 2003 2004
###lsh 3133 3134
###lsh 2004 2005
###lsh 3132 3133
###lsh 2005 2006
###lsh 3131 3132
###lsh 2006 2007
###lsh 3130 3131
###lsh 2007 2008
###lsh 3129 3130
###lsh 2008 2009
###lsh 3128 3129
###lsh 2009 2010
###lsh 3127 3128
###lsh 2010 2011
###lsh 3126 3127
###lsh 2011 2012
###lsh 3118 3126
###lsh 2012 2013
###lsh 3119 3118
###lsh 2013 2014
###lsh 3121 3119
###lsh 2014 2015
###lsh 3122 3121
###lsh 2015 2016
###lsh 3123 3122
###lsh 2016 2017
###lsh 3124 3123
###lsh 2017 2018
###lsh 3125 3124
###lsh 2018 2019
###lsh 3101 3125
###lsh 2019 2020
###lsh 3100 3101
###lsh 2020 2021
###lsh 3099 3100
###lsh 2021 2022
###lsh 3098 3099
###lsh 2022 2023
###lsh 3097 3098
###lsh 2023 2024
###lsh 3096 3097
###lsh 2024 2025
###lsh 3095 3096
###lsh 2025 2026
###lsh 3094 3095
###lsh 2026 2027
###lsh 3093 3094
###lsh 2027 2028
###lsh 3092 3093
###lsh 2028 2029
###lsh 3091 3092
###lsh 2029 2030
###lsh 3090 3091
###lsh 2030 2031
###lsh 3089 3090
###lsh 2031 2032
###lsh 3088 3089
###lsh 2032 2033
###lsh 3087 3088
###lsh 2033 2034
###lsh 3086 3087
###lsh 2034 2035
###lsh 3085 3086
###lsh 2035 2036
###lsh 3084 3085
###lsh 2036 2037
###lsh 3083 3084
###lsh 2037 2038
###lsh 3082 3083
###lsh 2038 2039
###lsh 3081 3082
###lsh 2039 2040
###lsh 3080 3081
###lsh 2040 2041
###lsh 3079 3080
###lsh 2041 2042
###lsh 3078 3079
###lsh 2042 2043
###lsh 3077 3078
###lsh 2043 2044
###lsh 3076 3077
###lsh 2044 2045
###lsh 3075 3076
###lsh 2045 2046
###lsh 3074 3075
###lsh 2046 2047
###lsh 3073 3074
###lsh 2047 2048
###lsh 3072 3073
###lsh 2048 2049
###lsh 3071 3072
###lsh 2049 2050
###lsh 3070 3071
###lsh 2050 2051
###lsh 3069 3070
###lsh 2051 2052
###lsh 2177 3102
###lsh 2179 2178
###lsh 2454 2453
###lsh 2180 2179
###lsh 2453 2452
###lsh 2181 2180
###lsh 2452 2451
###lsh 2182 2181
###lsh 2451 2450
###lsh 2183 2182
###lsh 2450 2449
###lsh 2184 2183
###lsh 2449 2448
###lsh 2185 2184
###lsh 2448 2447
###lsh 2187 2185
###lsh 2447 2446
###lsh 2188 2187
###lsh 2446 2445
###lsh 2190 2188
###lsh 2445 2444
###lsh 2191 2190
###lsh 2444 2443
###lsh 2193 2191
###lsh 2443 2442
###lsh 2194 2193
###lsh 2442 2441
###lsh 2195 2194
###lsh 2441 2440
###lsh 2196 2195
###lsh 2440 2439
###lsh 2197 2196
###lsh 2439 2438
###lsh 2198 2197
###lsh 2438 2437
###lsh 2199 2198
###lsh 2437 2436
###lsh 2200 2199
###lsh 2436 2435
###lsh 2175 2200
###lsh 2435 2434
###lsh 2434 2433
###lsh 3156 3120
###lsh 3157 3156
###lsh 2433 2432
###lsh 3115 3157
###lsh 3116 3115
###lsh 2432 2431
###lsh 3117 3116
###lsh 2431 2430
###lsh 3158 3117
###lsh 3159 3158
###lsh 2430 2429
###lsh 3160 3159
###lsh 3161 3160
###lsh 2429 2428
###lsh 3162 3161
###lsh 3112 3162
###lsh 3113 3112
###lsh 2427 2426
###lsh 3114 3113
###lsh 2426 2425
###lsh 3163 3114
###lsh 3164 3163
###lsh 2425 2424
###lsh 3109 3164
###lsh 3110 3109
###lsh 2424 2423
###lsh 3111 3110
###lsh 3165 3111
###lsh 2423 2462
###lsh 3166 3165
###lsh 2462 2461
###lsh 3106 3166
###lsh 3107 3106
###lsh 2461 2460
###lsh 3108 3107
###lsh 2460 2459
###lsh 3167 3108
###lsh 3168 3167
###lsh 2459 2458
###lsh 3169 3168
###lsh 3170 3169
###lsh 2458 2457
###lsh 3171 3170
###lsh 2457 2456
###lsh 3103 3171
###lsh 3104 3103
###lsh 2456 2455
###lsh 3105 3104
###lsh 3102 3105
###lsh 2455 2454
###lsh 3120 2173
###lsh 2100 2122
###lsh 2203 2202
###lsh 2202 2201
###lsh 3015 3013
###lsh 2201 2240
###lsh 3017 3015
###lsh 3019 3017
###lsh 2240 2239
###lsh 3021 3019
###lsh 3023 3021
###lsh 2239 2238
###lsh 3025 3023
###lsh 2238 2237
###lsh 3027 3025
###lsh 3029 3027
###lsh 2237 2236
###lsh 3031 3029
###lsh 2236 2235
###lsh 3033 3031
###lsh 3035 3033
###lsh 2235 2234
###lsh 3037 3035
###lsh 3007 3037
###lsh 2234 2233
###lsh 3008 3007
###lsh 2233 2232
###lsh 3009 3008
###lsh 3054 3009
###lsh 2232 2231
###lsh 3055 3054
###lsh 2231 2230
###lsh 3056 3055
###lsh 3057 3056
###lsh 2230 2229
###lsh 3058 3057
###lsh 3059 3058
###lsh 2229 2228
###lsh 3060 3059
###lsh 2228 2227
###lsh 3061 3060
###lsh 3062 3061
###lsh 2227 2226
###lsh 3063 3062
###lsh 2226 2225
###lsh 3064 3063
###lsh 3065 3064
###lsh 2225 2224
###lsh 3066 3065
###lsh 3067 3066
###lsh 2224 2223
###lsh 3068 3067
###lsh 2223 2222
###lsh 2107 2103
###lsh 2222 2221
###lsh 2108 2107
###lsh 2221 2220
###lsh 2109 2108
###lsh 2220 2219
###lsh 2110 2109
###lsh 2219 2218
###lsh 2111 2110
###lsh 2218 2217
###lsh 2112 2111
###lsh 2217 2216
###lsh 2113 2112
###lsh 2216 2215
###lsh 2114 2113
###lsh 2215 2214
###lsh 2115 2114
###lsh 2214 2213
###lsh 2104 2115
###lsh 2213 2212
###lsh 2105 2104
###lsh 2212 2211
###lsh 2106 2105
###lsh 2211 2210
###lsh 2116 2106
###lsh 2210 2209
###lsh 2117 2116
###lsh 2209 2208
###lsh 2118 2117
###lsh 2208 2207
###lsh 2119 2118
###lsh 2207 2206
###lsh 2120 2119
###lsh 2206 2205
###lsh 2121 2120
###lsh 2205 2204
###lsh 2122 2121
###lsh 2204 2203
###lsh 2102 3068
###lsh 3013 2098
###lsh 2075 2097
###lsh 2243 2242
###lsh 2242 2241
###lsh 3011 3010
###lsh 2241 2280
###lsh 3039 3011
###lsh 3040 3039
###lsh 3041 3040
###lsh 3042 3041
###lsh 2279 2278
###lsh 3043 3042
###lsh 2278 2277
###lsh 3044 3043
###lsh 3045 3044
###lsh 2277 2276
###lsh 3046 3045
###lsh 2276 2275
###lsh 3047 3046
###lsh 3048 3047
###lsh 2275 2274
###lsh 3049 3048
###lsh 3050 3049
###lsh 2274 2273
###lsh 3051 3050
###lsh 2273 2272
###lsh 3052 3051
###lsh 3053 3052
###lsh 2272 2271
###lsh 3038 3053
###lsh 2271 2270
###lsh 3036 3038
###lsh 3034 3036
###lsh 2270 2269
###lsh 3032 3034
###lsh 3030 3032
###lsh 2269 2268
###lsh 3028 3030
###lsh 2268 2267
###lsh 3026 3028
###lsh 3024 3026
###lsh 2267 2266
###lsh 3022 3024
###lsh 2266 2265
###lsh 3020 3022
###lsh 3018 3020
###lsh 2265 2264
###lsh 3016 3018
###lsh 3014 3016
###lsh 2264 2263
###lsh 3012 3014
###lsh 2263 2262
###lsh 2082 2078
###lsh 2262 2261
###lsh 2083 2082
###lsh 2261 2260
###lsh 2084 2083
###lsh 2260 2259
###lsh 2085 2084
###lsh 2259 2258
###lsh 2086 2085
###lsh 2258 2257
###lsh 2087 2086
###lsh 2257 2256
###lsh 2088 2087
###lsh 2256 2255
###lsh 2089 2088
###lsh 2255 2254
###lsh 2090 2089
###lsh 2254 2253
###lsh 2079 2090
###lsh 2253 2252
###lsh 2080 2079
###lsh 2252 2251
###lsh 2081 2080
###lsh 2251 2250
###lsh 2091 2081
###lsh 2250 2249
###lsh 2092 2091
###lsh 2249 2248
###lsh 2093 2092
###lsh 2248 2247
###lsh 2094 2093
###lsh 2247 2246
###lsh 2095 2094
###lsh 2246 2245
###lsh 2096 2095
###lsh 2245 2244
###lsh 2097 2096
###lsh 2244 2243
###lsh 2077 3012
###lsh 3010 2073
###lsh 1604 1605
###lsh 1605 1606
###lsh 1606 1607
###lsh 1639 1604
###lsh 1638 1639
###lsh 1637 1638
###lsh 1636 1637
###lsh 1635 1636
###lsh 1634 1635
###lsh 1633 1634
###lsh 1632 1633
###lsh 1631 1632
###lsh 1630 1631
###lsh 1629 1630
###lsh 1628 1629
###lsh 1627 1628
###lsh 1626 1627
###lsh 1625 1626
###lsh 1624 1625
###lsh 1623 1624
###lsh 1622 1623
###lsh 1621 1622
###lsh 1620 1621
###lsh 1619 1620
###lsh 1618 1619
###lsh 1617 1618
###lsh 1616 1617
###lsh 1615 1616
###lsh 1614 1615
###lsh 1613 1614
###lsh 1612 1613
###lsh 1611 1612
###lsh 1610 1611
###lsh 1609 1610
###lsh 1608 1609
###lsh 1607 1608
###lsh 3172 3173
###lsh 3175 3172
###lsh 3179 3178
###lsh 3180 3179
###lsh 3181 3180
###lsh 3199 3198
###lsh 3200 3199
###lsh 3201 3200
###lsh 3202 3201
###lsh 3203 3202
###lsh 3204 3203
###lsh 3246 3248
###lsh 3244 3246
###lsh 3266 3264
###lsh 3269 3267
###lsh 3275 3273
###lsh 3292 3290
###lsh 3294 3292
###lsh 3296 3294
###lsh 3298 3296
###lsh 1484 1485
###lsh 1485 1486
###lsh 1486 1487
###lsh 1519 1484
###lsh 1518 1519
###lsh 1517 1518
###lsh 1516 1517
###lsh 1515 1516
###lsh 1514 1515
###lsh 1513 1514
###lsh 1512 1513
###lsh 1511 1512
###lsh 1510 1511
###lsh 1509 1510
###lsh 1508 1509
###lsh 1507 1508
###lsh 1506 1507
###lsh 1505 1506
###lsh 1504 1505
###lsh 1503 1504
###lsh 1502 1503
###lsh 1501 1502
###lsh 1500 1501
###lsh 1499 1500
###lsh 1498 1499
###lsh 1497 1498
###lsh 1496 1497
###lsh 1495 1496
###lsh 1494 1495
###lsh 1493 1494
###lsh 1492 1493
###lsh 1491 1492
###lsh 1490 1491
###lsh 1489 1490
###lsh 1488 1489
###lsh 1487 1488
###lsh 3352 3353
###lsh 3357 3356
###lsh 3359 3358
###lsh 3360 3359
###lsh 3368 3367
###lsh 3369 3368
###lsh 3370 3369
###lsh 3371 3370
###lsh 3372 3371
###lsh 3375 3374
###lsh 3376 3375
###lsh 3377 3376
###lsh 3387 3386
###lsh 3354 3387
###lsh 3436 3434
###lsh 3442 3440
###lsh 3446 3444
###lsh 3461 3459
###lsh 3472 3470
###lsh 3474 3472
###lsh 3478 3476
###lsh 3482 3480
###lsh 3483 3482
###lsh 3485 3483
###lsh 3487 3485
###lsh 509 508
###lsh 505 516
###lsh 503 505
###lsh 503 3968
###lsh 3996 3995
###lsh 3995 3972
###lsh 3997 3995
###lsh 3972 3973
###lsh 3973 3975
###lsh 3975 3977
###lsh 3977 3979
###lsh 3979 3994
###lsh 3994 3993
###lsh 3993 3992
###lsh 3992 3991
###lsh 3991 3990
###lsh 3990 3989
###lsh 3989 3981
###lsh 3981 3982
###lsh 3982 3988
###lsh 3988 3987
###lsh 3987 3986
###lsh 3986 3985
###lsh 3985 3984
###lsh 3984 3983
###lsh 3983 3980
###lsh 3980 3978
###lsh 3978 3976
###lsh 3976 3974
###lsh 3974 3971
###lsh 3971 3970
###lsh 4018 4017
###lsh 4017 4016
###lsh 4016 4044
###lsh 4044 4012
###lsh 4012 4011
###lsh 4011 4010
###lsh 4010 4043
###lsh 4043 4042
###lsh 4042 4041
###lsh 4041 4040
###lsh 4040 4015
###lsh 4015 4014
###lsh 4014 4013
###lsh 4013 4039
###lsh 4039 4038
###lsh 4038 4037
###lsh 4037 4036
###lsh 4036 4035
###lsh 4035 4034
###lsh 4034 4033
###lsh 4033 4001
###lsh 4001 4000
###lsh 4000 3999
###lsh 3999 4032
###lsh 4032 4031
###lsh 4031 4030
###lsh 4030 4029
###lsh 4029 4028
###lsh 4028 4027
###lsh 4027 4026
###lsh 4026 4025
###lsh 4025 4005
###lsh 4005 4004
###lsh 4004 4003
###lsh 4003 4024
###lsh 4024 4023
###lsh 4023 4022
###lsh 4022 4021
###lsh 4021 4020
###lsh 4020 4019
###lsh 4019 4009
###lsh 4009 4008
###lsh 4008 4007
###lsh 4007 4018
###lsh 4071 4072
###lsh 4072 4073
###lsh 1686 1684
###lsh 4073 4074
###lsh 4074 4075
###lsh 1691 1688
###lsh 4075 4076
###lsh 1693 1691
###lsh 4076 4077
###lsh 1695 1693
###lsh 4077 4078
###lsh 1697 1695
###lsh 4078 4079
###lsh 1699 1697
###lsh 4079 4080
###lsh 1701 1699
###lsh 4080 4081
###lsh 1703 1701
###lsh 4082 4083
###lsh 1705 1703
###lsh 4083 4084
###lsh 1707 1705
###lsh 4084 4085
###lsh 1709 1707
###lsh 4085 4086
###lsh 1711 1709
###lsh 4086 4087
###lsh 1713 1711
###lsh 4087 4088
###lsh 1715 1713
###lsh 4088 4089
###lsh 1717 1715
###lsh 4089 4090
###lsh 4090 4091
###lsh 4091 4092
###lsh 4092 4093
###lsh 4093 4094
###lsh 4094 4095
###lsh 4095 4096
###lsh 4096 4097
###lsh 1654 1656
###lsh 4097 4098
###lsh 1652 1654
###lsh 4098 4099
###lsh 1650 1652
###lsh 4099 4100
###lsh 1648 1650
###lsh 4100 4101
###lsh 1646 1648
###lsh 4102 4103
###lsh 1642 1644
###lsh 4103 4104
###lsh 4104 4105
###lsh 1640 1642
###lsh 4105 4106
###lsh 1660 1640
###lsh 4106 4107
###lsh 1662 1660
###lsh 4107 4108
###lsh 1664 1662
###lsh 4108 4109
###lsh 1666 1664
###lsh 4109 4110
###lsh 1668 1666
###lsh 4110 4111
###lsh 1670 1668
###lsh 4111 4112
###lsh 4112 4113
###lsh 4113 4070
###lsh 4070 4071
###lsh 511 510
###lsh 502 511
###lsh 511 4114
###lsh 4115 510
###lsh 510 509
###lsh 509 3967
###lsh 4069 4068
###lsh 3998 3997
###lsh 3997 4006
###lsh 4120 4122
###lsh 4122 4124
###lsh 4124 4126
###lsh 4126 4128
###lsh 4128 4129
###lsh 4129 4131
###lsh 4131 4133
###lsh 4133 4135
###lsh 4135 4137
###lsh 4137 4139
###lsh 4139 4141
###lsh 4141 4143
###lsh 4143 4145
###lsh 4145 4147
###lsh 4147 4149
###lsh 4149 4151
###lsh 4151 4153
###lsh 4153 4155
###lsh 4155 4156
###lsh 4156 4158
###lsh 4158 4160
###lsh 4160 4162
###lsh 4162 4164
###lsh 4164 4166
###lsh 4166 4168
###lsh 4168 4170
###lsh 4170 4172
###lsh 4172 4174
###lsh 4174 4176
###lsh 4176 4178
###lsh 4178 4180
###lsh 4180 4181
###lsh 4181 4183
###lsh 4183 4185
###lsh 4185 4187
###lsh 4187 4189
###lsh 4189 4191
###lsh 4191 4193
###lsh 4193 4195
###lsh 4195 4120
###lsh 4237 4238
###lsh 4238 4239
###lsh 4239 4240
###lsh 4240 4241
###lsh 4241 4242
###lsh 4242 4243
###lsh 4243 4244
###lsh 4244 4245
###lsh 4245 4246
###lsh 4246 4247
###lsh 4247 4248
###lsh 4248 4249
###lsh 4249 4250
###lsh 4250 4251
###lsh 4251 4252
###lsh 4252 4253
###lsh 4253 4254
###lsh 4254 4255
###lsh 4255 4256
###lsh 4256 4257
###lsh 4257 4258
###lsh 4258 4259
###lsh 4259 4260
###lsh 4260 4261
###lsh 4262 4263
###lsh 4263 4264
###lsh 4264 4265
###lsh 4265 4266
###lsh 4266 4267
###lsh 4267 4268
###lsh 4268 4269
###lsh 4269 4270
###lsh 4270 4271
###lsh 4271 4272
###lsh 4272 4273
###lsh 4273 4274
###lsh 4274 4275
###lsh 4275 4276
###lsh 4276 4237
###lsh 3996 3998
###lsh 503 3996
###lsh 504 503
###lsh 3998 4119
###lsh 3969 3968
###lsh 4117 4118
###lsh 3969 4118
###lsh 3970 3969
###lsh 4118 4068
###lsh 4068 3970
###lsh 4006 4002
###lsh 4212 4213
###lsh 4213 4214
###lsh 4002 4045
###lsh 4206 4207
###lsh 4045 4046
###lsh 4046 4047
###lsh 4047 4048
###lsh 4048 4049
###lsh 4049 4050
###lsh 4050 4051
###lsh 4051 4052
###lsh 4052 4053
###lsh 4053 4054
###lsh 4054 4055
###lsh 4055 4056
###lsh 3966 508
###lsh 4056 4057
###lsh 4057 4058
###lsh 4058 4059
###lsh 4059 4060
###lsh 4060 4061
###lsh 4061 4062
###lsh 4062 4063
###lsh 4063 4064
###lsh 4064 4065
###lsh 4065 4066
###lsh 4066 4067
###lsh 4067 4069
###lsh 4284 4285
###lsh 4285 4286
###lsh 4069 4117
###lsh 4311 4312
###lsh 4312 4313
###lsh 4117 4317
###lsh 4308 4309
###lsh 4309 4310
###lsh 4298 4299
###lsh 4299 4300
###lsh 508 504
###lsh 4198 4199
###lsh 4199 4200
###lsh 504 4119
###lsh 4228 4229
###lsh 4229 4230
###lsh 4119 4006
###lsh 4225 4226
###lsh 4226 4227
###lsh 4277 4278
###lsh 4278 4279
###lsh 4279 4280
###lsh 4280 4281
###lsh 4281 4282
###lsh 4282 4283
###lsh 4283 4284
###lsh 4286 4287
###lsh 4287 4288
###lsh 4288 4289
###lsh 4289 4290
###lsh 4290 4291
###lsh 4291 4292
###lsh 4292 4293
###lsh 4293 4294
###lsh 4294 4295
###lsh 4295 4296
###lsh 4296 4297
###lsh 4297 4298
###lsh 4300 4301
###lsh 4301 4302
###lsh 4302 4303
###lsh 4303 4304
###lsh 4304 4305
###lsh 4305 4306
###lsh 4306 4307
###lsh 4307 4308
###lsh 4310 4311
###lsh 4313 4314
###lsh 4314 4315
###lsh 4315 4316
###lsh 4316 4277
###lsh 4200 4201
###lsh 4201 4202
###lsh 4202 4203
###lsh 4203 4204
###lsh 4204 4205
###lsh 4205 4206
###lsh 4207 4208
###lsh 4208 4209
###lsh 4209 4210
###lsh 4210 4211
###lsh 4211 4212
###lsh 4214 4215
###lsh 4215 4216
###lsh 4216 4217
###lsh 4217 4218
###lsh 4218 4219
###lsh 4219 4220
###lsh 4220 4221
###lsh 4221 4222
###lsh 4222 4223
###lsh 4223 4224
###lsh 4224 4225
###lsh 4227 4228
###lsh 4230 4231
###lsh 4231 4232
###lsh 4232 4233
###lsh 4233 4234
###lsh 4234 4235
###lsh 4235 4236
###lsh 4236 4197
###lsh 4197 4198
###lsh 514 515
###lsh 4317 3968
###lsh 4116 4114
###lsh 4114 4115
###lsh 4115 3967
###lsh 3967 3966
###lsh 3966 4317
###lsh 3968 516
###lsh 4116 4318
###lsh 501 502
###lsh 502 4116
###lsh 524 505
###lsh 505 507
###lsh 516 518
###lsh 4320 516
###lsh 649 648
###lsh 647 649
###lsh 645 647
###lsh 643 645
###lsh 641 643
###lsh 639 641
###lsh 637 639
###lsh 635 637
###lsh 633 635
###lsh 628 633
###lsh 648 646
###lsh 646 644
###lsh 644 642
###lsh 642 640
###lsh 640 638
###lsh 638 636
###lsh 636 634
###lsh 634 632
###lsh 632 631
###lsh 631 630
###lsh 630 629
###lsh 629 627
###lsh 627 626
###lsh 626 625
###lsh 625 624
###lsh 624 623
###lsh 623 622
###lsh 622 620
###lsh 620 619
###lsh 619 618
###lsh 618 617
###lsh 617 615
###lsh 615 614
###lsh 614 613
###lsh 613 612
###lsh 612 611
###lsh 611 609
###lsh 609 608
###lsh 608 607
###lsh 607 606
###lsh 606 605
###lsh 605 604
###lsh 604 556
###lsh 556 555
###lsh 582 583
###lsh 555 602
###lsh 602 601
###lsh 601 600
###lsh 600 599
###lsh 599 598
###lsh 598 597
###lsh 597 596
###lsh 596 595
###lsh 595 594
###lsh 594 593
###lsh 593 592
###lsh 592 591
###lsh 591 590
###lsh 590 589
###lsh 589 588
###lsh 588 587
###lsh 587 586
###lsh 586 585
###lsh 585 584
###lsh 584 560
###lsh 560 559
###lsh 559 558
###lsh 558 563
###lsh 563 564
###lsh 564 565
###lsh 565 566
###lsh 566 568
###lsh 568 570
###lsh 570 572
###lsh 572 574
###lsh 574 576
###lsh 576 578
###lsh 578 580
###lsh 580 582
###lsh 583 581
###lsh 581 579
###lsh 579 577
###lsh 577 575
###lsh 575 573
###lsh 573 571
###lsh 571 569
###lsh 569 567
###lsh 567 562
###lsh 524 4321
###lsh 528 524
###lsh 518 665
###lsh 4322 518
###lsh 4320 4322
###lsh 507 506
###lsh 4322 4432
###lsh 1844 1843
###lsh 4432 4431
###lsh 1848 1844
###lsh 4431 4602
###lsh 1850 1848
###lsh 4602 4601
###lsh 1852 1850
###lsh 4601 4600
###lsh 1854 1852
###lsh 4600 4599
###lsh 4599 4598
###lsh 1856 1854
###lsh 4598 4597
###lsh 1858 1856
###lsh 4597 4596
###lsh 1860 1858
###lsh 4596 4595
###lsh 1862 1860
###lsh 4595 4594
###lsh 1864 1862
###lsh 4594 4593
###lsh 1866 1864
###lsh 4593 4592
###lsh 1868 1866
###lsh 4592 4591
###lsh 1870 1868
###lsh 4591 4590
###lsh 1872 1870
###lsh 4590 4589
###lsh 4589 4588
###lsh 1874 1872
###lsh 4588 4587
###lsh 1876 1874
###lsh 4587 4586
###lsh 1878 1876
###lsh 4586 4585
###lsh 1880 1878
###lsh 4585 4584
###lsh 1882 1880
###lsh 4584 4583
###lsh 1884 1882
###lsh 4583 4582
###lsh 1886 1884
###lsh 4582 4581
###lsh 1888 1886
###lsh 4581 4580
###lsh 1890 1888
###lsh 4580 4579
###lsh 1892 1890
###lsh 4579 4578
###lsh 1894 1892
###lsh 4578 4577
###lsh 1896 1894
###lsh 4577 4576
###lsh 1898 1896
###lsh 4576 4575
###lsh 1900 1898
###lsh 4575 4574
###lsh 1902 1900
###lsh 4574 4573
###lsh 1904 1902
###lsh 4573 4572
###lsh 1906 1904
###lsh 4572 4571
###lsh 1908 1906
###lsh 4571 4570
###lsh 1910 1908
###lsh 4570 4569
###lsh 1912 1910
###lsh 1914 1912
###lsh 4569 4485
###lsh 1916 1914
###lsh 4485 4486
###lsh 1918 1916
###lsh 4486 4488
###lsh 1920 1918
###lsh 4488 4490
###lsh 1922 1920
###lsh 4490 4492
###lsh 1924 1922
###lsh 4492 4494
###lsh 1926 1924
###lsh 4494 4496
###lsh 1928 1926
###lsh 4496 4498
###lsh 1930 1928
###lsh 4498 4500
###lsh 1932 1930
###lsh 4500 4502
###lsh 1934 1932
###lsh 4502 4504
###lsh 1936 1934
###lsh 4504 4506
###lsh 1938 1936
###lsh 4506 4508
###lsh 1940 1938
###lsh 4508 4510
###lsh 1942 1940
###lsh 4510 4512
###lsh 1944 1942
###lsh 4512 4514
###lsh 1946 1944
###lsh 4514 4516
###lsh 1948 1946
###lsh 4516 4518
###lsh 1950 1948
###lsh 4518 4520
###lsh 1952 1950
###lsh 4520 4522
###lsh 4522 4524
###lsh 1954 1952
###lsh 4524 4526
###lsh 1956 1954
###lsh 4526 4528
###lsh 1958 1956
###lsh 4528 4530
###lsh 1960 1958
###lsh 4530 4532
###lsh 1962 1960
###lsh 4532 4534
###lsh 1964 1962
###lsh 4534 4536
###lsh 1966 1964
###lsh 4536 4538
###lsh 1968 1966
###lsh 4538 4540
###lsh 1970 1968
###lsh 4540 4542
###lsh 4542 4544
###lsh 1972 1970
###lsh 4544 4546
###lsh 1974 1972
###lsh 4546 4548
###lsh 1976 1974
###lsh 4548 4550
###lsh 1978 1976
###lsh 4550 4552
###lsh 1979 1978
###lsh 4552 4321
###lsh 4321 507
###lsh 4319 4320
###lsh 1843 1979
###lsh 4732 4731
###lsh 666 667
###lsh 666 4731
###lsh 500 666
###lsh 4731 506
###lsh 506 500
###lsh 4319 4734
###lsh 512 514
###lsh 514 4319
###lsh 4734 4733
###lsh 513 512
###lsh 512 4734
###lsh 543 542
###lsh 4603 4604
###lsh 4663 4655
###lsh 651 650
###lsh 4705 4704
###lsh 4703 4702
###lsh 4702 4701
###lsh 4701 4700
###lsh 4700 4699
###lsh 4699 4663
###lsh 621 628
###lsh 616 621
###lsh 610 616
###lsh 650 523
###lsh 523 522
###lsh 522 551
###lsh 551 550
###lsh 550 553
###lsh 553 554
###lsh 554 603
###lsh 603 610
###lsh 562 561
###lsh 561 557
###lsh 557 552
###lsh 552 549
###lsh 549 521
###lsh 521 548
###lsh 548 547
###lsh 547 546
###lsh 545 544
###lsh 546 545
###lsh 544 543
###lsh 4604 4605
###lsh 4605 4606
###lsh 4606 4607
###lsh 4607 4608
###lsh 4608 4609
###lsh 528 4630
###lsh 529 528
###lsh 665 664
###lsh 4631 665
###lsh 4632 4631
###lsh 664 663
###lsh 4633 4632
###lsh 663 662
###lsh 4634 4633
###lsh 662 520
###lsh 4635 4634
###lsh 520 519
###lsh 4636 4635
###lsh 519 517
###lsh 4637 4636
###lsh 517 661
###lsh 4638 4637
###lsh 661 660
###lsh 4639 4638
###lsh 660 659
###lsh 4640 4639
###lsh 659 658
###lsh 4643 4640
###lsh 658 657
###lsh 4645 4643
###lsh 657 656
###lsh 4647 4645
###lsh 656 655
###lsh 4649 4647
###lsh 655 654
###lsh 4651 4649
###lsh 654 653
###lsh 4653 4651
###lsh 653 652
###lsh 4655 4653
###lsh 652 651
###lsh 4630 4629
###lsh 530 529
###lsh 4629 4628
###lsh 531 530
###lsh 4628 4627
###lsh 532 531
###lsh 4627 4626
###lsh 533 532
###lsh 4626 4625
###lsh 525 533
###lsh 4625 4624
###lsh 526 525
###lsh 4624 4623
###lsh 527 526
###lsh 4623 4622
###lsh 534 527
###lsh 4622 4621
###lsh 535 534
###lsh 4621 4620
###lsh 536 535
###lsh 4620 4619
###lsh 537 536
###lsh 4619 4618
###lsh 538 537
###lsh 4618 4617
###lsh 539 538
###lsh 4617 4616
###lsh 540 539
###lsh 4616 4615
###lsh 541 540
###lsh 4615 4603
###lsh 542 541
###lsh 667 499
###lsh 4732 667
###lsh 4733 4732
###lsh 515 513
###lsh 513 4733
###lsh 499 501
###lsh 501 4318
###lsh 4318 515
###lsh 4714 4713
###lsh 4715 4714
###lsh 4709 4715
###lsh 4710 4709
###lsh 4711 4710
###lsh 4716 4711
###lsh 4717 4716
###lsh 4718 4717
###lsh 4719 4718
###lsh 4365 4367
###lsh 4367 4369
###lsh 4369 4368
###lsh 4713 4730
###lsh 4730 4729
###lsh 4729 4728
###lsh 4728 4727
###lsh 4329 4331
###lsh 4332 4330
###lsh 4334 4332
###lsh 4335 4334
###lsh 4336 4335
###lsh 4340 4336
###lsh 4341 4340
###lsh 4342 4341
###lsh 4345 4342
###lsh 4348 4345
###lsh 4350 4348
###lsh 4351 4350
###lsh 4352 4351
###lsh 4356 4352
###lsh 4358 4356
###lsh 4360 4358
###lsh 4362 4360
###lsh 4364 4362
###lsh 4366 4364
###lsh 4722 4721
###lsh 4721 4720
###lsh 4720 4719
###lsh 4727 4726
###lsh 4726 4725
###lsh 4725 4724
###lsh 4724 4723
###lsh 4723 4698
###lsh 4698 4697
###lsh 4697 4696
###lsh 4696 4694
###lsh 4694 4692
###lsh 4692 4690
###lsh 4690 4688
###lsh 4688 4686
###lsh 4686 4684
###lsh 4684 4682
###lsh 4682 4680
###lsh 4680 4678
###lsh 4678 4676
###lsh 4676 4674
###lsh 4674 4672
###lsh 4672 4722
###lsh 4331 4333
###lsh 4333 4338
###lsh 4338 4337
###lsh 4337 4339
###lsh 4339 4344
###lsh 4344 4343
###lsh 4343 4346
###lsh 4346 4347
###lsh 4347 4349
###lsh 4349 4354
###lsh 4354 4353
###lsh 4353 4355
###lsh 4355 4357
###lsh 4357 4359
###lsh 4359 4361
###lsh 4361 4363
###lsh 4363 4365
###lsh 4368 4366
###lsh 4683 4685
###lsh 4681 4683
###lsh 4679 4681
###lsh 4677 4679
###lsh 4675 4677
###lsh 4673 4675
###lsh 4671 4673
###lsh 4670 4671
###lsh 4669 4670
###lsh 4426 4428
###lsh 4428 4430
###lsh 4430 4429
###lsh 4685 4687
###lsh 4687 4689
###lsh 4689 4691
###lsh 4691 4693
###lsh 4390 4392
###lsh 4393 4391
###lsh 4395 4393
###lsh 4396 4395
###lsh 4397 4396
###lsh 4401 4397
###lsh 4402 4401
###lsh 4403 4402
###lsh 4406 4403
###lsh 4409 4406
###lsh 4411 4409
###lsh 4412 4411
###lsh 4413 4412
###lsh 4417 4413
###lsh 4419 4417
###lsh 4421 4419
###lsh 4423 4421
###lsh 4425 4423
###lsh 4427 4425
###lsh 4666 4667
###lsh 4667 4668
###lsh 4668 4669
###lsh 4693 4695
###lsh 4695 4712
###lsh 4712 4641
###lsh 4641 4642
###lsh 4642 4644
###lsh 4644 4646
###lsh 4646 4648
###lsh 4648 4650
###lsh 4650 4652
###lsh 4652 4654
###lsh 4654 4656
###lsh 4656 4657
###lsh 4657 4658
###lsh 4658 4659
###lsh 4659 4660
###lsh 4660 4661
###lsh 4661 4662
###lsh 4662 4664
###lsh 4664 4665
###lsh 4665 4666
###lsh 4392 4394
###lsh 4394 4399
###lsh 4399 4398
###lsh 4398 4400
###lsh 4400 4405
###lsh 4405 4404
###lsh 4404 4407
###lsh 4407 4408
###lsh 4408 4410
###lsh 4410 4415
###lsh 4415 4414
###lsh 4414 4416
###lsh 4416 4418
###lsh 4418 4420
###lsh 4420 4422
###lsh 4422 4424
###lsh 4424 4426
###lsh 4429 4427
###lsh 3427 3425
###lsh 3429 3427
###lsh 3430 3429
###lsh 3494 3430
###lsh 3492 3494
###lsh 3490 3492
###lsh 3488 3490
###lsh 3486 3488
###lsh 3484 3486
###lsh 3481 3484
###lsh 3479 3481
###lsh 3477 3479
###lsh 3475 3477
###lsh 3473 3475
###lsh 3471 3473
###lsh 3469 3471
###lsh 3467 3469
###lsh 3465 3467
###lsh 3464 3465
###lsh 3462 3464
###lsh 3460 3462
###lsh 3458 3460
###lsh 3456 3458
###lsh 3454 3456
###lsh 3452 3454
###lsh 3450 3452
###lsh 3448 3450
###lsh 3445 3448
###lsh 3443 3445
###lsh 3441 3443
###lsh 3439 3441
###lsh 3437 3439
###lsh 3435 3437
###lsh 3433 3435
###lsh 3431 3433
###lsh 3425 3431
###lsh 3247 3245
###lsh 3249 3247
###lsh 3250 3249
###lsh 3314 3250
###lsh 3312 3314
###lsh 3310 3312
###lsh 3308 3310
###lsh 3306 3308
###lsh 3304 3306
###lsh 3301 3304
###lsh 3299 3301
###lsh 3297 3299
###lsh 3295 3297
###lsh 3293 3295
###lsh 3291 3293
###lsh 3289 3291
###lsh 3287 3289
###lsh 3285 3287
###lsh 3284 3285
###lsh 3282 3284
###lsh 3280 3282
###lsh 3278 3280
###lsh 3276 3278
###lsh 3274 3276
###lsh 3272 3274
###lsh 3270 3272
###lsh 3268 3270
###lsh 3265 3268
###lsh 3263 3265
###lsh 3261 3263
###lsh 3259 3261
###lsh 3257 3259
###lsh 3255 3257
###lsh 3253 3255
###lsh 3251 3253
###lsh 3245 3251
###lsh 1403 1401
###lsh 1405 1404
###lsh 1407 1406
###lsh 1409 1408
###lsh 1411 1410
###lsh 1400 1402
###lsh 1402 1403
###lsh 1411 1402
###lsh 1409 1411
###lsh 1403 1405
###lsh 1405 1407
###lsh 1407 1409
###lsh 1414 1412
###lsh 1416 1414
###lsh 1418 1416
###lsh 1424 1422
###lsh 1426 1424
###lsh 1428 1426
###lsh 1430 1428
###lsh 1432 1430
###lsh 1434 1432
###lsh 1436 1434
###lsh 1438 1436
###lsh 1440 1438
###lsh 1442 1440
###lsh 1444 1442
###lsh 1446 1444
###lsh 1448 1446
###lsh 1450 1448
###lsh 1452 1450
###lsh 1454 1452
###lsh 1456 1454
###lsh 1458 1456
###lsh 1460 1458
###lsh 1462 1460
###lsh 1464 1462
###lsh 1466 1464
###lsh 1468 1466
###lsh 1470 1468
###lsh 1472 1470
###lsh 1474 1472
###lsh 1476 1474
###lsh 1478 1476
###lsh 1480 1478
###lsh 1482 1480
###lsh 1412 1482
###lsh 1418 1420
###lsh 1420 1422
###lsh 1415 1413
###lsh 1400 1410
###lsh 1417 1415
###lsh 1419 1417
###lsh 1421 1419
###lsh 1423 1421
###lsh 1425 1423
###lsh 1427 1425
###lsh 1410 1408
###lsh 1429 1427
###lsh 1431 1429
###lsh 1433 1431
###lsh 1435 1433
###lsh 1437 1435
###lsh 1439 1437
###lsh 1408 1406
###lsh 1441 1439
###lsh 1443 1441
###lsh 1445 1443
###lsh 1447 1445
###lsh 1449 1447
###lsh 1451 1449
###lsh 1406 1404
###lsh 1453 1451
###lsh 1455 1453
###lsh 1457 1455
###lsh 1459 1457
###lsh 1461 1459
###lsh 1463 1461
###lsh 1404 1401
###lsh 1465 1463
###lsh 1467 1465
###lsh 1469 1467
###lsh 1471 1469
###lsh 1473 1471
###lsh 1475 1473
###lsh 1401 1400
###lsh 1477 1475
###lsh 1479 1477
###lsh 1481 1479
###lsh 1483 1481
###lsh 1413 1483
###lsh 1523 1521
###lsh 1525 1524
###lsh 1527 1526
###lsh 1529 1528
###lsh 1531 1530
###lsh 1520 1522
###lsh 1522 1523
###lsh 1531 1522
###lsh 1529 1531
###lsh 1523 1525
###lsh 1525 1527
###lsh 1527 1529
###lsh 1534 1532
###lsh 1536 1534
###lsh 1538 1536
###lsh 1542 1540
###lsh 1544 1542
###lsh 1546 1544
###lsh 1548 1546
###lsh 1554 1552
###lsh 1558 1556
###lsh 1560 1558
###lsh 1562 1560
###lsh 1564 1562
###lsh 1566 1564
###lsh 1568 1566
###lsh 1570 1568
###lsh 1572 1570
###lsh 1574 1572
###lsh 1576 1574
###lsh 1578 1576
###lsh 1580 1578
###lsh 1582 1580
###lsh 1584 1582
###lsh 1586 1584
###lsh 1588 1586
###lsh 1590 1588
###lsh 1596 1594
###lsh 1598 1596
###lsh 1600 1598
###lsh 1602 1600
###lsh 1532 1602
###lsh 1538 1540
###lsh 1548 1550
###lsh 1550 1552
###lsh 1554 1556
###lsh 1590 1592
###lsh 1592 1594
###lsh 1535 1533
###lsh 1520 1530
###lsh 1537 1535
###lsh 1539 1537
###lsh 1541 1539
###lsh 1543 1541
###lsh 1545 1543
###lsh 1547 1545
###lsh 1530 1528
###lsh 1549 1547
###lsh 1551 1549
###lsh 1553 1551
###lsh 1555 1553
###lsh 1557 1555
###lsh 1559 1557
###lsh 1528 1526
###lsh 1561 1559
###lsh 1563 1561
###lsh 1565 1563
###lsh 1567 1565
###lsh 1569 1567
###lsh 1571 1569
###lsh 1526 1524
###lsh 1573 1571
###lsh 1575 1573
###lsh 1577 1575
###lsh 1579 1577
###lsh 1581 1579
###lsh 1583 1581
###lsh 1524 1521
###lsh 1585 1583
###lsh 1587 1585
###lsh 1589 1587
###lsh 1591 1589
###lsh 1593 1591
###lsh 1595 1593
###lsh 1521 1520
###lsh 1597 1595
###lsh 1599 1597
###lsh 1601 1599
###lsh 1603 1601
###lsh 1533 1603
###lsh 3173 3174
###lsh 3176 3175
###lsh 3177 3176
###lsh 3178 3177
###lsh 3182 3181
###lsh 3183 3182
###lsh 3184 3183
###lsh 3185 3184
###lsh 3186 3185
###lsh 3187 3186
###lsh 3188 3187
###lsh 3189 3188
###lsh 3190 3189
###lsh 3191 3190
###lsh 3192 3191
###lsh 3193 3192
###lsh 3194 3193
###lsh 3195 3194
###lsh 3196 3195
###lsh 3197 3196
###lsh 3198 3197
###lsh 3205 3204
###lsh 3206 3205
###lsh 3207 3206
###lsh 3174 3207
###lsh 3252 3244
###lsh 3254 3252
###lsh 3256 3254
###lsh 3258 3256
###lsh 3260 3258
###lsh 3262 3260
###lsh 3264 3262
###lsh 3267 3266
###lsh 3271 3269
###lsh 3273 3271
###lsh 3277 3275
###lsh 3279 3277
###lsh 3281 3279
###lsh 3283 3281
###lsh 3286 3283
###lsh 3288 3286
###lsh 3290 3288
###lsh 3300 3298
###lsh 3302 3300
###lsh 3303 3302
###lsh 3305 3303
###lsh 3307 3305
###lsh 3309 3307
###lsh 3311 3309
###lsh 3313 3311
###lsh 3315 3313
###lsh 3248 3315
###lsh 3353 3354
###lsh 3355 3352
###lsh 3356 3355
###lsh 3358 3357
###lsh 3361 3360
###lsh 3362 3361
###lsh 3363 3362
###lsh 3364 3363
###lsh 3365 3364
###lsh 3366 3365
###lsh 3367 3366
###lsh 3373 3372
###lsh 3374 3373
###lsh 3378 3377
###lsh 3379 3378
###lsh 3380 3379
###lsh 3381 3380
###lsh 3382 3381
###lsh 3383 3382
###lsh 3384 3383
###lsh 3385 3384
###lsh 3386 3385
###lsh 3426 3428
###lsh 3424 3426
###lsh 3432 3424
###lsh 3434 3432
###lsh 3438 3436
###lsh 3440 3438
###lsh 3444 3442
###lsh 3447 3446
###lsh 3449 3447
###lsh 3451 3449
###lsh 3453 3451
###lsh 3455 3453
###lsh 3457 3455
###lsh 3459 3457
###lsh 3463 3461
###lsh 3466 3463
###lsh 3468 3466
###lsh 3470 3468
###lsh 3476 3474
###lsh 3480 3478
###lsh 3489 3487
###lsh 3491 3489
###lsh 3493 3491
###lsh 3495 3493
###lsh 3428 3495
###lsh 3326 3325
###lsh 3325 3324
###lsh 3327 3326
###lsh 3328 3327
###lsh 3329 3328
###lsh 3330 3329
###lsh 3331 3330
###lsh 3332 3331
###lsh 3333 3332
###lsh 3334 3333
###lsh 3335 3334
###lsh 3336 3335
###lsh 3337 3336
###lsh 3338 3337
###lsh 3339 3338
###lsh 3340 3339
###lsh 3341 3340
###lsh 3342 3341
###lsh 3343 3342
###lsh 3344 3343
###lsh 3345 3344
###lsh 3346 3345
###lsh 3347 3346
###lsh 3348 3347
###lsh 3349 3348
###lsh 3350 3349
###lsh 3351 3350
###lsh 3316 3351
###lsh 3317 3316
###lsh 3318 3317
###lsh 3319 3318
###lsh 3320 3319
###lsh 3321 3320
###lsh 3322 3321
###lsh 3323 3322
###lsh 3324 3323
###lsh 3408 3407
###lsh 3407 3406
###lsh 3409 3408
###lsh 3410 3409
###lsh 3411 3410
###lsh 3412 3411
###lsh 3413 3412
###lsh 3414 3413
###lsh 3415 3414
###lsh 3416 3415
###lsh 3417 3416
###lsh 3418 3417
###lsh 3419 3418
###lsh 3420 3419
###lsh 3421 3420
###lsh 3422 3421
###lsh 3423 3422
###lsh 3388 3423
###lsh 3389 3388
###lsh 3390 3389
###lsh 3391 3390
###lsh 3392 3391
###lsh 3393 3392
###lsh 3394 3393
###lsh 3395 3394
###lsh 3396 3395
###lsh 3397 3396
###lsh 3398 3397
###lsh 3399 3398
###lsh 3400 3399
###lsh 3401 3400
###lsh 3402 3401
###lsh 3403 3402
###lsh 3404 3403
###lsh 3405 3404
###lsh 3406 3405
###lsh 3524 3523
###lsh 3523 3522
###lsh 3525 3524
###lsh 3526 3525
###lsh 3527 3526
###lsh 3528 3527
###lsh 3529 3528
###lsh 3530 3529
###lsh 3531 3530
###lsh 3496 3531
###lsh 3497 3496
###lsh 3498 3497
###lsh 3499 3498
###lsh 3500 3499
###lsh 3501 3500
###lsh 3502 3501
###lsh 3503 3502
###lsh 3504 3503
###lsh 3505 3504
###lsh 3506 3505
###lsh 3507 3506
###lsh 3508 3507
###lsh 3509 3508
###lsh 3510 3509
###lsh 3511 3510
###lsh 3512 3511
###lsh 3513 3512
###lsh 3514 3513
###lsh 3515 3514
###lsh 3516 3515
###lsh 3517 3516
###lsh 3518 3517
###lsh 3519 3518
###lsh 3520 3519
###lsh 3521 3520
###lsh 3522 3521
###lsh 3242 3241
###lsh 3210 3209
###lsh 3209 3208
###lsh 3211 3210
###lsh 3212 3211
###lsh 3213 3212
###lsh 3214 3213
###lsh 3215 3214
###lsh 3216 3215
###lsh 3217 3216
###lsh 3218 3217
###lsh 3219 3218
###lsh 3220 3219
###lsh 3221 3220
###lsh 3222 3221
###lsh 3223 3222
###lsh 3224 3223
###lsh 3225 3224
###lsh 3226 3225
###lsh 3227 3226
###lsh 3228 3227
###lsh 3229 3228
###lsh 3230 3229
###lsh 3231 3230
###lsh 3232 3231
###lsh 3233 3232
###lsh 3234 3233
###lsh 3235 3234
###lsh 3236 3235
###lsh 3237 3236
###lsh 3238 3237
###lsh 3239 3238
###lsh 3240 3239
###lsh 3241 3240
###lsh 3208 3243
###lsh 3243 3242
###lsh 3532 3533
###lsh 3633 3634
###lsh 3534 3532
###lsh 3634 3635
###lsh 3535 3534
###lsh 3635 3636
###lsh 3536 3535
###lsh 3636 3637
###lsh 3537 3536
###lsh 3637 3638
###lsh 3538 3537
###lsh 3638 3639
###lsh 3539 3538
###lsh 3639 3640
###lsh 3540 3539
###lsh 3640 3641
###lsh 3541 3540
###lsh 3641 3642
###lsh 3642 3643
###lsh 3554 3541
###lsh 3557 3554
###lsh 3643 3644
###lsh 3558 3557
###lsh 3644 3645
###lsh 3559 3558
###lsh 3645 3646
###lsh 3560 3559
###lsh 3646 3647
###lsh 3561 3560
###lsh 3647 3648
###lsh 3562 3561
###lsh 3648 3649
###lsh 3563 3562
###lsh 3649 3650
###lsh 3564 3563
###lsh 3650 3651
###lsh 3565 3564
###lsh 3651 3652
###lsh 3652 3653
###lsh 3578 3565
###lsh 3581 3578
###lsh 3653 3654
###lsh 3582 3581
###lsh 3654 3655
###lsh 3583 3582
###lsh 3655 3656
###lsh 3584 3583
###lsh 3656 3657
###lsh 3585 3584
###lsh 3657 3658
###lsh 3586 3585
###lsh 3658 3659
###lsh 3587 3586
###lsh 3659 3660
###lsh 3588 3587
###lsh 3660 3661
###lsh 3589 3588
###lsh 3661 3662
###lsh 3662 3663
###lsh 3604 3589
###lsh 3607 3604
###lsh 3663 3664
###lsh 3608 3607
###lsh 3664 3665
###lsh 3609 3608
###lsh 3665 3666
###lsh 3610 3609
###lsh 3666 3667
###lsh 3611 3610
###lsh 3667 3668
###lsh 3612 3611
###lsh 3668 3669
###lsh 3613 3612
###lsh 3669 3670
###lsh 3614 3613
###lsh 3670 3671
###lsh 3615 3614
###lsh 3671 3672
###lsh 3672 3633
###lsh 3533 3615
###lsh 3556 3555
###lsh 3555 3632
###lsh 3632 3577
###lsh 3577 3576
###lsh 3576 3575
###lsh 3575 3574
###lsh 3574 3573
###lsh 3573 3572
###lsh 3572 3571
###lsh 3571 3570
###lsh 3570 3569
###lsh 3569 3568
###lsh 3568 3567
###lsh 3567 3566
###lsh 3566 3580
###lsh 3580 3579
###lsh 3579 3631
###lsh 3631 3602
###lsh 3602 3601
###lsh 3601 3600
###lsh 3600 3599
###lsh 3599 3598
###lsh 3598 3597
###lsh 3597 3596
###lsh 3596 3595
###lsh 3595 3594
###lsh 3594 3593
###lsh 3593 3592
###lsh 3592 3591
###lsh 3591 3590
###lsh 3590 3603
###lsh 3603 3605
###lsh 3605 3606
###lsh 3606 3627
###lsh 3627 3626
###lsh 3626 3625
###lsh 3625 3624
###lsh 3624 3623
###lsh 3623 3622
###lsh 3622 3621
###lsh 3621 3620
###lsh 3620 3619
###lsh 3619 3618
###lsh 3618 3617
###lsh 3617 3616
###lsh 3616 3629
###lsh 3629 3628
###lsh 3628 3630
###lsh 3630 3553
###lsh 3553 3552
###lsh 3552 3551
###lsh 3551 3550
###lsh 3550 3549
###lsh 3549 3548
###lsh 3548 3547
###lsh 3547 3546
###lsh 3546 3545
###lsh 3545 3544
###lsh 3544 3543
###lsh 3543 3542
###lsh 3542 3556
###lsh 3850 3848
###lsh 3848 3846
###lsh 3673 3675
###lsh 3846 3844
###lsh 3785 3673
###lsh 3844 3842
###lsh 3783 3785
###lsh 3842 3840
###lsh 3781 3783
###lsh 3840 3838
###lsh 3779 3781
###lsh 3838 3836
###lsh 3777 3779
###lsh 3836 3834
###lsh 3775 3777
###lsh 3834 3832
###lsh 3773 3775
###lsh 3832 3830
###lsh 3771 3773
###lsh 3830 3828
###lsh 3769 3771
###lsh 3828 3826
###lsh 3767 3769
###lsh 3826 3824
###lsh 3765 3767
###lsh 3824 3822
###lsh 3763 3765
###lsh 3822 3820
###lsh 3761 3763
###lsh 3820 3818
###lsh 3759 3761
###lsh 3818 3816
###lsh 3757 3759
###lsh 3816 3814
###lsh 3755 3757
###lsh 3814 3812
###lsh 3753 3755
###lsh 3812 3810
###lsh 3751 3753
###lsh 3810 3808
###lsh 3749 3751
###lsh 3808 3806
###lsh 3747 3749
###lsh 3806 3804
###lsh 3745 3747
###lsh 3804 3802
###lsh 3743 3745
###lsh 3802 3800
###lsh 3741 3743
###lsh 3800 3798
###lsh 3739 3741
###lsh 3798 3796
###lsh 3737 3739
###lsh 3796 3794
###lsh 3735 3737
###lsh 3794 3792
###lsh 3733 3735
###lsh 3792 3790
###lsh 3790 3788
###lsh 3731 3733
###lsh 3788 3904
###lsh 3729 3731
###lsh 3904 3902
###lsh 3727 3729
###lsh 3902 3900
###lsh 3725 3727
###lsh 3900 3898
###lsh 3723 3725
###lsh 3898 3896
###lsh 3721 3723
###lsh 3896 3894
###lsh 3719 3721
###lsh 3894 3892
###lsh 3717 3719
###lsh 3892 3890
###lsh 3715 3717
###lsh 3890 3888
###lsh 3713 3715
###lsh 3888 3886
###lsh 3711 3713
###lsh 3886 3884
###lsh 3709 3711
###lsh 3884 3882
###lsh 3707 3709
###lsh 3882 3880
###lsh 3705 3707
###lsh 3880 3878
###lsh 3703 3705
###lsh 3878 3876
###lsh 3701 3703
###lsh 3876 3874
###lsh 3699 3701
###lsh 3874 3872
###lsh 3697 3699
###lsh 3872 3870
###lsh 3695 3697
###lsh 3870 3868
###lsh 3693 3695
###lsh 3868 3866
###lsh 3691 3693
###lsh 3866 3864
###lsh 3689 3691
###lsh 3864 3862
###lsh 3687 3689
###lsh 3862 3860
###lsh 3685 3687
###lsh 3860 3858
###lsh 3683 3685
###lsh 3858 3856
###lsh 3681 3683
###lsh 3856 3854
###lsh 3679 3681
###lsh 3854 3852
###lsh 3677 3679
###lsh 3852 3850
###lsh 3675 3677
###lsh 3789 3791
###lsh 3905 3906
###lsh 3906 3907
###lsh 3965 3905
###lsh 3791 3793
###lsh 3964 3965
###lsh 3793 3795
###lsh 3963 3964
###lsh 3795 3797
###lsh 3962 3963
###lsh 3797 3799
###lsh 3961 3962
###lsh 3799 3801
###lsh 3960 3961
###lsh 3801 3803
###lsh 3959 3960
###lsh 3803 3805
###lsh 3958 3959
###lsh 3805 3807
###lsh 3957 3958
###lsh 3807 3809
###lsh 3956 3957
###lsh 3809 3811
###lsh 3955 3956
###lsh 3811 3813
###lsh 3954 3955
###lsh 3813 3815
###lsh 3953 3954
###lsh 3815 3817
###lsh 3952 3953
###lsh 3817 3819
###lsh 3951 3952
###lsh 3819 3821
###lsh 3950 3951
###lsh 3821 3823
###lsh 3949 3950
###lsh 3823 3825
###lsh 3948 3949
###lsh 3825 3827
###lsh 3947 3948
###lsh 3827 3829
###lsh 3946 3947
###lsh 3829 3831
###lsh 3945 3946
###lsh 3831 3833
###lsh 3944 3945
###lsh 3833 3835
###lsh 3943 3944
###lsh 3835 3837
###lsh 3942 3943
###lsh 3837 3839
###lsh 3941 3942
###lsh 3839 3841
###lsh 3940 3941
###lsh 3841 3843
###lsh 3939 3940
###lsh 3843 3845
###lsh 3938 3939
###lsh 3845 3847
###lsh 3937 3938
###lsh 3847 3849
###lsh 3936 3937
###lsh 3935 3936
###lsh 3849 3851
###lsh 3934 3935
###lsh 3851 3853
###lsh 3933 3934
###lsh 3853 3855
###lsh 3932 3933
###lsh 3855 3857
###lsh 3931 3932
###lsh 3857 3859
###lsh 3930 3931
###lsh 3859 3861
###lsh 3929 3930
###lsh 3861 3863
###lsh 3928 3929
###lsh 3863 3865
###lsh 3927 3928
###lsh 3865 3867
###lsh 3926 3927
###lsh 3867 3869
###lsh 3925 3926
###lsh 3869 3871
###lsh 3924 3925
###lsh 3871 3873
###lsh 3923 3924
###lsh 3873 3875
###lsh 3922 3923
###lsh 3875 3877
###lsh 3921 3922
###lsh 3877 3879
###lsh 3920 3921
###lsh 3879 3881
###lsh 3919 3920
###lsh 3881 3883
###lsh 3918 3919
###lsh 3883 3885
###lsh 3917 3918
###lsh 3885 3887
###lsh 3916 3917
###lsh 3887 3889
###lsh 3915 3916
###lsh 3889 3891
###lsh 3914 3915
###lsh 3891 3893
###lsh 3913 3914
###lsh 3893 3895
###lsh 3912 3913
###lsh 3895 3897
###lsh 3911 3912
###lsh 3897 3899
###lsh 3910 3911
###lsh 3899 3901
###lsh 3909 3910
###lsh 3901 3903
###lsh 3908 3909
###lsh 3903 3787
###lsh 3907 3908
###lsh 3787 3789
###lsh 3676 3674
###lsh 3678 3676
###lsh 3680 3678
###lsh 3674 3786
###lsh 3682 3680
###lsh 3786 3784
###lsh 3684 3682
###lsh 3784 3782
###lsh 3686 3684
###lsh 3782 3780
###lsh 3688 3686
###lsh 3780 3778
###lsh 3690 3688
###lsh 3778 3776
###lsh 3692 3690
###lsh 3776 3774
###lsh 3694 3692
###lsh 3774 3772
###lsh 3696 3694
###lsh 3772 3770
###lsh 3698 3696
###lsh 3770 3768
###lsh 3700 3698
###lsh 3768 3766
###lsh 3702 3700
###lsh 3766 3764
###lsh 3704 3702
###lsh 3764 3762
###lsh 3706 3704
###lsh 3762 3760
###lsh 3708 3706
###lsh 3760 3758
###lsh 3710 3708
###lsh 3758 3756
###lsh 3712 3710
###lsh 3756 3754
###lsh 3714 3712
###lsh 3754 3752
###lsh 3716 3714
###lsh 3752 3750
###lsh 3718 3716
###lsh 3750 3748
###lsh 3720 3718
###lsh 3748 3746
###lsh 3722 3720
###lsh 3746 3744
###lsh 3724 3722
###lsh 3744 3742
###lsh 3726 3724
###lsh 3742 3740
###lsh 3728 3726
###lsh 3740 3738
###lsh 3730 3728
###lsh 3738 3736
###lsh 3732 3730
###lsh 3736 3734
###lsh 3734 3732
###lsh 5386 5385
###lsh 5343 5345
###lsh 5387 5386
###lsh 5345 5347
###lsh 5388 5387
###lsh 5347 5348
###lsh 5389 5388
###lsh 5348 5349
###lsh 5390 5389
###lsh 5349 5350
###lsh 5391 5390
###lsh 5350 5351
###lsh 5392 5391
###lsh 5351 5352
###lsh 5393 5392
###lsh 5352 5354
###lsh 5394 5393
###lsh 5354 5355
###lsh 5395 5394
###lsh 5355 5356
###lsh 5396 5395
###lsh 5356 5357
###lsh 5397 5396
###lsh 5357 5358
###lsh 5398 5397
###lsh 5358 5359
###lsh 5399 5398
###lsh 5359 5361
###lsh 5400 5399
###lsh 5361 5362
###lsh 5401 5400
###lsh 5362 5363
###lsh 5402 5401
###lsh 5363 5364
###lsh 5403 5402
###lsh 5364 5365
###lsh 5404 5403
###lsh 5365 5366
###lsh 5405 5404
###lsh 5366 5368
###lsh 5406 5405
###lsh 5368 5369
###lsh 5407 5406
###lsh 5369 5370
###lsh 5408 5407
###lsh 5370 5371
###lsh 5409 5408
###lsh 5371 5372
###lsh 5410 5409
###lsh 5372 5373
###lsh 5411 5410
###lsh 5373 5375
###lsh 5412 5411
###lsh 5375 5376
###lsh 5413 5412
###lsh 5376 5377
###lsh 5414 5413
###lsh 5377 5378
###lsh 5415 5414
###lsh 5378 5379
###lsh 5416 5415
###lsh 5379 5380
###lsh 5417 5416
###lsh 5380 5381
###lsh 5418 5417
###lsh 5381 5382
###lsh 5419 5418
###lsh 5382 5383
###lsh 5420 5419
###lsh 5383 5384
###lsh 5385 5420
###lsh 5384 5343
###lsh 5346 5344
###lsh 5421 5423
###lsh 5353 5346
###lsh 5346 5423
###lsh 5423 5424
###lsh 5360 5353
###lsh 5353 5424
###lsh 5424 5426
###lsh 5367 5360
###lsh 5360 5426
###lsh 5426 5425
###lsh 5374 5367
###lsh 5367 5425
###lsh 5425 5422
###lsh 5344 5374
###lsh 5421 5344
###lsh 5374 5422
###lsh 5422 5421
###lsh 5470 5469
###lsh 5427 5429
###lsh 5471 5470
###lsh 5429 5431
###lsh 5472 5471
###lsh 5431 5432
###lsh 5473 5472
###lsh 5432 5433
###lsh 5474 5473
###lsh 5433 5434
###lsh 5475 5474
###lsh 5434 5435
###lsh 5476 5475
###lsh 5435 5436
###lsh 5477 5476
###lsh 5436 5438
###lsh 5478 5477
###lsh 5438 5439
###lsh 5479 5478
###lsh 5439 5440
###lsh 5480 5479
###lsh 5440 5441
###lsh 5481 5480
###lsh 5441 5442
###lsh 5482 5481
###lsh 5442 5443
###lsh 5483 5482
###lsh 5443 5445
###lsh 5484 5483
###lsh 5445 5446
###lsh 5485 5484
###lsh 5446 5447
###lsh 5486 5485
###lsh 5447 5448
###lsh 5487 5486
###lsh 5448 5449
###lsh 5488 5487
###lsh 5449 5450
###lsh 5489 5488
###lsh 5450 5452
###lsh 5490 5489
###lsh 5452 5453
###lsh 5491 5490
###lsh 5453 5454
###lsh 5492 5491
###lsh 5454 5455
###lsh 5493 5492
###lsh 5455 5456
###lsh 5494 5493
###lsh 5456 5457
###lsh 5495 5494
###lsh 5457 5459
###lsh 5496 5495
###lsh 5459 5460
###lsh 5497 5496
###lsh 5460 5461
###lsh 5498 5497
###lsh 5461 5462
###lsh 5499 5498
###lsh 5462 5463
###lsh 5500 5499
###lsh 5463 5464
###lsh 5501 5500
###lsh 5464 5465
###lsh 5502 5501
###lsh 5465 5466
###lsh 5503 5502
###lsh 5466 5467
###lsh 5504 5503
###lsh 5467 5468
###lsh 5469 5504
###lsh 5468 5427
###lsh 5430 5428
###lsh 5505 5507
###lsh 5437 5430
###lsh 5430 5507
###lsh 5507 5508
###lsh 5444 5437
###lsh 5437 5508
###lsh 5508 5510
###lsh 5451 5444
###lsh 5444 5510
###lsh 5510 5509
###lsh 5458 5451
###lsh 5451 5509
###lsh 5509 5506
###lsh 5428 5458
###lsh 5505 5428
###lsh 5458 5506
###lsh 5506 5505
###lsh 671 669
###lsh 673 672
###lsh 675 674
###lsh 677 676
###lsh 679 678
###lsh 668 670
###lsh 670 671
###lsh 679 670
###lsh 677 679
###lsh 671 673
###lsh 673 675
###lsh 675 677
###lsh 754 753
###lsh 683 681
###lsh 755 754
###lsh 681 680
###lsh 756 755
###lsh 680 751
###lsh 757 756
###lsh 751 749
###lsh 758 757
###lsh 749 747
###lsh 759 758
###lsh 747 745
###lsh 760 759
###lsh 745 743
###lsh 761 760
###lsh 743 741
###lsh 762 761
###lsh 741 739
###lsh 763 762
###lsh 739 737
###lsh 764 763
###lsh 737 735
###lsh 765 764
###lsh 735 733
###lsh 766 765
###lsh 733 731
###lsh 767 766
###lsh 731 729
###lsh 768 767
###lsh 729 727
###lsh 769 768
###lsh 727 725
###lsh 770 769
###lsh 725 723
###lsh 771 770
###lsh 723 721
###lsh 772 771
###lsh 721 719
###lsh 773 772
###lsh 719 717
###lsh 774 773
###lsh 717 715
###lsh 775 774
###lsh 715 713
###lsh 776 775
###lsh 713 711
###lsh 777 776
###lsh 711 709
###lsh 778 777
###lsh 709 707
###lsh 779 778
###lsh 707 705
###lsh 780 779
###lsh 705 703
###lsh 781 780
###lsh 703 701
###lsh 782 781
###lsh 701 699
###lsh 783 782
###lsh 699 697
###lsh 784 783
###lsh 697 695
###lsh 785 784
###lsh 695 693
###lsh 786 785
###lsh 693 691
###lsh 787 786
###lsh 691 689
###lsh 788 787
###lsh 689 687
###lsh 789 788
###lsh 687 685
###lsh 753 789
###lsh 685 683
###lsh 682 684
###lsh 668 678
###lsh 752 682
###lsh 750 752
###lsh 748 750
###lsh 746 748
###lsh 744 746
###lsh 742 744
###lsh 678 676
###lsh 740 742
###lsh 738 740
###lsh 736 738
###lsh 734 736
###lsh 732 734
###lsh 730 732
###lsh 676 674
###lsh 728 730
###lsh 726 728
###lsh 724 726
###lsh 722 724
###lsh 720 722
###lsh 718 720
###lsh 674 672
###lsh 716 718
###lsh 714 716
###lsh 712 714
###lsh 710 712
###lsh 708 710
###lsh 706 708
###lsh 672 669
###lsh 704 706
###lsh 702 704
###lsh 700 702
###lsh 698 700
###lsh 696 698
###lsh 694 696
###lsh 669 668
###lsh 692 694
###lsh 690 692
###lsh 688 690
###lsh 686 688
###lsh 684 686
###lsh 793 791
###lsh 795 794
###lsh 797 796
###lsh 799 798
###lsh 801 800
###lsh 790 792
###lsh 792 793
###lsh 801 792
###lsh 799 801
###lsh 793 795
###lsh 795 797
###lsh 797 799
###lsh 802 803
###lsh 837 839
###lsh 839 841
###lsh 841 843
###lsh 843 845
###lsh 845 847
###lsh 847 849
###lsh 849 851
###lsh 851 853
###lsh 853 855
###lsh 855 857
###lsh 857 859
###lsh 859 861
###lsh 861 863
###lsh 863 865
###lsh 865 867
###lsh 867 869
###lsh 869 871
###lsh 871 873
###lsh 873 802
###lsh 876 875
###lsh 805 803
###lsh 897 896
###lsh 837 835
###lsh 898 897
###lsh 835 833
###lsh 899 898
###lsh 833 831
###lsh 900 899
###lsh 831 829
###lsh 901 900
###lsh 829 827
###lsh 902 901
###lsh 827 825
###lsh 903 902
###lsh 825 823
###lsh 904 903
###lsh 823 821
###lsh 905 904
###lsh 821 819
###lsh 906 905
###lsh 819 817
###lsh 907 906
###lsh 817 815
###lsh 908 907
###lsh 815 813
###lsh 909 908
###lsh 813 811
###lsh 910 909
###lsh 811 809
###lsh 911 910
###lsh 809 807
###lsh 875 911
###lsh 807 805
###lsh 804 806
###lsh 790 800
###lsh 874 804
###lsh 872 874
###lsh 870 872
###lsh 868 870
###lsh 866 868
###lsh 864 866
###lsh 800 798
###lsh 862 864
###lsh 860 862
###lsh 858 860
###lsh 856 858
###lsh 854 856
###lsh 852 854
###lsh 798 796
###lsh 850 852
###lsh 848 850
###lsh 846 848
###lsh 844 846
###lsh 842 844
###lsh 840 842
###lsh 796 794
###lsh 838 840
###lsh 836 838
###lsh 834 836
###lsh 832 834
###lsh 830 832
###lsh 828 830
###lsh 794 791
###lsh 826 828
###lsh 824 826
###lsh 822 824
###lsh 820 822
###lsh 818 820
###lsh 816 818
###lsh 791 790
###lsh 814 816
###lsh 812 814
###lsh 810 812
###lsh 808 810
###lsh 806 808
###lsh 915 913
###lsh 917 916
###lsh 919 918
###lsh 921 920
###lsh 923 922
###lsh 912 914
###lsh 914 915
###lsh 923 914
###lsh 921 923
###lsh 915 917
###lsh 917 919
###lsh 919 921
###lsh 965 967
###lsh 967 969
###lsh 969 971
###lsh 971 973
###lsh 973 975
###lsh 975 977
###lsh 977 979
###lsh 979 981
###lsh 981 983
###lsh 983 985
###lsh 985 987
###lsh 987 989
###lsh 989 991
###lsh 991 993
###lsh 993 995
###lsh 995 924
###lsh 998 997
###lsh 927 925
###lsh 999 998
###lsh 925 924
###lsh 1016 1015
###lsh 965 963
###lsh 1017 1016
###lsh 963 961
###lsh 1018 1017
###lsh 961 959
###lsh 1019 1018
###lsh 959 957
###lsh 1020 1019
###lsh 957 955
###lsh 1021 1020
###lsh 955 953
###lsh 1022 1021
###lsh 953 951
###lsh 1023 1022
###lsh 951 949
###lsh 1024 1023
###lsh 949 947
###lsh 1025 1024
###lsh 947 945
###lsh 1026 1025
###lsh 945 943
###lsh 1027 1026
###lsh 943 941
###lsh 1028 1027
###lsh 941 939
###lsh 1029 1028
###lsh 939 937
###lsh 1030 1029
###lsh 937 935
###lsh 1031 1030
###lsh 935 933
###lsh 1032 1031
###lsh 933 931
###lsh 1033 1032
###lsh 931 929
###lsh 997 1033
###lsh 929 927
###lsh 926 928
###lsh 912 922
###lsh 996 926
###lsh 994 996
###lsh 992 994
###lsh 990 992
###lsh 988 990
###lsh 986 988
###lsh 922 920
###lsh 984 986
###lsh 982 984
###lsh 980 982
###lsh 978 980
###lsh 976 978
###lsh 974 976
###lsh 920 918
###lsh 972 974
###lsh 970 972
###lsh 968 970
###lsh 966 968
###lsh 964 966
###lsh 962 964
###lsh 918 916
###lsh 960 962
###lsh 958 960
###lsh 956 958
###lsh 954 956
###lsh 952 954
###lsh 950 952
###lsh 916 913
###lsh 948 950
###lsh 946 948
###lsh 944 946
###lsh 942 944
###lsh 940 942
###lsh 938 940
###lsh 913 912
###lsh 936 938
###lsh 934 936
###lsh 932 934
###lsh 930 932
###lsh 928 930
###lsh 1035 1037
###lsh 1041 1040
###lsh 1043 1042
###lsh 1045 1044
###lsh 1034 1036
###lsh 1036 1037
###lsh 1045 1036
###lsh 1043 1045
###lsh 1037 1039
###lsh 1039 1041
###lsh 1041 1043
###lsh 1046 1047
###lsh 1047 1049
###lsh 1049 1051
###lsh 1051 1053
###lsh 1053 1055
###lsh 1055 1057
###lsh 1057 1059
###lsh 1059 1061
###lsh 1061 1063
###lsh 1063 1065
###lsh 1065 1067
###lsh 1101 1103
###lsh 1103 1105
###lsh 1105 1107
###lsh 1107 1109
###lsh 1109 1111
###lsh 1111 1113
###lsh 1113 1115
###lsh 1115 1117
###lsh 1117 1046
###lsh 1101 1099
###lsh 1132 1131
###lsh 1099 1097
###lsh 1133 1132
###lsh 1097 1095
###lsh 1134 1133
###lsh 1095 1093
###lsh 1135 1134
###lsh 1093 1091
###lsh 1136 1135
###lsh 1091 1089
###lsh 1137 1136
###lsh 1089 1087
###lsh 1138 1137
###lsh 1087 1085
###lsh 1139 1138
###lsh 1085 1083
###lsh 1140 1139
###lsh 1083 1081
###lsh 1141 1140
###lsh 1081 1079
###lsh 1142 1141
###lsh 1079 1077
###lsh 1143 1142
###lsh 1077 1075
###lsh 1144 1143
###lsh 1075 1073
###lsh 1145 1144
###lsh 1073 1071
###lsh 1146 1145
###lsh 1071 1069
###lsh 1069 1067
###lsh 1048 1050
###lsh 1034 1044
###lsh 1118 1048
###lsh 1116 1118
###lsh 1114 1116
###lsh 1112 1114
###lsh 1110 1112
###lsh 1108 1110
###lsh 1044 1042
###lsh 1106 1108
###lsh 1104 1106
###lsh 1102 1104
###lsh 1100 1102
###lsh 1098 1100
###lsh 1096 1098
###lsh 1042 1040
###lsh 1094 1096
###lsh 1092 1094
###lsh 1090 1092
###lsh 1088 1090
###lsh 1086 1088
###lsh 1084 1086
###lsh 1040 1038
###lsh 1082 1084
###lsh 1080 1082
###lsh 1078 1080
###lsh 1076 1078
###lsh 1074 1076
###lsh 1072 1074
###lsh 1038 1035
###lsh 1070 1072
###lsh 1068 1070
###lsh 1066 1068
###lsh 1064 1066
###lsh 1062 1064
###lsh 1060 1062
###lsh 1035 1034
###lsh 1058 1060
###lsh 1056 1058
###lsh 1054 1056
###lsh 1052 1054
###lsh 1050 1052
###lsh 1159 1157
###lsh 1161 1160
###lsh 1163 1162
###lsh 1165 1164
###lsh 1167 1166
###lsh 1156 1158
###lsh 1158 1159
###lsh 1167 1158
###lsh 1165 1167
###lsh 1159 1161
###lsh 1161 1163
###lsh 1163 1165
###lsh 1168 1169
###lsh 1169 1171
###lsh 1171 1173
###lsh 1173 1175
###lsh 1175 1177
###lsh 1177 1179
###lsh 1179 1181
###lsh 1181 1183
###lsh 1183 1185
###lsh 1185 1187
###lsh 1187 1189
###lsh 1189 1191
###lsh 1191 1193
###lsh 1193 1195
###lsh 1195 1197
###lsh 1197 1199
###lsh 1199 1201
###lsh 1201 1203
###lsh 1203 1205
###lsh 1168 1239
###lsh 1245 1244
###lsh 1239 1237
###lsh 1246 1245
###lsh 1237 1235
###lsh 1247 1246
###lsh 1235 1233
###lsh 1248 1247
###lsh 1233 1231
###lsh 1249 1248
###lsh 1231 1229
###lsh 1250 1249
###lsh 1229 1227
###lsh 1251 1250
###lsh 1227 1225
###lsh 1252 1251
###lsh 1225 1223
###lsh 1253 1252
###lsh 1223 1221
###lsh 1254 1253
###lsh 1221 1219
###lsh 1255 1254
###lsh 1219 1217
###lsh 1256 1255
###lsh 1217 1215
###lsh 1257 1256
###lsh 1215 1213
###lsh 1258 1257
###lsh 1213 1211
###lsh 1259 1258
###lsh 1211 1209
###lsh 1260 1259
###lsh 1209 1207
###lsh 1207 1205
###lsh 1170 1172
###lsh 1156 1166
###lsh 1240 1170
###lsh 1238 1240
###lsh 1236 1238
###lsh 1234 1236
###lsh 1232 1234
###lsh 1230 1232
###lsh 1166 1164
###lsh 1228 1230
###lsh 1226 1228
###lsh 1224 1226
###lsh 1222 1224
###lsh 1220 1222
###lsh 1218 1220
###lsh 1164 1162
###lsh 1216 1218
###lsh 1214 1216
###lsh 1212 1214
###lsh 1210 1212
###lsh 1208 1210
###lsh 1206 1208
###lsh 1162 1160
###lsh 1204 1206
###lsh 1202 1204
###lsh 1200 1202
###lsh 1198 1200
###lsh 1196 1198
###lsh 1194 1196
###lsh 1160 1157
###lsh 1192 1194
###lsh 1190 1192
###lsh 1188 1190
###lsh 1186 1188
###lsh 1184 1186
###lsh 1182 1184
###lsh 1157 1156
###lsh 1180 1182
###lsh 1178 1180
###lsh 1176 1178
###lsh 1174 1176
###lsh 1172 1174
###lsh 1281 1279
###lsh 1283 1282
###lsh 1285 1284
###lsh 1287 1286
###lsh 1289 1288
###lsh 1278 1280
###lsh 1280 1281
###lsh 1289 1280
###lsh 1287 1289
###lsh 1281 1283
###lsh 1283 1285
###lsh 1285 1287
###lsh 1291 1293
###lsh 1293 1295
###lsh 1295 1297
###lsh 1297 1299
###lsh 1299 1301
###lsh 1301 1303
###lsh 1303 1305
###lsh 1305 1307
###lsh 1307 1309
###lsh 1309 1311
###lsh 1311 1313
###lsh 1313 1315
###lsh 1315 1317
###lsh 1317 1319
###lsh 1319 1321
###lsh 1321 1323
###lsh 1323 1325
###lsh 1291 1290
###lsh 1366 1365
###lsh 1290 1361
###lsh 1367 1366
###lsh 1361 1359
###lsh 1368 1367
###lsh 1359 1357
###lsh 1369 1368
###lsh 1357 1355
###lsh 1370 1369
###lsh 1355 1353
###lsh 1371 1370
###lsh 1353 1351
###lsh 1372 1371
###lsh 1351 1349
###lsh 1373 1372
###lsh 1349 1347
###lsh 1374 1373
###lsh 1347 1345
###lsh 1375 1374
###lsh 1345 1343
###lsh 1376 1375
###lsh 1343 1341
###lsh 1377 1376
###lsh 1341 1339
###lsh 1378 1377
###lsh 1339 1337
###lsh 1379 1378
###lsh 1337 1335
###lsh 1380 1379
###lsh 1335 1333
###lsh 1381 1380
###lsh 1333 1331
###lsh 1382 1381
###lsh 1331 1329
###lsh 1383 1382
###lsh 1329 1327
###lsh 1327 1325
###lsh 1292 1294
###lsh 1278 1288
###lsh 1362 1292
###lsh 1360 1362
###lsh 1358 1360
###lsh 1356 1358
###lsh 1354 1356
###lsh 1352 1354
###lsh 1288 1286
###lsh 1350 1352
###lsh 1348 1350
###lsh 1346 1348
###lsh 1344 1346
###lsh 1342 1344
###lsh 1340 1342
###lsh 1286 1284
###lsh 1338 1340
###lsh 1336 1338
###lsh 1334 1336
###lsh 1332 1334
###lsh 1330 1332
###lsh 1328 1330
###lsh 1284 1282
###lsh 1326 1328
###lsh 1324 1326
###lsh 1322 1324
###lsh 1320 1322
###lsh 1318 1320
###lsh 1316 1318
###lsh 1282 1279
###lsh 1314 1316
###lsh 1312 1314
###lsh 1310 1312
###lsh 1308 1310
###lsh 1306 1308
###lsh 1304 1306
###lsh 1279 1278
###lsh 1302 1304
###lsh 1300 1302
###lsh 1298 1300
###lsh 1296 1298
###lsh 1294 1296
###lsh 1670 1673
###lsh 1673 1675
###lsh 1675 1677
###lsh 1677 1679
###lsh 1679 1682
###lsh 1682 1684
###lsh 1686 1688
###lsh 1717 1720
###lsh 1720 1722
###lsh 1722 1724
###lsh 1724 1726
###lsh 1726 1729
###lsh 1729 1731
###lsh 1731 1733
###lsh 1733 1656
###lsh 1773 1775
###lsh 1734 1736
###lsh 1736 1769
###lsh 1738 1734
###lsh 1775 1777
###lsh 1737 1738
###lsh 1777 1779
###lsh 1740 1737
###lsh 1779 1781
###lsh 1739 1740
###lsh 1781 1783
###lsh 1742 1739
###lsh 1783 1785
###lsh 1741 1742
###lsh 1785 1787
###lsh 1744 1741
###lsh 1787 1789
###lsh 1743 1744
###lsh 1789 1791
###lsh 1791 1793
###lsh 1746 1743
###lsh 1793 1795
###lsh 1745 1746
###lsh 1795 1797
###lsh 1748 1745
###lsh 1797 1799
###lsh 1747 1748
###lsh 1799 1801
###lsh 1750 1747
###lsh 1801 1803
###lsh 1749 1750
###lsh 1803 1805
###lsh 1752 1749
###lsh 1805 1807
###lsh 1751 1752
###lsh 1754 1751
###lsh 1807 1809
###lsh 1753 1754
###lsh 1809 1811
###lsh 1756 1753
###lsh 1811 1813
###lsh 1755 1756
###lsh 1813 1815
###lsh 1758 1755
###lsh 1815 1817
###lsh 1757 1758
###lsh 1817 1819
###lsh 1760 1757
###lsh 1819 1821
###lsh 1759 1760
###lsh 1821 1823
###lsh 1762 1759
###lsh 1823 1825
###lsh 1761 1762
###lsh 1825 1827
###lsh 1827 1829
###lsh 1764 1761
###lsh 1829 1831
###lsh 1763 1764
###lsh 1831 1833
###lsh 1766 1763
###lsh 1833 1835
###lsh 1765 1766
###lsh 1835 1837
###lsh 1768 1765
###lsh 1837 1839
###lsh 1767 1768
###lsh 1839 1841
###lsh 1770 1767
###lsh 1841 1771
###lsh 1769 1770
###lsh 1771 1773
###lsh 1689 1690
###lsh 1716 1718
###lsh 1657 1655
###lsh 1669 1671
###lsh 1718 1719
###lsh 1814 1812
###lsh 1812 1810
###lsh 1816 1814
###lsh 1719 1721
###lsh 1818 1816
###lsh 1721 1723
###lsh 1820 1818
###lsh 1822 1820
###lsh 1723 1725
###lsh 1824 1822
###lsh 1826 1824
###lsh 1725 1727
###lsh 1828 1826
###lsh 1830 1828
###lsh 1727 1728
###lsh 1832 1830
###lsh 1834 1832
###lsh 1728 1730
###lsh 1836 1834
###lsh 1838 1836
###lsh 1730 1732
###lsh 1840 1838
###lsh 1732 1658
###lsh 1842 1840
###lsh 1658 1657
###lsh 1772 1842
###lsh 1774 1772
###lsh 1657 1671
###lsh 1776 1774
###lsh 1778 1776
###lsh 1671 1672
###lsh 1780 1778
###lsh 1672 1674
###lsh 1782 1780
###lsh 1674 1676
###lsh 1784 1782
###lsh 1786 1784
###lsh 1676 1678
###lsh 1788 1786
###lsh 1790 1788
###lsh 1678 1680
###lsh 1792 1790
###lsh 1794 1792
###lsh 1680 1681
###lsh 1796 1794
###lsh 1798 1796
###lsh 1681 1683
###lsh 1800 1798
###lsh 1802 1800
###lsh 1683 1685
###lsh 1804 1802
###lsh 1685 1687
###lsh 1806 1804
###lsh 1687 1689
###lsh 1808 1806
###lsh 1810 1808
###lsh 1689 1718
###lsh 1690 1692
###lsh 1716 1690
###lsh 1714 1716
###lsh 1712 1714
###lsh 1692 1694
###lsh 1710 1712
###lsh 1694 1696
###lsh 1708 1710
###lsh 1696 1698
###lsh 1706 1708
###lsh 1698 1700
###lsh 1704 1706
###lsh 1700 1702
###lsh 1702 1704
###lsh 1669 1655
###lsh 1667 1669
###lsh 1655 1653
###lsh 1653 1651
###lsh 1665 1667
###lsh 1651 1649
###lsh 1663 1665
###lsh 1649 1647
###lsh 1661 1663
###lsh 1647 1645
###lsh 1659 1661
###lsh 1645 1643
###lsh 2279 2280
###lsh 1386 1387
###lsh 1364 1365
###lsh 1261 1262
###lsh 1260 1261
###lsh 2427 2428
###lsh 4081 4082
###lsh 4101 4102
###lsh 1644 1646
###lsh 4262 4261
###lsh 4179 4177
###lsh 4182 4179
###lsh 4184 4182
###lsh 4186 4184
###lsh 4188 4186
###lsh 4190 4188
###lsh 4192 4190
###lsh 4194 4192
###lsh 4196 4194
###lsh 4121 4196
###lsh 4123 4121
###lsh 4125 4123
###lsh 4127 4125
###lsh 4130 4127
###lsh 4132 4130
###lsh 4134 4132
###lsh 4136 4134
###lsh 4138 4136
###lsh 4140 4138
###lsh 4142 4140
###lsh 4144 4142
###lsh 4146 4144
###lsh 4148 4146
###lsh 4150 4148
###lsh 4152 4150
###lsh 4154 4152
###lsh 4157 4154
###lsh 4159 4157
###lsh 4161 4159
###lsh 4163 4161
###lsh 4165 4163
###lsh 4167 4165
###lsh 4169 4167
###lsh 4171 4169
###lsh 4173 4171
###lsh 4175 4173
###lsh 4177 4175
###lsh 5302 5301
###lsh 5301 5300
###lsh 5258 5260
###lsh 5300 5336
###lsh 5299 5258
###lsh 5336 5335
###lsh 5298 5299
###lsh 5335 5334
###lsh 5297 5298
###lsh 5334 5333
###lsh 5296 5297
###lsh 5333 5332
###lsh 5295 5296
###lsh 5332 5331
###lsh 5294 5295
###lsh 5331 5330
###lsh 5293 5294
###lsh 5330 5329
###lsh 5292 5293
###lsh 5329 5328
###lsh 5291 5292
###lsh 5328 5327
###lsh 5290 5291
###lsh 5327 5326
###lsh 5288 5290
###lsh 5326 5325
###lsh 5287 5288
###lsh 5325 5324
###lsh 5286 5287
###lsh 5324 5323
###lsh 5285 5286
###lsh 5323 5322
###lsh 5284 5285
###lsh 5322 5321
###lsh 5283 5284
###lsh 5321 5320
###lsh 5281 5283
###lsh 5320 5319
###lsh 5280 5281
###lsh 5319 5318
###lsh 5279 5280
###lsh 5318 5317
###lsh 5278 5279
###lsh 5317 5316
###lsh 5277 5278
###lsh 5316 5315
###lsh 5276 5277
###lsh 5315 5314
###lsh 5274 5276
###lsh 5314 5313
###lsh 5273 5274
###lsh 5313 5312
###lsh 5272 5273
###lsh 5312 5311
###lsh 5271 5272
###lsh 5311 5310
###lsh 5270 5271
###lsh 5310 5309
###lsh 5269 5270
###lsh 5309 5308
###lsh 5267 5269
###lsh 5308 5307
###lsh 5266 5267
###lsh 5307 5306
###lsh 5265 5266
###lsh 5306 5305
###lsh 5264 5265
###lsh 5305 5304
###lsh 5263 5264
###lsh 5304 5303
###lsh 5262 5263
###lsh 5303 5302
###lsh 5260 5262
###lsh 5261 5259
###lsh 5337 5339
###lsh 5268 5261
###lsh 5261 5339
###lsh 5339 5340
###lsh 5275 5268
###lsh 5268 5340
###lsh 5340 5342
###lsh 5282 5275
###lsh 5275 5342
###lsh 5342 5341
###lsh 5289 5282
###lsh 5282 5341
###lsh 5341 5338
###lsh 5259 5289
###lsh 5337 5259
###lsh 5289 5338
###lsh 5338 5337
###lsm 2 1
###lsm 2 3
###lsm 4 3
###lsm 4 5
###lsm 6 5
###lsm 6 7
###lsm 8 7
###lsm 8 9
###lsm 10 9
###lsm 10 11
###lsm 12 11
###lsm 12 13
###lsm 14 13
###lsm 14 15
###lsm 16 15
###lsm 17 15
###lsm 18 15
###lsm 18 19
###lsm 20 19
###lsm 20 21
###lsm 22 21
###lsm 22 23
###lsm 24 23
###lsm 24 25
###lsm 26 25
###lsm 26 27
###lsm 28 27
###lsm 28 29
###lsm 30 29
###lsm 30 31
###lsm 33 2
###lsm 34 2
###lsm 35 2
###lsm 35 4
###lsm 36 4
###lsm 37 4
###lsm 37 6
###lsm 38 6
###lsm 39 6
###lsm 39 8
###lsm 40 8
###lsm 41 8
###lsm 41 10
###lsm 42 10
###lsm 43 10
###lsm 43 12
###lsm 44 12
###lsm 44 14
###lsm 45 14
###lsm 46 14
###lsm 46 16
###lsm 47 16
###lsm 48 16
###lsm 48 17
###lsm 49 17
###lsm 50 17
###lsm 50 18
###lsm 51 18
###lsm 52 18
###lsm 52 20
###lsm 53 20
###lsm 53 22
###lsm 54 22
###lsm 55 22
###lsm 55 24
###lsm 56 24
###lsm 57 24
###lsm 57 26
###lsm 58 26
###lsm 59 26
###lsm 59 28
###lsm 60 28
###lsm 61 28
###lsm 61 30
###lsm 62 30
###lsm 63 30
###lsm 63 32
###lsm 63 31
###lsm 62 63
###lsm 62 31
###lsm 61 62
###lsm 61 31
###lsm 60 61
###lsm 60 31
###lsm 60 29
###lsm 59 60
###lsm 59 29
###lsm 58 59
###lsm 58 29
###lsm 58 27
###lsm 57 58
###lsm 57 27
###lsm 56 57
###lsm 56 27
###lsm 56 25
###lsm 55 56
###lsm 55 25
###lsm 54 55
###lsm 54 25
###lsm 54 23
###lsm 53 54
###lsm 53 23
###lsm 52 53
###lsm 52 23
###lsm 52 21
###lsm 51 52
###lsm 51 21
###lsm 51 19
###lsm 50 51
###lsm 50 19
###lsm 49 50
###lsm 49 19
###lsm 49 15
###lsm 48 49
###lsm 48 15
###lsm 47 48
###lsm 47 15
###lsm 47 13
###lsm 46 47
###lsm 46 13
###lsm 45 46
###lsm 45 13
###lsm 45 11
###lsm 44 45
###lsm 44 11
###lsm 44 9
###lsm 43 44
###lsm 43 9
###lsm 42 43
###lsm 42 9
###lsm 42 7
###lsm 41 42
###lsm 41 7
###lsm 40 41
###lsm 40 7
###lsm 40 5
###lsm 39 40
###lsm 39 5
###lsm 38 39
###lsm 38 5
###lsm 38 3
###lsm 37 38
###lsm 37 3
###lsm 36 37
###lsm 36 3
###lsm 36 1
###lsm 35 36
###lsm 35 1
###lsm 34 35
###lsm 34 1
###lsm 34 0
###lsm 0 33
###lsm 66 65
###lsm 66 67
###lsm 68 67
###lsm 68 69
###lsm 70 69
###lsm 70 71
###lsm 72 71
###lsm 72 73
###lsm 74 73
###lsm 74 75
###lsm 76 75
###lsm 76 77
###lsm 78 77
###lsm 78 79
###lsm 65 64
###lsm 81 64
###lsm 81 82
###lsm 81 83
###lsm 84 83
###lsm 84 85
###lsm 86 85
###lsm 86 87
###lsm 88 87
###lsm 88 89
###lsm 90 89
###lsm 90 91
###lsm 92 91
###lsm 92 93
###lsm 94 93
###lsm 94 95
###lsm 96 95
###lsm 96 97
###lsm 98 97
###lsm 98 99
###lsm 100 99
###lsm 82 66
###lsm 82 68
###lsm 83 68
###lsm 83 70
###lsm 85 70
###lsm 85 72
###lsm 87 72
###lsm 87 74
###lsm 89 74
###lsm 91 74
###lsm 91 76
###lsm 93 76
###lsm 95 76
###lsm 95 78
###lsm 97 78
###lsm 99 78
###lsm 99 80
###lsm 101 80
###lsm 100 80
###lsm 100 79
###lsm 98 79
###lsm 96 79
###lsm 96 77
###lsm 94 77
###lsm 92 77
###lsm 92 75
###lsm 90 75
###lsm 88 75
###lsm 88 73
###lsm 86 73
###lsm 86 71
###lsm 84 71
###lsm 84 69
###lsm 81 69
###lsm 81 67
###lsm 104 103
###lsm 104 105
###lsm 106 105
###lsm 106 107
###lsm 108 107
###lsm 108 109
###lsm 110 109
###lsm 110 111
###lsm 112 111
###lsm 112 113
###lsm 114 113
###lsm 114 115
###lsm 116 115
###lsm 116 117
###lsm 118 117
###lsm 118 119
###lsm 120 119
###lsm 120 121
###lsm 103 102
###lsm 123 102
###lsm 123 124
###lsm 125 124
###lsm 125 126
###lsm 127 126
###lsm 127 128
###lsm 129 128
###lsm 129 130
###lsm 131 130
###lsm 131 132
###lsm 133 132
###lsm 133 134
###lsm 135 134
###lsm 135 136
###lsm 139 102
###lsm 139 104
###lsm 140 104
###lsm 140 106
###lsm 141 106
###lsm 141 108
###lsm 142 108
###lsm 142 110
###lsm 143 110
###lsm 143 112
###lsm 144 112
###lsm 144 114
###lsm 145 114
###lsm 145 116
###lsm 146 116
###lsm 146 118
###lsm 147 118
###lsm 147 120
###lsm 148 120
###lsm 148 122
###lsm 149 122
###lsm 149 121
###lsm 150 121
###lsm 150 119
###lsm 151 119
###lsm 151 117
###lsm 152 117
###lsm 152 115
###lsm 153 115
###lsm 153 113
###lsm 154 113
###lsm 154 111
###lsm 155 111
###lsm 155 109
###lsm 156 109
###lsm 156 107
###lsm 157 107
###lsm 157 105
###lsm 158 105
###lsm 158 103
###lsm 159 103
###lsm 159 123
###lsm 160 123
###lsm 160 125
###lsm 161 125
###lsm 161 127
###lsm 162 127
###lsm 162 129
###lsm 163 129
###lsm 163 131
###lsm 164 131
###lsm 164 133
###lsm 165 133
###lsm 165 135
###lsm 166 135
###lsm 166 137
###lsm 167 137
###lsm 167 136
###lsm 168 136
###lsm 168 134
###lsm 169 134
###lsm 169 132
###lsm 170 132
###lsm 170 130
###lsm 171 130
###lsm 171 128
###lsm 172 128
###lsm 172 126
###lsm 173 126
###lsm 173 124
###lsm 138 124
###lsm 102 138
###lsm 138 140
###lsm 173 140
###lsm 173 141
###lsm 172 141
###lsm 172 142
###lsm 171 142
###lsm 171 143
###lsm 170 143
###lsm 170 144
###lsm 169 144
###lsm 169 145
###lsm 168 145
###lsm 168 146
###lsm 167 146
###lsm 167 147
###lsm 166 147
###lsm 166 148
###lsm 165 148
###lsm 165 149
###lsm 164 149
###lsm 164 150
###lsm 163 150
###lsm 163 151
###lsm 162 151
###lsm 162 152
###lsm 161 152
###lsm 161 153
###lsm 160 153
###lsm 160 154
###lsm 159 154
###lsm 159 155
###lsm 158 155
###lsm 158 156
###lsm 176 175
###lsm 176 177
###lsm 178 177
###lsm 178 179
###lsm 180 179
###lsm 180 181
###lsm 182 181
###lsm 182 183
###lsm 184 183
###lsm 184 185
###lsm 186 185
###lsm 186 187
###lsm 188 187
###lsm 188 189
###lsm 190 189
###lsm 190 191
###lsm 192 191
###lsm 192 193
###lsm 175 174
###lsm 195 174
###lsm 195 196
###lsm 197 196
###lsm 197 198
###lsm 199 198
###lsm 199 200
###lsm 201 200
###lsm 201 202
###lsm 203 202
###lsm 203 204
###lsm 205 204
###lsm 205 206
###lsm 207 206
###lsm 207 208
###lsm 212 211
###lsm 213 211
###lsm 213 214
###lsm 215 214
###lsm 215 216
###lsm 217 216
###lsm 217 218
###lsm 219 218
###lsm 219 220
###lsm 221 220
###lsm 221 222
###lsm 223 222
###lsm 223 224
###lsm 225 224
###lsm 225 226
###lsm 227 226
###lsm 227 228
###lsm 229 228
###lsm 229 230
###lsm 231 230
###lsm 231 232
###lsm 233 232
###lsm 233 234
###lsm 235 234
###lsm 235 236
###lsm 237 236
###lsm 237 238
###lsm 239 238
###lsm 239 240
###lsm 241 240
###lsm 241 242
###lsm 243 242
###lsm 243 244
###lsm 210 174
###lsm 210 176
###lsm 211 176
###lsm 211 178
###lsm 214 178
###lsm 214 180
###lsm 216 180
###lsm 216 182
###lsm 218 182
###lsm 218 184
###lsm 220 184
###lsm 220 186
###lsm 222 186
###lsm 222 188
###lsm 224 188
###lsm 224 190
###lsm 226 190
###lsm 226 192
###lsm 228 192
###lsm 228 194
###lsm 230 194
###lsm 230 193
###lsm 232 193
###lsm 232 191
###lsm 234 191
###lsm 234 189
###lsm 236 189
###lsm 236 187
###lsm 238 187
###lsm 238 185
###lsm 240 185
###lsm 240 183
###lsm 242 183
###lsm 242 181
###lsm 244 181
###lsm 244 179
###lsm 245 179
###lsm 245 177
###lsm 243 177
###lsm 243 175
###lsm 241 175
###lsm 241 195
###lsm 239 195
###lsm 239 197
###lsm 237 197
###lsm 237 199
###lsm 235 199
###lsm 235 201
###lsm 233 201
###lsm 233 203
###lsm 231 203
###lsm 231 205
###lsm 229 205
###lsm 229 207
###lsm 227 207
###lsm 227 209
###lsm 225 209
###lsm 225 208
###lsm 223 208
###lsm 223 206
###lsm 221 206
###lsm 221 204
###lsm 219 204
###lsm 219 202
###lsm 217 202
###lsm 217 200
###lsm 215 200
###lsm 215 198
###lsm 213 198
###lsm 213 196
###lsm 212 196
###lsm 174 212
###lsm 248 247
###lsm 248 249
###lsm 250 249
###lsm 250 251
###lsm 252 251
###lsm 252 253
###lsm 254 253
###lsm 254 255
###lsm 256 255
###lsm 256 257
###lsm 258 257
###lsm 258 259
###lsm 260 259
###lsm 260 261
###lsm 262 261
###lsm 262 263
###lsm 264 263
###lsm 264 265
###lsm 247 246
###lsm 267 246
###lsm 267 268
###lsm 269 268
###lsm 269 270
###lsm 271 270
###lsm 271 272
###lsm 273 272
###lsm 273 274
###lsm 275 274
###lsm 275 276
###lsm 277 276
###lsm 277 278
###lsm 279 278
###lsm 279 280
###lsm 284 283
###lsm 283 317
###lsm 308 283
###lsm 283 305
###lsm 296 283
###lsm 283 293
###lsm 318 283
###lsm 283 315
###lsm 316 283
###lsm 283 313
###lsm 314 283
###lsm 283 311
###lsm 312 283
###lsm 283 309
###lsm 310 283
###lsm 283 307
###lsm 306 283
###lsm 283 303
###lsm 304 283
###lsm 283 301
###lsm 302 283
###lsm 283 299
###lsm 300 283
###lsm 283 297
###lsm 298 283
###lsm 283 295
###lsm 294 283
###lsm 283 291
###lsm 292 283
###lsm 283 289
###lsm 290 283
###lsm 283 287
###lsm 288 283
###lsm 283 285
###lsm 286 283
###lsm 283 282
###lsm 284 319
###lsm 284 320
###lsm 282 320
###lsm 282 321
###lsm 286 321
###lsm 286 322
###lsm 285 322
###lsm 285 323
###lsm 288 323
###lsm 288 324
###lsm 287 324
###lsm 287 325
###lsm 290 325
###lsm 290 326
###lsm 289 326
###lsm 289 327
###lsm 292 327
###lsm 292 328
###lsm 291 328
###lsm 291 329
###lsm 294 329
###lsm 294 330
###lsm 293 330
###lsm 293 331
###lsm 296 331
###lsm 296 332
###lsm 295 332
###lsm 295 333
###lsm 298 333
###lsm 298 334
###lsm 297 334
###lsm 297 335
###lsm 300 335
###lsm 300 336
###lsm 299 336
###lsm 299 337
###lsm 302 337
###lsm 302 338
###lsm 301 338
###lsm 301 339
###lsm 304 339
###lsm 304 340
###lsm 303 340
###lsm 303 341
###lsm 306 341
###lsm 306 342
###lsm 305 342
###lsm 305 343
###lsm 308 343
###lsm 308 344
###lsm 307 344
###lsm 307 345
###lsm 310 345
###lsm 310 346
###lsm 309 346
###lsm 309 347
###lsm 312 347
###lsm 312 348
###lsm 311 348
###lsm 311 349
###lsm 314 349
###lsm 314 350
###lsm 313 350
###lsm 313 351
###lsm 316 351
###lsm 316 352
###lsm 315 352
###lsm 315 353
###lsm 318 353
###lsm 318 354
###lsm 317 354
###lsm 319 317
###lsm 356 321
###lsm 321 320
###lsm 356 320
###lsm 357 320
###lsm 320 319
###lsm 357 319
###lsm 358 319
###lsm 319 354
###lsm 358 354
###lsm 359 354
###lsm 354 353
###lsm 359 353
###lsm 360 353
###lsm 353 352
###lsm 360 352
###lsm 361 352
###lsm 352 351
###lsm 361 351
###lsm 362 351
###lsm 351 350
###lsm 362 350
###lsm 363 350
###lsm 350 349
###lsm 363 349
###lsm 364 349
###lsm 349 348
###lsm 364 348
###lsm 365 348
###lsm 348 347
###lsm 365 347
###lsm 366 347
###lsm 347 346
###lsm 366 346
###lsm 367 346
###lsm 346 345
###lsm 367 345
###lsm 368 345
###lsm 345 344
###lsm 368 344
###lsm 369 344
###lsm 344 343
###lsm 369 343
###lsm 370 343
###lsm 343 342
###lsm 370 342
###lsm 371 342
###lsm 342 341
###lsm 371 341
###lsm 372 341
###lsm 341 340
###lsm 372 340
###lsm 373 340
###lsm 340 339
###lsm 373 339
###lsm 374 339
###lsm 339 338
###lsm 374 338
###lsm 375 338
###lsm 338 337
###lsm 375 337
###lsm 376 337
###lsm 337 336
###lsm 376 336
###lsm 377 336
###lsm 336 335
###lsm 377 335
###lsm 378 335
###lsm 335 334
###lsm 378 334
###lsm 379 334
###lsm 334 333
###lsm 379 333
###lsm 380 333
###lsm 333 332
###lsm 380 332
###lsm 381 332
###lsm 332 331
###lsm 381 331
###lsm 382 331
###lsm 331 330
###lsm 382 330
###lsm 383 330
###lsm 330 329
###lsm 383 329
###lsm 384 329
###lsm 329 328
###lsm 384 328
###lsm 385 328
###lsm 328 327
###lsm 385 327
###lsm 386 327
###lsm 327 326
###lsm 386 326
###lsm 387 326
###lsm 326 325
###lsm 387 325
###lsm 388 325
###lsm 325 324
###lsm 388 324
###lsm 389 324
###lsm 324 323
###lsm 389 323
###lsm 390 323
###lsm 323 322
###lsm 390 322
###lsm 355 322
###lsm 322 321
###lsm 321 355
###lsm 356 392
###lsm 356 393
###lsm 355 393
###lsm 355 394
###lsm 390 394
###lsm 390 395
###lsm 389 395
###lsm 389 396
###lsm 388 396
###lsm 388 397
###lsm 387 397
###lsm 387 398
###lsm 386 398
###lsm 386 399
###lsm 385 399
###lsm 385 400
###lsm 384 400
###lsm 384 401
###lsm 383 401
###lsm 382 401
###lsm 382 402
###lsm 381 402
###lsm 381 403
###lsm 380 403
###lsm 380 404
###lsm 379 404
###lsm 379 405
###lsm 378 405
###lsm 378 406
###lsm 377 406
###lsm 377 407
###lsm 376 407
###lsm 376 408
###lsm 375 408
###lsm 375 409
###lsm 374 409
###lsm 374 410
###lsm 374 411
###lsm 373 411
###lsm 373 412
###lsm 372 412
###lsm 372 413
###lsm 371 413
###lsm 371 414
###lsm 370 414
###lsm 370 415
###lsm 369 415
###lsm 369 416
###lsm 368 416
###lsm 368 417
###lsm 367 417
###lsm 367 418
###lsm 366 418
###lsm 365 418
###lsm 365 419
###lsm 364 419
###lsm 364 420
###lsm 363 420
###lsm 363 421
###lsm 362 421
###lsm 362 422
###lsm 361 422
###lsm 361 423
###lsm 360 423
###lsm 360 424
###lsm 359 424
###lsm 359 425
###lsm 358 425
###lsm 358 426
###lsm 357 426
###lsm 357 391
###lsm 391 356
###lsm 392 246
###lsm 392 248
###lsm 393 248
###lsm 393 250
###lsm 394 250
###lsm 394 252
###lsm 395 252
###lsm 395 254
###lsm 396 254
###lsm 396 256
###lsm 397 256
###lsm 397 258
###lsm 398 258
###lsm 398 260
###lsm 399 260
###lsm 399 262
###lsm 400 262
###lsm 400 264
###lsm 401 264
###lsm 401 266
###lsm 402 266
###lsm 402 265
###lsm 403 265
###lsm 403 263
###lsm 404 263
###lsm 404 261
###lsm 405 261
###lsm 405 259
###lsm 406 259
###lsm 406 257
###lsm 407 257
###lsm 407 255
###lsm 408 255
###lsm 408 253
###lsm 409 253
###lsm 409 251
###lsm 410 251
###lsm 410 249
###lsm 411 249
###lsm 411 247
###lsm 412 247
###lsm 412 267
###lsm 413 267
###lsm 413 269
###lsm 414 269
###lsm 414 271
###lsm 415 271
###lsm 415 273
###lsm 416 273
###lsm 416 275
###lsm 417 275
###lsm 417 277
###lsm 418 277
###lsm 418 279
###lsm 419 279
###lsm 419 281
###lsm 420 281
###lsm 420 280
###lsm 421 280
###lsm 421 278
###lsm 422 278
###lsm 422 276
###lsm 423 276
###lsm 423 274
###lsm 424 274
###lsm 424 272
###lsm 425 272
###lsm 425 270
###lsm 426 270
###lsm 426 268
###lsm 391 268
###lsm 246 391
###lsm 429 428
###lsm 429 430
###lsm 431 430
###lsm 431 432
###lsm 433 432
###lsm 433 434
###lsm 435 434
###lsm 435 436
###lsm 437 436
###lsm 437 438
###lsm 439 438
###lsm 439 440
###lsm 441 440
###lsm 441 442
###lsm 443 442
###lsm 443 444
###lsm 445 444
###lsm 445 446
###lsm 428 427
###lsm 448 427
###lsm 448 449
###lsm 450 449
###lsm 450 451
###lsm 452 451
###lsm 452 453
###lsm 454 453
###lsm 454 455
###lsm 456 455
###lsm 456 457
###lsm 458 457
###lsm 458 459
###lsm 460 459
###lsm 460 461
###lsm 464 427
###lsm 464 429
###lsm 465 429
###lsm 465 431
###lsm 466 431
###lsm 466 433
###lsm 467 433
###lsm 467 435
###lsm 468 435
###lsm 468 437
###lsm 469 437
###lsm 469 439
###lsm 470 439
###lsm 470 441
###lsm 471 441
###lsm 471 443
###lsm 472 443
###lsm 472 445
###lsm 473 445
###lsm 473 447
###lsm 474 447
###lsm 474 446
###lsm 475 446
###lsm 475 444
###lsm 476 444
###lsm 476 442
###lsm 477 442
###lsm 477 440
###lsm 478 440
###lsm 478 438
###lsm 479 438
###lsm 479 436
###lsm 480 436
###lsm 480 434
###lsm 481 434
###lsm 481 432
###lsm 482 432
###lsm 482 430
###lsm 483 430
###lsm 483 428
###lsm 484 428
###lsm 484 448
###lsm 485 448
###lsm 485 450
###lsm 486 450
###lsm 486 452
###lsm 487 452
###lsm 487 454
###lsm 488 454
###lsm 488 456
###lsm 489 456
###lsm 489 458
###lsm 490 458
###lsm 490 460
###lsm 491 460
###lsm 491 462
###lsm 492 462
###lsm 492 461
###lsm 493 461
###lsm 493 459
###lsm 494 459
###lsm 494 457
###lsm 495 457
###lsm 495 455
###lsm 496 455
###lsm 496 453
###lsm 497 453
###lsm 497 451
###lsm 498 451
###lsm 498 449
###lsm 463 449
###lsm 427 463
###lsm 463 465
###lsm 498 465
###lsm 498 466
###lsm 497 466
###lsm 497 467
###lsm 496 467
###lsm 496 468
###lsm 495 468
###lsm 495 469
###lsm 494 469
###lsm 494 470
###lsm 493 470
###lsm 493 471
###lsm 492 471
###lsm 492 472
###lsm 491 472
###lsm 491 473
###lsm 490 473
###lsm 490 474
###lsm 489 474
###lsm 489 475
###lsm 488 475
###lsm 488 476
###lsm 487 476
###lsm 487 477
###lsm 486 477
###lsm 486 478
###lsm 485 478
###lsm 485 479
###lsm 484 479
###lsm 484 480
###lsm 483 480
###lsm 483 481
###lsm 501 500
###lsm 502 500
###lsm 502 503
###lsm 503 500
###lsm 505 500
###lsm 505 506
###lsm 504 509
###lsm 504 510
###lsm 502 504
###lsm 504 511
###lsm 514 513
###lsm 518 517
###lsm 518 519
###lsm 516 521
###lsm 516 522
###lsm 505 525
###lsm 505 526
###lsm 524 529
###lsm 524 530
###lsm 524 531
###lsm 524 532
###lsm 524 533
###lsm 525 524
###lsm 505 527
###lsm 505 534
###lsm 505 535
###lsm 505 536
###lsm 505 537
###lsm 505 538
###lsm 505 539
###lsm 505 540
###lsm 505 541
###lsm 505 542
###lsm 505 543
###lsm 505 544
###lsm 505 545
###lsm 505 546
###lsm 505 547
###lsm 521 505
###lsm 505 548
###lsm 521 550
###lsm 521 551
###lsm 522 521
###lsm 550 549
###lsm 550 552
###lsm 553 552
###lsm 554 552
###lsm 554 555
###lsm 552 558
###lsm 552 559
###lsm 558 557
###lsm 558 561
###lsm 558 562
###lsm 563 562
###lsm 564 562
###lsm 565 562
###lsm 566 562
###lsm 566 567
###lsm 568 567
###lsm 568 569
###lsm 570 569
###lsm 570 571
###lsm 572 571
###lsm 572 573
###lsm 574 573
###lsm 574 575
###lsm 576 575
###lsm 576 577
###lsm 578 577
###lsm 578 579
###lsm 580 579
###lsm 580 581
###lsm 582 581
###lsm 552 560
###lsm 552 584
###lsm 552 585
###lsm 552 586
###lsm 552 587
###lsm 552 588
###lsm 552 589
###lsm 552 590
###lsm 552 591
###lsm 552 592
###lsm 552 593
###lsm 552 594
###lsm 552 595
###lsm 552 596
###lsm 552 597
###lsm 552 598
###lsm 552 599
###lsm 552 600
###lsm 552 601
###lsm 552 602
###lsm 555 552
###lsm 554 556
###lsm 603 556
###lsm 603 604
###lsm 603 605
###lsm 603 606
###lsm 603 607
###lsm 603 608
###lsm 603 609
###lsm 610 609
###lsm 610 611
###lsm 610 612
###lsm 610 613
###lsm 610 614
###lsm 610 615
###lsm 616 615
###lsm 616 617
###lsm 616 618
###lsm 616 619
###lsm 616 620
###lsm 621 620
###lsm 621 622
###lsm 621 623
###lsm 621 624
###lsm 621 625
###lsm 621 626
###lsm 621 627
###lsm 628 627
###lsm 628 629
###lsm 628 630
###lsm 628 631
###lsm 628 632
###lsm 633 632
###lsm 633 634
###lsm 635 634
###lsm 635 636
###lsm 637 636
###lsm 637 638
###lsm 639 638
###lsm 639 640
###lsm 641 640
###lsm 641 642
###lsm 643 642
###lsm 643 644
###lsm 645 644
###lsm 645 646
###lsm 647 646
###lsm 647 648
###lsm 516 523
###lsm 516 650
###lsm 516 651
###lsm 516 652
###lsm 516 653
###lsm 516 654
###lsm 516 655
###lsm 516 656
###lsm 516 657
###lsm 516 658
###lsm 516 659
###lsm 516 660
###lsm 517 516
###lsm 516 661
###lsm 518 520
###lsm 518 662
###lsm 518 663
###lsm 518 664
###lsm 666 499
###lsm 877 803
###lsm 877 802
###lsm 878 802
###lsm 878 873
###lsm 879 873
###lsm 879 871
###lsm 880 871
###lsm 880 869
###lsm 881 869
###lsm 881 867
###lsm 882 867
###lsm 882 865
###lsm 883 865
###lsm 883 863
###lsm 884 863
###lsm 884 861
###lsm 885 861
###lsm 885 859
###lsm 886 859
###lsm 886 857
###lsm 887 857
###lsm 887 855
###lsm 888 855
###lsm 888 853
###lsm 889 853
###lsm 889 851
###lsm 890 851
###lsm 890 849
###lsm 891 849
###lsm 891 847
###lsm 892 847
###lsm 892 845
###lsm 893 845
###lsm 893 843
###lsm 894 843
###lsm 894 841
###lsm 895 841
###lsm 895 839
###lsm 896 839
###lsm 1000 924
###lsm 1000 995
###lsm 1001 995
###lsm 1001 993
###lsm 1002 993
###lsm 1002 991
###lsm 1003 991
###lsm 1003 989
###lsm 1004 989
###lsm 1004 987
###lsm 1005 987
###lsm 1005 985
###lsm 1006 985
###lsm 1006 983
###lsm 1007 983
###lsm 1007 981
###lsm 1008 981
###lsm 1008 979
###lsm 1009 979
###lsm 1009 977
###lsm 1010 977
###lsm 1010 975
###lsm 1011 975
###lsm 1011 973
###lsm 1012 973
###lsm 1012 971
###lsm 1013 971
###lsm 1013 969
###lsm 1014 969
###lsm 1014 967
###lsm 1015 967
###lsm 1037 1038
###lsm 1039 1040
###lsm 1120 1049
###lsm 1120 1047
###lsm 1121 1047
###lsm 1121 1046
###lsm 1122 1046
###lsm 1122 1117
###lsm 1123 1117
###lsm 1123 1115
###lsm 1124 1115
###lsm 1124 1113
###lsm 1125 1113
###lsm 1125 1111
###lsm 1126 1111
###lsm 1126 1109
###lsm 1127 1109
###lsm 1127 1107
###lsm 1128 1107
###lsm 1128 1105
###lsm 1129 1105
###lsm 1129 1103
###lsm 1130 1103
###lsm 1130 1101
###lsm 1148 1067
###lsm 1148 1065
###lsm 1149 1065
###lsm 1149 1063
###lsm 1150 1063
###lsm 1150 1061
###lsm 1151 1061
###lsm 1151 1059
###lsm 1152 1059
###lsm 1152 1057
###lsm 1153 1057
###lsm 1153 1055
###lsm 1154 1055
###lsm 1154 1053
###lsm 1155 1053
###lsm 1155 1051
###lsm 1119 1051
###lsm 1049 1119
###lsm 1242 1171
###lsm 1242 1169
###lsm 1243 1169
###lsm 1243 1168
###lsm 1262 1205
###lsm 1262 1203
###lsm 1263 1203
###lsm 1263 1201
###lsm 1264 1201
###lsm 1264 1199
###lsm 1265 1199
###lsm 1265 1197
###lsm 1266 1197
###lsm 1266 1195
###lsm 1267 1195
###lsm 1267 1193
###lsm 1268 1193
###lsm 1268 1191
###lsm 1269 1191
###lsm 1269 1189
###lsm 1270 1189
###lsm 1270 1187
###lsm 1271 1187
###lsm 1271 1185
###lsm 1272 1185
###lsm 1272 1183
###lsm 1273 1183
###lsm 1273 1181
###lsm 1274 1181
###lsm 1274 1179
###lsm 1275 1179
###lsm 1275 1177
###lsm 1276 1177
###lsm 1276 1175
###lsm 1277 1175
###lsm 1277 1173
###lsm 1241 1173
###lsm 1171 1241
###lsm 1364 1293
###lsm 1385 1325
###lsm 1385 1323
###lsm 1386 1323
###lsm 1386 1321
###lsm 1387 1321
###lsm 1387 1319
###lsm 1388 1319
###lsm 1388 1317
###lsm 1389 1317
###lsm 1389 1315
###lsm 1390 1315
###lsm 1390 1313
###lsm 1391 1313
###lsm 1391 1311
###lsm 1392 1311
###lsm 1392 1309
###lsm 1393 1309
###lsm 1393 1307
###lsm 1394 1307
###lsm 1394 1305
###lsm 1395 1305
###lsm 1395 1303
###lsm 1396 1303
###lsm 1396 1301
###lsm 1397 1301
###lsm 1397 1299
###lsm 1398 1299
###lsm 1398 1297
###lsm 1399 1297
###lsm 1399 1295
###lsm 1363 1295
###lsm 1293 1363
###lsm 1485 1412
###lsm 1485 1414
###lsm 1486 1414
###lsm 1486 1416
###lsm 1487 1416
###lsm 1487 1418
###lsm 1490 1422
###lsm 1490 1424
###lsm 1491 1424
###lsm 1491 1426
###lsm 1492 1426
###lsm 1492 1428
###lsm 1493 1428
###lsm 1493 1430
###lsm 1494 1430
###lsm 1494 1432
###lsm 1495 1432
###lsm 1495 1434
###lsm 1496 1434
###lsm 1496 1436
###lsm 1497 1436
###lsm 1497 1438
###lsm 1498 1438
###lsm 1498 1440
###lsm 1499 1440
###lsm 1499 1442
###lsm 1500 1442
###lsm 1500 1444
###lsm 1501 1444
###lsm 1501 1446
###lsm 1502 1446
###lsm 1502 1448
###lsm 1503 1448
###lsm 1503 1450
###lsm 1504 1450
###lsm 1504 1452
###lsm 1505 1452
###lsm 1505 1454
###lsm 1506 1454
###lsm 1506 1456
###lsm 1507 1456
###lsm 1507 1458
###lsm 1508 1458
###lsm 1508 1460
###lsm 1509 1460
###lsm 1509 1462
###lsm 1510 1462
###lsm 1510 1464
###lsm 1511 1464
###lsm 1511 1466
###lsm 1512 1466
###lsm 1512 1468
###lsm 1513 1468
###lsm 1513 1470
###lsm 1514 1470
###lsm 1514 1472
###lsm 1515 1472
###lsm 1515 1474
###lsm 1516 1474
###lsm 1516 1476
###lsm 1517 1476
###lsm 1517 1478
###lsm 1518 1478
###lsm 1518 1480
###lsm 1519 1480
###lsm 1519 1482
###lsm 1484 1482
###lsm 1412 1484
###lsm 1605 1532
###lsm 1605 1534
###lsm 1606 1534
###lsm 1606 1536
###lsm 1607 1536
###lsm 1607 1538
###lsm 1609 1540
###lsm 1609 1542
###lsm 1610 1542
###lsm 1610 1544
###lsm 1611 1544
###lsm 1611 1546
###lsm 1612 1546
###lsm 1612 1548
###lsm 1615 1552
###lsm 1615 1554
###lsm 1617 1556
###lsm 1617 1558
###lsm 1618 1558
###lsm 1618 1560
###lsm 1619 1560
###lsm 1619 1562
###lsm 1620 1562
###lsm 1620 1564
###lsm 1621 1564
###lsm 1621 1566
###lsm 1622 1566
###lsm 1622 1568
###lsm 1623 1568
###lsm 1623 1570
###lsm 1624 1570
###lsm 1624 1572
###lsm 1625 1572
###lsm 1625 1574
###lsm 1626 1574
###lsm 1626 1576
###lsm 1627 1576
###lsm 1627 1578
###lsm 1628 1578
###lsm 1628 1580
###lsm 1629 1580
###lsm 1629 1582
###lsm 1630 1582
###lsm 1630 1584
###lsm 1631 1584
###lsm 1631 1586
###lsm 1632 1586
###lsm 1632 1588
###lsm 1633 1588
###lsm 1633 1590
###lsm 1636 1594
###lsm 1636 1596
###lsm 1637 1596
###lsm 1637 1598
###lsm 1638 1598
###lsm 1638 1600
###lsm 1639 1600
###lsm 1639 1602
###lsm 1604 1602
###lsm 1532 1604
###lsm 1642 1641
###lsm 1642 1643
###lsm 1644 1643
###lsm 1644 1645
###lsm 1646 1645
###lsm 1646 1647
###lsm 1648 1647
###lsm 1648 1649
###lsm 1650 1649
###lsm 1650 1651
###lsm 1652 1651
###lsm 1652 1653
###lsm 1654 1653
###lsm 1654 1655
###lsm 1641 1640
###lsm 1659 1640
###lsm 1659 1660
###lsm 1661 1660
###lsm 1661 1662
###lsm 1663 1662
###lsm 1663 1664
###lsm 1665 1664
###lsm 1665 1666
###lsm 1667 1666
###lsm 1667 1668
###lsm 1669 1668
###lsm 1690 1691
###lsm 1692 1691
###lsm 1692 1693
###lsm 1694 1693
###lsm 1694 1695
###lsm 1696 1695
###lsm 1696 1697
###lsm 1698 1697
###lsm 1698 1699
###lsm 1700 1699
###lsm 1700 1701
###lsm 1702 1701
###lsm 1702 1703
###lsm 1704 1703
###lsm 1704 1705
###lsm 1706 1705
###lsm 1706 1707
###lsm 1708 1707
###lsm 1708 1709
###lsm 1710 1709
###lsm 1710 1711
###lsm 1712 1711
###lsm 1712 1713
###lsm 1714 1713
###lsm 1714 1715
###lsm 1716 1715
###lsm 1845 1844
###lsm 1846 1844
###lsm 1847 1844
###lsm 1847 1848
###lsm 1849 1848
###lsm 1849 1850
###lsm 1851 1850
###lsm 1851 1852
###lsm 1853 1852
###lsm 1853 1854
###lsm 1855 1854
###lsm 1855 1856
###lsm 1857 1856
###lsm 1857 1858
###lsm 1859 1858
###lsm 1859 1860
###lsm 1861 1860
###lsm 1861 1862
###lsm 1863 1862
###lsm 1863 1864
###lsm 1865 1864
###lsm 1865 1866
###lsm 1867 1866
###lsm 1867 1868
###lsm 1869 1868
###lsm 1869 1870
###lsm 1871 1870
###lsm 1871 1872
###lsm 1873 1872
###lsm 1873 1874
###lsm 1875 1874
###lsm 1875 1876
###lsm 1877 1876
###lsm 1877 1878
###lsm 1879 1878
###lsm 1879 1880
###lsm 1881 1880
###lsm 1881 1882
###lsm 1883 1882
###lsm 1883 1884
###lsm 1885 1884
###lsm 1885 1886
###lsm 1887 1886
###lsm 1887 1888
###lsm 1889 1888
###lsm 1889 1890
###lsm 1891 1890
###lsm 1891 1892
###lsm 1893 1892
###lsm 1893 1894
###lsm 1895 1894
###lsm 1895 1896
###lsm 1897 1896
###lsm 1897 1898
###lsm 1899 1898
###lsm 1899 1900
###lsm 1901 1900
###lsm 1901 1902
###lsm 1903 1902
###lsm 1903 1904
###lsm 1905 1904
###lsm 1905 1906
###lsm 1907 1906
###lsm 1907 1908
###lsm 1909 1908
###lsm 1909 1910
###lsm 1911 1910
###lsm 1911 1912
###lsm 1913 1912
###lsm 1913 1914
###lsm 1915 1914
###lsm 1915 1916
###lsm 1917 1916
###lsm 1917 1918
###lsm 1919 1918
###lsm 1919 1920
###lsm 1921 1920
###lsm 1921 1922
###lsm 1923 1922
###lsm 1923 1924
###lsm 1925 1924
###lsm 1925 1926
###lsm 1927 1926
###lsm 1927 1928
###lsm 1929 1928
###lsm 1929 1930
###lsm 1931 1930
###lsm 1931 1932
###lsm 1933 1932
###lsm 1933 1934
###lsm 1935 1934
###lsm 1935 1936
###lsm 1937 1936
###lsm 1937 1938
###lsm 1939 1938
###lsm 1939 1940
###lsm 1941 1940
###lsm 1941 1942
###lsm 1943 1942
###lsm 1943 1944
###lsm 1945 1944
###lsm 1945 1946
###lsm 1947 1946
###lsm 1947 1948
###lsm 1949 1948
###lsm 1949 1950
###lsm 1951 1950
###lsm 1951 1952
###lsm 1953 1952
###lsm 1953 1954
###lsm 1955 1954
###lsm 1955 1956
###lsm 1957 1956
###lsm 1957 1958
###lsm 1959 1958
###lsm 1959 1960
###lsm 1961 1960
###lsm 1961 1962
###lsm 1963 1962
###lsm 1963 1964
###lsm 1965 1964
###lsm 1965 1966
###lsm 1967 1966
###lsm 1967 1968
###lsm 1969 1968
###lsm 1969 1970
###lsm 1971 1970
###lsm 1971 1972
###lsm 1973 1972
###lsm 1973 1974
###lsm 1975 1974
###lsm 1975 1976
###lsm 1977 1976
###lsm 1977 1978
###lsm 1977 1979
###lsm 1980 1843
###lsm 1982 1845
###lsm 1982 1846
###lsm 1983 1846
###lsm 1983 1847
###lsm 1984 1847
###lsm 1984 1849
###lsm 1985 1849
###lsm 1985 1851
###lsm 1986 1851
###lsm 1986 1853
###lsm 1987 1853
###lsm 1987 1855
###lsm 1988 1855
###lsm 1988 1857
###lsm 1989 1857
###lsm 1989 1859
###lsm 1990 1859
###lsm 1990 1861
###lsm 1991 1861
###lsm 1991 1863
###lsm 1992 1863
###lsm 1993 1863
###lsm 1993 1865
###lsm 1994 1865
###lsm 1994 1867
###lsm 1995 1867
###lsm 1995 1869
###lsm 1996 1869
###lsm 1996 1871
###lsm 1997 1871
###lsm 1997 1873
###lsm 1998 1873
###lsm 1998 1875
###lsm 1999 1875
###lsm 1999 1877
###lsm 2000 1877
###lsm 2000 1879
###lsm 2001 1879
###lsm 2001 1881
###lsm 2002 1881
###lsm 2002 1883
###lsm 2003 1883
###lsm 2003 1885
###lsm 2004 1885
###lsm 2004 1887
###lsm 2005 1887
###lsm 2005 1889
###lsm 2006 1889
###lsm 2006 1891
###lsm 2007 1891
###lsm 2007 1893
###lsm 2008 1893
###lsm 2008 1895
###lsm 2009 1895
###lsm 2009 1897
###lsm 2010 1897
###lsm 2010 1899
###lsm 2011 1899
###lsm 2011 1901
###lsm 2012 1901
###lsm 2012 1903
###lsm 2013 1903
###lsm 2013 1905
###lsm 2014 1905
###lsm 2014 1907
###lsm 2015 1907
###lsm 2015 1909
###lsm 2016 1909
###lsm 2016 1911
###lsm 2017 1911
###lsm 2018 1911
###lsm 2018 1913
###lsm 2019 1913
###lsm 2019 1915
###lsm 2020 1915
###lsm 2020 1917
###lsm 2021 1917
###lsm 2021 1919
###lsm 2022 1919
###lsm 2022 1921
###lsm 2023 1921
###lsm 2023 1923
###lsm 2024 1923
###lsm 2024 1925
###lsm 2025 1925
###lsm 2025 1927
###lsm 2026 1927
###lsm 2026 1929
###lsm 2027 1929
###lsm 2027 1931
###lsm 2028 1931
###lsm 2028 1933
###lsm 2029 1933
###lsm 2029 1935
###lsm 2030 1935
###lsm 2030 1937
###lsm 2031 1937
###lsm 2031 1939
###lsm 2032 1939
###lsm 2032 1941
###lsm 2033 1941
###lsm 2033 1943
###lsm 2034 1943
###lsm 2034 1945
###lsm 2035 1945
###lsm 2035 1947
###lsm 2036 1947
###lsm 2036 1949
###lsm 2037 1949
###lsm 2037 1951
###lsm 2038 1951
###lsm 2038 1953
###lsm 2039 1953
###lsm 2039 1955
###lsm 2040 1955
###lsm 2040 1957
###lsm 2041 1957
###lsm 2041 1959
###lsm 2042 1959
###lsm 2043 1959
###lsm 2043 1961
###lsm 2044 1961
###lsm 2044 1963
###lsm 2045 1963
###lsm 2045 1965
###lsm 2046 1965
###lsm 2046 1967
###lsm 2047 1967
###lsm 2047 1969
###lsm 2048 1969
###lsm 2048 1971
###lsm 2049 1971
###lsm 2049 1973
###lsm 2050 1973
###lsm 2050 1975
###lsm 2051 1975
###lsm 2051 1977
###lsm 2052 1977
###lsm 2052 1980
###lsm 2053 1980
###lsm 2053 1845
###lsm 1845 1981
###lsm 2054 1981
###lsm 2054 2055
###lsm 2056 2055
###lsm 2056 2057
###lsm 2058 2060
###lsm 2058 2061
###lsm 2056 2058
###lsm 2060 2059
###lsm 2062 2059
###lsm 2062 2063
###lsm 2064 2063
###lsm 2064 2065
###lsm 2066 2065
###lsm 2066 2067
###lsm 2068 2070
###lsm 2068 2071
###lsm 2066 2068
###lsm 1981 2072
###lsm 2074 2079
###lsm 2074 2080
###lsm 2076 2082
###lsm 2076 2083
###lsm 2076 2084
###lsm 2076 2085
###lsm 2076 2086
###lsm 2076 2087
###lsm 2076 2088
###lsm 2076 2089
###lsm 2079 2076
###lsm 2076 2090
###lsm 2074 2081
###lsm 2074 2091
###lsm 2074 2092
###lsm 2074 2093
###lsm 2074 2094
###lsm 2074 2095
###lsm 2074 2096
###lsm 2074 2097
###lsm 2099 2104
###lsm 2099 2105
###lsm 2101 2107
###lsm 2101 2108
###lsm 2101 2109
###lsm 2101 2110
###lsm 2101 2111
###lsm 2101 2112
###lsm 2101 2113
###lsm 2101 2114
###lsm 2104 2101
###lsm 2101 2115
###lsm 2099 2106
###lsm 2099 2116
###lsm 2099 2117
###lsm 2099 2118
###lsm 2099 2119
###lsm 2099 2120
###lsm 2099 2121
###lsm 2099 2122
###lsm 2124 2129
###lsm 2124 2130
###lsm 2126 2132
###lsm 2126 2133
###lsm 2126 2134
###lsm 2126 2135
###lsm 2126 2136
###lsm 2126 2137
###lsm 2126 2138
###lsm 2126 2139
###lsm 2129 2126
###lsm 2126 2140
###lsm 2124 2131
###lsm 2124 2141
###lsm 2124 2142
###lsm 2124 2143
###lsm 2124 2144
###lsm 2124 2145
###lsm 2124 2146
###lsm 2124 2147
###lsm 2149 2154
###lsm 2149 2155
###lsm 2151 2157
###lsm 2151 2158
###lsm 2151 2159
###lsm 2151 2160
###lsm 2151 2161
###lsm 2151 2162
###lsm 2151 2163
###lsm 2151 2164
###lsm 2154 2151
###lsm 2151 2165
###lsm 2149 2156
###lsm 2149 2166
###lsm 2149 2167
###lsm 2149 2168
###lsm 2149 2169
###lsm 2149 2170
###lsm 2149 2171
###lsm 2149 2172
###lsm 2176 2179
###lsm 2176 2180
###lsm 2176 2181
###lsm 2176 2182
###lsm 2176 2183
###lsm 2176 2184
###lsm 2176 2185
###lsm 2186 2185
###lsm 2186 2187
###lsm 2186 2188
###lsm 2189 2188
###lsm 2189 2190
###lsm 2189 2191
###lsm 2192 2191
###lsm 2192 2193
###lsm 2192 2194
###lsm 2174 2194
###lsm 2174 2195
###lsm 2174 2196
###lsm 2174 2197
###lsm 2174 2198
###lsm 2174 2199
###lsm 2174 2200
###lsm 998 2202
###lsm 998 2203
###lsm 997 2203
###lsm 997 2204
###lsm 1033 2204
###lsm 1033 2205
###lsm 1032 2205
###lsm 1032 2206
###lsm 1031 2206
###lsm 1031 2207
###lsm 1030 2207
###lsm 1030 2208
###lsm 1029 2208
###lsm 1029 2209
###lsm 1028 2209
###lsm 1028 2210
###lsm 1027 2210
###lsm 1027 2211
###lsm 1026 2211
###lsm 1026 2212
###lsm 1025 2212
###lsm 1025 2213
###lsm 1024 2213
###lsm 1024 2214
###lsm 1023 2214
###lsm 1023 2215
###lsm 1023 2216
###lsm 1022 2216
###lsm 1022 2217
###lsm 1021 2217
###lsm 1021 2218
###lsm 1020 2218
###lsm 1020 2219
###lsm 1019 2219
###lsm 1019 2220
###lsm 1018 2220
###lsm 1018 2221
###lsm 1017 2221
###lsm 1017 2222
###lsm 1016 2222
###lsm 1016 2223
###lsm 1015 2223
###lsm 1015 2224
###lsm 1014 2224
###lsm 1014 2225
###lsm 1013 2225
###lsm 1013 2226
###lsm 1012 2226
###lsm 1012 2227
###lsm 1011 2227
###lsm 1011 2228
###lsm 1010 2228
###lsm 1010 2229
###lsm 1010 2230
###lsm 1009 2230
###lsm 1009 2231
###lsm 1008 2231
###lsm 1008 2232
###lsm 1007 2232
###lsm 1007 2233
###lsm 1006 2233
###lsm 1006 2234
###lsm 1005 2234
###lsm 1005 2235
###lsm 1004 2235
###lsm 1004 2236
###lsm 1003 2236
###lsm 1003 2237
###lsm 1002 2237
###lsm 1002 2238
###lsm 1001 2238
###lsm 1001 2239
###lsm 1000 2239
###lsm 1000 2240
###lsm 999 2240
###lsm 999 2201
###lsm 2201 998
###lsm 876 2242
###lsm 876 2243
###lsm 875 2243
###lsm 875 2244
###lsm 911 2244
###lsm 911 2245
###lsm 910 2245
###lsm 910 2246
###lsm 909 2246
###lsm 909 2247
###lsm 908 2247
###lsm 908 2248
###lsm 907 2248
###lsm 907 2249
###lsm 906 2249
###lsm 906 2250
###lsm 905 2250
###lsm 905 2251
###lsm 904 2251
###lsm 904 2252
###lsm 903 2252
###lsm 903 2253
###lsm 902 2253
###lsm 902 2254
###lsm 901 2254
###lsm 901 2255
###lsm 901 2256
###lsm 900 2256
###lsm 900 2257
###lsm 899 2257
###lsm 899 2258
###lsm 898 2258
###lsm 898 2259
###lsm 897 2259
###lsm 897 2260
###lsm 896 2260
###lsm 896 2261
###lsm 895 2261
###lsm 895 2262
###lsm 894 2262
###lsm 894 2263
###lsm 893 2263
###lsm 893 2264
###lsm 892 2264
###lsm 892 2265
###lsm 891 2265
###lsm 891 2266
###lsm 890 2266
###lsm 890 2267
###lsm 889 2267
###lsm 889 2268
###lsm 888 2268
###lsm 888 2269
###lsm 888 2270
###lsm 887 2270
###lsm 887 2271
###lsm 886 2271
###lsm 886 2272
###lsm 885 2272
###lsm 885 2273
###lsm 884 2273
###lsm 884 2274
###lsm 883 2274
###lsm 883 2275
###lsm 882 2275
###lsm 882 2276
###lsm 881 2276
###lsm 881 2277
###lsm 880 2277
###lsm 880 2278
###lsm 879 2278
###lsm 879 2279
###lsm 877 2280
###lsm 877 2241
###lsm 2241 876
###lsm 1364 2282
###lsm 1364 2283
###lsm 1363 2283
###lsm 1363 2284
###lsm 1399 2284
###lsm 1399 2285
###lsm 1398 2285
###lsm 1398 2286
###lsm 1397 2286
###lsm 1397 2287
###lsm 1396 2287
###lsm 1396 2288
###lsm 1395 2288
###lsm 1395 2289
###lsm 1394 2289
###lsm 1394 2290
###lsm 1393 2290
###lsm 1393 2291
###lsm 1392 2291
###lsm 1392 2292
###lsm 1391 2292
###lsm 1391 2293
###lsm 1390 2293
###lsm 1390 2294
###lsm 1389 2294
###lsm 1389 2295
###lsm 1389 2296
###lsm 1388 2296
###lsm 1388 2297
###lsm 1387 2297
###lsm 1386 2299
###lsm 1385 2299
###lsm 1385 2300
###lsm 1384 2300
###lsm 1384 2301
###lsm 1383 2301
###lsm 1383 2302
###lsm 1382 2302
###lsm 1382 2303
###lsm 1381 2303
###lsm 1381 2304
###lsm 1380 2304
###lsm 1380 2305
###lsm 1379 2305
###lsm 1379 2306
###lsm 1378 2306
###lsm 1378 2307
###lsm 1377 2307
###lsm 1377 2308
###lsm 1376 2308
###lsm 1376 2309
###lsm 1376 2310
###lsm 1375 2310
###lsm 1375 2311
###lsm 1374 2311
###lsm 1374 2312
###lsm 1373 2312
###lsm 1373 2313
###lsm 1372 2313
###lsm 1372 2314
###lsm 1371 2314
###lsm 1371 2315
###lsm 1370 2315
###lsm 1370 2316
###lsm 1369 2316
###lsm 1369 2317
###lsm 1368 2317
###lsm 1368 2318
###lsm 1367 2318
###lsm 1367 2319
###lsm 1366 2319
###lsm 1366 2320
###lsm 1365 2320
###lsm 2153 2152
###lsm 2153 2321
###lsm 2153 2282
###lsm 2157 2282
###lsm 2157 2281
###lsm 2158 2281
###lsm 2158 2320
###lsm 2159 2320
###lsm 2159 2319
###lsm 2160 2319
###lsm 2160 2318
###lsm 2161 2318
###lsm 2161 2317
###lsm 2162 2317
###lsm 2162 2316
###lsm 2163 2316
###lsm 2163 2315
###lsm 2164 2315
###lsm 2164 2314
###lsm 2165 2314
###lsm 2165 2313
###lsm 2154 2313
###lsm 2154 2312
###lsm 2155 2312
###lsm 2155 2311
###lsm 2156 2311
###lsm 2156 2310
###lsm 2166 2310
###lsm 2166 2309
###lsm 2167 2309
###lsm 2167 2308
###lsm 2168 2308
###lsm 2168 2307
###lsm 2169 2307
###lsm 2169 2306
###lsm 2170 2306
###lsm 2170 2305
###lsm 2171 2305
###lsm 2171 2304
###lsm 2172 2304
###lsm 2172 2303
###lsm 2150 2303
###lsm 2150 2302
###lsm 2322 2302
###lsm 2322 2301
###lsm 2323 2301
###lsm 2323 2300
###lsm 2324 2300
###lsm 2325 2300
###lsm 2325 2299
###lsm 2326 2299
###lsm 2327 2299
###lsm 2327 2298
###lsm 2328 2298
###lsm 2328 2297
###lsm 2329 2297
###lsm 2330 2297
###lsm 2330 2296
###lsm 2331 2296
###lsm 2331 2295
###lsm 2332 2295
###lsm 2333 2295
###lsm 2333 2294
###lsm 2334 2294
###lsm 2335 2294
###lsm 2335 2293
###lsm 2336 2293
###lsm 2336 2292
###lsm 2337 2292
###lsm 2338 2292
###lsm 2338 2291
###lsm 2339 2291
###lsm 2339 2290
###lsm 2340 2290
###lsm 2341 2290
###lsm 2341 2289
###lsm 2342 2289
###lsm 2343 2289
###lsm 2343 2288
###lsm 2344 2288
###lsm 2344 2287
###lsm 2345 2287
###lsm 2346 2287
###lsm 2346 2286
###lsm 2347 2286
###lsm 2347 2285
###lsm 2348 2285
###lsm 2349 2285
###lsm 2349 2284
###lsm 2350 2284
###lsm 2351 2284
###lsm 2351 2283
###lsm 2321 2283
###lsm 2282 2321
###lsm 2148 2150
###lsm 2150 2322
###lsm 1242 2353
###lsm 1242 2354
###lsm 1241 2354
###lsm 1241 2355
###lsm 1277 2355
###lsm 1277 2356
###lsm 1276 2356
###lsm 1276 2357
###lsm 1275 2357
###lsm 1275 2358
###lsm 1274 2358
###lsm 1274 2359
###lsm 1273 2359
###lsm 1273 2360
###lsm 1272 2360
###lsm 1272 2361
###lsm 1271 2361
###lsm 1271 2362
###lsm 1270 2362
###lsm 1270 2363
###lsm 1269 2363
###lsm 1269 2364
###lsm 1268 2364
###lsm 1268 2365
###lsm 1267 2365
###lsm 1267 2366
###lsm 1267 2367
###lsm 1266 2367
###lsm 1266 2368
###lsm 1265 2368
###lsm 1265 2369
###lsm 1264 2369
###lsm 1264 2370
###lsm 1263 2370
###lsm 1263 2371
###lsm 1262 2371
###lsm 1260 2374
###lsm 1259 2374
###lsm 1259 2375
###lsm 1258 2375
###lsm 1258 2376
###lsm 1257 2376
###lsm 1257 2377
###lsm 1256 2377
###lsm 1256 2378
###lsm 1255 2378
###lsm 1255 2379
###lsm 1254 2379
###lsm 1254 2380
###lsm 1254 2381
###lsm 1253 2381
###lsm 1253 2382
###lsm 1252 2382
###lsm 1252 2383
###lsm 1251 2383
###lsm 1251 2384
###lsm 1250 2384
###lsm 1250 2385
###lsm 1249 2385
###lsm 1249 2386
###lsm 1248 2386
###lsm 1248 2387
###lsm 1247 2387
###lsm 1247 2388
###lsm 1246 2388
###lsm 1246 2389
###lsm 1245 2389
###lsm 1245 2390
###lsm 1244 2390
###lsm 1244 2391
###lsm 1243 2391
###lsm 1243 2352
###lsm 2352 1242
###lsm 2128 2127
###lsm 2128 2392
###lsm 2128 2353
###lsm 2132 2353
###lsm 2132 2352
###lsm 2133 2352
###lsm 2133 2391
###lsm 2134 2391
###lsm 2134 2390
###lsm 2135 2390
###lsm 2135 2389
###lsm 2136 2389
###lsm 2136 2388
###lsm 2137 2388
###lsm 2137 2387
###lsm 2138 2387
###lsm 2138 2386
###lsm 2139 2386
###lsm 2139 2385
###lsm 2140 2385
###lsm 2140 2384
###lsm 2129 2384
###lsm 2129 2383
###lsm 2130 2383
###lsm 2130 2382
###lsm 2131 2382
###lsm 2131 2381
###lsm 2141 2381
###lsm 2141 2380
###lsm 2142 2380
###lsm 2142 2379
###lsm 2143 2379
###lsm 2143 2378
###lsm 2144 2378
###lsm 2144 2377
###lsm 2145 2377
###lsm 2145 2376
###lsm 2146 2376
###lsm 2146 2375
###lsm 2147 2375
###lsm 2147 2374
###lsm 2125 2374
###lsm 2125 2373
###lsm 2393 2373
###lsm 2393 2372
###lsm 2394 2372
###lsm 2394 2371
###lsm 2395 2371
###lsm 2396 2371
###lsm 2396 2370
###lsm 2397 2370
###lsm 2398 2370
###lsm 2398 2369
###lsm 2399 2369
###lsm 2399 2368
###lsm 2400 2368
###lsm 2401 2368
###lsm 2401 2367
###lsm 2402 2367
###lsm 2402 2366
###lsm 2403 2366
###lsm 2404 2366
###lsm 2404 2365
###lsm 2405 2365
###lsm 2406 2365
###lsm 2406 2364
###lsm 2407 2364
###lsm 2407 2363
###lsm 2408 2363
###lsm 2409 2363
###lsm 2409 2362
###lsm 2410 2362
###lsm 2410 2361
###lsm 2411 2361
###lsm 2412 2361
###lsm 2412 2360
###lsm 2413 2360
###lsm 2414 2360
###lsm 2414 2359
###lsm 2415 2359
###lsm 2415 2358
###lsm 2416 2358
###lsm 2417 2358
###lsm 2417 2357
###lsm 2418 2357
###lsm 2418 2356
###lsm 2419 2356
###lsm 2420 2356
###lsm 2420 2355
###lsm 2421 2355
###lsm 2422 2355
###lsm 2422 2354
###lsm 2392 2354
###lsm 2353 2392
###lsm 2123 2125
###lsm 2125 2393
###lsm 1120 2424
###lsm 1120 2425
###lsm 1119 2425
###lsm 1119 2426
###lsm 1155 2426
###lsm 1155 2427
###lsm 1153 2428
###lsm 1153 2429
###lsm 1152 2429
###lsm 1152 2430
###lsm 1151 2430
###lsm 1151 2431
###lsm 1150 2431
###lsm 1150 2432
###lsm 1149 2432
###lsm 1149 2433
###lsm 1148 2433
###lsm 1148 2434
###lsm 1147 2434
###lsm 1147 2435
###lsm 1146 2435
###lsm 1146 2436
###lsm 1145 2436
###lsm 1145 2437
###lsm 1145 2438
###lsm 1144 2438
###lsm 1144 2439
###lsm 1143 2439
###lsm 1143 2440
###lsm 1142 2440
###lsm 1142 2441
###lsm 1141 2441
###lsm 1141 2442
###lsm 1140 2442
###lsm 1140 2443
###lsm 1139 2443
###lsm 1139 2444
###lsm 1138 2444
###lsm 1138 2445
###lsm 1137 2445
###lsm 1137 2446
###lsm 1136 2446
###lsm 1136 2447
###lsm 1135 2447
###lsm 1135 2448
###lsm 1134 2448
###lsm 1134 2449
###lsm 1133 2449
###lsm 1133 2450
###lsm 1132 2450
###lsm 1132 2451
###lsm 1132 2452
###lsm 1131 2452
###lsm 1131 2453
###lsm 1130 2453
###lsm 1130 2454
###lsm 1129 2454
###lsm 1129 2455
###lsm 1128 2455
###lsm 1128 2456
###lsm 1127 2456
###lsm 1127 2457
###lsm 1126 2457
###lsm 1126 2458
###lsm 1125 2458
###lsm 1125 2459
###lsm 1124 2459
###lsm 1124 2460
###lsm 1123 2460
###lsm 1123 2461
###lsm 1122 2461
###lsm 1122 2462
###lsm 1121 2462
###lsm 1121 2423
###lsm 2423 1120
###lsm 2067 2463
###lsm 2067 2464
###lsm 2465 2464
###lsm 2465 2466
###lsm 2467 2466
###lsm 2467 2468
###lsm 2469 2468
###lsm 2469 2470
###lsm 2471 2470
###lsm 2471 2472
###lsm 2473 2472
###lsm 2473 2474
###lsm 2475 2474
###lsm 2475 2476
###lsm 2477 2476
###lsm 2477 2478
###lsm 2479 2478
###lsm 2479 2480
###lsm 2463 2065
###lsm 2482 2065
###lsm 2482 2063
###lsm 2483 2063
###lsm 2483 2059
###lsm 2484 2059
###lsm 2484 2058
###lsm 2057 2485
###lsm 2057 2486
###lsm 2487 2486
###lsm 2487 2488
###lsm 2483 2488
###lsm 2482 2483
###lsm 2481 2489
###lsm 2481 2490
###lsm 2491 2490
###lsm 2491 2492
###lsm 2477 2492
###lsm 2475 2477
###lsm 2489 2067
###lsm 2067 2465
###lsm 2464 2463
###lsm 2493 2463
###lsm 2463 2482
###lsm 2493 2482
###lsm 2482 2488
###lsm 2465 2467
###lsm 2489 2465
###lsm 2489 2467
###lsm 2489 2494
###lsm 2490 2489
###lsm 2490 2494
###lsm 2492 2490
###lsm 2479 2481
###lsm 2481 2491
###lsm 2477 2479
###lsm 2479 2491
###lsm 2491 2477
###lsm 2464 2493
###lsm 2466 2464
###lsm 2466 2493
###lsm 2466 2495
###lsm 2468 2466
###lsm 2468 2495
###lsm 2468 2485
###lsm 2470 2468
###lsm 2470 2485
###lsm 2485 2472
###lsm 2472 2470
###lsm 2495 2493
###lsm 2493 2488
###lsm 2467 2469
###lsm 2494 2467
###lsm 2494 2469
###lsm 2494 2496
###lsm 2492 2494
###lsm 2492 2496
###lsm 2475 2492
###lsm 2487 2483
###lsm 2483 2484
###lsm 2485 2495
###lsm 2486 2485
###lsm 2486 2495
###lsm 2495 2488
###lsm 2488 2486
###lsm 2473 2475
###lsm 2475 2496
###lsm 2473 2496
###lsm 2471 2473
###lsm 2471 2496
###lsm 2496 2469
###lsm 2469 2471
###lsm 2057 2487
###lsm 2487 2484
###lsm 2484 2057
###lsm 2499 2498
###lsm 2499 2500
###lsm 2499 2501
###lsm 2502 2501
###lsm 2502 2503
###lsm 2504 2503
###lsm 2504 2505
###lsm 2506 2505
###lsm 2506 2507
###lsm 2506 2508
###lsm 2509 2508
###lsm 2509 2510
###lsm 2511 2510
###lsm 2511 2512
###lsm 2513 2512
###lsm 2513 2514
###lsm 2515 2514
###lsm 2515 2516
###lsm 2517 2516
###lsm 2517 2518
###lsm 2519 2518
###lsm 2519 2520
###lsm 2521 2520
###lsm 2521 2522
###lsm 2523 2522
###lsm 2523 2524
###lsm 2525 2524
###lsm 2525 2526
###lsm 2527 2526
###lsm 2527 2528
###lsm 2529 2528
###lsm 2529 2530
###lsm 2531 2530
###lsm 2531 2532
###lsm 2533 2532
###lsm 2533 2534
###lsm 2535 2534
###lsm 2535 2536
###lsm 2537 2536
###lsm 2537 2538
###lsm 2539 2538
###lsm 2540 2538
###lsm 2540 2541
###lsm 2542 2541
###lsm 2542 2543
###lsm 2544 2543
###lsm 2544 2545
###lsm 2546 2545
###lsm 2546 2547
###lsm 2548 2547
###lsm 2548 2549
###lsm 2550 2549
###lsm 2550 2551
###lsm 2552 2551
###lsm 2552 2553
###lsm 2554 2553
###lsm 2554 2555
###lsm 2556 2555
###lsm 2556 2557
###lsm 2558 2557
###lsm 2558 2559
###lsm 2560 2559
###lsm 2560 2561
###lsm 2562 2561
###lsm 2562 2563
###lsm 2564 2563
###lsm 2564 2565
###lsm 2566 2565
###lsm 2566 2567
###lsm 2568 2567
###lsm 2568 2569
###lsm 2570 2569
###lsm 2570 2571
###lsm 2572 2571
###lsm 2572 2573
###lsm 2574 2573
###lsm 2574 2575
###lsm 2532 2530
###lsm 2532 2577
###lsm 2532 2578
###lsm 2534 2532
###lsm 2534 2578
###lsm 2534 2579
###lsm 2536 2534
###lsm 2536 2579
###lsm 2536 2580
###lsm 2538 2536
###lsm 2538 2580
###lsm 2541 2538
###lsm 2578 2577
###lsm 2578 2581
###lsm 2578 2582
###lsm 2579 2578
###lsm 2579 2582
###lsm 2579 2583
###lsm 2580 2579
###lsm 2580 2583
###lsm 2580 2584
###lsm 2541 2580
###lsm 2541 2584
###lsm 2543 2541
###lsm 2582 2581
###lsm 2582 2585
###lsm 2582 2586
###lsm 2583 2582
###lsm 2583 2586
###lsm 2583 2587
###lsm 2584 2583
###lsm 2584 2587
###lsm 2584 2588
###lsm 2543 2584
###lsm 2543 2588
###lsm 2545 2543
###lsm 2586 2585
###lsm 2586 2589
###lsm 2586 2590
###lsm 2587 2586
###lsm 2587 2590
###lsm 2587 2591
###lsm 2588 2587
###lsm 2588 2591
###lsm 2588 2592
###lsm 2545 2588
###lsm 2545 2592
###lsm 2547 2545
###lsm 2590 2589
###lsm 2590 2593
###lsm 2590 2594
###lsm 2591 2590
###lsm 2591 2594
###lsm 2591 2595
###lsm 2592 2591
###lsm 2592 2595
###lsm 2592 2596
###lsm 2547 2592
###lsm 2547 2596
###lsm 2549 2547
###lsm 2594 2593
###lsm 2594 2597
###lsm 2594 2598
###lsm 2595 2594
###lsm 2595 2598
###lsm 2595 2599
###lsm 2596 2595
###lsm 2596 2599
###lsm 2596 2600
###lsm 2549 2596
###lsm 2549 2600
###lsm 2551 2549
###lsm 2598 2597
###lsm 2598 2601
###lsm 2598 2602
###lsm 2599 2598
###lsm 2599 2602
###lsm 2599 2603
###lsm 2600 2599
###lsm 2600 2603
###lsm 2600 2604
###lsm 2551 2600
###lsm 2551 2604
###lsm 2553 2551
###lsm 2602 2601
###lsm 2602 2605
###lsm 2602 2606
###lsm 2603 2602
###lsm 2603 2606
###lsm 2603 2607
###lsm 2604 2603
###lsm 2604 2607
###lsm 2604 2608
###lsm 2553 2604
###lsm 2553 2608
###lsm 2555 2553
###lsm 2606 2605
###lsm 2606 2609
###lsm 2606 2610
###lsm 2607 2606
###lsm 2607 2610
###lsm 2607 2611
###lsm 2608 2607
###lsm 2608 2611
###lsm 2608 2612
###lsm 2555 2608
###lsm 2555 2612
###lsm 2557 2555
###lsm 2610 2609
###lsm 2610 2613
###lsm 2610 2614
###lsm 2611 2610
###lsm 2611 2614
###lsm 2611 2615
###lsm 2612 2611
###lsm 2612 2615
###lsm 2612 2616
###lsm 2557 2612
###lsm 2557 2616
###lsm 2559 2557
###lsm 2614 2613
###lsm 2614 2617
###lsm 2614 2618
###lsm 2615 2614
###lsm 2615 2618
###lsm 2615 2619
###lsm 2616 2615
###lsm 2616 2619
###lsm 2616 2620
###lsm 2559 2616
###lsm 2559 2620
###lsm 2561 2559
###lsm 2618 2617
###lsm 2621 2617
###lsm 2621 2622
###lsm 2623 2622
###lsm 2623 2624
###lsm 2625 2624
###lsm 2625 2626
###lsm 2627 2626
###lsm 2627 2628
###lsm 2629 2628
###lsm 2629 2630
###lsm 2573 2630
###lsm 2575 2573
###lsm 2574 2576
###lsm 2631 2576
###lsm 2631 2632
###lsm 2633 2632
###lsm 2633 2634
###lsm 2635 2634
###lsm 2635 2636
###lsm 2637 2636
###lsm 2637 2638
###lsm 2639 2638
###lsm 2639 2640
###lsm 2641 2640
###lsm 2641 2642
###lsm 2643 2642
###lsm 2643 2644
###lsm 2645 2644
###lsm 2645 2646
###lsm 2647 2646
###lsm 2647 2648
###lsm 2649 2648
###lsm 2650 2648
###lsm 2650 2651
###lsm 2652 2651
###lsm 2652 2653
###lsm 2654 2653
###lsm 2654 2655
###lsm 2656 2655
###lsm 2656 2657
###lsm 2658 2657
###lsm 2658 2659
###lsm 2660 2659
###lsm 2660 2661
###lsm 2662 2661
###lsm 2662 2663
###lsm 2664 2663
###lsm 2664 2665
###lsm 2666 2665
###lsm 2666 2667
###lsm 2642 2640
###lsm 2642 2669
###lsm 2642 2670
###lsm 2644 2642
###lsm 2644 2670
###lsm 2644 2671
###lsm 2646 2644
###lsm 2646 2671
###lsm 2646 2672
###lsm 2648 2646
###lsm 2648 2672
###lsm 2651 2648
###lsm 2670 2669
###lsm 2670 2673
###lsm 2670 2674
###lsm 2671 2670
###lsm 2671 2674
###lsm 2671 2675
###lsm 2672 2671
###lsm 2672 2675
###lsm 2672 2676
###lsm 2651 2672
###lsm 2651 2676
###lsm 2653 2651
###lsm 2674 2673
###lsm 2674 2677
###lsm 2674 2678
###lsm 2675 2674
###lsm 2675 2678
###lsm 2675 2679
###lsm 2676 2675
###lsm 2676 2679
###lsm 2676 2680
###lsm 2653 2676
###lsm 2653 2680
###lsm 2655 2653
###lsm 2678 2677
###lsm 2678 2681
###lsm 2678 2682
###lsm 2679 2678
###lsm 2679 2682
###lsm 2679 2683
###lsm 2680 2679
###lsm 2680 2683
###lsm 2680 2684
###lsm 2655 2680
###lsm 2655 2684
###lsm 2657 2655
###lsm 2682 2681
###lsm 2682 2685
###lsm 2682 2686
###lsm 2683 2682
###lsm 2683 2686
###lsm 2683 2687
###lsm 2684 2683
###lsm 2684 2687
###lsm 2684 2688
###lsm 2657 2684
###lsm 2657 2688
###lsm 2659 2657
###lsm 2686 2685
###lsm 2686 2689
###lsm 2686 2690
###lsm 2687 2686
###lsm 2687 2690
###lsm 2687 2691
###lsm 2688 2687
###lsm 2688 2691
###lsm 2688 2661
###lsm 2661 2659
###lsm 2659 2688
###lsm 2690 2689
###lsm 2690 2692
###lsm 2690 2693
###lsm 2691 2690
###lsm 2691 2693
###lsm 2691 2663
###lsm 2663 2661
###lsm 2661 2691
###lsm 2693 2692
###lsm 2693 2694
###lsm 2693 2665
###lsm 2665 2663
###lsm 2663 2693
###lsm 2667 2665
###lsm 2665 2694
###lsm 2666 2668
###lsm 2695 2668
###lsm 2695 2696
###lsm 2697 2696
###lsm 2697 2698
###lsm 2699 2698
###lsm 2699 2700
###lsm 2701 2700
###lsm 2701 2702
###lsm 2703 2702
###lsm 2703 2704
###lsm 2705 2704
###lsm 2706 2704
###lsm 2706 2707
###lsm 2708 2707
###lsm 2708 2709
###lsm 2710 2709
###lsm 2710 2711
###lsm 2712 2711
###lsm 2712 2713
###lsm 2714 2713
###lsm 2714 2715
###lsm 2716 2715
###lsm 2716 2717
###lsm 2718 2717
###lsm 2718 2719
###lsm 2720 2719
###lsm 2720 2721
###lsm 2472 2721
###lsm 2474 2472
###lsm 2474 2721
###lsm 2474 2722
###lsm 2476 2474
###lsm 2476 2722
###lsm 2476 2723
###lsm 2478 2476
###lsm 2478 2723
###lsm 2478 2724
###lsm 2480 2478
###lsm 2480 2724
###lsm 2481 2480
###lsm 2481 2724
###lsm 2725 2724
###lsm 2725 2726
###lsm 2727 2726
###lsm 2727 2728
###lsm 2729 2728
###lsm 2729 2730
###lsm 2731 2730
###lsm 2731 2732
###lsm 2733 2732
###lsm 2733 2734
###lsm 2735 2734
###lsm 2735 2736
###lsm 2737 2736
###lsm 2737 2738
###lsm 2739 2738
###lsm 2739 2740
###lsm 2741 2740
###lsm 2741 2742
###lsm 2743 2742
###lsm 2743 2744
###lsm 2745 2744
###lsm 2745 2698
###lsm 2698 2696
###lsm 2703 2705
###lsm 2703 2746
###lsm 2703 2747
###lsm 2701 2703
###lsm 2701 2747
###lsm 2701 2748
###lsm 2699 2701
###lsm 2699 2748
###lsm 2699 2749
###lsm 2697 2699
###lsm 2697 2749
###lsm 2695 2697
###lsm 2747 2746
###lsm 2747 2750
###lsm 2747 2751
###lsm 2748 2747
###lsm 2748 2751
###lsm 2748 2752
###lsm 2749 2748
###lsm 2749 2752
###lsm 2749 2753
###lsm 2695 2749
###lsm 2695 2753
###lsm 2666 2695
###lsm 2751 2750
###lsm 2751 2754
###lsm 2751 2755
###lsm 2752 2751
###lsm 2752 2755
###lsm 2752 2756
###lsm 2753 2752
###lsm 2753 2756
###lsm 2753 2664
###lsm 2664 2666
###lsm 2666 2753
###lsm 2755 2754
###lsm 2755 2757
###lsm 2755 2758
###lsm 2756 2755
###lsm 2756 2758
###lsm 2756 2662
###lsm 2662 2664
###lsm 2664 2756
###lsm 2758 2757
###lsm 2758 2759
###lsm 2758 2660
###lsm 2660 2662
###lsm 2662 2758
###lsm 2658 2660
###lsm 2660 2759
###lsm 2647 2649
###lsm 2647 2760
###lsm 2647 2761
###lsm 2645 2647
###lsm 2645 2761
###lsm 2645 2762
###lsm 2643 2645
###lsm 2643 2762
###lsm 2643 2763
###lsm 2641 2643
###lsm 2641 2763
###lsm 2639 2641
###lsm 2761 2760
###lsm 2761 2764
###lsm 2761 2765
###lsm 2762 2761
###lsm 2762 2765
###lsm 2762 2766
###lsm 2763 2762
###lsm 2763 2766
###lsm 2763 2767
###lsm 2639 2763
###lsm 2639 2767
###lsm 2637 2639
###lsm 2765 2764
###lsm 2765 2768
###lsm 2765 2769
###lsm 2766 2765
###lsm 2766 2769
###lsm 2766 2770
###lsm 2767 2766
###lsm 2767 2770
###lsm 2767 2771
###lsm 2637 2767
###lsm 2637 2771
###lsm 2635 2637
###lsm 2769 2768
###lsm 2769 2772
###lsm 2769 2773
###lsm 2770 2769
###lsm 2770 2773
###lsm 2770 2774
###lsm 2771 2770
###lsm 2771 2774
###lsm 2771 2775
###lsm 2635 2771
###lsm 2635 2775
###lsm 2633 2635
###lsm 2773 2772
###lsm 2773 2776
###lsm 2773 2777
###lsm 2774 2773
###lsm 2774 2777
###lsm 2774 2778
###lsm 2775 2774
###lsm 2775 2778
###lsm 2775 2779
###lsm 2633 2775
###lsm 2633 2779
###lsm 2631 2633
###lsm 2777 2776
###lsm 2777 2780
###lsm 2777 2781
###lsm 2778 2777
###lsm 2778 2781
###lsm 2778 2782
###lsm 2779 2778
###lsm 2779 2782
###lsm 2779 2783
###lsm 2631 2779
###lsm 2631 2783
###lsm 2574 2631
###lsm 2781 2780
###lsm 2781 2784
###lsm 2781 2785
###lsm 2782 2781
###lsm 2782 2785
###lsm 2782 2786
###lsm 2783 2782
###lsm 2783 2786
###lsm 2783 2572
###lsm 2572 2574
###lsm 2574 2783
###lsm 2785 2784
###lsm 2785 2787
###lsm 2785 2788
###lsm 2786 2785
###lsm 2786 2788
###lsm 2786 2570
###lsm 2570 2572
###lsm 2572 2786
###lsm 2788 2787
###lsm 2788 2789
###lsm 2788 2568
###lsm 2568 2570
###lsm 2570 2788
###lsm 2566 2568
###lsm 2568 2789
###lsm 2537 2539
###lsm 2537 2790
###lsm 2537 2791
###lsm 2535 2537
###lsm 2535 2791
###lsm 2535 2792
###lsm 2533 2535
###lsm 2533 2792
###lsm 2533 2793
###lsm 2531 2533
###lsm 2531 2793
###lsm 2529 2531
###lsm 2791 2790
###lsm 2794 2790
###lsm 2794 2795
###lsm 2796 2795
###lsm 2796 2797
###lsm 2798 2797
###lsm 2798 2799
###lsm 2800 2799
###lsm 2800 2801
###lsm 2802 2801
###lsm 2802 2803
###lsm 2804 2803
###lsm 2804 2805
###lsm 2806 2805
###lsm 2806 2807
###lsm 2808 2807
###lsm 2808 2809
###lsm 2810 2809
###lsm 2810 2811
###lsm 2812 2811
###lsm 2812 2813
###lsm 2814 2813
###lsm 2814 2815
###lsm 2816 2815
###lsm 2816 2817
###lsm 2818 2817
###lsm 2818 2497
###lsm 2497 2499
###lsm 2504 2506
###lsm 2819 2506
###lsm 2506 2509
###lsm 2819 2509
###lsm 2820 2509
###lsm 2509 2511
###lsm 2820 2511
###lsm 2821 2511
###lsm 2511 2513
###lsm 2821 2513
###lsm 2822 2513
###lsm 2513 2515
###lsm 2822 2515
###lsm 2823 2515
###lsm 2515 2517
###lsm 2823 2517
###lsm 2824 2517
###lsm 2517 2519
###lsm 2824 2519
###lsm 2825 2519
###lsm 2519 2521
###lsm 2825 2521
###lsm 2826 2521
###lsm 2521 2523
###lsm 2826 2523
###lsm 2827 2523
###lsm 2523 2525
###lsm 2827 2525
###lsm 2828 2525
###lsm 2525 2527
###lsm 2828 2527
###lsm 2829 2527
###lsm 2527 2529
###lsm 2829 2529
###lsm 2529 2793
###lsm 2818 2499
###lsm 2499 2502
###lsm 2502 2504
###lsm 2830 2504
###lsm 2504 2819
###lsm 2830 2819
###lsm 2831 2819
###lsm 2819 2820
###lsm 2831 2820
###lsm 2832 2820
###lsm 2820 2821
###lsm 2832 2821
###lsm 2833 2821
###lsm 2821 2822
###lsm 2833 2822
###lsm 2834 2822
###lsm 2822 2823
###lsm 2834 2823
###lsm 2835 2823
###lsm 2823 2824
###lsm 2835 2824
###lsm 2836 2824
###lsm 2824 2825
###lsm 2836 2825
###lsm 2837 2825
###lsm 2825 2826
###lsm 2837 2826
###lsm 2838 2826
###lsm 2826 2827
###lsm 2838 2827
###lsm 2839 2827
###lsm 2827 2828
###lsm 2839 2828
###lsm 2840 2828
###lsm 2828 2829
###lsm 2840 2829
###lsm 2841 2829
###lsm 2829 2793
###lsm 2841 2793
###lsm 2793 2792
###lsm 2816 2818
###lsm 2830 2818
###lsm 2818 2502
###lsm 2502 2830
###lsm 2816 2830
###lsm 2830 2831
###lsm 2814 2816
###lsm 2816 2831
###lsm 2814 2831
###lsm 2831 2832
###lsm 2812 2814
###lsm 2814 2832
###lsm 2812 2832
###lsm 2832 2833
###lsm 2810 2812
###lsm 2812 2833
###lsm 2810 2833
###lsm 2833 2834
###lsm 2808 2810
###lsm 2810 2834
###lsm 2808 2834
###lsm 2834 2835
###lsm 2806 2808
###lsm 2808 2835
###lsm 2806 2835
###lsm 2835 2836
###lsm 2804 2806
###lsm 2806 2836
###lsm 2804 2836
###lsm 2836 2837
###lsm 2802 2804
###lsm 2804 2837
###lsm 2802 2837
###lsm 2837 2838
###lsm 2800 2802
###lsm 2802 2838
###lsm 2800 2838
###lsm 2838 2839
###lsm 2798 2800
###lsm 2800 2839
###lsm 2798 2839
###lsm 2839 2840
###lsm 2796 2798
###lsm 2798 2840
###lsm 2796 2840
###lsm 2840 2841
###lsm 2796 2841
###lsm 2794 2796
###lsm 2794 2841
###lsm 2841 2792
###lsm 2794 2792
###lsm 2792 2791
###lsm 2791 2794
###lsm 2621 2623
###lsm 2621 2842
###lsm 2621 2619
###lsm 2619 2618
###lsm 2618 2621
###lsm 2619 2842
###lsm 2620 2619
###lsm 2620 2842
###lsm 2620 2843
###lsm 2561 2620
###lsm 2561 2843
###lsm 2563 2561
###lsm 2842 2623
###lsm 2844 2623
###lsm 2623 2625
###lsm 2844 2625
###lsm 2845 2625
###lsm 2625 2627
###lsm 2845 2627
###lsm 2846 2627
###lsm 2627 2629
###lsm 2846 2629
###lsm 2571 2629
###lsm 2629 2573
###lsm 2573 2571
###lsm 2842 2844
###lsm 2843 2842
###lsm 2843 2844
###lsm 2843 2847
###lsm 2563 2843
###lsm 2563 2847
###lsm 2565 2563
###lsm 2847 2844
###lsm 2844 2845
###lsm 2847 2845
###lsm 2848 2845
###lsm 2845 2846
###lsm 2848 2846
###lsm 2569 2846
###lsm 2846 2571
###lsm 2571 2569
###lsm 2567 2565
###lsm 2848 2565
###lsm 2565 2847
###lsm 2847 2848
###lsm 2567 2848
###lsm 2848 2569
###lsm 2569 2567
###lsm 2698 2744
###lsm 2700 2698
###lsm 2700 2744
###lsm 2700 2849
###lsm 2702 2700
###lsm 2702 2849
###lsm 2702 2850
###lsm 2704 2702
###lsm 2704 2850
###lsm 2707 2704
###lsm 2744 2742
###lsm 2849 2744
###lsm 2849 2742
###lsm 2849 2851
###lsm 2850 2849
###lsm 2850 2851
###lsm 2850 2852
###lsm 2707 2850
###lsm 2707 2852
###lsm 2709 2707
###lsm 2742 2740
###lsm 2851 2742
###lsm 2851 2740
###lsm 2851 2853
###lsm 2852 2851
###lsm 2852 2853
###lsm 2852 2854
###lsm 2709 2852
###lsm 2709 2854
###lsm 2711 2709
###lsm 2740 2738
###lsm 2853 2740
###lsm 2853 2738
###lsm 2853 2855
###lsm 2854 2853
###lsm 2854 2855
###lsm 2854 2856
###lsm 2711 2854
###lsm 2711 2856
###lsm 2713 2711
###lsm 2738 2736
###lsm 2855 2738
###lsm 2855 2736
###lsm 2855 2857
###lsm 2856 2855
###lsm 2856 2857
###lsm 2856 2858
###lsm 2713 2856
###lsm 2713 2858
###lsm 2715 2713
###lsm 2736 2734
###lsm 2857 2736
###lsm 2857 2734
###lsm 2857 2859
###lsm 2858 2857
###lsm 2858 2859
###lsm 2858 2860
###lsm 2715 2858
###lsm 2715 2860
###lsm 2717 2715
###lsm 2734 2732
###lsm 2859 2734
###lsm 2859 2732
###lsm 2859 2861
###lsm 2860 2859
###lsm 2860 2861
###lsm 2860 2862
###lsm 2717 2860
###lsm 2717 2862
###lsm 2719 2717
###lsm 2732 2730
###lsm 2861 2732
###lsm 2861 2730
###lsm 2861 2863
###lsm 2862 2861
###lsm 2862 2863
###lsm 2862 2864
###lsm 2719 2862
###lsm 2719 2864
###lsm 2721 2719
###lsm 2730 2728
###lsm 2863 2730
###lsm 2863 2728
###lsm 2863 2865
###lsm 2864 2863
###lsm 2864 2865
###lsm 2864 2722
###lsm 2722 2721
###lsm 2721 2864
###lsm 2728 2726
###lsm 2865 2728
###lsm 2865 2726
###lsm 2865 2723
###lsm 2723 2722
###lsm 2722 2865
###lsm 2724 2723
###lsm 2723 2726
###lsm 2726 2724
###lsm 2056 2866
###lsm 2056 2867
###lsm 2868 2867
###lsm 2868 2869
###lsm 2870 2869
###lsm 2870 2871
###lsm 2872 2871
###lsm 2872 2873
###lsm 2874 2873
###lsm 2874 2507
###lsm 2875 2507
###lsm 2507 2505
###lsm 2875 2505
###lsm 2876 2505
###lsm 2505 2503
###lsm 2876 2503
###lsm 2877 2503
###lsm 2503 2501
###lsm 2877 2501
###lsm 2878 2501
###lsm 2501 2500
###lsm 2878 2500
###lsm 2500 2498
###lsm 2866 2061
###lsm 2879 2061
###lsm 2879 2060
###lsm 2880 2060
###lsm 2880 2062
###lsm 2881 2062
###lsm 2881 2064
###lsm 2066 2882
###lsm 2066 2883
###lsm 2884 2883
###lsm 2884 2885
###lsm 2880 2885
###lsm 2879 2880
###lsm 2498 2886
###lsm 2498 2887
###lsm 2888 2887
###lsm 2888 2889
###lsm 2877 2889
###lsm 2876 2877
###lsm 2886 2056
###lsm 2056 2868
###lsm 2867 2866
###lsm 2890 2866
###lsm 2866 2879
###lsm 2890 2879
###lsm 2879 2885
###lsm 2868 2870
###lsm 2886 2868
###lsm 2886 2870
###lsm 2886 2891
###lsm 2887 2886
###lsm 2887 2891
###lsm 2889 2887
###lsm 2878 2498
###lsm 2498 2888
###lsm 2877 2878
###lsm 2878 2888
###lsm 2888 2877
###lsm 2867 2890
###lsm 2869 2867
###lsm 2869 2890
###lsm 2869 2892
###lsm 2871 2869
###lsm 2871 2892
###lsm 2871 2882
###lsm 2873 2871
###lsm 2873 2882
###lsm 2882 2507
###lsm 2507 2873
###lsm 2892 2890
###lsm 2890 2885
###lsm 2870 2872
###lsm 2891 2870
###lsm 2891 2872
###lsm 2891 2893
###lsm 2889 2891
###lsm 2889 2893
###lsm 2876 2889
###lsm 2884 2880
###lsm 2880 2881
###lsm 2882 2892
###lsm 2883 2882
###lsm 2883 2892
###lsm 2892 2885
###lsm 2885 2883
###lsm 2875 2876
###lsm 2876 2893
###lsm 2875 2893
###lsm 2874 2875
###lsm 2874 2893
###lsm 2893 2872
###lsm 2872 2874
###lsm 2066 2884
###lsm 2884 2881
###lsm 2881 2066
###lsm 2069 2894
###lsm 2898 2897
###lsm 2898 2899
###lsm 2900 2899
###lsm 2900 2901
###lsm 2902 2901
###lsm 2902 2903
###lsm 2904 2903
###lsm 2904 2905
###lsm 2906 2905
###lsm 2906 2907
###lsm 2908 2907
###lsm 2908 2909
###lsm 2910 2909
###lsm 2910 2911
###lsm 2912 2911
###lsm 2912 2913
###lsm 2914 2913
###lsm 2914 2915
###lsm 2916 2915
###lsm 2916 2917
###lsm 2918 2917
###lsm 2918 2919
###lsm 2920 2919
###lsm 2921 2919
###lsm 2921 2922
###lsm 2923 2922
###lsm 2923 2924
###lsm 2925 2924
###lsm 2925 2926
###lsm 2927 2926
###lsm 2927 2928
###lsm 2929 2928
###lsm 2929 2930
###lsm 2931 2930
###lsm 2931 2932
###lsm 2933 2932
###lsm 2933 2934
###lsm 2935 2934
###lsm 2935 2936
###lsm 2937 2936
###lsm 2937 2938
###lsm 2939 2938
###lsm 2939 2940
###lsm 2941 2940
###lsm 2942 2940
###lsm 2942 2943
###lsm 2944 2943
###lsm 2944 2945
###lsm 2946 2945
###lsm 2946 2947
###lsm 2948 2947
###lsm 2948 2949
###lsm 2950 2949
###lsm 2950 2951
###lsm 2952 2951
###lsm 2952 2953
###lsm 2954 2953
###lsm 2954 2955
###lsm 2956 2955
###lsm 2956 2957
###lsm 2958 2957
###lsm 2958 2959
###lsm 2960 2959
###lsm 2960 2961
###lsm 2962 2961
###lsm 2962 2963
###lsm 2964 2963
###lsm 2965 2963
###lsm 2965 2966
###lsm 2967 2966
###lsm 2967 2968
###lsm 2969 2968
###lsm 2969 2970
###lsm 2971 2970
###lsm 2971 2972
###lsm 2973 2972
###lsm 2973 2974
###lsm 2975 2974
###lsm 2975 2976
###lsm 2977 2976
###lsm 2977 2978
###lsm 2979 2978
###lsm 2979 2980
###lsm 2981 2980
###lsm 2981 2982
###lsm 2983 2982
###lsm 2983 2984
###lsm 2985 2984
###lsm 2986 2984
###lsm 2986 2987
###lsm 2988 2987
###lsm 2988 2989
###lsm 2990 2989
###lsm 2990 2991
###lsm 2992 2991
###lsm 2992 2993
###lsm 2994 2993
###lsm 2994 2995
###lsm 2996 2995
###lsm 2996 2997
###lsm 2998 2997
###lsm 2998 2999
###lsm 3000 2999
###lsm 3000 3001
###lsm 3002 3001
###lsm 3002 3003
###lsm 3004 3003
###lsm 3004 3005
###lsm 3006 3005
###lsm 3006 2895
###lsm 2895 2894
###lsm 2071 2897
###lsm 2897 2896
###lsm 2897 2069
###lsm 2897 2955
###lsm 2069 3005
###lsm 2955 2069
###lsm 3005 2978
###lsm 3005 2976
###lsm 3003 2999
###lsm 3003 2997
###lsm 3003 2995
###lsm 3003 2993
###lsm 3003 2991
###lsm 3003 2989
###lsm 3003 2987
###lsm 3003 2984
###lsm 3003 2982
###lsm 3003 2980
###lsm 2978 3003
###lsm 3005 2974
###lsm 3005 2972
###lsm 3005 2970
###lsm 3005 2968
###lsm 3005 2966
###lsm 3005 2963
###lsm 3005 2961
###lsm 3005 2959
###lsm 3005 2957
###lsm 2955 3005
###lsm 2897 2953
###lsm 2897 2951
###lsm 2897 2949
###lsm 2897 2947
###lsm 2897 2945
###lsm 2897 2943
###lsm 2897 2940
###lsm 2897 2938
###lsm 2897 2936
###lsm 2897 2934
###lsm 2897 2932
###lsm 2897 2930
###lsm 2897 2928
###lsm 2897 2926
###lsm 2897 2924
###lsm 2897 2922
###lsm 2897 2919
###lsm 2897 2917
###lsm 2897 2915
###lsm 2897 2913
###lsm 2897 2911
###lsm 2897 2909
###lsm 2897 2907
###lsm 2897 2905
###lsm 2897 2903
###lsm 2897 2901
###lsm 2894 2067
###lsm 2067 2481
###lsm 2071 2507
###lsm 2507 2066
###lsm 2894 2481
###lsm 3006 2481
###lsm 2481 2725
###lsm 3006 2725
###lsm 3004 2725
###lsm 2725 2727
###lsm 3004 2727
###lsm 3002 2727
###lsm 2727 2729
###lsm 3002 2729
###lsm 3000 2729
###lsm 2729 2731
###lsm 3000 2731
###lsm 2998 2731
###lsm 2731 2733
###lsm 2998 2733
###lsm 2996 2733
###lsm 2733 2735
###lsm 2996 2735
###lsm 2994 2735
###lsm 2735 2737
###lsm 2994 2737
###lsm 2992 2737
###lsm 2737 2739
###lsm 2992 2739
###lsm 2990 2739
###lsm 2739 2741
###lsm 2990 2741
###lsm 2988 2741
###lsm 2741 2743
###lsm 2988 2743
###lsm 2986 2743
###lsm 2743 2745
###lsm 2986 2745
###lsm 2985 2745
###lsm 2745 2696
###lsm 2985 2696
###lsm 2983 2696
###lsm 2696 2668
###lsm 2983 2668
###lsm 2981 2668
###lsm 2668 2667
###lsm 2981 2667
###lsm 2979 2667
###lsm 2667 2694
###lsm 2979 2694
###lsm 2977 2694
###lsm 2694 2692
###lsm 2977 2692
###lsm 2975 2692
###lsm 2692 2689
###lsm 2975 2689
###lsm 2973 2689
###lsm 2689 2685
###lsm 2973 2685
###lsm 2971 2685
###lsm 2685 2681
###lsm 2971 2681
###lsm 2969 2681
###lsm 2681 2677
###lsm 2969 2677
###lsm 2967 2677
###lsm 2677 2673
###lsm 2967 2673
###lsm 2965 2673
###lsm 2673 2669
###lsm 2965 2669
###lsm 2964 2669
###lsm 2669 2640
###lsm 2964 2640
###lsm 2962 2640
###lsm 2640 2638
###lsm 2962 2638
###lsm 2960 2638
###lsm 2638 2636
###lsm 2960 2636
###lsm 2958 2636
###lsm 2636 2634
###lsm 2958 2634
###lsm 2956 2634
###lsm 2634 2632
###lsm 2956 2632
###lsm 2954 2632
###lsm 2632 2576
###lsm 2954 2576
###lsm 2952 2576
###lsm 2576 2575
###lsm 2952 2575
###lsm 2950 2575
###lsm 2575 2630
###lsm 2950 2630
###lsm 2948 2630
###lsm 2630 2628
###lsm 2948 2628
###lsm 2946 2628
###lsm 2628 2626
###lsm 2946 2626
###lsm 2944 2626
###lsm 2626 2624
###lsm 2944 2624
###lsm 2942 2624
###lsm 2624 2622
###lsm 2942 2622
###lsm 2941 2622
###lsm 2622 2617
###lsm 2941 2617
###lsm 2939 2617
###lsm 2617 2613
###lsm 2939 2613
###lsm 2937 2613
###lsm 2613 2609
###lsm 2937 2609
###lsm 2935 2609
###lsm 2609 2605
###lsm 2935 2605
###lsm 2933 2605
###lsm 2605 2601
###lsm 2933 2601
###lsm 2931 2601
###lsm 2601 2597
###lsm 2931 2597
###lsm 2929 2597
###lsm 2597 2593
###lsm 2929 2593
###lsm 2927 2593
###lsm 2593 2589
###lsm 2927 2589
###lsm 2925 2589
###lsm 2589 2585
###lsm 2925 2585
###lsm 2923 2585
###lsm 2585 2581
###lsm 2923 2581
###lsm 2921 2581
###lsm 2581 2577
###lsm 2921 2577
###lsm 2920 2577
###lsm 2577 2530
###lsm 2920 2530
###lsm 2918 2530
###lsm 2530 2528
###lsm 2918 2528
###lsm 2916 2528
###lsm 2528 2526
###lsm 2916 2526
###lsm 2914 2526
###lsm 2526 2524
###lsm 2914 2524
###lsm 2912 2524
###lsm 2524 2522
###lsm 2912 2522
###lsm 2910 2522
###lsm 2522 2520
###lsm 2910 2520
###lsm 2908 2520
###lsm 2520 2518
###lsm 2908 2518
###lsm 2906 2518
###lsm 2518 2516
###lsm 2906 2516
###lsm 2904 2516
###lsm 2516 2514
###lsm 2904 2514
###lsm 2902 2514
###lsm 2514 2512
###lsm 2902 2512
###lsm 2900 2512
###lsm 2512 2510
###lsm 2900 2510
###lsm 2898 2510
###lsm 2510 2508
###lsm 2898 2508
###lsm 2896 2508
###lsm 2508 2507
###lsm 2507 2896
###lsm 2072 2102
###lsm 2072 2101
###lsm 2472 2057
###lsm 2472 3007
###lsm 2472 3008
###lsm 2057 2073
###lsm 2057 3010
###lsm 2055 2076
###lsm 2055 2074
###lsm 2073 2055
###lsm 2077 2099
###lsm 2077 2098
###lsm 3012 2098
###lsm 3012 3013
###lsm 3014 3013
###lsm 3014 3015
###lsm 3016 3015
###lsm 3016 3017
###lsm 3018 3017
###lsm 3018 3019
###lsm 3020 3019
###lsm 3020 3021
###lsm 3022 3021
###lsm 3022 3023
###lsm 3024 3023
###lsm 3024 3025
###lsm 3026 3025
###lsm 3026 3027
###lsm 3028 3027
###lsm 3028 3029
###lsm 3030 3029
###lsm 3030 3031
###lsm 3032 3031
###lsm 3032 3033
###lsm 3034 3033
###lsm 3034 3035
###lsm 3036 3035
###lsm 3036 3037
###lsm 3038 3037
###lsm 3038 3007
###lsm 3007 2057
###lsm 2057 3011
###lsm 2057 3039
###lsm 2057 3040
###lsm 2057 3041
###lsm 2057 3042
###lsm 2057 3043
###lsm 2057 3044
###lsm 2057 3045
###lsm 2057 3046
###lsm 2057 3047
###lsm 2057 3048
###lsm 2057 3049
###lsm 2057 3050
###lsm 2057 3051
###lsm 2057 3052
###lsm 3038 2057
###lsm 2057 3053
###lsm 2472 3009
###lsm 2472 3054
###lsm 2472 3055
###lsm 2472 3056
###lsm 2472 3057
###lsm 2472 3058
###lsm 2472 3059
###lsm 2472 3060
###lsm 2472 3061
###lsm 2472 3062
###lsm 2472 3063
###lsm 2472 3064
###lsm 2472 3065
###lsm 2472 3066
###lsm 2472 3067
###lsm 2102 2472
###lsm 2472 3068
###lsm 2099 2076
###lsm 2076 2072
###lsm 2072 2099
###lsm 3070 2498
###lsm 2498 2497
###lsm 3070 2497
###lsm 3071 2497
###lsm 2497 2817
###lsm 3071 2817
###lsm 3072 2817
###lsm 2817 2815
###lsm 3072 2815
###lsm 3073 2815
###lsm 2815 2813
###lsm 3073 2813
###lsm 3074 2813
###lsm 2813 2811
###lsm 3074 2811
###lsm 3075 2811
###lsm 3076 2811
###lsm 2811 2809
###lsm 3076 2809
###lsm 3077 2809
###lsm 2809 2807
###lsm 3077 2807
###lsm 3078 2807
###lsm 2807 2805
###lsm 3078 2805
###lsm 3079 2805
###lsm 2805 2803
###lsm 3079 2803
###lsm 3080 2803
###lsm 2803 2801
###lsm 3080 2801
###lsm 3081 2801
###lsm 2801 2799
###lsm 3081 2799
###lsm 3082 2799
###lsm 3083 2799
###lsm 2799 2797
###lsm 3083 2797
###lsm 3084 2797
###lsm 2797 2795
###lsm 3084 2795
###lsm 3085 2795
###lsm 2795 2790
###lsm 3085 2790
###lsm 3086 2790
###lsm 2790 2539
###lsm 3086 2539
###lsm 3087 2539
###lsm 2539 2540
###lsm 3087 2540
###lsm 3088 2540
###lsm 3089 2540
###lsm 2540 2542
###lsm 3089 2542
###lsm 3090 2542
###lsm 2542 2544
###lsm 3090 2544
###lsm 3091 2544
###lsm 2544 2546
###lsm 3091 2546
###lsm 3092 2546
###lsm 2546 2548
###lsm 3092 2548
###lsm 3093 2548
###lsm 2548 2550
###lsm 3093 2550
###lsm 3094 2550
###lsm 3095 2550
###lsm 2550 2552
###lsm 3095 2552
###lsm 3096 2552
###lsm 2552 2554
###lsm 3096 2554
###lsm 3097 2554
###lsm 2554 2556
###lsm 3097 2556
###lsm 3098 2556
###lsm 2556 2558
###lsm 3098 2558
###lsm 3099 2558
###lsm 2558 2560
###lsm 3099 2560
###lsm 3100 2560
###lsm 2560 2562
###lsm 3100 2562
###lsm 3101 2562
###lsm 3101 3102
###lsm 2562 2564
###lsm 2562 3103
###lsm 2562 3104
###lsm 2564 2566
###lsm 2564 3106
###lsm 2564 3107
###lsm 2566 2789
###lsm 2566 3109
###lsm 2566 3110
###lsm 2789 2787
###lsm 2789 3112
###lsm 2789 3113
###lsm 2787 2784
###lsm 2787 3115
###lsm 2787 3116
###lsm 2784 2780
###lsm 2784 3118
###lsm 2784 3119
###lsm 3120 3119
###lsm 3120 3121
###lsm 2173 3121
###lsm 2174 3121
###lsm 2174 3122
###lsm 2192 3122
###lsm 2192 3123
###lsm 2189 3123
###lsm 2186 3123
###lsm 2186 3124
###lsm 2176 3124
###lsm 2176 3125
###lsm 2177 3125
###lsm 3101 2177
###lsm 3118 2780
###lsm 3126 2780
###lsm 2780 2776
###lsm 3126 2776
###lsm 3127 2776
###lsm 2776 2772
###lsm 3127 2772
###lsm 3128 2772
###lsm 2772 2768
###lsm 3128 2768
###lsm 3129 2768
###lsm 2768 2764
###lsm 3129 2764
###lsm 3130 2764
###lsm 2764 2760
###lsm 3130 2760
###lsm 3131 2760
###lsm 3132 2760
###lsm 2760 2649
###lsm 3132 2649
###lsm 3133 2649
###lsm 2649 2650
###lsm 3133 2650
###lsm 3134 2650
###lsm 2650 2652
###lsm 3134 2652
###lsm 3135 2652
###lsm 2652 2654
###lsm 3135 2654
###lsm 3136 2654
###lsm 2654 2656
###lsm 3136 2656
###lsm 3137 2656
###lsm 3138 2656
###lsm 2656 2658
###lsm 3138 2658
###lsm 3139 2658
###lsm 2658 2759
###lsm 3139 2759
###lsm 3140 2759
###lsm 2759 2757
###lsm 3140 2757
###lsm 3141 2757
###lsm 2757 2754
###lsm 3141 2754
###lsm 3142 2754
###lsm 2754 2750
###lsm 3142 2750
###lsm 3143 2750
###lsm 3144 2750
###lsm 2750 2746
###lsm 3144 2746
###lsm 3145 2746
###lsm 2746 2705
###lsm 3145 2705
###lsm 3146 2705
###lsm 2705 2706
###lsm 3146 2706
###lsm 3147 2706
###lsm 2706 2708
###lsm 3147 2708
###lsm 3148 2708
###lsm 2708 2710
###lsm 3148 2710
###lsm 3149 2710
###lsm 2710 2712
###lsm 3149 2712
###lsm 3150 2712
###lsm 3151 2712
###lsm 2712 2714
###lsm 3151 2714
###lsm 3152 2714
###lsm 2714 2716
###lsm 3152 2716
###lsm 3153 2716
###lsm 2716 2718
###lsm 3153 2718
###lsm 3154 2718
###lsm 2718 2720
###lsm 3154 2720
###lsm 3155 2720
###lsm 2720 2472
###lsm 3155 2472
###lsm 2472 2072
###lsm 2784 3120
###lsm 2784 3156
###lsm 2784 3157
###lsm 3115 2784
###lsm 2787 3117
###lsm 2787 3158
###lsm 2787 3159
###lsm 2787 3160
###lsm 2787 3161
###lsm 2787 3162
###lsm 3112 2787
###lsm 2789 3114
###lsm 2789 3163
###lsm 2789 3164
###lsm 3109 2789
###lsm 2566 3111
###lsm 2566 3165
###lsm 2566 3166
###lsm 3106 2566
###lsm 2564 3108
###lsm 2564 3167
###lsm 2564 3168
###lsm 2564 3169
###lsm 2564 3170
###lsm 2564 3171
###lsm 3103 2564
###lsm 3102 2562
###lsm 2562 3105
###lsm 2054 2152
###lsm 2054 2151
###lsm 2056 2498
###lsm 2056 2335
###lsm 2056 2336
###lsm 2498 3069
###lsm 2498 2123
###lsm 2498 2393
###lsm 3069 2126
###lsm 3069 2124
###lsm 2123 3069
###lsm 2127 2149
###lsm 2127 2148
###lsm 2392 2148
###lsm 2392 2322
###lsm 2422 2322
###lsm 2422 2323
###lsm 2421 2323
###lsm 2421 2324
###lsm 2420 2324
###lsm 2420 2325
###lsm 2419 2325
###lsm 2419 2326
###lsm 2418 2326
###lsm 2418 2327
###lsm 2417 2327
###lsm 2417 2328
###lsm 2416 2328
###lsm 2416 2329
###lsm 2415 2329
###lsm 2415 2330
###lsm 2414 2330
###lsm 2414 2331
###lsm 2413 2331
###lsm 2413 2332
###lsm 2412 2332
###lsm 2412 2333
###lsm 2411 2333
###lsm 2411 2334
###lsm 2410 2334
###lsm 2410 2335
###lsm 2335 2498
###lsm 2498 2394
###lsm 2498 2395
###lsm 2498 2396
###lsm 2498 2397
###lsm 2498 2398
###lsm 2498 2399
###lsm 2498 2400
###lsm 2498 2401
###lsm 2498 2402
###lsm 2498 2403
###lsm 2498 2404
###lsm 2498 2405
###lsm 2498 2406
###lsm 2498 2407
###lsm 2498 2408
###lsm 2410 2498
###lsm 2498 2409
###lsm 2056 2337
###lsm 2056 2338
###lsm 2056 2339
###lsm 2056 2340
###lsm 2056 2341
###lsm 2056 2342
###lsm 2056 2343
###lsm 2056 2344
###lsm 2056 2345
###lsm 2056 2346
###lsm 2056 2347
###lsm 2056 2348
###lsm 2056 2349
###lsm 2056 2350
###lsm 2056 2351
###lsm 2152 2056
###lsm 2056 2321
###lsm 2149 2126
###lsm 2126 2054
###lsm 2054 2149
###lsm 2052 2054
###lsm 2072 1982
###lsm 3155 1982
###lsm 3155 1983
###lsm 3154 1983
###lsm 3154 1984
###lsm 3153 1984
###lsm 3153 1985
###lsm 3152 1985
###lsm 3152 1986
###lsm 3151 1986
###lsm 3151 1987
###lsm 3150 1987
###lsm 3150 1988
###lsm 3149 1988
###lsm 3149 1989
###lsm 3148 1989
###lsm 3148 1990
###lsm 3147 1990
###lsm 3147 1991
###lsm 3146 1991
###lsm 3146 1992
###lsm 3145 1992
###lsm 3145 1993
###lsm 3144 1993
###lsm 3144 1994
###lsm 3143 1994
###lsm 3143 1995
###lsm 3142 1995
###lsm 3142 1996
###lsm 3141 1996
###lsm 3141 1997
###lsm 3140 1997
###lsm 3140 1998
###lsm 3139 1998
###lsm 3139 1999
###lsm 3138 1999
###lsm 3138 2000
###lsm 3137 2000
###lsm 3137 2001
###lsm 3136 2001
###lsm 3136 2002
###lsm 3135 2002
###lsm 3135 2003
###lsm 3134 2003
###lsm 3134 2004
###lsm 3133 2004
###lsm 3133 2005
###lsm 3132 2005
###lsm 3132 2006
###lsm 3131 2006
###lsm 3131 2007
###lsm 3130 2007
###lsm 3130 2008
###lsm 3129 2008
###lsm 3129 2009
###lsm 3128 2009
###lsm 3128 2010
###lsm 3127 2010
###lsm 3127 2011
###lsm 3126 2011
###lsm 3126 2012
###lsm 3118 2012
###lsm 3118 2013
###lsm 3119 2013
###lsm 3119 2014
###lsm 3121 2014
###lsm 3121 2015
###lsm 3122 2015
###lsm 3122 2016
###lsm 3123 2016
###lsm 3123 2017
###lsm 3124 2017
###lsm 3124 2018
###lsm 3125 2018
###lsm 3125 2019
###lsm 3101 2019
###lsm 3101 2020
###lsm 3100 2020
###lsm 3100 2021
###lsm 3099 2021
###lsm 3099 2022
###lsm 3098 2022
###lsm 3098 2023
###lsm 3097 2023
###lsm 3097 2024
###lsm 3096 2024
###lsm 3096 2025
###lsm 3095 2025
###lsm 3095 2026
###lsm 3094 2026
###lsm 3094 2027
###lsm 3093 2027
###lsm 3093 2028
###lsm 3092 2028
###lsm 3092 2029
###lsm 3091 2029
###lsm 3091 2030
###lsm 3090 2030
###lsm 3090 2031
###lsm 3089 2031
###lsm 3089 2032
###lsm 3088 2032
###lsm 3088 2033
###lsm 3087 2033
###lsm 3087 2034
###lsm 3086 2034
###lsm 3086 2035
###lsm 3085 2035
###lsm 3085 2036
###lsm 3084 2036
###lsm 3084 2037
###lsm 3083 2037
###lsm 3083 2038
###lsm 3082 2038
###lsm 3082 2039
###lsm 3081 2039
###lsm 3081 2040
###lsm 3080 2040
###lsm 3080 2041
###lsm 3079 2041
###lsm 3079 2042
###lsm 3078 2042
###lsm 3078 2043
###lsm 3077 2043
###lsm 3077 2044
###lsm 3076 2044
###lsm 3076 2045
###lsm 3075 2045
###lsm 3075 2046
###lsm 3074 2046
###lsm 3074 2047
###lsm 3073 2047
###lsm 3073 2048
###lsm 3072 2048
###lsm 3072 2049
###lsm 3071 2049
###lsm 3071 2050
###lsm 3070 2050
###lsm 3070 2051
###lsm 3069 2051
###lsm 2052 3069
###lsm 2178 2177
###lsm 2178 3102
###lsm 2178 2454
###lsm 2179 2454
###lsm 2179 2453
###lsm 2180 2453
###lsm 2180 2452
###lsm 2181 2452
###lsm 2181 2451
###lsm 2182 2451
###lsm 2182 2450
###lsm 2183 2450
###lsm 2183 2449
###lsm 2184 2449
###lsm 2184 2448
###lsm 2185 2448
###lsm 2185 2447
###lsm 2187 2447
###lsm 2187 2446
###lsm 2188 2446
###lsm 2188 2445
###lsm 2190 2445
###lsm 2190 2444
###lsm 2191 2444
###lsm 2191 2443
###lsm 2193 2443
###lsm 2193 2442
###lsm 2194 2442
###lsm 2194 2441
###lsm 2195 2441
###lsm 2195 2440
###lsm 2196 2440
###lsm 2196 2439
###lsm 2197 2439
###lsm 2197 2438
###lsm 2198 2438
###lsm 2198 2437
###lsm 2199 2437
###lsm 2199 2436
###lsm 2200 2436
###lsm 2200 2435
###lsm 2175 2435
###lsm 2175 2434
###lsm 3120 2434
###lsm 3120 2433
###lsm 3156 2433
###lsm 3157 2433
###lsm 3157 2432
###lsm 3115 2432
###lsm 3116 2432
###lsm 3116 2431
###lsm 3117 2431
###lsm 3117 2430
###lsm 3158 2430
###lsm 3159 2430
###lsm 3159 2429
###lsm 3160 2429
###lsm 3161 2429
###lsm 3161 2428
###lsm 3162 2428
###lsm 3162 2427
###lsm 3112 2427
###lsm 3113 2427
###lsm 3113 2426
###lsm 3114 2426
###lsm 3114 2425
###lsm 3163 2425
###lsm 3164 2425
###lsm 3164 2424
###lsm 3109 2424
###lsm 3110 2424
###lsm 3110 2423
###lsm 3111 2423
###lsm 3165 2423
###lsm 3165 2462
###lsm 3166 2462
###lsm 3166 2461
###lsm 3106 2461
###lsm 3107 2461
###lsm 3107 2460
###lsm 3108 2460
###lsm 3108 2459
###lsm 3167 2459
###lsm 3168 2459
###lsm 3168 2458
###lsm 3169 2458
###lsm 3170 2458
###lsm 3170 2457
###lsm 3171 2457
###lsm 3171 2456
###lsm 3103 2456
###lsm 3104 2456
###lsm 3104 2455
###lsm 3105 2455
###lsm 3102 2455
###lsm 2454 3102
###lsm 2173 2175
###lsm 2175 3120
###lsm 2100 2203
###lsm 2100 2202
###lsm 3013 2202
###lsm 3013 2201
###lsm 3015 2201
###lsm 3015 2240
###lsm 3017 2240
###lsm 3019 2240
###lsm 3019 2239
###lsm 3021 2239
###lsm 3023 2239
###lsm 3023 2238
###lsm 3025 2238
###lsm 3025 2237
###lsm 3027 2237
###lsm 3029 2237
###lsm 3029 2236
###lsm 3031 2236
###lsm 3031 2235
###lsm 3033 2235
###lsm 3035 2235
###lsm 3035 2234
###lsm 3037 2234
###lsm 3007 2234
###lsm 3007 2233
###lsm 3008 2233
###lsm 3008 2232
###lsm 3009 2232
###lsm 3054 2232
###lsm 3054 2231
###lsm 3055 2231
###lsm 3055 2230
###lsm 3056 2230
###lsm 3057 2230
###lsm 3057 2229
###lsm 3058 2229
###lsm 3059 2229
###lsm 3059 2228
###lsm 3060 2228
###lsm 3060 2227
###lsm 3061 2227
###lsm 3062 2227
###lsm 3062 2226
###lsm 3063 2226
###lsm 3063 2225
###lsm 3064 2225
###lsm 3065 2225
###lsm 3065 2224
###lsm 3066 2224
###lsm 3067 2224
###lsm 3067 2223
###lsm 3068 2223
###lsm 3068 2222
###lsm 2103 2222
###lsm 2107 2222
###lsm 2107 2221
###lsm 2108 2221
###lsm 2108 2220
###lsm 2109 2220
###lsm 2109 2219
###lsm 2110 2219
###lsm 2110 2218
###lsm 2111 2218
###lsm 2111 2217
###lsm 2112 2217
###lsm 2112 2216
###lsm 2113 2216
###lsm 2113 2215
###lsm 2114 2215
###lsm 2114 2214
###lsm 2115 2214
###lsm 2115 2213
###lsm 2104 2213
###lsm 2104 2212
###lsm 2105 2212
###lsm 2105 2211
###lsm 2106 2211
###lsm 2106 2210
###lsm 2116 2210
###lsm 2116 2209
###lsm 2117 2209
###lsm 2117 2208
###lsm 2118 2208
###lsm 2118 2207
###lsm 2119 2207
###lsm 2119 2206
###lsm 2120 2206
###lsm 2120 2205
###lsm 2121 2205
###lsm 2121 2204
###lsm 2122 2204
###lsm 2203 2122
###lsm 2103 2102
###lsm 3068 2103
###lsm 2098 2100
###lsm 2100 3013
###lsm 2075 2243
###lsm 2075 2242
###lsm 3010 2242
###lsm 3010 2241
###lsm 3011 2241
###lsm 3011 2280
###lsm 3039 2280
###lsm 3040 2280
###lsm 3040 2279
###lsm 3041 2279
###lsm 3042 2279
###lsm 3042 2278
###lsm 3043 2278
###lsm 3043 2277
###lsm 3044 2277
###lsm 3045 2277
###lsm 3045 2276
###lsm 3046 2276
###lsm 3046 2275
###lsm 3047 2275
###lsm 3048 2275
###lsm 3048 2274
###lsm 3049 2274
###lsm 3050 2274
###lsm 3050 2273
###lsm 3051 2273
###lsm 3051 2272
###lsm 3052 2272
###lsm 3053 2272
###lsm 3053 2271
###lsm 3038 2271
###lsm 3038 2270
###lsm 3036 2270
###lsm 3034 2270
###lsm 3034 2269
###lsm 3032 2269
###lsm 3030 2269
###lsm 3030 2268
###lsm 3028 2268
###lsm 3028 2267
###lsm 3026 2267
###lsm 3024 2267
###lsm 3024 2266
###lsm 3022 2266
###lsm 3022 2265
###lsm 3020 2265
###lsm 3018 2265
###lsm 3018 2264
###lsm 3016 2264
###lsm 3014 2264
###lsm 3014 2263
###lsm 3012 2263
###lsm 3012 2262
###lsm 2078 2262
###lsm 2082 2262
###lsm 2082 2261
###lsm 2083 2261
###lsm 2083 2260
###lsm 2084 2260
###lsm 2084 2259
###lsm 2085 2259
###lsm 2085 2258
###lsm 2086 2258
###lsm 2086 2257
###lsm 2087 2257
###lsm 2087 2256
###lsm 2088 2256
###lsm 2088 2255
###lsm 2089 2255
###lsm 2089 2254
###lsm 2090 2254
###lsm 2090 2253
###lsm 2079 2253
###lsm 2079 2252
###lsm 2080 2252
###lsm 2080 2251
###lsm 2081 2251
###lsm 2081 2250
###lsm 2091 2250
###lsm 2091 2249
###lsm 2092 2249
###lsm 2092 2248
###lsm 2093 2248
###lsm 2093 2247
###lsm 2094 2247
###lsm 2094 2246
###lsm 2095 2246
###lsm 2095 2245
###lsm 2096 2245
###lsm 2096 2244
###lsm 2097 2244
###lsm 2243 2097
###lsm 2078 2077
###lsm 3012 2078
###lsm 2073 2075
###lsm 2075 3010
###lsm 3173 1604
###lsm 3173 1605
###lsm 3174 1605
###lsm 3174 1606
###lsm 1604 3172
###lsm 1639 3172
###lsm 1639 3175
###lsm 1638 3175
###lsm 1638 3176
###lsm 1637 3176
###lsm 1637 3177
###lsm 1636 3177
###lsm 1636 3178
###lsm 1635 3178
###lsm 1635 3179
###lsm 1634 3179
###lsm 1634 3180
###lsm 1633 3180
###lsm 1633 3181
###lsm 1632 3181
###lsm 1632 3182
###lsm 1632 3183
###lsm 1631 3183
###lsm 1631 3184
###lsm 1630 3184
###lsm 1630 3185
###lsm 1629 3185
###lsm 1629 3186
###lsm 1628 3186
###lsm 1628 3187
###lsm 1627 3187
###lsm 1627 3188
###lsm 1626 3188
###lsm 1626 3189
###lsm 1625 3189
###lsm 1625 3190
###lsm 1624 3190
###lsm 1624 3191
###lsm 1623 3191
###lsm 1622 3191
###lsm 1622 3192
###lsm 1621 3192
###lsm 1621 3193
###lsm 1620 3193
###lsm 1620 3194
###lsm 1619 3194
###lsm 1619 3195
###lsm 1618 3195
###lsm 1618 3196
###lsm 1617 3196
###lsm 1617 3197
###lsm 1616 3197
###lsm 1616 3198
###lsm 1615 3198
###lsm 1615 3199
###lsm 1614 3199
###lsm 1614 3200
###lsm 1614 3201
###lsm 1613 3201
###lsm 1613 3202
###lsm 1612 3202
###lsm 1612 3203
###lsm 1611 3203
###lsm 1611 3204
###lsm 1610 3204
###lsm 1610 3205
###lsm 1609 3205
###lsm 1609 3206
###lsm 1608 3206
###lsm 1608 3207
###lsm 1607 3207
###lsm 3174 1607
###lsm 3180 3215
###lsm 3180 3216
###lsm 3246 3245
###lsm 3246 3247
###lsm 3248 3247
###lsm 3248 3249
###lsm 3245 3244
###lsm 3251 3244
###lsm 3251 3252
###lsm 3253 3252
###lsm 3253 3254
###lsm 3255 3254
###lsm 3255 3256
###lsm 3257 3256
###lsm 3257 3258
###lsm 3259 3258
###lsm 3259 3260
###lsm 3261 3260
###lsm 3261 3262
###lsm 3263 3262
###lsm 3263 3264
###lsm 3265 3264
###lsm 3265 3266
###lsm 3265 3267
###lsm 3268 3267
###lsm 3268 3269
###lsm 3270 3269
###lsm 3270 3271
###lsm 3272 3271
###lsm 3272 3273
###lsm 3274 3273
###lsm 3274 3275
###lsm 3276 3275
###lsm 3276 3277
###lsm 3278 3277
###lsm 3278 3279
###lsm 3280 3279
###lsm 3280 3281
###lsm 3282 3281
###lsm 3282 3283
###lsm 3284 3283
###lsm 3285 3283
###lsm 3285 3286
###lsm 3287 3286
###lsm 3287 3288
###lsm 3289 3288
###lsm 3289 3290
###lsm 3291 3290
###lsm 3291 3292
###lsm 3293 3292
###lsm 3293 3294
###lsm 3295 3294
###lsm 3295 3296
###lsm 3297 3296
###lsm 3297 3298
###lsm 3299 3298
###lsm 3299 3300
###lsm 3301 3300
###lsm 3301 3302
###lsm 3301 3303
###lsm 3304 3303
###lsm 3304 3305
###lsm 3306 3305
###lsm 3306 3307
###lsm 3308 3307
###lsm 3308 3309
###lsm 3310 3309
###lsm 3310 3311
###lsm 3312 3311
###lsm 3312 3313
###lsm 3314 3313
###lsm 3314 3315
###lsm 3250 3315
###lsm 3248 3250
###lsm 3353 1484
###lsm 3353 1485
###lsm 3354 1485
###lsm 3354 1486
###lsm 1484 3352
###lsm 1519 3352
###lsm 1519 3355
###lsm 1518 3355
###lsm 1518 3356
###lsm 1517 3356
###lsm 1517 3357
###lsm 1516 3357
###lsm 1516 3358
###lsm 1515 3358
###lsm 1515 3359
###lsm 1514 3359
###lsm 1514 3360
###lsm 1513 3360
###lsm 1513 3361
###lsm 1512 3361
###lsm 1512 3362
###lsm 1512 3363
###lsm 1511 3363
###lsm 1511 3364
###lsm 1510 3364
###lsm 1510 3365
###lsm 1509 3365
###lsm 1509 3366
###lsm 1508 3366
###lsm 1508 3367
###lsm 1507 3367
###lsm 1507 3368
###lsm 1506 3368
###lsm 1506 3369
###lsm 1505 3369
###lsm 1505 3370
###lsm 1504 3370
###lsm 1504 3371
###lsm 1503 3371
###lsm 1502 3371
###lsm 1502 3372
###lsm 1501 3372
###lsm 1501 3373
###lsm 1500 3373
###lsm 1500 3374
###lsm 1499 3374
###lsm 1499 3375
###lsm 1498 3375
###lsm 1498 3376
###lsm 1497 3376
###lsm 1497 3377
###lsm 1496 3377
###lsm 1496 3378
###lsm 1495 3378
###lsm 1495 3379
###lsm 1494 3379
###lsm 1494 3380
###lsm 1494 3381
###lsm 1493 3381
###lsm 1493 3382
###lsm 1492 3382
###lsm 1492 3383
###lsm 1491 3383
###lsm 1491 3384
###lsm 1490 3384
###lsm 1490 3385
###lsm 1489 3385
###lsm 1489 3386
###lsm 1488 3386
###lsm 1488 3387
###lsm 1487 3387
###lsm 3354 1487
###lsm 3426 3425
###lsm 3426 3427
###lsm 3428 3427
###lsm 3428 3429
###lsm 3425 3424
###lsm 3431 3424
###lsm 3431 3432
###lsm 3433 3432
###lsm 3433 3434
###lsm 3435 3434
###lsm 3435 3436
###lsm 3437 3436
###lsm 3437 3438
###lsm 3439 3438
###lsm 3439 3440
###lsm 3441 3440
###lsm 3441 3442
###lsm 3443 3442
###lsm 3443 3444
###lsm 3445 3444
###lsm 3445 3446
###lsm 3445 3447
###lsm 3448 3447
###lsm 3448 3449
###lsm 3450 3449
###lsm 3450 3451
###lsm 3452 3451
###lsm 3452 3453
###lsm 3454 3453
###lsm 3454 3455
###lsm 3456 3455
###lsm 3456 3457
###lsm 3458 3457
###lsm 3458 3459
###lsm 3460 3459
###lsm 3460 3461
###lsm 3462 3461
###lsm 3462 3463
###lsm 3464 3463
###lsm 3465 3463
###lsm 3465 3466
###lsm 3467 3466
###lsm 3467 3468
###lsm 3469 3468
###lsm 3469 3470
###lsm 3471 3470
###lsm 3471 3472
###lsm 3473 3472
###lsm 3473 3474
###lsm 3475 3474
###lsm 3475 3476
###lsm 3477 3476
###lsm 3477 3478
###lsm 3479 3478
###lsm 3479 3480
###lsm 3481 3480
###lsm 3481 3482
###lsm 3481 3483
###lsm 3484 3483
###lsm 3484 3485
###lsm 3486 3485
###lsm 3486 3487
###lsm 3488 3487
###lsm 3488 3489
###lsm 3490 3489
###lsm 3490 3491
###lsm 3492 3491
###lsm 3492 3493
###lsm 3494 3493
###lsm 3494 3495
###lsm 3430 3495
###lsm 3428 3430
###lsm 3482 3523
###lsm 3482 3524
###lsm 3483 3524
###lsm 3483 3525
###lsm 3485 3525
###lsm 3485 3526
###lsm 3487 3526
###lsm 509 3653
###lsm 509 3652
###lsm 508 3662
###lsm 508 3661
###lsm 3966 3672
###lsm 3966 3671
###lsm 3967 3642
###lsm 3967 3641
###lsm 3967 3640
###lsm 3967 3639
###lsm 3967 3638
###lsm 3967 3637
###lsm 3967 3636
###lsm 3967 3635
###lsm 3967 3634
###lsm 3967 3633
###lsm 3672 3967
###lsm 3966 3670
###lsm 3966 3669
###lsm 3966 3668
###lsm 3966 3667
###lsm 3966 3666
###lsm 3966 3665
###lsm 3966 3664
###lsm 3966 3663
###lsm 3662 3966
###lsm 508 3660
###lsm 508 3659
###lsm 508 3658
###lsm 508 3657
###lsm 508 3656
###lsm 508 3655
###lsm 3653 508
###lsm 508 3654
###lsm 509 3651
###lsm 509 3650
###lsm 509 3649
###lsm 509 3648
###lsm 509 3647
###lsm 509 3646
###lsm 509 3645
###lsm 509 3644
###lsm 509 3643
###lsm 3642 509
###lsm 503 516
###lsm 3968 3970
###lsm 3968 3971
###lsm 3972 3971
###lsm 3973 3971
###lsm 3973 3974
###lsm 3975 3974
###lsm 3975 3976
###lsm 3977 3976
###lsm 3977 3978
###lsm 3979 3978
###lsm 3979 3980
###lsm 3981 3980
###lsm 3982 3980
###lsm 3982 3983
###lsm 3982 3984
###lsm 3982 3985
###lsm 3982 3986
###lsm 3982 3987
###lsm 3981 3990
###lsm 3981 3991
###lsm 3981 3992
###lsm 3981 3993
###lsm 3981 3994
###lsm 3979 3981
###lsm 3968 3972
###lsm 503 3972
###lsm 503 3995
###lsm 3996 3997
###lsm 3995 3999
###lsm 3995 4000
###lsm 3972 4003
###lsm 3972 4004
###lsm 4002 4007
###lsm 4002 4008
###lsm 4006 4010
###lsm 4006 4011
###lsm 3997 4013
###lsm 3997 4014
###lsm 4006 4017
###lsm 4006 4018
###lsm 4007 4006
###lsm 4002 4009
###lsm 4002 4019
###lsm 4002 4020
###lsm 4002 4021
###lsm 4002 4022
###lsm 4002 4023
###lsm 4003 4002
###lsm 4002 4024
###lsm 3972 4005
###lsm 3972 4025
###lsm 3972 4026
###lsm 3972 4027
###lsm 3972 4028
###lsm 3972 4029
###lsm 3972 4030
###lsm 3972 4031
###lsm 3972 4032
###lsm 3999 3972
###lsm 3995 4001
###lsm 3995 4033
###lsm 3995 4034
###lsm 3995 4035
###lsm 3995 4036
###lsm 3995 4037
###lsm 3995 4038
###lsm 3995 4039
###lsm 4013 3995
###lsm 3997 4015
###lsm 3997 4040
###lsm 3997 4041
###lsm 3997 4042
###lsm 3997 4043
###lsm 4010 3997
###lsm 4006 4012
###lsm 4006 4044
###lsm 4016 4006
###lsm 4002 3972
###lsm 4045 3972
###lsm 4045 3973
###lsm 4046 3973
###lsm 4046 3975
###lsm 4047 3975
###lsm 4047 3977
###lsm 4048 3977
###lsm 4048 3979
###lsm 4049 3979
###lsm 4049 3994
###lsm 4050 3994
###lsm 4050 3993
###lsm 4051 3993
###lsm 4051 3992
###lsm 4052 3992
###lsm 4052 3991
###lsm 4053 3991
###lsm 4053 3990
###lsm 4054 3990
###lsm 4054 3989
###lsm 4055 3989
###lsm 3981 4056
###lsm 4055 3981
###lsm 4056 3982
###lsm 4057 3982
###lsm 4057 3988
###lsm 4058 3988
###lsm 4058 3987
###lsm 4059 3987
###lsm 4059 3986
###lsm 4060 3986
###lsm 4060 3985
###lsm 4061 3985
###lsm 4061 3984
###lsm 4062 3984
###lsm 4062 3983
###lsm 4063 3983
###lsm 4063 3980
###lsm 4064 3980
###lsm 4064 3978
###lsm 4065 3978
###lsm 4065 3976
###lsm 4066 3976
###lsm 4066 3974
###lsm 4067 3974
###lsm 3971 4068
###lsm 3971 4069
###lsm 4067 3971
###lsm 4071 4018
###lsm 4071 4017
###lsm 4072 4017
###lsm 4072 4016
###lsm 4073 4016
###lsm 4073 4044
###lsm 4074 4044
###lsm 4074 4012
###lsm 4075 4012
###lsm 4075 4011
###lsm 4076 4011
###lsm 4076 4010
###lsm 4077 4010
###lsm 4077 4043
###lsm 4078 4043
###lsm 4078 4042
###lsm 4079 4042
###lsm 4079 4041
###lsm 4080 4041
###lsm 4080 4040
###lsm 4081 4040
###lsm 4081 4015
###lsm 4082 4015
###lsm 4082 4014
###lsm 4083 4014
###lsm 4083 4013
###lsm 4084 4013
###lsm 4084 4039
###lsm 4085 4039
###lsm 4085 4038
###lsm 4086 4038
###lsm 4086 4037
###lsm 4087 4037
###lsm 4087 4036
###lsm 4088 4036
###lsm 4088 4035
###lsm 4089 4035
###lsm 4089 4034
###lsm 4090 4034
###lsm 4090 4033
###lsm 4091 4033
###lsm 4091 4001
###lsm 4092 4001
###lsm 4092 4000
###lsm 4093 4000
###lsm 4093 3999
###lsm 4094 3999
###lsm 4094 4032
###lsm 4095 4032
###lsm 4095 4031
###lsm 4096 4031
###lsm 4096 4030
###lsm 4097 4030
###lsm 4097 4029
###lsm 4098 4029
###lsm 4098 4028
###lsm 4099 4028
###lsm 4099 4027
###lsm 4100 4027
###lsm 4100 4026
###lsm 4101 4026
###lsm 4101 4025
###lsm 4102 4025
###lsm 4102 4005
###lsm 4103 4005
###lsm 4103 4004
###lsm 4104 4004
###lsm 4104 4003
###lsm 4105 4003
###lsm 4105 4024
###lsm 4106 4024
###lsm 4106 4023
###lsm 4107 4023
###lsm 4107 4022
###lsm 4108 4022
###lsm 4108 4021
###lsm 4109 4021
###lsm 4109 4020
###lsm 4110 4020
###lsm 4110 4019
###lsm 4111 4019
###lsm 4111 4009
###lsm 4112 4009
###lsm 4112 4008
###lsm 4113 4008
###lsm 4113 4007
###lsm 4070 4007
###lsm 4018 4070
###lsm 4071 1682
###lsm 4071 1679
###lsm 1682 4072
###lsm 1684 4072
###lsm 1684 4073
###lsm 1686 4073
###lsm 1686 4074
###lsm 1688 4074
###lsm 1688 4075
###lsm 1691 4075
###lsm 1691 4076
###lsm 1693 4076
###lsm 1693 4077
###lsm 1695 4077
###lsm 1695 4078
###lsm 1697 4078
###lsm 1697 4079
###lsm 1699 4079
###lsm 1699 4080
###lsm 1701 4080
###lsm 1701 4081
###lsm 1703 4083
###lsm 1705 4083
###lsm 1705 4084
###lsm 1707 4084
###lsm 1707 4085
###lsm 1709 4085
###lsm 1709 4086
###lsm 1711 4086
###lsm 1711 4087
###lsm 1713 4087
###lsm 1713 4088
###lsm 1715 4088
###lsm 1715 4089
###lsm 1717 4089
###lsm 1717 4090
###lsm 1720 4090
###lsm 1720 4091
###lsm 1722 4091
###lsm 1722 4092
###lsm 1724 4092
###lsm 1726 4092
###lsm 1726 4093
###lsm 1729 4093
###lsm 1729 4094
###lsm 1731 4094
###lsm 1731 4095
###lsm 1733 4095
###lsm 1733 4096
###lsm 1656 4096
###lsm 1656 4097
###lsm 1654 4097
###lsm 1654 4098
###lsm 1652 4098
###lsm 1652 4099
###lsm 1650 4099
###lsm 1650 4100
###lsm 1648 4100
###lsm 1648 4101
###lsm 1644 4103
###lsm 1642 4103
###lsm 1642 4104
###lsm 1642 4105
###lsm 1640 4105
###lsm 1640 4106
###lsm 1660 4106
###lsm 1660 4107
###lsm 1662 4107
###lsm 1662 4108
###lsm 1664 4108
###lsm 1664 4109
###lsm 1666 4109
###lsm 1666 4110
###lsm 1668 4110
###lsm 1668 4111
###lsm 1670 4111
###lsm 1670 4112
###lsm 1673 4112
###lsm 1673 4113
###lsm 1675 4113
###lsm 1675 4070
###lsm 1677 4070
###lsm 4071 1677
###lsm 4115 511
###lsm 4116 511
###lsm 3967 510
###lsm 4117 4068
###lsm 4119 3997
###lsm 4122 4121
###lsm 4122 4123
###lsm 4124 4123
###lsm 4124 4125
###lsm 4126 4125
###lsm 4126 4127
###lsm 4128 4127
###lsm 4129 4127
###lsm 4129 4130
###lsm 4131 4130
###lsm 4131 4132
###lsm 4133 4132
###lsm 4133 4134
###lsm 4135 4134
###lsm 4135 4136
###lsm 4137 4136
###lsm 4137 4138
###lsm 4139 4138
###lsm 4139 4140
###lsm 4141 4140
###lsm 4141 4142
###lsm 4143 4142
###lsm 4143 4144
###lsm 4145 4144
###lsm 4145 4146
###lsm 4147 4146
###lsm 4147 4148
###lsm 4149 4148
###lsm 4149 4150
###lsm 4151 4150
###lsm 4151 4152
###lsm 4153 4152
###lsm 4153 4154
###lsm 4155 4154
###lsm 4156 4154
###lsm 4156 4157
###lsm 4158 4157
###lsm 4158 4159
###lsm 4160 4159
###lsm 4160 4161
###lsm 4162 4161
###lsm 4162 4163
###lsm 4164 4163
###lsm 4164 4165
###lsm 4166 4165
###lsm 4166 4167
###lsm 4168 4167
###lsm 4168 4169
###lsm 4170 4169
###lsm 4170 4171
###lsm 4172 4171
###lsm 4172 4173
###lsm 4174 4173
###lsm 4174 4175
###lsm 4176 4175
###lsm 4176 4177
###lsm 4178 4177
###lsm 4178 4179
###lsm 4180 4179
###lsm 4181 4179
###lsm 4181 4182
###lsm 4183 4182
###lsm 4183 4184
###lsm 4185 4184
###lsm 4185 4186
###lsm 4187 4186
###lsm 4187 4188
###lsm 4189 4188
###lsm 4189 4190
###lsm 4191 4190
###lsm 4191 4192
###lsm 4193 4192
###lsm 4193 4194
###lsm 4195 4194
###lsm 4195 4196
###lsm 4120 4196
###lsm 4121 4120
###lsm 4198 4120
###lsm 4198 4122
###lsm 4199 4122
###lsm 4199 4124
###lsm 4200 4124
###lsm 4200 4126
###lsm 4201 4126
###lsm 4201 4128
###lsm 4202 4128
###lsm 4202 4129
###lsm 4203 4129
###lsm 4203 4131
###lsm 4204 4131
###lsm 4204 4133
###lsm 4205 4133
###lsm 4205 4135
###lsm 4206 4135
###lsm 4206 4137
###lsm 4207 4137
###lsm 4207 4139
###lsm 4208 4139
###lsm 4208 4141
###lsm 4209 4141
###lsm 4209 4143
###lsm 4210 4143
###lsm 4210 4145
###lsm 4211 4145
###lsm 4211 4147
###lsm 4212 4147
###lsm 4212 4149
###lsm 4213 4149
###lsm 4213 4151
###lsm 4214 4151
###lsm 4214 4153
###lsm 4215 4153
###lsm 4215 4155
###lsm 4216 4155
###lsm 4216 4156
###lsm 4217 4156
###lsm 4217 4158
###lsm 4218 4158
###lsm 4218 4160
###lsm 4219 4160
###lsm 4219 4162
###lsm 4220 4162
###lsm 4220 4164
###lsm 4221 4164
###lsm 4221 4166
###lsm 4222 4166
###lsm 4222 4168
###lsm 4223 4168
###lsm 4223 4170
###lsm 4224 4170
###lsm 4224 4172
###lsm 4225 4172
###lsm 4225 4174
###lsm 4226 4174
###lsm 4226 4176
###lsm 4227 4176
###lsm 4227 4178
###lsm 4228 4178
###lsm 4228 4180
###lsm 4229 4180
###lsm 4229 4181
###lsm 4230 4181
###lsm 4230 4183
###lsm 4231 4183
###lsm 4231 4185
###lsm 4232 4185
###lsm 4232 4187
###lsm 4233 4187
###lsm 4233 4189
###lsm 4234 4189
###lsm 4234 4191
###lsm 4235 4191
###lsm 4235 4193
###lsm 4236 4193
###lsm 4236 4195
###lsm 4197 4195
###lsm 4120 4197
###lsm 4238 763
###lsm 4238 764
###lsm 4239 764
###lsm 4239 765
###lsm 4240 765
###lsm 4240 766
###lsm 4241 766
###lsm 4242 766
###lsm 4242 767
###lsm 4243 767
###lsm 4243 768
###lsm 4244 768
###lsm 4244 769
###lsm 4245 769
###lsm 4245 770
###lsm 4246 770
###lsm 4246 771
###lsm 4247 771
###lsm 4247 772
###lsm 4248 772
###lsm 4248 773
###lsm 4249 773
###lsm 4249 774
###lsm 4250 774
###lsm 4250 775
###lsm 4251 775
###lsm 4251 776
###lsm 4252 776
###lsm 4252 777
###lsm 4253 777
###lsm 4253 778
###lsm 4254 778
###lsm 4254 779
###lsm 4255 779
###lsm 4256 779
###lsm 4256 780
###lsm 4257 780
###lsm 4257 781
###lsm 4258 781
###lsm 4258 782
###lsm 4259 782
###lsm 4259 783
###lsm 4260 783
###lsm 4260 784
###lsm 4261 784
###lsm 4262 786
###lsm 4263 786
###lsm 4263 787
###lsm 4264 787
###lsm 4264 788
###lsm 4265 788
###lsm 4265 789
###lsm 4266 789
###lsm 4266 753
###lsm 4267 753
###lsm 4267 754
###lsm 4268 754
###lsm 4269 754
###lsm 4269 755
###lsm 4270 755
###lsm 4270 756
###lsm 4271 756
###lsm 4271 757
###lsm 4272 757
###lsm 4272 758
###lsm 4273 758
###lsm 4273 759
###lsm 4274 759
###lsm 4274 760
###lsm 4275 760
###lsm 4275 761
###lsm 4276 761
###lsm 4276 762
###lsm 4237 762
###lsm 763 4237
###lsm 4278 4237
###lsm 4278 4238
###lsm 4279 4238
###lsm 4279 4239
###lsm 4280 4239
###lsm 4280 4240
###lsm 4281 4240
###lsm 4281 4241
###lsm 4282 4241
###lsm 4282 4242
###lsm 4283 4242
###lsm 4283 4243
###lsm 4284 4243
###lsm 4284 4244
###lsm 4285 4244
###lsm 4285 4245
###lsm 4286 4245
###lsm 4286 4246
###lsm 4287 4246
###lsm 4287 4247
###lsm 4288 4247
###lsm 4288 4248
###lsm 4289 4248
###lsm 4289 4249
###lsm 4290 4249
###lsm 4290 4250
###lsm 4291 4250
###lsm 4291 4251
###lsm 4292 4251
###lsm 4292 4252
###lsm 4293 4252
###lsm 4293 4253
###lsm 4294 4253
###lsm 4294 4254
###lsm 4295 4254
###lsm 4295 4255
###lsm 4296 4255
###lsm 4296 4256
###lsm 4297 4256
###lsm 4297 4257
###lsm 4298 4257
###lsm 4298 4258
###lsm 4299 4258
###lsm 4299 4259
###lsm 4300 4259
###lsm 4300 4260
###lsm 4301 4260
###lsm 4301 4261
###lsm 4302 4261
###lsm 4302 4262
###lsm 4303 4262
###lsm 4303 4263
###lsm 4304 4263
###lsm 4304 4264
###lsm 4305 4264
###lsm 4305 4265
###lsm 4306 4265
###lsm 4306 4266
###lsm 4307 4266
###lsm 4307 4267
###lsm 4308 4267
###lsm 4308 4268
###lsm 4309 4268
###lsm 4309 4269
###lsm 4310 4269
###lsm 4310 4270
###lsm 4311 4270
###lsm 4311 4271
###lsm 4312 4271
###lsm 4312 4272
###lsm 4313 4272
###lsm 4313 4273
###lsm 4314 4273
###lsm 4314 4274
###lsm 4315 4274
###lsm 4315 4275
###lsm 4316 4275
###lsm 4316 4276
###lsm 4277 4276
###lsm 4237 4277
###lsm 503 3998
###lsm 504 3998
###lsm 4118 3968
###lsm 4118 4317
###lsm 3970 4118
###lsm 4006 4212
###lsm 4006 4213
###lsm 4002 508
###lsm 4002 4206
###lsm 508 4045
###lsm 508 4046
###lsm 508 4047
###lsm 508 4048
###lsm 508 4049
###lsm 508 4050
###lsm 508 4051
###lsm 508 4052
###lsm 508 4053
###lsm 508 4054
###lsm 508 4055
###lsm 508 4056
###lsm 3966 4056
###lsm 3966 4057
###lsm 3966 4058
###lsm 3966 4059
###lsm 3966 4060
###lsm 3966 4061
###lsm 3966 4062
###lsm 3966 4063
###lsm 3966 4064
###lsm 3966 4065
###lsm 3966 4066
###lsm 4067 4284
###lsm 4067 4285
###lsm 4069 4311
###lsm 4069 4312
###lsm 4117 4308
###lsm 4117 4309
###lsm 4317 4298
###lsm 4317 4299
###lsm 508 4198
###lsm 508 4199
###lsm 504 4228
###lsm 504 4229
###lsm 4119 4225
###lsm 4119 4226
###lsm 4069 4278
###lsm 4069 4279
###lsm 4069 4280
###lsm 4069 4281
###lsm 4069 4282
###lsm 4284 4069
###lsm 4069 4283
###lsm 4067 4286
###lsm 4067 4287
###lsm 4067 4288
###lsm 4067 4289
###lsm 4067 4290
###lsm 3966 4067
###lsm 3966 4290
###lsm 3966 4291
###lsm 3966 4292
###lsm 3966 4293
###lsm 3966 4294
###lsm 3966 4295
###lsm 3966 4296
###lsm 3966 4297
###lsm 4298 3966
###lsm 4317 4300
###lsm 4317 4301
###lsm 4317 4302
###lsm 4317 4303
###lsm 4317 4304
###lsm 4317 4305
###lsm 4317 4306
###lsm 4317 4307
###lsm 4308 4317
###lsm 4311 4117
###lsm 4117 4310
###lsm 4069 4313
###lsm 4069 4314
###lsm 4069 4315
###lsm 4277 4069
###lsm 4069 4316
###lsm 508 4200
###lsm 508 4201
###lsm 508 4202
###lsm 508 4203
###lsm 508 4204
###lsm 508 4205
###lsm 4206 508
###lsm 4002 4207
###lsm 4002 4208
###lsm 4002 4209
###lsm 4002 4210
###lsm 4002 4211
###lsm 4212 4002
###lsm 4006 4214
###lsm 4006 4215
###lsm 4006 4216
###lsm 4006 4217
###lsm 4006 4218
###lsm 4006 4219
###lsm 4006 4220
###lsm 4006 4221
###lsm 4006 4222
###lsm 4006 4223
###lsm 4006 4224
###lsm 4225 4006
###lsm 4228 4119
###lsm 4119 4227
###lsm 504 4230
###lsm 504 4231
###lsm 504 4232
###lsm 504 4233
###lsm 504 4234
###lsm 504 4235
###lsm 504 4236
###lsm 504 4197
###lsm 4198 504
###lsm 514 4318
###lsm 514 4116
###lsm 3968 4116
###lsm 4317 4116
###lsm 4317 4114
###lsm 4317 4115
###lsm 4317 3967
###lsm 514 3968
###lsm 514 516
###lsm 4319 516
###lsm 4116 501
###lsm 507 524
###lsm 516 4322
###lsm 4325 4324
###lsm 4325 4326
###lsm 4327 4326
###lsm 4327 4328
###lsm 4329 4328
###lsm 4329 4330
###lsm 4331 4330
###lsm 4331 4332
###lsm 4333 4332
###lsm 4333 4334
###lsm 4335 4337
###lsm 4335 4338
###lsm 4333 4335
###lsm 4337 4336
###lsm 4339 4336
###lsm 4339 4340
###lsm 4341 4343
###lsm 4341 4344
###lsm 4339 4341
###lsm 4343 4342
###lsm 4343 4345
###lsm 4346 4345
###lsm 4347 4345
###lsm 4347 4348
###lsm 4349 4348
###lsm 4349 4350
###lsm 4351 4353
###lsm 4351 4354
###lsm 4349 4351
###lsm 4353 4352
###lsm 4355 4352
###lsm 4355 4356
###lsm 4357 4356
###lsm 4357 4358
###lsm 4359 4358
###lsm 4359 4360
###lsm 4361 4360
###lsm 4361 4362
###lsm 4363 4362
###lsm 4363 4364
###lsm 4365 4364
###lsm 4365 4366
###lsm 4367 4366
###lsm 4367 4368
###lsm 4324 4323
###lsm 4370 4323
###lsm 4370 4371
###lsm 4372 4371
###lsm 4372 4373
###lsm 4374 4373
###lsm 4374 4375
###lsm 4379 4378
###lsm 4379 4380
###lsm 4381 4380
###lsm 4381 4382
###lsm 4383 4382
###lsm 4383 4384
###lsm 4378 4377
###lsm 4386 4377
###lsm 4386 4387
###lsm 4388 4387
###lsm 4388 4389
###lsm 4390 4389
###lsm 4390 4391
###lsm 4392 4391
###lsm 4392 4393
###lsm 4394 4393
###lsm 4394 4395
###lsm 4396 4398
###lsm 4396 4399
###lsm 4394 4396
###lsm 4398 4397
###lsm 4400 4397
###lsm 4400 4401
###lsm 4402 4404
###lsm 4402 4405
###lsm 4400 4402
###lsm 4404 4403
###lsm 4404 4406
###lsm 4407 4406
###lsm 4408 4406
###lsm 4408 4409
###lsm 4410 4409
###lsm 4410 4411
###lsm 4412 4414
###lsm 4412 4415
###lsm 4410 4412
###lsm 4414 4413
###lsm 4416 4413
###lsm 4416 4417
###lsm 4418 4417
###lsm 4418 4419
###lsm 4420 4419
###lsm 4420 4421
###lsm 4422 4421
###lsm 4422 4423
###lsm 4424 4423
###lsm 4424 4425
###lsm 4426 4425
###lsm 4426 4427
###lsm 4428 4427
###lsm 4428 4429
###lsm 4433 4432
###lsm 4433 4434
###lsm 648 4434
###lsm 649 4434
###lsm 649 4435
###lsm 647 4435
###lsm 647 4436
###lsm 647 4437
###lsm 645 4437
###lsm 645 4438
###lsm 643 4438
###lsm 643 4439
###lsm 643 4440
###lsm 641 4440
###lsm 641 4441
###lsm 641 4442
###lsm 639 4442
###lsm 639 4443
###lsm 639 4444
###lsm 637 4444
###lsm 637 4445
###lsm 637 4446
###lsm 635 4446
###lsm 635 4447
###lsm 633 4447
###lsm 633 4448
###lsm 633 4449
###lsm 4433 648
###lsm 4450 648
###lsm 4450 646
###lsm 4451 646
###lsm 4451 644
###lsm 4452 644
###lsm 4452 642
###lsm 4453 642
###lsm 4453 640
###lsm 4454 640
###lsm 4454 638
###lsm 4455 638
###lsm 4455 636
###lsm 4456 636
###lsm 4456 634
###lsm 4457 634
###lsm 4457 632
###lsm 4458 632
###lsm 4458 631
###lsm 4459 631
###lsm 4459 630
###lsm 4459 629
###lsm 4460 629
###lsm 4460 627
###lsm 4461 627
###lsm 4461 626
###lsm 4462 626
###lsm 4462 625
###lsm 4463 625
###lsm 4463 624
###lsm 4464 624
###lsm 4464 623
###lsm 4465 623
###lsm 4465 622
###lsm 4466 622
###lsm 4466 620
###lsm 4467 620
###lsm 4467 619
###lsm 4468 619
###lsm 4468 618
###lsm 4469 618
###lsm 4469 617
###lsm 4470 617
###lsm 4470 615
###lsm 4471 615
###lsm 4471 614
###lsm 4472 614
###lsm 4472 613
###lsm 4473 613
###lsm 4473 612
###lsm 4474 612
###lsm 4474 611
###lsm 4475 611
###lsm 4475 609
###lsm 4476 609
###lsm 4476 608
###lsm 4477 608
###lsm 4477 607
###lsm 4478 607
###lsm 4478 606
###lsm 4479 606
###lsm 4479 605
###lsm 4480 605
###lsm 4480 604
###lsm 4481 604
###lsm 4481 556
###lsm 4482 556
###lsm 4482 555
###lsm 4483 555
###lsm 4483 4484
###lsm 4485 4484
###lsm 4486 4484
###lsm 4486 4487
###lsm 4488 4487
###lsm 4488 4489
###lsm 4490 4489
###lsm 4490 4491
###lsm 4492 4491
###lsm 4492 4493
###lsm 4494 4493
###lsm 4494 4495
###lsm 4496 4495
###lsm 4496 4497
###lsm 4498 4497
###lsm 4498 4499
###lsm 4500 4499
###lsm 4500 4501
###lsm 4502 4501
###lsm 4502 4503
###lsm 4504 4503
###lsm 4504 4505
###lsm 4506 4505
###lsm 4506 4507
###lsm 4508 4507
###lsm 4508 4509
###lsm 4510 4509
###lsm 4510 4511
###lsm 4512 4511
###lsm 4512 4513
###lsm 4514 4513
###lsm 4514 4515
###lsm 4516 4515
###lsm 4516 4517
###lsm 4518 4517
###lsm 4518 4519
###lsm 4520 4519
###lsm 4520 4521
###lsm 4522 4521
###lsm 4522 4523
###lsm 4524 4523
###lsm 4524 4525
###lsm 4526 4525
###lsm 4526 4527
###lsm 4528 4527
###lsm 4528 4529
###lsm 4530 4529
###lsm 4530 4531
###lsm 4532 4531
###lsm 4532 4533
###lsm 4534 4533
###lsm 4534 4535
###lsm 4536 4535
###lsm 4536 4537
###lsm 4538 4537
###lsm 4538 4539
###lsm 4540 4539
###lsm 4540 4541
###lsm 4542 4541
###lsm 4542 4543
###lsm 4544 4543
###lsm 4544 4545
###lsm 4546 4545
###lsm 4546 4547
###lsm 4548 4547
###lsm 4548 4549
###lsm 4550 4549
###lsm 4550 4551
###lsm 4552 4551
###lsm 4553 4551
###lsm 4553 582
###lsm 4484 555
###lsm 4484 602
###lsm 4487 4484
###lsm 4487 602
###lsm 4487 601
###lsm 4489 4487
###lsm 4489 601
###lsm 4489 600
###lsm 4491 4489
###lsm 4491 600
###lsm 4491 599
###lsm 4493 4491
###lsm 4493 599
###lsm 4493 598
###lsm 4495 4493
###lsm 4495 598
###lsm 4495 597
###lsm 4497 4495
###lsm 4497 597
###lsm 4497 596
###lsm 4499 4497
###lsm 4499 596
###lsm 4499 595
###lsm 4501 4499
###lsm 4501 595
###lsm 4501 594
###lsm 4503 4501
###lsm 4503 594
###lsm 4503 593
###lsm 4505 4503
###lsm 4505 593
###lsm 4505 592
###lsm 4507 4505
###lsm 4507 592
###lsm 4507 591
###lsm 4509 4507
###lsm 4509 591
###lsm 4509 590
###lsm 4511 4509
###lsm 4511 590
###lsm 4511 589
###lsm 4513 4511
###lsm 4513 589
###lsm 4513 588
###lsm 4515 4513
###lsm 4515 588
###lsm 4515 587
###lsm 4517 4515
###lsm 4517 587
###lsm 4517 586
###lsm 4519 4517
###lsm 4519 586
###lsm 4519 585
###lsm 4521 4519
###lsm 4521 585
###lsm 4521 584
###lsm 4523 4521
###lsm 4523 584
###lsm 4523 560
###lsm 4525 4523
###lsm 4525 560
###lsm 4525 559
###lsm 4527 4525
###lsm 4527 559
###lsm 4527 558
###lsm 4529 4527
###lsm 4529 558
###lsm 4529 563
###lsm 4531 4529
###lsm 4531 563
###lsm 4531 564
###lsm 4533 4531
###lsm 4533 564
###lsm 4533 565
###lsm 4535 4533
###lsm 4535 565
###lsm 4535 566
###lsm 4537 4535
###lsm 4537 566
###lsm 4537 568
###lsm 4539 4537
###lsm 4539 568
###lsm 4539 570
###lsm 4541 4539
###lsm 4541 570
###lsm 4541 572
###lsm 4543 4541
###lsm 4543 572
###lsm 4543 574
###lsm 4545 4543
###lsm 4545 574
###lsm 4545 576
###lsm 4547 4545
###lsm 4547 576
###lsm 4547 578
###lsm 4549 4547
###lsm 4549 578
###lsm 4549 580
###lsm 4551 4549
###lsm 582 4551
###lsm 4551 580
###lsm 4553 583
###lsm 4554 583
###lsm 4554 581
###lsm 4555 581
###lsm 4556 581
###lsm 4556 579
###lsm 4557 579
###lsm 4557 577
###lsm 4558 577
###lsm 4559 577
###lsm 4559 575
###lsm 4560 575
###lsm 4561 575
###lsm 4561 573
###lsm 4562 573
###lsm 4563 573
###lsm 4563 571
###lsm 4564 571
###lsm 4565 571
###lsm 4565 569
###lsm 4566 569
###lsm 4566 567
###lsm 4567 567
###lsm 4568 567
###lsm 4483 4485
###lsm 4483 4569
###lsm 4483 4570
###lsm 4482 4483
###lsm 4482 4570
###lsm 4482 4571
###lsm 4481 4482
###lsm 4481 4571
###lsm 4481 4572
###lsm 4480 4481
###lsm 4480 4572
###lsm 4480 4573
###lsm 4479 4480
###lsm 4479 4573
###lsm 4479 4574
###lsm 4478 4479
###lsm 4478 4574
###lsm 4478 4575
###lsm 4477 4478
###lsm 4477 4575
###lsm 4477 4576
###lsm 4476 4477
###lsm 4476 4576
###lsm 4476 4577
###lsm 4475 4476
###lsm 4475 4577
###lsm 4475 4578
###lsm 4474 4475
###lsm 4474 4578
###lsm 4474 4579
###lsm 4473 4474
###lsm 4473 4579
###lsm 4473 4580
###lsm 4472 4473
###lsm 4472 4580
###lsm 4472 4581
###lsm 4471 4472
###lsm 4471 4581
###lsm 4471 4582
###lsm 4470 4471
###lsm 4470 4582
###lsm 4470 4583
###lsm 4469 4470
###lsm 4469 4583
###lsm 4469 4584
###lsm 4468 4469
###lsm 4468 4584
###lsm 4468 4585
###lsm 4467 4468
###lsm 4467 4585
###lsm 4467 4586
###lsm 4466 4467
###lsm 4466 4586
###lsm 4466 4587
###lsm 4465 4466
###lsm 4465 4587
###lsm 4465 4588
###lsm 4464 4465
###lsm 4464 4588
###lsm 4464 4589
###lsm 4463 4464
###lsm 4463 4589
###lsm 4463 4590
###lsm 4462 4463
###lsm 4462 4590
###lsm 4462 4591
###lsm 4461 4462
###lsm 4461 4591
###lsm 4461 4592
###lsm 4460 4461
###lsm 4460 4592
###lsm 4460 4593
###lsm 4459 4460
###lsm 4459 4593
###lsm 4459 4594
###lsm 4458 4459
###lsm 4458 4594
###lsm 4458 4595
###lsm 4457 4458
###lsm 4457 4595
###lsm 4457 4596
###lsm 4456 4457
###lsm 4456 4596
###lsm 4456 4597
###lsm 4455 4456
###lsm 4455 4597
###lsm 4455 4598
###lsm 4454 4455
###lsm 4454 4598
###lsm 4454 4599
###lsm 4453 4454
###lsm 4453 4599
###lsm 4453 4600
###lsm 4452 4453
###lsm 4452 4600
###lsm 4452 4601
###lsm 4451 4452
###lsm 4451 4601
###lsm 4451 4602
###lsm 4450 4451
###lsm 4450 4602
###lsm 4450 4431
###lsm 4431 4433
###lsm 4433 4450
###lsm 4604 4321
###lsm 4604 4552
###lsm 4605 4552
###lsm 4606 4552
###lsm 4607 4552
###lsm 4608 4552
###lsm 4609 4552
###lsm 4610 4552
###lsm 4611 4552
###lsm 4612 4552
###lsm 4613 4552
###lsm 4614 4552
###lsm 4552 4553
###lsm 4321 4603
###lsm 4321 4615
###lsm 4321 4616
###lsm 4321 4617
###lsm 4321 4618
###lsm 4321 4619
###lsm 4321 4620
###lsm 4321 4621
###lsm 4321 4622
###lsm 524 4622
###lsm 524 4623
###lsm 524 4624
###lsm 524 4625
###lsm 524 4626
###lsm 524 4627
###lsm 524 4628
###lsm 524 4629
###lsm 524 4630
###lsm 518 4631
###lsm 518 4632
###lsm 518 4633
###lsm 518 4634
###lsm 518 4635
###lsm 518 4636
###lsm 518 4637
###lsm 518 4638
###lsm 4639 4641
###lsm 4639 4322
###lsm 518 4639
###lsm 4641 4640
###lsm 4642 4640
###lsm 4642 4643
###lsm 4644 4643
###lsm 4644 4645
###lsm 4646 4645
###lsm 4646 4647
###lsm 4648 4647
###lsm 4648 4649
###lsm 4650 4649
###lsm 4650 4651
###lsm 4652 4651
###lsm 4652 4653
###lsm 4654 4653
###lsm 4654 4655
###lsm 4656 4655
###lsm 4657 4655
###lsm 4658 4655
###lsm 4659 4655
###lsm 4660 4655
###lsm 4661 4655
###lsm 4662 4655
###lsm 4662 4663
###lsm 4664 4663
###lsm 4665 4663
###lsm 4666 4663
###lsm 4667 4663
###lsm 4668 4663
###lsm 4669 4663
###lsm 4670 4663
###lsm 4671 4663
###lsm 4671 4672
###lsm 4673 4672
###lsm 4673 4674
###lsm 4675 4674
###lsm 4675 4676
###lsm 4677 4676
###lsm 4677 4678
###lsm 4679 4678
###lsm 4679 4680
###lsm 4681 4680
###lsm 4681 4682
###lsm 4683 4682
###lsm 4683 4684
###lsm 4685 4684
###lsm 4685 4686
###lsm 4687 4686
###lsm 4687 4688
###lsm 4689 4688
###lsm 4689 4690
###lsm 4691 4690
###lsm 4691 4692
###lsm 4693 4692
###lsm 4693 4694
###lsm 4695 4694
###lsm 4695 4696
###lsm 4322 4696
###lsm 4322 4697
###lsm 4672 4663
###lsm 4432 4663
###lsm 4432 4699
###lsm 4432 4700
###lsm 4432 4701
###lsm 4432 4702
###lsm 4432 4703
###lsm 4432 4704
###lsm 4432 4705
###lsm 4432 4706
###lsm 4432 4707
###lsm 4432 4708
###lsm 4434 4432
###lsm 4432 4709
###lsm 4432 4710
###lsm 4322 4641
###lsm 4322 4712
###lsm 4695 4322
###lsm 4322 4714
###lsm 4322 4715
###lsm 4709 4322
###lsm 4432 4711
###lsm 4432 4716
###lsm 4432 4717
###lsm 4432 4718
###lsm 4432 4719
###lsm 4432 4720
###lsm 4432 4721
###lsm 4432 4722
###lsm 4672 4432
###lsm 4322 4698
###lsm 4322 4723
###lsm 4322 4724
###lsm 4322 4725
###lsm 4322 4726
###lsm 4322 4727
###lsm 4322 4728
###lsm 4322 4729
###lsm 4322 4730
###lsm 4713 4322
###lsm 4320 1843
###lsm 4320 507
###lsm 1843 4322
###lsm 1843 4432
###lsm 1844 4432
###lsm 1844 4431
###lsm 1848 4431
###lsm 1848 4602
###lsm 1850 4602
###lsm 1850 4601
###lsm 1852 4601
###lsm 1852 4600
###lsm 1854 4600
###lsm 1854 4599
###lsm 1854 4598
###lsm 1856 4598
###lsm 1856 4597
###lsm 1858 4597
###lsm 1858 4596
###lsm 1860 4596
###lsm 1860 4595
###lsm 1862 4595
###lsm 1862 4594
###lsm 1864 4594
###lsm 1864 4593
###lsm 1866 4593
###lsm 1866 4592
###lsm 1868 4592
###lsm 1868 4591
###lsm 1870 4591
###lsm 1870 4590
###lsm 1872 4590
###lsm 1872 4589
###lsm 1872 4588
###lsm 1874 4588
###lsm 1874 4587
###lsm 1876 4587
###lsm 1876 4586
###lsm 1878 4586
###lsm 1878 4585
###lsm 1880 4585
###lsm 1880 4584
###lsm 1882 4584
###lsm 1882 4583
###lsm 1884 4583
###lsm 1884 4582
###lsm 1886 4582
###lsm 1886 4581
###lsm 1888 4581
###lsm 1888 4580
###lsm 1890 4580
###lsm 1890 4579
###lsm 1892 4579
###lsm 1892 4578
###lsm 1894 4578
###lsm 1894 4577
###lsm 1896 4577
###lsm 1896 4576
###lsm 1898 4576
###lsm 1898 4575
###lsm 1900 4575
###lsm 1900 4574
###lsm 1902 4574
###lsm 1902 4573
###lsm 1904 4573
###lsm 1904 4572
###lsm 1906 4572
###lsm 1906 4571
###lsm 1908 4571
###lsm 1908 4570
###lsm 1910 4570
###lsm 1910 4569
###lsm 1912 4569
###lsm 1914 4569
###lsm 1914 4485
###lsm 1916 4485
###lsm 1916 4486
###lsm 1918 4486
###lsm 1918 4488
###lsm 1920 4488
###lsm 1920 4490
###lsm 1922 4490
###lsm 1922 4492
###lsm 1924 4492
###lsm 1924 4494
###lsm 1926 4494
###lsm 1926 4496
###lsm 1928 4496
###lsm 1928 4498
###lsm 1930 4498
###lsm 1930 4500
###lsm 1932 4500
###lsm 1932 4502
###lsm 1934 4502
###lsm 1934 4504
###lsm 1936 4504
###lsm 1936 4506
###lsm 1938 4506
###lsm 1938 4508
###lsm 1940 4508
###lsm 1940 4510
###lsm 1942 4510
###lsm 1942 4512
###lsm 1944 4512
###lsm 1944 4514
###lsm 1946 4514
###lsm 1946 4516
###lsm 1948 4516
###lsm 1948 4518
###lsm 1950 4518
###lsm 1950 4520
###lsm 1952 4520
###lsm 1952 4522
###lsm 1952 4524
###lsm 1954 4524
###lsm 1954 4526
###lsm 1956 4526
###lsm 1956 4528
###lsm 1958 4528
###lsm 1958 4530
###lsm 1960 4530
###lsm 1960 4532
###lsm 1962 4532
###lsm 1962 4534
###lsm 1964 4534
###lsm 1964 4536
###lsm 1966 4536
###lsm 1966 4538
###lsm 1968 4538
###lsm 1968 4540
###lsm 1970 4540
###lsm 1970 4542
###lsm 1970 4544
###lsm 1972 4544
###lsm 1972 4546
###lsm 1974 4546
###lsm 1974 4548
###lsm 1976 4548
###lsm 1976 4550
###lsm 1978 4550
###lsm 1978 4552
###lsm 1979 4552
###lsm 1979 4321
###lsm 506 4732
###lsm 506 4733
###lsm 4319 4733
###lsm 4320 506
###lsm 506 4319
###lsm 1979 507
###lsm 507 1843
###lsm 4732 666
###lsm 500 4731
###lsm 4319 512
###lsm 4734 513
###lsm 4735 542
###lsm 4736 542
###lsm 4737 542
###lsm 4738 542
###lsm 4739 542
###lsm 4739 4603
###lsm 4740 4603
###lsm 4741 4603
###lsm 4742 4603
###lsm 4743 4603
###lsm 4744 4603
###lsm 4745 4603
###lsm 4746 4603
###lsm 4747 4603
###lsm 4748 4603
###lsm 4749 4603
###lsm 4750 4655
###lsm 4751 4655
###lsm 4752 4655
###lsm 4753 4655
###lsm 4754 4655
###lsm 4755 4655
###lsm 4756 4655
###lsm 4757 4655
###lsm 4758 4655
###lsm 4759 4655
###lsm 4760 4655
###lsm 4760 651
###lsm 4761 651
###lsm 4762 651
###lsm 4763 651
###lsm 4764 651
###lsm 4435 4434
###lsm 4765 4434
###lsm 4434 4708
###lsm 4765 4708
###lsm 4766 4708
###lsm 4766 4767
###lsm 4768 4767
###lsm 4768 4769
###lsm 4770 4769
###lsm 4770 4771
###lsm 4772 4771
###lsm 4772 4773
###lsm 4774 4773
###lsm 4774 4775
###lsm 4776 4775
###lsm 4776 4777
###lsm 4778 4777
###lsm 4778 4779
###lsm 4780 4779
###lsm 4780 4781
###lsm 4782 4781
###lsm 4782 4783
###lsm 4784 4783
###lsm 4784 4785
###lsm 4786 4785
###lsm 4786 4787
###lsm 4788 4787
###lsm 4788 4789
###lsm 4790 4789
###lsm 4790 4791
###lsm 4792 4791
###lsm 4792 4793
###lsm 4794 4793
###lsm 4794 4754
###lsm 4754 4755
###lsm 4708 4707
###lsm 4767 4708
###lsm 4767 4707
###lsm 4769 4767
###lsm 4707 4706
###lsm 4707 4795
###lsm 4707 4796
###lsm 4769 4707
###lsm 4769 4796
###lsm 4771 4769
###lsm 4706 4705
###lsm 4706 4797
###lsm 4706 4798
###lsm 4795 4706
###lsm 4795 4798
###lsm 4795 4773
###lsm 4773 4771
###lsm 4705 4799
###lsm 4705 4800
###lsm 4797 4705
###lsm 4797 4800
###lsm 4797 4801
###lsm 4798 4797
###lsm 4798 4801
###lsm 4798 4775
###lsm 4775 4773
###lsm 4773 4798
###lsm 4799 4704
###lsm 4802 4704
###lsm 4704 4703
###lsm 4802 4703
###lsm 4803 4703
###lsm 4803 4804
###lsm 4805 4804
###lsm 4805 4806
###lsm 4807 4806
###lsm 4807 4808
###lsm 4809 4808
###lsm 4809 4810
###lsm 4811 4810
###lsm 4811 4663
###lsm 4663 4750
###lsm 4804 4703
###lsm 4804 4702
###lsm 4804 4701
###lsm 4806 4804
###lsm 4806 4701
###lsm 4806 4700
###lsm 4808 4806
###lsm 4808 4700
###lsm 4808 4699
###lsm 4810 4808
###lsm 4810 4699
###lsm 4663 4810
###lsm 4750 4751
###lsm 4811 4750
###lsm 4811 4751
###lsm 4811 4812
###lsm 4813 4812
###lsm 4813 4814
###lsm 4815 4814
###lsm 4815 4789
###lsm 4789 4787
###lsm 4751 4752
###lsm 4812 4751
###lsm 4812 4752
###lsm 4812 4816
###lsm 4814 4812
###lsm 4814 4816
###lsm 4814 4791
###lsm 4791 4789
###lsm 4789 4814
###lsm 4752 4753
###lsm 4816 4752
###lsm 4816 4753
###lsm 4816 4793
###lsm 4793 4791
###lsm 4791 4816
###lsm 4753 4754
###lsm 4754 4793
###lsm 4793 4753
###lsm 4755 4756
###lsm 4794 4755
###lsm 4794 4756
###lsm 4794 4817
###lsm 4818 4817
###lsm 4818 4819
###lsm 4820 4819
###lsm 4820 4821
###lsm 4822 4821
###lsm 4822 4823
###lsm 4824 4823
###lsm 4824 4825
###lsm 4826 4825
###lsm 4826 4827
###lsm 4828 4827
###lsm 4828 4829
###lsm 4830 4829
###lsm 4830 4831
###lsm 4832 4831
###lsm 4832 4833
###lsm 4834 4833
###lsm 4834 4835
###lsm 4836 4835
###lsm 4836 4837
###lsm 4838 4837
###lsm 4838 4839
###lsm 4840 4839
###lsm 4840 4841
###lsm 4842 4841
###lsm 4842 4843
###lsm 4844 4843
###lsm 4844 621
###lsm 4756 4757
###lsm 4817 4756
###lsm 4817 4757
###lsm 4817 4845
###lsm 4819 4817
###lsm 4819 4845
###lsm 4819 4846
###lsm 4821 4819
###lsm 4821 4846
###lsm 4821 4847
###lsm 4823 4821
###lsm 4823 4847
###lsm 4823 4848
###lsm 4825 4823
###lsm 4825 4848
###lsm 4825 4849
###lsm 4827 4825
###lsm 4827 4849
###lsm 4827 4850
###lsm 4829 4827
###lsm 4829 4850
###lsm 4829 4851
###lsm 4831 4829
###lsm 4831 4851
###lsm 4831 4852
###lsm 4833 4831
###lsm 4833 4852
###lsm 4833 4853
###lsm 4835 4833
###lsm 4835 4853
###lsm 4835 4854
###lsm 4837 4835
###lsm 4837 4854
###lsm 4837 4855
###lsm 4839 4837
###lsm 4839 4855
###lsm 4839 4856
###lsm 4841 4839
###lsm 4841 4856
###lsm 4841 616
###lsm 4757 4758
###lsm 4845 4757
###lsm 4845 4758
###lsm 4845 4857
###lsm 4846 4845
###lsm 4846 4857
###lsm 4846 4858
###lsm 4847 4846
###lsm 4847 4858
###lsm 4847 4859
###lsm 4848 4847
###lsm 4848 4859
###lsm 4848 4860
###lsm 4849 4848
###lsm 4849 4860
###lsm 4849 4861
###lsm 4850 4849
###lsm 4850 4861
###lsm 4850 4862
###lsm 4851 4850
###lsm 4851 4862
###lsm 4851 4863
###lsm 4852 4851
###lsm 4852 4863
###lsm 4852 4864
###lsm 4853 4852
###lsm 4853 4864
###lsm 4853 4865
###lsm 4854 4853
###lsm 4854 4865
###lsm 4854 4866
###lsm 4855 4854
###lsm 4855 4866
###lsm 4855 610
###lsm 4758 4759
###lsm 4857 4758
###lsm 4857 4759
###lsm 4759 4760
###lsm 4857 4760
###lsm 4867 4760
###lsm 4760 4761
###lsm 4867 4761
###lsm 4868 4761
###lsm 4761 4762
###lsm 4868 4762
###lsm 4869 4762
###lsm 4762 4763
###lsm 4869 4763
###lsm 4870 4763
###lsm 4763 4764
###lsm 4870 4764
###lsm 523 4764
###lsm 4764 650
###lsm 4870 523
###lsm 4871 523
###lsm 4871 522
###lsm 4872 522
###lsm 4872 551
###lsm 4873 551
###lsm 4873 550
###lsm 4874 550
###lsm 4874 553
###lsm 4875 553
###lsm 4875 4876
###lsm 4877 4876
###lsm 4877 4878
###lsm 4863 4878
###lsm 4864 4863
###lsm 4876 553
###lsm 4876 554
###lsm 4876 4879
###lsm 4878 4876
###lsm 4878 4879
###lsm 4878 4880
###lsm 4864 4878
###lsm 4864 4880
###lsm 4865 4864
###lsm 4879 554
###lsm 4879 603
###lsm 4880 4879
###lsm 4880 603
###lsm 4881 603
###lsm 4881 610
###lsm 610 4866
###lsm 4844 628
###lsm 4882 628
###lsm 628 4449
###lsm 4882 4449
###lsm 4883 4449
###lsm 4449 4448
###lsm 4883 4448
###lsm 4884 4448
###lsm 4448 4447
###lsm 4884 4447
###lsm 4885 4447
###lsm 4447 4446
###lsm 4885 4446
###lsm 4886 4446
###lsm 4446 4445
###lsm 4886 4445
###lsm 4887 4445
###lsm 4445 4444
###lsm 4887 4444
###lsm 4888 4444
###lsm 4444 4443
###lsm 4888 4443
###lsm 4889 4443
###lsm 4443 4442
###lsm 4889 4442
###lsm 4890 4442
###lsm 4442 4441
###lsm 4890 4441
###lsm 4891 4441
###lsm 4441 4440
###lsm 4891 4440
###lsm 4892 4440
###lsm 4440 4439
###lsm 4892 4439
###lsm 4893 4439
###lsm 4439 4438
###lsm 4893 4438
###lsm 4894 4438
###lsm 4438 4437
###lsm 4894 4437
###lsm 4766 4437
###lsm 4437 4436
###lsm 4766 4436
###lsm 4765 4766
###lsm 4765 4436
###lsm 4436 4435
###lsm 4435 4765
###lsm 4855 616
###lsm 616 4856
###lsm 4856 4855
###lsm 4841 621
###lsm 621 4843
###lsm 4843 4841
###lsm 4766 4768
###lsm 4894 4766
###lsm 4894 4768
###lsm 4894 4895
###lsm 4893 4894
###lsm 4893 4895
###lsm 4893 4896
###lsm 4892 4893
###lsm 4892 4896
###lsm 4892 4897
###lsm 4891 4892
###lsm 4891 4897
###lsm 4891 4898
###lsm 4890 4891
###lsm 4890 4898
###lsm 4890 4899
###lsm 4889 4890
###lsm 4889 4899
###lsm 4889 4900
###lsm 4888 4889
###lsm 4888 4900
###lsm 4888 4901
###lsm 4887 4888
###lsm 4887 4901
###lsm 4887 4902
###lsm 4886 4887
###lsm 4886 4902
###lsm 4886 4903
###lsm 4885 4886
###lsm 4885 4903
###lsm 4885 4904
###lsm 4884 4885
###lsm 4884 4904
###lsm 4884 4905
###lsm 4883 4884
###lsm 4883 4905
###lsm 4883 4906
###lsm 4882 4883
###lsm 4882 4906
###lsm 4882 4842
###lsm 4842 4844
###lsm 4844 4882
###lsm 4842 4906
###lsm 4840 4842
###lsm 4840 4906
###lsm 4840 4907
###lsm 4838 4840
###lsm 4838 4907
###lsm 4838 4908
###lsm 4836 4838
###lsm 4836 4908
###lsm 4836 4909
###lsm 4834 4836
###lsm 4834 4909
###lsm 4834 4910
###lsm 4832 4834
###lsm 4832 4910
###lsm 4832 4911
###lsm 4830 4832
###lsm 4830 4911
###lsm 4830 4912
###lsm 4828 4830
###lsm 4828 4912
###lsm 4828 4913
###lsm 4826 4828
###lsm 4826 4913
###lsm 4826 4914
###lsm 4824 4826
###lsm 4824 4914
###lsm 4824 4915
###lsm 4822 4824
###lsm 4822 4915
###lsm 4822 4916
###lsm 4820 4822
###lsm 4820 4916
###lsm 4820 4917
###lsm 4818 4820
###lsm 4818 4917
###lsm 4818 4792
###lsm 4792 4794
###lsm 4794 4818
###lsm 4906 4905
###lsm 4907 4906
###lsm 4907 4905
###lsm 4907 4918
###lsm 4908 4907
###lsm 4908 4918
###lsm 4908 4919
###lsm 4909 4908
###lsm 4909 4919
###lsm 4909 4920
###lsm 4910 4909
###lsm 4910 4920
###lsm 4910 4921
###lsm 4911 4910
###lsm 4911 4921
###lsm 4911 4922
###lsm 4912 4911
###lsm 4912 4922
###lsm 4912 4923
###lsm 4913 4912
###lsm 4913 4923
###lsm 4913 4924
###lsm 4914 4913
###lsm 4914 4924
###lsm 4914 4925
###lsm 4915 4914
###lsm 4915 4925
###lsm 4915 4926
###lsm 4916 4915
###lsm 4916 4926
###lsm 4916 4927
###lsm 4917 4916
###lsm 4917 4927
###lsm 4917 4790
###lsm 4790 4792
###lsm 4792 4917
###lsm 4905 4904
###lsm 4918 4905
###lsm 4918 4904
###lsm 4918 4928
###lsm 4919 4918
###lsm 4919 4928
###lsm 4919 4929
###lsm 4920 4919
###lsm 4920 4929
###lsm 4920 4930
###lsm 4921 4920
###lsm 4921 4930
###lsm 4921 4931
###lsm 4922 4921
###lsm 4922 4931
###lsm 4922 4932
###lsm 4923 4922
###lsm 4923 4932
###lsm 4923 4933
###lsm 4924 4923
###lsm 4924 4933
###lsm 4924 4934
###lsm 4925 4924
###lsm 4925 4934
###lsm 4925 4935
###lsm 4926 4925
###lsm 4926 4935
###lsm 4926 4936
###lsm 4927 4926
###lsm 4927 4936
###lsm 4927 4788
###lsm 4788 4790
###lsm 4790 4927
###lsm 4904 4903
###lsm 4928 4904
###lsm 4928 4903
###lsm 4928 4937
###lsm 4929 4928
###lsm 4929 4937
###lsm 4929 4938
###lsm 4930 4929
###lsm 4930 4938
###lsm 4930 4939
###lsm 4931 4930
###lsm 4931 4939
###lsm 4931 4940
###lsm 4932 4931
###lsm 4932 4940
###lsm 4932 4941
###lsm 4933 4932
###lsm 4933 4941
###lsm 4933 4942
###lsm 4934 4933
###lsm 4934 4942
###lsm 4934 4943
###lsm 4935 4934
###lsm 4935 4943
###lsm 4935 4944
###lsm 4936 4935
###lsm 4936 4944
###lsm 4936 4786
###lsm 4786 4788
###lsm 4788 4936
###lsm 4903 4902
###lsm 4937 4903
###lsm 4937 4902
###lsm 4937 4945
###lsm 4938 4937
###lsm 4938 4945
###lsm 4938 4946
###lsm 4939 4938
###lsm 4939 4946
###lsm 4939 4947
###lsm 4940 4939
###lsm 4940 4947
###lsm 4940 4948
###lsm 4941 4940
###lsm 4941 4948
###lsm 4941 4949
###lsm 4942 4941
###lsm 4942 4949
###lsm 4942 4950
###lsm 4943 4942
###lsm 4943 4950
###lsm 4943 4951
###lsm 4944 4943
###lsm 4944 4951
###lsm 4944 4784
###lsm 4784 4786
###lsm 4786 4944
###lsm 4902 4901
###lsm 4945 4902
###lsm 4945 4901
###lsm 4945 4952
###lsm 4946 4945
###lsm 4946 4952
###lsm 4946 4953
###lsm 4947 4946
###lsm 4947 4953
###lsm 4947 4954
###lsm 4948 4947
###lsm 4948 4954
###lsm 4948 4955
###lsm 4949 4948
###lsm 4949 4955
###lsm 4949 4956
###lsm 4950 4949
###lsm 4950 4956
###lsm 4950 4957
###lsm 4951 4950
###lsm 4951 4957
###lsm 4951 4782
###lsm 4782 4784
###lsm 4784 4951
###lsm 4901 4900
###lsm 4952 4901
###lsm 4952 4900
###lsm 4952 4958
###lsm 4953 4952
###lsm 4953 4958
###lsm 4953 4959
###lsm 4954 4953
###lsm 4954 4959
###lsm 4954 4960
###lsm 4955 4954
###lsm 4955 4960
###lsm 4955 4961
###lsm 4956 4955
###lsm 4956 4961
###lsm 4956 4962
###lsm 4957 4956
###lsm 4957 4962
###lsm 4957 4780
###lsm 4780 4782
###lsm 4782 4957
###lsm 4900 4899
###lsm 4958 4900
###lsm 4958 4899
###lsm 4958 4963
###lsm 4959 4958
###lsm 4959 4963
###lsm 4959 4964
###lsm 4960 4959
###lsm 4960 4964
###lsm 4960 4965
###lsm 4961 4960
###lsm 4961 4965
###lsm 4961 4966
###lsm 4962 4961
###lsm 4962 4966
###lsm 4962 4778
###lsm 4778 4780
###lsm 4780 4962
###lsm 4899 4898
###lsm 4963 4899
###lsm 4963 4898
###lsm 4963 4967
###lsm 4964 4963
###lsm 4964 4967
###lsm 4964 4968
###lsm 4965 4964
###lsm 4965 4968
###lsm 4965 4969
###lsm 4966 4965
###lsm 4966 4969
###lsm 4966 4776
###lsm 4776 4778
###lsm 4778 4966
###lsm 4898 4897
###lsm 4967 4898
###lsm 4967 4897
###lsm 4967 4970
###lsm 4968 4967
###lsm 4968 4970
###lsm 4968 4971
###lsm 4969 4968
###lsm 4969 4971
###lsm 4969 4774
###lsm 4774 4776
###lsm 4776 4969
###lsm 4897 4896
###lsm 4970 4897
###lsm 4970 4896
###lsm 4970 4972
###lsm 4971 4970
###lsm 4971 4972
###lsm 4971 4772
###lsm 4772 4774
###lsm 4774 4971
###lsm 4896 4895
###lsm 4972 4896
###lsm 4972 4895
###lsm 4972 4770
###lsm 4770 4772
###lsm 4772 4972
###lsm 4895 4768
###lsm 4768 4770
###lsm 4770 4895
###lsm 4771 4796
###lsm 4796 4795
###lsm 4795 4771
###lsm 4881 4866
###lsm 4866 4865
###lsm 4777 4775
###lsm 4775 4801
###lsm 4777 4801
###lsm 4973 4801
###lsm 4801 4800
###lsm 4973 4800
###lsm 4974 4800
###lsm 4800 4799
###lsm 4974 4799
###lsm 4799 4802
###lsm 4880 4881
###lsm 4881 4865
###lsm 4865 4880
###lsm 4975 4973
###lsm 4973 4974
###lsm 4975 4974
###lsm 4976 4974
###lsm 4974 4802
###lsm 4976 4802
###lsm 4802 4803
###lsm 4973 4779
###lsm 4779 4777
###lsm 4777 4973
###lsm 4779 4975
###lsm 4781 4779
###lsm 4781 4975
###lsm 4781 4977
###lsm 4783 4781
###lsm 4783 4977
###lsm 4783 4978
###lsm 4785 4783
###lsm 4785 4978
###lsm 4785 4979
###lsm 4787 4785
###lsm 4787 4979
###lsm 4815 4787
###lsm 4977 4975
###lsm 4975 4976
###lsm 4877 4863
###lsm 4863 4862
###lsm 4877 4862
###lsm 4980 4862
###lsm 4862 4861
###lsm 4980 4861
###lsm 4981 4861
###lsm 4861 4860
###lsm 4981 4860
###lsm 4982 4860
###lsm 4860 4859
###lsm 4982 4859
###lsm 4983 4859
###lsm 4859 4858
###lsm 4983 4858
###lsm 4867 4858
###lsm 4858 4857
###lsm 4857 4867
###lsm 4977 4976
###lsm 4984 4976
###lsm 4976 4803
###lsm 4984 4803
###lsm 4803 4805
###lsm 4977 4984
###lsm 4978 4977
###lsm 4978 4984
###lsm 4978 4985
###lsm 4979 4978
###lsm 4979 4985
###lsm 4979 4986
###lsm 4815 4979
###lsm 4815 4986
###lsm 4813 4815
###lsm 4985 4984
###lsm 4984 4805
###lsm 4877 4980
###lsm 4875 4877
###lsm 4875 4980
###lsm 4875 4987
###lsm 4873 4987
###lsm 4872 4873
###lsm 4987 4980
###lsm 4980 4981
###lsm 4873 4874
###lsm 4874 4875
###lsm 4875 4873
###lsm 4986 4985
###lsm 4807 4985
###lsm 4985 4805
###lsm 4805 4807
###lsm 4987 4981
###lsm 4988 4981
###lsm 4981 4982
###lsm 4988 4982
###lsm 4989 4982
###lsm 4982 4983
###lsm 4989 4983
###lsm 4868 4983
###lsm 4983 4867
###lsm 4867 4868
###lsm 4813 4986
###lsm 4809 4986
###lsm 4986 4807
###lsm 4807 4809
###lsm 4987 4988
###lsm 4872 4987
###lsm 4872 4988
###lsm 4872 4990
###lsm 4871 4872
###lsm 4871 4990
###lsm 4870 4871
###lsm 4990 4988
###lsm 4988 4989
###lsm 4811 4813
###lsm 4813 4809
###lsm 4809 4811
###lsm 4868 4869
###lsm 4989 4868
###lsm 4989 4869
###lsm 4990 4989
###lsm 4869 4870
###lsm 4870 4990
###lsm 4990 4869
###lsm 562 4991
###lsm 562 4992
###lsm 4568 562
###lsm 4568 4992
###lsm 4568 4993
###lsm 4567 4568
###lsm 4567 4993
###lsm 4567 4994
###lsm 4566 4567
###lsm 4566 4994
###lsm 4566 4995
###lsm 4565 4566
###lsm 4565 4995
###lsm 4564 4565
###lsm 4564 4995
###lsm 4564 4996
###lsm 4563 4564
###lsm 4563 4996
###lsm 4563 4997
###lsm 4562 4563
###lsm 4562 4997
###lsm 4562 4998
###lsm 4561 4562
###lsm 4561 4998
###lsm 4561 4999
###lsm 4560 4561
###lsm 4560 4999
###lsm 4560 5000
###lsm 4559 4560
###lsm 4559 5000
###lsm 4559 5001
###lsm 4558 4559
###lsm 4558 5001
###lsm 4558 5002
###lsm 4557 4558
###lsm 4557 5002
###lsm 4557 5003
###lsm 4556 4557
###lsm 4556 5003
###lsm 4556 5004
###lsm 4555 4556
###lsm 4555 5004
###lsm 4555 5005
###lsm 4554 4555
###lsm 4554 5005
###lsm 4554 5006
###lsm 4553 4554
###lsm 4553 5006
###lsm 4614 4553
###lsm 4614 5006
###lsm 4614 5007
###lsm 5008 5007
###lsm 5008 5009
###lsm 5010 5009
###lsm 5010 5003
###lsm 5003 5002
###lsm 561 5011
###lsm 561 5012
###lsm 4991 561
###lsm 4991 5012
###lsm 4991 5013
###lsm 5014 5013
###lsm 5014 5015
###lsm 5016 5015
###lsm 5016 5017
###lsm 5018 5017
###lsm 5018 5019
###lsm 5020 5019
###lsm 5020 5021
###lsm 5022 5021
###lsm 5022 5023
###lsm 5024 5023
###lsm 5024 5025
###lsm 5026 5025
###lsm 5026 5027
###lsm 5028 5027
###lsm 5028 5029
###lsm 5030 5029
###lsm 5030 5031
###lsm 5032 5031
###lsm 5032 5033
###lsm 5034 5033
###lsm 5034 5035
###lsm 5010 5035
###lsm 5008 5010
###lsm 557 5036
###lsm 557 5037
###lsm 5011 557
###lsm 5011 5037
###lsm 5011 5038
###lsm 5012 5011
###lsm 5012 5038
###lsm 5012 5039
###lsm 5013 5012
###lsm 5013 5039
###lsm 5013 5040
###lsm 5015 5013
###lsm 5015 5040
###lsm 5015 5041
###lsm 5017 5015
###lsm 5017 5041
###lsm 5017 5042
###lsm 5019 5017
###lsm 5019 5042
###lsm 5019 5043
###lsm 5021 5019
###lsm 5021 5043
###lsm 5021 5044
###lsm 5023 5021
###lsm 5023 5044
###lsm 5023 5045
###lsm 5025 5023
###lsm 5025 5045
###lsm 5025 5046
###lsm 5027 5025
###lsm 5027 5046
###lsm 5027 5047
###lsm 5029 5027
###lsm 5029 5047
###lsm 5029 5048
###lsm 5031 5029
###lsm 5031 5048
###lsm 5031 5049
###lsm 5033 5031
###lsm 5033 5049
###lsm 5033 5050
###lsm 5035 5033
###lsm 5035 5050
###lsm 5008 5035
###lsm 5036 552
###lsm 5051 552
###lsm 5051 549
###lsm 5052 549
###lsm 5052 5053
###lsm 5054 5053
###lsm 5054 5055
###lsm 5056 5055
###lsm 5056 5057
###lsm 5058 5057
###lsm 5058 5059
###lsm 5060 5059
###lsm 5060 5061
###lsm 5062 5061
###lsm 5062 5063
###lsm 5064 5063
###lsm 5064 5065
###lsm 5066 5065
###lsm 5066 5067
###lsm 5068 5067
###lsm 5068 4748
###lsm 4748 4749
###lsm 5053 549
###lsm 5069 549
###lsm 5069 521
###lsm 5070 521
###lsm 5070 5071
###lsm 5072 5071
###lsm 5072 5073
###lsm 5074 5073
###lsm 5074 5075
###lsm 5076 5075
###lsm 5076 5077
###lsm 5078 5077
###lsm 5078 5079
###lsm 5080 5079
###lsm 5080 5081
###lsm 5082 5081
###lsm 5082 4744
###lsm 4744 4745
###lsm 5071 521
###lsm 5083 521
###lsm 5083 548
###lsm 5084 548
###lsm 5084 547
###lsm 5085 547
###lsm 5085 546
###lsm 5086 546
###lsm 5086 5087
###lsm 5088 5087
###lsm 5088 545
###lsm 545 5087
###lsm 5087 546
###lsm 543 4735
###lsm 544 4735
###lsm 544 5089
###lsm 5088 544
###lsm 5088 5089
###lsm 5088 5090
###lsm 5091 5090
###lsm 5091 5092
###lsm 5093 5092
###lsm 5093 5094
###lsm 5095 5094
###lsm 5095 5096
###lsm 5079 5096
###lsm 5081 5079
###lsm 4735 4736
###lsm 5089 4735
###lsm 5089 4736
###lsm 5090 5089
###lsm 4736 4737
###lsm 5090 4736
###lsm 5090 4737
###lsm 4737 4738
###lsm 5090 4738
###lsm 5092 5090
###lsm 5092 4738
###lsm 4738 4739
###lsm 5092 4739
###lsm 5094 5092
###lsm 5094 4739
###lsm 4739 4740
###lsm 5094 4740
###lsm 4740 4741
###lsm 5094 4741
###lsm 5096 5094
###lsm 5096 4741
###lsm 4741 4742
###lsm 5096 4742
###lsm 5081 5096
###lsm 5081 4742
###lsm 4742 4743
###lsm 5081 4743
###lsm 4743 4744
###lsm 4744 5081
###lsm 5082 4745
###lsm 5097 4745
###lsm 4745 4746
###lsm 5097 4746
###lsm 4746 4747
###lsm 5097 4747
###lsm 5067 4747
###lsm 4747 4748
###lsm 4748 5067
###lsm 4749 4604
###lsm 5068 4749
###lsm 5068 4604
###lsm 5068 5098
###lsm 5099 5098
###lsm 5099 5100
###lsm 5101 5100
###lsm 5101 5102
###lsm 5103 5102
###lsm 5103 5104
###lsm 5105 5104
###lsm 5105 5106
###lsm 5107 5106
###lsm 5107 5108
###lsm 5109 5108
###lsm 5109 5110
###lsm 5111 5110
###lsm 5111 5112
###lsm 5113 5112
###lsm 5113 5114
###lsm 5115 5114
###lsm 5115 5116
###lsm 5117 5116
###lsm 5117 5118
###lsm 5044 5118
###lsm 5045 5044
###lsm 5098 4604
###lsm 5098 4605
###lsm 5100 5098
###lsm 5100 4605
###lsm 5100 4606
###lsm 5100 4607
###lsm 5102 5100
###lsm 5102 4607
###lsm 5102 4608
###lsm 5104 5102
###lsm 5104 4608
###lsm 5104 4609
###lsm 5106 5104
###lsm 5106 4609
###lsm 4609 4610
###lsm 5106 4610
###lsm 5119 4610
###lsm 5119 5120
###lsm 5110 5120
###lsm 5112 5110
###lsm 4610 4611
###lsm 5120 4610
###lsm 5120 4611
###lsm 5120 5121
###lsm 5122 5121
###lsm 5122 5123
###lsm 5114 5123
###lsm 5116 5114
###lsm 5121 4611
###lsm 5124 4611
###lsm 4611 4612
###lsm 5124 4612
###lsm 5125 4612
###lsm 5125 5126
###lsm 5127 5126
###lsm 5127 5047
###lsm 5047 5046
###lsm 5126 4612
###lsm 5128 4612
###lsm 4612 4613
###lsm 5128 4613
###lsm 5050 4613
###lsm 5008 5050
###lsm 4613 4614
###lsm 4614 5008
###lsm 5008 4613
###lsm 5014 5016
###lsm 4992 5016
###lsm 4993 4992
###lsm 5016 5018
###lsm 4993 5016
###lsm 4993 5018
###lsm 4994 4993
###lsm 5018 5020
###lsm 4994 5018
###lsm 4994 5020
###lsm 4995 4994
###lsm 5020 5022
###lsm 4995 5020
###lsm 4995 5022
###lsm 4996 4995
###lsm 5022 5024
###lsm 4996 5022
###lsm 4996 5024
###lsm 4997 4996
###lsm 5024 5026
###lsm 4997 5024
###lsm 4997 5026
###lsm 4998 4997
###lsm 5026 5028
###lsm 4998 5026
###lsm 4998 5028
###lsm 4999 4998
###lsm 5028 5030
###lsm 4999 5028
###lsm 4999 5030
###lsm 5000 4999
###lsm 5030 5032
###lsm 5000 5030
###lsm 5000 5032
###lsm 5001 5000
###lsm 5032 5034
###lsm 5001 5032
###lsm 5001 5034
###lsm 5002 5001
###lsm 5034 5010
###lsm 5010 5002
###lsm 5002 5034
###lsm 5003 5009
###lsm 5004 5003
###lsm 5004 5009
###lsm 5009 5007
###lsm 5004 5007
###lsm 5005 5004
###lsm 5005 5007
###lsm 5007 5006
###lsm 5006 5005
###lsm 4991 5014
###lsm 5014 4992
###lsm 4992 4991
###lsm 5038 5037
###lsm 5129 5037
###lsm 5129 5130
###lsm 5131 5130
###lsm 5131 5132
###lsm 5133 5132
###lsm 5133 5134
###lsm 5135 5134
###lsm 5135 5054
###lsm 5054 5056
###lsm 5039 5038
###lsm 5136 5038
###lsm 5038 5129
###lsm 5136 5129
###lsm 5137 5129
###lsm 5129 5131
###lsm 5137 5131
###lsm 5138 5131
###lsm 5131 5133
###lsm 5138 5133
###lsm 5139 5133
###lsm 5133 5135
###lsm 5139 5135
###lsm 5140 5135
###lsm 5135 5056
###lsm 5140 5056
###lsm 5056 5058
###lsm 5040 5039
###lsm 5141 5039
###lsm 5039 5136
###lsm 5141 5136
###lsm 5142 5136
###lsm 5136 5137
###lsm 5142 5137
###lsm 5143 5137
###lsm 5137 5138
###lsm 5143 5138
###lsm 5144 5138
###lsm 5138 5139
###lsm 5144 5139
###lsm 5145 5139
###lsm 5139 5140
###lsm 5145 5140
###lsm 5146 5140
###lsm 5140 5058
###lsm 5146 5058
###lsm 5058 5060
###lsm 5041 5040
###lsm 5147 5040
###lsm 5040 5141
###lsm 5147 5141
###lsm 5148 5141
###lsm 5141 5142
###lsm 5148 5142
###lsm 5149 5142
###lsm 5142 5143
###lsm 5149 5143
###lsm 5150 5143
###lsm 5143 5144
###lsm 5150 5144
###lsm 5151 5144
###lsm 5144 5145
###lsm 5151 5145
###lsm 5152 5145
###lsm 5145 5146
###lsm 5152 5146
###lsm 5153 5146
###lsm 5146 5060
###lsm 5153 5060
###lsm 5060 5062
###lsm 5042 5041
###lsm 5154 5041
###lsm 5041 5147
###lsm 5154 5147
###lsm 5155 5147
###lsm 5147 5148
###lsm 5155 5148
###lsm 5156 5148
###lsm 5148 5149
###lsm 5156 5149
###lsm 5157 5149
###lsm 5149 5150
###lsm 5157 5150
###lsm 5158 5150
###lsm 5150 5151
###lsm 5158 5151
###lsm 5159 5151
###lsm 5151 5152
###lsm 5159 5152
###lsm 5160 5152
###lsm 5152 5153
###lsm 5160 5153
###lsm 5161 5153
###lsm 5153 5062
###lsm 5161 5062
###lsm 5062 5064
###lsm 5117 5044
###lsm 5044 5043
###lsm 5043 5042
###lsm 5162 5042
###lsm 5042 5154
###lsm 5162 5154
###lsm 5163 5154
###lsm 5154 5155
###lsm 5163 5155
###lsm 5164 5155
###lsm 5155 5156
###lsm 5164 5156
###lsm 5165 5156
###lsm 5156 5157
###lsm 5165 5157
###lsm 5166 5157
###lsm 5157 5158
###lsm 5166 5158
###lsm 5167 5158
###lsm 5158 5159
###lsm 5167 5159
###lsm 5168 5159
###lsm 5159 5160
###lsm 5168 5160
###lsm 5169 5160
###lsm 5160 5161
###lsm 5169 5161
###lsm 5170 5161
###lsm 5161 5064
###lsm 5170 5064
###lsm 5064 5066
###lsm 5046 5045
###lsm 5171 5045
###lsm 5045 5118
###lsm 5171 5118
###lsm 5172 5118
###lsm 5118 5116
###lsm 5172 5116
###lsm 5116 5123
###lsm 5047 5126
###lsm 5048 5047
###lsm 5048 5126
###lsm 5126 5128
###lsm 5048 5128
###lsm 5049 5048
###lsm 5049 5128
###lsm 5128 5050
###lsm 5050 5049
###lsm 5036 5051
###lsm 5036 5132
###lsm 5132 5130
###lsm 5036 5130
###lsm 5130 5037
###lsm 5037 5036
###lsm 5132 5051
###lsm 5134 5132
###lsm 5134 5051
###lsm 5051 5052
###lsm 5134 5052
###lsm 5052 5054
###lsm 5054 5134
###lsm 5162 5163
###lsm 5162 5115
###lsm 5115 5117
###lsm 5162 5117
###lsm 5117 5043
###lsm 5043 5162
###lsm 5115 5163
###lsm 5113 5115
###lsm 5113 5163
###lsm 5163 5164
###lsm 5113 5164
###lsm 5111 5113
###lsm 5111 5164
###lsm 5164 5165
###lsm 5111 5165
###lsm 5109 5111
###lsm 5109 5165
###lsm 5165 5166
###lsm 5109 5166
###lsm 5107 5109
###lsm 5107 5166
###lsm 5166 5167
###lsm 5107 5167
###lsm 5105 5107
###lsm 5105 5167
###lsm 5167 5168
###lsm 5105 5168
###lsm 5103 5105
###lsm 5103 5168
###lsm 5168 5169
###lsm 5103 5169
###lsm 5101 5103
###lsm 5101 5169
###lsm 5169 5170
###lsm 5101 5170
###lsm 5099 5101
###lsm 5099 5170
###lsm 5170 5066
###lsm 5099 5066
###lsm 5066 5068
###lsm 5068 5099
###lsm 5171 5172
###lsm 5171 5173
###lsm 5171 5127
###lsm 5127 5046
###lsm 5046 5171
###lsm 5124 5125
###lsm 5173 5125
###lsm 5125 5127
###lsm 5127 5173
###lsm 5173 5172
###lsm 5174 5172
###lsm 5172 5123
###lsm 5174 5123
###lsm 5123 5121
###lsm 5053 5069
###lsm 5175 5069
###lsm 5069 5070
###lsm 5175 5070
###lsm 5070 5072
###lsm 5120 5122
###lsm 5112 5120
###lsm 5112 5122
###lsm 5122 5114
###lsm 5114 5112
###lsm 5173 5174
###lsm 5124 5173
###lsm 5124 5174
###lsm 5174 5121
###lsm 5121 5124
###lsm 5071 5083
###lsm 5176 5083
###lsm 5083 5084
###lsm 5176 5084
###lsm 5177 5084
###lsm 5084 5085
###lsm 5177 5085
###lsm 5085 5086
###lsm 5175 5072
###lsm 5175 5178
###lsm 5175 5055
###lsm 5055 5053
###lsm 5053 5175
###lsm 5055 5178
###lsm 5057 5055
###lsm 5057 5178
###lsm 5057 5179
###lsm 5059 5057
###lsm 5059 5179
###lsm 5059 5180
###lsm 5061 5059
###lsm 5061 5180
###lsm 5061 5181
###lsm 5063 5061
###lsm 5063 5181
###lsm 5063 5182
###lsm 5065 5063
###lsm 5065 5182
###lsm 5065 5097
###lsm 5097 5067
###lsm 5067 5065
###lsm 5179 5178
###lsm 5074 5178
###lsm 5178 5072
###lsm 5072 5074
###lsm 5106 5119
###lsm 5108 5106
###lsm 5108 5119
###lsm 5119 5110
###lsm 5110 5108
###lsm 5071 5176
###lsm 5073 5071
###lsm 5073 5176
###lsm 5073 5183
###lsm 5075 5073
###lsm 5075 5183
###lsm 5075 5184
###lsm 5077 5075
###lsm 5077 5184
###lsm 5077 5095
###lsm 5095 5079
###lsm 5079 5077
###lsm 5183 5176
###lsm 5176 5177
###lsm 5180 5179
###lsm 5076 5179
###lsm 5179 5074
###lsm 5074 5076
###lsm 5183 5177
###lsm 5185 5177
###lsm 5177 5086
###lsm 5185 5086
###lsm 5091 5086
###lsm 5086 5088
###lsm 5088 5091
###lsm 5181 5180
###lsm 5078 5180
###lsm 5180 5076
###lsm 5076 5078
###lsm 5183 5185
###lsm 5184 5183
###lsm 5184 5185
###lsm 5184 5093
###lsm 5093 5095
###lsm 5095 5184
###lsm 5093 5185
###lsm 5185 5091
###lsm 5091 5093
###lsm 5182 5181
###lsm 5080 5181
###lsm 5181 5078
###lsm 5078 5080
###lsm 5097 5182
###lsm 5082 5097
###lsm 5082 5182
###lsm 5182 5080
###lsm 5080 5082
###lsm 4631 664
###lsm 4632 664
###lsm 4632 663
###lsm 4633 663
###lsm 4633 662
###lsm 4634 662
###lsm 4634 520
###lsm 4635 520
###lsm 4635 519
###lsm 4636 519
###lsm 4636 517
###lsm 4637 517
###lsm 4637 661
###lsm 4638 661
###lsm 4638 660
###lsm 4639 660
###lsm 4639 659
###lsm 4640 659
###lsm 4640 658
###lsm 4643 658
###lsm 4643 657
###lsm 4645 657
###lsm 4645 656
###lsm 4647 656
###lsm 4647 655
###lsm 4649 655
###lsm 4649 654
###lsm 4651 654
###lsm 4651 653
###lsm 4653 653
###lsm 4653 652
###lsm 4655 652
###lsm 651 4655
###lsm 529 4630
###lsm 529 4629
###lsm 530 4629
###lsm 530 4628
###lsm 531 4628
###lsm 531 4627
###lsm 532 4627
###lsm 532 4626
###lsm 533 4626
###lsm 533 4625
###lsm 525 4625
###lsm 525 4624
###lsm 526 4624
###lsm 526 4623
###lsm 527 4623
###lsm 527 4622
###lsm 534 4622
###lsm 534 4621
###lsm 535 4621
###lsm 535 4620
###lsm 536 4620
###lsm 536 4619
###lsm 537 4619
###lsm 537 4618
###lsm 538 4618
###lsm 538 4617
###lsm 539 4617
###lsm 539 4616
###lsm 540 4616
###lsm 540 4615
###lsm 541 4615
###lsm 541 4603
###lsm 4603 542
###lsm 4732 499
###lsm 4733 499
###lsm 4733 515
###lsm 515 499
###lsm 515 501
###lsm 4714 5186
###lsm 4714 5187
###lsm 4715 5187
###lsm 4715 5188
###lsm 4709 5188
###lsm 4709 5189
###lsm 4710 5189
###lsm 4710 5190
###lsm 4711 5190
###lsm 4711 5191
###lsm 4716 5191
###lsm 4716 5192
###lsm 4717 5192
###lsm 4717 5193
###lsm 4718 5193
###lsm 4718 5194
###lsm 4719 5194
###lsm 4719 4365
###lsm 5195 4365
###lsm 5195 4367
###lsm 5196 4367
###lsm 5196 4369
###lsm 5186 4713
###lsm 5197 4713
###lsm 5197 4730
###lsm 5198 4730
###lsm 5198 4729
###lsm 5198 4728
###lsm 5199 4728
###lsm 5199 4727
###lsm 5200 4727
###lsm 5200 5201
###lsm 4331 5201
###lsm 4329 5201
###lsm 4329 5202
###lsm 4327 4329
###lsm 4327 5202
###lsm 4325 4327
###lsm 4325 5202
###lsm 4325 5203
###lsm 4323 4325
###lsm 4323 5203
###lsm 4371 4323
###lsm 4371 5203
###lsm 4373 4371
###lsm 4373 5203
###lsm 4373 5204
###lsm 4375 4373
###lsm 4375 5204
###lsm 4376 4375
###lsm 4376 5204
###lsm 4374 4376
###lsm 4374 5204
###lsm 4372 4374
###lsm 4372 5204
###lsm 4372 5205
###lsm 4370 4372
###lsm 4370 5205
###lsm 4324 4370
###lsm 4324 5205
###lsm 4326 4324
###lsm 4326 5205
###lsm 4326 5206
###lsm 4328 4326
###lsm 4328 5206
###lsm 4330 4328
###lsm 4330 5206
###lsm 4330 5207
###lsm 4332 5207
###lsm 4332 5208
###lsm 4334 5208
###lsm 4334 5209
###lsm 4335 5209
###lsm 4336 5209
###lsm 4336 5210
###lsm 4340 5210
###lsm 4340 5211
###lsm 4341 5211
###lsm 4341 5212
###lsm 4342 5212
###lsm 4342 5213
###lsm 4345 5213
###lsm 4345 5214
###lsm 4348 5214
###lsm 4348 5215
###lsm 4350 5215
###lsm 4350 5216
###lsm 4351 5216
###lsm 4352 5216
###lsm 4352 5217
###lsm 4356 5217
###lsm 4358 5217
###lsm 4358 5218
###lsm 4360 5218
###lsm 4360 5219
###lsm 4362 5219
###lsm 4364 5219
###lsm 4364 5220
###lsm 4366 5220
###lsm 4366 4722
###lsm 5221 4722
###lsm 5221 4721
###lsm 5196 4721
###lsm 5196 4720
###lsm 5195 5196
###lsm 5195 4720
###lsm 4719 5195
###lsm 5201 4727
###lsm 5201 4726
###lsm 5202 5201
###lsm 5202 4726
###lsm 5202 4725
###lsm 5203 5202
###lsm 5203 4725
###lsm 5203 4724
###lsm 5204 5203
###lsm 5204 4724
###lsm 5204 4723
###lsm 5205 5204
###lsm 5205 4723
###lsm 5205 4698
###lsm 5206 5205
###lsm 5206 4698
###lsm 5206 4697
###lsm 5207 5206
###lsm 5207 4697
###lsm 5207 4696
###lsm 5208 5207
###lsm 5208 4696
###lsm 5208 4694
###lsm 5209 5208
###lsm 5209 4694
###lsm 5209 4692
###lsm 5210 5209
###lsm 5210 4692
###lsm 5210 4690
###lsm 5211 5210
###lsm 5211 4690
###lsm 5211 4688
###lsm 5212 5211
###lsm 5212 4688
###lsm 5212 4686
###lsm 5213 5212
###lsm 5213 4686
###lsm 5213 4684
###lsm 5214 5213
###lsm 5214 4684
###lsm 5214 4682
###lsm 5215 5214
###lsm 5215 4682
###lsm 5215 4680
###lsm 5216 5215
###lsm 5216 4680
###lsm 5216 4678
###lsm 5217 5216
###lsm 5217 4678
###lsm 5217 4676
###lsm 5218 5217
###lsm 5218 4676
###lsm 5218 4674
###lsm 5219 5218
###lsm 5219 4674
###lsm 5219 4672
###lsm 5220 5219
###lsm 4722 5220
###lsm 5220 4672
###lsm 5200 4331
###lsm 5200 4333
###lsm 5199 5200
###lsm 5199 4333
###lsm 5199 4338
###lsm 5199 4337
###lsm 5198 5199
###lsm 5198 4337
###lsm 5198 4339
###lsm 5197 5198
###lsm 5197 4339
###lsm 5197 4344
###lsm 5186 5197
###lsm 5186 4344
###lsm 5186 4343
###lsm 5187 5186
###lsm 5187 4343
###lsm 5187 4346
###lsm 5188 5187
###lsm 5188 4346
###lsm 5188 4347
###lsm 5189 5188
###lsm 5189 4347
###lsm 5189 4349
###lsm 5190 5189
###lsm 5190 4349
###lsm 5190 4354
###lsm 5190 4353
###lsm 5191 5190
###lsm 5191 4353
###lsm 5191 4355
###lsm 5191 4357
###lsm 5192 5191
###lsm 5192 4357
###lsm 5192 4359
###lsm 5193 5192
###lsm 5193 4359
###lsm 5193 4361
###lsm 5193 4363
###lsm 5194 5193
###lsm 5194 4363
###lsm 4365 5194
###lsm 5196 4368
###lsm 5221 5196
###lsm 5221 4368
###lsm 4366 5221
###lsm 4683 5222
###lsm 4683 5223
###lsm 4681 5223
###lsm 4681 5224
###lsm 4679 5224
###lsm 4679 5225
###lsm 4677 5225
###lsm 4677 5226
###lsm 4675 5226
###lsm 4675 5227
###lsm 4673 5227
###lsm 4673 5228
###lsm 4671 5228
###lsm 4671 5229
###lsm 4670 5229
###lsm 4670 5230
###lsm 4669 5230
###lsm 4669 4426
###lsm 5231 4426
###lsm 5231 4428
###lsm 5232 4428
###lsm 5232 4430
###lsm 5222 4685
###lsm 5233 4685
###lsm 5233 4687
###lsm 5234 4687
###lsm 5234 4689
###lsm 5234 4691
###lsm 5235 4691
###lsm 5235 4693
###lsm 5236 4693
###lsm 5236 5237
###lsm 4392 5237
###lsm 4390 5237
###lsm 4390 5238
###lsm 4388 4390
###lsm 4388 5238
###lsm 4386 4388
###lsm 4386 5238
###lsm 4386 5239
###lsm 4378 4386
###lsm 4378 5239
###lsm 4380 4378
###lsm 4380 5239
###lsm 4382 4380
###lsm 4382 5239
###lsm 4382 5240
###lsm 4384 4382
###lsm 4384 5240
###lsm 4385 4384
###lsm 4385 5240
###lsm 4383 4385
###lsm 4383 5240
###lsm 4381 4383
###lsm 4381 5240
###lsm 4381 5241
###lsm 4379 4381
###lsm 4379 5241
###lsm 4377 4379
###lsm 4377 5241
###lsm 4387 4377
###lsm 4387 5241
###lsm 4387 5242
###lsm 4389 4387
###lsm 4389 5242
###lsm 4391 4389
###lsm 4391 5242
###lsm 4391 5243
###lsm 4393 5243
###lsm 4393 5244
###lsm 4395 5244
###lsm 4395 5245
###lsm 4396 5245
###lsm 4397 5245
###lsm 4397 5246
###lsm 4401 5246
###lsm 4401 5247
###lsm 4402 5247
###lsm 4402 5248
###lsm 4403 5248
###lsm 4403 5249
###lsm 4406 5249
###lsm 4406 5250
###lsm 4409 5250
###lsm 4409 5251
###lsm 4411 5251
###lsm 4411 5252
###lsm 4412 5252
###lsm 4413 5252
###lsm 4413 5253
###lsm 4417 5253
###lsm 4419 5253
###lsm 4419 5254
###lsm 4421 5254
###lsm 4421 5255
###lsm 4423 5255
###lsm 4425 5255
###lsm 4425 5256
###lsm 4427 5256
###lsm 4427 4666
###lsm 5257 4666
###lsm 5257 4667
###lsm 5232 4667
###lsm 5232 4668
###lsm 5231 5232
###lsm 5231 4668
###lsm 4669 5231
###lsm 5237 4693
###lsm 5237 4695
###lsm 5238 5237
###lsm 5238 4695
###lsm 5238 4712
###lsm 5239 5238
###lsm 5239 4712
###lsm 5239 4641
###lsm 5240 5239
###lsm 5240 4641
###lsm 5240 4642
###lsm 5241 5240
###lsm 5241 4642
###lsm 5241 4644
###lsm 5242 5241
###lsm 5242 4644
###lsm 5242 4646
###lsm 5243 5242
###lsm 5243 4646
###lsm 5243 4648
###lsm 5244 5243
###lsm 5244 4648
###lsm 5244 4650
###lsm 5245 5244
###lsm 5245 4650
###lsm 5245 4652
###lsm 5246 5245
###lsm 5246 4652
###lsm 5246 4654
###lsm 5247 5246
###lsm 5247 4654
###lsm 5247 4656
###lsm 5248 5247
###lsm 5248 4656
###lsm 5248 4657
###lsm 5249 5248
###lsm 5249 4657
###lsm 5249 4658
###lsm 5250 5249
###lsm 5250 4658
###lsm 5250 4659
###lsm 5251 5250
###lsm 5251 4659
###lsm 5251 4660
###lsm 5252 5251
###lsm 5252 4660
###lsm 5252 4661
###lsm 5253 5252
###lsm 5253 4661
###lsm 5253 4662
###lsm 5254 5253
###lsm 5254 4662
###lsm 5254 4664
###lsm 5255 5254
###lsm 5255 4664
###lsm 5255 4665
###lsm 5256 5255
###lsm 4666 5256
###lsm 5256 4665
###lsm 5236 4392
###lsm 5236 4394
###lsm 5235 5236
###lsm 5235 4394
###lsm 5235 4399
###lsm 5235 4398
###lsm 5234 5235
###lsm 5234 4398
###lsm 5234 4400
###lsm 5233 5234
###lsm 5233 4400
###lsm 5233 4405
###lsm 5222 5233
###lsm 5222 4405
###lsm 5222 4404
###lsm 5223 5222
###lsm 5223 4404
###lsm 5223 4407
###lsm 5224 5223
###lsm 5224 4407
###lsm 5224 4408
###lsm 5225 5224
###lsm 5225 4408
###lsm 5225 4410
###lsm 5226 5225
###lsm 5226 4410
###lsm 5226 4415
###lsm 5226 4414
###lsm 5227 5226
###lsm 5227 4414
###lsm 5227 4416
###lsm 5227 4418
###lsm 5228 5227
###lsm 5228 4418
###lsm 5228 4420
###lsm 5229 5228
###lsm 5229 4420
###lsm 5229 4422
###lsm 5229 4424
###lsm 5230 5229
###lsm 5230 4424
###lsm 4426 5230
###lsm 5232 4429
###lsm 5257 5232
###lsm 5257 4429
###lsm 4427 5257
###lsm 3427 5385
###lsm 3427 5386
###lsm 3429 5386
###lsm 3429 5387
###lsm 3430 5387
###lsm 3430 5388
###lsm 3494 5388
###lsm 3494 5389
###lsm 3490 5390
###lsm 3490 5391
###lsm 3486 5392
###lsm 3486 5393
###lsm 3484 5393
###lsm 3484 5394
###lsm 3481 5394
###lsm 3481 5395
###lsm 3479 5395
###lsm 3479 5396
###lsm 3477 5396
###lsm 3477 5397
###lsm 3475 5397
###lsm 3475 5398
###lsm 3473 5398
###lsm 3473 5399
###lsm 3471 5399
###lsm 3471 5400
###lsm 3469 5400
###lsm 3469 5401
###lsm 3467 5401
###lsm 3467 5402
###lsm 3465 5402
###lsm 3465 5403
###lsm 3464 5403
###lsm 3464 5404
###lsm 3462 5404
###lsm 3462 5405
###lsm 3460 5405
###lsm 3460 5406
###lsm 3458 5406
###lsm 3458 5407
###lsm 3456 5407
###lsm 3456 5408
###lsm 3454 5408
###lsm 3454 5409
###lsm 3452 5409
###lsm 3452 5410
###lsm 3450 5410
###lsm 3450 5411
###lsm 3441 5414
###lsm 3441 5415
###lsm 3439 5415
###lsm 3439 5416
###lsm 3437 5416
###lsm 3437 5417
###lsm 3435 5417
###lsm 3435 5418
###lsm 3433 5418
###lsm 3433 5419
###lsm 3431 5419
###lsm 3431 5420
###lsm 3425 5420
###lsm 5385 3425
###lsm 3247 5469
###lsm 3247 5470
###lsm 3249 5470
###lsm 3249 5471
###lsm 3250 5471
###lsm 3250 5472
###lsm 3314 5472
###lsm 3314 5473
###lsm 3312 5473
###lsm 3312 5474
###lsm 3310 5474
###lsm 3310 5475
###lsm 3308 5475
###lsm 3308 5476
###lsm 3306 5476
###lsm 3306 5477
###lsm 3304 5477
###lsm 3304 5478
###lsm 3301 5478
###lsm 3301 5479
###lsm 3299 5479
###lsm 3299 5480
###lsm 3297 5480
###lsm 3297 5481
###lsm 3295 5481
###lsm 3295 5482
###lsm 3293 5482
###lsm 3293 5483
###lsm 3291 5483
###lsm 3291 5484
###lsm 3289 5484
###lsm 3289 5485
###lsm 3287 5485
###lsm 3287 5486
###lsm 3285 5486
###lsm 3285 5487
###lsm 3284 5487
###lsm 3284 5488
###lsm 3282 5488
###lsm 3282 5489
###lsm 3280 5489
###lsm 3280 5490
###lsm 3278 5490
###lsm 3278 5491
###lsm 3276 5491
###lsm 3276 5492
###lsm 3274 5492
###lsm 3274 5493
###lsm 3272 5493
###lsm 3272 5494
###lsm 3270 5494
###lsm 3270 5495
###lsm 3268 5495
###lsm 3268 5496
###lsm 3265 5496
###lsm 3265 5497
###lsm 3263 5497
###lsm 3263 5498
###lsm 3261 5498
###lsm 3261 5499
###lsm 3259 5499
###lsm 3259 5500
###lsm 3257 5500
###lsm 3257 5501
###lsm 3255 5501
###lsm 3255 5502
###lsm 3253 5502
###lsm 3253 5503
###lsm 3251 5503
###lsm 3251 5504
###lsm 3245 5504
###lsm 5469 3245
###lsm 1402 1401
###lsm 1403 1404
###lsm 1405 1406
###lsm 1407 1408
###lsm 1409 1410
###lsm 1411 1400
###lsm 1411 1403
###lsm 1409 1403
###lsm 1409 1405
###lsm 1414 1413
###lsm 1414 1415
###lsm 1416 1415
###lsm 1416 1417
###lsm 1418 1417
###lsm 1418 1419
###lsm 1420 1419
###lsm 1420 1421
###lsm 1422 1421
###lsm 1422 1423
###lsm 1424 1423
###lsm 1424 1425
###lsm 1426 1425
###lsm 1426 1427
###lsm 1428 1427
###lsm 1428 1429
###lsm 1430 1429
###lsm 1430 1431
###lsm 1432 1431
###lsm 1432 1433
###lsm 1434 1433
###lsm 1434 1435
###lsm 1436 1435
###lsm 1436 1437
###lsm 1438 1437
###lsm 1438 1439
###lsm 1440 1439
###lsm 1440 1441
###lsm 1442 1441
###lsm 1442 1443
###lsm 1444 1443
###lsm 1444 1445
###lsm 1446 1445
###lsm 1446 1447
###lsm 1448 1447
###lsm 1448 1449
###lsm 1450 1449
###lsm 1450 1451
###lsm 1452 1451
###lsm 1452 1453
###lsm 1454 1453
###lsm 1454 1455
###lsm 1456 1455
###lsm 1456 1457
###lsm 1458 1457
###lsm 1458 1459
###lsm 1460 1459
###lsm 1460 1461
###lsm 1462 1461
###lsm 1462 1463
###lsm 1464 1463
###lsm 1464 1465
###lsm 1466 1465
###lsm 1466 1467
###lsm 1468 1467
###lsm 1468 1469
###lsm 1470 1469
###lsm 1470 1471
###lsm 1472 1471
###lsm 1472 1473
###lsm 1474 1473
###lsm 1474 1475
###lsm 1476 1475
###lsm 1476 1477
###lsm 1478 1477
###lsm 1478 1479
###lsm 1480 1479
###lsm 1480 1481
###lsm 1482 1481
###lsm 1482 1483
###lsm 1412 1483
###lsm 1413 1412
###lsm 1488 1418
###lsm 1420 1488
###lsm 1489 1420
###lsm 1422 1489
###lsm 1415 1400
###lsm 1415 1410
###lsm 1417 1410
###lsm 1419 1410
###lsm 1421 1410
###lsm 1423 1410
###lsm 1425 1410
###lsm 1427 1410
###lsm 1427 1408
###lsm 1429 1408
###lsm 1431 1408
###lsm 1433 1408
###lsm 1435 1408
###lsm 1437 1408
###lsm 1439 1408
###lsm 1439 1406
###lsm 1441 1406
###lsm 1443 1406
###lsm 1445 1406
###lsm 1447 1406
###lsm 1449 1406
###lsm 1451 1406
###lsm 1451 1404
###lsm 1453 1404
###lsm 1455 1404
###lsm 1457 1404
###lsm 1459 1404
###lsm 1461 1404
###lsm 1463 1404
###lsm 1463 1401
###lsm 1465 1401
###lsm 1467 1401
###lsm 1469 1401
###lsm 1471 1401
###lsm 1473 1401
###lsm 1475 1401
###lsm 1475 1400
###lsm 1477 1400
###lsm 1479 1400
###lsm 1481 1400
###lsm 1483 1400
###lsm 1400 1413
###lsm 1522 1521
###lsm 1523 1524
###lsm 1525 1526
###lsm 1527 1528
###lsm 1529 1530
###lsm 1531 1520
###lsm 1531 1523
###lsm 1529 1523
###lsm 1529 1525
###lsm 1534 1533
###lsm 1534 1535
###lsm 1536 1535
###lsm 1536 1537
###lsm 1538 1537
###lsm 1538 1539
###lsm 1540 1539
###lsm 1540 1541
###lsm 1542 1541
###lsm 1542 1543
###lsm 1544 1543
###lsm 1544 1545
###lsm 1546 1545
###lsm 1546 1547
###lsm 1548 1547
###lsm 1548 1549
###lsm 1550 1549
###lsm 1550 1551
###lsm 1552 1551
###lsm 1552 1553
###lsm 1554 1553
###lsm 1554 1555
###lsm 1556 1555
###lsm 1556 1557
###lsm 1558 1557
###lsm 1558 1559
###lsm 1560 1559
###lsm 1560 1561
###lsm 1562 1561
###lsm 1562 1563
###lsm 1564 1563
###lsm 1564 1565
###lsm 1566 1565
###lsm 1566 1567
###lsm 1568 1567
###lsm 1568 1569
###lsm 1570 1569
###lsm 1570 1571
###lsm 1572 1571
###lsm 1572 1573
###lsm 1574 1573
###lsm 1574 1575
###lsm 1576 1575
###lsm 1576 1577
###lsm 1578 1577
###lsm 1578 1579
###lsm 1580 1579
###lsm 1580 1581
###lsm 1582 1581
###lsm 1582 1583
###lsm 1584 1583
###lsm 1584 1585
###lsm 1586 1585
###lsm 1586 1587
###lsm 1588 1587
###lsm 1588 1589
###lsm 1590 1589
###lsm 1590 1591
###lsm 1592 1591
###lsm 1592 1593
###lsm 1594 1593
###lsm 1594 1595
###lsm 1596 1595
###lsm 1596 1597
###lsm 1598 1597
###lsm 1598 1599
###lsm 1600 1599
###lsm 1600 1601
###lsm 1602 1601
###lsm 1602 1603
###lsm 1532 1603
###lsm 1533 1532
###lsm 1608 1538
###lsm 1540 1608
###lsm 1613 1548
###lsm 1550 1613
###lsm 1614 1550
###lsm 1552 1614
###lsm 1616 1554
###lsm 1556 1616
###lsm 1634 1590
###lsm 1592 1634
###lsm 1635 1592
###lsm 1594 1635
###lsm 1535 1520
###lsm 1535 1530
###lsm 1537 1530
###lsm 1539 1530
###lsm 1541 1530
###lsm 1543 1530
###lsm 1545 1530
###lsm 1547 1530
###lsm 1547 1528
###lsm 1549 1528
###lsm 1551 1528
###lsm 1553 1528
###lsm 1555 1528
###lsm 1557 1528
###lsm 1559 1528
###lsm 1559 1526
###lsm 1561 1526
###lsm 1563 1526
###lsm 1565 1526
###lsm 1567 1526
###lsm 1569 1526
###lsm 1571 1526
###lsm 1571 1524
###lsm 1573 1524
###lsm 1575 1524
###lsm 1577 1524
###lsm 1579 1524
###lsm 1581 1524
###lsm 1583 1524
###lsm 1583 1521
###lsm 1585 1521
###lsm 1587 1521
###lsm 1589 1521
###lsm 1591 1521
###lsm 1593 1521
###lsm 1595 1521
###lsm 1595 1520
###lsm 1597 1520
###lsm 1599 1520
###lsm 1601 1520
###lsm 1603 1520
###lsm 1520 1533
###lsm 3173 3208
###lsm 3209 3173
###lsm 3172 3209
###lsm 3210 3172
###lsm 3175 3210
###lsm 3175 3211
###lsm 3176 3211
###lsm 3176 3212
###lsm 3177 3212
###lsm 3177 3213
###lsm 3178 3213
###lsm 3214 3178
###lsm 3179 3214
###lsm 3215 3179
###lsm 3181 3216
###lsm 3181 3217
###lsm 3182 3217
###lsm 3182 3218
###lsm 3183 3218
###lsm 3183 3219
###lsm 3184 3219
###lsm 3184 3220
###lsm 3185 3220
###lsm 3185 3221
###lsm 3186 3221
###lsm 3186 3222
###lsm 3187 3222
###lsm 3187 3223
###lsm 3188 3223
###lsm 3188 3224
###lsm 3189 3224
###lsm 3189 3225
###lsm 3190 3225
###lsm 3190 3226
###lsm 3191 3226
###lsm 3191 3227
###lsm 3192 3227
###lsm 3192 3228
###lsm 3193 3228
###lsm 3193 3229
###lsm 3194 3229
###lsm 3194 3230
###lsm 3195 3230
###lsm 3195 3231
###lsm 3196 3231
###lsm 3196 3232
###lsm 3197 3232
###lsm 3197 3233
###lsm 3198 3233
###lsm 3234 3198
###lsm 3199 3234
###lsm 3235 3199
###lsm 3200 3235
###lsm 3236 3200
###lsm 3201 3236
###lsm 3237 3201
###lsm 3202 3237
###lsm 3238 3202
###lsm 3203 3238
###lsm 3239 3203
###lsm 3204 3239
###lsm 3204 3240
###lsm 3205 3240
###lsm 3205 3241
###lsm 3206 3241
###lsm 3206 3242
###lsm 3207 3242
###lsm 3207 3243
###lsm 3174 3243
###lsm 3208 3174
###lsm 3246 3316
###lsm 3317 3246
###lsm 3244 3317
###lsm 3244 3318
###lsm 3252 3318
###lsm 3252 3319
###lsm 3254 3319
###lsm 3254 3320
###lsm 3256 3320
###lsm 3256 3321
###lsm 3258 3321
###lsm 3258 3322
###lsm 3260 3322
###lsm 3260 3323
###lsm 3262 3323
###lsm 3262 3324
###lsm 3264 3324
###lsm 3325 3264
###lsm 3266 3325
###lsm 3266 3326
###lsm 3267 3326
###lsm 3327 3267
###lsm 3269 3327
###lsm 3269 3328
###lsm 3271 3328
###lsm 3271 3329
###lsm 3273 3329
###lsm 3330 3273
###lsm 3275 3330
###lsm 3275 3331
###lsm 3277 3331
###lsm 3277 3332
###lsm 3279 3332
###lsm 3279 3333
###lsm 3281 3333
###lsm 3281 3334
###lsm 3283 3334
###lsm 3283 3335
###lsm 3286 3335
###lsm 3286 3336
###lsm 3288 3336
###lsm 3288 3337
###lsm 3290 3337
###lsm 3338 3290
###lsm 3292 3338
###lsm 3339 3292
###lsm 3294 3339
###lsm 3340 3294
###lsm 3296 3340
###lsm 3341 3296
###lsm 3298 3341
###lsm 3298 3342
###lsm 3300 3342
###lsm 3300 3343
###lsm 3302 3343
###lsm 3302 3344
###lsm 3303 3344
###lsm 3303 3345
###lsm 3305 3345
###lsm 3305 3346
###lsm 3307 3346
###lsm 3307 3347
###lsm 3309 3347
###lsm 3309 3348
###lsm 3311 3348
###lsm 3311 3349
###lsm 3313 3349
###lsm 3313 3350
###lsm 3315 3350
###lsm 3315 3351
###lsm 3248 3351
###lsm 3316 3248
###lsm 3353 3388
###lsm 3389 3353
###lsm 3352 3389
###lsm 3352 3390
###lsm 3355 3390
###lsm 3355 3391
###lsm 3356 3391
###lsm 3392 3356
###lsm 3357 3392
###lsm 3357 3393
###lsm 3358 3393
###lsm 3394 3358
###lsm 3359 3394
###lsm 3395 3359
###lsm 3360 3395
###lsm 3360 3396
###lsm 3361 3396
###lsm 3361 3397
###lsm 3362 3397
###lsm 3362 3398
###lsm 3363 3398
###lsm 3363 3399
###lsm 3364 3399
###lsm 3364 3400
###lsm 3365 3400
###lsm 3365 3401
###lsm 3366 3401
###lsm 3366 3402
###lsm 3367 3402
###lsm 3403 3367
###lsm 3368 3403
###lsm 3404 3368
###lsm 3369 3404
###lsm 3405 3369
###lsm 3370 3405
###lsm 3406 3370
###lsm 3371 3406
###lsm 3407 3371
###lsm 3372 3407
###lsm 3372 3408
###lsm 3373 3408
###lsm 3373 3409
###lsm 3374 3409
###lsm 3410 3374
###lsm 3375 3410
###lsm 3411 3375
###lsm 3376 3411
###lsm 3412 3376
###lsm 3377 3412
###lsm 3377 3413
###lsm 3378 3413
###lsm 3378 3414
###lsm 3379 3414
###lsm 3379 3415
###lsm 3380 3415
###lsm 3380 3416
###lsm 3381 3416
###lsm 3381 3417
###lsm 3382 3417
###lsm 3382 3418
###lsm 3383 3418
###lsm 3383 3419
###lsm 3384 3419
###lsm 3384 3420
###lsm 3385 3420
###lsm 3385 3421
###lsm 3386 3421
###lsm 3422 3386
###lsm 3387 3422
###lsm 3423 3387
###lsm 3354 3423
###lsm 3388 3354
###lsm 3426 3496
###lsm 3426 3497
###lsm 3424 3497
###lsm 3424 3498
###lsm 3432 3498
###lsm 3432 3499
###lsm 3434 3499
###lsm 3500 3434
###lsm 3436 3500
###lsm 3436 3501
###lsm 3438 3501
###lsm 3438 3502
###lsm 3440 3502
###lsm 3503 3440
###lsm 3442 3503
###lsm 3442 3504
###lsm 3444 3504
###lsm 3505 3444
###lsm 3446 3505
###lsm 3446 3506
###lsm 3447 3506
###lsm 3447 3507
###lsm 3449 3507
###lsm 3449 3508
###lsm 3451 3508
###lsm 3451 3509
###lsm 3453 3509
###lsm 3453 3510
###lsm 3455 3510
###lsm 3455 3511
###lsm 3457 3511
###lsm 3457 3512
###lsm 3459 3512
###lsm 3513 3459
###lsm 3461 3513
###lsm 3461 3514
###lsm 3463 3514
###lsm 3463 3515
###lsm 3466 3515
###lsm 3466 3516
###lsm 3468 3516
###lsm 3468 3517
###lsm 3470 3517
###lsm 3518 3470
###lsm 3472 3518
###lsm 3519 3472
###lsm 3474 3519
###lsm 3474 3520
###lsm 3476 3520
###lsm 3521 3476
###lsm 3478 3521
###lsm 3478 3522
###lsm 3480 3522
###lsm 3523 3480
###lsm 3487 3527
###lsm 3489 3527
###lsm 3489 3528
###lsm 3491 3528
###lsm 3491 3529
###lsm 3493 3529
###lsm 3493 3530
###lsm 3495 3530
###lsm 3495 3531
###lsm 3428 3531
###lsm 3496 3428
###lsm 3533 3326
###lsm 3533 3325
###lsm 3326 3532
###lsm 3327 3532
###lsm 3327 3534
###lsm 3328 3534
###lsm 3328 3535
###lsm 3329 3535
###lsm 3329 3536
###lsm 3330 3536
###lsm 3330 3537
###lsm 3331 3537
###lsm 3331 3538
###lsm 3332 3538
###lsm 3332 3539
###lsm 3333 3539
###lsm 3333 3540
###lsm 3334 3540
###lsm 3335 3540
###lsm 3335 3541
###lsm 3336 3541
###lsm 3337 3541
###lsm 3338 3541
###lsm 3338 3542
###lsm 3339 3542
###lsm 3339 3543
###lsm 3340 3543
###lsm 3340 3544
###lsm 3341 3544
###lsm 3342 3544
###lsm 3342 3545
###lsm 3343 3545
###lsm 3344 3545
###lsm 3344 3546
###lsm 3345 3546
###lsm 3346 3546
###lsm 3346 3547
###lsm 3347 3547
###lsm 3348 3547
###lsm 3348 3548
###lsm 3349 3548
###lsm 3350 3548
###lsm 3350 3549
###lsm 3351 3549
###lsm 3316 3549
###lsm 3316 3550
###lsm 3317 3550
###lsm 3318 3550
###lsm 3318 3551
###lsm 3319 3551
###lsm 3320 3551
###lsm 3320 3552
###lsm 3321 3552
###lsm 3322 3552
###lsm 3322 3553
###lsm 3323 3553
###lsm 3323 3533
###lsm 3533 3324
###lsm 3541 3555
###lsm 3541 3556
###lsm 3542 3541
###lsm 3554 3408
###lsm 3554 3407
###lsm 3408 3557
###lsm 3409 3557
###lsm 3409 3558
###lsm 3410 3558
###lsm 3410 3559
###lsm 3411 3559
###lsm 3411 3560
###lsm 3412 3560
###lsm 3412 3561
###lsm 3413 3561
###lsm 3413 3562
###lsm 3414 3562
###lsm 3414 3563
###lsm 3415 3563
###lsm 3415 3564
###lsm 3416 3564
###lsm 3416 3565
###lsm 3417 3565
###lsm 3418 3565
###lsm 3419 3565
###lsm 3419 3566
###lsm 3420 3566
###lsm 3420 3567
###lsm 3421 3567
###lsm 3422 3567
###lsm 3422 3568
###lsm 3423 3568
###lsm 3388 3568
###lsm 3388 3569
###lsm 3389 3569
###lsm 3390 3569
###lsm 3390 3570
###lsm 3391 3570
###lsm 3392 3570
###lsm 3392 3571
###lsm 3393 3571
###lsm 3394 3571
###lsm 3394 3572
###lsm 3395 3572
###lsm 3396 3572
###lsm 3396 3573
###lsm 3397 3573
###lsm 3398 3573
###lsm 3398 3574
###lsm 3399 3574
###lsm 3400 3574
###lsm 3400 3575
###lsm 3401 3575
###lsm 3402 3575
###lsm 3402 3576
###lsm 3403 3576
###lsm 3403 3577
###lsm 3404 3577
###lsm 3404 3554
###lsm 3405 3554
###lsm 3554 3406
###lsm 3565 3579
###lsm 3565 3580
###lsm 3566 3565
###lsm 3578 3524
###lsm 3578 3523
###lsm 3524 3581
###lsm 3525 3581
###lsm 3525 3582
###lsm 3526 3582
###lsm 3526 3583
###lsm 3527 3583
###lsm 3527 3584
###lsm 3528 3584
###lsm 3528 3585
###lsm 3529 3585
###lsm 3529 3586
###lsm 3530 3586
###lsm 3530 3587
###lsm 3531 3587
###lsm 3531 3588
###lsm 3496 3588
###lsm 3496 3589
###lsm 3497 3589
###lsm 3498 3589
###lsm 3499 3589
###lsm 3500 3589
###lsm 3500 3590
###lsm 3501 3590
###lsm 3501 3591
###lsm 3502 3591
###lsm 3502 3592
###lsm 3503 3592
###lsm 3503 3593
###lsm 3504 3593
###lsm 3505 3593
###lsm 3505 3594
###lsm 3506 3594
###lsm 3507 3594
###lsm 3507 3595
###lsm 3508 3595
###lsm 3509 3595
###lsm 3509 3596
###lsm 3510 3596
###lsm 3511 3596
###lsm 3511 3597
###lsm 3512 3597
###lsm 3513 3597
###lsm 3513 3598
###lsm 3514 3598
###lsm 3515 3598
###lsm 3515 3599
###lsm 3516 3599
###lsm 3517 3599
###lsm 3517 3600
###lsm 3518 3600
###lsm 3519 3600
###lsm 3519 3601
###lsm 3520 3601
###lsm 3520 3602
###lsm 3521 3602
###lsm 3521 3578
###lsm 3578 3522
###lsm 3590 3589
###lsm 3603 3589
###lsm 3603 3604
###lsm 3605 3604
###lsm 3606 3604
###lsm 3606 3242
###lsm 3604 3210
###lsm 3604 3209
###lsm 3210 3607
###lsm 3211 3607
###lsm 3211 3608
###lsm 3212 3608
###lsm 3212 3609
###lsm 3213 3609
###lsm 3213 3610
###lsm 3214 3610
###lsm 3214 3611
###lsm 3215 3611
###lsm 3215 3612
###lsm 3216 3612
###lsm 3216 3613
###lsm 3217 3613
###lsm 3217 3614
###lsm 3218 3614
###lsm 3218 3615
###lsm 3219 3615
###lsm 3220 3615
###lsm 3221 3615
###lsm 3221 3616
###lsm 3222 3616
###lsm 3222 3617
###lsm 3223 3617
###lsm 3223 3618
###lsm 3224 3618
###lsm 3225 3618
###lsm 3225 3619
###lsm 3226 3619
###lsm 3227 3619
###lsm 3227 3620
###lsm 3228 3620
###lsm 3229 3620
###lsm 3229 3621
###lsm 3230 3621
###lsm 3231 3621
###lsm 3231 3622
###lsm 3232 3622
###lsm 3233 3622
###lsm 3233 3623
###lsm 3234 3623
###lsm 3235 3623
###lsm 3235 3624
###lsm 3236 3624
###lsm 3237 3624
###lsm 3237 3625
###lsm 3238 3625
###lsm 3239 3625
###lsm 3239 3626
###lsm 3240 3626
###lsm 3240 3627
###lsm 3241 3627
###lsm 3606 3241
###lsm 3615 3628
###lsm 3615 3629
###lsm 3616 3615
###lsm 3604 3208
###lsm 3604 3243
###lsm 3242 3604
###lsm 3533 3553
###lsm 3533 3630
###lsm 3628 3533
###lsm 3578 3602
###lsm 3578 3631
###lsm 3579 3578
###lsm 3554 3577
###lsm 3554 3632
###lsm 3555 3554
###lsm 3532 3633
###lsm 3532 3634
###lsm 3534 3634
###lsm 3534 3635
###lsm 3535 3635
###lsm 3535 3636
###lsm 3536 3636
###lsm 3536 3637
###lsm 3537 3637
###lsm 3537 3638
###lsm 3538 3638
###lsm 3538 3639
###lsm 3539 3639
###lsm 3539 3640
###lsm 3540 3640
###lsm 3540 3641
###lsm 3541 3641
###lsm 3642 3554
###lsm 3541 3642
###lsm 3554 3643
###lsm 3557 3643
###lsm 3557 3644
###lsm 3558 3644
###lsm 3558 3645
###lsm 3559 3645
###lsm 3559 3646
###lsm 3560 3646
###lsm 3560 3647
###lsm 3561 3647
###lsm 3561 3648
###lsm 3562 3648
###lsm 3562 3649
###lsm 3563 3649
###lsm 3563 3650
###lsm 3564 3650
###lsm 3564 3651
###lsm 3565 3651
###lsm 3652 3578
###lsm 3565 3652
###lsm 3578 3653
###lsm 3581 3653
###lsm 3581 3654
###lsm 3582 3654
###lsm 3582 3655
###lsm 3583 3655
###lsm 3583 3656
###lsm 3584 3656
###lsm 3584 3657
###lsm 3585 3657
###lsm 3585 3658
###lsm 3586 3658
###lsm 3586 3659
###lsm 3587 3659
###lsm 3587 3660
###lsm 3588 3660
###lsm 3588 3661
###lsm 3589 3661
###lsm 3662 3604
###lsm 3589 3662
###lsm 3604 3663
###lsm 3607 3663
###lsm 3607 3664
###lsm 3608 3664
###lsm 3608 3665
###lsm 3609 3665
###lsm 3609 3666
###lsm 3610 3666
###lsm 3610 3667
###lsm 3611 3667
###lsm 3611 3668
###lsm 3612 3668
###lsm 3612 3669
###lsm 3613 3669
###lsm 3613 3670
###lsm 3614 3670
###lsm 3614 3671
###lsm 3615 3671
###lsm 3633 3533
###lsm 3672 3533
###lsm 3615 3672
###lsm 3675 3674
###lsm 3675 3676
###lsm 3677 3676
###lsm 3677 3678
###lsm 3679 3678
###lsm 3679 3680
###lsm 3681 3680
###lsm 3681 3682
###lsm 3683 3682
###lsm 3683 3684
###lsm 3685 3684
###lsm 3685 3686
###lsm 3687 3686
###lsm 3687 3688
###lsm 3689 3688
###lsm 3689 3690
###lsm 3691 3690
###lsm 3691 3692
###lsm 3693 3692
###lsm 3693 3694
###lsm 3695 3694
###lsm 3695 3696
###lsm 3697 3696
###lsm 3697 3698
###lsm 3699 3698
###lsm 3699 3700
###lsm 3701 3700
###lsm 3701 3702
###lsm 3703 3702
###lsm 3703 3704
###lsm 3705 3704
###lsm 3705 3706
###lsm 3707 3706
###lsm 3707 3708
###lsm 3709 3708
###lsm 3709 3710
###lsm 3711 3710
###lsm 3711 3712
###lsm 3713 3712
###lsm 3713 3714
###lsm 3715 3714
###lsm 3715 3716
###lsm 3717 3716
###lsm 3717 3718
###lsm 3719 3718
###lsm 3719 3720
###lsm 3721 3720
###lsm 3721 3722
###lsm 3723 3722
###lsm 3723 3724
###lsm 3725 3724
###lsm 3725 3726
###lsm 3727 3726
###lsm 3727 3728
###lsm 3729 3728
###lsm 3729 3730
###lsm 3731 3730
###lsm 3731 3732
###lsm 3733 3732
###lsm 3733 3734
###lsm 3735 3734
###lsm 3735 3736
###lsm 3737 3736
###lsm 3737 3738
###lsm 3739 3738
###lsm 3739 3740
###lsm 3741 3740
###lsm 3741 3742
###lsm 3743 3742
###lsm 3743 3744
###lsm 3745 3744
###lsm 3745 3746
###lsm 3747 3746
###lsm 3747 3748
###lsm 3749 3748
###lsm 3749 3750
###lsm 3751 3750
###lsm 3751 3752
###lsm 3753 3752
###lsm 3753 3754
###lsm 3755 3754
###lsm 3755 3756
###lsm 3757 3756
###lsm 3757 3758
###lsm 3759 3758
###lsm 3759 3760
###lsm 3761 3760
###lsm 3761 3762
###lsm 3763 3762
###lsm 3763 3764
###lsm 3765 3764
###lsm 3765 3766
###lsm 3767 3766
###lsm 3767 3768
###lsm 3769 3768
###lsm 3769 3770
###lsm 3771 3770
###lsm 3771 3772
###lsm 3773 3772
###lsm 3773 3774
###lsm 3775 3774
###lsm 3775 3776
###lsm 3777 3776
###lsm 3777 3778
###lsm 3779 3778
###lsm 3779 3780
###lsm 3781 3780
###lsm 3781 3782
###lsm 3783 3782
###lsm 3783 3784
###lsm 3785 3784
###lsm 3785 3786
###lsm 3673 3786
###lsm 3674 3673
###lsm 3789 3788
###lsm 3789 3790
###lsm 3791 3790
###lsm 3791 3792
###lsm 3793 3792
###lsm 3793 3794
###lsm 3795 3794
###lsm 3795 3796
###lsm 3797 3796
###lsm 3797 3798
###lsm 3799 3798
###lsm 3799 3800
###lsm 3801 3800
###lsm 3801 3802
###lsm 3803 3802
###lsm 3803 3804
###lsm 3805 3804
###lsm 3805 3806
###lsm 3807 3806
###lsm 3807 3808
###lsm 3809 3808
###lsm 3809 3810
###lsm 3811 3810
###lsm 3811 3812
###lsm 3813 3812
###lsm 3813 3814
###lsm 3815 3814
###lsm 3815 3816
###lsm 3817 3816
###lsm 3817 3818
###lsm 3819 3818
###lsm 3819 3820
###lsm 3821 3820
###lsm 3821 3822
###lsm 3823 3822
###lsm 3823 3824
###lsm 3825 3824
###lsm 3825 3826
###lsm 3827 3826
###lsm 3827 3828
###lsm 3829 3828
###lsm 3829 3830
###lsm 3831 3830
###lsm 3831 3832
###lsm 3833 3832
###lsm 3833 3834
###lsm 3835 3834
###lsm 3835 3836
###lsm 3837 3836
###lsm 3837 3838
###lsm 3839 3838
###lsm 3839 3840
###lsm 3841 3840
###lsm 3841 3842
###lsm 3843 3842
###lsm 3843 3844
###lsm 3845 3844
###lsm 3845 3846
###lsm 3847 3846
###lsm 3847 3848
###lsm 3849 3848
###lsm 3849 3850
###lsm 3851 3850
###lsm 3851 3852
###lsm 3853 3852
###lsm 3853 3854
###lsm 3855 3854
###lsm 3855 3856
###lsm 3857 3856
###lsm 3857 3858
###lsm 3859 3858
###lsm 3859 3860
###lsm 3861 3860
###lsm 3861 3862
###lsm 3863 3862
###lsm 3863 3864
###lsm 3865 3864
###lsm 3865 3866
###lsm 3867 3866
###lsm 3867 3868
###lsm 3869 3868
###lsm 3869 3870
###lsm 3871 3870
###lsm 3871 3872
###lsm 3873 3872
###lsm 3873 3874
###lsm 3875 3874
###lsm 3875 3876
###lsm 3877 3876
###lsm 3877 3878
###lsm 3879 3878
###lsm 3879 3880
###lsm 3881 3880
###lsm 3881 3882
###lsm 3883 3882
###lsm 3883 3884
###lsm 3885 3884
###lsm 3885 3886
###lsm 3887 3886
###lsm 3887 3888
###lsm 3889 3888
###lsm 3889 3890
###lsm 3891 3890
###lsm 3891 3892
###lsm 3893 3892
###lsm 3893 3894
###lsm 3895 3894
###lsm 3895 3896
###lsm 3897 3896
###lsm 3897 3898
###lsm 3899 3898
###lsm 3899 3900
###lsm 3901 3900
###lsm 3901 3902
###lsm 3903 3902
###lsm 3903 3904
###lsm 3787 3904
###lsm 3788 3787
###lsm 3906 3556
###lsm 3906 3555
###lsm 3907 3555
###lsm 3907 3632
###lsm 3908 3632
###lsm 3908 3577
###lsm 3909 3577
###lsm 3909 3576
###lsm 3910 3576
###lsm 3910 3575
###lsm 3911 3575
###lsm 3911 3574
###lsm 3912 3574
###lsm 3912 3573
###lsm 3913 3573
###lsm 3913 3572
###lsm 3914 3572
###lsm 3914 3571
###lsm 3915 3571
###lsm 3915 3570
###lsm 3916 3570
###lsm 3916 3569
###lsm 3917 3569
###lsm 3917 3568
###lsm 3918 3568
###lsm 3918 3567
###lsm 3919 3567
###lsm 3919 3566
###lsm 3920 3566
###lsm 3920 3580
###lsm 3921 3580
###lsm 3921 3579
###lsm 3922 3579
###lsm 3922 3631
###lsm 3923 3631
###lsm 3923 3602
###lsm 3924 3602
###lsm 3924 3601
###lsm 3925 3601
###lsm 3925 3600
###lsm 3926 3600
###lsm 3926 3599
###lsm 3927 3599
###lsm 3927 3598
###lsm 3928 3598
###lsm 3928 3597
###lsm 3929 3597
###lsm 3929 3596
###lsm 3930 3596
###lsm 3930 3595
###lsm 3931 3595
###lsm 3931 3594
###lsm 3932 3594
###lsm 3932 3593
###lsm 3933 3593
###lsm 3933 3592
###lsm 3934 3592
###lsm 3934 3591
###lsm 3935 3591
###lsm 3935 3590
###lsm 3936 3590
###lsm 3936 3603
###lsm 3937 3603
###lsm 3937 3605
###lsm 3938 3605
###lsm 3938 3606
###lsm 3939 3606
###lsm 3939 3627
###lsm 3940 3627
###lsm 3940 3626
###lsm 3941 3626
###lsm 3941 3625
###lsm 3942 3625
###lsm 3942 3624
###lsm 3943 3624
###lsm 3943 3623
###lsm 3944 3623
###lsm 3944 3622
###lsm 3945 3622
###lsm 3945 3621
###lsm 3946 3621
###lsm 3946 3620
###lsm 3947 3620
###lsm 3947 3619
###lsm 3948 3619
###lsm 3948 3618
###lsm 3949 3618
###lsm 3949 3617
###lsm 3950 3617
###lsm 3950 3616
###lsm 3951 3616
###lsm 3951 3629
###lsm 3952 3629
###lsm 3952 3628
###lsm 3953 3628
###lsm 3953 3630
###lsm 3954 3630
###lsm 3954 3553
###lsm 3955 3553
###lsm 3955 3552
###lsm 3956 3552
###lsm 3956 3551
###lsm 3957 3551
###lsm 3957 3550
###lsm 3958 3550
###lsm 3958 3549
###lsm 3959 3549
###lsm 3959 3548
###lsm 3960 3548
###lsm 3960 3547
###lsm 3961 3547
###lsm 3961 3546
###lsm 3962 3546
###lsm 3962 3545
###lsm 3963 3545
###lsm 3963 3544
###lsm 3964 3544
###lsm 3964 3543
###lsm 3965 3543
###lsm 3965 3542
###lsm 3905 3542
###lsm 3556 3905
###lsm 3675 3848
###lsm 3675 3846
###lsm 3673 3846
###lsm 3673 3844
###lsm 3785 3844
###lsm 3785 3842
###lsm 3783 3842
###lsm 3783 3840
###lsm 3781 3840
###lsm 3781 3838
###lsm 3779 3838
###lsm 3779 3836
###lsm 3777 3836
###lsm 3777 3834
###lsm 3775 3834
###lsm 3775 3832
###lsm 3773 3832
###lsm 3773 3830
###lsm 3771 3830
###lsm 3771 3828
###lsm 3769 3828
###lsm 3769 3826
###lsm 3767 3826
###lsm 3767 3824
###lsm 3765 3824
###lsm 3765 3822
###lsm 3763 3822
###lsm 3763 3820
###lsm 3761 3820
###lsm 3761 3818
###lsm 3759 3818
###lsm 3759 3816
###lsm 3757 3816
###lsm 3757 3814
###lsm 3755 3814
###lsm 3755 3812
###lsm 3753 3812
###lsm 3753 3810
###lsm 3751 3810
###lsm 3751 3808
###lsm 3749 3808
###lsm 3749 3806
###lsm 3747 3806
###lsm 3747 3804
###lsm 3745 3804
###lsm 3745 3802
###lsm 3743 3802
###lsm 3743 3800
###lsm 3741 3800
###lsm 3741 3798
###lsm 3739 3798
###lsm 3739 3796
###lsm 3737 3796
###lsm 3737 3794
###lsm 3735 3794
###lsm 3735 3792
###lsm 3733 3792
###lsm 3733 3790
###lsm 3733 3788
###lsm 3731 3788
###lsm 3731 3904
###lsm 3729 3904
###lsm 3729 3902
###lsm 3727 3902
###lsm 3727 3900
###lsm 3725 3900
###lsm 3725 3898
###lsm 3723 3898
###lsm 3723 3896
###lsm 3721 3896
###lsm 3721 3894
###lsm 3719 3894
###lsm 3719 3892
###lsm 3717 3892
###lsm 3717 3890
###lsm 3715 3890
###lsm 3715 3888
###lsm 3713 3888
###lsm 3713 3886
###lsm 3711 3886
###lsm 3711 3884
###lsm 3709 3884
###lsm 3709 3882
###lsm 3707 3882
###lsm 3707 3880
###lsm 3705 3880
###lsm 3705 3878
###lsm 3703 3878
###lsm 3703 3876
###lsm 3701 3876
###lsm 3701 3874
###lsm 3699 3874
###lsm 3699 3872
###lsm 3697 3872
###lsm 3697 3870
###lsm 3695 3870
###lsm 3695 3868
###lsm 3693 3868
###lsm 3693 3866
###lsm 3691 3866
###lsm 3691 3864
###lsm 3689 3864
###lsm 3689 3862
###lsm 3687 3862
###lsm 3687 3860
###lsm 3685 3860
###lsm 3685 3858
###lsm 3683 3858
###lsm 3683 3856
###lsm 3681 3856
###lsm 3681 3854
###lsm 3679 3854
###lsm 3679 3852
###lsm 3677 3852
###lsm 3677 3850
###lsm 3850 3675
###lsm 3789 3905
###lsm 3789 3906
###lsm 3905 3791
###lsm 3965 3791
###lsm 3965 3793
###lsm 3964 3793
###lsm 3964 3795
###lsm 3963 3795
###lsm 3963 3797
###lsm 3962 3797
###lsm 3962 3799
###lsm 3961 3799
###lsm 3961 3801
###lsm 3960 3801
###lsm 3960 3803
###lsm 3959 3803
###lsm 3959 3805
###lsm 3958 3805
###lsm 3958 3807
###lsm 3957 3807
###lsm 3957 3809
###lsm 3956 3809
###lsm 3956 3811
###lsm 3955 3811
###lsm 3955 3813
###lsm 3954 3813
###lsm 3954 3815
###lsm 3953 3815
###lsm 3953 3817
###lsm 3952 3817
###lsm 3952 3819
###lsm 3951 3819
###lsm 3951 3821
###lsm 3950 3821
###lsm 3950 3823
###lsm 3949 3823
###lsm 3949 3825
###lsm 3948 3825
###lsm 3948 3827
###lsm 3947 3827
###lsm 3947 3829
###lsm 3946 3829
###lsm 3946 3831
###lsm 3945 3831
###lsm 3945 3833
###lsm 3944 3833
###lsm 3944 3835
###lsm 3943 3835
###lsm 3943 3837
###lsm 3942 3837
###lsm 3942 3839
###lsm 3941 3839
###lsm 3941 3841
###lsm 3940 3841
###lsm 3940 3843
###lsm 3939 3843
###lsm 3939 3845
###lsm 3938 3845
###lsm 3938 3847
###lsm 3937 3847
###lsm 3937 3849
###lsm 3936 3849
###lsm 3935 3849
###lsm 3935 3851
###lsm 3934 3851
###lsm 3934 3853
###lsm 3933 3853
###lsm 3933 3855
###lsm 3932 3855
###lsm 3932 3857
###lsm 3931 3857
###lsm 3931 3859
###lsm 3930 3859
###lsm 3930 3861
###lsm 3929 3861
###lsm 3929 3863
###lsm 3928 3863
###lsm 3928 3865
###lsm 3927 3865
###lsm 3927 3867
###lsm 3926 3867
###lsm 3926 3869
###lsm 3925 3869
###lsm 3925 3871
###lsm 3924 3871
###lsm 3924 3873
###lsm 3923 3873
###lsm 3923 3875
###lsm 3922 3875
###lsm 3922 3877
###lsm 3921 3877
###lsm 3921 3879
###lsm 3920 3879
###lsm 3920 3881
###lsm 3919 3881
###lsm 3919 3883
###lsm 3918 3883
###lsm 3918 3885
###lsm 3917 3885
###lsm 3917 3887
###lsm 3916 3887
###lsm 3916 3889
###lsm 3915 3889
###lsm 3915 3891
###lsm 3914 3891
###lsm 3914 3893
###lsm 3913 3893
###lsm 3913 3895
###lsm 3912 3895
###lsm 3912 3897
###lsm 3911 3897
###lsm 3911 3899
###lsm 3910 3899
###lsm 3910 3901
###lsm 3909 3901
###lsm 3909 3903
###lsm 3908 3903
###lsm 3908 3787
###lsm 3907 3787
###lsm 3789 3907
###lsm 3678 3674
###lsm 3680 3674
###lsm 3680 3786
###lsm 3682 3786
###lsm 3682 3784
###lsm 3684 3784
###lsm 3684 3782
###lsm 3686 3782
###lsm 3686 3780
###lsm 3688 3780
###lsm 3688 3778
###lsm 3690 3778
###lsm 3690 3776
###lsm 3692 3776
###lsm 3692 3774
###lsm 3694 3774
###lsm 3694 3772
###lsm 3696 3772
###lsm 3696 3770
###lsm 3698 3770
###lsm 3698 3768
###lsm 3700 3768
###lsm 3700 3766
###lsm 3702 3766
###lsm 3702 3764
###lsm 3704 3764
###lsm 3704 3762
###lsm 3706 3762
###lsm 3706 3760
###lsm 3708 3760
###lsm 3708 3758
###lsm 3710 3758
###lsm 3710 3756
###lsm 3712 3756
###lsm 3712 3754
###lsm 3714 3754
###lsm 3714 3752
###lsm 3716 3752
###lsm 3716 3750
###lsm 3718 3750
###lsm 3718 3748
###lsm 3720 3748
###lsm 3720 3746
###lsm 3722 3746
###lsm 3722 3744
###lsm 3724 3744
###lsm 3724 3742
###lsm 3726 3742
###lsm 3726 3740
###lsm 3728 3740
###lsm 3728 3738
###lsm 3730 3738
###lsm 3730 3736
###lsm 3732 3736
###lsm 5345 5344
###lsm 5345 5346
###lsm 5347 5346
###lsm 5348 5346
###lsm 5349 5346
###lsm 5350 5346
###lsm 5351 5346
###lsm 5352 5346
###lsm 5352 5353
###lsm 5354 5353
###lsm 5355 5353
###lsm 5356 5353
###lsm 5357 5353
###lsm 5358 5353
###lsm 5359 5353
###lsm 5359 5360
###lsm 5361 5360
###lsm 5362 5360
###lsm 5363 5360
###lsm 5364 5360
###lsm 5365 5360
###lsm 5366 5360
###lsm 5366 5367
###lsm 5368 5367
###lsm 5369 5367
###lsm 5370 5367
###lsm 5371 5367
###lsm 5372 5367
###lsm 5373 5367
###lsm 5373 5374
###lsm 5375 5374
###lsm 5376 5374
###lsm 5377 5374
###lsm 5378 5374
###lsm 5379 5374
###lsm 5380 5374
###lsm 5380 5344
###lsm 5381 5344
###lsm 5382 5344
###lsm 5383 5344
###lsm 5384 5344
###lsm 5344 5343
###lsm 3492 5389
###lsm 5390 3492
###lsm 3488 5391
###lsm 5392 3488
###lsm 3448 5411
###lsm 5412 3448
###lsm 3445 5412
###lsm 5413 3445
###lsm 3443 5413
###lsm 5414 3443
###lsm 5386 5343
###lsm 5386 5345
###lsm 5387 5345
###lsm 5387 5347
###lsm 5388 5347
###lsm 5388 5348
###lsm 5389 5348
###lsm 5389 5349
###lsm 5390 5349
###lsm 5390 5350
###lsm 5391 5350
###lsm 5391 5351
###lsm 5392 5351
###lsm 5392 5352
###lsm 5393 5352
###lsm 5393 5354
###lsm 5394 5354
###lsm 5394 5355
###lsm 5395 5355
###lsm 5395 5356
###lsm 5396 5356
###lsm 5396 5357
###lsm 5397 5357
###lsm 5397 5358
###lsm 5398 5358
###lsm 5398 5359
###lsm 5399 5359
###lsm 5399 5361
###lsm 5400 5361
###lsm 5400 5362
###lsm 5401 5362
###lsm 5401 5363
###lsm 5402 5363
###lsm 5402 5364
###lsm 5403 5364
###lsm 5403 5365
###lsm 5404 5365
###lsm 5404 5366
###lsm 5405 5366
###lsm 5405 5368
###lsm 5406 5368
###lsm 5406 5369
###lsm 5407 5369
###lsm 5407 5370
###lsm 5408 5370
###lsm 5408 5371
###lsm 5409 5371
###lsm 5409 5372
###lsm 5410 5372
###lsm 5410 5373
###lsm 5411 5373
###lsm 5411 5375
###lsm 5412 5375
###lsm 5412 5376
###lsm 5413 5376
###lsm 5413 5377
###lsm 5414 5377
###lsm 5414 5378
###lsm 5415 5378
###lsm 5415 5379
###lsm 5416 5379
###lsm 5416 5380
###lsm 5417 5380
###lsm 5417 5381
###lsm 5418 5381
###lsm 5418 5382
###lsm 5419 5382
###lsm 5419 5383
###lsm 5420 5383
###lsm 5420 5384
###lsm 5385 5384
###lsm 5343 5385
###lsm 5423 5422
###lsm 5424 5422
###lsm 5424 5425
###lsm 5423 5344
###lsm 5424 5346
###lsm 5426 5353
###lsm 5425 5360
###lsm 5422 5367
###lsm 5421 5374
###lsm 5429 5428
###lsm 5429 5430
###lsm 5431 5430
###lsm 5432 5430
###lsm 5433 5430
###lsm 5434 5430
###lsm 5435 5430
###lsm 5436 5430
###lsm 5436 5437
###lsm 5438 5437
###lsm 5439 5437
###lsm 5440 5437
###lsm 5441 5437
###lsm 5442 5437
###lsm 5443 5437
###lsm 5443 5444
###lsm 5445 5444
###lsm 5446 5444
###lsm 5447 5444
###lsm 5448 5444
###lsm 5449 5444
###lsm 5450 5444
###lsm 5450 5451
###lsm 5452 5451
###lsm 5453 5451
###lsm 5454 5451
###lsm 5455 5451
###lsm 5456 5451
###lsm 5457 5451
###lsm 5457 5458
###lsm 5459 5458
###lsm 5460 5458
###lsm 5461 5458
###lsm 5462 5458
###lsm 5463 5458
###lsm 5464 5458
###lsm 5464 5428
###lsm 5465 5428
###lsm 5466 5428
###lsm 5467 5428
###lsm 5468 5428
###lsm 5428 5427
###lsm 5470 5427
###lsm 5470 5429
###lsm 5471 5429
###lsm 5471 5431
###lsm 5472 5431
###lsm 5472 5432
###lsm 5473 5432
###lsm 5473 5433
###lsm 5474 5433
###lsm 5474 5434
###lsm 5475 5434
###lsm 5475 5435
###lsm 5476 5435
###lsm 5476 5436
###lsm 5477 5436
###lsm 5477 5438
###lsm 5478 5438
###lsm 5478 5439
###lsm 5479 5439
###lsm 5479 5440
###lsm 5480 5440
###lsm 5480 5441
###lsm 5481 5441
###lsm 5481 5442
###lsm 5482 5442
###lsm 5482 5443
###lsm 5483 5443
###lsm 5483 5445
###lsm 5484 5445
###lsm 5484 5446
###lsm 5485 5446
###lsm 5485 5447
###lsm 5486 5447
###lsm 5486 5448
###lsm 5487 5448
###lsm 5487 5449
###lsm 5488 5449
###lsm 5488 5450
###lsm 5489 5450
###lsm 5489 5452
###lsm 5490 5452
###lsm 5490 5453
###lsm 5491 5453
###lsm 5491 5454
###lsm 5492 5454
###lsm 5492 5455
###lsm 5493 5455
###lsm 5493 5456
###lsm 5494 5456
###lsm 5494 5457
###lsm 5495 5457
###lsm 5495 5459
###lsm 5496 5459
###lsm 5496 5460
###lsm 5497 5460
###lsm 5497 5461
###lsm 5498 5461
###lsm 5498 5462
###lsm 5499 5462
###lsm 5499 5463
###lsm 5500 5463
###lsm 5500 5464
###lsm 5501 5464
###lsm 5501 5465
###lsm 5502 5465
###lsm 5502 5466
###lsm 5503 5466
###lsm 5503 5467
###lsm 5504 5467
###lsm 5504 5468
###lsm 5469 5468
###lsm 5427 5469
###lsm 5507 5506
###lsm 5508 5506
###lsm 5508 5509
###lsm 5507 5428
###lsm 5508 5430
###lsm 5510 5437
###lsm 5509 5444
###lsm 5506 5451
###lsm 5505 5458
###lsm 670 669
###lsm 671 672
###lsm 673 674
###lsm 675 676
###lsm 677 678
###lsm 679 668
###lsm 679 671
###lsm 677 671
###lsm 677 673
###lsm 682 681
###lsm 682 683
###lsm 684 683
###lsm 684 685
###lsm 686 685
###lsm 686 687
###lsm 688 687
###lsm 688 689
###lsm 690 689
###lsm 690 691
###lsm 692 691
###lsm 692 693
###lsm 694 693
###lsm 694 695
###lsm 696 695
###lsm 696 697
###lsm 698 697
###lsm 698 699
###lsm 700 699
###lsm 700 701
###lsm 702 701
###lsm 702 703
###lsm 704 703
###lsm 704 705
###lsm 706 705
###lsm 706 707
###lsm 708 707
###lsm 708 709
###lsm 710 709
###lsm 710 711
###lsm 712 711
###lsm 712 713
###lsm 714 713
###lsm 714 715
###lsm 716 715
###lsm 716 717
###lsm 718 717
###lsm 718 719
###lsm 720 719
###lsm 720 721
###lsm 722 721
###lsm 722 723
###lsm 724 723
###lsm 724 725
###lsm 726 725
###lsm 726 727
###lsm 728 727
###lsm 728 729
###lsm 730 729
###lsm 730 731
###lsm 732 731
###lsm 732 733
###lsm 734 733
###lsm 734 735
###lsm 736 735
###lsm 736 737
###lsm 738 737
###lsm 738 739
###lsm 740 739
###lsm 740 741
###lsm 742 741
###lsm 742 743
###lsm 744 743
###lsm 744 745
###lsm 746 745
###lsm 746 747
###lsm 748 747
###lsm 748 749
###lsm 750 749
###lsm 750 751
###lsm 752 751
###lsm 752 680
###lsm 680 682
###lsm 754 683
###lsm 754 681
###lsm 755 681
###lsm 755 680
###lsm 756 680
###lsm 756 751
###lsm 757 751
###lsm 757 749
###lsm 758 749
###lsm 758 747
###lsm 759 747
###lsm 759 745
###lsm 760 745
###lsm 760 743
###lsm 761 743
###lsm 761 741
###lsm 762 741
###lsm 762 739
###lsm 763 739
###lsm 763 737
###lsm 764 737
###lsm 764 735
###lsm 765 735
###lsm 765 733
###lsm 766 733
###lsm 766 731
###lsm 767 731
###lsm 767 729
###lsm 768 729
###lsm 768 727
###lsm 769 727
###lsm 769 725
###lsm 770 725
###lsm 770 723
###lsm 771 723
###lsm 771 721
###lsm 772 721
###lsm 772 719
###lsm 773 719
###lsm 773 717
###lsm 774 717
###lsm 774 715
###lsm 775 715
###lsm 775 713
###lsm 776 713
###lsm 776 711
###lsm 777 711
###lsm 777 709
###lsm 778 709
###lsm 778 707
###lsm 779 707
###lsm 779 705
###lsm 780 705
###lsm 780 703
###lsm 781 703
###lsm 781 701
###lsm 782 701
###lsm 782 699
###lsm 783 699
###lsm 783 697
###lsm 784 697
###lsm 784 695
###lsm 785 695
###lsm 785 693
###lsm 786 693
###lsm 786 691
###lsm 787 691
###lsm 787 689
###lsm 788 689
###lsm 788 687
###lsm 789 687
###lsm 789 685
###lsm 753 685
###lsm 683 753
###lsm 682 668
###lsm 682 678
###lsm 752 678
###lsm 750 678
###lsm 748 678
###lsm 746 678
###lsm 744 678
###lsm 742 678
###lsm 742 676
###lsm 740 676
###lsm 738 676
###lsm 736 676
###lsm 734 676
###lsm 732 676
###lsm 730 676
###lsm 730 674
###lsm 728 674
###lsm 726 674
###lsm 724 674
###lsm 722 674
###lsm 720 674
###lsm 718 674
###lsm 718 672
###lsm 716 672
###lsm 714 672
###lsm 712 672
###lsm 710 672
###lsm 708 672
###lsm 706 672
###lsm 706 669
###lsm 704 669
###lsm 702 669
###lsm 700 669
###lsm 698 669
###lsm 696 669
###lsm 694 669
###lsm 694 668
###lsm 692 668
###lsm 690 668
###lsm 688 668
###lsm 686 668
###lsm 668 684
###lsm 792 791
###lsm 793 794
###lsm 795 796
###lsm 797 798
###lsm 799 800
###lsm 801 790
###lsm 801 793
###lsm 799 793
###lsm 799 795
###lsm 804 803
###lsm 804 805
###lsm 806 805
###lsm 806 807
###lsm 808 807
###lsm 808 809
###lsm 810 809
###lsm 810 811
###lsm 812 811
###lsm 812 813
###lsm 814 813
###lsm 814 815
###lsm 816 815
###lsm 816 817
###lsm 818 817
###lsm 818 819
###lsm 820 819
###lsm 820 821
###lsm 822 821
###lsm 822 823
###lsm 824 823
###lsm 824 825
###lsm 826 825
###lsm 826 827
###lsm 828 827
###lsm 828 829
###lsm 830 829
###lsm 830 831
###lsm 832 831
###lsm 832 833
###lsm 834 833
###lsm 834 835
###lsm 836 835
###lsm 836 837
###lsm 838 837
###lsm 838 839
###lsm 840 839
###lsm 840 841
###lsm 842 841
###lsm 842 843
###lsm 844 843
###lsm 844 845
###lsm 846 845
###lsm 846 847
###lsm 848 847
###lsm 848 849
###lsm 850 849
###lsm 850 851
###lsm 852 851
###lsm 852 853
###lsm 854 853
###lsm 854 855
###lsm 856 855
###lsm 856 857
###lsm 858 857
###lsm 858 859
###lsm 860 859
###lsm 860 861
###lsm 862 861
###lsm 862 863
###lsm 864 863
###lsm 864 865
###lsm 866 865
###lsm 866 867
###lsm 868 867
###lsm 868 869
###lsm 870 869
###lsm 870 871
###lsm 872 871
###lsm 872 873
###lsm 874 873
###lsm 874 802
###lsm 802 804
###lsm 876 805
###lsm 803 876
###lsm 896 837
###lsm 897 837
###lsm 897 835
###lsm 898 835
###lsm 898 833
###lsm 899 833
###lsm 899 831
###lsm 900 831
###lsm 900 829
###lsm 901 829
###lsm 901 827
###lsm 902 827
###lsm 902 825
###lsm 903 825
###lsm 903 823
###lsm 904 823
###lsm 904 821
###lsm 905 821
###lsm 905 819
###lsm 906 819
###lsm 906 817
###lsm 907 817
###lsm 907 815
###lsm 908 815
###lsm 908 813
###lsm 909 813
###lsm 909 811
###lsm 910 811
###lsm 910 809
###lsm 911 809
###lsm 911 807
###lsm 875 807
###lsm 805 875
###lsm 804 790
###lsm 804 800
###lsm 874 800
###lsm 872 800
###lsm 870 800
###lsm 868 800
###lsm 866 800
###lsm 864 800
###lsm 864 798
###lsm 862 798
###lsm 860 798
###lsm 858 798
###lsm 856 798
###lsm 854 798
###lsm 852 798
###lsm 852 796
###lsm 850 796
###lsm 848 796
###lsm 846 796
###lsm 844 796
###lsm 842 796
###lsm 840 796
###lsm 840 794
###lsm 838 794
###lsm 836 794
###lsm 834 794
###lsm 832 794
###lsm 830 794
###lsm 828 794
###lsm 828 791
###lsm 826 791
###lsm 824 791
###lsm 822 791
###lsm 820 791
###lsm 818 791
###lsm 816 791
###lsm 816 790
###lsm 814 790
###lsm 812 790
###lsm 810 790
###lsm 808 790
###lsm 790 806
###lsm 914 913
###lsm 915 916
###lsm 917 918
###lsm 919 920
###lsm 921 922
###lsm 923 912
###lsm 923 915
###lsm 921 915
###lsm 921 917
###lsm 926 925
###lsm 926 927
###lsm 928 927
###lsm 928 929
###lsm 930 929
###lsm 930 931
###lsm 932 931
###lsm 932 933
###lsm 934 933
###lsm 934 935
###lsm 936 935
###lsm 936 937
###lsm 938 937
###lsm 938 939
###lsm 940 939
###lsm 940 941
###lsm 942 941
###lsm 942 943
###lsm 944 943
###lsm 944 945
###lsm 946 945
###lsm 946 947
###lsm 948 947
###lsm 948 949
###lsm 950 949
###lsm 950 951
###lsm 952 951
###lsm 952 953
###lsm 954 953
###lsm 954 955
###lsm 956 955
###lsm 956 957
###lsm 958 957
###lsm 958 959
###lsm 960 959
###lsm 960 961
###lsm 962 961
###lsm 962 963
###lsm 964 963
###lsm 964 965
###lsm 966 965
###lsm 966 967
###lsm 968 967
###lsm 968 969
###lsm 970 969
###lsm 970 971
###lsm 972 971
###lsm 972 973
###lsm 974 973
###lsm 974 975
###lsm 976 975
###lsm 976 977
###lsm 978 977
###lsm 978 979
###lsm 980 979
###lsm 980 981
###lsm 982 981
###lsm 982 983
###lsm 984 983
###lsm 984 985
###lsm 986 985
###lsm 986 987
###lsm 988 987
###lsm 988 989
###lsm 990 989
###lsm 990 991
###lsm 992 991
###lsm 992 993
###lsm 994 993
###lsm 994 995
###lsm 996 995
###lsm 996 924
###lsm 924 926
###lsm 998 927
###lsm 998 925
###lsm 999 925
###lsm 924 999
###lsm 1015 965
###lsm 1016 965
###lsm 1016 963
###lsm 1017 963
###lsm 1017 961
###lsm 1018 961
###lsm 1018 959
###lsm 1019 959
###lsm 1019 957
###lsm 1020 957
###lsm 1020 955
###lsm 1021 955
###lsm 1021 953
###lsm 1022 953
###lsm 1022 951
###lsm 1023 951
###lsm 1023 949
###lsm 1024 949
###lsm 1024 947
###lsm 1025 947
###lsm 1025 945
###lsm 1026 945
###lsm 1026 943
###lsm 1027 943
###lsm 1027 941
###lsm 1028 941
###lsm 1028 939
###lsm 1029 939
###lsm 1029 937
###lsm 1030 937
###lsm 1030 935
###lsm 1031 935
###lsm 1031 933
###lsm 1032 933
###lsm 1032 931
###lsm 1033 931
###lsm 1033 929
###lsm 997 929
###lsm 927 997
###lsm 926 912
###lsm 926 922
###lsm 996 922
###lsm 994 922
###lsm 992 922
###lsm 990 922
###lsm 988 922
###lsm 986 922
###lsm 986 920
###lsm 984 920
###lsm 982 920
###lsm 980 920
###lsm 978 920
###lsm 976 920
###lsm 974 920
###lsm 974 918
###lsm 972 918
###lsm 970 918
###lsm 968 918
###lsm 966 918
###lsm 964 918
###lsm 962 918
###lsm 962 916
###lsm 960 916
###lsm 958 916
###lsm 956 916
###lsm 954 916
###lsm 952 916
###lsm 950 916
###lsm 950 913
###lsm 948 913
###lsm 946 913
###lsm 944 913
###lsm 942 913
###lsm 940 913
###lsm 938 913
###lsm 938 912
###lsm 936 912
###lsm 934 912
###lsm 932 912
###lsm 930 912
###lsm 912 928
###lsm 1036 1035
###lsm 1041 1042
###lsm 1043 1044
###lsm 1045 1034
###lsm 1045 1037
###lsm 1043 1037
###lsm 1043 1039
###lsm 1048 1047
###lsm 1048 1049
###lsm 1050 1049
###lsm 1050 1051
###lsm 1052 1051
###lsm 1052 1053
###lsm 1054 1053
###lsm 1054 1055
###lsm 1056 1055
###lsm 1056 1057
###lsm 1058 1057
###lsm 1058 1059
###lsm 1060 1059
###lsm 1060 1061
###lsm 1062 1061
###lsm 1062 1063
###lsm 1064 1063
###lsm 1064 1065
###lsm 1066 1065
###lsm 1066 1067
###lsm 1068 1067
###lsm 1068 1069
###lsm 1070 1069
###lsm 1070 1071
###lsm 1072 1071
###lsm 1072 1073
###lsm 1074 1073
###lsm 1074 1075
###lsm 1076 1075
###lsm 1076 1077
###lsm 1078 1077
###lsm 1078 1079
###lsm 1080 1079
###lsm 1080 1081
###lsm 1082 1081
###lsm 1082 1083
###lsm 1084 1083
###lsm 1084 1085
###lsm 1086 1085
###lsm 1086 1087
###lsm 1088 1087
###lsm 1088 1089
###lsm 1090 1089
###lsm 1090 1091
###lsm 1092 1091
###lsm 1092 1093
###lsm 1094 1093
###lsm 1094 1095
###lsm 1096 1095
###lsm 1096 1097
###lsm 1098 1097
###lsm 1098 1099
###lsm 1100 1099
###lsm 1100 1101
###lsm 1102 1101
###lsm 1102 1103
###lsm 1104 1103
###lsm 1104 1105
###lsm 1106 1105
###lsm 1106 1107
###lsm 1108 1107
###lsm 1108 1109
###lsm 1110 1109
###lsm 1110 1111
###lsm 1112 1111
###lsm 1112 1113
###lsm 1114 1113
###lsm 1114 1115
###lsm 1116 1115
###lsm 1116 1117
###lsm 1118 1117
###lsm 1118 1046
###lsm 1046 1048
###lsm 1131 1101
###lsm 1131 1099
###lsm 1132 1099
###lsm 1132 1097
###lsm 1133 1097
###lsm 1133 1095
###lsm 1134 1095
###lsm 1134 1093
###lsm 1135 1093
###lsm 1135 1091
###lsm 1136 1091
###lsm 1136 1089
###lsm 1137 1089
###lsm 1137 1087
###lsm 1138 1087
###lsm 1138 1085
###lsm 1139 1085
###lsm 1139 1083
###lsm 1140 1083
###lsm 1140 1081
###lsm 1141 1081
###lsm 1141 1079
###lsm 1142 1079
###lsm 1142 1077
###lsm 1143 1077
###lsm 1143 1075
###lsm 1144 1075
###lsm 1144 1073
###lsm 1145 1073
###lsm 1145 1071
###lsm 1146 1071
###lsm 1069 1146
###lsm 1147 1069
###lsm 1067 1147
###lsm 1048 1034
###lsm 1048 1044
###lsm 1118 1044
###lsm 1116 1044
###lsm 1114 1044
###lsm 1112 1044
###lsm 1110 1044
###lsm 1108 1044
###lsm 1108 1042
###lsm 1106 1042
###lsm 1104 1042
###lsm 1102 1042
###lsm 1100 1042
###lsm 1098 1042
###lsm 1096 1042
###lsm 1096 1040
###lsm 1094 1040
###lsm 1092 1040
###lsm 1090 1040
###lsm 1088 1040
###lsm 1086 1040
###lsm 1084 1040
###lsm 1084 1038
###lsm 1082 1038
###lsm 1080 1038
###lsm 1078 1038
###lsm 1076 1038
###lsm 1074 1038
###lsm 1072 1038
###lsm 1072 1035
###lsm 1070 1035
###lsm 1068 1035
###lsm 1066 1035
###lsm 1064 1035
###lsm 1062 1035
###lsm 1060 1035
###lsm 1060 1034
###lsm 1058 1034
###lsm 1056 1034
###lsm 1054 1034
###lsm 1052 1034
###lsm 1034 1050
###lsm 1158 1157
###lsm 1159 1160
###lsm 1161 1162
###lsm 1163 1164
###lsm 1165 1166
###lsm 1167 1156
###lsm 1167 1159
###lsm 1165 1159
###lsm 1165 1161
###lsm 1170 1169
###lsm 1170 1171
###lsm 1172 1171
###lsm 1172 1173
###lsm 1174 1173
###lsm 1174 1175
###lsm 1176 1175
###lsm 1176 1177
###lsm 1178 1177
###lsm 1178 1179
###lsm 1180 1179
###lsm 1180 1181
###lsm 1182 1181
###lsm 1182 1183
###lsm 1184 1183
###lsm 1184 1185
###lsm 1186 1185
###lsm 1186 1187
###lsm 1188 1187
###lsm 1188 1189
###lsm 1190 1189
###lsm 1190 1191
###lsm 1192 1191
###lsm 1192 1193
###lsm 1194 1193
###lsm 1194 1195
###lsm 1196 1195
###lsm 1196 1197
###lsm 1198 1197
###lsm 1198 1199
###lsm 1200 1199
###lsm 1200 1201
###lsm 1202 1201
###lsm 1202 1203
###lsm 1204 1203
###lsm 1204 1205
###lsm 1206 1205
###lsm 1206 1207
###lsm 1208 1207
###lsm 1208 1209
###lsm 1210 1209
###lsm 1210 1211
###lsm 1212 1211
###lsm 1212 1213
###lsm 1214 1213
###lsm 1214 1215
###lsm 1216 1215
###lsm 1216 1217
###lsm 1218 1217
###lsm 1218 1219
###lsm 1220 1219
###lsm 1220 1221
###lsm 1222 1221
###lsm 1222 1223
###lsm 1224 1223
###lsm 1224 1225
###lsm 1226 1225
###lsm 1226 1227
###lsm 1228 1227
###lsm 1228 1229
###lsm 1230 1229
###lsm 1230 1231
###lsm 1232 1231
###lsm 1232 1233
###lsm 1234 1233
###lsm 1234 1235
###lsm 1236 1235
###lsm 1236 1237
###lsm 1238 1237
###lsm 1238 1239
###lsm 1240 1239
###lsm 1240 1168
###lsm 1168 1170
###lsm 1244 1168
###lsm 1244 1239
###lsm 1245 1239
###lsm 1245 1237
###lsm 1246 1237
###lsm 1246 1235
###lsm 1247 1235
###lsm 1247 1233
###lsm 1248 1233
###lsm 1248 1231
###lsm 1249 1231
###lsm 1249 1229
###lsm 1250 1229
###lsm 1250 1227
###lsm 1251 1227
###lsm 1251 1225
###lsm 1252 1225
###lsm 1252 1223
###lsm 1253 1223
###lsm 1253 1221
###lsm 1254 1221
###lsm 1254 1219
###lsm 1255 1219
###lsm 1255 1217
###lsm 1256 1217
###lsm 1256 1215
###lsm 1257 1215
###lsm 1257 1213
###lsm 1258 1213
###lsm 1258 1211
###lsm 1259 1211
###lsm 1259 1209
###lsm 1260 1209
###lsm 1260 1207
###lsm 1261 1207
###lsm 1205 1261
###lsm 1170 1156
###lsm 1170 1166
###lsm 1240 1166
###lsm 1238 1166
###lsm 1236 1166
###lsm 1234 1166
###lsm 1232 1166
###lsm 1230 1166
###lsm 1230 1164
###lsm 1228 1164
###lsm 1226 1164
###lsm 1224 1164
###lsm 1222 1164
###lsm 1220 1164
###lsm 1218 1164
###lsm 1218 1162
###lsm 1216 1162
###lsm 1214 1162
###lsm 1212 1162
###lsm 1210 1162
###lsm 1208 1162
###lsm 1206 1162
###lsm 1206 1160
###lsm 1204 1160
###lsm 1202 1160
###lsm 1200 1160
###lsm 1198 1160
###lsm 1196 1160
###lsm 1194 1160
###lsm 1194 1157
###lsm 1192 1157
###lsm 1190 1157
###lsm 1188 1157
###lsm 1186 1157
###lsm 1184 1157
###lsm 1182 1157
###lsm 1182 1156
###lsm 1180 1156
###lsm 1178 1156
###lsm 1176 1156
###lsm 1174 1156
###lsm 1156 1172
###lsm 1280 1279
###lsm 1281 1282
###lsm 1283 1284
###lsm 1285 1286
###lsm 1287 1288
###lsm 1289 1278
###lsm 1289 1281
###lsm 1287 1281
###lsm 1287 1283
###lsm 1292 1291
###lsm 1292 1293
###lsm 1294 1293
###lsm 1294 1295
###lsm 1296 1295
###lsm 1296 1297
###lsm 1298 1297
###lsm 1298 1299
###lsm 1300 1299
###lsm 1300 1301
###lsm 1302 1301
###lsm 1302 1303
###lsm 1304 1303
###lsm 1304 1305
###lsm 1306 1305
###lsm 1306 1307
###lsm 1308 1307
###lsm 1308 1309
###lsm 1310 1309
###lsm 1310 1311
###lsm 1312 1311
###lsm 1312 1313
###lsm 1314 1313
###lsm 1314 1315
###lsm 1316 1315
###lsm 1316 1317
###lsm 1318 1317
###lsm 1318 1319
###lsm 1320 1319
###lsm 1320 1321
###lsm 1322 1321
###lsm 1322 1323
###lsm 1324 1323
###lsm 1324 1325
###lsm 1326 1325
###lsm 1326 1327
###lsm 1328 1327
###lsm 1328 1329
###lsm 1330 1329
###lsm 1330 1331
###lsm 1332 1331
###lsm 1332 1333
###lsm 1334 1333
###lsm 1334 1335
###lsm 1336 1335
###lsm 1336 1337
###lsm 1338 1337
###lsm 1338 1339
###lsm 1340 1339
###lsm 1340 1341
###lsm 1342 1341
###lsm 1342 1343
###lsm 1344 1343
###lsm 1344 1345
###lsm 1346 1345
###lsm 1346 1347
###lsm 1348 1347
###lsm 1348 1349
###lsm 1350 1349
###lsm 1350 1351
###lsm 1352 1351
###lsm 1352 1353
###lsm 1354 1353
###lsm 1354 1355
###lsm 1356 1355
###lsm 1356 1357
###lsm 1358 1357
###lsm 1358 1359
###lsm 1360 1359
###lsm 1360 1361
###lsm 1362 1361
###lsm 1362 1290
###lsm 1290 1292
###lsm 1364 1291
###lsm 1365 1291
###lsm 1365 1290
###lsm 1366 1290
###lsm 1366 1361
###lsm 1367 1361
###lsm 1367 1359
###lsm 1368 1359
###lsm 1368 1357
###lsm 1369 1357
###lsm 1369 1355
###lsm 1370 1355
###lsm 1370 1353
###lsm 1371 1353
###lsm 1371 1351
###lsm 1372 1351
###lsm 1372 1349
###lsm 1373 1349
###lsm 1373 1347
###lsm 1374 1347
###lsm 1374 1345
###lsm 1375 1345
###lsm 1375 1343
###lsm 1376 1343
###lsm 1376 1341
###lsm 1377 1341
###lsm 1377 1339
###lsm 1378 1339
###lsm 1378 1337
###lsm 1379 1337
###lsm 1379 1335
###lsm 1380 1335
###lsm 1380 1333
###lsm 1381 1333
###lsm 1381 1331
###lsm 1382 1331
###lsm 1382 1329
###lsm 1383 1329
###lsm 1327 1383
###lsm 1384 1327
###lsm 1325 1384
###lsm 1292 1278
###lsm 1292 1288
###lsm 1362 1288
###lsm 1360 1288
###lsm 1358 1288
###lsm 1356 1288
###lsm 1354 1288
###lsm 1352 1288
###lsm 1352 1286
###lsm 1350 1286
###lsm 1348 1286
###lsm 1346 1286
###lsm 1344 1286
###lsm 1342 1286
###lsm 1340 1286
###lsm 1340 1284
###lsm 1338 1284
###lsm 1336 1284
###lsm 1334 1284
###lsm 1332 1284
###lsm 1330 1284
###lsm 1328 1284
###lsm 1328 1282
###lsm 1326 1282
###lsm 1324 1282
###lsm 1322 1282
###lsm 1320 1282
###lsm 1318 1282
###lsm 1316 1282
###lsm 1316 1279
###lsm 1314 1279
###lsm 1312 1279
###lsm 1310 1279
###lsm 1308 1279
###lsm 1306 1279
###lsm 1304 1279
###lsm 1304 1278
###lsm 1302 1278
###lsm 1300 1278
###lsm 1298 1278
###lsm 1296 1278
###lsm 1278 1294
###lsm 1656 1655
###lsm 1656 1657
###lsm 1669 1670
###lsm 1671 1670
###lsm 1672 1670
###lsm 1672 1673
###lsm 1674 1673
###lsm 1674 1675
###lsm 1676 1675
###lsm 1676 1677
###lsm 1678 1677
###lsm 1678 1679
###lsm 1680 1679
###lsm 1681 1679
###lsm 1681 1682
###lsm 1683 1682
###lsm 1683 1684
###lsm 1684 1685
###lsm 1685 1686
###lsm 1687 1686
###lsm 1687 1688
###lsm 1689 1688
###lsm 1688 1690
###lsm 1716 1717
###lsm 1718 1717
###lsm 1719 1717
###lsm 1719 1720
###lsm 1721 1720
###lsm 1721 1722
###lsm 1723 1722
###lsm 1723 1724
###lsm 1725 1724
###lsm 1725 1726
###lsm 1727 1726
###lsm 1728 1726
###lsm 1728 1729
###lsm 1730 1729
###lsm 1730 1731
###lsm 1732 1731
###lsm 1732 1733
###lsm 1658 1733
###lsm 1656 1658
###lsm 1736 1735
###lsm 1735 1769
###lsm 1760 1735
###lsm 1735 1757
###lsm 1748 1735
###lsm 1735 1745
###lsm 1770 1735
###lsm 1735 1767
###lsm 1768 1735
###lsm 1735 1765
###lsm 1766 1735
###lsm 1735 1763
###lsm 1764 1735
###lsm 1735 1761
###lsm 1762 1735
###lsm 1735 1759
###lsm 1758 1735
###lsm 1735 1755
###lsm 1756 1735
###lsm 1735 1753
###lsm 1754 1735
###lsm 1735 1751
###lsm 1752 1735
###lsm 1735 1749
###lsm 1750 1735
###lsm 1735 1747
###lsm 1746 1735
###lsm 1735 1743
###lsm 1744 1735
###lsm 1735 1741
###lsm 1742 1735
###lsm 1735 1739
###lsm 1740 1735
###lsm 1735 1737
###lsm 1738 1735
###lsm 1735 1734
###lsm 1773 1772
###lsm 1773 1774
###lsm 1775 1774
###lsm 1775 1776
###lsm 1777 1776
###lsm 1777 1778
###lsm 1779 1778
###lsm 1779 1780
###lsm 1781 1780
###lsm 1781 1782
###lsm 1783 1782
###lsm 1783 1784
###lsm 1785 1784
###lsm 1785 1786
###lsm 1787 1786
###lsm 1787 1788
###lsm 1789 1788
###lsm 1789 1790
###lsm 1791 1790
###lsm 1791 1792
###lsm 1793 1792
###lsm 1793 1794
###lsm 1795 1794
###lsm 1795 1796
###lsm 1797 1796
###lsm 1797 1798
###lsm 1799 1798
###lsm 1799 1800
###lsm 1801 1800
###lsm 1801 1802
###lsm 1803 1802
###lsm 1803 1804
###lsm 1805 1804
###lsm 1805 1806
###lsm 1807 1806
###lsm 1807 1808
###lsm 1809 1808
###lsm 1809 1810
###lsm 1811 1810
###lsm 1811 1812
###lsm 1813 1812
###lsm 1813 1814
###lsm 1815 1814
###lsm 1815 1816
###lsm 1817 1816
###lsm 1817 1818
###lsm 1819 1818
###lsm 1820 1819
###lsm 1821 1820
###lsm 1821 1822
###lsm 1823 1822
###lsm 1823 1824
###lsm 1825 1824
###lsm 1825 1826
###lsm 1827 1826
###lsm 1827 1828
###lsm 1829 1828
###lsm 1829 1830
###lsm 1831 1830
###lsm 1831 1832
###lsm 1833 1832
###lsm 1833 1834
###lsm 1835 1834
###lsm 1835 1836
###lsm 1837 1836
###lsm 1837 1838
###lsm 1839 1838
###lsm 1839 1840
###lsm 1841 1840
###lsm 1841 1842
###lsm 1771 1842
###lsm 1772 1771
###lsm 1773 1734
###lsm 1773 1736
###lsm 1734 1775
###lsm 1738 1775
###lsm 1738 1777
###lsm 1737 1777
###lsm 1737 1779
###lsm 1740 1779
###lsm 1740 1781
###lsm 1739 1781
###lsm 1739 1783
###lsm 1742 1783
###lsm 1742 1785
###lsm 1741 1785
###lsm 1741 1787
###lsm 1744 1787
###lsm 1744 1789
###lsm 1743 1789
###lsm 1743 1791
###lsm 1743 1793
###lsm 1746 1793
###lsm 1746 1795
###lsm 1745 1795
###lsm 1745 1797
###lsm 1748 1797
###lsm 1748 1799
###lsm 1747 1799
###lsm 1747 1801
###lsm 1750 1801
###lsm 1750 1803
###lsm 1749 1803
###lsm 1749 1805
###lsm 1752 1805
###lsm 1752 1807
###lsm 1751 1807
###lsm 1754 1807
###lsm 1754 1809
###lsm 1753 1809
###lsm 1753 1811
###lsm 1756 1811
###lsm 1756 1813
###lsm 1755 1813
###lsm 1755 1815
###lsm 1758 1815
###lsm 1758 1817
###lsm 1757 1817
###lsm 1757 1819
###lsm 1760 1819
###lsm 1760 1821
###lsm 1759 1821
###lsm 1759 1823
###lsm 1762 1823
###lsm 1762 1825
###lsm 1761 1825
###lsm 1761 1827
###lsm 1761 1829
###lsm 1764 1829
###lsm 1764 1831
###lsm 1763 1831
###lsm 1763 1833
###lsm 1766 1833
###lsm 1766 1835
###lsm 1765 1835
###lsm 1765 1837
###lsm 1768 1837
###lsm 1768 1839
###lsm 1767 1839
###lsm 1767 1841
###lsm 1770 1841
###lsm 1770 1771
###lsm 1769 1771
###lsm 1773 1769
###lsm 1689 1716
###lsm 1657 1669
###lsm 1718 1814
###lsm 1718 1812
###lsm 1814 1719
###lsm 1816 1719
###lsm 1816 1721
###lsm 1818 1721
###lsm 1818 1723
###lsm 1820 1723
###lsm 1822 1723
###lsm 1822 1725
###lsm 1824 1725
###lsm 1826 1725
###lsm 1826 1727
###lsm 1828 1727
###lsm 1830 1727
###lsm 1830 1728
###lsm 1832 1728
###lsm 1834 1728
###lsm 1834 1730
###lsm 1836 1730
###lsm 1838 1730
###lsm 1838 1732
###lsm 1840 1732
###lsm 1840 1658
###lsm 1842 1658
###lsm 1842 1657
###lsm 1772 1657
###lsm 1774 1657
###lsm 1774 1671
###lsm 1776 1671
###lsm 1778 1671
###lsm 1778 1672
###lsm 1780 1672
###lsm 1780 1674
###lsm 1782 1674
###lsm 1782 1676
###lsm 1784 1676
###lsm 1786 1676
###lsm 1786 1678
###lsm 1788 1678
###lsm 1790 1678
###lsm 1790 1680
###lsm 1792 1680
###lsm 1794 1680
###lsm 1794 1681
###lsm 1796 1681
###lsm 1798 1681
###lsm 1798 1683
###lsm 1800 1683
###lsm 1802 1683
###lsm 1802 1685
###lsm 1804 1685
###lsm 1804 1687
###lsm 1806 1687
###lsm 1806 1689
###lsm 1808 1689
###lsm 1810 1689
###lsm 1718 1810
###lsm 1716 1692
###lsm 1714 1692
###lsm 1712 1692
###lsm 1712 1694
###lsm 1710 1694
###lsm 1710 1696
###lsm 1708 1696
###lsm 1708 1698
###lsm 1706 1698
###lsm 1706 1700
###lsm 1704 1700
###lsm 1667 1655
###lsm 1667 1653
###lsm 1667 1651
###lsm 1665 1651
###lsm 1665 1649
###lsm 1663 1649
###lsm 1663 1647
###lsm 1661 1647
###lsm 1661 1645
###lsm 1659 1645
###lsm 1643 1659
###lsm 878 2279
###lsm 2280 878
###lsm 1387 2298
###lsm 2298 1386
###lsm 1365 2281
###lsm 2281 1364
###lsm 1262 2372
###lsm 2372 1261
###lsm 1261 2373
###lsm 2373 1260
###lsm 1154 2427
###lsm 2428 1154
###lsm 1703 4081
###lsm 4082 1703
###lsm 1646 4101
###lsm 1646 4102
###lsm 4102 1644
###lsm 4261 785
###lsm 785 4262
###lsm 5260 5259
###lsm 5260 5261
###lsm 5262 5261
###lsm 5263 5261
###lsm 5264 5261
###lsm 5265 5261
###lsm 5266 5261
###lsm 5267 5261
###lsm 5267 5268
###lsm 5269 5268
###lsm 5270 5268
###lsm 5271 5268
###lsm 5272 5268
###lsm 5273 5268
###lsm 5274 5268
###lsm 5274 5275
###lsm 5276 5275
###lsm 5277 5275
###lsm 5278 5275
###lsm 5279 5275
###lsm 5280 5275
###lsm 5281 5275
###lsm 5281 5282
###lsm 5283 5282
###lsm 5284 5282
###lsm 5285 5282
###lsm 5286 5282
###lsm 5287 5282
###lsm 5288 5282
###lsm 5288 5289
###lsm 5290 5289
###lsm 5291 5289
###lsm 5292 5289
###lsm 5293 5289
###lsm 5294 5289
###lsm 5295 5289
###lsm 5295 5259
###lsm 5296 5259
###lsm 5297 5259
###lsm 5298 5259
###lsm 5299 5259
###lsm 5259 5258
###lsm 4179 5300
###lsm 4179 5301
###lsm 4182 5301
###lsm 4182 5302
###lsm 4184 5302
###lsm 4184 5303
###lsm 4186 5303
###lsm 4186 5304
###lsm 4188 5304
###lsm 4188 5305
###lsm 4190 5305
###lsm 4190 5306
###lsm 4192 5306
###lsm 4192 5307
###lsm 4194 5307
###lsm 4194 5308
###lsm 4196 5308
###lsm 4196 5309
###lsm 4121 5309
###lsm 4121 5310
###lsm 4123 5310
###lsm 4123 5311
###lsm 4125 5311
###lsm 4125 5312
###lsm 4127 5312
###lsm 4127 5313
###lsm 4130 5313
###lsm 4130 5314
###lsm 4132 5314
###lsm 4132 5315
###lsm 4134 5315
###lsm 4134 5316
###lsm 4136 5316
###lsm 4136 5317
###lsm 4138 5317
###lsm 4138 5318
###lsm 4140 5318
###lsm 4140 5319
###lsm 4142 5319
###lsm 4142 5320
###lsm 4144 5320
###lsm 4144 5321
###lsm 4146 5321
###lsm 4146 5322
###lsm 4148 5322
###lsm 4148 5323
###lsm 4150 5323
###lsm 4150 5324
###lsm 4152 5324
###lsm 4152 5325
###lsm 4154 5325
###lsm 4154 5326
###lsm 4157 5326
###lsm 4157 5327
###lsm 4159 5327
###lsm 4159 5328
###lsm 4161 5328
###lsm 4161 5329
###lsm 4163 5329
###lsm 4163 5330
###lsm 4165 5330
###lsm 4165 5331
###lsm 4167 5331
###lsm 4167 5332
###lsm 4169 5332
###lsm 4169 5333
###lsm 4171 5333
###lsm 4171 5334
###lsm 4173 5334
###lsm 4173 5335
###lsm 4175 5335
###lsm 4175 5336
###lsm 4177 5336
###lsm 5300 4177
###lsm 5260 5301
###lsm 5260 5300
###lsm 5258 5300
###lsm 5258 5336
###lsm 5299 5336
###lsm 5299 5335
###lsm 5298 5335
###lsm 5298 5334
###lsm 5297 5334
###lsm 5297 5333
###lsm 5296 5333
###lsm 5296 5332
###lsm 5295 5332
###lsm 5295 5331
###lsm 5294 5331
###lsm 5294 5330
###lsm 5293 5330
###lsm 5293 5329
###lsm 5292 5329
###lsm 5292 5328
###lsm 5291 5328
###lsm 5291 5327
###lsm 5290 5327
###lsm 5290 5326
###lsm 5288 5326
###lsm 5288 5325
###lsm 5287 5325
###lsm 5287 5324
###lsm 5286 5324
###lsm 5286 5323
###lsm 5285 5323
###lsm 5285 5322
###lsm 5284 5322
###lsm 5284 5321
###lsm 5283 5321
###lsm 5283 5320
###lsm 5281 5320
###lsm 5281 5319
###lsm 5280 5319
###lsm 5280 5318
###lsm 5279 5318
###lsm 5279 5317
###lsm 5278 5317
###lsm 5278 5316
###lsm 5277 5316
###lsm 5277 5315
###lsm 5276 5315
###lsm 5276 5314
###lsm 5274 5314
###lsm 5274 5313
###lsm 5273 5313
###lsm 5273 5312
###lsm 5272 5312
###lsm 5272 5311
###lsm 5271 5311
###lsm 5271 5310
###lsm 5270 5310
###lsm 5270 5309
###lsm 5269 5309
###lsm 5269 5308
###lsm 5267 5308
###lsm 5267 5307
###lsm 5266 5307
###lsm 5266 5306
###lsm 5265 5306
###lsm 5265 5305
###lsm 5264 5305
###lsm 5264 5304
###lsm 5263 5304
###lsm 5263 5303
###lsm 5262 5303
###lsm 5262 5302
###lsm 5302 5260
###lsm 5339 5338
###lsm 5340 5338
###lsm 5340 5341
###lsm 5339 5259
###lsm 5340 5261
###lsm 5342 5268
###lsm 5341 5275
###lsm 5338 5282
###lsm 5337 5289
###fch 0 1 2 3 4 5 6 7 8 9 10 11 12 13 14 15 16 17 18 19 20 21 22 23 24 25 26 27 28 29 30
###fch 31 32 33 34 35 36 37 38 39 40 41 42 43 44 45 46 47 48 49 50 51 52 53 54 55 56 57 58 59 60 61 62 63 64 65 66 67 68 69 70 71 72 73 74 75 76 77 78 79 80 81 82 83 84 85 86 87 88 89 90 91 92 93 94 95 96 97 98 99 100 101 102 103 104 105 106 107 108 109 110 111 112 113 114 115 116 117 118 119 120 121 122 123
###fch 128 129 130 131 132 133 134 135 136 137 138 139 140 141 142 143 144 145 146 147 148 149 150 151 152 153 154 155 156 157 158 159 124 125 126 127
###fch 160 161 162 163 164 165 166 167 168 169 170 171 172 173 174 175 176 177 178 179 180 181 182 183 184 185 186 187 188 189 190 191 192 193 194 195
###fch 196 197 198 199 200 201 202 203 204 205 206 207 208 209 210 211 212 213 214 215 216 217 218 219 220 221 222 223 224 225 226 227 228 229
###fch 256 257 258 259 260 261 262 263 264 265 266 267 268 269 270 271 272 273 274 275 276 277 278 279 280 281 282 283 284 285 286 287 288 289 290 291 292 293 294 295 296 297 298 299 300 301 230 231 232 233 234 235 236 237 238 239 240 241 242 243 244 245 246 247 248 249 250 251 252 253 254 255
###fch 302 303 304 305 306 307 308 309 310 311 312 313 314 315 316 317 318 319 320 321 322 323 324 325 326 327 328 329 330 331 332 333 334 335
###fch 336 337 338 339 340 341 342 343 344 345 346 347 348 349 350 351 352 353 354 355 356 357 358 359 360 361 362 363 364 365 366 367 368 369
###fch 384 385 386 387 388 389 390 391 392 393 394 395 396 397 398 399 400 401 402 403 370 371 372 373 374 375 376 377 378 379 380 381 382 383
###fch 404 405 406 407 408 409 410 411 412 413 414 415 416 417 418 419 420 421 422 423 424 425 426 427 428 429 430 431 432 433 434 435 436 437 438 439 440 441 442 443 444 445 446 447 448 449 450 451 452 453 454 455 456 457 458 459 460 461 462 463 464 465 466 467 468 469 470 471 472 473 474 475
###fch 476 477 478 479 480 481 482 483 484 485 486 487 488 489 490 491 492 493 494 495 496 497 498 499 500 501 502 503 504 505 506 507 508 509
###fch 512 513 514 515 516 517 518 519 520 521 522 523 524 525 526 527 528 529 530 531 532 533 534 535 536 537 538 539 540 541 542 543 544 545 510 511
###fch 546 547 548 549 550 551 552 553 554 555 556 557 558 559 560 561 562 563 564 565 566 567 568 569 570 571 572 573 574 575 576 577 578 579 580 581 582 583 584 585 586 587 588 589 590 591 592 593 594 595 596 597 598 599 600 601 602 603 604 605 606 607 608 609 610 611 612 613 614 615 616 617 618 619 620 621 622 623 624 625 626 627 628 629 630 631 632 633 634 635 636 637 638 639 640 641 642 643 644 645 646 647 648 649 650 651 652 653 654 655 656 657 658 659 660 661 662 663 664 665 666 667 668 669 670 671 672 673 674 675 676 677 678 679 680 681 682 683 684 685 686 687 688 689
###fch 690 691 692 693 694 695 696 697 698 699 700 701 702 703 704 705 706 707 708 709 710 711 712 713 714 715 716 717 718 719 720 721 722 723 724 725 726 727 728 729 730 731 732 733 734 735 736 737 738 739 740 741 742 743 744 745 746 747 748 749 750 751 752 753 754 755 756 757 758 759 760 761
###fch 768 769 770 771 772 773 774 775 776 777 778 779 780 781 782 783 784 785 786 787 788 789 790 791 792 793 794 795 796 797 798 799 800 801 802 803 804 805 806 807 808 809 810 811 812 813 814 815 816 817 818 819 820 821 822 823 824 825 826 827 828 829 830 831 832 833 762 763 764 765 766 767
###fch 834 835 836 837 838 839 840 841 842 843 844 845 846 847 848 849 850 851 852 853 854 855 856 857 858 859 860 861 862 863 864 865 866 867
###fch 868 869 870 871 872 873 874 875 876 877 878 879 880 881 882 883 884 885 886 887 888 889 890 891 892 893 894 895 896 897 898 899 900 901 902 903 904 905 906 907 908 909 910 911 912 913 914 915 916 917 918 919 920 921 922 923 924 925 926 927 928 929 930 931 932 933 934 935 936 937 938 939
###fch 940 941 942 943 944 945 946 947 948 949 950 951 952 953 954 955 956 957 958 959 960 961 962 963 964 965 966 967 968 969 970 971 972 973
###fch 974 975 976 977 978 979 980 981 982 983 984
###fch 985 986
###fch 1024 1025 1026 1027 1028 1029 1030 1031 1032 1033 1034 1035 1036 1037 1038 1039 1040 1041 1042 1043 1044 1045 1046 1047 1048 1049 1050 1051 1052 1053 1054 1055 1056 1057 1058 1059 1060 1061 1062 1063 1064 1065 1066 1067 1068 1069 1070 1071 1072 1073 1074 1075 1076 1077 1078 1079 1080 1081 1082 1083 1084 1085 1086 1087 1088 1089 1090 1091 1092 1093 1094 1095 1096 1097 1098 1099 1100 1101 1102 1103 1104 1105 1106 1107 1108 1109 1110 1111 1112 1113 1114 1115 1116 1117 1118 1119 1120 1121 1122 1123 1124 1125 1126 1127 1128 1129 1130 1131 1132 1133 1134 1135 987 988 989 990 991 992 993 994 995 996 997 998 999 1000 1001 1002 1003 1004 1005 1006 1007 1008 1009 1010 1011 1012 1013 1014 1015 1016 1017 1018 1019 1020 1021 1022 1023
###fch 1136 1137
###fch 1210 1211
###fch 1212 1213
###fch 1536 1537 1538 1539 1540 1541 1542 1543 1544 1545 1546 1547 1548 1549 1550 1551 1552 1553 1554 1555 1556 1557 1558 1559 1560 1561 1562 1563 1564 1565 1566 1567 1568 1569 1570 1571 1572 1573 1574 1575 1576 1577 1578 1579 1580 1581 1582 1583 1584 1585 1586 1587 1588 1589 1590 1591 1592 1593 1594 1595 1596 1597 1598 1599 1600 1601 1602 1603 1604 1605 1606 1607 1608 1609 1610 1611 1612 1613 1614 1615 1616 1617 1618 1619 1620 1621 1622 1623 1624 1625 1626 1627 1628 1629 1630 1631 1632 1633 1634 1635 1636 1637 1638 1639 1640 1641 1642 1643 1644 1645 1646 1647 1648 1649 1650 1651 1652 1653 1654 1655 1656 1657 1658 1523 1524 1525 1526 1527 1528 1529 1530 1531 1532 1533 1534 1535
###fch 1659 1660
###fch 1661 1662 1663 1664 1665 1666 1667 1668 1669 1670 1671 1672 1673 1674 1675 1676 1677 1678 1679 1680 1681 1682 1683 1684 1685 1686 1687 1688 1689 1690 1691 1692 1693 1694 1695 1696 1697 1698 1699 1700 1701 1702 1703 1704 1705 1706 1707 1708 1709 1710 1711 1712 1713 1714 1715 1716 1717 1718 1719 1720 1721 1722 1723 1724 1725 1726 1727 1728 1729 1730 1731 1732 1733 1734 1735 1736 1737 1738 1739 1740 1741 1742 1743 1744 1745 1746 1747 1748 1749 1750 1751 1752 1753 1754 1755 1756 1757 1758 1759 1760 1761 1762 1763 1764 1765 1766 1767 1768 1769 1770 1771 1772 1773 1774 1775 1776 1777 1778 1779 1780 1781 1782 1783 1784 1785 1786 1787 1788 1789 1790 1791 1792 1793 1794 1795 1796 1797 1798 1799 1800 1801 1802
###fch 1803 1804 1805 1806 1807 1808 1809 1810 1811 1812 1813 1814 1815 1816 1817 1818 1819 1820
###fch 1825 1826 1827 1828 1829 1830 1831 1832 1833 1834 1835 1836 1837 1838 1839 1840 1841 1842 1843 1844 1845
###fch 1856 1857 1858 1859 1860 1861 1862 1863 1864 1865 1866 1867 1868 1848 1849 1850 1851 1852 1853 1854 1855
###fch 1871 1872 1873 1874 1875 1876 1877 1878 1879 1880 1881 1882 1883 1884 1885 1886 1887 1888 1889 1890 1891
###fch 1894 1895 1896 1897 1898 1899 1900 1901 1902 1903 1904 1905 1906 1907 1908 1909 1910 1911 1912 1913 1914
###fch 1920 1921 1922 1923 1924 1925 1926 1927 1928 1929 1930 1931 1932 1933 1934 1935 1936 1937 1938 1939 1940 1917 1918 1919
###fch 1941 1942 1943 1944 1945 1946 1947 1948 1949 1950 1951 1952 1953 1954 1955 1956 1957 1958 1959 1960 1961 1962 1963 1964 1965 1966 1967 1968 1969 1970 1971 1972 1973 1974 1975 1976 1977 1978 1979 1980 1981 1982 1983 1984 1985 1986 1987 1988 1989 1990 1991 1992 1993 1994 1995 1996 1997 1998 1999 2000 2001 2002 2003 2004 2005 2006 2007 2008 2009 2010 2011 2012 2013 2014 2015 2016 2017
###fch 1892 1893 2169 2170 2171 2172 2173 2174 2175 2176 2177 2178 2179 2180 2181 2182 2183 2184 2185 2186 2187 2188 2189 2190 2191 2192 2193 2194 2195 2196 2197 2198 2199 2200 2201 2202 2203 2204 2205 2206 2207 2208 2209 2210 2211 2212 2213 2214 2215 2216 2217 2218 2219 2220 2221 2222 2223 2224 2225 2226 2227 2228 2229 2230 2231 2232 2233 2234 2235 2236 2237 2238 2239 2240 2241 2242 2243 2244 2245 2246 2247 2248 2249 2250 2251 2252 2253 2254 2255 2256 2257 2258 2259 2260 2261 2262
###fch 2338 2339 2340 2341 2342 2343 2344 2345 2346 2347 2348 2349 2350 2351 2352 2353 2354 2355 2356 2357 2358 2359 2360 2361 2362 2363 2364 2365 2366 2367 2368 2369 2370 2371 2372 2373 2374 2375 2376 2377 2378 2379 2380 1869 2381 2382 2383 2384 2385 2386 2387 2388 2389 2390 2391 2392 2393 2394 2395 2396 2397 2398 2399 2400 2401 2402 2403 2404 2405 2406 2407 2408 2409 2410 2411 2412 2413 2414 2415 2416 2417 2418 2419 2420 2421 2422 2423 2424 2425 2426 2427 2428 2429 2431 2430 1870
###fch 3328 3329 3330 3331 3332 3333 3334 3335 3336 3337 3338 3339 3340 3341 3342 3343 3344 3345 3346 3347 3348 3349 3350 3351 3352 3353 3354 3355 3356 3357 3358 3359 3360 3361 3362 3363 3364 3365 3366 3367 3368 3369 3370 3371 3372 3373 3374 3375 3261 3262 3263 3264 3265 3266 3267 3268 3269 3270 3271 3272 3273 3274 3275 3276 3277 3278 3279 3280 3281 3282 3283 3284 3285 3286 3287 3288 3289 3290 3291 3292 3293 3294 3295 3296 3297 3298 3299 3300 3301 3302 3303 3304 3305 3306 3307 3308 3309 3310 3311 3312 3313 3314 3315 3316 3317 3318 3319 3320 3321 3322 3323 3324 3325 3326 3327
###fch 3376 3377 3378 3379 3380 3381 3382 3383 3384 3385 3386 3387 3388 3389 3390 3391 3392 3393 3394 3395 3396 3397 3398 3399 3400 3401 3402 3403 3404 3405 3406 3407 3408 3409 3410 3411 3412 3413 3414 3415 3416 3417 3418 3419 3420 3421 3422 3423 3424 3425 3426 3427 3428 3429
###fch 2508 2509 2510 2511 2512 2513 2514 2515 2516 2517 2518 2519 2520 2521 2522 2523 2524 2525 2526 2527 2528 2529 2530 2531 2532 2533 2534 2535 2536 2537 2538 2539 2540 2541 2542 2543 2544 2545 2546 2547 2548 2549 2550 2551 2552 2553 2554 2555 2556 2557 2558 2559 2560 2561 2562 2563 2564 2565 2566 2567 2568 2569 2570 2571 2572 2573 2574 2575 2576 2577 2578 2579 2580 2581 2582 2583 2584 2585 2586 2587 2588 2589 2590 2591 2592 2593 2594 2595 2596 2597 2598 2599 2600 2601 2602 2603 2604 2605 2606 2607 2608 2609 2610 2611 2612 2613 2614 2615 2616 2617 2618 2619 2620 2621 2622 2623 2624 2625 2626 2627 2628 2629 2630 2631 2632 2633 2634 2635 2636 2637 2638 2639 2640 2641 2642 2643 2644 2645 2646 2647 2648 2649 2650 2651 2652 2653 2654 2655 2656 2657 2658 2659 2660 2661 2662 2663 2664 2665 2666 2667 2668 2669 2670 2671 2672 2673 2674 2675 2676 2677 2678 2679 2680 2681 2682 2683 2684 2685 2686 2687 2688 2689 2690 2691 2692 2693 2694 2695 2696 2697 2698 2699 2700 2701 2702 2703 2704 2705 2706 2707 2708 2709 2710 2711 2712 2713 2714 2715 2716 2717 2718 2719 2720 2721 2722 2723 2724 2725 2726 2727 2728 2729 2730 2731 2732 2733 2734 2735 2736 2737 2738 2739 2740 2741 2742 2743 2744 2745 2746 2747 2748 2749 2750 2751 2752 2753 2754 2755 2756 2757 2758 2759 2760 2761 2762 2763 2764 2765 2766 2767 2768 2769 2770 2771 2772 2773 2774 2775 2776 2777 2778 2779 2780 2781 2782 2783 2784 2785 2786 2787 2788 2789 2790 2791 2792 2793 2794 2795 2796 2797 2798 2799 2800 2801 2802 2803 2804 2805 2806 2807 2808 2809 2810 2811 2812 2813 2814 2815 2816 2817 2818 2819 2820 2821 2822 2823 2824 2825 2826 2827 2828 2829 2830 2831 2832 2833 2834 2835 2836 2837 2838 2839 2840 2841 2842 2843 2844 2845 2846 2847 2848 2849 2850 2851 2852 2853 2854 2855 2856 2857 2858 2859 2860 2861 2862 2863 2864 2865 2866 2867 2868 2869 2870 2871 2872 2873 2874 2875 2876 2877 2878 2879 2880 2881 2882 2883 2884 2885 2886 2887 2888 2889 2890 2891 2892 2893 2894 2895 2896 2897 2898 2899 2900 2901 2902 2903 2904 2905 2906 2907 2908 2909 2910 2911 2912 2913 2914 2915 2916 2917 2918 2919 2920 2921 2922 2923 2924 2925 2926 2927 2928 2929 2930 2931 2932 2933 2934 2935 2936 2937 2938 2939 2940 2941 2942 2943 2944 2945 2946 2947 2948 2949 2950 2951 2952 2953 2954 2955 2956 2957 2958 2959 2960 2961 2962 2963 2964 2965 2966 2967 2968 2969 2970 2971 2972 2973 2974 2975 2976 2977 2978 2979 2980 2981 2982 2983 2984 2985 2986 2987 2988 2989 2990 2991 2992 2993 2994 2995 2996 2997 2998 2999 3000 3001 3002 3003 3004 3005 3006 3007 3008 3009 3010 3011 3012 3013 3014 3015 3016 3017 3018 3019 3020 3021 3022 3023 3024 3025 3026 3027 3028 3029 3030 3031 3032 3033 3034 3035 3036 3037 3038 3039 3040 3041 3042 3043 3044 3045 3046 3047 3048 3049 3050 3051 3052 3053 3054 3055 3056 3057 3058 3059 3060 3061 3062 3063 3064 3065 3066 3067 3068 3069 3070 3071 3072 3073 3074 3075 3076 3077 3078 3079 3080 3081 3082 3083 3084 3085 3086 3087 3088 3089 3090 3091 3092 3093 3094 3095 3096 3097 3098 3099 3100 3101 3102 3103 3104 3105 3106 3107 3108 3109 3110 3111 3112 3113 3114 3115 3116 3117 3118 3119 3120 3121 3122 3123 3124 3125 3126 3127 3128 3129 3130 3131 3132 3133 3134 3135 3136 3137 3138 3139 3140 3141 3142 3143 3144 3145 3146 3147 3148 3149 3150 3151 3152 3153 3154 3155 3156 3157 3158 3159 3160 3161 3162 3163 3164 3165 3166 3167 3168 3169 3170 3171 3172 3173 3174 3175 3176 3177 3178 3179 3180 3181 3182 3183 3184 3185 3186 3187 3188 3189 3190 3191 3192 3193 3194 3195 3196 3197 3198 3199 3200 3201 3202 3203 3204 3205 3206 3207 3208 3209 3210 3211 3212 3213 3214 3215 3216 3217 3218 3219 3220 3221 3222 3223 3224 3225 3226 3227 3228 3229 3230 3231 3232 3233 3234 3235 3236 3237 3238 3239 3240 3241 3242 3243 3244 3245 3246 3247 3248 3249 3250 3251 3252 3253 3254 3255 3256 3257 3258 3259 3260 3430 3431 3432 3433 3434 3435 3436 3437 3438 3439 3440 3441 3442 3443 3444 3445 3446 3447 3448 3449 3450 3451 3452 3453 3454 3455 3456 3457 3458 3459 3460 3461 3462 3463 3464 3465 3466 3467 3468 3469 3470 3471 3472 3473 3474 3475 3476 3477 3478 3479 3480 3481 3482 3483 3484 3485 3486 3487 3488 3489 3490 3491 3492 3493 3494 3495 3496 3497 3498 3499 3500 3501 3502 3503 3504 3505 3506 3507 3508 3509 3510 3511 3512 3513 3514 3515 3516 3517 3518 3519 3520 3521 3522 3523 3524 3525 3526 3527 3528 3529 3530 3531 3532 3533 3534 3535 3536 3537 3538 3539 3540 3541 3542 3543 3544 3545 3546 3547 3548 3549 3550 3551 3552 3553 3554 3555 3556 3557 3558 3559 3560 3561 3562 3563 3564 3565 3566 3567 3568 3569 3570 3571 3572 3573 3574 3575 3576 3577 3578 3579 3580 3581 3582 3583 3584 3585 3586 3587 3588 3589 3590 3591 3592 3593 3594 3595 3596 3597 3598 3599 3600 3601 3602 3603 3604 3605 3606 3607 3608 3609 3610 3611 3612 3613 3614 3615 3616 3617 3618 3619 3620 3621 3622 3623 3624 3625 3626 3627 3628 3629 3630 3631 3632 3633 3634 3635 3636 3637 3638 3639 3640 3641 3642 3643 3644 3645 3646 3647 3648 3649 3650 3651 3652 3653 3654 3655 3656 3657 3658 3659 3660 3661 3662 3663 3664 3665 3666 3667 3668 3669 3670 3671 3672 3673 3674 3675 3676 3677 3678 3679 3680 3681 3682 3683 3684 3685 3686 3687 3688 3689 3690 3691 3692 3693 3694 3695 3696 3697 3698 3699 3700 3701 3702 3703 3704 3705 3706 3707 3708 3709 3710 3711 3712 3713 3714 3715 3716 3717 3718 3719 3720 3721 3722 3723 3724 3725 3726 3727 3728 3729 3730 3731 3732 3733 3734 3735 3736 3737 3738 3739 3740 3741 3742 3743 3744 3745 3746 3747 3748 3749 3750 3751 3752 3753 3754 3755 3756 3757 3758 3759 3760 3761 3762 3763 3764 3765 3766 3767 3768 3769 3770 3771 3772 3773 3774 3775 3776 3777 3778 3779 3780 3781 3782 3783 3784 3785 3786 3787 3788 3789 3790 3791 3792 3793 3794 3795 3796 3797 3798 3799 3800 3801 3802 3803 3804 3805 3806 3807 3808 3809 3810 3811 3812 3813 3814 3815 3816 3817 3818 3819 3820 3821 3822 3823 3824 3825 3826 3827 3828 3829 3830 3831 3832 3833 3834 3835 3836 3837 3838 3839 3840 3841 3842 3843 3844 3845 3846 3847 3848 3849 3850 3851 3852 3853 3854 3855 3856 3857 3858 3859 3860 3861 3862 3863 3864 3865 3866 3867 3868 3869 3870 3871 3872
###fch 1821 1822 3873 3874 3875 3876 3877 3878 3879 3880 3881 3882 3883 3884 3885 3886 3887 3888 3889 3890 3891 3892 3893 3894 3895 3896 3897 3898 3899 3900 3901 3902 3903 3904 3905 3906 3907 3908 3909 3910 3911 3912 3913 3914 3915 3916 3917 3918 3919 3920 3921 3922 3923 3924 3925 3926 3927 3928 3929 3930 3931 3932 3933 3934 3935 3936 3937 3938 3939 3940 3941 3942 3943 3944 3945 3946 3947 3948 3949 3950 3951 3952 3953 3954 3955 3956 3957 3958 3959 3960 3961 3962 3963 3964 3965 3966 3967 3968 3969 3970 3971 3972 3973 3974 3975 3976 3977 3978 3979 3980 3981 3982 3983 3984 3985 3986 3987 3988 3989 3990 3991 3992 3993 3994 3995 3996 3997 3998 3999 4000 4001 4002 4003 4004 4005 4006 4007 4008 4009 4010 4011 4012 4013 4014
###fch 4096 4097 4098 4099 4100 4101 4102 4103 4104 4105 4106 4107 4108 4109 4110 1915 1916 4015 4016 4017 4018 4019 4020 4021 4022 4023 4024 4025 4026 4027 4028 4029 4030 4031 4032 4033 4034 4035 4036 4037 4038 4039 4040 4041 4042 4043 4044 4045 4046 4047 4048 4049 4050 4051 4052 4053 4054 4055 4056 4057 4058 4059 4060 4061 4062 4063 4064 4065 4066 4067 4068 4069 4070 4071 4072 4073 4074 4075 4076 4077 4078 4079 4080 4081 4082 4083 4084 4085 4086 4087 4088 4089 4090 4091 4092 4093 4094 4095
###fch 4111 4112 4113 4114 4115 4116 4117 4118 4119 4120 4121 4122 4123 4124 4125 4126 4127 4128 4129 4130 4131 4132 4133 4134 4135 4136 4137 4138 4139 4140 4141 4142 4143 4144 4145 4146 4147 4148 4149 1846 4150 1847 4151 4152 4153 4154 4155 4156 4157 4158 4159 4160 4161 4162 4164 4163 4165 4166 4167 4168 4169 4170 4171 4172 4173 4174 4175 4176 4177 4178 4179 4180 4181 4182 4183 4184 4185 4186 4187 4188 4189 4190 4191 4192 4193 4194 4195 4196 4197 4198 4199 4200 4201 4204 4203 4202
###fch 1823 1824 4205 4206 4207 4208 4209 4210 4211 4212 4213 4214 4215 4216 4217 4218 4219 4220 4221 4222 4223 4224 4225 4226 4227 4228 4229 4230 4231 4232 4233 4234 4235 4236 4237 4238 4239 4240 4241 4242 4243 4244 4245 4246 4247 4248 4249 4250 4251 4252 4253 4254 4255 4256 4257 4258 4259 4260 4261 4262 4263 4264 4265 4266 4267 4268 4269 4270 4271 4272 4273 4274 4275 4276 4277 4278 4279 4280 4281 4282 4283 4284 4285 4286 4287 4288 4289 4290 4291 4292 4293 4294 4295 4296 4297 4298
###fch 4352 4353 4354 4355 4356 4357 4358 4359 4360 4361 4362 4363 4364 4365 4366 4367 4368 4369 4370 4299 4300 4301 4302 4303 4304 4305 4306 4307 4308 4309 4310 4311 4312 4313 4314 4315 4316 4317 4318 4319 4320 4321 4322 4323 4324 4325 4326 4327 4328 4329 4330 4331 4332 4333 4334 4335 4336 4337 4338 4339 4340 4341 4342 4343 4344 4345 4346 4347 4348 4349 4350 4351
###fch 4383 4384 4385 4386 4387 4388 4389 4390 4391 4392 4393 4394 4395 4396 4397 4398 4399 4400 4401 4402 4403 4404 4405 4406 4407 4408 4409 4410 4411 4412 4413 4414 4415 4416 4417 4418 4419 4420 4421 4422 4423 4424 4425 4426 4427 4428 4429 4430 4431 4432 4433 4434 4435 4436 4437 4438 4439 4440 4441 4442 4443 4444 4445 4446 4447 4448 4449 4450 4451 4452 4453 4454
###fch 4464 4465 4466 4467 4468 4469 4470 4471 4472 4473 4474 4475 4476 4477 4478 4479 4480 4481 4482 4483 4484 4485 4486 4487 4488 4489 4490 4491 4492 4493 4494 4495 4496 4497 4498 4499 4500 4501 4502 4503 4504 4505 4506 4507 4508 4509 4510 4511 4512 4513 4514 4515 4516 4517 4518 4519 4520 4521 4522 4523 4524 4525 4526 4527 4528 4529 4530 4531 4532 4533 4534 4535
###fch 4608 4609 4610 4611 4612 4613 4614 4615 4616 4617 4618 4619 4620 4621 4550 4551 4552 4553 4554 4555 4556 4557 4558 4559 4560 4561 4562 4563 4564 4565 4566 4567 4568 4569 4570 4571 4572 4573 4574 4575 4576 4577 4578 4579 4580 4581 4582 4583 4584 4585 4586 4587 4588 4589 4590 4591 4592 4593 4594 4595 4596 4597 4598 4599 4600 4601 4602 4603 4604 4605 4606 4607
###fch 4637 4638 4639 4640 4641 4642 4643 4644 4645 4646 4647 4648 4649 4650 4651 4652 4653 4654 4655 4656 4657 4658 4659 4660 4661 4662 4663 4664 4665 4666 4667 4668 4669 4670 4671 4672 4673 4674 4675 4676 4677 4678 4679 4680
###fch 4681 4682
###fch 4683 4684 4685 4686 4687 4688 4689 4690 4691 4692 4693 4694 4695 4696 4697 4698 4699 4700 4701 4702 4703 4704 4705 4706 4707 4708 4709 4710
###fch 4712 4711
###fch 4713 4714 4715 4716 4717 4718 4719 4720 4721 4722 4723 4724 4725 4726 4727 4728 4729 4730 4731 4732 4733 4734 4735 4736 4737 4738 4739 4740 4741 4742 4743 4744 4745 4746 4747 4748 4749 4750 4751 4752 4753 4754 4755 4756 4757 4758 4759 4760 4761 4762 4763 4764 4765 4766 4767 4768 4769 4770 4771 4772 4773 4774 4775 4776 4777 4778 4779 4780 4781 4782 4783 4784 4785 4786 4787 4788 4789 4790 4791 4792 4793 4794 4795 4796 4797 4798 4799 4800 4801 4802 4803 4804 4805 4806 4807 4808 4809 4810
###fch 4864 4865 4866 4867 4868 4869 4870 4871 4872 4873 4874 4875 4876 4877 4878 4879 4880 4881 4882 4883 4884 4885 4886 4887 4888 4889 4890 4891 4892 4893 4894 4895 4896 4897 4898 4811 4812 4813 4814 4815 4816 4817 4818 4819 4820 4821 4822 4823 4824 4825 4826 4827 4828 4829 4830 4831 4832 4833 4834 4835 4836 4837 4838 4839 4840 4841 4842 4843 4844 4845 4846 4847 4848 4849 4850 4851 4852 4853 4854 4855 4856 4857 4858 4859 4860 4861 4862 4863
###fch 4984 4985
###fch 4986 4987
###fch 4988 4989
###fch 4990 4991
###fch 4992 4993
###fch 4994 4995 4996 4997 4998 4999 5000 5001 5002 5003 5004 5005 5006 5007 5008 5009 5010 5011 5012 5013 5014 5015 5016 5017 5018 5019 5020 5021 5022 5023 5024 5025 5026 5027 5028 5029 5030 5031 5032 5033 5034 5035 5036 5037 5038 5039 5040 5041 5042 5043 5044 5045 5046 5047 5048 5049 5050 5051 5052 5053 5054 5055 5056 5057 5058 5059 5060 5061 5062 5063 5064 5065 5066 5067 5068 5069 5070
###fch 5120 5121 5122 5123 5124 5125 5126 5127 5128 5129 5130 5131 5132 5133 5134 5135 5136 5137 5138 5139 5140 5141 5142 5143 5144 5145 5146 5147 5148 5149 5150 5071 5072 5073 5074 5075 5076 5077 5078 5079 5080 5081 5082 5083 5084 5085 5086 5087 5088 5089 5090 5091 5092 5093 5094 5095 5096 5097 5098 5099 5100 5101 5102 5103 5104 5105 5106 5107 5108 5109 5110 5111 5112 5113 5114 5115 5116 5117 5118 5119
###fch 5227 5228 5229 5230 5231 5232 5233 5234 5235 5236 5237 5238 5239 5240 5241 5242 5243 5244 5245 5246 5247 5248 5249 5250 5251 5252 5253 5254 5255 5256 5257 5258 5259 5260 5261 5262 5263 5264 5265 5266 5267 5268 5269 5270 5271 5272 5273 5274 5275 5276 5277 5278 5279 5280 5281 5282 5283 5284 5285 5286 5287 5288 5289 5290 5291 5292 5293 5294 5295 5296 5297 5298 5299 5300 5301 5302 5303 5304 5305 5306
###fch 5307 5308 5309
###fch 5312 5310 5311
###fch 5313 5314
###fch 5376 5377 5378 5379 5380 5381 5382 5383 5384 5385 5386 5387 5388 5389 5390 5391 5392 5393 5394 5395 5396 5397 5398 5399 5400 5401 5402 5403 5404 5405 5406 5407 5408 5409 5410 5411 5412 5413 5414 5415 5416 5417 5418 5419 5420 5421 5422 5423 5424 5425 5426 5427 5428 5315 5316 5317 5318 5319 5320 5321 5322 5323 5324 5325 5326 5327 5328 5329 5330 5331 5332 5333 5334 5335 5336 5337 5338 5339 5340 5341 5342 5343 5344 5345 5346 5347 5348 5349 5350 5351 5352 5353 5354 5355 5356 5357 5358 5359 5360 5361 5362 5363 5364 5365 5366 5367 5368 5369 5370 5371 5372 5373 5374 5375
###fch 5429 5430 5431 5432 5433 5434 5435 5436 5437 5438 5439
###fch 5440 5441
###fch 5442 5443
###fch 5444 5445
###fch 6144 6145 6146 6147 6148 6149 6150 6151 6152 6153 6154 6155 6156 6157 6158 6159 6160 6161 6162 6163 6164 6165 6016 6017 6018 6019 6020 6021 6022 6023 6024 6025 6026 6027 6028 6029 6030 6031 6032 6033 6034 6035 6036 6037 6038 6039 6040 6041 6042 6043 6044 6045 6046 6047 6048 6049 6050 6051 6052 6053 6054 6055 6056 6057 6058 6059 6060 6061 6062 6063 6064 6065 6066 6067 6068 6069 6070 6071 6072 6073 6074 6075 6076 6077 6078 6079 6080 6081 6082 6083 6084 6085 6086 6087 6088 6089 6090 6091 6092 6093 6094 6095 6096 6097 6098 6099 6100 6101 6102 6103 6104 6105 6106 6107 6108 6109 6110 6111 6112 6113 6114 6115 6116 6117 6118 6119 6120 6121 6122 6123 6124 6125 6126 6127 6128 6129 6130 6131 6132 6133 6134 6135 6136 6137 6138 6139 6140 6141 6142 6143
###fch 6166 6167
###fch 6168 6169
###fch 6170 6171
###fch 6172 6173
###fch 5550 5551 5552 5553 5554 5555 5556 5557 5558 5559 5560 5561 5562 5563 5564 5565 5566 5567 5568 5569 5570 5571 5572 5573 5574 5575 5576 5577 5578 5579 5580 5581 5582 5583 5584 5585 5586 5587 5588 5589 5590 5591 5592 5593 5594 5595 5596 5597 5598 5599 5600 5601 5602 5603 5604 5605 5606 5607 5608 5609 5610 5611 5612 5613 5614 5615 5616 5617 5618 5619 5620 5621 5622 5623 5624 5625 5626 5627 5628 5629 5630 5631 5632 5633 5634 5635 5636 5637 5638 5639 5640 5641 5642 5643 5644 5645 5646 5647 5648 5649 5650 5651 5652 5653 5654 5655 5656 5657 5658 5659 5660 5661 5662 5663 5664 5665 5666 5667 5668 5669 5670 5671 5672 5673 5674 5675 5676 5677 5678 5679 5680 5681 5682 5683 5684 5685 5686 5687 5688 5689 5690 5691 5692 5693 5694 5695 5696 5697 5698 5699 5700 5701 5702 5703 5704 5705 5706 5707 5708 5709 5710 5711 5712 5713 5714 5715 5716 5717 5718 5719 5720 5721 5722 5723 5724 5725 5726 5727 5728 5729 5730 5731 5732 5733 5734 5735 5736 5737 5738 5739 5740 5741 5742 5743 5744 5745 5746 5747 5748 5749 5750 5751 5752 5753 5754 5755 5756 5757 5758 5759 5760 5761 5762 5763 5764 5765 5766 5767 5768 5769 5770 5771 5772 5773 5774 5775 5776 5777 5778 5779 5780 5781 5782 5783 5784 5785 5786 5787 5788 5789 5790 5791 5792 5793 5794 5795 5796 5797 5798 5799 5800 5801 5802 5803 5804 5805 5806 5807 5808 5809 5810 5811 5812 5813 5814 5815 5816 5817 5818 5819 5820 5821 5822 5823 5824 5825 5826 5827 5828 5829 5830 5831 5832 5833 5834 5835 5836 5837 5838 5839 5840 5841 5842 5843 5844 5845 5846 5847 5848 5849 5850 5851 5852 5853 5854 5855 5856 5857 5858 5859 5860 5861 5862 5863 5864 5865 5866 5867 5868 5869 5870 5871 5872 5873 5874 5875 5876 5877 5878 5879 5880 5881 5882 5883 5884 5885 5886 5887 5888 5889 5890 5891 5892 5893 5894 5895 5896 5897 5898 5899 5900 5901 5902 5903 5904 5905 5906 5907 5908 5909 5910 5911 5912 5913 5914 5915 5916 5917 5918 5919 5920 5921 5922 5923 5924 5925 5926 5927 5928 5929 5930 5931 5932 5933 5934 5935 5936 5937 5938 5939 5940 5941 5942 5943 5944 5945 5946 5947 5948 5949 5950 5951 5952 5953 5954 5955 5956 5957 5958 5959 5960 5961 5962 5963 5964 5965 5966 5967 5968 5969 5970 5971 5972 5973 5974 5975 5976 5977 5978 5979 5980 5981 5982 5983 5984 5985 5986 5987 5988 5989 5990 5991 5992 5993 5994 5995 5996 5997 5998 5999 6000 6001 6002 6003 6004 6005 6006 6007 6008 6009 6010 6011 6012 6013 6014 6015 6174 6175 6176 6177 6178 6179 6180 6181 6182 6183 6184 6185 6186 6187 6188 6189 6190 6191 6192 6193 6194 6195 6196 6197 6198 6199 6200 6201 6202 6203 6204 6205 6206 6207 6208 6209 6210 6211 6212 6213 6214 6215 6216 6217 6218 6219 6220 6221 6222 6223 6224 6225 6226 6227 6228 6229 6230 6231 6232 6233 6234 6235 6236 6237 6238 6239 6240 6241 6242 6243 6244 6245 6246 6247 6248 6249 6250 6251 6252 6253 6254 6255 6256 6257 6258 6259 6260 6261 6262 6263 6264 6265 6266 6267 6268 6269 6270 6271 6272 6273 6274 6275 6276 6277 6278 6279 6280 6281 6282 6283 6284 6285 6286 6287 6288 6289 6290 6291 6292 6293 6294 6295 6296 6297 6298 6299 6300 6301 6302 6303 6304 6305 6306 6307 6308 6309 6310 6311 6312 6313 6314 6315 6316 6317 6318 6319 6320 6321 6322 6323 6324 6325 6326 6327 6328 6329 6330 6331 6332 6333 6334 6335 6336 6337 6338 6339 6340 6341 6342 6343 6344 6345 6346 6347 6348 6349 6350 6351 6352 6353 6354 6355 6356 6357 6358 6359 6360 6361 6362 6363 6364 6365 6366 6367 6368 6369 6370 6371 6372 6373 6374 6375 6376 6377 6378 6379 6380 6381 6382 6383 6384 6385 6386 6387 6388 6389 6390 6391 6392 6393 6394 6395 6396 6397 6398 6399 6400 6401 6402 6403 6404 6405 6406 6407 6408 6409 6410 6411 6412 6413 6414 6415 6416 6417 6418 6419 6420 6421 6422 6423 6424 6425 6426 6427 6428 6429 6430 6431 6432 6433 6434 6435 6436 6437 6438 6439 6440 6441 6442 6443 6444 6445 6446 6447 6448 6449 6450 6451 6452 6453 6454 6455 6456 6457 6458 6459 6460 6461 6462 6463 6464 6465 6466 6467 6468 6469 6470 6471 6472 6473 6474 6475 6476 6477 6478 6479 6480 6481 6482 6483 6484 6485 6486 6487 6488 6489 6490 6491 6492 6493 6494 6495 6496 6497 6498 6499 6500 6501 6502 6503 6504 6505 6506 6507 6508 6509 6510 6511 6512 6513 6514 6515 6516 6517 6518 6519 6520 6521 6522 6523 6524 6525 6526 6527 6528 6529 6530 6531 6532 6533 6534 6535 6536 6537 6538 6539 6540 6541 6542 6543 6544 6545 6546 6547 6548 6549 6550 6551 6552 6553 6554 6555 6556 6557 6558 6559 6560 6561 6562 6563 6564 6565 6566 6567 6568 6569 6570 6571 6572 6573 6574 6575 6576 6577 6578 6579 6580 6581 6582 6583 6584 6585 6586 6587 6588 6589 6590 6591 6592 6593 6594 6595 6596 6597 6598 6599 6600 6601 6602 6603 6604 6605 6606 6607 6608 6609 6610 6611 6612 6613 6614 6615 6616 6617 6618 6619 6620 6621 6622 6623 6624 6625 6626 6627 6628 6629 6630 6631 6632 6633 6634 6635 6636 6637 6638 6639 6640 6641 6642 6643 6644 6645 6646 6647 6648 6649 6650 6651 6652 6653 6654 6655 6656 6657 6658 6659 6660 6661 6662 6663 6664 6665 6666 6667 6668 6669 6670 6671 6672 6673 6674 6675 6676 6677 6678 6679 6680 6681 6682 6683 6684 6685 6686 6687 6688 6689 6690 6691 6692 6693 6694 6695 6696 6697 6698 6699 6700 6701 6702 6703 6704 6705 6706 6707 6708 6709 6710 6711 6712 6713 6714 6715 6716 6717 6718 6719 6720 6721 6722 6723 6724 6725 6726 6727 6728 6729 6730 6731 6732 6733 6734 6735 6736 6737 6738 6739 6740 6741 6742 6743 6744 6745 6746 6747 6748 6749 6750 6751 6752 6753 6754 6755 6756 6757 6758 6759 6760 6761 6762 6763 6764 6765 6766 6767 6768 6769 6770 6771 6772 6773 6774 6775 6776 6777 6778 6779 6780 6781 6782 6783 6784 6785 6786 6787 6788 6789 6790 6791 6792 6793 6794 6795 6796 6797 6798 6799 6800 6801 6802 6803 6804 6805 6806 6807 6808 6809 6810 6811 6812 6813 6814 6815 6816 6817 6818 6819 6820 6821 6822 6823 6824 6825 6826 6827 6828 6829 6830 6831 6832 6833 6834 6835 6836 6837 6838 6839 6840 6841 6842 6843 6844 6845 6846 6847 6848 6849 6850 6851 6852 6853 6854 6855 6856 6857 6858 6859 6860 6861 6862 6863 6864 6865 6866 6867 6868 6869 6870 6871 6872 6873 6874 6875 6876 6877 6878 6879 6880 6881 6882 6883 6884 6885 6886 6887 6888 6889 6890 6891 6892 6893 6894 6895 6896 6897 6898 6899 6900 6901 6902 6903 6904 6905 6906 6907 6908 6909 6910 6911 6912 6913 6914 6915 6916 6917 6918 6919 6920 6921 6922 6923 6924 6925 6926 6927 6928 6929 6930 6931 6932 6933 6934 6935 6936 6937 6938 6939 6940 6941 6942 6943 6944 6945 6946 6947 6948 6949 6950 6951 6952 6953 6954 6955 6956 6957 6958 6959 6960 6961 6962 6963 6964 6965 6966 6967 6968 6969 6970 6971 6972 6973 6974 6975 6976 6977 6978 6979 6980 6981 6982 6983 6984 6985 6986 6987 6988 6989 6990 6991 6992 6993 6994 6995 6996 6997 6998 6999 7000 7001 7002 7003 7004 7005 7006 7007 7008 7009 7010 7011 7012 7013 7014 7015 7016 7017 7018 7019 7020 7021 7022 7023 7024 7025 7026 7027 7028 7029 7030 7031 7032 7033 7034 7035 7036 7037 7038 7039 7040 7041 7042 7043 7044 7045 7046 7047 7048 7049 7050 7051 7052 7053 7054 7055 7056 7057 7058 7059 7060 7061 7062 7063 7064 7065 7066 7067 7068 7069 7070 7071 7072 7073 7074 7075 7076 7077 7078 7079 7080 7081 7082 7083 7084 7085 7086 7087 7088 7089 7090 7091 7092 7093 7094 7095 7096 7097 7098 7099 7100 7101 7102 7103 7104 7105 7106 7107 7108 7109 7110 7111 7112 7113 7114 7115 7116 7117 7118 7119 7120 7121 7122 7123 7124 7125 7126 7127 7128 7129 7130 7131 7132 7133 7134 7135 7136 7137 7138 7139 7140 7141 7142 7143 7144 7145 7146 7147 7148 7149 7150 7151 7152 7153 7154 7155 7156 7157 7158 7159 7160 7161 7162 7163 7164 7165 7166 7167 7168 7169 7170 7171 7172 7173 7174 7175 7176 7177 7178 7179 7180 7181 7182 7183 7184 7185 7186 7187 7188 7189 7190 7191 7192 7193 7194 7195 7196 7197 7198 7199 7200 7201 7202 7203 7204 7205 7206 7207 7208 7209 7210 7211 7212 7213 7214 7215 7216 7217 7218 7219
###fch 7220 7221 7222 7223 7224 7225
###fch 7226 7227 7228 7229 7230 7231 7232 7233 7234 7235 7236 7237 7238 7239 7240 7241 7242 7243 7244 7245 7246 7247 7248 7249 7250 7251 7252 7253 7254 7255 7256 7257 7258 7259 7260 7261 7262 7263 7264 7265 7266 7267 7268 7269 7270 7271 7272 7273 7274 7275 7276 7277 7278 7279 7280 7281 7282 7283 7284 7285 7286 7287 7288 7289 7290 7291 7292 7293 7294 7295 7296 7297 7298 7299 7300 7301 7302 7303 7304 7305 7306 7307 7308 7309 7310 7311 7312 7313 7314 7315 7316 7317 7318 7319 7320 7321 7322 7323 7324 7325 7326 7327 7328 7329 7330 7331 7332 7333 7334 7335 7336 7337 7338 7339 7340 7341 7342 7343 7344 7345 7346 7347 7348 7349 7350 7351 7352 7353 7354 7355 7356 7357 7358 7359 7360 7361 7362 7363 7364 7365 7366 7367 7368 7369 7370 7371 7372 7373 7374 7375 7376 7377 7378 7379 7380 7381 7382 7383 7384 7385 7386 7387 5446 5447 5448 5449 5450 5451 5452 5453 5454 5455 5456 5457 5458 5459 5460 5461 5462 5463 5464 5465 5466 5467 5468 5469 5470 5471 5472 5473 5474 5475 5476 5477 5478 5479 5480 5481 5482 5483 5484 5485 5486 5487 5488 5489 5490 5491 5492 5493 5494 5495 5496 5497
###fch 7388 7389 7390 7391 7392 7393 7394 7395 7396 7397 7398 7399 7400 7401 7402 7403 7404 7405 7406 7407 7408 7409 7410 7411 7412 7413 7414 7415 7416 7417 7418 7419 7420 7421 7422 7423 7424 7425 7426 7427 7428 7429 7430 7431 7432 7433 7434 7435 7436 7437 7438 7439 7440 7441 7442 7443 7444 7445 7446 7447 7448 7449 7450 7451 7452 7453 7454 7455 7456 7457 7458 7459 7460 7461 7462 7463 7464 7465 7466 7467 7468 7469 7470 7471 7472 7473 7474 7475 7476 7477 7478 7479 7480 7481 7482 7483 7484 7485 7486 7487 7488 7489 7490 7491 7492 7493 7494 7495 7496 7497 7498 7499 7500 7501 7502 7503 7504 7505 7506 7507 7508 7509 7510 7511 7512 7513 7514 7515 7516 7517 7518 7519 7520 7521 7522 7523 7524 7525 7526 7527 7528 7529 7530 7531 7532 7533 7534 7535 7536 7537 7538 7539 7540 7541 7542 7543 7544 7545 7546 7547 7548 7549 5498 5499 5500 5501 5502 5503 5504 5505 5506 5507 5508 5509 5510 5511 5512 5513 5514 5515 5516 5517 5518 5519 5520 5521 5522 5523 5524 5525 5526 5527 5528 5529 5530 5531 5532 5533 5534 5535 5536 5537 5538 5539 5540 5541 5542 5543 5544 5545 5546 5547 5548 5549
###fch 7680 7681 7682 7683 7684 7685 7686 7687 7688 7617 7618 7619 7620 7621 7622 7623 7624 7625 7626 7627 7628 7629 7630 7631 7632 7633 7634 7635 7636 7637 7638 7639 7640 7641 7642 7643 7644 7645 7646 7647 7648 7649 7650 7651 7652 7653 7654 7655 7656 7657 7658 7659 7660 7661 7662 7663 7664 7665 7666 7667 7668 7669 7670 7671 7672 7673 7674 7675 7676 7677 7678 7679
###fch 7689 7690
###fch 7691 7692
###fch 7693 7694
###fch 7696 7695
###fch 7697 7698
###fch 7699 7700
###fch 7701 7702 7703 7704
###fch 7705 7706 7707 7708 7709 7710 7711 7712 7713 7714 7715 7716 7717 7718 7719 7720 7721 7722 7723 7724 7725 7726 7727 7728 7729 7730 7731 7732 7733 7734 7735 7736 7737 7738 7739 7740 7741 7742 7743 7744 7745 7746 7747 7748 7749 7750 7751 7752 7753 7754 7755 7756 7757 7758 7759 7760 7761 7762 7763 7764 7765 7766 7767 7768 7769 7770 7771 7772 7773 7774 7775 7776
###fch 1330 1331 1332 1333 1334 1335 1336 1337 1338 1339 1340 1341 1342 1343 1344 1345 1346 1347 1348 1349 1350 1351 1352 1353 1354 1355 1356 1357 1358 1359 1360 1361 1362 1363 1364 1365 1366 1367 1368 1369 1370 1371 1372 1373 1374 1375 1376 7777 7778 1377 1378 1379 1380 1381 1382 1383 1384 1385 1386 1387 1388 1389 1390 1391 1392 1393 1394 1395 1396 1397 1398 1399
###fch 7808 7809 7810 7811 7812 7813 7814 7815 7816 7817 7818 7819 7820 7779 7780 7781 7782 7783 7784 7785 7786 7787 7788 7789 7790 7791 7792 7793 7794 7795 7796 7797 7798 7799 7800 7801 7802 7803 7804 7805 7806 7807
###fch 7821 7822
###fch 7824 7823
###fch 7825 7826
###fch 7827 7828
###fch 7829 7830
###fch 7832 7831
###fch 7833 7834 7835 7836
###fch 7837 7838 7839 7840 7841 7842 7843 7844 7845 7846 7847 7848 7849 7850 7851 7852 7853 7854 7855 7856 7857 7858 7859 7860 7861 7862 7863 7864 7865 7866 7867 7868 7869 7870 7871 7872 7873 7874 7875 7876 7877 7878 7879 7880 7881 7882 7883 7884 7885 7886 7887 7888 7889 7890 7891 7892 7893 7894 7895 7896 7897 7898 7899 7900 7901 7902 7903 7904 7905 7906 7907 7908
###fch 1400 1401 1402 1403 1404 1405 1406 1407 1408 1409 1410 1411 1412 1413 1414 1415 1416 1417 1418 1419 1420 1421 1422 1423 1424 1425 1426 1427 1428 1429 1430 1431 1432 1433 1434 1435 1436 1437 1438 1439 1440 1441 1442 1443 1444 1445 1446 1447 1448 1449 1450 1451 1452 1453 1454 1455 1456 1457 1458 1459 1460 1461 1462 1463 1464 1465 7909 7910 7911 7912 7913 7914
###fch 7936 7937 7938 7939 7940 7941 7942 7943 7944 7945 7946 7947 7948 7949 7950 7951 7952 7953 7954 7955 7956 7915 7916 7917 7918 7919 7920 7921 7922 7923 7924 7925 7926 7927 7928 7929 7930 7931 7932 7933 7934 7935
###fch 4371 4372 7957 4373 4374 7959 4376 4377 4378 4379 4380 4381 4382 7960 7961 7965 7966 7963 7964 7968 7969 7970 7973 7971 7974 7975 7976 7977 7978 7979 7980 7981 7982 7983 7984 7985 7986 7987 7988 7989 7990 7991 7992 7993 7994 7996 7997 7998 7999 8001 8005 8006 8007 8008 8009 8010 8011 8012 8013 8014 8015 8016 8003 8004 8002 7958 7962 7967 7995 7972 8000 4375
###fch 8017 8018 8019 8020 8021 8022 8023 8024 8025 8026 8027 8028 8029 8030 8031 8032 8033 8034 8035 8036 8037 8038 4455 8040 8039 8041 8042 8043 4457 8045 8046 8048 4459 4458 8047 8050 8044 8053 8052 8049 8054 8055 8051 8059 8060 8061 8062 8056 8063 8064 8065 8066 8067 8068 8070 8071 8073 8074 8075 8076 8077 8078 8079 8072 4456 8069 4460 4461 4462 4463 8057 8058
###fch 8124 8125 8080 8081 8082 8083 8084 8085 8086 8087 8088 8089 8090 8091 8092 8093 8094 8095 8096 8097 8098 8099 8100 8101 8102 8103 8104 8105 8106 8107 8108 8109 8110 8111 8112 8113 8114 8115 8116 8117 8118 8119 4536 8121 8122 4539 4537 4540 4541 8127 4543 4544 4542 4538 8123 4549 4545 8126 4548 8137 4546 8136 4547 8134 8135 8131 8130 8128 8132 8133 8129 8120
###fch 8192 8193 8194 4622 4623 4624 4625 4626 4627 4628 4629 4630 4631 4632 4633 4634 4635 4636 8138 8139 8140 8141 8142 8143 8144 8145 8146 8147 8148 8149 8150 8151 8152 8153 8154 8155 8156 8157 8158 8159 8160 8161 8162 8163 8164 8165 8166 8167 8168 8169 8170 8171 8172 8173 8174 8175 8176 8177 8178 8179 8180 8181 8182 8183 8184 8185 8186 8187 8188 8189 8190 8191
###fch 8195 8196 8197 8198 8199 8200 8201 8202 8203 8204 8205 8206 8207 8208 8209 8210 8211 8212 8213 8214 8215 8216 8217 8218 8219 8220 8221 8222 8223 8224 8225 8226 8227 8228 8229 8230 8231 8232 8233 8234 8235 8236 8237 8238 8239 8240 8241 8242 8243 8244 8245 8246 8247 8248 8249 8250 8251 8252 8253 8254 8255 8256 8257 8258 8259 8260 8261 8262 8263 8264 8265 8266 8267 8268 8269 8270 8271 8272 8273 8274 8275 8276 8277 8278 8279 8280 8281 8282 8283 8284 8285 8286 8287 8288 8289 8290 8291 8292 8293 8294 8295 8296 8297 8298 8299 8300 8301 8302 8303 8304 8305 8306 8307 8308 8309 8310 8311 8312 8313 8314 8315 8316 8317 8318 8319 8320 8321 8322 8323 8324 8325 8326 8327 8328 8329 8330 8331 8332 8333 8334 8335 8336 8337 8338 8339 8340 8341 8342 8343 8344 8345 8346 8347 8348 8349 8350 8351 8352 8353 8354 8355 8356 8357 8358 8359 8360 8361 8362 8363 8364 8365 8366 8367 8368 8369 8370 8371 8372 8373 8374 8375 8376 8377 8378 8379 8380 8381 8382 8383 8384 8385 8386 8387 8388 8389 8390 8391 8392 8393 8394 8395 8396 8397 8398 8399 8400 8401 8402 8403 8404 8405 8406 8407 8408 8409 8410 8411 8412 8413 8414 8415 8416 8417 8418 8419 8420 8421 8422 8423 8424 8425 8426 8427 8428 8429 8430 8431 8432 8433 8434 8435 8436 8437 8438 8439 8440 8441 8442 8443 8444 8445 8446 8447
###fch 8448 8449 8450 8451 8452 8453 8454 8455 8456 8457 8458 8459 8460 8461 8462 8463 8464 8465 8466 8467 8468 8469 8470 8471 8472 8473 8474 8475 8476 8477 8478 8479 8480 8481 8482 8483 8484 8485 8486 8487 8488 8489 8490 8491 8492 8493 8494 8495 8496 8497 8498 8499 8500 8501 8502 8503 8504 8505 8506 8507 8508 8509 8510 8511 8512 8513 8514 8515 8516 8517 8518 8519 8520 8521 8522 8523 8524 8525 8526 8527
###fch 8528 8529 8530 8531 8532 8533 8534 8535 8536 8537 8538 8539 8540 8541 8542 8543 8544 8545 8546 8547 8548 8549 8550 8551 8552 8553 8554 8555 8556 8557 8558 8559 8560 8561 8562 8563 8564 8565 8566 8567 8568 8569 8570 8571 8572 8573 8574 8575 8576 8577 8578 8579 8580 8581 8582 8583 8584 8585 8586 8587 8588 8589 8590 8591 8592 8593 8594 8595 8596 8597 8598 8599 8600 8601 8602 8603 8604 8605 8606 8607 8608 8609 8610 8611 8612 8613 8614 8615 8616 8617 8618 8619 8620 8621 8622 8623 8624 8625 8626 8627 8628 8629 8630 8631 8632 8633 8634 8635 8636 8637 8638 8639 8640 8641
###fch 8704 8705 8706 8707 8708 8709 8710 8711 8712 8713 8714 8715 8716 8717 8718 8719 8720 8721 8722 8723 8724 8725 8726 8727 8728 8729 8730 8731 8732 8733 8734 8735 8736 8737 8738 8739 8740 8741 8742 8743 8744 8745 8746 8747 8748 8749 8750 8751 8752 8753 8754 8755 8756 8757 8758 8759 8642 8643 8644 8645 8646 8647 8648 8649 8650 8651 8652 8653 8654 8655 8656 8657 8658 8659 8660 8661 8662 8663 8664 8665 8666 8667 8668 8669 8670 8671 8672 8673 8674 8675 8676 8677 8678 8679 8680 8681 8682 8683 8684 8685 8686 8687 8688 8689 8690 8691 8692 8693 8694 8695 8696 8697 8698 8699 8700 8701 8702 8703
###fch 8760 8761 8762 8763 8764 8765 8766 8767 8768 8769 8770 8771 8772 8773 8774 8775 8776 8777 8778 8779 8780 8781 8782 8783 8784 8785 8786 8787 8788 8789 8790 8791 8792 8793 8794 8795 8796 8797 8798 8799 8800 8801 8802 8803 8804 8805 8806 8807 8808 8809 8810 8811 8812 8813 8814 8815 8816 8817 8818 8819 8820 8821 8822 8823 8824 8825 8826 8827 8828 8829 8830 8831 8832 8833 8834 8835 8836 8837 8838 8839 8840 8841 8842 8843 8844 8845 8846 8847 8848 8849 8850 8851 8852 8853 8854 8855 8856 8857 8858 8859 8860 8861 8862 8863 8864 8865 8866 8867 8868 8869 8870 8871 8872 8873 8874 8875 8876 8877 8878 8879 8880 8881
###fch 8960 8961 8962 8963 8964 8965 8966 8967 8968 8969 8970 8971 8972 8973 8974 8975 8976 8977 8978 8979 8980 8981 8982 8983 8984 8985 8986 8987 8988 8989 8990 8991 8992 8993 8994 8995 8996 8997 8882 8883 8884 8885 8886 8887 8888 8889 8890 8891 8892 8893 8894 8895 8896 8897 8898 8899 8900 8901 8902 8903 8904 8905 8906 8907 8908 8909 8910 8911 8912 8913 8914 8915 8916 8917 8918 8919 8920 8921 8922 8923 8924 8925 8926 8927 8928 8929 8930 8931 8932 8933 8934 8935 8936 8937 8938 8939 8940 8941 8942 8943 8944 8945 8946 8947 8948 8949 8950 8951 8952 8953 8954 8955 8956 8957 8958 8959
###fch 8998 8999 9000 9001 9002 9003 9004 9005 9006 9007 9008 9009 9010 9011 9012 9013 9014 9015 9016 9017 9018 9019 9020 9021 9022 9023 9024 9025 9026 9027 9028 9029 9030 9031 9032 9033 9034 9035 9036 9037 9038 9039 9040 9041 9042 9043 9044 9045 9046 9047 9048 9049 9050 9051 9052 9053 9054 9055 9056 9057 9058 9059 9060 9061 9062 9063 9064 9065 9066 9067 9068 9069 9070 9071 9072 9073 9074 9075 9076 9077 9078 9079 9080 9081 9082 9083 9084 9085 9086 9087 9088 9089 9090 9091 9092 9093 9094 9095 9096 9097 9098 9099 9100 9101 9102 9103 9104 9105 9106 9107 9108 9109 9110 9111 9112 9113 9114 9115 9116 9117
###fch 9118 9119 9120 9121 9122 9123 9124 9125 9126 9127 9128 9129 9130 9131 9132 9133 9134 9135 9136 9137 9138 9139 9140 9141 9142 9143 9144 9145 9146 9147 9148 9149 9150 9151 9152 9153 9154 9155 9156 9157 9158 9159 9160 9161 9162 9163 9164 9165 9166 9167 9168 9169 9170 9171 9172
###fch 9173 9174 9175 9176 9177 9178 9179 9180 9181 9182 9183 9184 9185 9186 9187 9188 9189 9190 9191 9192 9193 9194 9195 9196 9197 9198 9199 9200 9201 9202 9203 9204 9205 9206 9207 9208 9209 9210 9211 9212 9213 9214
###fch 9216 9217 9218 9219 7550 7551 7552 7553 7554 7555 7556 7557 7558 7559 7560 7561 7562 7563 7564 7565 7566 7567 7568 7569 7570 7571 7572 7573 7574 7575 7576 7577 7578 7579 7580 7581 7582 7583 7584 7585 7586 7587 7588 7589 7590 7591 7592 7593 7594 7595 7596 7597 7598 7599 7600 7601 7602 7603 7604 7605 7606 7607 7608 7609 7610 7611 7612 7613 7614 7615 7616 9215
###fch 9220 9221 9222 9223 9224 9225 9226 9227 9228 9229 9230 9231 9232 9233 9234 9235 9236 9237 9238 9239 9240 9241 9242 9243 9244 9245 9246 9247 9248 9249 9250 9251 9252 9253 9254 9255 9256 9257 9258 9259 9260 9261 9262 9263 9264 9265 9266 9267 9268 9269 9270 9271 9272 9273 9274 9275 9276 9277 9278 9279 9280 9281 9282 9283 9284 9285 9286 9287 9288 9289 9290 9291
###fch 9292 9293 9294 9295
###fch 9296 9297
###fch 9298 9299
###fch 9300 9301
###fch 9302 9303
###fch 9304 9305
###fch 9306 9307
###fch 9344 9345 9346 9347 9348 9349 9308 9309 9310 9311 9312 9313 9314 9315 9316 9317 9318 9319 9320 9321 9322 9323 9324 9325 9326 9327 9328 9329 9330 9331 9332 9333 9334 9335 9336 9337 9338 9339 9340 9341 9342 9343
###fch 9350 9351 9352 9353 9354 9355 9356 9357 9358 9359 9360 9361 9362 9363 9364 9365 9366 9367 9368 9369 9370 9371 9372 9373 9374 9375 9376 9377 9378 9379 9380 9381 9382 9383 9384 9385 9386 9387 9388 9389 9390 9391 9392 9393 9394 9395 9396 9397 9398 9399 9400 9401 9402 9403 9404 9405 9406 9407 9408 9409 9410 9411 9412 9413 9414 9415 9416 9417 9418 9419 9420 9421
###fch 9424 9425 9422 9423
###fch 9426 9427
###fch 9428 9429
###fch 9430 9431
###fch 9432 9433
###fch 9434 9435
###fch 9436 9437
###fch 9438 9439
###fch 9440 9441
###fch 9442 9443
###fch 9444 9445
###fch 9446 9447
###fch 9448 9449
###fch 9450 9451 9452 9453
###fch 9472 9473 9474 9475 9476 9477 9478 9479 9480 9481 9482 9483 9484 9485 9486 9487 9488 9489 9490 9491 9492 9493 9494 9495 9496 9497 9498 9499 9500 9501 9502 9503 9504 9505 9506 9507 9508 9509 9510 9511 9512 9513 9514 9515 9516 9517 9518 9519 9520 9521 9522 9523 9524 9525 9526 9454 9455 9456 9457 9458 9459 9460 9461 9462 9463 9464 9465 9466 9467 9468 9469 9470 9471
###fch 9527 9528 9529 9530 9531 9532 9533 9534 9535 9536 9537 9538 9539 9540 9541 9542 9543 9544 9545 9546 9547 9548 9549 9550 9551 9552 9553 9554 9555 9556 9557 9558 9559 9560 9561 9562 9563 9564 9565 9566 9567 9568 9569 9570 9571 9572 9573 9574 9575 9576 9577 9578 9579 9580 9581 9582 9583 9584 9585 9586 9587 9588 9589 9590 9591 9592 9593 9594 9595 9596 9597 9598 9599 9600
###fch 9601 9602 9603 9604 9605 9606 9607 9608 9609 9610 9611 9612 9613 9614 9615 9616 9617 9618 9619 9620 9621 9622 9623 9624 9625 9626 9627 9628 9629 9630 9631 9632 9633 9634 9635 9636 9637 9638 9639 9640 9641 9642
###fch 9643 9644
###fch 9645 9646
###fch 9648 9647
###fch 9649 9650
###fch 9651 9652
###fch 9653 9654
###fch 9655 9656 9657 9658
###fch 9728 9729 9730 9731 9659 9660 9661 9662 9663 9664 9665 9666 9667 9668 9669 9670 9671 9672 9673 9674 9675 9676 9677 9678 9679 9680 9681 9682 9683 9684 9685 9686 9687 9688 9689 9690 9691 9692 9693 9694 9695 9696 9697 9698 9699 9700 9701 9702 9703 9704 9705 9706 9707 9708 9709 9710 9711 9712 9713 9714 9715 9716 9717 9718 9719 9720 9721 9722 9723 9724 9725 9726 9727
###fch 9732 9733 9734 9735 9736 9737 9738 9739 9740 9741 9742 9743 9744 9745 9746 9747 9748 9749 9750 9751 9752 9753 9754 9755 9756 9757 9758 9759 9760 9761 9762 9763 9764 9765 1138 1139 1140 1141 1142 1143 1144 1145 1146 1147 1148 1149 1150 1151 1152 1153 1154 1155 1156 1157 1158 1159 1160 1161 1162 1163 1164 1165 1166 1167 1168 1169 1170 1171 1172 1173 1174 1175 1176 1177
###fch 9766 9767 9768 9769 9770 9771 9772 9773 9774 9775 9776 9777 9778 9779 9780 9781 9782 9783 9784 9785 9786 9787 9788 9789 9790 9791 9792 9793 9794 9795 9796 9797 9798 9799 9800 9801 9802 9803 9804 9805 9806 9807
###fch 9808 9809
###fch 9810 9811
###fch 9812 9813
###fch 9814 9815
###fch 9816 9817
###fch 9818 9819
###fch 9820 9821 9822 9823
###fch 9824 9825 9826 9827 9828 9829 9830 9831 9832 9833 9834 9835 9836 9837 9838 9839 9840 9841 9842 9843 9844 9845 9846 9847 9848 9849 9850 9851 9852 9853 9854 9855 9856 9857 9858 9859 9860 9861 9862 9863 9864 9865 9866 9867 9868 9869 9870 9871 9872 9873 9874 9875 9876 9877 9878 9879 9880 9881 9882 9883 9884 9885 9886 9887 9888 9889 9890 9891 9892 9893 9894 9895 9896
###fch 9929 1196 1197 9899 1178 1179 1180 1181 1182 1183 1184 1185 1186 1187 1188 1189 1190 1191 1192 9897 1193 1194 1195 9901 9900 9898 9904 1199 1200 1203 1201 9906 9902 1198 9903 9905 1202 1205 9907 1204 9908 1206 1208 1207 9922 9923 9924 9916 9926 9927 9925 9920 9928 9931 9932 9933 9934 9935 9936 9937 9938 9930 9912 1209 9913 9914 9909 9915 9910 9917 9918 9919 9911 9921
###fch 9939 9940 9941 9942 9943 9944 9945 9946 9947 9948 9949 9950 9951 9952 9953 9954 9955 9956 9957 9958 9959 9960 9961 9962 9963 9964 9965 9966 9967 9968 9969 9970 9971 9972 9973 9974 9975 9976 9977 9978 9979 9980
###fch 9981 9982
###fch 9984 9983
###fch 9985 9986
###fch 9987 9988
###fch 9989 9990 9991 9992
###fch 9993 9994 9995 9996 9997 9998 9999 10000 10001 10002 10003 10004 10005 10006 10007 10008 10009 10010 10011 10012 10013 10014 10015 10016 10017 10018 10019 10020 10021 10022 10023 10024 10025 10026 10027 10028 10029 10030 10031 10032 10033 10034 10035 10036 10037 10038 10039 10040 10041 10042 10043 10044 10045 10046 10047 10048 10049 10050 10051 10052 10053 10054 10055 10056 10057 10058 10059 10060 10061 10062 10063 10064 10065
###fch 10066 10067 10068 10069 10070 10071 10072 10073 10074 10075 10076 10077 10078 10079 10080 10081 10082 10083 10084 10085 10086 10087 10088 10089 10090 10091 10092 10093 10094 10095 10096 10097 1214 1215 1216 1217 1218 1219 1220 1221 1222 1223 1224 1225 1226 1227 1228 1229 1230 1231 1232 1233 1234 1235 1236 1237 1238 1239 1240 1241 1242 1243 1244 1245 1246 1247 1248 1249 1250 1251 1252 1253 1254 1255
###fch 10112 10113 10114 10115 10116 10117 10118 10119 10120 10121 10122 10123 10124 10125 10126 10127 10128 10129 10130 10131 10132 10133 10134 10135 10136 10137 10138 10139 10098 10099 10100 10101 10102 10103 10104 10105 10106 10107 10108 10109 10110 10111
###fch 10140 10141
###fch 10142 10143
###fch 10144 10145
###fch 10146 10147
###fch 10148 10149
###fch 10150 10151
###fch 10152 10153 10154 10155
###fch 10156 10157 10158 10159 10160 10161 10162 10163 10164 10165 10166 10167 10168 10169 10170 10171 10172 10173 10174 10175 10176 10177 10178 10179 10180 10181 10182 10183 10184 10185 10186 10187 10188 10189 10190 10191 10192 10193 10194 10195 10196 10197 10198 10199 10200 10201 10202 10203 10204 10205 10206 10207 10208 10209 10210 10211 10212 10213 10214 10215 10216 10217 10218 10219 10220 10221 10222 10223 10224 10225 10226 10227 10228
###fch 10240 10241 10242 10243 10244 10245 10246 10247 10248 10249 10250 10251 10252 10253 10254 10255 10256 10257 10258 10259 10260 10261 10262 10263 1276 10233 1278 10235 1280 1281 10237 1282 1274 1283 1272 10239 1284 1285 1286 1287 1288 1289 1290 1291 1292 1293 1294 1271 1269 1270 1256 1257 1258 1259 1260 1261 1262 1263 1264 1265 1266 1267 1268 10229 10230 10231 10232 1273 10234 1275 10236 1277 10238 1279
###fch 10264 10265 10266 10267 10268 10269 10270 10271 10272 10273 10274 10275 10276 10277 10278 10279 10280 10281 10282 10283 10284 10285 10286 10287 10288 10289 10290 10291 10292 10293 10294 10295 10296 10297 10298 10299 10300 10301 10302 10303 10304 10305
###fch 10306 10307
###fch 10308 10309
###fch 10310 10311
###fch 10312 10313
###fch 10314 10315
###fch 10316 10317
###fch 10320 10321 10318 10319
###fch 10322 10323 10324 10325 10326 10327 10328 10329 10330 10331 10332 10333 10334 10335 10336 10337 10338 10339 10340 10341 10342 10343 10344 10345 10346 10347 10348 10349 10350 10351 10352 10353 10354 10355 10356 10357 10358 10359 10360 10361 10362 10363 10364 10365 10366 10367 10368 10369 10370 10371 10372 10373 10374 10375 10376 10377 10378 10379 10380 10381 10382 10383 10384 10385 10386 10387 10388 10389 10390 10391 10392 10393 10394
###fch 1295 1296 1297 1298 1299 1300 1301 1302 1303 1304 1305 1306 1307 1308 1309 1310 1311 1312 1313 1314 1315 1316 1317 1318 1319 1320 1321 1322 1323 1324 1325 1326 1327 1328 1329 10395 10396 10397 10398 10399 10400 10401 10402 10403 10404 10405 10406 10407 10408 10409 10410 10411 10412 10413 10414 10415 10416 10417 10418 10419 10420 10421 10422 10423 10424 10425 10426 10427 10428 10429 10430 10431 10432 10433
###fch 10434 10435 10436 10437 10438 10439 10440 10441 10442 10443 10444 10445 10446 10447 10448 10449 10450 10451 10452 10453 10454 10455 10456 10457 10458 10459 10460 10461 10462 10463 10464 10465 10466 10467 10468 10469 10470 10471 10472 10473 10474 10475
###fch 10496 10497 10498 10499 10500 10501 10502 10503 10504 10505 10506 10507 10508 10509 10510 10511 10512 10513 10514 10487 10488 10483 10491 10479 1466 1467 1468 1469 1470 1471 1472 1473 1474 1475 1476 1477 1478 1479 1480 1481 1482 1483 1484 1485 1486 1487 1488 1489 1490 1491 1492 1493 1494 1495 1496 1497 1498 1499 1500 1501 1502 1503 1504 1505 1506 1507 1508 1509 1510 1511 1512 1513 1514 1515 10476 10477 1517 1516 1518 10481 10482 10480 1519 10485 1520 10478 10484 10489 10490 10486 10492 10493 10494 10495
###fch 10515 10516 10517 10518 10519 10520 10521 10522 10523 10524 10525 10526 10527 10528 10529 10530 10531 10532 10533 10534 10535 10536 10537 10538 10539 10540 10541 10542 10543 10544 10545 10546 10547 10548 10549 10550
###fch 10551 10552 10553 10554 10555 10556 10557 10558 10559 10560 10561 10562 10563 10564 10565 10566 10567 10568 10569 10570 10571 10572 10573 10574 10575 10576 10577 10578 10579 10580 10581 10582 10583 10584 10585 10586 10587 10588 10589 10590 10591 10592 10593 10594 10595 10596 10597 10598 10599 10600 10601 10602 10603 10604 10605 10606 10607 10608 10609 10610 10611 10612 10613 10614 10615 10616 10617 10618 10619 10620 10621 1521
###fch 10622 10623 10624 10625 10626 10627 10628 10629 10630 10631 10632 10633 10634 10635 10636 10637 10638 10639 10640 10641 10642 10643 10644 10645 10646 10647 10648 10649 10650 10651 10652 10653 10654 10655 10656 10657 10658 10659 10660 10661 10662 10663 10664 10665 10666 10667 10668 10669 10670 10671 10672 10673 10674 10675 10676 10677 10678 10679 10680 10681 10682 10683 10684 10685 10686 10687 10688 10689 10690 10691 10692 10693
###fch 10694 10695
###fch 10696 10697
###fch 10752 10753 10754 10755 10698 10699 10700 10701 10702 10703 10704 10705 10706 10707 10708 10709 10710 10711 10712 10713 10714 10715 10716 10717 10718 10719 10720 10721 10722 10723 10724 10725 10726 10727 10728 10729 10730 10731 10732 10733 10734 10735 10736 10737 10738 10739 10740 10741 10742 10743 10744 10745 10746 10747 10748 10749 10750 10751
###fch 10756 10757 10758 10759 10760 10761 10762 10763 10764 10765 10766 10767
###fch 10775 10768 10769 1522 10770 10771 10772 10773 10774 10776 10777 10778
###fch 2048 2049 2050 2051 2052 2053 2054 2055 2056 2057 2058 2059 2060 2061 2062 2063 2064 2065 2066 2067 2068 2069 2070 2071 2072 2073 2074 10779 2075 2076 2077 2078 2079 2080 2081 2082 2083 2084 2085 2086 2087 2088 2090 2091 2089 2092 2093 2018 2019 2020 2021 2022 2023 2024 2025 2026 2027 2028 2029 2030 2031 2032 2033 2034 2035 2036 2037 2038 2039 2040 2041 2042 2043 2044 2045 2046 2047
###fch 10780 10781 2094 2095 2096 2097 2098 2099 2100 2101 2102 2103 2104 2105 2106 2107 2108 2109 2110 2111 2112 2113 2114 2115 2116 2117 2118 2119 2120 2121 2122 2123 2124 2125 2126 2127 2128 2129 2130 2131 2132 2133 2134 2135 2136 2137 2138 2139 2140 2141 2142 2143 2144 2145 2146 2147 2148 2149 2150 2151 2152 2153 2154 2155 2156 2157 2158 2159 2160 2161 2162 2163 2164 2165 2166 2167 2168
###fch 2304 2305 2306 2307 2308 2309 2310 2311 2312 2313 2314 2315 2316 2317 2318 2319 2320 2321 2322 2323 2324 2325 2326 2327 2328 2329 2330 2331 2332 2333 10782 10783 2334 2335 2336 2337 2263 2264 2265 2266 2267 2268 2269 2270 2271 2272 2273 2274 2275 2276 2277 2278 2279 2280 2281 2282 2283 2284 2285 2286 2287 2288 2289 2290 2291 2292 2293 2294 2295 2296 2297 2298 2299 2300 2301 2302 2303
###fch 10784 2432 2433 2434 2435 2436 2437 2438 2439 2440 2441 2442 2443 2444 2445 2446 2447 2448 2449 2450 2451 2452 2453 2454 2455 2456 2457 2458 2459 2460 2461 2462 2463 2464 2465 2466 2467 2468 2469 2470 2471 2472 2473 2474 2475 2476 2477 2478 2479 2480 2481 2482 2483 2484 2485 2486 2487 2488 2489 2490 2491 2492 2493 2494 2495 2496 2497 2498 2499 2500 2501 2502 2503 2504 2505 2506 2507
###fch 10785 10786 10787 4899 4900 4901 4902 4903 4904 4905 4906 4907 4908 4909 4910 4911 4912 4913 4914 4915 4916 4917 4918 4919 4920 4921 4922 4923 4924 4925 4926 4927 4928 4929 4930 4931 4932 4933 4934 4935 4936 4937 4938 4939 4940 4941 4942 4943 4944 4945 4946 4947 4948 4949 4950 4951 4952 4953 4954 4955 4956 4957 4958 4960 4959 4961 4962 4963 4964 4965 4966 4967 4968 4969 4970 4971 4972 4973 4974 4975 4976 4977 4978 4979 4980 4981 4982 4983
###fch 5151 5152 5153 5154 5155 10788 5156 5157 5158 5159 5160 5161 5162 5163 5164 5165 5166 5167 5168 5169 5170 5171 5172 5173 5174 5175 5176 5177 5178 5179 5180 5181 5182 5183 5184 5185 5186 5187 5188 5189 5190 5191 5192 5193 5194 5196 5197 5195 5198 5199 5200 5201 5202 5203 5204 5205 5206 5207 5208 5209 5210 5211 5212 5213 5214 5215 5216 5217 5218 5219 5220 5221 5222 5223 5224 5225 5226
###fch 10789 10790 10791 10792 10793 10794 10795 10796 10797 10798 10799 10800 10801 10802 10803 10804 10805 10806 10807 10808 10809 10810 10811 10812 10813 10814 10815 10816 10817 10818 10819 10820 10821 10822 10823 10824 10825 10826 10827 10828 10829 10830
###fch 10831 10832 10833 10834 10835 10836 10837 10838 10839 10840 10841 10842 10843 10844 10845 10846 10847 10848 10849 10850 10851 10852 10853 10854 10855 10856 10857 10858 10859 10860 10861 10862 10863 10864 10865 10866 10867 10868 10869 10870 10871 10872 10873 10874 10875 10876 10877 10878 10879 10880 10881 10882 10883 10884 10885 10886 10887 10888 10889 10890 10891 10892 10893 10894 10895 10896 10897 10898 10899 10900 10901 10902 10903 10904
###fch 10905 10906 10907 10908 10909 10910 10911 10912 10913 10914 10915 10916 10917 10918 10919 10920 10921 10922 10923 10924 10925 10926 10927 10928 10929 10930 10931 10932 10933 10934 10935 10936 10937 10938 10939 10940 10941 10942 10943 10944 10945 10946 10947 10948 10949 10950 10951 10952 10953 10954 10955 10956 10957 10958 10959 10960 10961 10962 10963 10964 10965 10966 10967 10968 10969 10970 10971 10972 10973 10974 10975 10976 10977
###fch 10978 10979 10980 10981
###fch 10982 10983
###fch 10984 10985
###fch 10986 10987
###fch 10988 10989
###fch 10990 10991
###fch 10992 10993
###cch 64 82 83 85 87 89 93 97 101 98 94 90 88 86 84 81 65
###cch 91 95 99 100 96 92
###cch 2056 2061 2060 2062 2064 2066
###cch 2057 2058 2059 2063 2065 2067
###cch 2472 2474 2476 2478 2480 2481
###cch 2498 2500 2501 2503 2505 2507
###cch 2463 2482 2483 2484
###cch 2866 2879 2880 2881
###cch 2464 2493 2488 2487
###cch 2867 2890 2885 2884
###cch 2465 2466 2495 2486
###cch 2868 2869 2892 2883
###cch 2485 2468 2467 2489
###cch 2882 2871 2870 2886
###cch 2470 2469 2494 2490
###cch 2873 2872 2891 2887
###cch 2471 2496 2492 2491
###cch 2874 2893 2889 2888
###cch 2473 2475 2477 2479
###cch 2875 2876 2877 2878
###cch 4434 4708 4707 4706 4705 4704 4702 4700 4663
###cch 4631 4632 4633 4634 4635 4636 4637 4638 4639 4640 4643 4645 4647 4649 4651 4653 4655
###cch 4641 4642 4644 4646 4648 4650 4652 4654 4656 4657 4658 4659 4660 4661 4662 4664 4665 4666 4667 4668 4669 4670 4671 4673 4675 4677 4679 4681 4683 4685 4687 4689 4691 4693 4695 4712
###cch 4672 4722 4721 4720 4719 4718 4717 4716 4711 4710 4709 4715 4714 4713 4730 4729 4728 4727 4726 4725 4724 4723 4698 4697 4696 4694 4692 4690 4688 4686 4684 4682 4680 4678 4676 4674
###cch 4553 4614 4613 4612 4611 4610 4608 4606 4604
###cch 4603 4615 4616 4617 4618 4619 4620 4621 4622 4623 4624 4625 4626 4627 4628 4629 4630
###cch 5186 5187 5188 5189 5190 5191 5192 5193 5194 5195 5196 5221 5220 5219 5218 5217 5216 5215 5214 5213 5212 5211 5210 5209 5208 5207 5206 5205 5204 5203 5202 5201 5200 5199 5198 5197
###cch 5222 5223 5224 5225 5226 5227 5228 5229 5230 5231 5232 5257 5256 5255 5254 5253 5252 5251 5250 5249 5248 5247 5246 5245 5244 5243 5242 5241 5240 5239 5238 5237 5236 5235 5234 5233
###cch 517 661 660 659 658 657 656 655 654 653 652 651
###cch 517 519 520 662 663 664
###cch 521 548 547 546 545 544 543
###cch 521 549 552 557 561 562
###cch 522 551 550 553 554
###cch 525 526 527 534 535 536 537 538 539 540 541 542
###cch 525 533 532 531 530 529
###cch 555 556 604 605 606 607 608 609 611 612 613 614 615 617 618 619 620 622 623 624 625 626 627 629 630 631 632 634 636 638 640 642 644 646 648 649 647 645 643 641 639 637 635 633 628
###cch 555 602 601 600 599 598 597 596 595 594 593 592 591 590 589 588 587 586 585 584 560 559 558 563 564 565 566 568 570 572 574 576 578 580 582 583 581 579 577 575 573 571 569 567 562
###cch 603 610 616 621 628
###cch 650 523 522 551 550 553 554
###cch 682 752 750 748 746 744 742 740 738 736 734 732 730 728 726 724 722 720 718 716 714 712 710 708 706 704 702 700 698 696 694 692 690 688 686 684
###cch 4002 4045 4046 4047 4048 4049 4050 4051 4052 4053 4054 4055
###cch 4056 4057 4058 4059 4060 4061 4062 4063 4064 4065 4066 4067
###cch 4197 4236 4235 4234 4233 4232 4231 4230 4229 4228 4227 4226 4225 4224 4223 4222 4221 4220 4219 4218 4217 4216 4215 4214 4213 4212 4211 4210 4209 4208 4207 4206 4205 4204 4203 4202 4201 4200 4199 4198
###cch 4277 4316 4315 4314 4313 4312 4311 4310 4309 4308 4307 4306 4305 4304 4303 4302 4301 4300 4299 4298 4297 4296 4295 4294 4293 4292 4291 4290 4289 4288 4287 4286 4285 4284 4283 4282 4281 4280 4279 4278
###cch 5258 5260 5262 5263 5264 5265 5266 5267 5269 5270 5271 5272 5273 5274 5276 5277 5278 5279 5280 5281 5283 5284 5285 5286 5287 5288 5290 5291 5292 5293 5294 5295 5296 5297 5298 5299
###cch 3971 3974 3976 3978 3980 3983 3984 3985 3986 3987 3988 3982
###cch 3972 3973 3975 3977 3979 3994 3993 3992 3991 3990 3989 3981
###cch 1844 1848 1850 1852 1854 1856 1858 1860 1862 1864 1866 1868 1870 1872 1874 1876 1878 1880 1882 1884 1886 1888 1890 1892 1894 1896 1898 1900 1902 1904 1906 1908 1910 1912 1914 1916 1918 1920 1922 1924 1926 1928 1930 1932 1934 1936 1938 1940 1942 1944 1946 1948 1950 1952 1954 1956 1958 1960 1962 1964 1966 1968 1970 1972 1974 1976 1978
###cch 4431 4602 4601 4600 4599 4598 4597 4596 4595 4594 4593 4592 4591 4590 4589 4588 4587 4586 4585 4584 4583 4582 4581 4580 4579 4578 4577 4576 4575 4574 4573 4572 4571 4570 4569 4485 4486 4488 4490 4492 4494 4496 4498 4500 4502 4504 4506 4508 4510 4512 4514 4516 4518 4520 4522 4524 4526 4528 4530 4532 4534 4536 4538 4540 4542 4544 4546 4548 4550 4552
###cch 680 751 749 747 745 743 741 739 737 735 733 731 729 727 725 723 721 719 717 715 713 711 709 707 705 703 701 699 697 695 693 691 689 687 685 683 681
###cch 5300 5336 5335 5334 5333 5332 5331 5330 5329 5328 5327 5326 5325 5324 5323 5322 5321 5320 5319 5318 5317 5316 5315 5314 5313 5312 5311 5310 5309 5308 5307 5306 5305 5304 5303 5302 5301
###cch 753 754 755 756 757 758 759 760 761 762 763 764 765 766 767 768 769 770 771 772 773 774 775 776 777 778 779 780 781 782 783 784 785 786 787 788 789
###cch 4120 4195 4193 4191 4189 4187 4185 4183 4181 4180 4178 4176 4174 4172 4170 4168 4166 4164 4162 4160 4158 4156 4155 4153 4151 4149 4147 4145 4143 4141 4139 4137 4135 4133 4131 4129 4128 4126 4124 4122
###cch 4121 4196 4194 4192 4190 4188 4186 4184 4182 4179 4177 4175 4173 4171 4169 4167 4165 4163 4161 4159 4157 4154 4152 4150 4148 4146 4144 4142 4140 4138 4136 4134 4132 4130 4127 4125 4123
###cch 4237 4276 4275 4274 4273 4272 4271 4270 4269 4268 4267 4266 4265 4264 4263 4262 4261 4260 4259 4258 4257 4256 4255 4254 4253 4252 4251 4250 4249 4248 4247 4246 4245 4244 4243 4242 4241 4240 4239 4238
###cch 804 806 808 810 812 814 816 818 820 822 824 826 828 830 832 834 836 838 840 842 844 846 848 850 852 854 856 858 860 862 864 866 868 870 872 874
###cch 926 928 930 932 934 936 938 940 942 944 946 948 950 952 954 956 958 960 962 964 966 968 970 972 974 976 978 980 982 984 986 988 990 992 994 996
###cch 1048 1050 1052 1054 1056 1058 1060 1062 1064 1066 1068 1070 1072 1074 1076 1078 1080 1082 1084 1086 1088 1090 1092 1094 1096 1098 1100 1102 1104 1106 1108 1110 1112 1114 1116 1118
###cch 1170 1240 1238 1236 1234 1232 1230 1228 1226 1224 1222 1220 1218 1216 1214 1212 1210 1208 1206 1204 1202 1200 1198 1196 1194 1192 1190 1188 1186 1184 1182 1180 1178 1176 1174 1172
###cch 1292 1362 1360 1358 1356 1354 1352 1350 1348 1346 1344 1342 1340 1338 1336 1334 1332 1330 1328 1326 1324 1322 1320 1318 1316 1314 1312 1310 1308 1306 1304 1302 1300 1298 1296 1294
###cch 2075 2097 2096 2095 2094 2093 2092 2091 2081 2080 2079 2090 2089 2088 2087 2086 2085 2084 2083 2082 2078
###cch 2100 2122 2121 2120 2119 2118 2117 2116 2106 2105 2104 2115 2114 2113 2112 2111 2110 2109 2108 2107 2103
###cch 2128 2132 2133 2134 2135 2136 2137 2138 2139 2140 2129 2130 2131 2141 2142 2143 2144 2145 2146 2147 2125
###cch 2153 2157 2158 2159 2160 2161 2162 2163 2164 2165 2154 2155 2156 2166 2167 2168 2169 2170 2171 2172 2150
###cch 2174 2192 2189 2186 2176
###cch 2175 2200 2199 2198 2197 2196 2195 2194 2193 2191 2190 2188 2187 2185 2184 2183 2182 2181 2180 2179 2178
###cch 802 803 805 807 809 811 813 815 817 819 821 823 825 827 829 831 833 835 837 839 841 843 845 847 849 851 853 855 857 859 861 863 865 867 869 871 873
###cch 924 925 927 929 931 933 935 937 939 941 943 945 947 949 951 953 955 957 959 961 963 965 967 969 971 973 975 977 979 981 983 985 987 989 991 993 995
###cch 1046 1117 1115 1113 1111 1109 1107 1105 1103 1101 1099 1097 1095 1093 1091 1089 1087 1085 1083 1081 1079 1077 1075 1073 1071 1069 1067 1065 1063 1061 1059 1057 1055 1053 1051 1049 1047
###cch 1168 1169 1171 1173 1175 1177 1179 1181 1183 1185 1187 1189 1191 1193 1195 1197 1199 1201 1203 1205 1207 1209 1211 1213 1215 1217 1219 1221 1223 1225 1227 1229 1231 1233 1235 1237 1239
###cch 1290 1291 1293 1295 1297 1299 1301 1303 1305 1307 1309 1311 1313 1315 1317 1319 1321 1323 1325 1327 1329 1331 1333 1335 1337 1339 1341 1343 1345 1347 1349 1351 1353 1355 1357 1359 1361
###cch 875 876 877 878 879 880 881 882 883 884 885 886 887 888 889 890 891 892 893 894 895 896 897 898 899 900 901 902 903 904 905 906 907 908 909 910 911
###cch 997 998 999 1000 1001 1002 1003 1004 1005 1006 1007 1008 1009 1010 1011 1012 1013 1014 1015 1016 1017 1018 1019 1020 1021 1022 1023 1024 1025 1026 1027 1028 1029 1030 1031 1032 1033
###cch 1119 1155 1154 1153 1152 1151 1150 1149 1148 1147 1146 1145 1144 1143 1142 1141 1140 1139 1138 1137 1136 1135 1134 1133 1132 1131 1130 1129 1128 1127 1126 1125 1124 1123 1122 1121 1120
###cch 1241 1242 1243 1244 1245 1246 1247 1248 1249 1250 1251 1252 1253 1254 1255 1256 1257 1258 1259 1260 1261 1262 1263 1264 1265 1266 1267 1268 1269 1270 1271 1272 1273 1274 1275 1276 1277
###cch 1363 1364 1365 1366 1367 1368 1369 1370 1371 1372 1373 1374 1375 1376 1377 1378 1379 1380 1381 1382 1383 1384 1385 1386 1387 1388 1389 1390 1391 1392 1393 1394 1395 1396 1397 1398 1399
###cch 2201 2202 2203 2204 2205 2206 2207 2208 2209 2210 2211 2212 2213 2214 2215 2216 2217 2218 2219 2220 2221 2222 2223 2224 2225 2226 2227 2228 2229 2230 2231 2232 2233 2234 2235 2236 2237 2238 2239 2240
###cch 2241 2242 2243 2244 2245 2246 2247 2248 2249 2250 2251 2252 2253 2254 2255 2256 2257 2258 2259 2260 2261 2262 2263 2264 2265 2266 2267 2268 2269 2270 2271 2272 2273 2274 2275 2276 2277 2278 2279 2280
###cch 2281 2282 2283 2284 2285 2286 2287 2288 2289 2290 2291 2292 2293 2294 2295 2296 2297 2298 2299 2300 2301 2302 2303 2304 2305 2306 2307 2308 2309 2310 2311 2312 2313 2314 2315 2316 2317 2318 2319 2320
###cch 2352 2353 2354 2355 2356 2357 2358 2359 2360 2361 2362 2363 2364 2365 2366 2367 2368 2369 2370 2371 2372 2373 2374 2375 2376 2377 2378 2379 2380 2381 2382 2383 2384 2385 2386 2387 2388 2389 2390 2391
###cch 2423 2462 2461 2460 2459 2458 2457 2456 2455 2454 2453 2452 2451 2450 2449 2448 2447 2446 2445 2444 2443 2442 2441 2440 2439 2438 2437 2436 2435 2434 2433 2432 2431 2430 2429 2428 2427 2426 2425 2424
###cch 1846 1847 1849 1851 1853 1855 1857 1859 1861 1863 1865 1867 1869 1871 1873 1875 1877 1879 1881 1883 1885 1887 1889 1891 1893 1895 1897 1899 1901 1903 1905 1907 1909 1911 1913 1915 1917 1919 1921 1923 1925 1927 1929 1931 1933 1935 1937 1939 1941 1943 1945 1947 1949 1951 1953 1955 1957 1959 1961 1963 1965 1967 1969 1971 1973 1975 1977
###cch 1982 1983 1984 1985 1986 1987 1988 1989 1990 1991 1992 1993 1994 1995 1996 1997 1998 1999 2000 2001 2002 2003 2004 2005 2006 2007 2008 2009 2010 2011 2012 2013 2014 2015 2016 2017 2018 2019 2020 2021 2022 2023 2024 2025 2026 2027 2028 2029 2030 2031 2032 2033 2034 2035 2036 2037 2038 2039 2040 2041 2042 2043 2044 2045 2046 2047 2048 2049 2050 2051 2052
###cch 2072 3155 3154 3153 3152 3151 3150 3149 3148 3147 3146 3145 3144 3143 3142 3141 3140 3139 3138 3137 3136 3135 3134 3133 3132 3131 3130 3129 3128 3127 3126 3118 3119 3121 3122 3123 3124 3125 3101 3100 3099 3098 3097 3096 3095 3094 3093 3092 3091 3090 3089 3088 3087 3086 3085 3084 3083 3082 3081 3080 3079 3078 3077 3076 3075 3074 3073 3072 3071 3070 3069
###cch 2472 2720 2718 2716 2714 2712 2710 2708 2706 2705 2746 2750 2754 2757 2759 2658 2656 2654 2652 2650 2649 2760 2764 2768 2772 2776 2780 2784 2787 2789 2566 2564 2562 2560 2558 2556 2554 2552 2550 2548 2546 2544 2542 2540 2539 2790 2795 2797 2799 2801 2803 2805 2807 2809 2811 2813 2815 2817 2497 2498
###cch 2474 2721 2719 2717 2715 2713 2711 2709 2707 2704 2703 2747 2751 2755 2758 2660 2659 2657 2655 2653 2651 2648 2647 2761 2765 2769 2773 2777 2781 2785 2788 2568 2567 2565 2563 2561 2559 2557 2555 2553 2551 2549 2547 2545 2543 2541 2538 2537 2791 2794 2796 2798 2800 2802 2804 2806 2808 2810 2812 2814 2816 2818 2499 2500
###cch 2476 2722 2864 2862 2860 2858 2856 2854 2852 2850 2702 2701 2748 2752 2756 2662 2661 2688 2684 2680 2676 2672 2646 2645 2762 2766 2770 2774 2778 2782 2786 2570 2569 2848 2847 2843 2620 2616 2612 2608 2604 2600 2596 2592 2588 2584 2580 2536 2535 2792 2841 2840 2839 2838 2837 2836 2835 2834 2833 2832 2831 2830 2502 2501
###cch 2478 2723 2865 2863 2861 2859 2857 2855 2853 2851 2849 2700 2699 2749 2753 2664 2663 2691 2687 2683 2679 2675 2671 2644 2643 2763 2767 2771 2775 2779 2783 2572 2571 2846 2845 2844 2842 2619 2615 2611 2607 2603 2599 2595 2591 2587 2583 2579 2534 2533 2793 2829 2828 2827 2826 2825 2824 2823 2822 2821 2820 2819 2504 2503
###cch 2480 2724 2726 2728 2730 2732 2734 2736 2738 2740 2742 2744 2698 2697 2695 2666 2665 2693 2690 2686 2682 2678 2674 2670 2642 2641 2639 2637 2635 2633 2631 2574 2573 2629 2627 2625 2623 2621 2618 2614 2610 2606 2602 2598 2594 2590 2586 2582 2578 2532 2531 2529 2527 2525 2523 2521 2519 2517 2515 2513 2511 2509 2506 2505
###cch 2481 2725 2727 2729 2731 2733 2735 2737 2739 2741 2743 2745 2696 2668 2667 2694 2692 2689 2685 2681 2677 2673 2669 2640 2638 2636 2634 2632 2576 2575 2630 2628 2626 2624 2622 2617 2613 2609 2605 2601 2597 2593 2589 2585 2581 2577 2530 2528 2526 2524 2522 2520 2518 2516 2514 2512 2510 2508 2507
###cch 2894 3006 3004 3002 3000 2998 2996 2994 2992 2990 2988 2986 2985 2983 2981 2979 2977 2975 2973 2971 2969 2967 2965 2964 2962 2960 2958 2956 2954 2952 2950 2948 2946 2944 2942 2941 2939 2937 2935 2933 2931 2929 2927 2925 2923 2921 2920 2918 2916 2914 2912 2910 2908 2906 2904 2902 2900 2898 2896
###cch 2895 3005 3003 3001 2999 2997 2995 2993 2991 2989 2987 2984 2982 2980 2978 2976 2974 2972 2970 2968 2966 2963 2961 2959 2957 2955 2953 2951 2949 2947 2945 2943 2940 2938 2936 2934 2932 2930 2928 2926 2924 2922 2919 2917 2915 2913 2911 2909 2907 2905 2903 2901 2899 2897
###cch 4433 4450 4451 4452 4453 4454 4455 4456 4457 4458 4459 4460 4461 4462 4463 4464 4465 4466 4467 4468 4469 4470 4471 4472 4473 4474 4475 4476 4477 4478 4479 4480 4481 4482 4483 4484 4487 4489 4491 4493 4495 4497 4499 4501 4503 4505 4507 4509 4511 4513 4515 4517 4519 4521 4523 4525 4527 4529 4531 4533 4535 4537 4539 4541 4543 4545 4547 4549 4551
