# Blender v3.5.0 OBJ File: 'models.blend'
# www.blender.org
mtllib gripper_base.mtl
o gripper_base_gripper_base.002
v -0.012069 0.014871 0.021000
v -0.010810 0.015577 0.021000
v -0.012069 0.014871 0.023000
v -0.010810 0.015577 0.023000
v -0.009569 0.014840 0.021000
v -0.009569 0.014840 0.023000
v -0.009586 0.013397 0.021000
v -0.009586 0.013397 0.023000
v -0.010845 0.012691 0.021000
v -0.010845 0.012691 0.023000
v -0.012086 0.013428 0.021000
v -0.012086 0.013428 0.023000
v -0.013530 0.014645 0.021300
v -0.013235 0.014589 0.021000
v -0.013577 0.014168 0.021300
v -0.013277 0.014164 0.021000
v -0.013541 0.013690 0.021300
v -0.013245 0.013738 0.021000
v -0.013423 0.013225 0.021300
v -0.013140 0.013324 0.021000
v -0.013226 0.012788 0.021300
v -0.012964 0.012935 0.021000
v -0.012956 0.012392 0.021300
v -0.012723 0.012582 0.021000
v -0.012621 0.012049 0.021300
v -0.012425 0.012276 0.021000
v -0.012232 0.011769 0.021300
v -0.012078 0.012027 0.021000
v -0.011800 0.011561 0.021300
v -0.011694 0.011842 0.021000
v -0.011338 0.011432 0.021300
v -0.011283 0.011726 0.021000
v -0.010861 0.011384 0.021300
v -0.010858 0.011684 0.021000
v -0.010383 0.011420 0.021300
v -0.010432 0.011716 0.021000
v -0.009919 0.011538 0.021300
v -0.010018 0.011821 0.021000
v -0.009482 0.011736 0.021300
v -0.009629 0.011997 0.021000
v -0.009086 0.012006 0.021300
v -0.009276 0.012238 0.021000
v -0.008743 0.012340 0.021300
v -0.008970 0.012536 0.021000
v -0.008463 0.012730 0.021300
v -0.008721 0.012883 0.021000
v -0.008255 0.013162 0.021300
v -0.008536 0.013268 0.021000
v -0.008125 0.013623 0.021300
v -0.008420 0.013679 0.021000
v -0.008078 0.014100 0.021300
v -0.008378 0.014104 0.021000
v -0.008114 0.014578 0.021300
v -0.008410 0.014530 0.021000
v -0.008232 0.015043 0.021300
v -0.008515 0.014943 0.021000
v -0.008429 0.015480 0.021300
v -0.008691 0.015333 0.021000
v -0.008699 0.015876 0.021300
v -0.008932 0.015686 0.021000
v -0.009034 0.016219 0.021300
v -0.009230 0.015991 0.021000
v -0.009423 0.016498 0.021300
v -0.009577 0.016240 0.021000
v -0.009855 0.016706 0.021300
v -0.009961 0.016426 0.021000
v -0.010317 0.016836 0.021300
v -0.010373 0.016541 0.021000
v -0.010794 0.016884 0.021300
v -0.010797 0.016584 0.021000
v -0.011272 0.016848 0.021300
v -0.011223 0.016552 0.021000
v -0.011736 0.016729 0.021300
v -0.011637 0.016446 0.021000
v -0.012173 0.016532 0.021300
v -0.012026 0.016270 0.021000
v -0.012569 0.016262 0.021300
v -0.012379 0.016030 0.021000
v -0.012912 0.015927 0.021300
v -0.012685 0.015732 0.021000
v -0.013192 0.015538 0.021300
v -0.012934 0.015385 0.021000
v -0.013400 0.015106 0.021300
v -0.013119 0.015000 0.021000
v -0.013530 0.014645 0.024000
v -0.013577 0.014168 0.024000
v -0.013541 0.013690 0.024000
v -0.013423 0.013225 0.024000
v -0.013226 0.012788 0.024000
v -0.012956 0.012392 0.024000
v -0.012621 0.012049 0.024000
v -0.012232 0.011769 0.024000
v -0.011800 0.011561 0.024000
v -0.011338 0.011432 0.024000
v -0.010861 0.011384 0.024000
v -0.010383 0.011420 0.024000
v -0.009919 0.011538 0.024000
v -0.009482 0.011736 0.024000
v -0.009086 0.012006 0.024000
v -0.008743 0.012340 0.024000
v -0.008463 0.012730 0.024000
v -0.008255 0.013162 0.024000
v -0.008125 0.013623 0.024000
v -0.008078 0.014100 0.024000
v -0.008114 0.014578 0.024000
v -0.008232 0.015043 0.024000
v -0.008429 0.015480 0.024000
v -0.008699 0.015876 0.024000
v -0.009034 0.016219 0.024000
v -0.009423 0.016498 0.024000
v -0.009855 0.016706 0.024000
v -0.010317 0.016836 0.024000
v -0.010794 0.016884 0.024000
v -0.011272 0.016848 0.024000
v -0.011736 0.016729 0.024000
v -0.012173 0.016532 0.024000
v -0.012569 0.016262 0.024000
v -0.012912 0.015927 0.024000
v -0.013192 0.015538 0.024000
v -0.013400 0.015106 0.024000
v -0.024239 0.001019 0.024500
v -0.022981 0.001725 0.024500
v -0.024239 0.001019 0.026500
v -0.022981 0.001725 0.026500
v -0.021740 0.000988 0.024500
v -0.021740 0.000988 0.026500
v -0.021757 -0.000455 0.024500
v -0.021757 -0.000455 0.026500
v -0.023016 -0.001161 0.024500
v -0.023016 -0.001161 0.026500
v -0.024257 -0.000424 0.024500
v -0.024257 -0.000424 0.026500
v -0.025700 0.000793 0.024800
v -0.025406 0.000737 0.024500
v -0.025748 0.000316 0.024800
v -0.025448 0.000312 0.024500
v -0.025712 -0.000162 0.024800
v -0.025416 -0.000114 0.024500
v -0.025594 -0.000627 0.024800
v -0.025311 -0.000528 0.024500
v -0.025397 -0.001064 0.024800
v -0.025135 -0.000917 0.024500
v -0.025126 -0.001460 0.024800
v -0.024894 -0.001270 0.024500
v -0.024792 -0.001803 0.024800
v -0.024596 -0.001575 0.024500
v -0.024402 -0.002083 0.024800
v -0.024249 -0.001825 0.024500
v -0.023970 -0.002290 0.024800
v -0.023864 -0.002010 0.024500
v -0.023509 -0.002420 0.024800
v -0.023453 -0.002125 0.024500
v -0.023032 -0.002468 0.024800
v -0.023028 -0.002168 0.024500
v -0.022554 -0.002432 0.024800
v -0.022602 -0.002136 0.024500
v -0.022089 -0.002313 0.024800
v -0.022189 -0.002030 0.024500
v -0.021653 -0.002116 0.024800
v -0.021799 -0.001855 0.024500
v -0.021257 -0.001846 0.024800
v -0.021447 -0.001614 0.024500
v -0.020913 -0.001511 0.024800
v -0.021141 -0.001316 0.024500
v -0.020634 -0.001122 0.024800
v -0.020892 -0.000969 0.024500
v -0.020426 -0.000690 0.024800
v -0.020706 -0.000584 0.024500
v -0.020296 -0.000229 0.024800
v -0.020591 -0.000173 0.024500
v -0.020248 0.000248 0.024800
v -0.020548 0.000252 0.024500
v -0.020284 0.000726 0.024800
v -0.020580 0.000678 0.024500
v -0.020403 0.001191 0.024800
v -0.020686 0.001092 0.024500
v -0.020600 0.001628 0.024800
v -0.020862 0.001481 0.024500
v -0.020870 0.002024 0.024800
v -0.021102 0.001834 0.024500
v -0.021205 0.002367 0.024800
v -0.021401 0.002139 0.024500
v -0.021594 0.002647 0.024800
v -0.021747 0.002389 0.024500
v -0.022026 0.002854 0.024800
v -0.022132 0.002574 0.024500
v -0.022488 0.002984 0.024800
v -0.022543 0.002689 0.024500
v -0.022965 0.003032 0.024800
v -0.022968 0.002732 0.024500
v -0.023443 0.002996 0.024800
v -0.023394 0.002700 0.024500
v -0.023907 0.002877 0.024800
v -0.023808 0.002594 0.024500
v -0.024344 0.002680 0.024800
v -0.024197 0.002419 0.024500
v -0.024740 0.002410 0.024800
v -0.024550 0.002178 0.024500
v -0.025083 0.002075 0.024800
v -0.024856 0.001880 0.024500
v -0.025363 0.001686 0.024800
v -0.025105 0.001533 0.024500
v -0.025571 0.001254 0.024800
v -0.025290 0.001148 0.024500
v -0.025700 0.000793 0.027500
v -0.025748 0.000316 0.027500
v -0.025712 -0.000162 0.027500
v -0.025594 -0.000627 0.027500
v -0.025397 -0.001064 0.027500
v -0.025126 -0.001460 0.027500
v -0.024792 -0.001803 0.027500
v -0.024402 -0.002083 0.027500
v -0.023970 -0.002290 0.027500
v -0.023509 -0.002420 0.027500
v -0.023032 -0.002468 0.027500
v -0.022554 -0.002432 0.027500
v -0.022089 -0.002313 0.027500
v -0.021653 -0.002116 0.027500
v -0.021257 -0.001846 0.027500
v -0.020913 -0.001511 0.027500
v -0.020634 -0.001122 0.027500
v -0.020426 -0.000690 0.027500
v -0.020296 -0.000229 0.027500
v -0.020248 0.000248 0.027500
v -0.020284 0.000726 0.027500
v -0.020403 0.001191 0.027500
v -0.020600 0.001628 0.027500
v -0.020870 0.002024 0.027500
v -0.021205 0.002367 0.027500
v -0.021594 0.002647 0.027500
v -0.022026 0.002854 0.027500
v -0.022488 0.002984 0.027500
v -0.022965 0.003032 0.027500
v -0.023443 0.002996 0.027500
v -0.023907 0.002877 0.027500
v -0.024344 0.002680 0.027500
v -0.024740 0.002410 0.027500
v -0.025083 0.002075 0.027500
v -0.025363 0.001686 0.027500
v -0.025571 0.001254 0.027500
v -0.012412 -0.013127 0.021000
v -0.011153 -0.012421 0.021000
v -0.012412 -0.013127 0.023000
v -0.011153 -0.012421 0.023000
v -0.009912 -0.013158 0.021000
v -0.009912 -0.013158 0.023000
v -0.009930 -0.014601 0.021000
v -0.009930 -0.014601 0.023000
v -0.011189 -0.015307 0.021000
v -0.011189 -0.015307 0.023000
v -0.012430 -0.014570 0.021000
v -0.012430 -0.014570 0.023000
v -0.013873 -0.013353 0.021300
v -0.013578 -0.013409 0.021000
v -0.013921 -0.013830 0.021300
v -0.013621 -0.013834 0.021000
v -0.013885 -0.014308 0.021300
v -0.013589 -0.014260 0.021000
v -0.013766 -0.014773 0.021300
v -0.013483 -0.014674 0.021000
v -0.013569 -0.015210 0.021300
v -0.013307 -0.015063 0.021000
v -0.013299 -0.015606 0.021300
v -0.013067 -0.015416 0.021000
v -0.012964 -0.015949 0.021300
v -0.012769 -0.015721 0.021000
v -0.012575 -0.016229 0.021300
v -0.012422 -0.015971 0.021000
v -0.012143 -0.016437 0.021300
v -0.012037 -0.016156 0.021000
v -0.011682 -0.016566 0.021300
v -0.011626 -0.016271 0.021000
v -0.011205 -0.016614 0.021300
v -0.011201 -0.016314 0.021000
v -0.010727 -0.016578 0.021300
v -0.010775 -0.016282 0.021000
v -0.010262 -0.016460 0.021300
v -0.010361 -0.016176 0.021000
v -0.009825 -0.016262 0.021300
v -0.009972 -0.016001 0.021000
v -0.009429 -0.015992 0.021300
v -0.009619 -0.015760 0.021000
v -0.009086 -0.015657 0.021300
v -0.009313 -0.015462 0.021000
v -0.008806 -0.015268 0.021300
v -0.009064 -0.015115 0.021000
v -0.008598 -0.014836 0.021300
v -0.008879 -0.014730 0.021000
v -0.008469 -0.014375 0.021300
v -0.008763 -0.014319 0.021000
v -0.008421 -0.013898 0.021300
v -0.008721 -0.013894 0.021000
v -0.008457 -0.013420 0.021300
v -0.008753 -0.013468 0.021000
v -0.008575 -0.012955 0.021300
v -0.008858 -0.013054 0.021000
v -0.008773 -0.012518 0.021300
v -0.009034 -0.012665 0.021000
v -0.009043 -0.012122 0.021300
v -0.009275 -0.012312 0.021000
v -0.009377 -0.011779 0.021300
v -0.009573 -0.012007 0.021000
v -0.009767 -0.011500 0.021300
v -0.009920 -0.011757 0.021000
v -0.010199 -0.011292 0.021300
v -0.010305 -0.011572 0.021000
v -0.010660 -0.011162 0.021300
v -0.010716 -0.011457 0.021000
v -0.011137 -0.011114 0.021300
v -0.011141 -0.011414 0.021000
v -0.011615 -0.011150 0.021300
v -0.011567 -0.011446 0.021000
v -0.012080 -0.011269 0.021300
v -0.011980 -0.011552 0.021000
v -0.012517 -0.011466 0.021300
v -0.012370 -0.011727 0.021000
v -0.012913 -0.011736 0.021300
v -0.012723 -0.011968 0.021000
v -0.013256 -0.012071 0.021300
v -0.013028 -0.012266 0.021000
v -0.013535 -0.012460 0.021300
v -0.013277 -0.012613 0.021000
v -0.013743 -0.012892 0.021300
v -0.013463 -0.012998 0.021000
v -0.013873 -0.013353 0.024000
v -0.013921 -0.013830 0.024000
v -0.013885 -0.014308 0.024000
v -0.013766 -0.014773 0.024000
v -0.013569 -0.015210 0.024000
v -0.013299 -0.015606 0.024000
v -0.012964 -0.015949 0.024000
v -0.012575 -0.016229 0.024000
v -0.012143 -0.016437 0.024000
v -0.011682 -0.016566 0.024000
v -0.011205 -0.016614 0.024000
v -0.010727 -0.016578 0.024000
v -0.010262 -0.016460 0.024000
v -0.009825 -0.016262 0.024000
v -0.009429 -0.015992 0.024000
v -0.009086 -0.015657 0.024000
v -0.008806 -0.015268 0.024000
v -0.008598 -0.014836 0.024000
v -0.008469 -0.014375 0.024000
v -0.008421 -0.013898 0.024000
v -0.008457 -0.013420 0.024000
v -0.008575 -0.012955 0.024000
v -0.008773 -0.012518 0.024000
v -0.009043 -0.012122 0.024000
v -0.009377 -0.011779 0.024000
v -0.009767 -0.011500 0.024000
v -0.010199 -0.011292 0.024000
v -0.010660 -0.011162 0.024000
v -0.011137 -0.011114 0.024000
v -0.011615 -0.011150 0.024000
v -0.012080 -0.011269 0.024000
v -0.012517 -0.011466 0.024000
v -0.012913 -0.011736 0.024000
v -0.013256 -0.012071 0.024000
v -0.013535 -0.012460 0.024000
v -0.013743 -0.012892 0.024000
v 0.009586 -0.013397 0.021000
v 0.010845 -0.012691 0.021000
v 0.009586 -0.013397 0.023000
v 0.010845 -0.012691 0.023000
v 0.012086 -0.013428 0.021000
v 0.012086 -0.013428 0.023000
v 0.012069 -0.014871 0.021000
v 0.012069 -0.014871 0.023000
v 0.010810 -0.015577 0.021000
v 0.010810 -0.015577 0.023000
v 0.009569 -0.014840 0.021000
v 0.009569 -0.014840 0.023000
v 0.008125 -0.013623 0.021300
v 0.008420 -0.013679 0.021000
v 0.008078 -0.014100 0.021300
v 0.008378 -0.014104 0.021000
v 0.008114 -0.014578 0.021300
v 0.008410 -0.014530 0.021000
v 0.008232 -0.015043 0.021300
v 0.008515 -0.014943 0.021000
v 0.008429 -0.015480 0.021300
v 0.008691 -0.015333 0.021000
v 0.008699 -0.015876 0.021300
v 0.008932 -0.015686 0.021000
v 0.009034 -0.016219 0.021300
v 0.009230 -0.015991 0.021000
v 0.009423 -0.016498 0.021300
v 0.009577 -0.016240 0.021000
v 0.009855 -0.016706 0.021300
v 0.009961 -0.016426 0.021000
v 0.010317 -0.016836 0.021300
v 0.010373 -0.016541 0.021000
v 0.010794 -0.016884 0.021300
v 0.010797 -0.016584 0.021000
v 0.011272 -0.016848 0.021300
v 0.011223 -0.016552 0.021000
v 0.011736 -0.016729 0.021300
v 0.011637 -0.016446 0.021000
v 0.012173 -0.016532 0.021300
v 0.012026 -0.016270 0.021000
v 0.012569 -0.016262 0.021300
v 0.012379 -0.016030 0.021000
v 0.012912 -0.015927 0.021300
v 0.012685 -0.015732 0.021000
v 0.013192 -0.015538 0.021300
v 0.012934 -0.015385 0.021000
v 0.013400 -0.015106 0.021300
v 0.013119 -0.015000 0.021000
v 0.013530 -0.014645 0.021300
v 0.013235 -0.014589 0.021000
v 0.013577 -0.014168 0.021300
v 0.013277 -0.014164 0.021000
v 0.013541 -0.013690 0.021300
v 0.013245 -0.013738 0.021000
v 0.013423 -0.013225 0.021300
v 0.013140 -0.013324 0.021000
v 0.013226 -0.012788 0.021300
v 0.012964 -0.012935 0.021000
v 0.012956 -0.012392 0.021300
v 0.012723 -0.012582 0.021000
v 0.012621 -0.012049 0.021300
v 0.012425 -0.012276 0.021000
v 0.012232 -0.011769 0.021300
v 0.012078 -0.012027 0.021000
v 0.011800 -0.011561 0.021300
v 0.011694 -0.011842 0.021000
v 0.011338 -0.011432 0.021300
v 0.011283 -0.011726 0.021000
v 0.010861 -0.011384 0.021300
v 0.010858 -0.011684 0.021000
v 0.010383 -0.011420 0.021300
v 0.010432 -0.011716 0.021000
v 0.009919 -0.011538 0.021300
v 0.010018 -0.011821 0.021000
v 0.009482 -0.011736 0.021300
v 0.009629 -0.011997 0.021000
v 0.009086 -0.012006 0.021300
v 0.009276 -0.012238 0.021000
v 0.008743 -0.012340 0.021300
v 0.008970 -0.012536 0.021000
v 0.008463 -0.012730 0.021300
v 0.008721 -0.012883 0.021000
v 0.008255 -0.013162 0.021300
v 0.008536 -0.013268 0.021000
v 0.008125 -0.013623 0.024000
v 0.008078 -0.014100 0.024000
v 0.008114 -0.014578 0.024000
v 0.008232 -0.015043 0.024000
v 0.008429 -0.015480 0.024000
v 0.008699 -0.015876 0.024000
v 0.009034 -0.016219 0.024000
v 0.009423 -0.016498 0.024000
v 0.009855 -0.016706 0.024000
v 0.010317 -0.016836 0.024000
v 0.010794 -0.016884 0.024000
v 0.011272 -0.016848 0.024000
v 0.011736 -0.016729 0.024000
v 0.012173 -0.016532 0.024000
v 0.012569 -0.016262 0.024000
v 0.012912 -0.015927 0.024000
v 0.013192 -0.015538 0.024000
v 0.013400 -0.015106 0.024000
v 0.013530 -0.014645 0.024000
v 0.013577 -0.014168 0.024000
v 0.013541 -0.013690 0.024000
v 0.013423 -0.013225 0.024000
v 0.013226 -0.012788 0.024000
v 0.012956 -0.012392 0.024000
v 0.012621 -0.012049 0.024000
v 0.012232 -0.011769 0.024000
v 0.011800 -0.011561 0.024000
v 0.011338 -0.011432 0.024000
v 0.010861 -0.011384 0.024000
v 0.010383 -0.011420 0.024000
v 0.009919 -0.011538 0.024000
v 0.009482 -0.011736 0.024000
v 0.009086 -0.012006 0.024000
v 0.008743 -0.012340 0.024000
v 0.008463 -0.012730 0.024000
v 0.008255 -0.013162 0.024000
v 0.009930 0.014601 0.021000
v 0.011189 0.015307 0.021000
v 0.009930 0.014601 0.023000
v 0.011189 0.015307 0.023000
v 0.012430 0.014570 0.021000
v 0.012430 0.014570 0.023000
v 0.012412 0.013127 0.021000
v 0.012412 0.013127 0.023000
v 0.011153 0.012421 0.021000
v 0.011153 0.012421 0.023000
v 0.009912 0.013158 0.021000
v 0.009912 0.013158 0.023000
v 0.008469 0.014375 0.021300
v 0.008763 0.014319 0.021000
v 0.008421 0.013898 0.021300
v 0.008721 0.013894 0.021000
v 0.008457 0.013420 0.021300
v 0.008753 0.013468 0.021000
v 0.008575 0.012955 0.021300
v 0.008858 0.013054 0.021000
v 0.008773 0.012518 0.021300
v 0.009034 0.012665 0.021000
v 0.009043 0.012122 0.021300
v 0.009275 0.012312 0.021000
v 0.009377 0.011779 0.021300
v 0.009573 0.012007 0.021000
v 0.009767 0.011500 0.021300
v 0.009920 0.011757 0.021000
v 0.010199 0.011292 0.021300
v 0.010305 0.011572 0.021000
v 0.010660 0.011162 0.021300
v 0.010716 0.011457 0.021000
v 0.011137 0.011114 0.021300
v 0.011141 0.011414 0.021000
v 0.011615 0.011150 0.021300
v 0.011567 0.011446 0.021000
v 0.012080 0.011269 0.021300
v 0.011980 0.011552 0.021000
v 0.012517 0.011466 0.021300
v 0.012370 0.011727 0.021000
v 0.012913 0.011736 0.021300
v 0.012723 0.011968 0.021000
v 0.013256 0.012071 0.021300
v 0.013028 0.012266 0.021000
v 0.013535 0.012460 0.021300
v 0.013277 0.012613 0.021000
v 0.013743 0.012892 0.021300
v 0.013463 0.012998 0.021000
v 0.013873 0.013353 0.021300
v 0.013578 0.013409 0.021000
v 0.013921 0.013830 0.021300
v 0.013621 0.013834 0.021000
v 0.013885 0.014308 0.021300
v 0.013589 0.014260 0.021000
v 0.013766 0.014773 0.021300
v 0.013483 0.014674 0.021000
v 0.013569 0.015210 0.021300
v 0.013307 0.015063 0.021000
v 0.013299 0.015606 0.021300
v 0.013067 0.015416 0.021000
v 0.012964 0.015949 0.021300
v 0.012769 0.015721 0.021000
v 0.012575 0.016229 0.021300
v 0.012422 0.015971 0.021000
v 0.012143 0.016437 0.021300
v 0.012037 0.016156 0.021000
v 0.011682 0.016566 0.021300
v 0.011626 0.016271 0.021000
v 0.011205 0.016614 0.021300
v 0.011201 0.016314 0.021000
v 0.010727 0.016578 0.021300
v 0.010775 0.016282 0.021000
v 0.010262 0.016460 0.021300
v 0.010361 0.016176 0.021000
v 0.009825 0.016262 0.021300
v 0.009972 0.016001 0.021000
v 0.009429 0.015992 0.021300
v 0.009619 0.015760 0.021000
v 0.009086 0.015657 0.021300
v 0.009313 0.015462 0.021000
v 0.008806 0.015268 0.021300
v 0.009064 0.015115 0.021000
v 0.008598 0.014836 0.021300
v 0.008879 0.014730 0.021000
v 0.008469 0.014375 0.024000
v 0.008421 0.013898 0.024000
v 0.008457 0.013420 0.024000
v 0.008575 0.012955 0.024000
v 0.008773 0.012518 0.024000
v 0.009043 0.012122 0.024000
v 0.009377 0.011779 0.024000
v 0.009767 0.011500 0.024000
v 0.010199 0.011292 0.024000
v 0.010660 0.011162 0.024000
v 0.011137 0.011114 0.024000
v 0.011615 0.011150 0.024000
v 0.012080 0.011269 0.024000
v 0.012517 0.011466 0.024000
v 0.012913 0.011736 0.024000
v 0.013256 0.012071 0.024000
v 0.013535 0.012460 0.024000
v 0.013743 0.012892 0.024000
v 0.013873 0.013353 0.024000
v 0.013921 0.013830 0.024000
v 0.013885 0.014308 0.024000
v 0.013766 0.014773 0.024000
v 0.013569 0.015210 0.024000
v 0.013299 0.015606 0.024000
v 0.012964 0.015949 0.024000
v 0.012575 0.016229 0.024000
v 0.012143 0.016437 0.024000
v 0.011682 0.016566 0.024000
v 0.011205 0.016614 0.024000
v 0.010727 0.016578 0.024000
v 0.010262 0.016460 0.024000
v 0.009825 0.016262 0.024000
v 0.009429 0.015992 0.024000
v 0.009086 0.015657 0.024000
v 0.008806 0.015268 0.024000
v 0.008598 0.014836 0.024000
v 0.021757 0.000455 0.024500
v 0.023016 0.001161 0.024500
v 0.021757 0.000455 0.026500
v 0.023016 0.001161 0.026500
v 0.024257 0.000424 0.024500
v 0.024257 0.000424 0.026500
v 0.024239 -0.001019 0.024500
v 0.024239 -0.001019 0.026500
v 0.022981 -0.001725 0.024500
v 0.022981 -0.001725 0.026500
v 0.021740 -0.000988 0.024500
v 0.021740 -0.000988 0.026500
v 0.020296 0.000229 0.024800
v 0.020591 0.000173 0.024500
v 0.020248 -0.000248 0.024800
v 0.020548 -0.000252 0.024500
v 0.020284 -0.000726 0.024800
v 0.020580 -0.000678 0.024500
v 0.020403 -0.001191 0.024800
v 0.020686 -0.001092 0.024500
v 0.020600 -0.001628 0.024800
v 0.020862 -0.001481 0.024500
v 0.020870 -0.002024 0.024800
v 0.021102 -0.001834 0.024500
v 0.021205 -0.002367 0.024800
v 0.021401 -0.002139 0.024500
v 0.021594 -0.002647 0.024800
v 0.021747 -0.002389 0.024500
v 0.022026 -0.002854 0.024800
v 0.022132 -0.002574 0.024500
v 0.022488 -0.002984 0.024800
v 0.022543 -0.002689 0.024500
v 0.022965 -0.003032 0.024800
v 0.022968 -0.002732 0.024500
v 0.023443 -0.002996 0.024800
v 0.023394 -0.002700 0.024500
v 0.023907 -0.002877 0.024800
v 0.023808 -0.002594 0.024500
v 0.024344 -0.002680 0.024800
v 0.024197 -0.002419 0.024500
v 0.024740 -0.002410 0.024800
v 0.024550 -0.002178 0.024500
v 0.025083 -0.002075 0.024800
v 0.024856 -0.001880 0.024500
v 0.025363 -0.001686 0.024800
v 0.025105 -0.001533 0.024500
v 0.025571 -0.001254 0.024800
v 0.025290 -0.001148 0.024500
v 0.025700 -0.000793 0.024800
v 0.025406 -0.000737 0.024500
v 0.025748 -0.000316 0.024800
v 0.025448 -0.000312 0.024500
v 0.025712 0.000162 0.024800
v 0.025416 0.000114 0.024500
v 0.025594 0.000627 0.024800
v 0.025311 0.000528 0.024500
v 0.025397 0.001064 0.024800
v 0.025135 0.000917 0.024500
v 0.025126 0.001460 0.024800
v 0.024894 0.001270 0.024500
v 0.024792 0.001803 0.024800
v 0.024596 0.001575 0.024500
v 0.024402 0.002083 0.024800
v 0.024249 0.001825 0.024500
v 0.023970 0.002290 0.024800
v 0.023864 0.002010 0.024500
v 0.023509 0.002420 0.024800
v 0.023453 0.002125 0.024500
v 0.023032 0.002468 0.024800
v 0.023028 0.002168 0.024500
v 0.022554 0.002432 0.024800
v 0.022602 0.002136 0.024500
v 0.022089 0.002313 0.024800
v 0.022189 0.002030 0.024500
v 0.021653 0.002116 0.024800
v 0.021799 0.001855 0.024500
v 0.021257 0.001846 0.024800
v 0.021447 0.001614 0.024500
v 0.020913 0.001511 0.024800
v 0.021141 0.001316 0.024500
v 0.020634 0.001122 0.024800
v 0.020892 0.000969 0.024500
v 0.020426 0.000690 0.024800
v 0.020706 0.000584 0.024500
v 0.020296 0.000229 0.027500
v 0.020248 -0.000248 0.027500
v 0.020284 -0.000726 0.027500
v 0.020403 -0.001191 0.027500
v 0.020600 -0.001628 0.027500
v 0.020870 -0.002024 0.027500
v 0.021205 -0.002367 0.027500
v 0.021594 -0.002647 0.027500
v 0.022026 -0.002854 0.027500
v 0.022488 -0.002984 0.027500
v 0.022965 -0.003032 0.027500
v 0.023443 -0.002996 0.027500
v 0.023907 -0.002877 0.027500
v 0.024344 -0.002680 0.027500
v 0.024740 -0.002410 0.027500
v 0.025083 -0.002075 0.027500
v 0.025363 -0.001686 0.027500
v 0.025571 -0.001254 0.027500
v 0.025700 -0.000793 0.027500
v 0.025748 -0.000316 0.027500
v 0.025712 0.000162 0.027500
v 0.025594 0.000627 0.027500
v 0.025397 0.001064 0.027500
v 0.025126 0.001460 0.027500
v 0.024792 0.001803 0.027500
v 0.024402 0.002083 0.027500
v 0.023970 0.002290 0.027500
v 0.023509 0.002420 0.027500
v 0.023032 0.002468 0.027500
v 0.022554 0.002432 0.027500
v 0.022089 0.002313 0.027500
v 0.021653 0.002116 0.027500
v 0.021257 0.001846 0.027500
v 0.020913 0.001511 0.027500
v 0.020634 0.001122 0.027500
v 0.020426 0.000690 0.027500
v -0.003951 0.004049 0.031000
v -0.004451 0.004055 0.031000
v -0.003816 0.015048 0.031000
v -0.004124 0.030725 0.031000
v -0.003610 0.031796 0.031000
v -0.004957 0.031614 0.031000
v -0.005302 0.030543 0.031000
v -0.006294 0.031375 0.031000
v -0.006472 0.030317 0.031000
v -0.007620 0.031080 0.031000
v -0.007632 0.030046 0.031000
v -0.007632 0.030046 0.037000
v -0.007620 0.031080 0.037000
v -0.006054 0.030403 0.037000
v -0.004459 0.030678 0.037000
v -0.002852 0.030868 0.037000
v -0.005863 0.031458 0.037000
v -0.001238 0.030975 0.037000
v -0.004089 0.031738 0.037000
v 0.000380 0.030998 0.037000
v -0.002301 0.031917 0.037000
v -0.000506 0.031996 0.037000
v 0.001290 0.031974 0.037000
v 0.003083 0.031851 0.037000
v 0.004866 0.031628 0.037000
v 0.001997 0.030936 0.037000
v 0.006633 0.031305 0.037000
v 0.003609 0.030789 0.037000
v 0.008379 0.030883 0.037000
v 0.005210 0.030559 0.037000
v 0.006798 0.030246 0.037000
v 0.008367 0.029850 0.037000
v -0.007917 0.006839 0.032533
v -0.003917 0.006790 0.032533
v -0.007914 0.007098 0.032510
v -0.003914 0.007049 0.032510
v -0.007910 0.007356 0.032533
v -0.003911 0.007307 0.032533
v -0.007907 0.007607 0.032600
v -0.003908 0.007558 0.032600
v -0.007904 0.007843 0.032710
v -0.003905 0.007793 0.032710
v -0.007902 0.008055 0.032859
v -0.003902 0.008006 0.032859
v -0.007900 0.008239 0.033042
v -0.003900 0.008190 0.033042
v -0.007898 0.008388 0.033255
v -0.003898 0.008339 0.033255
v -0.007896 0.008498 0.033490
v -0.003897 0.008449 0.033490
v -0.007896 0.008565 0.033741
v -0.003896 0.008516 0.033741
v -0.007895 0.008587 0.034000
v -0.003896 0.008538 0.034000
v -0.007896 0.008565 0.034259
v -0.003896 0.008516 0.034259
v -0.007896 0.008498 0.034510
v -0.003897 0.008449 0.034510
v -0.007898 0.008388 0.034745
v -0.003898 0.008339 0.034745
v -0.007900 0.008239 0.034958
v -0.003900 0.008190 0.034958
v -0.007902 0.008055 0.035141
v -0.003902 0.008006 0.035141
v -0.007904 0.007843 0.035290
v -0.003905 0.007793 0.035290
v -0.007907 0.007607 0.035400
v -0.003908 0.007558 0.035400
v -0.007910 0.007356 0.035467
v -0.003911 0.007307 0.035467
v -0.007914 0.007098 0.035490
v -0.003914 0.007049 0.035490
v -0.007917 0.006839 0.035467
v -0.003917 0.006790 0.035467
v -0.007920 0.006588 0.035400
v -0.003920 0.006539 0.035400
v -0.007923 0.006353 0.035290
v -0.003923 0.006304 0.035290
v -0.007925 0.006140 0.035141
v -0.003926 0.006091 0.035141
v -0.007928 0.005956 0.034958
v -0.003928 0.005907 0.034958
v -0.007929 0.005807 0.034745
v -0.003930 0.005758 0.034745
v -0.007931 0.005698 0.034510
v -0.003931 0.005648 0.034510
v -0.007932 0.005630 0.034259
v -0.003932 0.005581 0.034259
v -0.007932 0.005608 0.034000
v -0.003932 0.005559 0.034000
v -0.007932 0.005630 0.033741
v -0.003932 0.005581 0.033741
v -0.007931 0.005698 0.033490
v -0.003931 0.005648 0.033490
v -0.007929 0.005807 0.033255
v -0.003930 0.005758 0.033255
v -0.007928 0.005956 0.033042
v -0.003928 0.005907 0.033042
v -0.007925 0.006140 0.032859
v -0.003926 0.006091 0.032859
v -0.007923 0.006353 0.032710
v -0.003923 0.006304 0.032710
v -0.007920 0.006588 0.032600
v -0.003920 0.006539 0.032600
v 0.008082 0.006641 0.035477
v 0.004082 0.006690 0.035477
v 0.008085 0.006901 0.035500
v 0.004086 0.006950 0.035500
v 0.008088 0.007162 0.035477
v 0.004089 0.007211 0.035477
v 0.008092 0.007414 0.035410
v 0.004092 0.007463 0.035410
v 0.008094 0.007651 0.035299
v 0.004095 0.007700 0.035299
v 0.008097 0.007865 0.035149
v 0.004097 0.007915 0.035149
v 0.008099 0.008050 0.034964
v 0.004100 0.008099 0.034964
v 0.008101 0.008200 0.034750
v 0.004101 0.008249 0.034750
v 0.008103 0.008311 0.034513
v 0.004103 0.008360 0.034513
v 0.008103 0.008378 0.034260
v 0.004104 0.008428 0.034260
v 0.008104 0.008401 0.034000
v 0.004104 0.008450 0.034000
v 0.008103 0.008378 0.033740
v 0.004104 0.008428 0.033740
v 0.008103 0.008311 0.033487
v 0.004103 0.008360 0.033487
v 0.008101 0.008200 0.033250
v 0.004101 0.008249 0.033250
v 0.008099 0.008050 0.033036
v 0.004100 0.008099 0.033036
v 0.008097 0.007865 0.032851
v 0.004097 0.007915 0.032851
v 0.008094 0.007651 0.032701
v 0.004095 0.007700 0.032701
v 0.008092 0.007414 0.032590
v 0.004092 0.007463 0.032590
v 0.008088 0.007162 0.032523
v 0.004089 0.007211 0.032523
v 0.008085 0.006901 0.032500
v 0.004086 0.006950 0.032500
v 0.008082 0.006641 0.032523
v 0.004082 0.006690 0.032523
v 0.008079 0.006388 0.032590
v 0.004079 0.006437 0.032590
v 0.008076 0.006151 0.032701
v 0.004076 0.006200 0.032701
v 0.008073 0.005937 0.032851
v 0.004074 0.005986 0.032851
v 0.008071 0.005752 0.033036
v 0.004071 0.005801 0.033036
v 0.008069 0.005602 0.033250
v 0.004070 0.005651 0.033250
v 0.008068 0.005492 0.033487
v 0.004068 0.005541 0.033487
v 0.008067 0.005424 0.033740
v 0.004067 0.005473 0.033740
v 0.008067 0.005401 0.034000
v 0.004067 0.005451 0.034000
v 0.008067 0.005424 0.034260
v 0.004067 0.005473 0.034260
v 0.008068 0.005492 0.034513
v 0.004068 0.005541 0.034513
v 0.008069 0.005602 0.034750
v 0.004070 0.005651 0.034750
v 0.008071 0.005752 0.034964
v 0.004071 0.005801 0.034964
v 0.008073 0.005937 0.035149
v 0.004074 0.005986 0.035149
v 0.008076 0.006151 0.035299
v 0.004076 0.006200 0.035299
v 0.008079 0.006388 0.035410
v 0.004079 0.006437 0.035410
v 0.000456 0.019241 0.032000
v 0.000221 0.017999 0.032760
v 0.000236 0.019263 0.032000
v 0.000866 0.019086 0.032000
v 0.000668 0.019181 0.032000
v 0.001199 0.018800 0.032000
v 0.001045 0.018957 0.032000
v 0.001414 0.018417 0.032000
v 0.001323 0.018617 0.032000
v 0.001485 0.017983 0.032000
v 0.001469 0.018203 0.032000
v 0.001404 0.017552 0.032000
v 0.001463 0.017764 0.032000
v 0.001179 0.017174 0.032000
v 0.001308 0.017353 0.032000
v 0.000839 0.016896 0.032000
v 0.001022 0.017020 0.032000
v 0.000425 0.016751 0.032000
v 0.000639 0.016805 0.032000
v -0.000014 0.016756 0.032000
v 0.000205 0.016734 0.032000
v -0.000425 0.016911 0.032000
v -0.000226 0.016816 0.032000
v -0.000758 0.017198 0.032000
v -0.000604 0.017040 0.032000
v -0.000973 0.017581 0.032000
v -0.000882 0.017380 0.032000
v -0.001044 0.018014 0.032000
v -0.001027 0.017794 0.032000
v -0.000962 0.018446 0.032000
v -0.001022 0.018233 0.032000
v -0.000738 0.018823 0.032000
v -0.000867 0.018644 0.032000
v -0.000398 0.019101 0.032000
v -0.000580 0.018977 0.032000
v 0.000016 0.019247 0.032000
v -0.000197 0.019192 0.032000
v 0.000016 0.019247 0.028000
v 0.000236 0.019263 0.028000
v 0.000456 0.019241 0.028000
v 0.000668 0.019181 0.028000
v 0.000866 0.019086 0.028000
v 0.001045 0.018957 0.028000
v 0.001199 0.018800 0.028000
v 0.001323 0.018617 0.028000
v 0.001414 0.018417 0.028000
v 0.001469 0.018203 0.028000
v 0.001485 0.017983 0.028000
v 0.001463 0.017764 0.028000
v 0.001404 0.017552 0.028000
v 0.001308 0.017353 0.028000
v 0.001179 0.017174 0.028000
v 0.001022 0.017020 0.028000
v 0.000839 0.016896 0.028000
v 0.000639 0.016805 0.028000
v 0.000425 0.016751 0.028000
v 0.000205 0.016734 0.028000
v -0.000014 0.016756 0.028000
v -0.000226 0.016816 0.028000
v -0.000425 0.016911 0.028000
v -0.000604 0.017040 0.028000
v -0.000758 0.017198 0.028000
v -0.000882 0.017380 0.028000
v -0.000973 0.017581 0.028000
v -0.001027 0.017794 0.028000
v -0.001044 0.018014 0.028000
v -0.001022 0.018233 0.028000
v -0.000962 0.018446 0.028000
v -0.000867 0.018644 0.028000
v -0.000738 0.018823 0.028000
v -0.000580 0.018977 0.028000
v -0.000398 0.019101 0.028000
v -0.000197 0.019192 0.028000
v 0.000456 0.019241 0.020000
v 0.000456 0.019241 0.024000
v 0.000236 0.019263 0.020000
v 0.000236 0.019263 0.024000
v 0.000016 0.019247 0.020000
v 0.000016 0.019247 0.024000
v -0.000197 0.019192 0.020000
v -0.000197 0.019192 0.024000
v -0.000398 0.019101 0.020000
v -0.000398 0.019101 0.024000
v -0.000580 0.018977 0.020000
v -0.000580 0.018977 0.024000
v -0.000738 0.018823 0.020000
v -0.000738 0.018823 0.024000
v -0.000867 0.018644 0.020000
v -0.000867 0.018644 0.024000
v -0.000962 0.018446 0.020000
v -0.000962 0.018446 0.024000
v -0.001022 0.018233 0.020000
v -0.001022 0.018233 0.024000
v -0.001044 0.018014 0.020000
v -0.001044 0.018014 0.024000
v -0.001027 0.017794 0.020000
v -0.001027 0.017794 0.024000
v -0.000973 0.017581 0.020000
v -0.000973 0.017581 0.024000
v -0.000882 0.017380 0.020000
v -0.000882 0.017380 0.024000
v -0.000758 0.017198 0.020000
v -0.000758 0.017198 0.024000
v -0.000604 0.017040 0.020000
v -0.000604 0.017040 0.024000
v -0.000425 0.016911 0.020000
v -0.000425 0.016911 0.024000
v -0.000226 0.016816 0.020000
v -0.000226 0.016816 0.024000
v -0.000014 0.016756 0.020000
v -0.000014 0.016756 0.024000
v 0.000205 0.016734 0.020000
v 0.000205 0.016734 0.024000
v 0.000425 0.016751 0.020000
v 0.000425 0.016751 0.024000
v 0.000639 0.016805 0.020000
v 0.000639 0.016805 0.024000
v 0.000839 0.016896 0.020000
v 0.000839 0.016896 0.024000
v 0.001022 0.017020 0.020000
v 0.001022 0.017020 0.024000
v 0.001179 0.017174 0.020000
v 0.001179 0.017174 0.024000
v 0.001308 0.017353 0.020000
v 0.001308 0.017353 0.024000
v 0.001404 0.017552 0.020000
v 0.001404 0.017552 0.024000
v 0.001463 0.017764 0.020000
v 0.001463 0.017764 0.024000
v 0.001485 0.017983 0.020000
v 0.001485 0.017983 0.024000
v 0.001469 0.018203 0.020000
v 0.001469 0.018203 0.024000
v 0.001414 0.018417 0.020000
v 0.001414 0.018417 0.024000
v 0.001323 0.018617 0.020000
v 0.001323 0.018617 0.024000
v 0.001199 0.018800 0.020000
v 0.001199 0.018800 0.024000
v 0.001045 0.018957 0.020000
v 0.001045 0.018957 0.024000
v 0.000866 0.019086 0.020000
v 0.000866 0.019086 0.024000
v 0.000668 0.019181 0.020000
v 0.000668 0.019181 0.024000
v 0.000578 0.029240 0.032000
v 0.000343 0.027998 0.032760
v 0.000359 0.029262 0.032000
v 0.000989 0.029085 0.032000
v 0.000790 0.029181 0.032000
v 0.001322 0.028799 0.032000
v 0.001168 0.028957 0.032000
v 0.001537 0.028416 0.032000
v 0.001446 0.028617 0.032000
v 0.001608 0.027982 0.032000
v 0.001591 0.028202 0.032000
v 0.001526 0.027551 0.032000
v 0.001586 0.027763 0.032000
v 0.001302 0.027173 0.032000
v 0.001431 0.027352 0.032000
v 0.000962 0.026895 0.032000
v 0.001144 0.027019 0.032000
v 0.000548 0.026750 0.032000
v 0.000761 0.026804 0.032000
v 0.000108 0.026755 0.032000
v 0.000328 0.026733 0.032000
v -0.000302 0.026911 0.032000
v -0.000104 0.026815 0.032000
v -0.000635 0.027197 0.032000
v -0.000481 0.027039 0.032000
v -0.000850 0.027580 0.032000
v -0.000759 0.027379 0.032000
v -0.000921 0.028013 0.032000
v -0.000905 0.027794 0.032000
v -0.000840 0.028445 0.032000
v -0.000899 0.028233 0.032000
v -0.000615 0.028823 0.032000
v -0.000744 0.028644 0.032000
v -0.000275 0.029101 0.032000
v -0.000458 0.028976 0.032000
v 0.000139 0.029246 0.032000
v -0.000075 0.029191 0.032000
v 0.000139 0.029246 0.028000
v 0.000359 0.029262 0.028000
v 0.000578 0.029240 0.028000
v 0.000790 0.029181 0.028000
v 0.000989 0.029085 0.028000
v 0.001168 0.028957 0.028000
v 0.001322 0.028799 0.028000
v 0.001446 0.028617 0.028000
v 0.001537 0.028416 0.028000
v 0.001591 0.028202 0.028000
v 0.001608 0.027982 0.028000
v 0.001586 0.027763 0.028000
v 0.001526 0.027551 0.028000
v 0.001431 0.027352 0.028000
v 0.001302 0.027173 0.028000
v 0.001144 0.027019 0.028000
v 0.000962 0.026895 0.028000
v 0.000761 0.026804 0.028000
v 0.000548 0.026750 0.028000
v 0.000328 0.026733 0.028000
v 0.000108 0.026755 0.028000
v -0.000104 0.026815 0.028000
v -0.000302 0.026911 0.028000
v -0.000481 0.027039 0.028000
v -0.000635 0.027197 0.028000
v -0.000759 0.027379 0.028000
v -0.000850 0.027580 0.028000
v -0.000905 0.027794 0.028000
v -0.000921 0.028013 0.028000
v -0.000899 0.028233 0.028000
v -0.000840 0.028445 0.028000
v -0.000744 0.028644 0.028000
v -0.000615 0.028823 0.028000
v -0.000458 0.028976 0.028000
v -0.000275 0.029101 0.028000
v -0.000075 0.029191 0.028000
v 0.000578 0.029240 0.020000
v 0.000578 0.029240 0.024000
v 0.000359 0.029262 0.020000
v 0.000359 0.029262 0.024000
v 0.000139 0.029246 0.020000
v 0.000139 0.029246 0.024000
v -0.000075 0.029191 0.020000
v -0.000075 0.029191 0.024000
v -0.000275 0.029101 0.020000
v -0.000275 0.029101 0.024000
v -0.000458 0.028976 0.020000
v -0.000458 0.028976 0.024000
v -0.000615 0.028823 0.020000
v -0.000615 0.028823 0.024000
v -0.000744 0.028644 0.020000
v -0.000744 0.028644 0.024000
v -0.000840 0.028445 0.020000
v -0.000840 0.028445 0.024000
v -0.000899 0.028233 0.020000
v -0.000899 0.028233 0.024000
v -0.000921 0.028013 0.020000
v -0.000921 0.028013 0.024000
v -0.000905 0.027794 0.020000
v -0.000905 0.027794 0.024000
v -0.000850 0.027580 0.020000
v -0.000850 0.027580 0.024000
v -0.000759 0.027379 0.020000
v -0.000759 0.027379 0.024000
v -0.000635 0.027197 0.020000
v -0.000635 0.027197 0.024000
v -0.000481 0.027039 0.020000
v -0.000481 0.027039 0.024000
v -0.000302 0.026911 0.020000
v -0.000302 0.026911 0.024000
v -0.000104 0.026815 0.020000
v -0.000104 0.026815 0.024000
v 0.000108 0.026755 0.020000
v 0.000108 0.026755 0.024000
v 0.000328 0.026733 0.020000
v 0.000328 0.026733 0.024000
v 0.000548 0.026750 0.020000
v 0.000548 0.026750 0.024000
v 0.000761 0.026804 0.020000
v 0.000761 0.026804 0.024000
v 0.000962 0.026895 0.020000
v 0.000962 0.026895 0.024000
v 0.001144 0.027019 0.020000
v 0.001144 0.027019 0.024000
v 0.001302 0.027173 0.020000
v 0.001302 0.027173 0.024000
v 0.001431 0.027352 0.020000
v 0.001431 0.027352 0.024000
v 0.001526 0.027551 0.020000
v 0.001526 0.027551 0.024000
v 0.001586 0.027763 0.020000
v 0.001586 0.027763 0.024000
v 0.001608 0.027982 0.020000
v 0.001608 0.027982 0.024000
v 0.001591 0.028202 0.020000
v 0.001591 0.028202 0.024000
v 0.001537 0.028416 0.020000
v 0.001537 0.028416 0.024000
v 0.001446 0.028617 0.020000
v 0.001446 0.028617 0.024000
v 0.001322 0.028799 0.020000
v 0.001322 0.028799 0.024000
v 0.001168 0.028957 0.020000
v 0.001168 0.028957 0.024000
v 0.000989 0.029085 0.020000
v 0.000989 0.029085 0.024000
v 0.000790 0.029181 0.020000
v 0.000790 0.029181 0.024000
v 0.004184 0.014950 0.020000
v 0.004389 0.031698 0.020000
v -0.003816 0.015048 0.020000
v -0.003610 0.031796 0.020000
v -0.002013 0.031937 0.020000
v -0.000410 0.031997 0.020000
v 0.001194 0.031978 0.020000
v 0.002795 0.031878 0.020000
v 0.004389 0.031698 0.031000
v 0.005730 0.031483 0.031000
v 0.007061 0.031211 0.031000
v 0.008379 0.030883 0.031000
v -0.003951 0.004049 0.037000
v -0.007950 0.004098 0.037000
v -0.007950 0.004098 0.031000
v 0.008048 0.003902 0.031000
v 0.008048 0.003902 0.037000
v 0.004549 0.003945 0.031000
v 0.004049 0.003951 0.037000
v 0.004049 0.003951 0.031000
v -0.003816 0.015048 0.037000
v 0.004184 0.014950 0.037000
v 0.004184 0.014950 0.031000
v 0.008367 0.029850 0.031000
v 0.004876 0.030614 0.031000
v 0.006049 0.030404 0.031000
v 0.007213 0.030149 0.031000
v -0.008048 -0.003902 0.031000
v -0.004549 -0.003945 0.031000
v -0.008048 -0.003902 0.037000
v -0.004049 -0.003951 0.037000
v 0.003951 -0.004049 0.037000
v 0.007950 -0.004098 0.037000
v 0.003816 -0.015048 0.037000
v -0.004184 -0.014950 0.037000
v 0.003951 -0.004049 0.031000
v 0.004451 -0.004055 0.031000
v 0.003816 -0.015048 0.031000
v 0.004124 -0.030725 0.031000
v 0.003610 -0.031796 0.031000
v 0.004957 -0.031614 0.031000
v 0.005302 -0.030543 0.031000
v 0.006294 -0.031375 0.031000
v 0.006472 -0.030317 0.031000
v 0.007620 -0.031080 0.031000
v 0.007632 -0.030046 0.031000
v 0.007632 -0.030046 0.037000
v 0.007620 -0.031080 0.037000
v 0.006054 -0.030403 0.037000
v 0.004459 -0.030678 0.037000
v 0.002852 -0.030868 0.037000
v 0.005863 -0.031458 0.037000
v 0.001238 -0.030975 0.037000
v 0.004089 -0.031738 0.037000
v -0.000380 -0.030998 0.037000
v 0.002301 -0.031917 0.037000
v 0.000506 -0.031996 0.037000
v -0.001290 -0.031974 0.037000
v -0.003083 -0.031851 0.037000
v -0.004866 -0.031628 0.037000
v -0.001997 -0.030936 0.037000
v -0.006633 -0.031305 0.037000
v -0.003609 -0.030789 0.037000
v -0.008379 -0.030883 0.037000
v -0.005210 -0.030559 0.037000
v -0.006798 -0.030246 0.037000
v -0.008367 -0.029850 0.037000
v 0.007917 -0.006839 0.032533
v 0.003917 -0.006790 0.032533
v 0.007914 -0.007098 0.032510
v 0.003914 -0.007049 0.032510
v 0.007910 -0.007356 0.032533
v 0.003911 -0.007307 0.032533
v 0.007907 -0.007607 0.032600
v 0.003908 -0.007558 0.032600
v 0.007904 -0.007843 0.032710
v 0.003905 -0.007793 0.032710
v 0.007902 -0.008055 0.032859
v 0.003902 -0.008006 0.032859
v 0.007900 -0.008239 0.033042
v 0.003900 -0.008190 0.033042
v 0.007898 -0.008388 0.033255
v 0.003898 -0.008339 0.033255
v 0.007896 -0.008498 0.033490
v 0.003897 -0.008449 0.033490
v 0.007896 -0.008565 0.033741
v 0.003896 -0.008516 0.033741
v 0.007895 -0.008587 0.034000
v 0.003896 -0.008538 0.034000
v 0.007896 -0.008565 0.034259
v 0.003896 -0.008516 0.034259
v 0.007896 -0.008498 0.034510
v 0.003897 -0.008449 0.034510
v 0.007898 -0.008388 0.034745
v 0.003898 -0.008339 0.034745
v 0.007900 -0.008239 0.034958
v 0.003900 -0.008190 0.034958
v 0.007902 -0.008055 0.035141
v 0.003902 -0.008006 0.035141
v 0.007904 -0.007843 0.035290
v 0.003905 -0.007793 0.035290
v 0.007907 -0.007607 0.035400
v 0.003908 -0.007558 0.035400
v 0.007910 -0.007356 0.035467
v 0.003911 -0.007307 0.035467
v 0.007914 -0.007098 0.035490
v 0.003914 -0.007049 0.035490
v 0.007917 -0.006839 0.035467
v 0.003917 -0.006790 0.035467
v 0.007920 -0.006588 0.035400
v 0.003920 -0.006539 0.035400
v 0.007923 -0.006353 0.035290
v 0.003923 -0.006304 0.035290
v 0.007925 -0.006140 0.035141
v 0.003926 -0.006091 0.035141
v 0.007928 -0.005956 0.034958
v 0.003928 -0.005907 0.034958
v 0.007929 -0.005807 0.034745
v 0.003930 -0.005758 0.034745
v 0.007931 -0.005698 0.034510
v 0.003931 -0.005648 0.034510
v 0.007932 -0.005630 0.034259
v 0.003932 -0.005581 0.034259
v 0.007932 -0.005608 0.034000
v 0.003932 -0.005559 0.034000
v 0.007932 -0.005630 0.033741
v 0.003932 -0.005581 0.033741
v 0.007931 -0.005698 0.033490
v 0.003931 -0.005648 0.033490
v 0.007929 -0.005807 0.033255
v 0.003930 -0.005758 0.033255
v 0.007928 -0.005956 0.033042
v 0.003928 -0.005907 0.033042
v 0.007925 -0.006140 0.032859
v 0.003926 -0.006091 0.032859
v 0.007923 -0.006353 0.032710
v 0.003923 -0.006304 0.032710
v 0.007920 -0.006588 0.032600
v 0.003920 -0.006539 0.032600
v -0.008082 -0.006641 0.035477
v -0.004082 -0.006690 0.035477
v -0.008085 -0.006901 0.035500
v -0.004086 -0.006950 0.035500
v -0.008088 -0.007162 0.035477
v -0.004089 -0.007211 0.035477
v -0.008092 -0.007414 0.035410
v -0.004092 -0.007463 0.035410
v -0.008094 -0.007651 0.035299
v -0.004095 -0.007700 0.035299
v -0.008097 -0.007865 0.035149
v -0.004097 -0.007915 0.035149
v -0.008099 -0.008050 0.034964
v -0.004100 -0.008099 0.034964
v -0.008101 -0.008200 0.034750
v -0.004101 -0.008249 0.034750
v -0.008103 -0.008311 0.034513
v -0.004103 -0.008360 0.034513
v -0.008103 -0.008378 0.034260
v -0.004104 -0.008428 0.034260
v -0.008104 -0.008401 0.034000
v -0.004104 -0.008450 0.034000
v -0.008103 -0.008378 0.033740
v -0.004104 -0.008428 0.033740
v -0.008103 -0.008311 0.033487
v -0.004103 -0.008360 0.033487
v -0.008101 -0.008200 0.033250
v -0.004101 -0.008249 0.033250
v -0.008099 -0.008050 0.033036
v -0.004100 -0.008099 0.033036
v -0.008097 -0.007865 0.032851
v -0.004097 -0.007915 0.032851
v -0.008094 -0.007651 0.032701
v -0.004095 -0.007700 0.032701
v -0.008092 -0.007414 0.032590
v -0.004092 -0.007463 0.032590
v -0.008088 -0.007162 0.032523
v -0.004089 -0.007211 0.032523
v -0.008085 -0.006901 0.032500
v -0.004086 -0.006950 0.032500
v -0.008082 -0.006641 0.032523
v -0.004082 -0.006690 0.032523
v -0.008079 -0.006388 0.032590
v -0.004079 -0.006437 0.032590
v -0.008076 -0.006151 0.032701
v -0.004076 -0.006200 0.032701
v -0.008073 -0.005937 0.032851
v -0.004074 -0.005986 0.032851
v -0.008071 -0.005752 0.033036
v -0.004071 -0.005801 0.033036
v -0.008069 -0.005602 0.033250
v -0.004070 -0.005651 0.033250
v -0.008068 -0.005492 0.033487
v -0.004068 -0.005541 0.033487
v -0.008067 -0.005424 0.033740
v -0.004067 -0.005473 0.033740
v -0.008067 -0.005401 0.034000
v -0.004067 -0.005451 0.034000
v -0.008067 -0.005424 0.034260
v -0.004067 -0.005473 0.034260
v -0.008068 -0.005492 0.034513
v -0.004068 -0.005541 0.034513
v -0.008069 -0.005602 0.034750
v -0.004070 -0.005651 0.034750
v -0.008071 -0.005752 0.034964
v -0.004071 -0.005801 0.034964
v -0.008073 -0.005937 0.035149
v -0.004074 -0.005986 0.035149
v -0.008076 -0.006151 0.035299
v -0.004076 -0.006200 0.035299
v -0.008079 -0.006388 0.035410
v -0.004079 -0.006437 0.035410
v -0.000456 -0.019241 0.032000
v -0.000221 -0.017999 0.032760
v -0.000236 -0.019263 0.032000
v -0.000866 -0.019086 0.032000
v -0.000668 -0.019181 0.032000
v -0.001199 -0.018800 0.032000
v -0.001045 -0.018957 0.032000
v -0.001414 -0.018417 0.032000
v -0.001323 -0.018617 0.032000
v -0.001485 -0.017983 0.032000
v -0.001469 -0.018203 0.032000
v -0.001404 -0.017552 0.032000
v -0.001463 -0.017764 0.032000
v -0.001179 -0.017174 0.032000
v -0.001308 -0.017353 0.032000
v -0.000839 -0.016896 0.032000
v -0.001022 -0.017020 0.032000
v -0.000425 -0.016751 0.032000
v -0.000639 -0.016805 0.032000
v 0.000014 -0.016756 0.032000
v -0.000205 -0.016734 0.032000
v 0.000425 -0.016911 0.032000
v 0.000226 -0.016816 0.032000
v 0.000758 -0.017198 0.032000
v 0.000604 -0.017040 0.032000
v 0.000973 -0.017581 0.032000
v 0.000882 -0.017380 0.032000
v 0.001044 -0.018014 0.032000
v 0.001027 -0.017794 0.032000
v 0.000962 -0.018446 0.032000
v 0.001022 -0.018233 0.032000
v 0.000738 -0.018823 0.032000
v 0.000867 -0.018644 0.032000
v 0.000398 -0.019101 0.032000
v 0.000580 -0.018977 0.032000
v -0.000016 -0.019247 0.032000
v 0.000197 -0.019192 0.032000
v -0.000016 -0.019247 0.028000
v -0.000236 -0.019263 0.028000
v -0.000456 -0.019241 0.028000
v -0.000668 -0.019181 0.028000
v -0.000866 -0.019086 0.028000
v -0.001045 -0.018957 0.028000
v -0.001199 -0.018800 0.028000
v -0.001323 -0.018617 0.028000
v -0.001414 -0.018417 0.028000
v -0.001469 -0.018203 0.028000
v -0.001485 -0.017983 0.028000
v -0.001463 -0.017764 0.028000
v -0.001404 -0.017552 0.028000
v -0.001308 -0.017353 0.028000
v -0.001179 -0.017174 0.028000
v -0.001022 -0.017020 0.028000
v -0.000839 -0.016896 0.028000
v -0.000639 -0.016805 0.028000
v -0.000425 -0.016751 0.028000
v -0.000205 -0.016734 0.028000
v 0.000014 -0.016756 0.028000
v 0.000226 -0.016816 0.028000
v 0.000425 -0.016911 0.028000
v 0.000604 -0.017040 0.028000
v 0.000758 -0.017198 0.028000
v 0.000882 -0.017380 0.028000
v 0.000973 -0.017581 0.028000
v 0.001027 -0.017794 0.028000
v 0.001044 -0.018014 0.028000
v 0.001022 -0.018233 0.028000
v 0.000962 -0.018446 0.028000
v 0.000867 -0.018644 0.028000
v 0.000738 -0.018823 0.028000
v 0.000580 -0.018977 0.028000
v 0.000398 -0.019101 0.028000
v 0.000197 -0.019192 0.028000
v -0.000456 -0.019241 0.020000
v -0.000456 -0.019241 0.024000
v -0.000236 -0.019263 0.020000
v -0.000236 -0.019263 0.024000
v -0.000016 -0.019247 0.020000
v -0.000016 -0.019247 0.024000
v 0.000197 -0.019192 0.020000
v 0.000197 -0.019192 0.024000
v 0.000398 -0.019101 0.020000
v 0.000398 -0.019101 0.024000
v 0.000580 -0.018977 0.020000
v 0.000580 -0.018977 0.024000
v 0.000738 -0.018823 0.020000
v 0.000738 -0.018823 0.024000
v 0.000867 -0.018644 0.020000
v 0.000867 -0.018644 0.024000
v 0.000962 -0.018446 0.020000
v 0.000962 -0.018446 0.024000
v 0.001022 -0.018233 0.020000
v 0.001022 -0.018233 0.024000
v 0.001044 -0.018014 0.020000
v 0.001044 -0.018014 0.024000
v 0.001027 -0.017794 0.020000
v 0.001027 -0.017794 0.024000
v 0.000973 -0.017581 0.020000
v 0.000973 -0.017581 0.024000
v 0.000882 -0.017380 0.020000
v 0.000882 -0.017380 0.024000
v 0.000758 -0.017198 0.020000
v 0.000758 -0.017198 0.024000
v 0.000604 -0.017040 0.020000
v 0.000604 -0.017040 0.024000
v 0.000425 -0.016911 0.020000
v 0.000425 -0.016911 0.024000
v 0.000226 -0.016816 0.020000
v 0.000226 -0.016816 0.024000
v 0.000014 -0.016756 0.020000
v 0.000014 -0.016756 0.024000
v -0.000205 -0.016734 0.020000
v -0.000205 -0.016734 0.024000
v -0.000425 -0.016751 0.020000
v -0.000425 -0.016751 0.024000
v -0.000639 -0.016805 0.020000
v -0.000639 -0.016805 0.024000
v -0.000839 -0.016896 0.020000
v -0.000839 -0.016896 0.024000
v -0.001022 -0.017020 0.020000
v -0.001022 -0.017020 0.024000
v -0.001179 -0.017174 0.020000
v -0.001179 -0.017174 0.024000
v -0.001308 -0.017353 0.020000
v -0.001308 -0.017353 0.024000
v -0.001404 -0.017552 0.020000
v -0.001404 -0.017552 0.024000
v -0.001463 -0.017764 0.020000
v -0.001463 -0.017764 0.024000
v -0.001485 -0.017983 0.020000
v -0.001485 -0.017983 0.024000
v -0.001469 -0.018203 0.020000
v -0.001469 -0.018203 0.024000
v -0.001414 -0.018417 0.020000
v -0.001414 -0.018417 0.024000
v -0.001323 -0.018617 0.020000
v -0.001323 -0.018617 0.024000
v -0.001199 -0.018800 0.020000
v -0.001199 -0.018800 0.024000
v -0.001045 -0.018957 0.020000
v -0.001045 -0.018957 0.024000
v -0.000866 -0.019086 0.020000
v -0.000866 -0.019086 0.024000
v -0.000668 -0.019181 0.020000
v -0.000668 -0.019181 0.024000
v -0.000578 -0.029240 0.032000
v -0.000343 -0.027998 0.032760
v -0.000359 -0.029262 0.032000
v -0.000989 -0.029085 0.032000
v -0.000790 -0.029181 0.032000
v -0.001322 -0.028799 0.032000
v -0.001168 -0.028957 0.032000
v -0.001537 -0.028416 0.032000
v -0.001446 -0.028617 0.032000
v -0.001608 -0.027982 0.032000
v -0.001591 -0.028202 0.032000
v -0.001526 -0.027551 0.032000
v -0.001586 -0.027763 0.032000
v -0.001302 -0.027173 0.032000
v -0.001431 -0.027352 0.032000
v -0.000962 -0.026895 0.032000
v -0.001144 -0.027019 0.032000
v -0.000548 -0.026750 0.032000
v -0.000761 -0.026804 0.032000
v -0.000108 -0.026755 0.032000
v -0.000328 -0.026733 0.032000
v 0.000302 -0.026911 0.032000
v 0.000104 -0.026815 0.032000
v 0.000635 -0.027197 0.032000
v 0.000481 -0.027039 0.032000
v 0.000850 -0.027580 0.032000
v 0.000759 -0.027379 0.032000
v 0.000921 -0.028013 0.032000
v 0.000905 -0.027794 0.032000
v 0.000840 -0.028445 0.032000
v 0.000899 -0.028233 0.032000
v 0.000615 -0.028823 0.032000
v 0.000744 -0.028644 0.032000
v 0.000275 -0.029101 0.032000
v 0.000458 -0.028976 0.032000
v -0.000139 -0.029246 0.032000
v 0.000075 -0.029191 0.032000
v -0.000139 -0.029246 0.028000
v -0.000359 -0.029262 0.028000
v -0.000578 -0.029240 0.028000
v -0.000790 -0.029181 0.028000
v -0.000989 -0.029085 0.028000
v -0.001168 -0.028957 0.028000
v -0.001322 -0.028799 0.028000
v -0.001446 -0.028617 0.028000
v -0.001537 -0.028416 0.028000
v -0.001591 -0.028202 0.028000
v -0.001608 -0.027982 0.028000
v -0.001586 -0.027763 0.028000
v -0.001526 -0.027551 0.028000
v -0.001431 -0.027352 0.028000
v -0.001302 -0.027173 0.028000
v -0.001144 -0.027019 0.028000
v -0.000962 -0.026895 0.028000
v -0.000761 -0.026804 0.028000
v -0.000548 -0.026750 0.028000
v -0.000328 -0.026733 0.028000
v -0.000108 -0.026755 0.028000
v 0.000104 -0.026815 0.028000
v 0.000302 -0.026911 0.028000
v 0.000481 -0.027039 0.028000
v 0.000635 -0.027197 0.028000
v 0.000759 -0.027379 0.028000
v 0.000850 -0.027580 0.028000
v 0.000905 -0.027794 0.028000
v 0.000921 -0.028013 0.028000
v 0.000899 -0.028233 0.028000
v 0.000840 -0.028445 0.028000
v 0.000744 -0.028644 0.028000
v 0.000615 -0.028823 0.028000
v 0.000458 -0.028976 0.028000
v 0.000275 -0.029101 0.028000
v 0.000075 -0.029191 0.028000
v -0.000578 -0.029240 0.020000
v -0.000578 -0.029240 0.024000
v -0.000359 -0.029262 0.020000
v -0.000359 -0.029262 0.024000
v -0.000139 -0.029246 0.020000
v -0.000139 -0.029246 0.024000
v 0.000075 -0.029191 0.020000
v 0.000075 -0.029191 0.024000
v 0.000275 -0.029101 0.020000
v 0.000275 -0.029101 0.024000
v 0.000458 -0.028976 0.020000
v 0.000458 -0.028976 0.024000
v 0.000615 -0.028823 0.020000
v 0.000615 -0.028823 0.024000
v 0.000744 -0.028644 0.020000
v 0.000744 -0.028644 0.024000
v 0.000840 -0.028445 0.020000
v 0.000840 -0.028445 0.024000
v 0.000899 -0.028233 0.020000
v 0.000899 -0.028233 0.024000
v 0.000921 -0.028013 0.020000
v 0.000921 -0.028013 0.024000
v 0.000905 -0.027794 0.020000
v 0.000905 -0.027794 0.024000
v 0.000850 -0.027580 0.020000
v 0.000850 -0.027580 0.024000
v 0.000759 -0.027379 0.020000
v 0.000759 -0.027379 0.024000
v 0.000635 -0.027197 0.020000
v 0.000635 -0.027197 0.024000
v 0.000481 -0.027039 0.020000
v 0.000481 -0.027039 0.024000
v 0.000302 -0.026911 0.020000
v 0.000302 -0.026911 0.024000
v 0.000104 -0.026815 0.020000
v 0.000104 -0.026815 0.024000
v -0.000108 -0.026755 0.020000
v -0.000108 -0.026755 0.024000
v -0.000328 -0.026733 0.020000
v -0.000328 -0.026733 0.024000
v -0.000548 -0.026750 0.020000
v -0.000548 -0.026750 0.024000
v -0.000761 -0.026804 0.020000
v -0.000761 -0.026804 0.024000
v -0.000962 -0.026895 0.020000
v -0.000962 -0.026895 0.024000
v -0.001144 -0.027019 0.020000
v -0.001144 -0.027019 0.024000
v -0.001302 -0.027173 0.020000
v -0.001302 -0.027173 0.024000
v -0.001431 -0.027352 0.020000
v -0.001431 -0.027352 0.024000
v -0.001526 -0.027551 0.020000
v -0.001526 -0.027551 0.024000
v -0.001586 -0.027763 0.020000
v -0.001586 -0.027763 0.024000
v -0.001608 -0.027982 0.020000
v -0.001608 -0.027982 0.024000
v -0.001591 -0.028202 0.020000
v -0.001591 -0.028202 0.024000
v -0.001537 -0.028416 0.020000
v -0.001537 -0.028416 0.024000
v -0.001446 -0.028617 0.020000
v -0.001446 -0.028617 0.024000
v -0.001322 -0.028799 0.020000
v -0.001322 -0.028799 0.024000
v -0.001168 -0.028957 0.020000
v -0.001168 -0.028957 0.024000
v -0.000989 -0.029085 0.020000
v -0.000989 -0.029085 0.024000
v -0.000790 -0.029181 0.020000
v -0.000790 -0.029181 0.024000
v -0.004184 -0.014950 0.020000
v -0.004389 -0.031698 0.020000
v 0.003816 -0.015048 0.020000
v 0.003610 -0.031796 0.020000
v 0.002013 -0.031937 0.020000
v 0.000410 -0.031997 0.020000
v -0.001194 -0.031978 0.020000
v -0.002795 -0.031878 0.020000
v -0.004389 -0.031698 0.031000
v -0.005730 -0.031483 0.031000
v -0.007061 -0.031211 0.031000
v -0.008379 -0.030883 0.031000
v 0.007950 -0.004098 0.031000
v -0.004049 -0.003951 0.031000
v -0.004184 -0.014950 0.031000
v -0.008367 -0.029850 0.031000
v -0.004876 -0.030614 0.031000
v -0.006049 -0.030404 0.031000
v -0.007213 -0.030149 0.031000
v -0.004776 -0.022499 0.021000
v -0.004223 0.022609 0.021000
v -0.004787 -0.023390 0.021875
v -0.004212 0.023500 0.021875
v -0.004798 -0.024313 0.022782
v -0.004201 0.024423 0.022782
v -0.004810 -0.025268 0.023722
v -0.004189 0.025379 0.023722
v -0.004822 -0.026259 0.024698
v -0.004177 0.026369 0.024698
v -0.004835 -0.027287 0.025712
v -0.004164 0.027397 0.025712
v -0.004151 0.028464 0.026765
v -0.004138 0.029572 0.027860
v -0.004124 0.030725 0.029000
v -0.004876 -0.030614 0.029000
v -0.004862 -0.029462 0.027860
v -0.004848 -0.028353 0.026765
v -0.014134 -0.010828 0.021000
v -0.011134 -0.010864 0.021000
v -0.014134 -0.010828 0.024000
v -0.011134 -0.010864 0.024000
v -0.010614 -0.010916 0.024000
v -0.010614 -0.010916 0.021000
v -0.010110 -0.011058 0.024000
v -0.010110 -0.011058 0.021000
v -0.009639 -0.011285 0.024000
v -0.009639 -0.011285 0.021000
v -0.009214 -0.011590 0.024000
v -0.009214 -0.011590 0.021000
v -0.008849 -0.011964 0.024000
v -0.008849 -0.011964 0.021000
v -0.008555 -0.012396 0.024000
v -0.008555 -0.012396 0.021000
v -0.008339 -0.012873 0.024000
v -0.008339 -0.012873 0.021000
v -0.008210 -0.013379 0.024000
v -0.008210 -0.013379 0.021000
v -0.008171 -0.013901 0.024000
v -0.008171 -0.013901 0.021000
v -0.008223 -0.014421 0.024000
v -0.008223 -0.014421 0.021000
v -0.008365 -0.014925 0.024000
v -0.008365 -0.014925 0.021000
v -0.008591 -0.015396 0.024000
v -0.008591 -0.015396 0.021000
v -0.008897 -0.015820 0.024000
v -0.008897 -0.015820 0.021000
v -0.009271 -0.016186 0.024000
v -0.009271 -0.016186 0.021000
v -0.009703 -0.016480 0.024000
v -0.009703 -0.016480 0.021000
v -0.010179 -0.016696 0.024000
v -0.010179 -0.016696 0.021000
v -0.010686 -0.016825 0.024000
v -0.010686 -0.016825 0.021000
v -0.011208 -0.016864 0.024000
v -0.011208 -0.016864 0.021000
v -0.014207 -0.016827 0.021000
v -0.014207 -0.016827 0.024000
v -0.013791 0.017170 0.021000
v -0.010791 0.017134 0.021000
v -0.013791 0.017170 0.024000
v -0.010791 0.017134 0.024000
v -0.010270 0.017082 0.024000
v -0.010270 0.017082 0.021000
v -0.009767 0.016940 0.024000
v -0.009767 0.016940 0.021000
v -0.009296 0.016713 0.024000
v -0.009296 0.016713 0.021000
v -0.008871 0.016408 0.024000
v -0.008871 0.016408 0.021000
v -0.008506 0.016034 0.024000
v -0.008506 0.016034 0.021000
v -0.008211 0.015602 0.024000
v -0.008211 0.015602 0.021000
v -0.007996 0.015125 0.024000
v -0.007996 0.015125 0.021000
v -0.007867 0.014619 0.024000
v -0.007867 0.014619 0.021000
v -0.007828 0.014097 0.024000
v -0.007828 0.014097 0.021000
v -0.007880 0.013577 0.024000
v -0.007880 0.013577 0.021000
v -0.008021 0.013073 0.024000
v -0.008021 0.013073 0.021000
v -0.008248 0.012602 0.024000
v -0.008248 0.012602 0.021000
v -0.008553 0.012177 0.024000
v -0.008553 0.012177 0.021000
v -0.008927 0.011812 0.024000
v -0.008927 0.011812 0.021000
v -0.009359 0.011518 0.024000
v -0.009359 0.011518 0.021000
v -0.009836 0.011302 0.024000
v -0.009836 0.011302 0.021000
v -0.010343 0.011173 0.024000
v -0.010343 0.011173 0.021000
v -0.010864 0.011134 0.024000
v -0.010864 0.011134 0.021000
v -0.013864 0.011171 0.021000
v -0.013864 0.011171 0.024000
v 0.004776 0.022499 0.021000
v 0.004223 -0.022609 0.021000
v 0.004787 0.023390 0.021875
v 0.004212 -0.023500 0.021875
v 0.004798 0.024313 0.022782
v 0.004201 -0.024423 0.022782
v 0.004810 0.025268 0.023722
v 0.004189 -0.025379 0.023722
v 0.004822 0.026259 0.024698
v 0.004177 -0.026369 0.024698
v 0.004835 0.027287 0.025712
v 0.004164 -0.027397 0.025712
v 0.004151 -0.028464 0.026765
v 0.004138 -0.029572 0.027860
v 0.004124 -0.030725 0.029000
v 0.004876 0.030614 0.029000
v 0.004862 0.029462 0.027860
v 0.004848 0.028353 0.026765
v 0.014134 0.010828 0.021000
v 0.011134 0.010864 0.021000
v 0.014134 0.010828 0.024000
v 0.011134 0.010864 0.024000
v 0.010614 0.010916 0.024000
v 0.010614 0.010916 0.021000
v 0.010110 0.011058 0.024000
v 0.010110 0.011058 0.021000
v 0.009639 0.011285 0.024000
v 0.009639 0.011285 0.021000
v 0.009214 0.011590 0.024000
v 0.009214 0.011590 0.021000
v 0.008849 0.011964 0.024000
v 0.008849 0.011964 0.021000
v 0.008555 0.012396 0.024000
v 0.008555 0.012396 0.021000
v 0.008339 0.012873 0.024000
v 0.008339 0.012873 0.021000
v 0.008210 0.013379 0.024000
v 0.008210 0.013379 0.021000
v 0.008171 0.013901 0.024000
v 0.008171 0.013901 0.021000
v 0.008223 0.014421 0.024000
v 0.008223 0.014421 0.021000
v 0.008365 0.014925 0.024000
v 0.008365 0.014925 0.021000
v 0.008591 0.015396 0.024000
v 0.008591 0.015396 0.021000
v 0.008897 0.015820 0.024000
v 0.008897 0.015820 0.021000
v 0.009271 0.016186 0.024000
v 0.009271 0.016186 0.021000
v 0.009703 0.016480 0.024000
v 0.009703 0.016480 0.021000
v 0.010179 0.016696 0.024000
v 0.010179 0.016696 0.021000
v 0.010686 0.016825 0.024000
v 0.010686 0.016825 0.021000
v 0.011208 0.016864 0.024000
v 0.011208 0.016864 0.021000
v 0.014207 0.016827 0.021000
v 0.014207 0.016827 0.024000
v 0.013791 -0.017170 0.021000
v 0.010791 -0.017134 0.021000
v 0.013791 -0.017170 0.024000
v 0.010791 -0.017134 0.024000
v 0.010270 -0.017082 0.024000
v 0.010270 -0.017082 0.021000
v 0.009767 -0.016940 0.024000
v 0.009767 -0.016940 0.021000
v 0.009296 -0.016713 0.024000
v 0.009296 -0.016713 0.021000
v 0.008871 -0.016408 0.024000
v 0.008871 -0.016408 0.021000
v 0.008506 -0.016034 0.024000
v 0.008506 -0.016034 0.021000
v 0.008211 -0.015602 0.024000
v 0.008211 -0.015602 0.021000
v 0.007996 -0.015125 0.024000
v 0.007996 -0.015125 0.021000
v 0.007867 -0.014619 0.024000
v 0.007867 -0.014619 0.021000
v 0.007828 -0.014097 0.024000
v 0.007828 -0.014097 0.021000
v 0.007880 -0.013577 0.024000
v 0.007880 -0.013577 0.021000
v 0.008021 -0.013073 0.024000
v 0.008021 -0.013073 0.021000
v 0.008248 -0.012602 0.024000
v 0.008248 -0.012602 0.021000
v 0.008553 -0.012177 0.024000
v 0.008553 -0.012177 0.021000
v 0.008927 -0.011812 0.024000
v 0.008927 -0.011812 0.021000
v 0.009359 -0.011518 0.024000
v 0.009359 -0.011518 0.021000
v 0.009836 -0.011302 0.024000
v 0.009836 -0.011302 0.021000
v 0.010343 -0.011173 0.024000
v 0.010343 -0.011173 0.021000
v 0.010864 -0.011134 0.024000
v 0.010864 -0.011134 0.021000
v 0.013864 -0.011171 0.021000
v 0.013864 -0.011171 0.024000
v -0.017440 -0.001108 0.046000
v -0.017440 -0.001108 0.048000
v -0.017474 0.000214 0.046000
v -0.017474 0.000214 0.048000
v -0.017407 0.001535 0.046000
v -0.017407 0.001535 0.048000
v -0.017241 0.002847 0.046000
v -0.017241 0.002847 0.048000
v -0.016977 0.004143 0.046000
v -0.016977 0.004143 0.048000
v -0.016615 0.005415 0.046000
v -0.016615 0.005415 0.048000
v -0.016158 0.006656 0.046000
v -0.016158 0.006656 0.048000
v -0.015608 0.007859 0.046000
v -0.015608 0.007859 0.048000
v -0.014969 0.009017 0.046000
v -0.014969 0.009017 0.048000
v -0.014244 0.010123 0.046000
v -0.014244 0.010123 0.048000
v -0.013438 0.011172 0.046000
v -0.013438 0.011172 0.048000
v -0.012554 0.012156 0.046000
v -0.012554 0.012156 0.048000
v -0.011599 0.013070 0.046000
v -0.011599 0.013070 0.048000
v -0.010577 0.013910 0.046000
v -0.010577 0.013910 0.048000
v -0.009495 0.014670 0.046000
v -0.009495 0.014670 0.048000
v -0.008358 0.015346 0.046000
v -0.008358 0.015346 0.048000
v -0.007174 0.015935 0.046000
v -0.007174 0.015935 0.048000
v -0.005948 0.016432 0.046000
v -0.005948 0.016432 0.048000
v -0.004688 0.016834 0.046000
v -0.004688 0.016834 0.048000
v -0.003402 0.017141 0.046000
v -0.003402 0.017141 0.048000
v -0.002096 0.017349 0.046000
v -0.002096 0.017349 0.048000
v -0.000778 0.017458 0.046000
v -0.000778 0.017458 0.048000
v 0.000545 0.017467 0.046000
v 0.000545 0.017467 0.048000
v 0.001864 0.017375 0.046000
v 0.001864 0.017375 0.048000
v 0.003173 0.017185 0.046000
v 0.003173 0.017185 0.048000
v 0.004464 0.016895 0.046000
v 0.004464 0.016895 0.048000
v 0.005729 0.016509 0.046000
v 0.005729 0.016509 0.048000
v 0.006961 0.016029 0.046000
v 0.006961 0.016029 0.048000
v 0.008153 0.015456 0.046000
v 0.008153 0.015456 0.048000
v 0.009299 0.014796 0.046000
v 0.009299 0.014796 0.048000
v 0.010391 0.014050 0.046000
v 0.010391 0.014050 0.048000
v 0.011424 0.013224 0.046000
v 0.011424 0.013224 0.048000
v 0.012391 0.012322 0.046000
v 0.012391 0.012322 0.048000
v 0.013288 0.011350 0.046000
v 0.013288 0.011350 0.048000
v 0.014108 0.010312 0.046000
v 0.014108 0.010312 0.048000
v 0.014847 0.009216 0.046000
v 0.014847 0.009216 0.048000
v 0.015502 0.008066 0.046000
v 0.015502 0.008066 0.048000
v 0.016068 0.006871 0.046000
v 0.016068 0.006871 0.048000
v 0.016541 0.005636 0.046000
v 0.016541 0.005636 0.048000
v 0.016920 0.004369 0.046000
v 0.016920 0.004369 0.048000
v 0.017202 0.003077 0.046000
v 0.017202 0.003077 0.048000
v 0.017385 0.001767 0.046000
v 0.017385 0.001767 0.048000
v 0.017469 0.000447 0.046000
v 0.017469 0.000447 0.048000
v 0.017453 -0.000875 0.046000
v 0.017453 -0.000875 0.048000
v 0.017337 -0.002193 0.046000
v 0.017337 -0.002193 0.048000
v 0.017121 -0.003498 0.046000
v 0.017121 -0.003498 0.048000
v 0.016808 -0.004783 0.046000
v 0.016808 -0.004783 0.048000
v 0.016398 -0.006040 0.046000
v 0.016398 -0.006040 0.048000
v 0.015894 -0.007263 0.046000
v 0.015894 -0.007263 0.048000
v 0.015299 -0.008444 0.046000
v 0.015299 -0.008444 0.048000
v 0.014617 -0.009577 0.046000
v 0.014617 -0.009577 0.048000
v 0.013851 -0.010655 0.046000
v 0.013851 -0.010655 0.048000
v 0.013005 -0.011672 0.046000
v 0.013005 -0.011672 0.048000
v 0.012085 -0.012622 0.046000
v 0.012085 -0.012622 0.048000
v 0.011096 -0.013500 0.046000
v 0.011096 -0.013500 0.048000
v 0.010043 -0.014301 0.046000
v 0.010043 -0.014301 0.048000
v 0.008933 -0.015019 0.046000
v 0.008933 -0.015019 0.048000
v 0.007772 -0.015652 0.046000
v 0.007772 -0.015652 0.048000
v 0.006566 -0.016195 0.046000
v 0.006566 -0.016195 0.048000
v 0.005322 -0.016645 0.046000
v 0.005322 -0.016645 0.048000
v 0.004048 -0.017000 0.046000
v 0.004048 -0.017000 0.048000
v 0.002751 -0.017257 0.046000
v 0.002751 -0.017257 0.048000
v 0.001438 -0.017416 0.046000
v 0.001438 -0.017416 0.048000
v 0.000116 -0.017475 0.046000
v 0.000116 -0.017475 0.048000
v -0.001205 -0.017433 0.046000
v -0.001205 -0.017433 0.048000
v -0.002520 -0.017292 0.046000
v -0.002520 -0.017292 0.048000
v -0.003821 -0.017052 0.046000
v -0.003821 -0.017052 0.048000
v -0.005100 -0.016714 0.046000
v -0.005100 -0.016714 0.048000
v -0.006349 -0.016281 0.046000
v -0.006349 -0.016281 0.048000
v -0.007562 -0.015754 0.046000
v -0.007562 -0.015754 0.048000
v -0.008732 -0.015137 0.046000
v -0.008732 -0.015137 0.048000
v -0.009852 -0.014433 0.046000
v -0.009852 -0.014433 0.048000
v -0.010915 -0.013647 0.046000
v -0.010915 -0.013647 0.048000
v -0.011916 -0.012782 0.046000
v -0.011916 -0.012782 0.048000
v -0.012849 -0.011844 0.046000
v -0.012849 -0.011844 0.048000
v -0.013708 -0.010839 0.046000
v -0.013708 -0.010839 0.048000
v -0.014488 -0.009771 0.046000
v -0.014488 -0.009771 0.048000
v -0.015186 -0.008647 0.046000
v -0.015186 -0.008647 0.048000
v -0.015796 -0.007474 0.046000
v -0.015796 -0.007474 0.048000
v -0.016316 -0.006258 0.046000
v -0.016316 -0.006258 0.048000
v -0.016743 -0.005006 0.046000
v -0.016743 -0.005006 0.048000
v -0.017073 -0.003726 0.046000
v -0.017073 -0.003726 0.048000
v -0.017306 -0.002424 0.046000
v -0.017306 -0.002424 0.048000
v 0.005867 -0.030440 0.029000
v 0.007592 -0.030056 0.029000
v 0.009292 -0.029575 0.029000
v 0.009217 -0.029598 0.046000
v 0.010892 -0.029024 0.046000
v 0.010962 -0.028997 0.029000
v 0.012531 -0.028354 0.046000
v 0.012596 -0.028325 0.029000
v 0.014129 -0.027593 0.046000
v 0.014190 -0.027562 0.029000
v 0.015682 -0.026741 0.046000
v 0.015737 -0.026709 0.029000
v 0.017183 -0.025802 0.046000
v 0.017233 -0.025769 0.029000
v 0.018628 -0.024779 0.046000
v 0.018673 -0.024745 0.029000
v 0.020012 -0.023675 0.046000
v 0.020053 -0.023641 0.029000
v 0.021331 -0.022494 0.046000
v 0.021367 -0.022460 0.029000
v 0.022580 -0.021240 0.046000
v 0.022612 -0.021206 0.029000
v 0.023756 -0.019916 0.046000
v 0.023783 -0.019883 0.029000
v 0.024854 -0.018527 0.046000
v 0.024878 -0.018496 0.029000
v 0.025871 -0.017078 0.046000
v 0.025891 -0.017049 0.029000
v 0.026804 -0.015574 0.046000
v 0.026820 -0.015546 0.029000
v 0.027650 -0.014018 0.046000
v 0.027662 -0.013992 0.029000
v 0.028405 -0.012417 0.046000
v 0.028415 -0.012394 0.029000
v 0.029067 -0.010775 0.046000
v 0.029075 -0.010755 0.029000
v 0.029635 -0.009098 0.046000
v 0.029640 -0.009081 0.029000
v 0.030106 -0.007391 0.046000
v 0.030109 -0.007377 0.029000
v 0.030479 -0.005660 0.046000
v 0.030481 -0.005650 0.029000
v 0.030752 -0.003911 0.046000
v 0.030753 -0.003904 0.029000
v 0.030925 -0.002149 0.046000
v 0.030926 -0.002146 0.029000
v 0.030998 -0.000380 0.046000
v 0.030998 -0.000380 0.029000
v 0.030969 0.001387 0.029000
v 0.030969 0.001390 0.046000
v 0.030840 0.003149 0.029000
v 0.030839 0.003156 0.046000
v 0.030610 0.004901 0.029000
v 0.030608 0.004911 0.046000
v 0.030281 0.006637 0.029000
v 0.030278 0.006651 0.046000
v 0.029854 0.008351 0.029000
v 0.029849 0.008368 0.046000
v 0.029330 0.010039 0.029000
v 0.029323 0.010059 0.046000
v 0.028710 0.011693 0.029000
v 0.028701 0.011716 0.046000
v 0.027997 0.013310 0.029000
v 0.027985 0.013336 0.046000
v 0.027193 0.014883 0.029000
v 0.027178 0.014912 0.046000
v 0.026301 0.016409 0.029000
v 0.026282 0.016439 0.046000
v 0.025324 0.017880 0.029000
v 0.025301 0.017912 0.046000
v 0.024264 0.019294 0.029000
v 0.024237 0.019328 0.046000
v 0.023125 0.020645 0.029000
v 0.023094 0.020680 0.046000
v 0.021911 0.021929 0.029000
v 0.021876 0.021965 0.046000
v 0.020626 0.023142 0.029000
v 0.020586 0.023178 0.046000
v 0.019274 0.024280 0.029000
v 0.019230 0.024315 0.046000
v 0.017860 0.025338 0.029000
v 0.017810 0.025373 0.046000
v 0.016387 0.026315 0.029000
v 0.016333 0.026349 0.046000
v 0.014861 0.027206 0.029000
v 0.014802 0.027238 0.046000
v 0.013287 0.028008 0.029000
v 0.013223 0.028039 0.046000
v 0.011670 0.028720 0.029000
v 0.011600 0.028748 0.046000
v 0.010015 0.029338 0.029000
v 0.009940 0.029363 0.046000
v 0.008327 0.029861 0.029000
v 0.006612 0.030287 0.029000
v 0.008248 0.029883 0.046000
v 0.006528 0.030305 0.046000
v 0.004788 0.030628 0.046000
v 0.003031 0.030851 0.046000
v 0.001265 0.030974 0.046000
v -0.000505 0.030996 0.046000
v -0.002274 0.030916 0.046000
v -0.004035 0.030736 0.046000
v -0.005783 0.030456 0.046000
v -0.007513 0.030076 0.046000
v -0.009217 0.029598 0.046000
v -0.009292 0.029575 0.029000
v -0.007592 0.030056 0.029000
v -0.005867 0.030440 0.029000
v -0.010892 0.029024 0.046000
v -0.010962 0.028997 0.029000
v -0.012531 0.028354 0.046000
v -0.012596 0.028325 0.029000
v -0.014129 0.027593 0.046000
v -0.014190 0.027562 0.029000
v -0.015682 0.026741 0.046000
v -0.015737 0.026709 0.029000
v -0.017183 0.025802 0.046000
v -0.017233 0.025769 0.029000
v -0.018628 0.024779 0.046000
v -0.018673 0.024745 0.029000
v -0.020012 0.023675 0.046000
v -0.020053 0.023641 0.029000
v -0.021331 0.022494 0.046000
v -0.021367 0.022460 0.029000
v -0.022580 0.021240 0.046000
v -0.022612 0.021206 0.029000
v -0.023756 0.019916 0.046000
v -0.023783 0.019883 0.029000
v -0.024854 0.018527 0.046000
v -0.024878 0.018496 0.029000
v -0.025871 0.017078 0.046000
v -0.025891 0.017049 0.029000
v -0.026804 0.015574 0.046000
v -0.026820 0.015546 0.029000
v -0.027650 0.014018 0.046000
v -0.027662 0.013992 0.029000
v -0.028405 0.012417 0.046000
v -0.028415 0.012394 0.029000
v -0.029067 0.010775 0.046000
v -0.029075 0.010755 0.029000
v -0.029635 0.009098 0.046000
v -0.029640 0.009081 0.029000
v -0.030106 0.007391 0.046000
v -0.030109 0.007377 0.029000
v -0.030479 0.005660 0.046000
v -0.030481 0.005650 0.029000
v -0.030752 0.003911 0.046000
v -0.030753 0.003904 0.029000
v -0.030925 0.002149 0.046000
v -0.030926 0.002146 0.029000
v -0.030998 0.000380 0.046000
v -0.030998 0.000380 0.029000
v -0.030969 -0.001387 0.029000
v -0.030969 -0.001390 0.046000
v -0.030840 -0.003149 0.029000
v -0.030839 -0.003156 0.046000
v -0.030610 -0.004901 0.029000
v -0.030608 -0.004911 0.046000
v -0.030281 -0.006637 0.029000
v -0.030278 -0.006651 0.046000
v -0.029854 -0.008351 0.029000
v -0.029849 -0.008368 0.046000
v -0.029330 -0.010039 0.029000
v -0.029323 -0.010059 0.046000
v -0.028710 -0.011693 0.029000
v -0.028701 -0.011716 0.046000
v -0.027997 -0.013310 0.029000
v -0.027985 -0.013336 0.046000
v -0.027193 -0.014883 0.029000
v -0.027178 -0.014912 0.046000
v -0.026301 -0.016409 0.029000
v -0.026282 -0.016439 0.046000
v -0.025324 -0.017880 0.029000
v -0.025301 -0.017912 0.046000
v -0.024264 -0.019294 0.029000
v -0.024237 -0.019328 0.046000
v -0.023125 -0.020645 0.029000
v -0.023094 -0.020680 0.046000
v -0.021911 -0.021929 0.029000
v -0.021876 -0.021965 0.046000
v -0.020626 -0.023142 0.029000
v -0.020586 -0.023178 0.046000
v -0.019274 -0.024280 0.029000
v -0.019230 -0.024315 0.046000
v -0.017860 -0.025338 0.029000
v -0.017810 -0.025373 0.046000
v -0.016387 -0.026315 0.029000
v -0.016333 -0.026349 0.046000
v -0.014861 -0.027206 0.029000
v -0.014802 -0.027238 0.046000
v -0.013287 -0.028008 0.029000
v -0.013223 -0.028039 0.046000
v -0.011670 -0.028720 0.029000
v -0.011600 -0.028748 0.046000
v -0.010015 -0.029338 0.029000
v -0.009940 -0.029363 0.046000
v -0.008327 -0.029861 0.029000
v -0.006612 -0.030287 0.029000
v -0.008248 -0.029883 0.046000
v -0.006528 -0.030305 0.046000
v -0.004788 -0.030628 0.046000
v -0.003031 -0.030851 0.046000
v -0.001265 -0.030974 0.046000
v 0.000505 -0.030996 0.046000
v 0.002274 -0.030916 0.046000
v 0.004035 -0.030736 0.046000
v 0.005783 -0.030456 0.046000
v 0.007513 -0.030076 0.046000
v -0.022766 0.003273 0.021000
v -0.022503 0.004755 0.021000
v -0.022271 0.003193 0.021000
v -0.021797 0.003031 0.021000
v -0.022144 0.006216 0.021000
v -0.021356 0.002792 0.021000
v -0.021690 0.007651 0.021000
v -0.020961 0.002484 0.021000
v -0.021143 0.009053 0.021000
v -0.020623 0.002114 0.021000
v -0.020506 0.010416 0.021000
v -0.020351 0.001693 0.021000
v -0.019781 0.011735 0.021000
v -0.020153 0.001232 0.021000
v -0.018971 0.013003 0.021000
v -0.020034 0.000745 0.021000
v -0.019998 0.000245 0.021000
v -0.020046 -0.000254 0.021000
v -0.019285 -0.012534 0.021000
v -0.020177 -0.000738 0.021000
v -0.020063 -0.011246 0.021000
v -0.020386 -0.001193 0.021000
v -0.020755 -0.009910 0.021000
v -0.020668 -0.001608 0.021000
v -0.021359 -0.008532 0.021000
v -0.021015 -0.001969 0.021000
v -0.021871 -0.007117 0.021000
v -0.021418 -0.002268 0.021000
v -0.022290 -0.005671 0.021000
v -0.021864 -0.002495 0.021000
v -0.022613 -0.004201 0.021000
v -0.022343 -0.002645 0.021000
v -0.022839 -0.002714 0.021000
v -0.018081 0.014216 0.021000
v -0.017112 0.015368 0.021000
v -0.016071 0.016454 0.021000
v -0.014960 0.017470 0.021000
v -0.013786 0.018411 0.021000
v -0.012552 0.019273 0.021000
v -0.011265 0.020052 0.021000
v -0.009930 0.020746 0.021000
v -0.008552 0.021351 0.021000
v -0.007138 0.021864 0.021000
v -0.005693 0.022284 0.021000
v -0.006237 -0.022138 0.021000
v -0.007672 -0.021683 0.021000
v -0.009073 -0.021135 0.021000
v -0.010436 -0.020496 0.021000
v -0.011754 -0.019770 0.021000
v -0.013021 -0.018959 0.021000
v -0.014233 -0.018067 0.021000
v -0.015384 -0.017098 0.021000
v -0.016469 -0.016055 0.021000
v -0.017484 -0.014944 0.021000
v -0.018424 -0.013768 0.021000
v -0.023828 -0.002708 0.021981
v -0.023035 -0.002718 0.021195
v -0.022970 -0.002718 0.021130
v -0.022904 -0.002717 0.021065
v -0.026364 -0.002677 0.024500
v -0.025491 -0.002688 0.023633
v -0.024646 -0.002698 0.022793
v -0.026474 -0.001178 0.024500
v -0.026498 0.000325 0.024500
v -0.026437 0.001827 0.024500
v -0.026291 0.003323 0.024500
v -0.025418 0.003312 0.023633
v -0.024573 0.003302 0.022793
v -0.023754 0.003292 0.021981
v -0.022961 0.003282 0.021195
v -0.022896 0.003280 0.021130
v -0.022831 0.003277 0.021065
v 0.022766 -0.003273 0.021000
v 0.022503 -0.004755 0.021000
v 0.022271 -0.003193 0.021000
v 0.021797 -0.003031 0.021000
v 0.022144 -0.006216 0.021000
v 0.021356 -0.002792 0.021000
v 0.021690 -0.007651 0.021000
v 0.020961 -0.002484 0.021000
v 0.021143 -0.009053 0.021000
v 0.020623 -0.002114 0.021000
v 0.020506 -0.010416 0.021000
v 0.020351 -0.001693 0.021000
v 0.019781 -0.011735 0.021000
v 0.020153 -0.001232 0.021000
v 0.018971 -0.013003 0.021000
v 0.020034 -0.000745 0.021000
v 0.019998 -0.000245 0.021000
v 0.020046 0.000254 0.021000
v 0.019285 0.012534 0.021000
v 0.020177 0.000738 0.021000
v 0.020063 0.011246 0.021000
v 0.020386 0.001193 0.021000
v 0.020755 0.009910 0.021000
v 0.020668 0.001608 0.021000
v 0.021359 0.008532 0.021000
v 0.021015 0.001969 0.021000
v 0.021871 0.007117 0.021000
v 0.021418 0.002268 0.021000
v 0.022290 0.005671 0.021000
v 0.021864 0.002495 0.021000
v 0.022613 0.004201 0.021000
v 0.022343 0.002645 0.021000
v 0.022839 0.002714 0.021000
v 0.018081 -0.014216 0.021000
v 0.017112 -0.015368 0.021000
v 0.016071 -0.016454 0.021000
v 0.014960 -0.017470 0.021000
v 0.013786 -0.018411 0.021000
v 0.012552 -0.019273 0.021000
v 0.011265 -0.020052 0.021000
v 0.009930 -0.020746 0.021000
v 0.008552 -0.021351 0.021000
v 0.007138 -0.021864 0.021000
v 0.005693 -0.022284 0.021000
v 0.006237 0.022138 0.021000
v 0.007672 0.021683 0.021000
v 0.009073 0.021135 0.021000
v 0.010436 0.020496 0.021000
v 0.011754 0.019770 0.021000
v 0.013021 0.018959 0.021000
v 0.014233 0.018067 0.021000
v 0.015384 0.017098 0.021000
v 0.016469 0.016055 0.021000
v 0.017484 0.014944 0.021000
v 0.018424 0.013768 0.021000
v 0.023828 0.002708 0.021981
v 0.023035 0.002718 0.021195
v 0.022970 0.002718 0.021130
v 0.022904 0.002717 0.021065
v 0.026364 0.002677 0.024500
v 0.025491 0.002688 0.023633
v 0.024646 0.002698 0.022793
v 0.026474 0.001178 0.024500
v 0.026498 -0.000325 0.024500
v 0.026437 -0.001827 0.024500
v 0.026291 -0.003323 0.024500
v 0.025418 -0.003312 0.023633
v 0.024573 -0.003302 0.022793
v 0.023754 -0.003292 0.021981
v 0.022961 -0.003282 0.021195
v 0.022896 -0.003280 0.021130
v 0.022831 -0.003277 0.021065
v -0.023555 -0.002666 0.024500
v -0.023555 -0.002666 0.027500
v -0.023035 -0.002718 0.024500
v -0.023035 -0.002718 0.027500
v -0.022514 -0.002679 0.027500
v -0.022007 -0.002549 0.027500
v -0.021530 -0.002334 0.027500
v -0.021098 -0.002040 0.027500
v -0.020724 -0.001674 0.027500
v -0.020419 -0.001250 0.027500
v -0.020192 -0.000779 0.027500
v -0.020050 -0.000275 0.027500
v -0.019998 0.000245 0.027500
v -0.020038 0.000767 0.027500
v -0.020167 0.001273 0.027500
v -0.020382 0.001750 0.027500
v -0.020677 0.002182 0.027500
v -0.021042 0.002556 0.027500
v -0.021467 0.002861 0.027500
v -0.021938 0.003088 0.027500
v -0.022441 0.003230 0.027500
v -0.022961 0.003282 0.027500
v -0.022961 0.003282 0.024500
v -0.024059 -0.002524 0.027500
v -0.024059 -0.002524 0.024500
v -0.024530 -0.002297 0.027500
v -0.024530 -0.002297 0.024500
v -0.024955 -0.001992 0.027500
v -0.024955 -0.001992 0.024500
v -0.025320 -0.001618 0.027500
v -0.025320 -0.001618 0.024500
v -0.025615 -0.001186 0.027500
v -0.025615 -0.001186 0.024500
v -0.025830 -0.000709 0.027500
v -0.025830 -0.000709 0.024500
v -0.025959 -0.000203 0.027500
v -0.025959 -0.000203 0.024500
v -0.025998 0.000319 0.027500
v -0.025998 0.000319 0.024500
v -0.025946 0.000839 0.027500
v -0.025946 0.000839 0.024500
v -0.025805 0.001343 0.027500
v -0.025805 0.001343 0.024500
v -0.025578 0.001814 0.027500
v -0.025578 0.001814 0.024500
v -0.025273 0.002238 0.027500
v -0.025273 0.002238 0.024500
v -0.024898 0.002604 0.027500
v -0.024898 0.002604 0.024500
v -0.024466 0.002898 0.027500
v -0.024466 0.002898 0.024500
v -0.023990 0.003113 0.027500
v -0.023990 0.003113 0.024500
v -0.023483 0.003243 0.027500
v -0.023483 0.003243 0.024500
v 0.022441 -0.003230 0.027500
v 0.022961 -0.003282 0.027500
v 0.022961 -0.003282 0.024500
v 0.021938 -0.003088 0.027500
v 0.021467 -0.002861 0.027500
v 0.021042 -0.002556 0.027500
v 0.020677 -0.002182 0.027500
v 0.020382 -0.001750 0.027500
v 0.020167 -0.001273 0.027500
v 0.020038 -0.000767 0.027500
v 0.019998 -0.000245 0.027500
v 0.020050 0.000275 0.027500
v 0.020192 0.000779 0.027500
v 0.020419 0.001250 0.027500
v 0.020724 0.001674 0.027500
v 0.021098 0.002040 0.027500
v 0.021530 0.002334 0.027500
v 0.022007 0.002549 0.027500
v 0.022514 0.002679 0.027500
v 0.023035 0.002718 0.027500
v 0.023035 0.002718 0.024500
v 0.023555 0.002666 0.027500
v 0.023555 0.002666 0.024500
v 0.024059 0.002524 0.027500
v 0.024059 0.002524 0.024500
v 0.024530 0.002297 0.027500
v 0.024530 0.002297 0.024500
v 0.024955 0.001992 0.027500
v 0.024955 0.001992 0.024500
v 0.025320 0.001618 0.027500
v 0.025320 0.001618 0.024500
v 0.025615 0.001186 0.027500
v 0.025615 0.001186 0.024500
v 0.025830 0.000709 0.027500
v 0.025830 0.000709 0.024500
v 0.025959 0.000203 0.027500
v 0.025959 0.000203 0.024500
v 0.025998 -0.000319 0.027500
v 0.025998 -0.000319 0.024500
v 0.025946 -0.000839 0.027500
v 0.025946 -0.000839 0.024500
v 0.025805 -0.001343 0.027500
v 0.025805 -0.001343 0.024500
v 0.025578 -0.001814 0.027500
v 0.025578 -0.001814 0.024500
v 0.025273 -0.002238 0.027500
v 0.025273 -0.002238 0.024500
v 0.024898 -0.002604 0.027500
v 0.024898 -0.002604 0.024500
v 0.024466 -0.002898 0.027500
v 0.024466 -0.002898 0.024500
v 0.023990 -0.003113 0.027500
v 0.023990 -0.003113 0.024500
v 0.023483 -0.003243 0.027500
v 0.023483 -0.003243 0.024500
vn 0.4893 -0.8721 0.0000
vn -0.5106 -0.8598 0.0000
vn -0.9999 0.0123 0.0000
vn -0.4893 0.8721 0.0000
vn 0.5106 0.8598 0.0000
vn 0.9999 -0.0123 0.0000
vn -0.0000 0.0000 -1.0000
vn -0.7050 0.0704 -0.7058
vn -0.7049 0.0704 -0.7058
vn -0.7065 -0.0531 -0.7058
vn -0.6865 -0.1750 -0.7058
vn -0.6457 -0.2915 -0.7058
vn -0.5853 -0.3992 -0.7058
vn -0.5071 -0.4948 -0.7058
vn -0.4134 -0.5753 -0.7058
vn -0.3073 -0.6384 -0.7058
vn -0.1917 -0.6820 -0.7058
vn -0.0704 -0.7049 -0.7058
vn 0.0531 -0.7065 -0.7058
vn 0.1750 -0.6865 -0.7058
vn 0.2915 -0.6457 -0.7058
vn 0.3992 -0.5853 -0.7058
vn 0.4948 -0.5071 -0.7058
vn 0.5753 -0.4134 -0.7058
vn 0.6384 -0.3073 -0.7058
vn 0.6820 -0.1917 -0.7058
vn 0.7050 -0.0704 -0.7058
vn 0.7049 -0.0704 -0.7058
vn 0.7065 0.0531 -0.7058
vn 0.6865 0.1750 -0.7058
vn 0.6457 0.2915 -0.7058
vn 0.5853 0.3992 -0.7058
vn 0.5071 0.4948 -0.7058
vn 0.4134 0.5753 -0.7058
vn 0.3073 0.6384 -0.7058
vn 0.3072 0.6384 -0.7058
vn 0.1917 0.6820 -0.7058
vn 0.0704 0.7049 -0.7058
vn -0.0531 0.7065 -0.7058
vn -0.1750 0.6865 -0.7058
vn -0.2915 0.6457 -0.7058
vn -0.3992 0.5853 -0.7058
vn -0.4948 0.5071 -0.7057
vn -0.4948 0.5071 -0.7058
vn -0.5753 0.4134 -0.7058
vn -0.6384 0.3073 -0.7058
vn -0.6820 0.1917 -0.7058
vn -0.9951 0.0994 0.0000
vn -0.9972 -0.0749 0.0000
vn -0.9690 -0.2470 0.0000
vn -0.9114 -0.4115 0.0000
vn -0.8261 -0.5635 0.0000
vn -0.7157 -0.6984 0.0000
vn -0.5836 -0.8121 0.0000
vn -0.4337 -0.9011 0.0000
vn -0.2706 -0.9627 0.0000
vn -0.0994 -0.9951 0.0000
vn 0.0749 -0.9972 0.0000
vn 0.2470 -0.9690 0.0000
vn 0.4115 -0.9114 0.0000
vn 0.5635 -0.8261 0.0000
vn 0.6984 -0.7157 0.0000
vn 0.8121 -0.5836 0.0000
vn 0.9011 -0.4337 0.0000
vn 0.9627 -0.2706 0.0000
vn 0.9951 -0.0994 0.0000
vn 0.9972 0.0749 0.0000
vn 0.9690 0.2470 0.0000
vn 0.9114 0.4115 0.0000
vn 0.8261 0.5635 0.0000
vn 0.7157 0.6984 0.0000
vn 0.5836 0.8121 0.0000
vn 0.4337 0.9011 0.0000
vn 0.2706 0.9627 0.0000
vn 0.0994 0.9951 0.0000
vn -0.0749 0.9972 0.0000
vn -0.2470 0.9690 0.0000
vn -0.4115 0.9114 0.0000
vn -0.5635 0.8261 0.0000
vn -0.6984 0.7157 0.0000
vn -0.8121 0.5836 0.0000
vn -0.9011 0.4337 0.0000
vn -0.9627 0.2706 0.0000
vn -0.3072 -0.6384 -0.7058
vn 0.6384 -0.3072 -0.7058
vn -0.6383 0.3073 -0.7058
vn -0.0704 -0.7050 -0.7058
vn 0.4948 -0.5071 -0.7057
vn 0.0704 0.7050 -0.7058
vn 0.6383 -0.3073 -0.7058
vn -0.6384 0.3072 -0.7058
vn -0.0000 0.0000 1.0000
vn 0.0011 0.0871 0.9962
vn -0.0011 -0.0871 0.9962
vn -0.0032 -0.2588 0.9659
vn -0.0052 -0.4226 0.9063
vn -0.0070 -0.5735 0.8192
vn -0.0087 -0.7071 0.7071
vn -0.0100 -0.8191 0.5736
vn -0.0111 -0.9062 0.4226
vn -0.0118 -0.9659 0.2588
vn -0.0118 -0.9658 0.2588
vn -0.0122 -0.9961 0.0872
vn -0.0122 -0.9961 0.0871
vn -0.0122 -0.9961 -0.0872
vn -0.0122 -0.9961 -0.0871
vn -0.0118 -0.9659 -0.2588
vn -0.0111 -0.9062 -0.4226
vn -0.0100 -0.8191 -0.5736
vn -0.0087 -0.7071 -0.7071
vn -0.0070 -0.5735 -0.8192
vn -0.0052 -0.4226 -0.9063
vn -0.0032 -0.2588 -0.9659
vn -0.0011 -0.0871 -0.9962
vn 0.0011 0.0871 -0.9962
vn 0.0032 0.2588 -0.9659
vn 0.0052 0.4226 -0.9063
vn 0.0070 0.5735 -0.8192
vn 0.0087 0.7071 -0.7071
vn 0.0100 0.8191 -0.5736
vn 0.0111 0.9062 -0.4226
vn 0.0118 0.9659 -0.2588
vn 0.0122 0.9961 -0.0872
vn 0.0122 0.9961 0.0872
vn 0.0118 0.9659 0.2588
vn 0.0111 0.9062 0.4226
vn 0.0100 0.8191 0.5736
vn 0.0087 0.7071 0.7071
vn 0.0070 0.5735 0.8192
vn 0.0052 0.4226 0.9063
vn 0.0032 0.2588 0.9659
vn -0.0070 -0.5735 -0.8191
vn -0.0070 -0.5735 0.8191
vn 0.0070 0.5735 0.8191
vn 0.0070 0.5735 -0.8191
vn -0.0513 -0.5139 -0.8563
vn -0.2240 -0.4654 -0.8563
vn -0.3697 -0.3607 -0.8563
vn -0.4707 -0.2125 -0.8563
vn -0.5150 -0.0387 -0.8563
vn -0.4972 0.1398 -0.8563
vn -0.4194 0.3014 -0.8563
vn -0.2910 0.4267 -0.8563
vn -0.1275 0.5005 -0.8563
vn 0.0513 0.5139 -0.8563
vn 0.2240 0.4654 -0.8563
vn 0.3697 0.3607 -0.8563
vn 0.4707 0.2125 -0.8563
vn 0.5150 0.0387 -0.8563
vn 0.4972 -0.1398 -0.8563
vn 0.4194 -0.3014 -0.8563
vn 0.2910 -0.4267 -0.8563
vn 0.1275 -0.5005 -0.8563
vn 0.0387 -0.5150 -0.8563
vn 0.4267 0.2910 -0.8563
vn -0.4654 0.2240 -0.8563
vn 0.2125 -0.4707 -0.8563
vn 0.3607 -0.3697 -0.8563
vn 0.4654 -0.2240 -0.8563
vn 0.5139 -0.0513 -0.8563
vn 0.5005 0.1275 -0.8563
vn 0.3014 0.4194 -0.8563
vn 0.1398 0.4972 -0.8563
vn -0.0387 0.5150 -0.8563
vn -0.2125 0.4707 -0.8563
vn -0.3607 0.3697 -0.8563
vn -0.5139 0.0513 -0.8563
vn -0.5005 -0.1275 -0.8563
vn -0.4267 -0.2910 -0.8563
vn -0.3014 -0.4194 -0.8563
vn -0.1398 -0.4972 -0.8563
vn 0.5005 0.1276 -0.8563
vn -0.5005 -0.1276 -0.8563
vn 0.1168 0.9932 0.0000
vn 0.1242 0.9923 0.0016
vn 0.1581 0.9874 -0.0011
vn 0.1797 0.9837 0.0021
vn 0.1999 0.9798 -0.0011
vn 0.2347 0.9721 0.0016
vn 0.2413 0.9704 0.0000
vn 0.1123 0.9937 -0.0003
vn 0.0684 0.9977 0.0004
vn 0.0624 0.9981 -0.0001
vn 0.0123 0.9999 0.0002
vn -0.0379 0.9993 -0.0001
vn -0.0439 0.9990 0.0004
vn -0.0879 0.9961 -0.0003
vn -0.0924 0.9957 0.0000
vn -0.0999 0.9950 0.0016
vn -0.1339 0.9910 -0.0011
vn -0.1556 0.9878 0.0021
vn -0.1758 0.9844 -0.0010
vn -0.2108 0.9775 0.0016
vn -0.2174 0.9761 0.0000
vn -0.0123 -0.9999 0.0000
vn -0.9999 0.0122 0.0000
vn 0.0118 0.9658 0.2588
vn 0.0122 0.9961 0.0871
vn 0.0122 0.9961 -0.0871
vn -0.1168 -0.9932 0.0000
vn -0.1242 -0.9923 0.0016
vn -0.1581 -0.9874 -0.0011
vn -0.1797 -0.9837 0.0021
vn -0.1999 -0.9798 -0.0011
vn -0.2347 -0.9721 0.0016
vn -0.2413 -0.9704 0.0000
vn -0.1123 -0.9937 -0.0003
vn -0.0684 -0.9977 0.0004
vn -0.0624 -0.9981 -0.0001
vn -0.0123 -0.9999 0.0002
vn 0.0379 -0.9993 -0.0001
vn 0.0439 -0.9990 0.0004
vn 0.0879 -0.9961 -0.0003
vn 0.0924 -0.9957 0.0000
vn 0.0999 -0.9950 0.0016
vn 0.1339 -0.9910 -0.0011
vn 0.1556 -0.9878 0.0021
vn 0.1758 -0.9844 -0.0010
vn 0.2108 -0.9775 0.0016
vn 0.2174 -0.9761 0.0000
vn 0.0123 0.9999 0.0000
vn 0.9999 -0.0122 0.0000
vn -0.9997 -0.0256 0.0000
vn -0.9987 0.0501 0.0000
vn -0.9921 0.1255 0.0000
vn -0.9798 0.2002 0.0000
vn -0.9618 0.2737 0.0000
vn -0.9384 0.3456 0.0000
vn -0.9095 0.4156 0.0000
vn -0.8755 0.4832 0.0000
vn -0.8365 0.5480 0.0000
vn -0.7926 0.6097 0.0000
vn -0.7442 0.6679 0.0000
vn -0.6916 0.7223 0.0000
vn -0.6350 0.7725 0.0000
vn -0.5747 0.8183 0.0000
vn -0.5112 0.8595 0.0000
vn -0.4447 0.8957 0.0000
vn -0.3757 0.9267 0.0000
vn -0.3046 0.9525 0.0000
vn -0.2316 0.9728 0.0000
vn -0.1574 0.9875 0.0000
vn -0.0823 0.9966 0.0000
vn -0.0067 1.0000 0.0000
vn 0.0690 0.9976 0.0000
vn 0.1442 0.9895 0.0000
vn 0.2187 0.9758 0.0000
vn 0.2918 0.9565 0.0000
vn 0.3633 0.9317 0.0000
vn 0.4328 0.9015 0.0000
vn 0.4997 0.8662 0.0000
vn 0.5638 0.8259 0.0000
vn 0.6246 0.7809 0.0000
vn 0.6819 0.7315 0.0000
vn 0.7353 0.6778 0.0000
vn 0.7844 0.6202 0.0000
vn 0.8291 0.5591 0.0000
vn 0.8690 0.4948 0.0000
vn 0.9039 0.4277 0.0000
vn 0.9337 0.3581 0.0000
vn 0.9581 0.2865 0.0000
vn 0.9770 0.2132 0.0000
vn 0.9903 0.1387 0.0000
vn 0.9980 0.0634 0.0000
vn 0.9961 -0.0878 0.0000
vn 0.9866 -0.1629 0.0000
vn 0.9715 -0.2371 0.0000
vn 0.9508 -0.3099 0.0000
vn 0.9246 -0.3809 0.0000
vn 0.8932 -0.4497 0.0000
vn 0.8566 -0.5160 0.0000
vn 0.8151 -0.5793 0.0000
vn 0.7690 -0.6393 0.0000
vn 0.7184 -0.6956 0.0000
vn 0.6638 -0.7480 0.0000
vn 0.6053 -0.7960 0.0000
vn 0.5434 -0.8395 0.0000
vn 0.5433 -0.8395 0.0000
vn 0.4783 -0.8782 0.0000
vn 0.4105 -0.9119 0.0000
vn 0.3404 -0.9403 0.0000
vn 0.2683 -0.9633 0.0000
vn 0.1947 -0.9809 0.0000
vn 0.1199 -0.9928 0.0000
vn 0.0445 -0.9990 0.0000
vn -0.0312 -0.9995 0.0000
vn -0.1067 -0.9943 0.0000
vn -0.1816 -0.9834 0.0000
vn -0.2554 -0.9668 0.0000
vn -0.3278 -0.9447 0.0000
vn -0.3983 -0.9172 0.0000
vn -0.4666 -0.8845 0.0000
vn -0.5321 -0.8467 0.0000
vn -0.5946 -0.8040 0.0000
vn -0.6537 -0.7567 0.0000
vn -0.7091 -0.7051 0.0000
vn -0.7604 -0.6495 0.0000
vn -0.8073 -0.5901 0.0000
vn -0.8496 -0.5274 0.0000
vn -0.8871 -0.4616 0.0000
vn -0.9195 -0.3932 0.0000
vn -0.9466 -0.3225 0.0000
vn -0.9682 -0.2500 0.0000
vn -0.9844 -0.1761 0.0000
vn -0.9949 -0.1011 0.0000
vn 0.1520 -0.9884 0.0000
vn 0.1612 -0.9869 -0.0055
vn 0.1899 -0.9818 0.0029
vn 0.2172 -0.9761 -0.0057
vn 0.2275 -0.9738 0.0004
vn 0.2724 -0.9622 -0.0006
vn 0.2729 -0.9620 -0.0001
vn 0.3245 -0.9459 0.0001
vn 0.3268 -0.9451 -0.0001
vn 0.3779 -0.9258 0.0001
vn 0.3801 -0.9249 -0.0001
vn 0.4302 -0.9027 0.0001
vn 0.4322 -0.9018 -0.0001
vn 0.4810 -0.8767 0.0001
vn 0.4829 -0.8757 -0.0001
vn 0.5303 -0.8478 0.0001
vn 0.5320 -0.8468 -0.0001
vn 0.5778 -0.8162 0.0001
vn 0.5794 -0.8151 -0.0001
vn 0.6235 -0.7818 0.0001
vn 0.6249 -0.7807 -0.0001
vn 0.6671 -0.7450 0.0001
vn 0.6683 -0.7439 -0.0001
vn 0.7085 -0.7057 0.0001
vn 0.7096 -0.7046 -0.0001
vn 0.7477 -0.6641 0.0001
vn 0.7486 -0.6630 -0.0001
vn 0.7844 -0.6203 0.0001
vn 0.7852 -0.6193 -0.0001
vn 0.8185 -0.5745 0.0001
vn 0.8192 -0.5735 -0.0001
vn 0.8500 -0.5269 0.0001
vn 0.8505 -0.5259 -0.0001
vn 0.8786 -0.4775 0.0001
vn 0.8791 -0.4766 -0.0000
vn 0.9045 -0.4265 0.0000
vn 0.9048 -0.4258 -0.0000
vn 0.9273 -0.3742 0.0000
vn 0.9276 -0.3735 -0.0000
vn 0.9472 -0.3207 0.0000
vn 0.9474 -0.3201 -0.0000
vn 0.9640 -0.2661 0.0000
vn 0.9641 -0.2656 -0.0000
vn 0.9776 -0.2106 0.0000
vn 0.9777 -0.2102 -0.0000
vn 0.9880 -0.1544 0.0000
vn 0.9880 -0.1542 -0.0000
vn 0.9952 -0.0978 0.0000
vn 0.9952 -0.0976 -0.0000
vn 0.9992 -0.0408 0.0000
vn 0.9999 0.0162 0.0000
vn 0.9999 0.0163 0.0000
vn 0.9973 0.0732 -0.0000
vn 0.9973 0.0733 0.0000
vn 0.9915 0.1299 -0.0000
vn 0.9915 0.1302 0.0000
vn 0.9825 0.1862 -0.0000
vn 0.9824 0.1866 0.0000
vn 0.9703 0.2418 -0.0000
vn 0.9702 0.2423 0.0000
vn 0.9550 0.2967 -0.0000
vn 0.9548 0.2973 0.0000
vn 0.9365 0.3507 -0.0000
vn 0.9362 0.3514 0.0000
vn 0.9150 0.4034 -0.0000
vn 0.9147 0.4042 0.0000
vn 0.8905 0.4549 -0.0000
vn 0.8901 0.4558 0.0001
vn 0.8632 0.5049 -0.0001
vn 0.8626 0.5059 0.0001
vn 0.8330 0.5533 -0.0001
vn 0.8323 0.5543 0.0001
vn 0.8001 0.5998 -0.0001
vn 0.7993 0.6009 0.0001
vn 0.7646 0.6444 -0.0001
vn 0.7637 0.6455 0.0001
vn 0.7267 0.6870 -0.0001
vn 0.7256 0.6881 0.0001
vn 0.6864 0.7273 -0.0001
vn 0.6852 0.7284 0.0001
vn 0.6438 0.7652 -0.0001
vn 0.6425 0.7663 0.0001
vn 0.5992 0.8006 -0.0001
vn 0.5977 0.8017 0.0001
vn 0.5526 0.8335 -0.0001
vn 0.5509 0.8346 0.0001
vn 0.5042 0.8636 -0.0001
vn 0.5024 0.8647 0.0001
vn 0.4542 0.8909 -0.0001
vn 0.4522 0.8919 0.0001
vn 0.4027 0.9153 -0.0001
vn 0.4005 0.9163 0.0001
vn 0.3499 0.9368 -0.0001
vn 0.3476 0.9377 0.0001
vn 0.2964 0.9550 -0.0001
vn 0.2954 0.9554 0.0000
vn 0.2959 0.9552 -0.0006
vn 0.2513 0.9679 0.0004
vn 0.2410 0.9705 -0.0057
vn 0.2139 0.9768 0.0029
vn 0.1854 0.9827 -0.0055
vn 0.1762 0.9843 0.0000
vn 0.2935 0.9560 0.0004
vn 0.2447 0.9696 -0.0003
vn 0.2384 0.9712 0.0007
vn 0.1937 0.9811 -0.0007
vn 0.1826 0.9832 0.0010
vn 0.1423 0.9898 -0.0009
vn 0.1262 0.9920 0.0012
vn 0.0904 0.9959 -0.0011
vn 0.0693 0.9976 0.0014
vn 0.0384 0.9993 -0.0012
vn 0.0123 0.9999 0.0014
vn -0.0138 0.9999 -0.0012
vn -0.0448 0.9990 0.0014
vn -0.0660 0.9978 -0.0011
vn -0.1018 0.9948 0.0012
vn -0.1180 0.9930 -0.0009
vn -0.1584 0.9874 0.0010
vn -0.1696 0.9855 -0.0007
vn -0.2145 0.9767 0.0007
vn -0.2208 0.9753 -0.0003
vn -0.2699 0.9629 0.0004
vn -0.2719 0.9623 0.0000
vn -0.2729 0.9620 -0.0001
vn -0.2724 0.9622 -0.0006
vn -0.2275 0.9738 0.0004
vn -0.2172 0.9761 -0.0057
vn -0.1899 0.9818 0.0029
vn -0.1612 0.9869 -0.0055
vn -0.1520 0.9884 0.0000
vn -0.3245 0.9459 0.0001
vn -0.3268 0.9451 -0.0001
vn -0.3779 0.9258 0.0001
vn -0.3801 0.9249 -0.0001
vn -0.4302 0.9027 0.0001
vn -0.4322 0.9018 -0.0001
vn -0.4810 0.8767 0.0001
vn -0.4829 0.8757 -0.0001
vn -0.5303 0.8478 0.0001
vn -0.5320 0.8468 -0.0001
vn -0.5778 0.8162 0.0001
vn -0.5794 0.8151 -0.0001
vn -0.6235 0.7818 0.0001
vn -0.6249 0.7807 -0.0001
vn -0.6671 0.7450 0.0001
vn -0.6683 0.7439 -0.0001
vn -0.7085 0.7057 0.0001
vn -0.7096 0.7046 -0.0001
vn -0.7477 0.6641 0.0001
vn -0.7486 0.6630 -0.0001
vn -0.7844 0.6203 0.0001
vn -0.7852 0.6193 -0.0001
vn -0.8185 0.5745 0.0001
vn -0.8192 0.5735 -0.0001
vn -0.8500 0.5269 0.0001
vn -0.8505 0.5259 -0.0001
vn -0.8786 0.4775 0.0001
vn -0.8791 0.4766 -0.0000
vn -0.9045 0.4265 0.0000
vn -0.9048 0.4258 -0.0000
vn -0.9273 0.3742 0.0000
vn -0.9276 0.3735 -0.0000
vn -0.9472 0.3207 0.0000
vn -0.9474 0.3201 -0.0000
vn -0.9640 0.2661 0.0000
vn -0.9641 0.2656 -0.0000
vn -0.9776 0.2106 0.0000
vn -0.9777 0.2102 -0.0000
vn -0.9880 0.1544 0.0000
vn -0.9880 0.1542 -0.0000
vn -0.9952 0.0978 0.0000
vn -0.9952 0.0976 -0.0000
vn -0.9992 0.0408 0.0000
vn -0.9999 -0.0162 0.0000
vn -0.9999 -0.0163 0.0000
vn -0.9973 -0.0732 -0.0000
vn -0.9973 -0.0733 0.0000
vn -0.9915 -0.1299 -0.0000
vn -0.9915 -0.1302 0.0000
vn -0.9825 -0.1862 -0.0000
vn -0.9824 -0.1866 0.0000
vn -0.9703 -0.2418 -0.0000
vn -0.9702 -0.2423 0.0000
vn -0.9550 -0.2967 -0.0000
vn -0.9548 -0.2973 0.0000
vn -0.9365 -0.3507 -0.0000
vn -0.9362 -0.3514 0.0000
vn -0.9150 -0.4034 -0.0000
vn -0.9147 -0.4042 0.0000
vn -0.8905 -0.4549 -0.0000
vn -0.8901 -0.4558 0.0001
vn -0.8632 -0.5049 -0.0001
vn -0.8626 -0.5059 0.0001
vn -0.8330 -0.5533 -0.0001
vn -0.8323 -0.5543 0.0001
vn -0.8001 -0.5998 -0.0001
vn -0.7993 -0.6009 0.0001
vn -0.7646 -0.6444 -0.0001
vn -0.7637 -0.6455 0.0001
vn -0.7267 -0.6870 -0.0001
vn -0.7256 -0.6881 0.0001
vn -0.6864 -0.7273 -0.0001
vn -0.6852 -0.7284 0.0001
vn -0.6438 -0.7652 -0.0001
vn -0.6425 -0.7663 0.0001
vn -0.5992 -0.8006 -0.0001
vn -0.5977 -0.8017 0.0001
vn -0.5526 -0.8335 -0.0001
vn -0.5509 -0.8346 0.0001
vn -0.5042 -0.8636 -0.0001
vn -0.5024 -0.8647 0.0001
vn -0.4542 -0.8909 -0.0001
vn -0.4522 -0.8919 0.0001
vn -0.4027 -0.9153 -0.0001
vn -0.4005 -0.9163 0.0001
vn -0.3499 -0.9368 -0.0001
vn -0.3476 -0.9377 0.0001
vn -0.2964 -0.9550 -0.0001
vn -0.2954 -0.9554 0.0000
vn -0.2959 -0.9552 -0.0006
vn -0.2513 -0.9679 0.0004
vn -0.2410 -0.9705 -0.0057
vn -0.2139 -0.9768 0.0029
vn -0.1854 -0.9827 -0.0055
vn -0.1762 -0.9843 0.0000
vn -0.2935 -0.9560 0.0004
vn -0.2447 -0.9696 -0.0003
vn -0.2384 -0.9712 0.0007
vn -0.1937 -0.9811 -0.0007
vn -0.1826 -0.9832 0.0010
vn -0.1423 -0.9898 -0.0009
vn -0.1262 -0.9920 0.0012
vn -0.0904 -0.9959 -0.0011
vn -0.0693 -0.9976 0.0014
vn -0.0384 -0.9993 -0.0012
vn -0.0123 -0.9999 0.0014
vn 0.0138 -0.9999 -0.0012
vn 0.0448 -0.9990 0.0014
vn 0.0660 -0.9978 -0.0011
vn 0.1018 -0.9948 0.0012
vn 0.1180 -0.9930 -0.0009
vn 0.1584 -0.9874 0.0010
vn 0.1696 -0.9855 -0.0007
vn 0.2145 -0.9767 0.0007
vn 0.2208 -0.9753 -0.0003
vn 0.2699 -0.9629 0.0004
vn 0.2719 -0.9623 0.0000
vn -0.7022 -0.0850 -0.7069
vn -0.7019 -0.0894 -0.7067
vn -0.7014 -0.0940 -0.7066
vn -0.6993 -0.1163 -0.7053
vn -0.7016 -0.0919 -0.7066
vn -0.6986 -0.1063 -0.7076
vn -0.6953 -0.1317 -0.7066
vn -0.6901 -0.1517 -0.7076
vn -0.6866 -0.1711 -0.7066
vn -0.6787 -0.1965 -0.7076
vn -0.6757 -0.2100 -0.7066
vn -0.6646 -0.2406 -0.7074
vn -0.6625 -0.2481 -0.7068
vn -0.6477 -0.2836 -0.7072
vn -0.6471 -0.2853 -0.7070
vn -0.6299 -0.3218 -0.7069
vn -0.6276 -0.3253 -0.7073
vn -0.6107 -0.3572 -0.7067
vn -0.6048 -0.3655 -0.7075
vn -0.5894 -0.3915 -0.7066
vn -0.5795 -0.4042 -0.7076
vn -0.5662 -0.4245 -0.7066
vn -0.5518 -0.4413 -0.7076
vn -0.5411 -0.4560 -0.7066
vn -0.5219 -0.4765 -0.7076
vn -0.5142 -0.4861 -0.7067
vn -0.4897 -0.5097 -0.7074
vn -0.4855 -0.5144 -0.7068
vn -0.4555 -0.5408 -0.7071
vn -0.4553 -0.5411 -0.7071
vn -0.4238 -0.5663 -0.7069
vn -0.4190 -0.5693 -0.7074
vn -0.3910 -0.5897 -0.7067
vn -0.3808 -0.5953 -0.7076
vn -0.3568 -0.6111 -0.7066
vn -0.3410 -0.6188 -0.7076
vn -0.3214 -0.6305 -0.7065
vn -0.2998 -0.6398 -0.7076
vn -0.2850 -0.6477 -0.7066
vn -0.2574 -0.6581 -0.7075
vn -0.2476 -0.6628 -0.7067
vn -0.2139 -0.6738 -0.7073
vn -0.2093 -0.6756 -0.7069
vn -0.1705 -0.6863 -0.7070
vn -0.1694 -0.6865 -0.7072
vn -0.1448 -0.6922 -0.7071
vn -0.1410 -0.6931 -0.7070
vn -0.1379 -0.6938 -0.7068
vn -0.1355 -0.6945 -0.7066
vn -0.1337 -0.6951 -0.7064
vn -0.1325 -0.6956 -0.7062
vn -0.1317 -0.6960 -0.7059
vn -0.1313 -0.6963 -0.7056
vn -0.7054 -0.0518 -0.7069
vn -0.7034 -0.0727 -0.7071
vn -0.7030 -0.0760 -0.7071
vn -0.7054 -0.0515 -0.7070
vn -0.7072 -0.0115 -0.7069
vn -0.7072 -0.0114 -0.7070
vn -0.7067 0.0287 -0.7070
vn -0.7067 0.0288 -0.7069
vn -0.7039 0.0687 -0.7070
vn -0.7039 0.0690 -0.7069
vn -0.7014 0.0900 -0.7071
vn -0.6989 0.1090 -0.7068
vn -0.7000 0.1055 -0.7063
vn -0.6998 0.1064 -0.7064
vn -0.6995 0.1075 -0.7065
vn -0.6993 0.1085 -0.7066
vn -0.6991 0.1093 -0.7066
vn -0.6988 0.1102 -0.7067
vn -0.6957 0.1234 -0.7076
vn -0.6918 0.1487 -0.7066
vn -0.6862 0.1686 -0.7076
vn -0.6822 0.1879 -0.7066
vn -0.6737 0.2131 -0.7076
vn -0.6704 0.2265 -0.7066
vn -0.6585 0.2568 -0.7074
vn -0.6562 0.2642 -0.7068
vn -0.6405 0.2994 -0.7072
vn -0.6399 0.3011 -0.7070
vn -0.6218 0.3371 -0.7069
vn -0.6195 0.3406 -0.7073
vn -0.6017 0.3721 -0.7067
vn -0.5957 0.3803 -0.7075
vn -0.5797 0.4058 -0.7066
vn -0.5694 0.4183 -0.7076
vn -0.5556 0.4382 -0.7066
vn -0.5409 0.4547 -0.7076
vn -0.5298 0.4692 -0.7066
vn -0.5100 0.4891 -0.7076
vn -0.5021 0.4985 -0.7067
vn -0.4771 0.5215 -0.7074
vn -0.4728 0.5262 -0.7068
vn -0.4421 0.5518 -0.7071
vn -0.4419 0.5521 -0.7071
vn -0.4098 0.5765 -0.7069
vn -0.4049 0.5794 -0.7074
vn -0.3764 0.5991 -0.7067
vn -0.3661 0.6044 -0.7075
vn -0.3417 0.6197 -0.7066
vn -0.3257 0.6270 -0.7076
vn -0.3059 0.6382 -0.7066
vn -0.2840 0.6470 -0.7076
vn -0.2690 0.6545 -0.7066
vn -0.2412 0.6643 -0.7075
vn -0.2312 0.6687 -0.7067
vn -0.1973 0.6788 -0.7073
vn -0.1927 0.6806 -0.7069
vn -0.1536 0.6903 -0.7070
vn -0.1141 0.6987 -0.7063
vn -0.1209 0.6970 -0.7068
vn -0.1239 0.6963 -0.7070
vn -0.9999 0.0150 -0.0004
vn -0.9999 0.0121 0.0002
vn -0.9999 0.0119 -0.0002
vn -0.9999 0.0126 0.0000
vn -0.1278 0.6955 -0.7071
vn -0.1525 0.6904 -0.7072
vn -0.7027 -0.0801 -0.7070
vn 0.7022 0.0850 -0.7069
vn 0.7019 0.0894 -0.7067
vn 0.7014 0.0940 -0.7066
vn 0.6993 0.1163 -0.7053
vn 0.7016 0.0919 -0.7066
vn 0.6986 0.1063 -0.7076
vn 0.6953 0.1317 -0.7066
vn 0.6901 0.1517 -0.7076
vn 0.6866 0.1711 -0.7066
vn 0.6787 0.1965 -0.7076
vn 0.6757 0.2100 -0.7066
vn 0.6646 0.2406 -0.7074
vn 0.6625 0.2481 -0.7068
vn 0.6477 0.2836 -0.7072
vn 0.6471 0.2853 -0.7070
vn 0.6299 0.3218 -0.7069
vn 0.6276 0.3253 -0.7073
vn 0.6107 0.3572 -0.7067
vn 0.6048 0.3655 -0.7075
vn 0.5894 0.3915 -0.7066
vn 0.5795 0.4042 -0.7076
vn 0.5662 0.4245 -0.7066
vn 0.5518 0.4413 -0.7076
vn 0.5411 0.4560 -0.7066
vn 0.5219 0.4765 -0.7076
vn 0.5142 0.4861 -0.7067
vn 0.4897 0.5097 -0.7074
vn 0.4855 0.5144 -0.7068
vn 0.4555 0.5408 -0.7071
vn 0.4553 0.5411 -0.7071
vn 0.4238 0.5663 -0.7069
vn 0.4190 0.5693 -0.7074
vn 0.3910 0.5897 -0.7067
vn 0.3808 0.5953 -0.7076
vn 0.3568 0.6111 -0.7066
vn 0.3410 0.6188 -0.7076
vn 0.3214 0.6305 -0.7065
vn 0.2998 0.6398 -0.7076
vn 0.2850 0.6477 -0.7066
vn 0.2574 0.6581 -0.7075
vn 0.2476 0.6628 -0.7067
vn 0.2139 0.6738 -0.7073
vn 0.2093 0.6756 -0.7069
vn 0.1705 0.6863 -0.7070
vn 0.1694 0.6865 -0.7072
vn 0.1448 0.6922 -0.7071
vn 0.1410 0.6931 -0.7070
vn 0.1379 0.6938 -0.7068
vn 0.1355 0.6945 -0.7066
vn 0.1337 0.6951 -0.7064
vn 0.1325 0.6956 -0.7062
vn 0.1317 0.6960 -0.7059
vn 0.1313 0.6963 -0.7056
vn 0.7054 0.0518 -0.7069
vn 0.7034 0.0727 -0.7071
vn 0.7030 0.0760 -0.7071
vn 0.7054 0.0515 -0.7070
vn 0.7072 0.0115 -0.7069
vn 0.7072 0.0114 -0.7070
vn 0.7067 -0.0287 -0.7070
vn 0.7067 -0.0288 -0.7069
vn 0.7039 -0.0687 -0.7070
vn 0.7039 -0.0690 -0.7069
vn 0.7014 -0.0900 -0.7071
vn 0.6989 -0.1090 -0.7068
vn 0.7000 -0.1055 -0.7063
vn 0.6998 -0.1064 -0.7064
vn 0.6995 -0.1075 -0.7065
vn 0.6993 -0.1085 -0.7066
vn 0.6991 -0.1093 -0.7066
vn 0.6988 -0.1102 -0.7067
vn 0.6957 -0.1234 -0.7076
vn 0.6918 -0.1487 -0.7066
vn 0.6862 -0.1686 -0.7076
vn 0.6822 -0.1879 -0.7066
vn 0.6737 -0.2131 -0.7076
vn 0.6704 -0.2265 -0.7066
vn 0.6585 -0.2568 -0.7074
vn 0.6562 -0.2642 -0.7068
vn 0.6405 -0.2994 -0.7072
vn 0.6399 -0.3011 -0.7070
vn 0.6218 -0.3371 -0.7069
vn 0.6195 -0.3406 -0.7073
vn 0.6017 -0.3721 -0.7067
vn 0.5957 -0.3803 -0.7075
vn 0.5797 -0.4058 -0.7066
vn 0.5694 -0.4183 -0.7076
vn 0.5556 -0.4382 -0.7066
vn 0.5409 -0.4547 -0.7076
vn 0.5298 -0.4692 -0.7066
vn 0.5100 -0.4891 -0.7076
vn 0.5021 -0.4985 -0.7067
vn 0.4771 -0.5215 -0.7074
vn 0.4728 -0.5262 -0.7068
vn 0.4421 -0.5518 -0.7071
vn 0.4419 -0.5521 -0.7071
vn 0.4098 -0.5765 -0.7069
vn 0.4049 -0.5794 -0.7074
vn 0.3764 -0.5991 -0.7067
vn 0.3661 -0.6044 -0.7075
vn 0.3417 -0.6197 -0.7066
vn 0.3257 -0.6270 -0.7076
vn 0.3059 -0.6382 -0.7066
vn 0.2840 -0.6470 -0.7076
vn 0.2690 -0.6545 -0.7066
vn 0.2412 -0.6643 -0.7075
vn 0.2312 -0.6687 -0.7067
vn 0.1973 -0.6788 -0.7073
vn 0.1927 -0.6806 -0.7069
vn 0.1536 -0.6903 -0.7070
vn 0.1141 -0.6987 -0.7063
vn 0.1209 -0.6970 -0.7068
vn 0.1239 -0.6963 -0.7070
vn 0.9999 -0.0150 -0.0004
vn 0.9999 -0.0121 0.0002
vn 0.9999 -0.0119 -0.0002
vn 0.9999 -0.0126 0.0000
vn 0.1278 -0.6955 -0.7071
vn 0.1525 -0.6904 -0.7072
vn 0.7027 0.0801 -0.7070
vn 0.0014 1.0000 0.0000
vn -0.0206 0.9998 -0.0002
vn -0.0428 0.9991 -0.0007
vn -0.0749 0.9972 -0.0016
vn -0.1362 0.9907 0.0015
vn -0.2470 0.9690 -0.0016
vn -0.2993 0.9542 0.0014
vn -0.4115 0.9114 -0.0014
vn -0.4540 0.8910 0.0012
vn -0.5635 0.8261 -0.0013
vn -0.5960 0.8030 0.0011
vn -0.6984 0.7157 -0.0012
vn -0.7214 0.6926 0.0009
vn -0.8121 0.5836 -0.0010
vn -0.8266 0.5628 0.0007
vn -0.9011 0.4337 -0.0008
vn -0.9088 0.4173 0.0005
vn -0.9627 0.2706 -0.0005
vn -0.9656 0.2602 0.0003
vn -0.9951 0.0994 -0.0003
vn -0.9954 0.0958 0.0000
vn -0.9975 -0.0713 0.0000
vn -0.9972 -0.0749 -0.0003
vn -0.9717 -0.2364 0.0003
vn -0.9690 -0.2470 -0.0005
vn -0.9187 -0.3949 0.0005
vn -0.9114 -0.4115 -0.0008
vn -0.8402 -0.5423 0.0007
vn -0.8261 -0.5635 -0.0010
vn -0.7381 -0.6747 0.0009
vn -0.7157 -0.6984 -0.0012
vn -0.6155 -0.7881 0.0011
vn -0.5836 -0.8121 -0.0013
vn -0.4757 -0.8796 0.0012
vn -0.4337 -0.9011 -0.0014
vn -0.3226 -0.9465 0.0014
vn -0.2706 -0.9627 -0.0016
vn -0.1605 -0.9870 0.0015
vn -0.0994 -0.9950 -0.0016
vn -0.0673 -0.9977 -0.0007
vn -0.0451 -0.9990 -0.0002
vn -0.0232 -0.9997 0.0000
vn 0.1605 0.9870 0.0015
vn 0.0994 0.9950 -0.0016
vn 0.0673 0.9977 -0.0007
vn 0.0451 0.9990 -0.0002
vn 0.0232 0.9997 0.0000
vn 0.2706 0.9627 -0.0016
vn 0.3226 0.9465 0.0014
vn 0.4337 0.9011 -0.0014
vn 0.4757 0.8796 0.0012
vn 0.5836 0.8121 -0.0013
vn 0.6155 0.7881 0.0011
vn 0.7157 0.6984 -0.0012
vn 0.7381 0.6747 0.0009
vn 0.8261 0.5635 -0.0010
vn 0.8402 0.5423 0.0007
vn 0.9114 0.4115 -0.0008
vn 0.9187 0.3949 0.0005
vn 0.9690 0.2470 -0.0005
vn 0.9717 0.2364 0.0003
vn 0.9972 0.0749 -0.0003
vn 0.9975 0.0713 0.0000
vn 0.9954 -0.0958 0.0000
vn 0.9951 -0.0994 -0.0003
vn 0.9656 -0.2602 0.0003
vn 0.9627 -0.2706 -0.0005
vn 0.9088 -0.4173 0.0005
vn 0.9011 -0.4337 -0.0008
vn 0.8266 -0.5628 0.0007
vn 0.8121 -0.5836 -0.0010
vn 0.7214 -0.6926 0.0009
vn 0.6984 -0.7157 -0.0012
vn 0.5960 -0.8030 0.0011
vn 0.5635 -0.8261 -0.0013
vn 0.4540 -0.8910 0.0012
vn 0.4115 -0.9114 -0.0014
vn 0.2993 -0.9542 0.0014
vn 0.2470 -0.9690 -0.0016
vn 0.1362 -0.9907 0.0015
vn 0.0749 -0.9972 -0.0016
vn 0.0428 -0.9991 -0.0007
vn 0.0206 -0.9998 -0.0002
vn -0.0014 -1.0000 0.0000
usemtl N9_aluminum_ano
s off
f 1//1 2//1 3//1
f 3//1 2//1 4//1
f 2//2 5//2 4//2
f 4//2 5//2 6//2
f 5//3 7//3 6//3
f 6//3 7//3 8//3
f 7//4 9//4 8//4
f 8//4 9//4 10//4
f 9//5 11//5 10//5
f 10//5 11//5 12//5
f 11//6 1//6 12//6
f 12//6 1//6 3//6
f 3//7 4//7 12//7
f 12//7 4//7 10//7
f 10//7 4//7 6//7
f 10//7 6//7 8//7
f 13//8 14//8 15//8
f 15//9 14//9 16//9
f 15//10 16//10 17//10
f 17//10 16//10 18//10
f 17//11 18//11 19//11
f 19//11 18//11 20//11
f 19//12 20//12 21//12
f 21//12 20//12 22//12
f 21//13 22//13 23//13
f 23//13 22//13 24//13
f 23//14 24//14 25//14
f 25//14 24//14 26//14
f 25//15 26//15 27//15
f 27//15 26//15 28//15
f 27//16 28//16 29//16
f 29//16 28//16 30//16
f 29//17 30//17 31//17
f 31//17 30//17 32//17
f 31//18 32//18 33//18
f 33//18 32//18 34//18
f 33//19 34//19 35//19
f 35//19 34//19 36//19
f 35//20 36//20 37//20
f 37//20 36//20 38//20
f 37//21 38//21 39//21
f 39//21 38//21 40//21
f 39//22 40//22 41//22
f 41//22 40//22 42//22
f 41//23 42//23 43//23
f 43//23 42//23 44//23
f 43//24 44//24 45//24
f 45//24 44//24 46//24
f 45//25 46//25 47//25
f 47//25 46//25 48//25
f 47//26 48//26 49//26
f 49//26 48//26 50//26
f 49//27 50//27 51//27
f 51//28 50//28 52//28
f 51//29 52//29 53//29
f 53//29 52//29 54//29
f 53//30 54//30 55//30
f 55//30 54//30 56//30
f 55//31 56//31 57//31
f 57//31 56//31 58//31
f 57//32 58//32 59//32
f 59//32 58//32 60//32
f 59//33 60//33 61//33
f 61//33 60//33 62//33
f 61//34 62//34 63//34
f 63//34 62//34 64//34
f 63//35 64//35 65//35
f 65//36 64//36 66//36
f 65//37 66//37 67//37
f 67//37 66//37 68//37
f 67//38 68//38 69//38
f 69//38 68//38 70//38
f 69//39 70//39 71//39
f 71//39 70//39 72//39
f 71//40 72//40 73//40
f 73//40 72//40 74//40
f 73//41 74//41 75//41
f 75//41 74//41 76//41
f 75//42 76//42 77//42
f 77//42 76//42 78//42
f 77//43 78//43 79//43
f 79//44 78//44 80//44
f 79//45 80//45 81//45
f 81//45 80//45 82//45
f 81//46 82//46 83//46
f 83//46 82//46 84//46
f 83//47 84//47 13//47
f 13//47 84//47 14//47
f 85//48 13//48 86//48
f 86//48 13//48 15//48
f 86//49 15//49 87//49
f 87//49 15//49 17//49
f 87//50 17//50 88//50
f 88//50 17//50 19//50
f 88//51 19//51 89//51
f 89//51 19//51 21//51
f 89//52 21//52 90//52
f 90//52 21//52 23//52
f 90//53 23//53 91//53
f 91//53 23//53 25//53
f 91//54 25//54 92//54
f 92//54 25//54 27//54
f 92//55 27//55 93//55
f 93//55 27//55 29//55
f 93//56 29//56 94//56
f 94//56 29//56 31//56
f 94//57 31//57 95//57
f 95//57 31//57 33//57
f 95//58 33//58 96//58
f 96//58 33//58 35//58
f 96//59 35//59 97//59
f 97//59 35//59 37//59
f 97//60 37//60 98//60
f 98//60 37//60 39//60
f 98//61 39//61 99//61
f 99//61 39//61 41//61
f 99//62 41//62 100//62
f 100//62 41//62 43//62
f 100//63 43//63 101//63
f 101//63 43//63 45//63
f 101//64 45//64 102//64
f 102//64 45//64 47//64
f 102//65 47//65 103//65
f 103//65 47//65 49//65
f 103//66 49//66 104//66
f 104//66 49//66 51//66
f 104//67 51//67 105//67
f 105//67 51//67 53//67
f 105//68 53//68 106//68
f 106//68 53//68 55//68
f 106//69 55//69 107//69
f 107//69 55//69 57//69
f 107//70 57//70 108//70
f 108//70 57//70 59//70
f 108//71 59//71 109//71
f 109//71 59//71 61//71
f 109//72 61//72 110//72
f 110//72 61//72 63//72
f 110//73 63//73 111//73
f 111//73 63//73 65//73
f 111//74 65//74 112//74
f 112//74 65//74 67//74
f 112//75 67//75 113//75
f 113//75 67//75 69//75
f 113//76 69//76 114//76
f 114//76 69//76 71//76
f 114//77 71//77 115//77
f 115//77 71//77 73//77
f 115//78 73//78 116//78
f 116//78 73//78 75//78
f 116//79 75//79 117//79
f 117//79 75//79 77//79
f 117//80 77//80 118//80
f 118//80 77//80 79//80
f 118//81 79//81 119//81
f 119//81 79//81 81//81
f 119//82 81//82 120//82
f 120//82 81//82 83//82
f 120//83 83//83 85//83
f 85//83 83//83 13//83
f 14//7 1//7 16//7
f 16//7 1//7 11//7
f 16//7 11//7 18//7
f 18//7 11//7 20//7
f 20//7 11//7 22//7
f 22//7 11//7 24//7
f 24//7 11//7 26//7
f 26//7 11//7 28//7
f 28//7 11//7 9//7
f 28//7 9//7 30//7
f 30//7 9//7 32//7
f 32//7 9//7 34//7
f 34//7 9//7 36//7
f 36//7 9//7 38//7
f 38//7 9//7 40//7
f 40//7 9//7 7//7
f 40//7 7//7 42//7
f 42//7 7//7 44//7
f 44//7 7//7 46//7
f 46//7 7//7 48//7
f 48//7 7//7 50//7
f 50//7 7//7 52//7
f 52//7 7//7 5//7
f 52//7 5//7 54//7
f 54//7 5//7 56//7
f 56//7 5//7 58//7
f 58//7 5//7 60//7
f 60//7 5//7 62//7
f 62//7 5//7 64//7
f 64//7 5//7 2//7
f 64//7 2//7 66//7
f 66//7 2//7 68//7
f 68//7 2//7 70//7
f 70//7 2//7 72//7
f 72//7 2//7 74//7
f 74//7 2//7 76//7
f 76//7 2//7 1//7
f 76//7 1//7 78//7
f 78//7 1//7 80//7
f 80//7 1//7 82//7
f 82//7 1//7 84//7
f 84//7 1//7 14//7
f 121//1 122//1 123//1
f 123//1 122//1 124//1
f 122//2 125//2 124//2
f 124//2 125//2 126//2
f 125//3 127//3 126//3
f 126//3 127//3 128//3
f 127//4 129//4 128//4
f 128//4 129//4 130//4
f 129//5 131//5 130//5
f 130//5 131//5 132//5
f 131//6 121//6 132//6
f 132//6 121//6 123//6
f 123//7 124//7 132//7
f 132//7 124//7 130//7
f 130//7 124//7 126//7
f 130//7 126//7 128//7
f 133//8 134//8 135//8
f 135//9 134//9 136//9
f 135//10 136//10 137//10
f 137//10 136//10 138//10
f 137//11 138//11 139//11
f 139//11 138//11 140//11
f 139//12 140//12 141//12
f 141//12 140//12 142//12
f 141//13 142//13 143//13
f 143//13 142//13 144//13
f 143//14 144//14 145//14
f 145//14 144//14 146//14
f 145//15 146//15 147//15
f 147//15 146//15 148//15
f 147//16 148//16 149//16
f 149//84 148//84 150//84
f 149//17 150//17 151//17
f 151//17 150//17 152//17
f 151//18 152//18 153//18
f 153//18 152//18 154//18
f 153//19 154//19 155//19
f 155//19 154//19 156//19
f 155//20 156//20 157//20
f 157//20 156//20 158//20
f 157//21 158//21 159//21
f 159//21 158//21 160//21
f 159//22 160//22 161//22
f 161//22 160//22 162//22
f 161//23 162//23 163//23
f 163//23 162//23 164//23
f 163//24 164//24 165//24
f 165//24 164//24 166//24
f 165//25 166//25 167//25
f 167//85 166//85 168//85
f 167//26 168//26 169//26
f 169//26 168//26 170//26
f 169//27 170//27 171//27
f 171//28 170//28 172//28
f 171//29 172//29 173//29
f 173//29 172//29 174//29
f 173//30 174//30 175//30
f 175//30 174//30 176//30
f 175//31 176//31 177//31
f 177//31 176//31 178//31
f 177//32 178//32 179//32
f 179//32 178//32 180//32
f 179//33 180//33 181//33
f 181//33 180//33 182//33
f 181//34 182//34 183//34
f 183//34 182//34 184//34
f 183//35 184//35 185//35
f 185//35 184//35 186//35
f 185//37 186//37 187//37
f 187//37 186//37 188//37
f 187//38 188//38 189//38
f 189//38 188//38 190//38
f 189//39 190//39 191//39
f 191//39 190//39 192//39
f 191//40 192//40 193//40
f 193//40 192//40 194//40
f 193//41 194//41 195//41
f 195//41 194//41 196//41
f 195//42 196//42 197//42
f 197//42 196//42 198//42
f 197//44 198//44 199//44
f 199//44 198//44 200//44
f 199//45 200//45 201//45
f 201//45 200//45 202//45
f 201//46 202//46 203//46
f 203//86 202//86 204//86
f 203//47 204//47 133//47
f 133//47 204//47 134//47
f 205//48 133//48 206//48
f 206//48 133//48 135//48
f 206//49 135//49 207//49
f 207//49 135//49 137//49
f 207//50 137//50 208//50
f 208//50 137//50 139//50
f 208//51 139//51 209//51
f 209//51 139//51 141//51
f 209//52 141//52 210//52
f 210//52 141//52 143//52
f 210//53 143//53 211//53
f 211//53 143//53 145//53
f 211//54 145//54 212//54
f 212//54 145//54 147//54
f 212//55 147//55 213//55
f 213//55 147//55 149//55
f 213//56 149//56 214//56
f 214//56 149//56 151//56
f 214//57 151//57 215//57
f 215//57 151//57 153//57
f 215//58 153//58 216//58
f 216//58 153//58 155//58
f 216//59 155//59 217//59
f 217//59 155//59 157//59
f 217//60 157//60 218//60
f 218//60 157//60 159//60
f 218//61 159//61 219//61
f 219//61 159//61 161//61
f 219//62 161//62 220//62
f 220//62 161//62 163//62
f 220//63 163//63 221//63
f 221//63 163//63 165//63
f 221//64 165//64 222//64
f 222//64 165//64 167//64
f 222//65 167//65 223//65
f 223//65 167//65 169//65
f 223//66 169//66 224//66
f 224//66 169//66 171//66
f 224//67 171//67 225//67
f 225//67 171//67 173//67
f 225//68 173//68 226//68
f 226//68 173//68 175//68
f 226//69 175//69 227//69
f 227//69 175//69 177//69
f 227//70 177//70 228//70
f 228//70 177//70 179//70
f 228//71 179//71 229//71
f 229//71 179//71 181//71
f 229//72 181//72 230//72
f 230//72 181//72 183//72
f 230//73 183//73 231//73
f 231//73 183//73 185//73
f 231//74 185//74 232//74
f 232//74 185//74 187//74
f 232//75 187//75 233//75
f 233//75 187//75 189//75
f 233//76 189//76 234//76
f 234//76 189//76 191//76
f 234//77 191//77 235//77
f 235//77 191//77 193//77
f 235//78 193//78 236//78
f 236//78 193//78 195//78
f 236//79 195//79 237//79
f 237//79 195//79 197//79
f 237//80 197//80 238//80
f 238//80 197//80 199//80
f 238//81 199//81 239//81
f 239//81 199//81 201//81
f 239//82 201//82 240//82
f 240//82 201//82 203//82
f 240//83 203//83 205//83
f 205//83 203//83 133//83
f 134//7 121//7 136//7
f 136//7 121//7 131//7
f 136//7 131//7 138//7
f 138//7 131//7 140//7
f 140//7 131//7 142//7
f 142//7 131//7 144//7
f 144//7 131//7 146//7
f 146//7 131//7 148//7
f 148//7 131//7 129//7
f 148//7 129//7 150//7
f 150//7 129//7 152//7
f 152//7 129//7 154//7
f 154//7 129//7 156//7
f 156//7 129//7 158//7
f 158//7 129//7 160//7
f 160//7 129//7 127//7
f 160//7 127//7 162//7
f 162//7 127//7 164//7
f 164//7 127//7 166//7
f 166//7 127//7 168//7
f 168//7 127//7 170//7
f 170//7 127//7 172//7
f 172//7 127//7 125//7
f 172//7 125//7 174//7
f 174//7 125//7 176//7
f 176//7 125//7 178//7
f 178//7 125//7 180//7
f 180//7 125//7 182//7
f 182//7 125//7 184//7
f 184//7 125//7 122//7
f 184//7 122//7 186//7
f 186//7 122//7 188//7
f 188//7 122//7 190//7
f 190//7 122//7 192//7
f 192//7 122//7 194//7
f 194//7 122//7 196//7
f 196//7 122//7 121//7
f 196//7 121//7 198//7
f 198//7 121//7 200//7
f 200//7 121//7 202//7
f 202//7 121//7 204//7
f 204//7 121//7 134//7
f 241//1 242//1 243//1
f 243//1 242//1 244//1
f 242//2 245//2 244//2
f 244//2 245//2 246//2
f 245//3 247//3 246//3
f 246//3 247//3 248//3
f 247//4 249//4 248//4
f 248//4 249//4 250//4
f 249//5 251//5 250//5
f 250//5 251//5 252//5
f 251//6 241//6 252//6
f 252//6 241//6 243//6
f 243//7 244//7 252//7
f 252//7 244//7 250//7
f 250//7 244//7 246//7
f 250//7 246//7 248//7
f 253//8 254//8 255//8
f 255//9 254//9 256//9
f 255//10 256//10 257//10
f 257//10 256//10 258//10
f 257//11 258//11 259//11
f 259//11 258//11 260//11
f 259//12 260//12 261//12
f 261//12 260//12 262//12
f 261//13 262//13 263//13
f 263//13 262//13 264//13
f 263//14 264//14 265//14
f 265//14 264//14 266//14
f 265//15 266//15 267//15
f 267//15 266//15 268//15
f 267//84 268//84 269//84
f 269//84 268//84 270//84
f 269//17 270//17 271//17
f 271//17 270//17 272//17
f 271//87 272//87 273//87
f 273//18 272//18 274//18
f 273//19 274//19 275//19
f 275//19 274//19 276//19
f 275//20 276//20 277//20
f 277//20 276//20 278//20
f 277//21 278//21 279//21
f 279//21 278//21 280//21
f 279//22 280//22 281//22
f 281//22 280//22 282//22
f 281//23 282//23 283//23
f 283//23 282//23 284//23
f 283//24 284//24 285//24
f 285//24 284//24 286//24
f 285//25 286//25 287//25
f 287//25 286//25 288//25
f 287//26 288//26 289//26
f 289//26 288//26 290//26
f 289//28 290//28 291//28
f 291//28 290//28 292//28
f 291//29 292//29 293//29
f 293//29 292//29 294//29
f 293//30 294//30 295//30
f 295//30 294//30 296//30
f 295//31 296//31 297//31
f 297//31 296//31 298//31
f 297//32 298//32 299//32
f 299//32 298//32 300//32
f 299//33 300//33 301//33
f 301//33 300//33 302//33
f 301//34 302//34 303//34
f 303//34 302//34 304//34
f 303//35 304//35 305//35
f 305//36 304//36 306//36
f 305//37 306//37 307//37
f 307//37 306//37 308//37
f 307//38 308//38 309//38
f 309//38 308//38 310//38
f 309//39 310//39 311//39
f 311//39 310//39 312//39
f 311//40 312//40 313//40
f 313//40 312//40 314//40
f 313//41 314//41 315//41
f 315//41 314//41 316//41
f 315//42 316//42 317//42
f 317//42 316//42 318//42
f 317//44 318//44 319//44
f 319//44 318//44 320//44
f 319//45 320//45 321//45
f 321//45 320//45 322//45
f 321//46 322//46 323//46
f 323//46 322//46 324//46
f 323//47 324//47 253//47
f 253//47 324//47 254//47
f 325//48 253//48 326//48
f 326//48 253//48 255//48
f 326//49 255//49 327//49
f 327//49 255//49 257//49
f 327//50 257//50 328//50
f 328//50 257//50 259//50
f 328//51 259//51 329//51
f 329//51 259//51 261//51
f 329//52 261//52 330//52
f 330//52 261//52 263//52
f 330//53 263//53 331//53
f 331//53 263//53 265//53
f 331//54 265//54 332//54
f 332//54 265//54 267//54
f 332//55 267//55 333//55
f 333//55 267//55 269//55
f 333//56 269//56 334//56
f 334//56 269//56 271//56
f 334//57 271//57 335//57
f 335//57 271//57 273//57
f 335//58 273//58 336//58
f 336//58 273//58 275//58
f 336//59 275//59 337//59
f 337//59 275//59 277//59
f 337//60 277//60 338//60
f 338//60 277//60 279//60
f 338//61 279//61 339//61
f 339//61 279//61 281//61
f 339//62 281//62 340//62
f 340//62 281//62 283//62
f 340//63 283//63 341//63
f 341//63 283//63 285//63
f 341//64 285//64 342//64
f 342//64 285//64 287//64
f 342//65 287//65 343//65
f 343//65 287//65 289//65
f 343//66 289//66 344//66
f 344//66 289//66 291//66
f 344//67 291//67 345//67
f 345//67 291//67 293//67
f 345//68 293//68 346//68
f 346//68 293//68 295//68
f 346//69 295//69 347//69
f 347//69 295//69 297//69
f 347//70 297//70 348//70
f 348//70 297//70 299//70
f 348//71 299//71 349//71
f 349//71 299//71 301//71
f 349//72 301//72 350//72
f 350//72 301//72 303//72
f 350//73 303//73 351//73
f 351//73 303//73 305//73
f 351//74 305//74 352//74
f 352//74 305//74 307//74
f 352//75 307//75 353//75
f 353//75 307//75 309//75
f 353//76 309//76 354//76
f 354//76 309//76 311//76
f 354//77 311//77 355//77
f 355//77 311//77 313//77
f 355//78 313//78 356//78
f 356//78 313//78 315//78
f 356//79 315//79 357//79
f 357//79 315//79 317//79
f 357//80 317//80 358//80
f 358//80 317//80 319//80
f 358//81 319//81 359//81
f 359//81 319//81 321//81
f 359//82 321//82 360//82
f 360//82 321//82 323//82
f 360//83 323//83 325//83
f 325//83 323//83 253//83
f 254//7 241//7 256//7
f 256//7 241//7 251//7
f 256//7 251//7 258//7
f 258//7 251//7 260//7
f 260//7 251//7 262//7
f 262//7 251//7 264//7
f 264//7 251//7 266//7
f 266//7 251//7 268//7
f 268//7 251//7 249//7
f 268//7 249//7 270//7
f 270//7 249//7 272//7
f 272//7 249//7 274//7
f 274//7 249//7 276//7
f 276//7 249//7 278//7
f 278//7 249//7 280//7
f 280//7 249//7 247//7
f 280//7 247//7 282//7
f 282//7 247//7 284//7
f 284//7 247//7 286//7
f 286//7 247//7 288//7
f 288//7 247//7 290//7
f 290//7 247//7 292//7
f 292//7 247//7 245//7
f 292//7 245//7 294//7
f 294//7 245//7 296//7
f 296//7 245//7 298//7
f 298//7 245//7 300//7
f 300//7 245//7 302//7
f 302//7 245//7 304//7
f 304//7 245//7 242//7
f 304//7 242//7 306//7
f 306//7 242//7 308//7
f 308//7 242//7 310//7
f 310//7 242//7 312//7
f 312//7 242//7 314//7
f 314//7 242//7 316//7
f 316//7 242//7 241//7
f 316//7 241//7 318//7
f 318//7 241//7 320//7
f 320//7 241//7 322//7
f 322//7 241//7 324//7
f 324//7 241//7 254//7
f 361//1 362//1 363//1
f 363//1 362//1 364//1
f 362//2 365//2 364//2
f 364//2 365//2 366//2
f 365//3 367//3 366//3
f 366//3 367//3 368//3
f 367//4 369//4 368//4
f 368//4 369//4 370//4
f 369//5 371//5 370//5
f 370//5 371//5 372//5
f 371//6 361//6 372//6
f 372//6 361//6 363//6
f 363//7 364//7 372//7
f 372//7 364//7 370//7
f 370//7 364//7 366//7
f 370//7 366//7 368//7
f 373//8 374//8 375//8
f 375//9 374//9 376//9
f 375//10 376//10 377//10
f 377//10 376//10 378//10
f 377//11 378//11 379//11
f 379//11 378//11 380//11
f 379//12 380//12 381//12
f 381//12 380//12 382//12
f 381//13 382//13 383//13
f 383//13 382//13 384//13
f 383//14 384//14 385//14
f 385//14 384//14 386//14
f 385//15 386//15 387//15
f 387//15 386//15 388//15
f 387//16 388//16 389//16
f 389//84 388//84 390//84
f 389//17 390//17 391//17
f 391//17 390//17 392//17
f 391//18 392//18 393//18
f 393//18 392//18 394//18
f 393//19 394//19 395//19
f 395//19 394//19 396//19
f 395//20 396//20 397//20
f 397//20 396//20 398//20
f 397//21 398//21 399//21
f 399//21 398//21 400//21
f 399//22 400//22 401//22
f 401//22 400//22 402//22
f 401//88 402//88 403//88
f 403//23 402//23 404//23
f 403//24 404//24 405//24
f 405//24 404//24 406//24
f 405//25 406//25 407//25
f 407//25 406//25 408//25
f 407//26 408//26 409//26
f 409//26 408//26 410//26
f 409//27 410//27 411//27
f 411//28 410//28 412//28
f 411//29 412//29 413//29
f 413//29 412//29 414//29
f 413//30 414//30 415//30
f 415//30 414//30 416//30
f 415//31 416//31 417//31
f 417//31 416//31 418//31
f 417//32 418//32 419//32
f 419//32 418//32 420//32
f 419//33 420//33 421//33
f 421//33 420//33 422//33
f 421//34 422//34 423//34
f 423//34 422//34 424//34
f 423//35 424//35 425//35
f 425//35 424//35 426//35
f 425//37 426//37 427//37
f 427//37 426//37 428//37
f 427//38 428//38 429//38
f 429//38 428//38 430//38
f 429//39 430//39 431//39
f 431//39 430//39 432//39
f 431//40 432//40 433//40
f 433//40 432//40 434//40
f 433//41 434//41 435//41
f 435//41 434//41 436//41
f 435//42 436//42 437//42
f 437//42 436//42 438//42
f 437//44 438//44 439//44
f 439//44 438//44 440//44
f 439//45 440//45 441//45
f 441//45 440//45 442//45
f 441//46 442//46 443//46
f 443//46 442//46 444//46
f 443//47 444//47 373//47
f 373//47 444//47 374//47
f 445//48 373//48 446//48
f 446//48 373//48 375//48
f 446//49 375//49 447//49
f 447//49 375//49 377//49
f 447//50 377//50 448//50
f 448//50 377//50 379//50
f 448//51 379//51 449//51
f 449//51 379//51 381//51
f 449//52 381//52 450//52
f 450//52 381//52 383//52
f 450//53 383//53 451//53
f 451//53 383//53 385//53
f 451//54 385//54 452//54
f 452//54 385//54 387//54
f 452//55 387//55 453//55
f 453//55 387//55 389//55
f 453//56 389//56 454//56
f 454//56 389//56 391//56
f 454//57 391//57 455//57
f 455//57 391//57 393//57
f 455//58 393//58 456//58
f 456//58 393//58 395//58
f 456//59 395//59 457//59
f 457//59 395//59 397//59
f 457//60 397//60 458//60
f 458//60 397//60 399//60
f 458//61 399//61 459//61
f 459//61 399//61 401//61
f 459//62 401//62 460//62
f 460//62 401//62 403//62
f 460//63 403//63 461//63
f 461//63 403//63 405//63
f 461//64 405//64 462//64
f 462//64 405//64 407//64
f 462//65 407//65 463//65
f 463//65 407//65 409//65
f 463//66 409//66 464//66
f 464//66 409//66 411//66
f 464//67 411//67 465//67
f 465//67 411//67 413//67
f 465//68 413//68 466//68
f 466//68 413//68 415//68
f 466//69 415//69 467//69
f 467//69 415//69 417//69
f 467//70 417//70 468//70
f 468//70 417//70 419//70
f 468//71 419//71 469//71
f 469//71 419//71 421//71
f 469//72 421//72 470//72
f 470//72 421//72 423//72
f 470//73 423//73 471//73
f 471//73 423//73 425//73
f 471//74 425//74 472//74
f 472//74 425//74 427//74
f 472//75 427//75 473//75
f 473//75 427//75 429//75
f 473//76 429//76 474//76
f 474//76 429//76 431//76
f 474//77 431//77 475//77
f 475//77 431//77 433//77
f 475//78 433//78 476//78
f 476//78 433//78 435//78
f 476//79 435//79 477//79
f 477//79 435//79 437//79
f 477//80 437//80 478//80
f 478//80 437//80 439//80
f 478//81 439//81 479//81
f 479//81 439//81 441//81
f 479//82 441//82 480//82
f 480//82 441//82 443//82
f 480//83 443//83 445//83
f 445//83 443//83 373//83
f 374//7 361//7 376//7
f 376//7 361//7 371//7
f 376//7 371//7 378//7
f 378//7 371//7 380//7
f 380//7 371//7 382//7
f 382//7 371//7 384//7
f 384//7 371//7 386//7
f 386//7 371//7 388//7
f 388//7 371//7 369//7
f 388//7 369//7 390//7
f 390//7 369//7 392//7
f 392//7 369//7 394//7
f 394//7 369//7 396//7
f 396//7 369//7 398//7
f 398//7 369//7 400//7
f 400//7 369//7 367//7
f 400//7 367//7 402//7
f 402//7 367//7 404//7
f 404//7 367//7 406//7
f 406//7 367//7 408//7
f 408//7 367//7 410//7
f 410//7 367//7 412//7
f 412//7 367//7 365//7
f 412//7 365//7 414//7
f 414//7 365//7 416//7
f 416//7 365//7 418//7
f 418//7 365//7 420//7
f 420//7 365//7 422//7
f 422//7 365//7 424//7
f 424//7 365//7 362//7
f 424//7 362//7 426//7
f 426//7 362//7 428//7
f 428//7 362//7 430//7
f 430//7 362//7 432//7
f 432//7 362//7 434//7
f 434//7 362//7 436//7
f 436//7 362//7 361//7
f 436//7 361//7 438//7
f 438//7 361//7 440//7
f 440//7 361//7 442//7
f 442//7 361//7 444//7
f 444//7 361//7 374//7
f 481//1 482//1 483//1
f 483//1 482//1 484//1
f 482//2 485//2 484//2
f 484//2 485//2 486//2
f 485//3 487//3 486//3
f 486//3 487//3 488//3
f 487//4 489//4 488//4
f 488//4 489//4 490//4
f 489//5 491//5 490//5
f 490//5 491//5 492//5
f 491//6 481//6 492//6
f 492//6 481//6 483//6
f 483//7 484//7 492//7
f 492//7 484//7 490//7
f 490//7 484//7 486//7
f 490//7 486//7 488//7
f 493//9 494//9 495//9
f 495//9 494//9 496//9
f 495//10 496//10 497//10
f 497//10 496//10 498//10
f 497//11 498//11 499//11
f 499//11 498//11 500//11
f 499//12 500//12 501//12
f 501//12 500//12 502//12
f 501//13 502//13 503//13
f 503//13 502//13 504//13
f 503//14 504//14 505//14
f 505//14 504//14 506//14
f 505//15 506//15 507//15
f 507//15 506//15 508//15
f 507//16 508//16 509//16
f 509//84 508//84 510//84
f 509//17 510//17 511//17
f 511//17 510//17 512//17
f 511//18 512//18 513//18
f 513//18 512//18 514//18
f 513//19 514//19 515//19
f 515//19 514//19 516//19
f 515//20 516//20 517//20
f 517//20 516//20 518//20
f 517//21 518//21 519//21
f 519//21 518//21 520//21
f 519//22 520//22 521//22
f 521//22 520//22 522//22
f 521//23 522//23 523//23
f 523//23 522//23 524//23
f 523//24 524//24 525//24
f 525//24 524//24 526//24
f 525//25 526//25 527//25
f 527//25 526//25 528//25
f 527//26 528//26 529//26
f 529//26 528//26 530//26
f 529//27 530//27 531//27
f 531//28 530//28 532//28
f 531//29 532//29 533//29
f 533//29 532//29 534//29
f 533//30 534//30 535//30
f 535//30 534//30 536//30
f 535//31 536//31 537//31
f 537//31 536//31 538//31
f 537//32 538//32 539//32
f 539//32 538//32 540//32
f 539//33 540//33 541//33
f 541//33 540//33 542//33
f 541//34 542//34 543//34
f 543//34 542//34 544//34
f 543//36 544//36 545//36
f 545//36 544//36 546//36
f 545//37 546//37 547//37
f 547//37 546//37 548//37
f 547//89 548//89 549//89
f 549//38 548//38 550//38
f 549//39 550//39 551//39
f 551//39 550//39 552//39
f 551//40 552//40 553//40
f 553//40 552//40 554//40
f 553//41 554//41 555//41
f 555//41 554//41 556//41
f 555//42 556//42 557//42
f 557//42 556//42 558//42
f 557//44 558//44 559//44
f 559//44 558//44 560//44
f 559//45 560//45 561//45
f 561//45 560//45 562//45
f 561//46 562//46 563//46
f 563//46 562//46 564//46
f 563//47 564//47 493//47
f 493//47 564//47 494//47
f 565//48 493//48 566//48
f 566//48 493//48 495//48
f 566//49 495//49 567//49
f 567//49 495//49 497//49
f 567//50 497//50 568//50
f 568//50 497//50 499//50
f 568//51 499//51 569//51
f 569//51 499//51 501//51
f 569//52 501//52 570//52
f 570//52 501//52 503//52
f 570//53 503//53 571//53
f 571//53 503//53 505//53
f 571//54 505//54 572//54
f 572//54 505//54 507//54
f 572//55 507//55 573//55
f 573//55 507//55 509//55
f 573//56 509//56 574//56
f 574//56 509//56 511//56
f 574//57 511//57 575//57
f 575//57 511//57 513//57
f 575//58 513//58 576//58
f 576//58 513//58 515//58
f 576//59 515//59 577//59
f 577//59 515//59 517//59
f 577//60 517//60 578//60
f 578//60 517//60 519//60
f 578//61 519//61 579//61
f 579//61 519//61 521//61
f 579//62 521//62 580//62
f 580//62 521//62 523//62
f 580//63 523//63 581//63
f 581//63 523//63 525//63
f 581//64 525//64 582//64
f 582//64 525//64 527//64
f 582//65 527//65 583//65
f 583//65 527//65 529//65
f 583//66 529//66 584//66
f 584//66 529//66 531//66
f 584//67 531//67 585//67
f 585//67 531//67 533//67
f 585//68 533//68 586//68
f 586//68 533//68 535//68
f 586//69 535//69 587//69
f 587//69 535//69 537//69
f 587//70 537//70 588//70
f 588//70 537//70 539//70
f 588//71 539//71 589//71
f 589//71 539//71 541//71
f 589//72 541//72 590//72
f 590//72 541//72 543//72
f 590//73 543//73 591//73
f 591//73 543//73 545//73
f 591//74 545//74 592//74
f 592//74 545//74 547//74
f 592//75 547//75 593//75
f 593//75 547//75 549//75
f 593//76 549//76 594//76
f 594//76 549//76 551//76
f 594//77 551//77 595//77
f 595//77 551//77 553//77
f 595//78 553//78 596//78
f 596//78 553//78 555//78
f 596//79 555//79 597//79
f 597//79 555//79 557//79
f 597//80 557//80 598//80
f 598//80 557//80 559//80
f 598//81 559//81 599//81
f 599//81 559//81 561//81
f 599//82 561//82 600//82
f 600//82 561//82 563//82
f 600//83 563//83 565//83
f 565//83 563//83 493//83
f 494//7 481//7 496//7
f 496//7 481//7 491//7
f 496//7 491//7 498//7
f 498//7 491//7 500//7
f 500//7 491//7 502//7
f 502//7 491//7 504//7
f 504//7 491//7 506//7
f 506//7 491//7 508//7
f 508//7 491//7 489//7
f 508//7 489//7 510//7
f 510//7 489//7 512//7
f 512//7 489//7 514//7
f 514//7 489//7 516//7
f 516//7 489//7 518//7
f 518//7 489//7 520//7
f 520//7 489//7 487//7
f 520//7 487//7 522//7
f 522//7 487//7 524//7
f 524//7 487//7 526//7
f 526//7 487//7 528//7
f 528//7 487//7 530//7
f 530//7 487//7 532//7
f 532//7 487//7 485//7
f 532//7 485//7 534//7
f 534//7 485//7 536//7
f 536//7 485//7 538//7
f 538//7 485//7 540//7
f 540//7 485//7 542//7
f 542//7 485//7 544//7
f 544//7 485//7 482//7
f 544//7 482//7 546//7
f 546//7 482//7 548//7
f 548//7 482//7 550//7
f 550//7 482//7 552//7
f 552//7 482//7 554//7
f 554//7 482//7 556//7
f 556//7 482//7 481//7
f 556//7 481//7 558//7
f 558//7 481//7 560//7
f 560//7 481//7 562//7
f 562//7 481//7 564//7
f 564//7 481//7 494//7
f 601//1 602//1 603//1
f 603//1 602//1 604//1
f 602//2 605//2 604//2
f 604//2 605//2 606//2
f 605//3 607//3 606//3
f 606//3 607//3 608//3
f 607//4 609//4 608//4
f 608//4 609//4 610//4
f 609//5 611//5 610//5
f 610//5 611//5 612//5
f 611//6 601//6 612//6
f 612//6 601//6 603//6
f 603//7 604//7 612//7
f 612//7 604//7 610//7
f 610//7 604//7 606//7
f 610//7 606//7 608//7
f 613//8 614//8 615//8
f 615//9 614//9 616//9
f 615//10 616//10 617//10
f 617//10 616//10 618//10
f 617//11 618//11 619//11
f 619//11 618//11 620//11
f 619//12 620//12 621//12
f 621//12 620//12 622//12
f 621//13 622//13 623//13
f 623//13 622//13 624//13
f 623//14 624//14 625//14
f 625//14 624//14 626//14
f 625//15 626//15 627//15
f 627//15 626//15 628//15
f 627//16 628//16 629//16
f 629//16 628//16 630//16
f 629//17 630//17 631//17
f 631//17 630//17 632//17
f 631//18 632//18 633//18
f 633//18 632//18 634//18
f 633//19 634//19 635//19
f 635//19 634//19 636//19
f 635//20 636//20 637//20
f 637//20 636//20 638//20
f 637//21 638//21 639//21
f 639//21 638//21 640//21
f 639//22 640//22 641//22
f 641//22 640//22 642//22
f 641//23 642//23 643//23
f 643//23 642//23 644//23
f 643//24 644//24 645//24
f 645//24 644//24 646//24
f 645//25 646//25 647//25
f 647//90 646//90 648//90
f 647//26 648//26 649//26
f 649//26 648//26 650//26
f 649//27 650//27 651//27
f 651//28 650//28 652//28
f 651//29 652//29 653//29
f 653//29 652//29 654//29
f 653//30 654//30 655//30
f 655//30 654//30 656//30
f 655//31 656//31 657//31
f 657//31 656//31 658//31
f 657//32 658//32 659//32
f 659//32 658//32 660//32
f 659//33 660//33 661//33
f 661//33 660//33 662//33
f 661//34 662//34 663//34
f 663//34 662//34 664//34
f 663//35 664//35 665//35
f 665//36 664//36 666//36
f 665//37 666//37 667//37
f 667//37 666//37 668//37
f 667//38 668//38 669//38
f 669//38 668//38 670//38
f 669//39 670//39 671//39
f 671//39 670//39 672//39
f 671//40 672//40 673//40
f 673//40 672//40 674//40
f 673//41 674//41 675//41
f 675//41 674//41 676//41
f 675//42 676//42 677//42
f 677//42 676//42 678//42
f 677//44 678//44 679//44
f 679//44 678//44 680//44
f 679//45 680//45 681//45
f 681//45 680//45 682//45
f 681//46 682//46 683//46
f 683//91 682//91 684//91
f 683//47 684//47 613//47
f 613//47 684//47 614//47
f 685//48 613//48 686//48
f 686//48 613//48 615//48
f 686//49 615//49 687//49
f 687//49 615//49 617//49
f 687//50 617//50 688//50
f 688//50 617//50 619//50
f 688//51 619//51 689//51
f 689//51 619//51 621//51
f 689//52 621//52 690//52
f 690//52 621//52 623//52
f 690//53 623//53 691//53
f 691//53 623//53 625//53
f 691//54 625//54 692//54
f 692//54 625//54 627//54
f 692//55 627//55 693//55
f 693//55 627//55 629//55
f 693//56 629//56 694//56
f 694//56 629//56 631//56
f 694//57 631//57 695//57
f 695//57 631//57 633//57
f 695//58 633//58 696//58
f 696//58 633//58 635//58
f 696//59 635//59 697//59
f 697//59 635//59 637//59
f 697//60 637//60 698//60
f 698//60 637//60 639//60
f 698//61 639//61 699//61
f 699//61 639//61 641//61
f 699//62 641//62 700//62
f 700//62 641//62 643//62
f 700//63 643//63 701//63
f 701//63 643//63 645//63
f 701//64 645//64 702//64
f 702//64 645//64 647//64
f 702//65 647//65 703//65
f 703//65 647//65 649//65
f 703//66 649//66 704//66
f 704//66 649//66 651//66
f 704//67 651//67 705//67
f 705//67 651//67 653//67
f 705//68 653//68 706//68
f 706//68 653//68 655//68
f 706//69 655//69 707//69
f 707//69 655//69 657//69
f 707//70 657//70 708//70
f 708//70 657//70 659//70
f 708//71 659//71 709//71
f 709//71 659//71 661//71
f 709//72 661//72 710//72
f 710//72 661//72 663//72
f 710//73 663//73 711//73
f 711//73 663//73 665//73
f 711//74 665//74 712//74
f 712//74 665//74 667//74
f 712//75 667//75 713//75
f 713//75 667//75 669//75
f 713//76 669//76 714//76
f 714//76 669//76 671//76
f 714//77 671//77 715//77
f 715//77 671//77 673//77
f 715//78 673//78 716//78
f 716//78 673//78 675//78
f 716//79 675//79 717//79
f 717//79 675//79 677//79
f 717//80 677//80 718//80
f 718//80 677//80 679//80
f 718//81 679//81 719//81
f 719//81 679//81 681//81
f 719//82 681//82 720//82
f 720//82 681//82 683//82
f 720//83 683//83 685//83
f 685//83 683//83 613//83
f 614//7 601//7 616//7
f 616//7 601//7 611//7
f 616//7 611//7 618//7
f 618//7 611//7 620//7
f 620//7 611//7 622//7
f 622//7 611//7 624//7
f 624//7 611//7 626//7
f 626//7 611//7 628//7
f 628//7 611//7 609//7
f 628//7 609//7 630//7
f 630//7 609//7 632//7
f 632//7 609//7 634//7
f 634//7 609//7 636//7
f 636//7 609//7 638//7
f 638//7 609//7 640//7
f 640//7 609//7 607//7
f 640//7 607//7 642//7
f 642//7 607//7 644//7
f 644//7 607//7 646//7
f 646//7 607//7 648//7
f 648//7 607//7 650//7
f 650//7 607//7 652//7
f 652//7 607//7 605//7
f 652//7 605//7 654//7
f 654//7 605//7 656//7
f 656//7 605//7 658//7
f 658//7 605//7 660//7
f 660//7 605//7 662//7
f 662//7 605//7 664//7
f 664//7 605//7 602//7
f 664//7 602//7 666//7
f 666//7 602//7 668//7
f 668//7 602//7 670//7
f 670//7 602//7 672//7
f 672//7 602//7 674//7
f 674//7 602//7 676//7
f 676//7 602//7 601//7
f 676//7 601//7 678//7
f 678//7 601//7 680//7
f 680//7 601//7 682//7
f 682//7 601//7 684//7
f 684//7 601//7 614//7
f 721//7 722//7 723//7
f 723//7 722//7 724//7
f 723//7 724//7 725//7
f 725//7 724//7 726//7
f 726//7 724//7 727//7
f 726//7 727//7 728//7
f 728//7 727//7 729//7
f 728//7 729//7 730//7
f 730//7 729//7 731//7
f 732//3 733//3 731//3
f 731//3 733//3 730//3
f 732//92 734//92 733//92
f 733//92 734//92 735//92
f 733//92 735//92 736//92
f 733//92 736//92 737//92
f 737//92 736//92 738//92
f 737//92 738//92 739//92
f 739//92 738//92 740//92
f 739//92 740//92 741//92
f 741//92 740//92 742//92
f 742//92 740//92 743//92
f 743//92 740//92 744//92
f 744//92 740//92 745//92
f 745//92 740//92 746//92
f 745//92 746//92 747//92
f 747//92 746//92 748//92
f 747//92 748//92 749//92
f 749//92 748//92 750//92
f 749//92 750//92 751//92
f 751//92 752//92 749//92
f 753//93 754//93 755//93
f 755//93 754//93 756//93
f 755//94 756//94 757//94
f 757//94 756//94 758//94
f 757//95 758//95 759//95
f 759//95 758//95 760//95
f 759//96 760//96 761//96
f 761//96 760//96 762//96
f 761//97 762//97 763//97
f 763//97 762//97 764//97
f 763//98 764//98 765//98
f 765//98 764//98 766//98
f 765//99 766//99 767//99
f 767//99 766//99 768//99
f 767//100 768//100 769//100
f 769//100 768//100 770//100
f 769//101 770//101 771//101
f 771//102 770//102 772//102
f 771//103 772//103 773//103
f 773//104 772//104 774//104
f 773//105 774//105 775//105
f 775//106 774//106 776//106
f 775//107 776//107 777//107
f 777//107 776//107 778//107
f 777//108 778//108 779//108
f 779//108 778//108 780//108
f 779//109 780//109 781//109
f 781//109 780//109 782//109
f 781//110 782//110 783//110
f 783//110 782//110 784//110
f 783//111 784//111 785//111
f 785//111 784//111 786//111
f 785//112 786//112 787//112
f 787//112 786//112 788//112
f 787//113 788//113 789//113
f 789//113 788//113 790//113
f 789//114 790//114 791//114
f 791//114 790//114 792//114
f 791//115 792//115 793//115
f 793//115 792//115 794//115
f 793//116 794//116 795//116
f 795//116 794//116 796//116
f 795//117 796//117 797//117
f 797//117 796//117 798//117
f 797//118 798//118 799//118
f 799//118 798//118 800//118
f 799//119 800//119 801//119
f 801//119 800//119 802//119
f 801//120 802//120 803//120
f 803//120 802//120 804//120
f 803//121 804//121 805//121
f 805//121 804//121 806//121
f 805//122 806//122 807//122
f 807//122 806//122 808//122
f 807//123 808//123 809//123
f 809//123 808//123 810//123
f 809//124 810//124 811//124
f 811//124 810//124 812//124
f 811//125 812//125 813//125
f 813//125 812//125 814//125
f 813//126 814//126 815//126
f 815//126 814//126 816//126
f 815//127 816//127 817//127
f 817//127 816//127 818//127
f 817//128 818//128 819//128
f 819//128 818//128 820//128
f 819//129 820//129 821//129
f 821//129 820//129 822//129
f 821//130 822//130 823//130
f 823//130 822//130 824//130
f 823//131 824//131 753//131
f 753//131 824//131 754//131
f 825//115 826//115 827//115
f 827//115 826//115 828//115
f 827//114 828//114 829//114
f 829//114 828//114 830//114
f 829//113 830//113 831//113
f 831//113 830//113 832//113
f 831//112 832//112 833//112
f 833//112 832//112 834//112
f 833//132 834//132 835//132
f 835//132 834//132 836//132
f 835//110 836//110 837//110
f 837//110 836//110 838//110
f 837//109 838//109 839//109
f 839//109 838//109 840//109
f 839//108 840//108 841//108
f 841//108 840//108 842//108
f 841//107 842//107 843//107
f 843//107 842//107 844//107
f 843//105 844//105 845//105
f 845//105 844//105 846//105
f 845//103 846//103 847//103
f 847//103 846//103 848//103
f 847//101 848//101 849//101
f 849//101 848//101 850//101
f 849//100 850//100 851//100
f 851//100 850//100 852//100
f 851//99 852//99 853//99
f 853//99 852//99 854//99
f 853//98 854//98 855//98
f 855//98 854//98 856//98
f 855//133 856//133 857//133
f 857//133 856//133 858//133
f 857//96 858//96 859//96
f 859//96 858//96 860//96
f 859//95 860//95 861//95
f 861//95 860//95 862//95
f 861//94 862//94 863//94
f 863//94 862//94 864//94
f 863//93 864//93 865//93
f 865//93 864//93 866//93
f 865//131 866//131 867//131
f 867//131 866//131 868//131
f 867//130 868//130 869//130
f 869//130 868//130 870//130
f 869//134 870//134 871//134
f 871//129 870//129 872//129
f 871//128 872//128 873//128
f 873//128 872//128 874//128
f 873//127 874//127 875//127
f 875//127 874//127 876//127
f 875//126 876//126 877//126
f 877//126 876//126 878//126
f 877//125 878//125 879//125
f 879//125 878//125 880//125
f 879//124 880//124 881//124
f 881//124 880//124 882//124
f 881//123 882//123 883//123
f 883//123 882//123 884//123
f 883//122 884//122 885//122
f 885//122 884//122 886//122
f 885//121 886//121 887//121
f 887//121 886//121 888//121
f 887//120 888//120 889//120
f 889//120 888//120 890//120
f 889//119 890//119 891//119
f 891//119 890//119 892//119
f 891//135 892//135 893//135
f 893//135 892//135 894//135
f 893//117 894//117 895//117
f 895//117 894//117 896//117
f 895//116 896//116 825//116
f 825//116 896//116 826//116
f 897//136 898//136 899//136
f 900//137 898//137 901//137
f 902//138 898//138 903//138
f 904//139 898//139 905//139
f 906//140 898//140 907//140
f 908//141 898//141 909//141
f 910//142 898//142 911//142
f 912//143 898//143 913//143
f 914//144 898//144 915//144
f 916//145 898//145 917//145
f 918//146 898//146 919//146
f 920//147 898//147 921//147
f 922//148 898//148 923//148
f 924//149 898//149 925//149
f 926//150 898//150 927//150
f 928//151 898//151 929//151
f 930//152 898//152 931//152
f 932//153 898//153 933//153
f 899//154 898//154 932//154
f 923//155 898//155 920//155
f 911//156 898//156 908//156
f 933//157 898//157 930//157
f 931//158 898//158 928//158
f 929//159 898//159 926//159
f 927//160 898//160 924//160
f 925//161 898//161 922//161
f 921//162 898//162 918//162
f 919//163 898//163 916//163
f 917//164 898//164 914//164
f 915//165 898//165 912//165
f 913//166 898//166 910//166
f 909//167 898//167 906//167
f 907//168 898//168 904//168
f 905//169 898//169 902//169
f 903//170 898//170 900//170
f 901//171 898//171 897//171
f 932//58 934//58 899//58
f 899//58 934//58 935//58
f 899//57 935//57 897//57
f 897//57 935//57 936//57
f 897//56 936//56 901//56
f 901//56 936//56 937//56
f 901//55 937//55 900//55
f 900//55 937//55 938//55
f 900//54 938//54 903//54
f 903//54 938//54 939//54
f 903//53 939//53 902//53
f 902//53 939//53 940//53
f 902//52 940//52 905//52
f 905//52 940//52 941//52
f 905//51 941//51 904//51
f 904//51 941//51 942//51
f 904//50 942//50 907//50
f 907//50 942//50 943//50
f 907//49 943//49 906//49
f 906//49 943//49 944//49
f 906//48 944//48 909//48
f 909//48 944//48 945//48
f 909//83 945//83 908//83
f 908//83 945//83 946//83
f 908//82 946//82 911//82
f 911//82 946//82 947//82
f 911//81 947//81 910//81
f 910//81 947//81 948//81
f 910//80 948//80 913//80
f 913//80 948//80 949//80
f 913//79 949//79 912//79
f 912//79 949//79 950//79
f 912//78 950//78 915//78
f 915//78 950//78 951//78
f 915//77 951//77 914//77
f 914//77 951//77 952//77
f 914//76 952//76 917//76
f 917//76 952//76 953//76
f 917//75 953//75 916//75
f 916//75 953//75 954//75
f 916//74 954//74 919//74
f 919//74 954//74 955//74
f 919//73 955//73 918//73
f 918//73 955//73 956//73
f 918//72 956//72 921//72
f 921//72 956//72 957//72
f 921//71 957//71 920//71
f 920//71 957//71 958//71
f 920//70 958//70 923//70
f 923//70 958//70 959//70
f 923//69 959//69 922//69
f 922//69 959//69 960//69
f 922//68 960//68 925//68
f 925//68 960//68 961//68
f 925//67 961//67 924//67
f 924//67 961//67 962//67
f 924//66 962//66 927//66
f 927//66 962//66 963//66
f 927//65 963//65 926//65
f 926//65 963//65 964//65
f 926//64 964//64 929//64
f 929//64 964//64 965//64
f 929//63 965//63 928//63
f 928//63 965//63 966//63
f 928//62 966//62 931//62
f 931//62 966//62 967//62
f 931//61 967//61 930//61
f 930//61 967//61 968//61
f 930//60 968//60 933//60
f 933//60 968//60 969//60
f 933//59 969//59 932//59
f 932//59 969//59 934//59
f 970//57 971//57 972//57
f 972//57 971//57 973//57
f 972//58 973//58 974//58
f 974//58 973//58 975//58
f 974//59 975//59 976//59
f 976//59 975//59 977//59
f 976//60 977//60 978//60
f 978//60 977//60 979//60
f 978//61 979//61 980//61
f 980//61 979//61 981//61
f 980//62 981//62 982//62
f 982//62 981//62 983//62
f 982//63 983//63 984//63
f 984//63 983//63 985//63
f 984//64 985//64 986//64
f 986//64 985//64 987//64
f 986//65 987//65 988//65
f 988//65 987//65 989//65
f 988//66 989//66 990//66
f 990//66 989//66 991//66
f 990//67 991//67 992//67
f 992//67 991//67 993//67
f 992//68 993//68 994//68
f 994//68 993//68 995//68
f 994//69 995//69 996//69
f 996//69 995//69 997//69
f 996//70 997//70 998//70
f 998//70 997//70 999//70
f 998//71 999//71 1000//71
f 1000//71 999//71 1001//71
f 1000//72 1001//72 1002//72
f 1002//72 1001//72 1003//72
f 1002//73 1003//73 1004//73
f 1004//73 1003//73 1005//73
f 1004//74 1005//74 1006//74
f 1006//74 1005//74 1007//74
f 1006//75 1007//75 1008//75
f 1008//75 1007//75 1009//75
f 1008//76 1009//76 1010//76
f 1010//76 1009//76 1011//76
f 1010//77 1011//77 1012//77
f 1012//77 1011//77 1013//77
f 1012//78 1013//78 1014//78
f 1014//78 1013//78 1015//78
f 1014//79 1015//79 1016//79
f 1016//79 1015//79 1017//79
f 1016//80 1017//80 1018//80
f 1018//80 1017//80 1019//80
f 1018//81 1019//81 1020//81
f 1020//81 1019//81 1021//81
f 1020//82 1021//82 1022//82
f 1022//82 1021//82 1023//82
f 1022//83 1023//83 1024//83
f 1024//83 1023//83 1025//83
f 1024//48 1025//48 1026//48
f 1026//48 1025//48 1027//48
f 1026//49 1027//49 1028//49
f 1028//49 1027//49 1029//49
f 1028//50 1029//50 1030//50
f 1030//50 1029//50 1031//50
f 1030//51 1031//51 1032//51
f 1032//51 1031//51 1033//51
f 1032//52 1033//52 1034//52
f 1034//52 1033//52 1035//52
f 1034//53 1035//53 1036//53
f 1036//53 1035//53 1037//53
f 1036//54 1037//54 1038//54
f 1038//54 1037//54 1039//54
f 1038//55 1039//55 1040//55
f 1040//55 1039//55 1041//55
f 1040//56 1041//56 970//56
f 970//56 1041//56 971//56
f 935//57 973//57 936//57
f 936//57 973//57 971//57
f 936//56 971//56 937//56
f 937//56 971//56 1041//56
f 937//55 1041//55 938//55
f 938//55 1041//55 1039//55
f 938//54 1039//54 939//54
f 939//54 1039//54 1037//54
f 939//53 1037//53 940//53
f 940//53 1037//53 1035//53
f 940//52 1035//52 941//52
f 941//52 1035//52 1033//52
f 941//51 1033//51 942//51
f 942//51 1033//51 1031//51
f 942//50 1031//50 943//50
f 943//50 1031//50 1029//50
f 943//49 1029//49 944//49
f 944//49 1029//49 1027//49
f 944//48 1027//48 945//48
f 945//48 1027//48 1025//48
f 945//83 1025//83 946//83
f 946//83 1025//83 1023//83
f 946//82 1023//82 947//82
f 947//82 1023//82 1021//82
f 947//81 1021//81 948//81
f 948//81 1021//81 1019//81
f 948//80 1019//80 949//80
f 949//80 1019//80 1017//80
f 949//79 1017//79 950//79
f 950//79 1017//79 1015//79
f 950//78 1015//78 951//78
f 951//78 1015//78 1013//78
f 951//77 1013//77 952//77
f 952//77 1013//77 1011//77
f 952//76 1011//76 953//76
f 953//76 1011//76 1009//76
f 953//75 1009//75 954//75
f 954//75 1009//75 1007//75
f 954//74 1007//74 955//74
f 955//74 1007//74 1005//74
f 955//73 1005//73 956//73
f 956//73 1005//73 1003//73
f 956//72 1003//72 957//72
f 957//72 1003//72 1001//72
f 957//71 1001//71 958//71
f 958//71 1001//71 999//71
f 958//70 999//70 959//70
f 959//70 999//70 997//70
f 959//69 997//69 960//69
f 960//69 997//69 995//69
f 960//68 995//68 961//68
f 961//68 995//68 993//68
f 961//67 993//67 962//67
f 962//67 993//67 991//67
f 962//66 991//66 963//66
f 963//66 991//66 989//66
f 963//65 989//65 964//65
f 964//65 989//65 987//65
f 964//64 987//64 965//64
f 965//64 987//64 985//64
f 965//63 985//63 966//63
f 966//63 985//63 983//63
f 966//62 983//62 967//62
f 967//62 983//62 981//62
f 967//61 981//61 968//61
f 968//61 981//61 979//61
f 968//60 979//60 969//60
f 969//60 979//60 977//60
f 969//59 977//59 934//59
f 934//59 977//59 975//59
f 934//58 975//58 935//58
f 935//58 975//58 973//58
f 1042//136 1043//136 1044//136
f 1045//137 1043//137 1046//137
f 1047//138 1043//138 1048//138
f 1049//139 1043//139 1050//139
f 1051//140 1043//140 1052//140
f 1053//141 1043//141 1054//141
f 1055//142 1043//142 1056//142
f 1057//143 1043//143 1058//143
f 1059//144 1043//144 1060//144
f 1061//145 1043//145 1062//145
f 1063//146 1043//146 1064//146
f 1065//147 1043//147 1066//147
f 1067//148 1043//148 1068//148
f 1069//149 1043//149 1070//149
f 1071//150 1043//150 1072//150
f 1073//151 1043//151 1074//151
f 1075//152 1043//152 1076//152
f 1077//153 1043//153 1078//153
f 1044//154 1043//154 1077//154
f 1068//155 1043//155 1065//155
f 1056//156 1043//156 1053//156
f 1078//157 1043//157 1075//157
f 1076//158 1043//158 1073//158
f 1074//159 1043//159 1071//159
f 1072//160 1043//160 1069//160
f 1070//172 1043//172 1067//172
f 1066//162 1043//162 1063//162
f 1064//163 1043//163 1061//163
f 1062//164 1043//164 1059//164
f 1060//165 1043//165 1057//165
f 1058//166 1043//166 1055//166
f 1054//167 1043//167 1051//167
f 1052//173 1043//173 1049//173
f 1050//169 1043//169 1047//169
f 1048//170 1043//170 1045//170
f 1046//171 1043//171 1042//171
f 1077//58 1079//58 1044//58
f 1044//58 1079//58 1080//58
f 1044//57 1080//57 1042//57
f 1042//57 1080//57 1081//57
f 1042//56 1081//56 1046//56
f 1046//56 1081//56 1082//56
f 1046//55 1082//55 1045//55
f 1045//55 1082//55 1083//55
f 1045//54 1083//54 1048//54
f 1048//54 1083//54 1084//54
f 1048//53 1084//53 1047//53
f 1047//53 1084//53 1085//53
f 1047//52 1085//52 1050//52
f 1050//52 1085//52 1086//52
f 1050//51 1086//51 1049//51
f 1049//51 1086//51 1087//51
f 1049//50 1087//50 1052//50
f 1052//50 1087//50 1088//50
f 1052//49 1088//49 1051//49
f 1051//49 1088//49 1089//49
f 1051//48 1089//48 1054//48
f 1054//48 1089//48 1090//48
f 1054//83 1090//83 1053//83
f 1053//83 1090//83 1091//83
f 1053//82 1091//82 1056//82
f 1056//82 1091//82 1092//82
f 1056//81 1092//81 1055//81
f 1055//81 1092//81 1093//81
f 1055//80 1093//80 1058//80
f 1058//80 1093//80 1094//80
f 1058//79 1094//79 1057//79
f 1057//79 1094//79 1095//79
f 1057//78 1095//78 1060//78
f 1060//78 1095//78 1096//78
f 1060//77 1096//77 1059//77
f 1059//77 1096//77 1097//77
f 1059//76 1097//76 1062//76
f 1062//76 1097//76 1098//76
f 1062//75 1098//75 1061//75
f 1061//75 1098//75 1099//75
f 1061//74 1099//74 1064//74
f 1064//74 1099//74 1100//74
f 1064//73 1100//73 1063//73
f 1063//73 1100//73 1101//73
f 1063//72 1101//72 1066//72
f 1066//72 1101//72 1102//72
f 1066//71 1102//71 1065//71
f 1065//71 1102//71 1103//71
f 1065//70 1103//70 1068//70
f 1068//70 1103//70 1104//70
f 1068//69 1104//69 1067//69
f 1067//69 1104//69 1105//69
f 1067//68 1105//68 1070//68
f 1070//68 1105//68 1106//68
f 1070//67 1106//67 1069//67
f 1069//67 1106//67 1107//67
f 1069//66 1107//66 1072//66
f 1072//66 1107//66 1108//66
f 1072//65 1108//65 1071//65
f 1071//65 1108//65 1109//65
f 1071//64 1109//64 1074//64
f 1074//64 1109//64 1110//64
f 1074//63 1110//63 1073//63
f 1073//63 1110//63 1111//63
f 1073//62 1111//62 1076//62
f 1076//62 1111//62 1112//62
f 1076//61 1112//61 1075//61
f 1075//61 1112//61 1113//61
f 1075//60 1113//60 1078//60
f 1078//60 1113//60 1114//60
f 1078//59 1114//59 1077//59
f 1077//59 1114//59 1079//59
f 1115//57 1116//57 1117//57
f 1117//57 1116//57 1118//57
f 1117//58 1118//58 1119//58
f 1119//58 1118//58 1120//58
f 1119//59 1120//59 1121//59
f 1121//59 1120//59 1122//59
f 1121//60 1122//60 1123//60
f 1123//60 1122//60 1124//60
f 1123//61 1124//61 1125//61
f 1125//61 1124//61 1126//61
f 1125//62 1126//62 1127//62
f 1127//62 1126//62 1128//62
f 1127//63 1128//63 1129//63
f 1129//63 1128//63 1130//63
f 1129//64 1130//64 1131//64
f 1131//64 1130//64 1132//64
f 1131//65 1132//65 1133//65
f 1133//65 1132//65 1134//65
f 1133//66 1134//66 1135//66
f 1135//66 1134//66 1136//66
f 1135//67 1136//67 1137//67
f 1137//67 1136//67 1138//67
f 1137//68 1138//68 1139//68
f 1139//68 1138//68 1140//68
f 1139//69 1140//69 1141//69
f 1141//69 1140//69 1142//69
f 1141//70 1142//70 1143//70
f 1143//70 1142//70 1144//70
f 1143//71 1144//71 1145//71
f 1145//71 1144//71 1146//71
f 1145//72 1146//72 1147//72
f 1147//72 1146//72 1148//72
f 1147//73 1148//73 1149//73
f 1149//73 1148//73 1150//73
f 1149//74 1150//74 1151//74
f 1151//74 1150//74 1152//74
f 1151//75 1152//75 1153//75
f 1153//75 1152//75 1154//75
f 1153//76 1154//76 1155//76
f 1155//76 1154//76 1156//76
f 1155//77 1156//77 1157//77
f 1157//77 1156//77 1158//77
f 1157//78 1158//78 1159//78
f 1159//78 1158//78 1160//78
f 1159//79 1160//79 1161//79
f 1161//79 1160//79 1162//79
f 1161//80 1162//80 1163//80
f 1163//80 1162//80 1164//80
f 1163//81 1164//81 1165//81
f 1165//81 1164//81 1166//81
f 1165//82 1166//82 1167//82
f 1167//82 1166//82 1168//82
f 1167//83 1168//83 1169//83
f 1169//83 1168//83 1170//83
f 1169//48 1170//48 1171//48
f 1171//48 1170//48 1172//48
f 1171//49 1172//49 1173//49
f 1173//49 1172//49 1174//49
f 1173//50 1174//50 1175//50
f 1175//50 1174//50 1176//50
f 1175//51 1176//51 1177//51
f 1177//51 1176//51 1178//51
f 1177//52 1178//52 1179//52
f 1179//52 1178//52 1180//52
f 1179//53 1180//53 1181//53
f 1181//53 1180//53 1182//53
f 1181//54 1182//54 1183//54
f 1183//54 1182//54 1184//54
f 1183//55 1184//55 1185//55
f 1185//55 1184//55 1186//55
f 1185//56 1186//56 1115//56
f 1115//56 1186//56 1116//56
f 1080//57 1118//57 1081//57
f 1081//57 1118//57 1116//57
f 1081//56 1116//56 1082//56
f 1082//56 1116//56 1186//56
f 1082//55 1186//55 1083//55
f 1083//55 1186//55 1184//55
f 1083//54 1184//54 1084//54
f 1084//54 1184//54 1182//54
f 1084//53 1182//53 1085//53
f 1085//53 1182//53 1180//53
f 1085//52 1180//52 1086//52
f 1086//52 1180//52 1178//52
f 1086//51 1178//51 1087//51
f 1087//51 1178//51 1176//51
f 1087//50 1176//50 1088//50
f 1088//50 1176//50 1174//50
f 1088//49 1174//49 1089//49
f 1089//49 1174//49 1172//49
f 1089//48 1172//48 1090//48
f 1090//48 1172//48 1170//48
f 1090//83 1170//83 1091//83
f 1091//83 1170//83 1168//83
f 1091//82 1168//82 1092//82
f 1092//82 1168//82 1166//82
f 1092//81 1166//81 1093//81
f 1093//81 1166//81 1164//81
f 1093//80 1164//80 1094//80
f 1094//80 1164//80 1162//80
f 1094//79 1162//79 1095//79
f 1095//79 1162//79 1160//79
f 1095//78 1160//78 1096//78
f 1096//78 1160//78 1158//78
f 1096//77 1158//77 1097//77
f 1097//77 1158//77 1156//77
f 1097//76 1156//76 1098//76
f 1098//76 1156//76 1154//76
f 1098//75 1154//75 1099//75
f 1099//75 1154//75 1152//75
f 1099//74 1152//74 1100//74
f 1100//74 1152//74 1150//74
f 1100//73 1150//73 1101//73
f 1101//73 1150//73 1148//73
f 1101//72 1148//72 1102//72
f 1102//72 1148//72 1146//72
f 1102//71 1146//71 1103//71
f 1103//71 1146//71 1144//71
f 1103//70 1144//70 1104//70
f 1104//70 1144//70 1142//70
f 1104//69 1142//69 1105//69
f 1105//69 1142//69 1140//69
f 1105//68 1140//68 1106//68
f 1106//68 1140//68 1138//68
f 1106//67 1138//67 1107//67
f 1107//67 1138//67 1136//67
f 1107//66 1136//66 1108//66
f 1108//66 1136//66 1134//66
f 1108//65 1134//65 1109//65
f 1109//65 1134//65 1132//65
f 1109//64 1132//64 1110//64
f 1110//64 1132//64 1130//64
f 1110//63 1130//63 1111//63
f 1111//63 1130//63 1128//63
f 1111//62 1128//62 1112//62
f 1112//62 1128//62 1126//62
f 1112//61 1126//61 1113//61
f 1113//61 1126//61 1124//61
f 1113//60 1124//60 1114//60
f 1114//60 1124//60 1122//60
f 1114//59 1122//59 1079//59
f 1079//59 1122//59 1120//59
f 1079//58 1120//58 1080//58
f 1080//58 1120//58 1118//58
f 1187//7 1167//7 1188//7
f 1188//7 1167//7 1169//7
f 1188//7 1169//7 1171//7
f 1189//7 1008//7 1187//7
f 1187//7 1008//7 1010//7
f 1187//7 1010//7 1012//7
f 1190//7 1139//7 1189//7
f 1189//7 1139//7 986//7
f 1189//7 986//7 988//7
f 1191//7 1135//7 1190//7
f 1190//7 1135//7 1137//7
f 1190//7 1137//7 1139//7
f 1192//7 1127//7 1191//7
f 1191//7 1127//7 1129//7
f 1191//7 1129//7 1131//7
f 1193//7 1117//7 1192//7
f 1192//7 1117//7 1119//7
f 1192//7 1119//7 1121//7
f 1194//7 1179//7 1193//7
f 1193//7 1179//7 1181//7
f 1193//7 1181//7 1183//7
f 1188//7 1171//7 1194//7
f 1194//7 1171//7 1173//7
f 1194//7 1173//7 1175//7
f 974//7 1151//7 972//7
f 972//7 1151//7 1153//7
f 972//7 1153//7 970//7
f 970//7 1153//7 1155//7
f 970//7 1155//7 1040//7
f 1040//7 1155//7 1157//7
f 1040//7 1157//7 1038//7
f 1038//7 1157//7 1159//7
f 1038//7 1159//7 1036//7
f 1036//7 1159//7 1161//7
f 1036//7 1161//7 1034//7
f 1034//7 1161//7 1163//7
f 1034//7 1163//7 1032//7
f 1032//7 1163//7 1165//7
f 1032//7 1165//7 1030//7
f 1030//7 1165//7 1167//7
f 1030//7 1167//7 1187//7
f 1151//7 974//7 1149//7
f 1149//7 974//7 976//7
f 1149//7 976//7 1147//7
f 1147//7 976//7 978//7
f 1147//7 978//7 1145//7
f 1145//7 978//7 980//7
f 1145//7 980//7 1143//7
f 1143//7 980//7 982//7
f 1143//7 982//7 1141//7
f 1141//7 982//7 984//7
f 1141//7 984//7 1139//7
f 1139//7 984//7 986//7
f 988//7 990//7 1189//7
f 1189//7 990//7 992//7
f 1189//7 992//7 994//7
f 994//7 996//7 1189//7
f 1189//7 996//7 998//7
f 1189//7 998//7 1000//7
f 1000//7 1002//7 1189//7
f 1189//7 1002//7 1004//7
f 1189//7 1004//7 1006//7
f 1006//7 1008//7 1189//7
f 1012//7 1014//7 1187//7
f 1187//7 1014//7 1016//7
f 1187//7 1016//7 1018//7
f 1018//7 1020//7 1187//7
f 1187//7 1020//7 1022//7
f 1187//7 1022//7 1024//7
f 1024//7 1026//7 1187//7
f 1187//7 1026//7 1028//7
f 1187//7 1028//7 1030//7
f 1121//7 1123//7 1192//7
f 1192//7 1123//7 1125//7
f 1192//7 1125//7 1127//7
f 1131//7 1133//7 1191//7
f 1191//7 1133//7 1135//7
f 1175//7 1177//7 1194//7
f 1194//7 1177//7 1179//7
f 1183//7 1185//7 1193//7
f 1193//7 1185//7 1115//7
f 1193//7 1115//7 1117//7
f 1188//174 744//174 1195//174
f 1195//175 744//175 745//175
f 1195//176 745//176 1196//176
f 1196//177 745//177 747//177
f 1196//178 747//178 1197//178
f 1197//179 747//179 749//179
f 1197//180 749//180 1198//180
f 1188//181 1194//181 744//181
f 744//182 1194//182 743//182
f 743//183 1194//183 1193//183
f 743//184 1193//184 742//184
f 742//184 1193//184 1192//184
f 742//185 1192//185 1191//185
f 742//186 1191//186 741//186
f 741//187 1191//187 1190//187
f 741//188 1190//188 725//188
f 741//189 725//189 739//189
f 739//190 725//190 726//190
f 739//191 726//191 737//191
f 737//192 726//192 728//192
f 737//193 728//193 733//193
f 733//194 728//194 730//194
f 721//195 1199//195 722//195
f 722//195 1199//195 1200//195
f 722//195 1200//195 1201//195
f 1202//195 1203//195 1204//195
f 1204//195 1203//195 1205//195
f 1204//195 1205//195 1206//195
f 721//6 810//6 1199//6
f 1199//6 810//6 808//6
f 1199//6 808//6 806//6
f 723//6 758//6 721//6
f 721//6 758//6 756//6
f 721//6 756//6 754//6
f 1207//6 774//6 723//6
f 723//6 774//6 772//6
f 723//6 772//6 770//6
f 1199//6 790//6 1207//6
f 1207//6 790//6 788//6
f 1207//6 788//6 786//6
f 754//6 824//6 721//6
f 721//6 824//6 822//6
f 721//6 822//6 820//6
f 820//6 818//6 721//6
f 721//6 818//6 816//6
f 721//6 816//6 814//6
f 814//6 812//6 721//6
f 721//6 812//6 810//6
f 806//6 804//6 1199//6
f 1199//6 804//6 802//6
f 1199//6 802//6 800//6
f 800//6 798//6 1199//6
f 1199//6 798//6 796//6
f 1199//6 796//6 794//6
f 794//6 792//6 1199//6
f 1199//6 792//6 790//6
f 786//6 784//6 1207//6
f 1207//6 784//6 782//6
f 1207//6 782//6 780//6
f 780//6 778//6 1207//6
f 1207//6 778//6 776//6
f 1207//6 776//6 774//6
f 770//6 768//6 723//6
f 723//6 768//6 766//6
f 723//6 766//6 764//6
f 764//6 762//6 723//6
f 723//6 762//6 760//6
f 723//6 760//6 758//6
f 1205//3 882//3 1206//3
f 1206//3 882//3 880//3
f 1206//3 880//3 878//3
f 1208//3 830//3 1205//3
f 1205//3 830//3 828//3
f 1205//3 828//3 826//3
f 1209//3 846//3 1208//3
f 1208//3 846//3 844//3
f 1208//3 844//3 842//3
f 1206//3 862//3 1209//3
f 1209//3 862//3 860//3
f 1209//3 860//3 858//3
f 826//3 896//3 1205//3
f 1205//3 896//3 894//3
f 1205//3 894//3 892//3
f 892//3 890//3 1205//3
f 1205//3 890//3 888//3
f 1205//3 888//3 886//3
f 886//3 884//3 1205//3
f 1205//3 884//3 882//3
f 878//3 876//3 1206//3
f 1206//3 876//3 874//3
f 1206//3 874//3 872//3
f 872//3 870//3 1206//3
f 1206//3 870//3 868//3
f 1206//3 868//3 866//3
f 866//3 864//3 1206//3
f 1206//3 864//3 862//3
f 858//3 856//3 1209//3
f 1209//3 856//3 854//3
f 1209//3 854//3 852//3
f 852//3 850//3 1209//3
f 1209//3 850//3 848//3
f 1209//3 848//3 846//3
f 842//3 840//3 1208//3
f 1208//3 840//3 838//3
f 1208//3 838//3 836//3
f 836//3 834//3 1208//3
f 1208//3 834//3 832//3
f 1208//3 832//3 830//3
f 1190//3 1189//3 725//3
f 725//3 1189//3 723//3
f 1210//6 1198//6 752//6
f 752//6 1198//6 749//6
f 1204//7 1209//7 1211//7
f 1211//7 1209//7 1195//7
f 1211//7 1195//7 1196//7
f 1204//7 1206//7 1209//7
f 1211//7 1196//7 1212//7
f 1212//7 1196//7 1197//7
f 1212//7 1197//7 1213//7
f 1213//7 1197//7 1198//7
f 1213//7 1198//7 1210//7
f 1195//6 1209//6 1188//6
f 1188//6 1209//6 1187//6
f 1208//195 1207//195 1209//195
f 1209//195 1207//195 723//195
f 1209//195 723//195 1187//195
f 1187//195 723//195 1189//195
f 1201//92 1214//92 722//92
f 722//92 1214//92 1215//92
f 1200//7 1199//7 1216//7
f 1216//7 1199//7 1217//7
f 1217//7 1199//7 1205//7
f 1217//7 1205//7 1218//7
f 1218//7 1205//7 1203//7
f 1218//7 1203//7 1219//7
f 1207//7 1208//7 1199//7
f 1199//7 1208//7 1205//7
f 1220//7 1221//7 1218//7
f 1218//7 1221//7 1217//7
f 1201//6 1200//6 1214//6
f 1214//6 1200//6 1216//6
f 829//3 861//3 827//3
f 827//3 861//3 863//3
f 827//3 863//3 825//3
f 825//3 863//3 865//3
f 825//3 865//3 895//3
f 895//3 865//3 867//3
f 895//3 867//3 893//3
f 893//3 867//3 869//3
f 893//3 869//3 891//3
f 891//3 869//3 871//3
f 891//3 871//3 889//3
f 889//3 871//3 873//3
f 889//3 873//3 887//3
f 887//3 873//3 875//3
f 887//196 875//196 885//196
f 885//3 875//3 877//3
f 885//3 877//3 883//3
f 883//3 877//3 879//3
f 883//3 879//3 881//3
f 861//3 829//3 859//3
f 859//3 829//3 831//3
f 859//3 831//3 857//3
f 857//3 831//3 833//3
f 857//3 833//3 855//3
f 855//3 833//3 835//3
f 855//3 835//3 853//3
f 853//3 835//3 837//3
f 853//3 837//3 851//3
f 851//3 837//3 839//3
f 851//3 839//3 849//3
f 849//3 839//3 841//3
f 849//3 841//3 847//3
f 847//3 841//3 843//3
f 847//3 843//3 845//3
f 1222//7 1223//7 1224//7
f 1224//7 1223//7 1225//7
f 1224//7 1225//7 1226//7
f 1226//7 1225//7 1227//7
f 1227//7 1225//7 1228//7
f 1227//7 1228//7 1229//7
f 1229//7 1228//7 1230//7
f 1229//7 1230//7 1231//7
f 1231//7 1230//7 1232//7
f 1233//6 1234//6 1232//6
f 1232//6 1234//6 1231//6
f 1233//92 1235//92 1234//92
f 1234//92 1235//92 1236//92
f 1234//92 1236//92 1237//92
f 1234//92 1237//92 1238//92
f 1238//92 1237//92 1239//92
f 1238//92 1239//92 1240//92
f 1240//92 1239//92 1241//92
f 1240//92 1241//92 1242//92
f 1242//92 1241//92 1243//92
f 1243//92 1241//92 1244//92
f 1244//92 1241//92 1245//92
f 1245//92 1241//92 1246//92
f 1246//92 1241//92 1247//92
f 1246//92 1247//92 1248//92
f 1248//92 1247//92 1249//92
f 1248//92 1249//92 1250//92
f 1250//92 1249//92 1251//92
f 1250//92 1251//92 1252//92
f 1252//92 1253//92 1250//92
f 1254//94 1255//94 1256//94
f 1256//94 1255//94 1257//94
f 1256//93 1257//93 1258//93
f 1258//93 1257//93 1259//93
f 1258//131 1259//131 1260//131
f 1260//131 1259//131 1261//131
f 1260//130 1261//130 1262//130
f 1262//130 1261//130 1263//130
f 1262//129 1263//129 1264//129
f 1264//129 1263//129 1265//129
f 1264//128 1265//128 1266//128
f 1266//128 1265//128 1267//128
f 1266//127 1267//127 1268//127
f 1268//127 1267//127 1269//127
f 1268//126 1269//126 1270//126
f 1270//126 1269//126 1271//126
f 1270//125 1271//125 1272//125
f 1272//197 1271//197 1273//197
f 1272//124 1273//124 1274//124
f 1274//198 1273//198 1275//198
f 1274//123 1275//123 1276//123
f 1276//199 1275//199 1277//199
f 1276//122 1277//122 1278//122
f 1278//122 1277//122 1279//122
f 1278//121 1279//121 1280//121
f 1280//121 1279//121 1281//121
f 1280//120 1281//120 1282//120
f 1282//120 1281//120 1283//120
f 1282//119 1283//119 1284//119
f 1284//119 1283//119 1285//119
f 1284//118 1285//118 1286//118
f 1286//118 1285//118 1287//118
f 1286//117 1287//117 1288//117
f 1288//117 1287//117 1289//117
f 1288//116 1289//116 1290//116
f 1290//116 1289//116 1291//116
f 1290//115 1291//115 1292//115
f 1292//115 1291//115 1293//115
f 1292//114 1293//114 1294//114
f 1294//114 1293//114 1295//114
f 1294//113 1295//113 1296//113
f 1296//113 1295//113 1297//113
f 1296//112 1297//112 1298//112
f 1298//112 1297//112 1299//112
f 1298//111 1299//111 1300//111
f 1300//111 1299//111 1301//111
f 1300//110 1301//110 1302//110
f 1302//110 1301//110 1303//110
f 1302//109 1303//109 1304//109
f 1304//109 1303//109 1305//109
f 1304//108 1305//108 1306//108
f 1306//108 1305//108 1307//108
f 1306//107 1307//107 1308//107
f 1308//107 1307//107 1309//107
f 1308//105 1309//105 1310//105
f 1310//105 1309//105 1311//105
f 1310//103 1311//103 1312//103
f 1312//103 1311//103 1313//103
f 1312//101 1313//101 1314//101
f 1314//101 1313//101 1315//101
f 1314//100 1315//100 1316//100
f 1316//100 1315//100 1317//100
f 1316//99 1317//99 1318//99
f 1318//99 1317//99 1319//99
f 1318//98 1319//98 1320//98
f 1320//98 1319//98 1321//98
f 1320//97 1321//97 1322//97
f 1322//97 1321//97 1323//97
f 1322//96 1323//96 1324//96
f 1324//96 1323//96 1325//96
f 1324//95 1325//95 1254//95
f 1254//95 1325//95 1255//95
f 1326//114 1327//114 1328//114
f 1328//114 1327//114 1329//114
f 1328//115 1329//115 1330//115
f 1330//115 1329//115 1331//115
f 1330//116 1331//116 1332//116
f 1332//116 1331//116 1333//116
f 1332//117 1333//117 1334//117
f 1334//117 1333//117 1335//117
f 1334//135 1335//135 1336//135
f 1336//135 1335//135 1337//135
f 1336//119 1337//119 1338//119
f 1338//119 1337//119 1339//119
f 1338//120 1339//120 1340//120
f 1340//120 1339//120 1341//120
f 1340//121 1341//121 1342//121
f 1342//121 1341//121 1343//121
f 1342//122 1343//122 1344//122
f 1344//122 1343//122 1345//122
f 1344//123 1345//123 1346//123
f 1346//123 1345//123 1347//123
f 1346//124 1347//124 1348//124
f 1348//124 1347//124 1349//124
f 1348//125 1349//125 1350//125
f 1350//125 1349//125 1351//125
f 1350//126 1351//126 1352//126
f 1352//126 1351//126 1353//126
f 1352//127 1353//127 1354//127
f 1354//127 1353//127 1355//127
f 1354//128 1355//128 1356//128
f 1356//128 1355//128 1357//128
f 1356//134 1357//134 1358//134
f 1358//134 1357//134 1359//134
f 1358//130 1359//130 1360//130
f 1360//130 1359//130 1361//130
f 1360//131 1361//131 1362//131
f 1362//131 1361//131 1363//131
f 1362//93 1363//93 1364//93
f 1364//93 1363//93 1365//93
f 1364//94 1365//94 1366//94
f 1366//94 1365//94 1367//94
f 1366//95 1367//95 1368//95
f 1368//95 1367//95 1369//95
f 1368//96 1369//96 1370//96
f 1370//96 1369//96 1371//96
f 1370//133 1371//133 1372//133
f 1372//97 1371//97 1373//97
f 1372//98 1373//98 1374//98
f 1374//98 1373//98 1375//98
f 1374//99 1375//99 1376//99
f 1376//99 1375//99 1377//99
f 1376//100 1377//100 1378//100
f 1378//100 1377//100 1379//100
f 1378//101 1379//101 1380//101
f 1380//101 1379//101 1381//101
f 1380//103 1381//103 1382//103
f 1382//103 1381//103 1383//103
f 1382//105 1383//105 1384//105
f 1384//105 1383//105 1385//105
f 1384//107 1385//107 1386//107
f 1386//107 1385//107 1387//107
f 1386//108 1387//108 1388//108
f 1388//108 1387//108 1389//108
f 1388//109 1389//109 1390//109
f 1390//109 1389//109 1391//109
f 1390//110 1391//110 1392//110
f 1392//110 1391//110 1393//110
f 1392//132 1393//132 1394//132
f 1394//132 1393//132 1395//132
f 1394//112 1395//112 1396//112
f 1396//112 1395//112 1397//112
f 1396//113 1397//113 1326//113
f 1326//113 1397//113 1327//113
f 1398//145 1399//145 1400//145
f 1401//146 1399//146 1402//146
f 1403//147 1399//147 1404//147
f 1405//148 1399//148 1406//148
f 1407//149 1399//149 1408//149
f 1409//150 1399//150 1410//150
f 1411//151 1399//151 1412//151
f 1413//152 1399//152 1414//152
f 1415//153 1399//153 1416//153
f 1417//136 1399//136 1418//136
f 1419//137 1399//137 1420//137
f 1421//138 1399//138 1422//138
f 1423//139 1399//139 1424//139
f 1425//140 1399//140 1426//140
f 1427//141 1399//141 1428//141
f 1429//142 1399//142 1430//142
f 1431//143 1399//143 1432//143
f 1433//144 1399//144 1434//144
f 1400//164 1399//164 1433//164
f 1424//169 1399//169 1421//169
f 1412//159 1399//159 1409//159
f 1434//165 1399//165 1431//165
f 1432//166 1399//166 1429//166
f 1430//156 1399//156 1427//156
f 1428//167 1399//167 1425//167
f 1426//168 1399//168 1423//168
f 1422//170 1399//170 1419//170
f 1420//171 1399//171 1417//171
f 1418//154 1399//154 1415//154
f 1416//157 1399//157 1413//157
f 1414//158 1399//158 1411//158
f 1410//160 1399//160 1407//160
f 1408//161 1399//161 1405//161
f 1406//155 1399//155 1403//155
f 1404//162 1399//162 1401//162
f 1402//163 1399//163 1398//163
f 1433//76 1435//76 1400//76
f 1400//76 1435//76 1436//76
f 1400//75 1436//75 1398//75
f 1398//75 1436//75 1437//75
f 1398//74 1437//74 1402//74
f 1402//74 1437//74 1438//74
f 1402//73 1438//73 1401//73
f 1401//73 1438//73 1439//73
f 1401//72 1439//72 1404//72
f 1404//72 1439//72 1440//72
f 1404//71 1440//71 1403//71
f 1403//71 1440//71 1441//71
f 1403//70 1441//70 1406//70
f 1406//70 1441//70 1442//70
f 1406//69 1442//69 1405//69
f 1405//69 1442//69 1443//69
f 1405//68 1443//68 1408//68
f 1408//68 1443//68 1444//68
f 1408//67 1444//67 1407//67
f 1407//67 1444//67 1445//67
f 1407//66 1445//66 1410//66
f 1410//66 1445//66 1446//66
f 1410//65 1446//65 1409//65
f 1409//65 1446//65 1447//65
f 1409//64 1447//64 1412//64
f 1412//64 1447//64 1448//64
f 1412//63 1448//63 1411//63
f 1411//63 1448//63 1449//63
f 1411//62 1449//62 1414//62
f 1414//62 1449//62 1450//62
f 1414//61 1450//61 1413//61
f 1413//61 1450//61 1451//61
f 1413//60 1451//60 1416//60
f 1416//60 1451//60 1452//60
f 1416//59 1452//59 1415//59
f 1415//59 1452//59 1453//59
f 1415//58 1453//58 1418//58
f 1418//58 1453//58 1454//58
f 1418//57 1454//57 1417//57
f 1417//57 1454//57 1455//57
f 1417//56 1455//56 1420//56
f 1420//56 1455//56 1456//56
f 1420//55 1456//55 1419//55
f 1419//55 1456//55 1457//55
f 1419//54 1457//54 1422//54
f 1422//54 1457//54 1458//54
f 1422//53 1458//53 1421//53
f 1421//53 1458//53 1459//53
f 1421//52 1459//52 1424//52
f 1424//52 1459//52 1460//52
f 1424//51 1460//51 1423//51
f 1423//51 1460//51 1461//51
f 1423//50 1461//50 1426//50
f 1426//50 1461//50 1462//50
f 1426//49 1462//49 1425//49
f 1425//49 1462//49 1463//49
f 1425//48 1463//48 1428//48
f 1428//48 1463//48 1464//48
f 1428//83 1464//83 1427//83
f 1427//83 1464//83 1465//83
f 1427//82 1465//82 1430//82
f 1430//82 1465//82 1466//82
f 1430//81 1466//81 1429//81
f 1429//81 1466//81 1467//81
f 1429//80 1467//80 1432//80
f 1432//80 1467//80 1468//80
f 1432//79 1468//79 1431//79
f 1431//79 1468//79 1469//79
f 1431//78 1469//78 1434//78
f 1434//78 1469//78 1470//78
f 1434//77 1470//77 1433//77
f 1433//77 1470//77 1435//77
f 1471//75 1472//75 1473//75
f 1473//75 1472//75 1474//75
f 1473//76 1474//76 1475//76
f 1475//76 1474//76 1476//76
f 1475//77 1476//77 1477//77
f 1477//77 1476//77 1478//77
f 1477//78 1478//78 1479//78
f 1479//78 1478//78 1480//78
f 1479//79 1480//79 1481//79
f 1481//79 1480//79 1482//79
f 1481//80 1482//80 1483//80
f 1483//80 1482//80 1484//80
f 1483//81 1484//81 1485//81
f 1485//81 1484//81 1486//81
f 1485//82 1486//82 1487//82
f 1487//82 1486//82 1488//82
f 1487//83 1488//83 1489//83
f 1489//83 1488//83 1490//83
f 1489//48 1490//48 1491//48
f 1491//48 1490//48 1492//48
f 1491//49 1492//49 1493//49
f 1493//49 1492//49 1494//49
f 1493//50 1494//50 1495//50
f 1495//50 1494//50 1496//50
f 1495//51 1496//51 1497//51
f 1497//51 1496//51 1498//51
f 1497//52 1498//52 1499//52
f 1499//52 1498//52 1500//52
f 1499//53 1500//53 1501//53
f 1501//53 1500//53 1502//53
f 1501//54 1502//54 1503//54
f 1503//54 1502//54 1504//54
f 1503//55 1504//55 1505//55
f 1505//55 1504//55 1506//55
f 1505//56 1506//56 1507//56
f 1507//56 1506//56 1508//56
f 1507//57 1508//57 1509//57
f 1509//57 1508//57 1510//57
f 1509//58 1510//58 1511//58
f 1511//58 1510//58 1512//58
f 1511//59 1512//59 1513//59
f 1513//59 1512//59 1514//59
f 1513//60 1514//60 1515//60
f 1515//60 1514//60 1516//60
f 1515//61 1516//61 1517//61
f 1517//61 1516//61 1518//61
f 1517//62 1518//62 1519//62
f 1519//62 1518//62 1520//62
f 1519//63 1520//63 1521//63
f 1521//63 1520//63 1522//63
f 1521//64 1522//64 1523//64
f 1523//64 1522//64 1524//64
f 1523//65 1524//65 1525//65
f 1525//65 1524//65 1526//65
f 1525//66 1526//66 1527//66
f 1527//66 1526//66 1528//66
f 1527//67 1528//67 1529//67
f 1529//67 1528//67 1530//67
f 1529//68 1530//68 1531//68
f 1531//68 1530//68 1532//68
f 1531//69 1532//69 1533//69
f 1533//69 1532//69 1534//69
f 1533//70 1534//70 1535//70
f 1535//70 1534//70 1536//70
f 1535//71 1536//71 1537//71
f 1537//71 1536//71 1538//71
f 1537//72 1538//72 1539//72
f 1539//72 1538//72 1540//72
f 1539//73 1540//73 1541//73
f 1541//73 1540//73 1542//73
f 1541//74 1542//74 1471//74
f 1471//74 1542//74 1472//74
f 1436//75 1474//75 1437//75
f 1437//75 1474//75 1472//75
f 1437//74 1472//74 1438//74
f 1438//74 1472//74 1542//74
f 1438//73 1542//73 1439//73
f 1439//73 1542//73 1540//73
f 1439//72 1540//72 1440//72
f 1440//72 1540//72 1538//72
f 1440//71 1538//71 1441//71
f 1441//71 1538//71 1536//71
f 1441//70 1536//70 1442//70
f 1442//70 1536//70 1534//70
f 1442//69 1534//69 1443//69
f 1443//69 1534//69 1532//69
f 1443//68 1532//68 1444//68
f 1444//68 1532//68 1530//68
f 1444//67 1530//67 1445//67
f 1445//67 1530//67 1528//67
f 1445//66 1528//66 1446//66
f 1446//66 1528//66 1526//66
f 1446//65 1526//65 1447//65
f 1447//65 1526//65 1524//65
f 1447//64 1524//64 1448//64
f 1448//64 1524//64 1522//64
f 1448//63 1522//63 1449//63
f 1449//63 1522//63 1520//63
f 1449//62 1520//62 1450//62
f 1450//62 1520//62 1518//62
f 1450//61 1518//61 1451//61
f 1451//61 1518//61 1516//61
f 1451//60 1516//60 1452//60
f 1452//60 1516//60 1514//60
f 1452//59 1514//59 1453//59
f 1453//59 1514//59 1512//59
f 1453//58 1512//58 1454//58
f 1454//58 1512//58 1510//58
f 1454//57 1510//57 1455//57
f 1455//57 1510//57 1508//57
f 1455//56 1508//56 1456//56
f 1456//56 1508//56 1506//56
f 1456//55 1506//55 1457//55
f 1457//55 1506//55 1504//55
f 1457//54 1504//54 1458//54
f 1458//54 1504//54 1502//54
f 1458//53 1502//53 1459//53
f 1459//53 1502//53 1500//53
f 1459//52 1500//52 1460//52
f 1460//52 1500//52 1498//52
f 1460//51 1498//51 1461//51
f 1461//51 1498//51 1496//51
f 1461//50 1496//50 1462//50
f 1462//50 1496//50 1494//50
f 1462//49 1494//49 1463//49
f 1463//49 1494//49 1492//49
f 1463//48 1492//48 1464//48
f 1464//48 1492//48 1490//48
f 1464//83 1490//83 1465//83
f 1465//83 1490//83 1488//83
f 1465//82 1488//82 1466//82
f 1466//82 1488//82 1486//82
f 1466//81 1486//81 1467//81
f 1467//81 1486//81 1484//81
f 1467//80 1484//80 1468//80
f 1468//80 1484//80 1482//80
f 1468//79 1482//79 1469//79
f 1469//79 1482//79 1480//79
f 1469//78 1480//78 1470//78
f 1470//78 1480//78 1478//78
f 1470//77 1478//77 1435//77
f 1435//77 1478//77 1476//77
f 1435//76 1476//76 1436//76
f 1436//76 1476//76 1474//76
f 1543//145 1544//145 1545//145
f 1546//146 1544//146 1547//146
f 1548//147 1544//147 1549//147
f 1550//148 1544//148 1551//148
f 1552//149 1544//149 1553//149
f 1554//150 1544//150 1555//150
f 1556//151 1544//151 1557//151
f 1558//152 1544//152 1559//152
f 1560//153 1544//153 1561//153
f 1562//136 1544//136 1563//136
f 1564//137 1544//137 1565//137
f 1566//138 1544//138 1567//138
f 1568//139 1544//139 1569//139
f 1570//140 1544//140 1571//140
f 1572//141 1544//141 1573//141
f 1574//142 1544//142 1575//142
f 1576//143 1544//143 1577//143
f 1578//144 1544//144 1579//144
f 1545//164 1544//164 1578//164
f 1569//169 1544//169 1566//169
f 1557//159 1544//159 1554//159
f 1579//165 1544//165 1576//165
f 1577//166 1544//166 1574//166
f 1575//156 1544//156 1572//156
f 1573//167 1544//167 1570//167
f 1571//173 1544//173 1568//173
f 1567//170 1544//170 1564//170
f 1565//171 1544//171 1562//171
f 1563//154 1544//154 1560//154
f 1561//157 1544//157 1558//157
f 1559//158 1544//158 1556//158
f 1555//160 1544//160 1552//160
f 1553//172 1544//172 1550//172
f 1551//155 1544//155 1548//155
f 1549//162 1544//162 1546//162
f 1547//163 1544//163 1543//163
f 1578//76 1580//76 1545//76
f 1545//76 1580//76 1581//76
f 1545//75 1581//75 1543//75
f 1543//75 1581//75 1582//75
f 1543//74 1582//74 1547//74
f 1547//74 1582//74 1583//74
f 1547//73 1583//73 1546//73
f 1546//73 1583//73 1584//73
f 1546//72 1584//72 1549//72
f 1549//72 1584//72 1585//72
f 1549//71 1585//71 1548//71
f 1548//71 1585//71 1586//71
f 1548//70 1586//70 1551//70
f 1551//70 1586//70 1587//70
f 1551//69 1587//69 1550//69
f 1550//69 1587//69 1588//69
f 1550//68 1588//68 1553//68
f 1553//68 1588//68 1589//68
f 1553//67 1589//67 1552//67
f 1552//67 1589//67 1590//67
f 1552//66 1590//66 1555//66
f 1555//66 1590//66 1591//66
f 1555//65 1591//65 1554//65
f 1554//65 1591//65 1592//65
f 1554//64 1592//64 1557//64
f 1557//64 1592//64 1593//64
f 1557//63 1593//63 1556//63
f 1556//63 1593//63 1594//63
f 1556//62 1594//62 1559//62
f 1559//62 1594//62 1595//62
f 1559//61 1595//61 1558//61
f 1558//61 1595//61 1596//61
f 1558//60 1596//60 1561//60
f 1561//60 1596//60 1597//60
f 1561//59 1597//59 1560//59
f 1560//59 1597//59 1598//59
f 1560//58 1598//58 1563//58
f 1563//58 1598//58 1599//58
f 1563//57 1599//57 1562//57
f 1562//57 1599//57 1600//57
f 1562//56 1600//56 1565//56
f 1565//56 1600//56 1601//56
f 1565//55 1601//55 1564//55
f 1564//55 1601//55 1602//55
f 1564//54 1602//54 1567//54
f 1567//54 1602//54 1603//54
f 1567//53 1603//53 1566//53
f 1566//53 1603//53 1604//53
f 1566//52 1604//52 1569//52
f 1569//52 1604//52 1605//52
f 1569//51 1605//51 1568//51
f 1568//51 1605//51 1606//51
f 1568//50 1606//50 1571//50
f 1571//50 1606//50 1607//50
f 1571//49 1607//49 1570//49
f 1570//49 1607//49 1608//49
f 1570//48 1608//48 1573//48
f 1573//48 1608//48 1609//48
f 1573//83 1609//83 1572//83
f 1572//83 1609//83 1610//83
f 1572//82 1610//82 1575//82
f 1575//82 1610//82 1611//82
f 1575//81 1611//81 1574//81
f 1574//81 1611//81 1612//81
f 1574//80 1612//80 1577//80
f 1577//80 1612//80 1613//80
f 1577//79 1613//79 1576//79
f 1576//79 1613//79 1614//79
f 1576//78 1614//78 1579//78
f 1579//78 1614//78 1615//78
f 1579//77 1615//77 1578//77
f 1578//77 1615//77 1580//77
f 1616//75 1617//75 1618//75
f 1618//75 1617//75 1619//75
f 1618//76 1619//76 1620//76
f 1620//76 1619//76 1621//76
f 1620//77 1621//77 1622//77
f 1622//77 1621//77 1623//77
f 1622//78 1623//78 1624//78
f 1624//78 1623//78 1625//78
f 1624//79 1625//79 1626//79
f 1626//79 1625//79 1627//79
f 1626//80 1627//80 1628//80
f 1628//80 1627//80 1629//80
f 1628//81 1629//81 1630//81
f 1630//81 1629//81 1631//81
f 1630//82 1631//82 1632//82
f 1632//82 1631//82 1633//82
f 1632//83 1633//83 1634//83
f 1634//83 1633//83 1635//83
f 1634//48 1635//48 1636//48
f 1636//48 1635//48 1637//48
f 1636//49 1637//49 1638//49
f 1638//49 1637//49 1639//49
f 1638//50 1639//50 1640//50
f 1640//50 1639//50 1641//50
f 1640//51 1641//51 1642//51
f 1642//51 1641//51 1643//51
f 1642//52 1643//52 1644//52
f 1644//52 1643//52 1645//52
f 1644//53 1645//53 1646//53
f 1646//53 1645//53 1647//53
f 1646//54 1647//54 1648//54
f 1648//54 1647//54 1649//54
f 1648//55 1649//55 1650//55
f 1650//55 1649//55 1651//55
f 1650//56 1651//56 1652//56
f 1652//56 1651//56 1653//56
f 1652//57 1653//57 1654//57
f 1654//57 1653//57 1655//57
f 1654//58 1655//58 1656//58
f 1656//58 1655//58 1657//58
f 1656//59 1657//59 1658//59
f 1658//59 1657//59 1659//59
f 1658//60 1659//60 1660//60
f 1660//60 1659//60 1661//60
f 1660//61 1661//61 1662//61
f 1662//61 1661//61 1663//61
f 1662//62 1663//62 1664//62
f 1664//62 1663//62 1665//62
f 1664//63 1665//63 1666//63
f 1666//63 1665//63 1667//63
f 1666//64 1667//64 1668//64
f 1668//64 1667//64 1669//64
f 1668//65 1669//65 1670//65
f 1670//65 1669//65 1671//65
f 1670//66 1671//66 1672//66
f 1672//66 1671//66 1673//66
f 1672//67 1673//67 1674//67
f 1674//67 1673//67 1675//67
f 1674//68 1675//68 1676//68
f 1676//68 1675//68 1677//68
f 1676//69 1677//69 1678//69
f 1678//69 1677//69 1679//69
f 1678//70 1679//70 1680//70
f 1680//70 1679//70 1681//70
f 1680//71 1681//71 1682//71
f 1682//71 1681//71 1683//71
f 1682//72 1683//72 1684//72
f 1684//72 1683//72 1685//72
f 1684//73 1685//73 1686//73
f 1686//73 1685//73 1687//73
f 1686//74 1687//74 1616//74
f 1616//74 1687//74 1617//74
f 1581//75 1619//75 1582//75
f 1582//75 1619//75 1617//75
f 1582//74 1617//74 1583//74
f 1583//74 1617//74 1687//74
f 1583//73 1687//73 1584//73
f 1584//73 1687//73 1685//73
f 1584//72 1685//72 1585//72
f 1585//72 1685//72 1683//72
f 1585//71 1683//71 1586//71
f 1586//71 1683//71 1681//71
f 1586//70 1681//70 1587//70
f 1587//70 1681//70 1679//70
f 1587//69 1679//69 1588//69
f 1588//69 1679//69 1677//69
f 1588//68 1677//68 1589//68
f 1589//68 1677//68 1675//68
f 1589//67 1675//67 1590//67
f 1590//67 1675//67 1673//67
f 1590//66 1673//66 1591//66
f 1591//66 1673//66 1671//66
f 1591//65 1671//65 1592//65
f 1592//65 1671//65 1669//65
f 1592//64 1669//64 1593//64
f 1593//64 1669//64 1667//64
f 1593//63 1667//63 1594//63
f 1594//63 1667//63 1665//63
f 1594//62 1665//62 1595//62
f 1595//62 1665//62 1663//62
f 1595//61 1663//61 1596//61
f 1596//61 1663//61 1661//61
f 1596//60 1661//60 1597//60
f 1597//60 1661//60 1659//60
f 1597//59 1659//59 1598//59
f 1598//59 1659//59 1657//59
f 1598//58 1657//58 1599//58
f 1599//58 1657//58 1655//58
f 1599//57 1655//57 1600//57
f 1600//57 1655//57 1653//57
f 1600//56 1653//56 1601//56
f 1601//56 1653//56 1651//56
f 1601//55 1651//55 1602//55
f 1602//55 1651//55 1649//55
f 1602//54 1649//54 1603//54
f 1603//54 1649//54 1647//54
f 1603//53 1647//53 1604//53
f 1604//53 1647//53 1645//53
f 1604//52 1645//52 1605//52
f 1605//52 1645//52 1643//52
f 1605//51 1643//51 1606//51
f 1606//51 1643//51 1641//51
f 1606//50 1641//50 1607//50
f 1607//50 1641//50 1639//50
f 1607//49 1639//49 1608//49
f 1608//49 1639//49 1637//49
f 1608//48 1637//48 1609//48
f 1609//48 1637//48 1635//48
f 1609//83 1635//83 1610//83
f 1610//83 1635//83 1633//83
f 1610//82 1633//82 1611//82
f 1611//82 1633//82 1631//82
f 1611//81 1631//81 1612//81
f 1612//81 1631//81 1629//81
f 1612//80 1629//80 1613//80
f 1613//80 1629//80 1627//80
f 1613//79 1627//79 1614//79
f 1614//79 1627//79 1625//79
f 1614//78 1625//78 1615//78
f 1615//78 1625//78 1623//78
f 1615//77 1623//77 1580//77
f 1580//77 1623//77 1621//77
f 1580//76 1621//76 1581//76
f 1581//76 1621//76 1619//76
f 1688//7 1668//7 1689//7
f 1689//7 1668//7 1670//7
f 1689//7 1670//7 1672//7
f 1690//7 1509//7 1688//7
f 1688//7 1509//7 1511//7
f 1688//7 1511//7 1513//7
f 1691//7 1640//7 1690//7
f 1690//7 1640//7 1487//7
f 1690//7 1487//7 1489//7
f 1692//7 1636//7 1691//7
f 1691//7 1636//7 1638//7
f 1691//7 1638//7 1640//7
f 1693//7 1628//7 1692//7
f 1692//7 1628//7 1630//7
f 1692//7 1630//7 1632//7
f 1694//7 1618//7 1693//7
f 1693//7 1618//7 1620//7
f 1693//7 1620//7 1622//7
f 1695//7 1680//7 1694//7
f 1694//7 1680//7 1682//7
f 1694//7 1682//7 1684//7
f 1689//7 1672//7 1695//7
f 1695//7 1672//7 1674//7
f 1695//7 1674//7 1676//7
f 1475//7 1652//7 1473//7
f 1473//7 1652//7 1654//7
f 1473//7 1654//7 1471//7
f 1471//7 1654//7 1656//7
f 1471//7 1656//7 1541//7
f 1541//7 1656//7 1658//7
f 1541//7 1658//7 1539//7
f 1539//7 1658//7 1660//7
f 1539//7 1660//7 1537//7
f 1537//7 1660//7 1662//7
f 1537//7 1662//7 1535//7
f 1535//7 1662//7 1664//7
f 1535//7 1664//7 1533//7
f 1533//7 1664//7 1666//7
f 1533//7 1666//7 1531//7
f 1531//7 1666//7 1668//7
f 1531//7 1668//7 1688//7
f 1652//7 1475//7 1650//7
f 1650//7 1475//7 1477//7
f 1650//7 1477//7 1648//7
f 1648//7 1477//7 1479//7
f 1648//7 1479//7 1646//7
f 1646//7 1479//7 1481//7
f 1646//7 1481//7 1644//7
f 1644//7 1481//7 1483//7
f 1644//7 1483//7 1642//7
f 1642//7 1483//7 1485//7
f 1642//7 1485//7 1640//7
f 1640//7 1485//7 1487//7
f 1489//7 1491//7 1690//7
f 1690//7 1491//7 1493//7
f 1690//7 1493//7 1495//7
f 1495//7 1497//7 1690//7
f 1690//7 1497//7 1499//7
f 1690//7 1499//7 1501//7
f 1501//7 1503//7 1690//7
f 1690//7 1503//7 1505//7
f 1690//7 1505//7 1507//7
f 1507//7 1509//7 1690//7
f 1513//7 1515//7 1688//7
f 1688//7 1515//7 1517//7
f 1688//7 1517//7 1519//7
f 1519//7 1521//7 1688//7
f 1688//7 1521//7 1523//7
f 1688//7 1523//7 1525//7
f 1525//7 1527//7 1688//7
f 1688//7 1527//7 1529//7
f 1688//7 1529//7 1531//7
f 1622//7 1624//7 1693//7
f 1693//7 1624//7 1626//7
f 1693//7 1626//7 1628//7
f 1632//7 1634//7 1692//7
f 1692//7 1634//7 1636//7
f 1676//7 1678//7 1695//7
f 1695//7 1678//7 1680//7
f 1684//7 1686//7 1694//7
f 1694//7 1686//7 1616//7
f 1694//7 1616//7 1618//7
f 1689//200 1245//200 1696//200
f 1696//201 1245//201 1246//201
f 1696//202 1246//202 1697//202
f 1697//203 1246//203 1248//203
f 1697//204 1248//204 1698//204
f 1698//205 1248//205 1250//205
f 1698//206 1250//206 1699//206
f 1689//207 1695//207 1245//207
f 1245//208 1695//208 1244//208
f 1244//209 1695//209 1694//209
f 1244//210 1694//210 1243//210
f 1243//210 1694//210 1693//210
f 1243//211 1693//211 1692//211
f 1243//212 1692//212 1242//212
f 1242//213 1692//213 1691//213
f 1242//214 1691//214 1226//214
f 1242//215 1226//215 1240//215
f 1240//216 1226//216 1227//216
f 1240//217 1227//217 1238//217
f 1238//218 1227//218 1229//218
f 1238//219 1229//219 1234//219
f 1234//220 1229//220 1231//220
f 1222//221 1218//221 1223//221
f 1223//221 1218//221 1219//221
f 1223//221 1219//221 1700//221
f 1214//221 1216//221 1215//221
f 1215//221 1216//221 1217//221
f 1215//221 1217//221 1701//221
f 1222//3 1311//3 1218//3
f 1218//3 1311//3 1309//3
f 1218//3 1309//3 1307//3
f 1224//3 1259//3 1222//3
f 1222//3 1259//3 1257//3
f 1222//3 1257//3 1255//3
f 1220//3 1275//3 1224//3
f 1224//3 1275//3 1273//3
f 1224//3 1273//3 1271//3
f 1218//3 1291//3 1220//3
f 1220//3 1291//3 1289//3
f 1220//3 1289//3 1287//3
f 1255//3 1325//3 1222//3
f 1222//3 1325//3 1323//3
f 1222//3 1323//3 1321//3
f 1321//3 1319//3 1222//3
f 1222//3 1319//3 1317//3
f 1222//3 1317//3 1315//3
f 1315//3 1313//3 1222//3
f 1222//3 1313//3 1311//3
f 1307//3 1305//3 1218//3
f 1218//3 1305//3 1303//3
f 1218//3 1303//3 1301//3
f 1301//3 1299//3 1218//3
f 1218//3 1299//3 1297//3
f 1218//3 1297//3 1295//3
f 1295//3 1293//3 1218//3
f 1218//3 1293//3 1291//3
f 1287//3 1285//3 1220//3
f 1220//3 1285//3 1283//3
f 1220//3 1283//3 1281//3
f 1281//3 1279//3 1220//3
f 1220//3 1279//3 1277//3
f 1220//3 1277//3 1275//3
f 1271//3 1269//3 1224//3
f 1224//3 1269//3 1267//3
f 1224//3 1267//3 1265//3
f 1265//3 1263//3 1224//3
f 1224//3 1263//3 1261//3
f 1224//3 1261//3 1259//3
f 1217//6 1383//6 1701//6
f 1701//6 1383//6 1381//6
f 1701//6 1381//6 1379//6
f 1221//6 1331//6 1217//6
f 1217//6 1331//6 1329//6
f 1217//6 1329//6 1327//6
f 1702//6 1347//6 1221//6
f 1221//6 1347//6 1345//6
f 1221//6 1345//6 1343//6
f 1701//6 1363//6 1702//6
f 1702//6 1363//6 1361//6
f 1702//6 1361//6 1359//6
f 1327//6 1397//6 1217//6
f 1217//6 1397//6 1395//6
f 1217//6 1395//6 1393//6
f 1393//6 1391//6 1217//6
f 1217//6 1391//6 1389//6
f 1217//6 1389//6 1387//6
f 1387//6 1385//6 1217//6
f 1217//6 1385//6 1383//6
f 1379//6 1377//6 1701//6
f 1701//6 1377//6 1375//6
f 1701//6 1375//6 1373//6
f 1373//6 1371//6 1701//6
f 1701//6 1371//6 1369//6
f 1701//6 1369//6 1367//6
f 1367//6 1365//6 1701//6
f 1701//6 1365//6 1363//6
f 1359//6 1357//6 1702//6
f 1702//6 1357//6 1355//6
f 1702//6 1355//6 1353//6
f 1353//6 1351//6 1702//6
f 1702//6 1351//6 1349//6
f 1702//6 1349//6 1347//6
f 1343//6 1341//6 1221//6
f 1221//6 1341//6 1339//6
f 1221//6 1339//6 1337//6
f 1337//6 1335//6 1221//6
f 1221//6 1335//6 1333//6
f 1221//6 1333//6 1331//6
f 1691//6 1690//6 1226//6
f 1226//6 1690//6 1224//6
f 1703//3 1699//3 1253//3
f 1253//3 1699//3 1250//3
f 1215//7 1702//7 1704//7
f 1704//7 1702//7 1696//7
f 1704//7 1696//7 1697//7
f 1215//7 1701//7 1702//7
f 1704//7 1697//7 1705//7
f 1705//7 1697//7 1698//7
f 1705//7 1698//7 1706//7
f 1706//7 1698//7 1699//7
f 1706//7 1699//7 1703//7
f 1696//3 1702//3 1689//3
f 1689//3 1702//3 1688//3
f 1221//221 1220//221 1702//221
f 1702//221 1220//221 1224//221
f 1702//221 1224//221 1688//221
f 1688//221 1224//221 1690//221
f 1204//92 1223//92 1202//92
f 1202//92 1223//92 1700//92
f 1203//3 1202//3 1219//3
f 1219//3 1202//3 1700//3
f 1330//6 1362//6 1328//6
f 1328//6 1362//6 1364//6
f 1328//6 1364//6 1326//6
f 1326//6 1364//6 1366//6
f 1326//6 1366//6 1396//6
f 1396//6 1366//6 1368//6
f 1396//6 1368//6 1394//6
f 1394//6 1368//6 1370//6
f 1394//6 1370//6 1392//6
f 1392//6 1370//6 1372//6
f 1392//6 1372//6 1390//6
f 1390//6 1372//6 1374//6
f 1390//6 1374//6 1388//6
f 1388//6 1374//6 1376//6
f 1388//222 1376//222 1386//222
f 1386//6 1376//6 1378//6
f 1386//6 1378//6 1384//6
f 1384//6 1378//6 1380//6
f 1384//6 1380//6 1382//6
f 1362//6 1330//6 1360//6
f 1360//6 1330//6 1332//6
f 1360//6 1332//6 1358//6
f 1358//6 1332//6 1334//6
f 1358//6 1334//6 1356//6
f 1356//6 1334//6 1336//6
f 1356//6 1336//6 1354//6
f 1354//6 1336//6 1338//6
f 1354//6 1338//6 1352//6
f 1352//6 1338//6 1340//6
f 1352//6 1340//6 1350//6
f 1350//6 1340//6 1342//6
f 1350//6 1342//6 1348//6
f 1348//6 1342//6 1344//6
f 1348//6 1344//6 1346//6
f 1707//6 1708//6 1709//6
f 1709//6 1708//6 1710//6
f 1709//6 1710//6 1711//6
f 1711//6 1710//6 1712//6
f 1711//6 1712//6 1713//6
f 1713//6 1712//6 1714//6
f 1713//6 1714//6 1715//6
f 1715//6 1714//6 1716//6
f 1715//6 1716//6 1717//6
f 1717//6 1716//6 1718//6
f 1717//6 1718//6 1215//6
f 1215//6 1718//6 722//6
f 722//6 1718//6 1719//6
f 722//6 1719//6 1720//6
f 1720//6 1721//6 722//6
f 722//6 1721//6 724//6
f 1704//6 1722//6 1215//6
f 1215//6 1722//6 1723//6
f 1215//6 1723//6 1724//6
f 1724//6 1717//6 1215//6
f 1725//195 1726//195 1727//195
f 1727//195 1726//195 1728//195
f 1728//57 1726//57 1729//57
f 1729//57 1726//57 1730//57
f 1729//56 1730//56 1731//56
f 1731//56 1730//56 1732//56
f 1731//55 1732//55 1733//55
f 1733//55 1732//55 1734//55
f 1733//54 1734//54 1735//54
f 1735//54 1734//54 1736//54
f 1735//53 1736//53 1737//53
f 1737//53 1736//53 1738//53
f 1737//52 1738//52 1739//52
f 1739//52 1738//52 1740//52
f 1739//51 1740//51 1741//51
f 1741//51 1740//51 1742//51
f 1741//50 1742//50 1743//50
f 1743//50 1742//50 1744//50
f 1743//49 1744//49 1745//49
f 1745//49 1744//49 1746//49
f 1745//48 1746//48 1747//48
f 1747//48 1746//48 1748//48
f 1747//83 1748//83 1749//83
f 1749//83 1748//83 1750//83
f 1749//82 1750//82 1751//82
f 1751//82 1750//82 1752//82
f 1751//81 1752//81 1753//81
f 1753//81 1752//81 1754//81
f 1753//80 1754//80 1755//80
f 1755//80 1754//80 1756//80
f 1755//79 1756//79 1757//79
f 1757//79 1756//79 1758//79
f 1757//78 1758//78 1759//78
f 1759//78 1758//78 1760//78
f 1759//77 1760//77 1761//77
f 1761//77 1760//77 1762//77
f 1761//76 1762//76 1763//76
f 1763//76 1762//76 1764//76
f 1764//221 1765//221 1763//221
f 1763//221 1765//221 1766//221
f 1766//7 333//7 1763//7
f 1763//7 333//7 334//7
f 1763//7 334//7 335//7
f 1727//7 326//7 1766//7
f 1766//7 326//7 327//7
f 1766//7 327//7 328//7
f 1728//7 355//7 1727//7
f 1727//7 355//7 356//7
f 1727//7 356//7 357//7
f 1729//7 352//7 1728//7
f 1728//7 352//7 353//7
f 1728//7 353//7 354//7
f 352//7 1729//7 351//7
f 351//7 1729//7 1731//7
f 351//7 1731//7 350//7
f 350//7 1731//7 1733//7
f 350//7 1733//7 349//7
f 349//7 1733//7 1735//7
f 349//7 1735//7 348//7
f 348//7 1735//7 1737//7
f 348//7 1737//7 347//7
f 347//7 1737//7 1739//7
f 347//7 1739//7 346//7
f 346//7 1739//7 1741//7
f 346//7 1741//7 345//7
f 345//7 1741//7 1743//7
f 345//7 1743//7 344//7
f 344//7 1743//7 1745//7
f 344//7 1745//7 1747//7
f 344//7 1747//7 343//7
f 343//7 1747//7 1749//7
f 343//7 1749//7 342//7
f 342//7 1749//7 1751//7
f 342//7 1751//7 341//7
f 341//7 1751//7 1753//7
f 341//7 1753//7 340//7
f 340//7 1753//7 1755//7
f 340//7 1755//7 339//7
f 339//7 1755//7 1757//7
f 339//7 1757//7 338//7
f 338//7 1757//7 1759//7
f 338//7 1759//7 337//7
f 337//7 1759//7 1761//7
f 337//7 1761//7 336//7
f 336//7 1761//7 335//7
f 335//7 1761//7 1763//7
f 328//7 329//7 1766//7
f 1766//7 329//7 330//7
f 1766//7 330//7 331//7
f 331//7 332//7 1766//7
f 1766//7 332//7 333//7
f 354//7 355//7 1728//7
f 357//7 358//7 1727//7
f 1727//7 358//7 359//7
f 1727//7 359//7 360//7
f 360//7 325//7 1727//7
f 1727//7 325//7 326//7
f 1767//195 1768//195 1769//195
f 1769//195 1768//195 1770//195
f 1770//57 1768//57 1771//57
f 1771//57 1768//57 1772//57
f 1771//56 1772//56 1773//56
f 1773//56 1772//56 1774//56
f 1773//55 1774//55 1775//55
f 1775//55 1774//55 1776//55
f 1775//54 1776//54 1777//54
f 1777//54 1776//54 1778//54
f 1777//53 1778//53 1779//53
f 1779//53 1778//53 1780//53
f 1779//52 1780//52 1781//52
f 1781//52 1780//52 1782//52
f 1781//51 1782//51 1783//51
f 1783//51 1782//51 1784//51
f 1783//50 1784//50 1785//50
f 1785//50 1784//50 1786//50
f 1785//49 1786//49 1787//49
f 1787//49 1786//49 1788//49
f 1787//48 1788//48 1789//48
f 1789//48 1788//48 1790//48
f 1789//83 1790//83 1791//83
f 1791//83 1790//83 1792//83
f 1791//82 1792//82 1793//82
f 1793//82 1792//82 1794//82
f 1793//81 1794//81 1795//81
f 1795//81 1794//81 1796//81
f 1795//80 1796//80 1797//80
f 1797//80 1796//80 1798//80
f 1797//79 1798//79 1799//79
f 1799//79 1798//79 1800//79
f 1799//78 1800//78 1801//78
f 1801//78 1800//78 1802//78
f 1801//77 1802//77 1803//77
f 1803//77 1802//77 1804//77
f 1803//76 1804//76 1805//76
f 1805//76 1804//76 1806//76
f 1806//221 1807//221 1805//221
f 1805//221 1807//221 1808//221
f 1808//7 93//7 1805//7
f 1805//7 93//7 94//7
f 1805//7 94//7 95//7
f 1769//7 86//7 1808//7
f 1808//7 86//7 87//7
f 1808//7 87//7 88//7
f 1770//7 115//7 1769//7
f 1769//7 115//7 116//7
f 1769//7 116//7 117//7
f 1771//7 112//7 1770//7
f 1770//7 112//7 113//7
f 1770//7 113//7 114//7
f 112//7 1771//7 111//7
f 111//7 1771//7 1773//7
f 111//7 1773//7 110//7
f 110//7 1773//7 1775//7
f 110//7 1775//7 109//7
f 109//7 1775//7 1777//7
f 109//7 1777//7 108//7
f 108//7 1777//7 1779//7
f 108//7 1779//7 107//7
f 107//7 1779//7 1781//7
f 107//7 1781//7 106//7
f 106//7 1781//7 1783//7
f 106//7 1783//7 105//7
f 105//7 1783//7 1785//7
f 105//7 1785//7 104//7
f 104//7 1785//7 1787//7
f 104//7 1787//7 1789//7
f 104//7 1789//7 103//7
f 103//7 1789//7 1791//7
f 103//7 1791//7 102//7
f 102//7 1791//7 1793//7
f 102//7 1793//7 101//7
f 101//7 1793//7 1795//7
f 101//7 1795//7 100//7
f 100//7 1795//7 1797//7
f 100//7 1797//7 99//7
f 99//7 1797//7 1799//7
f 99//7 1799//7 98//7
f 98//7 1799//7 1801//7
f 98//7 1801//7 97//7
f 97//7 1801//7 1803//7
f 97//7 1803//7 96//7
f 96//7 1803//7 95//7
f 95//7 1803//7 1805//7
f 88//7 89//7 1808//7
f 1808//7 89//7 90//7
f 1808//7 90//7 91//7
f 91//7 92//7 1808//7
f 1808//7 92//7 93//7
f 114//7 115//7 1770//7
f 117//7 118//7 1769//7
f 1769//7 118//7 119//7
f 1769//7 119//7 120//7
f 120//7 85//7 1769//7
f 1769//7 85//7 86//7
f 1725//6 1727//6 1765//6
f 1765//6 1727//6 1766//6
f 1767//6 1769//6 1807//6
f 1807//6 1769//6 1808//6
f 1809//3 1810//3 1811//3
f 1811//3 1810//3 1812//3
f 1811//3 1812//3 1813//3
f 1813//3 1812//3 1814//3
f 1813//3 1814//3 1815//3
f 1815//3 1814//3 1816//3
f 1815//3 1816//3 1817//3
f 1817//3 1816//3 1818//3
f 1817//3 1818//3 1819//3
f 1819//3 1818//3 1820//3
f 1819//3 1820//3 1204//3
f 1204//3 1820//3 1223//3
f 1223//3 1820//3 1821//3
f 1223//3 1821//3 1822//3
f 1822//3 1823//3 1223//3
f 1223//3 1823//3 1225//3
f 1211//3 1824//3 1204//3
f 1204//3 1824//3 1825//3
f 1204//3 1825//3 1826//3
f 1826//3 1819//3 1204//3
f 1827//221 1828//221 1829//221
f 1829//221 1828//221 1830//221
f 1830//75 1828//75 1831//75
f 1831//75 1828//75 1832//75
f 1831//74 1832//74 1833//74
f 1833//74 1832//74 1834//74
f 1833//73 1834//73 1835//73
f 1835//73 1834//73 1836//73
f 1835//72 1836//72 1837//72
f 1837//72 1836//72 1838//72
f 1837//71 1838//71 1839//71
f 1839//71 1838//71 1840//71
f 1839//70 1840//70 1841//70
f 1841//70 1840//70 1842//70
f 1841//69 1842//69 1843//69
f 1843//69 1842//69 1844//69
f 1843//68 1844//68 1845//68
f 1845//68 1844//68 1846//68
f 1845//67 1846//67 1847//67
f 1847//67 1846//67 1848//67
f 1847//66 1848//66 1849//66
f 1849//66 1848//66 1850//66
f 1849//65 1850//65 1851//65
f 1851//65 1850//65 1852//65
f 1851//64 1852//64 1853//64
f 1853//64 1852//64 1854//64
f 1853//63 1854//63 1855//63
f 1855//63 1854//63 1856//63
f 1855//62 1856//62 1857//62
f 1857//62 1856//62 1858//62
f 1857//61 1858//61 1859//61
f 1859//61 1858//61 1860//61
f 1859//60 1860//60 1861//60
f 1861//60 1860//60 1862//60
f 1861//59 1862//59 1863//59
f 1863//59 1862//59 1864//59
f 1863//58 1864//58 1865//58
f 1865//58 1864//58 1866//58
f 1866//195 1867//195 1865//195
f 1865//195 1867//195 1868//195
f 1868//7 591//7 1865//7
f 1865//7 591//7 592//7
f 1865//7 592//7 593//7
f 1829//7 584//7 1868//7
f 1868//7 584//7 585//7
f 1868//7 585//7 586//7
f 1830//7 577//7 1829//7
f 1829//7 577//7 578//7
f 1829//7 578//7 579//7
f 1831//7 574//7 1830//7
f 1830//7 574//7 575//7
f 1830//7 575//7 576//7
f 574//7 1831//7 573//7
f 573//7 1831//7 1833//7
f 573//7 1833//7 572//7
f 572//7 1833//7 1835//7
f 572//7 1835//7 571//7
f 571//7 1835//7 1837//7
f 571//7 1837//7 570//7
f 570//7 1837//7 1839//7
f 570//7 1839//7 569//7
f 569//7 1839//7 1841//7
f 569//7 1841//7 568//7
f 568//7 1841//7 1843//7
f 568//7 1843//7 567//7
f 567//7 1843//7 1845//7
f 567//7 1845//7 566//7
f 566//7 1845//7 1847//7
f 566//7 1847//7 1849//7
f 566//7 1849//7 565//7
f 565//7 1849//7 1851//7
f 565//7 1851//7 600//7
f 600//7 1851//7 1853//7
f 600//7 1853//7 599//7
f 599//7 1853//7 1855//7
f 599//7 1855//7 598//7
f 598//7 1855//7 1857//7
f 598//7 1857//7 597//7
f 597//7 1857//7 1859//7
f 597//7 1859//7 596//7
f 596//7 1859//7 1861//7
f 596//7 1861//7 595//7
f 595//7 1861//7 1863//7
f 595//7 1863//7 594//7
f 594//7 1863//7 593//7
f 593//7 1863//7 1865//7
f 576//7 577//7 1830//7
f 579//7 580//7 1829//7
f 1829//7 580//7 581//7
f 1829//7 581//7 582//7
f 582//7 583//7 1829//7
f 1829//7 583//7 584//7
f 586//7 587//7 1868//7
f 1868//7 587//7 588//7
f 1868//7 588//7 589//7
f 589//7 590//7 1868//7
f 1868//7 590//7 591//7
f 1869//221 1870//221 1871//221
f 1871//221 1870//221 1872//221
f 1872//75 1870//75 1873//75
f 1873//75 1870//75 1874//75
f 1873//74 1874//74 1875//74
f 1875//74 1874//74 1876//74
f 1875//73 1876//73 1877//73
f 1877//73 1876//73 1878//73
f 1877//72 1878//72 1879//72
f 1879//72 1878//72 1880//72
f 1879//71 1880//71 1881//71
f 1881//71 1880//71 1882//71
f 1881//70 1882//70 1883//70
f 1883//70 1882//70 1884//70
f 1883//69 1884//69 1885//69
f 1885//69 1884//69 1886//69
f 1885//68 1886//68 1887//68
f 1887//68 1886//68 1888//68
f 1887//67 1888//67 1889//67
f 1889//67 1888//67 1890//67
f 1889//66 1890//66 1891//66
f 1891//66 1890//66 1892//66
f 1891//65 1892//65 1893//65
f 1893//65 1892//65 1894//65
f 1893//64 1894//64 1895//64
f 1895//64 1894//64 1896//64
f 1895//63 1896//63 1897//63
f 1897//63 1896//63 1898//63
f 1897//62 1898//62 1899//62
f 1899//62 1898//62 1900//62
f 1899//61 1900//61 1901//61
f 1901//61 1900//61 1902//61
f 1901//60 1902//60 1903//60
f 1903//60 1902//60 1904//60
f 1903//59 1904//59 1905//59
f 1905//59 1904//59 1906//59
f 1905//58 1906//58 1907//58
f 1907//58 1906//58 1908//58
f 1908//195 1909//195 1907//195
f 1907//195 1909//195 1910//195
f 1910//7 471//7 1907//7
f 1907//7 471//7 472//7
f 1907//7 472//7 473//7
f 1871//7 464//7 1910//7
f 1910//7 464//7 465//7
f 1910//7 465//7 466//7
f 1872//7 457//7 1871//7
f 1871//7 457//7 458//7
f 1871//7 458//7 459//7
f 1873//7 454//7 1872//7
f 1872//7 454//7 455//7
f 1872//7 455//7 456//7
f 454//7 1873//7 453//7
f 453//7 1873//7 1875//7
f 453//7 1875//7 452//7
f 452//7 1875//7 1877//7
f 452//7 1877//7 451//7
f 451//7 1877//7 1879//7
f 451//7 1879//7 450//7
f 450//7 1879//7 1881//7
f 450//7 1881//7 449//7
f 449//7 1881//7 1883//7
f 449//7 1883//7 448//7
f 448//7 1883//7 1885//7
f 448//7 1885//7 447//7
f 447//7 1885//7 1887//7
f 447//7 1887//7 446//7
f 446//7 1887//7 1889//7
f 446//7 1889//7 1891//7
f 446//7 1891//7 445//7
f 445//7 1891//7 1893//7
f 445//7 1893//7 480//7
f 480//7 1893//7 1895//7
f 480//7 1895//7 479//7
f 479//7 1895//7 1897//7
f 479//7 1897//7 478//7
f 478//7 1897//7 1899//7
f 478//7 1899//7 477//7
f 477//7 1899//7 1901//7
f 477//7 1901//7 476//7
f 476//7 1901//7 1903//7
f 476//7 1903//7 475//7
f 475//7 1903//7 1905//7
f 475//7 1905//7 474//7
f 474//7 1905//7 473//7
f 473//7 1905//7 1907//7
f 456//7 457//7 1872//7
f 459//7 460//7 1871//7
f 1871//7 460//7 461//7
f 1871//7 461//7 462//7
f 462//7 463//7 1871//7
f 1871//7 463//7 464//7
f 466//7 467//7 1910//7
f 1910//7 467//7 468//7
f 1910//7 468//7 469//7
f 469//7 470//7 1910//7
f 1910//7 470//7 471//7
f 1827//3 1829//3 1867//3
f 1867//3 1829//3 1868//3
f 1869//3 1871//3 1909//3
f 1909//3 1871//3 1910//3
f 1258//3 1290//3 1256//3
f 1256//3 1290//3 1292//3
f 1256//3 1292//3 1254//3
f 1254//3 1292//3 1294//3
f 1254//3 1294//3 1324//3
f 1324//3 1294//3 1296//3
f 1324//3 1296//3 1322//3
f 1322//3 1296//3 1298//3
f 1322//3 1298//3 1320//3
f 1320//3 1298//3 1300//3
f 1320//3 1300//3 1318//3
f 1318//3 1300//3 1302//3
f 1318//3 1302//3 1316//3
f 1316//3 1302//3 1304//3
f 1316//196 1304//196 1314//196
f 1314//3 1304//3 1306//3
f 1314//3 1306//3 1312//3
f 1312//196 1306//196 1308//196
f 1312//3 1308//3 1310//3
f 1290//3 1258//3 1288//3
f 1288//3 1258//3 1260//3
f 1288//3 1260//3 1286//3
f 1286//3 1260//3 1262//3
f 1286//3 1262//3 1284//3
f 1284//3 1262//3 1264//3
f 1284//3 1264//3 1282//3
f 1282//3 1264//3 1266//3
f 1282//3 1266//3 1280//3
f 1280//3 1266//3 1268//3
f 1280//3 1268//3 1278//3
f 1278//3 1268//3 1270//3
f 1278//3 1270//3 1276//3
f 1276//196 1270//196 1272//196
f 1276//3 1272//3 1274//3
f 1911//223 1912//223 1913//223
f 1913//223 1912//223 1914//223
f 1913//224 1914//224 1915//224
f 1915//224 1914//224 1916//224
f 1915//225 1916//225 1917//225
f 1917//225 1916//225 1918//225
f 1917//226 1918//226 1919//226
f 1919//226 1918//226 1920//226
f 1919//227 1920//227 1921//227
f 1921//227 1920//227 1922//227
f 1921//228 1922//228 1923//228
f 1923//228 1922//228 1924//228
f 1923//229 1924//229 1925//229
f 1925//229 1924//229 1926//229
f 1925//230 1926//230 1927//230
f 1927//230 1926//230 1928//230
f 1927//231 1928//231 1929//231
f 1929//231 1928//231 1930//231
f 1929//232 1930//232 1931//232
f 1931//232 1930//232 1932//232
f 1931//233 1932//233 1933//233
f 1933//233 1932//233 1934//233
f 1933//234 1934//234 1935//234
f 1935//234 1934//234 1936//234
f 1935//235 1936//235 1937//235
f 1937//235 1936//235 1938//235
f 1937//236 1938//236 1939//236
f 1939//236 1938//236 1940//236
f 1939//237 1940//237 1941//237
f 1941//237 1940//237 1942//237
f 1941//238 1942//238 1943//238
f 1943//238 1942//238 1944//238
f 1943//239 1944//239 1945//239
f 1945//239 1944//239 1946//239
f 1945//240 1946//240 1947//240
f 1947//240 1946//240 1948//240
f 1947//241 1948//241 1949//241
f 1949//241 1948//241 1950//241
f 1949//242 1950//242 1951//242
f 1951//242 1950//242 1952//242
f 1951//243 1952//243 1953//243
f 1953//243 1952//243 1954//243
f 1953//244 1954//244 1955//244
f 1955//244 1954//244 1956//244
f 1955//245 1956//245 1957//245
f 1957//245 1956//245 1958//245
f 1957//246 1958//246 1959//246
f 1959//246 1958//246 1960//246
f 1959//247 1960//247 1961//247
f 1961//247 1960//247 1962//247
f 1961//248 1962//248 1963//248
f 1963//248 1962//248 1964//248
f 1963//249 1964//249 1965//249
f 1965//249 1964//249 1966//249
f 1965//250 1966//250 1967//250
f 1967//250 1966//250 1968//250
f 1967//251 1968//251 1969//251
f 1969//251 1968//251 1970//251
f 1969//252 1970//252 1971//252
f 1971//252 1970//252 1972//252
f 1971//253 1972//253 1973//253
f 1973//253 1972//253 1974//253
f 1973//254 1974//254 1975//254
f 1975//254 1974//254 1976//254
f 1975//255 1976//255 1977//255
f 1977//255 1976//255 1978//255
f 1977//256 1978//256 1979//256
f 1979//256 1978//256 1980//256
f 1979//257 1980//257 1981//257
f 1981//257 1980//257 1982//257
f 1981//258 1982//258 1983//258
f 1983//258 1982//258 1984//258
f 1983//259 1984//259 1985//259
f 1985//259 1984//259 1986//259
f 1985//260 1986//260 1987//260
f 1987//260 1986//260 1988//260
f 1987//261 1988//261 1989//261
f 1989//261 1988//261 1990//261
f 1989//262 1990//262 1991//262
f 1991//262 1990//262 1992//262
f 1991//263 1992//263 1993//263
f 1993//263 1992//263 1994//263
f 1993//264 1994//264 1995//264
f 1995//264 1994//264 1996//264
f 1995//6 1996//6 1997//6
f 1997//6 1996//6 1998//6
f 1997//265 1998//265 1999//265
f 1999//265 1998//265 2000//265
f 1999//266 2000//266 2001//266
f 2001//266 2000//266 2002//266
f 2001//267 2002//267 2003//267
f 2003//267 2002//267 2004//267
f 2003//268 2004//268 2005//268
f 2005//268 2004//268 2006//268
f 2005//269 2006//269 2007//269
f 2007//269 2006//269 2008//269
f 2007//270 2008//270 2009//270
f 2009//270 2008//270 2010//270
f 2009//271 2010//271 2011//271
f 2011//271 2010//271 2012//271
f 2011//272 2012//272 2013//272
f 2013//272 2012//272 2014//272
f 2013//273 2014//273 2015//273
f 2015//273 2014//273 2016//273
f 2015//274 2016//274 2017//274
f 2017//274 2016//274 2018//274
f 2017//275 2018//275 2019//275
f 2019//275 2018//275 2020//275
f 2019//276 2020//276 2021//276
f 2021//276 2020//276 2022//276
f 2021//277 2022//277 2023//277
f 2023//278 2022//278 2024//278
f 2023//279 2024//279 2025//279
f 2025//279 2024//279 2026//279
f 2025//280 2026//280 2027//280
f 2027//280 2026//280 2028//280
f 2027//281 2028//281 2029//281
f 2029//281 2028//281 2030//281
f 2029//282 2030//282 2031//282
f 2031//282 2030//282 2032//282
f 2031//283 2032//283 2033//283
f 2033//283 2032//283 2034//283
f 2033//284 2034//284 2035//284
f 2035//284 2034//284 2036//284
f 2035//285 2036//285 2037//285
f 2037//285 2036//285 2038//285
f 2037//286 2038//286 2039//286
f 2039//286 2038//286 2040//286
f 2039//287 2040//287 2041//287
f 2041//287 2040//287 2042//287
f 2041//288 2042//288 2043//288
f 2043//288 2042//288 2044//288
f 2043//289 2044//289 2045//289
f 2045//289 2044//289 2046//289
f 2045//290 2046//290 2047//290
f 2047//290 2046//290 2048//290
f 2047//291 2048//291 2049//291
f 2049//291 2048//291 2050//291
f 2049//292 2050//292 2051//292
f 2051//292 2050//292 2052//292
f 2051//293 2052//293 2053//293
f 2053//293 2052//293 2054//293
f 2053//294 2054//294 2055//294
f 2055//294 2054//294 2056//294
f 2055//295 2056//295 2057//295
f 2057//295 2056//295 2058//295
f 2057//296 2058//296 2059//296
f 2059//296 2058//296 2060//296
f 2059//297 2060//297 2061//297
f 2061//297 2060//297 2062//297
f 2061//298 2062//298 2063//298
f 2063//298 2062//298 2064//298
f 2063//299 2064//299 2065//299
f 2065//299 2064//299 2066//299
f 2065//300 2066//300 2067//300
f 2067//300 2066//300 2068//300
f 2067//301 2068//301 2069//301
f 2069//301 2068//301 2070//301
f 2069//302 2070//302 2071//302
f 2071//302 2070//302 2072//302
f 2071//303 2072//303 2073//303
f 2073//303 2072//303 2074//303
f 2073//304 2074//304 2075//304
f 2075//304 2074//304 2076//304
f 2075//305 2076//305 1911//305
f 1911//305 2076//305 1912//305
f 1225//306 1823//306 1228//306
f 1228//307 1823//307 2077//307
f 1228//308 2077//308 1230//308
f 1230//309 2077//309 2078//309
f 1230//310 2078//310 1232//310
f 1232//311 2078//311 2079//311
f 1232//312 2079//312 2080//312
f 2080//313 2079//313 2081//313
f 2081//314 2079//314 2082//314
f 2081//315 2082//315 2083//315
f 2083//316 2082//316 2084//316
f 2083//317 2084//317 2085//317
f 2085//318 2084//318 2086//318
f 2085//319 2086//319 2087//319
f 2087//320 2086//320 2088//320
f 2087//321 2088//321 2089//321
f 2089//322 2088//322 2090//322
f 2089//323 2090//323 2091//323
f 2091//324 2090//324 2092//324
f 2091//325 2092//325 2093//325
f 2093//326 2092//326 2094//326
f 2093//327 2094//327 2095//327
f 2095//328 2094//328 2096//328
f 2095//329 2096//329 2097//329
f 2097//330 2096//330 2098//330
f 2097//331 2098//331 2099//331
f 2099//332 2098//332 2100//332
f 2099//333 2100//333 2101//333
f 2101//334 2100//334 2102//334
f 2101//335 2102//335 2103//335
f 2103//336 2102//336 2104//336
f 2103//337 2104//337 2105//337
f 2105//338 2104//338 2106//338
f 2105//339 2106//339 2107//339
f 2107//340 2106//340 2108//340
f 2107//341 2108//341 2109//341
f 2109//342 2108//342 2110//342
f 2109//343 2110//343 2111//343
f 2111//344 2110//344 2112//344
f 2111//345 2112//345 2113//345
f 2113//346 2112//346 2114//346
f 2113//347 2114//347 2115//347
f 2115//348 2114//348 2116//348
f 2115//349 2116//349 2117//349
f 2117//350 2116//350 2118//350
f 2117//351 2118//351 2119//351
f 2119//352 2118//352 2120//352
f 2119//353 2120//353 2121//353
f 2121//354 2120//354 2122//354
f 2121//355 2122//355 2123//355
f 2123//355 2122//355 2124//355
f 2123//356 2124//356 2125//356
f 2123//357 2125//357 2126//357
f 2126//358 2125//358 2127//358
f 2126//359 2127//359 2128//359
f 2128//360 2127//360 2129//360
f 2128//361 2129//361 2130//361
f 2130//362 2129//362 2131//362
f 2130//363 2131//363 2132//363
f 2132//364 2131//364 2133//364
f 2132//365 2133//365 2134//365
f 2134//366 2133//366 2135//366
f 2134//367 2135//367 2136//367
f 2136//368 2135//368 2137//368
f 2136//369 2137//369 2138//369
f 2138//370 2137//370 2139//370
f 2138//371 2139//371 2140//371
f 2140//372 2139//372 2141//372
f 2140//373 2141//373 2142//373
f 2142//374 2141//374 2143//374
f 2142//375 2143//375 2144//375
f 2144//376 2143//376 2145//376
f 2144//377 2145//377 2146//377
f 2146//378 2145//378 2147//378
f 2146//379 2147//379 2148//379
f 2148//380 2147//380 2149//380
f 2148//381 2149//381 2150//381
f 2150//382 2149//382 2151//382
f 2150//383 2151//383 2152//383
f 2152//384 2151//384 2153//384
f 2152//385 2153//385 2154//385
f 2154//386 2153//386 2155//386
f 2154//387 2155//387 2156//387
f 2156//388 2155//388 2157//388
f 2156//389 2157//389 2158//389
f 2158//390 2157//390 2159//390
f 2158//391 2159//391 2160//391
f 2160//392 2159//392 2161//392
f 2160//393 2161//393 2162//393
f 2162//394 2161//394 2163//394
f 2162//395 2163//395 2164//395
f 2164//396 2163//396 2165//396
f 2164//397 2165//397 2166//397
f 2166//398 2165//398 2167//398
f 2166//399 2167//399 2168//399
f 2168//400 2167//400 1210//400
f 2168//401 1210//401 752//401
f 2167//402 2169//402 1210//402
f 1210//403 2169//403 1213//403
f 1213//404 2169//404 2170//404
f 1213//405 2170//405 1212//405
f 1212//406 2170//406 1824//406
f 1212//407 1824//407 1211//407
f 2168//408 752//408 2171//408
f 2171//409 752//409 751//409
f 2171//410 751//410 2172//410
f 2172//411 751//411 750//411
f 2172//412 750//412 2173//412
f 2173//413 750//413 748//413
f 2173//414 748//414 2174//414
f 2174//415 748//415 746//415
f 2174//416 746//416 2175//416
f 2175//417 746//417 740//417
f 2175//418 740//418 2176//418
f 2176//419 740//419 738//419
f 2176//420 738//420 2177//420
f 2177//421 738//421 736//421
f 2177//422 736//422 2178//422
f 2178//423 736//423 735//423
f 2178//424 735//424 2179//424
f 2179//425 735//425 734//425
f 2179//426 734//426 2180//426
f 2180//427 734//427 732//427
f 2180//428 732//428 2181//428
f 2181//429 732//429 731//429
f 2181//430 731//430 2182//430
f 2182//431 731//431 2183//431
f 2183//432 731//432 729//432
f 2183//433 729//433 2184//433
f 2184//434 729//434 727//434
f 2184//435 727//435 1721//435
f 1721//436 727//436 724//436
f 2181//437 2182//437 2185//437
f 2185//438 2182//438 2186//438
f 2185//439 2186//439 2187//439
f 2187//440 2186//440 2188//440
f 2187//441 2188//441 2189//441
f 2189//442 2188//442 2190//442
f 2189//443 2190//443 2191//443
f 2191//444 2190//444 2192//444
f 2191//445 2192//445 2193//445
f 2193//446 2192//446 2194//446
f 2193//447 2194//447 2195//447
f 2195//448 2194//448 2196//448
f 2195//449 2196//449 2197//449
f 2197//450 2196//450 2198//450
f 2197//451 2198//451 2199//451
f 2199//452 2198//452 2200//452
f 2199//453 2200//453 2201//453
f 2201//454 2200//454 2202//454
f 2201//455 2202//455 2203//455
f 2203//456 2202//456 2204//456
f 2203//457 2204//457 2205//457
f 2205//458 2204//458 2206//458
f 2205//459 2206//459 2207//459
f 2207//460 2206//460 2208//460
f 2207//461 2208//461 2209//461
f 2209//462 2208//462 2210//462
f 2209//463 2210//463 2211//463
f 2211//464 2210//464 2212//464
f 2211//465 2212//465 2213//465
f 2213//466 2212//466 2214//466
f 2213//467 2214//467 2215//467
f 2215//468 2214//468 2216//468
f 2215//469 2216//469 2217//469
f 2217//470 2216//470 2218//470
f 2217//471 2218//471 2219//471
f 2219//472 2218//472 2220//472
f 2219//473 2220//473 2221//473
f 2221//474 2220//474 2222//474
f 2221//475 2222//475 2223//475
f 2223//476 2222//476 2224//476
f 2223//477 2224//477 2225//477
f 2225//478 2224//478 2226//478
f 2225//479 2226//479 2227//479
f 2227//479 2226//479 2228//479
f 2227//480 2228//480 2229//480
f 2227//481 2229//481 2230//481
f 2230//482 2229//482 2231//482
f 2230//483 2231//483 2232//483
f 2232//484 2231//484 2233//484
f 2232//485 2233//485 2234//485
f 2234//486 2233//486 2235//486
f 2234//487 2235//487 2236//487
f 2236//488 2235//488 2237//488
f 2236//489 2237//489 2238//489
f 2238//490 2237//490 2239//490
f 2238//491 2239//491 2240//491
f 2240//492 2239//492 2241//492
f 2240//493 2241//493 2242//493
f 2242//494 2241//494 2243//494
f 2242//495 2243//495 2244//495
f 2244//496 2243//496 2245//496
f 2244//497 2245//497 2246//497
f 2246//498 2245//498 2247//498
f 2246//499 2247//499 2248//499
f 2248//500 2247//500 2249//500
f 2248//501 2249//501 2250//501
f 2250//502 2249//502 2251//502
f 2250//503 2251//503 2252//503
f 2252//504 2251//504 2253//504
f 2252//505 2253//505 2254//505
f 2254//506 2253//506 2255//506
f 2254//507 2255//507 2256//507
f 2256//508 2255//508 2257//508
f 2256//509 2257//509 2258//509
f 2258//510 2257//510 2259//510
f 2258//511 2259//511 2260//511
f 2260//512 2259//512 2261//512
f 2260//513 2261//513 2262//513
f 2262//514 2261//514 2263//514
f 2262//515 2263//515 2264//515
f 2264//516 2263//516 2265//516
f 2264//517 2265//517 2266//517
f 2266//518 2265//518 2267//518
f 2266//519 2267//519 2268//519
f 2268//520 2267//520 2269//520
f 2268//521 2269//521 2270//521
f 2270//522 2269//522 2271//522
f 2270//523 2271//523 2272//523
f 2272//524 2271//524 1703//524
f 2272//525 1703//525 1253//525
f 2271//526 2273//526 1703//526
f 1703//527 2273//527 1706//527
f 1706//528 2273//528 2274//528
f 1706//529 2274//529 1705//529
f 1705//530 2274//530 1722//530
f 1705//531 1722//531 1704//531
f 2272//532 1253//532 2275//532
f 2275//533 1253//533 1252//533
f 2275//534 1252//534 2276//534
f 2276//535 1252//535 1251//535
f 2276//536 1251//536 2277//536
f 2277//537 1251//537 1249//537
f 2277//538 1249//538 2278//538
f 2278//539 1249//539 1247//539
f 2278//540 1247//540 2279//540
f 2279//541 1247//541 1241//541
f 2279//542 1241//542 2280//542
f 2280//543 1241//543 1239//543
f 2280//544 1239//544 2281//544
f 2281//545 1239//545 1237//545
f 2281//546 1237//546 2282//546
f 2282//547 1237//547 1236//547
f 2282//548 1236//548 2283//548
f 2283//549 1236//549 1235//549
f 2283//550 1235//550 2284//550
f 2284//551 1235//551 1233//551
f 2284//552 1233//552 2080//552
f 2080//553 1233//553 1232//553
f 2126//92 1995//92 2123//92
f 2123//92 1995//92 1997//92
f 2123//92 1997//92 2121//92
f 2121//92 1997//92 1999//92
f 2121//92 1999//92 2119//92
f 2119//92 1999//92 2117//92
f 2117//92 1999//92 2001//92
f 2117//92 2001//92 2115//92
f 2115//92 2001//92 2003//92
f 2115//92 2003//92 2113//92
f 2113//92 2003//92 2005//92
f 2113//92 2005//92 2111//92
f 2111//92 2005//92 2109//92
f 2109//92 2005//92 2007//92
f 2109//92 2007//92 2107//92
f 2107//92 2007//92 2009//92
f 2107//92 2009//92 2105//92
f 2105//92 2009//92 2011//92
f 2105//92 2011//92 2103//92
f 2103//92 2011//92 2101//92
f 2101//92 2011//92 2013//92
f 2101//92 2013//92 2099//92
f 2099//92 2013//92 2015//92
f 2099//92 2015//92 2097//92
f 2097//92 2015//92 2017//92
f 2097//92 2017//92 2095//92
f 2095//92 2017//92 2093//92
f 2093//92 2017//92 2019//92
f 2093//92 2019//92 2091//92
f 2091//92 2019//92 2021//92
f 2091//92 2021//92 2089//92
f 2089//92 2021//92 2023//92
f 2089//92 2023//92 2087//92
f 2087//92 2023//92 2085//92
f 2085//92 2023//92 2025//92
f 2085//92 2025//92 2083//92
f 2083//92 2025//92 2027//92
f 2083//92 2027//92 2081//92
f 2081//92 2027//92 2029//92
f 2081//92 2029//92 2080//92
f 2080//92 2029//92 2284//92
f 2284//92 2029//92 2031//92
f 2284//92 2031//92 2283//92
f 2283//92 2031//92 2033//92
f 2283//92 2033//92 2282//92
f 2282//92 2033//92 2035//92
f 2282//92 2035//92 2281//92
f 2281//92 2035//92 2280//92
f 2280//92 2035//92 2037//92
f 2280//92 2037//92 2279//92
f 2279//92 2037//92 2039//92
f 2279//92 2039//92 2278//92
f 2278//92 2039//92 2041//92
f 2278//92 2041//92 2277//92
f 2277//92 2041//92 2043//92
f 2277//92 2043//92 2276//92
f 2276//92 2043//92 2275//92
f 2275//92 2043//92 2045//92
f 2275//92 2045//92 2272//92
f 2272//92 2045//92 2047//92
f 2272//92 2047//92 2270//92
f 2270//92 2047//92 2049//92
f 2270//92 2049//92 2268//92
f 2268//92 2049//92 2266//92
f 2266//92 2049//92 2051//92
f 2266//92 2051//92 2264//92
f 2264//92 2051//92 2053//92
f 2264//92 2053//92 2262//92
f 2262//92 2053//92 2055//92
f 2262//92 2055//92 2260//92
f 2260//92 2055//92 2258//92
f 2258//92 2055//92 2057//92
f 2258//92 2057//92 2256//92
f 2256//92 2057//92 2059//92
f 2256//92 2059//92 2254//92
f 2254//92 2059//92 2061//92
f 2254//92 2061//92 2252//92
f 2252//92 2061//92 2250//92
f 2250//92 2061//92 2063//92
f 2250//92 2063//92 2248//92
f 2248//92 2063//92 2065//92
f 2248//92 2065//92 2246//92
f 2246//92 2065//92 2067//92
f 2246//92 2067//92 2244//92
f 2244//92 2067//92 2242//92
f 2242//92 2067//92 2069//92
f 2242//92 2069//92 2240//92
f 2240//92 2069//92 2071//92
f 2240//92 2071//92 2238//92
f 2238//92 2071//92 2073//92
f 2238//92 2073//92 2236//92
f 2236//92 2073//92 2234//92
f 2234//92 2073//92 2075//92
f 2234//92 2075//92 2232//92
f 2232//92 2075//92 1911//92
f 2232//92 1911//92 2230//92
f 2230//92 1911//92 1913//92
f 2230//92 1913//92 2227//92
f 2227//92 1913//92 2225//92
f 2225//92 1913//92 1915//92
f 2225//92 1915//92 2223//92
f 2223//92 1915//92 1917//92
f 2223//92 1917//92 2221//92
f 2221//92 1917//92 1919//92
f 2221//92 1919//92 2219//92
f 2219//92 1919//92 2217//92
f 2217//92 1919//92 1921//92
f 2217//92 1921//92 2215//92
f 2215//92 1921//92 1923//92
f 2215//92 1923//92 2213//92
f 2213//92 1923//92 1925//92
f 2213//92 1925//92 2211//92
f 2211//92 1925//92 2209//92
f 2209//92 1925//92 1927//92
f 2209//92 1927//92 2207//92
f 2207//92 1927//92 1929//92
f 2207//92 1929//92 2205//92
f 2205//92 1929//92 1931//92
f 2205//92 1931//92 2203//92
f 2203//92 1931//92 2201//92
f 2201//92 1931//92 1933//92
f 2201//92 1933//92 2199//92
f 2199//92 1933//92 1935//92
f 2199//92 1935//92 2197//92
f 2197//92 1935//92 1937//92
f 2197//92 1937//92 2195//92
f 2195//92 1937//92 2193//92
f 2193//92 1937//92 1939//92
f 2193//92 1939//92 2191//92
f 2191//92 1939//92 1941//92
f 2191//92 1941//92 2189//92
f 2189//92 1941//92 1943//92
f 2189//92 1943//92 2187//92
f 2187//92 1943//92 2185//92
f 2185//92 1943//92 1945//92
f 2185//92 1945//92 2181//92
f 2181//92 1945//92 1947//92
f 2181//92 1947//92 2180//92
f 2180//92 1947//92 1949//92
f 2180//92 1949//92 2179//92
f 2179//92 1949//92 2178//92
f 2178//92 1949//92 1951//92
f 2178//92 1951//92 2177//92
f 2177//92 1951//92 1953//92
f 2177//92 1953//92 2176//92
f 2176//92 1953//92 1955//92
f 2176//92 1955//92 2175//92
f 2175//92 1955//92 1957//92
f 2175//92 1957//92 2174//92
f 2174//92 1957//92 2173//92
f 2173//92 1957//92 1959//92
f 2173//92 1959//92 2172//92
f 2172//92 1959//92 1961//92
f 2172//92 1961//92 2171//92
f 2171//92 1961//92 2168//92
f 2168//92 1961//92 2166//92
f 2166//92 1961//92 2164//92
f 2164//92 1961//92 2162//92
f 2162//92 1961//92 2160//92
f 2160//92 1961//92 2158//92
f 2158//92 1961//92 2156//92
f 2156//92 1961//92 1963//92
f 2156//92 1963//92 2154//92
f 2154//92 1963//92 1965//92
f 2154//92 1965//92 1967//92
f 1995//92 2126//92 1993//92
f 1993//92 2126//92 2128//92
f 1993//92 2128//92 2130//92
f 1993//92 2130//92 1991//92
f 1991//92 2130//92 2132//92
f 1991//92 2132//92 1989//92
f 1989//92 2132//92 2134//92
f 1989//92 2134//92 1987//92
f 1987//92 2134//92 2136//92
f 1987//92 2136//92 2138//92
f 1987//92 2138//92 1985//92
f 1985//92 2138//92 2140//92
f 1985//92 2140//92 1983//92
f 1983//92 2140//92 2142//92
f 1983//92 2142//92 1981//92
f 1981//92 2142//92 2144//92
f 1981//92 2144//92 2146//92
f 1981//92 2146//92 1979//92
f 1979//92 2146//92 2148//92
f 1979//92 2148//92 1977//92
f 1977//92 2148//92 2150//92
f 1977//92 2150//92 1975//92
f 1975//92 2150//92 2152//92
f 1975//92 2152//92 2154//92
f 1967//92 1969//92 2154//92
f 2154//92 1969//92 1971//92
f 2154//92 1971//92 1973//92
f 1973//92 1975//92 2154//92
f 2285//7 2286//7 2287//7
f 2287//7 2286//7 2288//7
f 2288//7 2286//7 2289//7
f 2288//7 2289//7 2290//7
f 2290//7 2289//7 2291//7
f 2290//7 2291//7 2292//7
f 2292//7 2291//7 2293//7
f 2292//7 2293//7 2294//7
f 2294//7 2293//7 2295//7
f 2294//7 2295//7 2296//7
f 2296//7 2295//7 2297//7
f 2296//7 2297//7 2298//7
f 2298//7 2297//7 2299//7
f 2298//7 2299//7 2300//7
f 2300//7 2299//7 1807//7
f 2300//7 1807//7 2301//7
f 2301//7 1807//7 1725//7
f 2301//7 1725//7 2302//7
f 2302//7 1725//7 2303//7
f 2302//7 2303//7 2304//7
f 2304//7 2303//7 2305//7
f 2304//7 2305//7 2306//7
f 2306//7 2305//7 2307//7
f 2306//7 2307//7 2308//7
f 2308//7 2307//7 2309//7
f 2308//7 2309//7 2310//7
f 2310//7 2309//7 2311//7
f 2310//7 2311//7 2312//7
f 2312//7 2311//7 2313//7
f 2312//7 2313//7 2314//7
f 2314//7 2313//7 2315//7
f 2314//7 2315//7 2316//7
f 2316//7 2315//7 2317//7
f 2299//7 2318//7 1807//7
f 1807//7 2318//7 2319//7
f 1807//7 2319//7 2320//7
f 2320//7 2321//7 1807//7
f 1807//7 2321//7 1767//7
f 1767//7 2321//7 2322//7
f 1767//7 2322//7 2323//7
f 1767//7 2323//7 1768//7
f 1768//7 2323//7 2324//7
f 1768//7 2324//7 2325//7
f 2326//7 1776//7 2325//7
f 2325//7 1776//7 1774//7
f 2325//7 1774//7 1772//7
f 2327//7 1780//7 2326//7
f 2326//7 1780//7 1778//7
f 2326//7 1778//7 1776//7
f 2328//7 1784//7 2327//7
f 2327//7 1784//7 1782//7
f 2327//7 1782//7 1780//7
f 1708//7 1788//7 2328//7
f 2328//7 1788//7 1786//7
f 2328//7 1786//7 1784//7
f 1707//7 1744//7 1708//7
f 1708//7 1744//7 1790//7
f 1708//7 1790//7 1788//7
f 1744//7 1707//7 1746//7
f 1746//7 1707//7 2329//7
f 1746//7 2329//7 1748//7
f 1748//7 2329//7 1750//7
f 1750//7 2329//7 2330//7
f 1750//7 2330//7 1752//7
f 1752//7 2330//7 1754//7
f 1754//7 2330//7 2331//7
f 1754//7 2331//7 1756//7
f 1756//7 2331//7 1758//7
f 1758//7 2331//7 2332//7
f 1758//7 2332//7 1760//7
f 1760//7 2332//7 1762//7
f 1762//7 2332//7 1764//7
f 1764//7 2332//7 2333//7
f 1764//7 2333//7 2334//7
f 1764//7 2334//7 1765//7
f 1765//7 2334//7 2335//7
f 1765//7 2335//7 2336//7
f 1765//7 2336//7 1725//7
f 1725//7 2336//7 2337//7
f 1725//7 2337//7 2338//7
f 2338//7 2339//7 1725//7
f 1725//7 2339//7 2303//7
f 1807//7 1806//7 1725//7
f 1725//7 1806//7 1726//7
f 1726//7 1806//7 1804//7
f 1726//7 1804//7 1730//7
f 1730//7 1804//7 1802//7
f 1730//7 1802//7 1732//7
f 1732//7 1802//7 1800//7
f 1732//7 1800//7 1734//7
f 1734//7 1800//7 1798//7
f 1734//7 1798//7 1736//7
f 1736//7 1798//7 1796//7
f 1736//7 1796//7 1738//7
f 1738//7 1796//7 1794//7
f 1738//7 1794//7 1740//7
f 1740//7 1794//7 1792//7
f 1740//7 1792//7 1742//7
f 1742//7 1792//7 1744//7
f 1744//7 1792//7 1790//7
f 1772//7 1768//7 2325//7
f 2340//554 2341//554 2231//554
f 2231//555 2341//555 2342//555
f 2231//556 2342//556 2343//556
f 2343//557 2317//557 2231//557
f 2231//558 2317//558 2233//558
f 2233//559 2317//559 2315//559
f 2233//560 2315//560 2235//560
f 2235//561 2315//561 2313//561
f 2235//562 2313//562 2237//562
f 2237//563 2313//563 2311//563
f 2237//564 2311//564 2239//564
f 2239//565 2311//565 2309//565
f 2239//566 2309//566 2241//566
f 2241//567 2309//567 2307//567
f 2241//568 2307//568 2243//568
f 2243//569 2307//569 2245//569
f 2245//570 2307//570 2305//570
f 2245//571 2305//571 2247//571
f 2247//572 2305//572 2303//572
f 2247//573 2303//573 2249//573
f 2249//574 2303//574 2339//574
f 2249//575 2339//575 2251//575
f 2251//576 2339//576 2338//576
f 2251//577 2338//577 2253//577
f 2253//578 2338//578 2337//578
f 2253//579 2337//579 2255//579
f 2255//580 2337//580 2336//580
f 2255//581 2336//581 2257//581
f 2257//582 2336//582 2335//582
f 2257//583 2335//583 2259//583
f 2259//584 2335//584 2261//584
f 2261//585 2335//585 2334//585
f 2261//586 2334//586 2263//586
f 2263//587 2334//587 2333//587
f 2263//588 2333//588 2265//588
f 2265//589 2333//589 2332//589
f 2265//590 2332//590 2267//590
f 2267//591 2332//591 2331//591
f 2267//592 2331//592 2269//592
f 2269//593 2331//593 2330//593
f 2269//594 2330//594 2271//594
f 2271//595 2330//595 2329//595
f 2271//596 2329//596 2273//596
f 2273//597 2329//597 2274//597
f 2274//598 2329//598 1707//598
f 2274//599 1707//599 1709//599
f 1709//600 1711//600 2274//600
f 2274//601 1711//601 1713//601
f 2274//602 1713//602 1715//602
f 1715//603 1717//603 2274//603
f 2274//604 1717//604 1724//604
f 2274//605 1724//605 1723//605
f 1723//606 1722//606 2274//606
f 2229//607 2344//607 2231//607
f 2231//608 2344//608 2345//608
f 2231//609 2345//609 2346//609
f 2344//610 2229//610 2347//610
f 2347//611 2229//611 2228//611
f 2347//612 2228//612 2348//612
f 2348//613 2228//613 2349//613
f 2349//614 2228//614 2226//614
f 2349//615 2226//615 2350//615
f 2350//616 2226//616 2224//616
f 2350//617 2224//617 2351//617
f 2351//618 2224//618 2222//618
f 2351//619 2222//619 2352//619
f 2352//620 2222//620 2353//620
f 2353//621 2222//621 2354//621
f 2354//622 2222//622 2355//622
f 2355//623 2222//623 2356//623
f 2356//624 2222//624 2285//624
f 2285//625 2222//625 2286//625
f 2286//626 2222//626 2220//626
f 2286//627 2220//627 2289//627
f 2289//628 2220//628 2218//628
f 2289//629 2218//629 2291//629
f 2291//630 2218//630 2216//630
f 2291//631 2216//631 2293//631
f 2293//632 2216//632 2214//632
f 2293//633 2214//633 2295//633
f 2295//634 2214//634 2212//634
f 2295//635 2212//635 2210//635
f 2295//636 2210//636 2297//636
f 2297//637 2210//637 2208//637
f 2297//638 2208//638 2299//638
f 2299//639 2208//639 2206//639
f 2299//640 2206//640 2318//640
f 2318//641 2206//641 2204//641
f 2318//642 2204//642 2319//642
f 2319//643 2204//643 2202//643
f 2319//644 2202//644 2320//644
f 2320//645 2202//645 2200//645
f 2320//646 2200//646 2321//646
f 2321//647 2200//647 2198//647
f 2321//648 2198//648 2322//648
f 2322//649 2198//649 2196//649
f 2322//650 2196//650 2194//650
f 2322//651 2194//651 2323//651
f 2323//652 2194//652 2192//652
f 2323//653 2192//653 2324//653
f 2324//654 2192//654 2190//654
f 2324//655 2190//655 2325//655
f 2325//656 2190//656 2188//656
f 2325//657 2188//657 2326//657
f 2326//658 2188//658 2186//658
f 2326//659 2186//659 2327//659
f 2327//660 2186//660 2182//660
f 2327//661 2182//661 2328//661
f 2328//662 2182//662 2183//662
f 2328//663 2183//663 2184//663
f 1721//664 1714//664 2184//664
f 2184//665 1714//665 1712//665
f 2184//666 1712//666 1710//666
f 1720//667 1719//667 1721//667
f 1721//668 1719//668 1718//668
f 1721//669 1718//669 1716//669
f 1716//670 1714//670 1721//670
f 1710//671 1708//671 2184//671
f 2184//672 1708//672 2328//672
f 2346//673 2340//673 2231//673
f 2357//7 2358//7 2359//7
f 2359//7 2358//7 2360//7
f 2360//7 2358//7 2361//7
f 2360//7 2361//7 2362//7
f 2362//7 2361//7 2363//7
f 2362//7 2363//7 2364//7
f 2364//7 2363//7 2365//7
f 2364//7 2365//7 2366//7
f 2366//7 2365//7 2367//7
f 2366//7 2367//7 2368//7
f 2368//7 2367//7 2369//7
f 2368//7 2369//7 2370//7
f 2370//7 2369//7 2371//7
f 2370//7 2371//7 2372//7
f 2372//7 2371//7 1909//7
f 2372//7 1909//7 2373//7
f 2373//7 1909//7 1827//7
f 2373//7 1827//7 2374//7
f 2374//7 1827//7 2375//7
f 2374//7 2375//7 2376//7
f 2376//7 2375//7 2377//7
f 2376//7 2377//7 2378//7
f 2378//7 2377//7 2379//7
f 2378//7 2379//7 2380//7
f 2380//7 2379//7 2381//7
f 2380//7 2381//7 2382//7
f 2382//7 2381//7 2383//7
f 2382//7 2383//7 2384//7
f 2384//7 2383//7 2385//7
f 2384//7 2385//7 2386//7
f 2386//7 2385//7 2387//7
f 2386//7 2387//7 2388//7
f 2388//7 2387//7 2389//7
f 2371//7 2390//7 1909//7
f 1909//7 2390//7 2391//7
f 1909//7 2391//7 2392//7
f 2392//7 2393//7 1909//7
f 1909//7 2393//7 1869//7
f 1869//7 2393//7 2394//7
f 1869//7 2394//7 2395//7
f 1869//7 2395//7 1870//7
f 1870//7 2395//7 2396//7
f 1870//7 2396//7 2397//7
f 2398//7 1878//7 2397//7
f 2397//7 1878//7 1876//7
f 2397//7 1876//7 1874//7
f 2399//7 1882//7 2398//7
f 2398//7 1882//7 1880//7
f 2398//7 1880//7 1878//7
f 2400//7 1886//7 2399//7
f 2399//7 1886//7 1884//7
f 2399//7 1884//7 1882//7
f 1810//7 1890//7 2400//7
f 2400//7 1890//7 1888//7
f 2400//7 1888//7 1886//7
f 1890//7 1810//7 1892//7
f 1892//7 1810//7 1809//7
f 1892//7 1809//7 1846//7
f 1846//7 1809//7 1848//7
f 1848//7 1809//7 2401//7
f 1848//7 2401//7 1850//7
f 1850//7 2401//7 1852//7
f 1852//7 2401//7 2402//7
f 1852//7 2402//7 1854//7
f 1854//7 2402//7 1856//7
f 1856//7 2402//7 2403//7
f 1856//7 2403//7 1858//7
f 1858//7 2403//7 1860//7
f 1860//7 2403//7 2404//7
f 1860//7 2404//7 1862//7
f 1862//7 2404//7 1864//7
f 1864//7 2404//7 1866//7
f 1866//7 2404//7 2405//7
f 1866//7 2405//7 2406//7
f 1866//7 2406//7 1867//7
f 1867//7 2406//7 2407//7
f 1867//7 2407//7 2408//7
f 1867//7 2408//7 1827//7
f 1827//7 2408//7 2409//7
f 1827//7 2409//7 2410//7
f 2410//7 2411//7 1827//7
f 1827//7 2411//7 2375//7
f 1909//7 1908//7 1827//7
f 1827//7 1908//7 1828//7
f 1828//7 1908//7 1832//7
f 1832//7 1908//7 1906//7
f 1832//7 1906//7 1834//7
f 1834//7 1906//7 1904//7
f 1834//7 1904//7 1836//7
f 1836//7 1904//7 1902//7
f 1836//7 1902//7 1838//7
f 1838//7 1902//7 1900//7
f 1838//7 1900//7 1840//7
f 1840//7 1900//7 1898//7
f 1840//7 1898//7 1842//7
f 1842//7 1898//7 1896//7
f 1842//7 1896//7 1844//7
f 1844//7 1896//7 1894//7
f 1844//7 1894//7 1892//7
f 1874//7 1870//7 2397//7
f 1846//7 1844//7 1892//7
f 2412//674 2413//674 2127//674
f 2127//675 2413//675 2414//675
f 2127//676 2414//676 2415//676
f 2415//677 2389//677 2127//677
f 2127//678 2389//678 2129//678
f 2129//679 2389//679 2387//679
f 2129//680 2387//680 2131//680
f 2131//681 2387//681 2385//681
f 2131//682 2385//682 2133//682
f 2133//683 2385//683 2383//683
f 2133//684 2383//684 2135//684
f 2135//685 2383//685 2381//685
f 2135//686 2381//686 2137//686
f 2137//687 2381//687 2379//687
f 2137//688 2379//688 2139//688
f 2139//689 2379//689 2141//689
f 2141//690 2379//690 2377//690
f 2141//691 2377//691 2143//691
f 2143//692 2377//692 2375//692
f 2143//693 2375//693 2145//693
f 2145//694 2375//694 2411//694
f 2145//695 2411//695 2147//695
f 2147//696 2411//696 2410//696
f 2147//697 2410//697 2149//697
f 2149//698 2410//698 2409//698
f 2149//699 2409//699 2151//699
f 2151//700 2409//700 2408//700
f 2151//701 2408//701 2153//701
f 2153//702 2408//702 2407//702
f 2153//703 2407//703 2155//703
f 2155//704 2407//704 2157//704
f 2157//705 2407//705 2406//705
f 2157//706 2406//706 2159//706
f 2159//707 2406//707 2405//707
f 2159//708 2405//708 2161//708
f 2161//709 2405//709 2404//709
f 2161//710 2404//710 2163//710
f 2163//711 2404//711 2403//711
f 2163//712 2403//712 2165//712
f 2165//713 2403//713 2402//713
f 2165//714 2402//714 2167//714
f 2167//715 2402//715 2401//715
f 2167//716 2401//716 2169//716
f 2169//717 2401//717 2170//717
f 2170//718 2401//718 1809//718
f 2170//719 1809//719 1811//719
f 1811//720 1813//720 2170//720
f 2170//721 1813//721 1815//721
f 2170//722 1815//722 1817//722
f 1817//723 1819//723 2170//723
f 2170//724 1819//724 1826//724
f 2170//725 1826//725 1825//725
f 1825//726 1824//726 2170//726
f 2125//727 2416//727 2127//727
f 2127//728 2416//728 2417//728
f 2127//729 2417//729 2418//729
f 2416//730 2125//730 2419//730
f 2419//731 2125//731 2124//731
f 2419//732 2124//732 2420//732
f 2420//733 2124//733 2421//733
f 2421//734 2124//734 2122//734
f 2421//735 2122//735 2422//735
f 2422//736 2122//736 2120//736
f 2422//737 2120//737 2423//737
f 2423//738 2120//738 2118//738
f 2423//739 2118//739 2424//739
f 2424//740 2118//740 2425//740
f 2425//741 2118//741 2426//741
f 2426//742 2118//742 2427//742
f 2427//743 2118//743 2428//743
f 2428//744 2118//744 2357//744
f 2357//745 2118//745 2358//745
f 2358//746 2118//746 2116//746
f 2358//747 2116//747 2361//747
f 2361//748 2116//748 2114//748
f 2361//749 2114//749 2363//749
f 2363//750 2114//750 2112//750
f 2363//751 2112//751 2365//751
f 2365//752 2112//752 2110//752
f 2365//753 2110//753 2367//753
f 2367//754 2110//754 2108//754
f 2367//755 2108//755 2106//755
f 2367//756 2106//756 2369//756
f 2369//757 2106//757 2104//757
f 2369//758 2104//758 2371//758
f 2371//759 2104//759 2102//759
f 2371//760 2102//760 2390//760
f 2390//761 2102//761 2100//761
f 2390//762 2100//762 2391//762
f 2391//763 2100//763 2098//763
f 2391//764 2098//764 2392//764
f 2392//765 2098//765 2096//765
f 2392//766 2096//766 2393//766
f 2393//767 2096//767 2094//767
f 2393//768 2094//768 2394//768
f 2394//769 2094//769 2092//769
f 2394//770 2092//770 2090//770
f 2394//771 2090//771 2395//771
f 2395//772 2090//772 2088//772
f 2395//773 2088//773 2396//773
f 2396//774 2088//774 2086//774
f 2396//775 2086//775 2397//775
f 2397//776 2086//776 2084//776
f 2397//777 2084//777 2398//777
f 2398//778 2084//778 2082//778
f 2398//779 2082//779 2399//779
f 2399//780 2082//780 2079//780
f 2399//781 2079//781 2400//781
f 2400//782 2079//782 2078//782
f 2400//783 2078//783 2077//783
f 1823//784 1816//784 2077//784
f 2077//785 1816//785 1814//785
f 2077//786 1814//786 1812//786
f 1822//787 1821//787 1823//787
f 1823//788 1821//788 1820//788
f 1823//789 1820//789 1818//789
f 1818//790 1816//790 1823//790
f 1812//791 1810//791 2077//791
f 2077//792 1810//792 2400//792
f 2418//793 2412//793 2127//793
f 757//6 789//6 755//6
f 755//6 789//6 791//6
f 755//6 791//6 753//6
f 753//6 791//6 793//6
f 753//6 793//6 823//6
f 823//6 793//6 795//6
f 823//6 795//6 821//6
f 821//6 795//6 797//6
f 821//6 797//6 819//6
f 819//6 797//6 799//6
f 819//6 799//6 817//6
f 817//6 799//6 801//6
f 817//6 801//6 815//6
f 815//6 801//6 803//6
f 815//222 803//222 813//222
f 813//6 803//6 805//6
f 813//6 805//6 811//6
f 811//222 805//222 807//222
f 811//6 807//6 809//6
f 789//6 757//6 787//6
f 787//6 757//6 759//6
f 787//6 759//6 785//6
f 785//6 759//6 761//6
f 785//6 761//6 783//6
f 783//6 761//6 763//6
f 783//6 763//6 781//6
f 781//6 763//6 765//6
f 781//6 765//6 779//6
f 779//6 765//6 767//6
f 779//6 767//6 777//6
f 777//6 767//6 769//6
f 777//6 769//6 775//6
f 775//222 769//222 771//222
f 775//6 771//6 773//6
f 2429//75 2430//75 2431//75
f 2431//75 2430//75 2432//75
f 2431//794 2432//794 2342//794
f 2342//795 2432//795 2343//795
f 2343//796 2432//796 2317//796
f 2317//797 2432//797 2433//797
f 2317//798 2433//798 2316//798
f 2316//799 2433//799 2434//799
f 2316//800 2434//800 2314//800
f 2314//801 2434//801 2435//801
f 2314//802 2435//802 2312//802
f 2312//803 2435//803 2436//803
f 2312//804 2436//804 2310//804
f 2310//805 2436//805 2437//805
f 2310//806 2437//806 2308//806
f 2308//807 2437//807 2438//807
f 2308//808 2438//808 2306//808
f 2306//809 2438//809 2439//809
f 2306//810 2439//810 2304//810
f 2304//811 2439//811 2440//811
f 2304//812 2440//812 2302//812
f 2302//813 2440//813 2441//813
f 2302//814 2441//814 2301//814
f 2301//815 2441//815 2300//815
f 2300//816 2441//816 2442//816
f 2300//817 2442//817 2298//817
f 2298//818 2442//818 2443//818
f 2298//819 2443//819 2296//819
f 2296//820 2443//820 2444//820
f 2296//821 2444//821 2294//821
f 2294//822 2444//822 2445//822
f 2294//823 2445//823 2292//823
f 2292//824 2445//824 2446//824
f 2292//825 2446//825 2290//825
f 2290//826 2446//826 2447//826
f 2290//827 2447//827 2288//827
f 2288//828 2447//828 2448//828
f 2288//829 2448//829 2287//829
f 2287//830 2448//830 2449//830
f 2287//831 2449//831 2285//831
f 2285//832 2449//832 2450//832
f 2285//833 2450//833 2356//833
f 2356//834 2450//834 2355//834
f 2355//835 2450//835 2451//835
f 2355//835 2451//835 2354//835
f 2430//74 2429//74 2452//74
f 2452//74 2429//74 2453//74
f 2452//73 2453//73 2454//73
f 2454//73 2453//73 2455//73
f 2454//72 2455//72 2456//72
f 2456//72 2455//72 2457//72
f 2456//71 2457//71 2458//71
f 2458//71 2457//71 2459//71
f 2458//70 2459//70 2460//70
f 2460//70 2459//70 2461//70
f 2460//69 2461//69 2462//69
f 2462//69 2461//69 2463//69
f 2462//68 2463//68 2464//68
f 2464//68 2463//68 2465//68
f 2464//67 2465//67 2466//67
f 2466//67 2465//67 2467//67
f 2466//66 2467//66 2468//66
f 2468//66 2467//66 2469//66
f 2468//65 2469//65 2470//65
f 2470//65 2469//65 2471//65
f 2470//64 2471//64 2472//64
f 2472//64 2471//64 2473//64
f 2472//63 2473//63 2474//63
f 2474//63 2473//63 2475//63
f 2474//62 2475//62 2476//62
f 2476//62 2475//62 2477//62
f 2476//61 2477//61 2478//61
f 2478//61 2477//61 2479//61
f 2478//60 2479//60 2480//60
f 2480//60 2479//60 2481//60
f 2480//59 2481//59 2482//59
f 2482//59 2481//59 2483//59
f 2482//58 2483//58 2450//58
f 2450//58 2483//58 2451//58
f 2342//794 2341//794 2431//794
f 2350//195 2351//195 2451//195
f 2451//195 2351//195 2352//195
f 2451//195 2352//195 2353//195
f 2353//195 2354//195 2451//195
f 2341//221 2340//221 2431//221
f 2431//221 2340//221 2346//221
f 2431//221 2346//221 2345//221
f 2345//221 2344//221 2431//221
f 2451//7 2483//7 2350//7
f 2350//7 2483//7 2481//7
f 2350//7 2481//7 2479//7
f 2479//7 2477//7 2350//7
f 2350//7 2477//7 2475//7
f 2350//7 2475//7 2473//7
f 2350//7 2473//7 2349//7
f 2349//7 2473//7 2471//7
f 2349//7 2471//7 2469//7
f 2349//7 2469//7 2348//7
f 2348//7 2469//7 2467//7
f 2348//7 2467//7 2465//7
f 2348//7 2465//7 2347//7
f 2347//7 2465//7 2463//7
f 2347//7 2463//7 2461//7
f 2347//7 2461//7 2344//7
f 2344//7 2461//7 2459//7
f 2344//7 2459//7 2457//7
f 2457//7 2455//7 2344//7
f 2344//7 2455//7 2453//7
f 2344//7 2453//7 2429//7
f 2429//7 2431//7 2344//7
f 2359//836 2484//836 2357//836
f 2357//837 2484//837 2485//837
f 2357//838 2485//838 2428//838
f 2428//839 2485//839 2427//839
f 2427//840 2485//840 2486//840
f 2427//840 2486//840 2426//840
f 2484//841 2359//841 2487//841
f 2487//842 2359//842 2360//842
f 2487//843 2360//843 2488//843
f 2488//844 2360//844 2362//844
f 2488//845 2362//845 2489//845
f 2489//846 2362//846 2364//846
f 2489//847 2364//847 2490//847
f 2490//848 2364//848 2366//848
f 2490//849 2366//849 2491//849
f 2491//850 2366//850 2368//850
f 2491//851 2368//851 2492//851
f 2492//852 2368//852 2370//852
f 2492//853 2370//853 2493//853
f 2493//854 2370//854 2372//854
f 2493//855 2372//855 2494//855
f 2494//856 2372//856 2373//856
f 2494//857 2373//857 2374//857
f 2494//858 2374//858 2495//858
f 2495//859 2374//859 2376//859
f 2495//860 2376//860 2496//860
f 2496//861 2376//861 2378//861
f 2496//862 2378//862 2497//862
f 2497//863 2378//863 2380//863
f 2497//864 2380//864 2498//864
f 2498//865 2380//865 2382//865
f 2498//866 2382//866 2499//866
f 2499//867 2382//867 2384//867
f 2499//868 2384//868 2500//868
f 2500//869 2384//869 2386//869
f 2500//870 2386//870 2501//870
f 2501//871 2386//871 2388//871
f 2501//872 2388//872 2502//872
f 2502//873 2388//873 2389//873
f 2502//874 2389//874 2503//874
f 2503//875 2389//875 2415//875
f 2503//876 2415//876 2414//876
f 2413//877 2504//877 2414//877
f 2414//877 2504//877 2503//877
f 2503//57 2504//57 2505//57
f 2505//57 2504//57 2506//57
f 2505//56 2506//56 2507//56
f 2507//56 2506//56 2508//56
f 2507//55 2508//55 2509//55
f 2509//55 2508//55 2510//55
f 2509//54 2510//54 2511//54
f 2511//54 2510//54 2512//54
f 2511//53 2512//53 2513//53
f 2513//53 2512//53 2514//53
f 2513//52 2514//52 2515//52
f 2515//52 2514//52 2516//52
f 2515//51 2516//51 2517//51
f 2517//51 2516//51 2518//51
f 2517//50 2518//50 2519//50
f 2519//50 2518//50 2520//50
f 2519//49 2520//49 2521//49
f 2521//49 2520//49 2522//49
f 2521//48 2522//48 2523//48
f 2523//48 2522//48 2524//48
f 2523//83 2524//83 2525//83
f 2525//83 2524//83 2526//83
f 2525//82 2526//82 2527//82
f 2527//82 2526//82 2528//82
f 2527//81 2528//81 2529//81
f 2529//81 2528//81 2530//81
f 2529//80 2530//80 2531//80
f 2531//80 2530//80 2532//80
f 2531//79 2532//79 2533//79
f 2533//79 2532//79 2534//79
f 2533//78 2534//78 2535//78
f 2535//78 2534//78 2536//78
f 2535//77 2536//77 2537//77
f 2537//77 2536//77 2538//77
f 2537//76 2538//76 2485//76
f 2485//76 2538//76 2486//76
f 2422//221 2423//221 2486//221
f 2486//221 2423//221 2424//221
f 2486//221 2424//221 2425//221
f 2425//221 2426//221 2486//221
f 2413//195 2412//195 2504//195
f 2504//195 2412//195 2418//195
f 2504//195 2418//195 2417//195
f 2417//195 2416//195 2504//195
f 2486//7 2538//7 2422//7
f 2422//7 2538//7 2536//7
f 2422//7 2536//7 2534//7
f 2534//7 2532//7 2422//7
f 2422//7 2532//7 2530//7
f 2422//7 2530//7 2528//7
f 2422//7 2528//7 2421//7
f 2421//7 2528//7 2526//7
f 2421//7 2526//7 2524//7
f 2421//7 2524//7 2420//7
f 2420//7 2524//7 2522//7
f 2420//7 2522//7 2520//7
f 2420//7 2520//7 2419//7
f 2419//7 2520//7 2518//7
f 2419//7 2518//7 2516//7
f 2419//7 2516//7 2416//7
f 2416//7 2516//7 2514//7
f 2416//7 2514//7 2512//7
f 2512//7 2510//7 2416//7
f 2416//7 2510//7 2508//7
f 2416//7 2508//7 2506//7
f 2506//7 2504//7 2416//7
f 2468//7 205//7 2466//7
f 2466//7 205//7 206//7
f 2466//7 206//7 207//7
f 205//7 2468//7 240//7
f 240//7 2468//7 2470//7
f 240//7 2470//7 239//7
f 239//7 2470//7 2472//7
f 239//7 2472//7 238//7
f 238//7 2472//7 2474//7
f 238//7 2474//7 237//7
f 237//7 2474//7 2476//7
f 237//7 2476//7 236//7
f 236//7 2476//7 2478//7
f 236//7 2478//7 235//7
f 235//7 2478//7 2480//7
f 235//7 2480//7 234//7
f 234//7 2480//7 2482//7
f 234//7 2482//7 233//7
f 233//7 2482//7 2450//7
f 233//7 2450//7 2449//7
f 233//7 2449//7 232//7
f 232//7 2449//7 2448//7
f 232//7 2448//7 231//7
f 231//7 2448//7 2447//7
f 231//7 2447//7 230//7
f 230//7 2447//7 2446//7
f 230//7 2446//7 229//7
f 229//7 2446//7 2445//7
f 229//7 2445//7 228//7
f 228//7 2445//7 2444//7
f 228//7 2444//7 227//7
f 227//7 2444//7 2443//7
f 227//7 2443//7 226//7
f 226//7 2443//7 2442//7
f 226//7 2442//7 225//7
f 225//7 2442//7 224//7
f 224//7 2442//7 2441//7
f 224//7 2441//7 223//7
f 223//7 2441//7 2440//7
f 223//7 2440//7 222//7
f 222//7 2440//7 2439//7
f 222//7 2439//7 221//7
f 221//7 2439//7 2438//7
f 221//7 2438//7 220//7
f 220//7 2438//7 2437//7
f 220//7 2437//7 219//7
f 219//7 2437//7 2436//7
f 219//7 2436//7 218//7
f 218//7 2436//7 2435//7
f 218//7 2435//7 217//7
f 217//7 2435//7 2434//7
f 217//7 2434//7 216//7
f 216//7 2434//7 2433//7
f 216//7 2433//7 215//7
f 215//7 2433//7 2432//7
f 215//7 2432//7 2430//7
f 215//7 2430//7 214//7
f 214//7 2430//7 2452//7
f 214//7 2452//7 213//7
f 213//7 2452//7 2454//7
f 213//7 2454//7 212//7
f 212//7 2454//7 2456//7
f 212//7 2456//7 211//7
f 211//7 2456//7 2458//7
f 211//7 2458//7 210//7
f 210//7 2458//7 2460//7
f 210//7 2460//7 209//7
f 209//7 2460//7 2462//7
f 209//7 2462//7 208//7
f 208//7 2462//7 2464//7
f 208//7 2464//7 207//7
f 207//7 2464//7 2466//7
f 2495//7 685//7 2494//7
f 2494//7 685//7 686//7
f 2494//7 686//7 687//7
f 685//7 2495//7 720//7
f 720//7 2495//7 2496//7
f 720//7 2496//7 719//7
f 719//7 2496//7 2497//7
f 719//7 2497//7 718//7
f 718//7 2497//7 2498//7
f 718//7 2498//7 717//7
f 717//7 2498//7 2499//7
f 717//7 2499//7 716//7
f 716//7 2499//7 2500//7
f 716//7 2500//7 715//7
f 715//7 2500//7 2501//7
f 715//7 2501//7 714//7
f 714//7 2501//7 2502//7
f 714//7 2502//7 713//7
f 713//7 2502//7 2503//7
f 713//7 2503//7 2505//7
f 713//7 2505//7 712//7
f 712//7 2505//7 2507//7
f 712//7 2507//7 711//7
f 711//7 2507//7 2509//7
f 711//7 2509//7 710//7
f 710//7 2509//7 2511//7
f 710//7 2511//7 709//7
f 709//7 2511//7 2513//7
f 709//7 2513//7 708//7
f 708//7 2513//7 2515//7
f 708//7 2515//7 707//7
f 707//7 2515//7 2517//7
f 707//7 2517//7 706//7
f 706//7 2517//7 2519//7
f 706//7 2519//7 705//7
f 705//7 2519//7 704//7
f 704//7 2519//7 2521//7
f 704//7 2521//7 703//7
f 703//7 2521//7 2523//7
f 703//7 2523//7 702//7
f 702//7 2523//7 2525//7
f 702//7 2525//7 701//7
f 701//7 2525//7 2527//7
f 701//7 2527//7 700//7
f 700//7 2527//7 2529//7
f 700//7 2529//7 699//7
f 699//7 2529//7 2531//7
f 699//7 2531//7 698//7
f 698//7 2531//7 2533//7
f 698//7 2533//7 697//7
f 697//7 2533//7 2535//7
f 697//7 2535//7 696//7
f 696//7 2535//7 2537//7
f 696//7 2537//7 695//7
f 695//7 2537//7 2485//7
f 695//7 2485//7 2484//7
f 695//7 2484//7 694//7
f 694//7 2484//7 2487//7
f 694//7 2487//7 693//7
f 693//7 2487//7 2488//7
f 693//7 2488//7 692//7
f 692//7 2488//7 2489//7
f 692//7 2489//7 691//7
f 691//7 2489//7 2490//7
f 691//7 2490//7 690//7
f 690//7 2490//7 2491//7
f 690//7 2491//7 689//7
f 689//7 2491//7 2492//7
f 689//7 2492//7 688//7
f 688//7 2492//7 2493//7
f 688//7 2493//7 687//7
f 687//7 2493//7 2494//7
f 1912//92 1998//92 1914//92
f 1914//92 1998//92 1996//92
f 1914//92 1996//92 1916//92
f 1916//92 1996//92 1994//92
f 1916//92 1994//92 1918//92
f 1918//92 1994//92 1992//92
f 1918//92 1992//92 1920//92
f 1920//92 1992//92 1990//92
f 1920//92 1990//92 1922//92
f 1922//92 1990//92 1988//92
f 1922//92 1988//92 1924//92
f 1924//92 1988//92 1986//92
f 1924//92 1986//92 1926//92
f 1926//92 1986//92 1984//92
f 1926//92 1984//92 1928//92
f 1928//92 1984//92 1982//92
f 1928//92 1982//92 1930//92
f 1930//92 1982//92 1980//92
f 1930//92 1980//92 1932//92
f 1932//92 1980//92 1978//92
f 1932//92 1978//92 1934//92
f 1934//92 1978//92 1976//92
f 1934//92 1976//92 1936//92
f 1936//92 1976//92 1974//92
f 1936//92 1974//92 1938//92
f 1938//92 1974//92 1972//92
f 1938//92 1972//92 1940//92
f 1940//92 1972//92 1970//92
f 1940//92 1970//92 1942//92
f 1942//92 1970//92 1968//92
f 1942//92 1968//92 1944//92
f 1944//92 1968//92 1966//92
f 1944//92 1966//92 1946//92
f 1946//92 1966//92 1964//92
f 1946//92 1964//92 1948//92
f 1948//92 1964//92 1962//92
f 1948//92 1962//92 1950//92
f 1950//92 1962//92 1960//92
f 1950//92 1960//92 1952//92
f 1952//92 1960//92 1958//92
f 1952//92 1958//92 1954//92
f 1954//92 1958//92 1956//92
f 1998//92 1912//92 2000//92
f 2000//92 1912//92 2076//92
f 2000//92 2076//92 2002//92
f 2002//92 2076//92 2004//92
f 2004//92 2076//92 2006//92
f 2006//92 2076//92 2008//92
f 2008//92 2076//92 2010//92
f 2010//92 2076//92 2012//92
f 2012//92 2076//92 2014//92
f 2014//92 2076//92 2016//92
f 2016//92 2076//92 2018//92
f 2018//92 2076//92 2020//92
f 2020//92 2076//92 2022//92
f 2022//92 2076//92 2024//92
f 2024//92 2076//92 2026//92
f 2026//92 2076//92 2028//92
f 2028//92 2076//92 2030//92
f 2030//92 2076//92 2032//92
f 2032//92 2076//92 2034//92
f 2034//92 2076//92 2036//92
f 2036//92 2076//92 2038//92
f 2038//92 2076//92 2040//92
f 2040//92 2076//92 2042//92
f 2042//92 2076//92 2044//92
f 2044//92 2076//92 2046//92
f 2046//92 2076//92 2048//92
f 2048//92 2076//92 2050//92
f 2050//92 2076//92 2052//92
f 2052//92 2076//92 2054//92
f 2054//92 2076//92 2056//92
f 2056//92 2076//92 2058//92
f 2058//92 2076//92 2060//92
f 2060//92 2076//92 2062//92
f 2062//92 2076//92 2064//92
f 2064//92 2076//92 2066//92
f 2066//92 2076//92 2068//92
f 2068//92 2076//92 2070//92
f 2070//92 2076//92 2072//92
f 2072//92 2076//92 2074//92

###north_ide_processed
###lsh 3 1
###lsh 5 4
###lsh 7 6
###lsh 9 8
###lsh 11 10
###lsh 0 2
###lsh 2 3
###lsh 11 2
###lsh 9 11
###lsh 3 5
###lsh 5 7
###lsh 7 9
###lsh 12 14
###lsh 14 16
###lsh 16 18
###lsh 18 20
###lsh 20 22
###lsh 22 24
###lsh 24 26
###lsh 26 28
###lsh 28 30
###lsh 30 32
###lsh 32 34
###lsh 34 36
###lsh 36 38
###lsh 38 40
###lsh 40 42
###lsh 42 44
###lsh 44 46
###lsh 46 48
###lsh 48 50
###lsh 50 52
###lsh 52 54
###lsh 54 56
###lsh 56 58
###lsh 58 60
###lsh 60 62
###lsh 62 64
###lsh 64 66
###lsh 66 68
###lsh 68 70
###lsh 70 72
###lsh 72 74
###lsh 74 76
###lsh 76 78
###lsh 78 80
###lsh 80 82
###lsh 82 12
###lsh 15 13
###lsh 0 10
###lsh 17 15
###lsh 19 17
###lsh 21 19
###lsh 23 21
###lsh 25 23
###lsh 27 25
###lsh 10 8
###lsh 29 27
###lsh 31 29
###lsh 33 31
###lsh 35 33
###lsh 37 35
###lsh 39 37
###lsh 8 6
###lsh 41 39
###lsh 43 41
###lsh 45 43
###lsh 47 45
###lsh 49 47
###lsh 51 49
###lsh 6 4
###lsh 53 51
###lsh 55 53
###lsh 57 55
###lsh 59 57
###lsh 61 59
###lsh 63 61
###lsh 4 1
###lsh 65 63
###lsh 67 65
###lsh 69 67
###lsh 71 69
###lsh 73 71
###lsh 75 73
###lsh 1 0
###lsh 77 75
###lsh 79 77
###lsh 81 79
###lsh 83 81
###lsh 13 83
###lsh 123 121
###lsh 125 124
###lsh 127 126
###lsh 129 128
###lsh 131 130
###lsh 120 122
###lsh 122 123
###lsh 131 122
###lsh 129 131
###lsh 123 125
###lsh 125 127
###lsh 127 129
###lsh 132 134
###lsh 134 136
###lsh 136 138
###lsh 138 140
###lsh 140 142
###lsh 142 144
###lsh 144 146
###lsh 146 148
###lsh 148 150
###lsh 150 152
###lsh 152 154
###lsh 154 156
###lsh 156 158
###lsh 158 160
###lsh 160 162
###lsh 162 164
###lsh 164 166
###lsh 166 168
###lsh 168 170
###lsh 170 172
###lsh 172 174
###lsh 174 176
###lsh 176 178
###lsh 178 180
###lsh 180 182
###lsh 182 184
###lsh 184 186
###lsh 186 188
###lsh 188 190
###lsh 190 192
###lsh 192 194
###lsh 194 196
###lsh 196 198
###lsh 198 200
###lsh 200 202
###lsh 202 132
###lsh 135 133
###lsh 120 130
###lsh 137 135
###lsh 139 137
###lsh 141 139
###lsh 143 141
###lsh 145 143
###lsh 147 145
###lsh 130 128
###lsh 149 147
###lsh 151 149
###lsh 153 151
###lsh 155 153
###lsh 157 155
###lsh 159 157
###lsh 128 126
###lsh 161 159
###lsh 163 161
###lsh 165 163
###lsh 167 165
###lsh 169 167
###lsh 171 169
###lsh 126 124
###lsh 173 171
###lsh 175 173
###lsh 177 175
###lsh 179 177
###lsh 181 179
###lsh 183 181
###lsh 124 121
###lsh 185 183
###lsh 187 185
###lsh 189 187
###lsh 191 189
###lsh 193 191
###lsh 195 193
###lsh 121 120
###lsh 197 195
###lsh 199 197
###lsh 201 199
###lsh 203 201
###lsh 133 203
###lsh 243 241
###lsh 245 244
###lsh 247 246
###lsh 249 248
###lsh 251 250
###lsh 240 242
###lsh 242 243
###lsh 251 242
###lsh 249 251
###lsh 243 245
###lsh 245 247
###lsh 247 249
###lsh 252 254
###lsh 254 256
###lsh 256 258
###lsh 258 260
###lsh 260 262
###lsh 262 264
###lsh 264 266
###lsh 266 268
###lsh 268 270
###lsh 270 272
###lsh 272 274
###lsh 274 276
###lsh 276 278
###lsh 278 280
###lsh 280 282
###lsh 282 284
###lsh 284 286
###lsh 286 288
###lsh 288 290
###lsh 290 292
###lsh 292 294
###lsh 294 296
###lsh 296 298
###lsh 298 300
###lsh 300 302
###lsh 302 304
###lsh 304 306
###lsh 306 308
###lsh 308 310
###lsh 310 312
###lsh 312 314
###lsh 314 316
###lsh 316 318
###lsh 318 320
###lsh 320 322
###lsh 322 252
###lsh 255 253
###lsh 240 250
###lsh 257 255
###lsh 259 257
###lsh 261 259
###lsh 263 261
###lsh 265 263
###lsh 267 265
###lsh 250 248
###lsh 269 267
###lsh 271 269
###lsh 273 271
###lsh 275 273
###lsh 277 275
###lsh 279 277
###lsh 248 246
###lsh 281 279
###lsh 283 281
###lsh 285 283
###lsh 287 285
###lsh 289 287
###lsh 291 289
###lsh 246 244
###lsh 293 291
###lsh 295 293
###lsh 297 295
###lsh 299 297
###lsh 301 299
###lsh 303 301
###lsh 244 241
###lsh 305 303
###lsh 307 305
###lsh 309 307
###lsh 311 309
###lsh 313 311
###lsh 315 313
###lsh 241 240
###lsh 317 315
###lsh 319 317
###lsh 321 319
###lsh 323 321
###lsh 253 323
###lsh 363 361
###lsh 365 364
###lsh 367 366
###lsh 369 368
###lsh 371 370
###lsh 360 362
###lsh 362 363
###lsh 371 362
###lsh 369 371
###lsh 363 365
###lsh 365 367
###lsh 367 369
###lsh 372 374
###lsh 374 376
###lsh 376 378
###lsh 378 380
###lsh 380 382
###lsh 382 384
###lsh 384 386
###lsh 386 388
###lsh 388 390
###lsh 390 392
###lsh 392 394
###lsh 394 396
###lsh 396 398
###lsh 398 400
###lsh 400 402
###lsh 402 404
###lsh 404 406
###lsh 406 408
###lsh 408 410
###lsh 410 412
###lsh 412 414
###lsh 414 416
###lsh 416 418
###lsh 418 420
###lsh 420 422
###lsh 422 424
###lsh 424 426
###lsh 426 428
###lsh 428 430
###lsh 430 432
###lsh 432 434
###lsh 434 436
###lsh 436 438
###lsh 438 440
###lsh 440 442
###lsh 442 372
###lsh 375 373
###lsh 360 370
###lsh 377 375
###lsh 379 377
###lsh 381 379
###lsh 383 381
###lsh 385 383
###lsh 387 385
###lsh 370 368
###lsh 389 387
###lsh 391 389
###lsh 393 391
###lsh 395 393
###lsh 397 395
###lsh 399 397
###lsh 368 366
###lsh 401 399
###lsh 403 401
###lsh 405 403
###lsh 407 405
###lsh 409 407
###lsh 411 409
###lsh 366 364
###lsh 413 411
###lsh 415 413
###lsh 417 415
###lsh 419 417
###lsh 421 419
###lsh 423 421
###lsh 364 361
###lsh 425 423
###lsh 427 425
###lsh 429 427
###lsh 431 429
###lsh 433 431
###lsh 435 433
###lsh 361 360
###lsh 437 435
###lsh 439 437
###lsh 441 439
###lsh 443 441
###lsh 373 443
###lsh 483 481
###lsh 485 484
###lsh 487 486
###lsh 489 488
###lsh 491 490
###lsh 480 482
###lsh 482 483
###lsh 491 482
###lsh 489 491
###lsh 483 485
###lsh 485 487
###lsh 487 489
###lsh 492 494
###lsh 494 496
###lsh 496 498
###lsh 498 500
###lsh 500 502
###lsh 502 504
###lsh 504 506
###lsh 506 508
###lsh 508 510
###lsh 510 512
###lsh 512 514
###lsh 514 516
###lsh 516 518
###lsh 518 520
###lsh 520 522
###lsh 522 524
###lsh 524 526
###lsh 526 528
###lsh 528 530
###lsh 530 532
###lsh 532 534
###lsh 534 536
###lsh 536 538
###lsh 538 540
###lsh 540 542
###lsh 542 544
###lsh 544 546
###lsh 546 548
###lsh 548 550
###lsh 550 552
###lsh 552 554
###lsh 554 556
###lsh 556 558
###lsh 558 560
###lsh 560 562
###lsh 562 492
###lsh 495 493
###lsh 480 490
###lsh 497 495
###lsh 499 497
###lsh 501 499
###lsh 503 501
###lsh 505 503
###lsh 507 505
###lsh 490 488
###lsh 509 507
###lsh 511 509
###lsh 513 511
###lsh 515 513
###lsh 517 515
###lsh 519 517
###lsh 488 486
###lsh 521 519
###lsh 523 521
###lsh 525 523
###lsh 527 525
###lsh 529 527
###lsh 531 529
###lsh 486 484
###lsh 533 531
###lsh 535 533
###lsh 537 535
###lsh 539 537
###lsh 541 539
###lsh 543 541
###lsh 484 481
###lsh 545 543
###lsh 547 545
###lsh 549 547
###lsh 551 549
###lsh 553 551
###lsh 555 553
###lsh 481 480
###lsh 557 555
###lsh 559 557
###lsh 561 559
###lsh 563 561
###lsh 493 563
###lsh 603 601
###lsh 605 604
###lsh 607 606
###lsh 609 608
###lsh 611 610
###lsh 600 602
###lsh 602 603
###lsh 611 602
###lsh 609 611
###lsh 603 605
###lsh 605 607
###lsh 607 609
###lsh 612 614
###lsh 614 616
###lsh 616 618
###lsh 618 620
###lsh 620 622
###lsh 622 624
###lsh 624 626
###lsh 626 628
###lsh 628 630
###lsh 630 632
###lsh 632 634
###lsh 634 636
###lsh 636 638
###lsh 638 640
###lsh 640 642
###lsh 642 644
###lsh 644 646
###lsh 646 648
###lsh 648 650
###lsh 650 652
###lsh 652 654
###lsh 654 656
###lsh 656 658
###lsh 658 660
###lsh 660 662
###lsh 662 664
###lsh 664 666
###lsh 666 668
###lsh 668 670
###lsh 670 672
###lsh 672 674
###lsh 674 676
###lsh 676 678
###lsh 678 680
###lsh 680 682
###lsh 682 612
###lsh 615 613
###lsh 600 610
###lsh 617 615
###lsh 619 617
###lsh 621 619
###lsh 623 621
###lsh 625 623
###lsh 627 625
###lsh 610 608
###lsh 629 627
###lsh 631 629
###lsh 633 631
###lsh 635 633
###lsh 637 635
###lsh 639 637
###lsh 608 606
###lsh 641 639
###lsh 643 641
###lsh 645 643
###lsh 647 645
###lsh 649 647
###lsh 651 649
###lsh 606 604
###lsh 653 651
###lsh 655 653
###lsh 657 655
###lsh 659 657
###lsh 661 659
###lsh 663 661
###lsh 604 601
###lsh 665 663
###lsh 667 665
###lsh 669 667
###lsh 671 669
###lsh 673 671
###lsh 675 673
###lsh 601 600
###lsh 677 675
###lsh 679 677
###lsh 681 679
###lsh 683 681
###lsh 613 683
###lsh 729 730
###lsh 732 731
###lsh 898 931
###lsh 896 898
###lsh 900 896
###lsh 899 900
###lsh 902 899
###lsh 901 902
###lsh 904 901
###lsh 903 904
###lsh 906 903
###lsh 905 906
###lsh 908 905
###lsh 907 908
###lsh 910 907
###lsh 909 910
###lsh 912 909
###lsh 911 912
###lsh 914 911
###lsh 913 914
###lsh 916 913
###lsh 915 916
###lsh 918 915
###lsh 917 918
###lsh 920 917
###lsh 919 920
###lsh 922 919
###lsh 921 922
###lsh 924 921
###lsh 923 924
###lsh 926 923
###lsh 925 926
###lsh 928 925
###lsh 927 928
###lsh 930 927
###lsh 929 930
###lsh 932 929
###lsh 931 932
###lsh 1043 1076
###lsh 1041 1043
###lsh 1045 1041
###lsh 1044 1045
###lsh 1047 1044
###lsh 1046 1047
###lsh 1049 1046
###lsh 1048 1049
###lsh 1051 1048
###lsh 1050 1051
###lsh 1053 1050
###lsh 1052 1053
###lsh 1055 1052
###lsh 1054 1055
###lsh 1057 1054
###lsh 1056 1057
###lsh 1059 1056
###lsh 1058 1059
###lsh 1061 1058
###lsh 1060 1061
###lsh 1063 1060
###lsh 1062 1063
###lsh 1065 1062
###lsh 1064 1065
###lsh 1067 1064
###lsh 1066 1067
###lsh 1069 1066
###lsh 1068 1069
###lsh 1071 1068
###lsh 1070 1071
###lsh 1073 1070
###lsh 1072 1073
###lsh 1075 1072
###lsh 1074 1075
###lsh 1077 1074
###lsh 1076 1077
###lsh 1166 1168
###lsh 1168 1170
###lsh 1007 1009
###lsh 1009 1011
###lsh 985 987
###lsh 1134 1136
###lsh 1136 1138
###lsh 1126 1128
###lsh 1128 1130
###lsh 1116 1118
###lsh 1118 1120
###lsh 1178 1180
###lsh 1180 1182
###lsh 1170 1172
###lsh 1172 1174
###lsh 971 973
###lsh 1150 1152
###lsh 969 971
###lsh 1152 1154
###lsh 1039 969
###lsh 1154 1156
###lsh 1037 1039
###lsh 1156 1158
###lsh 1035 1037
###lsh 1158 1160
###lsh 1033 1035
###lsh 1160 1162
###lsh 1031 1033
###lsh 1162 1164
###lsh 1029 1031
###lsh 1164 1166
###lsh 1148 1150
###lsh 973 975
###lsh 1146 1148
###lsh 975 977
###lsh 1144 1146
###lsh 977 979
###lsh 1142 1144
###lsh 979 981
###lsh 1140 1142
###lsh 981 983
###lsh 1138 1140
###lsh 983 985
###lsh 987 989
###lsh 989 991
###lsh 991 993
###lsh 993 995
###lsh 995 997
###lsh 997 999
###lsh 999 1001
###lsh 1001 1003
###lsh 1003 1005
###lsh 1005 1007
###lsh 1011 1013
###lsh 1013 1015
###lsh 1015 1017
###lsh 1017 1019
###lsh 1019 1021
###lsh 1021 1023
###lsh 1023 1025
###lsh 1025 1027
###lsh 1027 1029
###lsh 1120 1122
###lsh 1122 1124
###lsh 1124 1126
###lsh 1130 1132
###lsh 1132 1134
###lsh 1174 1176
###lsh 1176 1178
###lsh 1182 1184
###lsh 1184 1114
###lsh 1114 1116
###lsh 743 744
###lsh 744 746
###lsh 746 748
###lsh 1187 1193
###lsh 742 743
###lsh 1193 1192
###lsh 741 742
###lsh 1192 1191
###lsh 1191 1190
###lsh 740 741
###lsh 1190 1189
###lsh 738 740
###lsh 724 725
###lsh 736 738
###lsh 725 727
###lsh 732 736
###lsh 727 729
###lsh 729 732
###lsh 721 720
###lsh 1198 720
###lsh 809 807
###lsh 807 805
###lsh 720 722
###lsh 757 755
###lsh 755 753
###lsh 773 771
###lsh 771 769
###lsh 789 787
###lsh 787 785
###lsh 753 823
###lsh 823 821
###lsh 821 819
###lsh 819 817
###lsh 817 815
###lsh 815 813
###lsh 813 811
###lsh 811 809
###lsh 805 803
###lsh 803 801
###lsh 801 799
###lsh 799 797
###lsh 797 795
###lsh 795 793
###lsh 793 791
###lsh 791 789
###lsh 785 783
###lsh 783 781
###lsh 781 779
###lsh 779 777
###lsh 777 775
###lsh 775 773
###lsh 769 767
###lsh 767 765
###lsh 765 763
###lsh 763 761
###lsh 761 759
###lsh 759 757
###lsh 1205 1204
###lsh 881 879
###lsh 879 877
###lsh 829 827
###lsh 827 825
###lsh 845 843
###lsh 843 841
###lsh 861 859
###lsh 859 857
###lsh 825 895
###lsh 895 893
###lsh 893 891
###lsh 891 889
###lsh 889 887
###lsh 887 885
###lsh 885 883
###lsh 883 881
###lsh 877 875
###lsh 875 873
###lsh 873 871
###lsh 871 869
###lsh 869 867
###lsh 867 865
###lsh 865 863
###lsh 863 861
###lsh 857 855
###lsh 855 853
###lsh 853 851
###lsh 851 849
###lsh 849 847
###lsh 847 845
###lsh 841 839
###lsh 839 837
###lsh 837 835
###lsh 835 833
###lsh 833 831
###lsh 831 829
###lsh 1189 1188
###lsh 724 1189
###lsh 722 724
###lsh 1197 748
###lsh 748 751
###lsh 1194 1195
###lsh 1203 1205
###lsh 1205 1208
###lsh 1195 1196
###lsh 1196 1197
###lsh 1197 1209
###lsh 1194 1208
###lsh 1187 1194
###lsh 1186 1187
###lsh 1208 1207
###lsh 1206 722
###lsh 1186 1208
###lsh 722 1188
###lsh 1188 1186
###lsh 721 1200
###lsh 1199 1198
###lsh 1204 1202
###lsh 1206 1207
###lsh 1198 1206
###lsh 1207 1204
###lsh 1200 1199
###lsh 1213 1200
###lsh 1199 1215
###lsh 826 828
###lsh 860 862
###lsh 824 826
###lsh 862 864
###lsh 894 824
###lsh 864 866
###lsh 892 894
###lsh 866 868
###lsh 890 892
###lsh 868 870
###lsh 888 890
###lsh 870 872
###lsh 886 888
###lsh 872 874
###lsh 884 886
###lsh 874 876
###lsh 882 884
###lsh 876 878
###lsh 878 880
###lsh 880 882
###lsh 858 860
###lsh 828 830
###lsh 856 858
###lsh 830 832
###lsh 854 856
###lsh 832 834
###lsh 852 854
###lsh 834 836
###lsh 850 852
###lsh 836 838
###lsh 848 850
###lsh 838 840
###lsh 846 848
###lsh 840 842
###lsh 842 844
###lsh 844 846
###lsh 1230 1231
###lsh 1233 1232
###lsh 1399 1432
###lsh 1397 1399
###lsh 1401 1397
###lsh 1400 1401
###lsh 1403 1400
###lsh 1402 1403
###lsh 1405 1402
###lsh 1404 1405
###lsh 1407 1404
###lsh 1406 1407
###lsh 1409 1406
###lsh 1408 1409
###lsh 1411 1408
###lsh 1410 1411
###lsh 1413 1410
###lsh 1412 1413
###lsh 1415 1412
###lsh 1414 1415
###lsh 1417 1414
###lsh 1416 1417
###lsh 1419 1416
###lsh 1418 1419
###lsh 1421 1418
###lsh 1420 1421
###lsh 1423 1420
###lsh 1422 1423
###lsh 1425 1422
###lsh 1424 1425
###lsh 1427 1424
###lsh 1426 1427
###lsh 1429 1426
###lsh 1428 1429
###lsh 1431 1428
###lsh 1430 1431
###lsh 1433 1430
###lsh 1432 1433
###lsh 1544 1577
###lsh 1542 1544
###lsh 1546 1542
###lsh 1545 1546
###lsh 1548 1545
###lsh 1547 1548
###lsh 1550 1547
###lsh 1549 1550
###lsh 1552 1549
###lsh 1551 1552
###lsh 1554 1551
###lsh 1553 1554
###lsh 1556 1553
###lsh 1555 1556
###lsh 1558 1555
###lsh 1557 1558
###lsh 1560 1557
###lsh 1559 1560
###lsh 1562 1559
###lsh 1561 1562
###lsh 1564 1561
###lsh 1563 1564
###lsh 1566 1563
###lsh 1565 1566
###lsh 1568 1565
###lsh 1567 1568
###lsh 1570 1567
###lsh 1569 1570
###lsh 1572 1569
###lsh 1571 1572
###lsh 1574 1571
###lsh 1573 1574
###lsh 1576 1573
###lsh 1575 1576
###lsh 1578 1575
###lsh 1577 1578
###lsh 1667 1669
###lsh 1669 1671
###lsh 1508 1510
###lsh 1510 1512
###lsh 1486 1488
###lsh 1635 1637
###lsh 1637 1639
###lsh 1627 1629
###lsh 1629 1631
###lsh 1617 1619
###lsh 1619 1621
###lsh 1679 1681
###lsh 1681 1683
###lsh 1671 1673
###lsh 1673 1675
###lsh 1472 1474
###lsh 1651 1653
###lsh 1470 1472
###lsh 1653 1655
###lsh 1540 1470
###lsh 1655 1657
###lsh 1538 1540
###lsh 1657 1659
###lsh 1536 1538
###lsh 1659 1661
###lsh 1534 1536
###lsh 1661 1663
###lsh 1532 1534
###lsh 1663 1665
###lsh 1530 1532
###lsh 1665 1667
###lsh 1649 1651
###lsh 1474 1476
###lsh 1647 1649
###lsh 1476 1478
###lsh 1645 1647
###lsh 1478 1480
###lsh 1643 1645
###lsh 1480 1482
###lsh 1641 1643
###lsh 1482 1484
###lsh 1639 1641
###lsh 1484 1486
###lsh 1488 1490
###lsh 1490 1492
###lsh 1492 1494
###lsh 1494 1496
###lsh 1496 1498
###lsh 1498 1500
###lsh 1500 1502
###lsh 1502 1504
###lsh 1504 1506
###lsh 1506 1508
###lsh 1512 1514
###lsh 1514 1516
###lsh 1516 1518
###lsh 1518 1520
###lsh 1520 1522
###lsh 1522 1524
###lsh 1524 1526
###lsh 1526 1528
###lsh 1528 1530
###lsh 1621 1623
###lsh 1623 1625
###lsh 1625 1627
###lsh 1631 1633
###lsh 1633 1635
###lsh 1675 1677
###lsh 1677 1679
###lsh 1683 1685
###lsh 1685 1615
###lsh 1615 1617
###lsh 1244 1245
###lsh 1245 1247
###lsh 1247 1249
###lsh 1688 1694
###lsh 1243 1244
###lsh 1694 1693
###lsh 1242 1243
###lsh 1693 1692
###lsh 1692 1691
###lsh 1241 1242
###lsh 1691 1690
###lsh 1239 1241
###lsh 1225 1226
###lsh 1237 1239
###lsh 1226 1228
###lsh 1233 1237
###lsh 1228 1230
###lsh 1230 1233
###lsh 1222 1221
###lsh 1217 1218
###lsh 1213 1215
###lsh 1214 1213
###lsh 1215 1216
###lsh 1217 1221
###lsh 1310 1308
###lsh 1308 1306
###lsh 1221 1223
###lsh 1258 1256
###lsh 1256 1254
###lsh 1274 1272
###lsh 1272 1270
###lsh 1219 1217
###lsh 1290 1288
###lsh 1288 1286
###lsh 1254 1324
###lsh 1324 1322
###lsh 1322 1320
###lsh 1320 1318
###lsh 1318 1316
###lsh 1316 1314
###lsh 1314 1312
###lsh 1312 1310
###lsh 1306 1304
###lsh 1304 1302
###lsh 1302 1300
###lsh 1300 1298
###lsh 1298 1296
###lsh 1296 1294
###lsh 1294 1292
###lsh 1292 1290
###lsh 1286 1284
###lsh 1284 1282
###lsh 1282 1280
###lsh 1280 1278
###lsh 1278 1276
###lsh 1276 1274
###lsh 1270 1268
###lsh 1268 1266
###lsh 1266 1264
###lsh 1264 1262
###lsh 1262 1260
###lsh 1260 1258
###lsh 1700 1216
###lsh 1382 1380
###lsh 1380 1378
###lsh 1216 1220
###lsh 1330 1328
###lsh 1328 1326
###lsh 1346 1344
###lsh 1344 1342
###lsh 1362 1360
###lsh 1360 1358
###lsh 1326 1396
###lsh 1396 1394
###lsh 1394 1392
###lsh 1392 1390
###lsh 1390 1388
###lsh 1388 1386
###lsh 1386 1384
###lsh 1384 1382
###lsh 1378 1376
###lsh 1376 1374
###lsh 1374 1372
###lsh 1372 1370
###lsh 1370 1368
###lsh 1368 1366
###lsh 1366 1364
###lsh 1364 1362
###lsh 1358 1356
###lsh 1356 1354
###lsh 1354 1352
###lsh 1352 1350
###lsh 1350 1348
###lsh 1348 1346
###lsh 1342 1340
###lsh 1340 1338
###lsh 1338 1336
###lsh 1336 1334
###lsh 1334 1332
###lsh 1332 1330
###lsh 1690 1689
###lsh 1225 1690
###lsh 1223 1225
###lsh 1698 1249
###lsh 1249 1252
###lsh 1695 1696
###lsh 1214 1700
###lsh 1700 1701
###lsh 1696 1697
###lsh 1697 1698
###lsh 1698 1702
###lsh 1695 1701
###lsh 1688 1695
###lsh 1687 1688
###lsh 1220 1219
###lsh 1701 1220
###lsh 1219 1223
###lsh 1687 1701
###lsh 1223 1689
###lsh 1689 1687
###lsh 1201 1203
###lsh 1222 1699
###lsh 1202 1201
###lsh 1218 1202
###lsh 1201 1699
###lsh 1699 1218
###lsh 1327 1329
###lsh 1361 1363
###lsh 1325 1327
###lsh 1363 1365
###lsh 1395 1325
###lsh 1365 1367
###lsh 1393 1395
###lsh 1367 1369
###lsh 1391 1393
###lsh 1369 1371
###lsh 1389 1391
###lsh 1371 1373
###lsh 1387 1389
###lsh 1373 1375
###lsh 1385 1387
###lsh 1375 1377
###lsh 1383 1385
###lsh 1377 1379
###lsh 1379 1381
###lsh 1381 1383
###lsh 1359 1361
###lsh 1329 1331
###lsh 1357 1359
###lsh 1331 1333
###lsh 1355 1357
###lsh 1333 1335
###lsh 1353 1355
###lsh 1335 1337
###lsh 1351 1353
###lsh 1337 1339
###lsh 1349 1351
###lsh 1339 1341
###lsh 1347 1349
###lsh 1341 1343
###lsh 1343 1345
###lsh 1345 1347
###lsh 721 1214
###lsh 723 721
###lsh 1214 1703
###lsh 1762 1765
###lsh 332 333
###lsh 333 334
###lsh 325 326
###lsh 326 327
###lsh 1726 1727
###lsh 354 355
###lsh 355 356
###lsh 1727 1728
###lsh 351 352
###lsh 352 353
###lsh 350 351
###lsh 1728 1730
###lsh 349 350
###lsh 1730 1732
###lsh 348 349
###lsh 1732 1734
###lsh 347 348
###lsh 1734 1736
###lsh 346 347
###lsh 1736 1738
###lsh 345 346
###lsh 1738 1740
###lsh 344 345
###lsh 1740 1742
###lsh 343 344
###lsh 1742 1744
###lsh 1744 1746
###lsh 342 343
###lsh 1746 1748
###lsh 341 342
###lsh 1748 1750
###lsh 340 341
###lsh 1750 1752
###lsh 339 340
###lsh 1752 1754
###lsh 338 339
###lsh 1754 1756
###lsh 337 338
###lsh 1756 1758
###lsh 336 337
###lsh 1758 1760
###lsh 335 336
###lsh 334 335
###lsh 1760 1762
###lsh 327 328
###lsh 328 329
###lsh 329 330
###lsh 330 331
###lsh 331 332
###lsh 353 354
###lsh 356 357
###lsh 357 358
###lsh 358 359
###lsh 359 324
###lsh 324 325
###lsh 1804 1807
###lsh 92 93
###lsh 93 94
###lsh 85 86
###lsh 86 87
###lsh 1768 1769
###lsh 114 115
###lsh 115 116
###lsh 1769 1770
###lsh 111 112
###lsh 112 113
###lsh 110 111
###lsh 1770 1772
###lsh 109 110
###lsh 1772 1774
###lsh 108 109
###lsh 1774 1776
###lsh 107 108
###lsh 1776 1778
###lsh 106 107
###lsh 1778 1780
###lsh 105 106
###lsh 1780 1782
###lsh 104 105
###lsh 1782 1784
###lsh 103 104
###lsh 1784 1786
###lsh 1786 1788
###lsh 102 103
###lsh 1788 1790
###lsh 101 102
###lsh 1790 1792
###lsh 100 101
###lsh 1792 1794
###lsh 99 100
###lsh 1794 1796
###lsh 98 99
###lsh 1796 1798
###lsh 97 98
###lsh 1798 1800
###lsh 96 97
###lsh 1800 1802
###lsh 95 96
###lsh 94 95
###lsh 1802 1804
###lsh 87 88
###lsh 88 89
###lsh 89 90
###lsh 90 91
###lsh 91 92
###lsh 113 114
###lsh 116 117
###lsh 117 118
###lsh 118 119
###lsh 119 84
###lsh 84 85
###lsh 1724 1726
###lsh 1726 1765
###lsh 1765 1764
###lsh 1766 1768
###lsh 1768 1807
###lsh 1807 1806
###lsh 1222 1203
###lsh 1224 1222
###lsh 1203 1210
###lsh 1864 1867
###lsh 590 591
###lsh 591 592
###lsh 583 584
###lsh 584 585
###lsh 1828 1829
###lsh 576 577
###lsh 577 578
###lsh 1829 1830
###lsh 573 574
###lsh 574 575
###lsh 572 573
###lsh 1830 1832
###lsh 571 572
###lsh 1832 1834
###lsh 570 571
###lsh 1834 1836
###lsh 569 570
###lsh 1836 1838
###lsh 568 569
###lsh 1838 1840
###lsh 567 568
###lsh 1840 1842
###lsh 566 567
###lsh 1842 1844
###lsh 565 566
###lsh 1844 1846
###lsh 1846 1848
###lsh 564 565
###lsh 1848 1850
###lsh 599 564
###lsh 1850 1852
###lsh 598 599
###lsh 1852 1854
###lsh 597 598
###lsh 1854 1856
###lsh 596 597
###lsh 1856 1858
###lsh 595 596
###lsh 1858 1860
###lsh 594 595
###lsh 1860 1862
###lsh 593 594
###lsh 592 593
###lsh 1862 1864
###lsh 575 576
###lsh 578 579
###lsh 579 580
###lsh 580 581
###lsh 581 582
###lsh 582 583
###lsh 585 586
###lsh 586 587
###lsh 587 588
###lsh 588 589
###lsh 589 590
###lsh 1906 1909
###lsh 470 471
###lsh 471 472
###lsh 463 464
###lsh 464 465
###lsh 1870 1871
###lsh 456 457
###lsh 457 458
###lsh 1871 1872
###lsh 453 454
###lsh 454 455
###lsh 452 453
###lsh 1872 1874
###lsh 451 452
###lsh 1874 1876
###lsh 450 451
###lsh 1876 1878
###lsh 449 450
###lsh 1878 1880
###lsh 448 449
###lsh 1880 1882
###lsh 447 448
###lsh 1882 1884
###lsh 446 447
###lsh 1884 1886
###lsh 445 446
###lsh 1886 1888
###lsh 1888 1890
###lsh 444 445
###lsh 1890 1892
###lsh 479 444
###lsh 1892 1894
###lsh 478 479
###lsh 1894 1896
###lsh 477 478
###lsh 1896 1898
###lsh 476 477
###lsh 1898 1900
###lsh 475 476
###lsh 1900 1902
###lsh 474 475
###lsh 1902 1904
###lsh 473 474
###lsh 472 473
###lsh 1904 1906
###lsh 455 456
###lsh 458 459
###lsh 459 460
###lsh 460 461
###lsh 461 462
###lsh 462 463
###lsh 465 466
###lsh 466 467
###lsh 467 468
###lsh 468 469
###lsh 469 470
###lsh 1826 1828
###lsh 1828 1867
###lsh 1867 1866
###lsh 1868 1870
###lsh 1870 1909
###lsh 1909 1908
###lsh 1255 1257
###lsh 1289 1291
###lsh 1253 1255
###lsh 1291 1293
###lsh 1323 1253
###lsh 1293 1295
###lsh 1321 1323
###lsh 1295 1297
###lsh 1319 1321
###lsh 1297 1299
###lsh 1317 1319
###lsh 1299 1301
###lsh 1315 1317
###lsh 1301 1303
###lsh 1313 1315
###lsh 1303 1305
###lsh 1311 1313
###lsh 1305 1307
###lsh 1307 1309
###lsh 1309 1311
###lsh 1287 1289
###lsh 1257 1259
###lsh 1285 1287
###lsh 1259 1261
###lsh 1283 1285
###lsh 1261 1263
###lsh 1281 1283
###lsh 1263 1265
###lsh 1279 1281
###lsh 1265 1267
###lsh 1277 1279
###lsh 1267 1269
###lsh 1275 1277
###lsh 1269 1271
###lsh 1271 1273
###lsh 1273 1275
###lsh 1224 1822
###lsh 1227 1224
###lsh 1229 1227
###lsh 1231 1229
###lsh 1209 751
###lsh 1212 1209
###lsh 1211 1212
###lsh 1823 1210
###lsh 1210 1211
###lsh 751 750
###lsh 750 749
###lsh 749 747
###lsh 747 745
###lsh 745 739
###lsh 739 737
###lsh 737 735
###lsh 735 734
###lsh 734 733
###lsh 733 731
###lsh 731 730
###lsh 730 728
###lsh 728 726
###lsh 726 723
###lsh 723 1720
###lsh 1702 1252
###lsh 1705 1702
###lsh 1704 1705
###lsh 1721 1703
###lsh 1703 1704
###lsh 1252 1251
###lsh 1251 1250
###lsh 1250 1248
###lsh 1248 1246
###lsh 1246 1240
###lsh 1240 1238
###lsh 1238 1236
###lsh 1236 1235
###lsh 1235 1234
###lsh 1234 1232
###lsh 1232 1231
###lsh 2122 2125
###lsh 1994 1996
###lsh 2120 2122
###lsh 1996 1998
###lsh 2118 2120
###lsh 2116 2118
###lsh 1998 2000
###lsh 2114 2116
###lsh 2000 2002
###lsh 2112 2114
###lsh 2002 2004
###lsh 2110 2112
###lsh 2108 2110
###lsh 2004 2006
###lsh 2106 2108
###lsh 2006 2008
###lsh 2104 2106
###lsh 2008 2010
###lsh 2102 2104
###lsh 2100 2102
###lsh 2010 2012
###lsh 2098 2100
###lsh 2012 2014
###lsh 2096 2098
###lsh 2014 2016
###lsh 2094 2096
###lsh 2092 2094
###lsh 2016 2018
###lsh 2090 2092
###lsh 2018 2020
###lsh 2088 2090
###lsh 2020 2022
###lsh 2086 2088
###lsh 2084 2086
###lsh 2022 2024
###lsh 2082 2084
###lsh 2024 2026
###lsh 2080 2082
###lsh 2026 2028
###lsh 2079 2080
###lsh 2283 2079
###lsh 2028 2030
###lsh 2282 2283
###lsh 2030 2032
###lsh 2281 2282
###lsh 2032 2034
###lsh 2280 2281
###lsh 2279 2280
###lsh 2034 2036
###lsh 2278 2279
###lsh 2036 2038
###lsh 2277 2278
###lsh 2038 2040
###lsh 2276 2277
###lsh 2040 2042
###lsh 2275 2276
###lsh 2274 2275
###lsh 2042 2044
###lsh 2271 2274
###lsh 2044 2046
###lsh 2269 2271
###lsh 2046 2048
###lsh 2267 2269
###lsh 2265 2267
###lsh 2048 2050
###lsh 2263 2265
###lsh 2050 2052
###lsh 2261 2263
###lsh 2052 2054
###lsh 2259 2261
###lsh 2257 2259
###lsh 2054 2056
###lsh 2255 2257
###lsh 2056 2058
###lsh 2253 2255
###lsh 2058 2060
###lsh 2251 2253
###lsh 2249 2251
###lsh 2060 2062
###lsh 2247 2249
###lsh 2062 2064
###lsh 2245 2247
###lsh 2064 2066
###lsh 2243 2245
###lsh 2241 2243
###lsh 2066 2068
###lsh 2239 2241
###lsh 2068 2070
###lsh 2237 2239
###lsh 2070 2072
###lsh 2235 2237
###lsh 2233 2235
###lsh 2072 2074
###lsh 2231 2233
###lsh 2074 1910
###lsh 2229 2231
###lsh 1910 1912
###lsh 2226 2229
###lsh 2224 2226
###lsh 1912 1914
###lsh 2222 2224
###lsh 1914 1916
###lsh 2220 2222
###lsh 1916 1918
###lsh 2218 2220
###lsh 2216 2218
###lsh 1918 1920
###lsh 2214 2216
###lsh 1920 1922
###lsh 2212 2214
###lsh 1922 1924
###lsh 2210 2212
###lsh 2208 2210
###lsh 1924 1926
###lsh 2206 2208
###lsh 1926 1928
###lsh 2204 2206
###lsh 1928 1930
###lsh 2202 2204
###lsh 2200 2202
###lsh 1930 1932
###lsh 2198 2200
###lsh 1932 1934
###lsh 2196 2198
###lsh 1934 1936
###lsh 2194 2196
###lsh 2192 2194
###lsh 1936 1938
###lsh 2190 2192
###lsh 1938 1940
###lsh 2188 2190
###lsh 1940 1942
###lsh 2186 2188
###lsh 2184 2186
###lsh 1942 1944
###lsh 2180 2184
###lsh 1944 1946
###lsh 2179 2180
###lsh 1946 1948
###lsh 2178 2179
###lsh 2177 2178
###lsh 1948 1950
###lsh 2176 2177
###lsh 1950 1952
###lsh 2175 2176
###lsh 1952 1954
###lsh 2174 2175
###lsh 1954 1956
###lsh 2173 2174
###lsh 2172 2173
###lsh 1956 1958
###lsh 2171 2172
###lsh 1958 1960
###lsh 2170 2171
###lsh 2167 2170
###lsh 2165 2167
###lsh 2163 2165
###lsh 2161 2163
###lsh 2159 2161
###lsh 2157 2159
###lsh 2155 2157
###lsh 1960 1962
###lsh 2153 2155
###lsh 1962 1964
###lsh 1964 1966
###lsh 1992 1994
###lsh 2125 2127
###lsh 2127 2129
###lsh 1990 1992
###lsh 2129 2131
###lsh 1988 1990
###lsh 2131 2133
###lsh 1986 1988
###lsh 2133 2135
###lsh 2135 2137
###lsh 1984 1986
###lsh 2137 2139
###lsh 1982 1984
###lsh 2139 2141
###lsh 1980 1982
###lsh 2141 2143
###lsh 2143 2145
###lsh 1978 1980
###lsh 2145 2147
###lsh 1976 1978
###lsh 2147 2149
###lsh 1974 1976
###lsh 2149 2151
###lsh 2151 2153
###lsh 1966 1968
###lsh 1968 1970
###lsh 1970 1972
###lsh 1972 1974
###lsh 1766 1806
###lsh 1767 1766
###lsh 1775 1773
###lsh 1773 1771
###lsh 1779 1777
###lsh 1777 1775
###lsh 1783 1781
###lsh 1781 1779
###lsh 1787 1785
###lsh 1785 1783
###lsh 1707 1706
###lsh 1789 1787
###lsh 1745 1743
###lsh 1747 1745
###lsh 1749 1747
###lsh 1751 1749
###lsh 1753 1751
###lsh 1755 1753
###lsh 1757 1755
###lsh 1759 1757
###lsh 1761 1759
###lsh 1763 1761
###lsh 1764 1763
###lsh 1724 1764
###lsh 1806 1805
###lsh 1725 1724
###lsh 1805 1803
###lsh 1729 1725
###lsh 1803 1801
###lsh 1731 1729
###lsh 1801 1799
###lsh 1733 1731
###lsh 1799 1797
###lsh 1735 1733
###lsh 1797 1795
###lsh 1737 1735
###lsh 1795 1793
###lsh 1739 1737
###lsh 1793 1791
###lsh 1741 1739
###lsh 1743 1741
###lsh 1791 1789
###lsh 1771 1767
###lsh 2232 2230
###lsh 2316 2314
###lsh 2234 2232
###lsh 2314 2312
###lsh 2236 2234
###lsh 2312 2310
###lsh 2238 2236
###lsh 2310 2308
###lsh 2240 2238
###lsh 2308 2306
###lsh 2242 2240
###lsh 2244 2242
###lsh 2306 2304
###lsh 2246 2244
###lsh 2304 2302
###lsh 2248 2246
###lsh 2302 2338
###lsh 2250 2248
###lsh 2338 2337
###lsh 2252 2250
###lsh 2337 2336
###lsh 2254 2252
###lsh 2336 2335
###lsh 2256 2254
###lsh 2335 2334
###lsh 2258 2256
###lsh 2260 2258
###lsh 2334 2333
###lsh 2262 2260
###lsh 2333 2332
###lsh 2264 2262
###lsh 2332 2331
###lsh 2266 2264
###lsh 2331 2330
###lsh 2268 2266
###lsh 2330 2329
###lsh 2270 2268
###lsh 2329 2328
###lsh 2272 2270
###lsh 2273 2272
###lsh 2328 1706
###lsh 1706 1708
###lsh 1708 1710
###lsh 1710 1712
###lsh 1712 1714
###lsh 1714 1716
###lsh 1716 1723
###lsh 1723 1722
###lsh 1722 1721
###lsh 1721 2273
###lsh 2230 2228
###lsh 2228 2227
###lsh 2227 2225
###lsh 2225 2223
###lsh 2223 2221
###lsh 2285 2284
###lsh 2221 2219
###lsh 2288 2285
###lsh 2219 2217
###lsh 2290 2288
###lsh 2217 2215
###lsh 2292 2290
###lsh 2215 2213
###lsh 2294 2292
###lsh 2213 2211
###lsh 2211 2209
###lsh 2296 2294
###lsh 2209 2207
###lsh 2298 2296
###lsh 2207 2205
###lsh 2317 2298
###lsh 2205 2203
###lsh 2318 2317
###lsh 2203 2201
###lsh 2319 2318
###lsh 2201 2199
###lsh 2320 2319
###lsh 2199 2197
###lsh 2321 2320
###lsh 2197 2195
###lsh 2195 2193
###lsh 2322 2321
###lsh 2193 2191
###lsh 2323 2322
###lsh 2191 2189
###lsh 2324 2323
###lsh 2189 2187
###lsh 2325 2324
###lsh 2187 2185
###lsh 2326 2325
###lsh 2185 2181
###lsh 2327 2326
###lsh 2181 2182
###lsh 2182 2183
###lsh 2183 1720
###lsh 1713 1711
###lsh 1711 1709
###lsh 1713 1720
###lsh 1709 1707
###lsh 1707 2327
###lsh 1868 1908
###lsh 1869 1868
###lsh 1877 1875
###lsh 1875 1873
###lsh 1881 1879
###lsh 1879 1877
###lsh 1885 1883
###lsh 1883 1881
###lsh 1889 1887
###lsh 1887 1885
###lsh 1891 1889
###lsh 1809 1808
###lsh 1847 1845
###lsh 1849 1847
###lsh 1851 1849
###lsh 1853 1851
###lsh 1855 1853
###lsh 1857 1855
###lsh 1859 1857
###lsh 1861 1859
###lsh 1863 1861
###lsh 1865 1863
###lsh 1866 1865
###lsh 1826 1866
###lsh 1908 1907
###lsh 1827 1826
###lsh 1831 1827
###lsh 1907 1905
###lsh 1833 1831
###lsh 1905 1903
###lsh 1835 1833
###lsh 1903 1901
###lsh 1837 1835
###lsh 1901 1899
###lsh 1839 1837
###lsh 1899 1897
###lsh 1841 1839
###lsh 1897 1895
###lsh 1843 1841
###lsh 1895 1893
###lsh 1893 1891
###lsh 1873 1869
###lsh 1845 1843
###lsh 2128 2126
###lsh 2388 2386
###lsh 2130 2128
###lsh 2386 2384
###lsh 2132 2130
###lsh 2384 2382
###lsh 2134 2132
###lsh 2382 2380
###lsh 2136 2134
###lsh 2380 2378
###lsh 2138 2136
###lsh 2140 2138
###lsh 2378 2376
###lsh 2142 2140
###lsh 2376 2374
###lsh 2144 2142
###lsh 2374 2410
###lsh 2146 2144
###lsh 2410 2409
###lsh 2148 2146
###lsh 2409 2408
###lsh 2150 2148
###lsh 2408 2407
###lsh 2152 2150
###lsh 2407 2406
###lsh 2154 2152
###lsh 2156 2154
###lsh 2406 2405
###lsh 2158 2156
###lsh 2405 2404
###lsh 2160 2158
###lsh 2404 2403
###lsh 2162 2160
###lsh 2403 2402
###lsh 2164 2162
###lsh 2402 2401
###lsh 2166 2164
###lsh 2401 2400
###lsh 2168 2166
###lsh 2169 2168
###lsh 2400 1808
###lsh 1808 1810
###lsh 1810 1812
###lsh 1812 1814
###lsh 1814 1816
###lsh 1816 1818
###lsh 1818 1825
###lsh 1825 1824
###lsh 1824 1823
###lsh 1823 2169
###lsh 2126 2124
###lsh 2124 2123
###lsh 2123 2121
###lsh 2121 2119
###lsh 2119 2117
###lsh 2357 2356
###lsh 2117 2115
###lsh 2360 2357
###lsh 2115 2113
###lsh 2362 2360
###lsh 2113 2111
###lsh 2364 2362
###lsh 2111 2109
###lsh 2366 2364
###lsh 2109 2107
###lsh 2107 2105
###lsh 2368 2366
###lsh 2105 2103
###lsh 2370 2368
###lsh 2103 2101
###lsh 2389 2370
###lsh 2101 2099
###lsh 2390 2389
###lsh 2099 2097
###lsh 2391 2390
###lsh 2097 2095
###lsh 2392 2391
###lsh 2095 2093
###lsh 2393 2392
###lsh 2093 2091
###lsh 2091 2089
###lsh 2394 2393
###lsh 2089 2087
###lsh 2395 2394
###lsh 2087 2085
###lsh 2396 2395
###lsh 2085 2083
###lsh 2397 2396
###lsh 2083 2081
###lsh 2398 2397
###lsh 2081 2078
###lsh 2399 2398
###lsh 2078 2077
###lsh 2077 2076
###lsh 2076 1822
###lsh 1815 1813
###lsh 1813 1811
###lsh 1815 1822
###lsh 1811 1809
###lsh 1809 2399
###lsh 754 756
###lsh 788 790
###lsh 752 754
###lsh 790 792
###lsh 822 752
###lsh 792 794
###lsh 820 822
###lsh 794 796
###lsh 818 820
###lsh 796 798
###lsh 816 818
###lsh 798 800
###lsh 814 816
###lsh 800 802
###lsh 812 814
###lsh 802 804
###lsh 810 812
###lsh 804 806
###lsh 806 808
###lsh 808 810
###lsh 786 788
###lsh 756 758
###lsh 784 786
###lsh 758 760
###lsh 782 784
###lsh 760 762
###lsh 780 782
###lsh 762 764
###lsh 778 780
###lsh 764 766
###lsh 776 778
###lsh 766 768
###lsh 774 776
###lsh 768 770
###lsh 770 772
###lsh 772 774
###lsh 2342 2341
###lsh 2316 2342
###lsh 2315 2316
###lsh 2313 2315
###lsh 2311 2313
###lsh 2309 2311
###lsh 2307 2309
###lsh 2305 2307
###lsh 2303 2305
###lsh 2301 2303
###lsh 2300 2301
###lsh 2299 2300
###lsh 2297 2299
###lsh 2295 2297
###lsh 2293 2295
###lsh 2291 2293
###lsh 2289 2291
###lsh 2287 2289
###lsh 2286 2287
###lsh 2284 2286
###lsh 2355 2284
###lsh 2354 2355
###lsh 2353 2354
###lsh 2341 2340
###lsh 2349 2350
###lsh 2350 2351
###lsh 2351 2352
###lsh 2352 2353
###lsh 2340 2339
###lsh 2339 2345
###lsh 2345 2344
###lsh 2344 2343
###lsh 2450 2482
###lsh 2349 2450
###lsh 2482 2480
###lsh 2480 2478
###lsh 2478 2476
###lsh 2476 2474
###lsh 2474 2472
###lsh 2348 2349
###lsh 2472 2470
###lsh 2470 2468
###lsh 2347 2348
###lsh 2468 2466
###lsh 2466 2464
###lsh 2346 2347
###lsh 2464 2462
###lsh 2462 2460
###lsh 2343 2346
###lsh 2460 2458
###lsh 2458 2456
###lsh 2456 2454
###lsh 2454 2452
###lsh 2452 2428
###lsh 2428 2430
###lsh 2430 2343
###lsh 2356 2358
###lsh 2427 2356
###lsh 2426 2427
###lsh 2425 2426
###lsh 2358 2359
###lsh 2359 2361
###lsh 2361 2363
###lsh 2363 2365
###lsh 2365 2367
###lsh 2367 2369
###lsh 2369 2371
###lsh 2371 2372
###lsh 2372 2373
###lsh 2373 2375
###lsh 2375 2377
###lsh 2377 2379
###lsh 2379 2381
###lsh 2381 2383
###lsh 2383 2385
###lsh 2385 2387
###lsh 2387 2388
###lsh 2388 2414
###lsh 2414 2413
###lsh 2413 2412
###lsh 2421 2422
###lsh 2422 2423
###lsh 2423 2424
###lsh 2424 2425
###lsh 2412 2411
###lsh 2411 2417
###lsh 2417 2416
###lsh 2416 2415
###lsh 2485 2537
###lsh 2421 2485
###lsh 2537 2535
###lsh 2535 2533
###lsh 2533 2531
###lsh 2531 2529
###lsh 2529 2527
###lsh 2420 2421
###lsh 2527 2525
###lsh 2525 2523
###lsh 2419 2420
###lsh 2523 2521
###lsh 2521 2519
###lsh 2418 2419
###lsh 2519 2517
###lsh 2517 2515
###lsh 2415 2418
###lsh 2515 2513
###lsh 2513 2511
###lsh 2511 2509
###lsh 2509 2507
###lsh 2507 2505
###lsh 2505 2503
###lsh 2503 2415
###lsh 2465 2467
###lsh 204 205
###lsh 205 206
###lsh 239 204
###lsh 2467 2469
###lsh 238 239
###lsh 2469 2471
###lsh 237 238
###lsh 2471 2473
###lsh 236 237
###lsh 2473 2475
###lsh 235 236
###lsh 2475 2477
###lsh 234 235
###lsh 2477 2479
###lsh 233 234
###lsh 2479 2481
###lsh 232 233
###lsh 2481 2449
###lsh 2449 2448
###lsh 231 232
###lsh 2448 2447
###lsh 230 231
###lsh 2447 2446
###lsh 229 230
###lsh 2446 2445
###lsh 228 229
###lsh 2445 2444
###lsh 227 228
###lsh 2444 2443
###lsh 226 227
###lsh 2443 2442
###lsh 225 226
###lsh 2442 2441
###lsh 224 225
###lsh 223 224
###lsh 2441 2440
###lsh 222 223
###lsh 2440 2439
###lsh 221 222
###lsh 2439 2438
###lsh 220 221
###lsh 2438 2437
###lsh 219 220
###lsh 2437 2436
###lsh 218 219
###lsh 2436 2435
###lsh 217 218
###lsh 2435 2434
###lsh 216 217
###lsh 2434 2433
###lsh 215 216
###lsh 2433 2432
###lsh 214 215
###lsh 2432 2431
###lsh 2431 2429
###lsh 213 214
###lsh 2429 2451
###lsh 212 213
###lsh 2451 2453
###lsh 211 212
###lsh 2453 2455
###lsh 210 211
###lsh 2455 2457
###lsh 209 210
###lsh 2457 2459
###lsh 208 209
###lsh 2459 2461
###lsh 207 208
###lsh 2461 2463
###lsh 206 207
###lsh 2463 2465
###lsh 2493 2494
###lsh 684 685
###lsh 685 686
###lsh 719 684
###lsh 2494 2495
###lsh 718 719
###lsh 2495 2496
###lsh 717 718
###lsh 2496 2497
###lsh 716 717
###lsh 2497 2498
###lsh 715 716
###lsh 2498 2499
###lsh 714 715
###lsh 2499 2500
###lsh 713 714
###lsh 2500 2501
###lsh 712 713
###lsh 2501 2502
###lsh 2502 2504
###lsh 711 712
###lsh 2504 2506
###lsh 710 711
###lsh 2506 2508
###lsh 709 710
###lsh 2508 2510
###lsh 708 709
###lsh 2510 2512
###lsh 707 708
###lsh 2512 2514
###lsh 706 707
###lsh 2514 2516
###lsh 705 706
###lsh 2516 2518
###lsh 704 705
###lsh 703 704
###lsh 2518 2520
###lsh 702 703
###lsh 2520 2522
###lsh 701 702
###lsh 2522 2524
###lsh 700 701
###lsh 2524 2526
###lsh 699 700
###lsh 2526 2528
###lsh 698 699
###lsh 2528 2530
###lsh 697 698
###lsh 2530 2532
###lsh 696 697
###lsh 2532 2534
###lsh 695 696
###lsh 2534 2536
###lsh 694 695
###lsh 2536 2484
###lsh 2484 2483
###lsh 693 694
###lsh 2483 2486
###lsh 692 693
###lsh 2486 2487
###lsh 691 692
###lsh 2487 2488
###lsh 690 691
###lsh 2488 2489
###lsh 689 690
###lsh 2489 2490
###lsh 688 689
###lsh 2490 2491
###lsh 687 688
###lsh 2491 2492
###lsh 686 687
###lsh 2492 2493
###lsh 1913 1911
###lsh 1997 1995
###lsh 1915 1913
###lsh 1995 1993
###lsh 1917 1915
###lsh 1993 1991
###lsh 1919 1917
###lsh 1991 1989
###lsh 1921 1919
###lsh 1989 1987
###lsh 1923 1921
###lsh 1987 1985
###lsh 1925 1923
###lsh 1985 1983
###lsh 1927 1925
###lsh 1983 1981
###lsh 1929 1927
###lsh 1981 1979
###lsh 1931 1929
###lsh 1979 1977
###lsh 1933 1931
###lsh 1977 1975
###lsh 1935 1933
###lsh 1975 1973
###lsh 1937 1935
###lsh 1973 1971
###lsh 1939 1937
###lsh 1971 1969
###lsh 1941 1939
###lsh 1969 1967
###lsh 1943 1941
###lsh 1967 1965
###lsh 1945 1943
###lsh 1965 1963
###lsh 1947 1945
###lsh 1963 1961
###lsh 1949 1947
###lsh 1961 1959
###lsh 1951 1949
###lsh 1959 1957
###lsh 1953 1951
###lsh 1957 1955
###lsh 1955 1953
###lsh 1999 1997
###lsh 1911 2075
###lsh 2001 1999
###lsh 2003 2001
###lsh 2005 2003
###lsh 2007 2005
###lsh 2009 2007
###lsh 2011 2009
###lsh 2013 2011
###lsh 2015 2013
###lsh 2017 2015
###lsh 2019 2017
###lsh 2021 2019
###lsh 2023 2021
###lsh 2025 2023
###lsh 2027 2025
###lsh 2029 2027
###lsh 2031 2029
###lsh 2033 2031
###lsh 2035 2033
###lsh 2037 2035
###lsh 2039 2037
###lsh 2041 2039
###lsh 2043 2041
###lsh 2045 2043
###lsh 2047 2045
###lsh 2049 2047
###lsh 2051 2049
###lsh 2053 2051
###lsh 2055 2053
###lsh 2057 2055
###lsh 2059 2057
###lsh 2061 2059
###lsh 2063 2061
###lsh 2065 2063
###lsh 2067 2065
###lsh 2069 2067
###lsh 2071 2069
###lsh 2075 2073
###lsh 2073 2071
###lsm 2 1
###lsm 3 4
###lsm 5 6
###lsm 7 8
###lsm 9 10
###lsm 11 0
###lsm 11 3
###lsm 9 3
###lsm 9 5
###lsm 14 13
###lsm 14 15
###lsm 16 15
###lsm 16 17
###lsm 18 17
###lsm 18 19
###lsm 20 19
###lsm 20 21
###lsm 22 21
###lsm 22 23
###lsm 24 23
###lsm 24 25
###lsm 26 25
###lsm 26 27
###lsm 28 27
###lsm 28 29
###lsm 30 29
###lsm 30 31
###lsm 32 31
###lsm 32 33
###lsm 34 33
###lsm 34 35
###lsm 36 35
###lsm 36 37
###lsm 38 37
###lsm 38 39
###lsm 40 39
###lsm 40 41
###lsm 42 41
###lsm 42 43
###lsm 44 43
###lsm 44 45
###lsm 46 45
###lsm 46 47
###lsm 48 47
###lsm 48 49
###lsm 50 49
###lsm 50 51
###lsm 52 51
###lsm 52 53
###lsm 54 53
###lsm 54 55
###lsm 56 55
###lsm 56 57
###lsm 58 57
###lsm 58 59
###lsm 60 59
###lsm 60 61
###lsm 62 61
###lsm 62 63
###lsm 64 63
###lsm 64 65
###lsm 66 65
###lsm 66 67
###lsm 68 67
###lsm 68 69
###lsm 70 69
###lsm 70 71
###lsm 72 71
###lsm 72 73
###lsm 74 73
###lsm 74 75
###lsm 76 75
###lsm 76 77
###lsm 78 77
###lsm 78 79
###lsm 80 79
###lsm 80 81
###lsm 82 81
###lsm 82 83
###lsm 12 83
###lsm 13 12
###lsm 85 12
###lsm 85 14
###lsm 86 14
###lsm 86 16
###lsm 87 16
###lsm 87 18
###lsm 88 18
###lsm 88 20
###lsm 89 20
###lsm 89 22
###lsm 90 22
###lsm 90 24
###lsm 91 24
###lsm 91 26
###lsm 92 26
###lsm 92 28
###lsm 93 28
###lsm 93 30
###lsm 94 30
###lsm 94 32
###lsm 95 32
###lsm 95 34
###lsm 96 34
###lsm 96 36
###lsm 97 36
###lsm 97 38
###lsm 98 38
###lsm 98 40
###lsm 99 40
###lsm 99 42
###lsm 100 42
###lsm 100 44
###lsm 101 44
###lsm 101 46
###lsm 102 46
###lsm 102 48
###lsm 103 48
###lsm 103 50
###lsm 104 50
###lsm 104 52
###lsm 105 52
###lsm 105 54
###lsm 106 54
###lsm 106 56
###lsm 107 56
###lsm 107 58
###lsm 108 58
###lsm 108 60
###lsm 109 60
###lsm 109 62
###lsm 110 62
###lsm 110 64
###lsm 111 64
###lsm 111 66
###lsm 112 66
###lsm 112 68
###lsm 113 68
###lsm 113 70
###lsm 114 70
###lsm 114 72
###lsm 115 72
###lsm 115 74
###lsm 116 74
###lsm 116 76
###lsm 117 76
###lsm 117 78
###lsm 118 78
###lsm 118 80
###lsm 119 80
###lsm 119 82
###lsm 84 82
###lsm 12 84
###lsm 15 0
###lsm 15 10
###lsm 17 10
###lsm 19 10
###lsm 21 10
###lsm 23 10
###lsm 25 10
###lsm 27 10
###lsm 27 8
###lsm 29 8
###lsm 31 8
###lsm 33 8
###lsm 35 8
###lsm 37 8
###lsm 39 8
###lsm 39 6
###lsm 41 6
###lsm 43 6
###lsm 45 6
###lsm 47 6
###lsm 49 6
###lsm 51 6
###lsm 51 4
###lsm 53 4
###lsm 55 4
###lsm 57 4
###lsm 59 4
###lsm 61 4
###lsm 63 4
###lsm 63 1
###lsm 65 1
###lsm 67 1
###lsm 69 1
###lsm 71 1
###lsm 73 1
###lsm 75 1
###lsm 75 0
###lsm 77 0
###lsm 79 0
###lsm 81 0
###lsm 83 0
###lsm 0 13
###lsm 122 121
###lsm 123 124
###lsm 125 126
###lsm 127 128
###lsm 129 130
###lsm 131 120
###lsm 131 123
###lsm 129 123
###lsm 129 125
###lsm 134 133
###lsm 134 135
###lsm 136 135
###lsm 136 137
###lsm 138 137
###lsm 138 139
###lsm 140 139
###lsm 140 141
###lsm 142 141
###lsm 142 143
###lsm 144 143
###lsm 144 145
###lsm 146 145
###lsm 146 147
###lsm 148 147
###lsm 148 149
###lsm 150 149
###lsm 150 151
###lsm 152 151
###lsm 152 153
###lsm 154 153
###lsm 154 155
###lsm 156 155
###lsm 156 157
###lsm 158 157
###lsm 158 159
###lsm 160 159
###lsm 160 161
###lsm 162 161
###lsm 162 163
###lsm 164 163
###lsm 164 165
###lsm 166 165
###lsm 166 167
###lsm 168 167
###lsm 168 169
###lsm 170 169
###lsm 170 171
###lsm 172 171
###lsm 172 173
###lsm 174 173
###lsm 174 175
###lsm 176 175
###lsm 176 177
###lsm 178 177
###lsm 178 179
###lsm 180 179
###lsm 180 181
###lsm 182 181
###lsm 182 183
###lsm 184 183
###lsm 184 185
###lsm 186 185
###lsm 186 187
###lsm 188 187
###lsm 188 189
###lsm 190 189
###lsm 190 191
###lsm 192 191
###lsm 192 193
###lsm 194 193
###lsm 194 195
###lsm 196 195
###lsm 196 197
###lsm 198 197
###lsm 198 199
###lsm 200 199
###lsm 200 201
###lsm 202 201
###lsm 202 203
###lsm 132 203
###lsm 133 132
###lsm 205 132
###lsm 205 134
###lsm 206 134
###lsm 206 136
###lsm 207 136
###lsm 207 138
###lsm 208 138
###lsm 208 140
###lsm 209 140
###lsm 209 142
###lsm 210 142
###lsm 210 144
###lsm 211 144
###lsm 211 146
###lsm 212 146
###lsm 212 148
###lsm 213 148
###lsm 213 150
###lsm 214 150
###lsm 214 152
###lsm 215 152
###lsm 215 154
###lsm 216 154
###lsm 216 156
###lsm 217 156
###lsm 217 158
###lsm 218 158
###lsm 218 160
###lsm 219 160
###lsm 219 162
###lsm 220 162
###lsm 220 164
###lsm 221 164
###lsm 221 166
###lsm 222 166
###lsm 222 168
###lsm 223 168
###lsm 223 170
###lsm 224 170
###lsm 224 172
###lsm 225 172
###lsm 225 174
###lsm 226 174
###lsm 226 176
###lsm 227 176
###lsm 227 178
###lsm 228 178
###lsm 228 180
###lsm 229 180
###lsm 229 182
###lsm 230 182
###lsm 230 184
###lsm 231 184
###lsm 231 186
###lsm 232 186
###lsm 232 188
###lsm 233 188
###lsm 233 190
###lsm 234 190
###lsm 234 192
###lsm 235 192
###lsm 235 194
###lsm 236 194
###lsm 236 196
###lsm 237 196
###lsm 237 198
###lsm 238 198
###lsm 238 200
###lsm 239 200
###lsm 239 202
###lsm 204 202
###lsm 132 204
###lsm 135 120
###lsm 135 130
###lsm 137 130
###lsm 139 130
###lsm 141 130
###lsm 143 130
###lsm 145 130
###lsm 147 130
###lsm 147 128
###lsm 149 128
###lsm 151 128
###lsm 153 128
###lsm 155 128
###lsm 157 128
###lsm 159 128
###lsm 159 126
###lsm 161 126
###lsm 163 126
###lsm 165 126
###lsm 167 126
###lsm 169 126
###lsm 171 126
###lsm 171 124
###lsm 173 124
###lsm 175 124
###lsm 177 124
###lsm 179 124
###lsm 181 124
###lsm 183 124
###lsm 183 121
###lsm 185 121
###lsm 187 121
###lsm 189 121
###lsm 191 121
###lsm 193 121
###lsm 195 121
###lsm 195 120
###lsm 197 120
###lsm 199 120
###lsm 201 120
###lsm 203 120
###lsm 120 133
###lsm 242 241
###lsm 243 244
###lsm 245 246
###lsm 247 248
###lsm 249 250
###lsm 251 240
###lsm 251 243
###lsm 249 243
###lsm 249 245
###lsm 254 253
###lsm 254 255
###lsm 256 255
###lsm 256 257
###lsm 258 257
###lsm 258 259
###lsm 260 259
###lsm 260 261
###lsm 262 261
###lsm 262 263
###lsm 264 263
###lsm 264 265
###lsm 266 265
###lsm 266 267
###lsm 268 267
###lsm 268 269
###lsm 270 269
###lsm 270 271
###lsm 272 271
###lsm 272 273
###lsm 274 273
###lsm 274 275
###lsm 276 275
###lsm 276 277
###lsm 278 277
###lsm 278 279
###lsm 280 279
###lsm 280 281
###lsm 282 281
###lsm 282 283
###lsm 284 283
###lsm 284 285
###lsm 286 285
###lsm 286 287
###lsm 288 287
###lsm 288 289
###lsm 290 289
###lsm 290 291
###lsm 292 291
###lsm 292 293
###lsm 294 293
###lsm 294 295
###lsm 296 295
###lsm 296 297
###lsm 298 297
###lsm 298 299
###lsm 300 299
###lsm 300 301
###lsm 302 301
###lsm 302 303
###lsm 304 303
###lsm 304 305
###lsm 306 305
###lsm 306 307
###lsm 308 307
###lsm 308 309
###lsm 310 309
###lsm 310 311
###lsm 312 311
###lsm 312 313
###lsm 314 313
###lsm 314 315
###lsm 316 315
###lsm 316 317
###lsm 318 317
###lsm 318 319
###lsm 320 319
###lsm 320 321
###lsm 322 321
###lsm 322 323
###lsm 252 323
###lsm 253 252
###lsm 325 252
###lsm 325 254
###lsm 326 254
###lsm 326 256
###lsm 327 256
###lsm 327 258
###lsm 328 258
###lsm 328 260
###lsm 329 260
###lsm 329 262
###lsm 330 262
###lsm 330 264
###lsm 331 264
###lsm 331 266
###lsm 332 266
###lsm 332 268
###lsm 333 268
###lsm 333 270
###lsm 334 270
###lsm 334 272
###lsm 335 272
###lsm 335 274
###lsm 336 274
###lsm 336 276
###lsm 337 276
###lsm 337 278
###lsm 338 278
###lsm 338 280
###lsm 339 280
###lsm 339 282
###lsm 340 282
###lsm 340 284
###lsm 341 284
###lsm 341 286
###lsm 342 286
###lsm 342 288
###lsm 343 288
###lsm 343 290
###lsm 344 290
###lsm 344 292
###lsm 345 292
###lsm 345 294
###lsm 346 294
###lsm 346 296
###lsm 347 296
###lsm 347 298
###lsm 348 298
###lsm 348 300
###lsm 349 300
###lsm 349 302
###lsm 350 302
###lsm 350 304
###lsm 351 304
###lsm 351 306
###lsm 352 306
###lsm 352 308
###lsm 353 308
###lsm 353 310
###lsm 354 310
###lsm 354 312
###lsm 355 312
###lsm 355 314
###lsm 356 314
###lsm 356 316
###lsm 357 316
###lsm 357 318
###lsm 358 318
###lsm 358 320
###lsm 359 320
###lsm 359 322
###lsm 324 322
###lsm 252 324
###lsm 255 240
###lsm 255 250
###lsm 257 250
###lsm 259 250
###lsm 261 250
###lsm 263 250
###lsm 265 250
###lsm 267 250
###lsm 267 248
###lsm 269 248
###lsm 271 248
###lsm 273 248
###lsm 275 248
###lsm 277 248
###lsm 279 248
###lsm 279 246
###lsm 281 246
###lsm 283 246
###lsm 285 246
###lsm 287 246
###lsm 289 246
###lsm 291 246
###lsm 291 244
###lsm 293 244
###lsm 295 244
###lsm 297 244
###lsm 299 244
###lsm 301 244
###lsm 303 244
###lsm 303 241
###lsm 305 241
###lsm 307 241
###lsm 309 241
###lsm 311 241
###lsm 313 241
###lsm 315 241
###lsm 315 240
###lsm 317 240
###lsm 319 240
###lsm 321 240
###lsm 323 240
###lsm 240 253
###lsm 362 361
###lsm 363 364
###lsm 365 366
###lsm 367 368
###lsm 369 370
###lsm 371 360
###lsm 371 363
###lsm 369 363
###lsm 369 365
###lsm 374 373
###lsm 374 375
###lsm 376 375
###lsm 376 377
###lsm 378 377
###lsm 378 379
###lsm 380 379
###lsm 380 381
###lsm 382 381
###lsm 382 383
###lsm 384 383
###lsm 384 385
###lsm 386 385
###lsm 386 387
###lsm 388 387
###lsm 388 389
###lsm 390 389
###lsm 390 391
###lsm 392 391
###lsm 392 393
###lsm 394 393
###lsm 394 395
###lsm 396 395
###lsm 396 397
###lsm 398 397
###lsm 398 399
###lsm 400 399
###lsm 400 401
###lsm 402 401
###lsm 402 403
###lsm 404 403
###lsm 404 405
###lsm 406 405
###lsm 406 407
###lsm 408 407
###lsm 408 409
###lsm 410 409
###lsm 410 411
###lsm 412 411
###lsm 412 413
###lsm 414 413
###lsm 414 415
###lsm 416 415
###lsm 416 417
###lsm 418 417
###lsm 418 419
###lsm 420 419
###lsm 420 421
###lsm 422 421
###lsm 422 423
###lsm 424 423
###lsm 424 425
###lsm 426 425
###lsm 426 427
###lsm 428 427
###lsm 428 429
###lsm 430 429
###lsm 430 431
###lsm 432 431
###lsm 432 433
###lsm 434 433
###lsm 434 435
###lsm 436 435
###lsm 436 437
###lsm 438 437
###lsm 438 439
###lsm 440 439
###lsm 440 441
###lsm 442 441
###lsm 442 443
###lsm 372 443
###lsm 373 372
###lsm 445 372
###lsm 445 374
###lsm 446 374
###lsm 446 376
###lsm 447 376
###lsm 447 378
###lsm 448 378
###lsm 448 380
###lsm 449 380
###lsm 449 382
###lsm 450 382
###lsm 450 384
###lsm 451 384
###lsm 451 386
###lsm 452 386
###lsm 452 388
###lsm 453 388
###lsm 453 390
###lsm 454 390
###lsm 454 392
###lsm 455 392
###lsm 455 394
###lsm 456 394
###lsm 456 396
###lsm 457 396
###lsm 457 398
###lsm 458 398
###lsm 458 400
###lsm 459 400
###lsm 459 402
###lsm 460 402
###lsm 460 404
###lsm 461 404
###lsm 461 406
###lsm 462 406
###lsm 462 408
###lsm 463 408
###lsm 463 410
###lsm 464 410
###lsm 464 412
###lsm 465 412
###lsm 465 414
###lsm 466 414
###lsm 466 416
###lsm 467 416
###lsm 467 418
###lsm 468 418
###lsm 468 420
###lsm 469 420
###lsm 469 422
###lsm 470 422
###lsm 470 424
###lsm 471 424
###lsm 471 426
###lsm 472 426
###lsm 472 428
###lsm 473 428
###lsm 473 430
###lsm 474 430
###lsm 474 432
###lsm 475 432
###lsm 475 434
###lsm 476 434
###lsm 476 436
###lsm 477 436
###lsm 477 438
###lsm 478 438
###lsm 478 440
###lsm 479 440
###lsm 479 442
###lsm 444 442
###lsm 372 444
###lsm 375 360
###lsm 375 370
###lsm 377 370
###lsm 379 370
###lsm 381 370
###lsm 383 370
###lsm 385 370
###lsm 387 370
###lsm 387 368
###lsm 389 368
###lsm 391 368
###lsm 393 368
###lsm 395 368
###lsm 397 368
###lsm 399 368
###lsm 399 366
###lsm 401 366
###lsm 403 366
###lsm 405 366
###lsm 407 366
###lsm 409 366
###lsm 411 366
###lsm 411 364
###lsm 413 364
###lsm 415 364
###lsm 417 364
###lsm 419 364
###lsm 421 364
###lsm 423 364
###lsm 423 361
###lsm 425 361
###lsm 427 361
###lsm 429 361
###lsm 431 361
###lsm 433 361
###lsm 435 361
###lsm 435 360
###lsm 437 360
###lsm 439 360
###lsm 441 360
###lsm 443 360
###lsm 360 373
###lsm 482 481
###lsm 483 484
###lsm 485 486
###lsm 487 488
###lsm 489 490
###lsm 491 480
###lsm 491 483
###lsm 489 483
###lsm 489 485
###lsm 494 493
###lsm 494 495
###lsm 496 495
###lsm 496 497
###lsm 498 497
###lsm 498 499
###lsm 500 499
###lsm 500 501
###lsm 502 501
###lsm 502 503
###lsm 504 503
###lsm 504 505
###lsm 506 505
###lsm 506 507
###lsm 508 507
###lsm 508 509
###lsm 510 509
###lsm 510 511
###lsm 512 511
###lsm 512 513
###lsm 514 513
###lsm 514 515
###lsm 516 515
###lsm 516 517
###lsm 518 517
###lsm 518 519
###lsm 520 519
###lsm 520 521
###lsm 522 521
###lsm 522 523
###lsm 524 523
###lsm 524 525
###lsm 526 525
###lsm 526 527
###lsm 528 527
###lsm 528 529
###lsm 530 529
###lsm 530 531
###lsm 532 531
###lsm 532 533
###lsm 534 533
###lsm 534 535
###lsm 536 535
###lsm 536 537
###lsm 538 537
###lsm 538 539
###lsm 540 539
###lsm 540 541
###lsm 542 541
###lsm 542 543
###lsm 544 543
###lsm 544 545
###lsm 546 545
###lsm 546 547
###lsm 548 547
###lsm 548 549
###lsm 550 549
###lsm 550 551
###lsm 552 551
###lsm 552 553
###lsm 554 553
###lsm 554 555
###lsm 556 555
###lsm 556 557
###lsm 558 557
###lsm 558 559
###lsm 560 559
###lsm 560 561
###lsm 562 561
###lsm 562 563
###lsm 492 563
###lsm 493 492
###lsm 565 492
###lsm 565 494
###lsm 566 494
###lsm 566 496
###lsm 567 496
###lsm 567 498
###lsm 568 498
###lsm 568 500
###lsm 569 500
###lsm 569 502
###lsm 570 502
###lsm 570 504
###lsm 571 504
###lsm 571 506
###lsm 572 506
###lsm 572 508
###lsm 573 508
###lsm 573 510
###lsm 574 510
###lsm 574 512
###lsm 575 512
###lsm 575 514
###lsm 576 514
###lsm 576 516
###lsm 577 516
###lsm 577 518
###lsm 578 518
###lsm 578 520
###lsm 579 520
###lsm 579 522
###lsm 580 522
###lsm 580 524
###lsm 581 524
###lsm 581 526
###lsm 582 526
###lsm 582 528
###lsm 583 528
###lsm 583 530
###lsm 584 530
###lsm 584 532
###lsm 585 532
###lsm 585 534
###lsm 586 534
###lsm 586 536
###lsm 587 536
###lsm 587 538
###lsm 588 538
###lsm 588 540
###lsm 589 540
###lsm 589 542
###lsm 590 542
###lsm 590 544
###lsm 591 544
###lsm 591 546
###lsm 592 546
###lsm 592 548
###lsm 593 548
###lsm 593 550
###lsm 594 550
###lsm 594 552
###lsm 595 552
###lsm 595 554
###lsm 596 554
###lsm 596 556
###lsm 597 556
###lsm 597 558
###lsm 598 558
###lsm 598 560
###lsm 599 560
###lsm 599 562
###lsm 564 562
###lsm 492 564
###lsm 495 480
###lsm 495 490
###lsm 497 490
###lsm 499 490
###lsm 501 490
###lsm 503 490
###lsm 505 490
###lsm 507 490
###lsm 507 488
###lsm 509 488
###lsm 511 488
###lsm 513 488
###lsm 515 488
###lsm 517 488
###lsm 519 488
###lsm 519 486
###lsm 521 486
###lsm 523 486
###lsm 525 486
###lsm 527 486
###lsm 529 486
###lsm 531 486
###lsm 531 484
###lsm 533 484
###lsm 535 484
###lsm 537 484
###lsm 539 484
###lsm 541 484
###lsm 543 484
###lsm 543 481
###lsm 545 481
###lsm 547 481
###lsm 549 481
###lsm 551 481
###lsm 553 481
###lsm 555 481
###lsm 555 480
###lsm 557 480
###lsm 559 480
###lsm 561 480
###lsm 563 480
###lsm 480 493
###lsm 602 601
###lsm 603 604
###lsm 605 606
###lsm 607 608
###lsm 609 610
###lsm 611 600
###lsm 611 603
###lsm 609 603
###lsm 609 605
###lsm 614 613
###lsm 614 615
###lsm 616 615
###lsm 616 617
###lsm 618 617
###lsm 618 619
###lsm 620 619
###lsm 620 621
###lsm 622 621
###lsm 622 623
###lsm 624 623
###lsm 624 625
###lsm 626 625
###lsm 626 627
###lsm 628 627
###lsm 628 629
###lsm 630 629
###lsm 630 631
###lsm 632 631
###lsm 632 633
###lsm 634 633
###lsm 634 635
###lsm 636 635
###lsm 636 637
###lsm 638 637
###lsm 638 639
###lsm 640 639
###lsm 640 641
###lsm 642 641
###lsm 642 643
###lsm 644 643
###lsm 644 645
###lsm 646 645
###lsm 646 647
###lsm 648 647
###lsm 648 649
###lsm 650 649
###lsm 650 651
###lsm 652 651
###lsm 652 653
###lsm 654 653
###lsm 654 655
###lsm 656 655
###lsm 656 657
###lsm 658 657
###lsm 658 659
###lsm 660 659
###lsm 660 661
###lsm 662 661
###lsm 662 663
###lsm 664 663
###lsm 664 665
###lsm 666 665
###lsm 666 667
###lsm 668 667
###lsm 668 669
###lsm 670 669
###lsm 670 671
###lsm 672 671
###lsm 672 673
###lsm 674 673
###lsm 674 675
###lsm 676 675
###lsm 676 677
###lsm 678 677
###lsm 678 679
###lsm 680 679
###lsm 680 681
###lsm 682 681
###lsm 682 683
###lsm 612 683
###lsm 613 612
###lsm 685 612
###lsm 685 614
###lsm 686 614
###lsm 686 616
###lsm 687 616
###lsm 687 618
###lsm 688 618
###lsm 688 620
###lsm 689 620
###lsm 689 622
###lsm 690 622
###lsm 690 624
###lsm 691 624
###lsm 691 626
###lsm 692 626
###lsm 692 628
###lsm 693 628
###lsm 693 630
###lsm 694 630
###lsm 694 632
###lsm 695 632
###lsm 695 634
###lsm 696 634
###lsm 696 636
###lsm 697 636
###lsm 697 638
###lsm 698 638
###lsm 698 640
###lsm 699 640
###lsm 699 642
###lsm 700 642
###lsm 700 644
###lsm 701 644
###lsm 701 646
###lsm 702 646
###lsm 702 648
###lsm 703 648
###lsm 703 650
###lsm 704 650
###lsm 704 652
###lsm 705 652
###lsm 705 654
###lsm 706 654
###lsm 706 656
###lsm 707 656
###lsm 707 658
###lsm 708 658
###lsm 708 660
###lsm 709 660
###lsm 709 662
###lsm 710 662
###lsm 710 664
###lsm 711 664
###lsm 711 666
###lsm 712 666
###lsm 712 668
###lsm 713 668
###lsm 713 670
###lsm 714 670
###lsm 714 672
###lsm 715 672
###lsm 715 674
###lsm 716 674
###lsm 716 676
###lsm 717 676
###lsm 717 678
###lsm 718 678
###lsm 718 680
###lsm 719 680
###lsm 719 682
###lsm 684 682
###lsm 612 684
###lsm 615 600
###lsm 615 610
###lsm 617 610
###lsm 619 610
###lsm 621 610
###lsm 623 610
###lsm 625 610
###lsm 627 610
###lsm 627 608
###lsm 629 608
###lsm 631 608
###lsm 633 608
###lsm 635 608
###lsm 637 608
###lsm 639 608
###lsm 639 606
###lsm 641 606
###lsm 643 606
###lsm 645 606
###lsm 647 606
###lsm 649 606
###lsm 651 606
###lsm 651 604
###lsm 653 604
###lsm 655 604
###lsm 657 604
###lsm 659 604
###lsm 661 604
###lsm 663 604
###lsm 663 601
###lsm 665 601
###lsm 667 601
###lsm 669 601
###lsm 671 601
###lsm 673 601
###lsm 675 601
###lsm 675 600
###lsm 677 600
###lsm 679 600
###lsm 681 600
###lsm 683 600
###lsm 600 613
###lsm 722 721
###lsm 722 723
###lsm 724 723
###lsm 725 723
###lsm 725 726
###lsm 727 726
###lsm 727 728
###lsm 729 728
###lsm 730 732
###lsm 732 733
###lsm 732 734
###lsm 732 735
###lsm 736 735
###lsm 736 737
###lsm 738 737
###lsm 738 739
###lsm 740 739
###lsm 741 739
###lsm 742 739
###lsm 743 739
###lsm 744 739
###lsm 744 745
###lsm 746 745
###lsm 746 747
###lsm 748 747
###lsm 748 749
###lsm 748 750
###lsm 754 753
###lsm 754 755
###lsm 756 755
###lsm 756 757
###lsm 758 757
###lsm 758 759
###lsm 760 759
###lsm 760 761
###lsm 762 761
###lsm 762 763
###lsm 764 763
###lsm 764 765
###lsm 766 765
###lsm 766 767
###lsm 768 767
###lsm 768 769
###lsm 770 769
###lsm 770 771
###lsm 772 771
###lsm 772 773
###lsm 774 773
###lsm 774 775
###lsm 776 775
###lsm 776 777
###lsm 778 777
###lsm 778 779
###lsm 780 779
###lsm 780 781
###lsm 782 781
###lsm 782 783
###lsm 784 783
###lsm 784 785
###lsm 786 785
###lsm 786 787
###lsm 788 787
###lsm 788 789
###lsm 790 789
###lsm 790 791
###lsm 792 791
###lsm 792 793
###lsm 794 793
###lsm 794 795
###lsm 796 795
###lsm 796 797
###lsm 798 797
###lsm 798 799
###lsm 800 799
###lsm 800 801
###lsm 802 801
###lsm 802 803
###lsm 804 803
###lsm 804 805
###lsm 806 805
###lsm 806 807
###lsm 808 807
###lsm 808 809
###lsm 810 809
###lsm 810 811
###lsm 812 811
###lsm 812 813
###lsm 814 813
###lsm 814 815
###lsm 816 815
###lsm 816 817
###lsm 818 817
###lsm 818 819
###lsm 820 819
###lsm 820 821
###lsm 822 821
###lsm 822 823
###lsm 752 823
###lsm 753 752
###lsm 826 825
###lsm 826 827
###lsm 828 827
###lsm 828 829
###lsm 830 829
###lsm 830 831
###lsm 832 831
###lsm 832 833
###lsm 834 833
###lsm 834 835
###lsm 836 835
###lsm 836 837
###lsm 838 837
###lsm 838 839
###lsm 840 839
###lsm 840 841
###lsm 842 841
###lsm 842 843
###lsm 844 843
###lsm 844 845
###lsm 846 845
###lsm 846 847
###lsm 848 847
###lsm 848 849
###lsm 850 849
###lsm 850 851
###lsm 852 851
###lsm 852 853
###lsm 854 853
###lsm 854 855
###lsm 856 855
###lsm 856 857
###lsm 858 857
###lsm 858 859
###lsm 860 859
###lsm 860 861
###lsm 862 861
###lsm 862 863
###lsm 864 863
###lsm 864 865
###lsm 866 865
###lsm 866 867
###lsm 868 867
###lsm 868 869
###lsm 870 869
###lsm 870 871
###lsm 872 871
###lsm 872 873
###lsm 874 873
###lsm 874 875
###lsm 876 875
###lsm 876 877
###lsm 878 877
###lsm 878 879
###lsm 880 879
###lsm 880 881
###lsm 882 881
###lsm 882 883
###lsm 884 883
###lsm 884 885
###lsm 886 885
###lsm 886 887
###lsm 888 887
###lsm 888 889
###lsm 890 889
###lsm 890 891
###lsm 892 891
###lsm 892 893
###lsm 894 893
###lsm 894 895
###lsm 824 895
###lsm 825 824
###lsm 898 897
###lsm 897 931
###lsm 922 897
###lsm 897 919
###lsm 910 897
###lsm 897 907
###lsm 932 897
###lsm 897 929
###lsm 930 897
###lsm 897 927
###lsm 928 897
###lsm 897 925
###lsm 926 897
###lsm 897 923
###lsm 924 897
###lsm 897 921
###lsm 920 897
###lsm 897 917
###lsm 918 897
###lsm 897 915
###lsm 916 897
###lsm 897 913
###lsm 914 897
###lsm 897 911
###lsm 912 897
###lsm 897 909
###lsm 908 897
###lsm 897 905
###lsm 906 897
###lsm 897 903
###lsm 904 897
###lsm 897 901
###lsm 902 897
###lsm 897 899
###lsm 900 897
###lsm 897 896
###lsm 898 933
###lsm 898 934
###lsm 896 934
###lsm 896 935
###lsm 900 935
###lsm 900 936
###lsm 899 936
###lsm 899 937
###lsm 902 937
###lsm 902 938
###lsm 901 938
###lsm 901 939
###lsm 904 939
###lsm 904 940
###lsm 903 940
###lsm 903 941
###lsm 906 941
###lsm 906 942
###lsm 905 942
###lsm 905 943
###lsm 908 943
###lsm 908 944
###lsm 907 944
###lsm 907 945
###lsm 910 945
###lsm 910 946
###lsm 909 946
###lsm 909 947
###lsm 912 947
###lsm 912 948
###lsm 911 948
###lsm 911 949
###lsm 914 949
###lsm 914 950
###lsm 913 950
###lsm 913 951
###lsm 916 951
###lsm 916 952
###lsm 915 952
###lsm 915 953
###lsm 918 953
###lsm 918 954
###lsm 917 954
###lsm 917 955
###lsm 920 955
###lsm 920 956
###lsm 919 956
###lsm 919 957
###lsm 922 957
###lsm 922 958
###lsm 921 958
###lsm 921 959
###lsm 924 959
###lsm 924 960
###lsm 923 960
###lsm 923 961
###lsm 926 961
###lsm 926 962
###lsm 925 962
###lsm 925 963
###lsm 928 963
###lsm 928 964
###lsm 927 964
###lsm 927 965
###lsm 930 965
###lsm 930 966
###lsm 929 966
###lsm 929 967
###lsm 932 967
###lsm 932 968
###lsm 931 968
###lsm 933 931
###lsm 971 970
###lsm 971 972
###lsm 973 972
###lsm 973 974
###lsm 975 974
###lsm 975 976
###lsm 977 976
###lsm 977 978
###lsm 979 978
###lsm 979 980
###lsm 981 980
###lsm 981 982
###lsm 983 982
###lsm 983 984
###lsm 985 984
###lsm 985 986
###lsm 987 986
###lsm 987 988
###lsm 989 988
###lsm 989 990
###lsm 991 990
###lsm 991 992
###lsm 993 992
###lsm 993 994
###lsm 995 994
###lsm 995 996
###lsm 997 996
###lsm 997 998
###lsm 999 998
###lsm 999 1000
###lsm 1001 1000
###lsm 1001 1002
###lsm 1003 1002
###lsm 1003 1004
###lsm 1005 1004
###lsm 1005 1006
###lsm 1007 1006
###lsm 1007 1008
###lsm 1009 1008
###lsm 1009 1010
###lsm 1011 1010
###lsm 1011 1012
###lsm 1013 1012
###lsm 1013 1014
###lsm 1015 1014
###lsm 1015 1016
###lsm 1017 1016
###lsm 1017 1018
###lsm 1019 1018
###lsm 1019 1020
###lsm 1021 1020
###lsm 1021 1022
###lsm 1023 1022
###lsm 1023 1024
###lsm 1025 1024
###lsm 1025 1026
###lsm 1027 1026
###lsm 1027 1028
###lsm 1029 1028
###lsm 1029 1030
###lsm 1031 1030
###lsm 1031 1032
###lsm 1033 1032
###lsm 1033 1034
###lsm 1035 1034
###lsm 1035 1036
###lsm 1037 1036
###lsm 1037 1038
###lsm 1039 1038
###lsm 1039 1040
###lsm 969 1040
###lsm 970 969
###lsm 935 934
###lsm 935 972
###lsm 972 970
###lsm 935 970
###lsm 936 935
###lsm 936 970
###lsm 970 1040
###lsm 936 1040
###lsm 937 936
###lsm 937 1040
###lsm 1040 1038
###lsm 937 1038
###lsm 938 937
###lsm 938 1038
###lsm 1038 1036
###lsm 938 1036
###lsm 939 938
###lsm 939 1036
###lsm 1036 1034
###lsm 939 1034
###lsm 940 939
###lsm 940 1034
###lsm 1034 1032
###lsm 940 1032
###lsm 941 940
###lsm 941 1032
###lsm 1032 1030
###lsm 941 1030
###lsm 942 941
###lsm 942 1030
###lsm 1030 1028
###lsm 942 1028
###lsm 943 942
###lsm 943 1028
###lsm 1028 1026
###lsm 943 1026
###lsm 944 943
###lsm 944 1026
###lsm 1026 1024
###lsm 944 1024
###lsm 945 944
###lsm 945 1024
###lsm 1024 1022
###lsm 945 1022
###lsm 946 945
###lsm 946 1022
###lsm 1022 1020
###lsm 946 1020
###lsm 947 946
###lsm 947 1020
###lsm 1020 1018
###lsm 947 1018
###lsm 948 947
###lsm 948 1018
###lsm 1018 1016
###lsm 948 1016
###lsm 949 948
###lsm 949 1016
###lsm 1016 1014
###lsm 949 1014
###lsm 950 949
###lsm 950 1014
###lsm 1014 1012
###lsm 950 1012
###lsm 951 950
###lsm 951 1012
###lsm 1012 1010
###lsm 951 1010
###lsm 952 951
###lsm 952 1010
###lsm 1010 1008
###lsm 952 1008
###lsm 953 952
###lsm 953 1008
###lsm 1008 1006
###lsm 953 1006
###lsm 954 953
###lsm 954 1006
###lsm 1006 1004
###lsm 954 1004
###lsm 955 954
###lsm 955 1004
###lsm 1004 1002
###lsm 955 1002
###lsm 956 955
###lsm 956 1002
###lsm 1002 1000
###lsm 956 1000
###lsm 957 956
###lsm 957 1000
###lsm 1000 998
###lsm 957 998
###lsm 958 957
###lsm 958 998
###lsm 998 996
###lsm 958 996
###lsm 959 958
###lsm 959 996
###lsm 996 994
###lsm 959 994
###lsm 960 959
###lsm 960 994
###lsm 994 992
###lsm 960 992
###lsm 961 960
###lsm 961 992
###lsm 992 990
###lsm 961 990
###lsm 962 961
###lsm 962 990
###lsm 990 988
###lsm 962 988
###lsm 963 962
###lsm 963 988
###lsm 988 986
###lsm 963 986
###lsm 964 963
###lsm 964 986
###lsm 986 984
###lsm 964 984
###lsm 965 964
###lsm 965 984
###lsm 984 982
###lsm 965 982
###lsm 966 965
###lsm 966 982
###lsm 982 980
###lsm 966 980
###lsm 967 966
###lsm 967 980
###lsm 980 978
###lsm 967 978
###lsm 968 967
###lsm 968 978
###lsm 978 976
###lsm 968 976
###lsm 933 968
###lsm 933 976
###lsm 976 974
###lsm 933 974
###lsm 934 933
###lsm 934 974
###lsm 974 972
###lsm 972 934
###lsm 1043 1042
###lsm 1042 1076
###lsm 1067 1042
###lsm 1042 1064
###lsm 1055 1042
###lsm 1042 1052
###lsm 1077 1042
###lsm 1042 1074
###lsm 1075 1042
###lsm 1042 1072
###lsm 1073 1042
###lsm 1042 1070
###lsm 1071 1042
###lsm 1042 1068
###lsm 1069 1042
###lsm 1042 1066
###lsm 1065 1042
###lsm 1042 1062
###lsm 1063 1042
###lsm 1042 1060
###lsm 1061 1042
###lsm 1042 1058
###lsm 1059 1042
###lsm 1042 1056
###lsm 1057 1042
###lsm 1042 1054
###lsm 1053 1042
###lsm 1042 1050
###lsm 1051 1042
###lsm 1042 1048
###lsm 1049 1042
###lsm 1042 1046
###lsm 1047 1042
###lsm 1042 1044
###lsm 1045 1042
###lsm 1042 1041
###lsm 1043 1078
###lsm 1043 1079
###lsm 1041 1079
###lsm 1041 1080
###lsm 1045 1080
###lsm 1045 1081
###lsm 1044 1081
###lsm 1044 1082
###lsm 1047 1082
###lsm 1047 1083
###lsm 1046 1083
###lsm 1046 1084
###lsm 1049 1084
###lsm 1049 1085
###lsm 1048 1085
###lsm 1048 1086
###lsm 1051 1086
###lsm 1051 1087
###lsm 1050 1087
###lsm 1050 1088
###lsm 1053 1088
###lsm 1053 1089
###lsm 1052 1089
###lsm 1052 1090
###lsm 1055 1090
###lsm 1055 1091
###lsm 1054 1091
###lsm 1054 1092
###lsm 1057 1092
###lsm 1057 1093
###lsm 1056 1093
###lsm 1056 1094
###lsm 1059 1094
###lsm 1059 1095
###lsm 1058 1095
###lsm 1058 1096
###lsm 1061 1096
###lsm 1061 1097
###lsm 1060 1097
###lsm 1060 1098
###lsm 1063 1098
###lsm 1063 1099
###lsm 1062 1099
###lsm 1062 1100
###lsm 1065 1100
###lsm 1065 1101
###lsm 1064 1101
###lsm 1064 1102
###lsm 1067 1102
###lsm 1067 1103
###lsm 1066 1103
###lsm 1066 1104
###lsm 1069 1104
###lsm 1069 1105
###lsm 1068 1105
###lsm 1068 1106
###lsm 1071 1106
###lsm 1071 1107
###lsm 1070 1107
###lsm 1070 1108
###lsm 1073 1108
###lsm 1073 1109
###lsm 1072 1109
###lsm 1072 1110
###lsm 1075 1110
###lsm 1075 1111
###lsm 1074 1111
###lsm 1074 1112
###lsm 1077 1112
###lsm 1077 1113
###lsm 1076 1113
###lsm 1078 1076
###lsm 1116 1115
###lsm 1116 1117
###lsm 1118 1117
###lsm 1118 1119
###lsm 1120 1119
###lsm 1120 1121
###lsm 1122 1121
###lsm 1122 1123
###lsm 1124 1123
###lsm 1124 1125
###lsm 1126 1125
###lsm 1126 1127
###lsm 1128 1127
###lsm 1128 1129
###lsm 1130 1129
###lsm 1130 1131
###lsm 1132 1131
###lsm 1132 1133
###lsm 1134 1133
###lsm 1134 1135
###lsm 1136 1135
###lsm 1136 1137
###lsm 1138 1137
###lsm 1138 1139
###lsm 1140 1139
###lsm 1140 1141
###lsm 1142 1141
###lsm 1142 1143
###lsm 1144 1143
###lsm 1144 1145
###lsm 1146 1145
###lsm 1146 1147
###lsm 1148 1147
###lsm 1148 1149
###lsm 1150 1149
###lsm 1150 1151
###lsm 1152 1151
###lsm 1152 1153
###lsm 1154 1153
###lsm 1154 1155
###lsm 1156 1155
###lsm 1156 1157
###lsm 1158 1157
###lsm 1158 1159
###lsm 1160 1159
###lsm 1160 1161
###lsm 1162 1161
###lsm 1162 1163
###lsm 1164 1163
###lsm 1164 1165
###lsm 1166 1165
###lsm 1166 1167
###lsm 1168 1167
###lsm 1168 1169
###lsm 1170 1169
###lsm 1170 1171
###lsm 1172 1171
###lsm 1172 1173
###lsm 1174 1173
###lsm 1174 1175
###lsm 1176 1175
###lsm 1176 1177
###lsm 1178 1177
###lsm 1178 1179
###lsm 1180 1179
###lsm 1180 1181
###lsm 1182 1181
###lsm 1182 1183
###lsm 1184 1183
###lsm 1184 1185
###lsm 1114 1185
###lsm 1115 1114
###lsm 1080 1079
###lsm 1080 1117
###lsm 1117 1115
###lsm 1080 1115
###lsm 1081 1080
###lsm 1081 1115
###lsm 1115 1185
###lsm 1081 1185
###lsm 1082 1081
###lsm 1082 1185
###lsm 1185 1183
###lsm 1082 1183
###lsm 1083 1082
###lsm 1083 1183
###lsm 1183 1181
###lsm 1083 1181
###lsm 1084 1083
###lsm 1084 1181
###lsm 1181 1179
###lsm 1084 1179
###lsm 1085 1084
###lsm 1085 1179
###lsm 1179 1177
###lsm 1085 1177
###lsm 1086 1085
###lsm 1086 1177
###lsm 1177 1175
###lsm 1086 1175
###lsm 1087 1086
###lsm 1087 1175
###lsm 1175 1173
###lsm 1087 1173
###lsm 1088 1087
###lsm 1088 1173
###lsm 1173 1171
###lsm 1088 1171
###lsm 1089 1088
###lsm 1089 1171
###lsm 1171 1169
###lsm 1089 1169
###lsm 1090 1089
###lsm 1090 1169
###lsm 1169 1167
###lsm 1090 1167
###lsm 1091 1090
###lsm 1091 1167
###lsm 1167 1165
###lsm 1091 1165
###lsm 1092 1091
###lsm 1092 1165
###lsm 1165 1163
###lsm 1092 1163
###lsm 1093 1092
###lsm 1093 1163
###lsm 1163 1161
###lsm 1093 1161
###lsm 1094 1093
###lsm 1094 1161
###lsm 1161 1159
###lsm 1094 1159
###lsm 1095 1094
###lsm 1095 1159
###lsm 1159 1157
###lsm 1095 1157
###lsm 1096 1095
###lsm 1096 1157
###lsm 1157 1155
###lsm 1096 1155
###lsm 1097 1096
###lsm 1097 1155
###lsm 1155 1153
###lsm 1097 1153
###lsm 1098 1097
###lsm 1098 1153
###lsm 1153 1151
###lsm 1098 1151
###lsm 1099 1098
###lsm 1099 1151
###lsm 1151 1149
###lsm 1099 1149
###lsm 1100 1099
###lsm 1100 1149
###lsm 1149 1147
###lsm 1100 1147
###lsm 1101 1100
###lsm 1101 1147
###lsm 1147 1145
###lsm 1101 1145
###lsm 1102 1101
###lsm 1102 1145
###lsm 1145 1143
###lsm 1102 1143
###lsm 1103 1102
###lsm 1103 1143
###lsm 1143 1141
###lsm 1103 1141
###lsm 1104 1103
###lsm 1104 1141
###lsm 1141 1139
###lsm 1104 1139
###lsm 1105 1104
###lsm 1105 1139
###lsm 1139 1137
###lsm 1105 1137
###lsm 1106 1105
###lsm 1106 1137
###lsm 1137 1135
###lsm 1106 1135
###lsm 1107 1106
###lsm 1107 1135
###lsm 1135 1133
###lsm 1107 1133
###lsm 1108 1107
###lsm 1108 1133
###lsm 1133 1131
###lsm 1108 1131
###lsm 1109 1108
###lsm 1109 1131
###lsm 1131 1129
###lsm 1109 1129
###lsm 1110 1109
###lsm 1110 1129
###lsm 1129 1127
###lsm 1110 1127
###lsm 1111 1110
###lsm 1111 1127
###lsm 1127 1125
###lsm 1111 1125
###lsm 1112 1111
###lsm 1112 1125
###lsm 1125 1123
###lsm 1112 1123
###lsm 1113 1112
###lsm 1113 1123
###lsm 1123 1121
###lsm 1113 1121
###lsm 1078 1113
###lsm 1078 1121
###lsm 1121 1119
###lsm 1078 1119
###lsm 1079 1078
###lsm 1079 1119
###lsm 1119 1117
###lsm 1117 1079
###lsm 1187 1166
###lsm 1187 1168
###lsm 1186 1007
###lsm 1186 1009
###lsm 1188 1138
###lsm 1188 985
###lsm 1189 1134
###lsm 1189 1136
###lsm 1138 1189
###lsm 1190 1126
###lsm 1190 1128
###lsm 1191 1116
###lsm 1191 1118
###lsm 1192 1178
###lsm 1192 1180
###lsm 1187 1170
###lsm 1193 1170
###lsm 1193 1172
###lsm 971 1150
###lsm 971 1152
###lsm 969 1152
###lsm 969 1154
###lsm 1039 1154
###lsm 1039 1156
###lsm 1037 1156
###lsm 1037 1158
###lsm 1035 1158
###lsm 1035 1160
###lsm 1033 1160
###lsm 1033 1162
###lsm 1031 1162
###lsm 1031 1164
###lsm 1029 1164
###lsm 1029 1166
###lsm 1166 1186
###lsm 1150 973
###lsm 1148 973
###lsm 1148 975
###lsm 1146 975
###lsm 1146 977
###lsm 1144 977
###lsm 1144 979
###lsm 1142 979
###lsm 1142 981
###lsm 1140 981
###lsm 1140 983
###lsm 1138 983
###lsm 985 1138
###lsm 1188 987
###lsm 1188 989
###lsm 1188 991
###lsm 1188 993
###lsm 1188 995
###lsm 1188 997
###lsm 1188 999
###lsm 1188 1001
###lsm 1188 1003
###lsm 1007 1188
###lsm 1188 1005
###lsm 1186 1011
###lsm 1186 1013
###lsm 1186 1015
###lsm 1186 1017
###lsm 1186 1019
###lsm 1186 1021
###lsm 1186 1023
###lsm 1186 1025
###lsm 1186 1027
###lsm 1029 1186
###lsm 1191 1120
###lsm 1191 1122
###lsm 1191 1124
###lsm 1126 1191
###lsm 1190 1130
###lsm 1190 1132
###lsm 1134 1190
###lsm 1193 1174
###lsm 1193 1176
###lsm 1178 1193
###lsm 1192 1182
###lsm 1192 1184
###lsm 1192 1114
###lsm 1116 1192
###lsm 1194 743
###lsm 1194 744
###lsm 1195 744
###lsm 1195 746
###lsm 1196 746
###lsm 1196 748
###lsm 743 1187
###lsm 743 1193
###lsm 742 1193
###lsm 742 1192
###lsm 741 1192
###lsm 741 1191
###lsm 741 1190
###lsm 740 1190
###lsm 740 1189
###lsm 740 724
###lsm 738 724
###lsm 738 725
###lsm 736 725
###lsm 736 727
###lsm 732 727
###lsm 721 1198
###lsm 721 1199
###lsm 1203 1202
###lsm 1203 1204
###lsm 1198 809
###lsm 1198 807
###lsm 720 757
###lsm 720 755
###lsm 722 773
###lsm 722 771
###lsm 1206 789
###lsm 1206 787
###lsm 720 753
###lsm 720 823
###lsm 720 821
###lsm 720 819
###lsm 720 817
###lsm 720 815
###lsm 720 813
###lsm 720 811
###lsm 809 720
###lsm 1198 805
###lsm 1198 803
###lsm 1198 801
###lsm 1198 799
###lsm 1198 797
###lsm 1198 795
###lsm 1198 793
###lsm 1198 791
###lsm 789 1198
###lsm 1206 785
###lsm 1206 783
###lsm 1206 781
###lsm 1206 779
###lsm 1206 777
###lsm 1206 775
###lsm 773 1206
###lsm 722 769
###lsm 722 767
###lsm 722 765
###lsm 722 763
###lsm 722 761
###lsm 722 759
###lsm 757 722
###lsm 1205 881
###lsm 1205 879
###lsm 1204 829
###lsm 1204 827
###lsm 1207 845
###lsm 1207 843
###lsm 1208 861
###lsm 1208 859
###lsm 1204 825
###lsm 1204 895
###lsm 1204 893
###lsm 1204 891
###lsm 1204 889
###lsm 1204 887
###lsm 1204 885
###lsm 1204 883
###lsm 881 1204
###lsm 1205 877
###lsm 1205 875
###lsm 1205 873
###lsm 1205 871
###lsm 1205 869
###lsm 1205 867
###lsm 1205 865
###lsm 1205 863
###lsm 861 1205
###lsm 1208 857
###lsm 1208 855
###lsm 1208 853
###lsm 1208 851
###lsm 1208 849
###lsm 1208 847
###lsm 845 1208
###lsm 1207 841
###lsm 1207 839
###lsm 1207 837
###lsm 1207 835
###lsm 1207 833
###lsm 1207 831
###lsm 829 1207
###lsm 724 1188
###lsm 751 1197
###lsm 1210 1208
###lsm 1210 1194
###lsm 1208 1203
###lsm 1210 1195
###lsm 1211 1195
###lsm 1211 1196
###lsm 1212 1196
###lsm 1212 1197
###lsm 1187 1208
###lsm 1208 1206
###lsm 1208 722
###lsm 1186 722
###lsm 721 1213
###lsm 1215 1198
###lsm 1216 1198
###lsm 1216 1204
###lsm 1217 1204
###lsm 1217 1202
###lsm 1198 1207
###lsm 1204 1198
###lsm 1217 1220
###lsm 1216 1217
###lsm 1213 1199
###lsm 826 860
###lsm 826 862
###lsm 824 862
###lsm 824 864
###lsm 894 864
###lsm 894 866
###lsm 892 866
###lsm 892 868
###lsm 890 868
###lsm 890 870
###lsm 888 870
###lsm 888 872
###lsm 886 872
###lsm 886 874
###lsm 884 874
###lsm 884 876
###lsm 882 876
###lsm 882 878
###lsm 860 828
###lsm 858 828
###lsm 858 830
###lsm 856 830
###lsm 856 832
###lsm 854 832
###lsm 854 834
###lsm 852 834
###lsm 852 836
###lsm 850 836
###lsm 850 838
###lsm 848 838
###lsm 848 840
###lsm 846 840
###lsm 846 842
###lsm 1223 1222
###lsm 1223 1224
###lsm 1225 1224
###lsm 1226 1224
###lsm 1226 1227
###lsm 1228 1227
###lsm 1228 1229
###lsm 1230 1229
###lsm 1231 1233
###lsm 1233 1234
###lsm 1233 1235
###lsm 1233 1236
###lsm 1237 1236
###lsm 1237 1238
###lsm 1239 1238
###lsm 1239 1240
###lsm 1241 1240
###lsm 1242 1240
###lsm 1243 1240
###lsm 1244 1240
###lsm 1245 1240
###lsm 1245 1246
###lsm 1247 1246
###lsm 1247 1248
###lsm 1249 1248
###lsm 1249 1250
###lsm 1249 1251
###lsm 1255 1254
###lsm 1255 1256
###lsm 1257 1256
###lsm 1257 1258
###lsm 1259 1258
###lsm 1259 1260
###lsm 1261 1260
###lsm 1261 1262
###lsm 1263 1262
###lsm 1263 1264
###lsm 1265 1264
###lsm 1265 1266
###lsm 1267 1266
###lsm 1267 1268
###lsm 1269 1268
###lsm 1269 1270
###lsm 1271 1270
###lsm 1271 1272
###lsm 1273 1272
###lsm 1273 1274
###lsm 1275 1274
###lsm 1275 1276
###lsm 1277 1276
###lsm 1277 1278
###lsm 1279 1278
###lsm 1279 1280
###lsm 1281 1280
###lsm 1281 1282
###lsm 1283 1282
###lsm 1283 1284
###lsm 1285 1284
###lsm 1285 1286
###lsm 1287 1286
###lsm 1287 1288
###lsm 1289 1288
###lsm 1289 1290
###lsm 1291 1290
###lsm 1291 1292
###lsm 1293 1292
###lsm 1293 1294
###lsm 1295 1294
###lsm 1295 1296
###lsm 1297 1296
###lsm 1297 1298
###lsm 1299 1298
###lsm 1299 1300
###lsm 1301 1300
###lsm 1301 1302
###lsm 1303 1302
###lsm 1303 1304
###lsm 1305 1304
###lsm 1305 1306
###lsm 1307 1306
###lsm 1307 1308
###lsm 1309 1308
###lsm 1309 1310
###lsm 1311 1310
###lsm 1311 1312
###lsm 1313 1312
###lsm 1313 1314
###lsm 1315 1314
###lsm 1315 1316
###lsm 1317 1316
###lsm 1317 1318
###lsm 1319 1318
###lsm 1319 1320
###lsm 1321 1320
###lsm 1321 1322
###lsm 1323 1322
###lsm 1323 1324
###lsm 1253 1324
###lsm 1254 1253
###lsm 1327 1326
###lsm 1327 1328
###lsm 1329 1328
###lsm 1329 1330
###lsm 1331 1330
###lsm 1331 1332
###lsm 1333 1332
###lsm 1333 1334
###lsm 1335 1334
###lsm 1335 1336
###lsm 1337 1336
###lsm 1337 1338
###lsm 1339 1338
###lsm 1339 1340
###lsm 1341 1340
###lsm 1341 1342
###lsm 1343 1342
###lsm 1343 1344
###lsm 1345 1344
###lsm 1345 1346
###lsm 1347 1346
###lsm 1347 1348
###lsm 1349 1348
###lsm 1349 1350
###lsm 1351 1350
###lsm 1351 1352
###lsm 1353 1352
###lsm 1353 1354
###lsm 1355 1354
###lsm 1355 1356
###lsm 1357 1356
###lsm 1357 1358
###lsm 1359 1358
###lsm 1359 1360
###lsm 1361 1360
###lsm 1361 1362
###lsm 1363 1362
###lsm 1363 1364
###lsm 1365 1364
###lsm 1365 1366
###lsm 1367 1366
###lsm 1367 1368
###lsm 1369 1368
###lsm 1369 1370
###lsm 1371 1370
###lsm 1371 1372
###lsm 1373 1372
###lsm 1373 1374
###lsm 1375 1374
###lsm 1375 1376
###lsm 1377 1376
###lsm 1377 1378
###lsm 1379 1378
###lsm 1379 1380
###lsm 1381 1380
###lsm 1381 1382
###lsm 1383 1382
###lsm 1383 1384
###lsm 1385 1384
###lsm 1385 1386
###lsm 1387 1386
###lsm 1387 1388
###lsm 1389 1388
###lsm 1389 1390
###lsm 1391 1390
###lsm 1391 1392
###lsm 1393 1392
###lsm 1393 1394
###lsm 1395 1394
###lsm 1395 1396
###lsm 1325 1396
###lsm 1326 1325
###lsm 1399 1398
###lsm 1398 1432
###lsm 1423 1398
###lsm 1398 1420
###lsm 1411 1398
###lsm 1398 1408
###lsm 1433 1398
###lsm 1398 1430
###lsm 1431 1398
###lsm 1398 1428
###lsm 1429 1398
###lsm 1398 1426
###lsm 1427 1398
###lsm 1398 1424
###lsm 1425 1398
###lsm 1398 1422
###lsm 1421 1398
###lsm 1398 1418
###lsm 1419 1398
###lsm 1398 1416
###lsm 1417 1398
###lsm 1398 1414
###lsm 1415 1398
###lsm 1398 1412
###lsm 1413 1398
###lsm 1398 1410
###lsm 1409 1398
###lsm 1398 1406
###lsm 1407 1398
###lsm 1398 1404
###lsm 1405 1398
###lsm 1398 1402
###lsm 1403 1398
###lsm 1398 1400
###lsm 1401 1398
###lsm 1398 1397
###lsm 1399 1434
###lsm 1399 1435
###lsm 1397 1435
###lsm 1397 1436
###lsm 1401 1436
###lsm 1401 1437
###lsm 1400 1437
###lsm 1400 1438
###lsm 1403 1438
###lsm 1403 1439
###lsm 1402 1439
###lsm 1402 1440
###lsm 1405 1440
###lsm 1405 1441
###lsm 1404 1441
###lsm 1404 1442
###lsm 1407 1442
###lsm 1407 1443
###lsm 1406 1443
###lsm 1406 1444
###lsm 1409 1444
###lsm 1409 1445
###lsm 1408 1445
###lsm 1408 1446
###lsm 1411 1446
###lsm 1411 1447
###lsm 1410 1447
###lsm 1410 1448
###lsm 1413 1448
###lsm 1413 1449
###lsm 1412 1449
###lsm 1412 1450
###lsm 1415 1450
###lsm 1415 1451
###lsm 1414 1451
###lsm 1414 1452
###lsm 1417 1452
###lsm 1417 1453
###lsm 1416 1453
###lsm 1416 1454
###lsm 1419 1454
###lsm 1419 1455
###lsm 1418 1455
###lsm 1418 1456
###lsm 1421 1456
###lsm 1421 1457
###lsm 1420 1457
###lsm 1420 1458
###lsm 1423 1458
###lsm 1423 1459
###lsm 1422 1459
###lsm 1422 1460
###lsm 1425 1460
###lsm 1425 1461
###lsm 1424 1461
###lsm 1424 1462
###lsm 1427 1462
###lsm 1427 1463
###lsm 1426 1463
###lsm 1426 1464
###lsm 1429 1464
###lsm 1429 1465
###lsm 1428 1465
###lsm 1428 1466
###lsm 1431 1466
###lsm 1431 1467
###lsm 1430 1467
###lsm 1430 1468
###lsm 1433 1468
###lsm 1433 1469
###lsm 1432 1469
###lsm 1434 1432
###lsm 1472 1471
###lsm 1472 1473
###lsm 1474 1473
###lsm 1474 1475
###lsm 1476 1475
###lsm 1476 1477
###lsm 1478 1477
###lsm 1478 1479
###lsm 1480 1479
###lsm 1480 1481
###lsm 1482 1481
###lsm 1482 1483
###lsm 1484 1483
###lsm 1484 1485
###lsm 1486 1485
###lsm 1486 1487
###lsm 1488 1487
###lsm 1488 1489
###lsm 1490 1489
###lsm 1490 1491
###lsm 1492 1491
###lsm 1492 1493
###lsm 1494 1493
###lsm 1494 1495
###lsm 1496 1495
###lsm 1496 1497
###lsm 1498 1497
###lsm 1498 1499
###lsm 1500 1499
###lsm 1500 1501
###lsm 1502 1501
###lsm 1502 1503
###lsm 1504 1503
###lsm 1504 1505
###lsm 1506 1505
###lsm 1506 1507
###lsm 1508 1507
###lsm 1508 1509
###lsm 1510 1509
###lsm 1510 1511
###lsm 1512 1511
###lsm 1512 1513
###lsm 1514 1513
###lsm 1514 1515
###lsm 1516 1515
###lsm 1516 1517
###lsm 1518 1517
###lsm 1518 1519
###lsm 1520 1519
###lsm 1520 1521
###lsm 1522 1521
###lsm 1522 1523
###lsm 1524 1523
###lsm 1524 1525
###lsm 1526 1525
###lsm 1526 1527
###lsm 1528 1527
###lsm 1528 1529
###lsm 1530 1529
###lsm 1530 1531
###lsm 1532 1531
###lsm 1532 1533
###lsm 1534 1533
###lsm 1534 1535
###lsm 1536 1535
###lsm 1536 1537
###lsm 1538 1537
###lsm 1538 1539
###lsm 1540 1539
###lsm 1540 1541
###lsm 1470 1541
###lsm 1471 1470
###lsm 1436 1435
###lsm 1436 1473
###lsm 1473 1471
###lsm 1436 1471
###lsm 1437 1436
###lsm 1437 1471
###lsm 1471 1541
###lsm 1437 1541
###lsm 1438 1437
###lsm 1438 1541
###lsm 1541 1539
###lsm 1438 1539
###lsm 1439 1438
###lsm 1439 1539
###lsm 1539 1537
###lsm 1439 1537
###lsm 1440 1439
###lsm 1440 1537
###lsm 1537 1535
###lsm 1440 1535
###lsm 1441 1440
###lsm 1441 1535
###lsm 1535 1533
###lsm 1441 1533
###lsm 1442 1441
###lsm 1442 1533
###lsm 1533 1531
###lsm 1442 1531
###lsm 1443 1442
###lsm 1443 1531
###lsm 1531 1529
###lsm 1443 1529
###lsm 1444 1443
###lsm 1444 1529
###lsm 1529 1527
###lsm 1444 1527
###lsm 1445 1444
###lsm 1445 1527
###lsm 1527 1525
###lsm 1445 1525
###lsm 1446 1445
###lsm 1446 1525
###lsm 1525 1523
###lsm 1446 1523
###lsm 1447 1446
###lsm 1447 1523
###lsm 1523 1521
###lsm 1447 1521
###lsm 1448 1447
###lsm 1448 1521
###lsm 1521 1519
###lsm 1448 1519
###lsm 1449 1448
###lsm 1449 1519
###lsm 1519 1517
###lsm 1449 1517
###lsm 1450 1449
###lsm 1450 1517
###lsm 1517 1515
###lsm 1450 1515
###lsm 1451 1450
###lsm 1451 1515
###lsm 1515 1513
###lsm 1451 1513
###lsm 1452 1451
###lsm 1452 1513
###lsm 1513 1511
###lsm 1452 1511
###lsm 1453 1452
###lsm 1453 1511
###lsm 1511 1509
###lsm 1453 1509
###lsm 1454 1453
###lsm 1454 1509
###lsm 1509 1507
###lsm 1454 1507
###lsm 1455 1454
###lsm 1455 1507
###lsm 1507 1505
###lsm 1455 1505
###lsm 1456 1455
###lsm 1456 1505
###lsm 1505 1503
###lsm 1456 1503
###lsm 1457 1456
###lsm 1457 1503
###lsm 1503 1501
###lsm 1457 1501
###lsm 1458 1457
###lsm 1458 1501
###lsm 1501 1499
###lsm 1458 1499
###lsm 1459 1458
###lsm 1459 1499
###lsm 1499 1497
###lsm 1459 1497
###lsm 1460 1459
###lsm 1460 1497
###lsm 1497 1495
###lsm 1460 1495
###lsm 1461 1460
###lsm 1461 1495
###lsm 1495 1493
###lsm 1461 1493
###lsm 1462 1461
###lsm 1462 1493
###lsm 1493 1491
###lsm 1462 1491
###lsm 1463 1462
###lsm 1463 1491
###lsm 1491 1489
###lsm 1463 1489
###lsm 1464 1463
###lsm 1464 1489
###lsm 1489 1487
###lsm 1464 1487
###lsm 1465 1464
###lsm 1465 1487
###lsm 1487 1485
###lsm 1465 1485
###lsm 1466 1465
###lsm 1466 1485
###lsm 1485 1483
###lsm 1466 1483
###lsm 1467 1466
###lsm 1467 1483
###lsm 1483 1481
###lsm 1467 1481
###lsm 1468 1467
###lsm 1468 1481
###lsm 1481 1479
###lsm 1468 1479
###lsm 1469 1468
###lsm 1469 1479
###lsm 1479 1477
###lsm 1469 1477
###lsm 1434 1469
###lsm 1434 1477
###lsm 1477 1475
###lsm 1434 1475
###lsm 1435 1434
###lsm 1435 1475
###lsm 1475 1473
###lsm 1473 1435
###lsm 1544 1543
###lsm 1543 1577
###lsm 1568 1543
###lsm 1543 1565
###lsm 1556 1543
###lsm 1543 1553
###lsm 1578 1543
###lsm 1543 1575
###lsm 1576 1543
###lsm 1543 1573
###lsm 1574 1543
###lsm 1543 1571
###lsm 1572 1543
###lsm 1543 1569
###lsm 1570 1543
###lsm 1543 1567
###lsm 1566 1543
###lsm 1543 1563
###lsm 1564 1543
###lsm 1543 1561
###lsm 1562 1543
###lsm 1543 1559
###lsm 1560 1543
###lsm 1543 1557
###lsm 1558 1543
###lsm 1543 1555
###lsm 1554 1543
###lsm 1543 1551
###lsm 1552 1543
###lsm 1543 1549
###lsm 1550 1543
###lsm 1543 1547
###lsm 1548 1543
###lsm 1543 1545
###lsm 1546 1543
###lsm 1543 1542
###lsm 1544 1579
###lsm 1544 1580
###lsm 1542 1580
###lsm 1542 1581
###lsm 1546 1581
###lsm 1546 1582
###lsm 1545 1582
###lsm 1545 1583
###lsm 1548 1583
###lsm 1548 1584
###lsm 1547 1584
###lsm 1547 1585
###lsm 1550 1585
###lsm 1550 1586
###lsm 1549 1586
###lsm 1549 1587
###lsm 1552 1587
###lsm 1552 1588
###lsm 1551 1588
###lsm 1551 1589
###lsm 1554 1589
###lsm 1554 1590
###lsm 1553 1590
###lsm 1553 1591
###lsm 1556 1591
###lsm 1556 1592
###lsm 1555 1592
###lsm 1555 1593
###lsm 1558 1593
###lsm 1558 1594
###lsm 1557 1594
###lsm 1557 1595
###lsm 1560 1595
###lsm 1560 1596
###lsm 1559 1596
###lsm 1559 1597
###lsm 1562 1597
###lsm 1562 1598
###lsm 1561 1598
###lsm 1561 1599
###lsm 1564 1599
###lsm 1564 1600
###lsm 1563 1600
###lsm 1563 1601
###lsm 1566 1601
###lsm 1566 1602
###lsm 1565 1602
###lsm 1565 1603
###lsm 1568 1603
###lsm 1568 1604
###lsm 1567 1604
###lsm 1567 1605
###lsm 1570 1605
###lsm 1570 1606
###lsm 1569 1606
###lsm 1569 1607
###lsm 1572 1607
###lsm 1572 1608
###lsm 1571 1608
###lsm 1571 1609
###lsm 1574 1609
###lsm 1574 1610
###lsm 1573 1610
###lsm 1573 1611
###lsm 1576 1611
###lsm 1576 1612
###lsm 1575 1612
###lsm 1575 1613
###lsm 1578 1613
###lsm 1578 1614
###lsm 1577 1614
###lsm 1579 1577
###lsm 1617 1616
###lsm 1617 1618
###lsm 1619 1618
###lsm 1619 1620
###lsm 1621 1620
###lsm 1621 1622
###lsm 1623 1622
###lsm 1623 1624
###lsm 1625 1624
###lsm 1625 1626
###lsm 1627 1626
###lsm 1627 1628
###lsm 1629 1628
###lsm 1629 1630
###lsm 1631 1630
###lsm 1631 1632
###lsm 1633 1632
###lsm 1633 1634
###lsm 1635 1634
###lsm 1635 1636
###lsm 1637 1636
###lsm 1637 1638
###lsm 1639 1638
###lsm 1639 1640
###lsm 1641 1640
###lsm 1641 1642
###lsm 1643 1642
###lsm 1643 1644
###lsm 1645 1644
###lsm 1645 1646
###lsm 1647 1646
###lsm 1647 1648
###lsm 1649 1648
###lsm 1649 1650
###lsm 1651 1650
###lsm 1651 1652
###lsm 1653 1652
###lsm 1653 1654
###lsm 1655 1654
###lsm 1655 1656
###lsm 1657 1656
###lsm 1657 1658
###lsm 1659 1658
###lsm 1659 1660
###lsm 1661 1660
###lsm 1661 1662
###lsm 1663 1662
###lsm 1663 1664
###lsm 1665 1664
###lsm 1665 1666
###lsm 1667 1666
###lsm 1667 1668
###lsm 1669 1668
###lsm 1669 1670
###lsm 1671 1670
###lsm 1671 1672
###lsm 1673 1672
###lsm 1673 1674
###lsm 1675 1674
###lsm 1675 1676
###lsm 1677 1676
###lsm 1677 1678
###lsm 1679 1678
###lsm 1679 1680
###lsm 1681 1680
###lsm 1681 1682
###lsm 1683 1682
###lsm 1683 1684
###lsm 1685 1684
###lsm 1685 1686
###lsm 1615 1686
###lsm 1616 1615
###lsm 1581 1580
###lsm 1581 1618
###lsm 1618 1616
###lsm 1581 1616
###lsm 1582 1581
###lsm 1582 1616
###lsm 1616 1686
###lsm 1582 1686
###lsm 1583 1582
###lsm 1583 1686
###lsm 1686 1684
###lsm 1583 1684
###lsm 1584 1583
###lsm 1584 1684
###lsm 1684 1682
###lsm 1584 1682
###lsm 1585 1584
###lsm 1585 1682
###lsm 1682 1680
###lsm 1585 1680
###lsm 1586 1585
###lsm 1586 1680
###lsm 1680 1678
###lsm 1586 1678
###lsm 1587 1586
###lsm 1587 1678
###lsm 1678 1676
###lsm 1587 1676
###lsm 1588 1587
###lsm 1588 1676
###lsm 1676 1674
###lsm 1588 1674
###lsm 1589 1588
###lsm 1589 1674
###lsm 1674 1672
###lsm 1589 1672
###lsm 1590 1589
###lsm 1590 1672
###lsm 1672 1670
###lsm 1590 1670
###lsm 1591 1590
###lsm 1591 1670
###lsm 1670 1668
###lsm 1591 1668
###lsm 1592 1591
###lsm 1592 1668
###lsm 1668 1666
###lsm 1592 1666
###lsm 1593 1592
###lsm 1593 1666
###lsm 1666 1664
###lsm 1593 1664
###lsm 1594 1593
###lsm 1594 1664
###lsm 1664 1662
###lsm 1594 1662
###lsm 1595 1594
###lsm 1595 1662
###lsm 1662 1660
###lsm 1595 1660
###lsm 1596 1595
###lsm 1596 1660
###lsm 1660 1658
###lsm 1596 1658
###lsm 1597 1596
###lsm 1597 1658
###lsm 1658 1656
###lsm 1597 1656
###lsm 1598 1597
###lsm 1598 1656
###lsm 1656 1654
###lsm 1598 1654
###lsm 1599 1598
###lsm 1599 1654
###lsm 1654 1652
###lsm 1599 1652
###lsm 1600 1599
###lsm 1600 1652
###lsm 1652 1650
###lsm 1600 1650
###lsm 1601 1600
###lsm 1601 1650
###lsm 1650 1648
###lsm 1601 1648
###lsm 1602 1601
###lsm 1602 1648
###lsm 1648 1646
###lsm 1602 1646
###lsm 1603 1602
###lsm 1603 1646
###lsm 1646 1644
###lsm 1603 1644
###lsm 1604 1603
###lsm 1604 1644
###lsm 1644 1642
###lsm 1604 1642
###lsm 1605 1604
###lsm 1605 1642
###lsm 1642 1640
###lsm 1605 1640
###lsm 1606 1605
###lsm 1606 1640
###lsm 1640 1638
###lsm 1606 1638
###lsm 1607 1606
###lsm 1607 1638
###lsm 1638 1636
###lsm 1607 1636
###lsm 1608 1607
###lsm 1608 1636
###lsm 1636 1634
###lsm 1608 1634
###lsm 1609 1608
###lsm 1609 1634
###lsm 1634 1632
###lsm 1609 1632
###lsm 1610 1609
###lsm 1610 1632
###lsm 1632 1630
###lsm 1610 1630
###lsm 1611 1610
###lsm 1611 1630
###lsm 1630 1628
###lsm 1611 1628
###lsm 1612 1611
###lsm 1612 1628
###lsm 1628 1626
###lsm 1612 1626
###lsm 1613 1612
###lsm 1613 1626
###lsm 1626 1624
###lsm 1613 1624
###lsm 1614 1613
###lsm 1614 1624
###lsm 1624 1622
###lsm 1614 1622
###lsm 1579 1614
###lsm 1579 1622
###lsm 1622 1620
###lsm 1579 1620
###lsm 1580 1579
###lsm 1580 1620
###lsm 1620 1618
###lsm 1618 1580
###lsm 1688 1667
###lsm 1688 1669
###lsm 1687 1508
###lsm 1687 1510
###lsm 1689 1639
###lsm 1689 1486
###lsm 1690 1635
###lsm 1690 1637
###lsm 1639 1690
###lsm 1691 1627
###lsm 1691 1629
###lsm 1692 1617
###lsm 1692 1619
###lsm 1693 1679
###lsm 1693 1681
###lsm 1688 1671
###lsm 1694 1671
###lsm 1694 1673
###lsm 1472 1651
###lsm 1472 1653
###lsm 1470 1653
###lsm 1470 1655
###lsm 1540 1655
###lsm 1540 1657
###lsm 1538 1657
###lsm 1538 1659
###lsm 1536 1659
###lsm 1536 1661
###lsm 1534 1661
###lsm 1534 1663
###lsm 1532 1663
###lsm 1532 1665
###lsm 1530 1665
###lsm 1530 1667
###lsm 1667 1687
###lsm 1651 1474
###lsm 1649 1474
###lsm 1649 1476
###lsm 1647 1476
###lsm 1647 1478
###lsm 1645 1478
###lsm 1645 1480
###lsm 1643 1480
###lsm 1643 1482
###lsm 1641 1482
###lsm 1641 1484
###lsm 1639 1484
###lsm 1486 1639
###lsm 1689 1488
###lsm 1689 1490
###lsm 1689 1492
###lsm 1689 1494
###lsm 1689 1496
###lsm 1689 1498
###lsm 1689 1500
###lsm 1689 1502
###lsm 1689 1504
###lsm 1508 1689
###lsm 1689 1506
###lsm 1687 1512
###lsm 1687 1514
###lsm 1687 1516
###lsm 1687 1518
###lsm 1687 1520
###lsm 1687 1522
###lsm 1687 1524
###lsm 1687 1526
###lsm 1687 1528
###lsm 1530 1687
###lsm 1692 1621
###lsm 1692 1623
###lsm 1692 1625
###lsm 1627 1692
###lsm 1691 1631
###lsm 1691 1633
###lsm 1635 1691
###lsm 1694 1675
###lsm 1694 1677
###lsm 1679 1694
###lsm 1693 1683
###lsm 1693 1685
###lsm 1693 1615
###lsm 1617 1693
###lsm 1695 1244
###lsm 1695 1245
###lsm 1696 1245
###lsm 1696 1247
###lsm 1697 1247
###lsm 1697 1249
###lsm 1244 1688
###lsm 1244 1694
###lsm 1243 1694
###lsm 1243 1693
###lsm 1242 1693
###lsm 1242 1692
###lsm 1242 1691
###lsm 1241 1691
###lsm 1241 1690
###lsm 1241 1225
###lsm 1239 1225
###lsm 1239 1226
###lsm 1237 1226
###lsm 1237 1228
###lsm 1233 1228
###lsm 1222 1217
###lsm 1222 1218
###lsm 1214 1215
###lsm 1214 1216
###lsm 1217 1310
###lsm 1217 1308
###lsm 1221 1258
###lsm 1221 1256
###lsm 1223 1274
###lsm 1223 1272
###lsm 1219 1290
###lsm 1219 1288
###lsm 1221 1254
###lsm 1221 1324
###lsm 1221 1322
###lsm 1221 1320
###lsm 1221 1318
###lsm 1221 1316
###lsm 1221 1314
###lsm 1221 1312
###lsm 1310 1221
###lsm 1217 1306
###lsm 1217 1304
###lsm 1217 1302
###lsm 1217 1300
###lsm 1217 1298
###lsm 1217 1296
###lsm 1217 1294
###lsm 1217 1292
###lsm 1290 1217
###lsm 1219 1286
###lsm 1219 1284
###lsm 1219 1282
###lsm 1219 1280
###lsm 1219 1278
###lsm 1219 1276
###lsm 1274 1219
###lsm 1223 1270
###lsm 1223 1268
###lsm 1223 1266
###lsm 1223 1264
###lsm 1223 1262
###lsm 1223 1260
###lsm 1258 1223
###lsm 1700 1382
###lsm 1700 1380
###lsm 1216 1330
###lsm 1216 1328
###lsm 1220 1346
###lsm 1220 1344
###lsm 1701 1362
###lsm 1701 1360
###lsm 1216 1326
###lsm 1216 1396
###lsm 1216 1394
###lsm 1216 1392
###lsm 1216 1390
###lsm 1216 1388
###lsm 1216 1386
###lsm 1216 1384
###lsm 1382 1216
###lsm 1700 1378
###lsm 1700 1376
###lsm 1700 1374
###lsm 1700 1372
###lsm 1700 1370
###lsm 1700 1368
###lsm 1700 1366
###lsm 1700 1364
###lsm 1362 1700
###lsm 1701 1358
###lsm 1701 1356
###lsm 1701 1354
###lsm 1701 1352
###lsm 1701 1350
###lsm 1701 1348
###lsm 1346 1701
###lsm 1220 1342
###lsm 1220 1340
###lsm 1220 1338
###lsm 1220 1336
###lsm 1220 1334
###lsm 1220 1332
###lsm 1330 1220
###lsm 1225 1689
###lsm 1252 1698
###lsm 1703 1701
###lsm 1703 1695
###lsm 1701 1214
###lsm 1703 1696
###lsm 1704 1696
###lsm 1704 1697
###lsm 1705 1697
###lsm 1705 1698
###lsm 1688 1701
###lsm 1701 1219
###lsm 1701 1223
###lsm 1687 1223
###lsm 1201 1222
###lsm 1218 1201
###lsm 1327 1361
###lsm 1327 1363
###lsm 1325 1363
###lsm 1325 1365
###lsm 1395 1365
###lsm 1395 1367
###lsm 1393 1367
###lsm 1393 1369
###lsm 1391 1369
###lsm 1391 1371
###lsm 1389 1371
###lsm 1389 1373
###lsm 1387 1373
###lsm 1387 1375
###lsm 1385 1375
###lsm 1385 1377
###lsm 1383 1377
###lsm 1383 1379
###lsm 1361 1329
###lsm 1359 1329
###lsm 1359 1331
###lsm 1357 1331
###lsm 1357 1333
###lsm 1355 1333
###lsm 1355 1335
###lsm 1353 1335
###lsm 1353 1337
###lsm 1351 1337
###lsm 1351 1339
###lsm 1349 1339
###lsm 1349 1341
###lsm 1347 1341
###lsm 1347 1343
###lsm 1708 1707
###lsm 1708 1709
###lsm 1710 1709
###lsm 1710 1711
###lsm 1712 1711
###lsm 1712 1713
###lsm 1714 1713
###lsm 1714 1715
###lsm 1716 1715
###lsm 1716 1717
###lsm 1214 1717
###lsm 721 1717
###lsm 721 1718
###lsm 721 1719
###lsm 721 1720
###lsm 1214 1721
###lsm 1214 1722
###lsm 1716 1214
###lsm 1214 1723
###lsm 1726 1725
###lsm 1727 1725
###lsm 1728 1725
###lsm 1728 1729
###lsm 1730 1729
###lsm 1730 1731
###lsm 1732 1731
###lsm 1732 1733
###lsm 1734 1733
###lsm 1734 1735
###lsm 1736 1735
###lsm 1736 1737
###lsm 1738 1737
###lsm 1738 1739
###lsm 1740 1739
###lsm 1740 1741
###lsm 1742 1741
###lsm 1742 1743
###lsm 1744 1743
###lsm 1744 1745
###lsm 1746 1745
###lsm 1746 1747
###lsm 1748 1747
###lsm 1748 1749
###lsm 1750 1749
###lsm 1750 1751
###lsm 1752 1751
###lsm 1752 1753
###lsm 1754 1753
###lsm 1754 1755
###lsm 1756 1755
###lsm 1756 1757
###lsm 1758 1757
###lsm 1758 1759
###lsm 1760 1759
###lsm 1760 1761
###lsm 1762 1761
###lsm 1762 1763
###lsm 1762 1764
###lsm 1762 332
###lsm 1762 333
###lsm 1765 325
###lsm 1765 326
###lsm 1726 354
###lsm 1726 355
###lsm 1727 351
###lsm 1727 352
###lsm 351 1728
###lsm 350 1728
###lsm 350 1730
###lsm 349 1730
###lsm 349 1732
###lsm 348 1732
###lsm 348 1734
###lsm 347 1734
###lsm 347 1736
###lsm 346 1736
###lsm 346 1738
###lsm 345 1738
###lsm 345 1740
###lsm 344 1740
###lsm 344 1742
###lsm 343 1742
###lsm 343 1744
###lsm 343 1746
###lsm 342 1746
###lsm 342 1748
###lsm 341 1748
###lsm 341 1750
###lsm 340 1750
###lsm 340 1752
###lsm 339 1752
###lsm 339 1754
###lsm 338 1754
###lsm 338 1756
###lsm 337 1756
###lsm 337 1758
###lsm 336 1758
###lsm 336 1760
###lsm 335 1760
###lsm 334 1760
###lsm 1762 334
###lsm 1765 327
###lsm 1765 328
###lsm 1765 329
###lsm 1765 330
###lsm 1765 331
###lsm 332 1765
###lsm 354 1727
###lsm 1727 353
###lsm 1726 356
###lsm 1726 357
###lsm 1726 358
###lsm 1726 359
###lsm 1726 324
###lsm 325 1726
###lsm 1768 1767
###lsm 1769 1767
###lsm 1770 1767
###lsm 1770 1771
###lsm 1772 1771
###lsm 1772 1773
###lsm 1774 1773
###lsm 1774 1775
###lsm 1776 1775
###lsm 1776 1777
###lsm 1778 1777
###lsm 1778 1779
###lsm 1780 1779
###lsm 1780 1781
###lsm 1782 1781
###lsm 1782 1783
###lsm 1784 1783
###lsm 1784 1785
###lsm 1786 1785
###lsm 1786 1787
###lsm 1788 1787
###lsm 1788 1789
###lsm 1790 1789
###lsm 1790 1791
###lsm 1792 1791
###lsm 1792 1793
###lsm 1794 1793
###lsm 1794 1795
###lsm 1796 1795
###lsm 1796 1797
###lsm 1798 1797
###lsm 1798 1799
###lsm 1800 1799
###lsm 1800 1801
###lsm 1802 1801
###lsm 1802 1803
###lsm 1804 1803
###lsm 1804 1805
###lsm 1804 1806
###lsm 1804 92
###lsm 1804 93
###lsm 1807 85
###lsm 1807 86
###lsm 1768 114
###lsm 1768 115
###lsm 1769 111
###lsm 1769 112
###lsm 111 1770
###lsm 110 1770
###lsm 110 1772
###lsm 109 1772
###lsm 109 1774
###lsm 108 1774
###lsm 108 1776
###lsm 107 1776
###lsm 107 1778
###lsm 106 1778
###lsm 106 1780
###lsm 105 1780
###lsm 105 1782
###lsm 104 1782
###lsm 104 1784
###lsm 103 1784
###lsm 103 1786
###lsm 103 1788
###lsm 102 1788
###lsm 102 1790
###lsm 101 1790
###lsm 101 1792
###lsm 100 1792
###lsm 100 1794
###lsm 99 1794
###lsm 99 1796
###lsm 98 1796
###lsm 98 1798
###lsm 97 1798
###lsm 97 1800
###lsm 96 1800
###lsm 96 1802
###lsm 95 1802
###lsm 94 1802
###lsm 1804 94
###lsm 1807 87
###lsm 1807 88
###lsm 1807 89
###lsm 1807 90
###lsm 1807 91
###lsm 92 1807
###lsm 114 1769
###lsm 1769 113
###lsm 1768 116
###lsm 1768 117
###lsm 1768 118
###lsm 1768 119
###lsm 1768 84
###lsm 85 1768
###lsm 1764 1726
###lsm 1806 1768
###lsm 1810 1809
###lsm 1810 1811
###lsm 1812 1811
###lsm 1812 1813
###lsm 1814 1813
###lsm 1814 1815
###lsm 1816 1815
###lsm 1816 1817
###lsm 1818 1817
###lsm 1818 1819
###lsm 1203 1819
###lsm 1222 1819
###lsm 1222 1820
###lsm 1222 1821
###lsm 1222 1822
###lsm 1203 1823
###lsm 1203 1824
###lsm 1818 1203
###lsm 1203 1825
###lsm 1828 1827
###lsm 1829 1827
###lsm 1830 1827
###lsm 1830 1831
###lsm 1832 1831
###lsm 1832 1833
###lsm 1834 1833
###lsm 1834 1835
###lsm 1836 1835
###lsm 1836 1837
###lsm 1838 1837
###lsm 1838 1839
###lsm 1840 1839
###lsm 1840 1841
###lsm 1842 1841
###lsm 1842 1843
###lsm 1844 1843
###lsm 1844 1845
###lsm 1846 1845
###lsm 1846 1847
###lsm 1848 1847
###lsm 1848 1849
###lsm 1850 1849
###lsm 1850 1851
###lsm 1852 1851
###lsm 1852 1853
###lsm 1854 1853
###lsm 1854 1855
###lsm 1856 1855
###lsm 1856 1857
###lsm 1858 1857
###lsm 1858 1859
###lsm 1860 1859
###lsm 1860 1861
###lsm 1862 1861
###lsm 1862 1863
###lsm 1864 1863
###lsm 1864 1865
###lsm 1864 1866
###lsm 1864 590
###lsm 1864 591
###lsm 1867 583
###lsm 1867 584
###lsm 1828 576
###lsm 1828 577
###lsm 1829 573
###lsm 1829 574
###lsm 573 1830
###lsm 572 1830
###lsm 572 1832
###lsm 571 1832
###lsm 571 1834
###lsm 570 1834
###lsm 570 1836
###lsm 569 1836
###lsm 569 1838
###lsm 568 1838
###lsm 568 1840
###lsm 567 1840
###lsm 567 1842
###lsm 566 1842
###lsm 566 1844
###lsm 565 1844
###lsm 565 1846
###lsm 565 1848
###lsm 564 1848
###lsm 564 1850
###lsm 599 1850
###lsm 599 1852
###lsm 598 1852
###lsm 598 1854
###lsm 597 1854
###lsm 597 1856
###lsm 596 1856
###lsm 596 1858
###lsm 595 1858
###lsm 595 1860
###lsm 594 1860
###lsm 594 1862
###lsm 593 1862
###lsm 592 1862
###lsm 1864 592
###lsm 576 1829
###lsm 1829 575
###lsm 1828 578
###lsm 1828 579
###lsm 1828 580
###lsm 1828 581
###lsm 1828 582
###lsm 583 1828
###lsm 1867 585
###lsm 1867 586
###lsm 1867 587
###lsm 1867 588
###lsm 1867 589
###lsm 590 1867
###lsm 1870 1869
###lsm 1871 1869
###lsm 1872 1869
###lsm 1872 1873
###lsm 1874 1873
###lsm 1874 1875
###lsm 1876 1875
###lsm 1876 1877
###lsm 1878 1877
###lsm 1878 1879
###lsm 1880 1879
###lsm 1880 1881
###lsm 1882 1881
###lsm 1882 1883
###lsm 1884 1883
###lsm 1884 1885
###lsm 1886 1885
###lsm 1886 1887
###lsm 1888 1887
###lsm 1888 1889
###lsm 1890 1889
###lsm 1890 1891
###lsm 1892 1891
###lsm 1892 1893
###lsm 1894 1893
###lsm 1894 1895
###lsm 1896 1895
###lsm 1896 1897
###lsm 1898 1897
###lsm 1898 1899
###lsm 1900 1899
###lsm 1900 1901
###lsm 1902 1901
###lsm 1902 1903
###lsm 1904 1903
###lsm 1904 1905
###lsm 1906 1905
###lsm 1906 1907
###lsm 1906 1908
###lsm 1906 470
###lsm 1906 471
###lsm 1909 463
###lsm 1909 464
###lsm 1870 456
###lsm 1870 457
###lsm 1871 453
###lsm 1871 454
###lsm 453 1872
###lsm 452 1872
###lsm 452 1874
###lsm 451 1874
###lsm 451 1876
###lsm 450 1876
###lsm 450 1878
###lsm 449 1878
###lsm 449 1880
###lsm 448 1880
###lsm 448 1882
###lsm 447 1882
###lsm 447 1884
###lsm 446 1884
###lsm 446 1886
###lsm 445 1886
###lsm 445 1888
###lsm 445 1890
###lsm 444 1890
###lsm 444 1892
###lsm 479 1892
###lsm 479 1894
###lsm 478 1894
###lsm 478 1896
###lsm 477 1896
###lsm 477 1898
###lsm 476 1898
###lsm 476 1900
###lsm 475 1900
###lsm 475 1902
###lsm 474 1902
###lsm 474 1904
###lsm 473 1904
###lsm 472 1904
###lsm 1906 472
###lsm 456 1871
###lsm 1871 455
###lsm 1870 458
###lsm 1870 459
###lsm 1870 460
###lsm 1870 461
###lsm 1870 462
###lsm 463 1870
###lsm 1909 465
###lsm 1909 466
###lsm 1909 467
###lsm 1909 468
###lsm 1909 469
###lsm 470 1909
###lsm 1866 1828
###lsm 1908 1870
###lsm 1255 1289
###lsm 1255 1291
###lsm 1253 1291
###lsm 1253 1293
###lsm 1323 1293
###lsm 1323 1295
###lsm 1321 1295
###lsm 1321 1297
###lsm 1319 1297
###lsm 1319 1299
###lsm 1317 1299
###lsm 1317 1301
###lsm 1315 1301
###lsm 1315 1303
###lsm 1313 1303
###lsm 1313 1305
###lsm 1311 1305
###lsm 1311 1307
###lsm 1289 1257
###lsm 1287 1257
###lsm 1287 1259
###lsm 1285 1259
###lsm 1285 1261
###lsm 1283 1261
###lsm 1283 1263
###lsm 1281 1263
###lsm 1281 1265
###lsm 1279 1265
###lsm 1279 1267
###lsm 1277 1267
###lsm 1277 1269
###lsm 1275 1269
###lsm 1275 1271
###lsm 1912 1911
###lsm 1912 1913
###lsm 1914 1913
###lsm 1914 1915
###lsm 1916 1915
###lsm 1916 1917
###lsm 1918 1917
###lsm 1918 1919
###lsm 1920 1919
###lsm 1920 1921
###lsm 1922 1921
###lsm 1922 1923
###lsm 1924 1923
###lsm 1924 1925
###lsm 1926 1925
###lsm 1926 1927
###lsm 1928 1927
###lsm 1928 1929
###lsm 1930 1929
###lsm 1930 1931
###lsm 1932 1931
###lsm 1932 1933
###lsm 1934 1933
###lsm 1934 1935
###lsm 1936 1935
###lsm 1936 1937
###lsm 1938 1937
###lsm 1938 1939
###lsm 1940 1939
###lsm 1940 1941
###lsm 1942 1941
###lsm 1942 1943
###lsm 1944 1943
###lsm 1944 1945
###lsm 1946 1945
###lsm 1946 1947
###lsm 1948 1947
###lsm 1948 1949
###lsm 1950 1949
###lsm 1950 1951
###lsm 1952 1951
###lsm 1952 1953
###lsm 1954 1953
###lsm 1954 1955
###lsm 1956 1955
###lsm 1956 1957
###lsm 1958 1957
###lsm 1958 1959
###lsm 1960 1959
###lsm 1960 1961
###lsm 1962 1961
###lsm 1962 1963
###lsm 1964 1963
###lsm 1964 1965
###lsm 1966 1965
###lsm 1966 1967
###lsm 1968 1967
###lsm 1968 1969
###lsm 1970 1969
###lsm 1970 1971
###lsm 1972 1971
###lsm 1972 1973
###lsm 1974 1973
###lsm 1974 1975
###lsm 1976 1975
###lsm 1976 1977
###lsm 1978 1977
###lsm 1978 1979
###lsm 1980 1979
###lsm 1980 1981
###lsm 1982 1981
###lsm 1982 1983
###lsm 1984 1983
###lsm 1984 1985
###lsm 1986 1985
###lsm 1986 1987
###lsm 1988 1987
###lsm 1988 1989
###lsm 1990 1989
###lsm 1990 1991
###lsm 1992 1991
###lsm 1992 1993
###lsm 1994 1993
###lsm 1994 1995
###lsm 1996 1995
###lsm 1996 1997
###lsm 1998 1997
###lsm 1998 1999
###lsm 2000 1999
###lsm 2000 2001
###lsm 2002 2001
###lsm 2002 2003
###lsm 2004 2003
###lsm 2004 2005
###lsm 2006 2005
###lsm 2006 2007
###lsm 2008 2007
###lsm 2008 2009
###lsm 2010 2009
###lsm 2010 2011
###lsm 2012 2011
###lsm 2012 2013
###lsm 2014 2013
###lsm 2014 2015
###lsm 2016 2015
###lsm 2016 2017
###lsm 2018 2017
###lsm 2018 2019
###lsm 2020 2019
###lsm 2020 2021
###lsm 2022 2021
###lsm 2022 2023
###lsm 2024 2023
###lsm 2024 2025
###lsm 2026 2025
###lsm 2026 2027
###lsm 2028 2027
###lsm 2028 2029
###lsm 2030 2029
###lsm 2030 2031
###lsm 2032 2031
###lsm 2032 2033
###lsm 2034 2033
###lsm 2034 2035
###lsm 2036 2035
###lsm 2036 2037
###lsm 2038 2037
###lsm 2038 2039
###lsm 2040 2039
###lsm 2040 2041
###lsm 2042 2041
###lsm 2042 2043
###lsm 2044 2043
###lsm 2044 2045
###lsm 2046 2045
###lsm 2046 2047
###lsm 2048 2047
###lsm 2048 2049
###lsm 2050 2049
###lsm 2050 2051
###lsm 2052 2051
###lsm 2052 2053
###lsm 2054 2053
###lsm 2054 2055
###lsm 2056 2055
###lsm 2056 2057
###lsm 2058 2057
###lsm 2058 2059
###lsm 2060 2059
###lsm 2060 2061
###lsm 2062 2061
###lsm 2062 2063
###lsm 2064 2063
###lsm 2064 2065
###lsm 2066 2065
###lsm 2066 2067
###lsm 2068 2067
###lsm 2068 2069
###lsm 2070 2069
###lsm 2070 2071
###lsm 2072 2071
###lsm 2072 2073
###lsm 2074 2073
###lsm 2074 2075
###lsm 1910 2075
###lsm 1911 1910
###lsm 1227 1822
###lsm 1227 2076
###lsm 1229 2076
###lsm 1229 2077
###lsm 1231 2077
###lsm 1231 2078
###lsm 2079 2078
###lsm 2080 2078
###lsm 2080 2081
###lsm 2082 2081
###lsm 2082 2083
###lsm 2084 2083
###lsm 2084 2085
###lsm 2086 2085
###lsm 2086 2087
###lsm 2088 2087
###lsm 2088 2089
###lsm 2090 2089
###lsm 2090 2091
###lsm 2092 2091
###lsm 2092 2093
###lsm 2094 2093
###lsm 2094 2095
###lsm 2096 2095
###lsm 2096 2097
###lsm 2098 2097
###lsm 2098 2099
###lsm 2100 2099
###lsm 2100 2101
###lsm 2102 2101
###lsm 2102 2103
###lsm 2104 2103
###lsm 2104 2105
###lsm 2106 2105
###lsm 2106 2107
###lsm 2108 2107
###lsm 2108 2109
###lsm 2110 2109
###lsm 2110 2111
###lsm 2112 2111
###lsm 2112 2113
###lsm 2114 2113
###lsm 2114 2115
###lsm 2116 2115
###lsm 2116 2117
###lsm 2118 2117
###lsm 2118 2119
###lsm 2120 2119
###lsm 2120 2121
###lsm 2122 2121
###lsm 2122 2123
###lsm 2122 2124
###lsm 2125 2124
###lsm 2125 2126
###lsm 2127 2126
###lsm 2127 2128
###lsm 2129 2128
###lsm 2129 2130
###lsm 2131 2130
###lsm 2131 2132
###lsm 2133 2132
###lsm 2133 2134
###lsm 2135 2134
###lsm 2135 2136
###lsm 2137 2136
###lsm 2137 2138
###lsm 2139 2138
###lsm 2139 2140
###lsm 2141 2140
###lsm 2141 2142
###lsm 2143 2142
###lsm 2143 2144
###lsm 2145 2144
###lsm 2145 2146
###lsm 2147 2146
###lsm 2147 2148
###lsm 2149 2148
###lsm 2149 2150
###lsm 2151 2150
###lsm 2151 2152
###lsm 2153 2152
###lsm 2153 2154
###lsm 2155 2154
###lsm 2155 2156
###lsm 2157 2156
###lsm 2157 2158
###lsm 2159 2158
###lsm 2159 2160
###lsm 2161 2160
###lsm 2161 2162
###lsm 2163 2162
###lsm 2163 2164
###lsm 2165 2164
###lsm 2165 2166
###lsm 2167 2166
###lsm 2167 1209
###lsm 1209 2166
###lsm 1209 2168
###lsm 1212 2168
###lsm 1212 2169
###lsm 1211 2169
###lsm 1211 1823
###lsm 2167 751
###lsm 2170 751
###lsm 2170 750
###lsm 2171 750
###lsm 2171 749
###lsm 2172 749
###lsm 2172 747
###lsm 2173 747
###lsm 2173 745
###lsm 2174 745
###lsm 2174 739
###lsm 2175 739
###lsm 2175 737
###lsm 2176 737
###lsm 2176 735
###lsm 2177 735
###lsm 2177 734
###lsm 2178 734
###lsm 2178 733
###lsm 2179 733
###lsm 2179 731
###lsm 2180 731
###lsm 2180 730
###lsm 2181 730
###lsm 2182 730
###lsm 2182 728
###lsm 2183 728
###lsm 2183 726
###lsm 1720 726
###lsm 2180 2181
###lsm 2184 2181
###lsm 2184 2185
###lsm 2186 2185
###lsm 2186 2187
###lsm 2188 2187
###lsm 2188 2189
###lsm 2190 2189
###lsm 2190 2191
###lsm 2192 2191
###lsm 2192 2193
###lsm 2194 2193
###lsm 2194 2195
###lsm 2196 2195
###lsm 2196 2197
###lsm 2198 2197
###lsm 2198 2199
###lsm 2200 2199
###lsm 2200 2201
###lsm 2202 2201
###lsm 2202 2203
###lsm 2204 2203
###lsm 2204 2205
###lsm 2206 2205
###lsm 2206 2207
###lsm 2208 2207
###lsm 2208 2209
###lsm 2210 2209
###lsm 2210 2211
###lsm 2212 2211
###lsm 2212 2213
###lsm 2214 2213
###lsm 2214 2215
###lsm 2216 2215
###lsm 2216 2217
###lsm 2218 2217
###lsm 2218 2219
###lsm 2220 2219
###lsm 2220 2221
###lsm 2222 2221
###lsm 2222 2223
###lsm 2224 2223
###lsm 2224 2225
###lsm 2226 2225
###lsm 2226 2227
###lsm 2226 2228
###lsm 2229 2228
###lsm 2229 2230
###lsm 2231 2230
###lsm 2231 2232
###lsm 2233 2232
###lsm 2233 2234
###lsm 2235 2234
###lsm 2235 2236
###lsm 2237 2236
###lsm 2237 2238
###lsm 2239 2238
###lsm 2239 2240
###lsm 2241 2240
###lsm 2241 2242
###lsm 2243 2242
###lsm 2243 2244
###lsm 2245 2244
###lsm 2245 2246
###lsm 2247 2246
###lsm 2247 2248
###lsm 2249 2248
###lsm 2249 2250
###lsm 2251 2250
###lsm 2251 2252
###lsm 2253 2252
###lsm 2253 2254
###lsm 2255 2254
###lsm 2255 2256
###lsm 2257 2256
###lsm 2257 2258
###lsm 2259 2258
###lsm 2259 2260
###lsm 2261 2260
###lsm 2261 2262
###lsm 2263 2262
###lsm 2263 2264
###lsm 2265 2264
###lsm 2265 2266
###lsm 2267 2266
###lsm 2267 2268
###lsm 2269 2268
###lsm 2269 2270
###lsm 2271 2270
###lsm 2271 1702
###lsm 1702 2270
###lsm 1702 2272
###lsm 1705 2272
###lsm 1705 2273
###lsm 1704 2273
###lsm 1704 1721
###lsm 2271 1252
###lsm 2274 1252
###lsm 2274 1251
###lsm 2275 1251
###lsm 2275 1250
###lsm 2276 1250
###lsm 2276 1248
###lsm 2277 1248
###lsm 2277 1246
###lsm 2278 1246
###lsm 2278 1240
###lsm 2279 1240
###lsm 2279 1238
###lsm 2280 1238
###lsm 2280 1236
###lsm 2281 1236
###lsm 2281 1235
###lsm 2282 1235
###lsm 2282 1234
###lsm 2283 1234
###lsm 2283 1232
###lsm 2079 1232
###lsm 1231 2079
###lsm 2122 1994
###lsm 2122 1996
###lsm 2120 1996
###lsm 2120 1998
###lsm 2118 1998
###lsm 2116 1998
###lsm 2116 2000
###lsm 2114 2000
###lsm 2114 2002
###lsm 2112 2002
###lsm 2112 2004
###lsm 2110 2004
###lsm 2108 2004
###lsm 2108 2006
###lsm 2106 2006
###lsm 2106 2008
###lsm 2104 2008
###lsm 2104 2010
###lsm 2102 2010
###lsm 2100 2010
###lsm 2100 2012
###lsm 2098 2012
###lsm 2098 2014
###lsm 2096 2014
###lsm 2096 2016
###lsm 2094 2016
###lsm 2092 2016
###lsm 2092 2018
###lsm 2090 2018
###lsm 2090 2020
###lsm 2088 2020
###lsm 2088 2022
###lsm 2086 2022
###lsm 2084 2022
###lsm 2084 2024
###lsm 2082 2024
###lsm 2082 2026
###lsm 2080 2026
###lsm 2080 2028
###lsm 2079 2028
###lsm 2283 2028
###lsm 2283 2030
###lsm 2282 2030
###lsm 2282 2032
###lsm 2281 2032
###lsm 2281 2034
###lsm 2280 2034
###lsm 2279 2034
###lsm 2279 2036
###lsm 2278 2036
###lsm 2278 2038
###lsm 2277 2038
###lsm 2277 2040
###lsm 2276 2040
###lsm 2276 2042
###lsm 2275 2042
###lsm 2274 2042
###lsm 2274 2044
###lsm 2271 2044
###lsm 2271 2046
###lsm 2269 2046
###lsm 2269 2048
###lsm 2267 2048
###lsm 2265 2048
###lsm 2265 2050
###lsm 2263 2050
###lsm 2263 2052
###lsm 2261 2052
###lsm 2261 2054
###lsm 2259 2054
###lsm 2257 2054
###lsm 2257 2056
###lsm 2255 2056
###lsm 2255 2058
###lsm 2253 2058
###lsm 2253 2060
###lsm 2251 2060
###lsm 2249 2060
###lsm 2249 2062
###lsm 2247 2062
###lsm 2247 2064
###lsm 2245 2064
###lsm 2245 2066
###lsm 2243 2066
###lsm 2241 2066
###lsm 2241 2068
###lsm 2239 2068
###lsm 2239 2070
###lsm 2237 2070
###lsm 2237 2072
###lsm 2235 2072
###lsm 2233 2072
###lsm 2233 2074
###lsm 2231 2074
###lsm 2231 1910
###lsm 2229 1910
###lsm 2229 1912
###lsm 2226 1912
###lsm 2224 1912
###lsm 2224 1914
###lsm 2222 1914
###lsm 2222 1916
###lsm 2220 1916
###lsm 2220 1918
###lsm 2218 1918
###lsm 2216 1918
###lsm 2216 1920
###lsm 2214 1920
###lsm 2214 1922
###lsm 2212 1922
###lsm 2212 1924
###lsm 2210 1924
###lsm 2208 1924
###lsm 2208 1926
###lsm 2206 1926
###lsm 2206 1928
###lsm 2204 1928
###lsm 2204 1930
###lsm 2202 1930
###lsm 2200 1930
###lsm 2200 1932
###lsm 2198 1932
###lsm 2198 1934
###lsm 2196 1934
###lsm 2196 1936
###lsm 2194 1936
###lsm 2192 1936
###lsm 2192 1938
###lsm 2190 1938
###lsm 2190 1940
###lsm 2188 1940
###lsm 2188 1942
###lsm 2186 1942
###lsm 2184 1942
###lsm 2184 1944
###lsm 2180 1944
###lsm 2180 1946
###lsm 2179 1946
###lsm 2179 1948
###lsm 2178 1948
###lsm 2177 1948
###lsm 2177 1950
###lsm 2176 1950
###lsm 2176 1952
###lsm 2175 1952
###lsm 2175 1954
###lsm 2174 1954
###lsm 2174 1956
###lsm 2173 1956
###lsm 2172 1956
###lsm 2172 1958
###lsm 2171 1958
###lsm 2171 1960
###lsm 2170 1960
###lsm 2167 1960
###lsm 2165 1960
###lsm 2163 1960
###lsm 2161 1960
###lsm 2159 1960
###lsm 2157 1960
###lsm 2155 1960
###lsm 2155 1962
###lsm 2153 1962
###lsm 2153 1964
###lsm 1994 2125
###lsm 1992 2125
###lsm 1992 2127
###lsm 1992 2129
###lsm 1990 2129
###lsm 1990 2131
###lsm 1988 2131
###lsm 1988 2133
###lsm 1986 2133
###lsm 1986 2135
###lsm 1986 2137
###lsm 1984 2137
###lsm 1984 2139
###lsm 1982 2139
###lsm 1982 2141
###lsm 1980 2141
###lsm 1980 2143
###lsm 1980 2145
###lsm 1978 2145
###lsm 1978 2147
###lsm 1976 2147
###lsm 1976 2149
###lsm 1974 2149
###lsm 1974 2151
###lsm 2153 1966
###lsm 2153 1968
###lsm 2153 1970
###lsm 1974 2153
###lsm 2153 1972
###lsm 2286 2285
###lsm 2287 2285
###lsm 2287 2288
###lsm 2289 2288
###lsm 2289 2290
###lsm 2291 2290
###lsm 2291 2292
###lsm 2293 2292
###lsm 2293 2294
###lsm 2295 2294
###lsm 2295 2296
###lsm 2297 2296
###lsm 2297 2298
###lsm 2299 2298
###lsm 2299 1806
###lsm 2300 1806
###lsm 2300 1724
###lsm 2301 1724
###lsm 2301 2302
###lsm 2303 2302
###lsm 2303 2304
###lsm 2305 2304
###lsm 2305 2306
###lsm 2307 2306
###lsm 2307 2308
###lsm 2309 2308
###lsm 2309 2310
###lsm 2311 2310
###lsm 2311 2312
###lsm 2313 2312
###lsm 2313 2314
###lsm 2315 2314
###lsm 1806 2298
###lsm 1806 2317
###lsm 1806 2318
###lsm 1806 2319
###lsm 1806 2320
###lsm 1766 2320
###lsm 1766 2321
###lsm 1766 2322
###lsm 1767 2322
###lsm 1767 2323
###lsm 2324 1775
###lsm 2324 1773
###lsm 2325 1779
###lsm 2325 1777
###lsm 1775 2325
###lsm 2326 1783
###lsm 2326 1781
###lsm 1779 2326
###lsm 2327 1787
###lsm 2327 1785
###lsm 1783 2327
###lsm 1707 1743
###lsm 1707 1789
###lsm 1787 1707
###lsm 1743 1706
###lsm 1745 1706
###lsm 1745 2328
###lsm 1747 2328
###lsm 1749 2328
###lsm 1749 2329
###lsm 1751 2329
###lsm 1753 2329
###lsm 1753 2330
###lsm 1755 2330
###lsm 1757 2330
###lsm 1757 2331
###lsm 1759 2331
###lsm 1761 2331
###lsm 1763 2331
###lsm 1763 2332
###lsm 1763 2333
###lsm 1764 2333
###lsm 1764 2334
###lsm 1764 2335
###lsm 1724 2335
###lsm 1724 2336
###lsm 1724 2337
###lsm 1724 2338
###lsm 2302 1724
###lsm 1724 1806
###lsm 1724 1805
###lsm 1725 1805
###lsm 1725 1803
###lsm 1729 1803
###lsm 1729 1801
###lsm 1731 1801
###lsm 1731 1799
###lsm 1733 1799
###lsm 1733 1797
###lsm 1735 1797
###lsm 1735 1795
###lsm 1737 1795
###lsm 1737 1793
###lsm 1739 1793
###lsm 1739 1791
###lsm 1741 1791
###lsm 1743 1791
###lsm 1789 1743
###lsm 1767 2324
###lsm 2324 1771
###lsm 2230 2340
###lsm 2230 2341
###lsm 2230 2342
###lsm 2230 2316
###lsm 2232 2316
###lsm 2232 2314
###lsm 2234 2314
###lsm 2234 2312
###lsm 2236 2312
###lsm 2236 2310
###lsm 2238 2310
###lsm 2238 2308
###lsm 2240 2308
###lsm 2240 2306
###lsm 2242 2306
###lsm 2244 2306
###lsm 2244 2304
###lsm 2246 2304
###lsm 2246 2302
###lsm 2248 2302
###lsm 2248 2338
###lsm 2250 2338
###lsm 2250 2337
###lsm 2252 2337
###lsm 2252 2336
###lsm 2254 2336
###lsm 2254 2335
###lsm 2256 2335
###lsm 2256 2334
###lsm 2258 2334
###lsm 2260 2334
###lsm 2260 2333
###lsm 2262 2333
###lsm 2262 2332
###lsm 2264 2332
###lsm 2264 2331
###lsm 2266 2331
###lsm 2266 2330
###lsm 2268 2330
###lsm 2268 2329
###lsm 2270 2329
###lsm 2270 2328
###lsm 2272 2328
###lsm 2273 2328
###lsm 2273 1706
###lsm 2273 1708
###lsm 2273 1710
###lsm 2273 1712
###lsm 2273 1714
###lsm 2273 1716
###lsm 2273 1723
###lsm 2273 1722
###lsm 2230 2343
###lsm 2230 2344
###lsm 2343 2228
###lsm 2346 2228
###lsm 2346 2227
###lsm 2347 2227
###lsm 2348 2227
###lsm 2348 2225
###lsm 2349 2225
###lsm 2349 2223
###lsm 2350 2223
###lsm 2350 2221
###lsm 2351 2221
###lsm 2352 2221
###lsm 2353 2221
###lsm 2354 2221
###lsm 2355 2221
###lsm 2284 2221
###lsm 2285 2221
###lsm 2285 2219
###lsm 2288 2219
###lsm 2288 2217
###lsm 2290 2217
###lsm 2290 2215
###lsm 2292 2215
###lsm 2292 2213
###lsm 2294 2213
###lsm 2294 2211
###lsm 2294 2209
###lsm 2296 2209
###lsm 2296 2207
###lsm 2298 2207
###lsm 2298 2205
###lsm 2317 2205
###lsm 2317 2203
###lsm 2318 2203
###lsm 2318 2201
###lsm 2319 2201
###lsm 2319 2199
###lsm 2320 2199
###lsm 2320 2197
###lsm 2321 2197
###lsm 2321 2195
###lsm 2321 2193
###lsm 2322 2193
###lsm 2322 2191
###lsm 2323 2191
###lsm 2323 2189
###lsm 2324 2189
###lsm 2324 2187
###lsm 2325 2187
###lsm 2325 2185
###lsm 2326 2185
###lsm 2326 2181
###lsm 2327 2181
###lsm 2327 2182
###lsm 2183 1713
###lsm 2183 1711
###lsm 1719 1718
###lsm 1720 1719
###lsm 1720 1718
###lsm 1718 1717
###lsm 1720 1717
###lsm 1717 1715
###lsm 1715 1713
###lsm 1720 1715
###lsm 2183 1709
###lsm 2183 1707
###lsm 2327 2183
###lsm 2339 2230
###lsm 2230 2345
###lsm 2358 2357
###lsm 2359 2357
###lsm 2359 2360
###lsm 2361 2360
###lsm 2361 2362
###lsm 2363 2362
###lsm 2363 2364
###lsm 2365 2364
###lsm 2365 2366
###lsm 2367 2366
###lsm 2367 2368
###lsm 2369 2368
###lsm 2369 2370
###lsm 2371 2370
###lsm 2371 1908
###lsm 2372 1908
###lsm 2372 1826
###lsm 2373 1826
###lsm 2373 2374
###lsm 2375 2374
###lsm 2375 2376
###lsm 2377 2376
###lsm 2377 2378
###lsm 2379 2378
###lsm 2379 2380
###lsm 2381 2380
###lsm 2381 2382
###lsm 2383 2382
###lsm 2383 2384
###lsm 2385 2384
###lsm 2385 2386
###lsm 2387 2386
###lsm 1908 2370
###lsm 1908 2389
###lsm 1908 2390
###lsm 1908 2391
###lsm 1908 2392
###lsm 1868 2392
###lsm 1868 2393
###lsm 1868 2394
###lsm 1869 2394
###lsm 1869 2395
###lsm 2396 1877
###lsm 2396 1875
###lsm 2397 1881
###lsm 2397 1879
###lsm 1877 2397
###lsm 2398 1885
###lsm 2398 1883
###lsm 1881 2398
###lsm 2399 1889
###lsm 2399 1887
###lsm 1885 2399
###lsm 1889 1809
###lsm 1891 1809
###lsm 1891 1808
###lsm 1845 1808
###lsm 1847 1808
###lsm 1847 2400
###lsm 1849 2400
###lsm 1851 2400
###lsm 1851 2401
###lsm 1853 2401
###lsm 1855 2401
###lsm 1855 2402
###lsm 1857 2402
###lsm 1859 2402
###lsm 1859 2403
###lsm 1861 2403
###lsm 1863 2403
###lsm 1865 2403
###lsm 1865 2404
###lsm 1865 2405
###lsm 1866 2405
###lsm 1866 2406
###lsm 1866 2407
###lsm 1826 2407
###lsm 1826 2408
###lsm 1826 2409
###lsm 1826 2410
###lsm 2374 1826
###lsm 1826 1908
###lsm 1826 1907
###lsm 1827 1907
###lsm 1831 1907
###lsm 1831 1905
###lsm 1833 1905
###lsm 1833 1903
###lsm 1835 1903
###lsm 1835 1901
###lsm 1837 1901
###lsm 1837 1899
###lsm 1839 1899
###lsm 1839 1897
###lsm 1841 1897
###lsm 1841 1895
###lsm 1843 1895
###lsm 1843 1893
###lsm 1869 2396
###lsm 2396 1873
###lsm 1843 1891
###lsm 1891 1845
###lsm 2126 2412
###lsm 2126 2413
###lsm 2126 2414
###lsm 2126 2388
###lsm 2128 2388
###lsm 2128 2386
###lsm 2130 2386
###lsm 2130 2384
###lsm 2132 2384
###lsm 2132 2382
###lsm 2134 2382
###lsm 2134 2380
###lsm 2136 2380
###lsm 2136 2378
###lsm 2138 2378
###lsm 2140 2378
###lsm 2140 2376
###lsm 2142 2376
###lsm 2142 2374
###lsm 2144 2374
###lsm 2144 2410
###lsm 2146 2410
###lsm 2146 2409
###lsm 2148 2409
###lsm 2148 2408
###lsm 2150 2408
###lsm 2150 2407
###lsm 2152 2407
###lsm 2152 2406
###lsm 2154 2406
###lsm 2156 2406
###lsm 2156 2405
###lsm 2158 2405
###lsm 2158 2404
###lsm 2160 2404
###lsm 2160 2403
###lsm 2162 2403
###lsm 2162 2402
###lsm 2164 2402
###lsm 2164 2401
###lsm 2166 2401
###lsm 2166 2400
###lsm 2168 2400
###lsm 2169 2400
###lsm 2169 1808
###lsm 2169 1810
###lsm 2169 1812
###lsm 2169 1814
###lsm 2169 1816
###lsm 2169 1818
###lsm 2169 1825
###lsm 2169 1824
###lsm 2126 2415
###lsm 2126 2416
###lsm 2415 2124
###lsm 2418 2124
###lsm 2418 2123
###lsm 2419 2123
###lsm 2420 2123
###lsm 2420 2121
###lsm 2421 2121
###lsm 2421 2119
###lsm 2422 2119
###lsm 2422 2117
###lsm 2423 2117
###lsm 2424 2117
###lsm 2425 2117
###lsm 2426 2117
###lsm 2427 2117
###lsm 2356 2117
###lsm 2357 2117
###lsm 2357 2115
###lsm 2360 2115
###lsm 2360 2113
###lsm 2362 2113
###lsm 2362 2111
###lsm 2364 2111
###lsm 2364 2109
###lsm 2366 2109
###lsm 2366 2107
###lsm 2366 2105
###lsm 2368 2105
###lsm 2368 2103
###lsm 2370 2103
###lsm 2370 2101
###lsm 2389 2101
###lsm 2389 2099
###lsm 2390 2099
###lsm 2390 2097
###lsm 2391 2097
###lsm 2391 2095
###lsm 2392 2095
###lsm 2392 2093
###lsm 2393 2093
###lsm 2393 2091
###lsm 2393 2089
###lsm 2394 2089
###lsm 2394 2087
###lsm 2395 2087
###lsm 2395 2085
###lsm 2396 2085
###lsm 2396 2083
###lsm 2397 2083
###lsm 2397 2081
###lsm 2398 2081
###lsm 2398 2078
###lsm 2399 2078
###lsm 2399 2077
###lsm 2076 1815
###lsm 2076 1813
###lsm 1821 1820
###lsm 1822 1821
###lsm 1822 1820
###lsm 1820 1819
###lsm 1822 1819
###lsm 1819 1817
###lsm 1817 1815
###lsm 1822 1817
###lsm 2076 1811
###lsm 2076 1809
###lsm 2399 2076
###lsm 2411 2126
###lsm 2126 2417
###lsm 754 788
###lsm 754 790
###lsm 752 790
###lsm 752 792
###lsm 822 792
###lsm 822 794
###lsm 820 794
###lsm 820 796
###lsm 818 796
###lsm 818 798
###lsm 816 798
###lsm 816 800
###lsm 814 800
###lsm 814 802
###lsm 812 802
###lsm 812 804
###lsm 810 804
###lsm 810 806
###lsm 788 756
###lsm 786 756
###lsm 786 758
###lsm 784 758
###lsm 784 760
###lsm 782 760
###lsm 782 762
###lsm 780 762
###lsm 780 764
###lsm 778 764
###lsm 778 766
###lsm 776 766
###lsm 776 768
###lsm 774 768
###lsm 774 770
###lsm 2430 2429
###lsm 2430 2431
###lsm 2341 2431
###lsm 2342 2431
###lsm 2316 2431
###lsm 2316 2432
###lsm 2315 2432
###lsm 2315 2433
###lsm 2313 2433
###lsm 2313 2434
###lsm 2311 2434
###lsm 2311 2435
###lsm 2309 2435
###lsm 2309 2436
###lsm 2307 2436
###lsm 2307 2437
###lsm 2305 2437
###lsm 2305 2438
###lsm 2303 2438
###lsm 2303 2439
###lsm 2301 2439
###lsm 2301 2440
###lsm 2300 2440
###lsm 2299 2440
###lsm 2299 2441
###lsm 2297 2441
###lsm 2297 2442
###lsm 2295 2442
###lsm 2295 2443
###lsm 2293 2443
###lsm 2293 2444
###lsm 2291 2444
###lsm 2291 2445
###lsm 2289 2445
###lsm 2289 2446
###lsm 2287 2446
###lsm 2287 2447
###lsm 2286 2447
###lsm 2286 2448
###lsm 2284 2448
###lsm 2284 2449
###lsm 2355 2449
###lsm 2354 2449
###lsm 2354 2450
###lsm 2429 2428
###lsm 2451 2428
###lsm 2451 2452
###lsm 2453 2452
###lsm 2453 2454
###lsm 2455 2454
###lsm 2455 2456
###lsm 2457 2456
###lsm 2457 2458
###lsm 2459 2458
###lsm 2459 2460
###lsm 2461 2460
###lsm 2461 2462
###lsm 2463 2462
###lsm 2463 2464
###lsm 2465 2464
###lsm 2465 2466
###lsm 2467 2466
###lsm 2467 2468
###lsm 2469 2468
###lsm 2469 2470
###lsm 2471 2470
###lsm 2471 2472
###lsm 2473 2472
###lsm 2473 2474
###lsm 2475 2474
###lsm 2475 2476
###lsm 2477 2476
###lsm 2477 2478
###lsm 2479 2478
###lsm 2479 2480
###lsm 2481 2480
###lsm 2481 2482
###lsm 2449 2482
###lsm 2450 2449
###lsm 2430 2341
###lsm 2450 2350
###lsm 2450 2351
###lsm 2353 2450
###lsm 2450 2352
###lsm 2430 2340
###lsm 2430 2339
###lsm 2430 2345
###lsm 2430 2344
###lsm 2349 2482
###lsm 2349 2480
###lsm 2349 2478
###lsm 2349 2476
###lsm 2349 2474
###lsm 2349 2472
###lsm 2348 2472
###lsm 2348 2470
###lsm 2348 2468
###lsm 2347 2468
###lsm 2347 2466
###lsm 2347 2464
###lsm 2346 2464
###lsm 2346 2462
###lsm 2346 2460
###lsm 2343 2460
###lsm 2343 2458
###lsm 2343 2456
###lsm 2343 2454
###lsm 2343 2452
###lsm 2343 2428
###lsm 2356 2483
###lsm 2356 2484
###lsm 2427 2484
###lsm 2426 2484
###lsm 2426 2485
###lsm 2483 2358
###lsm 2486 2358
###lsm 2486 2359
###lsm 2487 2359
###lsm 2487 2361
###lsm 2488 2361
###lsm 2488 2363
###lsm 2489 2363
###lsm 2489 2365
###lsm 2490 2365
###lsm 2490 2367
###lsm 2491 2367
###lsm 2491 2369
###lsm 2492 2369
###lsm 2492 2371
###lsm 2493 2371
###lsm 2493 2372
###lsm 2493 2373
###lsm 2494 2373
###lsm 2494 2375
###lsm 2495 2375
###lsm 2495 2377
###lsm 2496 2377
###lsm 2496 2379
###lsm 2497 2379
###lsm 2497 2381
###lsm 2498 2381
###lsm 2498 2383
###lsm 2499 2383
###lsm 2499 2385
###lsm 2500 2385
###lsm 2500 2387
###lsm 2501 2387
###lsm 2501 2388
###lsm 2502 2388
###lsm 2502 2414
###lsm 2413 2503
###lsm 2502 2413
###lsm 2502 2503
###lsm 2504 2503
###lsm 2504 2505
###lsm 2506 2505
###lsm 2506 2507
###lsm 2508 2507
###lsm 2508 2509
###lsm 2510 2509
###lsm 2510 2511
###lsm 2512 2511
###lsm 2512 2513
###lsm 2514 2513
###lsm 2514 2515
###lsm 2516 2515
###lsm 2516 2517
###lsm 2518 2517
###lsm 2518 2519
###lsm 2520 2519
###lsm 2520 2521
###lsm 2522 2521
###lsm 2522 2523
###lsm 2524 2523
###lsm 2524 2525
###lsm 2526 2525
###lsm 2526 2527
###lsm 2528 2527
###lsm 2528 2529
###lsm 2530 2529
###lsm 2530 2531
###lsm 2532 2531
###lsm 2532 2533
###lsm 2534 2533
###lsm 2534 2535
###lsm 2536 2535
###lsm 2536 2537
###lsm 2484 2537
###lsm 2485 2484
###lsm 2485 2422
###lsm 2485 2423
###lsm 2425 2485
###lsm 2485 2424
###lsm 2503 2412
###lsm 2503 2411
###lsm 2503 2417
###lsm 2503 2416
###lsm 2421 2537
###lsm 2421 2535
###lsm 2421 2533
###lsm 2421 2531
###lsm 2421 2529
###lsm 2421 2527
###lsm 2420 2527
###lsm 2420 2525
###lsm 2420 2523
###lsm 2419 2523
###lsm 2419 2521
###lsm 2419 2519
###lsm 2418 2519
###lsm 2418 2517
###lsm 2418 2515
###lsm 2415 2515
###lsm 2415 2513
###lsm 2415 2511
###lsm 2415 2509
###lsm 2415 2507
###lsm 2415 2505
###lsm 2465 204
###lsm 2465 205
###lsm 204 2467
###lsm 239 2467
###lsm 239 2469
###lsm 238 2469
###lsm 238 2471
###lsm 237 2471
###lsm 237 2473
###lsm 236 2473
###lsm 236 2475
###lsm 235 2475
###lsm 235 2477
###lsm 234 2477
###lsm 234 2479
###lsm 233 2479
###lsm 233 2481
###lsm 232 2481
###lsm 232 2449
###lsm 232 2448
###lsm 231 2448
###lsm 231 2447
###lsm 230 2447
###lsm 230 2446
###lsm 229 2446
###lsm 229 2445
###lsm 228 2445
###lsm 228 2444
###lsm 227 2444
###lsm 227 2443
###lsm 226 2443
###lsm 226 2442
###lsm 225 2442
###lsm 225 2441
###lsm 224 2441
###lsm 223 2441
###lsm 223 2440
###lsm 222 2440
###lsm 222 2439
###lsm 221 2439
###lsm 221 2438
###lsm 220 2438
###lsm 220 2437
###lsm 219 2437
###lsm 219 2436
###lsm 218 2436
###lsm 218 2435
###lsm 217 2435
###lsm 217 2434
###lsm 216 2434
###lsm 216 2433
###lsm 215 2433
###lsm 215 2432
###lsm 214 2432
###lsm 214 2431
###lsm 214 2429
###lsm 213 2429
###lsm 213 2451
###lsm 212 2451
###lsm 212 2453
###lsm 211 2453
###lsm 211 2455
###lsm 210 2455
###lsm 210 2457
###lsm 209 2457
###lsm 209 2459
###lsm 208 2459
###lsm 208 2461
###lsm 207 2461
###lsm 207 2463
###lsm 206 2463
###lsm 2465 206
###lsm 2493 684
###lsm 2493 685
###lsm 684 2494
###lsm 719 2494
###lsm 719 2495
###lsm 718 2495
###lsm 718 2496
###lsm 717 2496
###lsm 717 2497
###lsm 716 2497
###lsm 716 2498
###lsm 715 2498
###lsm 715 2499
###lsm 714 2499
###lsm 714 2500
###lsm 713 2500
###lsm 713 2501
###lsm 712 2501
###lsm 712 2502
###lsm 712 2504
###lsm 711 2504
###lsm 711 2506
###lsm 710 2506
###lsm 710 2508
###lsm 709 2508
###lsm 709 2510
###lsm 708 2510
###lsm 708 2512
###lsm 707 2512
###lsm 707 2514
###lsm 706 2514
###lsm 706 2516
###lsm 705 2516
###lsm 705 2518
###lsm 704 2518
###lsm 703 2518
###lsm 703 2520
###lsm 702 2520
###lsm 702 2522
###lsm 701 2522
###lsm 701 2524
###lsm 700 2524
###lsm 700 2526
###lsm 699 2526
###lsm 699 2528
###lsm 698 2528
###lsm 698 2530
###lsm 697 2530
###lsm 697 2532
###lsm 696 2532
###lsm 696 2534
###lsm 695 2534
###lsm 695 2536
###lsm 694 2536
###lsm 694 2484
###lsm 694 2483
###lsm 693 2483
###lsm 693 2486
###lsm 692 2486
###lsm 692 2487
###lsm 691 2487
###lsm 691 2488
###lsm 690 2488
###lsm 690 2489
###lsm 689 2489
###lsm 689 2490
###lsm 688 2490
###lsm 688 2491
###lsm 687 2491
###lsm 687 2492
###lsm 686 2492
###lsm 2493 686
###lsm 1913 1997
###lsm 1913 1995
###lsm 1915 1995
###lsm 1915 1993
###lsm 1917 1993
###lsm 1917 1991
###lsm 1919 1991
###lsm 1919 1989
###lsm 1921 1989
###lsm 1921 1987
###lsm 1923 1987
###lsm 1923 1985
###lsm 1925 1985
###lsm 1925 1983
###lsm 1927 1983
###lsm 1927 1981
###lsm 1929 1981
###lsm 1929 1979
###lsm 1931 1979
###lsm 1931 1977
###lsm 1933 1977
###lsm 1933 1975
###lsm 1935 1975
###lsm 1935 1973
###lsm 1937 1973
###lsm 1937 1971
###lsm 1939 1971
###lsm 1939 1969
###lsm 1941 1969
###lsm 1941 1967
###lsm 1943 1967
###lsm 1943 1965
###lsm 1945 1965
###lsm 1945 1963
###lsm 1947 1963
###lsm 1947 1961
###lsm 1949 1961
###lsm 1949 1959
###lsm 1951 1959
###lsm 1951 1957
###lsm 1953 1957
###lsm 1997 1911
###lsm 1999 1911
###lsm 1999 2075
###lsm 2001 2075
###lsm 2003 2075
###lsm 2005 2075
###lsm 2007 2075
###lsm 2009 2075
###lsm 2011 2075
###lsm 2013 2075
###lsm 2015 2075
###lsm 2017 2075
###lsm 2019 2075
###lsm 2021 2075
###lsm 2023 2075
###lsm 2025 2075
###lsm 2027 2075
###lsm 2029 2075
###lsm 2031 2075
###lsm 2033 2075
###lsm 2035 2075
###lsm 2037 2075
###lsm 2039 2075
###lsm 2041 2075
###lsm 2043 2075
###lsm 2045 2075
###lsm 2047 2075
###lsm 2049 2075
###lsm 2051 2075
###lsm 2053 2075
###lsm 2055 2075
###lsm 2057 2075
###lsm 2059 2075
###lsm 2061 2075
###lsm 2063 2075
###lsm 2065 2075
###lsm 2067 2075
###lsm 2069 2075
###lsm 2071 2075
###fch 0 1
###fch 2 3
###fch 4 5
###fch 6 7
###fch 8 9
###fch 10 11
###fch 12 13 14 15
###fch 16 17 18 19 20 21 22 23 24 25 26 27 28 29 30 31 32 33 34 35 36 37 38 39 40 41 42 43 44 45 46 47 48 49 50 51 52 53 54 55 56 57 58 59 60 61 62 63 64 65 66 67 68 69 70 71 72 73 74 75 76 77 78 79 80 81 82 83 84 85 86 87
###fch 88 89 90 91 92 93 94 95 96 97 98 99 100 101 102 103 104 105 106 107 108 109 110 111 112 113 114 115 116 117 118 119 120 121 122 123 124 125 126 127 128 129 130 131 132 133 134 135 136 137 138 139 140 141 142 143 144 145 146 147 148 149 150 151 152 153 154 155 156 157 158 159
###fch 160 161 162 163 164 165 166 167 168 169 170 171 172 173 174 175 176 177 178 179 180 181 182 183 184 185 186 187 188 189 190 191 192 193 194 195 196 197 198 199 200 201
###fch 202 203
###fch 204 205
###fch 206 207
###fch 208 209
###fch 210 211
###fch 212 213
###fch 214 215 216 217
###fch 256 257 258 259 260 261 262 263 264 265 266 267 268 269 270 271 272 273 274 275 276 277 278 279 280 281 282 283 284 285 286 287 288 289 218 219 220 221 222 223 224 225 226 227 228 229 230 231 232 233 234 235 236 237 238 239 240 241 242 243 244 245 246 247 248 249 250 251 252 253 254 255
###fch 290 291 292 293 294 295 296 297 298 299 300 301 302 303 304 305 306 307 308 309 310 311 312 313 314 315 316 317 318 319 320 321 322 323 324 325 326 327 328 329 330 331 332 333 334 335 336 337 338 339 340 341 342 343 344 345 346 347 348 349 350 351 352 353 354 355 356 357 358 359 360 361
###fch 384 385 386 387 388 389 390 391 392 393 394 395 396 397 398 399 400 401 402 403 362 363 364 365 366 367 368 369 370 371 372 373 374 375 376 377 378 379 380 381 382 383
###fch 404 405
###fch 406 407
###fch 408 409
###fch 410 411
###fch 412 413
###fch 414 415
###fch 416 417 418 419
###fch 420 421 422 423 424 425 426 427 428 429 430 431 432 433 434 435 436 437 438 439 440 441 442 443 444 445 446 447 448 449 450 451 452 453 454 455 456 457 458 459 460 461 462 463 464 465 466 467 468 469 470 471 472 473 474 475 476 477 478 479 480 481 482 483 484 485 486 487 488 489 490 491
###fch 512 513 514 515 516 517 518 519 520 521 522 523 524 525 526 527 528 529 530 531 532 533 534 535 536 537 538 539 540 541 542 543 544 545 546 547 548 549 550 551 552 553 554 555 556 557 558 559 560 561 562 563 492 493 494 495 496 497 498 499 500 501 502 503 504 505 506 507 508 509 510 511
###fch 564 565 566 567 568 569 570 571 572 573 574 575 576 577 578 579 580 581 582 583 584 585 586 587 588 589 590 591 592 593 594 595 596 597 598 599 600 601 602 603 604 605
###fch 606 607
###fch 608 609
###fch 610 611
###fch 612 613
###fch 614 615
###fch 616 617
###fch 618 619 620 621
###fch 622 623 624 625 626 627 628 629 630 631 632 633 634 635 636 637 638 639 640 641 642 643 644 645 646 647 648 649 650 651 652 653 654 655 656 657 658 659 660 661 662 663 664 665 666 667 668 669 670 671 672 673 674 675 676 677 678 679 680 681 682 683 684 685 686 687 688 689 690 691 692 693
###fch 694 695 696 697 698 699 700 701 702 703 704 705 706 707 708 709 710 711 712 713 714 715 716 717 718 719 720 721 722 723 724 725 726 727 728 729 730 731 732 733 734 735 736 737 738 739 740 741 742 743 744 745 746 747 748 749 750 751 752 753 754 755 756 757 758 759 760 761 762 763 764 765
###fch 768 769 770 771 772 773 774 775 776 777 778 779 780 781 782 783 784 785 786 787 788 789 790 791 792 793 794 795 796 797 798 799 800 801 802 803 804 805 806 807 766 767
###fch 808 809
###fch 810 811
###fch 812 813
###fch 814 815
###fch 816 817
###fch 818 819
###fch 820 821 822 823
###fch 824 825 826 827 828 829 830 831 832 833 834 835 836 837 838 839 840 841 842 843 844 845 846 847 848 849 850 851 852 853 854 855 856 857 858 859 860 861 862 863 864 865 866 867 868 869 870 871 872 873 874 875 876 877 878 879 880 881 882 883 884 885 886 887 888 889 890 891 892 893 894 895
###fch 896 897 898 899 900 901 902 903 904 905 906 907 908 909 910 911 912 913 914 915 916 917 918 919 920 921 922 923 924 925 926 927 928 929 930 931 932 933 934 935 936 937 938 939 940 941 942 943 944 945 946 947 948 949 950 951 952 953 954 955 956 957 958 959 960 961 962 963 964 965 966 967
###fch 968 969 970 971 972 973 974 975 976 977 978 979 980 981 982 983 984 985 986 987 988 989 990 991 992 993 994 995 996 997 998 999 1000 1001 1002 1003 1004 1005 1006 1007 1008 1009
###fch 1010 1011
###fch 1012 1013
###fch 1014 1015
###fch 1016 1017
###fch 1018 1019
###fch 1020 1021
###fch 1024 1025 1022 1023
###fch 1026 1027 1028 1029 1030 1031 1032 1033 1034 1035 1036 1037 1038 1039 1040 1041 1042 1043 1044 1045 1046 1047 1048 1049 1050 1051 1052 1053 1054 1055 1056 1057 1058 1059 1060 1061 1062 1063 1064 1065 1066 1067 1068 1069 1070 1071 1072 1073 1074 1075 1076 1077 1078 1079 1080 1081 1082 1083 1084 1085 1086 1087 1088 1089 1090 1091 1092 1093 1094 1095 1096 1097
###fch 1098 1099 1100 1101 1102 1103 1104 1105 1106 1107 1108 1109 1110 1111 1112 1113 1114 1115 1116 1117 1118 1119 1120 1121 1122 1123 1124 1125 1126 1127 1128 1129 1130 1131 1132 1133 1134 1135 1136 1137 1138 1139 1140 1141 1142 1143 1144 1145 1146 1147 1148 1149 1150 1151 1152 1153 1154 1155 1156 1157 1158 1159 1160 1161 1162 1163 1164 1165 1166 1167 1168 1169
###fch 1170 1171 1172 1173 1174 1175 1176 1177 1178 1179 1180 1181 1182 1183 1184 1185 1186 1187 1188 1189 1190 1191 1192 1193 1194 1195 1196 1197 1198 1199 1200 1201 1202 1203 1204 1205 1206 1207 1208 1209 1210 1211
###fch 1216 1217 1218 1219 1220 1212 1213 1214 1215
###fch 1221 1222
###fch 1223 1224 1225 1226 1227 1228 1229 1230 1231 1232 1233 1234 1235 1236 1237 1238 1239 1240 1241
###fch 1280 1281 1282 1283 1284 1285 1286 1287 1288 1289 1290 1291 1292 1293 1294 1295 1296 1297 1298 1299 1300 1301 1302 1303 1304 1305 1306 1307 1308 1309 1310 1311 1312 1313 1242 1243 1244 1245 1246 1247 1248 1249 1250 1251 1252 1253 1254 1255 1256 1257 1258 1259 1260 1261 1262 1263 1264 1265 1266 1267 1268 1269 1270 1271 1272 1273 1274 1275 1276 1277 1278 1279
###fch 1314 1315 1316 1317 1318 1319 1320 1321 1322 1323 1324 1325 1326 1327 1328 1329 1330 1331 1332 1333 1334 1335 1336 1337 1338 1339 1340 1341 1342 1343 1344 1345 1346 1347 1348 1349 1350 1351 1352 1353 1354 1355 1356 1357 1358 1359 1360 1361 1362 1363 1364 1365 1366 1367 1368 1369 1370 1371 1372 1373 1374 1375 1376 1377 1378 1379 1380 1381 1382 1383 1384 1385
###fch 1408 1409 1410 1411 1412 1413 1414 1415 1416 1417 1418 1419 1420 1421 1386 1387 1388 1389 1390 1391 1392 1393 1394 1395 1396 1397 1398 1399 1400 1401 1402 1403 1404 1405 1406 1407
###fch 1536 1537 1538 1539 1540 1541 1542 1543 1544 1545 1546 1547 1548 1549 1550 1551 1552 1553 1554 1555 1556 1557 1558 1559 1560 1561 1562 1563 1564 1565 1566 1567 1568 1569 1570 1571 1572 1573 1574 1575 1576 1577 1578 1579 1580 1581 1582 1583 1584 1585 1586 1587 1588 1589 1590 1591 1592 1593 1594 1595 1596 1597 1598 1599 1600 1601 1602 1603 1604 1605 1606 1607 1608 1609 1610 1611 1612 1613 1614 1615 1616 1617 1618 1619 1620 1621 1622 1623 1624 1625 1626 1627 1628 1629 1630 1631 1632 1633 1634 1635 1636 1637 1422 1423 1424 1425 1426 1427 1428 1429 1430 1431 1432 1433 1434 1435 1436 1437 1438 1439 1440 1441 1442 1443 1444 1445 1446 1447 1448 1449 1450 1451 1452 1453 1454 1455 1456 1457 1458 1459 1460 1461 1462 1463 1464 1465 1466 1467 1468 1469 1470 1471 1472 1473 1474 1475 1476 1477 1478 1479 1480 1481 1482 1483 1484 1485 1486 1487 1488 1489 1490 1491 1492 1493 1494 1495 1496 1497 1498 1499 1500 1501 1502 1503 1504 1505 1506 1507 1508 1509 1510 1511 1512 1513 1514 1515 1516 1517 1518 1519 1520 1521 1522 1523 1524 1525 1526 1527 1528 1529 1530 1531 1532 1533 1534 1535
###fch 1664 1665 1666 1667 1668 1669 1670 1671 1672 1673 1638 1639 1640 1641 1642 1643 1644 1645 1646 1647 1648 1649 1650 1651 1652 1653 1654 1655 1656 1657 1658 1659 1660 1661 1662 1663
###fch 1674 1675 1676 1677 1678 1679 1680 1681 1682 1683 1684 1685 1686 1687 1688 1689 1690 1691 1692 1693 1694 1695 1696 1697 1698 1699 1700 1701 1702 1703 1704 1705 1706 1707 1708 1709 1710 1711 1712 1713 1714 1715 1716 1717 1718 1719 1720 1721 1722 1723 1724 1725 1726 1727 1728 1729 1730 1731 1732 1733 1734 1735 1736 1737 1738 1739 1740 1741 1742 1743 1744 1745 1746 1747 1748 1749 1750 1751 1752 1753 1754 1755 1756 1757 1758 1759 1760 1761 1762 1763 1764 1765 1766 1767 1768 1769 1770 1771 1772 1773 1774 1775 1776 1777 1778 1779 1780 1781 1782 1783 1784 1785 1786 1787 1788 1789 1790 1791 1792 1793 1794 1795 1796 1797 1798 1799 1800 1801 1802 1803 1804 1805 1806 1807 1808 1809 1810 1811 1812 1813 1814 1815 1816 1817 1818 1819 1820 1821 1822 1823 1824 1825 1826 1827 1828 1829 1830 1831 1832 1833 1834 1835 1836 1837 1838 1839 1840 1841 1842 1843 1844 1845 1846 1847 1848 1849 1850 1851 1852 1853 1854 1855 1856 1857 1858 1859 1860 1861 1862 1863 1864 1865 1866 1867 1868 1869 1870 1871 1872 1873 1874 1875 1876 1877 1878 1879 1880 1881 1882 1883 1884 1885 1886 1887 1888 1889
###fch 1890 1891 1892 1893 1894 1895 1896 1897 1898 1899 1900 1901 1902 1903 1904 1905 1906 1907 1908 1909 1910 1911 1912 1913 1914 1915 1916 1917 1918 1919 1920 1921 1922 1923 1924 1925 1926 1927 1928 1929 1930 1931 1932 1933 1934 1935 1936 1937 1938 1939 1940 1941 1942 1943 1944 1945 1946 1947 1948 1949 1950 1951 1952 1953 1954 1955 1956 1957 1958 1959 1960 1961 1962 1963 1964 1965 1966 1967 1968 1969 1970 1971
###fch 1984 1985 1986 1987 1988 1989 1990 1991 1992 1993 1972 1973 1974 1975 1976 1977 1978 1979 1980 1981 1982 1983
###fch 1994 1995 1996
###fch 1997 1998 1999
###fch 2000 2001 2002 2003 2004 2005 2006 2007 2008 2009 2010 2011 2012 2013 2014 2015 2016 2017 2018 2019 2020 2021 2022 2023 2024 2025 2026 2027 2028 2029 2030 2031 2032 2033 2034 2035 2036 2037 2038 2039
###fch 2048 2049 2050 2051 2052 2053 2054 2055 2056 2057 2058 2059 2060 2061 2062 2063 2064 2065 2066 2067 2068 2069 2070 2071 2072 2073 2074 2075 2076 2077 2078 2079 2040 2041 2042 2043 2044 2045 2046 2047
###fch 2080 2081
###fch 2082 2083
###fch 2084 2085 2086 2087 2088 2089 2090 2091 2092
###fch 2093 2094
###fch 2096 2097 2098 2095
###fch 2099 2100
###fch 2101 2102 2103 2104 2105 2106 2107 2108 2109 2110
###fch 2112 2111
###fch 2113 2114 2115 2116 2117 2118 2119 2120 2121 2122 2123 2124 2125 2126 2127 2128 2129 2130 2131 2132 2133 2134 2135 2136 2137 2138 2139 2140 2141 2142 2143 2144 2145 2146
###fch 2147 2148 2149 2150 2151 2152 2153 2154 2155
###fch 2156 2157
###fch 2176 2158 2159 2160 2161 2162 2163 2164 2165 2166 2167 2168 2169 2170 2171 2172 2173 2174 2175
###fch 2177 2178 2179 2180 2181 2182 2183 2184 2185 2186 2187 2188 2189 2190 2191 2192 2193 2194 2195 2196 2197 2198 2199 2200 2201 2202 2203 2204 2205 2206 2207 2208 2209 2210 2211 2212 2213 2214 2215 2216 2217 2218 2219 2220 2221 2222 2223 2224 2225 2226 2227 2228 2229 2230 2231 2232 2233 2234 2235 2236 2237 2238 2239 2240 2241 2242 2243 2244 2245 2246 2247 2248
###fch 2304 2305 2306 2307 2308 2309 2310 2311 2312 2313 2314 2315 2316 2317 2318 2319 2320 2249 2250 2251 2252 2253 2254 2255 2256 2257 2258 2259 2260 2261 2262 2263 2264 2265 2266 2267 2268 2269 2270 2271 2272 2273 2274 2275 2276 2277 2278 2279 2280 2281 2282 2283 2284 2285 2286 2287 2288 2289 2290 2291 2292 2293 2294 2295 2296 2297 2298 2299 2300 2301 2302 2303
###fch 2321 2322 2323 2324 2325 2326 2327 2328 2329 2330 2331 2332 2333 2334 2335 2336 2337 2338 2339 2340 2341 2342 2343 2344 2345 2346 2347 2348 2349 2350 2351 2352 2353 2354 2355 2356
###fch 2560 2561 2562 2563 2564 2565 2566 2567 2568 2569 2570 2571 2572 2357 2358 2359 2360 2361 2362 2363 2364 2365 2366 2367 2368 2369 2370 2371 2372 2373 2374 2375 2376 2377 2378 2379 2380 2381 2382 2383 2384 2385 2386 2387 2388 2389 2390 2391 2392 2393 2394 2395 2396 2397 2398 2399 2400 2401 2402 2403 2404 2405 2406 2407 2408 2409 2410 2411 2412 2413 2414 2415 2416 2417 2418 2419 2420 2421 2422 2423 2424 2425 2426 2427 2428 2429 2430 2431 2432 2433 2434 2435 2436 2437 2438 2439 2440 2441 2442 2443 2444 2445 2446 2447 2448 2449 2450 2451 2452 2453 2454 2455 2456 2457 2458 2459 2460 2461 2462 2463 2464 2465 2466 2467 2468 2469 2470 2471 2472 2473 2474 2475 2476 2477 2478 2479 2480 2481 2482 2483 2484 2485 2486 2487 2488 2489 2490 2491 2492 2493 2494 2495 2496 2497 2498 2499 2500 2501 2502 2503 2504 2505 2506 2507 2508 2509 2510 2511 2512 2513 2514 2515 2516 2517 2518 2519 2520 2521 2522 2523 2524 2525 2526 2527 2528 2529 2530 2531 2532 2533 2534 2535 2536 2537 2538 2539 2540 2541 2542 2543 2544 2545 2546 2547 2548 2549 2550 2551 2552 2553 2554 2555 2556 2557 2558 2559
###fch 2573 2574 2575 2576 2577 2578 2579 2580 2581 2582 2583 2584 2585 2586 2587 2588 2589 2590 2591 2592 2593 2594 2595 2596 2597 2598 2599 2600 2601 2602 2603 2604 2605 2606 2607 2608
###fch 2609 2610 2611 2612 2613 2614 2615 2616 2617 2618 2619 2620 2621 2622 2623 2624 2625 2626 2627 2628 2629 2630 2631 2632 2633 2634 2635 2636 2637 2638 2639 2640 2641 2642 2643 2644 2645 2646 2647 2648 2649 2650 2651 2652 2653 2654 2655 2656 2657 2658 2659 2660 2661 2662 2663 2664 2665 2666 2667 2668 2669 2670 2671 2672 2673 2674 2675 2676 2677 2678 2679 2680 2681 2682 2683 2684 2685 2686 2687 2688 2689 2690 2691 2692 2693 2694 2695 2696 2697 2698 2699 2700 2701 2702 2703 2704 2705 2706 2707 2708 2709 2710 2711 2712 2713 2714 2715 2716 2717 2718 2719 2720 2721 2722 2723 2724 2725 2726 2727 2728 2729 2730 2731 2732 2733 2734 2735 2736 2737 2738 2739 2740 2741 2742 2743 2744 2745 2746 2747 2748 2749 2750 2751 2752 2753 2754 2755 2756 2757 2758 2759 2760 2761 2762 2763 2764 2765 2766 2767 2768 2769 2770 2771 2772 2773 2774 2775 2776 2777 2778 2779 2780 2781 2782 2783 2784 2785 2786 2787 2788 2789 2790 2791 2792 2793 2794 2795 2796 2797 2798 2799 2800 2801 2802 2803 2804 2805 2806 2807 2808 2809 2810 2811 2812 2813 2814 2815 2816 2817 2818 2819 2820 2821 2822 2823 2824
###fch 2825 2826 2827 2828 2829 2830 2831 2832 2833 2834 2835 2836 2837 2838 2839 2840 2841 2842 2843 2844 2845 2846 2847 2848 2849 2850 2851 2852 2853 2854 2855 2856 2857 2858 2859 2860 2861 2862 2863 2864 2865 2866 2867 2868 2869 2870 2871 2872 2873 2874 2875 2876 2877 2878 2879 2880 2881 2882 2883 2884 2885 2886 2887 2888 2889 2890 2891 2892 2893 2894 2895 2896 2897 2898 2899 2900 2901 2902 2903 2904 2905 2906
###fch 2907 2908 2909 2910 2911 2912 2913 2914 2915 2916 2917 2918 2919 2920 2921 2922 2923 2924 2925 2926 2927 2928
###fch 2929 2930 2931
###fch 2932 2933 2934
###fch 2944 2945 2946 2947 2948 2949 2950 2951 2952 2953 2954 2955 2956 2957 2958 2959 2960 2961 2962 2963 2964 2965 2966 2967 2968 2969 2970 2971 2972 2973 2974 2935 2936 2937 2938 2939 2940 2941 2942 2943
###fch 2975 2976 2977 2978 2979 2980 2981 2982 2983 2984 2985 2986 2987 2988 2989 2990 2991 2992 2993 2994 2995 2996 2997 2998 2999 3000 3001 3002 3003 3004 3005 3006 3007 3008 3009 3010 3011 3012 3013 3014
###fch 3016 3015
###fch 3017 3018
###fch 3019 3020 3021 3022 3023 3024 3025 3026 3027
###fch 3028 3029
###fch 3030 3031 3032 3033
###fch 3034 3035
###fch 3036 3037
###fch 3038 3039 3040 3041 3042 3043 3044 3045 3046 3047 3048 3049 3050 3051 3052 3053 3054 3055 3056 3057 3058 3059 3060 3061 3062 3063 3064 3065 3066 3067 3068 3069 3070 3071
###fch 3092 3093 3094 3095 3096 3097 3098 3099 3100 3101 3102 3103 3104 3105 3106 3107 3108 3109 3110 3111 3112 3113 3114 3115 3116 3117 3118 3119 3120 3121 3122 3123 3124 3125 3126 3127 3128 3129 3130 3131
###fch 3132 3133 3134 3135 3136 3137 3138 3139 3140 3141 3142 3143 3144 3145 3146 3147 3148 3149 3150 3151 3152 3153 3154 3155 3156 3157 3158 3159 3160 3161 3162 3163 3164 3165 3166 3167 3168 3169 3170 3171 3172 3173 3174 3175 3176 3177 3178 3179 3180 3181 3182 3183 3184 3185 3186 3187 3188
###fch 3200 3201 3202 3203 3204 3205 3206 3207 3208 3209 3210 3211 3212 3213 3214 3215 3216 3217 3218 3219 3220 3221 3222 3223 3224 3225 3226 3227 3228 3189 3190 3191 3192 3193 3194 3195 3196 3197 3198 3199
###fch 3229 3230 3231 3232 3233 3234 3235 3236 3237 3238 3239 3240 3241 3242 3243 3244 3245 3246 3247 3248 3249 3250 3251 3252 3253 3254 3255 3256 3257 3258 3259 3260 3261 3262 3263 3264 3265 3266 3267 3268 3269 3270 3271 3272 3273 3274 3275 3276 3277 3278 3279 3280 3281 3282 3283 3284 3285
###fch 3286 3287
###fch 3288 3289
###fch 3328 3329 3330 3331 3332 3333 3334 3335 3336 3337 3338 3339 3340 3341 3342 3343 3344 3345 3346 3347 3348 3349 3310 3311 3312 3313 3314 3315 3316 3317 3318 3319 3320 3321 3322 3323 3324 3325 3326 3327
###fch 3350 3351 3352 3353 3354 3355 3356 3357 3358 3359 3360 3361 3362 3363 3364 3365 3366 3367 3368 3369 3370 3371 3372 3373 3374 3375 3376 3377 3378 3379 3380 3381 3382 3383 3384 3385 3386 3387 3388 3389 3390 3391 3392 3393 3394 3395 3396 3397 3398 3399 3400 3401 3402 3403 3404 3405 3406
###fch 3407 3408 3409 3410 3411 3412 3413 3414 3415 3416 3417 3418 3419 3420 3421 3422 3423 3424 3425 3426 3427 3428 3429 3430 3431 3432 3433 3434 3435 3436 3437 3438 3439 3440 3441 3442 3443 3444 3445 3446
###fch 3456 3457 3458 3459 3460 3461 3462 3463 3464 3465 3466 3467 3468 3469 3470 3471 3472 3473 3474 3475 3476 3477 3478 3479 3480 3481 3482 3483 3484 3485 3486 3487 3488 3489 3490 3491 3492 3493 3494 3495 3496 3497 3498 3499 3500 3501 3502 3503 3447 3448 3449 3450 3451 3452 3453 3454 3455
###fch 3504 3505
###fch 3506 3507
###fch 3508 3509 3510 3511 3512 3513 3514 3515 3516 3517 3518 3519 3520 3521 3522 3523 3524 3525 3526 3527 3528 3529 3530 3531 3532 3533 3534 3535 3536 3537 3538 3539 3540 3541
###fch 3584 3585 3586 3587 3588 3589 3590 3591 3592 3593 3594 3595 3596 3597 3598 3599 3600 3601 3602 3603 3604 3605 3606 3607 3608 3609 3610 3611 3612 3613 3614 3615 3616 3617 3618 3619 3620 3621 3622 3623 3624 3625 3626 3627 3628 3629 3630 3631 3632 3633 3634 3635 3636 3637 3638 3639 3640 3641 3642 3643 3644 3645 3646 3647 3648 3649 3650 3651 3652 3653 3654 3655 3656 3657 3658 3659 3660 3661 3662 3663 3664 3665 3666 3667 3668 3669 3670 3671 3672 3673 3674 3675 3676 3677 3678 3679 3680 3681 3682 3683 3684 3685 3686 3687 3688 3689 3690 3691 3692 3693 3694 3695 3696 3697 3698 3699 3700 3701 3702 3703 3704 3705 3706 3707 3542 3543 3544 3545 3546 3547 3548 3549 3550 3551 3552 3553 3554 3555 3556 3557 3558 3559 3560 3561 3562 3563 3564 3565 3566 3567 3568 3569 3570 3571 3572 3573 3574 3575 3576 3577 3578 3579 3580 3581 3582 3583
###fch 3708 3709 3710 3711 3712 3713 3714 3715 3716 3717 3718 3719 3720 3721 3722 3723 3724 3725 3726 3727 3728 3729 3730 3731 3732 3733 3734 3735 3736 3737 3738 3739 3740 3741 3742 3743 3744 3745 3746 3747 3748 3749 3750 3751 3752 3753 3754 3755 3756 3757 3758 3759 3760 3761 3762 3763 3764 3765 3766 3767 3768 3769 3770 3771 3772 3773 3774 3775 3776 3777 3778 3779 3780 3781 3782 3783 3784 3785 3786 3787 3788 3789 3790 3791 3792 3793 3794 3795 3796 3797 3798 3799 3800 3801 3802 3803 3804 3805 3806 3807 3808 3809 3810 3811 3812 3813 3814 3815 3816 3817 3818 3819 3820 3821 3822 3823 3824 3825 3826 3827 3828 3829 3830 3831 3832 3833 3834 3835 3836 3837 3838 3839 3840 3841 3842 3843 3844 3845 3846 3847 3848 3849 3850 3851 3852 3853 3854 3855 3856 3857 3858 3859 3860 3861 3862 3863 3864 3865 3866 3867 3868 3869 3870 3871 3872 3873 3874 3875 3876 3877 3878 3879 3880 3881 3882 3883 3884 3885 3886 3887 3888 3889 3890 3891 3892 3893 3894 3895 3896 3897 3898 3899 3900 3901 3902 3903 3904 3905 3906 3907 3908 3909 3910 3911 3912 3913 3914 3915 3916 3917 3918 3919 3920 3921 3922 3923 3924 3925 3926 3927 3928 3929 3930 3931 3932 3933 3934 3935 3936 3937 3938 3939 3940 3941 3942 3943 3944 3945 3946 3947 3948 3949 3950 3951 3952 3953 3954 3955 3956 3957
###fch 4096 4097 4098 4099 4100 4101 4102 4103 4104 4105 4106 4107 4108 4109 4110 4111 4112 4113 4114 4115 4116 4117 4118 4119 4120 4121 4122 4123 4124 4125 4126 4127 4128 4129 4130 4131 4132 4133 4134 4135 4136 4137 4138 4139 4140 4141 4142 4143 4144 4145 4146 4147 4148 4149 4150 3958 3959 3960 3961 3962 3963 3964 3965 3966 3967 3968 3969 3970 3971 3972 3973 3974 3975 3976 3977 3978 3979 3980 3981 3982 3983 3984 3985 3986 3987 3988 3989 3990 3991 3992 3993 3994 3995 3996 3997 3998 3999 4000 4001 4002 4003 4004 4005 4006 4007 4008 4009 4010 4011 4012 4013 4014 4015 4016 4017 4018 4019 4020 4021 4022 4023 4024 4025 4026 4027 4028 4029 4030 4031 4032 4033 4034 4035 4036 4037 4038 4039 4040 4041 4042 4043 4044 4045 4046 4047 4048 4049 4050 4051 4052 4053 4054 4055 4056 4057 4058 4059 4060 4061 4062 4063 4064 4065 4066 4067 4068 4069 4070 4071 4072 4073 4074 4075 4076 4077 4078 4079 4080 4081 4082 4083 4084 4085 4086 4087 4088 4089 4090 4091 4092 4093 4094 4095
###fch 4151 4152 4153 4154 4155 4156 4157 4158 4159 4160 4161 4162 4163 4164 4165 4166 4167 4168 4169 4170 4171 4172 4173 4174 4175 4176 4177 4178 4179 4180 4181 4182 4183 4184 4185 4186 4187 4188 4189 4190 4191 4192 4193 4194 4195 4196 4197 4198 4199 4200 4201 4202 4203 4204 4205 4206 4207 4208 4209 4210 4211 4212 4213 4214 4215 4216 4217 4218 4219 4220 4221 4222 4223 4224 4225 4226 4227 4228 4229 4230 4231 4232 4233 4234 4235 4236 4237 4238 4239 4240 4241 4242 4243 4244 4245 4246 4247 4248 4249 4250 4251
###fch 3072 3073 3074 3075 3076 3077 3078 3079 3080 3081 3082 3083 3084 4365 4366 4367 4368 3085 3086 3087 3088 3089 3090 3091
###fch 4352 4353 4354 4355 4356 4357 4358 4359 4360 4361 4362 4363 4364 4369 4370 4371 4252 4253 4254 4255 4256 4257 4258 4259 4260 4261 4262 4263 4264 4265 4266 4267 4268 4269 4270 4271 4272 4273 4274 4275 4276 4277 4278 4279 4280 4281 4282 4283 4284 4285 4286 4287 4288 4289 4290 4291 4292 4293 4294 4295 4296 4297 4298 4299 4300 4301 4302 4303 4304 4305 4306 4307 4308 4309 4310 4311 4312 4313 4314 4315 4316 4317 4318 4319 4320 4321 4322 4323 4324 4325 4326 4327 4328 4329 4330 4331 4332 4333 4334 4335 4336 4337 4338 4339 4340 4341 4342 4343 4344 4345 4346 4347 4348 4349 4350 4351
###fch 4372 4373 4374 4375 4376 4377 4378 4379 4380 4381 4382 4383 4384 4385 4386 4387 4388 4389 4390 4391 4392 4393 4394 4395 4396 4397 4398 4399 4400 4401 4402 4403 4404 4405 4406 4407 4408 4409 4410 4411 4412 4413 4414 4415 4416 4417 4418 4419 4420 4421 4422 4423 4424 4425 4426 4427 4428 4429 4430 4431 4432 4433 4434 4435 4436 4437 4438 4439 4440 4441 4442 4443 4444 4445 4446 4447 4448 4449 4450 4451 4452 4453 4454 4455 4456 4457 4458 4459 4460 4461 4462 4463 4464 4465 4466 4467 4468 4469 4470 4471 4472
###fch 3290 3291 3292 3293 3294 3295 3296 3297 3298 3299 3300 3301 3302 3303 3304 3305 4586 4587 4588 4589 3306 3307 3308 3309
###fch 4473 4474 4475 4476 4477 4478 4479 4480 4481 4482 4483 4484 4485 4486 4487 4488 4489 4490 4491 4492 4493 4494 4495 4496 4497 4498 4499 4500 4501 4502 4503 4504 4505 4506 4507 4508 4509 4510 4511 4512 4513 4514 4515 4516 4517 4518 4519 4520 4521 4522 4523 4524 4525 4526 4527 4528 4529 4530 4531 4532 4533 4534 4535 4536 4537 4538 4539 4540 4541 4542 4543 4544 4545 4546 4547 4548 4549 4550 4551 4552 4553 4554 4555 4556 4557 4558 4559 4560 4561 4562 4563 4564 4565 4566 4567 4568 4569 4570 4571 4572 4573 4574 4575 4576 4577 4578 4579 4580 4581 4582 4583 4584 4585 4590 4591 4592
###fch 4608 4609 4610 4611 4612 4613 4614 4615 4616 4617 4618 4619 4620 4621 4622 4623 4624 4625 4626 4593 4594 4595 4596 4597 4598 4599 4600 4601 4602 4603 4604 4605 4606 4607
###fch 4627 4628 4629 4630 4631 4632 4633 4634 4635 4636 4637 4638 4639 4640 4641 4642 4643 4644 4645 4646 4647 4648 4649 4650 4651 4652 4653 4654 4655 4656 4657 4658 4659 4660 4661 4662 4663 4664 4665 4666 4667 4668 4669 4670 4671 4672 4673 4674 4675 4676 4677 4678 4679 4680 4681 4682 4683 4684 4685 4686 4687 4688 4689 4690 4691 4692 4693 4694 4695 4696 4697 4698 4699 4700 4701 4702 4703 4704 4705 4706 4707 4708 4709 4710 4711 4712 4713 4714
###fch 4736 4715 4716 4717 4718 4719 4720 4721 4722 4723 4724 4725 4726 4727 4728 4729 4730 4731 4732 4733 4734 4735
###fch 4737 4738 4739 4740 4741 4742 4743 4744 4745 4746 4747 4748 4749 4750 4751 4752 4753 4754 4755 4756 4757 4758 4759 4760 4761 4762 4763 4764 4765 4766 4767 4768 4769 4770 4771 4772 4773 4774 4775 4776 4777 4778 4779 4780 4781 4782 4783 4784 4785 4786 4787 4788 4789 4790 4791 4792 4793 4794 4795 4796 4797 4798 4799 4800 4801 4802 4803 4804 4805 4806 4807 4808 4809 4810 4811 4812 4813 4814 4815 4816 4817 4818 4819 4820 4821 4822 4823 4824
###fch 4825 4826 4827 4828 4829 4830 4831 4832 4833 4834 4835 4836 4837 4838 4839 4840 4841 4842 4843 4844 4845 4846
###fch 4864 4865 4866 4867 4868 4869 4870 4871 4872 4873 4874 4875 4876 4877 4878 4879 4880 4881 4882 4883 4884 4885 4886 4887 4888 4889 4890 4891 4892 4893 4894 4895 4896 4897 4898 4899 4900 4901 4902 4903 4904 4905 4906 4907 4908 4909 4910 4911 4912 4913 4914 4915 4916 4917 4918 4847 4848 4849 4850 4851 4852 4853 4854 4855 4856 4857 4858 4859 4860 4861 4862 4863
###fch 4919 4920 4921 4922 4923 4924 4925 4926 4927 4928 4929 4930 4931 4932 4933 4934 4935 4936 4937 4938 4939 4940 4941 4942 4943 4944 4945 4946 4947 4948 4949 4950 4951 4952 4953 4954 4955 4956 4957 4958 4959 4960 4961 4962 4963 4964 4965 4966 4967 4968 4969 4970 4971 4972 4973 4974 4975 4976 4977 4978 4979 4980 4981 4982 4983 4984 4985 4986 4987 4988 4989 4990
###fch 4991 4992 4993 4994 4995 4996 4997 4998 4999 5000 5001 5002 5003 5004 5005 5006 5007 5008 5009 5010 5011 5012 5013 5014 5015 5016 5017 5018 5019 5020 5021 5022 5023 5024 5025 5026 5027 5028 5029 5030 5031 5032 5033 5034 5035 5036 5037 5038 5039 5040 5041 5042 5043 5044 5045 5046 5047 5048 5049 5050 5051 5052 5053 5054 5055 5056 5057 5058 5059 5060 5061 5062 5063 5064 5065 5066 5067 5068 5069 5070 5071
###cch 13 83 81 79 77 75 73 71 69 67 65 63 61 59 57 55 53 51 49 47 45 43 41 39 37 35 33 31 29 27 25 23 21 19 17 15
###cch 253 323 321 319 317 315 313 311 309 307 305 303 301 299 297 295 293 291 289 287 285 283 281 279 277 275 273 271 269 267 265 263 261 259 257 255
###cch 373 443 441 439 437 435 433 431 429 427 425 423 421 419 417 415 413 411 409 407 405 403 401 399 397 395 393 391 389 387 385 383 381 379 377 375
###cch 493 495 497 499 501 503 505 507 509 511 513 515 517 519 521 523 525 527 529 531 533 535 537 539 541 543 545 547 549 551 553 555 557 559 561 563
###cch 1706 2328 2329 2330 2331 2332 2333 2334 2335 2336 2337 2338 2302 2304 2306 2308 2310 2312 2314 2316
###cch 1707 2327 2326 2325 2324 2323 2322 2321 2320 2319 2318 2317 2298 2296 2294 2292 2290 2288 2285 2284
###cch 1725 1729 1731 1733 1735 1737 1739 1741 1743 1745 1747 1749 1751 1753 1755 1757 1759 1761 1763
###cch 1767 1771 1773 1775 1777 1779 1781 1783 1785 1787 1789 1791 1793 1795 1797 1799 1801 1803 1805
###cch 1808 2400 2401 2402 2403 2404 2405 2406 2407 2408 2409 2410 2374 2376 2378 2380 2382 2384 2386 2388
###cch 1809 2399 2398 2397 2396 2395 2394 2393 2392 2391 2390 2389 2370 2368 2366 2364 2362 2360 2357 2356
###cch 1827 1831 1833 1835 1837 1839 1841 1843 1845 1847 1849 1851 1853 1855 1857 1859 1861 1863 1865
###cch 1869 1873 1875 1877 1879 1881 1883 1885 1887 1889 1891 1893 1895 1897 1899 1901 1903 1905 1907
###cch 2286 2287 2289 2291 2293 2295 2297 2299 2300 2301 2303 2305 2307 2309 2311 2313 2315 2316
###cch 2358 2359 2361 2363 2365 2367 2369 2371 2372 2373 2375 2377 2379 2381 2383 2385 2387 2388
###cch 12 82 80 78 76 74 72 70 68 66 64 62 60 58 56 54 52 50 48 46 44 42 40 38 36 34 32 30 28 26 24 22 20 18 16 14
###cch 252 322 320 318 316 314 312 310 308 306 304 302 300 298 296 294 292 290 288 286 284 282 280 278 276 274 272 270 268 266 264 262 260 258 256 254
###cch 372 442 440 438 436 434 432 430 428 426 424 422 420 418 416 414 412 410 408 406 404 402 400 398 396 394 392 390 388 386 384 382 380 378 376 374
###cch 492 562 560 558 556 554 552 550 548 546 544 542 540 538 536 534 532 530 528 526 524 522 520 518 516 514 512 510 508 506 504 502 500 498 496 494
###cch 84 119 118 117 116 115 114 113 112 111 110 109 108 107 106 105 104 103 102 101 100 99 98 97 96 95 94 93 92 91 90 89 88 87 86 85
###cch 324 325 326 327 328 329 330 331 332 333 334 335 336 337 338 339 340 341 342 343 344 345 346 347 348 349 350 351 352 353 354 355 356 357 358 359
###cch 444 445 446 447 448 449 450 451 452 453 454 455 456 457 458 459 460 461 462 463 464 465 466 467 468 469 470 471 472 473 474 475 476 477 478 479
###cch 564 566 568 570 572 574 576 578 580 582 584 586 588 590 592 594 596 598
###cch 573 575 577 579 581 583 585 587 589 591 593 595 597 599 565 567 569 571
###cch 970 1040 1038 1036 1034 1032 1030 1028 1026 1024 1022 1020 1018 1016 1014 1012 1010 1008 1006 1004 1002 1000 998 996 994 992 990 988 986 984 982 980 978 976 974 972
###cch 1115 1185 1183 1181 1179 1177 1175 1173 1171 1169 1167 1165 1163 1161 1159 1157 1155 1153 1151 1149 1147 1145 1143 1141 1139 1137 1135 1133 1131 1129 1127 1125 1123 1121 1119 1117
###cch 1471 1541 1539 1537 1535 1533 1531 1529 1527 1525 1523 1521 1519 1517 1515 1513 1511 1509 1507 1505 1503 1501 1499 1497 1495 1493 1491 1489 1487 1485 1483 1481 1479 1477 1475 1473
###cch 1616 1686 1684 1682 1680 1678 1676 1674 1672 1670 1668 1666 1664 1662 1660 1658 1656 1654 1652 1650 1648 1646 1644 1642 1640 1638 1636 1634 1632 1630 1628 1626 1624 1622 1620 1618
###cch 1727 1728 1730 1732 1734 1736 1738 1740 1742 1744 1746 1748 1750 1752 1754 1756 1758 1760 1762
###cch 1769 1770 1772 1774 1776 1778 1780 1782 1784 1786 1788 1790 1792 1794 1796 1798 1800 1802 1804
###cch 1829 1830 1832 1834 1836 1838 1840 1842 1844 1846 1848 1850 1852 1854 1856 1858 1860 1862 1864
###cch 1871 1872 1874 1876 1878 1880 1882 1884 1886 1888 1890 1892 1894 1896 1898 1900 1902 1904 1906
###cch 133 203 201 199 197 195 193 191 189 187 185 183 181 179 177 175 173 171 169 167 165 163 161 159 157 155 153 151 149 147 145 143 141 139 137 135
###cch 613 683 681 679 677 675 673 671 669 667 665 663 661 659 657 655 653 651 649 647 645 643 641 639 637 635 633 631 629 627 625 623 621 619 617 615
###cch 2343 2346 2347 2348 2349
###cch 2415 2418 2419 2420 2421
###cch 2450 2482 2480 2478 2476 2474 2472 2470 2468 2466 2464 2462 2460 2458 2456 2454 2452 2428 2430
###cch 2485 2537 2535 2533 2531 2529 2527 2525 2523 2521 2519 2517 2515 2513 2511 2509 2507 2505 2503
###cch 132 202 200 198 196 194 192 190 188 186 184 182 180 178 176 174 172 170 168 166 164 162 160 158 156 154 152 150 148 146 144 142 140 138 136 134
###cch 612 682 680 678 676 674 672 670 668 666 664 662 660 658 656 654 652 650 648 646 644 642 640 638 636 634 632 630 628 626 624 622 620 618 616 614
###cch 204 205 206 207 208 209 210 211 212 213 214 215 216 217 218 219 220 221 222 223 224 225 226 227 228 229 230 231 232 233 234 235 236 237 238 239
###cch 684 685 686 687 688 689 690 691 692 693 694 695 696 697 698 699 700 701 702 703 704 705 706 707 708 709 710 711 712 713 714 715 716 717 718 719
###cch 2429 2431 2432 2433 2434 2435 2436 2437 2438 2439 2440 2441 2442 2443 2444 2445 2446 2447 2448 2449 2481 2479 2477 2475 2473 2471 2469 2467 2465 2463 2461 2459 2457 2455 2453 2451
###cch 2483 2484 2536 2534 2532 2530 2528 2526 2524 2522 2520 2518 2516 2514 2512 2510 2508 2506 2504 2502 2501 2500 2499 2498 2497 2496 2495 2494 2493 2492 2491 2490 2489 2488 2487 2486
###cch 723 726 728 730
###cch 724 725 727 729
###cch 1194 1195 1196 1197
###cch 1209 1212 1211 1210
###cch 1224 1227 1229 1231
###cch 1225 1226 1228 1230
###cch 1695 1696 1697 1698
###cch 1702 1705 1704 1703
###cch 731 733 734 735 737 739 745 747 749 750 751
###cch 732 736 738 740 741 742 743 744 746 748
###cch 1232 1234 1235 1236 1238 1240 1246 1248 1250 1251 1252
###cch 1233 1237 1239 1241 1242 1243 1244 1245 1247 1249
###cch 896 900 899 902 901 904 903 906 905 908 907 910 909 912 911 914 913 916 915 918 917 920 919 922 921 924 923 926 925 928 927 930 929 932 931 898
###cch 1041 1045 1044 1047 1046 1049 1048 1051 1050 1053 1052 1055 1054 1057 1056 1059 1058 1061 1060 1063 1062 1065 1064 1067 1066 1069 1068 1071 1070 1073 1072 1075 1074 1077 1076 1043
###cch 1397 1401 1400 1403 1402 1405 1404 1407 1406 1409 1408 1411 1410 1413 1412 1415 1414 1417 1416 1419 1418 1421 1420 1423 1422 1425 1424 1427 1426 1429 1428 1431 1430 1433 1432 1399
###cch 1542 1546 1545 1548 1547 1550 1549 1552 1551 1554 1553 1556 1555 1558 1557 1560 1559 1562 1561 1564 1563 1566 1565 1568 1567 1570 1569 1572 1571 1574 1573 1576 1575 1578 1577 1544
###cch 933 968 967 966 965 964 963 962 961 960 959 958 957 956 955 954 953 952 951 950 949 948 947 946 945 944 943 942 941 940 939 938 937 936 935 934
###cch 1078 1079 1080 1081 1082 1083 1084 1085 1086 1087 1088 1089 1090 1091 1092 1093 1094 1095 1096 1097 1098 1099 1100 1101 1102 1103 1104 1105 1106 1107 1108 1109 1110 1111 1112 1113
###cch 1434 1469 1468 1467 1466 1465 1464 1463 1462 1461 1460 1459 1458 1457 1456 1455 1454 1453 1452 1451 1450 1449 1448 1447 1446 1445 1444 1443 1442 1441 1440 1439 1438 1437 1436 1435
###cch 1579 1580 1581 1582 1583 1584 1585 1586 1587 1588 1589 1590 1591 1592 1593 1594 1595 1596 1597 1598 1599 1600 1601 1602 1603 1604 1605 1606 1607 1608 1609 1610 1611 1612 1613 1614
###cch 969 1039 1037 1035 1033 1031 1029 1027 1025 1023 1021 1019 1017 1015 1013 1011 1009 1007 1005 1003 1001 999 997 995 993 991 989 987 985 983 981 979 977 975 973 971
###cch 1114 1184 1182 1180 1178 1176 1174 1172 1170 1168 1166 1164 1162 1160 1158 1156 1154 1152 1150 1148 1146 1144 1142 1140 1138 1136 1134 1132 1130 1128 1126 1124 1122 1120 1118 1116
###cch 1187 1193 1192 1191 1190 1189
###cch 1470 1540 1538 1536 1534 1532 1530 1528 1526 1524 1522 1520 1518 1516 1514 1512 1510 1508 1506 1504 1502 1500 1498 1496 1494 1492 1490 1488 1486 1484 1482 1480 1478 1476 1474 1472
###cch 1615 1685 1683 1681 1679 1677 1675 1673 1671 1669 1667 1665 1663 1661 1659 1657 1655 1653 1651 1649 1647 1645 1643 1641 1639 1637 1635 1633 1631 1629 1627 1625 1623 1621 1619 1617
###cch 1688 1694 1693 1692 1691 1690
###cch 1720 2183 2182 2181 2185 2187 2189 2191 2193 2195 2197 2199 2201 2203 2205 2207 2209 2211 2213 2215 2217 2219 2221 2223 2225 2227 2228 2230 2232 2234 2236 2238 2240 2242 2244 2246 2248 2250 2252 2254 2256 2258 2260 2262 2264 2266 2268 2270 2272 2273 1721
###cch 1822 2076 2077 2078 2081 2083 2085 2087 2089 2091 2093 2095 2097 2099 2101 2103 2105 2107 2109 2111 2113 2115 2117 2119 2121 2123 2124 2126 2128 2130 2132 2134 2136 2138 2140 2142 2144 2146 2148 2150 2152 2154 2156 2158 2160 2162 2164 2166 2168 2169 1823
###cch 1910 1912 1914 1916 1918 1920 1922 1924 1926 1928 1930 1932 1934 1936 1938 1940 1942 1944 1946 1948 1950 1952 1954 1956 1958 1960 1962 1964 1966 1968 1970 1972 1974 1976 1978 1980 1982 1984 1986 1988 1990 1992 1994 1996 1998 2000 2002 2004 2006 2008 2010 2012 2014 2016 2018 2020 2022 2024 2026 2028 2030 2032 2034 2036 2038 2040 2042 2044 2046 2048 2050 2052 2054 2056 2058 2060 2062 2064 2066 2068 2070 2072 2074
###cch 2079 2283 2282 2281 2280 2279 2278 2277 2276 2275 2274 2271 2269 2267 2265 2263 2261 2259 2257 2255 2253 2251 2249 2247 2245 2243 2241 2239 2237 2235 2233 2231 2229 2226 2224 2222 2220 2218 2216 2214 2212 2210 2208 2206 2204 2202 2200 2198 2196 2194 2192 2190 2188 2186 2184 2180 2179 2178 2177 2176 2175 2174 2173 2172 2171 2170 2167 2165 2163 2161 2159 2157 2155 2153 2151 2149 2147 2145 2143 2141 2139 2137 2135 2133 2131 2129 2127 2125 2122 2120 2118 2116 2114 2112 2110 2108 2106 2104 2102 2100 2098 2096 2094 2092 2090 2088 2086 2084 2082 2080
###cch 1911 1913 1915 1917 1919 1921 1923 1925 1927 1929 1931 1933 1935 1937 1939 1941 1943 1945 1947 1949 1951 1953 1955 1957 1959 1961 1963 1965 1967 1969 1971 1973 1975 1977 1979 1981 1983 1985 1987 1989 1991 1993 1995 1997 1999 2001 2003 2005 2007 2009 2011 2013 2015 2017 2019 2021 2023 2025 2027 2029 2031 2033 2035 2037 2039 2041 2043 2045 2047 2049 2051 2053 2055 2057 2059 2061 2063 2065 2067 2069 2071 2073 2075
